{"type":"FeatureCollection","features":[{"type":"Feature","properties":{"id":"0401301001"},"geometry":{"type":"Polygon","coordinates":[[[-2.46696,36.83864],[-2.46686,36.83954],[-2.46728,36.83967],[-2.46768,36.83967],[-2.46786,36.83976],[-2.46793,36.84018],[-2.46884,36.83997],[-2.46883,36.83913],[-2.47054,36.83867],[-2.47139,36.83866],[-2.47179,36.83951],[-2.47212,36.83953],[-2.47204,36.83978],[-2.47071,36.83982],[-2.47025,36.83992],[-2.47142,36.84009],[-2.47363,36.84101],[-2.47413,36.84128],[-2.47415,36.84143],[-2.47329,36.84172],[-2.47258,36.84174],[-2.47144,36.84142],[-2.47109,36.84209],[-2.4691,36.84306],[-2.46542,36.84224],[-2.4646,36.84177],[-2.46613,36.84058],[-2.4655,36.83943],[-2.46561,36.83879],[-2.46556,36.83819],[-2.46688,36.8385],[-2.46696,36.83864]]]}},{"type":"Feature","properties":{"id":"0401301003"},"geometry":{"type":"Polygon","coordinates":[[[-2.46696,36.83864],[-2.46733,36.83874],[-2.4674,36.83856],[-2.46771,36.83865],[-2.46781,36.83835],[-2.46833,36.83837],[-2.46835,36.83856],[-2.46888,36.8386],[-2.46906,36.83744],[-2.46918,36.83722],[-2.46914,36.83745],[-2.47133,36.8381],[-2.47123,36.83832],[-2.47139,36.83866],[-2.47054,36.83867],[-2.46883,36.83913],[-2.46884,36.83997],[-2.46793,36.84018],[-2.46786,36.83976],[-2.46768,36.83967],[-2.46728,36.83967],[-2.46686,36.83954],[-2.46696,36.83864]]]}},{"type":"Feature","properties":{"id":"0401302001"},"geometry":{"type":"Polygon","coordinates":[[[-2.46696,36.83864],[-2.46688,36.8385],[-2.46556,36.83818],[-2.46588,36.83729],[-2.46677,36.83605],[-2.46924,36.83688],[-2.46888,36.8386],[-2.46835,36.83856],[-2.46833,36.83837],[-2.46781,36.83835],[-2.46771,36.83865],[-2.4674,36.83856],[-2.46733,36.83874],[-2.46696,36.83864]]]}},{"type":"Feature","properties":{"id":"0401302002"},"geometry":{"type":"Polygon","coordinates":[[[-2.4646,36.84177],[-2.46443,36.84167],[-2.46433,36.84172],[-2.46395,36.84131],[-2.46386,36.84133],[-2.46311,36.83691],[-2.46431,36.83679],[-2.46588,36.83729],[-2.46556,36.83818],[-2.46561,36.83879],[-2.46548,36.83924],[-2.46613,36.84058],[-2.4646,36.84177]]]}},{"type":"Feature","properties":{"id":"0401302004"},"geometry":{"type":"Polygon","coordinates":[[[-2.45976,36.83917],[-2.46039,36.83822],[-2.46133,36.83864],[-2.46129,36.83871],[-2.46338,36.8385],[-2.46386,36.84133],[-2.46356,36.84141],[-2.45976,36.83917]]]}},{"type":"Feature","properties":{"id":"0401302005"},"geometry":{"type":"Polygon","coordinates":[[[-2.46039,36.83822],[-2.46189,36.8359],[-2.46246,36.83508],[-2.4626,36.8354],[-2.46294,36.83543],[-2.46338,36.8385],[-2.46129,36.83871],[-2.46133,36.83864],[-2.46039,36.83822]]]}},{"type":"Feature","properties":{"id":"0401302006"},"geometry":{"type":"Polygon","coordinates":[[[-2.46311,36.83691],[-2.46294,36.83543],[-2.4626,36.8354],[-2.46246,36.83508],[-2.46338,36.83374],[-2.46705,36.83573],[-2.46588,36.83729],[-2.46431,36.83679],[-2.46311,36.83691]]]}},{"type":"Feature","properties":{"id":"0401303001"},"geometry":{"type":"Polygon","coordinates":[[[-2.47141,36.83871],[-2.47123,36.83832],[-2.47133,36.8381],[-2.46914,36.83745],[-2.46924,36.83688],[-2.46677,36.83605],[-2.46705,36.83573],[-2.46338,36.83374],[-2.46323,36.83395],[-2.46226,36.83359],[-2.46251,36.83315],[-2.46362,36.83207],[-2.46424,36.83205],[-2.4655,36.83168],[-2.46677,36.8302],[-2.46722,36.83026],[-2.46729,36.8305],[-2.46505,36.8331],[-2.46517,36.83351],[-2.46852,36.83533],[-2.46865,36.83518],[-2.46858,36.83513],[-2.46896,36.8347],[-2.46934,36.83482],[-2.46922,36.83507],[-2.47368,36.83643],[-2.47289,36.83826],[-2.47141,36.83871]]]}},{"type":"Feature","properties":{"id":"0401303002"},"geometry":{"type":"Polygon","coordinates":[[[-2.47212,36.83953],[-2.47234,36.83954],[-2.47511,36.83887],[-2.47519,36.83929],[-2.47548,36.83938],[-2.47568,36.84056],[-2.47539,36.84056],[-2.47259,36.83984],[-2.47254,36.8402],[-2.47267,36.84036],[-2.47257,36.84056],[-2.47142,36.84009],[-2.47025,36.83992],[-2.47071,36.83982],[-2.47204,36.83978],[-2.47212,36.83953]]]}},{"type":"Feature","properties":{"id":"0401303003"},"geometry":{"type":"Polygon","coordinates":[[[-2.50728,36.88737],[-2.50743,36.88556],[-2.5073,36.88439],[-2.50828,36.8837],[-2.50866,36.88305],[-2.50939,36.88242],[-2.50913,36.88163],[-2.50906,36.88074],[-2.50791,36.8796],[-2.50784,36.87941],[-2.5083,36.87894],[-2.50789,36.87858],[-2.50786,36.8782],[-2.50835,36.87817],[-2.50988,36.87836],[-2.5102,36.87816],[-2.51011,36.87777],[-2.50968,36.87724],[-2.50953,36.87714],[-2.50903,36.87709],[-2.50911,36.87655],[-2.50904,36.8762],[-2.50875,36.87567],[-2.50842,36.87535],[-2.50786,36.87502],[-2.50797,36.87447],[-2.507,36.87403],[-2.50673,36.87372],[-2.50688,36.8734],[-2.50759,36.87333],[-2.50887,36.87301],[-2.50917,36.8731],[-2.50959,36.87286],[-2.51136,36.87237],[-2.5123,36.87156],[-2.5124,36.8713],[-2.51182,36.87056],[-2.51193,36.87024],[-2.51269,36.86971],[-2.51282,36.86942],[-2.51355,36.86897],[-2.51361,36.86872],[-2.51312,36.86746],[-2.51308,36.86699],[-2.51319,36.86686],[-2.51377,36.8668],[-2.51441,36.8669],[-2.51551,36.8669],[-2.516,36.86679],[-2.51682,36.8662],[-2.51671,36.86585],[-2.51586,36.8646],[-2.5159,36.8645],[-2.5166,36.86451],[-2.51684,36.86442],[-2.51697,36.86347],[-2.51766,36.8622],[-2.51748,36.86191],[-2.51698,36.86178],[-2.51608,36.86198],[-2.51503,36.86192],[-2.51355,36.86139],[-2.51318,36.86139],[-2.51288,36.86144],[-2.51245,36.86184],[-2.51198,36.86204],[-2.51164,36.86204],[-2.51096,36.86185],[-2.51037,36.86184],[-2.51023,36.86208],[-2.51057,36.86251],[-2.51012,36.86288],[-2.50973,36.8629],[-2.50931,36.86279],[-2.50899,36.8626],[-2.50823,36.86193],[-2.50617,36.86115],[-2.50559,36.86107],[-2.50543,36.86084],[-2.50526,36.86077],[-2.5051,36.86081],[-2.50494,36.86101],[-2.50476,36.86103],[-2.50416,36.8606],[-2.50317,36.86014],[-2.50122,36.85887],[-2.49949,36.85804],[-2.4991,36.85777],[-2.49868,36.85731],[-2.49716,36.85615],[-2.49551,36.85396],[-2.49463,36.85393],[-2.49393,36.8541],[-2.49334,36.85412],[-2.49271,36.85399],[-2.49228,36.8538],[-2.49114,36.85298],[-2.48733,36.85128],[-2.48674,36.85113],[-2.48546,36.85105],[-2.48422,36.8506],[-2.48354,36.84987],[-2.48318,36.84965],[-2.48217,36.84934],[-2.48101,36.84853],[-2.47981,36.84837],[-2.47917,36.8482],[-2.4775,36.84718],[-2.47411,36.84574],[-2.47314,36.84502],[-2.47042,36.84359],[-2.4691,36.84306],[-2.47109,36.84209],[-2.47144,36.84142],[-2.47258,36.84174],[-2.47329,36.84172],[-2.47415,36.84143],[-2.47413,36.84128],[-2.47257,36.84056],[-2.47267,36.84036],[-2.47254,36.8402],[-2.47259,36.83984],[-2.47539,36.84056],[-2.47568,36.84056],[-2.4759,36.84134],[-2.47657,36.84166],[-2.47769,36.84004],[-2.47809,36.84019],[-2.47833,36.84035],[-2.479,36.84056],[-2.47903,36.84065],[-2.47862,36.841],[-2.47893,36.84134],[-2.47983,36.84201],[-2.48029,36.84305],[-2.48052,36.84319],[-2.48113,36.8433],[-2.483,36.8432],[-2.48337,36.84328],[-2.48377,36.84346],[-2.48463,36.84432],[-2.48489,36.84446],[-2.48598,36.84423],[-2.48685,36.84423],[-2.48736,36.84435],[-2.48807,36.84468],[-2.48859,36.84476],[-2.48898,36.8452],[-2.48946,36.84549],[-2.48962,36.84546],[-2.48986,36.84525],[-2.49013,36.8452],[-2.49133,36.84538],[-2.49192,36.84515],[-2.49286,36.84519],[-2.49392,36.84567],[-2.49567,36.8462],[-2.49724,36.84634],[-2.49789,36.84654],[-2.49872,36.84714],[-2.50004,36.84777],[-2.5019,36.84904],[-2.50281,36.85074],[-2.50336,36.85139],[-2.50387,36.85186],[-2.50477,36.85237],[-2.50581,36.85323],[-2.50719,36.85376],[-2.5098,36.85399],[-2.51119,36.8545],[-2.51215,36.85469],[-2.51362,36.85533],[-2.51515,36.85638],[-2.51594,36.85666],[-2.51684,36.85721],[-2.51706,36.85723],[-2.51774,36.85758],[-2.51803,36.85763],[-2.51862,36.85808],[-2.51884,36.85813],[-2.51916,36.85806],[-2.52004,36.85823],[-2.52024,36.85834],[-2.52114,36.85832],[-2.52178,36.8586],[-2.5235,36.85898],[-2.52412,36.85935],[-2.52473,36.85942],[-2.52525,36.85925],[-2.52654,36.85818],[-2.527,36.85792],[-2.5272,36.85791],[-2.5276,36.85813],[-2.52793,36.85799],[-2.52807,36.85769],[-2.5284,36.85746],[-2.5296,36.85734],[-2.53028,36.8566],[-2.53096,36.85606],[-2.53134,36.85607],[-2.53144,36.85625],[-2.53181,36.85623],[-2.53229,36.85642],[-2.53289,36.85633],[-2.53314,36.85639],[-2.53351,36.85628],[-2.53455,36.8571],[-2.53647,36.85788],[-2.53761,36.85796],[-2.53785,36.85781],[-2.53808,36.85796],[-2.53825,36.85766],[-2.53874,36.85785],[-2.5391,36.85758],[-2.54026,36.85798],[-2.54219,36.85805],[-2.54445,36.86329],[-2.53605,36.87105],[-2.53317,36.8821],[-2.53011,36.88364],[-2.52093,36.89508],[-2.51937,36.89464],[-2.51848,36.89416],[-2.51,36.8891],[-2.50728,36.88737]]]}},{"type":"Feature","properties":{"id":"0401303006"},"geometry":{"type":"Polygon","coordinates":[[[-2.47614,36.84146],[-2.47731,36.83849],[-2.47804,36.83869],[-2.47838,36.83899],[-2.47872,36.83907],[-2.47849,36.83936],[-2.47837,36.83933],[-2.47745,36.8403],[-2.47657,36.84166],[-2.47614,36.84146]]]}},{"type":"Feature","properties":{"id":"0401303007"},"geometry":{"type":"Polygon","coordinates":[[[-2.4759,36.84134],[-2.47548,36.83938],[-2.47598,36.83812],[-2.47731,36.83849],[-2.47614,36.84146],[-2.4759,36.84134]]]}},{"type":"Feature","properties":{"id":"0401303008"},"geometry":{"type":"Polygon","coordinates":[[[-2.47804,36.83869],[-2.47598,36.83812],[-2.47612,36.83745],[-2.476,36.83737],[-2.47621,36.83716],[-2.47599,36.83597],[-2.47608,36.83592],[-2.47646,36.83606],[-2.4766,36.83587],[-2.4765,36.83608],[-2.47675,36.83613],[-2.47672,36.8363],[-2.47679,36.83622],[-2.47691,36.83627],[-2.4768,36.8365],[-2.47701,36.83662],[-2.47852,36.83689],[-2.47911,36.83565],[-2.47702,36.83418],[-2.47681,36.83437],[-2.47165,36.83062],[-2.47172,36.83055],[-2.47179,36.8306],[-2.47215,36.83028],[-2.4682,36.82747],[-2.46392,36.82598],[-2.46409,36.82571],[-2.46427,36.82578],[-2.46456,36.8257],[-2.46865,36.82714],[-2.47318,36.83044],[-2.47586,36.83228],[-2.47686,36.83278],[-2.47965,36.83479],[-2.47931,36.83501],[-2.47957,36.83522],[-2.48007,36.83653],[-2.48005,36.83672],[-2.47992,36.83684],[-2.47919,36.83701],[-2.47906,36.8372],[-2.47884,36.8386],[-2.47864,36.83904],[-2.47838,36.83899],[-2.47804,36.83869]]]}},{"type":"Feature","properties":{"id":"0401303009"},"geometry":{"type":"Polygon","coordinates":[[[-2.47872,36.83907],[-2.47864,36.83904],[-2.47884,36.8386],[-2.47906,36.8372],[-2.47919,36.83701],[-2.47992,36.83684],[-2.48005,36.83672],[-2.48007,36.83653],[-2.47957,36.83522],[-2.47934,36.83499],[-2.47947,36.8351],[-2.4837,36.83299],[-2.48392,36.83323],[-2.47976,36.83528],[-2.48017,36.83556],[-2.48077,36.8358],[-2.48138,36.83589],[-2.48205,36.83586],[-2.48398,36.83461],[-2.48496,36.8344],[-2.48624,36.83386],[-2.48655,36.83342],[-2.48688,36.83229],[-2.4874,36.83137],[-2.48791,36.83081],[-2.48874,36.83051],[-2.48972,36.82908],[-2.4901,36.82901],[-2.49031,36.82885],[-2.49052,36.82842],[-2.49132,36.82781],[-2.49237,36.82776],[-2.49262,36.82782],[-2.4935,36.82814],[-2.49375,36.82846],[-2.49447,36.82835],[-2.49519,36.82804],[-2.49667,36.82716],[-2.4973,36.82694],[-2.49749,36.82677],[-2.49794,36.82672],[-2.49823,36.82655],[-2.49894,36.82647],[-2.49962,36.82617],[-2.50032,36.82571],[-2.50047,36.82551],[-2.50124,36.8255],[-2.50152,36.82535],[-2.50191,36.82488],[-2.50222,36.82476],[-2.50275,36.82469],[-2.5037,36.8248],[-2.50691,36.82424],[-2.50779,36.82425],[-2.50846,36.82431],[-2.50901,36.82458],[-2.50987,36.82483],[-2.51026,36.82486],[-2.5108,36.82509],[-2.51101,36.8253],[-2.51142,36.82483],[-2.51179,36.82475],[-2.51239,36.82485],[-2.51358,36.8248],[-2.51388,36.82493],[-2.51477,36.82493],[-2.51543,36.82521],[-2.51593,36.82519],[-2.51637,36.82511],[-2.51658,36.82493],[-2.51671,36.8244],[-2.51712,36.8242],[-2.51908,36.82414],[-2.51971,36.82422],[-2.52024,36.82462],[-2.52069,36.82466],[-2.52122,36.8249],[-2.52222,36.82492],[-2.52385,36.82476],[-2.52412,36.82465],[-2.52518,36.82452],[-2.52562,36.82555],[-2.52575,36.82565],[-2.52636,36.82581],[-2.52673,36.82625],[-2.52726,36.82654],[-2.52725,36.82667],[-2.52698,36.82689],[-2.52706,36.82701],[-2.52765,36.82718],[-2.52833,36.82759],[-2.52852,36.82792],[-2.52816,36.82824],[-2.52918,36.82865],[-2.52982,36.82997],[-2.53014,36.83098],[-2.53008,36.8324],[-2.53025,36.83319],[-2.52974,36.83266],[-2.52962,36.83217],[-2.52968,36.83154],[-2.52935,36.83148],[-2.52878,36.83164],[-2.52827,36.83201],[-2.52832,36.8323],[-2.52891,36.83286],[-2.52892,36.83303],[-2.52848,36.83328],[-2.52846,36.83341],[-2.52892,36.83378],[-2.52849,36.8338],[-2.52847,36.83393],[-2.52868,36.83434],[-2.52801,36.83394],[-2.52746,36.83308],[-2.52728,36.83305],[-2.52675,36.83269],[-2.52661,36.83268],[-2.52653,36.83277],[-2.52649,36.83286],[-2.52699,36.83335],[-2.52757,36.83475],[-2.52756,36.83495],[-2.52731,36.83516],[-2.52726,36.83539],[-2.52758,36.83591],[-2.52708,36.83595],[-2.52698,36.83612],[-2.52703,36.83657],[-2.52726,36.83692],[-2.52672,36.83661],[-2.52671,36.83586],[-2.52648,36.83548],[-2.52622,36.83559],[-2.52599,36.83631],[-2.5258,36.83649],[-2.52613,36.83692],[-2.52538,36.83671],[-2.52526,36.8368],[-2.52516,36.83716],[-2.52495,36.83716],[-2.52521,36.83652],[-2.52554,36.83622],[-2.52536,36.83535],[-2.52544,36.83518],[-2.52579,36.835],[-2.52587,36.8348],[-2.52569,36.83453],[-2.52526,36.83446],[-2.5249,36.8343],[-2.52368,36.83441],[-2.52414,36.83484],[-2.52385,36.83512],[-2.52401,36.83564],[-2.52342,36.8355],[-2.52334,36.83569],[-2.52284,36.83602],[-2.52266,36.83645],[-2.52268,36.83681],[-2.52234,36.83657],[-2.52244,36.83538],[-2.52196,36.83519],[-2.52164,36.83538],[-2.52143,36.83566],[-2.5214,36.83612],[-2.52177,36.83645],[-2.52174,36.83678],[-2.52196,36.83743],[-2.52154,36.8373],[-2.52135,36.83732],[-2.5211,36.8375],[-2.52078,36.83785],[-2.5207,36.83842],[-2.52076,36.83863],[-2.5214,36.83918],[-2.52176,36.83937],[-2.52211,36.83983],[-2.52269,36.8407],[-2.52292,36.84122],[-2.52289,36.8415],[-2.52275,36.84147],[-2.52255,36.84114],[-2.52227,36.84092],[-2.52209,36.841],[-2.522,36.84124],[-2.52191,36.8412],[-2.52185,36.84107],[-2.52194,36.84067],[-2.5216,36.84041],[-2.52148,36.83991],[-2.52087,36.83996],[-2.52071,36.83958],[-2.52048,36.8394],[-2.51995,36.83929],[-2.51933,36.83939],[-2.51898,36.83902],[-2.51845,36.83886],[-2.51808,36.83893],[-2.51777,36.83928],[-2.51735,36.83901],[-2.51726,36.83887],[-2.51731,36.83851],[-2.51798,36.83806],[-2.51793,36.83752],[-2.51848,36.83706],[-2.51852,36.83669],[-2.51831,36.83648],[-2.51886,36.83607],[-2.51884,36.83594],[-2.51849,36.83579],[-2.51805,36.83598],[-2.51811,36.83547],[-2.51775,36.83435],[-2.51739,36.83403],[-2.51715,36.83396],[-2.51608,36.83401],[-2.5153,36.83418],[-2.51455,36.83463],[-2.51432,36.83517],[-2.51436,36.83548],[-2.51426,36.83564],[-2.51381,36.83578],[-2.51378,36.83646],[-2.51389,36.83677],[-2.51341,36.83738],[-2.51339,36.83797],[-2.51386,36.83823],[-2.51393,36.83837],[-2.51351,36.83879],[-2.51356,36.83963],[-2.51324,36.84019],[-2.51309,36.84024],[-2.51303,36.84013],[-2.51271,36.84007],[-2.51252,36.84064],[-2.51177,36.84077],[-2.51179,36.84088],[-2.51218,36.84111],[-2.51216,36.84117],[-2.51188,36.84118],[-2.51154,36.84104],[-2.51151,36.84077],[-2.5109,36.84022],[-2.51102,36.84005],[-2.51125,36.84004],[-2.5116,36.84021],[-2.51198,36.84012],[-2.51196,36.83995],[-2.51238,36.83948],[-2.51227,36.83933],[-2.51189,36.83945],[-2.51176,36.83934],[-2.51207,36.83861],[-2.51158,36.83805],[-2.51139,36.83805],[-2.51076,36.83858],[-2.51031,36.83864],[-2.51008,36.83909],[-2.50985,36.83912],[-2.50961,36.83831],[-2.5094,36.83816],[-2.50812,36.83791],[-2.50738,36.838],[-2.50703,36.83827],[-2.5069,36.83858],[-2.50695,36.8393],[-2.50753,36.83983],[-2.50813,36.84014],[-2.50832,36.84044],[-2.50701,36.84071],[-2.50684,36.84099],[-2.50697,36.84138],[-2.50688,36.84171],[-2.50728,36.84304],[-2.50732,36.8436],[-2.50824,36.84467],[-2.50826,36.84487],[-2.50801,36.84477],[-2.5076,36.84433],[-2.50726,36.84429],[-2.50703,36.84396],[-2.50662,36.8437],[-2.50604,36.84294],[-2.50484,36.84203],[-2.50368,36.84095],[-2.50345,36.84093],[-2.50424,36.84208],[-2.50397,36.84229],[-2.50421,36.84278],[-2.5033,36.84273],[-2.50321,36.84295],[-2.50343,36.84321],[-2.50347,36.84347],[-2.50334,36.84353],[-2.50322,36.84387],[-2.50311,36.84393],[-2.50331,36.84417],[-2.5038,36.84434],[-2.50414,36.84487],[-2.50439,36.84506],[-2.50469,36.84554],[-2.50457,36.8456],[-2.50425,36.84551],[-2.5041,36.84571],[-2.50498,36.84621],[-2.5051,36.84631],[-2.50496,36.84638],[-2.50408,36.846],[-2.50377,36.84609],[-2.50328,36.84601],[-2.50319,36.84634],[-2.50305,36.84642],[-2.50298,36.84633],[-2.50292,36.84589],[-2.50334,36.8456],[-2.50308,36.84526],[-2.50314,36.84499],[-2.50306,36.84481],[-2.5025,36.84459],[-2.50216,36.8443],[-2.50205,36.84403],[-2.50224,36.84359],[-2.5016,36.84307],[-2.50164,36.84258],[-2.50223,36.84225],[-2.50214,36.84169],[-2.50159,36.84163],[-2.50096,36.84217],[-2.501,36.84246],[-2.5006,36.84311],[-2.50065,36.84343],[-2.50028,36.84369],[-2.50019,36.8436],[-2.50027,36.84251],[-2.5002,36.84214],[-2.49956,36.84108],[-2.49935,36.84095],[-2.49917,36.84096],[-2.49902,36.84108],[-2.49898,36.84158],[-2.49864,36.84179],[-2.49856,36.84195],[-2.49871,36.8424],[-2.4985,36.84272],[-2.49848,36.84321],[-2.49826,36.8421],[-2.49783,36.84132],[-2.49764,36.84127],[-2.49758,36.84139],[-2.49782,36.84205],[-2.49775,36.84223],[-2.49722,36.8415],[-2.49653,36.84118],[-2.49637,36.84119],[-2.49624,36.84133],[-2.49603,36.84171],[-2.49558,36.84196],[-2.49573,36.84152],[-2.49571,36.84087],[-2.49614,36.84019],[-2.49569,36.83953],[-2.49546,36.83949],[-2.49521,36.83986],[-2.49514,36.83982],[-2.49512,36.83936],[-2.49486,36.83904],[-2.49414,36.83896],[-2.49378,36.83905],[-2.49374,36.83968],[-2.49302,36.83911],[-2.49268,36.839],[-2.4921,36.83911],[-2.49187,36.83932],[-2.49188,36.83965],[-2.49228,36.84013],[-2.49194,36.84037],[-2.49216,36.8411],[-2.49206,36.84126],[-2.4921,36.84161],[-2.49236,36.84198],[-2.49213,36.84227],[-2.49221,36.84241],[-2.49209,36.84256],[-2.49074,36.84071],[-2.49016,36.84039],[-2.48984,36.84046],[-2.48972,36.8406],[-2.48968,36.84094],[-2.48975,36.84142],[-2.48933,36.84095],[-2.4883,36.83904],[-2.48771,36.83874],[-2.48671,36.83852],[-2.48631,36.83834],[-2.4854,36.83826],[-2.48478,36.83835],[-2.48397,36.83863],[-2.48358,36.83835],[-2.48291,36.83856],[-2.48222,36.83853],[-2.482,36.83849],[-2.48187,36.8384],[-2.48186,36.83827],[-2.48165,36.83817],[-2.48166,36.83826],[-2.48089,36.83845],[-2.48075,36.8381],[-2.48042,36.83825],[-2.47944,36.83904],[-2.47909,36.83914],[-2.47885,36.83898],[-2.47872,36.83907]]]}},{"type":"Feature","properties":{"id":"0401303010"},"geometry":{"type":"Polygon","coordinates":[[[-2.47769,36.84004],[-2.47837,36.83933],[-2.47849,36.83936],[-2.47885,36.83898],[-2.47909,36.83914],[-2.47944,36.83904],[-2.48042,36.83825],[-2.48075,36.8381],[-2.48089,36.83845],[-2.48166,36.83826],[-2.48165,36.83817],[-2.48186,36.83827],[-2.48187,36.8384],[-2.482,36.83849],[-2.48222,36.83853],[-2.48291,36.83856],[-2.48358,36.83835],[-2.48397,36.83863],[-2.48478,36.83835],[-2.48566,36.83824],[-2.48617,36.8383],[-2.48671,36.83852],[-2.48771,36.83874],[-2.4883,36.83904],[-2.48933,36.84095],[-2.48975,36.84142],[-2.48968,36.84094],[-2.48972,36.8406],[-2.48984,36.84046],[-2.49016,36.84039],[-2.49074,36.84071],[-2.49209,36.84256],[-2.49221,36.84241],[-2.49213,36.84227],[-2.49236,36.84198],[-2.4921,36.84161],[-2.49206,36.84126],[-2.49216,36.8411],[-2.49194,36.84037],[-2.49228,36.84013],[-2.49188,36.83965],[-2.49187,36.83932],[-2.4921,36.83911],[-2.49268,36.839],[-2.49302,36.83911],[-2.49374,36.83968],[-2.49378,36.83905],[-2.49414,36.83896],[-2.49486,36.83904],[-2.49512,36.83936],[-2.49514,36.83982],[-2.49521,36.83986],[-2.49546,36.83949],[-2.49569,36.83953],[-2.49614,36.84019],[-2.49571,36.84087],[-2.49573,36.84152],[-2.49558,36.84196],[-2.49603,36.84171],[-2.49624,36.84133],[-2.49637,36.84119],[-2.49653,36.84118],[-2.49722,36.8415],[-2.49775,36.84223],[-2.49782,36.84205],[-2.49758,36.84139],[-2.49764,36.84127],[-2.49783,36.84132],[-2.49826,36.8421],[-2.49848,36.84321],[-2.4985,36.84272],[-2.49871,36.8424],[-2.49856,36.84195],[-2.49864,36.84179],[-2.49898,36.84158],[-2.49902,36.84108],[-2.49917,36.84096],[-2.49935,36.84095],[-2.49956,36.84108],[-2.5002,36.84214],[-2.50027,36.84251],[-2.50019,36.8436],[-2.50028,36.84369],[-2.50065,36.84343],[-2.5006,36.84311],[-2.501,36.84246],[-2.50096,36.84217],[-2.50159,36.84163],[-2.50214,36.84169],[-2.50223,36.84225],[-2.50164,36.84258],[-2.5016,36.84307],[-2.50224,36.84359],[-2.50205,36.84403],[-2.50216,36.8443],[-2.5025,36.84459],[-2.50306,36.84481],[-2.50314,36.84499],[-2.50308,36.84526],[-2.50334,36.8456],[-2.50292,36.84589],[-2.50298,36.84633],[-2.50305,36.84642],[-2.50319,36.84634],[-2.50328,36.84601],[-2.50377,36.84609],[-2.50408,36.846],[-2.50496,36.84638],[-2.5051,36.84631],[-2.50498,36.84621],[-2.5041,36.84571],[-2.50425,36.84551],[-2.50457,36.8456],[-2.50469,36.84554],[-2.50439,36.84506],[-2.50414,36.84487],[-2.5038,36.84434],[-2.50331,36.84417],[-2.50311,36.84393],[-2.50322,36.84387],[-2.50334,36.84353],[-2.50347,36.84347],[-2.50343,36.84321],[-2.50321,36.84295],[-2.5033,36.84273],[-2.50421,36.84278],[-2.50397,36.84229],[-2.50424,36.84208],[-2.50345,36.84093],[-2.50368,36.84095],[-2.50484,36.84203],[-2.50604,36.84294],[-2.50662,36.8437],[-2.50703,36.84396],[-2.50726,36.84429],[-2.5076,36.84433],[-2.50801,36.84477],[-2.50826,36.84487],[-2.50824,36.84467],[-2.50732,36.8436],[-2.50728,36.84304],[-2.50688,36.84171],[-2.50697,36.84138],[-2.50684,36.84099],[-2.50701,36.84071],[-2.50832,36.84044],[-2.50813,36.84014],[-2.50753,36.83983],[-2.50695,36.8393],[-2.5069,36.83858],[-2.50703,36.83827],[-2.50738,36.838],[-2.50812,36.83791],[-2.5094,36.83816],[-2.50961,36.83831],[-2.50985,36.83912],[-2.51008,36.83909],[-2.51031,36.83864],[-2.51076,36.83858],[-2.51139,36.83805],[-2.51158,36.83805],[-2.51207,36.83861],[-2.51176,36.83934],[-2.51189,36.83945],[-2.51227,36.83933],[-2.51238,36.83948],[-2.51196,36.83995],[-2.51198,36.84012],[-2.5116,36.84021],[-2.51125,36.84004],[-2.51102,36.84005],[-2.5109,36.84022],[-2.51151,36.84077],[-2.51154,36.84104],[-2.51188,36.84118],[-2.51216,36.84117],[-2.51218,36.84111],[-2.51179,36.84088],[-2.51177,36.84077],[-2.51252,36.84064],[-2.51271,36.84007],[-2.51303,36.84013],[-2.51309,36.84024],[-2.51324,36.84019],[-2.51356,36.83963],[-2.51351,36.83879],[-2.51393,36.83837],[-2.51386,36.83823],[-2.51339,36.83797],[-2.51341,36.83738],[-2.51389,36.83677],[-2.51378,36.83646],[-2.51381,36.83578],[-2.51426,36.83564],[-2.51436,36.83548],[-2.51432,36.83517],[-2.51455,36.83463],[-2.5153,36.83418],[-2.51608,36.83401],[-2.51715,36.83396],[-2.51739,36.83403],[-2.51775,36.83435],[-2.51811,36.83547],[-2.51805,36.83598],[-2.51849,36.83579],[-2.51884,36.83594],[-2.51886,36.83607],[-2.51831,36.83648],[-2.51852,36.83669],[-2.51848,36.83706],[-2.51793,36.83752],[-2.51798,36.83806],[-2.51731,36.83851],[-2.51726,36.83887],[-2.51735,36.83901],[-2.51777,36.83928],[-2.51808,36.83893],[-2.51845,36.83886],[-2.51898,36.83902],[-2.51933,36.83939],[-2.51995,36.83929],[-2.52048,36.8394],[-2.52071,36.83958],[-2.52087,36.83996],[-2.52148,36.83991],[-2.5216,36.84041],[-2.52194,36.84067],[-2.52185,36.84107],[-2.52191,36.8412],[-2.522,36.84124],[-2.52209,36.841],[-2.52227,36.84092],[-2.52255,36.84114],[-2.52275,36.84147],[-2.52289,36.8415],[-2.52292,36.84122],[-2.52269,36.8407],[-2.52211,36.83983],[-2.52176,36.83937],[-2.5214,36.83918],[-2.52076,36.83863],[-2.5207,36.83842],[-2.52078,36.83785],[-2.5211,36.8375],[-2.52135,36.83732],[-2.52154,36.8373],[-2.52196,36.83743],[-2.52174,36.83678],[-2.52177,36.83645],[-2.5214,36.83612],[-2.52143,36.83566],[-2.52164,36.83538],[-2.52196,36.83519],[-2.52244,36.83538],[-2.52234,36.83657],[-2.52268,36.83681],[-2.52266,36.83645],[-2.52284,36.83602],[-2.52334,36.83569],[-2.52342,36.8355],[-2.52401,36.83564],[-2.52385,36.83512],[-2.52414,36.83484],[-2.52368,36.83441],[-2.5249,36.8343],[-2.52526,36.83446],[-2.52569,36.83453],[-2.52587,36.8348],[-2.52579,36.835],[-2.52544,36.83518],[-2.52536,36.83535],[-2.52554,36.83622],[-2.52521,36.83652],[-2.52495,36.83716],[-2.52516,36.83716],[-2.52526,36.8368],[-2.52538,36.83671],[-2.52613,36.83692],[-2.5258,36.83649],[-2.52599,36.83631],[-2.52622,36.83559],[-2.52648,36.83548],[-2.52671,36.83586],[-2.52672,36.83661],[-2.52726,36.83692],[-2.52703,36.83657],[-2.52698,36.83612],[-2.52708,36.83595],[-2.52758,36.83591],[-2.52726,36.83539],[-2.52731,36.83516],[-2.52756,36.83495],[-2.52757,36.83475],[-2.52699,36.83335],[-2.52649,36.83286],[-2.52653,36.83277],[-2.52661,36.83268],[-2.52675,36.83269],[-2.52728,36.83305],[-2.52746,36.83308],[-2.52801,36.83394],[-2.52868,36.83434],[-2.52847,36.83393],[-2.52849,36.8338],[-2.52892,36.83378],[-2.52846,36.83341],[-2.52848,36.83328],[-2.52892,36.83303],[-2.52891,36.83286],[-2.52832,36.8323],[-2.52827,36.83201],[-2.52878,36.83164],[-2.52935,36.83148],[-2.52968,36.83154],[-2.52962,36.83217],[-2.52974,36.83266],[-2.53025,36.83319],[-2.53008,36.8324],[-2.53014,36.83098],[-2.53045,36.83194],[-2.53179,36.83338],[-2.53277,36.83503],[-2.53417,36.83615],[-2.53537,36.83699],[-2.53636,36.83754],[-2.53699,36.84008],[-2.53871,36.84147],[-2.5403,36.8442],[-2.54048,36.84562],[-2.54121,36.84676],[-2.54233,36.84816],[-2.54166,36.85031],[-2.54125,36.85434],[-2.54181,36.85701],[-2.54219,36.85805],[-2.54026,36.85798],[-2.5391,36.85758],[-2.53874,36.85785],[-2.53825,36.85766],[-2.53808,36.85796],[-2.53785,36.85781],[-2.53761,36.85796],[-2.53647,36.85788],[-2.53455,36.8571],[-2.53351,36.85628],[-2.53314,36.85639],[-2.53289,36.85633],[-2.53229,36.85642],[-2.53181,36.85623],[-2.53144,36.85625],[-2.53134,36.85607],[-2.53096,36.85606],[-2.53028,36.8566],[-2.5296,36.85734],[-2.5284,36.85746],[-2.52807,36.85769],[-2.52793,36.85799],[-2.5276,36.85813],[-2.5272,36.85791],[-2.527,36.85792],[-2.52654,36.85818],[-2.52525,36.85925],[-2.52473,36.85942],[-2.52412,36.85935],[-2.5235,36.85898],[-2.52178,36.8586],[-2.52114,36.85832],[-2.52024,36.85834],[-2.52004,36.85823],[-2.51916,36.85806],[-2.51884,36.85813],[-2.51862,36.85808],[-2.51803,36.85763],[-2.51774,36.85758],[-2.51706,36.85723],[-2.51684,36.85721],[-2.51594,36.85666],[-2.51515,36.85638],[-2.51362,36.85533],[-2.51215,36.85469],[-2.51119,36.8545],[-2.5098,36.85399],[-2.50719,36.85376],[-2.50581,36.85323],[-2.50477,36.85237],[-2.50387,36.85186],[-2.50336,36.85139],[-2.50281,36.85074],[-2.5019,36.84904],[-2.50004,36.84777],[-2.49872,36.84714],[-2.49789,36.84654],[-2.49724,36.84634],[-2.49567,36.8462],[-2.49392,36.84567],[-2.49286,36.84519],[-2.49192,36.84515],[-2.49133,36.84538],[-2.49013,36.8452],[-2.48986,36.84525],[-2.48962,36.84546],[-2.48946,36.84549],[-2.48898,36.8452],[-2.48859,36.84476],[-2.48807,36.84468],[-2.48705,36.84426],[-2.48598,36.84423],[-2.48489,36.84446],[-2.48463,36.84432],[-2.48377,36.84346],[-2.48316,36.84321],[-2.48184,36.84321],[-2.48113,36.8433],[-2.48052,36.84319],[-2.48029,36.84305],[-2.47983,36.84201],[-2.47893,36.84134],[-2.47862,36.841],[-2.47903,36.84065],[-2.479,36.84056],[-2.47769,36.84004]]]}},{"type":"Feature","properties":{"id":"0401303011"},"geometry":{"type":"Polygon","coordinates":[[[-2.47234,36.83954],[-2.47179,36.83951],[-2.47141,36.83871],[-2.47289,36.83826],[-2.47368,36.83643],[-2.47497,36.83682],[-2.47493,36.83691],[-2.4751,36.83703],[-2.47544,36.83685],[-2.47579,36.83626],[-2.4761,36.83634],[-2.47621,36.83716],[-2.476,36.83737],[-2.47612,36.83745],[-2.47602,36.83803],[-2.47548,36.83938],[-2.47519,36.83929],[-2.47511,36.83887],[-2.47234,36.83954]]]}},{"type":"Feature","properties":{"id":"0401304001"},"geometry":{"type":"Polygon","coordinates":[[[-2.45908,36.8402],[-2.45976,36.83917],[-2.46356,36.84141],[-2.46395,36.84131],[-2.46433,36.84172],[-2.46373,36.84184],[-2.46356,36.84196],[-2.46261,36.84191],[-2.46221,36.84199],[-2.45908,36.8402]]]}},{"type":"Feature","properties":{"id":"0401304002"},"geometry":{"type":"Polygon","coordinates":[[[-2.45781,36.84251],[-2.45827,36.84142],[-2.45908,36.8402],[-2.46221,36.84199],[-2.4589,36.84262],[-2.45781,36.84251]]]}},{"type":"Feature","properties":{"id":"0401304003"},"geometry":{"type":"Polygon","coordinates":[[[-2.45801,36.84425],[-2.45775,36.84294],[-2.45781,36.84251],[-2.4589,36.84262],[-2.46017,36.84237],[-2.46051,36.84333],[-2.45999,36.84348],[-2.46017,36.84388],[-2.45928,36.84419],[-2.45933,36.84424],[-2.4582,36.84454],[-2.45801,36.84425]]]}},{"type":"Feature","properties":{"id":"0401304004"},"geometry":{"type":"Polygon","coordinates":[[[-2.4582,36.84454],[-2.45933,36.84424],[-2.45928,36.84419],[-2.46017,36.84388],[-2.45999,36.84348],[-2.46065,36.84329],[-2.4609,36.84397],[-2.46111,36.8442],[-2.45917,36.84607],[-2.4582,36.84454]]]}},{"type":"Feature","properties":{"id":"0401304005"},"geometry":{"type":"Polygon","coordinates":[[[-2.4609,36.84444],[-2.46203,36.84321],[-2.46228,36.8434],[-2.46199,36.84362],[-2.4634,36.84451],[-2.46341,36.8449],[-2.46305,36.84571],[-2.46181,36.84481],[-2.46159,36.84501],[-2.4609,36.84444]]]}},{"type":"Feature","properties":{"id":"0401304006"},"geometry":{"type":"Polygon","coordinates":[[[-2.46203,36.84321],[-2.46257,36.8427],[-2.46226,36.84237],[-2.4621,36.84201],[-2.46261,36.84191],[-2.46356,36.84196],[-2.46373,36.84184],[-2.46406,36.8418],[-2.46409,36.84271],[-2.46339,36.8438],[-2.4634,36.84451],[-2.46199,36.84362],[-2.46228,36.8434],[-2.46203,36.84321]]]}},{"type":"Feature","properties":{"id":"0401304007"},"geometry":{"type":"Polygon","coordinates":[[[-2.46051,36.84333],[-2.46017,36.84237],[-2.4621,36.84201],[-2.46226,36.84237],[-2.46257,36.8427],[-2.46111,36.8442],[-2.4609,36.84397],[-2.46065,36.84329],[-2.46051,36.84333]]]}},{"type":"Feature","properties":{"id":"0401305002"},"geometry":{"type":"Polygon","coordinates":[[[-2.46318,36.849],[-2.45988,36.84759],[-2.4595,36.84679],[-2.46017,36.84621],[-2.46111,36.84674],[-2.4613,36.84648],[-2.46175,36.84637],[-2.46228,36.84673],[-2.46473,36.84648],[-2.46498,36.84795],[-2.46318,36.849]]]}},{"type":"Feature","properties":{"id":"0401305003"},"geometry":{"type":"Polygon","coordinates":[[[-2.49128,36.87921],[-2.49127,36.87812],[-2.49139,36.8779],[-2.49133,36.87731],[-2.49209,36.87608],[-2.49163,36.87585],[-2.49148,36.87528],[-2.4913,36.875],[-2.49098,36.87527],[-2.49055,36.87475],[-2.48928,36.87406],[-2.48893,36.87376],[-2.48808,36.87283],[-2.48783,36.87229],[-2.48766,36.87218],[-2.48699,36.87201],[-2.48671,36.87186],[-2.48653,36.87159],[-2.48628,36.87147],[-2.4848,36.87107],[-2.48437,36.87079],[-2.4839,36.87031],[-2.48202,36.86992],[-2.48126,36.86952],[-2.48068,36.86972],[-2.47985,36.86968],[-2.47888,36.86988],[-2.4786,36.86982],[-2.47761,36.86952],[-2.47705,36.86925],[-2.47612,36.86849],[-2.47574,36.8667],[-2.47486,36.86556],[-2.47454,36.86534],[-2.47421,36.86472],[-2.47421,36.86399],[-2.47406,36.86375],[-2.47304,36.86301],[-2.47283,36.86233],[-2.47302,36.86201],[-2.47345,36.86182],[-2.47358,36.86148],[-2.47342,36.86137],[-2.47356,36.86111],[-2.47249,36.8608],[-2.47205,36.86004],[-2.47137,36.85962],[-2.47091,36.85947],[-2.46893,36.85928],[-2.46839,36.85953],[-2.46806,36.85944],[-2.4678,36.85931],[-2.46728,36.85833],[-2.46652,36.85821],[-2.46618,36.85808],[-2.46534,36.85769],[-2.46464,36.85712],[-2.46382,36.8569],[-2.46288,36.85681],[-2.46258,36.85691],[-2.46126,36.85676],[-2.4619,36.85473],[-2.46203,36.85286],[-2.46213,36.85277],[-2.46238,36.85124],[-2.46234,36.8509],[-2.46254,36.8508],[-2.46249,36.85022],[-2.46284,36.84881],[-2.46318,36.849],[-2.46408,36.8484],[-2.46601,36.84743],[-2.46692,36.84631],[-2.46808,36.84721],[-2.46916,36.84767],[-2.47057,36.84894],[-2.47245,36.85018],[-2.47289,36.85063],[-2.47387,36.85112],[-2.47442,36.85108],[-2.47495,36.85134],[-2.47399,36.85144],[-2.47383,36.85151],[-2.47394,36.85168],[-2.4751,36.8517],[-2.47576,36.85214],[-2.47641,36.85237],[-2.47681,36.85224],[-2.47719,36.85182],[-2.47737,36.85175],[-2.47795,36.85175],[-2.47885,36.85194],[-2.47897,36.85181],[-2.47891,36.85171],[-2.47822,36.85149],[-2.47821,36.85137],[-2.47835,36.85128],[-2.47858,36.85129],[-2.47993,36.85163],[-2.48047,36.85202],[-2.48132,36.8522],[-2.48205,36.85255],[-2.48294,36.85354],[-2.48348,36.85449],[-2.48323,36.85457],[-2.48288,36.85434],[-2.4825,36.85426],[-2.48201,36.85388],[-2.48159,36.85386],[-2.48139,36.85398],[-2.48125,36.85432],[-2.48148,36.85475],[-2.48141,36.85495],[-2.48051,36.85492],[-2.48034,36.85497],[-2.48014,36.8553],[-2.48038,36.85579],[-2.4812,36.85631],[-2.4819,36.85605],[-2.48305,36.85604],[-2.4836,36.85595],[-2.48439,36.85601],[-2.48468,36.85592],[-2.48581,36.85517],[-2.48581,36.85494],[-2.48558,36.85456],[-2.48589,36.85442],[-2.48619,36.85438],[-2.48642,36.85457],[-2.4864,36.85506],[-2.48663,36.85538],[-2.48798,36.85525],[-2.48812,36.85515],[-2.4882,36.8548],[-2.48779,36.85398],[-2.48795,36.85354],[-2.48816,36.85345],[-2.48866,36.85365],[-2.48996,36.85478],[-2.49029,36.85431],[-2.49061,36.85439],[-2.49066,36.85466],[-2.49005,36.85517],[-2.48954,36.85503],[-2.48935,36.85508],[-2.48926,36.85522],[-2.48936,36.85558],[-2.48996,36.85603],[-2.49058,36.85616],[-2.49091,36.85614],[-2.492,36.85582],[-2.49287,36.85576],[-2.49327,36.85597],[-2.49327,36.85619],[-2.49307,36.85626],[-2.49261,36.85625],[-2.49233,36.85641],[-2.49226,36.85658],[-2.49245,36.85699],[-2.49282,36.85719],[-2.49371,36.85739],[-2.49396,36.85722],[-2.49408,36.8567],[-2.49428,36.85654],[-2.49468,36.85666],[-2.49526,36.85707],[-2.49595,36.85724],[-2.49604,36.85771],[-2.4953,36.85789],[-2.49461,36.85822],[-2.49453,36.85836],[-2.49462,36.85853],[-2.4951,36.85886],[-2.49502,36.8596],[-2.49523,36.85999],[-2.49561,36.86014],[-2.49607,36.86016],[-2.4963,36.86008],[-2.49711,36.85923],[-2.49745,36.85915],[-2.49775,36.85937],[-2.49812,36.85939],[-2.49869,36.85983],[-2.4995,36.86025],[-2.49991,36.86037],[-2.50038,36.86074],[-2.50141,36.86095],[-2.50163,36.86114],[-2.50178,36.86147],[-2.5013,36.86144],[-2.50121,36.86154],[-2.50152,36.8626],[-2.50191,36.86334],[-2.5015,36.86364],[-2.50144,36.86379],[-2.50145,36.86397],[-2.5017,36.8643],[-2.50201,36.86447],[-2.50332,36.86456],[-2.50355,36.86476],[-2.50365,36.86532],[-2.50387,36.86559],[-2.50461,36.86573],[-2.50521,36.86633],[-2.50632,36.86695],[-2.50688,36.86743],[-2.50791,36.86789],[-2.50796,36.86806],[-2.50782,36.8682],[-2.50707,36.86867],[-2.50704,36.86915],[-2.50672,36.8694],[-2.50661,36.86962],[-2.50662,36.87011],[-2.50704,36.87083],[-2.50755,36.87112],[-2.50863,36.87139],[-2.50921,36.87139],[-2.50998,36.87117],[-2.51014,36.87119],[-2.51045,36.87162],[-2.51095,36.87182],[-2.51125,36.87182],[-2.51213,36.87142],[-2.51235,36.87143],[-2.51136,36.87237],[-2.50959,36.87286],[-2.50917,36.8731],[-2.50887,36.87301],[-2.50759,36.87333],[-2.50688,36.8734],[-2.50673,36.87372],[-2.507,36.87403],[-2.50797,36.87447],[-2.50786,36.87502],[-2.50842,36.87535],[-2.50875,36.87567],[-2.50904,36.8762],[-2.50911,36.87655],[-2.50903,36.87709],[-2.50953,36.87714],[-2.50968,36.87724],[-2.51011,36.87777],[-2.5102,36.87816],[-2.50988,36.87836],[-2.50835,36.87817],[-2.50786,36.8782],[-2.50789,36.87858],[-2.5083,36.87894],[-2.50784,36.87941],[-2.50791,36.8796],[-2.50906,36.88074],[-2.50913,36.88163],[-2.50939,36.88242],[-2.50866,36.88305],[-2.50828,36.8837],[-2.5073,36.88439],[-2.50743,36.88556],[-2.50728,36.88737],[-2.50491,36.88571],[-2.50455,36.88537],[-2.50003,36.8792],[-2.49128,36.87921]]]}},{"type":"Feature","properties":{"id":"0401305004"},"geometry":{"type":"Polygon","coordinates":[[[-2.46699,36.84634],[-2.46748,36.84625],[-2.4687,36.84643],[-2.46892,36.84653],[-2.46916,36.84629],[-2.47011,36.84691],[-2.47122,36.84783],[-2.47063,36.84898],[-2.46916,36.84767],[-2.46808,36.84721],[-2.46699,36.84634]]]}},{"type":"Feature","properties":{"id":"0401305005"},"geometry":{"type":"Polygon","coordinates":[[[-2.46699,36.84634],[-2.46681,36.84627],[-2.46696,36.84612],[-2.4669,36.84605],[-2.46707,36.84594],[-2.4665,36.84527],[-2.46607,36.84382],[-2.46548,36.84259],[-2.46461,36.84178],[-2.46542,36.84224],[-2.46942,36.84315],[-2.47151,36.84421],[-2.47086,36.84505],[-2.47051,36.84526],[-2.47009,36.84573],[-2.4699,36.84558],[-2.46892,36.84653],[-2.4687,36.84643],[-2.46748,36.84625],[-2.46699,36.84634]]]}},{"type":"Feature","properties":{"id":"0401305006"},"geometry":{"type":"Polygon","coordinates":[[[-2.45917,36.84607],[-2.4609,36.84444],[-2.46159,36.84501],[-2.46181,36.84481],[-2.46305,36.84571],[-2.46267,36.84669],[-2.46228,36.84673],[-2.46175,36.84637],[-2.4613,36.84648],[-2.46111,36.84674],[-2.46017,36.84621],[-2.4595,36.84679],[-2.45917,36.84607]]]}},{"type":"Feature","properties":{"id":"0401305007"},"geometry":{"type":"Polygon","coordinates":[[[-2.46563,36.84427],[-2.46341,36.84376],[-2.46409,36.84271],[-2.46406,36.8418],[-2.46443,36.84167],[-2.46548,36.84259],[-2.46607,36.84382],[-2.46618,36.84434],[-2.46578,36.84452],[-2.46563,36.84427]]]}},{"type":"Feature","properties":{"id":"0401305008"},"geometry":{"type":"Polygon","coordinates":[[[-2.46462,36.84582],[-2.4643,36.84397],[-2.46563,36.84427],[-2.46578,36.84452],[-2.46618,36.84434],[-2.4665,36.84527],[-2.46707,36.84594],[-2.4669,36.84605],[-2.46696,36.84612],[-2.46681,36.84627],[-2.46515,36.84572],[-2.46462,36.84582]]]}},{"type":"Feature","properties":{"id":"0401305009"},"geometry":{"type":"Polygon","coordinates":[[[-2.46498,36.84795],[-2.46462,36.84582],[-2.46515,36.84572],[-2.46692,36.84631],[-2.46601,36.84743],[-2.46498,36.84795]]]}},{"type":"Feature","properties":{"id":"0401305010"},"geometry":{"type":"Polygon","coordinates":[[[-2.46267,36.84669],[-2.46341,36.8449],[-2.46341,36.84376],[-2.4643,36.84397],[-2.46473,36.84648],[-2.46267,36.84669]]]}},{"type":"Feature","properties":{"id":"0401305011"},"geometry":{"type":"Polygon","coordinates":[[[-2.47063,36.84898],[-2.47122,36.84783],[-2.47011,36.84691],[-2.46916,36.84629],[-2.4699,36.84558],[-2.47009,36.84573],[-2.47051,36.84526],[-2.47086,36.84505],[-2.47151,36.84421],[-2.47314,36.84502],[-2.47411,36.84574],[-2.47627,36.8467],[-2.47712,36.84699],[-2.47917,36.8482],[-2.47981,36.84837],[-2.48101,36.84853],[-2.48217,36.84934],[-2.48318,36.84965],[-2.48354,36.84987],[-2.48422,36.8506],[-2.48546,36.85105],[-2.48674,36.85113],[-2.48733,36.85128],[-2.49114,36.85298],[-2.49228,36.8538],[-2.49271,36.85399],[-2.49334,36.85412],[-2.49393,36.8541],[-2.49463,36.85393],[-2.49551,36.85396],[-2.49716,36.85615],[-2.49949,36.85804],[-2.50122,36.85887],[-2.50317,36.86014],[-2.50416,36.8606],[-2.50476,36.86103],[-2.50494,36.86101],[-2.5051,36.86081],[-2.50526,36.86077],[-2.50543,36.86084],[-2.50559,36.86107],[-2.50617,36.86115],[-2.50713,36.86157],[-2.50765,36.86168],[-2.50823,36.86193],[-2.50931,36.86279],[-2.50973,36.8629],[-2.51012,36.86288],[-2.5105,36.8626],[-2.51057,36.86251],[-2.51023,36.86208],[-2.51037,36.86184],[-2.51096,36.86185],[-2.51164,36.86204],[-2.51198,36.86204],[-2.51245,36.86184],[-2.51288,36.86144],[-2.51318,36.86139],[-2.51355,36.86139],[-2.51503,36.86192],[-2.51608,36.86198],[-2.51698,36.86178],[-2.51748,36.86191],[-2.51766,36.8622],[-2.51697,36.86347],[-2.51684,36.86442],[-2.5166,36.86451],[-2.5159,36.8645],[-2.51586,36.8646],[-2.51671,36.86585],[-2.51682,36.8662],[-2.516,36.86679],[-2.51551,36.8669],[-2.51441,36.8669],[-2.51377,36.8668],[-2.51319,36.86686],[-2.51308,36.86699],[-2.51312,36.86746],[-2.51361,36.86872],[-2.51355,36.86897],[-2.51282,36.86942],[-2.51269,36.86971],[-2.51193,36.87024],[-2.51182,36.87056],[-2.51221,36.87096],[-2.5124,36.8713],[-2.51235,36.87143],[-2.51213,36.87142],[-2.51125,36.87182],[-2.51095,36.87182],[-2.51045,36.87162],[-2.51014,36.87119],[-2.5089,36.87142],[-2.50755,36.87112],[-2.50704,36.87083],[-2.50682,36.87058],[-2.50662,36.87011],[-2.50661,36.86962],[-2.50672,36.8694],[-2.50704,36.86915],[-2.50707,36.86867],[-2.50782,36.8682],[-2.50796,36.86806],[-2.50791,36.86789],[-2.50688,36.86743],[-2.50632,36.86695],[-2.50521,36.86633],[-2.50461,36.86573],[-2.50387,36.86559],[-2.50365,36.86532],[-2.50355,36.86476],[-2.50332,36.86456],[-2.50201,36.86447],[-2.5017,36.8643],[-2.50145,36.86397],[-2.50144,36.86379],[-2.5015,36.86364],[-2.50191,36.86334],[-2.50152,36.8626],[-2.50121,36.86154],[-2.5013,36.86144],[-2.50178,36.86147],[-2.50163,36.86114],[-2.50141,36.86095],[-2.50038,36.86074],[-2.49991,36.86037],[-2.4995,36.86025],[-2.49869,36.85983],[-2.49812,36.85939],[-2.49775,36.85937],[-2.49745,36.85915],[-2.49711,36.85923],[-2.4963,36.86008],[-2.49607,36.86016],[-2.49561,36.86014],[-2.49523,36.85999],[-2.49502,36.8596],[-2.4951,36.85886],[-2.49462,36.85853],[-2.49453,36.85836],[-2.49461,36.85822],[-2.4953,36.85789],[-2.49604,36.85771],[-2.49595,36.85724],[-2.49526,36.85707],[-2.49468,36.85666],[-2.49428,36.85654],[-2.49408,36.8567],[-2.49396,36.85722],[-2.49371,36.85739],[-2.49282,36.85719],[-2.49245,36.85699],[-2.49226,36.85658],[-2.49233,36.85641],[-2.49261,36.85625],[-2.49307,36.85626],[-2.49327,36.85619],[-2.49327,36.85597],[-2.49287,36.85576],[-2.492,36.85582],[-2.49091,36.85614],[-2.49058,36.85616],[-2.48996,36.85603],[-2.48936,36.85558],[-2.48926,36.85522],[-2.48935,36.85508],[-2.48954,36.85503],[-2.49005,36.85517],[-2.49066,36.85466],[-2.49061,36.85439],[-2.49029,36.85431],[-2.48996,36.85478],[-2.48866,36.85365],[-2.48816,36.85345],[-2.48795,36.85354],[-2.48779,36.85398],[-2.4882,36.8548],[-2.48812,36.85515],[-2.48798,36.85525],[-2.48663,36.85538],[-2.4864,36.85506],[-2.48642,36.85457],[-2.48619,36.85438],[-2.48589,36.85442],[-2.48558,36.85456],[-2.48581,36.85494],[-2.48581,36.85517],[-2.48468,36.85592],[-2.48439,36.85601],[-2.4836,36.85595],[-2.48305,36.85604],[-2.4819,36.85605],[-2.4812,36.85631],[-2.48038,36.85579],[-2.48014,36.8553],[-2.48034,36.85497],[-2.48051,36.85492],[-2.48141,36.85495],[-2.48148,36.85475],[-2.48125,36.85432],[-2.48139,36.85398],[-2.48159,36.85386],[-2.48201,36.85388],[-2.4825,36.85426],[-2.48288,36.85434],[-2.48323,36.85457],[-2.48348,36.85449],[-2.48294,36.85354],[-2.48205,36.85255],[-2.48132,36.8522],[-2.48047,36.85202],[-2.47993,36.85163],[-2.47858,36.85129],[-2.47835,36.85128],[-2.47821,36.85137],[-2.47822,36.85149],[-2.47891,36.85171],[-2.47897,36.85181],[-2.47885,36.85194],[-2.47795,36.85175],[-2.47737,36.85175],[-2.47719,36.85182],[-2.47681,36.85224],[-2.47641,36.85237],[-2.47576,36.85214],[-2.4751,36.8517],[-2.47394,36.85168],[-2.47383,36.85151],[-2.47399,36.85144],[-2.47495,36.85134],[-2.47442,36.85108],[-2.47387,36.85112],[-2.47306,36.85073],[-2.47245,36.85018],[-2.47063,36.84898]]]}},{"type":"Feature","properties":{"id":"0401306001"},"geometry":{"type":"Polygon","coordinates":[[[-2.45448,36.84269],[-2.45586,36.84252],[-2.45781,36.84251],[-2.45775,36.84294],[-2.45801,36.84425],[-2.45647,36.84429],[-2.45475,36.84461],[-2.45448,36.84269]]]}},{"type":"Feature","properties":{"id":"0401306002"},"geometry":{"type":"Polygon","coordinates":[[[-2.45234,36.84471],[-2.4525,36.8437],[-2.45275,36.84291],[-2.45448,36.84269],[-2.45475,36.84461],[-2.45246,36.84526],[-2.45234,36.84471]]]}},{"type":"Feature","properties":{"id":"0401306003"},"geometry":{"type":"Polygon","coordinates":[[[-2.45012,36.84336],[-2.45269,36.84308],[-2.45234,36.84471],[-2.45166,36.8453],[-2.45049,36.84559],[-2.45012,36.84336]]]}},{"type":"Feature","properties":{"id":"0401306004"},"geometry":{"type":"Polygon","coordinates":[[[-2.44833,36.84584],[-2.44711,36.84559],[-2.44581,36.84437],[-2.44507,36.84398],[-2.44474,36.84393],[-2.44519,36.84328],[-2.44872,36.84337],[-2.44872,36.84459],[-2.44958,36.84539],[-2.44973,36.84572],[-2.44833,36.84584]]]}},{"type":"Feature","properties":{"id":"0401306005"},"geometry":{"type":"Polygon","coordinates":[[[-2.44196,36.84308],[-2.44519,36.84328],[-2.44474,36.84393],[-2.44507,36.84398],[-2.44581,36.84437],[-2.44711,36.84559],[-2.44419,36.84554],[-2.44308,36.84569],[-2.44234,36.84603],[-2.4412,36.8461],[-2.44157,36.84395],[-2.44173,36.84341],[-2.44196,36.84308]]]}},{"type":"Feature","properties":{"id":"0401306006"},"geometry":{"type":"Polygon","coordinates":[[[-2.43753,36.84432],[-2.43889,36.845],[-2.43971,36.84569],[-2.44032,36.84598],[-2.44098,36.84611],[-2.44171,36.84609],[-2.44175,36.84619],[-2.43746,36.84725],[-2.43545,36.84792],[-2.4347,36.848],[-2.43753,36.84432]]]}},{"type":"Feature","properties":{"id":"0401306007"},"geometry":{"type":"Polygon","coordinates":[[[-2.43738,36.8505],[-2.43751,36.84828],[-2.43734,36.84729],[-2.44175,36.84619],[-2.44171,36.84609],[-2.44234,36.84603],[-2.44308,36.84569],[-2.44363,36.84562],[-2.4419,36.84822],[-2.44118,36.84967],[-2.43959,36.85104],[-2.43844,36.8504],[-2.43738,36.8505]]]}},{"type":"Feature","properties":{"id":"0401306008"},"geometry":{"type":"Polygon","coordinates":[[[-2.44633,36.85205],[-2.44651,36.84881],[-2.44677,36.84824],[-2.4472,36.84829],[-2.44802,36.84818],[-2.45029,36.84834],[-2.4503,36.84824],[-2.45266,36.84761],[-2.45303,36.84871],[-2.45306,36.84917],[-2.45294,36.84964],[-2.45105,36.84965],[-2.45092,36.85104],[-2.44938,36.85144],[-2.4483,36.85156],[-2.44826,36.85219],[-2.44633,36.85205]]]}},{"type":"Feature","properties":{"id":"0401306009"},"geometry":{"type":"Polygon","coordinates":[[[-2.45266,36.84761],[-2.45261,36.84703],[-2.45272,36.84598],[-2.45246,36.84526],[-2.45348,36.84497],[-2.45386,36.84597],[-2.45341,36.84682],[-2.45372,36.84879],[-2.45294,36.84964],[-2.45306,36.84917],[-2.45303,36.84871],[-2.45266,36.84761]]]}},{"type":"Feature","properties":{"id":"0401306010"},"geometry":{"type":"Polygon","coordinates":[[[-2.45495,36.84455],[-2.45647,36.84429],[-2.45738,36.84429],[-2.45649,36.84515],[-2.45604,36.84545],[-2.45417,36.84821],[-2.45383,36.84802],[-2.45438,36.84686],[-2.45476,36.84513],[-2.45502,36.84507],[-2.45495,36.84455]]]}},{"type":"Feature","properties":{"id":"0401306011"},"geometry":{"type":"Polygon","coordinates":[[[-2.45177,36.85278],[-2.45204,36.85144],[-2.45294,36.84964],[-2.45351,36.84906],[-2.45481,36.84735],[-2.4559,36.84772],[-2.45479,36.84947],[-2.45354,36.85056],[-2.45337,36.85133],[-2.45177,36.85278]]]}},{"type":"Feature","properties":{"id":"0401306012"},"geometry":{"type":"Polygon","coordinates":[[[-2.4559,36.84772],[-2.45672,36.8483],[-2.45337,36.85133],[-2.45354,36.85056],[-2.45479,36.84947],[-2.4559,36.84772]]]}},{"type":"Feature","properties":{"id":"0401306013"},"geometry":{"type":"Polygon","coordinates":[[[-2.45585,36.8491],[-2.45725,36.84781],[-2.45917,36.84607],[-2.45985,36.84753],[-2.45887,36.84781],[-2.45896,36.84788],[-2.45683,36.8498],[-2.45585,36.8491]]]}},{"type":"Feature","properties":{"id":"0401306014"},"geometry":{"type":"Polygon","coordinates":[[[-2.45683,36.8498],[-2.45896,36.84788],[-2.45887,36.84781],[-2.45985,36.84753],[-2.46032,36.84778],[-2.45913,36.84882],[-2.45926,36.84892],[-2.45897,36.84922],[-2.45762,36.85037],[-2.45683,36.8498]]]}},{"type":"Feature","properties":{"id":"0401306015"},"geometry":{"type":"Polygon","coordinates":[[[-2.46113,36.8503],[-2.45913,36.84882],[-2.46032,36.84778],[-2.46278,36.84878],[-2.46113,36.8503]]]}},{"type":"Feature","properties":{"id":"0401306016"},"geometry":{"type":"Polygon","coordinates":[[[-2.45871,36.84944],[-2.45926,36.84892],[-2.46113,36.8503],[-2.46278,36.84878],[-2.46284,36.84881],[-2.46249,36.85022],[-2.46254,36.8508],[-2.46234,36.8509],[-2.46238,36.85124],[-2.46213,36.85277],[-2.46205,36.85285],[-2.46004,36.85289],[-2.45896,36.8519],[-2.45984,36.85124],[-2.4587,36.85029],[-2.45905,36.8497],[-2.45871,36.84944]]]}},{"type":"Feature","properties":{"id":"0401306017"},"geometry":{"type":"Polygon","coordinates":[[[-2.45447,36.85034],[-2.45585,36.8491],[-2.45824,36.85078],[-2.45857,36.85138],[-2.45721,36.85188],[-2.45696,36.85234],[-2.45616,36.85294],[-2.45571,36.85183],[-2.45447,36.85034]]]}},{"type":"Feature","properties":{"id":"0401306018"},"geometry":{"type":"Polygon","coordinates":[[[-2.44903,36.85596],[-2.44946,36.85526],[-2.45089,36.85358],[-2.45343,36.85128],[-2.45426,36.852],[-2.45449,36.85262],[-2.45456,36.85305],[-2.45421,36.85391],[-2.45413,36.85498],[-2.45715,36.85794],[-2.45724,36.8582],[-2.457,36.85855],[-2.45641,36.85877],[-2.45608,36.8586],[-2.45436,36.85678],[-2.45405,36.85664],[-2.45279,36.85639],[-2.45277,36.85613],[-2.45052,36.85559],[-2.44939,36.85605],[-2.44903,36.85596]]]}},{"type":"Feature","properties":{"id":"0401306019"},"geometry":{"type":"Polygon","coordinates":[[[-2.45289,36.8597],[-2.45452,36.85991],[-2.45487,36.85867],[-2.45333,36.85832],[-2.45128,36.85824],[-2.45005,36.85801],[-2.44972,36.85802],[-2.44783,36.85754],[-2.44849,36.85689],[-2.44903,36.85596],[-2.44939,36.85605],[-2.45052,36.85559],[-2.45277,36.85613],[-2.45279,36.85639],[-2.45405,36.85664],[-2.45436,36.85678],[-2.45608,36.8586],[-2.45641,36.85877],[-2.457,36.85855],[-2.45724,36.8582],[-2.45715,36.85794],[-2.45651,36.8573],[-2.45818,36.85776],[-2.45882,36.85808],[-2.4596,36.85873],[-2.4619,36.861],[-2.46297,36.86272],[-2.46318,36.86287],[-2.46385,36.86454],[-2.4646,36.86505],[-2.46469,36.86553],[-2.46511,36.866],[-2.46577,36.86621],[-2.46589,36.86657],[-2.46636,36.86674],[-2.46624,36.86738],[-2.46714,36.86797],[-2.46713,36.86841],[-2.4676,36.86881],[-2.46751,36.86921],[-2.46781,36.86961],[-2.46731,36.86992],[-2.46695,36.87043],[-2.46686,36.87133],[-2.46697,36.87208],[-2.46607,36.87156],[-2.46558,36.87092],[-2.46422,36.86974],[-2.4611,36.86741],[-2.46093,36.86698],[-2.46017,36.8665],[-2.45961,36.86573],[-2.45897,36.86545],[-2.45872,36.86486],[-2.45867,36.86417],[-2.45904,36.86343],[-2.45899,36.86308],[-2.45847,36.86264],[-2.45771,36.86091],[-2.45704,36.86062],[-2.45617,36.85997],[-2.45533,36.85998],[-2.45414,36.86032],[-2.45289,36.8597]]]}},{"type":"Feature","properties":{"id":"0401306020"},"geometry":{"type":"Polygon","coordinates":[[[-2.44663,36.85897],[-2.44718,36.85817],[-2.44783,36.85754],[-2.44972,36.85802],[-2.45005,36.85801],[-2.45128,36.85824],[-2.45333,36.85832],[-2.45487,36.85867],[-2.45452,36.85991],[-2.45289,36.8597],[-2.45109,36.85925],[-2.45067,36.86039],[-2.45023,36.86054],[-2.44991,36.86045],[-2.44968,36.86017],[-2.44944,36.8601],[-2.44869,36.85944],[-2.44663,36.85897]]]}},{"type":"Feature","properties":{"id":"0401306021"},"geometry":{"type":"Polygon","coordinates":[[[-2.45703,36.87551],[-2.45263,36.87459],[-2.4508,36.87326],[-2.45049,36.87181],[-2.45007,36.87092],[-2.44919,36.86963],[-2.44764,36.86891],[-2.44751,36.86876],[-2.44751,36.86831],[-2.44793,36.86612],[-2.44823,36.86612],[-2.44877,36.8632],[-2.44882,36.86199],[-2.44853,36.86134],[-2.44682,36.85959],[-2.44663,36.85897],[-2.44869,36.85944],[-2.44944,36.8601],[-2.44968,36.86017],[-2.44991,36.86045],[-2.45023,36.86054],[-2.45067,36.86039],[-2.45109,36.85925],[-2.45289,36.8597],[-2.45414,36.86032],[-2.45533,36.85998],[-2.45617,36.85997],[-2.45704,36.86062],[-2.45771,36.86091],[-2.45847,36.86264],[-2.45899,36.86308],[-2.45904,36.86343],[-2.45867,36.86417],[-2.45872,36.86486],[-2.45897,36.86545],[-2.45961,36.86573],[-2.46017,36.8665],[-2.46093,36.86698],[-2.4611,36.86741],[-2.46422,36.86974],[-2.46558,36.87092],[-2.46607,36.87156],[-2.46729,36.87227],[-2.4693,36.87321],[-2.4719,36.8748],[-2.47214,36.87506],[-2.47275,36.87632],[-2.47034,36.8761],[-2.46858,36.87616],[-2.4681,36.8761],[-2.46771,36.87585],[-2.46769,36.87559],[-2.468,36.87503],[-2.46798,36.87469],[-2.46771,36.87458],[-2.46729,36.8746],[-2.46684,36.87481],[-2.46647,36.87515],[-2.46593,36.87536],[-2.4655,36.87531],[-2.46502,36.8751],[-2.46472,36.87513],[-2.46423,36.87587],[-2.464,36.87606],[-2.46186,36.87532],[-2.46163,36.87545],[-2.46154,36.87566],[-2.46158,36.87606],[-2.46145,36.87626],[-2.46106,36.87638],[-2.45895,36.87568],[-2.45703,36.87551]]]}},{"type":"Feature","properties":{"id":"0401306022"},"geometry":{"type":"Polygon","coordinates":[[[-2.42724,36.86629],[-2.42535,36.8661],[-2.42512,36.86512],[-2.42522,36.86374],[-2.42549,36.86252],[-2.42533,36.86121],[-2.42534,36.85967],[-2.42587,36.85805],[-2.42653,36.85656],[-2.42674,36.85535],[-2.43361,36.85453],[-2.43791,36.85775],[-2.44065,36.85561],[-2.44181,36.8566],[-2.44351,36.85902],[-2.44418,36.85969],[-2.44549,36.86047],[-2.44498,36.86122],[-2.44409,36.86347],[-2.44365,36.86407],[-2.44269,36.86477],[-2.44081,36.86381],[-2.43967,36.8635],[-2.43849,36.86332],[-2.43644,36.8638],[-2.43582,36.86403],[-2.43474,36.86461],[-2.43215,36.86564],[-2.43039,36.86661],[-2.43106,36.86771],[-2.43105,36.86836],[-2.43063,36.86844],[-2.43008,36.86838],[-2.42863,36.86793],[-2.42854,36.86886],[-2.42766,36.86905],[-2.42738,36.8664],[-2.42724,36.86629]]]}},{"type":"Feature","properties":{"id":"0401306024"},"geometry":{"type":"Polygon","coordinates":[[[-2.42971,36.84357],[-2.42976,36.8432],[-2.43233,36.84321],[-2.43219,36.84456],[-2.43242,36.84625],[-2.43261,36.84672],[-2.43333,36.84787],[-2.42866,36.84816],[-2.42929,36.84553],[-2.42941,36.84417],[-2.42971,36.84357]]]}},{"type":"Feature","properties":{"id":"0401306025"},"geometry":{"type":"Polygon","coordinates":[[[-2.45012,36.84336],[-2.45049,36.84559],[-2.44973,36.84572],[-2.44958,36.84539],[-2.44872,36.84459],[-2.44872,36.84337],[-2.45012,36.84336]]]}},{"type":"Feature","properties":{"id":"0401306026"},"geometry":{"type":"Polygon","coordinates":[[[-2.44677,36.84824],[-2.4474,36.84685],[-2.44732,36.84565],[-2.44793,36.84581],[-2.44882,36.84584],[-2.45101,36.84551],[-2.45181,36.84522],[-2.45234,36.84471],[-2.45272,36.84598],[-2.45261,36.84703],[-2.45266,36.84761],[-2.4503,36.84824],[-2.45029,36.84834],[-2.44802,36.84818],[-2.4472,36.84829],[-2.44677,36.84824]]]}},{"type":"Feature","properties":{"id":"0401306027"},"geometry":{"type":"Polygon","coordinates":[[[-2.45348,36.84497],[-2.45495,36.84455],[-2.45502,36.84507],[-2.45476,36.84513],[-2.45438,36.84686],[-2.45383,36.84802],[-2.45417,36.84821],[-2.45372,36.84879],[-2.45341,36.84682],[-2.45386,36.84597],[-2.45348,36.84497]]]}},{"type":"Feature","properties":{"id":"0401306028"},"geometry":{"type":"Polygon","coordinates":[[[-2.45481,36.84735],[-2.45604,36.84545],[-2.45649,36.84515],[-2.45723,36.84443],[-2.45697,36.84596],[-2.45636,36.84693],[-2.45655,36.847],[-2.4559,36.84772],[-2.45481,36.84735]]]}},{"type":"Feature","properties":{"id":"0401306029"},"geometry":{"type":"Polygon","coordinates":[[[-2.4559,36.84772],[-2.45655,36.847],[-2.45636,36.84693],[-2.45697,36.84596],[-2.45723,36.84443],[-2.45738,36.84429],[-2.45801,36.84425],[-2.45917,36.84607],[-2.45672,36.8483],[-2.4559,36.84772]]]}},{"type":"Feature","properties":{"id":"0401306030"},"geometry":{"type":"Polygon","coordinates":[[[-2.45616,36.85294],[-2.45696,36.85234],[-2.45721,36.85188],[-2.45857,36.85138],[-2.45824,36.85078],[-2.45762,36.85037],[-2.45871,36.84944],[-2.45905,36.8497],[-2.4587,36.85029],[-2.45984,36.85124],[-2.45896,36.8519],[-2.46004,36.85289],[-2.46205,36.85285],[-2.4619,36.85473],[-2.46126,36.85676],[-2.4596,36.85625],[-2.45921,36.85598],[-2.45809,36.85496],[-2.45677,36.854],[-2.45616,36.85294]]]}},{"type":"Feature","properties":{"id":"0401306031"},"geometry":{"type":"Polygon","coordinates":[[[-2.42866,36.84816],[-2.43333,36.84787],[-2.43366,36.84843],[-2.43371,36.84881],[-2.4335,36.84924],[-2.43242,36.85052],[-2.43213,36.85064],[-2.42832,36.84992],[-2.42866,36.84816]]]}},{"type":"Feature","properties":{"id":"0401306032"},"geometry":{"type":"Polygon","coordinates":[[[-2.43271,36.85018],[-2.43366,36.84896],[-2.43371,36.84863],[-2.43351,36.84816],[-2.43464,36.8479],[-2.43465,36.848],[-2.43545,36.84792],[-2.43734,36.84729],[-2.43751,36.84828],[-2.43738,36.8505],[-2.43605,36.85053],[-2.43332,36.85039],[-2.43271,36.85018]]]}},{"type":"Feature","properties":{"id":"0401306033"},"geometry":{"type":"Polygon","coordinates":[[[-2.47275,36.87632],[-2.47214,36.87506],[-2.47157,36.87455],[-2.4706,36.87406],[-2.4693,36.87321],[-2.46729,36.87227],[-2.46691,36.872],[-2.46695,36.87043],[-2.46731,36.86992],[-2.46781,36.86961],[-2.46751,36.86921],[-2.4676,36.86881],[-2.46713,36.86841],[-2.46714,36.86797],[-2.46624,36.86738],[-2.46636,36.86674],[-2.46589,36.86657],[-2.46577,36.86621],[-2.46511,36.866],[-2.46469,36.86553],[-2.4646,36.86505],[-2.46385,36.86454],[-2.46318,36.86287],[-2.46297,36.86272],[-2.46245,36.86177],[-2.46168,36.86076],[-2.4596,36.85873],[-2.45882,36.85808],[-2.45818,36.85776],[-2.45704,36.8575],[-2.45645,36.85727],[-2.45413,36.85498],[-2.45421,36.85391],[-2.45456,36.85305],[-2.45449,36.85262],[-2.45426,36.852],[-2.45343,36.85128],[-2.45447,36.85034],[-2.45571,36.85183],[-2.45609,36.8528],[-2.45677,36.854],[-2.45809,36.85496],[-2.4596,36.85625],[-2.46134,36.85679],[-2.46258,36.85691],[-2.46288,36.85681],[-2.46382,36.8569],[-2.46464,36.85712],[-2.46534,36.85769],[-2.46618,36.85808],[-2.46652,36.85821],[-2.46728,36.85833],[-2.4678,36.85931],[-2.46806,36.85944],[-2.46839,36.85953],[-2.46893,36.85928],[-2.47091,36.85947],[-2.47137,36.85962],[-2.47205,36.86004],[-2.47249,36.8608],[-2.47356,36.86111],[-2.47342,36.86137],[-2.47358,36.86148],[-2.47345,36.86182],[-2.47302,36.86201],[-2.47283,36.86233],[-2.47304,36.86301],[-2.47406,36.86375],[-2.47421,36.86399],[-2.47421,36.86472],[-2.47454,36.86534],[-2.47486,36.86556],[-2.47574,36.8667],[-2.47612,36.86849],[-2.47705,36.86925],[-2.47761,36.86952],[-2.47888,36.86988],[-2.47985,36.86968],[-2.48068,36.86972],[-2.48126,36.86952],[-2.48202,36.86992],[-2.4839,36.87031],[-2.48437,36.87079],[-2.4848,36.87107],[-2.48628,36.87147],[-2.48653,36.87159],[-2.48671,36.87186],[-2.48699,36.87201],[-2.48766,36.87218],[-2.48783,36.87229],[-2.48808,36.87283],[-2.48893,36.87376],[-2.48928,36.87406],[-2.49055,36.87475],[-2.49098,36.87527],[-2.4913,36.875],[-2.49148,36.87528],[-2.49163,36.87585],[-2.49209,36.87608],[-2.49133,36.87731],[-2.49139,36.8779],[-2.49127,36.87812],[-2.49128,36.87921],[-2.48894,36.87921],[-2.48322,36.87754],[-2.48097,36.87705],[-2.47275,36.87632]]]}},{"type":"Feature","properties":{"id":"0401306034"},"geometry":{"type":"Polygon","coordinates":[[[-2.44065,36.85562],[-2.44506,36.85479],[-2.44598,36.85489],[-2.44549,36.85889],[-2.44437,36.8598],[-2.44351,36.85902],[-2.44181,36.8566],[-2.44065,36.85562]]]}},{"type":"Feature","properties":{"id":"0401306035"},"geometry":{"type":"Polygon","coordinates":[[[-2.44552,36.8662],[-2.44269,36.86477],[-2.44365,36.86407],[-2.44409,36.86347],[-2.44498,36.86122],[-2.44663,36.85897],[-2.44682,36.85959],[-2.44853,36.86134],[-2.44882,36.86199],[-2.44877,36.8632],[-2.44823,36.86612],[-2.44552,36.8662]]]}},{"type":"Feature","properties":{"id":"0401306036"},"geometry":{"type":"Polygon","coordinates":[[[-2.45191,36.8521],[-2.45104,36.85206],[-2.44826,36.85216],[-2.4483,36.85156],[-2.44938,36.85144],[-2.45092,36.85104],[-2.45105,36.84965],[-2.45294,36.84964],[-2.45204,36.85144],[-2.45191,36.8521]]]}},{"type":"Feature","properties":{"id":"0401306037"},"geometry":{"type":"Polygon","coordinates":[[[-2.44196,36.84308],[-2.44173,36.84341],[-2.44157,36.84395],[-2.4412,36.8461],[-2.44098,36.84611],[-2.44032,36.84598],[-2.43971,36.84569],[-2.43889,36.845],[-2.43832,36.84466],[-2.43434,36.84308],[-2.43432,36.84318],[-2.42976,36.8432],[-2.42986,36.8422],[-2.43189,36.84225],[-2.43308,36.84219],[-2.43457,36.84227],[-2.4365,36.84262],[-2.43828,36.84334],[-2.43833,36.84328],[-2.43876,36.84337],[-2.44004,36.84335],[-2.44155,36.84305],[-2.44196,36.84308]]]}},{"type":"Feature","properties":{"id":"0401306038"},"geometry":{"type":"Polygon","coordinates":[[[-2.44166,36.8487],[-2.44363,36.84562],[-2.44419,36.84554],[-2.44698,36.84556],[-2.44732,36.84565],[-2.4474,36.84685],[-2.44651,36.8488],[-2.44354,36.84873],[-2.44329,36.84891],[-2.44284,36.84894],[-2.44166,36.8487]]]}},{"type":"Feature","properties":{"id":"0401306039"},"geometry":{"type":"Polygon","coordinates":[[[-2.44065,36.85561],[-2.43956,36.85349],[-2.43915,36.85144],[-2.43951,36.85111],[-2.44119,36.85213],[-2.44125,36.85207],[-2.44113,36.8518],[-2.44191,36.85162],[-2.44322,36.85146],[-2.44641,36.8514],[-2.44598,36.85489],[-2.44506,36.85479],[-2.44065,36.85561]]]}},{"type":"Feature","properties":{"id":"0401306040"},"geometry":{"type":"Polygon","coordinates":[[[-2.42674,36.85535],[-2.42686,36.85469],[-2.42832,36.84992],[-2.43216,36.85065],[-2.43238,36.85056],[-2.43271,36.85018],[-2.43332,36.85039],[-2.43605,36.85053],[-2.43787,36.85049],[-2.43844,36.8504],[-2.43959,36.85104],[-2.43915,36.85144],[-2.43956,36.85349],[-2.44065,36.85561],[-2.43791,36.85775],[-2.43361,36.85453],[-2.42674,36.85535]]]}},{"type":"Feature","properties":{"id":"0401306041"},"geometry":{"type":"Polygon","coordinates":[[[-2.43951,36.85111],[-2.44118,36.84967],[-2.44166,36.8487],[-2.44284,36.84894],[-2.44329,36.84891],[-2.44354,36.84873],[-2.44651,36.8488],[-2.44641,36.8514],[-2.44322,36.85146],[-2.44191,36.85162],[-2.44113,36.8518],[-2.44125,36.85207],[-2.44119,36.85213],[-2.43951,36.85111]]]}},{"type":"Feature","properties":{"id":"0401306042"},"geometry":{"type":"Polygon","coordinates":[[[-2.44826,36.85216],[-2.45104,36.85206],[-2.45191,36.8521],[-2.45177,36.85278],[-2.45089,36.85358],[-2.44946,36.85526],[-2.44849,36.85689],[-2.44718,36.85817],[-2.44549,36.86047],[-2.44437,36.8598],[-2.44549,36.85889],[-2.44633,36.85205],[-2.44826,36.85216]]]}},{"type":"Feature","properties":{"id":"0401306043"},"geometry":{"type":"Polygon","coordinates":[[[-2.43753,36.84432],[-2.4347,36.848],[-2.43464,36.8479],[-2.43351,36.84816],[-2.43261,36.84672],[-2.43242,36.84625],[-2.43219,36.84456],[-2.43233,36.84321],[-2.43432,36.84318],[-2.43434,36.84308],[-2.43753,36.84432]]]}},{"type":"Feature","properties":{"id":"0401307001"},"geometry":{"type":"Polygon","coordinates":[[[-2.45602,36.84198],[-2.45733,36.83996],[-2.45884,36.84056],[-2.45827,36.84142],[-2.45781,36.84251],[-2.45606,36.84251],[-2.45602,36.84198]]]}},{"type":"Feature","properties":{"id":"0401307002"},"geometry":{"type":"Polygon","coordinates":[[[-2.45505,36.841],[-2.45627,36.84152],[-2.45602,36.84198],[-2.45606,36.84251],[-2.45448,36.84269],[-2.45441,36.84209],[-2.45432,36.84209],[-2.45505,36.841]]]}},{"type":"Feature","properties":{"id":"0401307003"},"geometry":{"type":"Polygon","coordinates":[[[-2.45275,36.84291],[-2.45396,36.84054],[-2.45505,36.841],[-2.45432,36.84209],[-2.45441,36.84209],[-2.45448,36.84269],[-2.45275,36.84291]]]}},{"type":"Feature","properties":{"id":"0401307004"},"geometry":{"type":"Polygon","coordinates":[[[-2.45505,36.841],[-2.45604,36.83948],[-2.45733,36.83996],[-2.45627,36.84152],[-2.45505,36.841]]]}},{"type":"Feature","properties":{"id":"0401307005"},"geometry":{"type":"Polygon","coordinates":[[[-2.45884,36.84056],[-2.45668,36.83969],[-2.45763,36.83824],[-2.45976,36.83917],[-2.45884,36.84056]]]}},{"type":"Feature","properties":{"id":"0401307006"},"geometry":{"type":"Polygon","coordinates":[[[-2.45578,36.83743],[-2.45626,36.8366],[-2.45642,36.83661],[-2.45653,36.83649],[-2.45787,36.83655],[-2.45779,36.8367],[-2.45841,36.83696],[-2.45923,36.83709],[-2.4589,36.83759],[-2.45824,36.8373],[-2.45763,36.83824],[-2.45578,36.83743]]]}},{"type":"Feature","properties":{"id":"0401307007"},"geometry":{"type":"Polygon","coordinates":[[[-2.45923,36.83709],[-2.45905,36.83604],[-2.45892,36.83605],[-2.4589,36.83588],[-2.45902,36.83587],[-2.45891,36.83528],[-2.46275,36.83466],[-2.46073,36.83771],[-2.45923,36.83709]]]}},{"type":"Feature","properties":{"id":"0401307008"},"geometry":{"type":"Polygon","coordinates":[[[-2.45626,36.8366],[-2.45633,36.83644],[-2.45612,36.83533],[-2.45587,36.83496],[-2.45554,36.83407],[-2.46,36.83326],[-2.46127,36.83322],[-2.46176,36.83341],[-2.46052,36.83352],[-2.45939,36.83391],[-2.4596,36.83519],[-2.45805,36.83539],[-2.45822,36.83658],[-2.45653,36.83649],[-2.45642,36.83661],[-2.45626,36.8366]]]}},{"type":"Feature","properties":{"id":"0401307010"},"geometry":{"type":"Polygon","coordinates":[[[-2.45148,36.83962],[-2.45129,36.83814],[-2.45276,36.83799],[-2.45268,36.83716],[-2.45444,36.83706],[-2.4562,36.83651],[-2.45626,36.8366],[-2.45447,36.83967],[-2.45148,36.83962]]]}},{"type":"Feature","properties":{"id":"0401307011"},"geometry":{"type":"Polygon","coordinates":[[[-2.44981,36.84147],[-2.45169,36.84126],[-2.45369,36.84103],[-2.45295,36.84238],[-2.45269,36.84308],[-2.45012,36.84336],[-2.44981,36.84147]]]}},{"type":"Feature","properties":{"id":"0401307012"},"geometry":{"type":"Polygon","coordinates":[[[-2.45257,36.83359],[-2.45328,36.83167],[-2.45351,36.83173],[-2.45399,36.83047],[-2.46127,36.83322],[-2.46,36.83326],[-2.4556,36.83405],[-2.45486,36.83429],[-2.4538,36.83388],[-2.45257,36.83359]]]}},{"type":"Feature","properties":{"id":"0401307013"},"geometry":{"type":"Polygon","coordinates":[[[-2.45115,36.83326],[-2.44919,36.8335],[-2.44906,36.83053],[-2.45017,36.83071],[-2.4504,36.83053],[-2.45068,36.83062],[-2.45233,36.82984],[-2.45399,36.83047],[-2.45351,36.83173],[-2.45328,36.83167],[-2.45257,36.8336],[-2.45115,36.83326]]]}},{"type":"Feature","properties":{"id":"0401307014"},"geometry":{"type":"Polygon","coordinates":[[[-2.46226,36.83359],[-2.45232,36.82984],[-2.45356,36.82806],[-2.45585,36.82936],[-2.45645,36.82962],[-2.45663,36.82963],[-2.45711,36.82908],[-2.45724,36.82909],[-2.45731,36.82917],[-2.45674,36.82988],[-2.45702,36.8302],[-2.45789,36.83063],[-2.45899,36.82939],[-2.45923,36.82896],[-2.45929,36.829],[-2.45983,36.82835],[-2.45991,36.82839],[-2.45943,36.82906],[-2.45952,36.82919],[-2.45937,36.82912],[-2.45902,36.82961],[-2.45873,36.82981],[-2.45797,36.8307],[-2.45806,36.83076],[-2.4589,36.83118],[-2.45992,36.83141],[-2.46016,36.83108],[-2.46033,36.83099],[-2.46039,36.83116],[-2.46012,36.83143],[-2.46055,36.8317],[-2.46151,36.83182],[-2.4618,36.83157],[-2.46178,36.83189],[-2.46214,36.83203],[-2.46329,36.83208],[-2.46396,36.83131],[-2.46411,36.8314],[-2.46354,36.83205],[-2.46362,36.83207],[-2.46251,36.83315],[-2.46226,36.83359]]]}},{"type":"Feature","properties":{"id":"0401307015"},"geometry":{"type":"Polygon","coordinates":[[[-2.44724,36.8275],[-2.44854,36.82631],[-2.44863,36.82637],[-2.44889,36.82613],[-2.44956,36.82674],[-2.45222,36.82973],[-2.44959,36.82881],[-2.44793,36.82852],[-2.4482,36.82777],[-2.44724,36.8275]]]}},{"type":"Feature","properties":{"id":"0401307016"},"geometry":{"type":"Polygon","coordinates":[[[-2.44627,36.82915],[-2.44671,36.82923],[-2.44684,36.8284],[-2.44724,36.8275],[-2.4482,36.82777],[-2.44793,36.82852],[-2.44959,36.82881],[-2.45222,36.82973],[-2.45233,36.82984],[-2.45068,36.83062],[-2.4504,36.83053],[-2.45017,36.83071],[-2.44906,36.83053],[-2.44904,36.83124],[-2.44737,36.83136],[-2.44737,36.83146],[-2.44713,36.83168],[-2.44617,36.83175],[-2.44588,36.83002],[-2.4464,36.82981],[-2.44627,36.82915]]]}},{"type":"Feature","properties":{"id":"0401307017"},"geometry":{"type":"Polygon","coordinates":[[[-2.4467,36.83344],[-2.44665,36.83324],[-2.44539,36.833],[-2.4446,36.83295],[-2.44341,36.83311],[-2.44362,36.83294],[-2.44395,36.83192],[-2.44713,36.83168],[-2.44737,36.83146],[-2.44737,36.83136],[-2.44904,36.83124],[-2.44921,36.83383],[-2.44831,36.83388],[-2.44826,36.83337],[-2.4467,36.83344]]]}},{"type":"Feature","properties":{"id":"0401307018"},"geometry":{"type":"Polygon","coordinates":[[[-2.44346,36.83888],[-2.443,36.83818],[-2.44134,36.83748],[-2.43834,36.83654],[-2.43538,36.836],[-2.43411,36.83552],[-2.43354,36.83519],[-2.43227,36.83402],[-2.4311,36.8337],[-2.43162,36.83204],[-2.43397,36.83169],[-2.43483,36.83147],[-2.43695,36.83162],[-2.43751,36.83171],[-2.43817,36.83197],[-2.43836,36.83332],[-2.44275,36.83284],[-2.44349,36.83304],[-2.44304,36.83364],[-2.44307,36.83386],[-2.44252,36.83466],[-2.44215,36.83498],[-2.44193,36.83541],[-2.44342,36.83559],[-2.44416,36.83555],[-2.44698,36.83509],[-2.4467,36.83344],[-2.44826,36.83337],[-2.44831,36.83388],[-2.44921,36.83383],[-2.44924,36.8361],[-2.44725,36.83675],[-2.44748,36.83798],[-2.44379,36.83911],[-2.44346,36.83888]]]}},{"type":"Feature","properties":{"id":"0401307019"},"geometry":{"type":"Polygon","coordinates":[[[-2.44542,36.82709],[-2.4449,36.82386],[-2.44565,36.82303],[-2.44814,36.82463],[-2.44788,36.82489],[-2.44764,36.8249],[-2.44749,36.82509],[-2.44889,36.82613],[-2.44863,36.82637],[-2.44854,36.82631],[-2.44751,36.82724],[-2.44628,36.82638],[-2.44542,36.82709]]]}},{"type":"Feature","properties":{"id":"0401307020"},"geometry":{"type":"Polygon","coordinates":[[[-2.44236,36.82036],[-2.4395,36.82448],[-2.43921,36.82438],[-2.43859,36.82437],[-2.43727,36.82466],[-2.43724,36.82142],[-2.43728,36.82124],[-2.43767,36.8208],[-2.43771,36.81884],[-2.43852,36.81781],[-2.44123,36.8197],[-2.44236,36.82036]]]}},{"type":"Feature","properties":{"id":"0401307021"},"geometry":{"type":"Polygon","coordinates":[[[-2.42044,36.85388],[-2.42089,36.84927],[-2.42105,36.84857],[-2.42166,36.84741],[-2.42186,36.84667],[-2.42172,36.84577],[-2.42114,36.84419],[-2.42039,36.84244],[-2.41943,36.84084],[-2.4192,36.8396],[-2.41824,36.83959],[-2.41501,36.84017],[-2.41285,36.84086],[-2.41213,36.84096],[-2.41185,36.84088],[-2.41018,36.84085],[-2.40839,36.84039],[-2.40824,36.84042],[-2.40803,36.84006],[-2.40742,36.83942],[-2.40622,36.83846],[-2.40588,36.83819],[-2.40554,36.83827],[-2.40502,36.83708],[-2.40352,36.83494],[-2.40303,36.83396],[-2.40168,36.83199],[-2.4019,36.83118],[-2.40183,36.83054],[-2.40112,36.82752],[-2.40215,36.82714],[-2.40628,36.82513],[-2.4112,36.8194],[-2.41865,36.81671],[-2.42011,36.81487],[-2.42158,36.81418],[-2.42512,36.81104],[-2.42974,36.81053],[-2.4295,36.81258],[-2.42912,36.81354],[-2.42771,36.82247],[-2.42723,36.82418],[-2.42678,36.82682],[-2.42689,36.82722],[-2.42685,36.82869],[-2.42704,36.82997],[-2.42811,36.83443],[-2.42848,36.83673],[-2.43002,36.84127],[-2.42971,36.84357],[-2.42941,36.84417],[-2.42929,36.84553],[-2.42887,36.84709],[-2.42832,36.84992],[-2.42686,36.85469],[-2.42653,36.85656],[-2.42587,36.85805],[-2.42534,36.85967],[-2.42533,36.86121],[-2.42549,36.86252],[-2.42522,36.86374],[-2.42512,36.86512],[-2.42535,36.8661],[-2.42095,36.86617],[-2.42079,36.86624],[-2.4205,36.86557],[-2.41999,36.86513],[-2.41909,36.8641],[-2.41903,36.86391],[-2.41916,36.86272],[-2.41978,36.85908],[-2.41975,36.85857],[-2.42044,36.85388]]]}},{"type":"Feature","properties":{"id":"0401307022"},"geometry":{"type":"Polygon","coordinates":[[[-2.36184,36.85214],[-2.36166,36.85156],[-2.36153,36.84956],[-2.36131,36.84899],[-2.36119,36.84884],[-2.36091,36.84878],[-2.35952,36.84864],[-2.3597,36.84799],[-2.35934,36.84693],[-2.35934,36.84588],[-2.35905,36.84386],[-2.35928,36.84154],[-2.36197,36.84189],[-2.36812,36.84146],[-2.37464,36.83885],[-2.37585,36.84107],[-2.37767,36.84073],[-2.37828,36.84037],[-2.38441,36.83892],[-2.38957,36.8376],[-2.38993,36.83769],[-2.39008,36.83763],[-2.38937,36.83617],[-2.38844,36.83284],[-2.39263,36.8306],[-2.40112,36.82752],[-2.40183,36.83054],[-2.4019,36.83118],[-2.40168,36.83199],[-2.40303,36.83396],[-2.40352,36.83494],[-2.40502,36.83708],[-2.40554,36.83827],[-2.40588,36.83819],[-2.40622,36.83846],[-2.40742,36.83942],[-2.40803,36.84006],[-2.40824,36.84042],[-2.40788,36.84048],[-2.4053,36.84031],[-2.40429,36.84049],[-2.40122,36.84045],[-2.39926,36.84088],[-2.39803,36.84155],[-2.39559,36.84269],[-2.39202,36.844],[-2.38609,36.84687],[-2.38401,36.84745],[-2.37556,36.84944],[-2.37382,36.8497],[-2.37056,36.8507],[-2.36184,36.85214]]]}},{"type":"Feature","properties":{"id":"0401307023"},"geometry":{"type":"Polygon","coordinates":[[[-2.42106,36.84404],[-2.41524,36.8456],[-2.41337,36.84574],[-2.41182,36.84567],[-2.41024,36.84546],[-2.40687,36.84441],[-2.40427,36.84381],[-2.39969,36.8435],[-2.39119,36.84565],[-2.39043,36.84595],[-2.38946,36.84523],[-2.39202,36.844],[-2.39559,36.84269],[-2.39803,36.84155],[-2.39926,36.84088],[-2.40054,36.84057],[-2.40122,36.84045],[-2.40429,36.84049],[-2.4053,36.84031],[-2.40788,36.84048],[-2.40839,36.84039],[-2.41018,36.84085],[-2.41185,36.84088],[-2.41213,36.84096],[-2.41285,36.84086],[-2.41501,36.84017],[-2.41824,36.83959],[-2.4192,36.8396],[-2.41943,36.84084],[-2.42039,36.84244],[-2.42106,36.84404]]]}},{"type":"Feature","properties":{"id":"0401307024"},"geometry":{"type":"Polygon","coordinates":[[[-2.38092,36.88249],[-2.37888,36.88233],[-2.37721,36.88241],[-2.37558,36.88231],[-2.37542,36.88143],[-2.3765,36.87705],[-2.3767,36.87689],[-2.37695,36.87628],[-2.37735,36.87475],[-2.37687,36.87312],[-2.37656,36.86965],[-2.37681,36.86667],[-2.37721,36.8652],[-2.37714,36.86302],[-2.37656,36.85944],[-2.37671,36.85789],[-2.38133,36.85986],[-2.38536,36.8604],[-2.39087,36.86068],[-2.39186,36.86066],[-2.39243,36.86055],[-2.39484,36.85913],[-2.39562,36.85895],[-2.39583,36.8598],[-2.39632,36.86059],[-2.39646,36.86075],[-2.39712,36.86081],[-2.39733,36.8609],[-2.39742,36.86122],[-2.39739,36.86175],[-2.39703,36.86272],[-2.39715,36.86298],[-2.39745,36.86322],[-2.39804,36.86345],[-2.39855,36.86393],[-2.39876,36.8644],[-2.39824,36.86506],[-2.3978,36.86514],[-2.39659,36.86623],[-2.39659,36.86684],[-2.39767,36.86761],[-2.39885,36.86861],[-2.3988,36.86887],[-2.39742,36.86921],[-2.39728,36.86959],[-2.40002,36.87125],[-2.40078,36.87155],[-2.4012,36.87201],[-2.39987,36.87239],[-2.39977,36.87273],[-2.39981,36.87388],[-2.40015,36.87498],[-2.38876,36.87985],[-2.3836,36.88342],[-2.38222,36.88284],[-2.38092,36.88249]]]}},{"type":"Feature","properties":{"id":"0401307025"},"geometry":{"type":"Polygon","coordinates":[[[-2.44952,36.8396],[-2.44909,36.83748],[-2.44979,36.83735],[-2.45268,36.83716],[-2.45276,36.83799],[-2.45129,36.83814],[-2.45148,36.83962],[-2.44952,36.8396]]]}},{"type":"Feature","properties":{"id":"0401307026"},"geometry":{"type":"Polygon","coordinates":[[[-2.45396,36.84054],[-2.45501,36.83875],[-2.4561,36.83916],[-2.45592,36.83943],[-2.45604,36.83948],[-2.45505,36.841],[-2.45396,36.84054]]]}},{"type":"Feature","properties":{"id":"0401307027"},"geometry":{"type":"Polygon","coordinates":[[[-2.45668,36.83969],[-2.45592,36.83943],[-2.4561,36.83916],[-2.45501,36.83875],[-2.45578,36.83743],[-2.45763,36.83824],[-2.45668,36.83969]]]}},{"type":"Feature","properties":{"id":"0401307028"},"geometry":{"type":"Polygon","coordinates":[[[-2.45763,36.83824],[-2.45824,36.8373],[-2.4589,36.83759],[-2.45923,36.83709],[-2.46073,36.83771],[-2.45976,36.83917],[-2.45763,36.83824]]]}},{"type":"Feature","properties":{"id":"0401307029"},"geometry":{"type":"Polygon","coordinates":[[[-2.45787,36.83655],[-2.45822,36.83658],[-2.45805,36.83539],[-2.45891,36.83528],[-2.45902,36.83587],[-2.4589,36.83588],[-2.45892,36.83605],[-2.45905,36.83604],[-2.45923,36.83709],[-2.45841,36.83696],[-2.45779,36.8367],[-2.45787,36.83655]]]}},{"type":"Feature","properties":{"id":"0401307030"},"geometry":{"type":"Polygon","coordinates":[[[-2.44924,36.8361],[-2.44919,36.8335],[-2.45115,36.83326],[-2.45153,36.83537],[-2.44924,36.8361]]]}},{"type":"Feature","properties":{"id":"0401307031"},"geometry":{"type":"Polygon","coordinates":[[[-2.44379,36.83911],[-2.44909,36.83748],[-2.44952,36.8396],[-2.44745,36.83957],[-2.44744,36.83965],[-2.44478,36.83973],[-2.44379,36.83911]]]}},{"type":"Feature","properties":{"id":"0401307032"},"geometry":{"type":"Polygon","coordinates":[[[-2.44734,36.84178],[-2.44745,36.83957],[-2.45447,36.83967],[-2.45369,36.84103],[-2.44981,36.84147],[-2.44973,36.84101],[-2.44871,36.84102],[-2.44869,36.8418],[-2.44734,36.84178]]]}},{"type":"Feature","properties":{"id":"0401307033"},"geometry":{"type":"Polygon","coordinates":[[[-2.46176,36.83341],[-2.46323,36.83395],[-2.46275,36.83466],[-2.4596,36.83519],[-2.45939,36.83391],[-2.46052,36.83352],[-2.46176,36.83341]]]}},{"type":"Feature","properties":{"id":"0401307034"},"geometry":{"type":"Polygon","coordinates":[[[-2.44734,36.84178],[-2.44869,36.8418],[-2.44871,36.84102],[-2.44973,36.84101],[-2.45012,36.84336],[-2.4473,36.84337],[-2.44734,36.84178]]]}},{"type":"Feature","properties":{"id":"0401307035"},"geometry":{"type":"Polygon","coordinates":[[[-2.45232,36.82984],[-2.44927,36.82645],[-2.44749,36.82509],[-2.44764,36.8249],[-2.44788,36.82489],[-2.44814,36.82463],[-2.4483,36.82465],[-2.44834,36.8247],[-2.44821,36.8248],[-2.44831,36.8249],[-2.44946,36.82558],[-2.45003,36.82581],[-2.45146,36.82674],[-2.45158,36.82668],[-2.45149,36.82692],[-2.45356,36.82806],[-2.45232,36.82984]]]}},{"type":"Feature","properties":{"id":"0401307036"},"geometry":{"type":"Polygon","coordinates":[[[-2.44396,36.83192],[-2.44316,36.82745],[-2.44444,36.8274],[-2.4444,36.82715],[-2.44543,36.82709],[-2.44628,36.82638],[-2.44751,36.82724],[-2.44724,36.8275],[-2.44684,36.8284],[-2.44671,36.82923],[-2.44627,36.82915],[-2.4464,36.82981],[-2.44588,36.83002],[-2.44617,36.83175],[-2.44396,36.83192]]]}},{"type":"Feature","properties":{"id":"0401307037"},"geometry":{"type":"Polygon","coordinates":[[[-2.43833,36.84328],[-2.44014,36.84115],[-2.44094,36.84047],[-2.44346,36.83888],[-2.44478,36.83973],[-2.44744,36.83965],[-2.4473,36.84337],[-2.44155,36.84305],[-2.44004,36.84335],[-2.43932,36.8434],[-2.43833,36.84328]]]}},{"type":"Feature","properties":{"id":"0401307038"},"geometry":{"type":"Polygon","coordinates":[[[-2.37464,36.83885],[-2.38594,36.83432],[-2.38725,36.83348],[-2.38844,36.83284],[-2.38937,36.83617],[-2.39008,36.83763],[-2.38993,36.83769],[-2.38957,36.8376],[-2.38441,36.83892],[-2.37828,36.84037],[-2.37767,36.84073],[-2.37585,36.84107],[-2.37464,36.83885]]]}},{"type":"Feature","properties":{"id":"0401307039"},"geometry":{"type":"Polygon","coordinates":[[[-2.44341,36.83311],[-2.44485,36.83296],[-2.44665,36.83324],[-2.44698,36.83509],[-2.44416,36.83555],[-2.44342,36.83559],[-2.44193,36.83541],[-2.44215,36.83498],[-2.44252,36.83466],[-2.44307,36.83386],[-2.44304,36.83364],[-2.44341,36.83311]]]}},{"type":"Feature","properties":{"id":"0401307040"},"geometry":{"type":"Polygon","coordinates":[[[-2.39733,36.8609],[-2.39712,36.86081],[-2.39646,36.86075],[-2.39632,36.86059],[-2.39583,36.8598],[-2.39562,36.85898],[-2.39557,36.85706],[-2.39591,36.85541],[-2.39589,36.85464],[-2.39573,36.85407],[-2.39536,36.85359],[-2.3951,36.85342],[-2.394,36.85313],[-2.39245,36.85238],[-2.39221,36.85214],[-2.3918,36.85128],[-2.39205,36.85119],[-2.39205,36.85055],[-2.39236,36.84958],[-2.39306,36.84823],[-2.39304,36.84772],[-2.39243,36.84708],[-2.39043,36.84595],[-2.39119,36.84565],[-2.39969,36.8435],[-2.40427,36.84381],[-2.40687,36.84441],[-2.41024,36.84546],[-2.41182,36.84567],[-2.41337,36.84574],[-2.41524,36.8456],[-2.42106,36.84404],[-2.42172,36.84577],[-2.42185,36.84688],[-2.42132,36.84818],[-2.42105,36.84857],[-2.42089,36.84927],[-2.42043,36.85406],[-2.41903,36.86391],[-2.41909,36.8641],[-2.41957,36.86466],[-2.4205,36.86557],[-2.42079,36.86624],[-2.41469,36.86874],[-2.40015,36.87498],[-2.39981,36.87388],[-2.39977,36.87273],[-2.39987,36.87239],[-2.4012,36.87201],[-2.40078,36.87155],[-2.40002,36.87125],[-2.39728,36.86959],[-2.39742,36.86921],[-2.3988,36.86887],[-2.39885,36.86861],[-2.39767,36.86761],[-2.39659,36.86684],[-2.39659,36.86623],[-2.3978,36.86514],[-2.39824,36.86506],[-2.39876,36.8644],[-2.39855,36.86393],[-2.39804,36.86345],[-2.39745,36.86322],[-2.39715,36.86298],[-2.39703,36.86272],[-2.39739,36.86175],[-2.39742,36.86122],[-2.39733,36.8609]]]}},{"type":"Feature","properties":{"id":"0401307041"},"geometry":{"type":"Polygon","coordinates":[[[-2.37671,36.85789],[-2.37713,36.85633],[-2.37784,36.85455],[-2.37796,36.85374],[-2.37642,36.85241],[-2.37563,36.85146],[-2.37547,36.85086],[-2.37555,36.84939],[-2.38401,36.84745],[-2.38609,36.84687],[-2.38946,36.84523],[-2.3904,36.84593],[-2.39243,36.84708],[-2.39304,36.84772],[-2.39306,36.84823],[-2.39236,36.84958],[-2.39205,36.85055],[-2.39205,36.85119],[-2.3918,36.85128],[-2.39221,36.85214],[-2.39245,36.85238],[-2.394,36.85313],[-2.3951,36.85342],[-2.39536,36.85359],[-2.39573,36.85407],[-2.39589,36.85464],[-2.39591,36.85541],[-2.39557,36.85706],[-2.39562,36.85895],[-2.39484,36.85913],[-2.39243,36.86055],[-2.39186,36.86066],[-2.39087,36.86068],[-2.38536,36.8604],[-2.38133,36.85986],[-2.37671,36.85789]]]}},{"type":"Feature","properties":{"id":"0401307042"},"geometry":{"type":"Polygon","coordinates":[[[-2.45115,36.83326],[-2.4538,36.83388],[-2.45486,36.83429],[-2.45153,36.83537],[-2.45115,36.83326]]]}},{"type":"Feature","properties":{"id":"0401307043"},"geometry":{"type":"Polygon","coordinates":[[[-2.4269,36.82767],[-2.42678,36.82682],[-2.4269,36.82572],[-2.42771,36.82247],[-2.42912,36.81354],[-2.4295,36.81258],[-2.42974,36.81053],[-2.42987,36.81051],[-2.43123,36.81136],[-2.43493,36.81501],[-2.43503,36.81545],[-2.43852,36.81781],[-2.43771,36.81884],[-2.43767,36.8208],[-2.43728,36.82124],[-2.43724,36.82142],[-2.43727,36.82466],[-2.43859,36.82437],[-2.43921,36.82438],[-2.43976,36.82457],[-2.43875,36.82629],[-2.44041,36.82678],[-2.43907,36.82642],[-2.43777,36.82628],[-2.43445,36.8268],[-2.4328,36.82771],[-2.43077,36.82776],[-2.42918,36.82753],[-2.4269,36.82767]]]}},{"type":"Feature","properties":{"id":"0401307044"},"geometry":{"type":"Polygon","coordinates":[[[-2.43813,36.83195],[-2.43817,36.83161],[-2.43981,36.83146],[-2.4397,36.83004],[-2.44352,36.82965],[-2.44396,36.83192],[-2.44362,36.83294],[-2.44349,36.83304],[-2.44275,36.83284],[-2.43836,36.83332],[-2.43813,36.83195]]]}},{"type":"Feature","properties":{"id":"0401307045"},"geometry":{"type":"Polygon","coordinates":[[[-2.42986,36.8422],[-2.43002,36.84127],[-2.42848,36.83673],[-2.42811,36.83443],[-2.4278,36.83345],[-2.43118,36.83371],[-2.43227,36.83402],[-2.43354,36.83519],[-2.43411,36.83552],[-2.43538,36.836],[-2.43834,36.83654],[-2.44134,36.83748],[-2.443,36.83818],[-2.44346,36.83888],[-2.44094,36.84047],[-2.44014,36.84115],[-2.43828,36.84334],[-2.4365,36.84262],[-2.43457,36.84227],[-2.43308,36.84219],[-2.43189,36.84225],[-2.42986,36.8422]]]}},{"type":"Feature","properties":{"id":"0401307047"},"geometry":{"type":"Polygon","coordinates":[[[-2.44725,36.83675],[-2.45554,36.83407],[-2.45587,36.83496],[-2.45612,36.83533],[-2.45633,36.83644],[-2.45626,36.8366],[-2.4562,36.83651],[-2.45562,36.83663],[-2.45444,36.83706],[-2.44979,36.83735],[-2.44871,36.83756],[-2.44748,36.83798],[-2.44725,36.83675]]]}},{"type":"Feature","properties":{"id":"0401307048"},"geometry":{"type":"Polygon","coordinates":[[[-2.4278,36.83345],[-2.42704,36.82997],[-2.42685,36.82869],[-2.4269,36.82767],[-2.42918,36.82753],[-2.43077,36.82776],[-2.4328,36.82771],[-2.43445,36.8268],[-2.43777,36.82628],[-2.43907,36.82642],[-2.44041,36.82678],[-2.44094,36.82711],[-2.44184,36.82745],[-2.44316,36.82745],[-2.44352,36.82965],[-2.4397,36.83004],[-2.43981,36.83146],[-2.43817,36.83161],[-2.43813,36.83195],[-2.43726,36.83165],[-2.43483,36.83147],[-2.43397,36.83169],[-2.43162,36.83204],[-2.4311,36.8337],[-2.4278,36.83345]]]}},{"type":"Feature","properties":{"id":"0401307049"},"geometry":{"type":"Polygon","coordinates":[[[-2.4395,36.82448],[-2.44236,36.82036],[-2.44283,36.82056],[-2.44308,36.82057],[-2.44396,36.81974],[-2.44396,36.81963],[-2.44426,36.81969],[-2.44441,36.81989],[-2.44312,36.82104],[-2.44312,36.82114],[-2.44344,36.82167],[-2.44399,36.82198],[-2.44402,36.82207],[-2.44426,36.82196],[-2.44425,36.82212],[-2.44565,36.82303],[-2.4449,36.82386],[-2.44542,36.82709],[-2.4444,36.82715],[-2.44444,36.8274],[-2.44417,36.82745],[-2.44184,36.82745],[-2.44094,36.82711],[-2.44039,36.82677],[-2.43875,36.82629],[-2.43976,36.82457],[-2.4395,36.82448]]]}},{"type":"Feature","properties":{"id":"0401308001"},"geometry":{"type":"Polygon","coordinates":[[[-2.30354,36.99762],[-2.30286,36.99735],[-2.30217,36.99679],[-2.3017,36.99665],[-2.30131,36.99635],[-2.3012,36.99592],[-2.30137,36.99551],[-2.30137,36.99523],[-2.30092,36.99489],[-2.29956,36.99299],[-2.30056,36.98846],[-2.301,36.9859],[-2.30101,36.98497],[-2.29925,36.97325],[-2.29954,36.97273],[-2.29934,36.97228],[-2.29963,36.97172],[-2.29966,36.9711],[-2.29943,36.96983],[-2.29884,36.96928],[-2.29875,36.96909],[-2.29882,36.96858],[-2.29867,36.96657],[-2.2983,36.96607],[-2.29705,36.9648],[-2.2965,36.96386],[-2.29645,36.96328],[-2.29677,36.96203],[-2.29665,36.96188],[-2.2964,36.96183],[-2.29568,36.96217],[-2.29535,36.96207],[-2.29531,36.96177],[-2.29612,36.96035],[-2.29624,36.95974],[-2.29604,36.95967],[-2.29523,36.9598],[-2.29499,36.95968],[-2.29463,36.95909],[-2.29371,36.95894],[-2.2932,36.95869],[-2.29256,36.95784],[-2.29211,36.95762],[-2.29119,36.95744],[-2.29047,36.95703],[-2.29033,36.95646],[-2.29039,36.9556],[-2.29024,36.95452],[-2.28894,36.95243],[-2.28873,36.95115],[-2.28815,36.95008],[-2.28819,36.94883],[-2.28653,36.9466],[-2.28631,36.94648],[-2.28722,36.946],[-2.28725,36.94549],[-2.28825,36.94569],[-2.28864,36.94597],[-2.28942,36.94621],[-2.2898,36.94643],[-2.29081,36.94657],[-2.29242,36.94617],[-2.29279,36.94641],[-2.29313,36.94625],[-2.29337,36.94641],[-2.29408,36.94653],[-2.29466,36.94691],[-2.29574,36.94682],[-2.2964,36.94663],[-2.29701,36.94669],[-2.29701,36.94716],[-2.29674,36.94729],[-2.29679,36.94747],[-2.29729,36.94804],[-2.29778,36.94826],[-2.2982,36.95034],[-2.29842,36.9506],[-2.29937,36.95121],[-2.29993,36.9513],[-2.30027,36.95128],[-2.30035,36.95087],[-2.30148,36.95074],[-2.30214,36.95049],[-2.3026,36.95019],[-2.30287,36.95035],[-2.30316,36.95073],[-2.30355,36.95081],[-2.3038,36.95069],[-2.30409,36.95073],[-2.30443,36.95099],[-2.30453,36.95136],[-2.30474,36.95144],[-2.30523,36.95143],[-2.30538,36.95137],[-2.30536,36.95109],[-2.30582,36.95096],[-2.30566,36.95074],[-2.30585,36.95057],[-2.30671,36.95022],[-2.30691,36.95],[-2.30676,36.94988],[-2.30578,36.94998],[-2.30481,36.94983],[-2.30464,36.94942],[-2.30472,36.94922],[-2.30416,36.94859],[-2.30467,36.9484],[-2.30518,36.94901],[-2.30528,36.94927],[-2.30564,36.94945],[-2.30618,36.94953],[-2.3065,36.94943],[-2.30748,36.94938],[-2.30802,36.94919],[-2.3085,36.94913],[-2.30935,36.94839],[-2.30938,36.94736],[-2.30895,36.9466],[-2.30632,36.94551],[-2.30674,36.94462],[-2.30654,36.94311],[-2.30515,36.94142],[-2.30386,36.94031],[-2.30259,36.93879],[-2.30206,36.93872],[-2.30174,36.93849],[-2.30191,36.93703],[-2.30132,36.93659],[-2.3004,36.93391],[-2.30025,36.93187],[-2.29991,36.93113],[-2.30007,36.93061],[-2.30008,36.92996],[-2.30085,36.92847],[-2.30014,36.92496],[-2.30004,36.92385],[-2.3004,36.92318],[-2.30085,36.92194],[-2.30088,36.92115],[-2.30127,36.91943],[-2.30197,36.91789],[-2.30237,36.91734],[-2.30299,36.9158],[-2.30341,36.91537],[-2.30308,36.91466],[-2.30209,36.91476],[-2.3016,36.91466],[-2.30109,36.91433],[-2.30061,36.91324],[-2.29923,36.91279],[-2.29859,36.91237],[-2.29872,36.91213],[-2.29869,36.91178],[-2.29803,36.91123],[-2.29764,36.91054],[-2.29761,36.91025],[-2.29787,36.90998],[-2.29851,36.90883],[-2.29893,36.90851],[-2.29939,36.90779],[-2.29955,36.90729],[-2.29934,36.90707],[-2.2993,36.90688],[-2.29949,36.90643],[-2.29973,36.90621],[-2.29969,36.9059],[-2.29985,36.90541],[-2.29859,36.90477],[-2.2983,36.90424],[-2.29796,36.90408],[-2.29773,36.90375],[-2.29695,36.90332],[-2.29735,36.90317],[-2.29748,36.90296],[-2.29742,36.90202],[-2.29818,36.90202],[-2.29924,36.90223],[-2.29915,36.90187],[-2.29979,36.90117],[-2.29999,36.90063],[-2.30097,36.90059],[-2.30129,36.90036],[-2.30156,36.90002],[-2.30186,36.89879],[-2.30297,36.89684],[-2.30372,36.89585],[-2.30395,36.89531],[-2.30417,36.89516],[-2.30457,36.89507],[-2.30474,36.89331],[-2.30499,36.89233],[-2.30607,36.89018],[-2.30637,36.88876],[-2.30602,36.88841],[-2.30651,36.88754],[-2.30668,36.88654],[-2.30664,36.88593],[-2.30658,36.88549],[-2.30605,36.88447],[-2.30612,36.88401],[-2.30586,36.8835],[-2.30591,36.88316],[-2.30526,36.88257],[-2.30496,36.8819],[-2.3051,36.88107],[-2.30493,36.88068],[-2.30517,36.88035],[-2.30475,36.87974],[-2.30481,36.87957],[-2.3052,36.87925],[-2.30515,36.87906],[-2.30486,36.87877],[-2.30542,36.87818],[-2.30534,36.87791],[-2.30549,36.87772],[-2.30551,36.87741],[-2.30543,36.8768],[-2.30551,36.87607],[-2.30534,36.8759],[-2.30539,36.87544],[-2.30497,36.87509],[-2.30597,36.87412],[-2.30711,36.8725],[-2.30776,36.87185],[-2.30837,36.87137],[-2.30975,36.87054],[-2.30984,36.8704],[-2.30977,36.8693],[-2.31008,36.86712],[-2.31052,36.8665],[-2.31151,36.86547],[-2.31172,36.86508],[-2.31111,36.86459],[-2.31085,36.8639],[-2.30968,36.86333],[-2.30979,36.86299],[-2.31061,36.86166],[-2.31252,36.86062],[-2.31495,36.85902],[-2.31556,36.8585],[-2.31843,36.85557],[-2.32022,36.85216],[-2.3451,36.85222],[-2.35062,36.852],[-2.35147,36.85203],[-2.35294,36.85229],[-2.35446,36.85293],[-2.35498,36.85289],[-2.35509,36.85321],[-2.35441,36.85339],[-2.3536,36.85429],[-2.35332,36.85611],[-2.35362,36.85712],[-2.35213,36.86053],[-2.35143,36.86116],[-2.35075,36.86231],[-2.35124,36.86462],[-2.35062,36.86469],[-2.35047,36.86484],[-2.35077,36.86583],[-2.34977,36.86715],[-2.34873,36.87129],[-2.34943,36.87267],[-2.35164,36.87859],[-2.3526,36.88176],[-2.35152,36.88425],[-2.352,36.88589],[-2.35374,36.88765],[-2.35352,36.88929],[-2.35442,36.8906],[-2.35414,36.89925],[-2.35413,36.90812],[-2.35374,36.9209],[-2.35609,36.92646],[-2.3543,36.93063],[-2.35435,36.93244],[-2.35673,36.93455],[-2.35841,36.93574],[-2.35742,36.94405],[-2.35488,36.95365],[-2.35277,36.96065],[-2.34974,36.96895],[-2.35697,36.97603],[-2.35684,36.97644],[-2.35578,36.97824],[-2.35488,36.98002],[-2.35484,36.98047],[-2.35542,36.98222],[-2.35629,36.9843],[-2.35742,36.98793],[-2.35754,36.98853],[-2.35748,36.98896],[-2.35595,36.99081],[-2.3542,36.99233],[-2.35367,36.99302],[-2.35337,36.99325],[-2.35193,36.99334],[-2.34786,36.99421],[-2.34739,36.99423],[-2.34635,36.994],[-2.3444,36.99341],[-2.34346,36.99301],[-2.34217,36.99338],[-2.3416,36.99332],[-2.34035,36.99295],[-2.33913,36.99407],[-2.33887,36.99416],[-2.33713,36.99443],[-2.3359,36.99446],[-2.33515,36.99487],[-2.33375,36.99523],[-2.33246,36.99538],[-2.33107,36.99571],[-2.33,36.99616],[-2.32912,36.99676],[-2.32841,36.99707],[-2.32779,36.99716],[-2.32718,36.99711],[-2.32667,36.99686],[-2.32604,36.9962],[-2.32548,36.99592],[-2.32492,36.99579],[-2.32434,36.99589],[-2.32305,36.99651],[-2.32087,36.99521],[-2.32065,36.9952],[-2.31904,36.99613],[-2.31841,36.99635],[-2.31615,36.99677],[-2.31552,36.9971],[-2.31487,36.99765],[-2.31411,36.99849],[-2.31361,36.99882],[-2.31238,36.99908],[-2.31067,37.00001],[-2.31001,36.9999],[-2.30912,36.99956],[-2.30673,36.99816],[-2.30471,36.99799],[-2.30432,36.99775],[-2.30354,36.99762]]]}},{"type":"Feature","properties":{"id":"0401308002"},"geometry":{"type":"Polygon","coordinates":[[[-2.3212,36.85213],[-2.32157,36.85108],[-2.32203,36.85044],[-2.32323,36.8492],[-2.32416,36.84803],[-2.32467,36.84719],[-2.32596,36.84675],[-2.32668,36.84626],[-2.32827,36.84573],[-2.33034,36.84395],[-2.33188,36.84223],[-2.33227,36.84155],[-2.33286,36.84087],[-2.33398,36.83878],[-2.33414,36.83785],[-2.33415,36.83681],[-2.3364,36.83717],[-2.33904,36.8371],[-2.34838,36.83926],[-2.35247,36.84067],[-2.35928,36.84154],[-2.35905,36.84386],[-2.35934,36.84588],[-2.35934,36.84693],[-2.3597,36.84799],[-2.35952,36.84864],[-2.36091,36.84878],[-2.36119,36.84884],[-2.36131,36.84899],[-2.36153,36.84956],[-2.36166,36.85156],[-2.36184,36.85214],[-2.35798,36.85285],[-2.35446,36.85293],[-2.35298,36.8523],[-2.35147,36.85203],[-2.35062,36.852],[-2.3451,36.85222],[-2.3378,36.85216],[-2.32607,36.85221],[-2.3212,36.85213]]]}},{"type":"Feature","properties":{"id":"0401308003"},"geometry":{"type":"Polygon","coordinates":[[[-2.2076,36.85452],[-2.21297,36.8407],[-2.21614,36.8334],[-2.2169,36.83268],[-2.21873,36.83176],[-2.21941,36.83128],[-2.21992,36.83072],[-2.22017,36.83029],[-2.22062,36.82888],[-2.22127,36.82793],[-2.22148,36.82743],[-2.22177,36.8258],[-2.22233,36.82405],[-2.22347,36.82269],[-2.22508,36.82166],[-2.22412,36.81929],[-2.22471,36.81814],[-2.22633,36.81613],[-2.22708,36.81503],[-2.22793,36.81345],[-2.22861,36.81094],[-2.22967,36.80889],[-2.23013,36.80719],[-2.23099,36.80539],[-2.23058,36.80454],[-2.23056,36.80421],[-2.23266,36.79812],[-2.23272,36.79739],[-2.23249,36.79613],[-2.2319,36.79532],[-2.23128,36.79486],[-2.22573,36.78286],[-2.22558,36.78223],[-2.22595,36.78149],[-2.22577,36.78112],[-2.22524,36.78051],[-2.22449,36.77907],[-2.22317,36.77691],[-2.22231,36.77579],[-2.22132,36.77493],[-2.22055,36.77447],[-2.21547,36.77233],[-2.21477,36.77196],[-2.21444,36.77158],[-2.21427,36.77067],[-2.2144,36.76747],[-2.21436,36.76495],[-2.21384,36.7631],[-2.2133,36.76214],[-2.21095,36.75975],[-2.20936,36.75787],[-2.20896,36.75719],[-2.20885,36.75507],[-2.208,36.75148],[-2.2066,36.74983],[-2.20648,36.74955],[-2.20648,36.74914],[-2.20671,36.74853],[-2.20763,36.74697],[-2.20836,36.74502],[-2.20849,36.74438],[-2.20851,36.7431],[-2.20842,36.74012],[-2.20783,36.73927],[-2.20715,36.73724],[-2.20395,36.73324],[-2.20286,36.73177],[-2.20265,36.73132],[-2.20215,36.73082],[-2.20213,36.73065],[-2.20229,36.73045],[-2.20334,36.73156],[-2.20542,36.73426],[-2.21268,36.74218],[-2.21538,36.74567],[-2.21622,36.74657],[-2.21639,36.74697],[-2.21821,36.749],[-2.21846,36.74903],[-2.21872,36.74931],[-2.2185,36.74953],[-2.21975,36.75135],[-2.22041,36.75191],[-2.2223,36.7539],[-2.22366,36.75587],[-2.22462,36.75672],[-2.22679,36.75962],[-2.22801,36.76076],[-2.23021,36.76341],[-2.2311,36.76432],[-2.23376,36.76774],[-2.24078,36.77515],[-2.24507,36.77937],[-2.24559,36.78014],[-2.24749,36.7821],[-2.24786,36.78268],[-2.24848,36.78334],[-2.24961,36.7844],[-2.25003,36.78503],[-2.2508,36.78553],[-2.25154,36.7862],[-2.25233,36.78711],[-2.25326,36.78791],[-2.25475,36.78942],[-2.25613,36.79056],[-2.25707,36.79165],[-2.25824,36.79265],[-2.2594,36.79391],[-2.26483,36.79851],[-2.2662,36.79952],[-2.26862,36.80162],[-2.27037,36.80288],[-2.27105,36.80357],[-2.2723,36.80454],[-2.27324,36.80561],[-2.27528,36.80689],[-2.27646,36.80805],[-2.27746,36.80873],[-2.27853,36.80973],[-2.27941,36.8103],[-2.28065,36.81158],[-2.28194,36.8126],[-2.28433,36.81428],[-2.2869,36.81631],[-2.28746,36.8166],[-2.28881,36.81757],[-2.28867,36.81801],[-2.28735,36.81897],[-2.28578,36.81963],[-2.28362,36.82079],[-2.28285,36.82105],[-2.28206,36.82092],[-2.28093,36.82112],[-2.2802,36.82141],[-2.27957,36.82234],[-2.27927,36.82304],[-2.27963,36.82351],[-2.27976,36.8253],[-2.28012,36.82603],[-2.28013,36.8268],[-2.28034,36.82727],[-2.28089,36.82736],[-2.28107,36.82754],[-2.28109,36.82883],[-2.28087,36.82894],[-2.28011,36.82908],[-2.27989,36.82929],[-2.27952,36.82964],[-2.27948,36.83013],[-2.27933,36.83048],[-2.27871,36.8301],[-2.27781,36.82986],[-2.2765,36.82997],[-2.2762,36.83008],[-2.27602,36.83046],[-2.2788,36.83223],[-2.27975,36.83256],[-2.27735,36.83502],[-2.27685,36.83518],[-2.27552,36.83663],[-2.27472,36.83674],[-2.27264,36.83646],[-2.27246,36.83731],[-2.27252,36.83913],[-2.27215,36.83988],[-2.27163,36.84017],[-2.26967,36.8404],[-2.26938,36.84028],[-2.26843,36.84021],[-2.26574,36.84049],[-2.26515,36.84078],[-2.26298,36.84048],[-2.26122,36.84079],[-2.26086,36.84106],[-2.26075,36.84179],[-2.26042,36.84231],[-2.25909,36.84302],[-2.25842,36.8435],[-2.25756,36.84366],[-2.25727,36.84384],[-2.25697,36.84468],[-2.25759,36.84526],[-2.25771,36.84569],[-2.2572,36.84669],[-2.25723,36.84705],[-2.25648,36.84769],[-2.25628,36.848],[-2.25596,36.8482],[-2.25531,36.849],[-2.25518,36.84949],[-2.25475,36.85013],[-2.25404,36.85041],[-2.25365,36.8508],[-2.25365,36.85127],[-2.25335,36.85181],[-2.25328,36.85289],[-2.25351,36.85527],[-2.25377,36.85569],[-2.25418,36.85605],[-2.2543,36.85699],[-2.25466,36.85761],[-2.25547,36.85976],[-2.2558,36.86031],[-2.25562,36.86235],[-2.25447,36.86266],[-2.25345,36.86281],[-2.24899,36.86379],[-2.24557,36.86465],[-2.2388,36.86618],[-2.23808,36.86644],[-2.2371,36.86658],[-2.23514,36.86704],[-2.2333,36.86767],[-2.23101,36.8691],[-2.22967,36.87033],[-2.2292,36.87058],[-2.2251,36.87371],[-2.22399,36.87474],[-2.22163,36.87732],[-2.22104,36.87814],[-2.22082,36.87784],[-2.2022,36.86331],[-2.20681,36.8563],[-2.2076,36.85452]]]}},{"type":"Feature","properties":{"id":"0401308004"},"geometry":{"type":"Polygon","coordinates":[[[-2.25562,36.86232],[-2.2558,36.86031],[-2.25547,36.85976],[-2.25466,36.85761],[-2.2543,36.85699],[-2.25418,36.85605],[-2.25377,36.85569],[-2.25351,36.85527],[-2.25328,36.85289],[-2.25335,36.85181],[-2.25365,36.85127],[-2.25365,36.8508],[-2.25404,36.85041],[-2.25475,36.85013],[-2.25518,36.84949],[-2.25531,36.849],[-2.25596,36.8482],[-2.25628,36.848],[-2.25648,36.84769],[-2.25723,36.84705],[-2.2572,36.84669],[-2.25771,36.84569],[-2.25759,36.84526],[-2.25697,36.84468],[-2.25727,36.84384],[-2.25756,36.84366],[-2.25842,36.8435],[-2.25909,36.84302],[-2.26042,36.84231],[-2.26075,36.84179],[-2.26086,36.84106],[-2.26122,36.84079],[-2.26298,36.84048],[-2.26515,36.84078],[-2.26574,36.84049],[-2.26843,36.84021],[-2.26938,36.84028],[-2.26967,36.8404],[-2.27163,36.84017],[-2.27215,36.83988],[-2.27252,36.83913],[-2.27246,36.83731],[-2.27264,36.83646],[-2.27472,36.83674],[-2.27552,36.83663],[-2.27685,36.83518],[-2.27735,36.83502],[-2.27974,36.83257],[-2.28303,36.83383],[-2.28535,36.83509],[-2.28792,36.83665],[-2.28905,36.83691],[-2.29208,36.83813],[-2.29291,36.83865],[-2.29486,36.84072],[-2.29556,36.84127],[-2.29784,36.84274],[-2.29924,36.84315],[-2.30094,36.8434],[-2.30342,36.8439],[-2.30379,36.84409],[-2.3039,36.84387],[-2.31233,36.85204],[-2.29305,36.85219],[-2.28888,36.85283],[-2.28421,36.85463],[-2.27915,36.85791],[-2.26926,36.86366],[-2.26729,36.86398],[-2.26597,36.86379],[-2.26091,36.86206],[-2.25887,36.86171],[-2.25562,36.86232]]]}},{"type":"Feature","properties":{"id":"0401308005"},"geometry":{"type":"Polygon","coordinates":[[[-2.35343,36.85532],[-2.35684,36.85585],[-2.35843,36.856],[-2.35944,36.85596],[-2.36088,36.85532],[-2.36137,36.85397],[-2.36168,36.85279],[-2.36172,36.85217],[-2.37056,36.8507],[-2.37382,36.8497],[-2.37556,36.84944],[-2.37547,36.85086],[-2.37563,36.85146],[-2.37642,36.85241],[-2.37796,36.85374],[-2.37784,36.85455],[-2.37707,36.85652],[-2.37663,36.85817],[-2.37654,36.85907],[-2.37714,36.86302],[-2.37721,36.86424],[-2.37721,36.8652],[-2.37681,36.86667],[-2.37656,36.86965],[-2.37687,36.87312],[-2.37735,36.87475],[-2.37695,36.87628],[-2.3767,36.87689],[-2.3765,36.87705],[-2.376,36.87895],[-2.37542,36.88143],[-2.37558,36.88231],[-2.37721,36.88241],[-2.37888,36.88233],[-2.38092,36.88249],[-2.38222,36.88284],[-2.3836,36.88342],[-2.37064,36.89238],[-2.36902,36.90193],[-2.3685,36.90566],[-2.36831,36.90802],[-2.36751,36.91108],[-2.36741,36.91209],[-2.36785,36.91357],[-2.37088,36.92193],[-2.37346,36.92324],[-2.37848,36.92604],[-2.37913,36.92653],[-2.38008,36.92699],[-2.37832,36.92961],[-2.37826,36.92995],[-2.37793,36.93045],[-2.37755,36.93231],[-2.37766,36.93265],[-2.37762,36.93362],[-2.37755,36.93413],[-2.37738,36.93439],[-2.37606,36.93505],[-2.37443,36.93645],[-2.37119,36.94018],[-2.36848,36.94443],[-2.368,36.94563],[-2.36378,36.95398],[-2.36286,36.95605],[-2.36219,36.95801],[-2.3612,36.96015],[-2.35953,36.96297],[-2.35824,36.96552],[-2.35753,36.9672],[-2.35791,36.96893],[-2.35791,36.96944],[-2.35765,36.97032],[-2.35703,36.97465],[-2.35697,36.97603],[-2.34974,36.96895],[-2.35277,36.96065],[-2.35488,36.95365],[-2.35742,36.94405],[-2.35841,36.93574],[-2.35673,36.93455],[-2.35435,36.93244],[-2.3543,36.93063],[-2.35609,36.92646],[-2.35374,36.9209],[-2.35413,36.90812],[-2.35414,36.89925],[-2.35442,36.8906],[-2.35352,36.88929],[-2.35374,36.88765],[-2.352,36.88589],[-2.35152,36.88425],[-2.3526,36.88176],[-2.35164,36.87859],[-2.34943,36.87267],[-2.34873,36.87129],[-2.34977,36.86715],[-2.35077,36.86583],[-2.35047,36.86484],[-2.35062,36.86469],[-2.35124,36.86462],[-2.35075,36.86231],[-2.35143,36.86116],[-2.35213,36.86053],[-2.35362,36.85712],[-2.35332,36.85611],[-2.35343,36.85532]]]}},{"type":"Feature","properties":{"id":"0401308006"},"geometry":{"type":"Polygon","coordinates":[[[-2.28631,36.94648],[-2.28464,36.94622],[-2.28364,36.94589],[-2.28254,36.94456],[-2.27863,36.94221],[-2.27713,36.94024],[-2.27295,36.93425],[-2.26384,36.92438],[-2.26293,36.92306],[-2.25874,36.91597],[-2.25,36.91118],[-2.24401,36.90917],[-2.22104,36.87814],[-2.22163,36.87732],[-2.22399,36.87474],[-2.2251,36.87371],[-2.2292,36.87058],[-2.22967,36.87033],[-2.23101,36.8691],[-2.23177,36.86855],[-2.2333,36.86767],[-2.23415,36.86734],[-2.23514,36.86704],[-2.2371,36.86658],[-2.23808,36.86644],[-2.2388,36.86618],[-2.24557,36.86465],[-2.24899,36.86379],[-2.25345,36.86281],[-2.25447,36.86266],[-2.25562,36.86232],[-2.25887,36.86171],[-2.26091,36.86206],[-2.26597,36.86379],[-2.26729,36.86398],[-2.26926,36.86366],[-2.27915,36.85791],[-2.28421,36.85463],[-2.28888,36.85283],[-2.29305,36.85219],[-2.31178,36.85202],[-2.32019,36.85219],[-2.31873,36.85507],[-2.31824,36.85581],[-2.31516,36.85886],[-2.31252,36.86062],[-2.31061,36.86166],[-2.30979,36.86299],[-2.30968,36.86333],[-2.31085,36.8639],[-2.31111,36.86459],[-2.31172,36.86508],[-2.31151,36.86547],[-2.31052,36.8665],[-2.31008,36.86712],[-2.30977,36.8693],[-2.30984,36.8704],[-2.30975,36.87054],[-2.30837,36.87137],[-2.30776,36.87185],[-2.30711,36.8725],[-2.30597,36.87412],[-2.30497,36.87509],[-2.30539,36.87544],[-2.30534,36.8759],[-2.30551,36.87607],[-2.30543,36.8768],[-2.30551,36.87741],[-2.30549,36.87772],[-2.30534,36.87791],[-2.30542,36.87818],[-2.30486,36.87877],[-2.30515,36.87906],[-2.3052,36.87925],[-2.30481,36.87957],[-2.30475,36.87974],[-2.30517,36.88035],[-2.30493,36.88068],[-2.3051,36.88107],[-2.30496,36.8819],[-2.30526,36.88257],[-2.30591,36.88316],[-2.30586,36.8835],[-2.30612,36.88401],[-2.30605,36.88447],[-2.30658,36.88549],[-2.30668,36.88654],[-2.30651,36.88754],[-2.30602,36.88841],[-2.30637,36.88876],[-2.30635,36.88906],[-2.30607,36.89018],[-2.30499,36.89233],[-2.30474,36.89331],[-2.30457,36.89507],[-2.30417,36.89516],[-2.30395,36.89531],[-2.30372,36.89585],[-2.30297,36.89684],[-2.30186,36.89879],[-2.30166,36.89973],[-2.30129,36.90036],[-2.30097,36.90059],[-2.29999,36.90063],[-2.29979,36.90117],[-2.29915,36.90187],[-2.29924,36.90223],[-2.29818,36.90202],[-2.29742,36.90202],[-2.29748,36.90296],[-2.29735,36.90317],[-2.29695,36.90332],[-2.29773,36.90375],[-2.29796,36.90408],[-2.2983,36.90424],[-2.29859,36.90477],[-2.29985,36.90541],[-2.29969,36.9059],[-2.29973,36.90621],[-2.29949,36.90643],[-2.2993,36.90688],[-2.29934,36.90707],[-2.29955,36.90729],[-2.29939,36.90779],[-2.29893,36.90851],[-2.29851,36.90883],[-2.29787,36.90998],[-2.29761,36.91025],[-2.29764,36.91054],[-2.29803,36.91123],[-2.29869,36.91178],[-2.29872,36.91213],[-2.29859,36.91237],[-2.29923,36.91279],[-2.30061,36.91324],[-2.30109,36.91433],[-2.3016,36.91466],[-2.30209,36.91476],[-2.30308,36.91466],[-2.30341,36.91537],[-2.30299,36.9158],[-2.30237,36.91734],[-2.30197,36.91789],[-2.30127,36.91943],[-2.30088,36.92115],[-2.30085,36.92194],[-2.3004,36.92318],[-2.30004,36.92385],[-2.30014,36.92496],[-2.30085,36.92847],[-2.30008,36.92996],[-2.30007,36.93061],[-2.29991,36.93113],[-2.30025,36.93187],[-2.3004,36.93391],[-2.30132,36.93659],[-2.30191,36.93703],[-2.30174,36.93849],[-2.30206,36.93872],[-2.30259,36.93879],[-2.30386,36.94031],[-2.30515,36.94142],[-2.30654,36.94311],[-2.30674,36.94462],[-2.30632,36.94551],[-2.30895,36.9466],[-2.30938,36.94736],[-2.30935,36.94839],[-2.3085,36.94913],[-2.30802,36.94919],[-2.30748,36.94938],[-2.3065,36.94943],[-2.30618,36.94953],[-2.30564,36.94945],[-2.30528,36.94927],[-2.30518,36.94901],[-2.30467,36.9484],[-2.30416,36.94859],[-2.30472,36.94922],[-2.30464,36.94942],[-2.30481,36.94983],[-2.30578,36.94998],[-2.30676,36.94988],[-2.30691,36.95],[-2.30671,36.95022],[-2.30585,36.95057],[-2.30566,36.95074],[-2.30582,36.95096],[-2.30536,36.95109],[-2.30538,36.95137],[-2.30523,36.95143],[-2.30474,36.95144],[-2.30453,36.95136],[-2.30443,36.95099],[-2.30409,36.95073],[-2.3038,36.95069],[-2.30355,36.95081],[-2.30316,36.95073],[-2.30287,36.95035],[-2.3026,36.95019],[-2.30214,36.95049],[-2.30148,36.95074],[-2.30035,36.95087],[-2.30027,36.95128],[-2.29993,36.9513],[-2.29937,36.95121],[-2.29842,36.9506],[-2.2982,36.95034],[-2.29778,36.94826],[-2.29729,36.94804],[-2.29679,36.94747],[-2.29674,36.94729],[-2.29701,36.94716],[-2.29701,36.94669],[-2.2964,36.94663],[-2.29574,36.94682],[-2.29466,36.94691],[-2.29408,36.94653],[-2.29337,36.94641],[-2.29313,36.94625],[-2.29279,36.94641],[-2.29242,36.94617],[-2.29081,36.94657],[-2.2898,36.94643],[-2.28942,36.94621],[-2.28864,36.94597],[-2.28825,36.94569],[-2.28725,36.94549],[-2.28722,36.946],[-2.28631,36.94648]]]}},{"type":"Feature","properties":{"id":"0401308007"},"geometry":{"type":"Polygon","coordinates":[[[-2.28303,36.83383],[-2.2788,36.83223],[-2.27602,36.83046],[-2.2762,36.83008],[-2.2765,36.82997],[-2.27781,36.82986],[-2.27871,36.8301],[-2.27933,36.83048],[-2.27948,36.83013],[-2.27952,36.82964],[-2.27989,36.82929],[-2.28011,36.82908],[-2.28087,36.82894],[-2.28109,36.82883],[-2.28107,36.82754],[-2.28089,36.82736],[-2.28034,36.82727],[-2.28013,36.8268],[-2.28012,36.82603],[-2.27976,36.8253],[-2.27963,36.82351],[-2.27927,36.82304],[-2.27957,36.82234],[-2.2802,36.82141],[-2.28093,36.82112],[-2.28206,36.82092],[-2.28285,36.82105],[-2.28362,36.82079],[-2.28578,36.81963],[-2.28735,36.81897],[-2.28867,36.81801],[-2.28883,36.81749],[-2.2937,36.821],[-2.2961,36.8212],[-2.30766,36.82841],[-2.30969,36.82854],[-2.31622,36.8321],[-2.30546,36.83947],[-2.30473,36.84028],[-2.30422,36.84128],[-2.30405,36.84196],[-2.3039,36.84391],[-2.30379,36.84409],[-2.30342,36.8439],[-2.30094,36.8434],[-2.29924,36.84315],[-2.29784,36.84274],[-2.29556,36.84127],[-2.29486,36.84072],[-2.29291,36.83865],[-2.29208,36.83813],[-2.28905,36.83691],[-2.28792,36.83665],[-2.28535,36.83509],[-2.28303,36.83383]]]}},{"type":"Feature","properties":{"id":"0401308008"},"geometry":{"type":"Polygon","coordinates":[[[-2.33174,36.84239],[-2.32039,36.83711],[-2.31827,36.84599],[-2.32035,36.84654],[-2.32057,36.85214],[-2.32019,36.85219],[-2.31233,36.85204],[-2.3039,36.84387],[-2.30405,36.84196],[-2.30422,36.84128],[-2.30473,36.84028],[-2.30546,36.83947],[-2.31622,36.8321],[-2.31762,36.83286],[-2.31835,36.83348],[-2.31984,36.83418],[-2.32269,36.83448],[-2.33056,36.83717],[-2.3328,36.83659],[-2.33415,36.83681],[-2.33414,36.83785],[-2.33398,36.83878],[-2.33286,36.84087],[-2.33227,36.84155],[-2.33174,36.84239]]]}},{"type":"Feature","properties":{"id":"0401308009"},"geometry":{"type":"Polygon","coordinates":[[[-2.35343,36.85532],[-2.3536,36.85429],[-2.35441,36.85339],[-2.35509,36.85321],[-2.35498,36.85289],[-2.35798,36.85285],[-2.36172,36.85217],[-2.36168,36.85279],[-2.36137,36.85397],[-2.36088,36.85532],[-2.35997,36.85577],[-2.35944,36.85596],[-2.35843,36.856],[-2.35535,36.85566],[-2.35343,36.85532]]]}},{"type":"Feature","properties":{"id":"0401308010"},"geometry":{"type":"Polygon","coordinates":[[[-2.33174,36.84239],[-2.33034,36.84395],[-2.32827,36.84573],[-2.32668,36.84626],[-2.32596,36.84675],[-2.32467,36.84719],[-2.32416,36.84803],[-2.32323,36.8492],[-2.32203,36.85044],[-2.32157,36.85108],[-2.3212,36.85213],[-2.32057,36.85214],[-2.32035,36.84654],[-2.31827,36.84599],[-2.32039,36.83711],[-2.33174,36.84239]]]}}]}