{"type":"FeatureCollection","features":[{"type":"Feature","properties":{"id":"1003701001"},"geometry":{"type":"Polygon","coordinates":[[[-6.3708,39.47619],[-6.36976,39.47564],[-6.36952,39.47538],[-6.36904,39.47568],[-6.36835,39.47462],[-6.36843,39.47432],[-6.36772,39.475],[-6.36751,39.47535],[-6.36726,39.47525],[-6.36781,39.47439],[-6.36803,39.47358],[-6.3679,39.47304],[-6.36807,39.47274],[-6.36843,39.4728],[-6.36914,39.47359],[-6.36933,39.47305],[-6.36943,39.47309],[-6.36965,39.47252],[-6.36992,39.47221],[-6.37016,39.47244],[-6.37048,39.47232],[-6.37119,39.47226],[-6.37119,39.47208],[-6.37159,39.47215],[-6.37171,39.47175],[-6.37206,39.47139],[-6.37331,39.47213],[-6.37397,39.47295],[-6.37499,39.47324],[-6.3738,39.47353],[-6.37337,39.47393],[-6.37347,39.47402],[-6.37305,39.47491],[-6.37298,39.47532],[-6.37196,39.47674],[-6.37142,39.4764],[-6.3708,39.47619]]]}},{"type":"Feature","properties":{"id":"1003701002"},"geometry":{"type":"Polygon","coordinates":[[[-6.36932,39.47942],[-6.36783,39.47888],[-6.36722,39.47853],[-6.36681,39.47849],[-6.36706,39.47814],[-6.36718,39.47729],[-6.36841,39.47617],[-6.36952,39.47538],[-6.36976,39.47564],[-6.37048,39.47599],[-6.36938,39.47789],[-6.36932,39.47942]]]}},{"type":"Feature","properties":{"id":"1003701003"},"geometry":{"type":"Polygon","coordinates":[[[-6.36843,39.4728],[-6.36783,39.47261],[-6.36828,39.47194],[-6.36828,39.47181],[-6.36813,39.47171],[-6.36806,39.47176],[-6.36694,39.47091],[-6.36546,39.47197],[-6.36547,39.47185],[-6.36526,39.47159],[-6.36249,39.4702],[-6.36078,39.46891],[-6.35905,39.46799],[-6.35844,39.46751],[-6.35722,39.46707],[-6.3555,39.46589],[-6.35422,39.46476],[-6.35217,39.46371],[-6.35086,39.46331],[-6.34939,39.46207],[-6.34849,39.46152],[-6.34747,39.46037],[-6.34607,39.45948],[-6.3452,39.45851],[-6.34507,39.45827],[-6.3451,39.45807],[-6.34473,39.45769],[-6.3441,39.45728],[-6.34243,39.45646],[-6.33974,39.45417],[-6.33941,39.45343],[-6.33925,39.45267],[-6.33899,39.45225],[-6.33705,39.45222],[-6.33138,39.45067],[-6.32869,39.45009],[-6.3239,39.44953],[-6.32315,39.44957],[-6.32274,39.44987],[-6.32187,39.44947],[-6.32021,39.44821],[-6.31841,39.4464],[-6.31658,39.44489],[-6.31541,39.44424],[-6.31427,39.44374],[-6.31322,39.44335],[-6.31162,39.44317],[-6.30905,39.44336],[-6.30811,39.44326],[-6.30327,39.44152],[-6.30065,39.44112],[-6.29707,39.43964],[-6.29574,39.43806],[-6.29451,39.43605],[-6.29376,39.43362],[-6.29199,39.42965],[-6.29169,39.42856],[-6.29102,39.42392],[-6.29031,39.42202],[-6.29005,39.42046],[-6.28984,39.42007],[-6.28758,39.41836],[-6.28565,39.41916],[-6.28485,39.41976],[-6.28425,39.42044],[-6.28167,39.42038],[-6.27936,39.41999],[-6.27821,39.41968],[-6.27838,39.41872],[-6.27877,39.4181],[-6.28001,39.41663],[-6.28048,39.41418],[-6.28168,39.41104],[-6.28407,39.41138],[-6.28566,39.41205],[-6.2877,39.41178],[-6.29066,39.41209],[-6.29209,39.41266],[-6.29267,39.41363],[-6.30535,39.41981],[-6.30886,39.41942],[-6.31221,39.42029],[-6.31564,39.42172],[-6.3201,39.42318],[-6.33313,39.43406],[-6.3538,39.44501],[-6.36226,39.44994],[-6.36407,39.45115],[-6.36708,39.45485],[-6.36664,39.45503],[-6.36752,39.45711],[-6.36759,39.45895],[-6.36698,39.46191],[-6.36719,39.46328],[-6.36718,39.46435],[-6.36759,39.4657],[-6.36892,39.46889],[-6.36976,39.46976],[-6.36985,39.46968],[-6.37062,39.46999],[-6.37056,39.47041],[-6.37206,39.47139],[-6.37171,39.47175],[-6.37159,39.47215],[-6.37119,39.47208],[-6.37119,39.47226],[-6.37048,39.47232],[-6.37016,39.47244],[-6.36992,39.47221],[-6.36965,39.47252],[-6.36943,39.47309],[-6.36933,39.47305],[-6.36914,39.47359],[-6.36843,39.4728]]]}},{"type":"Feature","properties":{"id":"1003701004"},"geometry":{"type":"Polygon","coordinates":[[[-6.35798,39.48095],[-6.3567,39.48019],[-6.35604,39.47948],[-6.35545,39.47908],[-6.34843,39.47792],[-6.34653,39.47808],[-6.34556,39.47778],[-6.3449,39.47773],[-6.3436,39.47783],[-6.3428,39.47776],[-6.34185,39.47738],[-6.34128,39.47701],[-6.33967,39.47548],[-6.33875,39.47489],[-6.33779,39.47447],[-6.31623,39.46975],[-6.31222,39.46972],[-6.30914,39.46847],[-6.29928,39.46619],[-6.28869,39.46407],[-6.28313,39.45984],[-6.28829,39.45631],[-6.28903,39.45481],[-6.28935,39.45352],[-6.28967,39.45367],[-6.29029,39.45376],[-6.29113,39.45164],[-6.29143,39.45124],[-6.29265,39.45062],[-6.29503,39.45002],[-6.29605,39.44901],[-6.29657,39.44864],[-6.29758,39.4472],[-6.29794,39.44702],[-6.29843,39.44654],[-6.29941,39.44492],[-6.29939,39.44471],[-6.29847,39.44368],[-6.29821,39.44099],[-6.29707,39.43964],[-6.30065,39.44112],[-6.30327,39.44152],[-6.30811,39.44326],[-6.30905,39.44336],[-6.31162,39.44317],[-6.31322,39.44335],[-6.31427,39.44374],[-6.31541,39.44424],[-6.31658,39.44489],[-6.31841,39.4464],[-6.32021,39.44821],[-6.32187,39.44947],[-6.32274,39.44987],[-6.32315,39.44957],[-6.3239,39.44953],[-6.32869,39.45009],[-6.33138,39.45067],[-6.33705,39.45222],[-6.33899,39.45225],[-6.33925,39.45267],[-6.33941,39.45343],[-6.33974,39.45417],[-6.34243,39.45646],[-6.3441,39.45728],[-6.34473,39.45769],[-6.3451,39.45807],[-6.34507,39.45827],[-6.3452,39.45851],[-6.34607,39.45948],[-6.34747,39.46037],[-6.34849,39.46152],[-6.34939,39.46207],[-6.35086,39.46331],[-6.35217,39.46371],[-6.35422,39.46476],[-6.3555,39.46589],[-6.35722,39.46707],[-6.35844,39.46751],[-6.35905,39.46799],[-6.36078,39.46891],[-6.36249,39.4702],[-6.36526,39.47159],[-6.36547,39.47185],[-6.36546,39.47197],[-6.36694,39.47091],[-6.36806,39.47176],[-6.36821,39.47175],[-6.36828,39.47194],[-6.36783,39.47261],[-6.36807,39.47274],[-6.3679,39.47304],[-6.36803,39.47358],[-6.36781,39.47439],[-6.36725,39.47522],[-6.36694,39.47471],[-6.36667,39.47454],[-6.36559,39.47549],[-6.3658,39.47602],[-6.36549,39.47725],[-6.36573,39.47828],[-6.36521,39.47867],[-6.36262,39.48001],[-6.36207,39.48048],[-6.36162,39.48073],[-6.3595,39.48117],[-6.35871,39.48124],[-6.35798,39.48095]]]}},{"type":"Feature","properties":{"id":"1003701005"},"geometry":{"type":"Polygon","coordinates":[[[-6.35798,39.48095],[-6.35871,39.48124],[-6.3595,39.48117],[-6.36162,39.48073],[-6.36207,39.48048],[-6.36262,39.48001],[-6.36521,39.47867],[-6.36573,39.47828],[-6.36549,39.47725],[-6.3658,39.47602],[-6.36562,39.47542],[-6.36667,39.47454],[-6.36694,39.47471],[-6.36726,39.47525],[-6.36751,39.47535],[-6.36772,39.475],[-6.36843,39.47432],[-6.36835,39.47462],[-6.36904,39.4757],[-6.36718,39.47729],[-6.36706,39.47814],[-6.36681,39.47849],[-6.36722,39.47853],[-6.36783,39.47888],[-6.36932,39.47942],[-6.37014,39.48018],[-6.36965,39.48139],[-6.36944,39.48162],[-6.36885,39.48176],[-6.36761,39.48138],[-6.36703,39.48142],[-6.36068,39.48231],[-6.36,39.48211],[-6.35798,39.48095]]]}},{"type":"Feature","properties":{"id":"1003701006"},"geometry":{"type":"Polygon","coordinates":[[[-6.437,39.64874],[-6.43596,39.64782],[-6.43401,39.64659],[-6.43129,39.64294],[-6.42923,39.64061],[-6.42434,39.63716],[-6.42343,39.63634],[-6.42148,39.63518],[-6.42056,39.63433],[-6.42064,39.63322],[-6.42197,39.63009],[-6.42186,39.62782],[-6.42094,39.62603],[-6.42035,39.62542],[-6.41949,39.62427],[-6.41889,39.62274],[-6.41784,39.62211],[-6.41559,39.62112],[-6.41478,39.62062],[-6.41319,39.6194],[-6.41218,39.61888],[-6.41108,39.61845],[-6.4097,39.6181],[-6.40825,39.6179],[-6.40482,39.61773],[-6.40372,39.6176],[-6.40169,39.61689],[-6.40073,39.61639],[-6.39852,39.61565],[-6.39813,39.61546],[-6.396,39.61392],[-6.39536,39.61365],[-6.39476,39.61358],[-6.39336,39.61369],[-6.39258,39.61354],[-6.39168,39.61318],[-6.39111,39.61281],[-6.39082,39.61235],[-6.39013,39.60914],[-6.38977,39.60819],[-6.3894,39.60775],[-6.38878,39.60741],[-6.38799,39.60725],[-6.3866,39.60718],[-6.38334,39.60733],[-6.38271,39.6073],[-6.38228,39.60713],[-6.38046,39.60595],[-6.37945,39.60501],[-6.3785,39.60446],[-6.37654,39.60297],[-6.37587,39.60256],[-6.3749,39.60164],[-6.37428,39.60133],[-6.3737,39.60124],[-6.37193,39.60144],[-6.36999,39.60125],[-6.36926,39.60099],[-6.36777,39.6001],[-6.36727,39.59993],[-6.36446,39.59969],[-6.36264,39.59915],[-6.361,39.59794],[-6.35944,39.59727],[-6.35029,39.59629],[-6.34756,39.59559],[-6.34621,39.59515],[-6.34289,39.59379],[-6.3422,39.59341],[-6.34048,39.59317],[-6.33774,39.59351],[-6.33621,39.59347],[-6.33494,39.59328],[-6.33442,39.59311],[-6.33285,39.59281],[-6.33042,39.59201],[-6.32782,39.59163],[-6.32656,39.59166],[-6.32431,39.59115],[-6.32337,39.59081],[-6.32213,39.59023],[-6.3198,39.59003],[-6.3164,39.58954],[-6.31451,39.58965],[-6.31213,39.58965],[-6.31118,39.58952],[-6.30885,39.58945],[-6.30754,39.5895],[-6.30682,39.58962],[-6.30628,39.58999],[-6.30586,39.59059],[-6.3056,39.59124],[-6.30031,39.5917],[-6.29971,39.59183],[-6.29862,39.59255],[-6.29674,39.59293],[-6.29603,39.59345],[-6.29528,39.59419],[-6.29468,39.59503],[-6.29399,39.59573],[-6.29292,39.59599],[-6.29185,39.5961],[-6.29059,39.59584],[-6.28957,39.59549],[-6.28869,39.59489],[-6.28775,39.59535],[-6.28682,39.59536],[-6.28574,39.5951],[-6.28379,39.59393],[-6.28303,39.59312],[-6.28257,39.59203],[-6.28239,39.59129],[-6.28187,39.59084],[-6.28117,39.59062],[-6.27991,39.59061],[-6.27899,39.59049],[-6.27789,39.58976],[-6.27712,39.58898],[-6.27669,39.58813],[-6.27612,39.58628],[-6.27557,39.58552],[-6.27372,39.58396],[-6.27326,39.58388],[-6.27268,39.584],[-6.27152,39.58465],[-6.27071,39.58546],[-6.26991,39.58713],[-6.26932,39.58752],[-6.26837,39.58768],[-6.26756,39.58766],[-6.26565,39.587],[-6.26412,39.58616],[-6.26315,39.58584],[-6.26252,39.58545],[-6.26205,39.58498],[-6.26185,39.58387],[-6.26032,39.5837],[-6.25619,39.58407],[-6.2537,39.58383],[-6.25295,39.58342],[-6.25236,39.58288],[-6.25159,39.5813],[-6.25127,39.58103],[-6.2507,39.58098],[-6.25014,39.5811],[-6.2498,39.58133],[-6.24918,39.58272],[-6.24883,39.58309],[-6.24837,39.58337],[-6.2478,39.58339],[-6.24513,39.58304],[-6.2443,39.58284],[-6.24191,39.58285],[-6.24134,39.58277],[-6.24111,39.58245],[-6.24091,39.58188],[-6.24101,39.5814],[-6.24133,39.58091],[-6.24269,39.58008],[-6.24389,39.57915],[-6.24403,39.57841],[-6.24394,39.57798],[-6.24307,39.57628],[-6.24272,39.57585],[-6.2424,39.57576],[-6.24182,39.57582],[-6.23966,39.57692],[-6.23861,39.57723],[-6.23633,39.57769],[-6.23509,39.57776],[-6.23394,39.57766],[-6.23309,39.57744],[-6.23039,39.57626],[-6.22984,39.57613],[-6.22916,39.57558],[-6.22857,39.57545],[-6.22694,39.57532],[-6.22634,39.57512],[-6.2258,39.57472],[-6.22351,39.57365],[-6.22258,39.57349],[-6.22123,39.57375],[-6.21945,39.57387],[-6.21841,39.57369],[-6.21699,39.57284],[-6.21512,39.57258],[-6.21428,39.57223],[-6.213,39.57096],[-6.20898,39.56905],[-6.20754,39.56848],[-6.20665,39.56768],[-6.20621,39.56762],[-6.20581,39.56768],[-6.20293,39.56869],[-6.20239,39.56896],[-6.20192,39.5694],[-6.20147,39.57006],[-6.20139,39.57058],[-6.20102,39.57099],[-6.20077,39.57101],[-6.19976,39.57029],[-6.1983,39.56788],[-6.19732,39.56652],[-6.1966,39.56564],[-6.19617,39.56542],[-6.19559,39.56542],[-6.19492,39.56562],[-6.19348,39.56681],[-6.19262,39.56692],[-6.19095,39.56747],[-6.19026,39.56729],[-6.18901,39.5666],[-6.18872,39.5662],[-6.18878,39.56562],[-6.18955,39.56366],[-6.18986,39.56213],[-6.18937,39.5605],[-6.18895,39.56023],[-6.18692,39.56037],[-6.18599,39.56016],[-6.18552,39.55993],[-6.18345,39.55843],[-6.18311,39.55797],[-6.18247,39.55748],[-6.18124,39.55543],[-6.17968,39.55446],[-6.17735,39.55338],[-6.17722,39.55304],[-6.17742,39.55144],[-6.1773,39.55111],[-6.17701,39.55101],[-6.17368,39.55153],[-6.17131,39.55229],[-6.17082,39.55223],[-6.17049,39.55205],[-6.17028,39.55153],[-6.16998,39.55132],[-6.16983,39.55102],[-6.16948,39.54981],[-6.1693,39.54953],[-6.16943,39.5477],[-6.16935,39.54729],[-6.16902,39.54685],[-6.16861,39.54661],[-6.16763,39.54631],[-6.1666,39.54624],[-6.16581,39.54645],[-6.16422,39.54746],[-6.16258,39.54814],[-6.161,39.54842],[-6.16054,39.54836],[-6.1589,39.54761],[-6.15803,39.5469],[-6.15757,39.54667],[-6.15653,39.5465],[-6.15624,39.54624],[-6.15618,39.54587],[-6.15632,39.54546],[-6.15693,39.54445],[-6.15802,39.54367],[-6.15827,39.54325],[-6.1582,39.5428],[-6.15777,39.54216],[-6.15704,39.54145],[-6.15518,39.54051],[-6.15511,39.53986],[-6.15493,39.53944],[-6.15426,39.53869],[-6.15369,39.53858],[-6.15289,39.53863],[-6.15117,39.53921],[-6.15054,39.53956],[-6.14898,39.54004],[-6.14619,39.54048],[-6.14466,39.54063],[-6.14419,39.53964],[-6.14388,39.5376],[-6.14374,39.53741],[-6.1433,39.53732],[-6.14096,39.53752],[-6.13859,39.53849],[-6.13779,39.53901],[-6.13733,39.53918],[-6.13696,39.53919],[-6.13669,39.53904],[-6.13654,39.53811],[-6.13667,39.5377],[-6.13784,39.53706],[-6.13986,39.53631],[-6.13996,39.53598],[-6.13993,39.53558],[-6.13961,39.53523],[-6.13898,39.5349],[-6.13782,39.53459],[-6.13612,39.53446],[-6.13585,39.53425],[-6.13552,39.53344],[-6.13552,39.53298],[-6.13566,39.53278],[-6.1369,39.53211],[-6.13896,39.5317],[-6.13968,39.53146],[-6.14002,39.53116],[-6.14017,39.53069],[-6.14016,39.53034],[-6.1399,39.52964],[-6.13928,39.52875],[-6.13842,39.52802],[-6.13847,39.52768],[-6.13877,39.52744],[-6.14337,39.52607],[-6.14464,39.52592],[-6.14561,39.5256],[-6.14584,39.52544],[-6.14579,39.52525],[-6.14474,39.52448],[-6.14336,39.52315],[-6.14281,39.52161],[-6.14266,39.52146],[-6.14242,39.52144],[-6.14081,39.52173],[-6.14019,39.52205],[-6.13908,39.52373],[-6.1383,39.52454],[-6.13806,39.52459],[-6.13782,39.52444],[-6.13666,39.52301],[-6.13664,39.52257],[-6.13716,39.52031],[-6.13712,39.5199],[-6.13658,39.51946],[-6.13614,39.51945],[-6.13471,39.51979],[-6.1342,39.51978],[-6.13379,39.5196],[-6.13341,39.51926],[-6.13264,39.51773],[-6.13269,39.51734],[-6.13326,39.51575],[-6.13387,39.51476],[-6.13403,39.51414],[-6.13391,39.51383],[-6.1321,39.51228],[-6.13182,39.51139],[-6.1315,39.51114],[-6.13115,39.51115],[-6.13031,39.5116],[-6.1299,39.51168],[-6.12788,39.51166],[-6.12751,39.51154],[-6.1273,39.51137],[-6.12773,39.50857],[-6.12763,39.5083],[-6.1273,39.50817],[-6.12496,39.50819],[-6.12443,39.50804],[-6.12262,39.50733],[-6.12183,39.50693],[-6.12104,39.50618],[-6.12066,39.50602],[-6.11982,39.5062],[-6.11915,39.50657],[-6.11847,39.50671],[-6.11808,39.50669],[-6.11757,39.5065],[-6.11709,39.50613],[-6.11606,39.50483],[-6.11593,39.50413],[-6.11615,39.50286],[-6.11554,39.50122],[-6.11576,39.5003],[-6.11571,39.49873],[-6.11601,39.49759],[-6.11596,39.49687],[-6.11579,39.49635],[-6.11546,39.49598],[-6.11493,39.49564],[-6.11416,39.49542],[-6.11273,39.49528],[-6.11126,39.49462],[-6.11058,39.49418],[-6.11021,39.49377],[-6.10964,39.49252],[-6.10966,39.49137],[-6.1095,39.4907],[-6.10876,39.4893],[-6.10862,39.48868],[-6.10907,39.48573],[-6.10955,39.4845],[-6.10946,39.48396],[-6.10923,39.48359],[-6.10888,39.48343],[-6.10804,39.48338],[-6.10483,39.48447],[-6.10335,39.4851],[-6.10261,39.48531],[-6.10204,39.48526],[-6.10161,39.48494],[-6.10129,39.48436],[-6.10137,39.48372],[-6.10235,39.48266],[-6.10373,39.48171],[-6.1041,39.48131],[-6.10399,39.48073],[-6.10337,39.48017],[-6.10261,39.47979],[-6.10192,39.4797],[-6.10125,39.47989],[-6.10002,39.48066],[-6.09807,39.48215],[-6.09757,39.48212],[-6.09693,39.48164],[-6.09664,39.48116],[-6.09669,39.48036],[-6.09646,39.47979],[-6.09647,39.47934],[-6.09671,39.47904],[-6.09805,39.47807],[-6.09847,39.47645],[-6.0984,39.47602],[-6.09751,39.47477],[-6.0965,39.47388],[-6.093,39.47135],[-6.09256,39.47109],[-6.09045,39.47054],[-6.08983,39.4702],[-6.08919,39.46971],[-6.08876,39.46919],[-6.08863,39.46871],[-6.08882,39.46832],[-6.08934,39.46793],[-6.09236,39.46716],[-6.09342,39.46677],[-6.09425,39.46634],[-6.09473,39.46585],[-6.09488,39.46556],[-6.09553,39.46532],[-6.09821,39.46363],[-6.09831,39.4632],[-6.09814,39.46276],[-6.0971,39.46193],[-6.09543,39.46093],[-6.09502,39.4605],[-6.09471,39.45994],[-6.09426,39.45951],[-6.09358,39.45909],[-6.09285,39.45878],[-6.09181,39.45853],[-6.09165,39.45836],[-6.09191,39.45792],[-6.0931,39.45717],[-6.09412,39.45623],[-6.09431,39.4559],[-6.09426,39.45543],[-6.09342,39.45442],[-6.09309,39.45432],[-6.09272,39.45433],[-6.09234,39.45449],[-6.09201,39.45491],[-6.09084,39.45599],[-6.09038,39.45616],[-6.08983,39.45617],[-6.08939,39.45612],[-6.08865,39.45559],[-6.08873,39.45425],[-6.08854,39.45392],[-6.08809,39.45374],[-6.08752,39.4537],[-6.08619,39.45389],[-6.08575,39.4542],[-6.0849,39.45508],[-6.08453,39.45533],[-6.08424,39.45536],[-6.08225,39.45458],[-6.08171,39.45399],[-6.08164,39.45341],[-6.08128,39.45284],[-6.0814,39.45223],[-6.08155,39.45206],[-6.08246,39.4518],[-6.08299,39.45131],[-6.08342,39.45077],[-6.08365,39.44996],[-6.08418,39.4493],[-6.08449,39.44917],[-6.086,39.44939],[-6.08784,39.44926],[-6.08847,39.44929],[-6.08903,39.44922],[-6.08946,39.44899],[-6.08962,39.4486],[-6.08961,39.44817],[-6.08927,39.44784],[-6.08883,39.44766],[-6.08776,39.44771],[-6.08747,39.44762],[-6.08739,39.44737],[-6.08774,39.44658],[-6.08974,39.44558],[-6.09019,39.44522],[-6.09021,39.44502],[-6.08945,39.44383],[-6.08939,39.44345],[-6.08963,39.44314],[-6.09017,39.44281],[-6.09102,39.4425],[-6.09176,39.44196],[-6.09183,39.44158],[-6.09171,39.4411],[-6.09131,39.44057],[-6.0908,39.43949],[-6.09102,39.439],[-6.09188,39.43787],[-6.09207,39.43732],[-6.09187,39.43678],[-6.09142,39.43614],[-6.09082,39.43556],[-6.0898,39.43487],[-6.09013,39.43474],[-6.09135,39.43519],[-6.09263,39.43552],[-6.09359,39.43628],[-6.0943,39.43645],[-6.09627,39.43747],[-6.09777,39.43784],[-6.09844,39.4383],[-6.09942,39.44032],[-6.10065,39.44351],[-6.10151,39.44507],[-6.10237,39.44622],[-6.10322,39.44674],[-6.10407,39.44702],[-6.1045,39.44707],[-6.10488,39.4466],[-6.1054,39.44623],[-6.10808,39.44512],[-6.10898,39.44503],[-6.11204,39.4442],[-6.11507,39.44319],[-6.11815,39.44197],[-6.11894,39.44152],[-6.11997,39.44125],[-6.12326,39.44105],[-6.13542,39.43771],[-6.1425,39.4366],[-6.14629,39.43609],[-6.16478,39.44001],[-6.18617,39.4444],[-6.25005,39.45819],[-6.26666,39.46152],[-6.27302,39.46298],[-6.27532,39.46334],[-6.28067,39.46332],[-6.28871,39.46408],[-6.29928,39.46619],[-6.30914,39.46847],[-6.31222,39.46972],[-6.31623,39.46975],[-6.33779,39.47447],[-6.33875,39.47489],[-6.33967,39.47548],[-6.34128,39.47701],[-6.34185,39.47738],[-6.3428,39.47776],[-6.3436,39.47783],[-6.3449,39.47773],[-6.34556,39.47778],[-6.34653,39.47808],[-6.34843,39.47792],[-6.35545,39.47908],[-6.35604,39.47948],[-6.3567,39.48019],[-6.36,39.48211],[-6.36052,39.48228],[-6.36089,39.4823],[-6.36703,39.48142],[-6.36761,39.48138],[-6.36885,39.48176],[-6.36929,39.4817],[-6.36959,39.48149],[-6.36958,39.4818],[-6.36905,39.48265],[-6.36688,39.48436],[-6.36686,39.4845],[-6.36668,39.48448],[-6.36318,39.48762],[-6.36167,39.48678],[-6.35326,39.49433],[-6.35166,39.49535],[-6.35399,39.49593],[-6.35252,39.49915],[-6.35681,39.50183],[-6.35464,39.50209],[-6.358,39.5045],[-6.36099,39.49969],[-6.36119,39.49926],[-6.3608,39.4991],[-6.3621,39.49624],[-6.36273,39.49558],[-6.36394,39.49645],[-6.36791,39.49875],[-6.36876,39.49886],[-6.3694,39.49881],[-6.37183,39.49428],[-6.37223,39.49036],[-6.37445,39.49045],[-6.3758,39.49038],[-6.37706,39.49016],[-6.37813,39.4898],[-6.38043,39.48872],[-6.38217,39.48916],[-6.3835,39.49017],[-6.38528,39.49063],[-6.38626,39.49157],[-6.38691,39.4924],[-6.38647,39.49359],[-6.38636,39.4947],[-6.38888,39.49965],[-6.39,39.5023],[-6.39431,39.51046],[-6.39513,39.51179],[-6.39687,39.51347],[-6.39741,39.51444],[-6.39784,39.51548],[-6.39813,39.51747],[-6.39839,39.51826],[-6.39942,39.51957],[-6.39992,39.52056],[-6.39976,39.52206],[-6.39924,39.52347],[-6.39916,39.5247],[-6.39949,39.52546],[-6.40357,39.53019],[-6.40432,39.53133],[-6.40472,39.53214],[-6.40481,39.53273],[-6.40585,39.5339],[-6.40648,39.53442],[-6.40872,39.53718],[-6.4027,39.53818],[-6.39976,39.53922],[-6.39834,39.54012],[-6.39392,39.54516],[-6.39091,39.54795],[-6.38934,39.54881],[-6.38546,39.5504],[-6.38412,39.55121],[-6.38323,39.55203],[-6.3826,39.55322],[-6.38261,39.55365],[-6.38294,39.55421],[-6.38462,39.55597],[-6.38498,39.55659],[-6.38648,39.55828],[-6.38675,39.55885],[-6.38681,39.55941],[-6.38656,39.56122],[-6.38604,39.56298],[-6.38598,39.56383],[-6.38656,39.56522],[-6.3862,39.56615],[-6.38631,39.56693],[-6.38574,39.56742],[-6.38684,39.57066],[-6.38717,39.57129],[-6.38753,39.57279],[-6.3877,39.57493],[-6.38828,39.57779],[-6.38813,39.5784],[-6.38817,39.57891],[-6.38854,39.57982],[-6.38857,39.58051],[-6.38808,39.58191],[-6.38876,39.58298],[-6.38874,39.58378],[-6.38914,39.58592],[-6.39016,39.58797],[-6.39013,39.58929],[-6.39026,39.58972],[-6.39108,39.59054],[-6.39379,39.59263],[-6.39453,39.59298],[-6.39533,39.59317],[-6.39616,39.59319],[-6.39923,39.59443],[-6.40024,39.59429],[-6.40102,39.5947],[-6.40186,39.5954],[-6.40252,39.59563],[-6.40534,39.59565],[-6.40657,39.59556],[-6.40897,39.59602],[-6.41371,39.5958],[-6.41602,39.59618],[-6.41859,39.59632],[-6.42052,39.59749],[-6.42074,39.59776],[-6.42094,39.59849],[-6.42261,39.60149],[-6.42372,39.60321],[-6.42459,39.6054],[-6.42585,39.60673],[-6.42691,39.60813],[-6.42723,39.61026],[-6.42794,39.61158],[-6.42858,39.61229],[-6.42871,39.61264],[-6.42848,39.61303],[-6.4284,39.61349],[-6.42849,39.61482],[-6.42906,39.61696],[-6.4298,39.61859],[-6.43048,39.61962],[-6.43073,39.62028],[-6.43063,39.62074],[-6.42944,39.6227],[-6.43041,39.6231],[-6.43246,39.62327],[-6.43313,39.62319],[-6.43408,39.62282],[-6.43672,39.6213],[-6.43894,39.62038],[-6.44171,39.62014],[-6.44283,39.62051],[-6.44285,39.62134],[-6.44319,39.62209],[-6.44392,39.62283],[-6.44443,39.62294],[-6.44521,39.62578],[-6.44583,39.62566],[-6.44691,39.62587],[-6.44796,39.62589],[-6.44907,39.62605],[-6.44933,39.62615],[-6.44992,39.62676],[-6.45264,39.62721],[-6.4531,39.62714],[-6.45631,39.62562],[-6.45716,39.62538],[-6.45903,39.62519],[-6.45985,39.62525],[-6.46119,39.62511],[-6.46178,39.62463],[-6.46211,39.62453],[-6.46326,39.62448],[-6.46404,39.62462],[-6.46463,39.62455],[-6.46457,39.6252],[-6.46506,39.62681],[-6.46562,39.62702],[-6.46607,39.62739],[-6.46346,39.62923],[-6.46253,39.62972],[-6.45888,39.63218],[-6.45671,39.63469],[-6.45519,39.63578],[-6.45434,39.63619],[-6.45331,39.63721],[-6.4508,39.63823],[-6.44814,39.6398],[-6.44757,39.64072],[-6.44687,39.64148],[-6.44531,39.64401],[-6.44517,39.64442],[-6.44366,39.64556],[-6.44242,39.64617],[-6.44209,39.64652],[-6.44152,39.64761],[-6.44093,39.64826],[-6.44058,39.64838],[-6.4402,39.64838],[-6.43887,39.64821],[-6.43795,39.6486],[-6.437,39.64874]]]}},{"type":"Feature","properties":{"id":"1003701007"},"geometry":{"type":"Polygon","coordinates":[[[-6.3694,39.47818],[-6.36938,39.47789],[-6.37048,39.47599],[-6.3708,39.47619],[-6.37146,39.47642],[-6.3728,39.47731],[-6.37472,39.47926],[-6.37448,39.4794],[-6.37382,39.4792],[-6.37214,39.47786],[-6.37168,39.4777],[-6.37049,39.47761],[-6.3702,39.4777],[-6.36998,39.47815],[-6.3694,39.47818]]]}},{"type":"Feature","properties":{"id":"1003701008"},"geometry":{"type":"Polygon","coordinates":[[[-6.37014,39.48018],[-6.36932,39.47942],[-6.3694,39.47818],[-6.36998,39.47815],[-6.3702,39.4777],[-6.37079,39.4776],[-6.37196,39.47777],[-6.37382,39.4792],[-6.37448,39.4794],[-6.37471,39.47927],[-6.3751,39.48012],[-6.37416,39.48068],[-6.37349,39.4808],[-6.37308,39.48073],[-6.3711,39.47997],[-6.37059,39.47997],[-6.37014,39.48018]]]}},{"type":"Feature","properties":{"id":"1003701009"},"geometry":{"type":"Polygon","coordinates":[[[-6.35915,39.48904],[-6.36167,39.48678],[-6.3631,39.48758],[-6.36266,39.48806],[-6.36463,39.4893],[-6.3665,39.48971],[-6.36577,39.49237],[-6.36482,39.49345],[-6.36354,39.49275],[-6.36221,39.49229],[-6.36191,39.49117],[-6.36166,39.49083],[-6.35915,39.48904]]]}},{"type":"Feature","properties":{"id":"1003701010"},"geometry":{"type":"Polygon","coordinates":[[[-6.35178,39.49528],[-6.35739,39.49639],[-6.35921,39.49746],[-6.36131,39.49795],[-6.3608,39.4991],[-6.36119,39.49926],[-6.36099,39.49969],[-6.358,39.5045],[-6.35464,39.50209],[-6.35681,39.50183],[-6.35252,39.49915],[-6.35399,39.49593],[-6.35166,39.49535],[-6.35178,39.49528]]]}},{"type":"Feature","properties":{"id":"1003701011"},"geometry":{"type":"Polygon","coordinates":[[[-6.35393,39.49373],[-6.35915,39.48904],[-6.36166,39.49083],[-6.36191,39.49117],[-6.36221,39.49229],[-6.36354,39.49275],[-6.36489,39.49351],[-6.36273,39.49559],[-6.36184,39.49509],[-6.36087,39.49479],[-6.35924,39.49455],[-6.35917,39.49432],[-6.35393,39.49373]]]}},{"type":"Feature","properties":{"id":"1003701012"},"geometry":{"type":"Polygon","coordinates":[[[-6.36463,39.4893],[-6.36266,39.48806],[-6.3631,39.48758],[-6.36318,39.48762],[-6.36668,39.48448],[-6.36696,39.48451],[-6.36865,39.48559],[-6.36849,39.48978],[-6.36796,39.48997],[-6.36538,39.48951],[-6.36463,39.4893]]]}},{"type":"Feature","properties":{"id":"1003701013"},"geometry":{"type":"Polygon","coordinates":[[[-6.36849,39.48985],[-6.36865,39.48559],[-6.36686,39.4845],[-6.36688,39.48436],[-6.36905,39.48265],[-6.37094,39.48371],[-6.37102,39.48362],[-6.3711,39.48374],[-6.37242,39.48438],[-6.37204,39.49022],[-6.36849,39.48985]]]}},{"type":"Feature","properties":{"id":"1003701014"},"geometry":{"type":"Polygon","coordinates":[[[-6.36273,39.49558],[-6.36489,39.49351],[-6.36482,39.49345],[-6.36552,39.49265],[-6.36688,39.49332],[-6.36735,39.49373],[-6.36748,39.49357],[-6.36971,39.49511],[-6.37008,39.49521],[-6.37069,39.49522],[-6.37103,39.49515],[-6.37147,39.49493],[-6.3694,39.49881],[-6.36876,39.49886],[-6.36791,39.49875],[-6.36394,39.49645],[-6.36273,39.49558]]]}},{"type":"Feature","properties":{"id":"1003701015"},"geometry":{"type":"Polygon","coordinates":[[[-6.37223,39.49036],[-6.37224,39.49024],[-6.37204,39.49022],[-6.37242,39.48438],[-6.37388,39.48506],[-6.3753,39.48507],[-6.3771,39.48557],[-6.37938,39.48653],[-6.37996,39.48659],[-6.38188,39.48626],[-6.38191,39.48696],[-6.38044,39.48855],[-6.38043,39.48872],[-6.37813,39.4898],[-6.37706,39.49016],[-6.3758,39.49038],[-6.37445,39.49045],[-6.37223,39.49036]]]}},{"type":"Feature","properties":{"id":"1003701016"},"geometry":{"type":"Polygon","coordinates":[[[-6.36577,39.49237],[-6.3665,39.48971],[-6.36796,39.48997],[-6.36849,39.48978],[-6.36849,39.48985],[-6.37224,39.49024],[-6.37183,39.49428],[-6.37147,39.49493],[-6.37129,39.49505],[-6.37038,39.49524],[-6.36971,39.49511],[-6.36748,39.49357],[-6.36735,39.49373],[-6.36688,39.49332],[-6.36552,39.49265],[-6.36577,39.49237]]]}},{"type":"Feature","properties":{"id":"1003701017"},"geometry":{"type":"Polygon","coordinates":[[[-6.35393,39.49373],[-6.35917,39.49432],[-6.35924,39.49455],[-6.36087,39.49479],[-6.36184,39.49509],[-6.36273,39.49559],[-6.3621,39.49624],[-6.36131,39.49795],[-6.35921,39.49746],[-6.35739,39.49639],[-6.35178,39.49528],[-6.35326,39.49433],[-6.35393,39.49373]]]}},{"type":"Feature","properties":{"id":"1003702001"},"geometry":{"type":"Polygon","coordinates":[[[-6.37303,39.47567],[-6.37305,39.47491],[-6.37347,39.47402],[-6.37337,39.47393],[-6.3738,39.47353],[-6.3746,39.47329],[-6.37531,39.47321],[-6.37638,39.47351],[-6.37529,39.4744],[-6.3751,39.47493],[-6.37506,39.47573],[-6.37472,39.47563],[-6.37415,39.47627],[-6.37446,39.47723],[-6.37303,39.47567]]]}},{"type":"Feature","properties":{"id":"1003702002"},"geometry":{"type":"Polygon","coordinates":[[[-6.37506,39.47572],[-6.3751,39.47493],[-6.37529,39.4744],[-6.37628,39.47364],[-6.37757,39.47187],[-6.37881,39.47242],[-6.37864,39.47365],[-6.37872,39.47414],[-6.37817,39.47394],[-6.37666,39.47596],[-6.37661,39.47593],[-6.37611,39.47643],[-6.37506,39.47572]]]}},{"type":"Feature","properties":{"id":"1003702003"},"geometry":{"type":"Polygon","coordinates":[[[-6.37666,39.47596],[-6.37817,39.47394],[-6.37872,39.47414],[-6.3795,39.47571],[-6.37961,39.47637],[-6.37921,39.4776],[-6.37869,39.47819],[-6.37842,39.47796],[-6.37888,39.4772],[-6.37831,39.4771],[-6.37666,39.47596]]]}},{"type":"Feature","properties":{"id":"1003702004"},"geometry":{"type":"Polygon","coordinates":[[[-6.37639,39.47927],[-6.3748,39.47778],[-6.37451,39.47737],[-6.37415,39.47627],[-6.37472,39.47563],[-6.37506,39.47572],[-6.37611,39.47643],[-6.37661,39.47593],[-6.37831,39.4771],[-6.37888,39.4772],[-6.37842,39.47796],[-6.37869,39.47819],[-6.37639,39.47927]]]}},{"type":"Feature","properties":{"id":"1003702005"},"geometry":{"type":"Polygon","coordinates":[[[-6.37471,39.47927],[-6.37321,39.47768],[-6.37197,39.47673],[-6.37298,39.47532],[-6.37303,39.47567],[-6.37446,39.47723],[-6.3748,39.47778],[-6.37639,39.47927],[-6.37586,39.47975],[-6.37509,39.48008],[-6.37471,39.47927]]]}},{"type":"Feature","properties":{"id":"1003702006"},"geometry":{"type":"Polygon","coordinates":[[[-6.38043,39.48872],[-6.38044,39.48855],[-6.38191,39.48696],[-6.38188,39.48626],[-6.37996,39.48659],[-6.37938,39.48653],[-6.3771,39.48557],[-6.3753,39.48507],[-6.37388,39.48506],[-6.3711,39.48374],[-6.37102,39.48362],[-6.37094,39.48371],[-6.36901,39.48262],[-6.36958,39.4818],[-6.36959,39.48149],[-6.36998,39.48042],[-6.37026,39.48009],[-6.37064,39.47995],[-6.3711,39.47997],[-6.37308,39.48073],[-6.37349,39.4808],[-6.37392,39.48076],[-6.37509,39.48008],[-6.37586,39.47975],[-6.37639,39.47927],[-6.37724,39.47886],[-6.37869,39.47819],[-6.37904,39.47838],[-6.37952,39.4791],[-6.37967,39.47953],[-6.37956,39.47961],[-6.38035,39.48102],[-6.37947,39.48124],[-6.37956,39.48143],[-6.38206,39.4853],[-6.38528,39.49063],[-6.3835,39.49017],[-6.38217,39.48916],[-6.38043,39.48872]]]}},{"type":"Feature","properties":{"id":"1003702007"},"geometry":{"type":"Polygon","coordinates":[[[-6.38143,39.47574],[-6.38017,39.47514],[-6.37873,39.47415],[-6.37864,39.47365],[-6.37881,39.47242],[-6.38186,39.47372],[-6.3816,39.47408],[-6.38179,39.47419],[-6.3819,39.47422],[-6.38229,39.47401],[-6.38269,39.47421],[-6.38297,39.47422],[-6.38286,39.4745],[-6.38162,39.47572],[-6.38143,39.47574]]]}},{"type":"Feature","properties":{"id":"1003702008"},"geometry":{"type":"Polygon","coordinates":[[[-6.37914,39.47255],[-6.38064,39.47153],[-6.3819,39.47252],[-6.38201,39.4734],[-6.38182,39.47371],[-6.37914,39.47255]]]}},{"type":"Feature","properties":{"id":"1003702009"},"geometry":{"type":"Polygon","coordinates":[[[-6.38143,39.47574],[-6.38162,39.47572],[-6.38295,39.47433],[-6.38297,39.47422],[-6.38269,39.47421],[-6.38229,39.47401],[-6.3819,39.47422],[-6.3816,39.47408],[-6.38201,39.4734],[-6.3819,39.47252],[-6.38165,39.47232],[-6.38208,39.47154],[-6.38268,39.47088],[-6.38316,39.47067],[-6.38376,39.47059],[-6.38807,39.47203],[-6.38773,39.47264],[-6.38615,39.4744],[-6.38484,39.47562],[-6.384,39.47573],[-6.38369,39.47597],[-6.38311,39.47617],[-6.38209,39.47607],[-6.38143,39.47574]]]}},{"type":"Feature","properties":{"id":"1003702010"},"geometry":{"type":"Polygon","coordinates":[[[-6.38528,39.49063],[-6.38206,39.4853],[-6.38028,39.48264],[-6.37947,39.48124],[-6.38035,39.48102],[-6.37956,39.47961],[-6.37967,39.47953],[-6.37952,39.4791],[-6.37904,39.47838],[-6.37869,39.47819],[-6.37921,39.4776],[-6.37961,39.47637],[-6.3795,39.47571],[-6.37873,39.47415],[-6.38017,39.47514],[-6.38209,39.47607],[-6.38311,39.47617],[-6.38369,39.47597],[-6.384,39.47573],[-6.3848,39.47562],[-6.38563,39.4761],[-6.38664,39.47653],[-6.38711,39.47692],[-6.388,39.47697],[-6.39002,39.47742],[-6.39256,39.47743],[-6.39463,39.4738],[-6.39488,39.47352],[-6.39788,39.47458],[-6.40064,39.47465],[-6.40273,39.47486],[-6.40448,39.47539],[-6.40571,39.47603],[-6.40716,39.47698],[-6.40795,39.47788],[-6.41157,39.48315],[-6.41308,39.48511],[-6.41577,39.49191],[-6.42226,39.49962],[-6.42224,39.50461],[-6.42325,39.50936],[-6.42493,39.51434],[-6.42612,39.51743],[-6.42734,39.52122],[-6.43129,39.53049],[-6.43414,39.53586],[-6.43279,39.53477],[-6.43033,39.53331],[-6.42929,39.53322],[-6.42721,39.53323],[-6.42478,39.533],[-6.42143,39.53283],[-6.42079,39.53288],[-6.41946,39.53354],[-6.41643,39.53534],[-6.41409,39.53627],[-6.41289,39.53636],[-6.40872,39.53718],[-6.40648,39.53442],[-6.40585,39.5339],[-6.40481,39.53273],[-6.40472,39.53214],[-6.40432,39.53133],[-6.40357,39.53019],[-6.39949,39.52546],[-6.39916,39.5247],[-6.39924,39.52347],[-6.39976,39.52206],[-6.39992,39.52056],[-6.39942,39.51957],[-6.39839,39.51826],[-6.39813,39.51747],[-6.39784,39.51548],[-6.39741,39.51444],[-6.39687,39.51347],[-6.39513,39.51179],[-6.39431,39.51046],[-6.39,39.5023],[-6.38888,39.49965],[-6.38636,39.4947],[-6.38647,39.49359],[-6.38691,39.4924],[-6.38626,39.49157],[-6.38528,39.49063]]]}},{"type":"Feature","properties":{"id":"1003702011"},"geometry":{"type":"Polygon","coordinates":[[[-6.3848,39.47562],[-6.38615,39.4744],[-6.38773,39.47264],[-6.38799,39.47219],[-6.38884,39.47251],[-6.38928,39.47292],[-6.38977,39.47376],[-6.39078,39.47452],[-6.39364,39.47553],[-6.39256,39.47743],[-6.39002,39.47742],[-6.388,39.47697],[-6.38711,39.47692],[-6.38664,39.47653],[-6.38563,39.4761],[-6.3848,39.47562]]]}},{"type":"Feature","properties":{"id":"1003702012"},"geometry":{"type":"Polygon","coordinates":[[[-6.38066,39.47154],[-6.3833,39.46955],[-6.38841,39.4713],[-6.38807,39.47203],[-6.38376,39.47059],[-6.38316,39.47067],[-6.38268,39.47088],[-6.38208,39.47154],[-6.38165,39.47232],[-6.38066,39.47154]]]}},{"type":"Feature","properties":{"id":"1003702013"},"geometry":{"type":"Polygon","coordinates":[[[-6.38799,39.47219],[-6.38839,39.47134],[-6.39488,39.47352],[-6.39364,39.47553],[-6.39078,39.47452],[-6.38977,39.47376],[-6.38928,39.47292],[-6.38884,39.47251],[-6.38799,39.47219]]]}},{"type":"Feature","properties":{"id":"1003703001"},"geometry":{"type":"Polygon","coordinates":[[[-6.37515,39.47324],[-6.37397,39.47295],[-6.37331,39.47213],[-6.3725,39.4717],[-6.37056,39.47041],[-6.37062,39.47001],[-6.37207,39.46981],[-6.3734,39.46937],[-6.37352,39.46944],[-6.37326,39.47002],[-6.37567,39.47184],[-6.37542,39.47202],[-6.37479,39.47222],[-6.37457,39.47255],[-6.37515,39.47324]]]}},{"type":"Feature","properties":{"id":"1003703002"},"geometry":{"type":"Polygon","coordinates":[[[-6.37515,39.47324],[-6.37457,39.47255],[-6.37479,39.47222],[-6.37542,39.47202],[-6.37567,39.47184],[-6.37326,39.47002],[-6.37352,39.46944],[-6.37385,39.46939],[-6.37743,39.47205],[-6.37638,39.47351],[-6.37531,39.47321],[-6.37515,39.47324]]]}},{"type":"Feature","properties":{"id":"1003703003"},"geometry":{"type":"Polygon","coordinates":[[[-6.37496,39.47022],[-6.37616,39.46935],[-6.37682,39.46962],[-6.37693,39.4694],[-6.37724,39.46922],[-6.37691,39.4689],[-6.37752,39.46855],[-6.3773,39.46833],[-6.37808,39.46831],[-6.37889,39.46856],[-6.37896,39.46879],[-6.37839,39.46956],[-6.37873,39.4697],[-6.3771,39.47181],[-6.37496,39.47022]]]}},{"type":"Feature","properties":{"id":"1003703004"},"geometry":{"type":"Polygon","coordinates":[[[-6.37823,39.47035],[-6.3807,39.47151],[-6.37914,39.47255],[-6.37757,39.47187],[-6.37743,39.47205],[-6.3771,39.47181],[-6.37823,39.47035]]]}},{"type":"Feature","properties":{"id":"1003703005"},"geometry":{"type":"Polygon","coordinates":[[[-6.38097,39.46979],[-6.38058,39.46848],[-6.38341,39.46947],[-6.38194,39.47056],[-6.38097,39.46979]]]}},{"type":"Feature","properties":{"id":"1003703006"},"geometry":{"type":"Polygon","coordinates":[[[-6.37887,39.46856],[-6.37906,39.46793],[-6.3795,39.46801],[-6.37969,39.46837],[-6.38058,39.46848],[-6.38097,39.46979],[-6.38194,39.47056],[-6.3807,39.47151],[-6.37823,39.47035],[-6.37873,39.4697],[-6.37839,39.46956],[-6.37896,39.46879],[-6.37887,39.46856]]]}},{"type":"Feature","properties":{"id":"1003703007"},"geometry":{"type":"Polygon","coordinates":[[[-6.37385,39.46939],[-6.37391,39.46913],[-6.37555,39.46854],[-6.3773,39.46833],[-6.37752,39.46855],[-6.37691,39.4689],[-6.37724,39.46922],[-6.37693,39.4694],[-6.37682,39.46962],[-6.37616,39.46935],[-6.37496,39.47022],[-6.37385,39.46939]]]}},{"type":"Feature","properties":{"id":"1003704001"},"geometry":{"type":"Polygon","coordinates":[[[-6.37385,39.46907],[-6.37757,39.46678],[-6.37891,39.46826],[-6.37887,39.46856],[-6.37793,39.4683],[-6.37555,39.46854],[-6.37391,39.46913],[-6.37385,39.46907]]]}},{"type":"Feature","properties":{"id":"1003704002"},"geometry":{"type":"Polygon","coordinates":[[[-6.37891,39.46826],[-6.37758,39.46679],[-6.37866,39.46624],[-6.3803,39.46693],[-6.3795,39.46801],[-6.37906,39.46793],[-6.37891,39.46826]]]}},{"type":"Feature","properties":{"id":"1003704003"},"geometry":{"type":"Polygon","coordinates":[[[-6.38116,39.46868],[-6.38044,39.46843],[-6.38224,39.46599],[-6.38293,39.46631],[-6.38116,39.46868]]]}},{"type":"Feature","properties":{"id":"1003704004"},"geometry":{"type":"Polygon","coordinates":[[[-6.0898,39.43487],[-6.08873,39.43435],[-6.08793,39.43421],[-6.08391,39.43422],[-6.08352,39.43395],[-6.08344,39.43362],[-6.0835,39.43325],[-6.08372,39.43297],[-6.0842,39.43279],[-6.08612,39.43253],[-6.08683,39.43232],[-6.08721,39.43204],[-6.08737,39.43164],[-6.08732,39.43117],[-6.08685,39.43059],[-6.0844,39.42888],[-6.0839,39.42818],[-6.08384,39.42769],[-6.08396,39.4272],[-6.08442,39.4269],[-6.08535,39.42664],[-6.08721,39.42631],[-6.08824,39.42602],[-6.08959,39.42539],[-6.08979,39.42509],[-6.08971,39.42465],[-6.08944,39.42385],[-6.08876,39.42278],[-6.08725,39.42133],[-6.08689,39.42109],[-6.08641,39.42092],[-6.08514,39.42105],[-6.08443,39.4213],[-6.08373,39.4217],[-6.08337,39.42221],[-6.08293,39.42322],[-6.08268,39.42476],[-6.08245,39.42534],[-6.08205,39.42577],[-6.08165,39.42599],[-6.08128,39.42595],[-6.08093,39.42565],[-6.08076,39.42533],[-6.08089,39.42486],[-6.08151,39.42377],[-6.08148,39.42342],[-6.08124,39.42306],[-6.07962,39.4223],[-6.07891,39.42184],[-6.07874,39.42162],[-6.07875,39.4212],[-6.07905,39.4204],[-6.07934,39.41999],[-6.07961,39.41984],[-6.08209,39.41939],[-6.08273,39.41915],[-6.08318,39.41883],[-6.08344,39.41836],[-6.08342,39.41798],[-6.08299,39.41729],[-6.08101,39.41565],[-6.08079,39.41516],[-6.08081,39.41446],[-6.08114,39.41315],[-6.08092,39.41188],[-6.08099,39.41096],[-6.08134,39.41043],[-6.0817,39.41021],[-6.08218,39.41013],[-6.08274,39.41039],[-6.08358,39.4115],[-6.08414,39.41167],[-6.08477,39.41149],[-6.08558,39.41105],[-6.08597,39.41075],[-6.08623,39.41036],[-6.08685,39.40797],[-6.08704,39.40783],[-6.0877,39.40774],[-6.08718,39.40712],[-6.08466,39.40563],[-6.08445,39.40511],[-6.08468,39.40424],[-6.08508,39.40395],[-6.0859,39.4036],[-6.08637,39.40353],[-6.08693,39.40365],[-6.08829,39.40455],[-6.08889,39.40481],[-6.08956,39.40496],[-6.09024,39.40487],[-6.09102,39.40454],[-6.09166,39.40408],[-6.09195,39.40368],[-6.09191,39.40321],[-6.09163,39.4025],[-6.09132,39.40205],[-6.09093,39.40172],[-6.09024,39.40172],[-6.08912,39.40227],[-6.08884,39.40235],[-6.08856,39.40231],[-6.08834,39.40203],[-6.08817,39.40115],[-6.08788,39.40074],[-6.08757,39.40051],[-6.08718,39.40045],[-6.08571,39.40069],[-6.08499,39.40047],[-6.08467,39.39992],[-6.0845,39.39935],[-6.0845,39.39884],[-6.08481,39.39832],[-6.08567,39.39775],[-6.08622,39.39772],[-6.08711,39.398],[-6.09005,39.39936],[-6.09075,39.39931],[-6.09086,39.39917],[-6.09098,39.39723],[-6.09138,39.39631],[-6.09166,39.3961],[-6.09202,39.39606],[-6.09247,39.39618],[-6.09325,39.39673],[-6.09348,39.39681],[-6.09371,39.39675],[-6.09493,39.39526],[-6.09496,39.39494],[-6.09481,39.3947],[-6.09429,39.39458],[-6.09209,39.39467],[-6.09159,39.39443],[-6.0915,39.39419],[-6.09182,39.39379],[-6.09353,39.39223],[-6.09353,39.39179],[-6.09333,39.39118],[-6.09284,39.39031],[-6.0911,39.38806],[-6.09026,39.38746],[-6.08978,39.3873],[-6.08891,39.38711],[-6.08813,39.38711],[-6.08638,39.38746],[-6.08602,39.38733],[-6.08567,39.38684],[-6.08646,39.38605],[-6.08664,39.38467],[-6.08692,39.38447],[-6.08751,39.38453],[-6.08898,39.38505],[-6.08981,39.38512],[-6.09047,39.38506],[-6.09118,39.38483],[-6.09172,39.38452],[-6.09196,39.38386],[-6.09195,39.38345],[-6.09155,39.38319],[-6.09068,39.38297],[-6.0892,39.38237],[-6.08866,39.38229],[-6.08813,39.38234],[-6.0878,39.38252],[-6.08749,39.38292],[-6.08732,39.38338],[-6.08695,39.3837],[-6.08624,39.38406],[-6.08493,39.38439],[-6.08463,39.38436],[-6.08412,39.3841],[-6.08372,39.38301],[-6.08384,39.38284],[-6.08411,39.38278],[-6.08537,39.3832],[-6.08595,39.38318],[-6.08638,39.38301],[-6.08659,39.38263],[-6.08673,39.38219],[-6.08662,39.38192],[-6.08585,39.38137],[-6.08517,39.38119],[-6.0841,39.38073],[-6.08367,39.38026],[-6.08246,39.37796],[-6.08177,39.37735],[-6.0811,39.37691],[-6.08045,39.37611],[-6.08038,39.37583],[-6.08064,39.37537],[-6.08125,39.37489],[-6.08206,39.37446],[-6.08284,39.37428],[-6.08499,39.37431],[-6.0855,39.37412],[-6.08572,39.37387],[-6.08568,39.37356],[-6.08538,39.37314],[-6.08424,39.37255],[-6.08398,39.37229],[-6.08394,39.37191],[-6.08468,39.37003],[-6.08481,39.36926],[-6.08473,39.36785],[-6.08496,39.36706],[-6.08562,39.36704],[-6.08787,39.36787],[-6.08829,39.36791],[-6.08858,39.36783],[-6.08877,39.36765],[-6.08879,39.36726],[-6.08773,39.3655],[-6.08769,39.365],[-6.08789,39.36478],[-6.08856,39.36462],[-6.08945,39.36454],[-6.09061,39.36463],[-6.0913,39.36483],[-6.09173,39.36525],[-6.09206,39.36585],[-6.09222,39.36658],[-6.09306,39.36811],[-6.09372,39.36836],[-6.09394,39.36827],[-6.09551,39.36696],[-6.0976,39.36569],[-6.09832,39.36496],[-6.10663,39.36469],[-6.11434,39.36471],[-6.12423,39.36412],[-6.13191,39.36375],[-6.14705,39.36277],[-6.14907,39.36335],[-6.14962,39.36441],[-6.1524,39.36326],[-6.15895,39.36175],[-6.1596,39.36172],[-6.16158,39.36187],[-6.16348,39.36135],[-6.16709,39.36065],[-6.17025,39.36038],[-6.17321,39.35974],[-6.17476,39.35965],[-6.17872,39.35855],[-6.18126,39.35728],[-6.18214,39.35702],[-6.18408,39.35611],[-6.18499,39.35553],[-6.18577,39.35518],[-6.18642,39.35502],[-6.18772,39.35492],[-6.1902,39.35381],[-6.1918,39.3536],[-6.19343,39.35308],[-6.19677,39.35126],[-6.19769,39.3506],[-6.19855,39.3497],[-6.2,39.3479],[-6.20056,39.34818],[-6.20089,39.34882],[-6.20117,39.34912],[-6.20219,39.34946],[-6.20383,39.35021],[-6.20459,39.3503],[-6.20885,39.34928],[-6.20949,39.34935],[-6.2093,39.34979],[-6.20839,39.35094],[-6.20776,39.35157],[-6.20682,39.35225],[-6.20391,39.35383],[-6.20335,39.35436],[-6.20285,39.35508],[-6.20201,39.35706],[-6.20246,39.3574],[-6.20491,39.3586],[-6.20288,39.35995],[-6.20096,39.36175],[-6.19891,39.3645],[-6.1974,39.36689],[-6.19699,39.36729],[-6.19644,39.36921],[-6.19676,39.37203],[-6.19664,39.37362],[-6.19627,39.37448],[-6.19543,39.37468],[-6.19457,39.37682],[-6.19578,39.37766],[-6.19611,39.37919],[-6.19806,39.37843],[-6.19889,39.37827],[-6.20043,39.37839],[-6.20078,39.3786],[-6.20171,39.38013],[-6.20209,39.38047],[-6.20275,39.38139],[-6.20295,39.38361],[-6.2033,39.3843],[-6.20329,39.38501],[-6.20415,39.38473],[-6.20417,39.38438],[-6.2072,39.38407],[-6.21019,39.38204],[-6.21102,39.38119],[-6.21406,39.38224],[-6.21547,39.38246],[-6.21583,39.38264],[-6.21628,39.38311],[-6.21672,39.38437],[-6.21702,39.38461],[-6.21889,39.38476],[-6.22138,39.38469],[-6.22594,39.38231],[-6.22775,39.38076],[-6.22803,39.38041],[-6.22869,39.37885],[-6.22915,39.37857],[-6.23028,39.37806],[-6.23058,39.37832],[-6.23129,39.37867],[-6.23186,39.37872],[-6.23607,39.37776],[-6.23701,39.37833],[-6.23908,39.3803],[-6.23726,39.38219],[-6.23663,39.38336],[-6.23431,39.38514],[-6.23305,39.38635],[-6.2322,39.38745],[-6.23203,39.38818],[-6.23206,39.38862],[-6.23301,39.3933],[-6.23319,39.39509],[-6.23321,39.39649],[-6.23285,39.39962],[-6.23294,39.40184],[-6.23521,39.40217],[-6.23856,39.40334],[-6.23925,39.40367],[-6.24184,39.40442],[-6.24297,39.40463],[-6.2456,39.40479],[-6.24753,39.40506],[-6.24839,39.40531],[-6.25023,39.40519],[-6.25186,39.40543],[-6.25312,39.40546],[-6.25435,39.40515],[-6.25778,39.40512],[-6.25924,39.40502],[-6.26023,39.40482],[-6.26147,39.4043],[-6.26218,39.40364],[-6.26284,39.4028],[-6.2639,39.40069],[-6.26453,39.39903],[-6.26523,39.39814],[-6.26596,39.39756],[-6.27007,39.39487],[-6.27242,39.39393],[-6.27363,39.39322],[-6.27504,39.39187],[-6.27993,39.38827],[-6.28123,39.38766],[-6.28111,39.3871],[-6.28105,39.38542],[-6.28164,39.38502],[-6.28095,39.38437],[-6.28193,39.38284],[-6.28435,39.38127],[-6.28557,39.38098],[-6.2866,39.38062],[-6.28887,39.37899],[-6.29129,39.37755],[-6.29252,39.37731],[-6.2932,39.37751],[-6.29366,39.37801],[-6.29587,39.37815],[-6.2975,39.37866],[-6.29844,39.37887],[-6.29893,39.37884],[-6.30062,39.37848],[-6.30084,39.37824],[-6.30183,39.37847],[-6.30307,39.37813],[-6.30532,39.37715],[-6.30561,39.3764],[-6.30604,39.37593],[-6.30767,39.37548],[-6.30826,39.37476],[-6.30869,39.37355],[-6.30929,39.37287],[-6.31167,39.37257],[-6.31209,39.37578],[-6.31254,39.37748],[-6.31523,39.37732],[-6.3157,39.37648],[-6.31631,39.37582],[-6.31686,39.37555],[-6.31788,39.37554],[-6.31878,39.37586],[-6.32067,39.37679],[-6.3212,39.37636],[-6.3207,39.37473],[-6.32068,39.37401],[-6.32089,39.37337],[-6.32173,39.3731],[-6.32559,39.37313],[-6.3281,39.37333],[-6.32951,39.37373],[-6.33,39.37409],[-6.3303,39.37488],[-6.33036,39.37584],[-6.33099,39.37686],[-6.33162,39.37723],[-6.33224,39.37731],[-6.33295,39.37723],[-6.33383,39.37748],[-6.33411,39.37785],[-6.33449,39.37898],[-6.33496,39.37922],[-6.33615,39.37941],[-6.33721,39.3793],[-6.33791,39.37876],[-6.33831,39.3779],[-6.3387,39.37637],[-6.33944,39.37527],[-6.34058,39.37476],[-6.34234,39.37505],[-6.34552,39.37631],[-6.34926,39.3872],[-6.35086,39.39099],[-6.35208,39.39453],[-6.35221,39.39571],[-6.35212,39.3969],[-6.35275,39.3986],[-6.35257,39.3999],[-6.35285,39.40061],[-6.35356,39.40137],[-6.35487,39.40245],[-6.35539,39.40358],[-6.35321,39.40728],[-6.35362,39.40796],[-6.35411,39.4098],[-6.35305,39.41129],[-6.35308,39.41187],[-6.35437,39.4133],[-6.35515,39.41457],[-6.35532,39.41582],[-6.3553,39.4188],[-6.35585,39.42144],[-6.35681,39.42248],[-6.35844,39.42336],[-6.36118,39.42466],[-6.36249,39.4255],[-6.36523,39.42918],[-6.36619,39.43031],[-6.37691,39.43606],[-6.37789,39.43673],[-6.38049,39.4401],[-6.37999,39.44356],[-6.37974,39.44658],[-6.38258,39.45184],[-6.37563,39.45337],[-6.37544,39.45354],[-6.37647,39.45506],[-6.37693,39.45635],[-6.36756,39.45762],[-6.36752,39.45711],[-6.36664,39.45503],[-6.36708,39.45485],[-6.36407,39.45115],[-6.36226,39.44994],[-6.3538,39.44501],[-6.33313,39.43406],[-6.3201,39.42318],[-6.31564,39.42172],[-6.31221,39.42029],[-6.30886,39.41942],[-6.30535,39.41981],[-6.29267,39.41363],[-6.29209,39.41266],[-6.29066,39.41209],[-6.2877,39.41178],[-6.28566,39.41205],[-6.28407,39.41138],[-6.28168,39.41104],[-6.28048,39.41418],[-6.28001,39.41663],[-6.27877,39.4181],[-6.27838,39.41872],[-6.27821,39.41968],[-6.27535,39.41884],[-6.27465,39.41849],[-6.27415,39.4181],[-6.27277,39.41779],[-6.27081,39.41777],[-6.26614,39.41725],[-6.26564,39.41753],[-6.26473,39.41744],[-6.26109,39.41673],[-6.26039,39.41958],[-6.25797,39.42254],[-6.25684,39.42361],[-6.25575,39.42439],[-6.25422,39.42524],[-6.25144,39.4244],[-6.2499,39.42377],[-6.24896,39.42365],[-6.24659,39.42299],[-6.24337,39.42158],[-6.24029,39.41933],[-6.23939,39.41908],[-6.23651,39.42233],[-6.23511,39.4241],[-6.23443,39.42544],[-6.23397,39.42666],[-6.23355,39.42866],[-6.2337,39.42983],[-6.2337,39.43126],[-6.23226,39.43418],[-6.23176,39.43558],[-6.23146,39.43691],[-6.23128,39.43853],[-6.23119,39.44133],[-6.23236,39.44631],[-6.23242,39.44751],[-6.23228,39.44825],[-6.23462,39.44843],[-6.2353,39.44836],[-6.2362,39.44843],[-6.24155,39.44911],[-6.24397,39.44929],[-6.24582,39.44957],[-6.25204,39.45125],[-6.25236,39.45149],[-6.25299,39.45173],[-6.25477,39.45222],[-6.25623,39.4524],[-6.25889,39.45291],[-6.26166,39.45396],[-6.26656,39.4561],[-6.26889,39.45675],[-6.27454,39.45881],[-6.27502,39.45893],[-6.27641,39.45907],[-6.27706,39.45934],[-6.27773,39.45946],[-6.2799,39.45966],[-6.28119,39.45962],[-6.28209,39.45988],[-6.28295,39.45992],[-6.28313,39.45984],[-6.28871,39.46408],[-6.28067,39.46332],[-6.27532,39.46334],[-6.27302,39.46298],[-6.26666,39.46152],[-6.25005,39.45819],[-6.18617,39.4444],[-6.16478,39.44001],[-6.14629,39.43609],[-6.1425,39.4366],[-6.13542,39.43771],[-6.12326,39.44105],[-6.11997,39.44125],[-6.11894,39.44152],[-6.11815,39.44197],[-6.11507,39.44319],[-6.11204,39.4442],[-6.10898,39.44503],[-6.10808,39.44512],[-6.1054,39.44623],[-6.10488,39.4466],[-6.1045,39.44707],[-6.10407,39.44702],[-6.10322,39.44674],[-6.10237,39.44622],[-6.10151,39.44507],[-6.10065,39.44351],[-6.09942,39.44032],[-6.09844,39.4383],[-6.09777,39.43784],[-6.09627,39.43747],[-6.0943,39.43645],[-6.09359,39.43628],[-6.09263,39.43552],[-6.09135,39.43519],[-6.09013,39.43474],[-6.0898,39.43487]]]}},{"type":"Feature","properties":{"id":"1003704005"},"geometry":{"type":"Polygon","coordinates":[[[-6.37372,39.46801],[-6.37696,39.46612],[-6.37757,39.46678],[-6.3744,39.46873],[-6.37372,39.46801]]]}},{"type":"Feature","properties":{"id":"1003704006"},"geometry":{"type":"Polygon","coordinates":[[[-6.38116,39.46868],[-6.38292,39.46632],[-6.38594,39.46749],[-6.38341,39.46947],[-6.38116,39.46868]]]}},{"type":"Feature","properties":{"id":"1003704007"},"geometry":{"type":"Polygon","coordinates":[[[-6.37632,39.46538],[-6.37448,39.46338],[-6.37265,39.46139],[-6.37504,39.46108],[-6.37538,39.46341],[-6.37654,39.46336],[-6.37666,39.46462],[-6.37686,39.46508],[-6.37632,39.46538]]]}},{"type":"Feature","properties":{"id":"1003704008"},"geometry":{"type":"Polygon","coordinates":[[[-6.37757,39.46678],[-6.37629,39.4654],[-6.37686,39.46508],[-6.37668,39.46461],[-6.37791,39.4644],[-6.37807,39.46531],[-6.37904,39.46538],[-6.37905,39.46604],[-6.37757,39.46678]]]}},{"type":"Feature","properties":{"id":"1003704009"},"geometry":{"type":"Polygon","coordinates":[[[-6.38359,39.46661],[-6.38132,39.46557],[-6.38384,39.46222],[-6.38416,39.46121],[-6.38481,39.46156],[-6.38557,39.46167],[-6.38587,39.46372],[-6.38647,39.46424],[-6.38521,39.46429],[-6.38494,39.46423],[-6.38506,39.46501],[-6.38482,39.46513],[-6.38455,39.46551],[-6.38436,39.46557],[-6.38359,39.46661]]]}},{"type":"Feature","properties":{"id":"1003704010"},"geometry":{"type":"Polygon","coordinates":[[[-6.37654,39.46566],[-6.37696,39.46612],[-6.37321,39.46826],[-6.37276,39.46777],[-6.37654,39.46566]]]}},{"type":"Feature","properties":{"id":"1003704011"},"geometry":{"type":"Polygon","coordinates":[[[-6.37668,39.46461],[-6.37654,39.46335],[-6.37858,39.46313],[-6.37935,39.46323],[-6.37904,39.46538],[-6.37807,39.46531],[-6.37791,39.4644],[-6.37668,39.46461]]]}},{"type":"Feature","properties":{"id":"1003704012"},"geometry":{"type":"Polygon","coordinates":[[[-6.37504,39.46108],[-6.37759,39.46091],[-6.37774,39.46195],[-6.3785,39.46314],[-6.37538,39.46341],[-6.37504,39.46108]]]}},{"type":"Feature","properties":{"id":"1003704013"},"geometry":{"type":"Polygon","coordinates":[[[-6.4594,39.54794],[-6.45644,39.54627],[-6.4562,39.54513],[-6.455,39.54513],[-6.45506,39.54444],[-6.45494,39.54422],[-6.45364,39.54311],[-6.45368,39.54266],[-6.45315,39.54216],[-6.45304,39.54184],[-6.45312,39.54144],[-6.45305,39.54073],[-6.45311,39.54043],[-6.45354,39.53973],[-6.45366,39.53899],[-6.45185,39.53873],[-6.45214,39.53912],[-6.4521,39.53929],[-6.45172,39.53934],[-6.45135,39.5392],[-6.45134,39.53865],[-6.4512,39.53827],[-6.44901,39.53842],[-6.44903,39.53923],[-6.44816,39.53924],[-6.44722,39.53955],[-6.44568,39.53989],[-6.44455,39.53988],[-6.44314,39.53972],[-6.44141,39.53941],[-6.43957,39.53873],[-6.4383,39.53783],[-6.43723,39.53738],[-6.43553,39.53689],[-6.43471,39.53616],[-6.43414,39.53586],[-6.43129,39.53049],[-6.42734,39.52122],[-6.42612,39.51743],[-6.42493,39.51434],[-6.42325,39.50936],[-6.42224,39.50461],[-6.42226,39.49962],[-6.41577,39.49191],[-6.41308,39.48511],[-6.41157,39.48315],[-6.40795,39.47788],[-6.40716,39.47698],[-6.40571,39.47603],[-6.40448,39.47539],[-6.40273,39.47486],[-6.40165,39.47475],[-6.39959,39.46761],[-6.39418,39.46928],[-6.39362,39.46884],[-6.39252,39.4682],[-6.38917,39.46707],[-6.38772,39.4662],[-6.38594,39.46749],[-6.38359,39.46661],[-6.38436,39.46557],[-6.38455,39.46551],[-6.38482,39.46513],[-6.38506,39.46501],[-6.38494,39.46423],[-6.3858,39.46429],[-6.38653,39.4642],[-6.38716,39.46484],[-6.38737,39.46473],[-6.38915,39.46581],[-6.39063,39.46629],[-6.39149,39.46621],[-6.39405,39.46557],[-6.39642,39.46513],[-6.39974,39.46486],[-6.40174,39.46539],[-6.40433,39.46646],[-6.40916,39.46499],[-6.41456,39.46263],[-6.42887,39.4614],[-6.44538,39.45803],[-6.45467,39.45602],[-6.46149,39.45443],[-6.46583,39.45695],[-6.46736,39.45747],[-6.46754,39.45892],[-6.4675,39.4596],[-6.46775,39.45986],[-6.46886,39.46006],[-6.47024,39.46018],[-6.4736,39.46005],[-6.47512,39.4601],[-6.47624,39.46155],[-6.47696,39.46172],[-6.47699,39.46193],[-6.47673,39.46237],[-6.4767,39.46384],[-6.47587,39.46549],[-6.47587,39.46572],[-6.47695,39.46689],[-6.47825,39.46791],[-6.48039,39.47008],[-6.48144,39.47176],[-6.48062,39.47287],[-6.48001,39.47447],[-6.47957,39.47737],[-6.47961,39.47904],[-6.48093,39.48069],[-6.48073,39.48217],[-6.48034,39.48372],[-6.48043,39.48388],[-6.48178,39.48483],[-6.48158,39.48764],[-6.48111,39.48831],[-6.47961,39.49105],[-6.47978,39.49202],[-6.47737,39.49347],[-6.47663,39.49489],[-6.47547,39.49533],[-6.47347,39.49573],[-6.47212,39.49584],[-6.46936,39.49581],[-6.46733,39.49389],[-6.46599,39.49476],[-6.46563,39.49523],[-6.46469,39.49742],[-6.46432,39.49799],[-6.4628,39.49947],[-6.46228,39.50011],[-6.4621,39.50072],[-6.46186,39.50102],[-6.46009,39.50261],[-6.45897,39.50332],[-6.45712,39.50416],[-6.45575,39.50525],[-6.45267,39.50738],[-6.45192,39.5076],[-6.45118,39.50796],[-6.45053,39.50841],[-6.44826,39.51124],[-6.44772,39.51166],[-6.4459,39.51267],[-6.44588,39.51298],[-6.44718,39.51393],[-6.44776,39.51411],[-6.44966,39.5141],[-6.45067,39.51495],[-6.45141,39.5153],[-6.4532,39.51591],[-6.45475,39.51687],[-6.45612,39.51715],[-6.45715,39.51834],[-6.45782,39.51886],[-6.45855,39.51912],[-6.46048,39.51958],[-6.46102,39.5202],[-6.46313,39.52083],[-6.46458,39.52287],[-6.46476,39.52299],[-6.46578,39.52289],[-6.46623,39.52319],[-6.46903,39.52454],[-6.47023,39.52532],[-6.47426,39.52747],[-6.47611,39.5281],[-6.47769,39.52839],[-6.47891,39.52898],[-6.4836,39.53055],[-6.48857,39.53327],[-6.49008,39.53386],[-6.49076,39.53425],[-6.49251,39.53594],[-6.49412,39.53709],[-6.49498,39.53723],[-6.4959,39.53717],[-6.49681,39.53726],[-6.49859,39.5378],[-6.49918,39.53817],[-6.49995,39.53841],[-6.50151,39.53857],[-6.50304,39.5392],[-6.50349,39.53922],[-6.50433,39.53897],[-6.50502,39.53907],[-6.50565,39.53923],[-6.50898,39.54057],[-6.51028,39.54078],[-6.5132,39.53995],[-6.51841,39.53979],[-6.52183,39.53998],[-6.52566,39.54165],[-6.52679,39.54225],[-6.52874,39.54386],[-6.532,39.54522],[-6.53339,39.5454],[-6.53487,39.54571],[-6.53559,39.54603],[-6.5364,39.54577],[-6.54186,39.54663],[-6.54489,39.5468],[-6.54604,39.54723],[-6.54702,39.54781],[-6.54809,39.54861],[-6.55009,39.54934],[-6.55069,39.54992],[-6.55048,39.55088],[-6.54845,39.55074],[-6.54808,39.55092],[-6.54757,39.55142],[-6.54743,39.552],[-6.5476,39.55223],[-6.55003,39.55431],[-6.55062,39.5551],[-6.55163,39.55568],[-6.55268,39.55686],[-6.55245,39.55715],[-6.55243,39.55827],[-6.55082,39.55858],[-6.5499,39.55948],[-6.55138,39.56078],[-6.55276,39.56244],[-6.55321,39.56336],[-6.55421,39.5641],[-6.55419,39.56474],[-6.55539,39.56516],[-6.55611,39.56556],[-6.55635,39.56578],[-6.55689,39.56673],[-6.55773,39.5672],[-6.55847,39.56983],[-6.55743,39.5701],[-6.55555,39.56996],[-6.55485,39.5694],[-6.5544,39.56923],[-6.55349,39.56925],[-6.55298,39.56941],[-6.55202,39.56992],[-6.55187,39.57023],[-6.55217,39.57071],[-6.55253,39.57099],[-6.55372,39.57163],[-6.55492,39.57247],[-6.55521,39.57288],[-6.55533,39.57342],[-6.55612,39.57444],[-6.55612,39.57542],[-6.55631,39.57567],[-6.55763,39.57643],[-6.55524,39.57756],[-6.55184,39.57958],[-6.54938,39.58128],[-6.53687,39.58415],[-6.53567,39.58272],[-6.5362,39.5816],[-6.53622,39.58131],[-6.53575,39.57971],[-6.53576,39.57891],[-6.53666,39.57719],[-6.53668,39.57602],[-6.53681,39.57562],[-6.53736,39.57491],[-6.53749,39.57331],[-6.53478,39.57153],[-6.5337,39.57099],[-6.52977,39.57031],[-6.52739,39.56934],[-6.52627,39.57047],[-6.52593,39.57103],[-6.52352,39.57081],[-6.52394,39.56952],[-6.52355,39.56941],[-6.52328,39.56956],[-6.52275,39.5703],[-6.52069,39.57141],[-6.52003,39.57073],[-6.51884,39.56999],[-6.51828,39.56974],[-6.51707,39.56872],[-6.51638,39.56829],[-6.51436,39.56733],[-6.51368,39.56713],[-6.51168,39.56626],[-6.5112,39.56621],[-6.51024,39.56647],[-6.50962,39.56611],[-6.50792,39.56557],[-6.50745,39.56551],[-6.50646,39.56508],[-6.5059,39.56505],[-6.50271,39.56613],[-6.50164,39.56663],[-6.4991,39.56678],[-6.49786,39.5664],[-6.49705,39.56631],[-6.49644,39.56641],[-6.49531,39.56829],[-6.49493,39.56873],[-6.49336,39.56973],[-6.49079,39.57212],[-6.48946,39.5729],[-6.48749,39.57348],[-6.48686,39.5735],[-6.48668,39.5733],[-6.48649,39.57205],[-6.48627,39.57177],[-6.4856,39.57135],[-6.48429,39.57016],[-6.48361,39.56977],[-6.48227,39.56925],[-6.4804,39.569],[-6.47892,39.56797],[-6.47838,39.56781],[-6.47747,39.56786],[-6.47271,39.56641],[-6.47106,39.56603],[-6.4699,39.56588],[-6.46743,39.56622],[-6.46563,39.56387],[-6.4654,39.56343],[-6.46544,39.56165],[-6.46492,39.55971],[-6.46589,39.55889],[-6.46695,39.55779],[-6.4672,39.5573],[-6.46735,39.55672],[-6.4674,39.55523],[-6.4663,39.55479],[-6.46531,39.55407],[-6.46411,39.55361],[-6.46246,39.55335],[-6.46211,39.55323],[-6.46177,39.55271],[-6.46167,39.55205],[-6.46127,39.55198],[-6.46081,39.55166],[-6.4604,39.55099],[-6.45975,39.55126],[-6.45932,39.54883],[-6.45945,39.54841],[-6.4594,39.54794]]]}},{"type":"Feature","properties":{"id":"1003704014"},"geometry":{"type":"Polygon","coordinates":[[[-6.3795,39.46801],[-6.38132,39.46557],[-6.38224,39.46599],[-6.38044,39.46843],[-6.37969,39.46837],[-6.3795,39.46801]]]}},{"type":"Feature","properties":{"id":"1003704015"},"geometry":{"type":"Polygon","coordinates":[[[-6.3785,39.46314],[-6.37774,39.46195],[-6.37759,39.46091],[-6.37954,39.46088],[-6.37935,39.46323],[-6.3785,39.46314]]]}},{"type":"Feature","properties":{"id":"1003704016"},"geometry":{"type":"Polygon","coordinates":[[[-6.38702,39.47083],[-6.38767,39.46977],[-6.38658,39.46937],[-6.38747,39.46795],[-6.38859,39.46835],[-6.38936,39.46714],[-6.39252,39.4682],[-6.39362,39.46884],[-6.39422,39.46932],[-6.38806,39.47119],[-6.38702,39.47083]]]}},{"type":"Feature","properties":{"id":"1003704017"},"geometry":{"type":"Polygon","coordinates":[[[-6.39631,39.47401],[-6.39651,39.47374],[-6.39603,39.47331],[-6.39573,39.47279],[-6.39538,39.47126],[-6.3948,39.47005],[-6.39418,39.46928],[-6.39959,39.46761],[-6.40165,39.47475],[-6.39788,39.47458],[-6.39631,39.47401]]]}},{"type":"Feature","properties":{"id":"1003704018"},"geometry":{"type":"Polygon","coordinates":[[[-6.37936,39.46318],[-6.37954,39.46086],[-6.3842,39.46106],[-6.38384,39.46222],[-6.38132,39.46557],[-6.38023,39.46505],[-6.38108,39.46402],[-6.37936,39.46318]]]}},{"type":"Feature","properties":{"id":"1003704019"},"geometry":{"type":"Polygon","coordinates":[[[-6.37954,39.46088],[-6.37771,39.4609],[-6.37743,39.45838],[-6.37688,39.4561],[-6.3783,39.45586],[-6.37877,39.45762],[-6.38262,39.45705],[-6.38226,39.45545],[-6.38384,39.45539],[-6.38419,39.46106],[-6.37954,39.46088]]]}},{"type":"Feature","properties":{"id":"1003704020"},"geometry":{"type":"Polygon","coordinates":[[[-6.38258,39.45184],[-6.38369,39.45394],[-6.38384,39.45539],[-6.38226,39.45545],[-6.37837,39.45594],[-6.37834,39.45585],[-6.37688,39.4561],[-6.37647,39.45506],[-6.37544,39.45354],[-6.37563,39.45337],[-6.38258,39.45184]]]}},{"type":"Feature","properties":{"id":"1003704021"},"geometry":{"type":"Polygon","coordinates":[[[-6.39631,39.47401],[-6.38839,39.47134],[-6.38806,39.47119],[-6.39422,39.46932],[-6.3948,39.47005],[-6.39538,39.47126],[-6.39573,39.47279],[-6.39603,39.47331],[-6.39651,39.47374],[-6.39631,39.47401]]]}},{"type":"Feature","properties":{"id":"1003704022"},"geometry":{"type":"Polygon","coordinates":[[[-6.38331,39.46955],[-6.38772,39.4662],[-6.38936,39.46714],[-6.38859,39.46835],[-6.38747,39.46795],[-6.38658,39.46937],[-6.38767,39.46977],[-6.38702,39.47083],[-6.38331,39.46955]]]}},{"type":"Feature","properties":{"id":"1003704023"},"geometry":{"type":"Polygon","coordinates":[[[-6.37866,39.46624],[-6.37905,39.46604],[-6.37903,39.46544],[-6.37936,39.46318],[-6.38108,39.46402],[-6.38023,39.46505],[-6.38132,39.46557],[-6.3803,39.46693],[-6.37866,39.46624]]]}},{"type":"Feature","properties":{"id":"1003704024"},"geometry":{"type":"Polygon","coordinates":[[[-6.3783,39.45586],[-6.37837,39.45594],[-6.38225,39.4555],[-6.38262,39.45705],[-6.37877,39.45762],[-6.3783,39.45586]]]}},{"type":"Feature","properties":{"id":"1003704025"},"geometry":{"type":"Polygon","coordinates":[[[-6.37503,39.45957],[-6.37518,39.45851],[-6.37478,39.45665],[-6.37693,39.45635],[-6.37743,39.45838],[-6.37771,39.4609],[-6.37504,39.46108],[-6.37503,39.45957]]]}},{"type":"Feature","properties":{"id":"1003705001"},"geometry":{"type":"Polygon","coordinates":[[[-6.36985,39.46968],[-6.37023,39.46935],[-6.37072,39.46849],[-6.36992,39.4682],[-6.36934,39.46661],[-6.36989,39.46644],[-6.37482,39.46374],[-6.37654,39.46566],[-6.37276,39.46777],[-6.37321,39.46826],[-6.37372,39.46801],[-6.3744,39.46873],[-6.37385,39.46907],[-6.37388,39.46936],[-6.37364,39.46946],[-6.3734,39.46937],[-6.37207,39.46981],[-6.37062,39.47001],[-6.36985,39.46968]]]}},{"type":"Feature","properties":{"id":"1003705002"},"geometry":{"type":"Polygon","coordinates":[[[-6.3672,39.46054],[-6.36931,39.46091],[-6.36957,39.46214],[-6.37117,39.46166],[-6.3727,39.46138],[-6.37482,39.46374],[-6.36989,39.46644],[-6.36934,39.46661],[-6.36992,39.4682],[-6.37072,39.46849],[-6.37023,39.46935],[-6.36976,39.46976],[-6.36881,39.46874],[-6.36727,39.46482],[-6.36714,39.46409],[-6.36719,39.46328],[-6.36698,39.46191],[-6.3672,39.46054]]]}},{"type":"Feature","properties":{"id":"1003705003"},"geometry":{"type":"Polygon","coordinates":[[[-6.3672,39.46054],[-6.36759,39.45895],[-6.36756,39.45762],[-6.36926,39.45739],[-6.37133,39.45993],[-6.37261,39.45926],[-6.3729,39.45932],[-6.37257,39.4614],[-6.37117,39.46166],[-6.36957,39.46214],[-6.36931,39.46091],[-6.3672,39.46054]]]}},{"type":"Feature","properties":{"id":"1003705004"},"geometry":{"type":"Polygon","coordinates":[[[-6.37503,39.45957],[-6.37504,39.46108],[-6.37327,39.46127],[-6.37321,39.46039],[-6.37333,39.45939],[-6.37503,39.45957]]]}},{"type":"Feature","properties":{"id":"1003705005"},"geometry":{"type":"Polygon","coordinates":[[[-6.36926,39.45739],[-6.37183,39.45703],[-6.37202,39.45801],[-6.37312,39.45786],[-6.3729,39.45932],[-6.37261,39.45926],[-6.37133,39.45993],[-6.36926,39.45739]]]}},{"type":"Feature","properties":{"id":"1003705006"},"geometry":{"type":"Polygon","coordinates":[[[-6.37257,39.4614],[-6.37312,39.45786],[-6.37202,39.45801],[-6.37183,39.45703],[-6.37478,39.45666],[-6.37518,39.45851],[-6.37503,39.45957],[-6.37333,39.45939],[-6.37321,39.46039],[-6.37327,39.46127],[-6.37257,39.4614]]]}},{"type":"Feature","properties":{"id":"1003706001"},"geometry":{"type":"Polygon","coordinates":[[[-6.40727,39.46556],[-6.40686,39.46459],[-6.40627,39.46396],[-6.40558,39.46343],[-6.40372,39.46265],[-6.40222,39.46177],[-6.40129,39.46174],[-6.39977,39.46198],[-6.39847,39.46238],[-6.39815,39.46258],[-6.39901,39.46491],[-6.39642,39.46513],[-6.39405,39.46557],[-6.39149,39.46621],[-6.39063,39.46629],[-6.38915,39.46581],[-6.38737,39.46473],[-6.38716,39.46484],[-6.38653,39.4642],[-6.38647,39.46424],[-6.38595,39.46383],[-6.38557,39.46167],[-6.38481,39.46156],[-6.38416,39.46121],[-6.38398,39.45709],[-6.38427,39.45653],[-6.38458,39.45542],[-6.38502,39.45496],[-6.38558,39.45457],[-6.38612,39.45437],[-6.38649,39.45405],[-6.3868,39.45369],[-6.38743,39.45254],[-6.38899,39.45298],[-6.38877,39.45349],[-6.38904,39.45378],[-6.38958,39.4538],[-6.39129,39.45424],[-6.39175,39.4537],[-6.39211,39.45286],[-6.394,39.45306],[-6.39406,39.45222],[-6.39335,39.45123],[-6.39342,39.44961],[-6.39332,39.44854],[-6.39417,39.44668],[-6.39388,39.44465],[-6.39295,39.4431],[-6.39181,39.44301],[-6.3909,39.44307],[-6.39087,39.44313],[-6.39072,39.44307],[-6.38924,39.44342],[-6.38625,39.44455],[-6.38088,39.44538],[-6.38035,39.44555],[-6.38004,39.44584],[-6.37976,39.4466],[-6.37999,39.44356],[-6.38049,39.4401],[-6.37789,39.43673],[-6.37691,39.43606],[-6.36619,39.43031],[-6.36523,39.42918],[-6.36249,39.4255],[-6.36118,39.42466],[-6.35844,39.42336],[-6.35681,39.42248],[-6.35585,39.42144],[-6.3553,39.4188],[-6.35532,39.41582],[-6.35515,39.41457],[-6.35437,39.4133],[-6.35308,39.41187],[-6.35305,39.41129],[-6.35411,39.4098],[-6.35362,39.40796],[-6.35321,39.40728],[-6.35539,39.40358],[-6.35487,39.40245],[-6.35356,39.40137],[-6.35285,39.40061],[-6.35257,39.3999],[-6.35275,39.3986],[-6.35212,39.3969],[-6.35221,39.39571],[-6.35208,39.39453],[-6.35086,39.39099],[-6.34926,39.3872],[-6.34661,39.37948],[-6.35202,39.38],[-6.35265,39.37981],[-6.35529,39.37979],[-6.35572,39.38015],[-6.35634,39.38225],[-6.35782,39.38365],[-6.35876,39.38424],[-6.36316,39.38263],[-6.36345,39.38231],[-6.36365,39.38129],[-6.3639,39.3807],[-6.36867,39.3791],[-6.37009,39.37997],[-6.37084,39.38016],[-6.37315,39.38032],[-6.37518,39.37935],[-6.37706,39.37831],[-6.37866,39.37805],[-6.3809,39.3782],[-6.38156,39.37732],[-6.38201,39.37694],[-6.38209,39.37668],[-6.37881,39.36875],[-6.37817,39.36681],[-6.37809,39.36557],[-6.3783,39.36424],[-6.37916,39.36273],[-6.38112,39.36092],[-6.38835,39.35533],[-6.38944,39.35428],[-6.39044,39.35308],[-6.39096,39.35175],[-6.39101,39.35048],[-6.37809,39.28111],[-6.38071,39.28263],[-6.3829,39.28319],[-6.38421,39.28405],[-6.38489,39.28501],[-6.38515,39.28724],[-6.38594,39.28948],[-6.38575,39.29072],[-6.38646,39.29245],[-6.38663,39.29486],[-6.38653,39.29738],[-6.38606,39.29887],[-6.38596,39.30014],[-6.38646,39.30116],[-6.3867,39.30203],[-6.38749,39.30286],[-6.38788,39.30343],[-6.38826,39.30473],[-6.39017,39.30534],[-6.39108,39.30572],[-6.3923,39.30714],[-6.39305,39.30786],[-6.39559,39.30904],[-6.39665,39.30903],[-6.39792,39.30888],[-6.39862,39.30901],[-6.39928,39.30945],[-6.4014,39.31051],[-6.40181,39.31133],[-6.4019,39.31293],[-6.40242,39.31477],[-6.40387,39.31659],[-6.40485,39.31722],[-6.40601,39.31738],[-6.4078,39.31685],[-6.40925,39.31669],[-6.41077,39.31729],[-6.4114,39.31787],[-6.4119,39.31861],[-6.41198,39.31948],[-6.41258,39.3202],[-6.41391,39.32092],[-6.41467,39.32101],[-6.41618,39.32077],[-6.41776,39.32024],[-6.41935,39.31997],[-6.42132,39.31981],[-6.42321,39.31992],[-6.42428,39.32015],[-6.42538,39.32054],[-6.4264,39.32129],[-6.42706,39.32153],[-6.42795,39.32143],[-6.42938,39.32102],[-6.43031,39.32122],[-6.43167,39.32203],[-6.43372,39.32281],[-6.43559,39.32327],[-6.43826,39.32302],[-6.43939,39.32361],[-6.4404,39.32442],[-6.44134,39.32454],[-6.44199,39.32433],[-6.44415,39.32451],[-6.44788,39.32374],[-6.44858,39.3233],[-6.45065,39.32152],[-6.45332,39.32236],[-6.45488,39.32293],[-6.45543,39.32328],[-6.45643,39.32359],[-6.45821,39.32612],[-6.46009,39.32769],[-6.46178,39.32856],[-6.46283,39.3288],[-6.46383,39.32846],[-6.46651,39.32953],[-6.46803,39.32967],[-6.47007,39.32934],[-6.472,39.32985],[-6.47497,39.33117],[-6.477,39.33141],[-6.47911,39.33218],[-6.48372,39.33279],[-6.48399,39.33204],[-6.48539,39.3309],[-6.49368,39.32619],[-6.49432,39.32572],[-6.49792,39.32179],[-6.4995,39.32069],[-6.50218,39.31838],[-6.50369,39.31677],[-6.51211,39.30885],[-6.51294,39.30787],[-6.51637,39.30559],[-6.51624,39.30526],[-6.51559,39.30441],[-6.51502,39.30342],[-6.51471,39.3026],[-6.51666,39.29869],[-6.52126,39.29139],[-6.52174,39.28909],[-6.52177,39.28212],[-6.5214,39.28056],[-6.52072,39.27891],[-6.52058,39.27706],[-6.52095,39.27514],[-6.52054,39.27269],[-6.52072,39.27161],[-6.52146,39.27088],[-6.52489,39.26905],[-6.52868,39.26722],[-6.53068,39.26653],[-6.53252,39.26605],[-6.53438,39.26576],[-6.53539,39.26535],[-6.53687,39.26439],[-6.53941,39.26389],[-6.54061,39.26342],[-6.5438,39.26169],[-6.54413,39.26094],[-6.54455,39.26069],[-6.54534,39.26106],[-6.54649,39.26212],[-6.55099,39.26252],[-6.55194,39.26222],[-6.5527,39.26158],[-6.55291,39.26055],[-6.55282,39.25971],[-6.55366,39.25869],[-6.55377,39.25817],[-6.55365,39.25719],[-6.5538,39.25651],[-6.55606,39.25256],[-6.55715,39.24976],[-6.55811,39.24817],[-6.55823,39.24701],[-6.55804,39.24531],[-6.55826,39.24423],[-6.55901,39.24322],[-6.56128,39.24197],[-6.56219,39.24164],[-6.56396,39.2403],[-6.56447,39.23946],[-6.56455,39.23861],[-6.56495,39.23828],[-6.56546,39.23805],[-6.56595,39.23642],[-6.5664,39.23533],[-6.56754,39.23359],[-6.57002,39.23037],[-6.58265,39.21524],[-6.58352,39.21377],[-6.58402,39.21208],[-6.58628,39.20869],[-6.58693,39.20601],[-6.58707,39.2026],[-6.58792,39.20205],[-6.58981,39.20133],[-6.59137,39.20035],[-6.59293,39.19911],[-6.59422,39.19749],[-6.59531,39.19513],[-6.59696,39.19111],[-6.59752,39.19008],[-6.59848,39.18922],[-6.59956,39.1885],[-6.60021,39.18743],[-6.60049,39.18578],[-6.602,39.18646],[-6.60364,39.18698],[-6.60619,39.18801],[-6.60699,39.18806],[-6.6112,39.18879],[-6.61264,39.18867],[-6.61511,39.18874],[-6.61572,39.18908],[-6.61845,39.19107],[-6.61978,39.19181],[-6.62067,39.19206],[-6.62397,39.192],[-6.62588,39.19185],[-6.62711,39.19189],[-6.6274,39.19233],[-6.62745,39.1929],[-6.62727,39.19404],[-6.6292,39.19452],[-6.63001,39.19515],[-6.63147,39.19593],[-6.6337,39.19684],[-6.63446,39.19655],[-6.63542,39.1964],[-6.6367,39.19653],[-6.63743,39.19643],[-6.63936,39.1958],[-6.64559,39.19334],[-6.64646,39.19345],[-6.64731,39.19368],[-6.64887,39.19446],[-6.6516,39.19601],[-6.65376,39.19735],[-6.65609,39.19854],[-6.65723,39.19898],[-6.65839,39.19924],[-6.65932,39.19922],[-6.66007,39.19907],[-6.66075,39.19859],[-6.66139,39.1978],[-6.66311,39.19525],[-6.66468,39.19323],[-6.66586,39.19203],[-6.66681,39.19136],[-6.66782,39.19087],[-6.67006,39.19004],[-6.67037,39.18972],[-6.67056,39.18899],[-6.67125,39.18803],[-6.67677,39.1817],[-6.68069,39.17796],[-6.68133,39.17715],[-6.68331,39.17726],[-6.68479,39.17749],[-6.68618,39.17784],[-6.68735,39.17825],[-6.68955,39.17829],[-6.69201,39.17911],[-6.69344,39.17944],[-6.69495,39.1799],[-6.69771,39.18131],[-6.69866,39.18166],[-6.69974,39.18185],[-6.7007,39.18235],[-6.7018,39.18278],[-6.70482,39.18354],[-6.70874,39.18495],[-6.71058,39.18532],[-6.71402,39.18576],[-6.71586,39.18622],[-6.71785,39.18634],[-6.72146,39.18741],[-6.72314,39.18781],[-6.72469,39.1881],[-6.72885,39.18852],[-6.73048,39.18886],[-6.73165,39.1892],[-6.73301,39.18974],[-6.7357,39.18938],[-6.73705,39.18936],[-6.73851,39.18952],[-6.74037,39.18997],[-6.74138,39.19036],[-6.74394,39.19193],[-6.74455,39.19217],[-6.74673,39.19269],[-6.75097,39.19404],[-6.75356,39.19384],[-6.75445,39.19336],[-6.75555,39.1925],[-6.75631,39.19174],[-6.75711,39.1906],[-6.75821,39.18993],[-6.76168,39.18845],[-6.76783,39.18837],[-6.76847,39.18939],[-6.76912,39.18995],[-6.77233,39.19207],[-6.77387,39.19352],[-6.77512,39.19453],[-6.77941,39.19696],[-6.78159,39.19839],[-6.78254,39.19924],[-6.78459,39.20073],[-6.78525,39.20145],[-6.78586,39.20252],[-6.78695,39.2071],[-6.78759,39.20839],[-6.78813,39.20914],[-6.79141,39.21016],[-6.79215,39.2106],[-6.79326,39.21186],[-6.79415,39.21326],[-6.79449,39.21437],[-6.79504,39.21494],[-6.79571,39.21591],[-6.79704,39.21923],[-6.79823,39.21997],[-6.79846,39.22087],[-6.79826,39.22349],[-6.79723,39.22629],[-6.79781,39.22679],[-6.79866,39.22781],[-6.79939,39.22898],[-6.80118,39.23111],[-6.80116,39.23341],[-6.80131,39.23732],[-6.80119,39.23941],[-6.8006,39.2401],[-6.79535,39.24517],[-6.79312,39.24756],[-6.78995,39.24971],[-6.78777,39.25086],[-6.78465,39.25292],[-6.78251,39.25687],[-6.78124,39.25878],[-6.78034,39.26051],[-6.77991,39.26152],[-6.77995,39.26276],[-6.77971,39.26432],[-6.77928,39.26537],[-6.77751,39.26631],[-6.77628,39.26679],[-6.77492,39.26715],[-6.77246,39.26723],[-6.77097,39.26753],[-6.76972,39.26798],[-6.76843,39.26909],[-6.76723,39.26964],[-6.7667,39.27002],[-6.76541,39.27216],[-6.76367,39.27385],[-6.76151,39.27661],[-6.76039,39.27935],[-6.75929,39.28147],[-6.75851,39.28362],[-6.7575,39.29036],[-6.7563,39.29265],[-6.75593,39.29381],[-6.75545,39.29635],[-6.75525,39.29674],[-6.7546,39.29746],[-6.75282,39.30052],[-6.75227,39.30178],[-6.75167,39.30359],[-6.75215,39.3052],[-6.7521,39.30601],[-6.7517,39.30718],[-6.75119,39.30825],[-6.75067,39.31044],[-6.75073,39.31241],[-6.74971,39.31386],[-6.74784,39.31521],[-6.74752,39.31577],[-6.74755,39.31645],[-6.74823,39.31875],[-6.74805,39.31971],[-6.74765,39.32079],[-6.74708,39.32175],[-6.74825,39.32455],[-6.74909,39.32575],[-6.7514,39.32612],[-6.75599,39.32708],[-6.76374,39.32753],[-6.76592,39.32778],[-6.76776,39.32839],[-6.76885,39.32861],[-6.77105,39.32855],[-6.77166,39.32881],[-6.77293,39.32982],[-6.77402,39.33017],[-6.7749,39.33071],[-6.77584,39.33164],[-6.77665,39.33284],[-6.7769,39.33427],[-6.77735,39.33486],[-6.77816,39.33548],[-6.77935,39.33599],[-6.78229,39.33753],[-6.78626,39.33907],[-6.78904,39.3403],[-6.7908,39.34085],[-6.79195,39.34138],[-6.79268,39.34186],[-6.79433,39.34259],[-6.79507,39.34318],[-6.7958,39.34342],[-6.79684,39.34405],[-6.79734,39.34451],[-6.7975,39.34477],[-6.79728,39.3466],[-6.79698,39.34779],[-6.79682,39.35094],[-6.79669,39.35111],[-6.79566,39.35145],[-6.79536,39.35163],[-6.79526,39.35204],[-6.79557,39.35387],[-6.79538,39.35704],[-6.79503,39.35846],[-6.79529,39.36107],[-6.79524,39.36166],[-6.79452,39.36306],[-6.79409,39.36363],[-6.79293,39.36461],[-6.79247,39.36544],[-6.79171,39.36639],[-6.79147,39.36687],[-6.79134,39.36748],[-6.79131,39.36836],[-6.79154,39.36895],[-6.7921,39.36932],[-6.79299,39.37019],[-6.79358,39.3713],[-6.79444,39.37201],[-6.79516,39.37309],[-6.79561,39.37403],[-6.79616,39.37662],[-6.79665,39.37742],[-6.79718,39.37804],[-6.79775,39.37905],[-6.79903,39.38063],[-6.7995,39.38181],[-6.80074,39.38273],[-6.80094,39.38301],[-6.80177,39.38364],[-6.80181,39.38389],[-6.80162,39.38441],[-6.80204,39.38702],[-6.80213,39.3883],[-6.8024,39.38949],[-6.80155,39.39072],[-6.8013,39.39159],[-6.79949,39.39298],[-6.79864,39.39388],[-6.79848,39.39421],[-6.79845,39.39495],[-6.79826,39.39528],[-6.79733,39.39552],[-6.79667,39.39585],[-6.79611,39.39627],[-6.79571,39.397],[-6.79575,39.39724],[-6.7969,39.39808],[-6.79721,39.39854],[-6.79733,39.39896],[-6.79717,39.3993],[-6.79656,39.39992],[-6.79646,39.40034],[-6.79719,39.40184],[-6.7981,39.40294],[-6.79843,39.40349],[-6.79853,39.40402],[-6.7981,39.40492],[-6.79748,39.40703],[-6.79528,39.40874],[-6.79435,39.40878],[-6.79273,39.40913],[-6.79207,39.40939],[-6.79147,39.40982],[-6.79104,39.41028],[-6.79074,39.4109],[-6.79019,39.41277],[-6.78993,39.41316],[-6.7896,39.41345],[-6.78629,39.41553],[-6.78537,39.41601],[-6.78501,39.41643],[-6.78419,39.41837],[-6.78337,39.41894],[-6.78293,39.41976],[-6.78267,39.41999],[-6.7812,39.4202],[-6.78076,39.42053],[-6.78031,39.42106],[-6.78003,39.42167],[-6.77997,39.42259],[-6.77967,39.42328],[-6.77908,39.42558],[-6.77901,39.42707],[-6.77857,39.42774],[-6.77793,39.42831],[-6.77749,39.42933],[-6.7773,39.42951],[-6.77615,39.43012],[-6.7756,39.43058],[-6.77488,39.431],[-6.77351,39.43153],[-6.77204,39.43279],[-6.77102,39.43319],[-6.7707,39.4335],[-6.77036,39.43412],[-6.77001,39.43441],[-6.76955,39.43465],[-6.76737,39.4354],[-6.76583,39.43694],[-6.76532,39.43712],[-6.76423,39.43712],[-6.76386,39.43735],[-6.76308,39.43724],[-6.76253,39.4373],[-6.76147,39.4378],[-6.761,39.43819],[-6.7609,39.43852],[-6.7612,39.43925],[-6.76146,39.44036],[-6.76209,39.44054],[-6.76235,39.44048],[-6.76283,39.44066],[-6.76313,39.4414],[-6.76304,39.44194],[-6.7631,39.44207],[-6.76372,39.44242],[-6.76378,39.44364],[-6.76359,39.44378],[-6.76275,39.4438],[-6.76264,39.44423],[-6.76131,39.44389],[-6.76032,39.4435],[-6.75994,39.4436],[-6.75851,39.44458],[-6.7571,39.44587],[-6.7548,39.44774],[-6.75362,39.44833],[-6.75293,39.44854],[-6.75235,39.44845],[-6.7512,39.44787],[-6.75073,39.4479],[-6.75042,39.44807],[-6.75011,39.44854],[-6.74966,39.44972],[-6.74962,39.45051],[-6.74975,39.45105],[-6.75017,39.45183],[-6.75009,39.45289],[-6.74929,39.45417],[-6.74805,39.455],[-6.74717,39.45528],[-6.74689,39.45561],[-6.74517,39.45641],[-6.74454,39.45683],[-6.74404,39.45735],[-6.74371,39.45752],[-6.74244,39.45746],[-6.74106,39.45783],[-6.74067,39.45801],[-6.74032,39.45791],[-6.74011,39.45771],[-6.73971,39.45654],[-6.73938,39.45629],[-6.73876,39.4562],[-6.73837,39.45631],[-6.73769,39.45696],[-6.73417,39.45937],[-6.7333,39.45967],[-6.7327,39.46007],[-6.73238,39.46037],[-6.7321,39.46114],[-6.73136,39.46183],[-6.73071,39.46272],[-6.72967,39.4635],[-6.72763,39.46566],[-6.72639,39.46659],[-6.72584,39.46685],[-6.72305,39.46734],[-6.72142,39.46784],[-6.71932,39.46828],[-6.71784,39.46878],[-6.71647,39.46907],[-6.71474,39.46916],[-6.71383,39.46948],[-6.71329,39.46955],[-6.71216,39.46949],[-6.71033,39.4699],[-6.70967,39.46997],[-6.70882,39.46999],[-6.70697,39.46983],[-6.7052,39.47015],[-6.70367,39.47024],[-6.70114,39.47015],[-6.70065,39.47031],[-6.6995,39.47095],[-6.69832,39.47142],[-6.69734,39.47169],[-6.69644,39.47177],[-6.69454,39.47163],[-6.69378,39.47169],[-6.69184,39.47251],[-6.69131,39.47261],[-6.68936,39.47244],[-6.68797,39.47279],[-6.68755,39.4733],[-6.68728,39.47391],[-6.68707,39.47478],[-6.68679,39.47846],[-6.68523,39.48026],[-6.68486,39.48078],[-6.68462,39.48142],[-6.68402,39.48227],[-6.68255,39.48391],[-6.68198,39.48438],[-6.68042,39.485],[-6.67955,39.48512],[-6.67695,39.48504],[-6.67645,39.48518],[-6.67568,39.48512],[-6.67529,39.48549],[-6.67438,39.48602],[-6.67358,39.48697],[-6.67195,39.48809],[-6.66934,39.48953],[-6.66754,39.48984],[-6.66665,39.49012],[-6.66582,39.49051],[-6.66311,39.49232],[-6.6617,39.49282],[-6.66114,39.49323],[-6.66077,39.49363],[-6.66024,39.49466],[-6.65946,39.4953],[-6.65904,39.49593],[-6.65839,39.49651],[-6.6565,39.49867],[-6.6561,39.49946],[-6.6555,39.50019],[-6.65262,39.50189],[-6.65214,39.50333],[-6.6504,39.50699],[-6.64919,39.50914],[-6.64626,39.50758],[-6.64405,39.5061],[-6.64345,39.50541],[-6.64371,39.50464],[-6.6452,39.50247],[-6.64564,39.50111],[-6.64579,39.501],[-6.64675,39.50088],[-6.64885,39.50084],[-6.64876,39.50019],[-6.64847,39.49978],[-6.64812,39.49822],[-6.64765,39.49732],[-6.64754,39.49654],[-6.64768,39.49616],[-6.64867,39.4955],[-6.64883,39.49524],[-6.6489,39.49488],[-6.64882,39.49447],[-6.64927,39.493],[-6.64949,39.49278],[-6.64944,39.4926],[-6.6481,39.49294],[-6.64772,39.49322],[-6.64676,39.49361],[-6.64595,39.49415],[-6.64569,39.494],[-6.64455,39.49365],[-6.64364,39.4935],[-6.64292,39.49315],[-6.64115,39.49266],[-6.64047,39.49257],[-6.63948,39.49265],[-6.6378,39.49231],[-6.63755,39.49202],[-6.63749,39.49176],[-6.638,39.49125],[-6.63797,39.49111],[-6.63714,39.49083],[-6.63712,39.49064],[-6.63749,39.49025],[-6.63772,39.48941],[-6.63794,39.489],[-6.63984,39.48667],[-6.63986,39.48637],[-6.6393,39.48613],[-6.63875,39.48605],[-6.63828,39.48579],[-6.63704,39.48483],[-6.63694,39.48455],[-6.63705,39.48425],[-6.63758,39.48383],[-6.63769,39.48368],[-6.63761,39.48351],[-6.63733,39.48336],[-6.6369,39.4833],[-6.63618,39.48295],[-6.63539,39.48283],[-6.63455,39.48279],[-6.63355,39.48299],[-6.63315,39.48293],[-6.63288,39.48275],[-6.63208,39.48252],[-6.6311,39.48208],[-6.62966,39.48093],[-6.62836,39.48112],[-6.62762,39.48106],[-6.62742,39.48082],[-6.6273,39.48024],[-6.62775,39.47903],[-6.62781,39.47769],[-6.62857,39.47474],[-6.62831,39.47334],[-6.62837,39.47205],[-6.62818,39.47113],[-6.62858,39.47049],[-6.62818,39.46981],[-6.62743,39.46929],[-6.62588,39.46749],[-6.62544,39.4673],[-6.62498,39.46683],[-6.62404,39.46563],[-6.6235,39.46531],[-6.6226,39.46446],[-6.62213,39.46308],[-6.62174,39.46268],[-6.62112,39.46143],[-6.62036,39.46043],[-6.62015,39.45908],[-6.62046,39.45874],[-6.62117,39.45821],[-6.62172,39.45798],[-6.62225,39.45804],[-6.62274,39.45821],[-6.62382,39.45781],[-6.62368,39.45546],[-6.62355,39.45505],[-6.62274,39.45432],[-6.62185,39.45383],[-6.62121,39.45361],[-6.62076,39.45367],[-6.62015,39.45411],[-6.61964,39.45422],[-6.61892,39.45484],[-6.61871,39.45486],[-6.6181,39.4535],[-6.61797,39.45289],[-6.61805,39.4525],[-6.61826,39.45221],[-6.61891,39.45199],[-6.61904,39.45187],[-6.61881,39.45098],[-6.61852,39.45061],[-6.61816,39.45057],[-6.6172,39.4507],[-6.61592,39.45065],[-6.61503,39.45089],[-6.61456,39.4509],[-6.61308,39.45055],[-6.61246,39.45056],[-6.6114,39.45027],[-6.61058,39.44983],[-6.60968,39.44962],[-6.60931,39.44941],[-6.60876,39.44926],[-6.60818,39.44918],[-6.60742,39.4492],[-6.60614,39.44946],[-6.60478,39.44948],[-6.60412,39.44931],[-6.60315,39.44871],[-6.60219,39.4489],[-6.60183,39.44916],[-6.60084,39.45053],[-6.60025,39.45115],[-6.59993,39.45171],[-6.5985,39.45148],[-6.59634,39.45166],[-6.59465,39.45149],[-6.59383,39.45178],[-6.59257,39.45163],[-6.59143,39.45183],[-6.59086,39.45179],[-6.58924,39.45158],[-6.58864,39.45141],[-6.58824,39.45115],[-6.58811,39.4507],[-6.58812,39.4502],[-6.58515,39.44998],[-6.58449,39.45011],[-6.58372,39.45048],[-6.58313,39.45098],[-6.58279,39.45152],[-6.58265,39.45211],[-6.58166,39.45247],[-6.58175,39.45207],[-6.58168,39.44987],[-6.58135,39.44925],[-6.58103,39.44921],[-6.58042,39.44935],[-6.57828,39.45011],[-6.57802,39.45035],[-6.57783,39.45078],[-6.57767,39.4515],[-6.57741,39.45367],[-6.57761,39.4544],[-6.57794,39.45507],[-6.57863,39.45582],[-6.57909,39.45758],[-6.57901,39.4579],[-6.57859,39.4582],[-6.57572,39.45942],[-6.57453,39.45893],[-6.57337,39.45911],[-6.57275,39.45945],[-6.57151,39.46087],[-6.57111,39.46113],[-6.57037,39.46132],[-6.56993,39.46157],[-6.56911,39.4623],[-6.56855,39.46265],[-6.5678,39.46269],[-6.56641,39.46232],[-6.56539,39.46221],[-6.56339,39.4625],[-6.56289,39.46248],[-6.56234,39.46228],[-6.56055,39.46269],[-6.55917,39.46353],[-6.55878,39.46361],[-6.5578,39.46343],[-6.55662,39.46371],[-6.55568,39.46409],[-6.55492,39.46422],[-6.55219,39.46428],[-6.54937,39.46563],[-6.5497,39.46615],[-6.54957,39.46689],[-6.54929,39.46735],[-6.54859,39.46785],[-6.54832,39.46944],[-6.548,39.46992],[-6.54731,39.47054],[-6.54625,39.47198],[-6.54581,39.47392],[-6.54531,39.47476],[-6.54365,39.47614],[-6.54239,39.47816],[-6.54187,39.47726],[-6.54116,39.47669],[-6.54073,39.47647],[-6.53952,39.47633],[-6.53736,39.47592],[-6.53637,39.47582],[-6.53562,39.47586],[-6.5344,39.47571],[-6.53321,39.47496],[-6.5319,39.47382],[-6.53134,39.4736],[-6.53096,39.47331],[-6.5304,39.47251],[-6.52981,39.47222],[-6.52874,39.47199],[-6.52841,39.47169],[-6.52518,39.46969],[-6.52333,39.46773],[-6.52225,39.46629],[-6.52265,39.46592],[-6.52382,39.4652],[-6.52654,39.46282],[-6.52603,39.46212],[-6.52715,39.46073],[-6.52732,39.46021],[-6.52721,39.45943],[-6.52729,39.45898],[-6.52795,39.45831],[-6.52855,39.45788],[-6.52933,39.45697],[-6.53034,39.45518],[-6.5316,39.45379],[-6.53248,39.45369],[-6.53326,39.45338],[-6.53423,39.45285],[-6.53464,39.45252],[-6.53512,39.45174],[-6.53553,39.4502],[-6.53663,39.44867],[-6.53774,39.44753],[-6.53744,39.44692],[-6.53724,39.44499],[-6.53733,39.44437],[-6.53772,39.44352],[-6.53773,39.44231],[-6.53742,39.44075],[-6.53751,39.44019],[-6.53765,39.44011],[-6.53844,39.44026],[-6.53867,39.44017],[-6.53886,39.43898],[-6.53947,39.43813],[-6.54005,39.43768],[-6.54124,39.43597],[-6.54183,39.43537],[-6.54249,39.43486],[-6.5436,39.4344],[-6.54389,39.43414],[-6.54507,39.43254],[-6.54545,39.43179],[-6.54588,39.43126],[-6.54679,39.43046],[-6.54715,39.42974],[-6.54654,39.42943],[-6.54612,39.42909],[-6.54576,39.42858],[-6.54532,39.42826],[-6.54467,39.42801],[-6.54358,39.42784],[-6.54266,39.4279],[-6.54072,39.42852],[-6.54048,39.42848],[-6.53972,39.42797],[-6.5392,39.42783],[-6.53845,39.42785],[-6.53691,39.4286],[-6.53611,39.42758],[-6.53652,39.42619],[-6.53641,39.42492],[-6.53589,39.42546],[-6.53531,39.42636],[-6.53454,39.42729],[-6.53432,39.42733],[-6.5324,39.42648],[-6.5311,39.42566],[-6.53084,39.42526],[-6.53054,39.42574],[-6.52987,39.42638],[-6.52921,39.42738],[-6.5286,39.42782],[-6.52653,39.42855],[-6.52455,39.42811],[-6.52376,39.42777],[-6.52344,39.42783],[-6.52216,39.4278],[-6.52141,39.42766],[-6.51687,39.42888],[-6.51672,39.42839],[-6.51649,39.42815],[-6.51596,39.42803],[-6.51536,39.42817],[-6.51455,39.42856],[-6.51421,39.42771],[-6.51075,39.42798],[-6.51091,39.4269],[-6.51078,39.42457],[-6.51004,39.42174],[-6.50992,39.42022],[-6.50978,39.41987],[-6.50876,39.41925],[-6.5084,39.41846],[-6.50739,39.4179],[-6.50507,39.41606],[-6.50366,39.41601],[-6.50161,39.41576],[-6.50107,39.41412],[-6.50044,39.41376],[-6.49992,39.41318],[-6.49842,39.41273],[-6.49694,39.41247],[-6.49488,39.41171],[-6.49396,39.4112],[-6.49164,39.40952],[-6.4905,39.40971],[-6.48846,39.40986],[-6.48591,39.40894],[-6.4825,39.4079],[-6.48042,39.40865],[-6.47754,39.40879],[-6.47521,39.4117],[-6.47465,39.41265],[-6.4728,39.41471],[-6.47161,39.41551],[-6.47131,39.41759],[-6.4711,39.41811],[-6.47192,39.41979],[-6.47314,39.42181],[-6.47354,39.42327],[-6.47339,39.42429],[-6.47314,39.42506],[-6.47055,39.43119],[-6.47018,39.43296],[-6.46922,39.43479],[-6.46804,39.43581],[-6.46392,39.43705],[-6.4615,39.43828],[-6.46073,39.43944],[-6.46051,39.44063],[-6.45981,39.44295],[-6.45937,39.44402],[-6.45732,39.44745],[-6.45711,39.44807],[-6.45692,39.44954],[-6.45704,39.45005],[-6.458,39.45133],[-6.45873,39.45257],[-6.45979,39.45393],[-6.46149,39.45443],[-6.45467,39.45602],[-6.44538,39.45803],[-6.42887,39.4614],[-6.41456,39.46263],[-6.40916,39.46499],[-6.40727,39.46556]],[[-6.64688,39.40444],[-6.6469,39.40484],[-6.64777,39.40603],[-6.64787,39.40701],[-6.64832,39.4077],[-6.65391,39.41203],[-6.65462,39.41289],[-6.65525,39.41336],[-6.65775,39.41453],[-6.65852,39.41497],[-6.66038,39.41575],[-6.6603,39.41598],[-6.65882,39.41747],[-6.65625,39.42066],[-6.65481,39.42184],[-6.65412,39.42228],[-6.65263,39.42296],[-6.64903,39.42435],[-6.64864,39.42438],[-6.64825,39.42428],[-6.64778,39.42399],[-6.64736,39.42345],[-6.64709,39.42329],[-6.6448,39.42289],[-6.64377,39.42253],[-6.64307,39.42217],[-6.64233,39.42198],[-6.64185,39.42206],[-6.64068,39.42293],[-6.63994,39.42373],[-6.63974,39.4244],[-6.64024,39.42565],[-6.6408,39.42642],[-6.64153,39.42714],[-6.64186,39.42733],[-6.64358,39.42783],[-6.6449,39.42805],[-6.6457,39.42799],[-6.64781,39.42828],[-6.64864,39.42851],[-6.64902,39.42885],[-6.64935,39.42939],[-6.6494,39.42989],[-6.64812,39.43203],[-6.64804,39.43235],[-6.64842,39.43304],[-6.64875,39.43331],[-6.6489,39.43358],[-6.64903,39.43449],[-6.64938,39.43522],[-6.65016,39.436],[-6.65083,39.43636],[-6.6512,39.43636],[-6.65185,39.43611],[-6.65294,39.43534],[-6.65384,39.43512],[-6.65425,39.43497],[-6.65468,39.43463],[-6.65545,39.4343],[-6.65622,39.43412],[-6.65797,39.43345],[-6.65856,39.43272],[-6.65896,39.43273],[-6.66072,39.43394],[-6.66059,39.43501],[-6.66057,39.43688],[-6.66062,39.4375],[-6.66093,39.43855],[-6.66201,39.43929],[-6.66284,39.44005],[-6.66335,39.44062],[-6.66358,39.44123],[-6.66395,39.44177],[-6.66436,39.44212],[-6.66555,39.44287],[-6.66716,39.44325],[-6.66802,39.44376],[-6.66866,39.44468],[-6.67132,39.44467],[-6.67228,39.44476],[-6.67316,39.4447],[-6.67385,39.44491],[-6.67428,39.44521],[-6.67437,39.44568],[-6.67325,39.44741],[-6.67307,39.44813],[-6.6732,39.44904],[-6.67423,39.45062],[-6.67557,39.45152],[-6.67854,39.4519],[-6.6794,39.4522],[-6.68181,39.45371],[-6.68246,39.4544],[-6.68351,39.45518],[-6.68379,39.45563],[-6.68403,39.45652],[-6.68388,39.45709],[-6.68278,39.45826],[-6.6808,39.45939],[-6.6803,39.45982],[-6.67992,39.4603],[-6.68006,39.46061],[-6.68047,39.46103],[-6.68099,39.4613],[-6.68145,39.46127],[-6.68353,39.46067],[-6.68495,39.46072],[-6.68777,39.46064],[-6.69018,39.46032],[-6.69197,39.45991],[-6.69367,39.4599],[-6.69462,39.46031],[-6.69606,39.46053],[-6.6969,39.46117],[-6.69729,39.46134],[-6.69778,39.46202],[-6.69819,39.46238],[-6.7,39.46261],[-6.70088,39.46244],[-6.70014,39.46188],[-6.69971,39.46103],[-6.69937,39.46072],[-6.69903,39.46018],[-6.699,39.45965],[-6.69925,39.4591],[-6.70098,39.45752],[-6.70185,39.45611],[-6.70166,39.45433],[-6.70174,39.4538],[-6.70201,39.45335],[-6.70214,39.45224],[-6.70209,39.45187],[-6.70244,39.45083],[-6.70323,39.44983],[-6.70544,39.44798],[-6.70718,39.44722],[-6.70799,39.44705],[-6.71013,39.44688],[-6.71142,39.44687],[-6.71373,39.4466],[-6.71618,39.44554],[-6.71849,39.44478],[-6.72016,39.44436],[-6.72157,39.44376],[-6.72253,39.44358],[-6.72462,39.4435],[-6.72783,39.44295],[-6.7298,39.44277],[-6.7322,39.44272],[-6.73504,39.44188],[-6.73984,39.4407],[-6.74163,39.43902],[-6.7429,39.43711],[-6.74387,39.43634],[-6.74449,39.43517],[-6.7461,39.43337],[-6.74679,39.4324],[-6.74826,39.42967],[-6.74995,39.42421],[-6.75123,39.4219],[-6.75316,39.41928],[-6.75461,39.4175],[-6.75526,39.41691],[-6.7562,39.41528],[-6.75707,39.41429],[-6.75777,39.41313],[-6.75925,39.41142],[-6.75901,39.41097],[-6.75852,39.40902],[-6.75823,39.40745],[-6.75816,39.40608],[-6.75786,39.40482],[-6.75862,39.40467],[-6.76,39.40459],[-6.76064,39.40434],[-6.76126,39.40442],[-6.76212,39.40441],[-6.76335,39.40412],[-6.76483,39.40388],[-6.76625,39.40377],[-6.76919,39.40321],[-6.7681,39.40281],[-6.76378,39.40207],[-6.76223,39.40166],[-6.76144,39.4013],[-6.76038,39.40102],[-6.75802,39.40064],[-6.75496,39.39974],[-6.75404,39.39955],[-6.75288,39.39958],[-6.7511,39.39999],[-6.75016,39.40034],[-6.74652,39.40324],[-6.74537,39.40064],[-6.74492,39.39921],[-6.74471,39.39743],[-6.74358,39.39533],[-6.7413,39.3927],[-6.7408,39.39253],[-6.73923,39.39247],[-6.73871,39.39224],[-6.73796,39.39151],[-6.73697,39.39013],[-6.73631,39.38953],[-6.73517,39.38695],[-6.73473,39.38623],[-6.73434,39.38472],[-6.73354,39.38371],[-6.73336,39.38318],[-6.73227,39.38138],[-6.73135,39.37958],[-6.73091,39.37904],[-6.73161,39.37816],[-6.73452,39.37594],[-6.73597,39.3751],[-6.73691,39.37404],[-6.73815,39.37307],[-6.73827,39.37274],[-6.73829,39.37183],[-6.73784,39.37105],[-6.73772,39.37024],[-6.73742,39.36944],[-6.73706,39.36876],[-6.73548,39.36673],[-6.73577,39.36571],[-6.73576,39.36491],[-6.73536,39.3638],[-6.73519,39.36272],[-6.73484,39.36214],[-6.73434,39.36153],[-6.73361,39.361],[-6.73327,39.36048],[-6.73177,39.35884],[-6.72848,39.35609],[-6.72779,39.35531],[-6.72619,39.35393],[-6.7252,39.35329],[-6.72289,39.35296],[-6.72074,39.35074],[-6.71984,39.35049],[-6.71899,39.35043],[-6.71786,39.35071],[-6.71707,39.35077],[-6.71505,39.35063],[-6.71432,39.35065],[-6.71352,39.35084],[-6.71293,39.35058],[-6.71247,39.35048],[-6.71082,39.35045],[-6.71016,39.35058],[-6.70687,39.35216],[-6.701,39.35366],[-6.69904,39.35368],[-6.69775,39.35395],[-6.697,39.35438],[-6.69659,39.35485],[-6.6963,39.3555],[-6.69506,39.36007],[-6.69471,39.36034],[-6.69343,39.36085],[-6.6928,39.36131],[-6.69174,39.36176],[-6.69055,39.36185],[-6.68902,39.36215],[-6.68841,39.36252],[-6.68597,39.36301],[-6.68356,39.3638],[-6.68272,39.36416],[-6.68133,39.36503],[-6.6808,39.36552],[-6.67971,39.36611],[-6.67882,39.3664],[-6.67777,39.3664],[-6.67699,39.36622],[-6.67641,39.36624],[-6.67518,39.36661],[-6.67164,39.36733],[-6.66983,39.36764],[-6.66857,39.36763],[-6.66773,39.36749],[-6.66655,39.36714],[-6.66485,39.36611],[-6.66293,39.36561],[-6.66188,39.3655],[-6.66132,39.36557],[-6.66045,39.36669],[-6.65984,39.36711],[-6.65828,39.36764],[-6.65726,39.36832],[-6.65652,39.36855],[-6.65607,39.36858],[-6.65515,39.36829],[-6.65445,39.3685],[-6.65389,39.36889],[-6.65229,39.3704],[-6.6495,39.37226],[-6.64891,39.37309],[-6.64906,39.3737],[-6.64569,39.37583],[-6.64276,39.37721],[-6.63927,39.37985],[-6.63843,39.38032],[-6.63743,39.38115],[-6.63675,39.38185],[-6.63594,39.38348],[-6.6354,39.38405],[-6.63491,39.38438],[-6.63426,39.38517],[-6.63514,39.38572],[-6.63603,39.38646],[-6.63662,39.38672],[-6.6384,39.38722],[-6.63908,39.38757],[-6.64108,39.38918],[-6.64249,39.38998],[-6.64324,39.39051],[-6.6439,39.39114],[-6.64421,39.39129],[-6.6449,39.39144],[-6.64531,39.39172],[-6.64654,39.39279],[-6.64769,39.39354],[-6.64813,39.39429],[-6.64893,39.39513],[-6.64958,39.39623],[-6.65009,39.39685],[-6.64931,39.39783],[-6.64892,39.39808],[-6.6486,39.39849],[-6.64765,39.40016],[-6.64714,39.40078],[-6.64634,39.40143],[-6.64663,39.40208],[-6.64666,39.4026],[-6.64714,39.40331],[-6.64688,39.40444]]]}},{"type":"Feature","properties":{"id":"1003706002"},"geometry":{"type":"Polygon","coordinates":[[[-6.38899,39.45298],[-6.38731,39.4525],[-6.38864,39.44976],[-6.38756,39.44886],[-6.39022,39.44692],[-6.39342,39.44959],[-6.39339,39.44973],[-6.39315,39.44985],[-6.39271,39.44971],[-6.39221,39.4505],[-6.39222,39.45112],[-6.39213,39.45119],[-6.39043,39.4507],[-6.38982,39.45199],[-6.38959,39.45197],[-6.38936,39.45248],[-6.38968,39.45257],[-6.38957,39.4538],[-6.38904,39.45378],[-6.38877,39.45349],[-6.38899,39.45298]]]}},{"type":"Feature","properties":{"id":"1003706003"},"geometry":{"type":"Polygon","coordinates":[[[-6.38957,39.4538],[-6.38968,39.45257],[-6.38936,39.45248],[-6.38959,39.45197],[-6.38982,39.45199],[-6.39043,39.4507],[-6.39213,39.45119],[-6.39222,39.45112],[-6.39221,39.4505],[-6.39271,39.44971],[-6.39315,39.44985],[-6.39337,39.44974],[-6.39335,39.45123],[-6.39406,39.45222],[-6.394,39.45306],[-6.39211,39.45286],[-6.39175,39.4537],[-6.39129,39.45424],[-6.38957,39.4538]]]}},{"type":"Feature","properties":{"id":"1003706004"},"geometry":{"type":"Polygon","coordinates":[[[-6.38398,39.45709],[-6.38369,39.45394],[-6.37976,39.4466],[-6.38004,39.44584],[-6.38035,39.44555],[-6.38155,39.44522],[-6.3853,39.44474],[-6.38625,39.44455],[-6.38924,39.44342],[-6.39072,39.44307],[-6.39087,39.44313],[-6.3909,39.44307],[-6.39181,39.44301],[-6.39285,39.44305],[-6.39388,39.44465],[-6.39417,39.44668],[-6.39332,39.44854],[-6.39342,39.44959],[-6.39022,39.44692],[-6.38756,39.44886],[-6.38864,39.44976],[-6.38731,39.4525],[-6.38743,39.45254],[-6.3868,39.45369],[-6.38612,39.45437],[-6.38558,39.45457],[-6.38502,39.45496],[-6.38458,39.45542],[-6.38427,39.45653],[-6.38398,39.45709]]]}},{"type":"Feature","properties":{"id":"1003706005"},"geometry":{"type":"Polygon","coordinates":[[[-6.39901,39.46491],[-6.39815,39.46258],[-6.39847,39.46238],[-6.39977,39.46198],[-6.40129,39.46174],[-6.40222,39.46177],[-6.40372,39.46265],[-6.40558,39.46343],[-6.40627,39.46396],[-6.40686,39.46459],[-6.40727,39.46556],[-6.40433,39.46646],[-6.40174,39.46539],[-6.39974,39.46486],[-6.39901,39.46491]]]}},{"type":"Feature","properties":{"id":"1003707001"},"geometry":{"type":"Polygon","coordinates":[[[-6.35529,39.37979],[-6.35265,39.37981],[-6.35202,39.38],[-6.34661,39.37948],[-6.34552,39.37631],[-6.34234,39.37505],[-6.34058,39.37476],[-6.33944,39.37527],[-6.3387,39.37637],[-6.33831,39.3779],[-6.33791,39.37876],[-6.33721,39.3793],[-6.33615,39.37941],[-6.33496,39.37922],[-6.33449,39.37898],[-6.33411,39.37785],[-6.33383,39.37748],[-6.33295,39.37723],[-6.33224,39.37731],[-6.33162,39.37723],[-6.33099,39.37686],[-6.33036,39.37584],[-6.3303,39.37488],[-6.33,39.37409],[-6.32951,39.37373],[-6.3281,39.37333],[-6.32559,39.37313],[-6.32173,39.3731],[-6.32089,39.37337],[-6.32068,39.37401],[-6.3207,39.37473],[-6.3212,39.37636],[-6.32067,39.37679],[-6.31878,39.37586],[-6.31788,39.37554],[-6.31686,39.37555],[-6.31631,39.37582],[-6.3157,39.37648],[-6.31523,39.37732],[-6.31254,39.37748],[-6.31209,39.37578],[-6.31167,39.37257],[-6.30929,39.37287],[-6.30869,39.37355],[-6.30826,39.37476],[-6.30767,39.37548],[-6.30604,39.37593],[-6.30561,39.3764],[-6.30532,39.37715],[-6.30307,39.37813],[-6.30183,39.37847],[-6.30084,39.37824],[-6.30062,39.37848],[-6.29893,39.37884],[-6.29844,39.37887],[-6.2975,39.37866],[-6.29587,39.37815],[-6.29366,39.37801],[-6.2932,39.37751],[-6.29252,39.37731],[-6.29129,39.37755],[-6.28887,39.37899],[-6.2866,39.38062],[-6.28557,39.38098],[-6.28435,39.38127],[-6.28365,39.38169],[-6.28287,39.38229],[-6.28193,39.38284],[-6.28095,39.38437],[-6.28037,39.38382],[-6.27932,39.38322],[-6.27842,39.38242],[-6.27734,39.38168],[-6.27633,39.38052],[-6.27447,39.37876],[-6.27255,39.37739],[-6.27181,39.37563],[-6.27252,39.37534],[-6.27242,39.37452],[-6.27159,39.37183],[-6.27395,39.36816],[-6.27453,39.3669],[-6.27647,39.36397],[-6.276,39.36358],[-6.27459,39.36354],[-6.2737,39.36389],[-6.27167,39.36498],[-6.27041,39.36605],[-6.27051,39.36676],[-6.27048,39.36784],[-6.27,39.36793],[-6.26755,39.36775],[-6.26651,39.36708],[-6.26564,39.36716],[-6.26012,39.36592],[-6.25985,39.36509],[-6.25937,39.36183],[-6.25958,39.35671],[-6.25983,39.35525],[-6.26039,39.35338],[-6.26062,39.35308],[-6.2613,39.35267],[-6.26164,39.35251],[-6.26204,39.35262],[-6.26325,39.35333],[-6.26518,39.35348],[-6.26667,39.354],[-6.26745,39.35441],[-6.26802,39.35457],[-6.26859,39.35452],[-6.26916,39.35433],[-6.27281,39.35292],[-6.2733,39.35295],[-6.27469,39.35335],[-6.27595,39.35326],[-6.27954,39.35248],[-6.28006,39.35246],[-6.28177,39.35338],[-6.28174,39.35275],[-6.28129,39.35169],[-6.28095,39.35048],[-6.28008,39.3488],[-6.27993,39.34768],[-6.28013,39.34649],[-6.27973,39.34484],[-6.27988,39.34444],[-6.28034,39.34389],[-6.28182,39.34378],[-6.2828,39.34236],[-6.2829,39.34136],[-6.28312,39.34087],[-6.28522,39.33793],[-6.28488,39.33707],[-6.28464,39.3358],[-6.28567,39.33465],[-6.28635,39.33409],[-6.2863,39.33352],[-6.28589,39.33325],[-6.28635,39.33301],[-6.28591,39.3328],[-6.28594,39.33167],[-6.28629,39.33064],[-6.28666,39.33],[-6.28691,39.32661],[-6.28715,39.32603],[-6.29065,39.32619],[-6.29245,39.32573],[-6.29421,39.32464],[-6.29479,39.32446],[-6.29553,39.3244],[-6.29939,39.32477],[-6.29992,39.32519],[-6.29996,39.32482],[-6.3004,39.32378],[-6.30147,39.32222],[-6.30217,39.32147],[-6.30278,39.32038],[-6.30269,39.32012],[-6.30164,39.31906],[-6.29881,39.31701],[-6.29846,39.31666],[-6.29763,39.31506],[-6.29877,39.31506],[-6.30218,39.31581],[-6.30585,39.31376],[-6.31109,39.31487],[-6.31175,39.31636],[-6.31344,39.31905],[-6.31494,39.32216],[-6.31835,39.32163],[-6.32741,39.32],[-6.32656,39.31732],[-6.32631,39.31615],[-6.3256,39.30953],[-6.32525,39.30804],[-6.3243,39.30535],[-6.32369,39.30275],[-6.32261,39.29916],[-6.32201,39.29667],[-6.32372,39.29647],[-6.32587,39.29581],[-6.32673,39.29569],[-6.32763,39.29535],[-6.32971,39.29502],[-6.3325,39.29528],[-6.33447,39.29518],[-6.33749,39.29489],[-6.3393,39.29457],[-6.34841,39.29371],[-6.35055,39.29344],[-6.354,39.29345],[-6.35547,39.29332],[-6.36349,39.28742],[-6.36413,39.28485],[-6.36584,39.28],[-6.36596,39.27907],[-6.36411,39.27854],[-6.36231,39.27824],[-6.36165,39.27831],[-6.36083,39.27859],[-6.35929,39.27963],[-6.35845,39.28006],[-6.35757,39.28038],[-6.35664,39.28048],[-6.35566,39.28029],[-6.35463,39.27985],[-6.35296,39.2803],[-6.35245,39.28034],[-6.35075,39.27983],[-6.34812,39.27959],[-6.34539,39.27882],[-6.34328,39.27918],[-6.3427,39.2792],[-6.34228,39.27909],[-6.34136,39.27859],[-6.34022,39.27837],[-6.33791,39.27671],[-6.33562,39.27372],[-6.33527,39.27288],[-6.33353,39.27291],[-6.32886,39.27239],[-6.32545,39.27158],[-6.32372,39.27076],[-6.32286,39.27063],[-6.32201,39.27063],[-6.32111,39.27077],[-6.31989,39.27119],[-6.31919,39.27155],[-6.31836,39.27179],[-6.31722,39.27251],[-6.31472,39.2735],[-6.31314,39.27393],[-6.31108,39.27424],[-6.31067,39.27441],[-6.30978,39.27531],[-6.30905,39.27563],[-6.3077,39.27651],[-6.30605,39.27773],[-6.3023,39.27464],[-6.29887,39.27102],[-6.29815,39.26967],[-6.29664,39.26736],[-6.29683,39.26613],[-6.29682,39.2612],[-6.29829,39.25794],[-6.29864,39.25683],[-6.29942,39.25576],[-6.30033,39.25417],[-6.29962,39.25278],[-6.29865,39.25161],[-6.29768,39.25107],[-6.29542,39.25019],[-6.29231,39.25007],[-6.29145,39.25011],[-6.29253,39.24815],[-6.29739,39.2414],[-6.30022,39.23674],[-6.30652,39.23003],[-6.30762,39.22443],[-6.30782,39.2227],[-6.3075,39.22151],[-6.30766,39.21926],[-6.30786,39.21849],[-6.30877,39.2169],[-6.31036,39.21501],[-6.3116,39.21306],[-6.31196,39.21109],[-6.31257,39.20947],[-6.31332,39.20791],[-6.31355,39.20767],[-6.31447,39.20721],[-6.31474,39.20696],[-6.31538,39.20552],[-6.31592,39.20483],[-6.31745,39.2034],[-6.31828,39.20241],[-6.31907,39.20073],[-6.32155,39.19371],[-6.32144,39.19216],[-6.32118,39.19192],[-6.31977,39.1916],[-6.31966,39.19147],[-6.32,39.18958],[-6.32013,39.18752],[-6.31944,39.18458],[-6.31961,39.18451],[-6.31994,39.1846],[-6.32096,39.18464],[-6.3223,39.18506],[-6.32412,39.18643],[-6.32442,39.1865],[-6.32604,39.18647],[-6.32737,39.18668],[-6.32817,39.18632],[-6.33074,39.18626],[-6.33244,39.18606],[-6.33618,39.18525],[-6.3379,39.18473],[-6.33974,39.18405],[-6.34168,39.18384],[-6.34261,39.18315],[-6.34365,39.18287],[-6.34522,39.18203],[-6.34735,39.18042],[-6.34783,39.18021],[-6.34845,39.18017],[-6.35008,39.18032],[-6.3532,39.179],[-6.35553,39.17754],[-6.36216,39.17071],[-6.36343,39.16902],[-6.36549,39.16687],[-6.37131,39.16299],[-6.37315,39.16344],[-6.37372,39.16349],[-6.37464,39.16345],[-6.37536,39.16328],[-6.37943,39.16277],[-6.38527,39.16452],[-6.39735,39.16665],[-6.39909,39.16574],[-6.39902,39.16563],[-6.39936,39.16547],[-6.40224,39.1645],[-6.40526,39.16503],[-6.40686,39.1649],[-6.40898,39.16513],[-6.41052,39.16564],[-6.41319,39.1655],[-6.41385,39.16553],[-6.4151,39.16577],[-6.41763,39.16662],[-6.41858,39.16685],[-6.42301,39.16883],[-6.42441,39.16956],[-6.42545,39.17025],[-6.42714,39.17172],[-6.42948,39.17333],[-6.43042,39.17378],[-6.43303,39.17474],[-6.43515,39.17505],[-6.43598,39.17538],[-6.4379,39.17565],[-6.43869,39.17584],[-6.44246,39.17424],[-6.44515,39.17342],[-6.44807,39.17406],[-6.44909,39.17412],[-6.44994,39.17434],[-6.45083,39.17437],[-6.45179,39.17455],[-6.45443,39.17458],[-6.4569,39.17411],[-6.45873,39.17397],[-6.46755,39.17264],[-6.46969,39.17333],[-6.48408,39.1693],[-6.48802,39.16873],[-6.49145,39.16792],[-6.49397,39.16832],[-6.49619,39.16989],[-6.49993,39.17086],[-6.50634,39.17279],[-6.50864,39.17257],[-6.51071,39.17285],[-6.51431,39.17485],[-6.51842,39.17565],[-6.52138,39.1767],[-6.52333,39.17708],[-6.52732,39.17743],[-6.53384,39.18044],[-6.53794,39.1804],[-6.54069,39.18169],[-6.53632,39.17602],[-6.53652,39.16677],[-6.53636,39.16338],[-6.53864,39.1578],[-6.539,39.15527],[-6.54219,39.15534],[-6.54658,39.15654],[-6.54827,39.15629],[-6.55262,39.15735],[-6.57059,39.15837],[-6.57458,39.15835],[-6.57464,39.16],[-6.57475,39.16035],[-6.57511,39.16072],[-6.57508,39.16093],[-6.57462,39.16154],[-6.57414,39.16373],[-6.57413,39.16478],[-6.57469,39.16681],[-6.57443,39.16769],[-6.57649,39.16881],[-6.57788,39.16978],[-6.57851,39.17037],[-6.58352,39.17081],[-6.58473,39.17111],[-6.58365,39.17541],[-6.58279,39.1758],[-6.58191,39.17634],[-6.58076,39.17749],[-6.57955,39.17895],[-6.57974,39.17925],[-6.58123,39.18031],[-6.58213,39.18034],[-6.58263,39.18093],[-6.58554,39.18108],[-6.592,39.18366],[-6.5933,39.18397],[-6.59429,39.18437],[-6.5994,39.18535],[-6.60048,39.18578],[-6.60021,39.18743],[-6.59956,39.1885],[-6.59848,39.18922],[-6.59752,39.19008],[-6.59696,39.19111],[-6.59531,39.19513],[-6.59422,39.19749],[-6.59293,39.19911],[-6.59137,39.20035],[-6.58981,39.20133],[-6.58792,39.20205],[-6.58707,39.2026],[-6.58693,39.20601],[-6.58628,39.20869],[-6.58402,39.21208],[-6.58352,39.21377],[-6.58265,39.21524],[-6.57002,39.23037],[-6.56754,39.23359],[-6.5664,39.23533],[-6.56595,39.23642],[-6.56546,39.23805],[-6.56495,39.23828],[-6.56455,39.23861],[-6.56447,39.23946],[-6.56396,39.2403],[-6.56219,39.24164],[-6.56128,39.24197],[-6.55901,39.24322],[-6.55826,39.24423],[-6.55804,39.24531],[-6.55823,39.24701],[-6.55811,39.24817],[-6.55715,39.24976],[-6.55606,39.25256],[-6.5538,39.25651],[-6.55365,39.25719],[-6.55377,39.25817],[-6.55366,39.25869],[-6.55282,39.25971],[-6.55291,39.26055],[-6.5527,39.26158],[-6.55194,39.26222],[-6.55099,39.26252],[-6.54649,39.26212],[-6.54534,39.26106],[-6.54455,39.26069],[-6.54413,39.26094],[-6.5438,39.26169],[-6.54061,39.26342],[-6.53941,39.26389],[-6.53687,39.26439],[-6.53539,39.26535],[-6.53438,39.26576],[-6.53252,39.26605],[-6.53068,39.26653],[-6.52868,39.26722],[-6.52489,39.26905],[-6.52146,39.27088],[-6.52072,39.27161],[-6.52054,39.27269],[-6.52095,39.27514],[-6.52058,39.27706],[-6.52072,39.27891],[-6.5214,39.28056],[-6.52177,39.28212],[-6.52174,39.28909],[-6.52126,39.29139],[-6.51666,39.29869],[-6.51471,39.3026],[-6.51502,39.30342],[-6.51559,39.30441],[-6.51624,39.30526],[-6.51637,39.30559],[-6.51294,39.30787],[-6.51211,39.30885],[-6.50369,39.31677],[-6.50218,39.31838],[-6.4995,39.32069],[-6.49792,39.32179],[-6.49432,39.32572],[-6.49368,39.32619],[-6.48539,39.3309],[-6.48399,39.33204],[-6.48372,39.33279],[-6.47911,39.33218],[-6.477,39.33141],[-6.47497,39.33117],[-6.472,39.32985],[-6.47007,39.32934],[-6.46803,39.32967],[-6.46651,39.32953],[-6.46383,39.32846],[-6.46283,39.3288],[-6.46178,39.32856],[-6.46009,39.32769],[-6.45821,39.32612],[-6.45643,39.32359],[-6.45543,39.32328],[-6.45488,39.32293],[-6.45332,39.32236],[-6.45065,39.32152],[-6.44858,39.3233],[-6.44788,39.32374],[-6.44415,39.32451],[-6.44199,39.32433],[-6.44134,39.32454],[-6.4404,39.32442],[-6.43939,39.32361],[-6.43826,39.32302],[-6.43559,39.32327],[-6.43372,39.32281],[-6.43167,39.32203],[-6.43031,39.32122],[-6.42938,39.32102],[-6.42795,39.32143],[-6.42706,39.32153],[-6.4264,39.32129],[-6.42538,39.32054],[-6.42428,39.32015],[-6.42321,39.31992],[-6.42132,39.31981],[-6.41935,39.31997],[-6.41776,39.32024],[-6.41618,39.32077],[-6.41467,39.32101],[-6.41391,39.32092],[-6.41258,39.3202],[-6.41198,39.31948],[-6.4119,39.31861],[-6.4114,39.31787],[-6.41077,39.31729],[-6.40925,39.31669],[-6.4078,39.31685],[-6.40601,39.31738],[-6.40485,39.31722],[-6.40387,39.31659],[-6.40242,39.31477],[-6.4019,39.31293],[-6.40181,39.31133],[-6.4014,39.31051],[-6.39928,39.30945],[-6.39862,39.30901],[-6.39792,39.30888],[-6.39665,39.30903],[-6.39559,39.30904],[-6.39305,39.30786],[-6.3923,39.30714],[-6.39108,39.30572],[-6.39017,39.30534],[-6.38826,39.30473],[-6.38788,39.30343],[-6.38749,39.30286],[-6.3867,39.30203],[-6.38646,39.30116],[-6.38596,39.30014],[-6.38606,39.29887],[-6.38653,39.29738],[-6.38663,39.29486],[-6.38646,39.29245],[-6.38575,39.29072],[-6.38594,39.28948],[-6.38515,39.28724],[-6.38489,39.28501],[-6.38421,39.28405],[-6.3829,39.28319],[-6.38071,39.28263],[-6.37809,39.28111],[-6.39101,39.35048],[-6.39096,39.35175],[-6.39044,39.35308],[-6.38944,39.35428],[-6.38835,39.35533],[-6.38112,39.36092],[-6.37916,39.36273],[-6.3783,39.36424],[-6.37809,39.36557],[-6.37817,39.36681],[-6.37881,39.36875],[-6.38209,39.37668],[-6.38201,39.37694],[-6.38156,39.37732],[-6.3809,39.3782],[-6.37866,39.37805],[-6.37706,39.37831],[-6.37518,39.37935],[-6.37315,39.38032],[-6.37084,39.38016],[-6.37009,39.37997],[-6.36867,39.3791],[-6.3639,39.3807],[-6.36365,39.38129],[-6.36345,39.38231],[-6.36316,39.38263],[-6.35876,39.38424],[-6.35782,39.38365],[-6.35634,39.38225],[-6.35572,39.38015],[-6.35529,39.37979]]]}}]}