{"type":"FeatureCollection","features":[{"type":"Feature","properties":{"id":"3302401001"},"geometry":{"type":"Polygon","coordinates":[[[-5.66162,43.54438],[-5.66139,43.54372],[-5.66074,43.54319],[-5.66126,43.54306],[-5.66102,43.54249],[-5.66174,43.54234],[-5.66183,43.54258],[-5.66354,43.54213],[-5.66382,43.54253],[-5.66385,43.54319],[-5.66305,43.54333],[-5.66352,43.54441],[-5.66257,43.54458],[-5.66162,43.54438]]]}},{"type":"Feature","properties":{"id":"3302401002"},"geometry":{"type":"Polygon","coordinates":[[[-5.66536,43.54426],[-5.6647,43.5437],[-5.66425,43.54381],[-5.66375,43.54433],[-5.66352,43.54441],[-5.66305,43.54333],[-5.66385,43.54319],[-5.66382,43.54253],[-5.66354,43.54213],[-5.66511,43.54189],[-5.66651,43.5431],[-5.66676,43.54316],[-5.66773,43.54485],[-5.66808,43.54505],[-5.66763,43.54559],[-5.66724,43.54552],[-5.66718,43.54488],[-5.66631,43.54339],[-5.66554,43.54389],[-5.66544,43.54405],[-5.66638,43.54588],[-5.6663,43.54593],[-5.66611,43.54579],[-5.66536,43.54426]]]}},{"type":"Feature","properties":{"id":"3302401003"},"geometry":{"type":"Polygon","coordinates":[[[-5.66676,43.54316],[-5.66651,43.5431],[-5.66522,43.54199],[-5.66665,43.54139],[-5.66608,43.5407],[-5.66606,43.5402],[-5.66739,43.54018],[-5.66746,43.54084],[-5.66795,43.54089],[-5.66805,43.54124],[-5.6692,43.54142],[-5.66969,43.5426],[-5.6691,43.54321],[-5.66876,43.54406],[-5.66913,43.54435],[-5.66965,43.54457],[-5.67109,43.54466],[-5.67122,43.54474],[-5.67119,43.54496],[-5.67071,43.545],[-5.66949,43.54486],[-5.66873,43.54449],[-5.66882,43.54544],[-5.66862,43.54549],[-5.66848,43.54435],[-5.66858,43.54373],[-5.66881,43.54324],[-5.66784,43.54261],[-5.66676,43.54316]]]}},{"type":"Feature","properties":{"id":"3302401004"},"geometry":{"type":"Polygon","coordinates":[[[-5.65943,43.54242],[-5.65964,43.54219],[-5.66035,43.54201],[-5.66007,43.54137],[-5.66056,43.54126],[-5.66033,43.54072],[-5.66124,43.54117],[-5.66342,43.54085],[-5.66372,43.5421],[-5.66183,43.54258],[-5.66174,43.54234],[-5.66102,43.54249],[-5.66126,43.54306],[-5.66074,43.54319],[-5.65943,43.54242]]]}},{"type":"Feature","properties":{"id":"3302401005"},"geometry":{"type":"Polygon","coordinates":[[[-5.65869,43.54211],[-5.65883,43.54197],[-5.65818,43.54027],[-5.66,43.5399],[-5.66056,43.54126],[-5.66007,43.54137],[-5.66035,43.54201],[-5.65964,43.54219],[-5.65943,43.54242],[-5.65869,43.54211]]]}},{"type":"Feature","properties":{"id":"3302401006"},"geometry":{"type":"Polygon","coordinates":[[[-5.66033,43.54072],[-5.65978,43.53931],[-5.66223,43.53868],[-5.6627,43.53965],[-5.66193,43.53984],[-5.66239,43.54096],[-5.66124,43.54117],[-5.66033,43.54072]]]}},{"type":"Feature","properties":{"id":"3302401007"},"geometry":{"type":"Polygon","coordinates":[[[-5.6632,43.54089],[-5.66313,43.53977],[-5.66337,43.53976],[-5.66356,43.54028],[-5.66614,43.53982],[-5.66608,43.5407],[-5.66665,43.54139],[-5.66522,43.54199],[-5.66511,43.54189],[-5.66372,43.5421],[-5.66342,43.54085],[-5.6632,43.54089]]]}},{"type":"Feature","properties":{"id":"3302401008"},"geometry":{"type":"Polygon","coordinates":[[[-5.66239,43.54096],[-5.66193,43.53984],[-5.6627,43.53965],[-5.66251,43.53923],[-5.6634,43.53903],[-5.66364,43.53942],[-5.66441,43.53918],[-5.66484,43.54005],[-5.66356,43.54028],[-5.66337,43.53976],[-5.66313,43.53977],[-5.6632,43.54089],[-5.66239,43.54096]]]}},{"type":"Feature","properties":{"id":"3302401009"},"geometry":{"type":"Polygon","coordinates":[[[-5.6634,43.53903],[-5.66467,43.53788],[-5.6662,43.53859],[-5.66614,43.53982],[-5.66484,43.54005],[-5.66441,43.53918],[-5.66364,43.53942],[-5.6634,43.53903]]]}},{"type":"Feature","properties":{"id":"3302401010"},"geometry":{"type":"Polygon","coordinates":[[[-5.66739,43.54018],[-5.67009,43.54005],[-5.67256,43.53976],[-5.67325,43.54105],[-5.67289,43.54117],[-5.67282,43.5414],[-5.67324,43.54216],[-5.67175,43.54218],[-5.66969,43.5426],[-5.6692,43.54142],[-5.66805,43.54124],[-5.66795,43.54089],[-5.66746,43.54084],[-5.66739,43.54018]]]}},{"type":"Feature","properties":{"id":"3302401011"},"geometry":{"type":"Polygon","coordinates":[[[-5.66779,43.54018],[-5.66606,43.5402],[-5.66616,43.53953],[-5.66655,43.53942],[-5.66748,43.53811],[-5.66912,43.53873],[-5.66751,43.53945],[-5.66779,43.54018]]]}},{"type":"Feature","properties":{"id":"3302401012"},"geometry":{"type":"Polygon","coordinates":[[[-5.66467,43.53788],[-5.66676,43.53609],[-5.66753,43.53656],[-5.66682,43.53751],[-5.66764,43.53785],[-5.66655,43.53942],[-5.66616,43.53953],[-5.6662,43.53859],[-5.66467,43.53788]]]}},{"type":"Feature","properties":{"id":"3302401013"},"geometry":{"type":"Polygon","coordinates":[[[-5.66286,43.53795],[-5.6624,43.537],[-5.66594,43.53621],[-5.66605,43.53669],[-5.66386,43.53863],[-5.66286,43.53795]]]}},{"type":"Feature","properties":{"id":"3302401014"},"geometry":{"type":"Polygon","coordinates":[[[-5.66145,43.53888],[-5.6613,43.53855],[-5.6623,43.53827],[-5.66286,43.53795],[-5.66386,43.53863],[-5.6634,43.53903],[-5.66251,43.53923],[-5.66223,43.53868],[-5.66145,43.53888]]]}},{"type":"Feature","properties":{"id":"3302401015"},"geometry":{"type":"Polygon","coordinates":[[[-5.65981,43.53753],[-5.66128,43.53701],[-5.66218,43.53689],[-5.6624,43.537],[-5.66286,43.53795],[-5.6623,43.53827],[-5.6613,43.53855],[-5.66145,43.53888],[-5.66042,43.53915],[-5.65981,43.53753]]]}},{"type":"Feature","properties":{"id":"3302401016"},"geometry":{"type":"Polygon","coordinates":[[[-5.65853,43.53844],[-5.65852,43.53759],[-5.65981,43.53753],[-5.66042,43.53915],[-5.65899,43.53946],[-5.65871,43.53852],[-5.65853,43.53844]]]}},{"type":"Feature","properties":{"id":"3302401017"},"geometry":{"type":"Polygon","coordinates":[[[-5.65715,43.53839],[-5.65853,43.53844],[-5.65871,43.53852],[-5.65899,43.53946],[-5.65978,43.53931],[-5.66,43.5399],[-5.65896,43.54011],[-5.65748,43.53946],[-5.65715,43.53839]]]}},{"type":"Feature","properties":{"id":"3302401018"},"geometry":{"type":"Polygon","coordinates":[[[-5.65508,43.53942],[-5.65594,43.53834],[-5.65715,43.53839],[-5.65748,43.53946],[-5.65896,43.54011],[-5.65818,43.54027],[-5.65839,43.54086],[-5.65508,43.53942]]]}},{"type":"Feature","properties":{"id":"3302401019"},"geometry":{"type":"Polygon","coordinates":[[[-5.65332,43.54085],[-5.65346,43.54052],[-5.65455,43.53919],[-5.65839,43.54086],[-5.65883,43.54197],[-5.65869,43.54211],[-5.65604,43.54126],[-5.65467,43.54099],[-5.65332,43.54085]]]}},{"type":"Feature","properties":{"id":"3302401020"},"geometry":{"type":"Polygon","coordinates":[[[-5.65508,43.53942],[-5.65254,43.53831],[-5.65301,43.53745],[-5.65303,43.53667],[-5.65418,43.53703],[-5.65361,43.53776],[-5.65568,43.53866],[-5.65508,43.53942]]]}},{"type":"Feature","properties":{"id":"3302401021"},"geometry":{"type":"Polygon","coordinates":[[[-5.65418,43.53703],[-5.65523,43.53735],[-5.65533,43.53696],[-5.65619,43.53699],[-5.65611,43.53757],[-5.65597,43.53757],[-5.65594,43.53837],[-5.65568,43.53866],[-5.65361,43.53776],[-5.65418,43.53703]]]}},{"type":"Feature","properties":{"id":"3302401022"},"geometry":{"type":"Polygon","coordinates":[[[-5.65523,43.53735],[-5.65303,43.53667],[-5.65317,43.53552],[-5.65634,43.53589],[-5.65619,43.53699],[-5.65533,43.53696],[-5.65523,43.53735]]]}},{"type":"Feature","properties":{"id":"3302401023"},"geometry":{"type":"Polygon","coordinates":[[[-5.65853,43.53844],[-5.65594,43.53834],[-5.65597,43.53757],[-5.65611,43.53757],[-5.65619,43.53699],[-5.65842,43.53706],[-5.65883,43.537],[-5.65905,43.53757],[-5.65852,43.53759],[-5.65853,43.53844]]]}},{"type":"Feature","properties":{"id":"3302401024"},"geometry":{"type":"Polygon","coordinates":[[[-5.65619,43.53699],[-5.65634,43.53589],[-5.6585,43.53618],[-5.65883,43.537],[-5.65842,43.53706],[-5.65619,43.53699]]]}},{"type":"Feature","properties":{"id":"3302401025"},"geometry":{"type":"Polygon","coordinates":[[[-5.65905,43.53757],[-5.6585,43.53618],[-5.66015,43.53639],[-5.66191,43.53594],[-5.66205,43.53621],[-5.66102,43.53649],[-5.66128,43.53701],[-5.65981,43.53753],[-5.65905,43.53757]]]}},{"type":"Feature","properties":{"id":"3302401026"},"geometry":{"type":"Polygon","coordinates":[[[-5.66128,43.53701],[-5.66102,43.53649],[-5.66205,43.53621],[-5.66191,43.53594],[-5.66368,43.53548],[-5.66422,43.53662],[-5.6624,43.537],[-5.66218,43.53689],[-5.66128,43.53701]]]}},{"type":"Feature","properties":{"id":"3302401027"},"geometry":{"type":"Polygon","coordinates":[[[-5.66368,43.53548],[-5.66573,43.53496],[-5.66594,43.53621],[-5.66422,43.53662],[-5.66368,43.53548]]]}},{"type":"Feature","properties":{"id":"3302401028"},"geometry":{"type":"Polygon","coordinates":[[[-5.66605,43.53669],[-5.66587,43.53575],[-5.66683,43.53497],[-5.66756,43.53541],[-5.66605,43.53669]]]}},{"type":"Feature","properties":{"id":"3302401029"},"geometry":{"type":"Polygon","coordinates":[[[-5.66573,43.53496],[-5.66647,43.53477],[-5.66911,43.5341],[-5.66756,43.53541],[-5.66683,43.53497],[-5.66587,43.53575],[-5.66573,43.53496]]]}},{"type":"Feature","properties":{"id":"3302402001"},"geometry":{"type":"Polygon","coordinates":[[[-5.66162,43.54438],[-5.66257,43.54458],[-5.6636,43.5444],[-5.66425,43.54381],[-5.6647,43.5437],[-5.66516,43.54406],[-5.66503,43.54404],[-5.66445,43.54441],[-5.66426,43.54475],[-5.66427,43.54504],[-5.6636,43.54513],[-5.66303,43.54533],[-5.66315,43.54568],[-5.66292,43.54661],[-5.66328,43.54663],[-5.6636,43.54686],[-5.66338,43.5475],[-5.66471,43.54834],[-5.66523,43.54839],[-5.66586,43.54865],[-5.66597,43.549],[-5.66543,43.54938],[-5.66448,43.54968],[-5.66379,43.54975],[-5.66219,43.54928],[-5.66078,43.54903],[-5.65964,43.5477],[-5.65951,43.54738],[-5.66006,43.54579],[-5.66151,43.54509],[-5.66164,43.54487],[-5.66162,43.54438]]]}},{"type":"Feature","properties":{"id":"3302402002"},"geometry":{"type":"Polygon","coordinates":[[[-5.66427,43.54504],[-5.66444,43.54543],[-5.66494,43.54587],[-5.66455,43.54612],[-5.66503,43.54656],[-5.66424,43.54697],[-5.66381,43.54739],[-5.66527,43.54834],[-5.66523,43.54839],[-5.66471,43.54834],[-5.66338,43.5475],[-5.6636,43.54686],[-5.66328,43.54663],[-5.66292,43.54661],[-5.66315,43.54568],[-5.66303,43.54533],[-5.6636,43.54513],[-5.66427,43.54504]]]}},{"type":"Feature","properties":{"id":"3302402003"},"geometry":{"type":"Polygon","coordinates":[[[-5.66523,43.54839],[-5.66527,43.54834],[-5.66381,43.54739],[-5.66424,43.54697],[-5.66503,43.54656],[-5.66455,43.54612],[-5.66494,43.54587],[-5.66595,43.54675],[-5.66619,43.5466],[-5.66626,43.54665],[-5.66649,43.54646],[-5.66652,43.54613],[-5.66661,43.54609],[-5.6667,43.54615],[-5.66666,43.54637],[-5.66742,43.54616],[-5.66747,43.54624],[-5.66677,43.54643],[-5.66629,43.54704],[-5.66677,43.54739],[-5.66753,43.54749],[-5.66838,43.54729],[-5.66918,43.54684],[-5.66931,43.54626],[-5.6695,43.54625],[-5.66954,43.5464],[-5.66983,43.54649],[-5.67014,43.54649],[-5.67014,43.54656],[-5.66945,43.5466],[-5.66922,43.54704],[-5.66849,43.54742],[-5.6666,43.54795],[-5.66664,43.54803],[-5.66619,43.54825],[-5.66586,43.54865],[-5.66523,43.54839]]]}},{"type":"Feature","properties":{"id":"3302403001"},"geometry":{"type":"Polygon","coordinates":[[[-5.65203,43.54076],[-5.65209,43.54041],[-5.6535,43.53874],[-5.65455,43.53919],[-5.65346,43.54052],[-5.65332,43.54085],[-5.65203,43.54076]]]}},{"type":"Feature","properties":{"id":"3302403002"},"geometry":{"type":"Polygon","coordinates":[[[-5.65223,43.54023],[-5.65129,43.5398],[-5.65254,43.53831],[-5.6535,43.53874],[-5.65223,43.54023]]]}},{"type":"Feature","properties":{"id":"3302403003"},"geometry":{"type":"Polygon","coordinates":[[[-5.64943,43.54057],[-5.64949,43.54018],[-5.65145,43.53784],[-5.65254,43.53831],[-5.65129,43.5398],[-5.65223,43.54023],[-5.65203,43.54076],[-5.64943,43.54057]]]}},{"type":"Feature","properties":{"id":"3302403004"},"geometry":{"type":"Polygon","coordinates":[[[-5.64806,43.54047],[-5.64811,43.54009],[-5.64915,43.53887],[-5.65019,43.53934],[-5.64949,43.54018],[-5.64943,43.54057],[-5.64806,43.54047]]]}},{"type":"Feature","properties":{"id":"3302403005"},"geometry":{"type":"Polygon","coordinates":[[[-5.64915,43.53887],[-5.6504,43.53738],[-5.65145,43.53784],[-5.65019,43.53934],[-5.64915,43.53887]]]}},{"type":"Feature","properties":{"id":"3302403006"},"geometry":{"type":"Polygon","coordinates":[[[-5.6476,43.53918],[-5.64951,43.53695],[-5.6504,43.53738],[-5.64853,43.53959],[-5.6476,43.53918]]]}},{"type":"Feature","properties":{"id":"3302403007"},"geometry":{"type":"Polygon","coordinates":[[[-5.6458,43.54031],[-5.64581,43.53994],[-5.64675,43.53881],[-5.64853,43.53959],[-5.64811,43.54009],[-5.64806,43.54047],[-5.6458,43.54031]]]}},{"type":"Feature","properties":{"id":"3302403008"},"geometry":{"type":"Polygon","coordinates":[[[-5.64469,43.5403],[-5.64465,43.54],[-5.64651,43.53774],[-5.64733,43.5381],[-5.64581,43.53994],[-5.6458,43.54031],[-5.64492,43.54024],[-5.64469,43.5403]]]}},{"type":"Feature","properties":{"id":"3302403009"},"geometry":{"type":"Polygon","coordinates":[[[-5.64675,43.53881],[-5.64733,43.5381],[-5.64651,43.53774],[-5.64714,43.53698],[-5.64885,43.53773],[-5.6476,43.53918],[-5.64675,43.53881]]]}},{"type":"Feature","properties":{"id":"3302403011"},"geometry":{"type":"Polygon","coordinates":[[[-5.64714,43.53698],[-5.6479,43.53606],[-5.64899,43.53669],[-5.64938,43.5363],[-5.65017,43.53663],[-5.64981,43.5371],[-5.64951,43.53695],[-5.64885,43.53773],[-5.64714,43.53698]]]}},{"type":"Feature","properties":{"id":"3302403012"},"geometry":{"type":"Polygon","coordinates":[[[-5.65254,43.53831],[-5.65094,43.53762],[-5.65113,43.53736],[-5.65209,43.5374],[-5.65223,43.53548],[-5.65317,43.53552],[-5.65301,43.53745],[-5.65254,43.53831]]]}},{"type":"Feature","properties":{"id":"3302403013"},"geometry":{"type":"Polygon","coordinates":[[[-5.65094,43.53762],[-5.64981,43.5371],[-5.65062,43.53605],[-5.65065,43.53542],[-5.65223,43.53548],[-5.65209,43.5374],[-5.65113,43.53736],[-5.65094,43.53762]]]}},{"type":"Feature","properties":{"id":"3302403014"},"geometry":{"type":"Polygon","coordinates":[[[-5.64899,43.53669],[-5.64658,43.53527],[-5.65065,43.53542],[-5.65062,43.53605],[-5.65017,43.53663],[-5.64938,43.5363],[-5.64899,43.53669]]]}},{"type":"Feature","properties":{"id":"3302403015"},"geometry":{"type":"Polygon","coordinates":[[[-5.64418,43.53567],[-5.64506,43.5346],[-5.64567,43.53484],[-5.6479,43.53606],[-5.64714,43.53698],[-5.64418,43.53567]]]}},{"type":"Feature","properties":{"id":"3302403016"},"geometry":{"type":"Polygon","coordinates":[[[-5.6359,43.53685],[-5.63667,43.5354],[-5.63692,43.53547],[-5.63725,43.53518],[-5.6376,43.53507],[-5.64196,43.53587],[-5.64351,43.53647],[-5.64418,43.53567],[-5.64714,43.53698],[-5.64465,43.54],[-5.64469,43.5403],[-5.64428,43.54072],[-5.64029,43.5384],[-5.63951,43.53806],[-5.6359,43.53685]]]}},{"type":"Feature","properties":{"id":"3302403017"},"geometry":{"type":"Polygon","coordinates":[[[-5.6344,43.53535],[-5.6347,43.53391],[-5.63642,43.53415],[-5.63754,43.53415],[-5.64236,43.53499],[-5.64295,43.53514],[-5.64418,43.53567],[-5.64351,43.53647],[-5.64196,43.53587],[-5.6376,43.53507],[-5.63725,43.53518],[-5.63692,43.53547],[-5.63667,43.5354],[-5.6359,43.53685],[-5.63495,43.53637],[-5.63449,43.53574],[-5.6344,43.53535]]]}},{"type":"Feature","properties":{"id":"3302403018"},"geometry":{"type":"Polygon","coordinates":[[[-5.63761,43.53416],[-5.64034,43.53397],[-5.64186,43.53395],[-5.64262,43.53405],[-5.64506,43.5346],[-5.64418,43.53567],[-5.64295,43.53514],[-5.64236,43.53499],[-5.63761,43.53416]]]}},{"type":"Feature","properties":{"id":"3302403019"},"geometry":{"type":"Polygon","coordinates":[[[-5.64506,43.5346],[-5.64262,43.53405],[-5.64276,43.53338],[-5.6425,43.53305],[-5.64426,43.53235],[-5.64344,43.53123],[-5.645,43.5313],[-5.6445,43.53066],[-5.64443,43.53027],[-5.6457,43.53034],[-5.64579,43.52933],[-5.64607,43.52922],[-5.64733,43.52936],[-5.64817,43.5301],[-5.64877,43.53038],[-5.64819,43.5308],[-5.64698,43.53126],[-5.64657,43.53533],[-5.64506,43.5346]]]}},{"type":"Feature","properties":{"id":"3302403020"},"geometry":{"type":"Polygon","coordinates":[[[-5.6347,43.53391],[-5.6347,43.53362],[-5.63436,43.53289],[-5.63427,43.53226],[-5.6349,43.52779],[-5.64045,43.5284],[-5.64093,43.52865],[-5.64204,43.52954],[-5.64276,43.53033],[-5.64426,43.53235],[-5.6425,43.53305],[-5.64276,43.53338],[-5.64262,43.53405],[-5.64101,43.53394],[-5.63695,43.53417],[-5.6347,43.53391]]]}},{"type":"Feature","properties":{"id":"3302403021"},"geometry":{"type":"Polygon","coordinates":[[[-5.64344,43.53123],[-5.64204,43.52954],[-5.64093,43.52865],[-5.64045,43.5284],[-5.6349,43.52779],[-5.63537,43.52707],[-5.63603,43.52653],[-5.63739,43.52591],[-5.63919,43.52493],[-5.63936,43.52468],[-5.64117,43.52488],[-5.64166,43.52503],[-5.64214,43.5255],[-5.64333,43.52799],[-5.64407,43.52893],[-5.64607,43.52922],[-5.64579,43.52933],[-5.6457,43.53034],[-5.64443,43.53027],[-5.6445,43.53066],[-5.645,43.5313],[-5.64344,43.53123]]]}},{"type":"Feature","properties":{"id":"3302403022"},"geometry":{"type":"Polygon","coordinates":[[[-5.64719,43.52934],[-5.64724,43.52732],[-5.6513,43.52498],[-5.65625,43.52374],[-5.65613,43.52422],[-5.65548,43.52531],[-5.65476,43.52581],[-5.6546,43.52571],[-5.65405,43.5258],[-5.65129,43.52775],[-5.65203,43.52827],[-5.65241,43.52881],[-5.65108,43.52982],[-5.64877,43.53038],[-5.64838,43.53024],[-5.64733,43.52936],[-5.64719,43.52934]]]}},{"type":"Feature","properties":{"id":"3302403023"},"geometry":{"type":"Polygon","coordinates":[[[-5.64262,43.52651],[-5.64313,43.52604],[-5.64369,43.526],[-5.64376,43.52562],[-5.6442,43.52497],[-5.64437,43.52491],[-5.64456,43.52538],[-5.64482,43.52537],[-5.64524,43.52507],[-5.64556,43.52504],[-5.64568,43.52444],[-5.64697,43.52469],[-5.6479,43.52427],[-5.6482,43.52445],[-5.64826,43.52483],[-5.64845,43.52483],[-5.64859,43.52465],[-5.64884,43.52459],[-5.64865,43.52438],[-5.64873,43.5242],[-5.64925,43.52392],[-5.64954,43.52348],[-5.64966,43.52345],[-5.65009,43.52364],[-5.65031,43.52303],[-5.65101,43.52237],[-5.65124,43.52245],[-5.65143,43.52283],[-5.65165,43.52284],[-5.65197,43.52264],[-5.65218,43.52241],[-5.65205,43.52191],[-5.65235,43.52147],[-5.65318,43.52115],[-5.65304,43.52074],[-5.65397,43.52098],[-5.65619,43.52136],[-5.65636,43.52153],[-5.65625,43.52374],[-5.6513,43.52498],[-5.64725,43.52731],[-5.64614,43.52645],[-5.64547,43.52644],[-5.6449,43.52631],[-5.64277,43.52679],[-5.64262,43.52651]]]}},{"type":"Feature","properties":{"id":"3302403024"},"geometry":{"type":"Polygon","coordinates":[[[-5.64277,43.52679],[-5.6449,43.52631],[-5.64547,43.52644],[-5.64614,43.52645],[-5.64725,43.52731],[-5.64719,43.52934],[-5.64407,43.52893],[-5.64333,43.52799],[-5.64277,43.52679]]]}},{"type":"Feature","properties":{"id":"3302403025"},"geometry":{"type":"Polygon","coordinates":[[[-5.65304,43.52074],[-5.65318,43.52115],[-5.65235,43.52147],[-5.65205,43.52191],[-5.65218,43.52241],[-5.65197,43.52264],[-5.65165,43.52284],[-5.65143,43.52283],[-5.65124,43.52245],[-5.65101,43.52237],[-5.65031,43.52303],[-5.65009,43.52364],[-5.64966,43.52345],[-5.64954,43.52348],[-5.64925,43.52392],[-5.64873,43.5242],[-5.64865,43.52438],[-5.64884,43.52459],[-5.64859,43.52465],[-5.64845,43.52483],[-5.64826,43.52483],[-5.6482,43.52445],[-5.6479,43.52427],[-5.64697,43.52469],[-5.64568,43.52444],[-5.64556,43.52504],[-5.64524,43.52507],[-5.64482,43.52537],[-5.64456,43.52538],[-5.64437,43.52491],[-5.6442,43.52497],[-5.64376,43.52562],[-5.64369,43.526],[-5.64313,43.52604],[-5.64262,43.52651],[-5.64203,43.52533],[-5.64166,43.52503],[-5.64117,43.52488],[-5.63936,43.52468],[-5.63908,43.52372],[-5.63913,43.52302],[-5.63932,43.52279],[-5.64001,43.52247],[-5.64961,43.52069],[-5.65015,43.52106],[-5.65041,43.52109],[-5.65111,43.52089],[-5.65304,43.52074]]]}},{"type":"Feature","properties":{"id":"3302404001"},"geometry":{"type":"Polygon","coordinates":[[[-5.67347,43.5422],[-5.67413,43.5412],[-5.67733,43.54025],[-5.67808,43.54008],[-5.68158,43.54033],[-5.68189,43.53825],[-5.6845,43.5375],[-5.68433,43.5391],[-5.68358,43.53943],[-5.68332,43.54172],[-5.68747,43.54414],[-5.68707,43.54434],[-5.68708,43.54454],[-5.68686,43.54483],[-5.68783,43.54539],[-5.6877,43.54549],[-5.68673,43.5449],[-5.68641,43.54496],[-5.68557,43.54431],[-5.68132,43.54491],[-5.67938,43.54547],[-5.68116,43.54484],[-5.68131,43.54359],[-5.68123,43.54226],[-5.67917,43.54123],[-5.67732,43.54167],[-5.678,43.54292],[-5.67706,43.54352],[-5.67742,43.54381],[-5.67872,43.54444],[-5.67829,43.5443],[-5.67712,43.5452],[-5.67658,43.54533],[-5.67553,43.54536],[-5.67535,43.54524],[-5.67544,43.54502],[-5.67634,43.54501],[-5.67721,43.54475],[-5.67753,43.54451],[-5.67761,43.54423],[-5.67538,43.54272],[-5.67498,43.54258],[-5.67498,43.54271],[-5.6737,43.54286],[-5.67347,43.5422]]]}},{"type":"Feature","properties":{"id":"3302404002"},"geometry":{"type":"Polygon","coordinates":[[[-5.68747,43.54414],[-5.68332,43.54172],[-5.68358,43.53943],[-5.68508,43.53876],[-5.68541,43.53878],[-5.68591,43.53896],[-5.68582,43.54047],[-5.68663,43.54039],[-5.68686,43.54122],[-5.68705,43.54148],[-5.68755,43.54133],[-5.68776,43.54136],[-5.68788,43.54148],[-5.68883,43.54346],[-5.68838,43.54361],[-5.68852,43.54389],[-5.68815,43.54413],[-5.68801,43.54388],[-5.68747,43.54414]]]}},{"type":"Feature","properties":{"id":"3302404003"},"geometry":{"type":"Polygon","coordinates":[[[-5.6845,43.5375],[-5.68559,43.53719],[-5.68541,43.53878],[-5.68508,43.53876],[-5.68433,43.5391],[-5.6845,43.5375]]]}},{"type":"Feature","properties":{"id":"3302404004"},"geometry":{"type":"Polygon","coordinates":[[[-5.67536,43.53807],[-5.67915,43.53543],[-5.68192,43.53272],[-5.683,43.5336],[-5.68394,43.53414],[-5.68831,43.53559],[-5.68971,43.53623],[-5.68641,43.53696],[-5.68301,43.53793],[-5.683,43.53751],[-5.68195,43.53747],[-5.68207,43.53639],[-5.68173,43.53635],[-5.68068,43.53709],[-5.68065,43.53739],[-5.68032,43.53766],[-5.68025,43.53872],[-5.67805,43.53935],[-5.67737,43.5388],[-5.67536,43.53807]]]}},{"type":"Feature","properties":{"id":"3302404005"},"geometry":{"type":"Polygon","coordinates":[[[-5.68541,43.53878],[-5.68559,43.53719],[-5.68761,43.53666],[-5.68971,43.53623],[-5.69053,43.53684],[-5.6921,43.53867],[-5.69184,43.5388],[-5.6892,43.53764],[-5.68881,43.53805],[-5.68844,43.53827],[-5.6874,43.53842],[-5.68591,43.53896],[-5.68541,43.53878]]]}},{"type":"Feature","properties":{"id":"3302404006"},"geometry":{"type":"Polygon","coordinates":[[[-5.68591,43.53896],[-5.68756,43.53841],[-5.68845,43.54017],[-5.68582,43.54047],[-5.68591,43.53896]]]}},{"type":"Feature","properties":{"id":"3302404007"},"geometry":{"type":"Polygon","coordinates":[[[-5.68756,43.53841],[-5.68821,43.53833],[-5.68866,43.53817],[-5.6892,43.53764],[-5.69019,43.53809],[-5.68984,43.53851],[-5.68974,43.53897],[-5.69001,43.53998],[-5.68845,43.54017],[-5.68756,43.53841]]]}},{"type":"Feature","properties":{"id":"3302404008"},"geometry":{"type":"Polygon","coordinates":[[[-5.69019,43.53809],[-5.69184,43.5388],[-5.6921,43.53867],[-5.69292,43.53966],[-5.69001,43.53998],[-5.68974,43.53897],[-5.68984,43.53851],[-5.69019,43.53809]]]}},{"type":"Feature","properties":{"id":"3302404009"},"geometry":{"type":"Polygon","coordinates":[[[-5.68883,43.54346],[-5.68788,43.54148],[-5.68776,43.54136],[-5.68755,43.54133],[-5.68705,43.54148],[-5.68686,43.54122],[-5.68663,43.54039],[-5.6907,43.5399],[-5.69146,43.54334],[-5.69167,43.54344],[-5.69117,43.54403],[-5.68931,43.54381],[-5.68908,43.54338],[-5.68883,43.54346]]]}},{"type":"Feature","properties":{"id":"3302404010"},"geometry":{"type":"Polygon","coordinates":[[[-5.68301,43.53793],[-5.68189,43.53825],[-5.68025,43.53872],[-5.68032,43.53766],[-5.68065,43.53739],[-5.68068,43.53709],[-5.68173,43.53635],[-5.68207,43.53639],[-5.68195,43.53747],[-5.683,43.53751],[-5.68301,43.53793]]]}},{"type":"Feature","properties":{"id":"3302404011"},"geometry":{"type":"Polygon","coordinates":[[[-5.67324,43.54216],[-5.67282,43.5414],[-5.67289,43.54117],[-5.67325,43.54105],[-5.67256,43.53976],[-5.6735,43.53938],[-5.67536,43.53807],[-5.67737,43.5388],[-5.67805,43.53935],[-5.68189,43.53825],[-5.68158,43.54033],[-5.67808,43.54008],[-5.67413,43.5412],[-5.67347,43.5422],[-5.67324,43.54216]]]}},{"type":"Feature","properties":{"id":"3302404012"},"geometry":{"type":"Polygon","coordinates":[[[-5.69281,43.54405],[-5.69146,43.54334],[-5.6907,43.5399],[-5.69292,43.53966],[-5.69502,43.54218],[-5.69281,43.54405]]]}},{"type":"Feature","properties":{"id":"3302405001"},"geometry":{"type":"Polygon","coordinates":[[[-5.69956,43.55923],[-5.70021,43.55901],[-5.70001,43.55869],[-5.70259,43.55761],[-5.70165,43.55648],[-5.70138,43.55544],[-5.70162,43.55443],[-5.70248,43.5547],[-5.70325,43.55464],[-5.70388,43.55372],[-5.70384,43.55292],[-5.70402,43.55227],[-5.70368,43.55196],[-5.70339,43.55141],[-5.70367,43.55092],[-5.70426,43.5505],[-5.7055,43.55125],[-5.70665,43.5515],[-5.70699,43.55122],[-5.70726,43.55115],[-5.70778,43.5506],[-5.70879,43.55005],[-5.70836,43.5498],[-5.70712,43.54945],[-5.70637,43.54959],[-5.70571,43.54946],[-5.70466,43.54898],[-5.70457,43.54868],[-5.70489,43.54803],[-5.70506,43.54699],[-5.70497,43.54615],[-5.70512,43.54583],[-5.7059,43.54515],[-5.70702,43.54504],[-5.70746,43.54479],[-5.70756,43.5446],[-5.70735,43.54359],[-5.70697,43.54335],[-5.70631,43.54227],[-5.70633,43.54151],[-5.70747,43.54102],[-5.7084,43.54017],[-5.70872,43.53951],[-5.70905,43.53777],[-5.71169,43.53744],[-5.71278,43.53723],[-5.71317,43.53707],[-5.71392,43.53655],[-5.71442,43.5364],[-5.71634,43.53646],[-5.71743,43.53618],[-5.71895,43.53558],[-5.71998,43.5365],[-5.7206,43.53739],[-5.7209,43.53834],[-5.72104,43.53981],[-5.72149,43.54008],[-5.72521,43.54166],[-5.72635,43.54287],[-5.72649,43.54321],[-5.72646,43.54406],[-5.72688,43.54469],[-5.72723,43.54502],[-5.72801,43.54545],[-5.73007,43.54603],[-5.72844,43.54708],[-5.72794,43.5477],[-5.72738,43.54896],[-5.72662,43.54975],[-5.72338,43.5525],[-5.72125,43.55393],[-5.7177,43.55732],[-5.71645,43.55871],[-5.71473,43.56129],[-5.7141,43.56177],[-5.71388,43.56206],[-5.71383,43.5624],[-5.71412,43.56306],[-5.71371,43.56461],[-5.71324,43.56562],[-5.71286,43.56588],[-5.7119,43.56624],[-5.71121,43.5667],[-5.71071,43.56721],[-5.71028,43.5679],[-5.70995,43.56885],[-5.70967,43.56877],[-5.70736,43.56911],[-5.70628,43.57048],[-5.70576,43.56984],[-5.70562,43.57031],[-5.70481,43.57097],[-5.70477,43.57153],[-5.70431,43.57164],[-5.70398,43.57162],[-5.70342,43.57196],[-5.70328,43.57192],[-5.70291,43.57148],[-5.70212,43.57125],[-5.70183,43.57128],[-5.70182,43.57108],[-5.70108,43.57085],[-5.70088,43.5709],[-5.70096,43.57113],[-5.70039,43.57104],[-5.69999,43.57128],[-5.69978,43.57129],[-5.69948,43.57155],[-5.6996,43.57177],[-5.69935,43.57201],[-5.69898,43.57191],[-5.69918,43.57172],[-5.69903,43.57143],[-5.69934,43.57118],[-5.69951,43.57074],[-5.70056,43.56996],[-5.70088,43.56935],[-5.70079,43.56898],[-5.699,43.5686],[-5.6962,43.56742],[-5.69591,43.56722],[-5.68954,43.56753],[-5.67633,43.57101],[-5.6762,43.57096],[-5.67617,43.57068],[-5.67638,43.57062],[-5.67647,43.57079],[-5.68496,43.56854],[-5.68473,43.56789],[-5.68242,43.56532],[-5.68154,43.56493],[-5.68166,43.56478],[-5.68181,43.56484],[-5.68176,43.56494],[-5.68248,43.56527],[-5.68439,43.56739],[-5.69242,43.56528],[-5.69248,43.56511],[-5.69266,43.56524],[-5.69312,43.56509],[-5.69119,43.56243],[-5.69121,43.56226],[-5.69179,43.5618],[-5.69133,43.56117],[-5.69159,43.56107],[-5.6917,43.56122],[-5.69156,43.56128],[-5.69191,43.56175],[-5.69236,43.56157],[-5.69613,43.56679],[-5.70089,43.56821],[-5.70126,43.56616],[-5.69992,43.56603],[-5.70015,43.56456],[-5.69777,43.56551],[-5.69704,43.56456],[-5.70095,43.56302],[-5.70098,43.56272],[-5.69965,43.56094],[-5.69639,43.56223],[-5.69587,43.56154],[-5.6978,43.56076],[-5.6994,43.55964],[-5.6992,43.55949],[-5.69955,43.55932],[-5.69956,43.55923]]]}},{"type":"Feature","properties":{"id":"3302405002"},"geometry":{"type":"Polygon","coordinates":[[[-5.69511,43.54549],[-5.69556,43.54567],[-5.6963,43.54461],[-5.69728,43.54371],[-5.69838,43.54302],[-5.69968,43.54246],[-5.70148,43.54204],[-5.70525,43.5417],[-5.70633,43.54151],[-5.70631,43.54227],[-5.70697,43.54335],[-5.70735,43.54359],[-5.70756,43.5446],[-5.70746,43.54479],[-5.70702,43.54504],[-5.7059,43.54515],[-5.70512,43.54583],[-5.70497,43.54615],[-5.70506,43.54699],[-5.70489,43.54803],[-5.70465,43.54843],[-5.70459,43.54886],[-5.70466,43.54898],[-5.70571,43.54946],[-5.70637,43.54959],[-5.70712,43.54945],[-5.70836,43.5498],[-5.70879,43.55005],[-5.70778,43.5506],[-5.70726,43.55115],[-5.70699,43.55122],[-5.70665,43.5515],[-5.7055,43.55125],[-5.70426,43.5505],[-5.70367,43.55092],[-5.70339,43.55141],[-5.70368,43.55196],[-5.70402,43.55227],[-5.70384,43.55292],[-5.70388,43.55372],[-5.70325,43.55464],[-5.70248,43.5547],[-5.70162,43.55443],[-5.70138,43.55544],[-5.70165,43.55648],[-5.70259,43.55761],[-5.70001,43.55869],[-5.70021,43.55901],[-5.69956,43.55923],[-5.69958,43.55904],[-5.69922,43.55856],[-5.69642,43.55962],[-5.69638,43.55956],[-5.69701,43.55932],[-5.69696,43.55927],[-5.69894,43.55851],[-5.69863,43.5581],[-5.69655,43.55765],[-5.69612,43.55782],[-5.69629,43.55818],[-5.69622,43.55821],[-5.69562,43.5574],[-5.69269,43.55523],[-5.69276,43.55518],[-5.69285,43.55524],[-5.69314,43.55503],[-5.6949,43.55634],[-5.69572,43.55602],[-5.69672,43.55737],[-5.69667,43.55749],[-5.69846,43.55788],[-5.69637,43.55509],[-5.69765,43.55255],[-5.69539,43.54974],[-5.69498,43.55002],[-5.69518,43.55018],[-5.69432,43.55103],[-5.69406,43.55102],[-5.69269,43.55235],[-5.69199,43.55316],[-5.69194,43.55341],[-5.68789,43.55743],[-5.6878,43.5575],[-5.68616,43.55609],[-5.68472,43.55753],[-5.68675,43.55989],[-5.68665,43.55994],[-5.68642,43.55974],[-5.68595,43.55996],[-5.68638,43.56049],[-5.68625,43.56055],[-5.68415,43.55813],[-5.68374,43.55731],[-5.68868,43.5524],[-5.68639,43.55118],[-5.68624,43.55047],[-5.68636,43.55045],[-5.68647,43.55112],[-5.68682,43.55131],[-5.68698,43.55116],[-5.68822,43.55183],[-5.68789,43.55187],[-5.68849,43.55219],[-5.68934,43.55135],[-5.68962,43.55147],[-5.69445,43.54667],[-5.69511,43.54549]]]}},{"type":"Feature","properties":{"id":"3302405004"},"geometry":{"type":"Polygon","coordinates":[[[-5.70486,43.53998],[-5.70705,43.53972],[-5.70605,43.53812],[-5.70905,43.53777],[-5.70872,43.53951],[-5.70852,43.53998],[-5.70792,43.54069],[-5.70714,43.54122],[-5.70608,43.54157],[-5.70525,43.5417],[-5.70486,43.53998]]]}},{"type":"Feature","properties":{"id":"3302405005"},"geometry":{"type":"Polygon","coordinates":[[[-5.7032,43.54017],[-5.70486,43.53998],[-5.70525,43.5417],[-5.70248,43.54194],[-5.70238,43.54146],[-5.70346,43.54134],[-5.7032,43.54017]]]}},{"type":"Feature","properties":{"id":"3302405006"},"geometry":{"type":"Polygon","coordinates":[[[-5.70088,43.54002],[-5.70449,43.53958],[-5.70459,43.54001],[-5.7032,43.54017],[-5.70346,43.54134],[-5.70238,43.54146],[-5.70248,43.54194],[-5.70132,43.54207],[-5.70088,43.54002]]]}},{"type":"Feature","properties":{"id":"3302405007"},"geometry":{"type":"Polygon","coordinates":[[[-5.69878,43.5407],[-5.70088,43.54002],[-5.70132,43.54207],[-5.69988,43.54239],[-5.69938,43.54188],[-5.69915,43.54124],[-5.69878,43.5407]]]}},{"type":"Feature","properties":{"id":"3302405009"},"geometry":{"type":"Polygon","coordinates":[[[-5.69511,43.54549],[-5.6952,43.54538],[-5.695,43.5452],[-5.69281,43.54405],[-5.69502,43.54218],[-5.69878,43.5407],[-5.69915,43.54124],[-5.69938,43.54188],[-5.69988,43.54239],[-5.69838,43.54302],[-5.69728,43.54371],[-5.6963,43.54461],[-5.69556,43.54567],[-5.69511,43.54549]]]}},{"type":"Feature","properties":{"id":"3302405010"},"geometry":{"type":"Polygon","coordinates":[[[-5.69292,43.53966],[-5.69576,43.53933],[-5.6959,43.54058],[-5.69526,43.54065],[-5.69575,43.54187],[-5.69502,43.54218],[-5.69292,43.53966]]]}},{"type":"Feature","properties":{"id":"3302405011"},"geometry":{"type":"Polygon","coordinates":[[[-5.69576,43.53933],[-5.69638,43.53926],[-5.69666,43.54151],[-5.69575,43.54187],[-5.69526,43.54065],[-5.6959,43.54058],[-5.69576,43.53933]]]}},{"type":"Feature","properties":{"id":"3302405012"},"geometry":{"type":"Polygon","coordinates":[[[-5.69638,43.53926],[-5.69762,43.53911],[-5.6977,43.53937],[-5.69894,43.5399],[-5.69864,43.54022],[-5.69878,43.5407],[-5.69666,43.54151],[-5.69638,43.53926]]]}},{"type":"Feature","properties":{"id":"3302405013"},"geometry":{"type":"Polygon","coordinates":[[[-5.69762,43.53911],[-5.70064,43.53876],[-5.70093,43.54002],[-5.69878,43.5407],[-5.69864,43.54022],[-5.69894,43.5399],[-5.6977,43.53937],[-5.69762,43.53911]]]}},{"type":"Feature","properties":{"id":"3302405014"},"geometry":{"type":"Polygon","coordinates":[[[-5.70064,43.53876],[-5.70284,43.5385],[-5.70311,43.53975],[-5.70093,43.54002],[-5.70064,43.53876]]]}},{"type":"Feature","properties":{"id":"3302405015"},"geometry":{"type":"Polygon","coordinates":[[[-5.70284,43.5385],[-5.70503,43.53824],[-5.7053,43.53949],[-5.70311,43.53975],[-5.70284,43.5385]]]}},{"type":"Feature","properties":{"id":"3302405016"},"geometry":{"type":"Polygon","coordinates":[[[-5.70449,43.53958],[-5.7053,43.53949],[-5.70503,43.53825],[-5.70605,43.53812],[-5.70705,43.53972],[-5.70459,43.54001],[-5.70449,43.53958]]]}},{"type":"Feature","properties":{"id":"3302405017"},"geometry":{"type":"Polygon","coordinates":[[[-5.69838,43.53902],[-5.69756,43.53523],[-5.70319,43.53509],[-5.70395,43.53837],[-5.69838,43.53902]]]}},{"type":"Feature","properties":{"id":"3302405018"},"geometry":{"type":"Polygon","coordinates":[[[-5.69804,43.53745],[-5.69838,43.53902],[-5.69674,43.53921],[-5.6964,43.53765],[-5.69804,43.53745]]]}},{"type":"Feature","properties":{"id":"3302405019"},"geometry":{"type":"Polygon","coordinates":[[[-5.69356,43.53534],[-5.69756,43.53523],[-5.69804,43.53745],[-5.6964,43.53765],[-5.69674,43.53921],[-5.69402,43.53953],[-5.69383,43.53862],[-5.69424,43.53855],[-5.69356,43.53534]]]}},{"type":"Feature","properties":{"id":"3302405020"},"geometry":{"type":"Polygon","coordinates":[[[-5.69292,43.53966],[-5.69053,43.53684],[-5.68947,43.53609],[-5.69285,43.53536],[-5.69356,43.53534],[-5.69424,43.53855],[-5.69383,43.53862],[-5.69402,43.53953],[-5.69292,43.53966]]]}},{"type":"Feature","properties":{"id":"3302405021"},"geometry":{"type":"Polygon","coordinates":[[[-5.71376,43.53666],[-5.71326,43.53648],[-5.71271,43.53612],[-5.71176,43.53485],[-5.69285,43.53536],[-5.68947,43.53609],[-5.68831,43.53559],[-5.68426,43.53429],[-5.683,43.5336],[-5.68192,43.53272],[-5.68736,43.52822],[-5.69175,43.52507],[-5.69469,43.52238],[-5.69705,43.52083],[-5.69888,43.52007],[-5.70121,43.51952],[-5.70619,43.51863],[-5.70785,43.51857],[-5.71308,43.51902],[-5.7145,43.51904],[-5.71598,43.51894],[-5.7189,43.51842],[-5.72438,43.51678],[-5.72533,43.51744],[-5.72795,43.51723],[-5.72873,43.51727],[-5.72947,43.51743],[-5.73176,43.51816],[-5.73069,43.51938],[-5.72937,43.52033],[-5.72783,43.53749],[-5.72746,43.53831],[-5.72672,43.53938],[-5.72656,43.54033],[-5.72502,43.54155],[-5.72117,43.53993],[-5.72104,43.53981],[-5.7209,43.53834],[-5.7206,43.53739],[-5.71998,43.5365],[-5.71895,43.53558],[-5.71743,43.53618],[-5.71634,43.53646],[-5.71442,43.5364],[-5.71376,43.53666]]]}},{"type":"Feature","properties":{"id":"3302405022"},"geometry":{"type":"Polygon","coordinates":[[[-5.70319,43.53509],[-5.71176,43.53485],[-5.71271,43.53612],[-5.71326,43.53648],[-5.71376,43.53666],[-5.71302,43.53715],[-5.71169,43.53744],[-5.70395,43.53837],[-5.70319,43.53509]]]}},{"type":"Feature","properties":{"id":"3302406001"},"geometry":{"type":"Polygon","coordinates":[[[-5.67164,43.53066],[-5.67146,43.53039],[-5.67201,43.52799],[-5.67313,43.52813],[-5.67424,43.52719],[-5.67606,43.52832],[-5.6755,43.52866],[-5.67251,43.53122],[-5.67164,43.53066]]]}},{"type":"Feature","properties":{"id":"3302406002"},"geometry":{"type":"Polygon","coordinates":[[[-5.66976,43.53038],[-5.66997,43.52954],[-5.6716,43.52973],[-5.67146,43.53039],[-5.67156,43.5306],[-5.66976,43.53038]]]}},{"type":"Feature","properties":{"id":"3302406003"},"geometry":{"type":"Polygon","coordinates":[[[-5.6716,43.52973],[-5.66833,43.52934],[-5.66872,43.5277],[-5.67198,43.52812],[-5.6716,43.52973]]]}},{"type":"Feature","properties":{"id":"3302406004"},"geometry":{"type":"Polygon","coordinates":[[[-5.67198,43.52812],[-5.66872,43.5277],[-5.66891,43.52695],[-5.67216,43.52735],[-5.67237,43.52646],[-5.67348,43.52677],[-5.67424,43.52719],[-5.67313,43.52813],[-5.67201,43.52799],[-5.67198,43.52812]]]}},{"type":"Feature","properties":{"id":"3302406005"},"geometry":{"type":"Polygon","coordinates":[[[-5.66888,43.52705],[-5.66798,43.52694],[-5.66818,43.52596],[-5.67237,43.52646],[-5.67216,43.52735],[-5.66891,43.52695],[-5.66888,43.52705]]]}},{"type":"Feature","properties":{"id":"3302406006"},"geometry":{"type":"Polygon","coordinates":[[[-5.66832,43.52598],[-5.66793,43.52512],[-5.66858,43.525],[-5.67039,43.524],[-5.6699,43.52616],[-5.66832,43.52598]]]}},{"type":"Feature","properties":{"id":"3302406007"},"geometry":{"type":"Polygon","coordinates":[[[-5.6699,43.52616],[-5.67039,43.524],[-5.67164,43.52414],[-5.67114,43.52631],[-5.6699,43.52616]]]}},{"type":"Feature","properties":{"id":"3302406008"},"geometry":{"type":"Polygon","coordinates":[[[-5.67114,43.52631],[-5.67164,43.52414],[-5.67276,43.52427],[-5.67237,43.52646],[-5.67114,43.52631]]]}},{"type":"Feature","properties":{"id":"3302406009"},"geometry":{"type":"Polygon","coordinates":[[[-5.67237,43.52646],[-5.67276,43.52427],[-5.67337,43.52439],[-5.67426,43.52475],[-5.67466,43.52472],[-5.67505,43.52451],[-5.67555,43.52484],[-5.67454,43.52569],[-5.67454,43.52579],[-5.67348,43.52677],[-5.67237,43.52646]]]}},{"type":"Feature","properties":{"id":"3302406010"},"geometry":{"type":"Polygon","coordinates":[[[-5.67348,43.52677],[-5.67454,43.52579],[-5.67454,43.52569],[-5.67821,43.52258],[-5.67905,43.52313],[-5.67424,43.52719],[-5.67348,43.52677]]]}},{"type":"Feature","properties":{"id":"3302406011"},"geometry":{"type":"Polygon","coordinates":[[[-5.67424,43.52719],[-5.67905,43.52313],[-5.68083,43.52423],[-5.67939,43.52541],[-5.67948,43.52547],[-5.67606,43.52832],[-5.67424,43.52719]]]}},{"type":"Feature","properties":{"id":"3302406012"},"geometry":{"type":"Polygon","coordinates":[[[-5.67337,43.52439],[-5.67164,43.52414],[-5.67175,43.52363],[-5.67101,43.52293],[-5.67199,43.5224],[-5.67009,43.52048],[-5.67081,43.52009],[-5.67679,43.52377],[-5.67555,43.52484],[-5.67505,43.52451],[-5.67466,43.52472],[-5.67426,43.52475],[-5.67337,43.52439]]]}},{"type":"Feature","properties":{"id":"3302406013"},"geometry":{"type":"Polygon","coordinates":[[[-5.66774,43.52468],[-5.67101,43.52293],[-5.67175,43.52363],[-5.67164,43.52414],[-5.67039,43.524],[-5.66858,43.525],[-5.66793,43.52512],[-5.66774,43.52468]]]}},{"type":"Feature","properties":{"id":"3302406014"},"geometry":{"type":"Polygon","coordinates":[[[-5.67093,43.52133],[-5.67199,43.5224],[-5.66892,43.52406],[-5.66817,43.52327],[-5.67026,43.52216],[-5.67017,43.52207],[-5.67093,43.52133]]]}},{"type":"Feature","properties":{"id":"3302406015"},"geometry":{"type":"Polygon","coordinates":[[[-5.66774,43.52468],[-5.66729,43.52373],[-5.66677,43.5232],[-5.66825,43.52242],[-5.669,43.52107],[-5.66939,43.52073],[-5.67009,43.52048],[-5.67093,43.52133],[-5.67017,43.52207],[-5.67026,43.52216],[-5.66817,43.52327],[-5.66892,43.52406],[-5.66774,43.52468]]]}},{"type":"Feature","properties":{"id":"3302406016"},"geometry":{"type":"Polygon","coordinates":[[[-5.67699,43.51662],[-5.67786,43.516],[-5.6787,43.51626],[-5.6804,43.51562],[-5.68245,43.51624],[-5.68657,43.51812],[-5.68537,43.51971],[-5.68179,43.51799],[-5.67699,43.51662]]]}},{"type":"Feature","properties":{"id":"3302406017"},"geometry":{"type":"Polygon","coordinates":[[[-5.68243,43.52039],[-5.68116,43.51985],[-5.67979,43.51946],[-5.67884,43.51956],[-5.67692,43.51995],[-5.67499,43.51775],[-5.67697,43.51662],[-5.68179,43.51799],[-5.68537,43.51971],[-5.68391,43.52169],[-5.68358,43.52167],[-5.68324,43.52146],[-5.68243,43.52039]]]}},{"type":"Feature","properties":{"id":"3302406018"},"geometry":{"type":"Polygon","coordinates":[[[-5.6686,43.52016],[-5.66767,43.51907],[-5.66883,43.51877],[-5.67032,43.51749],[-5.67271,43.51909],[-5.67009,43.52048],[-5.66939,43.52073],[-5.6686,43.52016]]]}},{"type":"Feature","properties":{"id":"3302406019"},"geometry":{"type":"Polygon","coordinates":[[[-5.66767,43.51907],[-5.66702,43.51833],[-5.66677,43.51651],[-5.66746,43.51651],[-5.66901,43.51679],[-5.67083,43.5165],[-5.6725,43.51656],[-5.67474,43.51718],[-5.67493,43.51778],[-5.67271,43.51909],[-5.67032,43.51749],[-5.66883,43.51877],[-5.66767,43.51907]]]}},{"type":"Feature","properties":{"id":"3302406020"},"geometry":{"type":"Polygon","coordinates":[[[-5.67081,43.52009],[-5.67269,43.51909],[-5.67821,43.52258],[-5.67679,43.52377],[-5.67081,43.52009]]]}},{"type":"Feature","properties":{"id":"3302406021"},"geometry":{"type":"Polygon","coordinates":[[[-5.68083,43.52423],[-5.6782,43.52258],[-5.68025,43.52085],[-5.68151,43.52053],[-5.68188,43.52015],[-5.68243,43.52039],[-5.68324,43.52146],[-5.68358,43.52167],[-5.68391,43.52169],[-5.68083,43.52423]]]}},{"type":"Feature","properties":{"id":"3302406022"},"geometry":{"type":"Polygon","coordinates":[[[-5.67269,43.51909],[-5.67499,43.51775],[-5.67692,43.51995],[-5.67884,43.51956],[-5.67979,43.51946],[-5.68116,43.51985],[-5.68188,43.52016],[-5.68151,43.52053],[-5.68025,43.52085],[-5.6782,43.52258],[-5.67269,43.51909]]]}},{"type":"Feature","properties":{"id":"3302406023"},"geometry":{"type":"Polygon","coordinates":[[[-5.67699,43.51662],[-5.67493,43.51778],[-5.67474,43.51718],[-5.6725,43.51656],[-5.67083,43.5165],[-5.66901,43.51679],[-5.66746,43.51651],[-5.66526,43.51653],[-5.66502,43.5165],[-5.66501,43.51641],[-5.66529,43.51618],[-5.66584,43.51605],[-5.66626,43.5158],[-5.66675,43.51578],[-5.66707,43.5156],[-5.6675,43.51528],[-5.6673,43.51486],[-5.67032,43.51447],[-5.67188,43.51314],[-5.68193,43.51322],[-5.684,43.51354],[-5.6857,43.51407],[-5.68656,43.51445],[-5.68736,43.51644],[-5.6873,43.51697],[-5.68657,43.51812],[-5.68245,43.51624],[-5.6804,43.51562],[-5.6787,43.51626],[-5.67786,43.516],[-5.67699,43.51662]]]}},{"type":"Feature","properties":{"id":"3302407001"},"geometry":{"type":"Polygon","coordinates":[[[-5.66581,43.53283],[-5.66595,43.5322],[-5.66933,43.53259],[-5.67015,43.53322],[-5.66911,43.5341],[-5.66772,43.53446],[-5.66581,43.53283]]]}},{"type":"Feature","properties":{"id":"3302407002"},"geometry":{"type":"Polygon","coordinates":[[[-5.6653,43.53507],[-5.66581,43.53283],[-5.66772,43.53446],[-5.6653,43.53507]]]}},{"type":"Feature","properties":{"id":"3302407003"},"geometry":{"type":"Polygon","coordinates":[[[-5.66414,43.53322],[-5.66568,43.53341],[-5.6653,43.53507],[-5.66426,43.53534],[-5.66386,43.53452],[-5.66414,43.53322]]]}},{"type":"Feature","properties":{"id":"3302407004"},"geometry":{"type":"Polygon","coordinates":[[[-5.66308,43.53564],[-5.662,43.53348],[-5.66242,43.53219],[-5.66263,43.53304],[-5.66421,43.53288],[-5.66386,43.53452],[-5.66426,43.53534],[-5.66308,43.53564]]]}},{"type":"Feature","properties":{"id":"3302407005"},"geometry":{"type":"Polygon","coordinates":[[[-5.66049,43.53443],[-5.6595,43.53328],[-5.66056,43.53279],[-5.66069,43.53235],[-5.66106,43.53221],[-5.66124,43.5316],[-5.66254,43.53183],[-5.662,43.53348],[-5.66239,43.53431],[-5.66185,43.53443],[-5.66164,43.53398],[-5.66064,43.53393],[-5.66049,43.53443]]]}},{"type":"Feature","properties":{"id":"3302407006"},"geometry":{"type":"Polygon","coordinates":[[[-5.65896,43.53503],[-5.65982,43.53364],[-5.66049,43.53443],[-5.66044,43.53472],[-5.66062,43.53467],[-5.66132,43.53609],[-5.66015,43.53639],[-5.65985,43.5358],[-5.65997,43.53538],[-5.65936,43.53554],[-5.65896,43.53503]]]}},{"type":"Feature","properties":{"id":"3302407007"},"geometry":{"type":"Polygon","coordinates":[[[-5.66015,43.53639],[-5.65634,43.53589],[-5.65657,43.535],[-5.65841,43.53524],[-5.65896,43.53503],[-5.65936,43.53554],[-5.65997,43.53538],[-5.65985,43.5358],[-5.66015,43.53639]]]}},{"type":"Feature","properties":{"id":"3302407008"},"geometry":{"type":"Polygon","coordinates":[[[-5.65317,43.53552],[-5.65345,43.53455],[-5.65466,43.53472],[-5.65455,43.53516],[-5.65646,43.53542],[-5.65634,43.53589],[-5.65317,43.53552]]]}},{"type":"Feature","properties":{"id":"3302407009"},"geometry":{"type":"Polygon","coordinates":[[[-5.65315,43.53552],[-5.65065,43.53542],[-5.65071,43.53426],[-5.65351,43.53436],[-5.65315,43.53552]]]}},{"type":"Feature","properties":{"id":"3302407010"},"geometry":{"type":"Polygon","coordinates":[[[-5.64658,43.53527],[-5.64671,43.53409],[-5.65071,43.53426],[-5.65065,43.53542],[-5.64658,43.53527]]]}},{"type":"Feature","properties":{"id":"3302407011"},"geometry":{"type":"Polygon","coordinates":[[[-5.65233,43.53433],[-5.64671,43.53409],[-5.64685,43.53253],[-5.65085,43.5327],[-5.6509,43.53209],[-5.6525,43.53216],[-5.65233,43.53433]]]}},{"type":"Feature","properties":{"id":"3302407012"},"geometry":{"type":"Polygon","coordinates":[[[-5.65233,43.53433],[-5.6525,43.53216],[-5.6542,43.53222],[-5.65351,43.53436],[-5.65233,43.53433]]]}},{"type":"Feature","properties":{"id":"3302407013"},"geometry":{"type":"Polygon","coordinates":[[[-5.65345,43.53455],[-5.6541,43.53254],[-5.65519,43.5327],[-5.65466,43.53472],[-5.65345,43.53455]]]}},{"type":"Feature","properties":{"id":"3302407014"},"geometry":{"type":"Polygon","coordinates":[[[-5.65455,43.53516],[-5.65498,43.53352],[-5.65749,43.53384],[-5.65856,43.53519],[-5.65841,43.53524],[-5.65657,43.535],[-5.65646,43.53542],[-5.65455,43.53516]]]}},{"type":"Feature","properties":{"id":"3302407015"},"geometry":{"type":"Polygon","coordinates":[[[-5.65856,43.53519],[-5.65656,43.53265],[-5.65872,43.53234],[-5.65982,43.53364],[-5.65896,43.53503],[-5.65856,43.53519]]]}},{"type":"Feature","properties":{"id":"3302407016"},"geometry":{"type":"Polygon","coordinates":[[[-5.65874,43.53237],[-5.65926,43.53215],[-5.65893,43.53169],[-5.66054,43.53151],[-5.66124,43.5316],[-5.66106,43.53221],[-5.66069,43.53235],[-5.66056,43.53279],[-5.6595,43.53328],[-5.65874,43.53237]]]}},{"type":"Feature","properties":{"id":"3302407017"},"geometry":{"type":"Polygon","coordinates":[[[-5.66242,43.53219],[-5.66254,43.53183],[-5.66124,43.5316],[-5.66159,43.53044],[-5.66381,43.53077],[-5.66331,43.53298],[-5.66263,43.53304],[-5.66242,43.53219]]]}},{"type":"Feature","properties":{"id":"3302407018"},"geometry":{"type":"Polygon","coordinates":[[[-5.66414,43.53322],[-5.66421,43.53288],[-5.66331,43.53298],[-5.66355,43.53192],[-5.66439,43.53202],[-5.66464,43.53086],[-5.66622,43.53106],[-5.66568,43.53341],[-5.66414,43.53322]]]}},{"type":"Feature","properties":{"id":"3302407019"},"geometry":{"type":"Polygon","coordinates":[[[-5.66595,43.5322],[-5.66622,43.53106],[-5.6672,43.53118],[-5.66745,43.53012],[-5.66852,43.53024],[-5.66805,43.53244],[-5.66595,43.5322]]]}},{"type":"Feature","properties":{"id":"3302407020"},"geometry":{"type":"Polygon","coordinates":[[[-5.66805,43.53244],[-5.66829,43.53131],[-5.67051,43.53159],[-5.67164,43.53066],[-5.67251,43.53122],[-5.67015,43.53322],[-5.66933,43.53259],[-5.66805,43.53244]]]}},{"type":"Feature","properties":{"id":"3302407021"},"geometry":{"type":"Polygon","coordinates":[[[-5.66953,43.53146],[-5.66928,43.53032],[-5.67164,43.53066],[-5.67051,43.53159],[-5.66953,43.53146]]]}},{"type":"Feature","properties":{"id":"3302407022"},"geometry":{"type":"Polygon","coordinates":[[[-5.66829,43.53131],[-5.66852,43.53024],[-5.66814,43.5302],[-5.66833,43.52934],[-5.66997,43.52954],[-5.66976,43.53038],[-5.66928,43.53032],[-5.66953,43.53146],[-5.66829,43.53131]]]}},{"type":"Feature","properties":{"id":"3302407023"},"geometry":{"type":"Polygon","coordinates":[[[-5.6672,43.53118],[-5.66492,43.53089],[-5.66522,43.52983],[-5.66648,43.52997],[-5.66661,43.52944],[-5.66826,43.52963],[-5.66814,43.5302],[-5.66745,43.53012],[-5.6672,43.53118]]]}},{"type":"Feature","properties":{"id":"3302407024"},"geometry":{"type":"Polygon","coordinates":[[[-5.66355,43.53192],[-5.66381,43.53077],[-5.66286,43.53066],[-5.66321,43.5296],[-5.66522,43.52983],[-5.66492,43.53089],[-5.66464,43.53086],[-5.66439,43.53202],[-5.66355,43.53192]]]}},{"type":"Feature","properties":{"id":"3302407025"},"geometry":{"type":"Polygon","coordinates":[[[-5.66286,43.53066],[-5.66058,43.53027],[-5.66066,43.53],[-5.65961,43.53006],[-5.65954,43.52957],[-5.65996,43.52922],[-5.66043,43.52916],[-5.66321,43.5296],[-5.66286,43.53066]]]}},{"type":"Feature","properties":{"id":"3302407026"},"geometry":{"type":"Polygon","coordinates":[[[-5.65872,43.5309],[-5.65862,43.52991],[-5.65728,43.52998],[-5.65648,43.53011],[-5.65481,43.53007],[-5.65496,43.52843],[-5.6556,43.5252],[-5.65622,43.52395],[-5.65633,43.52306],[-5.65666,43.52231],[-5.65789,43.52123],[-5.65808,43.52132],[-5.65916,43.52281],[-5.65934,43.52371],[-5.65988,43.52359],[-5.6614,43.52446],[-5.66185,43.52526],[-5.66333,43.52538],[-5.66257,43.52722],[-5.66141,43.52705],[-5.66124,43.52762],[-5.66054,43.52749],[-5.66002,43.52917],[-5.65954,43.52957],[-5.65961,43.53006],[-5.66066,43.53],[-5.6603,43.5312],[-5.65789,43.53135],[-5.6576,43.531],[-5.65872,43.5309]]]}},{"type":"Feature","properties":{"id":"3302407027"},"geometry":{"type":"Polygon","coordinates":[[[-5.65259,43.53104],[-5.65263,43.53046],[-5.65477,43.53055],[-5.65481,43.53007],[-5.65648,43.53011],[-5.65728,43.52998],[-5.65862,43.52991],[-5.65868,43.5305],[-5.65724,43.53062],[-5.6559,43.53089],[-5.65571,43.53069],[-5.65503,43.53073],[-5.65537,43.53116],[-5.65259,43.53104]]]}},{"type":"Feature","properties":{"id":"3302407028"},"geometry":{"type":"Polygon","coordinates":[[[-5.65539,43.53273],[-5.65623,43.53224],[-5.6556,43.53144],[-5.65876,43.53129],[-5.65926,43.53215],[-5.65874,43.53237],[-5.65656,43.53265],[-5.65677,43.53292],[-5.65539,43.53273]]]}},{"type":"Feature","properties":{"id":"3302407029"},"geometry":{"type":"Polygon","coordinates":[[[-5.65498,43.53352],[-5.65519,43.5327],[-5.65677,43.53292],[-5.65749,43.53384],[-5.65498,43.53352]]]}},{"type":"Feature","properties":{"id":"3302407030"},"geometry":{"type":"Polygon","coordinates":[[[-5.65539,43.53273],[-5.6541,43.53254],[-5.6542,43.53222],[-5.6525,43.53216],[-5.65259,43.53104],[-5.65537,43.53116],[-5.65623,43.53224],[-5.65539,43.53273]]]}},{"type":"Feature","properties":{"id":"3302407031"},"geometry":{"type":"Polygon","coordinates":[[[-5.6509,43.53209],[-5.65108,43.52982],[-5.65241,43.52881],[-5.6528,43.52914],[-5.6525,43.53216],[-5.6509,43.53209]]]}},{"type":"Feature","properties":{"id":"3302407032"},"geometry":{"type":"Polygon","coordinates":[[[-5.64863,43.532],[-5.64868,43.53145],[-5.64973,43.53149],[-5.64986,43.5301],[-5.65108,43.52982],[-5.6509,43.53209],[-5.64863,43.532]]]}},{"type":"Feature","properties":{"id":"3302407033"},"geometry":{"type":"Polygon","coordinates":[[[-5.64685,43.53253],[-5.6469,43.53192],[-5.6509,43.53209],[-5.65085,43.5327],[-5.64685,43.53253]]]}},{"type":"Feature","properties":{"id":"3302407034"},"geometry":{"type":"Polygon","coordinates":[[[-5.6469,43.53192],[-5.64702,43.53119],[-5.64819,43.5308],[-5.64884,43.53034],[-5.64986,43.5301],[-5.64973,43.53149],[-5.64868,43.53145],[-5.64863,43.532],[-5.6469,43.53192]]]}},{"type":"Feature","properties":{"id":"3302407035"},"geometry":{"type":"Polygon","coordinates":[[[-5.65263,43.53046],[-5.6528,43.52914],[-5.65241,43.52881],[-5.65203,43.52827],[-5.65129,43.52775],[-5.65405,43.5258],[-5.6546,43.52571],[-5.65476,43.52581],[-5.6556,43.5252],[-5.65496,43.52843],[-5.65477,43.53055],[-5.65263,43.53046]]]}},{"type":"Feature","properties":{"id":"3302407036"},"geometry":{"type":"Polygon","coordinates":[[[-5.66648,43.52997],[-5.66191,43.52938],[-5.66253,43.52736],[-5.66379,43.52756],[-5.66347,43.52863],[-5.66483,43.5288],[-5.66473,43.52922],[-5.66661,43.52944],[-5.66648,43.52997]]]}},{"type":"Feature","properties":{"id":"3302407037"},"geometry":{"type":"Polygon","coordinates":[[[-5.66826,43.52963],[-5.66473,43.52922],[-5.66483,43.5288],[-5.66671,43.52902],[-5.66676,43.52879],[-5.66841,43.529],[-5.66826,43.52963]]]}},{"type":"Feature","properties":{"id":"3302407038"},"geometry":{"type":"Polygon","coordinates":[[[-5.66676,43.52879],[-5.66721,43.52685],[-5.66888,43.52705],[-5.66841,43.529],[-5.66676,43.52879]]]}},{"type":"Feature","properties":{"id":"3302407039"},"geometry":{"type":"Polygon","coordinates":[[[-5.66671,43.52902],[-5.66347,43.52863],[-5.66372,43.52779],[-5.66691,43.52815],[-5.66671,43.52902]]]}},{"type":"Feature","properties":{"id":"3302407040"},"geometry":{"type":"Polygon","coordinates":[[[-5.66503,43.52793],[-5.66532,43.52664],[-5.66721,43.52685],[-5.66691,43.52815],[-5.66503,43.52793]]]}},{"type":"Feature","properties":{"id":"3302407041"},"geometry":{"type":"Polygon","coordinates":[[[-5.66372,43.52779],[-5.66379,43.52756],[-5.66253,43.52736],[-5.66333,43.52538],[-5.66553,43.52565],[-5.66503,43.52793],[-5.66372,43.52779]]]}},{"type":"Feature","properties":{"id":"3302407042"},"geometry":{"type":"Polygon","coordinates":[[[-5.66333,43.52538],[-5.6636,43.52498],[-5.66416,43.52334],[-5.66411,43.52279],[-5.66468,43.52273],[-5.6658,43.52223],[-5.66729,43.52373],[-5.66761,43.52441],[-5.66473,43.52512],[-5.66413,43.52547],[-5.66333,43.52538]]]}},{"type":"Feature","properties":{"id":"3302407043"},"geometry":{"type":"Polygon","coordinates":[[[-5.65633,43.52306],[-5.65636,43.52153],[-5.65619,43.52136],[-5.65397,43.52098],[-5.65308,43.52073],[-5.65111,43.52089],[-5.65041,43.52109],[-5.65015,43.52106],[-5.64961,43.52069],[-5.65172,43.52011],[-5.65317,43.51942],[-5.65432,43.51854],[-5.65614,43.51652],[-5.65775,43.51553],[-5.65886,43.51511],[-5.65888,43.51561],[-5.66081,43.51575],[-5.66292,43.51696],[-5.66304,43.51721],[-5.66289,43.51879],[-5.66375,43.52014],[-5.66418,43.52058],[-5.66547,43.52027],[-5.66578,43.52118],[-5.66451,43.52178],[-5.66384,43.52194],[-5.66416,43.52334],[-5.6636,43.52498],[-5.66333,43.52538],[-5.66185,43.52526],[-5.6614,43.52446],[-5.65988,43.52359],[-5.65934,43.52371],[-5.65916,43.52281],[-5.65808,43.52132],[-5.65789,43.52123],[-5.65666,43.52231],[-5.65633,43.52306]]]}},{"type":"Feature","properties":{"id":"3302407044"},"geometry":{"type":"Polygon","coordinates":[[[-5.66411,43.52279],[-5.66384,43.52194],[-5.66451,43.52178],[-5.66578,43.52118],[-5.66756,43.52063],[-5.6686,43.52016],[-5.66939,43.52073],[-5.66876,43.52137],[-5.66825,43.52242],[-5.66677,43.5232],[-5.6658,43.52223],[-5.66468,43.52273],[-5.66411,43.52279]]]}},{"type":"Feature","properties":{"id":"3302407045"},"geometry":{"type":"Polygon","coordinates":[[[-5.66578,43.52118],[-5.66503,43.51892],[-5.6671,43.51842],[-5.6686,43.52016],[-5.66756,43.52063],[-5.66578,43.52118]]]}},{"type":"Feature","properties":{"id":"3302407046"},"geometry":{"type":"Polygon","coordinates":[[[-5.65886,43.51511],[-5.65982,43.51485],[-5.66802,43.51341],[-5.67003,43.51319],[-5.67188,43.51314],[-5.67032,43.51447],[-5.6673,43.51486],[-5.6675,43.51528],[-5.66707,43.5156],[-5.66675,43.51578],[-5.66626,43.5158],[-5.66508,43.51632],[-5.66502,43.5165],[-5.66677,43.51651],[-5.6671,43.51842],[-5.66503,43.51892],[-5.66547,43.52027],[-5.66418,43.52058],[-5.66375,43.52014],[-5.66289,43.51879],[-5.66304,43.51721],[-5.66292,43.51696],[-5.66081,43.51575],[-5.65888,43.51561],[-5.65886,43.51511]]]}},{"type":"Feature","properties":{"id":"3302407047"},"geometry":{"type":"Polygon","coordinates":[[[-5.66044,43.53472],[-5.66064,43.53393],[-5.66164,43.53398],[-5.66185,43.53443],[-5.66243,43.5343],[-5.66308,43.53564],[-5.66132,43.53609],[-5.66062,43.53467],[-5.66044,43.53472]]]}},{"type":"Feature","properties":{"id":"3302407048"},"geometry":{"type":"Polygon","coordinates":[[[-5.65876,43.53129],[-5.6603,43.5312],[-5.66058,43.53027],[-5.66159,43.53044],[-5.66124,43.5316],[-5.66054,43.53151],[-5.65893,43.53169],[-5.65876,43.53129]]]}},{"type":"Feature","properties":{"id":"3302407049"},"geometry":{"type":"Polygon","coordinates":[[[-5.65996,43.52922],[-5.66054,43.52749],[-5.66124,43.52762],[-5.66141,43.52705],[-5.66257,43.52722],[-5.66191,43.52938],[-5.66043,43.52916],[-5.65996,43.52922]]]}},{"type":"Feature","properties":{"id":"3302407050"},"geometry":{"type":"Polygon","coordinates":[[[-5.6556,43.53144],[-5.65503,43.53073],[-5.65571,43.53069],[-5.6559,43.53089],[-5.65724,43.53062],[-5.65868,43.5305],[-5.65872,43.5309],[-5.6576,43.531],[-5.65789,43.53135],[-5.6556,43.53144]]]}},{"type":"Feature","properties":{"id":"3302407051"},"geometry":{"type":"Polygon","coordinates":[[[-5.66798,43.52694],[-5.66532,43.52664],[-5.66553,43.52565],[-5.66413,43.52547],[-5.66473,43.52512],[-5.66761,43.52441],[-5.66832,43.52598],[-5.66818,43.52596],[-5.66798,43.52694]]]}},{"type":"Feature","properties":{"id":"3302408001"},"geometry":{"type":"Polygon","coordinates":[[[-5.67198,43.53866],[-5.67387,43.53736],[-5.67334,43.53674],[-5.68137,43.53319],[-5.67915,43.53543],[-5.6735,43.53938],[-5.67256,43.53976],[-5.67198,43.53866]]]}},{"type":"Feature","properties":{"id":"3302408002"},"geometry":{"type":"Polygon","coordinates":[[[-5.66982,43.53841],[-5.67339,43.53681],[-5.67387,43.53736],[-5.67097,43.53937],[-5.67023,43.5389],[-5.66982,43.53841]]]}},{"type":"Feature","properties":{"id":"3302408003"},"geometry":{"type":"Polygon","coordinates":[[[-5.66751,43.53945],[-5.66982,43.53841],[-5.67023,43.5389],[-5.67097,43.53937],[-5.67198,43.53866],[-5.67256,43.53976],[-5.67171,43.53991],[-5.66779,43.54018],[-5.66751,43.53945]]]}},{"type":"Feature","properties":{"id":"3302408004"},"geometry":{"type":"Polygon","coordinates":[[[-5.66748,43.53811],[-5.66764,43.53785],[-5.66682,43.53751],[-5.66752,43.53657],[-5.66824,43.53702],[-5.66843,43.53675],[-5.67123,43.53778],[-5.66912,43.53873],[-5.66748,43.53811]]]}},{"type":"Feature","properties":{"id":"3302408005"},"geometry":{"type":"Polygon","coordinates":[[[-5.67003,43.53734],[-5.67038,43.53684],[-5.67052,43.53689],[-5.6712,43.5359],[-5.6722,43.53549],[-5.67339,43.53681],[-5.67123,43.53778],[-5.67003,43.53734]]]}},{"type":"Feature","properties":{"id":"3302408006"},"geometry":{"type":"Polygon","coordinates":[[[-5.66843,43.53675],[-5.6695,43.53526],[-5.67004,43.53546],[-5.67064,43.53465],[-5.67141,43.53459],[-5.6722,43.53549],[-5.6712,43.5359],[-5.67052,43.53689],[-5.67038,43.53684],[-5.67003,43.53734],[-5.66843,43.53675]]]}},{"type":"Feature","properties":{"id":"3302408007"},"geometry":{"type":"Polygon","coordinates":[[[-5.66824,43.53702],[-5.66676,43.53609],[-5.6677,43.53529],[-5.66901,43.53595],[-5.66824,43.53702]]]}},{"type":"Feature","properties":{"id":"3302408008"},"geometry":{"type":"Polygon","coordinates":[[[-5.6677,43.53529],[-5.66906,43.53414],[-5.66991,43.53467],[-5.66901,43.53595],[-5.6677,43.53529]]]}},{"type":"Feature","properties":{"id":"3302408009"},"geometry":{"type":"Polygon","coordinates":[[[-5.6695,43.53526],[-5.66991,43.53467],[-5.67062,43.53369],[-5.67141,43.53459],[-5.67064,43.53465],[-5.67004,43.53546],[-5.6695,43.53526]]]}},{"type":"Feature","properties":{"id":"3302408010"},"geometry":{"type":"Polygon","coordinates":[[[-5.66991,43.53467],[-5.66911,43.5341],[-5.67146,43.5321],[-5.67165,43.53226],[-5.66991,43.53467]]]}},{"type":"Feature","properties":{"id":"3302408011"},"geometry":{"type":"Polygon","coordinates":[[[-5.67334,43.53674],[-5.67062,43.53369],[-5.67165,43.53226],[-5.67334,43.53335],[-5.67325,43.53344],[-5.67532,43.53587],[-5.67334,43.53674]]]}},{"type":"Feature","properties":{"id":"3302408012"},"geometry":{"type":"Polygon","coordinates":[[[-5.67447,43.53489],[-5.67639,43.53404],[-5.67721,43.535],[-5.67532,43.53587],[-5.67447,43.53489]]]}},{"type":"Feature","properties":{"id":"3302408013"},"geometry":{"type":"Polygon","coordinates":[[[-5.67639,43.53404],[-5.67828,43.5332],[-5.67762,43.53239],[-5.67782,43.5323],[-5.67676,43.53104],[-5.67825,43.52979],[-5.68192,43.53272],[-5.6814,43.53317],[-5.67721,43.535],[-5.67639,43.53404]]]}},{"type":"Feature","properties":{"id":"3302408014"},"geometry":{"type":"Polygon","coordinates":[[[-5.67371,43.53399],[-5.67564,43.53314],[-5.67639,43.53404],[-5.67447,43.53489],[-5.67371,43.53399]]]}},{"type":"Feature","properties":{"id":"3302408015"},"geometry":{"type":"Polygon","coordinates":[[[-5.67334,43.53335],[-5.67146,43.5321],[-5.67294,43.53085],[-5.67527,43.53231],[-5.67533,43.53249],[-5.67584,43.53305],[-5.67371,43.53399],[-5.67325,43.53344],[-5.67334,43.53335]]]}},{"type":"Feature","properties":{"id":"3302408016"},"geometry":{"type":"Polygon","coordinates":[[[-5.67294,43.53085],[-5.6755,43.52866],[-5.67606,43.52832],[-5.67825,43.52979],[-5.67527,43.53231],[-5.67294,43.53085]]]}},{"type":"Feature","properties":{"id":"3302408017"},"geometry":{"type":"Polygon","coordinates":[[[-5.67825,43.52979],[-5.67606,43.52832],[-5.67812,43.52658],[-5.67973,43.52763],[-5.679,43.52822],[-5.68015,43.52896],[-5.67957,43.52948],[-5.68027,43.52986],[-5.68076,43.53035],[-5.67978,43.531],[-5.67825,43.52979]]]}},{"type":"Feature","properties":{"id":"3302408018"},"geometry":{"type":"Polygon","coordinates":[[[-5.68041,43.52808],[-5.67812,43.52658],[-5.67948,43.52547],[-5.6811,43.52649],[-5.68132,43.52654],[-5.68179,43.52645],[-5.68237,43.52596],[-5.68422,43.52709],[-5.68365,43.52788],[-5.68347,43.52795],[-5.68232,43.52728],[-5.68041,43.52808]]]}},{"type":"Feature","properties":{"id":"3302408019"},"geometry":{"type":"Polygon","coordinates":[[[-5.68119,43.52652],[-5.67939,43.52541],[-5.68075,43.52425],[-5.68095,43.52418],[-5.6848,43.52658],[-5.68422,43.5271],[-5.68237,43.52596],[-5.68168,43.5265],[-5.68119,43.52652]]]}},{"type":"Feature","properties":{"id":"3302408020"},"geometry":{"type":"Polygon","coordinates":[[[-5.68584,43.52724],[-5.68095,43.52418],[-5.68405,43.52157],[-5.6871,43.51736],[-5.68735,43.51678],[-5.68736,43.51644],[-5.68656,43.51445],[-5.69396,43.51789],[-5.6958,43.51855],[-5.6972,43.51887],[-5.69941,43.5191],[-5.70098,43.51911],[-5.70324,43.51892],[-5.70567,43.5185],[-5.70785,43.51839],[-5.70785,43.51857],[-5.70619,43.51863],[-5.7048,43.51884],[-5.69991,43.51979],[-5.69888,43.52007],[-5.69705,43.52083],[-5.69469,43.52238],[-5.69175,43.52507],[-5.68815,43.52763],[-5.68584,43.52724]]]}},{"type":"Feature","properties":{"id":"3302408021"},"geometry":{"type":"Polygon","coordinates":[[[-5.67564,43.53314],[-5.67584,43.53305],[-5.67523,43.53235],[-5.67676,43.53104],[-5.67782,43.5323],[-5.67762,43.53239],[-5.67828,43.5332],[-5.67639,43.53404],[-5.67564,43.53314]]]}},{"type":"Feature","properties":{"id":"3302408022"},"geometry":{"type":"Polygon","coordinates":[[[-5.67973,43.52763],[-5.68041,43.52808],[-5.68232,43.52728],[-5.68342,43.52792],[-5.68345,43.52802],[-5.68204,43.52915],[-5.68132,43.52875],[-5.68014,43.52978],[-5.67957,43.52948],[-5.68015,43.52896],[-5.679,43.52822],[-5.67973,43.52763]]]}},{"type":"Feature","properties":{"id":"3302408023"},"geometry":{"type":"Polygon","coordinates":[[[-5.67978,43.531],[-5.68076,43.53035],[-5.68012,43.52977],[-5.68132,43.52875],[-5.68204,43.52915],[-5.68345,43.52802],[-5.68342,43.52792],[-5.68365,43.52788],[-5.68422,43.5271],[-5.6848,43.52658],[-5.68584,43.52724],[-5.68815,43.52763],[-5.68192,43.53272],[-5.67978,43.531]]]}},{"type":"Feature","properties":{"id":"3302409001"},"geometry":{"type":"Polygon","coordinates":[[[-5.60265,43.53004],[-5.60386,43.529],[-5.6046,43.5287],[-5.60576,43.52861],[-5.60731,43.52895],[-5.60756,43.52876],[-5.60817,43.52792],[-5.60848,43.5281],[-5.60858,43.52803],[-5.60828,43.52749],[-5.60912,43.52755],[-5.60931,43.52749],[-5.60928,43.52705],[-5.60961,43.52628],[-5.6121,43.5267],[-5.6124,43.52617],[-5.61294,43.52615],[-5.61372,43.52626],[-5.61399,43.52563],[-5.61462,43.52524],[-5.61591,43.52539],[-5.61596,43.52491],[-5.61666,43.52502],[-5.6177,43.52436],[-5.61846,43.52455],[-5.61955,43.52406],[-5.62059,43.5239],[-5.62084,43.5236],[-5.6214,43.52366],[-5.62229,43.52406],[-5.62254,43.52399],[-5.62361,43.52449],[-5.62402,43.52411],[-5.62549,43.52369],[-5.62633,43.52404],[-5.62659,43.52371],[-5.62672,43.52304],[-5.62789,43.52242],[-5.6283,43.52244],[-5.62852,43.52217],[-5.62872,43.52184],[-5.6291,43.52031],[-5.62959,43.52042],[-5.63191,43.5205],[-5.63234,43.52074],[-5.63249,43.52111],[-5.63221,43.52153],[-5.63202,43.52245],[-5.63162,43.52283],[-5.63163,43.52326],[-5.63248,43.52387],[-5.63311,43.52409],[-5.63293,43.5248],[-5.63326,43.52538],[-5.63284,43.52614],[-5.63299,43.52668],[-5.63396,43.52746],[-5.6348,43.5285],[-5.63427,43.53226],[-5.63436,43.53289],[-5.6347,43.53362],[-5.6344,43.53535],[-5.63342,43.53532],[-5.6304,43.53478],[-5.62769,43.53545],[-5.62718,43.53568],[-5.627,43.53471],[-5.62657,43.53431],[-5.62594,43.53374],[-5.62576,43.5338],[-5.62509,43.53373],[-5.62501,43.53345],[-5.62525,43.53268],[-5.62506,43.53211],[-5.62335,43.53195],[-5.62307,43.532],[-5.62272,43.53241],[-5.62208,43.53268],[-5.62115,43.53288],[-5.6209,43.53309],[-5.62008,43.53278],[-5.61944,43.53274],[-5.61766,43.53211],[-5.61708,43.53207],[-5.61683,43.53188],[-5.616,43.53168],[-5.61477,43.53113],[-5.61456,43.53139],[-5.6137,43.53193],[-5.61329,43.53155],[-5.61247,43.53157],[-5.61175,43.5314],[-5.61079,43.53142],[-5.60799,43.53088],[-5.6069,43.53101],[-5.60659,43.53072],[-5.60628,43.53016],[-5.60603,43.53084],[-5.60433,43.53194],[-5.60419,43.53192],[-5.60438,43.53111],[-5.6038,43.53031],[-5.60265,43.53004]]]}},{"type":"Feature","properties":{"id":"3302409002"},"geometry":{"type":"Polygon","coordinates":[[[-5.63932,43.54815],[-5.63914,43.54798],[-5.6357,43.54611],[-5.63594,43.54524],[-5.63573,43.54392],[-5.63501,43.54401],[-5.63473,43.54346],[-5.63451,43.5433],[-5.63463,43.54296],[-5.63498,43.5427],[-5.63462,43.542],[-5.63345,43.54201],[-5.63251,43.54173],[-5.63036,43.54102],[-5.62893,43.5402],[-5.62778,43.53988],[-5.62785,43.53937],[-5.62779,43.53918],[-5.62753,43.53905],[-5.62767,43.53698],[-5.62716,43.53599],[-5.62718,43.53568],[-5.62769,43.53545],[-5.6304,43.53478],[-5.63342,43.53532],[-5.6344,43.53535],[-5.63468,43.53605],[-5.63524,43.53657],[-5.64029,43.5384],[-5.64428,43.54072],[-5.6451,43.54115],[-5.64607,43.54139],[-5.64646,43.54158],[-5.64671,43.54182],[-5.6469,43.5422],[-5.64708,43.54384],[-5.64689,43.54401],[-5.645,43.5443],[-5.64339,43.54494],[-5.64294,43.54555],[-5.64298,43.54587],[-5.64342,43.54637],[-5.64348,43.54669],[-5.64337,43.54777],[-5.643,43.54812],[-5.64276,43.54808],[-5.64237,43.54783],[-5.64206,43.54789],[-5.64197,43.54797],[-5.64192,43.54851],[-5.64148,43.54869],[-5.64075,43.54865],[-5.63997,43.54837],[-5.63972,43.54818],[-5.63932,43.54815]]]}},{"type":"Feature","properties":{"id":"3302409003"},"geometry":{"type":"Polygon","coordinates":[[[-5.58696,43.54125],[-5.58924,43.54118],[-5.58929,43.54093],[-5.58958,43.54077],[-5.59036,43.5406],[-5.59063,43.54045],[-5.59106,43.54004],[-5.59111,43.53946],[-5.59125,43.53932],[-5.59218,43.539],[-5.59305,43.53886],[-5.59329,43.53858],[-5.59336,43.53798],[-5.59383,43.53732],[-5.59386,43.53706],[-5.59539,43.53643],[-5.59708,43.53541],[-5.59677,43.53475],[-5.59675,43.53446],[-5.59691,43.53444],[-5.59676,43.534],[-5.59718,43.53397],[-5.59653,43.53373],[-5.59701,43.53317],[-5.59819,43.53238],[-5.59788,43.53207],[-5.59781,43.53185],[-5.59915,43.53215],[-5.59893,43.53191],[-5.59935,43.53167],[-5.59976,43.5316],[-5.59975,43.5312],[-5.6012,43.53088],[-5.60133,43.53036],[-5.60263,43.53003],[-5.6038,43.53031],[-5.60438,43.53111],[-5.60419,43.53192],[-5.60433,43.53194],[-5.60603,43.53084],[-5.60628,43.53016],[-5.60659,43.53072],[-5.6069,43.53101],[-5.60799,43.53088],[-5.61079,43.53142],[-5.61175,43.5314],[-5.61247,43.53157],[-5.61329,43.53155],[-5.6137,43.53193],[-5.61456,43.53139],[-5.61477,43.53113],[-5.616,43.53168],[-5.61683,43.53188],[-5.61708,43.53207],[-5.61766,43.53211],[-5.61944,43.53274],[-5.62008,43.53278],[-5.6209,43.53309],[-5.62115,43.53288],[-5.62208,43.53268],[-5.62272,43.53241],[-5.62307,43.532],[-5.62335,43.53195],[-5.62506,43.53211],[-5.62525,43.53268],[-5.62501,43.53345],[-5.62509,43.53373],[-5.62576,43.5338],[-5.62594,43.53374],[-5.627,43.53471],[-5.62708,43.53494],[-5.62716,43.53599],[-5.62767,43.53698],[-5.62753,43.53905],[-5.62779,43.53918],[-5.62785,43.53937],[-5.62778,43.53988],[-5.62832,43.54008],[-5.62853,43.54056],[-5.62833,43.5412],[-5.62827,43.54239],[-5.62868,43.54327],[-5.62858,43.54365],[-5.62866,43.54414],[-5.62735,43.54499],[-5.62724,43.54522],[-5.62662,43.54556],[-5.62444,43.5452],[-5.62342,43.54514],[-5.62269,43.54531],[-5.62227,43.54572],[-5.62188,43.54491],[-5.62235,43.54357],[-5.62247,43.54275],[-5.62291,43.54187],[-5.62298,43.54146],[-5.62238,43.54057],[-5.62148,43.54032],[-5.62,43.54036],[-5.61975,43.54042],[-5.61936,43.54091],[-5.61919,43.54136],[-5.6185,43.54166],[-5.6175,43.54169],[-5.616,43.54125],[-5.61405,43.54098],[-5.61378,43.54039],[-5.61373,43.5396],[-5.61331,43.53979],[-5.61214,43.54143],[-5.61126,43.54184],[-5.60863,43.54232],[-5.60901,43.54288],[-5.60833,43.54294],[-5.60775,43.54319],[-5.60761,43.54336],[-5.6077,43.5436],[-5.60637,43.54412],[-5.60609,43.54415],[-5.60585,43.54459],[-5.60409,43.54518],[-5.60355,43.54546],[-5.60256,43.54657],[-5.60226,43.54635],[-5.60207,43.54575],[-5.60152,43.54643],[-5.60046,43.54677],[-5.59947,43.54726],[-5.59921,43.54757],[-5.59915,43.54817],[-5.59907,43.54789],[-5.59883,43.54779],[-5.59856,43.54782],[-5.59845,43.54768],[-5.59762,43.5477],[-5.59757,43.54776],[-5.5974,43.54766],[-5.5966,43.54759],[-5.59643,43.54771],[-5.59576,43.54775],[-5.59535,43.54802],[-5.59373,43.54849],[-5.5938,43.54893],[-5.59159,43.54805],[-5.59107,43.5484],[-5.59031,43.54724],[-5.59011,43.54647],[-5.58956,43.54587],[-5.58955,43.54559],[-5.59017,43.54491],[-5.5902,43.54464],[-5.58927,43.54428],[-5.58916,43.54388],[-5.58893,43.54369],[-5.58886,43.54333],[-5.58792,43.54298],[-5.58791,43.54215],[-5.58725,43.54182],[-5.58696,43.54125]]]}},{"type":"Feature","properties":{"id":"3302409004"},"geometry":{"type":"Polygon","coordinates":[[[-5.5846,43.53912],[-5.58433,43.53892],[-5.58394,43.53836],[-5.5828,43.53826],[-5.58261,43.53815],[-5.58261,43.53797],[-5.58398,43.53715],[-5.58522,43.53669],[-5.58581,43.53621],[-5.58683,43.53565],[-5.58726,43.53525],[-5.58739,43.53495],[-5.58733,43.53477],[-5.58678,43.53446],[-5.58664,43.53421],[-5.58715,43.5333],[-5.58713,43.53306],[-5.58704,43.53294],[-5.58632,43.53282],[-5.58599,43.53262],[-5.58605,43.532],[-5.5858,43.53168],[-5.58533,43.5313],[-5.58356,43.53064],[-5.58157,43.53012],[-5.58137,43.52983],[-5.58142,43.52945],[-5.58129,43.52913],[-5.58078,43.52849],[-5.58094,43.5277],[-5.5814,43.52663],[-5.58164,43.52645],[-5.58198,43.52642],[-5.5822,43.5263],[-5.58229,43.52594],[-5.58161,43.52506],[-5.58144,43.52444],[-5.58152,43.52408],[-5.58134,43.52391],[-5.5813,43.52354],[-5.58179,43.52336],[-5.58148,43.52286],[-5.58192,43.52238],[-5.58195,43.52206],[-5.58223,43.52183],[-5.58209,43.52153],[-5.58208,43.52077],[-5.58188,43.51991],[-5.58151,43.51963],[-5.5814,43.51919],[-5.58086,43.51855],[-5.5805,43.51844],[-5.58045,43.51832],[-5.58073,43.5183],[-5.58099,43.51807],[-5.58132,43.51799],[-5.58207,43.51716],[-5.58151,43.51689],[-5.58136,43.51661],[-5.58139,43.51654],[-5.58168,43.5166],[-5.58184,43.51655],[-5.58213,43.51625],[-5.58196,43.51599],[-5.58142,43.51557],[-5.58161,43.51501],[-5.58229,43.51492],[-5.58354,43.51453],[-5.58442,43.51392],[-5.58515,43.51307],[-5.58593,43.51264],[-5.58682,43.5124],[-5.58757,43.51206],[-5.58872,43.51114],[-5.58925,43.51102],[-5.58987,43.5111],[-5.5908,43.51101],[-5.59146,43.51117],[-5.592,43.51145],[-5.59247,43.5113],[-5.5932,43.51135],[-5.59479,43.5105],[-5.59503,43.51057],[-5.59493,43.51091],[-5.59455,43.5114],[-5.59469,43.51165],[-5.59577,43.51148],[-5.59723,43.51109],[-5.59807,43.51182],[-5.59887,43.51195],[-5.60015,43.51279],[-5.60044,43.51286],[-5.60156,43.51349],[-5.6023,43.51352],[-5.60322,43.51334],[-5.60364,43.51319],[-5.60343,43.51175],[-5.60503,43.51246],[-5.60569,43.51218],[-5.60698,43.51139],[-5.60674,43.51092],[-5.60734,43.51066],[-5.60727,43.51034],[-5.60796,43.51064],[-5.60867,43.51038],[-5.60928,43.51027],[-5.60985,43.5108],[-5.61041,43.51088],[-5.61077,43.51079],[-5.61177,43.51028],[-5.61317,43.51012],[-5.61366,43.51047],[-5.61413,43.50953],[-5.61524,43.50855],[-5.61605,43.50745],[-5.61614,43.50774],[-5.61719,43.50831],[-5.61815,43.50869],[-5.6174,43.50919],[-5.61747,43.50979],[-5.61802,43.50971],[-5.61809,43.51012],[-5.61822,43.51021],[-5.61978,43.51046],[-5.61991,43.51057],[-5.61993,43.51115],[-5.62071,43.51111],[-5.6217,43.51311],[-5.62236,43.51386],[-5.62261,43.5146],[-5.62272,43.51595],[-5.62234,43.51701],[-5.6235,43.51723],[-5.62538,43.51789],[-5.62435,43.51802],[-5.62434,43.51862],[-5.62453,43.51923],[-5.62547,43.51956],[-5.62567,43.51961],[-5.62598,43.51953],[-5.6263,43.51968],[-5.62623,43.51983],[-5.62649,43.52042],[-5.62694,43.52067],[-5.62732,43.52075],[-5.62824,43.52054],[-5.62863,43.52029],[-5.6291,43.52031],[-5.62872,43.52184],[-5.6283,43.52244],[-5.62789,43.52242],[-5.62672,43.52304],[-5.62659,43.52371],[-5.62633,43.52404],[-5.62549,43.52369],[-5.62402,43.52411],[-5.62361,43.52449],[-5.62254,43.52399],[-5.62229,43.52406],[-5.6214,43.52366],[-5.62084,43.5236],[-5.62059,43.5239],[-5.61955,43.52406],[-5.61846,43.52455],[-5.6177,43.52436],[-5.61666,43.52502],[-5.61596,43.52491],[-5.61591,43.52539],[-5.61462,43.52524],[-5.61399,43.52563],[-5.61372,43.52626],[-5.61294,43.52615],[-5.6124,43.52617],[-5.6121,43.5267],[-5.60961,43.52628],[-5.60928,43.52705],[-5.60931,43.52749],[-5.60912,43.52755],[-5.60828,43.52749],[-5.60858,43.52803],[-5.60848,43.5281],[-5.60817,43.52792],[-5.60756,43.52876],[-5.60731,43.52895],[-5.60576,43.52861],[-5.60508,43.52862],[-5.60419,43.52881],[-5.60265,43.53004],[-5.60133,43.53036],[-5.6012,43.53088],[-5.59975,43.5312],[-5.59976,43.5316],[-5.59935,43.53167],[-5.59893,43.53191],[-5.59915,43.53215],[-5.59781,43.53185],[-5.59788,43.53207],[-5.59819,43.53238],[-5.59701,43.53317],[-5.59653,43.53373],[-5.59718,43.53397],[-5.59676,43.534],[-5.59691,43.53444],[-5.59675,43.53446],[-5.59677,43.53475],[-5.59708,43.53541],[-5.59539,43.53643],[-5.59386,43.53706],[-5.59383,43.53732],[-5.59336,43.53798],[-5.59329,43.53858],[-5.59305,43.53886],[-5.59218,43.539],[-5.59125,43.53932],[-5.59111,43.53946],[-5.59106,43.54004],[-5.59084,43.54025],[-5.59036,43.5406],[-5.58982,43.54067],[-5.58929,43.54093],[-5.58924,43.54118],[-5.58696,43.54125],[-5.58702,43.54043],[-5.58654,43.53983],[-5.58592,43.53943],[-5.5846,43.53912]]]}},{"type":"Feature","properties":{"id":"3302409005"},"geometry":{"type":"MultiPolygon","coordinates":[[[[-5.58051,43.52894],[-5.57928,43.52903],[-5.57842,43.52887],[-5.57712,43.52848],[-5.57633,43.52788],[-5.57611,43.52745],[-5.57527,43.52668],[-5.57516,43.52589],[-5.57449,43.5259],[-5.57426,43.52575],[-5.57407,43.52535],[-5.57429,43.52487],[-5.57431,43.52445],[-5.57408,43.52388],[-5.57404,43.52342],[-5.5747,43.52265],[-5.5756,43.52181],[-5.57564,43.5214],[-5.57553,43.52099],[-5.57585,43.52025],[-5.57581,43.51988],[-5.57553,43.51962],[-5.57533,43.5189],[-5.57515,43.51879],[-5.57465,43.51881],[-5.57395,43.51911],[-5.57334,43.5192],[-5.57296,43.51917],[-5.57279,43.51905],[-5.57285,43.51838],[-5.57276,43.51788],[-5.57226,43.51721],[-5.57153,43.51671],[-5.57134,43.51613],[-5.57074,43.51554],[-5.57071,43.51496],[-5.57015,43.51447],[-5.56982,43.51344],[-5.56954,43.51314],[-5.56893,43.51275],[-5.56907,43.51229],[-5.56879,43.5117],[-5.56835,43.51113],[-5.56875,43.51047],[-5.56863,43.50961],[-5.56833,43.50894],[-5.56805,43.50864],[-5.5677,43.50859],[-5.56678,43.50813],[-5.56642,43.50765],[-5.56637,43.50739],[-5.56517,43.50645],[-5.56495,43.50557],[-5.56534,43.50483],[-5.56538,43.50422],[-5.56492,43.50332],[-5.56415,43.50256],[-5.56321,43.50194],[-5.56294,43.50151],[-5.56402,43.50137],[-5.56502,43.5008],[-5.56593,43.50083],[-5.56697,43.50132],[-5.56849,43.50166],[-5.5692,43.50238],[-5.5705,43.50271],[-5.57121,43.50193],[-5.57144,43.50075],[-5.57208,43.50026],[-5.57447,43.49478],[-5.58484,43.48599],[-5.58494,43.48603],[-5.58568,43.48547],[-5.58618,43.48535],[-5.58659,43.48544],[-5.58702,43.4854],[-5.58759,43.48522],[-5.58799,43.48493],[-5.58836,43.48501],[-5.58867,43.48524],[-5.58951,43.48553],[-5.58998,43.48641],[-5.59002,43.48704],[-5.59053,43.48729],[-5.5913,43.48723],[-5.59169,43.48696],[-5.59269,43.4867],[-5.59375,43.48518],[-5.59437,43.48467],[-5.59484,43.48384],[-5.59486,43.48394],[-5.59501,43.48391],[-5.59524,43.4837],[-5.59575,43.4836],[-5.59639,43.48386],[-5.59683,43.48443],[-5.59771,43.48446],[-5.59807,43.48429],[-5.59857,43.48445],[-5.59907,43.4845],[-5.59937,43.48535],[-5.5993,43.4857],[-5.59965,43.48632],[-5.60007,43.48662],[-5.60146,43.48686],[-5.60274,43.4869],[-5.60324,43.48668],[-5.60452,43.48654],[-5.60663,43.48675],[-5.60728,43.48642],[-5.60768,43.48637],[-5.60922,43.48671],[-5.60966,43.48707],[-5.60974,43.48732],[-5.60947,43.48857],[-5.60974,43.4882],[-5.6112,43.48735],[-5.61226,43.48688],[-5.61344,43.48683],[-5.61434,43.48707],[-5.61454,43.48699],[-5.61447,43.48787],[-5.61414,43.4881],[-5.61431,43.4885],[-5.61494,43.48824],[-5.61614,43.48828],[-5.61653,43.48853],[-5.61611,43.48854],[-5.61631,43.48878],[-5.61703,43.48921],[-5.61801,43.48963],[-5.6184,43.48995],[-5.61855,43.48993],[-5.61893,43.49071],[-5.6199,43.49107],[-5.62047,43.4914],[-5.62068,43.49142],[-5.62253,43.49053],[-5.62296,43.49061],[-5.62399,43.49049],[-5.62484,43.49067],[-5.62582,43.49061],[-5.62677,43.49067],[-5.62802,43.49092],[-5.62935,43.49086],[-5.63015,43.4912],[-5.63029,43.49145],[-5.6309,43.49198],[-5.63181,43.49258],[-5.6318,43.49306],[-5.63042,43.49339],[-5.63067,43.49401],[-5.63055,43.49427],[-5.63062,43.49453],[-5.63092,43.4952],[-5.63077,43.49555],[-5.63061,43.4956],[-5.62922,43.49572],[-5.6293,43.49625],[-5.62911,43.49648],[-5.63046,43.4972],[-5.63143,43.49683],[-5.63152,43.49721],[-5.63135,43.49727],[-5.63142,43.49739],[-5.63123,43.49737],[-5.63142,43.49758],[-5.63123,43.49757],[-5.63131,43.49776],[-5.6317,43.49817],[-5.6328,43.4987],[-5.63317,43.4991],[-5.63319,43.49941],[-5.63292,43.4999],[-5.63233,43.50013],[-5.63223,43.50052],[-5.63182,43.50101],[-5.62922,43.50069],[-5.62905,43.50166],[-5.62916,43.50187],[-5.62974,43.50216],[-5.62882,43.50249],[-5.62721,43.50328],[-5.62757,43.50458],[-5.62668,43.50468],[-5.62653,43.50514],[-5.62523,43.50575],[-5.62465,43.50583],[-5.6243,43.50598],[-5.62302,43.50609],[-5.62189,43.50604],[-5.61946,43.50853],[-5.61926,43.5091],[-5.61719,43.50831],[-5.61614,43.50774],[-5.61605,43.50745],[-5.61524,43.50855],[-5.61413,43.50953],[-5.61366,43.51047],[-5.61317,43.51012],[-5.61177,43.51028],[-5.61077,43.51079],[-5.61041,43.51088],[-5.60985,43.5108],[-5.60928,43.51027],[-5.60867,43.51038],[-5.60796,43.51064],[-5.60727,43.51034],[-5.60734,43.51066],[-5.60674,43.51092],[-5.60698,43.51139],[-5.60594,43.51203],[-5.60503,43.51246],[-5.60343,43.51175],[-5.60364,43.51319],[-5.60322,43.51334],[-5.60192,43.51355],[-5.60128,43.51337],[-5.60044,43.51286],[-5.60015,43.51279],[-5.59887,43.51195],[-5.59807,43.51182],[-5.59723,43.51109],[-5.59577,43.51148],[-5.59469,43.51165],[-5.59455,43.5114],[-5.59501,43.51076],[-5.59494,43.51051],[-5.59467,43.51053],[-5.5932,43.51135],[-5.59247,43.5113],[-5.592,43.51145],[-5.59113,43.51105],[-5.58987,43.5111],[-5.58914,43.51103],[-5.58872,43.51114],[-5.58836,43.51136],[-5.58793,43.51184],[-5.58757,43.51206],[-5.58682,43.5124],[-5.58593,43.51264],[-5.58515,43.51307],[-5.58442,43.51392],[-5.58354,43.51453],[-5.58229,43.51492],[-5.58161,43.51501],[-5.58142,43.51557],[-5.58196,43.51599],[-5.58213,43.51625],[-5.58184,43.51655],[-5.58168,43.5166],[-5.58139,43.51654],[-5.58136,43.51661],[-5.58151,43.51689],[-5.58207,43.51716],[-5.58132,43.51799],[-5.58099,43.51807],[-5.58073,43.5183],[-5.58045,43.51832],[-5.5805,43.51844],[-5.58086,43.51855],[-5.5814,43.51919],[-5.58151,43.51963],[-5.58188,43.51991],[-5.58208,43.52077],[-5.58209,43.52153],[-5.58223,43.52183],[-5.58195,43.52206],[-5.58192,43.52238],[-5.58148,43.52286],[-5.58179,43.52336],[-5.5813,43.52354],[-5.58134,43.52391],[-5.58152,43.52408],[-5.58144,43.52444],[-5.58161,43.52506],[-5.58229,43.52594],[-5.5822,43.5263],[-5.58198,43.52642],[-5.58164,43.52645],[-5.5814,43.52663],[-5.58094,43.5277],[-5.58078,43.52849],[-5.58131,43.52919],[-5.58106,43.52904],[-5.58051,43.52894]]],[[[-5.58141,43.52964],[-5.58136,43.5293],[-5.58142,43.52945],[-5.58141,43.52964]]]]}},{"type":"Feature","properties":{"id":"3302409006"},"geometry":{"type":"Polygon","coordinates":[[[-5.58484,43.48599],[-5.58501,43.48584],[-5.58463,43.48143],[-5.58467,43.47953],[-5.58498,43.47848],[-5.58547,43.47799],[-5.58642,43.47753],[-5.5866,43.47734],[-5.58613,43.47633],[-5.58523,43.47553],[-5.58515,43.47456],[-5.58468,43.47381],[-5.5842,43.47325],[-5.58359,43.47287],[-5.58356,43.47202],[-5.58325,43.4711],[-5.58367,43.4707],[-5.58427,43.47033],[-5.586,43.46976],[-5.58319,43.46662],[-5.58304,43.4658],[-5.58312,43.465],[-5.58252,43.46402],[-5.58096,43.4625],[-5.58075,43.46174],[-5.58106,43.46128],[-5.58171,43.46066],[-5.58155,43.45962],[-5.58162,43.45935],[-5.58182,43.45899],[-5.58263,43.45823],[-5.58265,43.45737],[-5.58317,43.45659],[-5.5832,43.45639],[-5.58316,43.45599],[-5.5827,43.45492],[-5.58253,43.45388],[-5.58187,43.45245],[-5.58154,43.45124],[-5.58191,43.45074],[-5.58268,43.45009],[-5.58379,43.44962],[-5.58445,43.44909],[-5.58478,43.44812],[-5.58479,43.44716],[-5.58456,43.44642],[-5.58476,43.44573],[-5.58496,43.44359],[-5.5849,43.44325],[-5.58411,43.44252],[-5.59631,43.4429],[-5.59698,43.44302],[-5.60479,43.44169],[-5.60707,43.44196],[-5.60913,43.44239],[-5.61058,43.44302],[-5.61236,43.44351],[-5.61588,43.44288],[-5.61641,43.44266],[-5.61746,43.44246],[-5.62235,43.44276],[-5.62304,43.44269],[-5.62838,43.44461],[-5.63335,43.44907],[-5.63722,43.44979],[-5.63908,43.44993],[-5.63961,43.4501],[-5.64049,43.45017],[-5.64274,43.4517],[-5.64313,43.45267],[-5.64371,43.45325],[-5.64323,43.45418],[-5.64239,43.45453],[-5.64138,43.4546],[-5.64041,43.45514],[-5.63952,43.45516],[-5.6393,43.45532],[-5.63904,43.45535],[-5.63839,43.45478],[-5.63828,43.45455],[-5.63878,43.45387],[-5.63879,43.45367],[-5.63853,43.45346],[-5.63772,43.45332],[-5.63671,43.45351],[-5.63574,43.45384],[-5.63499,43.45388],[-5.63456,43.45401],[-5.63438,43.45417],[-5.63395,43.45535],[-5.63237,43.4559],[-5.63139,43.45665],[-5.63022,43.45727],[-5.62998,43.45793],[-5.62983,43.45896],[-5.62948,43.45931],[-5.62915,43.46],[-5.6296,43.46027],[-5.63006,43.46021],[-5.63,43.46057],[-5.6302,43.46094],[-5.63058,43.46135],[-5.63095,43.46155],[-5.63155,43.46171],[-5.63256,43.46163],[-5.63306,43.46184],[-5.63301,43.46199],[-5.63374,43.46208],[-5.63274,43.46239],[-5.63245,43.46261],[-5.63234,43.46291],[-5.6324,43.46313],[-5.63258,43.46326],[-5.63323,43.46345],[-5.63375,43.46381],[-5.63386,43.46426],[-5.63418,43.4648],[-5.63416,43.46535],[-5.63396,43.46569],[-5.63189,43.46687],[-5.63152,43.46717],[-5.63114,43.46769],[-5.63108,43.46818],[-5.63092,43.46828],[-5.6299,43.46842],[-5.62952,43.46862],[-5.62992,43.46892],[-5.63006,43.46933],[-5.63033,43.46962],[-5.62987,43.46967],[-5.6297,43.46988],[-5.63029,43.47025],[-5.63023,43.4708],[-5.63034,43.47112],[-5.63073,43.47144],[-5.63089,43.47171],[-5.63042,43.47246],[-5.63019,43.47329],[-5.62967,43.47386],[-5.6295,43.47449],[-5.62965,43.47471],[-5.62995,43.47482],[-5.63014,43.47502],[-5.62999,43.4756],[-5.63027,43.47568],[-5.63073,43.47619],[-5.63105,43.47761],[-5.6316,43.47785],[-5.63207,43.47855],[-5.63327,43.48181],[-5.63315,43.48251],[-5.63325,43.48338],[-5.63343,43.48398],[-5.63394,43.48494],[-5.63396,43.48533],[-5.63434,43.48511],[-5.63445,43.48488],[-5.63516,43.48452],[-5.63619,43.48467],[-5.63657,43.48515],[-5.63759,43.48435],[-5.63774,43.48447],[-5.63792,43.48516],[-5.63825,43.48567],[-5.63725,43.48574],[-5.637,43.48588],[-5.63701,43.48624],[-5.63649,43.48636],[-5.63699,43.48716],[-5.637,43.48741],[-5.63653,43.48783],[-5.63576,43.48904],[-5.63551,43.48861],[-5.63499,43.4886],[-5.63452,43.48886],[-5.63424,43.48886],[-5.63406,43.48912],[-5.63329,43.48958],[-5.63294,43.48996],[-5.63236,43.4902],[-5.63232,43.4909],[-5.63252,43.49119],[-5.63142,43.49233],[-5.63029,43.49145],[-5.63015,43.4912],[-5.62935,43.49086],[-5.62802,43.49092],[-5.62729,43.49073],[-5.6263,43.49062],[-5.62484,43.49067],[-5.62399,43.49049],[-5.62296,43.49061],[-5.62253,43.49053],[-5.62068,43.49142],[-5.62047,43.4914],[-5.6199,43.49107],[-5.61893,43.49071],[-5.61855,43.48993],[-5.6184,43.48995],[-5.61801,43.48963],[-5.61703,43.48921],[-5.61631,43.48878],[-5.61611,43.48854],[-5.61653,43.48853],[-5.61614,43.48828],[-5.61494,43.48824],[-5.61431,43.4885],[-5.61414,43.4881],[-5.61447,43.48787],[-5.61454,43.48699],[-5.61434,43.48707],[-5.61344,43.48683],[-5.61226,43.48688],[-5.6112,43.48735],[-5.60974,43.4882],[-5.60947,43.48857],[-5.60974,43.48732],[-5.60966,43.48707],[-5.60922,43.48671],[-5.60867,43.48663],[-5.6083,43.48646],[-5.60747,43.48638],[-5.60663,43.48675],[-5.60412,43.48656],[-5.60324,43.48668],[-5.60274,43.4869],[-5.60146,43.48686],[-5.60007,43.48662],[-5.59965,43.48632],[-5.5993,43.4857],[-5.59937,43.48535],[-5.59907,43.4845],[-5.59857,43.48445],[-5.59807,43.48429],[-5.59771,43.48446],[-5.59683,43.48443],[-5.59639,43.48386],[-5.59575,43.4836],[-5.59524,43.4837],[-5.59501,43.48391],[-5.59486,43.48394],[-5.59484,43.48384],[-5.59437,43.48467],[-5.59375,43.48518],[-5.59269,43.4867],[-5.59169,43.48696],[-5.5913,43.48723],[-5.59053,43.48729],[-5.59002,43.48704],[-5.58998,43.48641],[-5.58951,43.48553],[-5.58867,43.48524],[-5.58836,43.48501],[-5.58799,43.48493],[-5.58759,43.48522],[-5.58702,43.4854],[-5.58659,43.48544],[-5.58618,43.48535],[-5.58568,43.48547],[-5.58494,43.48603],[-5.58484,43.48599]]]}},{"type":"Feature","properties":{"id":"3302409007"},"geometry":{"type":"Polygon","coordinates":[[[-5.66391,43.49088],[-5.66354,43.49018],[-5.66317,43.48999],[-5.66366,43.48963],[-5.66385,43.48932],[-5.66435,43.48906],[-5.66439,43.48875],[-5.66483,43.48859],[-5.66438,43.48806],[-5.66422,43.48813],[-5.66388,43.48774],[-5.66423,43.48755],[-5.66444,43.4873],[-5.66457,43.48681],[-5.66444,43.48607],[-5.66457,43.48595],[-5.66405,43.48578],[-5.6642,43.48552],[-5.66339,43.48526],[-5.6617,43.4835],[-5.66164,43.48354],[-5.66144,43.48323],[-5.66103,43.48297],[-5.66096,43.48287],[-5.66123,43.48233],[-5.66114,43.482],[-5.66125,43.48142],[-5.66117,43.48108],[-5.66067,43.48078],[-5.66051,43.48057],[-5.66051,43.48039],[-5.65972,43.48054],[-5.65891,43.48034],[-5.65819,43.47993],[-5.65756,43.47995],[-5.65708,43.47975],[-5.65635,43.47968],[-5.65115,43.47781],[-5.65114,43.47841],[-5.65106,43.47857],[-5.65072,43.47878],[-5.64999,43.47889],[-5.64961,43.47857],[-5.64872,43.47821],[-5.64864,43.47825],[-5.6487,43.47843],[-5.64904,43.47888],[-5.64842,43.4787],[-5.64756,43.47897],[-5.64685,43.47897],[-5.64288,43.48091],[-5.64259,43.48143],[-5.64249,43.48217],[-5.6423,43.48242],[-5.64215,43.48245],[-5.6422,43.48256],[-5.64139,43.48302],[-5.64041,43.48307],[-5.63961,43.48345],[-5.63912,43.48321],[-5.63884,43.48323],[-5.63866,43.48308],[-5.63819,43.48342],[-5.63759,43.48435],[-5.63657,43.48515],[-5.63619,43.48467],[-5.63516,43.48452],[-5.63445,43.48488],[-5.63434,43.48511],[-5.63396,43.48533],[-5.63394,43.48494],[-5.63343,43.48398],[-5.63325,43.48338],[-5.63315,43.48251],[-5.63327,43.48181],[-5.63207,43.47855],[-5.6316,43.47785],[-5.63105,43.47761],[-5.63073,43.47619],[-5.63027,43.47568],[-5.62999,43.4756],[-5.63014,43.47502],[-5.62995,43.47482],[-5.62965,43.47471],[-5.6295,43.47449],[-5.62967,43.47386],[-5.63019,43.47329],[-5.63042,43.47246],[-5.63089,43.47171],[-5.63073,43.47144],[-5.63034,43.47112],[-5.63023,43.4708],[-5.63029,43.47025],[-5.6297,43.46988],[-5.62987,43.46967],[-5.63033,43.46962],[-5.63006,43.46933],[-5.62992,43.46892],[-5.62952,43.46862],[-5.6299,43.46842],[-5.63092,43.46828],[-5.63108,43.46818],[-5.63114,43.46769],[-5.63152,43.46717],[-5.63189,43.46687],[-5.63396,43.46569],[-5.63416,43.46535],[-5.63418,43.4648],[-5.63386,43.46426],[-5.63375,43.46381],[-5.63323,43.46345],[-5.63258,43.46326],[-5.6324,43.46313],[-5.63234,43.46291],[-5.63245,43.46261],[-5.63274,43.46239],[-5.63374,43.46208],[-5.63301,43.46199],[-5.63306,43.46184],[-5.63256,43.46163],[-5.63155,43.46171],[-5.63095,43.46155],[-5.63058,43.46135],[-5.6302,43.46094],[-5.63,43.46057],[-5.63006,43.46021],[-5.6296,43.46027],[-5.62915,43.46],[-5.62948,43.45931],[-5.62983,43.45896],[-5.62998,43.45793],[-5.63022,43.45727],[-5.63139,43.45665],[-5.63237,43.4559],[-5.63395,43.45535],[-5.63438,43.45417],[-5.63456,43.45401],[-5.63499,43.45388],[-5.63574,43.45384],[-5.63671,43.45351],[-5.63772,43.45332],[-5.63853,43.45346],[-5.63879,43.45367],[-5.63878,43.45387],[-5.63828,43.45455],[-5.63839,43.45478],[-5.63904,43.45535],[-5.6393,43.45532],[-5.63952,43.45516],[-5.64041,43.45514],[-5.64138,43.4546],[-5.64239,43.45453],[-5.64277,43.45442],[-5.64323,43.45418],[-5.64371,43.45325],[-5.64555,43.45458],[-5.64641,43.45429],[-5.64727,43.45386],[-5.64811,43.45368],[-5.6486,43.45371],[-5.6492,43.45349],[-5.65019,43.45327],[-5.65049,43.45329],[-5.65106,43.45341],[-5.65173,43.45388],[-5.65289,43.45422],[-5.65357,43.45469],[-5.65429,43.45486],[-5.65457,43.45526],[-5.65567,43.45569],[-5.65613,43.45569],[-5.65717,43.45549],[-5.65846,43.45578],[-5.65913,43.4558],[-5.65927,43.45566],[-5.66036,43.45521],[-5.66038,43.45487],[-5.66049,43.45475],[-5.66117,43.45481],[-5.66349,43.45622],[-5.66735,43.45604],[-5.67782,43.45476],[-5.67795,43.4552],[-5.67813,43.45541],[-5.67793,43.45552],[-5.6785,43.45561],[-5.67923,43.45561],[-5.67931,43.45583],[-5.67954,43.45599],[-5.68078,43.4561],[-5.68208,43.4567],[-5.68272,43.4571],[-5.68269,43.45734],[-5.68243,43.45765],[-5.68182,43.45787],[-5.68115,43.4583],[-5.68166,43.45869],[-5.68205,43.4596],[-5.68173,43.46036],[-5.68145,43.46066],[-5.68148,43.46108],[-5.68204,43.46129],[-5.68205,43.46183],[-5.68179,43.4617],[-5.68127,43.46182],[-5.68031,43.46168],[-5.68022,43.46225],[-5.67973,43.46191],[-5.6789,43.46167],[-5.6789,43.4621],[-5.67912,43.46238],[-5.67964,43.46265],[-5.68005,43.46301],[-5.6806,43.46305],[-5.68099,43.4633],[-5.68105,43.46376],[-5.6813,43.46385],[-5.6813,43.46399],[-5.6815,43.46409],[-5.68145,43.46437],[-5.68173,43.46447],[-5.68135,43.46477],[-5.68106,43.46467],[-5.67992,43.46488],[-5.68125,43.46662],[-5.68159,43.46642],[-5.68178,43.4661],[-5.68199,43.46635],[-5.68273,43.46646],[-5.68237,43.46665],[-5.6821,43.46658],[-5.68203,43.46646],[-5.68183,43.467],[-5.68194,43.46742],[-5.6819,43.46795],[-5.68199,43.46804],[-5.68252,43.46807],[-5.68298,43.46822],[-5.68338,43.46882],[-5.682,43.47075],[-5.6816,43.47113],[-5.68164,43.4714],[-5.68202,43.47193],[-5.68182,43.47243],[-5.6818,43.4729],[-5.68114,43.47289],[-5.68024,43.47352],[-5.67965,43.47371],[-5.67921,43.47427],[-5.67883,43.47439],[-5.67901,43.47458],[-5.67877,43.47489],[-5.67873,43.47525],[-5.67799,43.4753],[-5.67766,43.47523],[-5.6774,43.47568],[-5.6776,43.47659],[-5.67752,43.47772],[-5.67741,43.47786],[-5.67706,43.47795],[-5.6771,43.47811],[-5.67687,43.47847],[-5.67699,43.47898],[-5.67728,43.47913],[-5.67708,43.47929],[-5.67705,43.47971],[-5.6777,43.47995],[-5.67749,43.48039],[-5.67801,43.48107],[-5.67874,43.48138],[-5.67889,43.48185],[-5.67927,43.48245],[-5.67883,43.48261],[-5.67921,43.48304],[-5.68014,43.48361],[-5.67961,43.48394],[-5.67956,43.48432],[-5.67923,43.48464],[-5.67956,43.48489],[-5.67982,43.48556],[-5.67956,43.48585],[-5.67903,43.48578],[-5.67881,43.48615],[-5.67813,43.48659],[-5.67862,43.48709],[-5.67883,43.48772],[-5.6791,43.48806],[-5.67927,43.48856],[-5.67922,43.4889],[-5.67887,43.48896],[-5.67893,43.48873],[-5.67862,43.48841],[-5.67855,43.4881],[-5.67719,43.4883],[-5.67615,43.48801],[-5.67462,43.48808],[-5.67372,43.48789],[-5.67358,43.48802],[-5.67317,43.48813],[-5.67336,43.48832],[-5.67313,43.48848],[-5.67272,43.48843],[-5.67151,43.48917],[-5.67103,43.48937],[-5.67054,43.48853],[-5.67002,43.48881],[-5.66902,43.48903],[-5.66847,43.48956],[-5.66826,43.48998],[-5.66783,43.49028],[-5.66747,43.4903],[-5.66702,43.49017],[-5.66684,43.49001],[-5.6659,43.49041],[-5.66583,43.49079],[-5.66536,43.49051],[-5.6653,43.49078],[-5.6648,43.49098],[-5.66391,43.49088]]]}},{"type":"Feature","properties":{"id":"3302409008"},"geometry":{"type":"Polygon","coordinates":[[[-5.64878,43.4888],[-5.64742,43.48818],[-5.64756,43.48795],[-5.64819,43.48754],[-5.64834,43.48723],[-5.64873,43.48715],[-5.64886,43.48692],[-5.65038,43.4867],[-5.6501,43.48654],[-5.64976,43.48614],[-5.64967,43.48557],[-5.64872,43.48591],[-5.64839,43.48617],[-5.64805,43.48624],[-5.64794,43.48682],[-5.64751,43.48716],[-5.64718,43.48717],[-5.64687,43.48731],[-5.64613,43.48729],[-5.64586,43.48718],[-5.6453,43.48668],[-5.64434,43.48616],[-5.64373,43.48631],[-5.64337,43.48627],[-5.64192,43.48644],[-5.63942,43.48605],[-5.63884,43.48584],[-5.63848,43.4859],[-5.63804,43.48541],[-5.63781,43.48463],[-5.63759,43.48435],[-5.63819,43.48342],[-5.6387,43.48306],[-5.63884,43.48323],[-5.63912,43.48321],[-5.63961,43.48345],[-5.64041,43.48307],[-5.64148,43.48298],[-5.6422,43.48256],[-5.64215,43.48245],[-5.6423,43.48242],[-5.64249,43.48217],[-5.64259,43.48143],[-5.64288,43.48091],[-5.64685,43.47897],[-5.64756,43.47897],[-5.64842,43.4787],[-5.64904,43.47888],[-5.6487,43.47843],[-5.64864,43.47825],[-5.64878,43.4782],[-5.64894,43.47836],[-5.64961,43.47857],[-5.64999,43.47889],[-5.65049,43.47886],[-5.65106,43.47857],[-5.65115,43.47781],[-5.65612,43.47961],[-5.65633,43.48046],[-5.6561,43.48117],[-5.65691,43.48192],[-5.65671,43.48228],[-5.65682,43.48264],[-5.6571,43.48279],[-5.65755,43.48277],[-5.65784,43.48337],[-5.65841,43.48362],[-5.65917,43.48503],[-5.65885,43.48526],[-5.65808,43.48556],[-5.65708,43.48557],[-5.65652,43.48586],[-5.65556,43.48598],[-5.65556,43.48618],[-5.65539,43.48634],[-5.65573,43.48677],[-5.65498,43.48723],[-5.65543,43.48733],[-5.65474,43.48795],[-5.65407,43.4888],[-5.65168,43.48841],[-5.65165,43.48916],[-5.6499,43.48956],[-5.64878,43.4888]]]}},{"type":"Feature","properties":{"id":"3302409009"},"geometry":{"type":"Polygon","coordinates":[[[-5.63319,43.49941],[-5.63306,43.49889],[-5.6317,43.49817],[-5.63131,43.49776],[-5.63123,43.49757],[-5.63142,43.49758],[-5.63123,43.49737],[-5.63142,43.49739],[-5.63135,43.49727],[-5.63152,43.49721],[-5.63143,43.49683],[-5.63046,43.4972],[-5.62911,43.49648],[-5.6293,43.49625],[-5.62922,43.49572],[-5.63077,43.49555],[-5.63092,43.4952],[-5.63062,43.49453],[-5.63055,43.49427],[-5.63067,43.49401],[-5.63042,43.49339],[-5.6318,43.49306],[-5.63181,43.49258],[-5.63142,43.49233],[-5.63252,43.49119],[-5.63232,43.4909],[-5.63236,43.4902],[-5.63294,43.48996],[-5.63329,43.48958],[-5.63406,43.48912],[-5.63424,43.48886],[-5.63452,43.48886],[-5.63499,43.4886],[-5.63551,43.48861],[-5.63576,43.48904],[-5.63653,43.48783],[-5.637,43.48741],[-5.63699,43.48716],[-5.63649,43.48636],[-5.63701,43.48624],[-5.637,43.48588],[-5.63725,43.48574],[-5.63825,43.48567],[-5.63848,43.4859],[-5.63884,43.48584],[-5.63942,43.48605],[-5.64192,43.48644],[-5.64337,43.48627],[-5.64373,43.48631],[-5.64434,43.48616],[-5.6453,43.48668],[-5.646,43.48726],[-5.64687,43.48731],[-5.64718,43.48717],[-5.64741,43.4872],[-5.64782,43.48693],[-5.64802,43.48664],[-5.64805,43.48624],[-5.64839,43.48617],[-5.64872,43.48591],[-5.64967,43.48557],[-5.64976,43.48614],[-5.6501,43.48654],[-5.65038,43.4867],[-5.64882,43.48693],[-5.64876,43.48713],[-5.64834,43.48723],[-5.64819,43.48754],[-5.64756,43.48795],[-5.64742,43.48818],[-5.64878,43.4888],[-5.6499,43.48956],[-5.65165,43.48916],[-5.65168,43.48841],[-5.65407,43.4888],[-5.65474,43.48795],[-5.65543,43.48733],[-5.65498,43.48723],[-5.65573,43.48677],[-5.65539,43.48634],[-5.65556,43.48618],[-5.65556,43.48598],[-5.65652,43.48586],[-5.65708,43.48557],[-5.65808,43.48556],[-5.65885,43.48526],[-5.65917,43.48503],[-5.65841,43.48362],[-5.65784,43.48337],[-5.65755,43.48277],[-5.6571,43.48279],[-5.65682,43.48264],[-5.65671,43.48228],[-5.65691,43.48192],[-5.6561,43.48117],[-5.65633,43.48046],[-5.65612,43.47961],[-5.65671,43.47975],[-5.65708,43.47975],[-5.65756,43.47995],[-5.65819,43.47993],[-5.65891,43.48034],[-5.65972,43.48054],[-5.66051,43.48039],[-5.66051,43.48057],[-5.66067,43.48078],[-5.66117,43.48108],[-5.66125,43.48142],[-5.66114,43.482],[-5.66123,43.48233],[-5.66096,43.48287],[-5.66103,43.48297],[-5.66144,43.48323],[-5.66164,43.48354],[-5.6617,43.4835],[-5.66339,43.48526],[-5.6642,43.48552],[-5.66405,43.48578],[-5.66457,43.48595],[-5.66444,43.48607],[-5.66457,43.48681],[-5.66444,43.4873],[-5.66423,43.48755],[-5.66388,43.48774],[-5.66422,43.48813],[-5.66438,43.48806],[-5.66483,43.48859],[-5.66439,43.48875],[-5.66435,43.48906],[-5.66385,43.48932],[-5.66366,43.48963],[-5.66317,43.48999],[-5.66362,43.49028],[-5.66342,43.49079],[-5.66312,43.4912],[-5.66253,43.49173],[-5.66164,43.49214],[-5.66166,43.49259],[-5.66104,43.49333],[-5.66091,43.49338],[-5.66077,43.49307],[-5.66001,43.49317],[-5.65913,43.49363],[-5.65923,43.49392],[-5.65807,43.49435],[-5.65777,43.49456],[-5.6573,43.49469],[-5.6564,43.49513],[-5.65677,43.49541],[-5.65692,43.4958],[-5.65649,43.49613],[-5.6562,43.49617],[-5.65599,43.49639],[-5.65583,43.4962],[-5.65495,43.4966],[-5.6536,43.4957],[-5.65247,43.49633],[-5.65193,43.49681],[-5.65048,43.49735],[-5.64991,43.49808],[-5.64942,43.49907],[-5.64917,43.49917],[-5.64882,43.49917],[-5.64905,43.49936],[-5.64895,43.49942],[-5.64899,43.49977],[-5.64848,43.50077],[-5.64848,43.50125],[-5.64818,43.50102],[-5.64765,43.50089],[-5.64698,43.50131],[-5.64648,43.50146],[-5.64614,43.50109],[-5.64499,43.50064],[-5.64293,43.5008],[-5.6422,43.50097],[-5.64202,43.50111],[-5.64239,43.50156],[-5.64253,43.50197],[-5.64187,43.50193],[-5.64114,43.50075],[-5.64103,43.50012],[-5.64058,43.49974],[-5.63925,43.49897],[-5.63903,43.49875],[-5.63933,43.49822],[-5.63883,43.49799],[-5.63838,43.49795],[-5.63774,43.49773],[-5.63672,43.49792],[-5.636,43.49816],[-5.63528,43.49821],[-5.63492,43.49836],[-5.63439,43.49833],[-5.63425,43.49849],[-5.6339,43.49848],[-5.63388,43.49868],[-5.63403,43.49892],[-5.63339,43.49916],[-5.63319,43.49941]]]}},{"type":"Feature","properties":{"id":"3302409011"},"geometry":{"type":"Polygon","coordinates":[[[-5.62959,43.52042],[-5.62863,43.52029],[-5.62824,43.52054],[-5.62732,43.52075],[-5.62694,43.52067],[-5.62649,43.52042],[-5.62623,43.51983],[-5.6263,43.51968],[-5.62598,43.51953],[-5.62567,43.51961],[-5.62547,43.51956],[-5.62453,43.51923],[-5.62434,43.51862],[-5.62435,43.51802],[-5.62538,43.51789],[-5.6235,43.51723],[-5.62234,43.51701],[-5.62272,43.51595],[-5.62261,43.5146],[-5.62236,43.51386],[-5.6217,43.51311],[-5.62071,43.51111],[-5.61993,43.51115],[-5.61991,43.51057],[-5.61978,43.51046],[-5.61822,43.51021],[-5.61809,43.51012],[-5.61802,43.50971],[-5.61747,43.50979],[-5.6174,43.50919],[-5.61815,43.50869],[-5.61926,43.5091],[-5.61946,43.50853],[-5.62189,43.50604],[-5.62302,43.50609],[-5.6243,43.50598],[-5.62465,43.50583],[-5.62523,43.50575],[-5.62653,43.50514],[-5.62668,43.50468],[-5.62757,43.50458],[-5.62721,43.50328],[-5.62882,43.50249],[-5.62974,43.50216],[-5.62916,43.50187],[-5.62905,43.50166],[-5.62922,43.50069],[-5.63182,43.50101],[-5.63223,43.50052],[-5.63233,43.50013],[-5.63292,43.4999],[-5.63339,43.49916],[-5.63403,43.49892],[-5.63388,43.49868],[-5.6339,43.49848],[-5.63425,43.49849],[-5.63439,43.49833],[-5.63492,43.49836],[-5.63528,43.49821],[-5.636,43.49816],[-5.63672,43.49792],[-5.63774,43.49773],[-5.63915,43.49811],[-5.63933,43.49822],[-5.63903,43.49875],[-5.63925,43.49897],[-5.64058,43.49974],[-5.64103,43.50012],[-5.64114,43.50075],[-5.64174,43.50179],[-5.64187,43.50193],[-5.64211,43.50197],[-5.64253,43.50197],[-5.64239,43.50156],[-5.64202,43.50111],[-5.6422,43.50097],[-5.64293,43.5008],[-5.64499,43.50064],[-5.64614,43.50109],[-5.64648,43.50146],[-5.64698,43.50131],[-5.64765,43.50089],[-5.64818,43.50102],[-5.64848,43.50125],[-5.64848,43.50077],[-5.64899,43.49977],[-5.64895,43.49942],[-5.64905,43.49936],[-5.64882,43.49917],[-5.64917,43.49917],[-5.64942,43.49907],[-5.64991,43.49808],[-5.65048,43.49735],[-5.65193,43.49681],[-5.65247,43.49633],[-5.6536,43.4957],[-5.65495,43.4966],[-5.65583,43.4962],[-5.65599,43.49639],[-5.6562,43.49617],[-5.65649,43.49613],[-5.65692,43.4958],[-5.65677,43.49541],[-5.6564,43.49513],[-5.6573,43.49469],[-5.65777,43.49456],[-5.65807,43.49435],[-5.65923,43.49392],[-5.65913,43.49363],[-5.66001,43.49317],[-5.66077,43.49307],[-5.66091,43.49338],[-5.66104,43.49333],[-5.66166,43.49259],[-5.66164,43.49214],[-5.66249,43.49175],[-5.66312,43.4912],[-5.66362,43.49028],[-5.66391,43.49088],[-5.6648,43.49098],[-5.6653,43.49078],[-5.66536,43.49051],[-5.66636,43.49108],[-5.66793,43.49127],[-5.66823,43.49224],[-5.66745,43.49271],[-5.66706,43.49281],[-5.66701,43.49325],[-5.66851,43.49492],[-5.66995,43.49575],[-5.6701,43.49593],[-5.67013,43.49647],[-5.67039,43.49696],[-5.67237,43.49759],[-5.6722,43.49945],[-5.6719,43.50075],[-5.67211,43.50097],[-5.67125,43.50123],[-5.67079,43.50158],[-5.67079,43.50242],[-5.6712,43.50258],[-5.67117,43.50318],[-5.66962,43.50381],[-5.6692,43.50448],[-5.66925,43.50482],[-5.66913,43.50508],[-5.668,43.50525],[-5.66805,43.50557],[-5.66792,43.50578],[-5.66847,43.50648],[-5.667,43.5064],[-5.66654,43.50643],[-5.66642,43.50659],[-5.66681,43.50715],[-5.66649,43.50809],[-5.66644,43.50867],[-5.66554,43.50928],[-5.66518,43.50976],[-5.66582,43.5105],[-5.66518,43.51114],[-5.66503,43.51164],[-5.66486,43.51179],[-5.66518,43.51229],[-5.66352,43.51287],[-5.66378,43.51351],[-5.66343,43.51383],[-5.66339,43.51398],[-5.66341,43.51419],[-5.66417,43.51409],[-5.65982,43.51485],[-5.65876,43.51514],[-5.65775,43.51553],[-5.65614,43.51652],[-5.65432,43.51854],[-5.65371,43.51906],[-5.65248,43.5198],[-5.65172,43.52011],[-5.64961,43.52069],[-5.64064,43.52231],[-5.63965,43.52259],[-5.63913,43.52302],[-5.63906,43.52331],[-5.63914,43.52402],[-5.63937,43.52468],[-5.63919,43.52493],[-5.63572,43.52675],[-5.63537,43.52707],[-5.63491,43.52771],[-5.6348,43.5285],[-5.63396,43.52746],[-5.63299,43.52668],[-5.63284,43.52614],[-5.63326,43.52538],[-5.63293,43.5248],[-5.63311,43.52409],[-5.63248,43.52387],[-5.63163,43.52326],[-5.63162,43.52283],[-5.63202,43.52245],[-5.63221,43.52153],[-5.63249,43.52111],[-5.63234,43.52074],[-5.63191,43.5205],[-5.62959,43.52042]]]}},{"type":"Feature","properties":{"id":"3302409012"},"geometry":{"type":"Polygon","coordinates":[[[-5.68706,43.50205],[-5.68529,43.50126],[-5.68511,43.50141],[-5.68453,43.50122],[-5.68438,43.50059],[-5.68379,43.49941],[-5.68277,43.49921],[-5.6825,43.49893],[-5.68143,43.49927],[-5.67727,43.49945],[-5.67757,43.49845],[-5.67523,43.49868],[-5.67451,43.49861],[-5.67352,43.49823],[-5.67225,43.49754],[-5.67039,43.49696],[-5.67013,43.49647],[-5.6701,43.49593],[-5.66995,43.49575],[-5.66851,43.49492],[-5.66701,43.49325],[-5.66706,43.49281],[-5.66745,43.49271],[-5.66823,43.49224],[-5.66793,43.49127],[-5.66636,43.49108],[-5.66583,43.49079],[-5.6659,43.49041],[-5.66684,43.49001],[-5.66702,43.49017],[-5.66747,43.4903],[-5.66783,43.49028],[-5.66826,43.48998],[-5.66847,43.48956],[-5.66902,43.48903],[-5.67002,43.48881],[-5.67054,43.48853],[-5.67103,43.48937],[-5.67151,43.48917],[-5.67272,43.48843],[-5.67313,43.48848],[-5.67336,43.48832],[-5.67317,43.48813],[-5.67358,43.48802],[-5.67372,43.48789],[-5.67462,43.48808],[-5.67615,43.48801],[-5.67719,43.4883],[-5.67855,43.4881],[-5.67862,43.48841],[-5.67893,43.48873],[-5.67887,43.48896],[-5.67922,43.4889],[-5.67927,43.48856],[-5.6791,43.48806],[-5.67883,43.48772],[-5.67862,43.48709],[-5.67813,43.48659],[-5.67881,43.48615],[-5.67903,43.48578],[-5.67956,43.48585],[-5.67982,43.48556],[-5.67956,43.48489],[-5.67923,43.48464],[-5.67956,43.48432],[-5.67961,43.48394],[-5.68014,43.48361],[-5.67921,43.48304],[-5.67883,43.48261],[-5.67927,43.48245],[-5.67889,43.48185],[-5.67874,43.48138],[-5.67801,43.48107],[-5.67749,43.48039],[-5.6777,43.47995],[-5.67705,43.47971],[-5.67708,43.47929],[-5.67728,43.47913],[-5.67699,43.47898],[-5.67687,43.47847],[-5.6771,43.47811],[-5.67706,43.47795],[-5.67741,43.47786],[-5.67752,43.47772],[-5.67756,43.47735],[-5.67758,43.47628],[-5.6774,43.47568],[-5.67766,43.47523],[-5.67799,43.4753],[-5.67873,43.47525],[-5.67877,43.47489],[-5.67901,43.47458],[-5.67883,43.47439],[-5.67921,43.47427],[-5.67965,43.47371],[-5.68024,43.47352],[-5.68114,43.47289],[-5.6818,43.4729],[-5.68182,43.47243],[-5.68202,43.47193],[-5.68164,43.4714],[-5.6816,43.47113],[-5.682,43.47075],[-5.68338,43.46882],[-5.68298,43.46822],[-5.68252,43.46807],[-5.68199,43.46804],[-5.6819,43.46795],[-5.68194,43.46742],[-5.68183,43.467],[-5.68203,43.46646],[-5.6821,43.46658],[-5.68237,43.46665],[-5.68273,43.46646],[-5.68199,43.46635],[-5.68178,43.4661],[-5.68159,43.46642],[-5.68125,43.46662],[-5.67992,43.46488],[-5.68106,43.46467],[-5.68135,43.46477],[-5.68173,43.46447],[-5.68145,43.46437],[-5.6815,43.46409],[-5.6813,43.46399],[-5.6813,43.46385],[-5.68105,43.46376],[-5.68099,43.4633],[-5.6806,43.46305],[-5.68005,43.46301],[-5.67964,43.46265],[-5.67912,43.46238],[-5.6789,43.4621],[-5.6789,43.46167],[-5.67973,43.46191],[-5.68022,43.46225],[-5.68031,43.46168],[-5.68127,43.46182],[-5.68179,43.4617],[-5.68205,43.46183],[-5.68204,43.46129],[-5.68148,43.46108],[-5.68145,43.46066],[-5.68173,43.46036],[-5.68205,43.4596],[-5.68166,43.45869],[-5.68115,43.4583],[-5.68182,43.45787],[-5.68243,43.45765],[-5.68269,43.45734],[-5.68272,43.4571],[-5.68208,43.4567],[-5.68078,43.4561],[-5.67954,43.45599],[-5.67931,43.45583],[-5.67923,43.45561],[-5.6785,43.45561],[-5.67793,43.45552],[-5.67813,43.45541],[-5.67795,43.4552],[-5.67782,43.45476],[-5.68258,43.45418],[-5.68639,43.45608],[-5.69454,43.46238],[-5.69834,43.46547],[-5.69987,43.46367],[-5.70105,43.46305],[-5.70196,43.46168],[-5.70205,43.46109],[-5.70297,43.46031],[-5.70373,43.45988],[-5.70462,43.45886],[-5.70659,43.45718],[-5.70874,43.45593],[-5.71006,43.45591],[-5.71345,43.45408],[-5.71391,43.45353],[-5.71469,43.45219],[-5.71524,43.45185],[-5.71542,43.45131],[-5.71529,43.45101],[-5.71583,43.45087],[-5.71651,43.45081],[-5.71755,43.45046],[-5.7177,43.45031],[-5.7182,43.45147],[-5.71828,43.45203],[-5.71877,43.45292],[-5.7186,43.4532],[-5.71817,43.45338],[-5.71815,43.45359],[-5.71837,43.45372],[-5.71878,43.45369],[-5.71896,43.45376],[-5.71934,43.45431],[-5.71952,43.45486],[-5.72001,43.45513],[-5.7201,43.45552],[-5.72049,43.45582],[-5.72095,43.45652],[-5.72161,43.45656],[-5.72224,43.45634],[-5.72316,43.45686],[-5.72396,43.45684],[-5.72423,43.45692],[-5.72437,43.45711],[-5.72431,43.45733],[-5.72468,43.45765],[-5.72506,43.45742],[-5.72575,43.45751],[-5.72577,43.458],[-5.7253,43.45847],[-5.72532,43.45866],[-5.72574,43.45924],[-5.7268,43.45977],[-5.72699,43.45997],[-5.72661,43.46038],[-5.72696,43.46101],[-5.72691,43.4612],[-5.7266,43.46142],[-5.72644,43.46173],[-5.72652,43.4618],[-5.72677,43.4618],[-5.72727,43.46156],[-5.72747,43.46165],[-5.72735,43.46207],[-5.72706,43.46249],[-5.72704,43.46275],[-5.72718,43.46308],[-5.72757,43.46313],[-5.72771,43.46359],[-5.72716,43.46456],[-5.72681,43.46475],[-5.72602,43.46494],[-5.72552,43.46523],[-5.72532,43.46546],[-5.72512,43.46624],[-5.72507,43.46736],[-5.72517,43.46844],[-5.72663,43.47043],[-5.7267,43.47068],[-5.72661,43.47089],[-5.72611,43.47126],[-5.72518,43.47173],[-5.72428,43.47205],[-5.72382,43.47213],[-5.72343,43.47205],[-5.72258,43.47233],[-5.72047,43.47391],[-5.72101,43.47415],[-5.7206,43.47447],[-5.72102,43.47451],[-5.72121,43.47461],[-5.72148,43.47497],[-5.72149,43.4759],[-5.72172,43.47662],[-5.72157,43.47697],[-5.72159,43.47737],[-5.72239,43.47804],[-5.72262,43.47837],[-5.72243,43.47913],[-5.72173,43.48016],[-5.72185,43.48038],[-5.72185,43.48109],[-5.72292,43.48197],[-5.72241,43.48224],[-5.72205,43.48265],[-5.72178,43.48326],[-5.7214,43.48319],[-5.72099,43.48463],[-5.72052,43.4842],[-5.72048,43.48519],[-5.72019,43.48509],[-5.71923,43.4851],[-5.719,43.48499],[-5.71847,43.4851],[-5.71837,43.48519],[-5.71823,43.48557],[-5.71853,43.48586],[-5.71848,43.4861],[-5.71702,43.48623],[-5.71699,43.48592],[-5.71726,43.4857],[-5.71659,43.48559],[-5.71604,43.48593],[-5.71566,43.48547],[-5.71532,43.48531],[-5.71483,43.48535],[-5.7139,43.48513],[-5.71255,43.48464],[-5.71155,43.48469],[-5.70987,43.4843],[-5.70868,43.48463],[-5.70783,43.48513],[-5.70774,43.48555],[-5.70645,43.48645],[-5.70518,43.48641],[-5.70383,43.48697],[-5.7034,43.48705],[-5.70258,43.48763],[-5.70215,43.48779],[-5.70218,43.48816],[-5.70297,43.48845],[-5.70303,43.48886],[-5.7024,43.48955],[-5.70241,43.49054],[-5.70144,43.49158],[-5.70164,43.49221],[-5.70192,43.49261],[-5.70171,43.49546],[-5.70127,43.49532],[-5.70154,43.49651],[-5.6997,43.49758],[-5.69902,43.49822],[-5.69815,43.49861],[-5.69741,43.49876],[-5.69721,43.49962],[-5.69599,43.50079],[-5.69451,43.50176],[-5.6919,43.50297],[-5.69078,43.50355],[-5.6901,43.50404],[-5.68735,43.50295],[-5.68706,43.50205]]]}},{"type":"Feature","properties":{"id":"3302409013"},"geometry":{"type":"Polygon","coordinates":[[[-5.7308,43.51151],[-5.72943,43.51125],[-5.72901,43.51129],[-5.72897,43.51147],[-5.72783,43.51151],[-5.72748,43.51138],[-5.72675,43.51074],[-5.72654,43.5111],[-5.72597,43.5109],[-5.72581,43.51084],[-5.72597,43.5106],[-5.72434,43.51017],[-5.72376,43.5098],[-5.72326,43.50962],[-5.72297,43.50891],[-5.72264,43.50854],[-5.72235,43.50852],[-5.72141,43.50888],[-5.72074,43.50815],[-5.72039,43.50798],[-5.72015,43.50797],[-5.71987,43.50775],[-5.71952,43.50776],[-5.71933,43.50765],[-5.71925,43.50598],[-5.71962,43.50555],[-5.71954,43.50508],[-5.72034,43.50487],[-5.72136,43.50385],[-5.72092,43.50316],[-5.72121,43.50223],[-5.72121,43.50177],[-5.72078,43.50123],[-5.72135,43.50074],[-5.7214,43.49995],[-5.72186,43.49942],[-5.72165,43.49892],[-5.72181,43.49801],[-5.72156,43.49756],[-5.72107,43.49719],[-5.72186,43.49599],[-5.7213,43.49577],[-5.72144,43.49562],[-5.72152,43.49522],[-5.7215,43.49501],[-5.72128,43.49475],[-5.72023,43.49414],[-5.72024,43.49383],[-5.72062,43.49354],[-5.72047,43.49333],[-5.72051,43.49284],[-5.7209,43.49277],[-5.7207,43.49222],[-5.72117,43.49184],[-5.72092,43.49153],[-5.72041,43.49142],[-5.72061,43.49103],[-5.72111,43.49061],[-5.7211,43.4901],[-5.7209,43.48958],[-5.71966,43.48901],[-5.71948,43.48879],[-5.71858,43.48663],[-5.71853,43.48586],[-5.71826,43.48565],[-5.71824,43.48541],[-5.71847,43.4851],[-5.719,43.48499],[-5.71923,43.4851],[-5.72019,43.48509],[-5.72048,43.48519],[-5.72052,43.4842],[-5.72099,43.48463],[-5.7214,43.48319],[-5.72178,43.48326],[-5.72205,43.48265],[-5.72241,43.48224],[-5.72292,43.48197],[-5.72185,43.48109],[-5.72185,43.48038],[-5.72173,43.48016],[-5.72243,43.47913],[-5.72262,43.47837],[-5.72239,43.47804],[-5.72159,43.47737],[-5.72157,43.47697],[-5.72172,43.47662],[-5.72149,43.4759],[-5.72148,43.47497],[-5.72121,43.47461],[-5.72102,43.47451],[-5.7206,43.47447],[-5.72101,43.47415],[-5.72047,43.47391],[-5.72258,43.47233],[-5.72343,43.47205],[-5.72382,43.47213],[-5.72428,43.47205],[-5.72518,43.47173],[-5.72642,43.47106],[-5.7267,43.47068],[-5.72651,43.47024],[-5.72517,43.46844],[-5.72507,43.46736],[-5.72514,43.46603],[-5.72532,43.46546],[-5.72571,43.46509],[-5.72681,43.46475],[-5.72716,43.46456],[-5.72772,43.46342],[-5.72757,43.46313],[-5.72718,43.46308],[-5.72704,43.46275],[-5.72706,43.46249],[-5.72735,43.46207],[-5.72747,43.46165],[-5.72727,43.46156],[-5.72677,43.4618],[-5.72652,43.4618],[-5.72644,43.46173],[-5.7266,43.46142],[-5.72691,43.4612],[-5.72696,43.46101],[-5.72661,43.46038],[-5.72685,43.46018],[-5.72696,43.45989],[-5.72574,43.45924],[-5.72532,43.45866],[-5.7253,43.45847],[-5.72577,43.458],[-5.72575,43.45751],[-5.72646,43.45751],[-5.72689,43.45668],[-5.72786,43.4564],[-5.7279,43.45617],[-5.72774,43.45575],[-5.7281,43.4557],[-5.72825,43.45558],[-5.7296,43.45412],[-5.72987,43.4534],[-5.72947,43.45304],[-5.72956,43.45275],[-5.73005,43.45229],[-5.7301,43.4521],[-5.7298,43.45157],[-5.7299,43.45126],[-5.72974,43.45105],[-5.72972,43.45073],[-5.73017,43.45],[-5.73095,43.44955],[-5.73275,43.44925],[-5.73397,43.4496],[-5.73475,43.4496],[-5.73545,43.44943],[-5.7364,43.44962],[-5.7372,43.44953],[-5.73886,43.44993],[-5.73999,43.44998],[-5.74126,43.44965],[-5.74154,43.44966],[-5.74225,43.44936],[-5.74385,43.44905],[-5.74455,43.44871],[-5.7451,43.44821],[-5.74649,43.44798],[-5.74696,43.4482],[-5.74756,43.44829],[-5.74795,43.44853],[-5.7488,43.44874],[-5.74919,43.44913],[-5.75069,43.44991],[-5.7512,43.45006],[-5.75171,43.45042],[-5.75454,43.45099],[-5.75675,43.45165],[-5.7567,43.45242],[-5.75732,43.45394],[-5.75872,43.45593],[-5.75931,43.45636],[-5.76019,43.45673],[-5.76278,43.45918],[-5.76438,43.46049],[-5.76531,43.4608],[-5.76592,43.46138],[-5.77312,43.46293],[-5.77657,43.4632],[-5.77888,43.46319],[-5.77966,43.4633],[-5.78023,43.46368],[-5.78132,43.46554],[-5.78191,43.46594],[-5.78372,43.46662],[-5.78409,43.46705],[-5.78412,43.46807],[-5.78501,43.46877],[-5.78588,43.46988],[-5.78608,43.47],[-5.78554,43.47021],[-5.78518,43.46932],[-5.78461,43.46907],[-5.78432,43.46904],[-5.784,43.46998],[-5.78376,43.47027],[-5.78295,43.47072],[-5.78271,43.47047],[-5.78203,43.47037],[-5.78182,43.47064],[-5.78215,43.47088],[-5.7813,43.47185],[-5.78215,43.47088],[-5.78276,43.47108],[-5.78237,43.47141],[-5.78231,43.47186],[-5.78183,43.47249],[-5.78123,43.47282],[-5.78038,43.47301],[-5.78076,43.47345],[-5.78006,43.47423],[-5.78002,43.47454],[-5.77949,43.47427],[-5.77878,43.47346],[-5.77794,43.47293],[-5.77759,43.47288],[-5.77702,43.47295],[-5.77516,43.47274],[-5.77485,43.47287],[-5.77502,43.47312],[-5.77491,43.47323],[-5.77555,43.4735],[-5.7762,43.47429],[-5.77731,43.47498],[-5.77738,43.47517],[-5.77735,43.47559],[-5.77691,43.47573],[-5.77697,43.47602],[-5.7774,43.47613],[-5.7775,43.47626],[-5.77691,43.47663],[-5.77645,43.47658],[-5.77613,43.47667],[-5.77612,43.47691],[-5.77558,43.47755],[-5.7762,43.47938],[-5.77679,43.48006],[-5.77689,43.48033],[-5.77766,43.48095],[-5.7776,43.48253],[-5.77819,43.48336],[-5.77838,43.48448],[-5.77715,43.48609],[-5.77865,43.48652],[-5.77877,43.48755],[-5.77844,43.48827],[-5.77823,43.48799],[-5.77799,43.48785],[-5.77753,43.48788],[-5.77664,43.48833],[-5.77601,43.48831],[-5.77525,43.48864],[-5.77421,43.48946],[-5.77381,43.48909],[-5.77353,43.48905],[-5.77346,43.48943],[-5.77297,43.48965],[-5.7729,43.48977],[-5.77327,43.49015],[-5.77253,43.49046],[-5.77238,43.49021],[-5.77277,43.48997],[-5.77219,43.48903],[-5.77198,43.48905],[-5.77155,43.48915],[-5.77109,43.4896],[-5.76956,43.49028],[-5.76931,43.49031],[-5.76889,43.48987],[-5.76789,43.49017],[-5.76814,43.49073],[-5.76755,43.49086],[-5.7674,43.49095],[-5.76743,43.49103],[-5.76642,43.49152],[-5.76627,43.49148],[-5.76638,43.4912],[-5.76628,43.49115],[-5.76566,43.49114],[-5.76552,43.49176],[-5.76596,43.492],[-5.76593,43.4927],[-5.7651,43.49269],[-5.76457,43.49282],[-5.76493,43.49294],[-5.76428,43.49306],[-5.76438,43.4934],[-5.76414,43.49355],[-5.76446,43.4937],[-5.76451,43.49412],[-5.76499,43.49457],[-5.76515,43.49495],[-5.76504,43.49578],[-5.76484,43.49595],[-5.76484,43.49609],[-5.76539,43.4971],[-5.76533,43.49737],[-5.76442,43.49817],[-5.76383,43.49859],[-5.76266,43.49894],[-5.7619,43.49907],[-5.76076,43.49897],[-5.7592,43.49835],[-5.75879,43.49832],[-5.7586,43.49843],[-5.75757,43.49982],[-5.75702,43.5001],[-5.75664,43.50022],[-5.75584,43.50017],[-5.75557,43.5001],[-5.75512,43.4998],[-5.75483,43.49989],[-5.75448,43.50022],[-5.7532,43.5007],[-5.753,43.50088],[-5.75325,43.50152],[-5.75315,43.50239],[-5.75366,43.50239],[-5.75365,43.50278],[-5.75331,43.50396],[-5.75228,43.50451],[-5.74955,43.5042],[-5.74914,43.5036],[-5.74786,43.50397],[-5.74702,43.50404],[-5.74429,43.5051],[-5.74358,43.5056],[-5.74276,43.50659],[-5.74244,43.50681],[-5.74214,43.50676],[-5.74205,43.50719],[-5.74175,43.50716],[-5.74155,43.50802],[-5.74139,43.50799],[-5.74046,43.50988],[-5.73971,43.50984],[-5.73942,43.51001],[-5.73935,43.51105],[-5.73752,43.51082],[-5.73731,43.51042],[-5.73685,43.51055],[-5.73575,43.51028],[-5.73468,43.51065],[-5.73414,43.51052],[-5.73327,43.51086],[-5.73291,43.51086],[-5.73172,43.5106],[-5.73127,43.51128],[-5.73104,43.51142],[-5.7308,43.51151]]]}},{"type":"Feature","properties":{"id":"3302409014"},"geometry":{"type":"Polygon","coordinates":[[[-5.72502,43.54155],[-5.72656,43.54033],[-5.72672,43.53938],[-5.72746,43.53831],[-5.72783,43.53749],[-5.72937,43.52033],[-5.73069,43.51938],[-5.73176,43.51816],[-5.72947,43.51743],[-5.72873,43.51727],[-5.72795,43.51723],[-5.72533,43.51744],[-5.72438,43.51678],[-5.72048,43.51794],[-5.72005,43.5169],[-5.71959,43.51657],[-5.71895,43.51628],[-5.71847,43.51564],[-5.71834,43.51438],[-5.71859,43.51404],[-5.71894,43.51372],[-5.72186,43.51281],[-5.7236,43.51201],[-5.72463,43.51107],[-5.72508,43.51116],[-5.72536,43.51044],[-5.72597,43.5106],[-5.72581,43.51084],[-5.72654,43.5111],[-5.72675,43.51074],[-5.72748,43.51138],[-5.72783,43.51151],[-5.72897,43.51147],[-5.72901,43.51129],[-5.72943,43.51125],[-5.7308,43.51151],[-5.73127,43.51128],[-5.73172,43.5106],[-5.73291,43.51086],[-5.73327,43.51086],[-5.73414,43.51052],[-5.73468,43.51065],[-5.73575,43.51028],[-5.73685,43.51055],[-5.73731,43.51042],[-5.73752,43.51082],[-5.73935,43.51105],[-5.73942,43.51001],[-5.73971,43.50984],[-5.74046,43.50988],[-5.74139,43.50799],[-5.74155,43.50802],[-5.74175,43.50716],[-5.74205,43.50719],[-5.74214,43.50676],[-5.74244,43.50681],[-5.74276,43.50659],[-5.74358,43.5056],[-5.74429,43.5051],[-5.74702,43.50404],[-5.74786,43.50397],[-5.74914,43.5036],[-5.74955,43.5042],[-5.75228,43.50451],[-5.75331,43.50396],[-5.75365,43.50278],[-5.75366,43.50239],[-5.75315,43.50239],[-5.75325,43.50152],[-5.753,43.50088],[-5.7532,43.5007],[-5.75448,43.50022],[-5.75483,43.49989],[-5.75512,43.4998],[-5.75557,43.5001],[-5.75584,43.50017],[-5.75664,43.50022],[-5.75702,43.5001],[-5.75757,43.49982],[-5.7586,43.49843],[-5.75879,43.49832],[-5.7592,43.49835],[-5.76076,43.49897],[-5.7619,43.49907],[-5.76266,43.49894],[-5.76383,43.49859],[-5.76442,43.49817],[-5.76533,43.49737],[-5.76539,43.4971],[-5.76484,43.49609],[-5.76484,43.49595],[-5.76504,43.49578],[-5.76515,43.49495],[-5.76499,43.49457],[-5.76451,43.49412],[-5.76446,43.4937],[-5.76414,43.49355],[-5.76438,43.4934],[-5.76428,43.49306],[-5.76493,43.49294],[-5.76457,43.49282],[-5.7651,43.49269],[-5.76593,43.4927],[-5.76596,43.492],[-5.76552,43.49176],[-5.76566,43.49114],[-5.76628,43.49115],[-5.76638,43.4912],[-5.76627,43.49148],[-5.76642,43.49152],[-5.76743,43.49103],[-5.7674,43.49095],[-5.76755,43.49086],[-5.76814,43.49073],[-5.76789,43.49017],[-5.76889,43.48987],[-5.76931,43.49031],[-5.76956,43.49028],[-5.77109,43.4896],[-5.77155,43.48915],[-5.77198,43.48905],[-5.77219,43.48903],[-5.77277,43.48997],[-5.77238,43.49021],[-5.77253,43.49046],[-5.77327,43.49015],[-5.7729,43.48977],[-5.77297,43.48965],[-5.77346,43.48943],[-5.77353,43.48905],[-5.77381,43.48909],[-5.77421,43.48946],[-5.77525,43.48864],[-5.77601,43.48831],[-5.77664,43.48833],[-5.77753,43.48788],[-5.77799,43.48785],[-5.77823,43.48799],[-5.77844,43.48827],[-5.77877,43.48755],[-5.77865,43.48652],[-5.77715,43.48609],[-5.77838,43.48448],[-5.77819,43.48336],[-5.7776,43.48253],[-5.77766,43.48095],[-5.77689,43.48033],[-5.77679,43.48006],[-5.7762,43.47938],[-5.77558,43.47755],[-5.77612,43.47691],[-5.77613,43.47667],[-5.77645,43.47658],[-5.77691,43.47663],[-5.7775,43.47626],[-5.7774,43.47613],[-5.77697,43.47602],[-5.77691,43.47573],[-5.77735,43.47559],[-5.77738,43.47517],[-5.77731,43.47498],[-5.7762,43.47429],[-5.77555,43.4735],[-5.77491,43.47323],[-5.77502,43.47312],[-5.77485,43.47287],[-5.77492,43.47279],[-5.77546,43.47274],[-5.77702,43.47295],[-5.77759,43.47288],[-5.77794,43.47293],[-5.77878,43.47346],[-5.77949,43.47427],[-5.78002,43.47454],[-5.78006,43.47423],[-5.78076,43.47345],[-5.78038,43.47301],[-5.78123,43.47282],[-5.78183,43.47249],[-5.78231,43.47186],[-5.78237,43.47141],[-5.78276,43.47108],[-5.78215,43.47088],[-5.7813,43.47185],[-5.78215,43.47088],[-5.78182,43.47064],[-5.78203,43.47037],[-5.78271,43.47047],[-5.78295,43.47072],[-5.78376,43.47027],[-5.784,43.46998],[-5.78432,43.46904],[-5.78496,43.46918],[-5.78518,43.46932],[-5.78554,43.47021],[-5.78608,43.47],[-5.78655,43.47029],[-5.78713,43.47085],[-5.78772,43.47212],[-5.78752,43.47306],[-5.78697,43.4741],[-5.78698,43.47463],[-5.78721,43.47549],[-5.78716,43.47608],[-5.78773,43.47605],[-5.78821,43.4758],[-5.78879,43.47513],[-5.78923,43.47527],[-5.78952,43.47552],[-5.79033,43.47512],[-5.79104,43.47597],[-5.79194,43.47663],[-5.79441,43.47792],[-5.7955,43.47891],[-5.79766,43.48029],[-5.79882,43.48015],[-5.79952,43.48027],[-5.80127,43.48009],[-5.80175,43.48087],[-5.80171,43.48181],[-5.80233,43.48201],[-5.8032,43.48199],[-5.80376,43.48263],[-5.80359,43.48516],[-5.80733,43.48528],[-5.8112,43.48583],[-5.81114,43.49038],[-5.8183,43.49109],[-5.81755,43.49197],[-5.81671,43.49357],[-5.81526,43.49745],[-5.81791,43.50006],[-5.82029,43.50123],[-5.82123,43.50405],[-5.8211,43.50497],[-5.81929,43.50727],[-5.8184,43.50789],[-5.81816,43.50823],[-5.81801,43.50925],[-5.81785,43.50952],[-5.81663,43.51051],[-5.81588,43.51083],[-5.81509,43.51093],[-5.81465,43.51077],[-5.81204,43.50898],[-5.80862,43.51271],[-5.80683,43.51303],[-5.80463,43.51375],[-5.80282,43.51417],[-5.80168,43.51458],[-5.80007,43.51547],[-5.79542,43.5167],[-5.79483,43.51696],[-5.79406,43.51821],[-5.79363,43.51852],[-5.79239,43.51894],[-5.79011,43.51942],[-5.78719,43.52047],[-5.78628,43.52056],[-5.78474,43.52012],[-5.78439,43.52009],[-5.78383,43.52023],[-5.78347,43.52041],[-5.78313,43.52082],[-5.78267,43.52202],[-5.77656,43.52285],[-5.77624,43.52298],[-5.77572,43.52352],[-5.77468,43.52406],[-5.77386,43.52428],[-5.7727,43.52446],[-5.7716,43.52481],[-5.76892,43.52512],[-5.76832,43.52539],[-5.76739,43.52605],[-5.76267,43.52879],[-5.76138,43.52928],[-5.76076,43.52974],[-5.75942,43.5312],[-5.75809,43.53201],[-5.7565,43.53243],[-5.75488,43.53345],[-5.74575,43.53788],[-5.7444,43.53765],[-5.74276,43.53762],[-5.74269,43.53789],[-5.74405,43.53908],[-5.74498,43.54024],[-5.74511,43.54051],[-5.74509,43.54078],[-5.74428,43.54093],[-5.74366,43.54093],[-5.74201,43.54157],[-5.7373,43.54229],[-5.73565,43.54273],[-5.73282,43.54422],[-5.73104,43.54564],[-5.73007,43.54603],[-5.72801,43.54545],[-5.72723,43.54502],[-5.72688,43.54469],[-5.72646,43.54406],[-5.72649,43.54321],[-5.72635,43.54287],[-5.72502,43.54155]]]}},{"type":"Feature","properties":{"id":"3302409015"},"geometry":{"type":"Polygon","coordinates":[[[-5.59915,43.54817],[-5.59921,43.54757],[-5.59947,43.54726],[-5.60046,43.54677],[-5.60152,43.54643],[-5.60207,43.54575],[-5.60226,43.54635],[-5.60256,43.54657],[-5.60355,43.54546],[-5.60409,43.54518],[-5.60585,43.54459],[-5.60609,43.54415],[-5.60637,43.54412],[-5.6077,43.5436],[-5.60761,43.54336],[-5.60775,43.54319],[-5.60833,43.54294],[-5.60901,43.54288],[-5.60863,43.54232],[-5.61126,43.54184],[-5.61214,43.54143],[-5.61331,43.53979],[-5.61373,43.5396],[-5.61378,43.54039],[-5.61405,43.54098],[-5.616,43.54125],[-5.6175,43.54169],[-5.6185,43.54166],[-5.61919,43.54136],[-5.61936,43.54091],[-5.61975,43.54042],[-5.62,43.54036],[-5.62148,43.54032],[-5.62238,43.54057],[-5.62298,43.54146],[-5.62291,43.54187],[-5.62247,43.54275],[-5.62235,43.54357],[-5.62188,43.54491],[-5.62227,43.54572],[-5.62269,43.54531],[-5.62342,43.54514],[-5.62444,43.5452],[-5.62662,43.54556],[-5.62724,43.54522],[-5.62735,43.54499],[-5.62866,43.54414],[-5.62858,43.54365],[-5.62868,43.54327],[-5.62827,43.54239],[-5.62833,43.5412],[-5.62853,43.54056],[-5.62832,43.54008],[-5.62893,43.5402],[-5.63036,43.54102],[-5.63251,43.54173],[-5.63345,43.54201],[-5.63462,43.542],[-5.63498,43.5427],[-5.63463,43.54296],[-5.63451,43.5433],[-5.63473,43.54346],[-5.63501,43.54401],[-5.63573,43.54392],[-5.63594,43.54524],[-5.6357,43.54611],[-5.63914,43.54798],[-5.63932,43.54815],[-5.63881,43.54818],[-5.63871,43.54831],[-5.63832,43.54845],[-5.63815,43.54869],[-5.63787,43.54879],[-5.638,43.54903],[-5.63787,43.54922],[-5.63806,43.54936],[-5.63786,43.54954],[-5.63824,43.54974],[-5.63823,43.55028],[-5.63907,43.55104],[-5.63914,43.55126],[-5.63747,43.55219],[-5.63722,43.55199],[-5.63708,43.55216],[-5.63607,43.55143],[-5.63539,43.55135],[-5.63452,43.55085],[-5.63416,43.55087],[-5.63377,43.5507],[-5.63342,43.55067],[-5.63266,43.55079],[-5.63236,43.55066],[-5.63163,43.5506],[-5.63124,43.55045],[-5.63105,43.55023],[-5.63033,43.54982],[-5.62963,43.5498],[-5.62915,43.54963],[-5.62929,43.54954],[-5.62914,43.54948],[-5.62881,43.54953],[-5.62873,43.54967],[-5.62771,43.54996],[-5.62653,43.55082],[-5.62518,43.55093],[-5.62481,43.55121],[-5.6239,43.55128],[-5.62326,43.55183],[-5.62257,43.55208],[-5.6218,43.55269],[-5.62181,43.55333],[-5.62151,43.5537],[-5.62133,43.55417],[-5.62133,43.55442],[-5.62161,43.55453],[-5.62133,43.5549],[-5.62142,43.55534],[-5.62194,43.55572],[-5.62164,43.55607],[-5.62166,43.55665],[-5.6215,43.55663],[-5.62052,43.55691],[-5.62018,43.5567],[-5.61942,43.55687],[-5.6187,43.55672],[-5.61845,43.55675],[-5.61815,43.55685],[-5.61799,43.55703],[-5.61727,43.55722],[-5.61673,43.55699],[-5.61643,43.5571],[-5.61583,43.55708],[-5.61546,43.55689],[-5.6154,43.55675],[-5.61403,43.55605],[-5.61453,43.55565],[-5.6149,43.55477],[-5.61491,43.55469],[-5.61461,43.55448],[-5.61461,43.55405],[-5.61414,43.5535],[-5.6135,43.5536],[-5.61327,43.55377],[-5.61306,43.55378],[-5.61275,43.55354],[-5.6126,43.55323],[-5.61293,43.55287],[-5.6129,43.55236],[-5.61322,43.55197],[-5.61298,43.55161],[-5.61273,43.55147],[-5.61263,43.55159],[-5.61233,43.5516],[-5.61229,43.55138],[-5.61201,43.55126],[-5.61213,43.55094],[-5.61141,43.55085],[-5.6098,43.54955],[-5.60947,43.54944],[-5.60905,43.54952],[-5.60884,43.54938],[-5.60851,43.54944],[-5.60824,43.54916],[-5.60758,43.54911],[-5.60617,43.54882],[-5.60565,43.5491],[-5.60553,43.54952],[-5.60531,43.54951],[-5.60475,43.54919],[-5.6047,43.54898],[-5.60434,43.54885],[-5.60412,43.5486],[-5.60365,43.54867],[-5.60336,43.54914],[-5.60282,43.54909],[-5.60229,43.54888],[-5.602,43.54902],[-5.60153,43.54903],[-5.60106,43.54888],[-5.60047,43.54851],[-5.59983,43.54828],[-5.59915,43.54817]]]}},{"type":"Feature","properties":{"id":"3302409016"},"geometry":{"type":"Polygon","coordinates":[[[-5.70785,43.51857],[-5.70785,43.51839],[-5.70627,43.51844],[-5.70324,43.51892],[-5.70098,43.51911],[-5.69806,43.51899],[-5.69635,43.51869],[-5.69506,43.51832],[-5.69174,43.51685],[-5.69171,43.51662],[-5.69108,43.51608],[-5.69161,43.51548],[-5.69183,43.51499],[-5.69315,43.51563],[-5.69603,43.51498],[-5.69717,43.5154],[-5.69844,43.51504],[-5.70001,43.51435],[-5.69995,43.5137],[-5.6993,43.51271],[-5.6988,43.51245],[-5.69789,43.51142],[-5.69792,43.51106],[-5.69661,43.51088],[-5.69552,43.51055],[-5.69301,43.50954],[-5.69215,43.5091],[-5.69174,43.50861],[-5.69114,43.50861],[-5.69049,43.50771],[-5.68993,43.5079],[-5.6889,43.50655],[-5.68893,43.50613],[-5.6902,43.50412],[-5.69008,43.50403],[-5.6919,43.50297],[-5.69451,43.50176],[-5.69599,43.50079],[-5.69721,43.49962],[-5.69741,43.49876],[-5.69815,43.49861],[-5.69902,43.49822],[-5.6997,43.49758],[-5.70154,43.49651],[-5.70127,43.49532],[-5.70171,43.49546],[-5.70192,43.49261],[-5.70164,43.49221],[-5.70144,43.49158],[-5.70241,43.49054],[-5.7024,43.48955],[-5.70303,43.48886],[-5.70297,43.48845],[-5.70218,43.48816],[-5.70215,43.48779],[-5.70258,43.48763],[-5.7034,43.48705],[-5.70383,43.48697],[-5.70518,43.48641],[-5.70645,43.48645],[-5.70774,43.48555],[-5.70783,43.48513],[-5.70868,43.48463],[-5.70987,43.4843],[-5.71155,43.48469],[-5.71255,43.48464],[-5.7139,43.48513],[-5.71483,43.48535],[-5.71532,43.48531],[-5.71566,43.48547],[-5.71604,43.48593],[-5.71659,43.48559],[-5.71726,43.4857],[-5.71699,43.48592],[-5.71702,43.48623],[-5.71849,43.4861],[-5.71858,43.48663],[-5.71948,43.48879],[-5.71966,43.48901],[-5.7209,43.48958],[-5.72117,43.49048],[-5.72061,43.49103],[-5.72041,43.49142],[-5.72092,43.49153],[-5.72117,43.49184],[-5.7207,43.49222],[-5.7209,43.49277],[-5.72051,43.49284],[-5.72047,43.49333],[-5.72062,43.49354],[-5.72024,43.49383],[-5.72023,43.49414],[-5.72128,43.49475],[-5.7215,43.49501],[-5.72152,43.49522],[-5.72144,43.49562],[-5.7213,43.49577],[-5.72186,43.49599],[-5.72107,43.49719],[-5.72156,43.49756],[-5.72181,43.49801],[-5.72165,43.49892],[-5.72186,43.49942],[-5.7214,43.49995],[-5.72135,43.50074],[-5.72078,43.50123],[-5.72121,43.50177],[-5.72121,43.50223],[-5.72092,43.50316],[-5.72136,43.50385],[-5.72034,43.50487],[-5.71954,43.50508],[-5.71962,43.50555],[-5.71925,43.50598],[-5.71933,43.50765],[-5.71952,43.50776],[-5.71987,43.50775],[-5.72015,43.50797],[-5.72039,43.50798],[-5.72074,43.50815],[-5.72141,43.50888],[-5.72235,43.50852],[-5.72264,43.50854],[-5.72297,43.50891],[-5.72326,43.50962],[-5.72376,43.5098],[-5.72434,43.51017],[-5.72536,43.51044],[-5.72508,43.51116],[-5.72463,43.51107],[-5.7236,43.51201],[-5.72186,43.51281],[-5.71894,43.51372],[-5.71834,43.51438],[-5.71847,43.51564],[-5.71895,43.51628],[-5.71959,43.51657],[-5.72005,43.5169],[-5.72048,43.51794],[-5.718,43.51861],[-5.71598,43.51894],[-5.7145,43.51904],[-5.71308,43.51902],[-5.70785,43.51857]]]}},{"type":"Feature","properties":{"id":"3302409017"},"geometry":{"type":"Polygon","coordinates":[[[-5.68656,43.51445],[-5.68476,43.51374],[-5.68311,43.51337],[-5.68193,43.51322],[-5.67587,43.51317],[-5.67643,43.51236],[-5.67635,43.51181],[-5.67377,43.50796],[-5.6707,43.50903],[-5.67005,43.50832],[-5.66958,43.50826],[-5.66918,43.5085],[-5.66845,43.50873],[-5.66799,43.50874],[-5.66722,43.50859],[-5.66644,43.50862],[-5.66649,43.50809],[-5.66681,43.50715],[-5.66667,43.50686],[-5.66645,43.5067],[-5.66654,43.50643],[-5.66726,43.50639],[-5.66847,43.50648],[-5.66792,43.50578],[-5.66805,43.50557],[-5.668,43.50525],[-5.66913,43.50508],[-5.66925,43.50482],[-5.6692,43.50448],[-5.66962,43.50381],[-5.67117,43.50318],[-5.6712,43.50258],[-5.67079,43.50242],[-5.67079,43.50158],[-5.67125,43.50123],[-5.67211,43.50097],[-5.6719,43.50075],[-5.6722,43.49945],[-5.67237,43.49759],[-5.67352,43.49823],[-5.67451,43.49861],[-5.67523,43.49868],[-5.67757,43.49845],[-5.67727,43.49945],[-5.68143,43.49927],[-5.6825,43.49893],[-5.68277,43.49921],[-5.68379,43.49941],[-5.68438,43.50059],[-5.68453,43.50122],[-5.68511,43.50141],[-5.68529,43.50126],[-5.68706,43.50205],[-5.68735,43.50295],[-5.6902,43.50412],[-5.68893,43.50613],[-5.6889,43.50655],[-5.68993,43.5079],[-5.69049,43.50771],[-5.69114,43.50861],[-5.69174,43.50861],[-5.69215,43.5091],[-5.69301,43.50954],[-5.69552,43.51055],[-5.69661,43.51088],[-5.69792,43.51106],[-5.69789,43.51142],[-5.6988,43.51245],[-5.6993,43.51271],[-5.69955,43.51299],[-5.69995,43.5137],[-5.70001,43.51435],[-5.69844,43.51504],[-5.69717,43.5154],[-5.69603,43.51498],[-5.69315,43.51563],[-5.69183,43.51499],[-5.69161,43.51548],[-5.69108,43.51608],[-5.69171,43.51662],[-5.69174,43.51685],[-5.68656,43.51445]]]}},{"type":"Feature","properties":{"id":"3302409018"},"geometry":{"type":"Polygon","coordinates":[[[-5.66352,43.51287],[-5.67454,43.50913],[-5.67635,43.51181],[-5.67643,43.51236],[-5.67587,43.51317],[-5.67003,43.51319],[-5.66802,43.51341],[-5.66341,43.51419],[-5.66343,43.51383],[-5.66378,43.51351],[-5.66352,43.51287]]]}},{"type":"Feature","properties":{"id":"3302409019"},"geometry":{"type":"Polygon","coordinates":[[[-5.66644,43.50862],[-5.66722,43.50859],[-5.66799,43.50874],[-5.66845,43.50873],[-5.66918,43.5085],[-5.66958,43.50826],[-5.67005,43.50832],[-5.6707,43.50903],[-5.67377,43.50796],[-5.67454,43.50913],[-5.66518,43.51229],[-5.66486,43.51179],[-5.66503,43.51164],[-5.66518,43.51114],[-5.66582,43.5105],[-5.66518,43.50976],[-5.66523,43.50963],[-5.66554,43.50928],[-5.66644,43.50862]]]}}]}