{"type":"FeatureCollection","features":[{"type":"Feature","properties":{"id":"3304401001"},"geometry":{"type":"Polygon","coordinates":[[[-5.84194,43.36358],[-5.84132,43.36254],[-5.84128,43.36229],[-5.84153,43.36136],[-5.84177,43.36089],[-5.84263,43.3604],[-5.84265,43.35924],[-5.84502,43.35923],[-5.84505,43.35984],[-5.84477,43.36028],[-5.8445,43.36151],[-5.84453,43.36207],[-5.84489,43.3624],[-5.84391,43.36258],[-5.84399,43.36297],[-5.8439,43.36375],[-5.84321,43.36375],[-5.84194,43.36358]]]}},{"type":"Feature","properties":{"id":"3304401003"},"geometry":{"type":"Polygon","coordinates":[[[-5.84505,43.35984],[-5.84491,43.35899],[-5.84632,43.3583],[-5.84775,43.35963],[-5.84615,43.3606],[-5.84586,43.36151],[-5.84597,43.36217],[-5.84489,43.3624],[-5.84453,43.36207],[-5.8445,43.36151],[-5.84477,43.36028],[-5.84505,43.35984]]]}},{"type":"Feature","properties":{"id":"3304401004"},"geometry":{"type":"Polygon","coordinates":[[[-5.84632,43.3583],[-5.84749,43.35773],[-5.84756,43.35741],[-5.8481,43.35747],[-5.84806,43.35778],[-5.84917,43.35871],[-5.84775,43.35963],[-5.84632,43.3583]]]}},{"type":"Feature","properties":{"id":"3304401005"},"geometry":{"type":"Polygon","coordinates":[[[-5.84615,43.3606],[-5.84917,43.35871],[-5.85036,43.35955],[-5.84803,43.36179],[-5.84595,43.3621],[-5.84586,43.36151],[-5.84615,43.3606]]]}},{"type":"Feature","properties":{"id":"3304401006"},"geometry":{"type":"Polygon","coordinates":[[[-5.84379,43.36376],[-5.8439,43.36375],[-5.84399,43.36297],[-5.84391,43.36258],[-5.84597,43.36217],[-5.84595,43.3621],[-5.84803,43.36179],[-5.84876,43.36229],[-5.84652,43.36301],[-5.84702,43.36314],[-5.84676,43.36364],[-5.84623,43.36399],[-5.84496,43.36454],[-5.84379,43.36376]]]}},{"type":"Feature","properties":{"id":"3304401007"},"geometry":{"type":"Polygon","coordinates":[[[-5.8481,43.35747],[-5.84958,43.35672],[-5.85075,43.35753],[-5.84917,43.35871],[-5.84806,43.35778],[-5.8481,43.35747]]]}},{"type":"Feature","properties":{"id":"3304401008"},"geometry":{"type":"Polygon","coordinates":[[[-5.84917,43.35871],[-5.85137,43.35707],[-5.85419,43.3568],[-5.85036,43.35955],[-5.84917,43.35871]]]}},{"type":"Feature","properties":{"id":"3304401009"},"geometry":{"type":"Polygon","coordinates":[[[-5.84958,43.35672],[-5.85098,43.35605],[-5.85099,43.35597],[-5.85386,43.35632],[-5.85466,43.35649],[-5.85419,43.3568],[-5.85137,43.35707],[-5.85075,43.35753],[-5.84958,43.35672]]]}},{"type":"Feature","properties":{"id":"3304402001"},"geometry":{"type":"Polygon","coordinates":[[[-5.84459,43.35446],[-5.84555,43.35457],[-5.84857,43.35535],[-5.84754,43.35722],[-5.84749,43.35773],[-5.84501,43.35894],[-5.8439,43.35774],[-5.84374,43.35743],[-5.84466,43.35527],[-5.84459,43.35446]]]}},{"type":"Feature","properties":{"id":"3304402002"},"geometry":{"type":"Polygon","coordinates":[[[-5.84756,43.35741],[-5.84754,43.35722],[-5.84857,43.35535],[-5.85099,43.35597],[-5.85098,43.35605],[-5.8481,43.35747],[-5.84756,43.35741]]]}},{"type":"Feature","properties":{"id":"3304402003"},"geometry":{"type":"Polygon","coordinates":[[[-5.85099,43.35597],[-5.8512,43.35518],[-5.85293,43.35418],[-5.85293,43.35384],[-5.85283,43.35392],[-5.85246,43.3538],[-5.85187,43.35383],[-5.8519,43.35366],[-5.85321,43.3525],[-5.85364,43.35154],[-5.8541,43.35138],[-5.85434,43.35112],[-5.85439,43.3509],[-5.85401,43.35053],[-5.85459,43.34995],[-5.85465,43.34973],[-5.85689,43.35032],[-5.85664,43.3507],[-5.85626,43.3518],[-5.85616,43.3526],[-5.85619,43.35484],[-5.85599,43.35532],[-5.85553,43.35584],[-5.85466,43.35649],[-5.85386,43.35632],[-5.85099,43.35597]]]}},{"type":"Feature","properties":{"id":"3304402004"},"geometry":{"type":"Polygon","coordinates":[[[-5.84384,43.35443],[-5.84375,43.35409],[-5.84259,43.35324],[-5.84356,43.35259],[-5.84377,43.35167],[-5.84505,43.35309],[-5.84452,43.35324],[-5.84459,43.35446],[-5.84384,43.35443]]]}},{"type":"Feature","properties":{"id":"3304402005"},"geometry":{"type":"Polygon","coordinates":[[[-5.84265,43.35924],[-5.84263,43.35768],[-5.84278,43.35694],[-5.84384,43.35443],[-5.84459,43.35446],[-5.84466,43.35527],[-5.84374,43.35743],[-5.8439,43.35774],[-5.84501,43.35894],[-5.84491,43.35899],[-5.84502,43.35923],[-5.84265,43.35924]]]}},{"type":"Feature","properties":{"id":"3304402006"},"geometry":{"type":"Polygon","coordinates":[[[-5.85095,43.35596],[-5.8485,43.35533],[-5.84871,43.35492],[-5.84907,43.35465],[-5.84808,43.35318],[-5.84856,43.3525],[-5.84924,43.35256],[-5.84917,43.35204],[-5.8488,43.35135],[-5.85345,43.35013],[-5.85465,43.34973],[-5.85459,43.34995],[-5.85401,43.35053],[-5.85439,43.3509],[-5.85434,43.35112],[-5.8541,43.35138],[-5.85364,43.35154],[-5.85321,43.3525],[-5.8519,43.35366],[-5.85187,43.35383],[-5.85246,43.3538],[-5.85283,43.35392],[-5.85293,43.35384],[-5.85293,43.35418],[-5.8512,43.35518],[-5.85095,43.35596]]]}},{"type":"Feature","properties":{"id":"3304402007"},"geometry":{"type":"Polygon","coordinates":[[[-5.84259,43.35324],[-5.83805,43.35148],[-5.83654,43.34983],[-5.83888,43.34908],[-5.83922,43.34877],[-5.83912,43.34838],[-5.83934,43.34833],[-5.83982,43.34845],[-5.84065,43.34822],[-5.84263,43.34788],[-5.84401,43.34897],[-5.84414,43.34956],[-5.84402,43.34991],[-5.8444,43.35],[-5.84377,43.35155],[-5.84356,43.35259],[-5.84259,43.35324]]]}},{"type":"Feature","properties":{"id":"3304402008"},"geometry":{"type":"Polygon","coordinates":[[[-5.84459,43.35446],[-5.84452,43.35324],[-5.84505,43.35309],[-5.8446,43.35263],[-5.84529,43.35228],[-5.8488,43.35135],[-5.84917,43.35204],[-5.84924,43.35256],[-5.84856,43.3525],[-5.84808,43.35318],[-5.84907,43.35465],[-5.84871,43.35492],[-5.8485,43.35533],[-5.84555,43.35457],[-5.84459,43.35446]]]}},{"type":"Feature","properties":{"id":"3304402009"},"geometry":{"type":"Polygon","coordinates":[[[-5.84377,43.35167],[-5.8444,43.35],[-5.84402,43.34991],[-5.84414,43.34956],[-5.84401,43.34897],[-5.84317,43.34824],[-5.8429,43.34813],[-5.84263,43.34788],[-5.84065,43.34822],[-5.83982,43.34845],[-5.8391,43.34833],[-5.83955,43.34816],[-5.83978,43.34737],[-5.84034,43.34692],[-5.84185,43.3461],[-5.8418,43.34536],[-5.84226,43.3446],[-5.84133,43.34397],[-5.84145,43.34362],[-5.84137,43.34318],[-5.84093,43.34319],[-5.84041,43.34342],[-5.83976,43.34392],[-5.83934,43.34409],[-5.83873,43.34468],[-5.83773,43.34538],[-5.83689,43.34578],[-5.83649,43.3458],[-5.83536,43.34518],[-5.83525,43.34487],[-5.83482,43.34437],[-5.83438,43.34443],[-5.83442,43.3435],[-5.83485,43.34111],[-5.83848,43.3399],[-5.8388,43.3397],[-5.83965,43.33958],[-5.84017,43.3394],[-5.84151,43.33951],[-5.84194,43.33887],[-5.84328,43.33862],[-5.84367,43.33865],[-5.84401,43.3385],[-5.84438,43.33853],[-5.84503,43.33843],[-5.84522,43.33859],[-5.84485,43.33904],[-5.84484,43.33939],[-5.84504,43.33938],[-5.8453,43.33962],[-5.84502,43.33993],[-5.84506,43.34051],[-5.84568,43.34059],[-5.84571,43.34086],[-5.84699,43.34102],[-5.84697,43.34125],[-5.84889,43.34239],[-5.84938,43.34188],[-5.853,43.34127],[-5.85382,43.34507],[-5.85592,43.345],[-5.85697,43.34505],[-5.85825,43.34539],[-5.85989,43.34602],[-5.86083,43.34664],[-5.85769,43.34914],[-5.85689,43.35032],[-5.85465,43.34973],[-5.85345,43.35013],[-5.84529,43.35228],[-5.84468,43.35258],[-5.84451,43.35254],[-5.84377,43.35167]]]}},{"type":"Feature","properties":{"id":"3304403001"},"geometry":{"type":"Polygon","coordinates":[[[-5.83611,43.36253],[-5.83369,43.36183],[-5.83254,43.36189],[-5.8303,43.36011],[-5.82948,43.3591],[-5.82916,43.35917],[-5.82862,43.35959],[-5.82768,43.35968],[-5.82679,43.35992],[-5.8267,43.3607],[-5.82606,43.3618],[-5.82583,43.36198],[-5.82297,43.3608],[-5.82287,43.36069],[-5.82191,43.36044],[-5.82108,43.35996],[-5.82063,43.35984],[-5.81987,43.3591],[-5.81972,43.35811],[-5.81996,43.35786],[-5.81985,43.35763],[-5.82058,43.35645],[-5.82071,43.35605],[-5.82147,43.35569],[-5.82144,43.35531],[-5.82162,43.35493],[-5.82184,43.35479],[-5.82266,43.35465],[-5.82404,43.35454],[-5.82531,43.35516],[-5.82692,43.35543],[-5.82704,43.35531],[-5.82644,43.3548],[-5.82816,43.35467],[-5.82868,43.35475],[-5.82915,43.35461],[-5.83037,43.35489],[-5.83156,43.35551],[-5.83236,43.35632],[-5.83335,43.35777],[-5.83371,43.35807],[-5.83462,43.35855],[-5.83437,43.35893],[-5.83386,43.35937],[-5.83464,43.35957],[-5.83513,43.36],[-5.8357,43.36011],[-5.83599,43.36025],[-5.83678,43.36143],[-5.83689,43.36169],[-5.83684,43.36199],[-5.83658,43.36229],[-5.83611,43.36253]]]}},{"type":"Feature","properties":{"id":"3304403002"},"geometry":{"type":"Polygon","coordinates":[[[-5.83897,43.36391],[-5.8388,43.36333],[-5.8387,43.36231],[-5.83892,43.36226],[-5.83884,43.36104],[-5.83857,43.36002],[-5.83967,43.36011],[-5.8406,43.36003],[-5.84143,43.3602],[-5.84196,43.36081],[-5.84177,43.36089],[-5.84162,43.36112],[-5.84129,43.36241],[-5.84194,43.36358],[-5.84099,43.36354],[-5.83944,43.36398],[-5.83897,43.36391]]]}},{"type":"Feature","properties":{"id":"3304403003"},"geometry":{"type":"Polygon","coordinates":[[[-5.83967,43.36011],[-5.83955,43.35952],[-5.84069,43.35862],[-5.84131,43.35898],[-5.8413,43.35881],[-5.84265,43.35891],[-5.84263,43.3604],[-5.84196,43.36081],[-5.84143,43.3602],[-5.8406,43.36003],[-5.83967,43.36011]]]}},{"type":"Feature","properties":{"id":"3304403004"},"geometry":{"type":"Polygon","coordinates":[[[-5.83706,43.35356],[-5.83711,43.35415],[-5.83764,43.35454],[-5.83827,43.35466],[-5.83919,43.35444],[-5.83827,43.35564],[-5.83837,43.35614],[-5.83818,43.35639],[-5.83818,43.35674],[-5.83726,43.35672],[-5.83462,43.35714],[-5.83471,43.35652],[-5.8346,43.35605],[-5.83615,43.35418],[-5.83685,43.35349],[-5.83706,43.35356]]]}},{"type":"Feature","properties":{"id":"3304403005"},"geometry":{"type":"Polygon","coordinates":[[[-5.83706,43.35356],[-5.8375,43.35311],[-5.83798,43.35292],[-5.83863,43.35273],[-5.83979,43.35256],[-5.84034,43.35233],[-5.84232,43.35312],[-5.84183,43.35379],[-5.84158,43.35375],[-5.84125,43.35394],[-5.84014,43.35343],[-5.83939,43.35342],[-5.8386,43.35356],[-5.8381,43.35385],[-5.83764,43.35454],[-5.83711,43.35415],[-5.83706,43.35356]]]}},{"type":"Feature","properties":{"id":"3304403006"},"geometry":{"type":"Polygon","coordinates":[[[-5.83907,43.35679],[-5.84026,43.35552],[-5.84106,43.35492],[-5.84184,43.35464],[-5.84384,43.35443],[-5.84349,43.35539],[-5.84251,43.35516],[-5.84208,43.35528],[-5.8417,43.35611],[-5.84137,43.3578],[-5.8408,43.35768],[-5.83907,43.35679]]]}},{"type":"Feature","properties":{"id":"3304403007"},"geometry":{"type":"Polygon","coordinates":[[[-5.84137,43.3578],[-5.8417,43.35611],[-5.84208,43.35528],[-5.84251,43.35516],[-5.84349,43.35539],[-5.84278,43.35694],[-5.84262,43.35795],[-5.84137,43.3578]]]}},{"type":"Feature","properties":{"id":"3304403008"},"geometry":{"type":"Polygon","coordinates":[[[-5.83967,43.36011],[-5.83834,43.35999],[-5.83816,43.35955],[-5.83817,43.35818],[-5.83846,43.35745],[-5.83906,43.35679],[-5.84088,43.35771],[-5.84262,43.35795],[-5.84265,43.35891],[-5.8413,43.35881],[-5.84131,43.35898],[-5.84069,43.35862],[-5.83955,43.35952],[-5.83967,43.36011]]]}},{"type":"Feature","properties":{"id":"3304403009"},"geometry":{"type":"Polygon","coordinates":[[[-5.83827,43.35564],[-5.83919,43.35444],[-5.83827,43.35466],[-5.83764,43.35454],[-5.8383,43.35368],[-5.83917,43.35344],[-5.84001,43.35341],[-5.84069,43.35364],[-5.84125,43.35394],[-5.84158,43.35375],[-5.84183,43.35379],[-5.84232,43.35312],[-5.84333,43.35372],[-5.84384,43.35427],[-5.84384,43.35443],[-5.84292,43.35447],[-5.84184,43.35464],[-5.8413,43.35481],[-5.84042,43.35537],[-5.83907,43.35679],[-5.83818,43.35674],[-5.83818,43.35639],[-5.83837,43.35614],[-5.83827,43.35564]]]}},{"type":"Feature","properties":{"id":"3304403010"},"geometry":{"type":"Polygon","coordinates":[[[-5.83462,43.35863],[-5.83462,43.35714],[-5.83726,43.35672],[-5.83906,43.35679],[-5.83859,43.35728],[-5.83828,43.3578],[-5.83816,43.3583],[-5.83816,43.35954],[-5.83462,43.35863]]]}},{"type":"Feature","properties":{"id":"3304403011"},"geometry":{"type":"Polygon","coordinates":[[[-5.82644,43.3548],[-5.82651,43.35449],[-5.8302,43.35045],[-5.8304,43.35035],[-5.83089,43.35058],[-5.83145,43.3506],[-5.83193,43.35073],[-5.83379,43.35036],[-5.8342,43.3504],[-5.83472,43.35002],[-5.83564,43.34982],[-5.8365,43.34979],[-5.83805,43.35148],[-5.84034,43.35233],[-5.83979,43.35256],[-5.83835,43.3528],[-5.8375,43.35311],[-5.83706,43.35356],[-5.83685,43.35349],[-5.83615,43.35418],[-5.8346,43.35605],[-5.83471,43.35652],[-5.83461,43.35677],[-5.83462,43.35855],[-5.83371,43.35807],[-5.83335,43.35777],[-5.83236,43.35632],[-5.83156,43.35551],[-5.83037,43.35489],[-5.82915,43.35461],[-5.82868,43.35475],[-5.82816,43.35467],[-5.82644,43.3548]]]}},{"type":"Feature","properties":{"id":"3304403013"},"geometry":{"type":"Polygon","coordinates":[[[-5.83611,43.36253],[-5.83658,43.36229],[-5.83684,43.36199],[-5.83689,43.36169],[-5.83599,43.36025],[-5.8357,43.36011],[-5.83513,43.36],[-5.83464,43.35957],[-5.83386,43.35937],[-5.83437,43.35893],[-5.83448,43.35867],[-5.83462,43.35863],[-5.83816,43.35954],[-5.83834,43.35999],[-5.83857,43.36002],[-5.83884,43.36104],[-5.83892,43.36226],[-5.83776,43.36238],[-5.83696,43.36257],[-5.83611,43.36253]]]}},{"type":"Feature","properties":{"id":"3304404001"},"geometry":{"type":"Polygon","coordinates":[[[-5.8329,43.36474],[-5.83767,43.3636],[-5.8372,43.36254],[-5.83776,43.36238],[-5.8387,43.36231],[-5.8388,43.36333],[-5.83897,43.36391],[-5.83341,43.36517],[-5.8329,43.36474]]]}},{"type":"Feature","properties":{"id":"3304404003"},"geometry":{"type":"Polygon","coordinates":[[[-5.83237,43.36457],[-5.83248,43.36484],[-5.8329,43.36474],[-5.83341,43.36517],[-5.83252,43.36539],[-5.82604,43.36749],[-5.82614,43.36709],[-5.82683,43.36619],[-5.82687,43.36577],[-5.82726,43.36549],[-5.82772,43.36529],[-5.82809,43.36524],[-5.82918,43.36527],[-5.82977,43.36495],[-5.83073,43.36468],[-5.83237,43.36457]]]}},{"type":"Feature","properties":{"id":"3304404004"},"geometry":{"type":"Polygon","coordinates":[[[-5.80958,43.37434],[-5.80879,43.37412],[-5.80842,43.37376],[-5.80809,43.37358],[-5.80794,43.37267],[-5.80774,43.37252],[-5.80775,43.37198],[-5.80749,43.37167],[-5.8077,43.3707],[-5.80832,43.36922],[-5.80939,43.36801],[-5.81007,43.36762],[-5.81072,43.3676],[-5.81132,43.36778],[-5.81224,43.36784],[-5.81262,43.3681],[-5.81477,43.36846],[-5.81494,43.36848],[-5.81527,43.36823],[-5.816,43.36805],[-5.81638,43.3681],[-5.817,43.36765],[-5.81683,43.36743],[-5.81689,43.36722],[-5.81737,43.36714],[-5.81778,43.36691],[-5.81781,43.36629],[-5.8192,43.3653],[-5.81954,43.36489],[-5.81983,43.36523],[-5.81973,43.36574],[-5.82004,43.36642],[-5.8207,43.36657],[-5.82138,43.3666],[-5.82155,43.36674],[-5.82198,43.36677],[-5.82264,43.36739],[-5.81995,43.36801],[-5.81924,43.36897],[-5.81916,43.37042],[-5.82,43.37177],[-5.81041,43.37709],[-5.81075,43.37578],[-5.81065,43.37502],[-5.81047,43.37476],[-5.80958,43.37434]]]}},{"type":"Feature","properties":{"id":"3304404005"},"geometry":{"type":"Polygon","coordinates":[[[-5.79414,43.37828],[-5.79184,43.37808],[-5.78991,43.37506],[-5.78523,43.36819],[-5.78391,43.36593],[-5.78466,43.36553],[-5.78505,43.36513],[-5.78538,43.36419],[-5.78572,43.36396],[-5.787,43.36349],[-5.78761,43.36295],[-5.78835,43.36252],[-5.78918,43.36265],[-5.78985,43.36293],[-5.79088,43.3626],[-5.79085,43.36236],[-5.79109,43.36194],[-5.79045,43.36185],[-5.78955,43.36155],[-5.79568,43.36062],[-5.79787,43.36134],[-5.79814,43.36121],[-5.7988,43.36052],[-5.79899,43.36053],[-5.79922,43.36078],[-5.79976,43.361],[-5.80104,43.36092],[-5.80186,43.36147],[-5.80282,43.36161],[-5.80321,43.3626],[-5.804,43.36312],[-5.80656,43.36598],[-5.8101,43.36703],[-5.81072,43.3676],[-5.81007,43.36762],[-5.80939,43.36801],[-5.80878,43.36861],[-5.80832,43.36922],[-5.8077,43.3707],[-5.80749,43.37167],[-5.80775,43.37198],[-5.80774,43.37252],[-5.80794,43.37267],[-5.80809,43.37358],[-5.80842,43.37376],[-5.80879,43.37412],[-5.80958,43.37434],[-5.80807,43.37488],[-5.80614,43.37584],[-5.80353,43.37672],[-5.80004,43.37725],[-5.79794,43.37724],[-5.79656,43.37737],[-5.79564,43.37781],[-5.79414,43.37828]]]}},{"type":"Feature","properties":{"id":"3304404006"},"geometry":{"type":"Polygon","coordinates":[[[-5.83166,43.36896],[-5.83077,43.36772],[-5.82854,43.36827],[-5.82777,43.36693],[-5.83328,43.36521],[-5.83158,43.3666],[-5.83229,43.36729],[-5.83219,43.36743],[-5.83294,43.36843],[-5.83166,43.36896]]]}},{"type":"Feature","properties":{"id":"3304404007"},"geometry":{"type":"Polygon","coordinates":[[[-5.82294,43.36851],[-5.82777,43.36693],[-5.82802,43.36736],[-5.82177,43.36939],[-5.82146,43.36874],[-5.82294,43.36851]]]}},{"type":"Feature","properties":{"id":"3304404008"},"geometry":{"type":"Polygon","coordinates":[[[-5.82177,43.36939],[-5.82802,43.36736],[-5.82853,43.36826],[-5.82333,43.36943],[-5.82362,43.37015],[-5.8222,43.37032],[-5.82177,43.36939]]]}},{"type":"Feature","properties":{"id":"3304404011"},"geometry":{"type":"Polygon","coordinates":[[[-5.83237,43.36457],[-5.83268,43.36424],[-5.8321,43.36369],[-5.83304,43.36349],[-5.83298,43.36315],[-5.83247,43.36276],[-5.83247,43.36254],[-5.83268,43.3622],[-5.83254,43.36189],[-5.83369,43.36183],[-5.83524,43.36227],[-5.8348,43.36281],[-5.83542,43.36412],[-5.83248,43.36484],[-5.83237,43.36457]]]}},{"type":"Feature","properties":{"id":"3304404012"},"geometry":{"type":"Polygon","coordinates":[[[-5.82264,43.36739],[-5.82198,43.36677],[-5.82155,43.36674],[-5.82138,43.3666],[-5.8207,43.36657],[-5.82004,43.36642],[-5.81973,43.36574],[-5.81983,43.36523],[-5.81954,43.36489],[-5.81952,43.36461],[-5.81991,43.36445],[-5.82015,43.36403],[-5.82172,43.36321],[-5.82307,43.36285],[-5.82381,43.36288],[-5.82508,43.36167],[-5.82594,43.36196],[-5.8267,43.3607],[-5.82679,43.35992],[-5.82768,43.35968],[-5.82862,43.35959],[-5.82916,43.35917],[-5.82948,43.3591],[-5.8303,43.36011],[-5.83266,43.362],[-5.83268,43.3622],[-5.83247,43.36254],[-5.83247,43.36276],[-5.83298,43.36315],[-5.83304,43.36349],[-5.8321,43.36369],[-5.83268,43.36424],[-5.83237,43.36457],[-5.83102,43.36463],[-5.8305,43.36473],[-5.82977,43.36495],[-5.82918,43.36527],[-5.8285,43.3652],[-5.82757,43.36535],[-5.8269,43.36571],[-5.82683,43.36619],[-5.82614,43.36709],[-5.82604,43.36749],[-5.82305,43.36849],[-5.82294,43.36851],[-5.8228,43.36829],[-5.82264,43.36739]]]}},{"type":"Feature","properties":{"id":"3304404013"},"geometry":{"type":"Polygon","coordinates":[[[-5.83328,43.36521],[-5.83897,43.36391],[-5.83935,43.36451],[-5.83943,43.36449],[-5.84039,43.36562],[-5.84156,43.36581],[-5.83984,43.36672],[-5.83881,43.36705],[-5.83793,43.3673],[-5.83469,43.36784],[-5.83294,43.36843],[-5.83219,43.36743],[-5.83229,43.36729],[-5.83158,43.3666],[-5.83328,43.36521]]]}},{"type":"Feature","properties":{"id":"3304404014"},"geometry":{"type":"Polygon","coordinates":[[[-5.83524,43.36227],[-5.83626,43.36258],[-5.8372,43.36254],[-5.83767,43.3636],[-5.83542,43.36412],[-5.8348,43.36281],[-5.83524,43.36227]]]}},{"type":"Feature","properties":{"id":"3304404015"},"geometry":{"type":"Polygon","coordinates":[[[-5.80486,43.38337],[-5.80486,43.38284],[-5.80511,43.38264],[-5.80689,43.38187],[-5.80703,43.38153],[-5.80621,43.38079],[-5.80493,43.38018],[-5.8029,43.38012],[-5.80109,43.38018],[-5.80008,43.37997],[-5.79767,43.3798],[-5.79622,43.38048],[-5.7958,43.38043],[-5.79539,43.38021],[-5.79415,43.3802],[-5.79376,43.37992],[-5.79284,43.37824],[-5.79253,43.37825],[-5.79201,43.37812],[-5.7924,43.37808],[-5.79414,43.37828],[-5.79564,43.37781],[-5.79656,43.37737],[-5.79794,43.37724],[-5.80004,43.37725],[-5.80353,43.37672],[-5.80614,43.37584],[-5.80807,43.37488],[-5.80958,43.37434],[-5.80972,43.37439],[-5.81047,43.37476],[-5.81076,43.37544],[-5.81041,43.37709],[-5.81175,43.37635],[-5.81158,43.37695],[-5.81083,43.37822],[-5.81132,43.37916],[-5.81311,43.38192],[-5.81205,43.38322],[-5.81088,43.38579],[-5.80878,43.38858],[-5.8084,43.38825],[-5.8082,43.38774],[-5.80813,43.38694],[-5.80851,43.38651],[-5.80807,43.38554],[-5.80781,43.38536],[-5.80583,43.38506],[-5.80544,43.38488],[-5.80527,43.38466],[-5.80486,43.38337]]]}},{"type":"Feature","properties":{"id":"3304404016"},"geometry":{"type":"Polygon","coordinates":[[[-5.82264,43.36739],[-5.8228,43.36829],[-5.82294,43.36851],[-5.82146,43.36874],[-5.82231,43.37065],[-5.8215,43.37093],[-5.82,43.37177],[-5.81916,43.37042],[-5.81924,43.36897],[-5.81995,43.36801],[-5.82264,43.36739]]]}},{"type":"Feature","properties":{"id":"3304405001"},"geometry":{"type":"Polygon","coordinates":[[[-5.83587,43.37289],[-5.8375,43.3707],[-5.83786,43.37067],[-5.8377,43.37204],[-5.83736,43.3727],[-5.83726,43.37281],[-5.83652,43.37293],[-5.83587,43.37289]]]}},{"type":"Feature","properties":{"id":"3304405002"},"geometry":{"type":"Polygon","coordinates":[[[-5.83457,43.37532],[-5.83587,43.37289],[-5.83634,43.37294],[-5.83726,43.37281],[-5.83535,43.3753],[-5.83323,43.37742],[-5.83457,43.37532]]]}},{"type":"Feature","properties":{"id":"3304405003"},"geometry":{"type":"Polygon","coordinates":[[[-5.83463,43.37267],[-5.82805,43.37106],[-5.82891,43.3694],[-5.83137,43.36858],[-5.83166,43.36896],[-5.8299,43.37002],[-5.83292,43.37076],[-5.83641,43.37072],[-5.83463,43.37267]]]}},{"type":"Feature","properties":{"id":"3304405004"},"geometry":{"type":"Polygon","coordinates":[[[-5.82341,43.37043],[-5.82231,43.37065],[-5.8222,43.37032],[-5.82362,43.37015],[-5.82333,43.36943],[-5.82771,43.36844],[-5.82805,43.36916],[-5.82882,43.369],[-5.82893,43.36937],[-5.82805,43.37106],[-5.82517,43.37044],[-5.82433,43.37038],[-5.82341,43.37043]]]}},{"type":"Feature","properties":{"id":"3304405006"},"geometry":{"type":"Polygon","coordinates":[[[-5.82771,43.36844],[-5.83012,43.36793],[-5.83077,43.36772],[-5.83137,43.36858],[-5.82891,43.3694],[-5.82882,43.369],[-5.82799,43.36913],[-5.82771,43.36844]]]}},{"type":"Feature","properties":{"id":"3304405007"},"geometry":{"type":"Polygon","coordinates":[[[-5.83651,43.37071],[-5.83641,43.37011],[-5.83574,43.36943],[-5.83459,43.36787],[-5.83793,43.3673],[-5.83994,43.36769],[-5.83891,43.36876],[-5.8375,43.3707],[-5.83651,43.37071]]]}},{"type":"Feature","properties":{"id":"3304405008"},"geometry":{"type":"Polygon","coordinates":[[[-5.83651,43.37071],[-5.83292,43.37076],[-5.8299,43.37002],[-5.8315,43.36903],[-5.83303,43.36837],[-5.83459,43.36787],[-5.83574,43.36943],[-5.83641,43.37011],[-5.83651,43.37071]]]}},{"type":"Feature","properties":{"id":"3304405009"},"geometry":{"type":"Polygon","coordinates":[[[-5.83463,43.37267],[-5.83641,43.37072],[-5.8375,43.3707],[-5.83583,43.37294],[-5.83463,43.37267]]]}},{"type":"Feature","properties":{"id":"3304405010"},"geometry":{"type":"Polygon","coordinates":[[[-5.83099,43.3744],[-5.83211,43.37203],[-5.83583,43.37294],[-5.83482,43.37472],[-5.83148,43.37466],[-5.83099,43.3744]]]}},{"type":"Feature","properties":{"id":"3304405011"},"geometry":{"type":"Polygon","coordinates":[[[-5.82093,43.37454],[-5.82092,43.37403],[-5.82,43.37177],[-5.8215,43.37093],[-5.82243,43.37062],[-5.82341,43.37043],[-5.82327,43.37099],[-5.82361,43.37201],[-5.82437,43.37301],[-5.82483,43.37317],[-5.82534,43.37493],[-5.82482,43.3752],[-5.82454,43.37569],[-5.82437,43.37555],[-5.82392,43.3754],[-5.82329,43.37538],[-5.82269,43.3754],[-5.82231,43.37563],[-5.82174,43.37547],[-5.82168,43.37521],[-5.82121,43.37451],[-5.82093,43.37454]]]}},{"type":"Feature","properties":{"id":"3304405012"},"geometry":{"type":"Polygon","coordinates":[[[-5.81317,43.38203],[-5.81132,43.37916],[-5.81083,43.37822],[-5.81158,43.37695],[-5.81175,43.37635],[-5.82,43.37177],[-5.82095,43.37421],[-5.82093,43.37454],[-5.82074,43.37489],[-5.8209,43.37552],[-5.82086,43.37588],[-5.82041,43.37652],[-5.82041,43.37732],[-5.82025,43.37758],[-5.81991,43.37782],[-5.82013,43.37829],[-5.81717,43.37885],[-5.81453,43.37848],[-5.81317,43.38203]]]}},{"type":"Feature","properties":{"id":"3304405014"},"geometry":{"type":"Polygon","coordinates":[[[-5.82387,43.38102],[-5.8209,43.37821],[-5.82013,43.37829],[-5.82001,43.3782],[-5.81991,43.37782],[-5.82025,43.37758],[-5.82041,43.37732],[-5.82041,43.37652],[-5.82086,43.37588],[-5.8209,43.37552],[-5.82074,43.37489],[-5.82093,43.37454],[-5.82121,43.37451],[-5.82168,43.37521],[-5.82174,43.37547],[-5.82231,43.37563],[-5.82276,43.37539],[-5.82392,43.3754],[-5.82437,43.37555],[-5.82454,43.37569],[-5.82482,43.3752],[-5.82534,43.37493],[-5.82483,43.37317],[-5.82804,43.37347],[-5.82867,43.37386],[-5.83034,43.3739],[-5.83119,43.37456],[-5.83148,43.37466],[-5.83482,43.37472],[-5.83457,43.37532],[-5.83323,43.37742],[-5.83276,43.3779],[-5.83239,43.37769],[-5.83197,43.37721],[-5.83155,43.37723],[-5.83008,43.37792],[-5.82913,43.37855],[-5.82929,43.37867],[-5.82904,43.3787],[-5.82876,43.37885],[-5.82877,43.37894],[-5.82868,43.3789],[-5.82727,43.37991],[-5.82691,43.37975],[-5.82387,43.38102]]]}},{"type":"Feature","properties":{"id":"3304405015"},"geometry":{"type":"Polygon","coordinates":[[[-5.82483,43.37317],[-5.82437,43.37301],[-5.82361,43.37201],[-5.82327,43.37099],[-5.82341,43.37043],[-5.8245,43.37038],[-5.82568,43.37052],[-5.83211,43.37203],[-5.83099,43.3744],[-5.83034,43.3739],[-5.82867,43.37386],[-5.82804,43.37347],[-5.82483,43.37317]]]}},{"type":"Feature","properties":{"id":"3304406001"},"geometry":{"type":"Polygon","coordinates":[[[-5.8434,43.37056],[-5.84359,43.36923],[-5.84454,43.36822],[-5.84573,43.36841],[-5.84555,43.36918],[-5.84471,43.36914],[-5.84467,43.36976],[-5.84491,43.37069],[-5.8434,43.37056]]]}},{"type":"Feature","properties":{"id":"3304406002"},"geometry":{"type":"Polygon","coordinates":[[[-5.8432,43.3722],[-5.84309,43.37224],[-5.84316,43.37175],[-5.84293,43.37167],[-5.84176,43.3702],[-5.84276,43.36982],[-5.84359,43.36923],[-5.8434,43.37056],[-5.84491,43.37069],[-5.84677,43.37205],[-5.84618,43.37249],[-5.8454,43.37269],[-5.84429,43.3726],[-5.8432,43.3722]]]}},{"type":"Feature","properties":{"id":"3304406003"},"geometry":{"type":"Polygon","coordinates":[[[-5.83893,43.36874],[-5.83994,43.36769],[-5.84454,43.36822],[-5.84359,43.36923],[-5.84299,43.3697],[-5.84185,43.37017],[-5.84063,43.37046],[-5.84053,43.37019],[-5.83966,43.36941],[-5.83909,43.36917],[-5.83921,43.36888],[-5.83893,43.36874]]]}},{"type":"Feature","properties":{"id":"3304406004"},"geometry":{"type":"Polygon","coordinates":[[[-5.84195,43.36793],[-5.84299,43.36607],[-5.84613,43.36661],[-5.84454,43.36822],[-5.84195,43.36793]]]}},{"type":"Feature","properties":{"id":"3304406005"},"geometry":{"type":"Polygon","coordinates":[[[-5.83893,43.36874],[-5.83921,43.36888],[-5.83909,43.36917],[-5.83966,43.36941],[-5.84053,43.37019],[-5.84063,43.37046],[-5.8375,43.3707],[-5.83893,43.36874]]]}},{"type":"Feature","properties":{"id":"3304406006"},"geometry":{"type":"Polygon","coordinates":[[[-5.84664,43.36865],[-5.84454,43.36822],[-5.84593,43.36677],[-5.84795,43.36917],[-5.84823,43.36995],[-5.84782,43.36996],[-5.84758,43.36982],[-5.84701,43.36895],[-5.84664,43.36865]]]}},{"type":"Feature","properties":{"id":"3304406007"},"geometry":{"type":"Polygon","coordinates":[[[-5.84491,43.37069],[-5.84467,43.36976],[-5.84471,43.36914],[-5.84555,43.36918],[-5.84573,43.36841],[-5.84639,43.36854],[-5.84677,43.36874],[-5.84758,43.36982],[-5.84782,43.36996],[-5.84807,43.36997],[-5.84654,43.37183],[-5.84491,43.37069]]]}},{"type":"Feature","properties":{"id":"3304406009"},"geometry":{"type":"Polygon","coordinates":[[[-5.83544,43.37518],[-5.83733,43.37272],[-5.83952,43.37154],[-5.84036,43.37135],[-5.8412,43.37142],[-5.84309,43.37224],[-5.84314,43.37304],[-5.84474,43.37478],[-5.84135,43.3775],[-5.84028,43.37819],[-5.83839,43.37904],[-5.83585,43.37968],[-5.83537,43.3786],[-5.8348,43.3784],[-5.83542,43.37834],[-5.83651,43.37751],[-5.83691,43.37689],[-5.83725,43.37581],[-5.83842,43.37607],[-5.83858,43.37546],[-5.83821,43.37536],[-5.83837,43.37498],[-5.83826,43.37488],[-5.83758,43.37459],[-5.83727,43.37478],[-5.83708,43.37508],[-5.83577,43.3753],[-5.83544,43.37518]]]}},{"type":"Feature","properties":{"id":"3304406010"},"geometry":{"type":"Polygon","coordinates":[[[-5.82823,43.37928],[-5.82868,43.3789],[-5.82877,43.37894],[-5.82876,43.37885],[-5.82904,43.3787],[-5.82929,43.37867],[-5.82913,43.37855],[-5.83008,43.37792],[-5.83155,43.37723],[-5.83194,43.3772],[-5.83239,43.37769],[-5.83276,43.3779],[-5.83294,43.37775],[-5.83344,43.3779],[-5.83381,43.37825],[-5.83399,43.37864],[-5.83393,43.3795],[-5.83415,43.3801],[-5.83355,43.38025],[-5.83001,43.38044],[-5.82941,43.38023],[-5.82955,43.38003],[-5.82823,43.37928]]]}},{"type":"Feature","properties":{"id":"3304406011"},"geometry":{"type":"Polygon","coordinates":[[[-5.80878,43.38858],[-5.81088,43.38579],[-5.81205,43.38322],[-5.81311,43.38192],[-5.81317,43.38203],[-5.81374,43.38061],[-5.81432,43.38054],[-5.81661,43.38105],[-5.81677,43.38262],[-5.81554,43.38278],[-5.81524,43.38301],[-5.8149,43.38348],[-5.8145,43.38464],[-5.81451,43.38552],[-5.81468,43.38607],[-5.81377,43.38625],[-5.81415,43.38702],[-5.81481,43.38775],[-5.81472,43.38783],[-5.81484,43.38838],[-5.81427,43.38889],[-5.81381,43.38851],[-5.81338,43.38837],[-5.81207,43.3888],[-5.81097,43.38889],[-5.80878,43.38858]]]}},{"type":"Feature","properties":{"id":"3304406012"},"geometry":{"type":"Polygon","coordinates":[[[-5.83786,43.37067],[-5.83995,43.37051],[-5.84009,43.37138],[-5.83944,43.37158],[-5.83736,43.3727],[-5.8377,43.37204],[-5.83786,43.37067]]]}},{"type":"Feature","properties":{"id":"3304406013"},"geometry":{"type":"Polygon","coordinates":[[[-5.82145,43.38473],[-5.82098,43.38419],[-5.8206,43.38397],[-5.82018,43.38383],[-5.81969,43.38381],[-5.81883,43.38395],[-5.81857,43.38371],[-5.82004,43.38302],[-5.82069,43.38252],[-5.82121,43.38238],[-5.82154,43.38241],[-5.82222,43.38278],[-5.82346,43.38384],[-5.82466,43.38459],[-5.82138,43.38788],[-5.82074,43.38754],[-5.82192,43.38622],[-5.82216,43.38559],[-5.82219,43.3851],[-5.82209,43.38462],[-5.82145,43.38473]]]}},{"type":"Feature","properties":{"id":"3304406014"},"geometry":{"type":"Polygon","coordinates":[[[-5.84009,43.37138],[-5.83995,43.37051],[-5.84092,43.37042],[-5.84176,43.3702],[-5.84293,43.37167],[-5.84316,43.37175],[-5.84309,43.37224],[-5.8412,43.37142],[-5.84009,43.37138]]]}},{"type":"Feature","properties":{"id":"3304406015"},"geometry":{"type":"Polygon","coordinates":[[[-5.82876,43.38543],[-5.82569,43.38381],[-5.82705,43.38265],[-5.82387,43.38102],[-5.82691,43.37975],[-5.82727,43.37991],[-5.82823,43.37928],[-5.82955,43.38003],[-5.82941,43.38023],[-5.83001,43.38044],[-5.83355,43.38025],[-5.83415,43.3801],[-5.83418,43.38066],[-5.83325,43.38262],[-5.83329,43.38396],[-5.83349,43.38417],[-5.82895,43.38506],[-5.82876,43.38543]]]}},{"type":"Feature","properties":{"id":"3304406016"},"geometry":{"type":"Polygon","coordinates":[[[-5.81648,43.38976],[-5.81758,43.38891],[-5.8178,43.38893],[-5.81917,43.38622],[-5.82013,43.38625],[-5.82096,43.38594],[-5.82125,43.3857],[-5.82149,43.38522],[-5.82145,43.38473],[-5.82209,43.38462],[-5.82219,43.3851],[-5.82203,43.38598],[-5.82152,43.38671],[-5.82074,43.38754],[-5.82138,43.38788],[-5.82051,43.38883],[-5.81936,43.3911],[-5.8171,43.39365],[-5.817,43.39332],[-5.81753,43.39243],[-5.81776,43.39212],[-5.81837,43.39175],[-5.81845,43.39141],[-5.81837,43.39109],[-5.81756,43.39038],[-5.81702,43.38999],[-5.81648,43.38976]]]}},{"type":"Feature","properties":{"id":"3304406017"},"geometry":{"type":"Polygon","coordinates":[[[-5.83799,43.39248],[-5.83714,43.39647],[-5.83657,43.39651],[-5.83626,43.39696],[-5.83574,43.39707],[-5.83538,43.39768],[-5.83517,43.39785],[-5.83496,43.39925],[-5.82684,43.40072],[-5.82727,43.40112],[-5.82616,43.40167],[-5.8258,43.40224],[-5.82374,43.40248],[-5.82321,43.40144],[-5.8216,43.39981],[-5.82138,43.39851],[-5.82065,43.39781],[-5.82037,43.39739],[-5.82017,43.39602],[-5.81989,43.39528],[-5.82024,43.39407],[-5.82013,43.39376],[-5.81979,43.3935],[-5.81935,43.3934],[-5.81782,43.3938],[-5.8175,43.39379],[-5.8171,43.39365],[-5.81936,43.3911],[-5.82014,43.38952],[-5.82121,43.38983],[-5.82325,43.38784],[-5.82353,43.3876],[-5.82386,43.38755],[-5.82417,43.38693],[-5.82464,43.3867],[-5.82462,43.38632],[-5.8275,43.38773],[-5.82895,43.38506],[-5.83352,43.38416],[-5.83379,43.38445],[-5.83459,43.3846],[-5.8345,43.38483],[-5.83968,43.38985],[-5.83774,43.39107],[-5.83799,43.39248]]]}},{"type":"Feature","properties":{"id":"3304406018"},"geometry":{"type":"Polygon","coordinates":[[[-5.83994,43.36769],[-5.83793,43.3673],[-5.83984,43.36672],[-5.84156,43.36581],[-5.84299,43.36607],[-5.84195,43.36793],[-5.83994,43.36769]]]}},{"type":"Feature","properties":{"id":"3304406019"},"geometry":{"type":"Polygon","coordinates":[[[-5.82462,43.38632],[-5.82461,43.38614],[-5.82511,43.38565],[-5.82567,43.3849],[-5.82582,43.38492],[-5.82646,43.3842],[-5.82876,43.38543],[-5.8275,43.38773],[-5.82462,43.38632]]]}},{"type":"Feature","properties":{"id":"3304406020"},"geometry":{"type":"Polygon","coordinates":[[[-5.82014,43.38952],[-5.82051,43.38883],[-5.82151,43.38774],[-5.82466,43.38459],[-5.82567,43.3838],[-5.82646,43.3842],[-5.82582,43.38492],[-5.82567,43.3849],[-5.82511,43.38565],[-5.82461,43.38614],[-5.82464,43.3867],[-5.82417,43.38693],[-5.82386,43.38755],[-5.82353,43.3876],[-5.82325,43.38784],[-5.82121,43.38983],[-5.82014,43.38952]]]}},{"type":"Feature","properties":{"id":"3304406021"},"geometry":{"type":"Polygon","coordinates":[[[-5.81427,43.38889],[-5.81484,43.38838],[-5.81472,43.38783],[-5.81481,43.38775],[-5.81415,43.38702],[-5.81377,43.38625],[-5.81806,43.38537],[-5.81843,43.38586],[-5.81919,43.38622],[-5.8178,43.38893],[-5.81758,43.38891],[-5.81648,43.38976],[-5.81585,43.38981],[-5.81535,43.38967],[-5.81427,43.38889]]]}},{"type":"Feature","properties":{"id":"3304406022"},"geometry":{"type":"Polygon","coordinates":[[[-5.81677,43.38262],[-5.81717,43.38319],[-5.81764,43.38358],[-5.81857,43.38371],[-5.81883,43.38395],[-5.81834,43.38434],[-5.8181,43.38485],[-5.81815,43.38535],[-5.81468,43.38607],[-5.81447,43.38499],[-5.81457,43.3843],[-5.8149,43.38348],[-5.81554,43.38278],[-5.81677,43.38262]]]}},{"type":"Feature","properties":{"id":"3304406023"},"geometry":{"type":"Polygon","coordinates":[[[-5.81919,43.38622],[-5.81881,43.38609],[-5.8183,43.38571],[-5.81806,43.38537],[-5.81815,43.38535],[-5.8181,43.38485],[-5.81834,43.38434],[-5.81883,43.38395],[-5.81969,43.38381],[-5.82018,43.38383],[-5.8206,43.38397],[-5.82125,43.38443],[-5.82145,43.38473],[-5.82149,43.38522],[-5.82125,43.3857],[-5.82059,43.38613],[-5.82013,43.38625],[-5.81919,43.38622]]]}},{"type":"Feature","properties":{"id":"3304406024"},"geometry":{"type":"Polygon","coordinates":[[[-5.81677,43.38262],[-5.81662,43.38104],[-5.81954,43.38067],[-5.82202,43.38267],[-5.82154,43.38241],[-5.82092,43.38241],[-5.82004,43.38302],[-5.81857,43.38371],[-5.81764,43.38358],[-5.81717,43.38319],[-5.81677,43.38262]]]}},{"type":"Feature","properties":{"id":"3304406025"},"geometry":{"type":"Polygon","coordinates":[[[-5.82208,43.3827],[-5.82206,43.38224],[-5.82387,43.38104],[-5.82705,43.38265],[-5.82466,43.38459],[-5.82346,43.38384],[-5.82208,43.3827]]]}},{"type":"Feature","properties":{"id":"3304406026"},"geometry":{"type":"Polygon","coordinates":[[[-5.83294,43.37775],[-5.83544,43.37518],[-5.83577,43.3753],[-5.83708,43.37508],[-5.83727,43.37478],[-5.83758,43.37459],[-5.83837,43.37498],[-5.83821,43.37536],[-5.83858,43.37546],[-5.83842,43.37607],[-5.83725,43.37581],[-5.83691,43.37689],[-5.83651,43.37751],[-5.83542,43.37834],[-5.8348,43.3784],[-5.83537,43.3786],[-5.83585,43.37968],[-5.83414,43.38006],[-5.83393,43.3795],[-5.83401,43.37885],[-5.83393,43.37845],[-5.83344,43.3779],[-5.83294,43.37775]]]}},{"type":"Feature","properties":{"id":"3304406027"},"geometry":{"type":"Polygon","coordinates":[[[-5.82208,43.3827],[-5.81954,43.38067],[-5.81661,43.38105],[-5.81432,43.38054],[-5.81374,43.38061],[-5.81453,43.37848],[-5.81717,43.37885],[-5.82013,43.37829],[-5.8209,43.37821],[-5.82389,43.38103],[-5.82206,43.38224],[-5.82208,43.3827]]]}},{"type":"Feature","properties":{"id":"3304407001"},"geometry":{"type":"Polygon","coordinates":[[[-5.83897,43.36391],[-5.83944,43.36398],[-5.84099,43.36354],[-5.84379,43.36376],[-5.84496,43.36454],[-5.84293,43.36547],[-5.84226,43.36569],[-5.84149,43.36581],[-5.84039,43.36562],[-5.83943,43.36449],[-5.83935,43.36451],[-5.83897,43.36391]]]}},{"type":"Feature","properties":{"id":"3304407002"},"geometry":{"type":"Polygon","coordinates":[[[-5.84613,43.36661],[-5.84576,43.36655],[-5.84523,43.36571],[-5.84436,43.36526],[-5.84377,43.36508],[-5.84496,43.36454],[-5.84623,43.36531],[-5.84633,43.36603],[-5.84613,43.36661]]]}},{"type":"Feature","properties":{"id":"3304407003"},"geometry":{"type":"Polygon","coordinates":[[[-5.84617,43.36662],[-5.84633,43.36603],[-5.84623,43.36531],[-5.84738,43.36434],[-5.84823,43.36484],[-5.84711,43.36678],[-5.84617,43.36662]]]}},{"type":"Feature","properties":{"id":"3304407004"},"geometry":{"type":"Polygon","coordinates":[[[-5.84961,43.36451],[-5.84648,43.36383],[-5.84681,43.36357],[-5.84702,43.36314],[-5.84652,43.36301],[-5.84878,43.36229],[-5.8514,43.36405],[-5.85064,43.36467],[-5.84994,43.36445],[-5.84991,43.36454],[-5.84961,43.36451]]]}},{"type":"Feature","properties":{"id":"3304407005"},"geometry":{"type":"Polygon","coordinates":[[[-5.85025,43.36563],[-5.85064,43.36467],[-5.8514,43.36405],[-5.85305,43.36516],[-5.8517,43.36619],[-5.85025,43.36563]]]}},{"type":"Feature","properties":{"id":"3304407006"},"geometry":{"type":"Polygon","coordinates":[[[-5.8517,43.36619],[-5.85305,43.36516],[-5.85438,43.36605],[-5.85357,43.3667],[-5.8517,43.36619]]]}},{"type":"Feature","properties":{"id":"3304407007"},"geometry":{"type":"Polygon","coordinates":[[[-5.85019,43.3673],[-5.84837,43.36699],[-5.84857,43.36642],[-5.84874,43.36646],[-5.84897,43.366],[-5.84912,43.366],[-5.84884,43.36585],[-5.8489,43.36576],[-5.8491,43.36583],[-5.84948,43.36534],[-5.8517,43.36619],[-5.85019,43.3673]]]}},{"type":"Feature","properties":{"id":"3304407008"},"geometry":{"type":"Polygon","coordinates":[[[-5.84496,43.36454],[-5.84648,43.36383],[-5.84855,43.36427],[-5.84825,43.36485],[-5.84738,43.36434],[-5.84623,43.36531],[-5.84496,43.36454]]]}},{"type":"Feature","properties":{"id":"3304407009"},"geometry":{"type":"Polygon","coordinates":[[[-5.85024,43.3673],[-5.8517,43.36619],[-5.85357,43.3667],[-5.85268,43.36742],[-5.85236,43.3675],[-5.85024,43.3673]]]}},{"type":"Feature","properties":{"id":"3304407011"},"geometry":{"type":"Polygon","coordinates":[[[-5.84711,43.36678],[-5.84855,43.36427],[-5.84961,43.36451],[-5.84991,43.36454],[-5.84994,43.36445],[-5.85064,43.36467],[-5.85025,43.36563],[-5.84948,43.36534],[-5.8491,43.36583],[-5.8489,43.36576],[-5.84884,43.36585],[-5.84912,43.366],[-5.84897,43.366],[-5.84874,43.36646],[-5.84857,43.36642],[-5.84837,43.36699],[-5.84711,43.36678]]]}},{"type":"Feature","properties":{"id":"3304407012"},"geometry":{"type":"Polygon","coordinates":[[[-5.84576,43.36655],[-5.84156,43.36581],[-5.84254,43.36561],[-5.84377,43.36508],[-5.84436,43.36526],[-5.84523,43.36571],[-5.84576,43.36655]]]}},{"type":"Feature","properties":{"id":"3304408001"},"geometry":{"type":"Polygon","coordinates":[[[-5.85592,43.37131],[-5.85444,43.37078],[-5.85479,43.37026],[-5.85377,43.36991],[-5.85388,43.3693],[-5.85665,43.36955],[-5.85592,43.37131]]]}},{"type":"Feature","properties":{"id":"3304408002"},"geometry":{"type":"Polygon","coordinates":[[[-5.85199,43.37068],[-5.85221,43.37046],[-5.85275,43.37026],[-5.85302,43.36965],[-5.85479,43.37026],[-5.85398,43.3714],[-5.85199,43.37068]]]}},{"type":"Feature","properties":{"id":"3304408003"},"geometry":{"type":"Polygon","coordinates":[[[-5.8544,43.37626],[-5.85588,43.37548],[-5.85625,43.37509],[-5.85365,43.37377],[-5.85426,43.37316],[-5.85438,43.37314],[-5.85596,43.37133],[-5.8564,43.37006],[-5.85741,43.37026],[-5.85763,43.37039],[-5.85779,43.37058],[-5.85783,43.3713],[-5.85862,43.37131],[-5.85968,43.37156],[-5.85995,43.37173],[-5.85959,43.37202],[-5.8596,43.3722],[-5.86123,43.37316],[-5.86172,43.37424],[-5.86234,43.37471],[-5.86319,43.37559],[-5.86345,43.37622],[-5.86333,43.37649],[-5.86296,43.37661],[-5.86224,43.37644],[-5.85957,43.37621],[-5.85895,43.3762],[-5.85846,43.37632],[-5.8544,43.37626]]]}},{"type":"Feature","properties":{"id":"3304408004"},"geometry":{"type":"Polygon","coordinates":[[[-5.85514,43.36943],[-5.85538,43.36822],[-5.85694,43.36852],[-5.85665,43.36955],[-5.85514,43.36943]]]}},{"type":"Feature","properties":{"id":"3304408005"},"geometry":{"type":"Polygon","coordinates":[[[-5.8564,43.37006],[-5.85662,43.36965],[-5.85694,43.36852],[-5.85844,43.36871],[-5.85893,43.36848],[-5.85926,43.36818],[-5.86015,43.36855],[-5.86065,43.36919],[-5.86107,43.36901],[-5.86137,43.36918],[-5.86317,43.36944],[-5.86488,43.3694],[-5.86523,43.36975],[-5.8651,43.36996],[-5.85995,43.37173],[-5.85968,43.37156],[-5.85862,43.37131],[-5.85783,43.3713],[-5.85779,43.37058],[-5.85763,43.37039],[-5.85741,43.37026],[-5.8564,43.37006]]]}},{"type":"Feature","properties":{"id":"3304408006"},"geometry":{"type":"Polygon","coordinates":[[[-5.85512,43.36814],[-5.85433,43.3679],[-5.85367,43.36827],[-5.85341,43.36799],[-5.85256,43.36746],[-5.85498,43.36568],[-5.85641,43.3666],[-5.85681,43.36636],[-5.8587,43.36577],[-5.85867,43.36624],[-5.85836,43.36688],[-5.85876,43.36786],[-5.85917,43.36814],[-5.85871,43.36826],[-5.85775,43.36821],[-5.85558,43.36741],[-5.8551,43.36789],[-5.85512,43.36814]]]}},{"type":"Feature","properties":{"id":"3304408007"},"geometry":{"type":"Polygon","coordinates":[[[-5.85046,43.37013],[-5.85316,43.36783],[-5.85367,43.36827],[-5.85433,43.3679],[-5.85538,43.36822],[-5.85514,43.36943],[-5.85388,43.3693],[-5.85377,43.36991],[-5.85302,43.36965],[-5.85275,43.37026],[-5.85221,43.37046],[-5.85199,43.37068],[-5.85046,43.37013]]]}},{"type":"Feature","properties":{"id":"3304408008"},"geometry":{"type":"Polygon","coordinates":[[[-5.84603,43.37256],[-5.84677,43.37205],[-5.84654,43.37183],[-5.84807,43.36997],[-5.84823,43.36995],[-5.84801,43.36926],[-5.84663,43.36759],[-5.84805,43.36778],[-5.85055,43.36872],[-5.85116,43.36821],[-5.85146,43.36827],[-5.85248,43.36748],[-5.85316,43.36783],[-5.8526,43.36838],[-5.84674,43.37314],[-5.84621,43.37262],[-5.84603,43.37256]]]}},{"type":"Feature","properties":{"id":"3304408009"},"geometry":{"type":"Polygon","coordinates":[[[-5.84936,43.36824],[-5.84819,43.36783],[-5.84846,43.36701],[-5.85019,43.3673],[-5.84936,43.36824]]]}},{"type":"Feature","properties":{"id":"3304408010"},"geometry":{"type":"Polygon","coordinates":[[[-5.84677,43.37312],[-5.85046,43.37013],[-5.85398,43.3714],[-5.85259,43.37337],[-5.85365,43.37377],[-5.85625,43.37509],[-5.85583,43.37551],[-5.85431,43.37546],[-5.85344,43.37534],[-5.85183,43.37494],[-5.84677,43.37312]]]}},{"type":"Feature","properties":{"id":"3304408011"},"geometry":{"type":"Polygon","coordinates":[[[-5.85259,43.37337],[-5.85444,43.37078],[-5.85592,43.37131],[-5.85438,43.37314],[-5.85426,43.37316],[-5.85365,43.37377],[-5.85259,43.37337]]]}},{"type":"Feature","properties":{"id":"3304408012"},"geometry":{"type":"Polygon","coordinates":[[[-5.86107,43.36901],[-5.86143,43.36914],[-5.86213,43.3692],[-5.86321,43.36885],[-5.86346,43.36886],[-5.86344,43.36898],[-5.86413,43.36896],[-5.86593,43.36801],[-5.8665,43.36857],[-5.86717,43.36883],[-5.86673,43.36905],[-5.86646,43.36906],[-5.86523,43.36975],[-5.86488,43.3694],[-5.86317,43.36944],[-5.86137,43.36918],[-5.86107,43.36901]]]}},{"type":"Feature","properties":{"id":"3304408013"},"geometry":{"type":"Polygon","coordinates":[[[-5.84663,43.36759],[-5.84593,43.36677],[-5.84613,43.36661],[-5.84846,43.36701],[-5.84819,43.36783],[-5.84663,43.36759]]]}},{"type":"Feature","properties":{"id":"3304408014"},"geometry":{"type":"Polygon","coordinates":[[[-5.84936,43.36824],[-5.85019,43.3673],[-5.85076,43.3674],[-5.85248,43.36748],[-5.85146,43.36827],[-5.85116,43.36821],[-5.85055,43.36872],[-5.84936,43.36824]]]}},{"type":"Feature","properties":{"id":"3304408015"},"geometry":{"type":"Polygon","coordinates":[[[-5.85694,43.36852],[-5.85512,43.36814],[-5.8551,43.36789],[-5.85558,43.36741],[-5.85775,43.36821],[-5.8586,43.36826],[-5.85926,43.36818],[-5.85893,43.36848],[-5.85844,43.36871],[-5.85694,43.36852]]]}},{"type":"Feature","properties":{"id":"3304408017"},"geometry":{"type":"Polygon","coordinates":[[[-5.83379,43.38445],[-5.83329,43.38396],[-5.83325,43.38262],[-5.83418,43.38066],[-5.83414,43.38006],[-5.83796,43.37917],[-5.83981,43.37844],[-5.84135,43.3775],[-5.84474,43.37478],[-5.84314,43.37304],[-5.84309,43.37224],[-5.84317,43.37218],[-5.84386,43.37249],[-5.84469,43.37267],[-5.84556,43.37268],[-5.84603,43.37256],[-5.84621,43.37262],[-5.84674,43.37314],[-5.85251,43.37515],[-5.85431,43.37546],[-5.85583,43.37551],[-5.85436,43.37626],[-5.85238,43.38234],[-5.85242,43.38282],[-5.85203,43.383],[-5.85178,43.38332],[-5.85161,43.38436],[-5.85104,43.38454],[-5.85086,43.38483],[-5.84984,43.38514],[-5.84936,43.38648],[-5.849,43.38693],[-5.84838,43.38733],[-5.84773,43.38752],[-5.84711,43.38796],[-5.84289,43.38988],[-5.83796,43.3925],[-5.83774,43.39107],[-5.83968,43.38985],[-5.8345,43.38483],[-5.83459,43.3846],[-5.83379,43.38445]]]}},{"type":"Feature","properties":{"id":"3304409001"},"geometry":{"type":"Polygon","coordinates":[[[-5.86098,43.36506],[-5.86043,43.36501],[-5.86067,43.36364],[-5.86419,43.36493],[-5.8639,43.36529],[-5.86324,43.36494],[-5.86246,43.36586],[-5.86217,43.36596],[-5.86182,43.36585],[-5.86098,43.36506]]]}},{"type":"Feature","properties":{"id":"3304409002"},"geometry":{"type":"Polygon","coordinates":[[[-5.86108,43.36901],[-5.86155,43.36875],[-5.86162,43.36843],[-5.8606,43.36744],[-5.86061,43.36708],[-5.86125,43.36648],[-5.86124,43.36634],[-5.86119,43.3661],[-5.86042,43.36534],[-5.86043,43.36501],[-5.86105,43.36508],[-5.86182,43.36585],[-5.86206,43.36595],[-5.86236,43.36593],[-5.86269,43.36561],[-5.86324,43.36614],[-5.86265,43.36648],[-5.86452,43.36836],[-5.86435,43.36846],[-5.86401,43.36835],[-5.86396,43.36858],[-5.86353,43.36853],[-5.86345,43.36886],[-5.8628,43.36893],[-5.86221,43.36919],[-5.86143,43.36914],[-5.86108,43.36901]]]}},{"type":"Feature","properties":{"id":"3304409003"},"geometry":{"type":"Polygon","coordinates":[[[-5.86492,43.36637],[-5.86557,43.36709],[-5.86567,43.36735],[-5.86488,43.36776],[-5.86398,43.36687],[-5.86492,43.36637]]]}},{"type":"Feature","properties":{"id":"3304409004"},"geometry":{"type":"Polygon","coordinates":[[[-5.86488,43.36776],[-5.86567,43.36735],[-5.86557,43.36709],[-5.86492,43.36637],[-5.8639,43.36542],[-5.8639,43.36529],[-5.86424,43.36487],[-5.86709,43.36599],[-5.86809,43.36615],[-5.86962,43.36592],[-5.87029,43.36627],[-5.86902,43.36686],[-5.8691,43.36688],[-5.86878,43.36695],[-5.86675,43.36785],[-5.86593,43.36801],[-5.86541,43.3683],[-5.86488,43.36776]]]}},{"type":"Feature","properties":{"id":"3304409007"},"geometry":{"type":"Polygon","coordinates":[[[-5.85926,43.36818],[-5.85876,43.36786],[-5.85836,43.36688],[-5.85867,43.36624],[-5.8587,43.36577],[-5.85776,43.36482],[-5.85857,43.36431],[-5.86063,43.36384],[-5.86041,43.36531],[-5.86119,43.3661],[-5.86125,43.36648],[-5.86061,43.36708],[-5.86058,43.36739],[-5.86156,43.3683],[-5.86163,43.3686],[-5.86139,43.36887],[-5.86065,43.36919],[-5.86015,43.36855],[-5.85926,43.36818]]]}},{"type":"Feature","properties":{"id":"3304409009"},"geometry":{"type":"Polygon","coordinates":[[[-5.86269,43.36561],[-5.86324,43.36494],[-5.8639,43.36529],[-5.8639,43.36542],[-5.86492,43.36637],[-5.86398,43.36687],[-5.86488,43.36776],[-5.86428,43.36807],[-5.86265,43.36648],[-5.86324,43.36614],[-5.86269,43.36561]]]}},{"type":"Feature","properties":{"id":"3304409011"},"geometry":{"type":"Polygon","coordinates":[[[-5.86704,43.36878],[-5.8665,43.36857],[-5.86595,43.36804],[-5.86675,43.36785],[-5.86887,43.36691],[-5.86909,43.36688],[-5.86998,43.36711],[-5.87007,43.36747],[-5.86906,43.3676],[-5.86926,43.36845],[-5.86856,43.36854],[-5.86857,43.36867],[-5.86836,43.36884],[-5.86807,43.36885],[-5.8678,43.3687],[-5.86704,43.36878]]]}},{"type":"Feature","properties":{"id":"3304409012"},"geometry":{"type":"Polygon","coordinates":[[[-5.86344,43.36898],[-5.86353,43.36853],[-5.86396,43.36858],[-5.86401,43.36835],[-5.86435,43.36846],[-5.86452,43.36836],[-5.86428,43.36807],[-5.86488,43.36776],[-5.86541,43.3683],[-5.86413,43.36896],[-5.86344,43.36898]]]}},{"type":"Feature","properties":{"id":"3304409013"},"geometry":{"type":"Polygon","coordinates":[[[-5.85498,43.36568],[-5.85691,43.36442],[-5.85826,43.36308],[-5.8607,43.36355],[-5.86063,43.36384],[-5.85857,43.36431],[-5.85776,43.36482],[-5.8587,43.36577],[-5.85681,43.36636],[-5.85641,43.3666],[-5.85498,43.36568]]]}},{"type":"Feature","properties":{"id":"3304409014"},"geometry":{"type":"Polygon","coordinates":[[[-5.87337,43.37253],[-5.8721,43.37223],[-5.87169,43.37137],[-5.873,43.37092],[-5.87382,43.3709],[-5.87429,43.37101],[-5.87461,43.36957],[-5.87379,43.36944],[-5.87278,43.36964],[-5.87213,43.36722],[-5.87007,43.36747],[-5.86998,43.36711],[-5.86902,43.36686],[-5.87029,43.36627],[-5.86986,43.36606],[-5.87387,43.36511],[-5.8747,43.36853],[-5.87659,43.36831],[-5.8768,43.36912],[-5.8786,43.36885],[-5.87951,43.37256],[-5.87415,43.37258],[-5.87337,43.37253]]]}},{"type":"Feature","properties":{"id":"3304409015"},"geometry":{"type":"Polygon","coordinates":[[[-5.87231,43.37228],[-5.87337,43.37253],[-5.87415,43.37258],[-5.87951,43.37256],[-5.8786,43.36885],[-5.87948,43.36875],[-5.87869,43.36569],[-5.88236,43.36515],[-5.88364,43.36544],[-5.8845,43.36485],[-5.88742,43.36486],[-5.88748,43.36115],[-5.88856,43.36052],[-5.88897,43.3606],[-5.89078,43.35999],[-5.8923,43.35977],[-5.89268,43.36011],[-5.89307,43.36068],[-5.89343,43.36094],[-5.89337,43.36138],[-5.89317,43.36173],[-5.89339,43.36185],[-5.89423,43.36173],[-5.89415,43.36293],[-5.89456,43.36412],[-5.8946,43.36553],[-5.89421,43.36675],[-5.89406,43.3681],[-5.89335,43.36899],[-5.8935,43.36912],[-5.88837,43.37258],[-5.88823,43.37368],[-5.88907,43.37598],[-5.87812,43.37451],[-5.87231,43.37228]]]}},{"type":"Feature","properties":{"id":"3304409016"},"geometry":{"type":"Polygon","coordinates":[[[-5.86716,43.36884],[-5.86704,43.36878],[-5.8678,43.3687],[-5.86807,43.36885],[-5.86836,43.36884],[-5.86857,43.36867],[-5.86856,43.36854],[-5.86926,43.36845],[-5.86906,43.3676],[-5.87213,43.36722],[-5.87278,43.36964],[-5.87379,43.36944],[-5.87461,43.36957],[-5.87429,43.37101],[-5.87382,43.3709],[-5.873,43.37092],[-5.87169,43.37137],[-5.8721,43.37223],[-5.87063,43.37159],[-5.86887,43.37159],[-5.8688,43.37134],[-5.86793,43.37152],[-5.86789,43.37144],[-5.86887,43.37017],[-5.86736,43.36973],[-5.86716,43.36884]]]}},{"type":"Feature","properties":{"id":"3304409017"},"geometry":{"type":"Polygon","coordinates":[[[-5.87387,43.36511],[-5.87495,43.36482],[-5.87758,43.36441],[-5.87827,43.36732],[-5.87452,43.36779],[-5.87387,43.36511]]]}},{"type":"Feature","properties":{"id":"3304409018"},"geometry":{"type":"Polygon","coordinates":[[[-5.87452,43.36779],[-5.87827,43.36732],[-5.87788,43.36578],[-5.8787,43.36569],[-5.87948,43.36875],[-5.8768,43.36912],[-5.87659,43.36831],[-5.8747,43.36853],[-5.87452,43.36779]]]}},{"type":"Feature","properties":{"id":"3304409019"},"geometry":{"type":"Polygon","coordinates":[[[-5.87794,43.36575],[-5.87753,43.36424],[-5.88185,43.36412],[-5.88316,43.3639],[-5.88426,43.36338],[-5.88748,43.36115],[-5.88742,43.36486],[-5.8845,43.36485],[-5.88364,43.36544],[-5.88236,43.36515],[-5.87794,43.36575]]]}},{"type":"Feature","properties":{"id":"3304410001"},"geometry":{"type":"Polygon","coordinates":[[[-5.85826,43.36308],[-5.85943,43.36166],[-5.85954,43.3614],[-5.86046,43.36289],[-5.86222,43.36293],[-5.86196,43.36345],[-5.8607,43.36355],[-5.85826,43.36308]]]}},{"type":"Feature","properties":{"id":"3304410002"},"geometry":{"type":"Polygon","coordinates":[[[-5.85952,43.36136],[-5.85918,43.36082],[-5.86266,43.36035],[-5.86281,43.36125],[-5.86137,43.3613],[-5.86125,43.36191],[-5.85952,43.36136]]]}},{"type":"Feature","properties":{"id":"3304410003"},"geometry":{"type":"Polygon","coordinates":[[[-5.86125,43.36191],[-5.86137,43.3613],[-5.86281,43.36125],[-5.86287,43.36155],[-5.86252,43.36232],[-5.86125,43.36191]]]}},{"type":"Feature","properties":{"id":"3304410004"},"geometry":{"type":"Polygon","coordinates":[[[-5.86067,43.36364],[-5.8607,43.36355],[-5.86196,43.36345],[-5.86252,43.36232],[-5.86368,43.36269],[-5.86282,43.36381],[-5.86454,43.36451],[-5.86419,43.36493],[-5.86067,43.36364]]]}},{"type":"Feature","properties":{"id":"3304410005"},"geometry":{"type":"Polygon","coordinates":[[[-5.86424,43.36487],[-5.86454,43.36451],[-5.86542,43.36488],[-5.86599,43.36407],[-5.86729,43.36461],[-5.86668,43.36539],[-5.86744,43.36567],[-5.86913,43.36561],[-5.86964,43.36591],[-5.86847,43.36613],[-5.86769,43.36612],[-5.86643,43.36579],[-5.86424,43.36487]]]}},{"type":"Feature","properties":{"id":"3304410006"},"geometry":{"type":"Polygon","coordinates":[[[-5.86986,43.36606],[-5.86913,43.36561],[-5.86744,43.36567],[-5.86668,43.36539],[-5.86729,43.36461],[-5.8673,43.36428],[-5.86752,43.3638],[-5.86781,43.36386],[-5.86897,43.36465],[-5.87164,43.36416],[-5.87215,43.36503],[-5.87242,43.365],[-5.87266,43.3654],[-5.86986,43.36606]]]}},{"type":"Feature","properties":{"id":"3304410007"},"geometry":{"type":"Polygon","coordinates":[[[-5.86814,43.36414],[-5.86781,43.36386],[-5.86752,43.3638],[-5.86769,43.3635],[-5.86591,43.36285],[-5.86679,43.36181],[-5.86721,43.35988],[-5.86731,43.36018],[-5.87166,43.35948],[-5.87218,43.35996],[-5.87288,43.35998],[-5.87343,43.35988],[-5.87402,43.3594],[-5.87483,43.35923],[-5.87511,43.35893],[-5.87575,43.3591],[-5.87618,43.35903],[-5.87643,43.35914],[-5.87666,43.3594],[-5.87598,43.35967],[-5.87419,43.36082],[-5.87382,43.36097],[-5.87294,43.36101],[-5.87222,43.36122],[-5.87179,43.36155],[-5.87162,43.362],[-5.87111,43.36213],[-5.87108,43.36297],[-5.87006,43.36392],[-5.86976,43.36391],[-5.86928,43.36422],[-5.86877,43.36407],[-5.86814,43.36414]]]}},{"type":"Feature","properties":{"id":"3304410008"},"geometry":{"type":"Polygon","coordinates":[[[-5.86454,43.36451],[-5.86591,43.36285],[-5.86769,43.3635],[-5.86734,43.36413],[-5.86729,43.36461],[-5.86599,43.36407],[-5.86542,43.36488],[-5.86454,43.36451]]]}},{"type":"Feature","properties":{"id":"3304410009"},"geometry":{"type":"Polygon","coordinates":[[[-5.86252,43.36232],[-5.8628,43.36174],[-5.86591,43.36285],[-5.86454,43.36451],[-5.86282,43.36381],[-5.86368,43.36269],[-5.86252,43.36232]]]}},{"type":"Feature","properties":{"id":"3304410010"},"geometry":{"type":"Polygon","coordinates":[[[-5.85954,43.3614],[-5.86252,43.36232],[-5.86222,43.36293],[-5.86046,43.36289],[-5.85954,43.3614]]]}},{"type":"Feature","properties":{"id":"3304410011"},"geometry":{"type":"Polygon","coordinates":[[[-5.8628,43.36174],[-5.86287,43.36155],[-5.86266,43.36035],[-5.86689,43.35906],[-5.86722,43.35983],[-5.86708,43.36079],[-5.86679,43.36181],[-5.86606,43.36276],[-5.86591,43.36285],[-5.8628,43.36174]]]}},{"type":"Feature","properties":{"id":"3304410013"},"geometry":{"type":"Polygon","coordinates":[[[-5.86731,43.36018],[-5.86689,43.35906],[-5.87087,43.35783],[-5.87211,43.35802],[-5.8717,43.35897],[-5.87166,43.35948],[-5.86731,43.36018]]]}},{"type":"Feature","properties":{"id":"3304410015"},"geometry":{"type":"Polygon","coordinates":[[[-5.86814,43.36414],[-5.86877,43.36407],[-5.86928,43.36422],[-5.86976,43.36391],[-5.87006,43.36392],[-5.87108,43.36297],[-5.87111,43.36213],[-5.87162,43.362],[-5.87179,43.36155],[-5.87222,43.36122],[-5.87294,43.36101],[-5.87382,43.36097],[-5.87598,43.35967],[-5.87666,43.3594],[-5.87661,43.3599],[-5.87611,43.36056],[-5.87536,43.36087],[-5.87492,43.36089],[-5.87473,43.3611],[-5.87459,43.3613],[-5.87479,43.36165],[-5.87471,43.36174],[-5.87506,43.36159],[-5.87538,43.36157],[-5.87604,43.36169],[-5.87658,43.36203],[-5.87738,43.36158],[-5.87784,43.36206],[-5.87821,43.3623],[-5.87865,43.36236],[-5.87882,43.36221],[-5.87912,43.3624],[-5.88087,43.36215],[-5.88117,43.36188],[-5.88172,43.36181],[-5.88203,43.3613],[-5.88288,43.36055],[-5.88489,43.36035],[-5.88757,43.35936],[-5.88785,43.35962],[-5.88847,43.35993],[-5.88881,43.36034],[-5.88876,43.36059],[-5.88856,43.36052],[-5.88769,43.36102],[-5.88413,43.36346],[-5.88339,43.36382],[-5.88265,43.36403],[-5.88171,43.36413],[-5.87753,43.36424],[-5.87758,43.36441],[-5.87495,43.36482],[-5.87266,43.3654],[-5.87242,43.365],[-5.87215,43.36503],[-5.87164,43.36416],[-5.86897,43.36465],[-5.86814,43.36414]]]}},{"type":"Feature","properties":{"id":"3304410016"},"geometry":{"type":"Polygon","coordinates":[[[-5.87166,43.35948],[-5.8717,43.35897],[-5.87211,43.35802],[-5.87087,43.35783],[-5.87393,43.35687],[-5.87404,43.35733],[-5.87455,43.358],[-5.8743,43.35852],[-5.87444,43.35871],[-5.87513,43.3589],[-5.87505,43.35904],[-5.87483,43.35923],[-5.87402,43.3594],[-5.87343,43.35988],[-5.87307,43.35996],[-5.87218,43.35996],[-5.87166,43.35948]]]}},{"type":"Feature","properties":{"id":"3304411001"},"geometry":{"type":"Polygon","coordinates":[[[-5.85438,43.36605],[-5.85164,43.36421],[-5.85273,43.36365],[-5.85399,43.36493],[-5.85637,43.36483],[-5.85438,43.36605]]]}},{"type":"Feature","properties":{"id":"3304411002"},"geometry":{"type":"Polygon","coordinates":[[[-5.85164,43.36421],[-5.84803,43.36179],[-5.85036,43.35955],[-5.85365,43.36183],[-5.85457,43.36269],[-5.85164,43.36421]]]}},{"type":"Feature","properties":{"id":"3304411003"},"geometry":{"type":"Polygon","coordinates":[[[-5.85457,43.36269],[-5.8553,43.36223],[-5.85723,43.36415],[-5.85672,43.36457],[-5.85457,43.36269]]]}},{"type":"Feature","properties":{"id":"3304411004"},"geometry":{"type":"Polygon","coordinates":[[[-5.85601,43.36295],[-5.85767,43.36197],[-5.85831,43.36303],[-5.85723,43.36415],[-5.85601,43.36295]]]}},{"type":"Feature","properties":{"id":"3304411005"},"geometry":{"type":"Polygon","coordinates":[[[-5.85485,43.36023],[-5.85864,43.35996],[-5.85918,43.36082],[-5.85756,43.36103],[-5.85715,43.36081],[-5.85684,43.36094],[-5.85678,43.36112],[-5.85499,43.36136],[-5.85485,43.36023]]]}},{"type":"Feature","properties":{"id":"3304411006"},"geometry":{"type":"Polygon","coordinates":[[[-5.85258,43.35796],[-5.85419,43.3568],[-5.85677,43.35668],[-5.85864,43.35996],[-5.85485,43.36023],[-5.85472,43.35906],[-5.85432,43.35909],[-5.85402,43.35898],[-5.85258,43.35796]]]}},{"type":"Feature","properties":{"id":"3304411007"},"geometry":{"type":"Polygon","coordinates":[[[-5.8511,43.35902],[-5.85258,43.35796],[-5.85402,43.35898],[-5.85432,43.35909],[-5.85472,43.35906],[-5.85499,43.36136],[-5.8545,43.36141],[-5.85344,43.36064],[-5.85364,43.36048],[-5.85287,43.35995],[-5.85266,43.3601],[-5.8511,43.35902]]]}},{"type":"Feature","properties":{"id":"3304411008"},"geometry":{"type":"Polygon","coordinates":[[[-5.85036,43.35955],[-5.8511,43.35902],[-5.85266,43.3601],[-5.85287,43.35995],[-5.85364,43.36048],[-5.85344,43.36064],[-5.8545,43.36141],[-5.85365,43.36183],[-5.85036,43.35955]]]}},{"type":"Feature","properties":{"id":"3304411009"},"geometry":{"type":"Polygon","coordinates":[[[-5.85601,43.36295],[-5.8553,43.36223],[-5.85685,43.36128],[-5.85684,43.36094],[-5.85715,43.36081],[-5.85756,43.36103],[-5.85918,43.36082],[-5.85954,43.3614],[-5.8595,43.36155],[-5.85831,43.36303],[-5.85767,43.36197],[-5.85601,43.36295]]]}},{"type":"Feature","properties":{"id":"3304411010"},"geometry":{"type":"Polygon","coordinates":[[[-5.85365,43.36183],[-5.8545,43.36141],[-5.85678,43.36112],[-5.85685,43.36128],[-5.85457,43.36269],[-5.85365,43.36183]]]}},{"type":"Feature","properties":{"id":"3304411011"},"geometry":{"type":"Polygon","coordinates":[[[-5.85273,43.36365],[-5.85457,43.36269],[-5.85672,43.36457],[-5.85637,43.36483],[-5.85399,43.36493],[-5.85273,43.36365]]]}},{"type":"Feature","properties":{"id":"3304412001"},"geometry":{"type":"Polygon","coordinates":[[[-5.86883,43.34009],[-5.86978,43.3382],[-5.86995,43.3372],[-5.86985,43.33628],[-5.87018,43.33392],[-5.87042,43.33323],[-5.87043,43.33228],[-5.87094,43.33138],[-5.87441,43.32866],[-5.87404,43.32768],[-5.87395,43.32712],[-5.87747,43.32732],[-5.87803,43.32666],[-5.87903,43.32588],[-5.8803,43.32508],[-5.88093,43.32487],[-5.88272,43.32403],[-5.88444,43.32267],[-5.88703,43.32156],[-5.88819,43.32142],[-5.88893,43.32113],[-5.88947,43.32102],[-5.89025,43.32106],[-5.89164,43.32162],[-5.89336,43.32181],[-5.89372,43.32197],[-5.89426,43.32205],[-5.89534,43.32181],[-5.89703,43.3219],[-5.9008,43.32051],[-5.90373,43.31981],[-5.90617,43.31962],[-5.90654,43.32018],[-5.90673,43.32026],[-5.9088,43.32093],[-5.90938,43.32094],[-5.90952,43.32261],[-5.90941,43.32309],[-5.90879,43.32372],[-5.90793,43.32626],[-5.90757,43.32827],[-5.90639,43.32951],[-5.9057,43.32986],[-5.90467,43.33066],[-5.90341,43.33138],[-5.90334,43.33231],[-5.90483,43.33309],[-5.90497,43.33601],[-5.90459,43.33884],[-5.90276,43.34053],[-5.9019,43.34118],[-5.90211,43.34329],[-5.90309,43.34294],[-5.90861,43.34292],[-5.90884,43.34359],[-5.90733,43.34338],[-5.90419,43.34397],[-5.90176,43.34463],[-5.89974,43.3446],[-5.89936,43.3449],[-5.89905,43.3454],[-5.89889,43.34549],[-5.89857,43.34561],[-5.89773,43.34569],[-5.89626,43.34646],[-5.89563,43.3466],[-5.89425,43.34671],[-5.89233,43.34782],[-5.89182,43.34788],[-5.89133,43.34783],[-5.88903,43.35927],[-5.888,43.35934],[-5.88779,43.35956],[-5.88757,43.35936],[-5.88585,43.36004],[-5.88465,43.3604],[-5.88288,43.36055],[-5.88203,43.3613],[-5.88184,43.36173],[-5.88164,43.36185],[-5.88117,43.36188],[-5.88087,43.36215],[-5.87912,43.3624],[-5.87882,43.36221],[-5.87865,43.36236],[-5.87821,43.3623],[-5.87784,43.36206],[-5.87738,43.36158],[-5.87658,43.36203],[-5.87604,43.36169],[-5.87538,43.36157],[-5.87506,43.36159],[-5.87471,43.36174],[-5.87479,43.36165],[-5.87459,43.3613],[-5.87479,43.36103],[-5.87492,43.36089],[-5.87536,43.36087],[-5.87611,43.36056],[-5.87658,43.35997],[-5.8767,43.3595],[-5.87626,43.35904],[-5.87575,43.3591],[-5.87441,43.35869],[-5.8743,43.35842],[-5.87455,43.358],[-5.87404,43.35733],[-5.87393,43.35687],[-5.87519,43.3564],[-5.87654,43.35653],[-5.87668,43.35534],[-5.87659,43.35501],[-5.87592,43.3541],[-5.87587,43.35325],[-5.87517,43.3521],[-5.87498,43.35264],[-5.87468,43.35284],[-5.87437,43.3529],[-5.8738,43.35279],[-5.87338,43.35239],[-5.8731,43.35228],[-5.87393,43.35081],[-5.87418,43.34954],[-5.87668,43.34527],[-5.87501,43.34328],[-5.87022,43.34222],[-5.86883,43.34009]]]}},{"type":"Feature","properties":{"id":"3304412002"},"geometry":{"type":"Polygon","coordinates":[[[-5.86259,43.35907],[-5.85939,43.35857],[-5.8594,43.35866],[-5.85795,43.35871],[-5.85677,43.35668],[-5.85931,43.35622],[-5.86021,43.35621],[-5.86003,43.35721],[-5.86306,43.35769],[-5.86259,43.35907]]]}},{"type":"Feature","properties":{"id":"3304412003"},"geometry":{"type":"Polygon","coordinates":[[[-5.85419,43.3568],[-5.85553,43.35584],[-5.85609,43.35512],[-5.85624,43.3545],[-5.85616,43.3526],[-5.85626,43.3518],[-5.85676,43.35188],[-5.85664,43.35226],[-5.85685,43.35268],[-5.85716,43.35286],[-5.85831,43.35308],[-5.85861,43.35343],[-5.85849,43.3537],[-5.8574,43.35433],[-5.85691,43.35477],[-5.85736,43.35548],[-5.8577,43.3565],[-5.85657,43.35672],[-5.85419,43.3568]]]}},{"type":"Feature","properties":{"id":"3304412004"},"geometry":{"type":"Polygon","coordinates":[[[-5.85736,43.35548],[-5.86019,43.35514],[-5.86037,43.35578],[-5.85906,43.35604],[-5.85874,43.35631],[-5.8577,43.3565],[-5.85736,43.35548]]]}},{"type":"Feature","properties":{"id":"3304412005"},"geometry":{"type":"Polygon","coordinates":[[[-5.86521,43.35697],[-5.86203,43.35647],[-5.86148,43.35559],[-5.86336,43.3549],[-5.86462,43.35476],[-5.86668,43.35383],[-5.8677,43.3537],[-5.86849,43.35349],[-5.86968,43.35648],[-5.87097,43.35781],[-5.86675,43.3591],[-5.86558,43.35714],[-5.86521,43.35697]]]}},{"type":"Feature","properties":{"id":"3304412006"},"geometry":{"type":"Polygon","coordinates":[[[-5.86266,43.36035],[-5.86249,43.35941],[-5.86336,43.35667],[-5.86537,43.35702],[-5.86562,43.35718],[-5.86675,43.3591],[-5.86266,43.36035]]]}},{"type":"Feature","properties":{"id":"3304412007"},"geometry":{"type":"Polygon","coordinates":[[[-5.85845,43.35963],[-5.85795,43.35871],[-5.8594,43.35866],[-5.85939,43.35857],[-5.86259,43.35907],[-5.86249,43.35941],[-5.86266,43.36035],[-5.86169,43.36048],[-5.86151,43.35966],[-5.86157,43.3594],[-5.85845,43.35963]]]}},{"type":"Feature","properties":{"id":"3304412008"},"geometry":{"type":"Polygon","coordinates":[[[-5.86849,43.35349],[-5.86918,43.35327],[-5.8704,43.35271],[-5.87102,43.35272],[-5.87189,43.35243],[-5.8727,43.35228],[-5.87328,43.35233],[-5.87392,43.35285],[-5.87449,43.35289],[-5.87502,43.3526],[-5.87517,43.3521],[-5.87587,43.35325],[-5.87592,43.3541],[-5.87661,43.35505],[-5.87668,43.35537],[-5.87654,43.35653],[-5.87538,43.3564],[-5.87494,43.35645],[-5.87381,43.35692],[-5.87097,43.35781],[-5.86968,43.35648],[-5.86849,43.35349]]]}},{"type":"Feature","properties":{"id":"3304412009"},"geometry":{"type":"Polygon","coordinates":[[[-5.85853,43.35326],[-5.85908,43.35316],[-5.85983,43.35341],[-5.86054,43.35309],[-5.86144,43.35293],[-5.86246,43.35293],[-5.86299,43.3531],[-5.86158,43.35383],[-5.85901,43.35432],[-5.85925,43.35501],[-5.86011,43.3549],[-5.86019,43.35514],[-5.85736,43.35548],[-5.85691,43.35477],[-5.8574,43.35433],[-5.85849,43.3537],[-5.85861,43.3535],[-5.85853,43.35326]]]}},{"type":"Feature","properties":{"id":"3304412011"},"geometry":{"type":"Polygon","coordinates":[[[-5.85918,43.36082],[-5.85845,43.35963],[-5.86157,43.3594],[-5.86151,43.35966],[-5.86169,43.36048],[-5.85918,43.36082]]]}},{"type":"Feature","properties":{"id":"3304412012"},"geometry":{"type":"Polygon","coordinates":[[[-5.85874,43.35631],[-5.85896,43.35608],[-5.85923,43.35599],[-5.86148,43.35559],[-5.86203,43.35647],[-5.86336,43.35667],[-5.86306,43.35769],[-5.86003,43.35721],[-5.86021,43.35621],[-5.85968,43.35618],[-5.85874,43.35631]]]}},{"type":"Feature","properties":{"id":"3304412013"},"geometry":{"type":"Polygon","coordinates":[[[-5.86491,43.35214],[-5.86489,43.35201],[-5.86458,43.35178],[-5.86326,43.35133],[-5.86219,43.35121],[-5.86,43.35039],[-5.85921,43.35034],[-5.85844,43.35059],[-5.85736,43.34963],[-5.85769,43.34914],[-5.86232,43.34545],[-5.86461,43.34188],[-5.86904,43.33972],[-5.86883,43.34009],[-5.87022,43.34222],[-5.87501,43.34328],[-5.87668,43.34527],[-5.87418,43.34954],[-5.87393,43.35081],[-5.8731,43.35228],[-5.87224,43.35236],[-5.87102,43.35272],[-5.8704,43.35271],[-5.86878,43.35342],[-5.86642,43.35393],[-5.8661,43.35348],[-5.86618,43.35318],[-5.86511,43.35269],[-5.86574,43.35244],[-5.86532,43.35198],[-5.86491,43.35214]]]}},{"type":"Feature","properties":{"id":"3304412014"},"geometry":{"type":"Polygon","coordinates":[[[-5.86037,43.35578],[-5.86011,43.3549],[-5.85925,43.35501],[-5.85901,43.35432],[-5.86158,43.35382],[-5.86121,43.35462],[-5.86119,43.35498],[-5.86261,43.35448],[-5.86287,43.35508],[-5.86148,43.35559],[-5.86037,43.35578]]]}},{"type":"Feature","properties":{"id":"3304412015"},"geometry":{"type":"Polygon","coordinates":[[[-5.86158,43.35383],[-5.86357,43.35283],[-5.86481,43.35234],[-5.86491,43.35214],[-5.86532,43.35198],[-5.86574,43.35244],[-5.86511,43.35269],[-5.86618,43.35318],[-5.8661,43.35348],[-5.86642,43.35393],[-5.86462,43.35476],[-5.86336,43.3549],[-5.86287,43.35508],[-5.86261,43.35448],[-5.86119,43.35498],[-5.86121,43.35462],[-5.86158,43.35383]]]}},{"type":"Feature","properties":{"id":"3304412016"},"geometry":{"type":"Polygon","coordinates":[[[-5.85853,43.35326],[-5.85823,43.35305],[-5.857,43.35278],[-5.85668,43.35244],[-5.85676,43.35188],[-5.85626,43.3518],[-5.85664,43.3507],[-5.85736,43.34963],[-5.85844,43.35059],[-5.85921,43.35034],[-5.86,43.35039],[-5.86219,43.35121],[-5.86326,43.35133],[-5.86378,43.3515],[-5.86458,43.35178],[-5.86489,43.35201],[-5.86481,43.35234],[-5.86299,43.3531],[-5.86246,43.35293],[-5.86144,43.35293],[-5.86054,43.35309],[-5.85983,43.35341],[-5.85908,43.35316],[-5.85853,43.35326]]]}},{"type":"Feature","properties":{"id":"3304413001"},"geometry":{"type":"Polygon","coordinates":[[[-5.75643,43.34711],[-5.75511,43.34714],[-5.75348,43.34697],[-5.75289,43.34679],[-5.75205,43.34675],[-5.75162,43.34655],[-5.75111,43.34589],[-5.75084,43.34577],[-5.75031,43.34583],[-5.75005,43.34574],[-5.74933,43.34538],[-5.74883,43.34481],[-5.74789,43.34467],[-5.74744,43.3445],[-5.74719,43.34408],[-5.74695,43.34395],[-5.74643,43.34393],[-5.74579,43.3437],[-5.74437,43.34353],[-5.74344,43.34355],[-5.74307,43.34345],[-5.74291,43.34312],[-5.74263,43.34291],[-5.74279,43.34243],[-5.7424,43.3418],[-5.74272,43.34143],[-5.74296,43.34132],[-5.74315,43.34109],[-5.74316,43.34086],[-5.74234,43.33971],[-5.74233,43.33953],[-5.74248,43.33903],[-5.74302,43.33855],[-5.74432,43.33794],[-5.74442,43.33777],[-5.74437,43.33739],[-5.74406,43.3369],[-5.74427,43.33638],[-5.745,43.33606],[-5.74569,43.33587],[-5.74689,43.33585],[-5.75057,43.33874],[-5.75513,43.33341],[-5.75534,43.33231],[-5.75529,43.33179],[-5.75484,43.33118],[-5.75494,43.33089],[-5.75549,43.33029],[-5.75622,43.32973],[-5.75776,43.32901],[-5.75779,43.3266],[-5.75798,43.32596],[-5.75852,43.3253],[-5.75835,43.32483],[-5.75835,43.3242],[-5.75735,43.32303],[-5.757,43.3221],[-5.7572,43.32108],[-5.75705,43.32053],[-5.75613,43.31902],[-5.75619,43.31855],[-5.75733,43.31697],[-5.75726,43.31671],[-5.75789,43.31578],[-5.75798,43.31491],[-5.75809,43.31473],[-5.75986,43.31393],[-5.76013,43.3136],[-5.75999,43.31341],[-5.75929,43.31312],[-5.75937,43.31261],[-5.75974,43.312],[-5.76045,43.3114],[-5.76069,43.31105],[-5.76088,43.31047],[-5.7608,43.30993],[-5.7609,43.30968],[-5.76145,43.30912],[-5.76248,43.30877],[-5.76292,43.30833],[-5.76299,43.30803],[-5.76276,43.30743],[-5.76282,43.30725],[-5.7633,43.30694],[-5.76523,43.30629],[-5.76632,43.30643],[-5.76725,43.3062],[-5.7688,43.30541],[-5.77013,43.30443],[-5.77092,43.30362],[-5.77266,43.30229],[-5.77364,43.30205],[-5.77369,43.30189],[-5.77323,43.30091],[-5.77923,43.30153],[-5.78625,43.30321],[-5.79755,43.30629],[-5.80529,43.30715],[-5.80931,43.31497],[-5.80854,43.31513],[-5.80772,43.31555],[-5.80699,43.31568],[-5.8068,43.31588],[-5.80652,43.31667],[-5.8067,43.31681],[-5.80649,43.31702],[-5.80656,43.31722],[-5.80728,43.31775],[-5.80865,43.31793],[-5.81099,43.31874],[-5.80987,43.32175],[-5.80472,43.32172],[-5.80343,43.32218],[-5.80308,43.32272],[-5.80075,43.32453],[-5.79812,43.32514],[-5.79549,43.32561],[-5.78892,43.32782],[-5.78633,43.32848],[-5.78584,43.32882],[-5.78365,43.32927],[-5.78312,43.32966],[-5.78172,43.32993],[-5.78196,43.33041],[-5.78296,43.33134],[-5.782,43.33184],[-5.78164,43.33235],[-5.781,43.33282],[-5.78273,43.33412],[-5.78227,43.33564],[-5.78173,43.3364],[-5.78308,43.33839],[-5.78432,43.34094],[-5.77916,43.34242],[-5.77765,43.34477],[-5.7764,43.34493],[-5.7756,43.34453],[-5.77332,43.34459],[-5.77221,43.34444],[-5.77093,43.34494],[-5.7704,43.34542],[-5.76738,43.34624],[-5.76389,43.34636],[-5.76315,43.3465],[-5.76261,43.34679],[-5.76222,43.3466],[-5.76112,43.34652],[-5.76028,43.34627],[-5.75938,43.34637],[-5.75828,43.34676],[-5.75685,43.34695],[-5.75643,43.34711]]]}},{"type":"Feature","properties":{"id":"3304413003"},"geometry":{"type":"Polygon","coordinates":[[[-5.80931,43.31497],[-5.80529,43.30715],[-5.79755,43.30629],[-5.78625,43.30321],[-5.77923,43.30153],[-5.77323,43.30091],[-5.77307,43.30056],[-5.77301,43.29992],[-5.7733,43.29925],[-5.77397,43.2982],[-5.77379,43.29593],[-5.77313,43.29555],[-5.77282,43.29525],[-5.77302,43.29425],[-5.77264,43.29315],[-5.77277,43.29238],[-5.77147,43.29144],[-5.7715,43.29011],[-5.77096,43.2882],[-5.77204,43.28788],[-5.77371,43.28696],[-5.77433,43.28649],[-5.77532,43.28486],[-5.77669,43.28373],[-5.77748,43.28337],[-5.77825,43.28252],[-5.77993,43.28174],[-5.7807,43.28154],[-5.78149,43.28118],[-5.78197,43.28079],[-5.78265,43.27947],[-5.78349,43.27916],[-5.78385,43.27915],[-5.78518,43.27975],[-5.78959,43.27973],[-5.79156,43.27984],[-5.79222,43.2797],[-5.79655,43.28188],[-5.79757,43.28216],[-5.80075,43.28252],[-5.80142,43.2828],[-5.80214,43.28338],[-5.80331,43.28471],[-5.8041,43.28492],[-5.8046,43.28517],[-5.80521,43.28571],[-5.80623,43.28707],[-5.80817,43.28776],[-5.8115,43.28851],[-5.81289,43.28871],[-5.8136,43.28868],[-5.81562,43.28835],[-5.81664,43.28803],[-5.81811,43.28793],[-5.81966,43.28757],[-5.82063,43.2879],[-5.82089,43.2879],[-5.8215,43.28777],[-5.82238,43.28736],[-5.82333,43.28666],[-5.8236,43.28634],[-5.82393,43.28625],[-5.82657,43.28617],[-5.82766,43.28562],[-5.82923,43.2854],[-5.83024,43.28501],[-5.83133,43.28491],[-5.83196,43.28501],[-5.83227,43.28533],[-5.83312,43.28565],[-5.83551,43.28517],[-5.8366,43.28542],[-5.83723,43.28535],[-5.83776,43.28516],[-5.83855,43.28477],[-5.83929,43.28421],[-5.83963,43.28437],[-5.83882,43.285],[-5.83811,43.2853],[-5.83788,43.28555],[-5.83747,43.28563],[-5.83688,43.28617],[-5.83608,43.28639],[-5.83577,43.28688],[-5.83512,43.28735],[-5.834,43.2886],[-5.83044,43.29087],[-5.83059,43.29153],[-5.83027,43.29219],[-5.83033,43.29232],[-5.83165,43.29253],[-5.83306,43.29299],[-5.83495,43.29437],[-5.83534,43.29494],[-5.83543,43.29524],[-5.83535,43.2956],[-5.83463,43.29647],[-5.83442,43.29696],[-5.83487,43.29765],[-5.84434,43.30229],[-5.84436,43.30238],[-5.84402,43.30273],[-5.84371,43.30357],[-5.84299,43.30418],[-5.84245,43.30432],[-5.84185,43.30494],[-5.84119,43.30536],[-5.84089,43.30618],[-5.84033,43.30682],[-5.84026,43.30742],[-5.83992,43.30782],[-5.83968,43.30792],[-5.83865,43.30794],[-5.83685,43.30931],[-5.83689,43.30954],[-5.83708,43.30966],[-5.83772,43.30979],[-5.83828,43.3101],[-5.83843,43.31031],[-5.83841,43.31061],[-5.83752,43.31183],[-5.83684,43.31337],[-5.83621,43.31429],[-5.83494,43.31576],[-5.83372,43.31671],[-5.83345,43.31725],[-5.83314,43.3175],[-5.8319,43.31796],[-5.83146,43.31837],[-5.8308,43.31871],[-5.83062,43.3189],[-5.83061,43.31917],[-5.83002,43.31934],[-5.82939,43.31993],[-5.82324,43.32108],[-5.82133,43.32333],[-5.81892,43.32438],[-5.81825,43.32723],[-5.8165,43.32908],[-5.80983,43.32591],[-5.80831,43.32408],[-5.80986,43.32179],[-5.81099,43.31874],[-5.80865,43.31793],[-5.80728,43.31775],[-5.80656,43.31722],[-5.80649,43.31702],[-5.8067,43.31681],[-5.80652,43.31667],[-5.8068,43.31588],[-5.80699,43.31568],[-5.80772,43.31555],[-5.80854,43.31513],[-5.80931,43.31497]]]}},{"type":"Feature","properties":{"id":"3304414001"},"geometry":{"type":"Polygon","coordinates":[[[-5.8165,43.32908],[-5.81825,43.32723],[-5.81892,43.32438],[-5.82133,43.32333],[-5.82324,43.32108],[-5.82939,43.31993],[-5.83002,43.31934],[-5.83061,43.31917],[-5.83068,43.31977],[-5.83187,43.32123],[-5.83353,43.32171],[-5.8344,43.32169],[-5.83536,43.32233],[-5.83734,43.32322],[-5.83884,43.32378],[-5.83972,43.32425],[-5.83986,43.32437],[-5.84009,43.32555],[-5.84059,43.32601],[-5.84185,43.32674],[-5.84333,43.32828],[-5.8438,43.32898],[-5.84444,43.32922],[-5.84477,43.32953],[-5.84514,43.32939],[-5.84512,43.32787],[-5.8445,43.32725],[-5.84437,43.32647],[-5.8438,43.32546],[-5.84333,43.324],[-5.84336,43.32323],[-5.84371,43.3227],[-5.84366,43.32199],[-5.84346,43.32176],[-5.84275,43.32154],[-5.84254,43.32137],[-5.84388,43.31936],[-5.84394,43.3187],[-5.84356,43.31856],[-5.84241,43.3184],[-5.8419,43.31788],[-5.84162,43.31775],[-5.84066,43.31758],[-5.84045,43.31749],[-5.84043,43.31736],[-5.84075,43.31683],[-5.84111,43.31663],[-5.84132,43.31623],[-5.84163,43.31607],[-5.84228,43.31511],[-5.84362,43.31396],[-5.84397,43.31338],[-5.84414,43.31284],[-5.84466,43.31256],[-5.84586,43.31234],[-5.84792,43.31118],[-5.84941,43.31074],[-5.85043,43.31056],[-5.85118,43.31053],[-5.85346,43.31077],[-5.85426,43.31042],[-5.85515,43.31026],[-5.85717,43.30997],[-5.85827,43.31],[-5.85924,43.30926],[-5.86012,43.30882],[-5.86338,43.3087],[-5.86488,43.30852],[-5.86546,43.3086],[-5.86662,43.3091],[-5.8674,43.3098],[-5.86809,43.31077],[-5.86856,43.3125],[-5.86801,43.31542],[-5.86806,43.31591],[-5.86835,43.31766],[-5.86861,43.31813],[-5.86886,43.31905],[-5.86872,43.32024],[-5.86942,43.32169],[-5.86955,43.3226],[-5.86999,43.32316],[-5.87113,43.32397],[-5.87164,43.32456],[-5.87192,43.3251],[-5.8721,43.32604],[-5.87236,43.32672],[-5.87305,43.327],[-5.87395,43.32712],[-5.87404,43.32768],[-5.87441,43.32866],[-5.87094,43.33138],[-5.87043,43.33228],[-5.87042,43.33323],[-5.87018,43.33392],[-5.86985,43.33628],[-5.86995,43.3372],[-5.86978,43.3382],[-5.86904,43.33972],[-5.86461,43.34188],[-5.86232,43.34545],[-5.86094,43.3466],[-5.86083,43.34664],[-5.85989,43.34602],[-5.85825,43.34539],[-5.85697,43.34505],[-5.85592,43.345],[-5.85382,43.34507],[-5.853,43.34127],[-5.84938,43.34188],[-5.84889,43.34239],[-5.84697,43.34125],[-5.84699,43.34102],[-5.84571,43.34086],[-5.84568,43.34059],[-5.84506,43.34051],[-5.84502,43.33993],[-5.8453,43.33962],[-5.84504,43.33938],[-5.84484,43.33939],[-5.84485,43.33904],[-5.84522,43.33859],[-5.84503,43.33843],[-5.84438,43.33853],[-5.84401,43.3385],[-5.84367,43.33865],[-5.84328,43.33862],[-5.84194,43.33887],[-5.84151,43.33951],[-5.84017,43.3394],[-5.83965,43.33958],[-5.8388,43.3397],[-5.83848,43.3399],[-5.83485,43.34111],[-5.83442,43.3435],[-5.83438,43.34443],[-5.83482,43.34437],[-5.83525,43.34487],[-5.83536,43.34518],[-5.83649,43.3458],[-5.83689,43.34578],[-5.83773,43.34538],[-5.83873,43.34468],[-5.83934,43.34409],[-5.83976,43.34392],[-5.84041,43.34342],[-5.84093,43.34319],[-5.84137,43.34318],[-5.84145,43.34362],[-5.84133,43.34397],[-5.84226,43.3446],[-5.8418,43.34536],[-5.84185,43.3461],[-5.8409,43.34656],[-5.83978,43.34737],[-5.83955,43.34816],[-5.8391,43.34833],[-5.83924,43.34863],[-5.83909,43.34895],[-5.83654,43.34983],[-5.836,43.34977],[-5.83472,43.35002],[-5.8342,43.3504],[-5.83379,43.35036],[-5.83193,43.35073],[-5.83145,43.3506],[-5.83089,43.35058],[-5.83053,43.35039],[-5.8303,43.35038],[-5.82651,43.35449],[-5.82643,43.35479],[-5.82704,43.35531],[-5.82692,43.35543],[-5.82531,43.35516],[-5.82404,43.35454],[-5.82184,43.35479],[-5.82148,43.35515],[-5.82147,43.35569],[-5.82071,43.35605],[-5.82058,43.35645],[-5.81985,43.35763],[-5.81953,43.35706],[-5.81322,43.35402],[-5.81265,43.35363],[-5.81146,43.3533],[-5.81095,43.35291],[-5.81009,43.35247],[-5.80919,43.3524],[-5.80877,43.35247],[-5.8082,43.35264],[-5.80802,43.35284],[-5.80744,43.35295],[-5.80728,43.35283],[-5.8069,43.35277],[-5.80638,43.35305],[-5.80595,43.35314],[-5.80583,43.35327],[-5.80466,43.35278],[-5.80403,43.35268],[-5.80318,43.35239],[-5.80228,43.35229],[-5.80188,43.35115],[-5.80204,43.35058],[-5.80213,43.35049],[-5.80305,43.35037],[-5.80351,43.35016],[-5.80404,43.34963],[-5.80433,43.34922],[-5.80434,43.34888],[-5.80391,43.34826],[-5.80334,43.34789],[-5.80262,43.34768],[-5.8024,43.34771],[-5.79969,43.34649],[-5.80018,43.34617],[-5.79849,43.3463],[-5.79812,43.34642],[-5.79586,43.3456],[-5.79706,43.34177],[-5.80207,43.34246],[-5.8038,43.34169],[-5.80401,43.34155],[-5.80415,43.34128],[-5.80472,43.34095],[-5.80522,43.34109],[-5.80538,43.34125],[-5.80715,43.34129],[-5.80733,43.34116],[-5.8069,43.34058],[-5.80733,43.33985],[-5.81021,43.33932],[-5.81017,43.33908],[-5.80991,43.33886],[-5.80958,43.33704],[-5.80955,43.33503],[-5.81015,43.33407],[-5.81162,43.33337],[-5.81102,43.33183],[-5.81155,43.33181],[-5.81299,43.33089],[-5.81498,43.33158],[-5.81662,43.32914],[-5.8165,43.32908]]]}},{"type":"Feature","properties":{"id":"3304414003"},"geometry":{"type":"Polygon","coordinates":[[[-5.81494,43.36848],[-5.81262,43.3681],[-5.81224,43.36784],[-5.81082,43.36768],[-5.8101,43.36703],[-5.8067,43.36607],[-5.80462,43.3639],[-5.804,43.36312],[-5.80321,43.3626],[-5.80282,43.36161],[-5.80186,43.36147],[-5.80104,43.36092],[-5.79963,43.36097],[-5.79922,43.36078],[-5.79899,43.36053],[-5.79866,43.36058],[-5.79814,43.36121],[-5.79787,43.36134],[-5.7957,43.36062],[-5.78955,43.36155],[-5.79045,43.36185],[-5.79109,43.36194],[-5.79085,43.36236],[-5.79088,43.3626],[-5.78985,43.36293],[-5.78918,43.36265],[-5.78835,43.36252],[-5.78761,43.36295],[-5.787,43.36349],[-5.78572,43.36396],[-5.78538,43.36419],[-5.78505,43.36513],[-5.78466,43.36553],[-5.78383,43.36597],[-5.78113,43.36045],[-5.7812,43.35558],[-5.78089,43.35537],[-5.77672,43.35402],[-5.77767,43.35245],[-5.77788,43.34542],[-5.77679,43.34517],[-5.7764,43.34493],[-5.77765,43.34477],[-5.77916,43.34242],[-5.78432,43.34094],[-5.78308,43.33839],[-5.78173,43.3364],[-5.78227,43.33564],[-5.78273,43.33412],[-5.781,43.33282],[-5.78164,43.33235],[-5.782,43.33184],[-5.78296,43.33134],[-5.78196,43.33041],[-5.78172,43.32993],[-5.78312,43.32966],[-5.78365,43.32927],[-5.78584,43.32882],[-5.78633,43.32848],[-5.78892,43.32782],[-5.79549,43.32561],[-5.79812,43.32514],[-5.80075,43.32453],[-5.80308,43.32272],[-5.80343,43.32218],[-5.80472,43.32172],[-5.80987,43.32175],[-5.80831,43.32408],[-5.80983,43.32591],[-5.81662,43.32914],[-5.81498,43.33158],[-5.81299,43.33089],[-5.81155,43.33181],[-5.81102,43.33183],[-5.81162,43.33337],[-5.81015,43.33407],[-5.80955,43.33503],[-5.80958,43.33704],[-5.80991,43.33886],[-5.81017,43.33908],[-5.81021,43.33932],[-5.80733,43.33985],[-5.8069,43.34058],[-5.80733,43.34116],[-5.80715,43.34129],[-5.80538,43.34125],[-5.80522,43.34109],[-5.80472,43.34095],[-5.80415,43.34128],[-5.80401,43.34155],[-5.8038,43.34169],[-5.80207,43.34246],[-5.79706,43.34177],[-5.79586,43.3456],[-5.79812,43.34642],[-5.79849,43.3463],[-5.80018,43.34617],[-5.79969,43.34649],[-5.8024,43.34771],[-5.80262,43.34768],[-5.80334,43.34789],[-5.80391,43.34826],[-5.80434,43.34888],[-5.80433,43.34922],[-5.80404,43.34963],[-5.80351,43.35016],[-5.80305,43.35037],[-5.80213,43.35049],[-5.80204,43.35058],[-5.80188,43.35115],[-5.80228,43.35229],[-5.80318,43.35239],[-5.80403,43.35268],[-5.80466,43.35278],[-5.80583,43.35327],[-5.80595,43.35314],[-5.80638,43.35305],[-5.8069,43.35277],[-5.80728,43.35283],[-5.80744,43.35295],[-5.80802,43.35284],[-5.8082,43.35264],[-5.80877,43.35247],[-5.80919,43.3524],[-5.81009,43.35247],[-5.81095,43.35291],[-5.81146,43.3533],[-5.81265,43.35363],[-5.81322,43.35402],[-5.81953,43.35706],[-5.81997,43.35779],[-5.81972,43.35811],[-5.81975,43.35884],[-5.82005,43.35935],[-5.82049,43.35976],[-5.82108,43.35996],[-5.82191,43.36044],[-5.82287,43.36069],[-5.82297,43.3608],[-5.82508,43.36167],[-5.82381,43.36288],[-5.82307,43.36285],[-5.8219,43.36314],[-5.82015,43.36403],[-5.81991,43.36445],[-5.81952,43.36461],[-5.81948,43.36503],[-5.81849,43.36586],[-5.81781,43.36629],[-5.81778,43.36691],[-5.81737,43.36714],[-5.81689,43.36722],[-5.81683,43.36743],[-5.817,43.36765],[-5.81638,43.3681],[-5.81616,43.36803],[-5.81527,43.36823],[-5.81494,43.36848]]]}},{"type":"Feature","properties":{"id":"3304415001"},"geometry":{"type":"Polygon","coordinates":[[[-5.96562,43.34813],[-5.96525,43.34808],[-5.9626,43.34867],[-5.96114,43.34848],[-5.96045,43.34817],[-5.95972,43.34716],[-5.96079,43.34411],[-5.96099,43.34295],[-5.96072,43.34223],[-5.9582,43.34086],[-5.95453,43.33934],[-5.95241,43.33868],[-5.95162,43.3381],[-5.95174,43.33805],[-5.95154,43.33655],[-5.95227,43.33567],[-5.95223,43.33481],[-5.95297,43.33324],[-5.95367,43.33193],[-5.95449,43.33098],[-5.95444,43.32993],[-5.95452,43.32998],[-5.96083,43.3266],[-5.96032,43.32631],[-5.96048,43.32255],[-5.96258,43.32099],[-5.96543,43.31949],[-5.96561,43.31984],[-5.96622,43.31958],[-5.96647,43.31942],[-5.96669,43.31886],[-5.9671,43.31841],[-5.96793,43.31833],[-5.96821,43.31821],[-5.96909,43.31761],[-5.9703,43.3165],[-5.97052,43.31559],[-5.97111,43.31466],[-5.97211,43.31418],[-5.97254,43.31387],[-5.97315,43.31328],[-5.97456,43.3122],[-5.97519,43.31151],[-5.97573,43.31118],[-5.97652,43.31104],[-5.97671,43.31089],[-5.97746,43.3095],[-5.97816,43.30944],[-5.98104,43.30888],[-5.9817,43.30903],[-5.98367,43.30807],[-5.98512,43.3072],[-5.98576,43.30671],[-5.9886,43.30511],[-5.99135,43.30425],[-5.99282,43.30479],[-5.99521,43.30521],[-5.99575,43.30549],[-5.99735,43.30607],[-5.9986,43.30505],[-5.99992,43.3044],[-6.00055,43.30317],[-6.00127,43.30534],[-5.99603,43.31029],[-6.00197,43.32405],[-5.98811,43.32869],[-5.98668,43.32932],[-5.98648,43.3295],[-5.98643,43.33042],[-5.98663,43.33318],[-5.98646,43.33395],[-5.98588,43.33533],[-5.98432,43.33738],[-5.98559,43.33766],[-5.98562,43.33828],[-5.98543,43.33865],[-5.98422,43.34019],[-5.98358,43.34077],[-5.98231,43.34188],[-5.98126,43.34255],[-5.98055,43.34287],[-5.9793,43.3431],[-5.97815,43.34282],[-5.97707,43.34301],[-5.97468,43.34372],[-5.97356,43.34424],[-5.9723,43.34517],[-5.96948,43.348],[-5.96942,43.3485],[-5.96769,43.35058],[-5.96719,43.35105],[-5.96737,43.35016],[-5.96724,43.34988],[-5.96653,43.34969],[-5.9663,43.34911],[-5.96562,43.34813]]]}},{"type":"Feature","properties":{"id":"3304415003"},"geometry":{"type":"Polygon","coordinates":[[[-5.95008,43.37121],[-5.95046,43.37061],[-5.95125,43.37062],[-5.95193,43.37052],[-5.95251,43.37025],[-5.95259,43.37001],[-5.95259,43.36979],[-5.95161,43.36918],[-5.9513,43.36885],[-5.95091,43.36815],[-5.95104,43.36779],[-5.9508,43.36721],[-5.95098,43.36697],[-5.9509,43.36671],[-5.95058,43.36645],[-5.95044,43.36536],[-5.95013,43.36537],[-5.94999,43.36528],[-5.94997,43.36513],[-5.94973,43.36492],[-5.94937,43.36475],[-5.94937,43.36433],[-5.94906,43.36421],[-5.94673,43.36413],[-5.9465,43.36437],[-5.94584,43.36416],[-5.94615,43.36375],[-5.94633,43.36325],[-5.94684,43.36311],[-5.94699,43.36292],[-5.94715,43.36237],[-5.94695,43.36112],[-5.95307,43.35428],[-5.95275,43.35418],[-5.95483,43.35167],[-5.95267,43.34802],[-5.94592,43.3404],[-5.95202,43.3384],[-5.95241,43.33868],[-5.95453,43.33934],[-5.9582,43.34086],[-5.96072,43.34223],[-5.96099,43.34295],[-5.96079,43.34411],[-5.95972,43.34716],[-5.96045,43.34817],[-5.96114,43.34848],[-5.9626,43.34867],[-5.96525,43.34808],[-5.96562,43.34813],[-5.9663,43.34911],[-5.96653,43.34969],[-5.96724,43.34988],[-5.96737,43.35016],[-5.96719,43.35105],[-5.96769,43.35058],[-5.96942,43.3485],[-5.96948,43.348],[-5.9723,43.34517],[-5.97356,43.34424],[-5.97468,43.34372],[-5.97707,43.34301],[-5.97815,43.34282],[-5.9793,43.3431],[-5.98055,43.34287],[-5.98181,43.34221],[-5.98231,43.34188],[-5.98422,43.34019],[-5.98543,43.33865],[-5.98562,43.33828],[-5.98559,43.33766],[-5.98432,43.33738],[-5.98588,43.33533],[-5.98646,43.33395],[-5.98663,43.33318],[-5.98643,43.33042],[-5.98648,43.3295],[-5.98668,43.32932],[-5.98811,43.32869],[-6.00197,43.32405],[-5.99603,43.31029],[-6.00127,43.30534],[-6.00222,43.30822],[-6.00463,43.31445],[-6.00857,43.32018],[-6.0134,43.32436],[-6.01583,43.32948],[-6.01693,43.33242],[-6.01285,43.33664],[-6.01253,43.33663],[-6.01011,43.33588],[-6.00538,43.33804],[-6.00445,43.33863],[-6.0041,43.33895],[-6.00272,43.34074],[-6.00227,43.34177],[-6.00139,43.34215],[-6.00108,43.34256],[-6.00045,43.34301],[-5.99865,43.34387],[-5.99733,43.34514],[-5.99581,43.34558],[-5.99408,43.34647],[-5.99263,43.34735],[-5.99145,43.34821],[-5.99068,43.3484],[-5.99065,43.34915],[-5.98922,43.35044],[-5.98816,43.35055],[-5.9873,43.3508],[-5.98566,43.35169],[-5.98428,43.3522],[-5.98307,43.35293],[-5.9799,43.35419],[-5.97923,43.3544],[-5.97659,43.35484],[-5.9748,43.35685],[-5.97248,43.3589],[-5.96953,43.36127],[-5.96943,43.36147],[-5.96955,43.36168],[-5.97077,43.3624],[-5.97125,43.36285],[-5.97338,43.36286],[-5.97409,43.36301],[-5.9745,43.36366],[-5.97457,43.36462],[-5.97583,43.3674],[-5.97603,43.36936],[-5.97593,43.3699],[-5.97565,43.37033],[-5.97487,43.3708],[-5.97276,43.37118],[-5.97186,43.37145],[-5.97136,43.37214],[-5.9714,43.37278],[-5.97154,43.37307],[-5.97228,43.37358],[-5.97769,43.37531],[-5.9786,43.37577],[-5.97942,43.37642],[-5.98,43.37742],[-5.98013,43.37814],[-5.97972,43.37984],[-5.97908,43.38148],[-5.97825,43.38276],[-5.97749,43.38355],[-5.97571,43.38272],[-5.97437,43.38233],[-5.97355,43.38191],[-5.97277,43.38047],[-5.97226,43.38008],[-5.9717,43.38001],[-5.97148,43.38005],[-5.97113,43.38035],[-5.97091,43.38086],[-5.97038,43.38347],[-5.97008,43.38415],[-5.96977,43.38445],[-5.96934,43.38464],[-5.96853,43.38463],[-5.96813,43.38452],[-5.96704,43.38397],[-5.96669,43.38338],[-5.96689,43.38297],[-5.96896,43.38106],[-5.96931,43.38044],[-5.96944,43.37999],[-5.96933,43.37939],[-5.96887,43.37905],[-5.96818,43.37885],[-5.96751,43.37879],[-5.96637,43.37889],[-5.96417,43.37939],[-5.96333,43.38014],[-5.96281,43.38108],[-5.96236,43.38146],[-5.96191,43.38151],[-5.96147,43.38144],[-5.96118,43.3812],[-5.96107,43.38091],[-5.96216,43.37882],[-5.96221,43.37831],[-5.96177,43.37744],[-5.95995,43.37551],[-5.95949,43.37473],[-5.95962,43.37417],[-5.95998,43.37361],[-5.96263,43.37105],[-5.96343,43.37016],[-5.9638,43.36928],[-5.96363,43.3687],[-5.96327,43.36846],[-5.96276,43.36835],[-5.96224,43.36839],[-5.96084,43.36895],[-5.95892,43.36928],[-5.95718,43.36991],[-5.95684,43.37044],[-5.95684,43.37079],[-5.9574,43.3721],[-5.95726,43.37271],[-5.95653,43.37353],[-5.95539,43.37416],[-5.95479,43.37425],[-5.95382,43.37416],[-5.95312,43.37378],[-5.95277,43.3733],[-5.95227,43.37223],[-5.95159,43.37145],[-5.95059,43.37111],[-5.95008,43.37121]]]}},{"type":"Feature","properties":{"id":"3304415005"},"geometry":{"type":"Polygon","coordinates":[[[-5.90947,43.34269],[-5.90903,43.34271],[-5.90861,43.34292],[-5.90309,43.34294],[-5.90211,43.34329],[-5.9019,43.34118],[-5.90276,43.34053],[-5.90459,43.33884],[-5.90497,43.33601],[-5.90483,43.33309],[-5.90334,43.33231],[-5.90341,43.33138],[-5.90467,43.33066],[-5.9057,43.32986],[-5.90639,43.32951],[-5.90757,43.32827],[-5.90793,43.32626],[-5.90879,43.32372],[-5.90941,43.32309],[-5.90952,43.32261],[-5.90938,43.32094],[-5.90983,43.3209],[-5.91072,43.32054],[-5.9128,43.31899],[-5.91423,43.31829],[-5.91525,43.31743],[-5.91595,43.31704],[-5.91688,43.31704],[-5.9179,43.31733],[-5.91795,43.31782],[-5.91903,43.31839],[-5.91984,43.31842],[-5.92015,43.31827],[-5.9208,43.31649],[-5.92142,43.31518],[-5.92198,43.31444],[-5.92265,43.31387],[-5.92494,43.3128],[-5.92601,43.31209],[-5.92621,43.3118],[-5.92648,43.31094],[-5.92679,43.31071],[-5.9271,43.31063],[-5.92837,43.31072],[-5.92866,43.31065],[-5.92987,43.30974],[-5.93063,43.30952],[-5.9316,43.30899],[-5.93319,43.30846],[-5.93451,43.30772],[-5.9363,43.30699],[-5.93761,43.30611],[-5.94002,43.30484],[-5.94156,43.30417],[-5.94216,43.30378],[-5.94276,43.30356],[-5.94333,43.30359],[-5.94419,43.30382],[-5.94504,43.30417],[-5.94744,43.30171],[-5.9486,43.30113],[-5.94947,43.30093],[-5.95082,43.30044],[-5.95236,43.29922],[-5.95437,43.30079],[-5.95976,43.30684],[-5.96271,43.31216],[-5.96541,43.31951],[-5.96258,43.32099],[-5.96048,43.32255],[-5.96032,43.32631],[-5.96083,43.3266],[-5.95452,43.32998],[-5.95386,43.32959],[-5.9534,43.32904],[-5.95191,43.32862],[-5.95078,43.3286],[-5.94873,43.3291],[-5.94825,43.32936],[-5.94763,43.33072],[-5.94704,43.3314],[-5.9462,43.33271],[-5.9453,43.33372],[-5.94369,43.33483],[-5.94131,43.33545],[-5.93957,43.33495],[-5.93857,43.33479],[-5.93267,43.34254],[-5.91763,43.34306],[-5.91627,43.34332],[-5.91589,43.34346],[-5.91485,43.34304],[-5.9146,43.34289],[-5.91427,43.34241],[-5.91371,43.34216],[-5.91343,43.34223],[-5.91295,43.34282],[-5.91227,43.3431],[-5.91142,43.34443],[-5.91118,43.34458],[-5.91032,43.34351],[-5.91029,43.34314],[-5.91016,43.34297],[-5.90999,43.34281],[-5.90947,43.34269]]]}},{"type":"Feature","properties":{"id":"3304416001"},"geometry":{"type":"Polygon","coordinates":[[[-5.91915,43.39778],[-5.91849,43.39779],[-5.91793,43.39844],[-5.91748,43.39872],[-5.91714,43.3988],[-5.91633,43.39868],[-5.91574,43.39876],[-5.91555,43.39909],[-5.91524,43.39915],[-5.9144,43.39901],[-5.9139,43.39832],[-5.91281,43.39785],[-5.91258,43.39781],[-5.91194,43.39804],[-5.91141,43.3971],[-5.91102,43.39676],[-5.91059,43.39658],[-5.91014,43.39605],[-5.90993,43.39524],[-5.9086,43.39238],[-5.90626,43.39155],[-5.90604,43.39122],[-5.90559,43.39031],[-5.90472,43.38908],[-5.90467,43.38831],[-5.90428,43.38727],[-5.90446,43.38639],[-5.9039,43.3832],[-5.9041,43.38287],[-5.90413,43.38185],[-5.90403,43.38174],[-5.90417,43.38134],[-5.90504,43.38019],[-5.90632,43.37982],[-5.90547,43.37661],[-5.90524,43.37625],[-5.90435,43.37532],[-5.90423,43.37504],[-5.90388,43.37492],[-5.9035,43.37458],[-5.90253,43.37424],[-5.90167,43.37381],[-5.90195,43.37353],[-5.90203,43.37325],[-5.90195,43.37309],[-5.90155,43.37301],[-5.90094,43.37306],[-5.90027,43.37291],[-5.89985,43.37295],[-5.89747,43.37211],[-5.8962,43.37152],[-5.89335,43.36899],[-5.89406,43.3681],[-5.89421,43.36675],[-5.8946,43.36553],[-5.89456,43.36412],[-5.89415,43.36293],[-5.89424,43.36183],[-5.89867,43.36107],[-5.90245,43.36153],[-5.90244,43.3633],[-5.9091,43.36437],[-5.90995,43.36457],[-5.90892,43.36265],[-5.9093,43.36223],[-5.91011,43.36185],[-5.91105,43.36108],[-5.91243,43.36075],[-5.91283,43.36056],[-5.91363,43.36049],[-5.91514,43.3602],[-5.91763,43.3596],[-5.91885,43.35742],[-5.91927,43.35626],[-5.9205,43.35582],[-5.92126,43.35523],[-5.92126,43.35512],[-5.92179,43.355],[-5.92174,43.35486],[-5.92138,43.35471],[-5.92143,43.35452],[-5.92165,43.35444],[-5.9222,43.35451],[-5.92263,43.35445],[-5.92278,43.35428],[-5.92279,43.35392],[-5.92288,43.35387],[-5.92367,43.35409],[-5.92439,43.35395],[-5.9253,43.35392],[-5.92596,43.35374],[-5.92652,43.35381],[-5.92741,43.35428],[-5.92753,43.35456],[-5.92775,43.35468],[-5.92811,43.35469],[-5.92877,43.35494],[-5.92947,43.35501],[-5.92978,43.3557],[-5.93023,43.35605],[-5.93052,43.35615],[-5.93092,43.35578],[-5.93169,43.35572],[-5.93213,43.35533],[-5.93263,43.3554],[-5.933,43.35562],[-5.93336,43.35622],[-5.93344,43.35655],[-5.93331,43.3572],[-5.93338,43.3573],[-5.93379,43.35739],[-5.93535,43.35732],[-5.93611,43.35695],[-5.93666,43.35707],[-5.93709,43.35694],[-5.93762,43.35636],[-5.93884,43.35629],[-5.9413,43.3557],[-5.94217,43.35644],[-5.94325,43.35702],[-5.94444,43.35982],[-5.94384,43.36074],[-5.94332,43.36129],[-5.94383,43.36158],[-5.94528,43.3617],[-5.94704,43.36166],[-5.94715,43.36237],[-5.94699,43.36292],[-5.94684,43.36311],[-5.94633,43.36325],[-5.94615,43.36375],[-5.94584,43.36416],[-5.9465,43.36437],[-5.94673,43.36413],[-5.94906,43.36421],[-5.94937,43.36433],[-5.94937,43.36475],[-5.94973,43.36492],[-5.95013,43.36537],[-5.95044,43.36536],[-5.95058,43.36645],[-5.9509,43.36671],[-5.95098,43.36697],[-5.9508,43.36721],[-5.95104,43.36779],[-5.95091,43.36815],[-5.95161,43.36918],[-5.95259,43.36979],[-5.95251,43.37025],[-5.95193,43.37052],[-5.95125,43.37062],[-5.95046,43.37061],[-5.95008,43.37121],[-5.94784,43.37201],[-5.94591,43.3726],[-5.94463,43.37268],[-5.94382,43.37254],[-5.94316,43.37221],[-5.94274,43.37166],[-5.94178,43.369],[-5.94143,43.36856],[-5.94067,43.36798],[-5.93993,43.36774],[-5.93902,43.3678],[-5.93815,43.36805],[-5.9374,43.36851],[-5.93501,43.37092],[-5.93417,43.37143],[-5.92939,43.37297],[-5.92844,43.37314],[-5.92792,43.37345],[-5.92737,43.37446],[-5.92704,43.37818],[-5.9273,43.37897],[-5.92774,43.37939],[-5.92826,43.37948],[-5.92964,43.37907],[-5.93145,43.37816],[-5.932,43.37776],[-5.93246,43.37759],[-5.9334,43.3777],[-5.93434,43.37852],[-5.93483,43.37916],[-5.93481,43.37941],[-5.93402,43.38034],[-5.93185,43.38237],[-5.92998,43.38461],[-5.92941,43.38515],[-5.92922,43.38541],[-5.92907,43.38634],[-5.92966,43.38716],[-5.93039,43.38756],[-5.93127,43.38782],[-5.93286,43.38802],[-5.93736,43.38813],[-5.93806,43.38823],[-5.93879,43.38855],[-5.93888,43.38885],[-5.9387,43.38929],[-5.93718,43.3905],[-5.93547,43.39165],[-5.93504,43.39238],[-5.9351,43.39308],[-5.93563,43.39354],[-5.93823,43.39432],[-5.93972,43.39453],[-5.94046,43.39452],[-5.94096,43.39439],[-5.9417,43.39434],[-5.9422,43.39448],[-5.94273,43.39492],[-5.94313,43.39574],[-5.94306,43.39643],[-5.94261,43.39705],[-5.94103,43.39806],[-5.94,43.39847],[-5.93903,43.39862],[-5.93845,43.39856],[-5.93753,43.39826],[-5.93686,43.39703],[-5.93612,43.39631],[-5.93567,43.39607],[-5.93496,43.39587],[-5.93417,43.39585],[-5.93354,43.39597],[-5.93102,43.39795],[-5.93065,43.39926],[-5.92997,43.40089],[-5.92921,43.40231],[-5.92832,43.40437],[-5.92586,43.40358],[-5.92451,43.40295],[-5.9237,43.4021],[-5.92318,43.40183],[-5.92244,43.40106],[-5.92044,43.39856],[-5.91915,43.39778]]]}},{"type":"Feature","properties":{"id":"3304416003"},"geometry":{"type":"Polygon","coordinates":[[[-5.87347,43.4245],[-5.87337,43.4236],[-5.87291,43.423],[-5.8725,43.42268],[-5.87093,43.42203],[-5.87008,43.42139],[-5.86953,43.42115],[-5.86532,43.42096],[-5.86342,43.4205],[-5.86277,43.4202],[-5.86114,43.41985],[-5.86099,43.4196],[-5.86117,43.41892],[-5.86156,43.4183],[-5.8621,43.41778],[-5.86263,43.41738],[-5.86518,43.41628],[-5.8669,43.41504],[-5.86797,43.41399],[-5.86827,43.41296],[-5.86828,43.41204],[-5.86811,43.4116],[-5.8668,43.40993],[-5.86584,43.40948],[-5.86515,43.40945],[-5.86457,43.40959],[-5.86409,43.40992],[-5.86367,43.41085],[-5.86318,43.41314],[-5.86289,43.41374],[-5.86239,43.41406],[-5.86194,43.41401],[-5.86142,43.41381],[-5.8585,43.41171],[-5.85784,43.41108],[-5.85754,43.41031],[-5.85755,43.40964],[-5.85723,43.40879],[-5.85705,43.40858],[-5.85666,43.4084],[-5.85613,43.40832],[-5.85142,43.40782],[-5.85032,43.4081],[-5.8479,43.40854],[-5.8474,43.40889],[-5.84664,43.40967],[-5.84648,43.41036],[-5.84722,43.41166],[-5.84716,43.41232],[-5.84682,43.41321],[-5.84609,43.41379],[-5.84543,43.41402],[-5.8448,43.41404],[-5.844,43.41387],[-5.84237,43.41235],[-5.84191,43.41181],[-5.84182,43.41131],[-5.84248,43.41069],[-5.84283,43.41021],[-5.84281,43.40975],[-5.84253,43.40937],[-5.84179,43.40918],[-5.84106,43.40931],[-5.83841,43.41013],[-5.8374,43.41027],[-5.83575,43.41068],[-5.83508,43.41191],[-5.83296,43.4142],[-5.83231,43.41467],[-5.83085,43.41522],[-5.82939,43.4155],[-5.82598,43.41595],[-5.8227,43.41532],[-5.82214,43.41501],[-5.82161,43.41435],[-5.82195,43.41396],[-5.82258,43.41365],[-5.82373,43.41327],[-5.82585,43.4128],[-5.82669,43.41276],[-5.82789,43.41286],[-5.82899,43.41306],[-5.82947,43.41325],[-5.82966,43.41313],[-5.82972,43.4129],[-5.82969,43.41235],[-5.82954,43.412],[-5.82845,43.41084],[-5.82831,43.41077],[-5.82742,43.41072],[-5.82709,43.41048],[-5.82661,43.40858],[-5.82665,43.40798],[-5.82619,43.40748],[-5.8249,43.40688],[-5.82446,43.40646],[-5.8242,43.40602],[-5.8238,43.40518],[-5.82374,43.40248],[-5.8258,43.40224],[-5.82616,43.40167],[-5.82727,43.40112],[-5.82684,43.40072],[-5.83496,43.39925],[-5.83517,43.39785],[-5.83538,43.39768],[-5.83574,43.39707],[-5.83626,43.39696],[-5.83657,43.39651],[-5.83714,43.39647],[-5.83799,43.39248],[-5.84289,43.38988],[-5.84711,43.38796],[-5.84773,43.38752],[-5.84857,43.38722],[-5.849,43.38693],[-5.84936,43.38648],[-5.84984,43.38514],[-5.85086,43.38483],[-5.85104,43.38454],[-5.85161,43.38436],[-5.85178,43.38332],[-5.85203,43.383],[-5.85242,43.38282],[-5.85238,43.38234],[-5.85436,43.37626],[-5.85846,43.37632],[-5.85915,43.3762],[-5.86164,43.37638],[-5.86296,43.37661],[-5.86333,43.37649],[-5.86345,43.37622],[-5.86327,43.37571],[-5.86234,43.37471],[-5.86172,43.37424],[-5.86123,43.37316],[-5.8596,43.3722],[-5.85959,43.37202],[-5.85995,43.37173],[-5.8651,43.36996],[-5.86515,43.36979],[-5.86646,43.36906],[-5.86673,43.36905],[-5.86716,43.36884],[-5.86736,43.36973],[-5.86887,43.37017],[-5.86789,43.37144],[-5.86793,43.37152],[-5.8688,43.37134],[-5.86887,43.37159],[-5.87009,43.37156],[-5.8709,43.37166],[-5.87216,43.37226],[-5.87812,43.37451],[-5.88907,43.37598],[-5.88823,43.37368],[-5.88837,43.37258],[-5.8935,43.36912],[-5.8962,43.37152],[-5.89747,43.37211],[-5.89985,43.37295],[-5.90027,43.37291],[-5.90094,43.37306],[-5.90155,43.37301],[-5.90195,43.37309],[-5.90203,43.37325],[-5.90195,43.37353],[-5.90167,43.37381],[-5.90253,43.37424],[-5.9035,43.37458],[-5.90388,43.37492],[-5.90423,43.37504],[-5.90435,43.37532],[-5.90524,43.37625],[-5.90547,43.37661],[-5.90632,43.37982],[-5.90504,43.38019],[-5.90417,43.38134],[-5.90403,43.38174],[-5.90413,43.38185],[-5.90414,43.38263],[-5.90391,43.38339],[-5.90446,43.38639],[-5.90428,43.38727],[-5.90467,43.38831],[-5.90472,43.38908],[-5.90559,43.39031],[-5.90626,43.39155],[-5.9086,43.39238],[-5.90993,43.39524],[-5.91014,43.39605],[-5.91059,43.39658],[-5.91102,43.39676],[-5.91141,43.3971],[-5.91183,43.39794],[-5.91194,43.39804],[-5.91258,43.39781],[-5.91281,43.39785],[-5.9139,43.39832],[-5.9144,43.39901],[-5.91524,43.39915],[-5.91555,43.39909],[-5.91574,43.39876],[-5.91633,43.39868],[-5.91714,43.3988],[-5.91748,43.39872],[-5.91793,43.39844],[-5.91849,43.39779],[-5.91915,43.39778],[-5.92044,43.39856],[-5.92244,43.40106],[-5.92318,43.40183],[-5.9237,43.4021],[-5.92451,43.40295],[-5.92586,43.40358],[-5.92832,43.40437],[-5.92158,43.4196],[-5.92036,43.42422],[-5.92017,43.42391],[-5.91669,43.42349],[-5.91397,43.4217],[-5.90936,43.41773],[-5.90884,43.41797],[-5.90857,43.41795],[-5.90839,43.4178],[-5.90838,43.41737],[-5.9087,43.41674],[-5.90864,43.41634],[-5.9084,43.41604],[-5.90809,43.4159],[-5.90777,43.41588],[-5.9069,43.41612],[-5.90524,43.41706],[-5.90325,43.41759],[-5.90252,43.41761],[-5.90031,43.41722],[-5.89994,43.41708],[-5.89952,43.41674],[-5.89807,43.41615],[-5.89705,43.41601],[-5.89592,43.41619],[-5.89385,43.41749],[-5.89267,43.41852],[-5.89168,43.41892],[-5.89103,43.419],[-5.88928,43.41886],[-5.88738,43.4182],[-5.88685,43.41785],[-5.88584,43.41646],[-5.88582,43.41597],[-5.88689,43.41478],[-5.88744,43.41393],[-5.8884,43.4131],[-5.88851,43.4127],[-5.88837,43.41222],[-5.88653,43.40928],[-5.88633,43.40875],[-5.88599,43.40842],[-5.88499,43.40818],[-5.88418,43.40831],[-5.88351,43.40865],[-5.88296,43.40912],[-5.88183,43.41056],[-5.88149,43.41138],[-5.88142,43.41202],[-5.88217,43.41421],[-5.88216,43.41466],[-5.88183,43.41524],[-5.88104,43.41592],[-5.87892,43.4173],[-5.87804,43.41811],[-5.87701,43.41923],[-5.87632,43.42034],[-5.87636,43.42089],[-5.87669,43.42144],[-5.87674,43.42202],[-5.87694,43.4223],[-5.8772,43.42252],[-5.87859,43.42322],[-5.88058,43.42398],[-5.88148,43.42444],[-5.8818,43.4247],[-5.88211,43.42522],[-5.88192,43.42581],[-5.88131,43.42625],[-5.88058,43.42651],[-5.88021,43.42674],[-5.87919,43.42705],[-5.87705,43.42732],[-5.87572,43.42729],[-5.87492,43.42712],[-5.8742,43.42596],[-5.87386,43.42502],[-5.87347,43.4245]]]}},{"type":"Feature","properties":{"id":"3304416004"},"geometry":{"type":"Polygon","coordinates":[[[-5.92267,43.3544],[-5.92123,43.35271],[-5.91883,43.35343],[-5.91771,43.3535],[-5.91712,43.35365],[-5.91446,43.35478],[-5.90833,43.3561],[-5.90801,43.35604],[-5.90754,43.35576],[-5.90709,43.35569],[-5.90697,43.35556],[-5.90649,43.35564],[-5.9062,43.35606],[-5.90582,43.35631],[-5.90495,43.35635],[-5.9039,43.3562],[-5.90373,43.35627],[-5.90368,43.35696],[-5.90337,43.3572],[-5.90249,43.35729],[-5.90177,43.35707],[-5.90077,43.35699],[-5.8996,43.35732],[-5.89874,43.35713],[-5.89843,43.35727],[-5.89813,43.3571],[-5.89766,43.35709],[-5.89664,43.3574],[-5.8965,43.35771],[-5.89627,43.35777],[-5.89487,43.35761],[-5.89413,43.35787],[-5.89339,43.35759],[-5.89288,43.35772],[-5.89284,43.35786],[-5.89232,43.35818],[-5.8922,43.35861],[-5.89186,43.3586],[-5.89118,43.35878],[-5.8906,43.35905],[-5.88997,43.35901],[-5.8898,43.35919],[-5.88942,43.35931],[-5.88905,43.35918],[-5.89133,43.34783],[-5.89182,43.34788],[-5.89233,43.34782],[-5.89425,43.34671],[-5.89563,43.3466],[-5.89626,43.34646],[-5.89773,43.34569],[-5.89857,43.34561],[-5.89889,43.34549],[-5.89905,43.3454],[-5.89936,43.3449],[-5.89974,43.3446],[-5.90176,43.34463],[-5.90419,43.34397],[-5.90733,43.34338],[-5.90884,43.34359],[-5.90861,43.34292],[-5.90889,43.34275],[-5.90925,43.34268],[-5.90982,43.34275],[-5.91016,43.34297],[-5.91029,43.34314],[-5.91032,43.34351],[-5.91118,43.34458],[-5.91142,43.34443],[-5.91227,43.3431],[-5.91295,43.34282],[-5.91343,43.34223],[-5.91371,43.34216],[-5.91427,43.34241],[-5.9146,43.34289],[-5.91485,43.34304],[-5.91589,43.34346],[-5.91627,43.34332],[-5.91763,43.34306],[-5.93267,43.34254],[-5.93857,43.33479],[-5.93957,43.33495],[-5.94131,43.33545],[-5.94369,43.33483],[-5.9453,43.33372],[-5.9462,43.33271],[-5.94704,43.3314],[-5.94763,43.33072],[-5.94825,43.32936],[-5.94873,43.3291],[-5.95078,43.3286],[-5.95191,43.32862],[-5.9534,43.32904],[-5.95386,43.32959],[-5.95444,43.32993],[-5.95449,43.33098],[-5.95367,43.33193],[-5.95297,43.33324],[-5.95223,43.33481],[-5.95227,43.33567],[-5.95154,43.33655],[-5.95174,43.33805],[-5.95162,43.3381],[-5.95202,43.3384],[-5.94592,43.3404],[-5.95267,43.34802],[-5.95483,43.35167],[-5.95275,43.35418],[-5.95307,43.35428],[-5.94695,43.36112],[-5.94704,43.36166],[-5.94528,43.3617],[-5.94383,43.36158],[-5.94332,43.36129],[-5.94384,43.36074],[-5.94444,43.35982],[-5.94325,43.35702],[-5.94217,43.35644],[-5.9413,43.3557],[-5.93884,43.35629],[-5.93762,43.35636],[-5.93709,43.35694],[-5.93666,43.35707],[-5.93611,43.35695],[-5.93535,43.35732],[-5.93379,43.35739],[-5.93338,43.3573],[-5.93331,43.3572],[-5.93344,43.35655],[-5.93336,43.35622],[-5.933,43.35562],[-5.93263,43.3554],[-5.93213,43.35533],[-5.93169,43.35572],[-5.931,43.35575],[-5.93059,43.35616],[-5.93035,43.35611],[-5.92972,43.35563],[-5.92947,43.35501],[-5.92877,43.35494],[-5.92811,43.35469],[-5.92775,43.35468],[-5.92753,43.35456],[-5.92741,43.35428],[-5.92637,43.35377],[-5.92596,43.35374],[-5.9253,43.35392],[-5.92439,43.35395],[-5.92367,43.35409],[-5.92288,43.35387],[-5.92267,43.3544]]]}},{"type":"Feature","properties":{"id":"3304416006"},"geometry":{"type":"Polygon","coordinates":[[[-5.89424,43.36183],[-5.89423,43.36173],[-5.89339,43.36185],[-5.89317,43.36173],[-5.89337,43.36138],[-5.89343,43.36094],[-5.89307,43.36068],[-5.89268,43.36011],[-5.8923,43.35977],[-5.89078,43.35999],[-5.88897,43.3606],[-5.88876,43.36059],[-5.88881,43.36034],[-5.88869,43.36012],[-5.88779,43.35956],[-5.888,43.35934],[-5.88885,43.35932],[-5.88905,43.35918],[-5.88942,43.35931],[-5.8898,43.35919],[-5.88997,43.35901],[-5.8906,43.35905],[-5.89118,43.35878],[-5.89186,43.3586],[-5.8922,43.35861],[-5.89232,43.35818],[-5.89284,43.35786],[-5.89288,43.35772],[-5.89339,43.35759],[-5.89413,43.35787],[-5.89487,43.35761],[-5.89627,43.35777],[-5.8965,43.35771],[-5.89664,43.3574],[-5.89766,43.35709],[-5.89813,43.3571],[-5.89843,43.35727],[-5.89874,43.35713],[-5.8996,43.35732],[-5.90077,43.35699],[-5.90177,43.35707],[-5.90249,43.35729],[-5.90337,43.3572],[-5.90368,43.35696],[-5.90373,43.35627],[-5.9039,43.3562],[-5.90495,43.35635],[-5.90582,43.35631],[-5.9062,43.35606],[-5.90649,43.35564],[-5.90697,43.35556],[-5.90709,43.35569],[-5.90754,43.35576],[-5.90801,43.35604],[-5.90833,43.3561],[-5.91446,43.35478],[-5.91712,43.35365],[-5.91771,43.3535],[-5.91883,43.35343],[-5.92123,43.35271],[-5.92267,43.3544],[-5.9222,43.35451],[-5.92152,43.35446],[-5.92138,43.35471],[-5.92174,43.35486],[-5.92179,43.355],[-5.92126,43.35512],[-5.92126,43.35523],[-5.9205,43.35582],[-5.91927,43.35626],[-5.91885,43.35742],[-5.91763,43.3596],[-5.91514,43.3602],[-5.91363,43.36049],[-5.91283,43.36056],[-5.91243,43.36075],[-5.91105,43.36108],[-5.91011,43.36185],[-5.9093,43.36223],[-5.90892,43.36265],[-5.90995,43.36457],[-5.9091,43.36437],[-5.90244,43.3633],[-5.90245,43.36153],[-5.89867,43.36107],[-5.89424,43.36183]]]}}]}