{"type":"FeatureCollection","features":[{"type":"Feature","properties":{"id":"3605701001"},"geometry":{"type":"Polygon","coordinates":[[[-8.73022,42.23479],[-8.73087,42.23368],[-8.73142,42.23391],[-8.73108,42.23473],[-8.73147,42.23482],[-8.73145,42.23613],[-8.73124,42.23646],[-8.73058,42.23643],[-8.73059,42.23604],[-8.7303,42.23561],[-8.73022,42.23479]]]}},{"type":"Feature","properties":{"id":"3605701002"},"geometry":{"type":"Polygon","coordinates":[[[-8.72714,42.23808],[-8.72772,42.23763],[-8.72793,42.2369],[-8.72927,42.23502],[-8.73022,42.23479],[-8.7303,42.23561],[-8.73059,42.23604],[-8.73058,42.23643],[-8.73124,42.23646],[-8.73143,42.23616],[-8.73158,42.23648],[-8.73125,42.23671],[-8.73082,42.23682],[-8.73128,42.2372],[-8.73002,42.23791],[-8.73038,42.23827],[-8.73105,42.23795],[-8.7308,42.23812],[-8.73044,42.23866],[-8.72979,42.23902],[-8.72933,42.23856],[-8.72875,42.23836],[-8.72838,42.23856],[-8.72776,42.238],[-8.72726,42.23817],[-8.72714,42.23808]]]}},{"type":"Feature","properties":{"id":"3605701003"},"geometry":{"type":"Polygon","coordinates":[[[-8.7251,42.242],[-8.72502,42.24083],[-8.72559,42.2408],[-8.72611,42.2405],[-8.725,42.24035],[-8.72463,42.23831],[-8.7249,42.23787],[-8.72684,42.23822],[-8.72714,42.23808],[-8.72726,42.23817],[-8.72776,42.238],[-8.72838,42.23856],[-8.72875,42.23836],[-8.72933,42.23856],[-8.72979,42.23902],[-8.72796,42.24003],[-8.72798,42.24011],[-8.72918,42.24059],[-8.73082,42.23967],[-8.73134,42.24017],[-8.72598,42.24315],[-8.72541,42.2426],[-8.72755,42.24142],[-8.72734,42.24127],[-8.72747,42.2413],[-8.7277,42.24117],[-8.72706,42.24087],[-8.72637,42.24075],[-8.72581,42.24105],[-8.72618,42.24122],[-8.72613,42.24128],[-8.72576,42.24112],[-8.72554,42.24139],[-8.72553,42.24169],[-8.72592,42.24156],[-8.72597,42.24161],[-8.7251,42.242]]]}},{"type":"Feature","properties":{"id":"3605701004"},"geometry":{"type":"Polygon","coordinates":[[[-8.7212,42.24126],[-8.72074,42.24061],[-8.72047,42.23766],[-8.72312,42.23753],[-8.7249,42.23787],[-8.72463,42.23831],[-8.725,42.24035],[-8.72611,42.2405],[-8.72559,42.2408],[-8.72502,42.24083],[-8.7251,42.242],[-8.72437,42.24231],[-8.72325,42.24248],[-8.72323,42.24242],[-8.72435,42.24224],[-8.72436,42.24205],[-8.72454,42.24201],[-8.72437,42.24201],[-8.72439,42.24148],[-8.72288,42.24174],[-8.72281,42.24164],[-8.72419,42.2414],[-8.72441,42.24134],[-8.72446,42.24114],[-8.72303,42.24122],[-8.72306,42.24138],[-8.72282,42.2414],[-8.7228,42.24118],[-8.7212,42.24126]]]}},{"type":"Feature","properties":{"id":"3605701005"},"geometry":{"type":"Polygon","coordinates":[[[-8.71763,42.24101],[-8.71768,42.23932],[-8.71656,42.23908],[-8.71646,42.23793],[-8.71839,42.23807],[-8.71934,42.23931],[-8.7206,42.23924],[-8.72074,42.24061],[-8.7212,42.24126],[-8.72097,42.24127],[-8.72061,42.24185],[-8.72256,42.24252],[-8.72268,42.24232],[-8.72276,42.24235],[-8.72264,42.24254],[-8.72324,42.24275],[-8.72349,42.24272],[-8.72356,42.24282],[-8.72341,42.24287],[-8.72045,42.24185],[-8.72037,42.24199],[-8.71763,42.24101]]]}},{"type":"Feature","properties":{"id":"3605701006"},"geometry":{"type":"Polygon","coordinates":[[[-8.71477,42.2409],[-8.71469,42.23992],[-8.71437,42.23899],[-8.71434,42.23782],[-8.71537,42.23781],[-8.71646,42.23793],[-8.71656,42.23908],[-8.71768,42.23932],[-8.71763,42.24102],[-8.71749,42.24113],[-8.71705,42.24327],[-8.71555,42.24311],[-8.71591,42.24083],[-8.71477,42.2409]]]}},{"type":"Feature","properties":{"id":"3605701007"},"geometry":{"type":"Polygon","coordinates":[[[-8.71092,42.23784],[-8.71186,42.23729],[-8.71257,42.23701],[-8.71267,42.23781],[-8.71434,42.23782],[-8.71437,42.23899],[-8.71469,42.23992],[-8.71477,42.2409],[-8.71331,42.24099],[-8.71287,42.24124],[-8.71185,42.23882],[-8.71163,42.23846],[-8.71135,42.23833],[-8.71092,42.23784]]]}},{"type":"Feature","properties":{"id":"3605701008"},"geometry":{"type":"Polygon","coordinates":[[[-8.70886,42.23902],[-8.71089,42.23781],[-8.71135,42.23833],[-8.71163,42.23846],[-8.71287,42.24124],[-8.71179,42.24184],[-8.71167,42.2421],[-8.71006,42.23964],[-8.70886,42.23902]]]}},{"type":"Feature","properties":{"id":"3605701009"},"geometry":{"type":"Polygon","coordinates":[[[-8.70589,42.23789],[-8.7063,42.23744],[-8.70884,42.23574],[-8.70949,42.23655],[-8.71042,42.2361],[-8.71092,42.23596],[-8.71163,42.236],[-8.71125,42.23631],[-8.71141,42.23649],[-8.71131,42.23667],[-8.71068,42.2372],[-8.70985,42.23764],[-8.71037,42.2381],[-8.70886,42.23902],[-8.70811,42.23861],[-8.70778,42.23854],[-8.70726,42.23813],[-8.70658,42.23782],[-8.70589,42.23789]]]}},{"type":"Feature","properties":{"id":"3605701010"},"geometry":{"type":"Polygon","coordinates":[[[-8.71163,42.236],[-8.71237,42.23571],[-8.71332,42.23549],[-8.71417,42.23557],[-8.71689,42.23644],[-8.71772,42.23697],[-8.71768,42.23703],[-8.71698,42.23688],[-8.71638,42.23684],[-8.71259,42.237],[-8.71186,42.23729],[-8.71037,42.2381],[-8.70985,42.23764],[-8.71068,42.2372],[-8.71131,42.23667],[-8.71141,42.23649],[-8.71125,42.23631],[-8.71163,42.236]]]}},{"type":"Feature","properties":{"id":"3605701011"},"geometry":{"type":"Polygon","coordinates":[[[-8.71537,42.23781],[-8.71267,42.23781],[-8.71257,42.237],[-8.71528,42.23688],[-8.71537,42.23781]]]}},{"type":"Feature","properties":{"id":"3605701012"},"geometry":{"type":"Polygon","coordinates":[[[-8.718,42.23808],[-8.71537,42.23781],[-8.71528,42.23688],[-8.71698,42.23688],[-8.71841,42.23721],[-8.718,42.23808]]]}},{"type":"Feature","properties":{"id":"3605701013"},"geometry":{"type":"Polygon","coordinates":[[[-8.71163,42.236],[-8.71092,42.23596],[-8.71042,42.2361],[-8.70949,42.23655],[-8.70884,42.23574],[-8.70994,42.23489],[-8.70998,42.23472],[-8.71066,42.23442],[-8.71405,42.2335],[-8.71904,42.23543],[-8.7187,42.23639],[-8.71804,42.23625],[-8.71772,42.23697],[-8.71689,42.23644],[-8.71417,42.23557],[-8.71332,42.23549],[-8.71237,42.23571],[-8.71163,42.236]]]}},{"type":"Feature","properties":{"id":"3605701014"},"geometry":{"type":"Polygon","coordinates":[[[-8.71808,42.23799],[-8.71841,42.23721],[-8.71768,42.23703],[-8.71804,42.23625],[-8.7187,42.23639],[-8.71904,42.23543],[-8.72009,42.23582],[-8.72047,42.23766],[-8.7206,42.23924],[-8.71934,42.23931],[-8.71839,42.23807],[-8.71808,42.23799]]]}},{"type":"Feature","properties":{"id":"3605701015"},"geometry":{"type":"Polygon","coordinates":[[[-8.72047,42.23766],[-8.72009,42.23582],[-8.72055,42.23599],[-8.72115,42.2352],[-8.72158,42.23498],[-8.723,42.23507],[-8.72282,42.23569],[-8.72302,42.2357],[-8.72365,42.23621],[-8.7245,42.23641],[-8.72468,42.23653],[-8.72507,42.23722],[-8.72478,42.23785],[-8.72312,42.23753],[-8.72047,42.23766]]]}},{"type":"Feature","properties":{"id":"3605701016"},"geometry":{"type":"Polygon","coordinates":[[[-8.72684,42.23822],[-8.72478,42.23785],[-8.72507,42.23722],[-8.72481,42.23666],[-8.7245,42.23641],[-8.72365,42.23621],[-8.72302,42.2357],[-8.72282,42.23569],[-8.723,42.23507],[-8.72523,42.23518],[-8.72611,42.23511],[-8.72617,42.23493],[-8.72686,42.23495],[-8.72733,42.23477],[-8.72747,42.23501],[-8.72878,42.23462],[-8.72854,42.23587],[-8.72862,42.23585],[-8.72793,42.2369],[-8.72772,42.23763],[-8.72754,42.23778],[-8.72684,42.23822]]]}},{"type":"Feature","properties":{"id":"3605702001"},"geometry":{"type":"Polygon","coordinates":[[[-8.72523,42.23518],[-8.72155,42.23498],[-8.72133,42.23317],[-8.72528,42.23468],[-8.72617,42.23493],[-8.72611,42.23511],[-8.72523,42.23518]]]}},{"type":"Feature","properties":{"id":"3605702002"},"geometry":{"type":"Polygon","coordinates":[[[-8.71868,42.23302],[-8.72144,42.23407],[-8.72155,42.23498],[-8.72104,42.23532],[-8.71786,42.23414],[-8.71868,42.23302]]]}},{"type":"Feature","properties":{"id":"3605702003"},"geometry":{"type":"Polygon","coordinates":[[[-8.72055,42.23599],[-8.71654,42.23449],[-8.7176,42.23261],[-8.71868,42.23302],[-8.71786,42.23414],[-8.72104,42.23532],[-8.72055,42.23599]]]}},{"type":"Feature","properties":{"id":"3605702004"},"geometry":{"type":"Polygon","coordinates":[[[-8.72144,42.23407],[-8.7176,42.23261],[-8.71798,42.23196],[-8.72133,42.23317],[-8.72144,42.23407]]]}},{"type":"Feature","properties":{"id":"3605702005"},"geometry":{"type":"Polygon","coordinates":[[[-8.72617,42.23493],[-8.72575,42.23461],[-8.72461,42.23301],[-8.72325,42.23243],[-8.72341,42.2335],[-8.72259,42.23348],[-8.72236,42.23355],[-8.72101,42.23305],[-8.72184,42.23183],[-8.7214,42.23156],[-8.72183,42.23105],[-8.72147,42.23088],[-8.72165,42.23056],[-8.72,42.2301],[-8.71958,42.22957],[-8.71977,42.22941],[-8.7197,42.22927],[-8.72219,42.22846],[-8.7223,42.22831],[-8.72239,42.22889],[-8.72262,42.22924],[-8.72265,42.22967],[-8.72316,42.22939],[-8.72351,42.22935],[-8.72541,42.22982],[-8.72712,42.22995],[-8.72759,42.23006],[-8.7281,42.23104],[-8.72803,42.23354],[-8.72784,42.23392],[-8.72721,42.23456],[-8.72733,42.23477],[-8.72686,42.23495],[-8.72617,42.23493]]]}},{"type":"Feature","properties":{"id":"3605702006"},"geometry":{"type":"Polygon","coordinates":[[[-8.72236,42.23355],[-8.72259,42.23348],[-8.72341,42.2335],[-8.72325,42.23243],[-8.72461,42.23301],[-8.72606,42.23491],[-8.72236,42.23355]]]}},{"type":"Feature","properties":{"id":"3605702007"},"geometry":{"type":"Polygon","coordinates":[[[-8.72006,42.23268],[-8.72052,42.23199],[-8.71989,42.23176],[-8.72051,42.23145],[-8.72055,42.2309],[-8.72072,42.23058],[-8.72181,42.23101],[-8.7214,42.23156],[-8.72184,42.23183],[-8.72101,42.23305],[-8.72006,42.23268]]]}},{"type":"Feature","properties":{"id":"3605702008"},"geometry":{"type":"Polygon","coordinates":[[[-8.71798,42.23196],[-8.71839,42.23121],[-8.72052,42.23199],[-8.72004,42.2327],[-8.71798,42.23196]]]}},{"type":"Feature","properties":{"id":"3605702009"},"geometry":{"type":"Polygon","coordinates":[[[-8.71839,42.23121],[-8.71934,42.22956],[-8.7196,42.22957],[-8.72,42.2301],[-8.72165,42.23056],[-8.72147,42.23088],[-8.72072,42.23058],[-8.72055,42.2309],[-8.72051,42.23145],[-8.71989,42.23176],[-8.71839,42.23121]]]}},{"type":"Feature","properties":{"id":"3605702010"},"geometry":{"type":"Polygon","coordinates":[[[-8.71413,42.23353],[-8.71466,42.2323],[-8.71724,42.23328],[-8.71654,42.23449],[-8.71413,42.23353]]]}},{"type":"Feature","properties":{"id":"3605702011"},"geometry":{"type":"Polygon","coordinates":[[[-8.71466,42.2323],[-8.71524,42.23095],[-8.71798,42.23196],[-8.71724,42.23328],[-8.71466,42.2323]]]}},{"type":"Feature","properties":{"id":"3605702012"},"geometry":{"type":"Polygon","coordinates":[[[-8.71524,42.23095],[-8.71545,42.2306],[-8.71603,42.23043],[-8.71839,42.23121],[-8.71798,42.23196],[-8.71524,42.23095]]]}},{"type":"Feature","properties":{"id":"3605702013"},"geometry":{"type":"Polygon","coordinates":[[[-8.71539,42.23064],[-8.71629,42.22861],[-8.71837,42.22887],[-8.71935,42.22915],[-8.71918,42.2294],[-8.71934,42.22956],[-8.71839,42.23121],[-8.71603,42.23043],[-8.71539,42.23064]]]}},{"type":"Feature","properties":{"id":"3605702014"},"geometry":{"type":"Polygon","coordinates":[[[-8.71246,42.23137],[-8.71219,42.23127],[-8.7123,42.23108],[-8.71161,42.23068],[-8.71101,42.23059],[-8.70978,42.23072],[-8.70948,42.23067],[-8.70883,42.23028],[-8.70896,42.23007],[-8.71038,42.22937],[-8.7112,42.22923],[-8.71242,42.22867],[-8.71478,42.22839],[-8.71608,42.22847],[-8.71629,42.22861],[-8.71539,42.23064],[-8.71424,42.23135],[-8.71372,42.23141],[-8.7126,42.23127],[-8.71246,42.23137]]]}},{"type":"Feature","properties":{"id":"3605702015"},"geometry":{"type":"Polygon","coordinates":[[[-8.71323,42.23231],[-8.71246,42.23137],[-8.7126,42.23127],[-8.71372,42.23141],[-8.71424,42.23135],[-8.71537,42.23065],[-8.71443,42.23285],[-8.71323,42.23231]]]}},{"type":"Feature","properties":{"id":"3605702016"},"geometry":{"type":"Polygon","coordinates":[[[-8.71413,42.23353],[-8.71323,42.2332],[-8.71144,42.2325],[-8.71323,42.23231],[-8.71443,42.23285],[-8.71413,42.23353]]]}},{"type":"Feature","properties":{"id":"3605702017"},"geometry":{"type":"Polygon","coordinates":[[[-8.71144,42.2325],[-8.71323,42.2332],[-8.71405,42.2335],[-8.7105,42.23449],[-8.71144,42.2325]]]}},{"type":"Feature","properties":{"id":"3605702018"},"geometry":{"type":"Polygon","coordinates":[[[-8.70942,42.23474],[-8.70921,42.23318],[-8.70938,42.23302],[-8.70952,42.23305],[-8.70984,42.23263],[-8.71021,42.23277],[-8.71061,42.23219],[-8.71144,42.2325],[-8.7105,42.23449],[-8.70998,42.23472],[-8.70994,42.23489],[-8.70934,42.2354],[-8.70942,42.23474]]]}},{"type":"Feature","properties":{"id":"3605702019"},"geometry":{"type":"Polygon","coordinates":[[[-8.71055,42.23113],[-8.71218,42.23121],[-8.71227,42.23135],[-8.71246,42.23137],[-8.71323,42.23231],[-8.71144,42.2325],[-8.71136,42.23222],[-8.71055,42.23113]]]}},{"type":"Feature","properties":{"id":"3605702020"},"geometry":{"type":"Polygon","coordinates":[[[-8.70824,42.23129],[-8.70883,42.23028],[-8.70948,42.23067],[-8.70978,42.23072],[-8.71096,42.23059],[-8.71134,42.23063],[-8.71184,42.23076],[-8.7123,42.23108],[-8.71218,42.23121],[-8.71067,42.23113],[-8.71019,42.23118],[-8.7092,42.23165],[-8.70824,42.23129]]]}},{"type":"Feature","properties":{"id":"3605702021"},"geometry":{"type":"Polygon","coordinates":[[[-8.71144,42.2325],[-8.70947,42.23175],[-8.7092,42.23165],[-8.70993,42.23126],[-8.71055,42.23113],[-8.71136,42.23222],[-8.71144,42.2325]]]}},{"type":"Feature","properties":{"id":"3605702022"},"geometry":{"type":"Polygon","coordinates":[[[-8.70913,42.23296],[-8.70818,42.23216],[-8.7092,42.23165],[-8.71061,42.23219],[-8.71021,42.23277],[-8.70984,42.23263],[-8.70952,42.23305],[-8.70938,42.23302],[-8.70921,42.23318],[-8.70913,42.23296]]]}},{"type":"Feature","properties":{"id":"3605702023"},"geometry":{"type":"Polygon","coordinates":[[[-8.7075,42.23362],[-8.70852,42.23247],[-8.70919,42.23304],[-8.70942,42.23474],[-8.70934,42.2354],[-8.70677,42.2371],[-8.70585,42.23792],[-8.70572,42.23791],[-8.70548,42.23744],[-8.70612,42.23659],[-8.70726,42.23603],[-8.7075,42.23362]]]}},{"type":"Feature","properties":{"id":"3605702025"},"geometry":{"type":"Polygon","coordinates":[[[-8.70483,42.236],[-8.70504,42.23587],[-8.70608,42.23439],[-8.70746,42.23453],[-8.70726,42.23603],[-8.70612,42.23659],[-8.70553,42.23737],[-8.70507,42.23725],[-8.70483,42.236]]]}},{"type":"Feature","properties":{"id":"3605702026"},"geometry":{"type":"Polygon","coordinates":[[[-8.7029,42.23559],[-8.70271,42.23539],[-8.70264,42.23509],[-8.70293,42.23501],[-8.7029,42.23486],[-8.70301,42.23483],[-8.70291,42.23423],[-8.70346,42.2334],[-8.70667,42.23352],[-8.70504,42.23587],[-8.70483,42.236],[-8.70443,42.2351],[-8.70396,42.2354],[-8.7029,42.23559]]]}},{"type":"Feature","properties":{"id":"3605702027"},"geometry":{"type":"Polygon","coordinates":[[[-8.70608,42.23439],[-8.70724,42.23271],[-8.70818,42.23216],[-8.70852,42.23247],[-8.7075,42.23362],[-8.70746,42.23453],[-8.70608,42.23439]]]}},{"type":"Feature","properties":{"id":"3605702028"},"geometry":{"type":"Polygon","coordinates":[[[-8.70896,42.23007],[-8.70948,42.22915],[-8.71013,42.22868],[-8.71068,42.2278],[-8.71077,42.22745],[-8.71124,42.22689],[-8.71194,42.22631],[-8.71361,42.22704],[-8.71443,42.22604],[-8.71583,42.22669],[-8.71604,42.22634],[-8.71856,42.22767],[-8.72003,42.22775],[-8.72036,42.2277],[-8.71955,42.22921],[-8.71837,42.22887],[-8.71629,42.22861],[-8.71608,42.22847],[-8.71478,42.22839],[-8.71242,42.22867],[-8.7112,42.22923],[-8.71038,42.22937],[-8.70896,42.23007]]]}},{"type":"Feature","properties":{"id":"3605702029"},"geometry":{"type":"Polygon","coordinates":[[[-8.70733,42.22921],[-8.70876,42.22623],[-8.70935,42.22636],[-8.71001,42.22687],[-8.71002,42.22703],[-8.70936,42.22788],[-8.71033,42.22832],[-8.71013,42.22868],[-8.70948,42.22915],[-8.70916,42.22974],[-8.70733,42.22921]]]}},{"type":"Feature","properties":{"id":"3605702030"},"geometry":{"type":"Polygon","coordinates":[[[-8.70876,42.22623],[-8.70925,42.22498],[-8.71069,42.22417],[-8.7107,42.22427],[-8.71443,42.22604],[-8.71361,42.22704],[-8.71194,42.22631],[-8.71124,42.22689],[-8.71077,42.22745],[-8.71068,42.2278],[-8.71033,42.22832],[-8.70936,42.22788],[-8.71002,42.22703],[-8.71001,42.22687],[-8.70935,42.22636],[-8.70876,42.22623]]]}},{"type":"Feature","properties":{"id":"3605702031"},"geometry":{"type":"Polygon","coordinates":[[[-8.7107,42.22427],[-8.71069,42.22417],[-8.70943,42.22329],[-8.70601,42.22041],[-8.70845,42.22045],[-8.70897,42.22053],[-8.7113,42.22234],[-8.71185,42.2216],[-8.71213,42.22039],[-8.7131,42.22067],[-8.71364,42.22138],[-8.71454,42.22213],[-8.71509,42.22299],[-8.7154,42.22297],[-8.71558,42.22355],[-8.7151,42.22374],[-8.71514,42.22421],[-8.71396,42.22507],[-8.71481,42.22573],[-8.71443,42.22604],[-8.7107,42.22427]]]}},{"type":"Feature","properties":{"id":"3605703001"},"geometry":{"type":"Polygon","coordinates":[[[-8.73128,42.2372],[-8.73082,42.23682],[-8.73125,42.23671],[-8.73158,42.23648],[-8.73143,42.23616],[-8.73149,42.23475],[-8.73182,42.23424],[-8.73347,42.23043],[-8.73456,42.22906],[-8.73328,42.22869],[-8.73391,42.22784],[-8.73389,42.22772],[-8.73496,42.22792],[-8.73653,42.22524],[-8.73822,42.22728],[-8.73867,42.22798],[-8.73837,42.22805],[-8.73867,42.22875],[-8.73857,42.22877],[-8.73834,42.22823],[-8.73818,42.22823],[-8.73796,42.228],[-8.73745,42.22854],[-8.73815,42.22885],[-8.73737,42.22855],[-8.73662,42.2297],[-8.73758,42.23004],[-8.73753,42.23011],[-8.73653,42.22975],[-8.73623,42.23017],[-8.73788,42.23082],[-8.73772,42.23106],[-8.73605,42.23041],[-8.73532,42.23148],[-8.73639,42.23187],[-8.73634,42.23193],[-8.73528,42.23154],[-8.73513,42.23176],[-8.73621,42.23217],[-8.73617,42.23223],[-8.73508,42.23183],[-8.73483,42.2322],[-8.7359,42.23261],[-8.73586,42.23267],[-8.73478,42.23227],[-8.73428,42.23301],[-8.73477,42.23324],[-8.73444,42.23312],[-8.73438,42.2332],[-8.73419,42.23314],[-8.73397,42.23346],[-8.73532,42.23388],[-8.73521,42.23405],[-8.73456,42.23381],[-8.73292,42.23631],[-8.73297,42.23656],[-8.73363,42.23738],[-8.73395,42.23735],[-8.73502,42.23573],[-8.73542,42.23586],[-8.73647,42.23419],[-8.73656,42.23421],[-8.73254,42.24018],[-8.73239,42.24008],[-8.73279,42.23948],[-8.73257,42.2394],[-8.7333,42.23832],[-8.7327,42.23759],[-8.7326,42.23759],[-8.73163,42.23905],[-8.7312,42.23889],[-8.73228,42.23728],[-8.73159,42.23702],[-8.73128,42.2372]]]}},{"type":"Feature","properties":{"id":"3605703002"},"geometry":{"type":"Polygon","coordinates":[[[-8.73255,42.23077],[-8.73328,42.22869],[-8.73456,42.22906],[-8.73347,42.23043],[-8.73327,42.23091],[-8.73255,42.23077]]]}},{"type":"Feature","properties":{"id":"3605703003"},"geometry":{"type":"Polygon","coordinates":[[[-8.73108,42.23473],[-8.73255,42.23077],[-8.73327,42.23091],[-8.73182,42.23424],[-8.73147,42.23482],[-8.73108,42.23473]]]}},{"type":"Feature","properties":{"id":"3605703004"},"geometry":{"type":"Polygon","coordinates":[[[-8.73074,42.23281],[-8.73149,42.23054],[-8.73255,42.23077],[-8.73142,42.23391],[-8.73087,42.23368],[-8.73022,42.23479],[-8.72927,42.23502],[-8.73074,42.23281]]]}},{"type":"Feature","properties":{"id":"3605703005"},"geometry":{"type":"Polygon","coordinates":[[[-8.73149,42.23054],[-8.73183,42.22952],[-8.73291,42.2297],[-8.73255,42.23077],[-8.73149,42.23054]]]}},{"type":"Feature","properties":{"id":"3605703006"},"geometry":{"type":"Polygon","coordinates":[[[-8.73183,42.22952],[-8.73234,42.22819],[-8.73277,42.22761],[-8.73386,42.22776],[-8.73391,42.22784],[-8.73325,42.22873],[-8.73291,42.2297],[-8.73183,42.22952]]]}},{"type":"Feature","properties":{"id":"3605703007"},"geometry":{"type":"Polygon","coordinates":[[[-8.73386,42.22776],[-8.73277,42.22761],[-8.73438,42.22527],[-8.73618,42.22579],[-8.73496,42.22792],[-8.73406,42.2278],[-8.73398,42.2277],[-8.73386,42.22776]]]}},{"type":"Feature","properties":{"id":"3605703008"},"geometry":{"type":"Polygon","coordinates":[[[-8.73316,42.22527],[-8.73348,42.22467],[-8.73278,42.2233],[-8.73322,42.22313],[-8.73356,42.22365],[-8.73407,42.22411],[-8.73456,42.22396],[-8.73446,42.22357],[-8.73499,42.22333],[-8.73574,42.22425],[-8.73567,42.22435],[-8.73485,42.22459],[-8.73358,42.22642],[-8.73316,42.22527]]]}},{"type":"Feature","properties":{"id":"3605703009"},"geometry":{"type":"Polygon","coordinates":[[[-8.73278,42.2233],[-8.73226,42.22248],[-8.73209,42.22148],[-8.73279,42.22072],[-8.73293,42.22077],[-8.73499,42.22333],[-8.73446,42.22357],[-8.73456,42.22396],[-8.73407,42.22411],[-8.73356,42.22365],[-8.73322,42.22313],[-8.73278,42.2233]]]}},{"type":"Feature","properties":{"id":"3605703010"},"geometry":{"type":"Polygon","coordinates":[[[-8.73092,42.22538],[-8.73207,42.22503],[-8.73255,42.22454],[-8.73242,42.2235],[-8.73182,42.22176],[-8.73209,42.22145],[-8.73226,42.22248],[-8.73338,42.22438],[-8.73346,42.22479],[-8.73316,42.22527],[-8.73262,42.22523],[-8.73227,42.2254],[-8.73201,42.2254],[-8.73197,42.22531],[-8.73163,42.22539],[-8.7317,42.22549],[-8.73162,42.22572],[-8.73117,42.22568],[-8.73092,42.22538]]]}},{"type":"Feature","properties":{"id":"3605703011"},"geometry":{"type":"Polygon","coordinates":[[[-8.73234,42.22819],[-8.73238,42.22738],[-8.73193,42.22683],[-8.73056,42.22608],[-8.73049,42.22564],[-8.73092,42.22538],[-8.73117,42.22568],[-8.73162,42.22572],[-8.7317,42.22549],[-8.73163,42.22539],[-8.73197,42.22531],[-8.73201,42.2254],[-8.73227,42.2254],[-8.73262,42.22523],[-8.73316,42.22527],[-8.73358,42.22642],[-8.73234,42.22819]]]}},{"type":"Feature","properties":{"id":"3605703012"},"geometry":{"type":"Polygon","coordinates":[[[-8.73026,42.22677],[-8.72988,42.22598],[-8.73065,42.22615],[-8.73156,42.22663],[-8.73193,42.22683],[-8.73232,42.22727],[-8.73244,42.22762],[-8.73238,42.22797],[-8.73161,42.2287],[-8.73116,42.22772],[-8.73026,42.22677]]]}},{"type":"Feature","properties":{"id":"3605703013"},"geometry":{"type":"Polygon","coordinates":[[[-8.73025,42.2303],[-8.73107,42.23048],[-8.73132,42.22988],[-8.73161,42.2287],[-8.73238,42.22797],[-8.7313,42.23108],[-8.73109,42.23104],[-8.73061,42.23153],[-8.73008,42.23076],[-8.73025,42.2303]]]}},{"type":"Feature","properties":{"id":"3605703014"},"geometry":{"type":"Polygon","coordinates":[[[-8.72878,42.23462],[-8.72929,42.23409],[-8.72941,42.23362],[-8.73002,42.23285],[-8.7301,42.23256],[-8.72994,42.23212],[-8.72995,42.2317],[-8.7306,42.2317],[-8.73061,42.23153],[-8.73109,42.23104],[-8.7313,42.23108],[-8.73064,42.23299],[-8.72906,42.23533],[-8.72868,42.23584],[-8.72854,42.23587],[-8.72878,42.23462]]]}},{"type":"Feature","properties":{"id":"3605703015"},"geometry":{"type":"Polygon","coordinates":[[[-8.72747,42.23501],[-8.72721,42.23456],[-8.72784,42.23392],[-8.72803,42.23354],[-8.72813,42.23167],[-8.7281,42.23104],[-8.72769,42.23016],[-8.72739,42.22999],[-8.72679,42.22991],[-8.72681,42.22959],[-8.72731,42.2294],[-8.72844,42.23027],[-8.72891,42.23024],[-8.72894,42.22995],[-8.72939,42.22974],[-8.72961,42.22974],[-8.72965,42.23022],[-8.73025,42.2303],[-8.73008,42.23076],[-8.73061,42.23153],[-8.7306,42.2317],[-8.72995,42.2317],[-8.72994,42.23212],[-8.7301,42.23256],[-8.73002,42.23285],[-8.72941,42.23362],[-8.72934,42.234],[-8.72896,42.23446],[-8.72876,42.23465],[-8.72747,42.23501]]]}},{"type":"Feature","properties":{"id":"3605703016"},"geometry":{"type":"Polygon","coordinates":[[[-8.72965,42.23022],[-8.72959,42.22886],[-8.72922,42.22789],[-8.72909,42.22714],[-8.72974,42.22694],[-8.73051,42.228],[-8.73076,42.22876],[-8.73069,42.2292],[-8.73025,42.2303],[-8.72965,42.23022]]]}},{"type":"Feature","properties":{"id":"3605703017"},"geometry":{"type":"Polygon","coordinates":[[[-8.73025,42.2303],[-8.73069,42.2292],[-8.73074,42.22852],[-8.73051,42.228],[-8.72974,42.22694],[-8.73026,42.22677],[-8.73116,42.22772],[-8.73161,42.2287],[-8.73132,42.22988],[-8.73107,42.23048],[-8.73025,42.2303]]]}},{"type":"Feature","properties":{"id":"3605703018"},"geometry":{"type":"Polygon","coordinates":[[[-8.72909,42.22714],[-8.72808,42.22603],[-8.72933,42.22588],[-8.72973,42.22594],[-8.72988,42.22598],[-8.73026,42.22677],[-8.72909,42.22714]]]}},{"type":"Feature","properties":{"id":"3605703019"},"geometry":{"type":"Polygon","coordinates":[[[-8.72844,42.23027],[-8.72731,42.2294],[-8.72681,42.22959],[-8.72679,42.22991],[-8.72541,42.22982],[-8.72348,42.22934],[-8.72316,42.22939],[-8.72265,42.22967],[-8.72262,42.22924],[-8.72239,42.22889],[-8.7223,42.22831],[-8.72379,42.22723],[-8.72449,42.22653],[-8.72597,42.22735],[-8.72667,42.22669],[-8.72679,42.22646],[-8.72776,42.22702],[-8.72802,42.22679],[-8.72805,42.22659],[-8.72732,42.22618],[-8.72808,42.22603],[-8.72907,42.22707],[-8.72922,42.22789],[-8.72961,42.22897],[-8.72961,42.22974],[-8.72939,42.22974],[-8.72894,42.22995],[-8.72891,42.23024],[-8.72844,42.23027]]]}},{"type":"Feature","properties":{"id":"3605703020"},"geometry":{"type":"Polygon","coordinates":[[[-8.72691,42.22411],[-8.72946,42.22314],[-8.72913,42.22346],[-8.72904,42.22385],[-8.72925,42.22423],[-8.72986,42.22455],[-8.72949,42.22591],[-8.72741,42.22611],[-8.72737,42.22598],[-8.7277,42.22545],[-8.72766,42.22505],[-8.72756,42.22471],[-8.72745,42.22459],[-8.72731,42.22467],[-8.72691,42.22411]]]}},{"type":"Feature","properties":{"id":"3605703021"},"geometry":{"type":"Polygon","coordinates":[[[-8.73065,42.22615],[-8.72949,42.22591],[-8.72986,42.22455],[-8.72925,42.22423],[-8.72904,42.22375],[-8.72913,42.22346],[-8.72939,42.22318],[-8.72982,42.22302],[-8.73018,42.223],[-8.73069,42.22313],[-8.73022,42.22369],[-8.73026,42.22383],[-8.7325,42.22462],[-8.73207,42.22503],[-8.73058,42.22554],[-8.73045,42.22576],[-8.73065,42.22615]]]}},{"type":"Feature","properties":{"id":"3605703022"},"geometry":{"type":"Polygon","coordinates":[[[-8.73022,42.22369],[-8.73182,42.22176],[-8.73242,42.2235],[-8.73257,42.22424],[-8.7325,42.22462],[-8.73026,42.22383],[-8.73022,42.22369]]]}},{"type":"Feature","properties":{"id":"3605703023"},"geometry":{"type":"Polygon","coordinates":[[[-8.72959,42.22099],[-8.73065,42.22068],[-8.73277,42.22061],[-8.73279,42.22072],[-8.73155,42.2221],[-8.73076,42.22186],[-8.73015,42.22179],[-8.72959,42.22099]]]}},{"type":"Feature","properties":{"id":"3605703024"},"geometry":{"type":"Polygon","coordinates":[[[-8.73293,42.22077],[-8.73277,42.22061],[-8.73104,42.22065],[-8.72975,42.22092],[-8.72915,42.21829],[-8.72959,42.21826],[-8.73018,42.21844],[-8.73114,42.21812],[-8.73134,42.2178],[-8.73191,42.21779],[-8.73248,42.21767],[-8.73253,42.21904],[-8.73365,42.21906],[-8.73449,42.2195],[-8.7345,42.2196],[-8.73305,42.22058],[-8.73293,42.22077]]]}},{"type":"Feature","properties":{"id":"3605703025"},"geometry":{"type":"Polygon","coordinates":[[[-8.72921,42.22259],[-8.72837,42.22146],[-8.72959,42.22099],[-8.73015,42.22179],[-8.73076,42.22186],[-8.73155,42.2221],[-8.73111,42.22263],[-8.73052,42.22245],[-8.73006,42.22242],[-8.72921,42.22259]]]}},{"type":"Feature","properties":{"id":"3605703026"},"geometry":{"type":"Polygon","coordinates":[[[-8.72769,42.22317],[-8.72963,42.22247],[-8.73029,42.22243],[-8.73111,42.22263],[-8.73069,42.22313],[-8.73029,42.22301],[-8.72982,42.22302],[-8.72806,42.22366],[-8.72769,42.22317]]]}},{"type":"Feature","properties":{"id":"3605703027"},"geometry":{"type":"Polygon","coordinates":[[[-8.72682,42.22205],[-8.72837,42.22146],[-8.72921,42.22259],[-8.72769,42.22317],[-8.72682,42.22205]]]}},{"type":"Feature","properties":{"id":"3605703028"},"geometry":{"type":"Polygon","coordinates":[[[-8.72691,42.22411],[-8.72544,42.22259],[-8.72682,42.22205],[-8.72806,42.22366],[-8.72691,42.22411]]]}},{"type":"Feature","properties":{"id":"3605703029"},"geometry":{"type":"Polygon","coordinates":[[[-8.72431,42.22346],[-8.72544,42.22259],[-8.7269,42.2241],[-8.72607,42.22473],[-8.72431,42.22346]]]}},{"type":"Feature","properties":{"id":"3605703030"},"geometry":{"type":"Polygon","coordinates":[[[-8.72339,42.22416],[-8.72431,42.22346],[-8.72607,42.22473],[-8.72539,42.22526],[-8.7255,42.22534],[-8.72532,42.22553],[-8.72339,42.22416]]]}},{"type":"Feature","properties":{"id":"3605703031"},"geometry":{"type":"Polygon","coordinates":[[[-8.72463,42.22641],[-8.7225,42.22485],[-8.72339,42.22416],[-8.7254,42.22559],[-8.72463,42.22641]]]}},{"type":"Feature","properties":{"id":"3605703032"},"geometry":{"type":"Polygon","coordinates":[[[-8.72382,42.22719],[-8.72281,42.22642],[-8.72372,42.22574],[-8.72463,42.22641],[-8.72382,42.22719]]]}},{"type":"Feature","properties":{"id":"3605703033"},"geometry":{"type":"Polygon","coordinates":[[[-8.7216,42.22554],[-8.7225,42.22485],[-8.72372,42.22574],[-8.72281,42.22642],[-8.7216,42.22554]]]}},{"type":"Feature","properties":{"id":"3605703034"},"geometry":{"type":"Polygon","coordinates":[[[-8.72067,42.22717],[-8.7216,42.22554],[-8.72334,42.22682],[-8.72218,42.22763],[-8.72067,42.22717]]]}},{"type":"Feature","properties":{"id":"3605703035"},"geometry":{"type":"Polygon","coordinates":[[[-8.71934,42.22956],[-8.7192,42.22934],[-8.71935,42.22922],[-8.71955,42.22921],[-8.72067,42.22717],[-8.72218,42.22763],[-8.72334,42.22682],[-8.72382,42.22719],[-8.72245,42.22813],[-8.72219,42.22846],[-8.7197,42.22927],[-8.71971,42.22951],[-8.71934,42.22956]]]}},{"type":"Feature","properties":{"id":"3605703036"},"geometry":{"type":"Polygon","coordinates":[[[-8.73867,42.22798],[-8.73822,42.22728],[-8.73653,42.22524],[-8.73618,42.22579],[-8.73438,42.22527],[-8.73494,42.22453],[-8.73567,42.22435],[-8.73577,42.22423],[-8.73595,42.22432],[-8.73924,42.22378],[-8.73966,42.22455],[-8.7401,42.22494],[-8.74029,42.22527],[-8.7408,42.22507],[-8.74145,42.22615],[-8.741,42.22632],[-8.74085,42.22606],[-8.74039,42.22621],[-8.74054,42.22645],[-8.74079,42.22639],[-8.74056,42.22647],[-8.74141,42.22786],[-8.7413,42.2279],[-8.74105,42.22749],[-8.7402,42.2277],[-8.73992,42.22705],[-8.73934,42.22719],[-8.74004,42.22892],[-8.73947,42.22904],[-8.73899,42.22791],[-8.73867,42.22798]]]}},{"type":"Feature","properties":{"id":"3605703037"},"geometry":{"type":"Polygon","coordinates":[[[-8.72449,42.22653],[-8.7254,42.22559],[-8.72532,42.22553],[-8.7255,42.22534],[-8.72539,42.22526],[-8.72683,42.22414],[-8.7269,42.2241],[-8.72731,42.22467],[-8.72745,42.22459],[-8.72756,42.22471],[-8.72766,42.22505],[-8.72767,42.22558],[-8.72732,42.22618],[-8.72797,42.22651],[-8.72808,42.22668],[-8.72802,42.22679],[-8.72776,42.22702],[-8.72679,42.22646],[-8.72667,42.22669],[-8.72597,42.22735],[-8.72449,42.22653]]]}},{"type":"Feature","properties":{"id":"3605704001"},"geometry":{"type":"Polygon","coordinates":[[[-8.75071,42.22701],[-8.75227,42.22648],[-8.75183,42.22553],[-8.75231,42.22531],[-8.75301,42.22452],[-8.75306,42.22428],[-8.75293,42.22354],[-8.75267,42.22322],[-8.75269,42.22272],[-8.75258,42.22238],[-8.75297,42.22248],[-8.75344,42.22295],[-8.75383,42.22317],[-8.75487,42.22327],[-8.75546,42.22324],[-8.75603,42.22307],[-8.75738,42.22219],[-8.75796,42.22411],[-8.75773,42.22435],[-8.75758,42.22418],[-8.75732,42.22408],[-8.75702,42.22414],[-8.75635,42.22443],[-8.75572,42.22485],[-8.75465,42.22582],[-8.75416,42.22707],[-8.75463,42.22714],[-8.75525,42.22694],[-8.75573,42.2266],[-8.75586,42.22625],[-8.75615,42.22612],[-8.7563,42.22617],[-8.75632,42.22643],[-8.75675,42.2266],[-8.75764,42.2266],[-8.7577,42.22621],[-8.7574,42.22565],[-8.75751,42.22555],[-8.75802,42.22628],[-8.75813,42.22667],[-8.75887,42.22667],[-8.75943,42.22678],[-8.7599,42.22702],[-8.76024,42.22736],[-8.76039,42.22806],[-8.76,42.2287],[-8.75972,42.22889],[-8.75884,42.22887],[-8.75785,42.22944],[-8.75811,42.23],[-8.75848,42.23046],[-8.75856,42.2308],[-8.75851,42.2311],[-8.75793,42.23223],[-8.75808,42.23261],[-8.75804,42.23275],[-8.75134,42.23493],[-8.75092,42.23429],[-8.75065,42.2342],[-8.75291,42.23345],[-8.75271,42.23312],[-8.7544,42.23257],[-8.75396,42.23184],[-8.75424,42.2317],[-8.7542,42.23148],[-8.75409,42.23152],[-8.7541,42.23169],[-8.75385,42.23175],[-8.75331,42.23097],[-8.75053,42.23171],[-8.75005,42.23169],[-8.74926,42.23118],[-8.74908,42.23117],[-8.74637,42.23244],[-8.74633,42.23233],[-8.74663,42.23216],[-8.7459,42.23136],[-8.74563,42.23085],[-8.74526,42.23054],[-8.74454,42.23084],[-8.74436,42.23125],[-8.74342,42.23173],[-8.74301,42.23141],[-8.73986,42.23266],[-8.74379,42.23103],[-8.74354,42.23066],[-8.74714,42.22919],[-8.7473,42.22929],[-8.74696,42.22941],[-8.74723,42.2297],[-8.75001,42.23148],[-8.75309,42.23065],[-8.75309,42.22951],[-8.75138,42.22995],[-8.75121,42.22961],[-8.75261,42.22922],[-8.75261,42.22824],[-8.75242,42.2281],[-8.75072,42.22857],[-8.7506,42.22832],[-8.75153,42.22806],[-8.75136,42.22775],[-8.75125,42.22779],[-8.75123,42.22776],[-8.75135,42.22773],[-8.7513,42.22763],[-8.7512,42.22767],[-8.75119,42.22764],[-8.7513,42.22759],[-8.75113,42.22721],[-8.75193,42.22698],[-8.75176,42.2267],[-8.75071,42.22701]]]}},{"type":"Feature","properties":{"id":"3605704002"},"geometry":{"type":"Polygon","coordinates":[[[-8.75079,42.22523],[-8.75085,42.22474],[-8.74995,42.22475],[-8.74996,42.22446],[-8.74915,42.22343],[-8.7503,42.22284],[-8.75258,42.22238],[-8.75269,42.22272],[-8.75267,42.22322],[-8.75293,42.22354],[-8.75306,42.22428],[-8.75301,42.22452],[-8.75231,42.22531],[-8.75183,42.22553],[-8.75227,42.22648],[-8.75171,42.22669],[-8.75159,42.22647],[-8.75085,42.22671],[-8.75159,42.22646],[-8.75147,42.22625],[-8.75082,42.22645],[-8.75146,42.22623],[-8.75131,42.22597],[-8.75107,42.22605],[-8.7513,42.22595],[-8.75107,42.22554],[-8.75093,42.22553],[-8.75099,42.22524],[-8.75079,42.22523]]]}},{"type":"Feature","properties":{"id":"3605704003"},"geometry":{"type":"Polygon","coordinates":[[[-8.74156,42.22628],[-8.7408,42.22507],[-8.74029,42.22527],[-8.7401,42.22494],[-8.73966,42.22455],[-8.73924,42.2238],[-8.74306,42.22406],[-8.74396,42.22509],[-8.74438,42.22523],[-8.74915,42.22343],[-8.74996,42.22446],[-8.74995,42.22475],[-8.75085,42.22474],[-8.75038,42.22649],[-8.75025,42.22651],[-8.75022,42.22632],[-8.74998,42.22635],[-8.75002,42.22654],[-8.74994,42.22654],[-8.74979,42.22578],[-8.74943,42.22582],[-8.74942,42.22593],[-8.74924,42.22554],[-8.74882,42.22558],[-8.74886,42.22577],[-8.74877,42.22559],[-8.74811,42.22558],[-8.74837,42.22634],[-8.74815,42.22637],[-8.74802,42.2258],[-8.74763,42.22584],[-8.74773,42.22629],[-8.74759,42.2263],[-8.74745,42.22559],[-8.74711,42.22565],[-8.7472,42.22602],[-8.74712,42.22603],[-8.74705,42.22578],[-8.74675,42.22583],[-8.74673,42.22593],[-8.7467,42.22581],[-8.74633,42.22587],[-8.7463,42.22613],[-8.74612,42.22589],[-8.74589,42.22596],[-8.74624,42.22675],[-8.74581,42.22599],[-8.74556,42.22571],[-8.74541,42.2257],[-8.74428,42.22602],[-8.74442,42.22641],[-8.74403,42.22643],[-8.74415,42.22743],[-8.74405,42.22744],[-8.74398,42.22684],[-8.74372,42.22687],[-8.74349,42.22645],[-8.7433,42.22646],[-8.74338,42.22714],[-8.74326,42.22715],[-8.74317,42.22643],[-8.7425,42.22649],[-8.74276,42.2274],[-8.74265,42.22742],[-8.74219,42.22573],[-8.74202,42.22576],[-8.74205,42.22591],[-8.74186,42.22594],[-8.74194,42.22622],[-8.74168,42.22626],[-8.74165,42.22614],[-8.74156,42.22628]]]}},{"type":"Feature","properties":{"id":"3605704004"},"geometry":{"type":"Polygon","coordinates":[[[-8.73924,42.2238],[-8.73595,42.22432],[-8.73574,42.22425],[-8.73359,42.2216],[-8.73495,42.22131],[-8.73565,42.22103],[-8.73807,42.22033],[-8.73898,42.22105],[-8.74042,42.2214],[-8.7411,42.22134],[-8.74143,42.22116],[-8.74161,42.22092],[-8.74195,42.22085],[-8.74244,42.22099],[-8.74268,42.22131],[-8.74349,42.22102],[-8.74407,42.22106],[-8.74476,42.22099],[-8.74422,42.22164],[-8.74403,42.22223],[-8.74346,42.22317],[-8.74271,42.22402],[-8.73924,42.2238]]]}},{"type":"Feature","properties":{"id":"3605704005"},"geometry":{"type":"Polygon","coordinates":[[[-8.74271,42.22402],[-8.74341,42.22324],[-8.7438,42.22256],[-8.74495,42.22272],[-8.746,42.22262],[-8.7472,42.22236],[-8.74695,42.22144],[-8.74663,42.22114],[-8.74675,42.22101],[-8.7472,42.22118],[-8.74792,42.22087],[-8.74836,42.22083],[-8.74846,42.2207],[-8.74865,42.22082],[-8.74909,42.22202],[-8.74903,42.22216],[-8.74847,42.22225],[-8.74826,42.22259],[-8.74918,42.22342],[-8.74438,42.22523],[-8.74396,42.22509],[-8.74323,42.22417],[-8.74306,42.22406],[-8.74271,42.22402]]]}},{"type":"Feature","properties":{"id":"3605704006"},"geometry":{"type":"Polygon","coordinates":[[[-8.74846,42.2207],[-8.74871,42.2204],[-8.74853,42.22032],[-8.74947,42.21883],[-8.75011,42.21875],[-8.75007,42.21903],[-8.75082,42.21933],[-8.7509,42.21962],[-8.7507,42.2199],[-8.7508,42.22083],[-8.75111,42.22084],[-8.75114,42.22119],[-8.75145,42.22152],[-8.75189,42.22158],[-8.75215,42.22174],[-8.75258,42.22238],[-8.7503,42.22284],[-8.74919,42.22342],[-8.74826,42.22259],[-8.74847,42.22225],[-8.74903,42.22216],[-8.74909,42.22202],[-8.74891,42.22132],[-8.74865,42.22082],[-8.74846,42.2207]]]}},{"type":"Feature","properties":{"id":"3605704007"},"geometry":{"type":"Polygon","coordinates":[[[-8.75258,42.22238],[-8.75215,42.22174],[-8.75189,42.22158],[-8.75145,42.22152],[-8.75114,42.22119],[-8.75111,42.22084],[-8.7508,42.22083],[-8.7507,42.2199],[-8.7509,42.21962],[-8.75082,42.21933],[-8.75007,42.21903],[-8.75011,42.21875],[-8.75169,42.21892],[-8.7543,42.21846],[-8.75441,42.21885],[-8.75439,42.21945],[-8.75417,42.21995],[-8.75383,42.22036],[-8.75294,42.22246],[-8.75258,42.22238]]]}},{"type":"Feature","properties":{"id":"3605704008"},"geometry":{"type":"Polygon","coordinates":[[[-8.75441,42.21885],[-8.7543,42.21846],[-8.75169,42.21892],[-8.75142,42.21812],[-8.75416,42.21777],[-8.75401,42.21705],[-8.75591,42.21684],[-8.75614,42.2179],[-8.75639,42.21848],[-8.75724,42.21836],[-8.75718,42.22108],[-8.75738,42.22219],[-8.75603,42.22307],[-8.75546,42.22324],[-8.75426,42.22324],[-8.75383,42.22317],[-8.75344,42.22295],[-8.75294,42.22246],[-8.75369,42.22065],[-8.75439,42.21945],[-8.75441,42.21885]]]}},{"type":"Feature","properties":{"id":"3605704010"},"geometry":{"type":"Polygon","coordinates":[[[-8.75018,42.21875],[-8.74966,42.2186],[-8.74933,42.21838],[-8.74916,42.21764],[-8.75401,42.21705],[-8.75416,42.21777],[-8.75142,42.21812],[-8.75169,42.21892],[-8.75018,42.21875]]]}},{"type":"Feature","properties":{"id":"3605704011"},"geometry":{"type":"Polygon","coordinates":[[[-8.74456,42.22022],[-8.74398,42.21835],[-8.74916,42.21764],[-8.74933,42.21838],[-8.74966,42.2186],[-8.75018,42.21875],[-8.74748,42.21911],[-8.74707,42.21928],[-8.74661,42.21974],[-8.74602,42.22005],[-8.74456,42.22022]]]}},{"type":"Feature","properties":{"id":"3605704012"},"geometry":{"type":"Polygon","coordinates":[[[-8.747,42.22111],[-8.74741,42.22047],[-8.74656,42.22022],[-8.74647,42.22038],[-8.74618,42.22027],[-8.74614,42.22],[-8.74661,42.21974],[-8.74727,42.21919],[-8.74772,42.21905],[-8.74947,42.21883],[-8.74853,42.22032],[-8.74871,42.2204],[-8.74836,42.22083],[-8.74792,42.22087],[-8.7472,42.22118],[-8.747,42.22111]]]}},{"type":"Feature","properties":{"id":"3605704013"},"geometry":{"type":"Polygon","coordinates":[[[-8.7438,42.22256],[-8.74406,42.22217],[-8.74422,42.22164],[-8.74481,42.22099],[-8.74457,42.22026],[-8.74579,42.22012],[-8.74614,42.22],[-8.74618,42.22027],[-8.74647,42.22038],[-8.74656,42.22022],[-8.74741,42.22047],[-8.747,42.22111],[-8.74675,42.22101],[-8.74663,42.22114],[-8.74695,42.22144],[-8.7472,42.22236],[-8.746,42.22262],[-8.74495,42.22272],[-8.7438,42.22256]]]}},{"type":"Feature","properties":{"id":"3605704014"},"geometry":{"type":"Polygon","coordinates":[[[-8.73807,42.22033],[-8.73855,42.22019],[-8.73949,42.22078],[-8.74016,42.22088],[-8.74186,42.22048],[-8.74456,42.22022],[-8.74481,42.22099],[-8.74407,42.22106],[-8.74349,42.22102],[-8.74268,42.22131],[-8.74244,42.22099],[-8.74195,42.22085],[-8.74161,42.22092],[-8.74143,42.22116],[-8.7411,42.22134],[-8.74042,42.2214],[-8.73898,42.22105],[-8.73807,42.22033]]]}},{"type":"Feature","properties":{"id":"3605704015"},"geometry":{"type":"Polygon","coordinates":[[[-8.73935,42.22072],[-8.73785,42.21961],[-8.74398,42.21835],[-8.74456,42.22022],[-8.74186,42.22048],[-8.74063,42.22082],[-8.73998,42.22088],[-8.73935,42.22072]]]}},{"type":"Feature","properties":{"id":"3605704016"},"geometry":{"type":"Polygon","coordinates":[[[-8.73293,42.22077],[-8.73337,42.22036],[-8.73409,42.22038],[-8.73785,42.21961],[-8.73855,42.22019],[-8.73565,42.22103],[-8.73495,42.22131],[-8.73359,42.2216],[-8.73293,42.22077]]]}},{"type":"Feature","properties":{"id":"3605704017"},"geometry":{"type":"Polygon","coordinates":[[[-8.73337,42.22036],[-8.73447,42.21962],[-8.73548,42.21958],[-8.73669,42.21939],[-8.73747,42.21941],[-8.73785,42.21961],[-8.73409,42.22038],[-8.73337,42.22036]]]}},{"type":"Feature","properties":{"id":"3605704018"},"geometry":{"type":"Polygon","coordinates":[[[-8.73447,42.21962],[-8.73653,42.21818],[-8.73818,42.21706],[-8.73865,42.21771],[-8.73861,42.21783],[-8.73734,42.2187],[-8.73651,42.2191],[-8.73669,42.21939],[-8.73548,42.21958],[-8.73447,42.21962]]]}},{"type":"Feature","properties":{"id":"3605704019"},"geometry":{"type":"Polygon","coordinates":[[[-8.73669,42.21939],[-8.73651,42.2191],[-8.73734,42.2187],[-8.73861,42.21783],[-8.73865,42.21771],[-8.73818,42.21706],[-8.73917,42.21639],[-8.73926,42.21666],[-8.73917,42.21696],[-8.73938,42.21756],[-8.73963,42.21748],[-8.73962,42.21789],[-8.73994,42.21878],[-8.73838,42.21926],[-8.73758,42.2194],[-8.73669,42.21939]]]}},{"type":"Feature","properties":{"id":"3605704020"},"geometry":{"type":"Polygon","coordinates":[[[-8.73747,42.21941],[-8.73888,42.21917],[-8.73994,42.21878],[-8.73962,42.21789],[-8.73963,42.21748],[-8.74164,42.21672],[-8.74214,42.21644],[-8.74297,42.2172],[-8.74296,42.2174],[-8.74345,42.21744],[-8.74356,42.21732],[-8.74384,42.21731],[-8.74395,42.21792],[-8.74426,42.21805],[-8.74398,42.21835],[-8.73785,42.21961],[-8.73747,42.21941]]]}},{"type":"Feature","properties":{"id":"3605704021"},"geometry":{"type":"Polygon","coordinates":[[[-8.74214,42.21644],[-8.74328,42.21604],[-8.74346,42.2163],[-8.74381,42.21617],[-8.74433,42.21622],[-8.74448,42.21592],[-8.74479,42.21572],[-8.74531,42.21556],[-8.74594,42.21569],[-8.74599,42.21583],[-8.74709,42.21601],[-8.74751,42.21785],[-8.74398,42.21835],[-8.74426,42.21805],[-8.74395,42.21792],[-8.74384,42.21731],[-8.74356,42.21732],[-8.74345,42.21744],[-8.74296,42.2174],[-8.74297,42.2172],[-8.74214,42.21644]]]}},{"type":"Feature","properties":{"id":"3605704022"},"geometry":{"type":"Polygon","coordinates":[[[-8.74709,42.21601],[-8.74889,42.21577],[-8.74919,42.21764],[-8.74751,42.21785],[-8.74709,42.21601]]]}},{"type":"Feature","properties":{"id":"3605704023"},"geometry":{"type":"Polygon","coordinates":[[[-8.74899,42.21654],[-8.75047,42.21635],[-8.75174,42.21634],[-8.75197,42.21729],[-8.74919,42.21764],[-8.74899,42.21654]]]}},{"type":"Feature","properties":{"id":"3605704024"},"geometry":{"type":"Polygon","coordinates":[[[-8.74899,42.21654],[-8.74889,42.21577],[-8.7491,42.21574],[-8.75092,42.21478],[-8.75245,42.21459],[-8.75159,42.21331],[-8.75186,42.21326],[-8.75289,42.21416],[-8.75367,42.21382],[-8.7543,42.2132],[-8.75857,42.21215],[-8.75838,42.21276],[-8.75841,42.21305],[-8.75896,42.21372],[-8.75939,42.21391],[-8.7549,42.21502],[-8.75442,42.21377],[-8.75308,42.21434],[-8.75372,42.21478],[-8.75468,42.21597],[-8.75563,42.21688],[-8.75197,42.21729],[-8.75174,42.21634],[-8.75047,42.21635],[-8.74899,42.21654]]]}},{"type":"Feature","properties":{"id":"3605704025"},"geometry":{"type":"Polygon","coordinates":[[[-8.74921,42.21359],[-8.75112,42.21278],[-8.7508,42.21234],[-8.75049,42.21213],[-8.75095,42.21153],[-8.7516,42.21114],[-8.75196,42.21207],[-8.75202,42.2126],[-8.75187,42.21327],[-8.75159,42.21331],[-8.75245,42.21459],[-8.75092,42.21478],[-8.74978,42.21537],[-8.74955,42.21451],[-8.7494,42.21452],[-8.74921,42.21359]]]}},{"type":"Feature","properties":{"id":"3605704026"},"geometry":{"type":"Polygon","coordinates":[[[-8.74743,42.2139],[-8.74857,42.21377],[-8.74921,42.21359],[-8.7494,42.21452],[-8.74955,42.21451],[-8.74978,42.21537],[-8.7491,42.21574],[-8.7484,42.21584],[-8.74807,42.21527],[-8.74796,42.21481],[-8.74764,42.21486],[-8.74743,42.2139]]]}},{"type":"Feature","properties":{"id":"3605704027"},"geometry":{"type":"Polygon","coordinates":[[[-8.74599,42.21583],[-8.74616,42.21491],[-8.74619,42.21401],[-8.74743,42.2139],[-8.74764,42.21486],[-8.74796,42.21481],[-8.74807,42.21527],[-8.7484,42.21584],[-8.74709,42.21601],[-8.74599,42.21583]]]}},{"type":"Feature","properties":{"id":"3605704028"},"geometry":{"type":"Polygon","coordinates":[[[-8.74252,42.21409],[-8.74708,42.21089],[-8.74831,42.21161],[-8.74991,42.21184],[-8.7508,42.21234],[-8.75112,42.21278],[-8.7492,42.2136],[-8.74857,42.21377],[-8.74619,42.21401],[-8.74625,42.21365],[-8.74367,42.21385],[-8.74313,42.21401],[-8.74272,42.21431],[-8.74252,42.21409]]]}},{"type":"Feature","properties":{"id":"3605704029"},"geometry":{"type":"Polygon","coordinates":[[[-8.74434,42.21004],[-8.74436,42.21026],[-8.74526,42.21009],[-8.74639,42.21028],[-8.74731,42.21024],[-8.74759,42.21029],[-8.74763,42.21038],[-8.74711,42.21087],[-8.74541,42.21209],[-8.7451,42.21143],[-8.74474,42.21108],[-8.7442,42.21099],[-8.74394,42.21035],[-8.74434,42.21004]]]}},{"type":"Feature","properties":{"id":"3605704030"},"geometry":{"type":"Polygon","coordinates":[[[-8.74126,42.21209],[-8.74105,42.21147],[-8.74048,42.21091],[-8.74028,42.21055],[-8.74199,42.21006],[-8.74427,42.2096],[-8.74434,42.21004],[-8.74393,42.21041],[-8.7442,42.21099],[-8.74474,42.21108],[-8.7451,42.21143],[-8.74541,42.21209],[-8.74398,42.21309],[-8.74344,42.21264],[-8.74298,42.21265],[-8.74276,42.21249],[-8.74144,42.21203],[-8.74126,42.21209]]]}},{"type":"Feature","properties":{"id":"3605704031"},"geometry":{"type":"Polygon","coordinates":[[[-8.74032,42.21243],[-8.74144,42.21203],[-8.74276,42.21249],[-8.74298,42.21265],[-8.74344,42.21264],[-8.74398,42.21309],[-8.74188,42.21454],[-8.74032,42.21243]]]}},{"type":"Feature","properties":{"id":"3605704032"},"geometry":{"type":"Polygon","coordinates":[[[-8.73882,42.21292],[-8.73446,42.21284],[-8.73403,42.21226],[-8.73524,42.21215],[-8.73631,42.21218],[-8.73686,42.21198],[-8.73719,42.21173],[-8.73791,42.21164],[-8.73797,42.21123],[-8.74028,42.21055],[-8.74048,42.21091],[-8.74105,42.21147],[-8.74126,42.21209],[-8.73882,42.21292]]]}},{"type":"Feature","properties":{"id":"3605704033"},"geometry":{"type":"Polygon","coordinates":[[[-8.73765,42.2137],[-8.73848,42.21292],[-8.73882,42.21292],[-8.74032,42.21243],[-8.74188,42.21454],[-8.74027,42.21564],[-8.73923,42.21368],[-8.7389,42.21365],[-8.73882,42.21354],[-8.73788,42.21381],[-8.73765,42.2137]]]}},{"type":"Feature","properties":{"id":"3605704034"},"geometry":{"type":"Polygon","coordinates":[[[-8.73607,42.21544],[-8.73765,42.2137],[-8.73788,42.21381],[-8.73882,42.21354],[-8.7389,42.21365],[-8.73923,42.21368],[-8.74027,42.21564],[-8.73824,42.21702],[-8.73777,42.21665],[-8.73762,42.21667],[-8.73752,42.21627],[-8.73678,42.21634],[-8.73652,42.2155],[-8.73607,42.21544]]]}},{"type":"Feature","properties":{"id":"3605704035"},"geometry":{"type":"Polygon","coordinates":[[[-8.73433,42.21661],[-8.73438,42.21633],[-8.73511,42.21526],[-8.73538,42.21401],[-8.73579,42.21329],[-8.73673,42.21286],[-8.73848,42.21292],[-8.73768,42.21368],[-8.73563,42.21593],[-8.73483,42.21696],[-8.7345,42.21688],[-8.73433,42.21661]]]}},{"type":"Feature","properties":{"id":"3605704036"},"geometry":{"type":"Polygon","coordinates":[[[-8.73227,42.21385],[-8.73222,42.21287],[-8.73291,42.21262],[-8.73338,42.21263],[-8.73403,42.21226],[-8.73446,42.21284],[-8.73673,42.21286],[-8.73579,42.21329],[-8.73556,42.21368],[-8.73468,42.21312],[-8.73408,42.21334],[-8.73338,42.21338],[-8.73299,42.21385],[-8.73227,42.21385]]]}},{"type":"Feature","properties":{"id":"3605704037"},"geometry":{"type":"Polygon","coordinates":[[[-8.73245,42.21767],[-8.73227,42.21385],[-8.73299,42.21385],[-8.73338,42.21338],[-8.73408,42.21334],[-8.73468,42.21312],[-8.73556,42.21368],[-8.73538,42.21401],[-8.73511,42.21526],[-8.73438,42.21633],[-8.73433,42.21661],[-8.73341,42.21663],[-8.73288,42.21701],[-8.73284,42.21758],[-8.73245,42.21767]]]}},{"type":"Feature","properties":{"id":"3605704038"},"geometry":{"type":"Polygon","coordinates":[[[-8.73248,42.21769],[-8.73284,42.21758],[-8.73288,42.21701],[-8.73341,42.21663],[-8.73433,42.21661],[-8.7345,42.21688],[-8.73483,42.21696],[-8.73365,42.21906],[-8.73253,42.21904],[-8.73248,42.21769]]]}},{"type":"Feature","properties":{"id":"3605704039"},"geometry":{"type":"Polygon","coordinates":[[[-8.73493,42.21681],[-8.73607,42.21544],[-8.73652,42.2155],[-8.73678,42.21634],[-8.73752,42.21627],[-8.73762,42.21667],[-8.73777,42.21665],[-8.73824,42.21702],[-8.73603,42.21853],[-8.73513,42.21735],[-8.73533,42.21703],[-8.73529,42.21695],[-8.73493,42.21681]]]}},{"type":"Feature","properties":{"id":"3605704040"},"geometry":{"type":"Polygon","coordinates":[[[-8.73365,42.21906],[-8.73475,42.21707],[-8.73493,42.21681],[-8.73511,42.21687],[-8.73533,42.21703],[-8.73513,42.21735],[-8.73603,42.21853],[-8.7345,42.2196],[-8.73449,42.2195],[-8.73365,42.21906]]]}},{"type":"Feature","properties":{"id":"3605704041"},"geometry":{"type":"Polygon","coordinates":[[[-8.73917,42.21639],[-8.7407,42.21536],[-8.74207,42.21647],[-8.74164,42.21672],[-8.73938,42.21756],[-8.73917,42.21696],[-8.73926,42.21666],[-8.73917,42.21639]]]}},{"type":"Feature","properties":{"id":"3605704042"},"geometry":{"type":"Polygon","coordinates":[[[-8.7407,42.21536],[-8.74252,42.21409],[-8.74272,42.21431],[-8.74313,42.21401],[-8.74367,42.21385],[-8.74625,42.21365],[-8.74616,42.21491],[-8.74594,42.21569],[-8.74531,42.21556],[-8.74479,42.21572],[-8.7444,42.21601],[-8.74433,42.21622],[-8.74381,42.21617],[-8.74346,42.2163],[-8.74328,42.21604],[-8.74207,42.21647],[-8.7407,42.21536]]]}},{"type":"Feature","properties":{"id":"3605705001"},"geometry":{"type":"Polygon","coordinates":[[[-8.71443,42.22604],[-8.71481,42.22573],[-8.71396,42.22507],[-8.71514,42.22421],[-8.7151,42.22374],[-8.71556,42.22355],[-8.7163,42.22349],[-8.71656,42.22361],[-8.71686,42.22407],[-8.71668,42.2252],[-8.71725,42.22519],[-8.71809,42.22593],[-8.71883,42.22623],[-8.71992,42.22711],[-8.72056,42.22735],[-8.72036,42.2277],[-8.72003,42.22775],[-8.71856,42.22767],[-8.71604,42.22634],[-8.71583,42.22669],[-8.71443,42.22604]]]}},{"type":"Feature","properties":{"id":"3605705002"},"geometry":{"type":"Polygon","coordinates":[[[-8.71734,42.22512],[-8.71724,42.22519],[-8.71668,42.2252],[-8.7167,42.22467],[-8.71689,42.22426],[-8.71681,42.22391],[-8.71656,42.22361],[-8.7163,42.22349],[-8.71558,42.22355],[-8.7154,42.22297],[-8.71509,42.22299],[-8.71451,42.22211],[-8.71525,42.22114],[-8.71654,42.22038],[-8.71691,42.22026],[-8.71717,42.22001],[-8.7172,42.21949],[-8.71756,42.21935],[-8.7182,42.21852],[-8.71859,42.21842],[-8.71847,42.21806],[-8.71861,42.21778],[-8.71908,42.21815],[-8.71989,42.21839],[-8.71955,42.2186],[-8.71934,42.21929],[-8.71971,42.21965],[-8.7199,42.21976],[-8.72027,42.21978],[-8.72039,42.21989],[-8.72025,42.22005],[-8.72093,42.22048],[-8.72133,42.22094],[-8.72161,42.22105],[-8.7217,42.22123],[-8.72218,42.22109],[-8.72218,42.22125],[-8.72241,42.22129],[-8.72225,42.2218],[-8.72147,42.22213],[-8.72103,42.22286],[-8.72035,42.22349],[-8.72025,42.22376],[-8.71961,42.22368],[-8.71959,42.22382],[-8.71918,42.2238],[-8.71896,42.22408],[-8.71878,42.22401],[-8.7175,42.22519],[-8.71734,42.22512]]]}},{"type":"Feature","properties":{"id":"3605705003"},"geometry":{"type":"Polygon","coordinates":[[[-8.72035,42.22349],[-8.72103,42.22286],[-8.72147,42.22213],[-8.72225,42.2218],[-8.72241,42.22129],[-8.72218,42.22125],[-8.72218,42.22109],[-8.72284,42.22084],[-8.72328,42.22018],[-8.72427,42.21966],[-8.72534,42.21865],[-8.72583,42.21869],[-8.72619,42.21903],[-8.72602,42.21939],[-8.72625,42.21968],[-8.72747,42.21906],[-8.72759,42.21917],[-8.72809,42.21991],[-8.72815,42.22064],[-8.72852,42.22082],[-8.72879,42.2213],[-8.7254,42.22261],[-8.7216,42.22553],[-8.72056,42.22735],[-8.71992,42.22711],[-8.71883,42.22623],[-8.71809,42.22593],[-8.71724,42.22519],[-8.71729,42.22509],[-8.7175,42.22519],[-8.71878,42.22401],[-8.71896,42.22408],[-8.71918,42.2238],[-8.71959,42.22382],[-8.71961,42.22368],[-8.72025,42.22376],[-8.72035,42.22349]]]}},{"type":"Feature","properties":{"id":"3605705004"},"geometry":{"type":"Polygon","coordinates":[[[-8.72809,42.21991],[-8.72747,42.21906],[-8.72625,42.21968],[-8.72602,42.21939],[-8.72619,42.21903],[-8.72583,42.21869],[-8.72534,42.21865],[-8.72427,42.21966],[-8.72328,42.22018],[-8.72284,42.22084],[-8.7217,42.22123],[-8.72161,42.22105],[-8.72133,42.22094],[-8.72093,42.22048],[-8.72025,42.22005],[-8.72039,42.21989],[-8.72027,42.21978],[-8.7199,42.21976],[-8.71934,42.21929],[-8.71955,42.2186],[-8.7199,42.21839],[-8.71969,42.21823],[-8.71969,42.21808],[-8.72034,42.21697],[-8.72039,42.21653],[-8.72023,42.21618],[-8.72087,42.21587],[-8.72123,42.21621],[-8.72198,42.21615],[-8.72213,42.21497],[-8.72252,42.21458],[-8.72246,42.21448],[-8.72256,42.21431],[-8.72279,42.21425],[-8.7234,42.21384],[-8.72375,42.21339],[-8.72377,42.21317],[-8.72357,42.21288],[-8.72402,42.21136],[-8.72393,42.21131],[-8.72396,42.21113],[-8.72449,42.21048],[-8.72453,42.21011],[-8.72472,42.21007],[-8.72501,42.20974],[-8.72499,42.20887],[-8.72543,42.20882],[-8.72592,42.20904],[-8.72624,42.20936],[-8.72801,42.21041],[-8.72849,42.21007],[-8.72884,42.21011],[-8.72916,42.21003],[-8.73034,42.21021],[-8.73216,42.21137],[-8.73222,42.21287],[-8.73209,42.2129],[-8.73126,42.21409],[-8.73117,42.21472],[-8.73034,42.21497],[-8.73026,42.21553],[-8.73001,42.21591],[-8.73004,42.21618],[-8.72929,42.21646],[-8.72831,42.21644],[-8.72742,42.2168],[-8.72763,42.21764],[-8.7274,42.21835],[-8.72837,42.21859],[-8.72915,42.2183],[-8.72975,42.22092],[-8.72879,42.2213],[-8.72852,42.22082],[-8.72815,42.22064],[-8.72809,42.21991]]]}},{"type":"Feature","properties":{"id":"3605705005"},"geometry":{"type":"Polygon","coordinates":[[[-8.73222,42.21287],[-8.73245,42.21767],[-8.73134,42.2178],[-8.73114,42.21812],[-8.73018,42.21844],[-8.72959,42.21826],[-8.72928,42.21828],[-8.72837,42.21859],[-8.7274,42.21835],[-8.72763,42.21764],[-8.72742,42.2168],[-8.72831,42.21644],[-8.72929,42.21646],[-8.73001,42.21621],[-8.73001,42.21591],[-8.73026,42.21553],[-8.73034,42.21497],[-8.73117,42.21472],[-8.73126,42.21409],[-8.73209,42.2129],[-8.73222,42.21287]]]}},{"type":"Feature","properties":{"id":"3605705006"},"geometry":{"type":"Polygon","coordinates":[[[-8.73222,42.21287],[-8.73212,42.21028],[-8.73323,42.21001],[-8.7334,42.21046],[-8.73335,42.21155],[-8.73403,42.2115],[-8.73403,42.21226],[-8.73338,42.21263],[-8.73291,42.21262],[-8.73222,42.21287]]]}},{"type":"Feature","properties":{"id":"3605705007"},"geometry":{"type":"Polygon","coordinates":[[[-8.73403,42.21226],[-8.73403,42.21151],[-8.73797,42.21123],[-8.73791,42.21164],[-8.73719,42.21173],[-8.73686,42.21198],[-8.73631,42.21218],[-8.73524,42.21215],[-8.73403,42.21226]]]}},{"type":"Feature","properties":{"id":"3605705008"},"geometry":{"type":"Polygon","coordinates":[[[-8.73216,42.21137],[-8.73034,42.21021],[-8.72916,42.21003],[-8.72843,42.2101],[-8.72847,42.21],[-8.7292,42.20912],[-8.7297,42.20896],[-8.73077,42.209],[-8.73067,42.20865],[-8.73093,42.20861],[-8.73139,42.20826],[-8.73128,42.20803],[-8.73425,42.20733],[-8.73443,42.20771],[-8.73518,42.20788],[-8.7366,42.21132],[-8.73335,42.21155],[-8.7334,42.21046],[-8.73323,42.21001],[-8.73212,42.21028],[-8.73216,42.21137]]]}},{"type":"Feature","properties":{"id":"3605705009"},"geometry":{"type":"Polygon","coordinates":[[[-8.71988,42.20332],[-8.71951,42.20265],[-8.71932,42.20263],[-8.71833,42.20303],[-8.71767,42.20317],[-8.7154,42.20338],[-8.71563,42.2027],[-8.71643,42.20206],[-8.71695,42.2011],[-8.71713,42.20122],[-8.71779,42.20107],[-8.71865,42.19999],[-8.71932,42.19969],[-8.71922,42.19934],[-8.71928,42.19903],[-8.71909,42.19889],[-8.71872,42.19817],[-8.71816,42.19766],[-8.71793,42.19717],[-8.7181,42.19644],[-8.71876,42.1959],[-8.71846,42.1962],[-8.71973,42.19675],[-8.72037,42.19678],[-8.72085,42.19629],[-8.7211,42.1963],[-8.72119,42.19655],[-8.7218,42.1966],[-8.7225,42.19746],[-8.72476,42.19904],[-8.72587,42.20086],[-8.72663,42.20156],[-8.72694,42.20202],[-8.72852,42.20314],[-8.72972,42.20456],[-8.73042,42.20472],[-8.73063,42.20508],[-8.73069,42.20557],[-8.73112,42.20555],[-8.73247,42.20637],[-8.73235,42.20662],[-8.7324,42.20678],[-8.73404,42.20728],[-8.73397,42.20739],[-8.73128,42.20803],[-8.73139,42.20826],[-8.73093,42.20861],[-8.73067,42.20865],[-8.73077,42.209],[-8.7297,42.20896],[-8.7292,42.20912],[-8.72874,42.20958],[-8.72843,42.2101],[-8.72801,42.21041],[-8.72624,42.20936],[-8.7258,42.20899],[-8.72639,42.20819],[-8.72645,42.20793],[-8.72627,42.20731],[-8.72565,42.20642],[-8.72491,42.20592],[-8.72417,42.20507],[-8.72429,42.20471],[-8.72426,42.20416],[-8.72409,42.20333],[-8.72375,42.20289],[-8.72348,42.20203],[-8.72377,42.20105],[-8.72283,42.20126],[-8.72204,42.20159],[-8.72078,42.20343],[-8.71988,42.20332]]]}},{"type":"Feature","properties":{"id":"3605705010"},"geometry":{"type":"Polygon","coordinates":[[[-8.71884,42.21798],[-8.71827,42.21736],[-8.71764,42.21704],[-8.7185,42.21679],[-8.71829,42.21649],[-8.71767,42.21614],[-8.71723,42.21557],[-8.71713,42.21497],[-8.71751,42.21455],[-8.71744,42.21429],[-8.71691,42.21426],[-8.71641,42.21405],[-8.71668,42.21298],[-8.71658,42.21234],[-8.71633,42.21146],[-8.71582,42.21105],[-8.71535,42.21094],[-8.71501,42.20993],[-8.71473,42.20956],[-8.71484,42.20867],[-8.71434,42.20817],[-8.71427,42.20794],[-8.71437,42.2077],[-8.71469,42.20755],[-8.71433,42.20624],[-8.71602,42.20527],[-8.7173,42.20319],[-8.71823,42.20306],[-8.71932,42.20263],[-8.71951,42.20265],[-8.71988,42.20332],[-8.72078,42.20343],[-8.72204,42.20159],[-8.72283,42.20126],[-8.72377,42.20105],[-8.72348,42.20203],[-8.72375,42.20289],[-8.72409,42.20333],[-8.72426,42.20416],[-8.72429,42.20471],[-8.72417,42.20507],[-8.72491,42.20592],[-8.72565,42.20642],[-8.72627,42.20731],[-8.72647,42.20804],[-8.7258,42.20899],[-8.72543,42.20882],[-8.72499,42.20887],[-8.72501,42.20974],[-8.72472,42.21007],[-8.72453,42.21011],[-8.72449,42.21048],[-8.72396,42.21113],[-8.72393,42.21131],[-8.72402,42.21136],[-8.72357,42.21288],[-8.72377,42.21317],[-8.72375,42.21339],[-8.7234,42.21384],[-8.72279,42.21425],[-8.72256,42.21431],[-8.72246,42.21448],[-8.72252,42.21458],[-8.72213,42.21497],[-8.72198,42.21615],[-8.72123,42.21621],[-8.72087,42.21587],[-8.72023,42.21618],[-8.72039,42.21653],[-8.72034,42.21697],[-8.71969,42.21808],[-8.71969,42.21823],[-8.7199,42.21839],[-8.71917,42.21819],[-8.71884,42.21798]]]}},{"type":"Feature","properties":{"id":"3605705011"},"geometry":{"type":"Polygon","coordinates":[[[-8.70601,42.22041],[-8.70243,42.21738],[-8.70266,42.2172],[-8.70231,42.21686],[-8.70232,42.2167],[-8.70273,42.21643],[-8.70309,42.21652],[-8.70308,42.21627],[-8.70335,42.21598],[-8.70368,42.21582],[-8.70369,42.21567],[-8.70386,42.21557],[-8.70449,42.2155],[-8.70522,42.2153],[-8.70563,42.21502],[-8.70648,42.21521],[-8.7066,42.21517],[-8.70698,42.21488],[-8.70666,42.21444],[-8.70644,42.21387],[-8.70772,42.21361],[-8.70848,42.2129],[-8.70897,42.2126],[-8.70938,42.21249],[-8.71022,42.21197],[-8.7111,42.21208],[-8.71289,42.21167],[-8.71271,42.21122],[-8.71177,42.21153],[-8.71155,42.21116],[-8.71065,42.21083],[-8.71036,42.21046],[-8.71052,42.20971],[-8.71042,42.20933],[-8.71056,42.20861],[-8.71049,42.20804],[-8.71062,42.20772],[-8.71065,42.2065],[-8.71092,42.20605],[-8.71203,42.20616],[-8.71305,42.2064],[-8.71432,42.20623],[-8.71469,42.20755],[-8.71437,42.2077],[-8.71427,42.20794],[-8.71434,42.20817],[-8.71484,42.20867],[-8.71473,42.20956],[-8.71501,42.20993],[-8.71535,42.21094],[-8.71582,42.21105],[-8.71633,42.21146],[-8.71668,42.21298],[-8.71641,42.21405],[-8.71691,42.21426],[-8.71744,42.21429],[-8.7175,42.21442],[-8.71751,42.21455],[-8.71713,42.21497],[-8.71723,42.21557],[-8.71767,42.21614],[-8.71829,42.21649],[-8.7185,42.21679],[-8.71764,42.21704],[-8.71827,42.21736],[-8.71861,42.21778],[-8.71847,42.21806],[-8.71859,42.21842],[-8.7182,42.21852],[-8.71756,42.21935],[-8.7172,42.21949],[-8.71717,42.22001],[-8.71691,42.22026],[-8.71654,42.22038],[-8.71525,42.22114],[-8.71451,42.22211],[-8.71364,42.22138],[-8.7131,42.22067],[-8.71213,42.22039],[-8.71185,42.2216],[-8.7113,42.22234],[-8.70897,42.22053],[-8.70845,42.22045],[-8.70601,42.22041]]]}},{"type":"Feature","properties":{"id":"3605705012"},"geometry":{"type":"Polygon","coordinates":[[[-8.70243,42.21738],[-8.70138,42.2164],[-8.70142,42.21627],[-8.70107,42.21618],[-8.69856,42.21421],[-8.69755,42.21384],[-8.69765,42.21356],[-8.69691,42.21336],[-8.69662,42.21336],[-8.69622,42.21313],[-8.69513,42.21299],[-8.69551,42.21247],[-8.69593,42.21245],[-8.69674,42.21216],[-8.69704,42.21218],[-8.69711,42.21227],[-8.69767,42.2122],[-8.69806,42.21171],[-8.69831,42.21176],[-8.6983,42.21044],[-8.69838,42.21041],[-8.69954,42.21045],[-8.69958,42.21098],[-8.69995,42.21097],[-8.70008,42.2102],[-8.70047,42.20999],[-8.70063,42.20941],[-8.70105,42.20942],[-8.70148,42.20924],[-8.70178,42.2089],[-8.70193,42.20843],[-8.7034,42.20818],[-8.7035,42.20784],[-8.70383,42.20779],[-8.70375,42.20769],[-8.70471,42.20766],[-8.70703,42.20736],[-8.70704,42.2071],[-8.70766,42.20707],[-8.70928,42.20624],[-8.71046,42.20605],[-8.71092,42.20605],[-8.71065,42.2065],[-8.71062,42.20772],[-8.71049,42.20804],[-8.71056,42.20861],[-8.71042,42.20933],[-8.71052,42.20971],[-8.71036,42.21046],[-8.71065,42.21083],[-8.71155,42.21116],[-8.71177,42.21153],[-8.71271,42.21122],[-8.71289,42.21167],[-8.7111,42.21208],[-8.71022,42.21197],[-8.70938,42.21249],[-8.70897,42.2126],[-8.70848,42.2129],[-8.70772,42.21361],[-8.70644,42.21387],[-8.70666,42.21444],[-8.70698,42.21488],[-8.70654,42.21521],[-8.70563,42.21502],[-8.70522,42.2153],[-8.70373,42.21563],[-8.70368,42.21582],[-8.70335,42.21598],[-8.70308,42.21627],[-8.70309,42.21652],[-8.70273,42.21643],[-8.70235,42.21667],[-8.70231,42.21686],[-8.70266,42.2172],[-8.70243,42.21738]]]}},{"type":"Feature","properties":{"id":"3605706001"},"geometry":{"type":"Polygon","coordinates":[[[-8.70954,42.24425],[-8.70667,42.24277],[-8.70678,42.24182],[-8.70789,42.24032],[-8.70748,42.24019],[-8.70715,42.24021],[-8.70694,42.24032],[-8.70662,42.24073],[-8.70642,42.24077],[-8.70624,42.24072],[-8.70592,42.24031],[-8.70489,42.24127],[-8.70478,42.24108],[-8.70409,42.24084],[-8.70494,42.23905],[-8.70589,42.23789],[-8.70658,42.23782],[-8.70726,42.23813],[-8.70778,42.23854],[-8.70811,42.23861],[-8.71006,42.23964],[-8.71167,42.2421],[-8.71098,42.24369],[-8.71055,42.24367],[-8.7105,42.24379],[-8.71037,42.24375],[-8.70978,42.24411],[-8.71019,42.24445],[-8.70997,42.24534],[-8.70985,42.24532],[-8.71006,42.24449],[-8.70968,42.24416],[-8.70954,42.24425]]]}},{"type":"Feature","properties":{"id":"3605706002"},"geometry":{"type":"Polygon","coordinates":[[[-8.70489,42.24127],[-8.70592,42.24031],[-8.70624,42.24072],[-8.70642,42.24077],[-8.70662,42.24073],[-8.70694,42.24032],[-8.70715,42.24021],[-8.70748,42.24019],[-8.70789,42.24032],[-8.70689,42.24165],[-8.70579,42.24136],[-8.70577,42.24142],[-8.70489,42.24127]]]}},{"type":"Feature","properties":{"id":"3605706003"},"geometry":{"type":"Polygon","coordinates":[[[-8.70308,42.24902],[-8.70281,42.24887],[-8.70256,42.24822],[-8.70201,42.24744],[-8.70288,42.2472],[-8.70365,42.24711],[-8.7043,42.24665],[-8.70425,42.24657],[-8.70466,42.24621],[-8.70491,42.24575],[-8.70485,42.24542],[-8.70447,42.24507],[-8.70387,42.24473],[-8.70353,42.24438],[-8.70382,42.24422],[-8.70404,42.24434],[-8.70427,42.24418],[-8.70422,42.24414],[-8.70504,42.24373],[-8.70531,42.24368],[-8.70527,42.24362],[-8.70563,42.24366],[-8.70659,42.24295],[-8.70667,42.24277],[-8.70954,42.24425],[-8.70926,42.2444],[-8.709,42.24626],[-8.70915,42.24669],[-8.71011,42.24679],[-8.71012,42.24653],[-8.71034,42.24654],[-8.7102,42.24921],[-8.70538,42.24911],[-8.70505,42.2489],[-8.70364,42.24844],[-8.70308,42.24902]]]}},{"type":"Feature","properties":{"id":"3605706004"},"geometry":{"type":"Polygon","coordinates":[[[-8.7015,42.24688],[-8.70075,42.24643],[-8.70163,42.24584],[-8.70257,42.24488],[-8.70279,42.24483],[-8.70353,42.24438],[-8.70387,42.24473],[-8.70447,42.24507],[-8.70493,42.24555],[-8.70489,42.24587],[-8.70466,42.24621],[-8.70425,42.24657],[-8.7043,42.24665],[-8.70365,42.24711],[-8.70288,42.2472],[-8.70195,42.24744],[-8.70148,42.2473],[-8.7015,42.24688]]]}},{"type":"Feature","properties":{"id":"3605706005"},"geometry":{"type":"Polygon","coordinates":[[[-8.69882,42.24698],[-8.69785,42.2461],[-8.69769,42.24578],[-8.69793,42.24566],[-8.69838,42.24614],[-8.69943,42.2458],[-8.70013,42.2459],[-8.70095,42.24657],[-8.69809,42.24835],[-8.69758,42.24801],[-8.69794,42.24761],[-8.69882,42.24698]]]}},{"type":"Feature","properties":{"id":"3605706006"},"geometry":{"type":"Polygon","coordinates":[[[-8.69809,42.24835],[-8.69996,42.24716],[-8.70038,42.24803],[-8.70043,42.24918],[-8.69999,42.24956],[-8.69809,42.24835]]]}},{"type":"Feature","properties":{"id":"3605706007"},"geometry":{"type":"Polygon","coordinates":[[[-8.69999,42.24956],[-8.70043,42.24918],[-8.70044,42.24899],[-8.70038,42.24803],[-8.69996,42.24716],[-8.70094,42.24657],[-8.7015,42.24688],[-8.70148,42.2473],[-8.70202,42.24746],[-8.70256,42.24822],[-8.70281,42.24887],[-8.70308,42.24902],[-8.703,42.24928],[-8.7028,42.24969],[-8.70243,42.24977],[-8.70195,42.25004],[-8.70169,42.25068],[-8.69999,42.24956]]]}},{"type":"Feature","properties":{"id":"3605706008"},"geometry":{"type":"Polygon","coordinates":[[[-8.70053,42.252],[-8.70124,42.25215],[-8.70124,42.25234],[-8.70166,42.25251],[-8.70271,42.25272],[-8.70279,42.25211],[-8.70266,42.25125],[-8.70149,42.25099],[-8.70195,42.25004],[-8.70243,42.24977],[-8.7028,42.24969],[-8.7031,42.24898],[-8.70364,42.24844],[-8.70505,42.2489],[-8.70538,42.24911],[-8.7102,42.24921],[-8.71008,42.25063],[-8.7099,42.25062],[-8.70991,42.25042],[-8.7062,42.25033],[-8.70617,42.25103],[-8.70686,42.25104],[-8.70686,42.2512],[-8.7053,42.25118],[-8.70529,42.25153],[-8.70587,42.25158],[-8.70587,42.2517],[-8.70752,42.25174],[-8.70752,42.25181],[-8.70721,42.2518],[-8.70718,42.25206],[-8.70703,42.25206],[-8.70695,42.2519],[-8.70558,42.25192],[-8.7056,42.25293],[-8.70521,42.25319],[-8.70516,42.2535],[-8.70533,42.25361],[-8.7059,42.25364],[-8.70577,42.25378],[-8.70592,42.25385],[-8.70593,42.25443],[-8.70615,42.25483],[-8.70359,42.25506],[-8.70344,42.25414],[-8.70288,42.25392],[-8.70194,42.25408],[-8.69956,42.25376],[-8.69957,42.25346],[-8.70034,42.2535],[-8.70064,42.25315],[-8.70055,42.25273],[-8.70029,42.25264],[-8.70039,42.25249],[-8.70023,42.25242],[-8.70053,42.252]]]}},{"type":"Feature","properties":{"id":"3605706009"},"geometry":{"type":"Polygon","coordinates":[[[-8.70053,42.252],[-8.6993,42.252],[-8.69882,42.2519],[-8.69846,42.2517],[-8.69798,42.25178],[-8.69732,42.25132],[-8.69726,42.2512],[-8.69751,42.25115],[-8.69795,42.25086],[-8.69846,42.25079],[-8.69813,42.24998],[-8.6981,42.24953],[-8.69819,42.2495],[-8.69809,42.24835],[-8.70169,42.25068],[-8.70149,42.25099],[-8.70266,42.25125],[-8.70279,42.25211],[-8.70271,42.25272],[-8.70166,42.25251],[-8.70124,42.25234],[-8.70124,42.25215],[-8.70053,42.252]]]}},{"type":"Feature","properties":{"id":"3605706010"},"geometry":{"type":"Polygon","coordinates":[[[-8.69788,42.26001],[-8.69782,42.2596],[-8.69756,42.25941],[-8.69767,42.25875],[-8.69762,42.25837],[-8.69708,42.2581],[-8.69637,42.25722],[-8.6956,42.2568],[-8.69566,42.25608],[-8.69435,42.25418],[-8.694,42.25409],[-8.69378,42.25415],[-8.69366,42.25399],[-8.69332,42.25386],[-8.6942,42.25229],[-8.69461,42.25241],[-8.69532,42.25236],[-8.69544,42.25202],[-8.69671,42.25147],[-8.69694,42.25178],[-8.69767,42.25151],[-8.69798,42.25178],[-8.69846,42.2517],[-8.69882,42.2519],[-8.6993,42.252],[-8.70053,42.252],[-8.70023,42.25242],[-8.70039,42.25249],[-8.70029,42.25264],[-8.70055,42.25273],[-8.70064,42.25315],[-8.70034,42.2535],[-8.69957,42.25346],[-8.69956,42.25376],[-8.70194,42.25408],[-8.70288,42.25392],[-8.70344,42.25414],[-8.70359,42.25506],[-8.70615,42.25483],[-8.70646,42.25492],[-8.70668,42.25485],[-8.70683,42.25521],[-8.70698,42.25522],[-8.70713,42.25539],[-8.70699,42.25548],[-8.70696,42.25581],[-8.70706,42.25639],[-8.70678,42.25667],[-8.70626,42.25628],[-8.70571,42.25548],[-8.70536,42.25567],[-8.70538,42.25585],[-8.70475,42.25684],[-8.70454,42.25741],[-8.70403,42.25792],[-8.70382,42.25846],[-8.70343,42.25863],[-8.70329,42.25887],[-8.70338,42.2592],[-8.70288,42.25987],[-8.70172,42.26014],[-8.70118,42.26008],[-8.70122,42.25987],[-8.701,42.25978],[-8.69967,42.25956],[-8.69919,42.25967],[-8.69854,42.26007],[-8.69818,42.25993],[-8.69788,42.26001]]]}},{"type":"Feature","properties":{"id":"3605706011"},"geometry":{"type":"Polygon","coordinates":[[[-8.68939,42.25812],[-8.68868,42.25613],[-8.68907,42.25561],[-8.69032,42.2548],[-8.69066,42.25442],[-8.69117,42.25446],[-8.6913,42.25437],[-8.69113,42.25378],[-8.69118,42.25347],[-8.68991,42.25262],[-8.69053,42.25213],[-8.69089,42.25222],[-8.69104,42.25183],[-8.69107,42.25082],[-8.6916,42.25115],[-8.69208,42.25132],[-8.69281,42.25138],[-8.69292,42.25164],[-8.69313,42.25178],[-8.6942,42.25229],[-8.69332,42.25386],[-8.69366,42.25399],[-8.69378,42.25415],[-8.694,42.25409],[-8.69435,42.25418],[-8.69566,42.25608],[-8.6956,42.2568],[-8.69637,42.25722],[-8.69708,42.2581],[-8.69762,42.25837],[-8.69767,42.25875],[-8.69756,42.25941],[-8.69782,42.2596],[-8.69788,42.26001],[-8.6977,42.25995],[-8.69745,42.26001],[-8.69738,42.26014],[-8.69723,42.26005],[-8.6969,42.26016],[-8.69533,42.26146],[-8.69634,42.26047],[-8.69676,42.2599],[-8.69501,42.25785],[-8.69502,42.25771],[-8.69484,42.25766],[-8.69476,42.25782],[-8.69465,42.25779],[-8.69471,42.25764],[-8.69405,42.25748],[-8.69366,42.25786],[-8.69308,42.25809],[-8.69229,42.25977],[-8.69209,42.25973],[-8.69255,42.2587],[-8.69256,42.25803],[-8.69272,42.25728],[-8.69258,42.25723],[-8.69248,42.25739],[-8.69227,42.25742],[-8.69208,42.25777],[-8.69185,42.25771],[-8.6919,42.25761],[-8.6915,42.2575],[-8.69156,42.25732],[-8.69147,42.2572],[-8.69133,42.25715],[-8.69126,42.2573],[-8.69121,42.25711],[-8.69072,42.25704],[-8.69046,42.25765],[-8.68939,42.25812]]]}},{"type":"Feature","properties":{"id":"3605706012"},"geometry":{"type":"Polygon","coordinates":[[[-8.67732,42.26449],[-8.67656,42.26372],[-8.67692,42.26334],[-8.67715,42.26266],[-8.67802,42.26195],[-8.67798,42.26161],[-8.67617,42.25987],[-8.67559,42.25917],[-8.67545,42.25884],[-8.67462,42.25788],[-8.67632,42.25736],[-8.6804,42.25459],[-8.6823,42.25382],[-8.68252,42.25358],[-8.68265,42.25323],[-8.68277,42.25389],[-8.68314,42.25433],[-8.6828,42.25463],[-8.68292,42.25484],[-8.68405,42.25515],[-8.68408,42.25539],[-8.68544,42.25535],[-8.68595,42.25548],[-8.68628,42.25577],[-8.68669,42.25583],[-8.68757,42.25654],[-8.68868,42.25613],[-8.68957,42.25867],[-8.68912,42.25875],[-8.68919,42.25899],[-8.6896,42.25893],[-8.68995,42.26001],[-8.68965,42.2601],[-8.68939,42.26002],[-8.68936,42.25996],[-8.68948,42.25992],[-8.68924,42.25918],[-8.68912,42.25919],[-8.689,42.25878],[-8.68873,42.25883],[-8.68866,42.25863],[-8.68839,42.25868],[-8.68873,42.25975],[-8.68852,42.25979],[-8.68818,42.25871],[-8.68727,42.25884],[-8.68735,42.25905],[-8.68672,42.25916],[-8.68694,42.25978],[-8.68555,42.26053],[-8.6851,42.26016],[-8.68472,42.26029],[-8.68456,42.2605],[-8.6849,42.26083],[-8.68458,42.26119],[-8.68436,42.26127],[-8.68416,42.26165],[-8.68404,42.26153],[-8.68176,42.26304],[-8.68111,42.26322],[-8.6808,42.2636],[-8.68092,42.26375],[-8.68029,42.26419],[-8.67913,42.2638],[-8.67846,42.2645],[-8.67743,42.26512],[-8.67708,42.26472],[-8.67732,42.26449]]]}},{"type":"Feature","properties":{"id":"3605706013"},"geometry":{"type":"Polygon","coordinates":[[[-8.67632,42.25736],[-8.67462,42.25788],[-8.67364,42.25677],[-8.67303,42.25544],[-8.67277,42.25535],[-8.67261,42.25506],[-8.67233,42.25501],[-8.67203,42.2548],[-8.67152,42.25396],[-8.67065,42.25336],[-8.66979,42.25208],[-8.66944,42.2509],[-8.66918,42.25062],[-8.66878,42.25048],[-8.66763,42.25038],[-8.68577,42.24406],[-8.68546,42.24452],[-8.68536,42.2451],[-8.68468,42.24492],[-8.68449,42.24502],[-8.68389,42.24648],[-8.68359,42.24664],[-8.6834,42.24706],[-8.68332,42.24808],[-8.68341,42.24841],[-8.68335,42.24885],[-8.68378,42.24952],[-8.68415,42.24934],[-8.68437,42.24936],[-8.68522,42.24979],[-8.68559,42.25017],[-8.68304,42.25252],[-8.68268,42.25295],[-8.68252,42.25358],[-8.6823,42.25382],[-8.6804,42.25459],[-8.67632,42.25736]]]}},{"type":"Feature","properties":{"id":"3605706014"},"geometry":{"type":"Polygon","coordinates":[[[-8.68264,42.25326],[-8.68268,42.25295],[-8.68304,42.25252],[-8.68568,42.25009],[-8.68647,42.2508],[-8.68713,42.2504],[-8.6885,42.24991],[-8.68968,42.24972],[-8.69046,42.24988],[-8.6908,42.25041],[-8.69059,42.25068],[-8.69106,42.25089],[-8.69104,42.25183],[-8.69089,42.25222],[-8.69053,42.25213],[-8.68991,42.25262],[-8.69118,42.25347],[-8.69113,42.25378],[-8.6913,42.25437],[-8.69117,42.25446],[-8.69066,42.25442],[-8.69032,42.2548],[-8.68907,42.25561],[-8.68859,42.25622],[-8.68757,42.25654],[-8.68669,42.25583],[-8.68628,42.25577],[-8.68595,42.25548],[-8.68544,42.25535],[-8.68408,42.25539],[-8.68405,42.25515],[-8.68292,42.25484],[-8.6828,42.25463],[-8.68314,42.25433],[-8.68284,42.25404],[-8.68264,42.25326]]]}},{"type":"Feature","properties":{"id":"3605706015"},"geometry":{"type":"Polygon","coordinates":[[[-8.68559,42.25017],[-8.68522,42.24979],[-8.68437,42.24936],[-8.68415,42.24934],[-8.68378,42.24952],[-8.68332,42.24868],[-8.68341,42.24841],[-8.68332,42.24808],[-8.6834,42.24706],[-8.68359,42.24664],[-8.68389,42.24648],[-8.68456,42.24493],[-8.68536,42.2451],[-8.68546,42.24452],[-8.68577,42.24406],[-8.6915,42.24203],[-8.69151,42.24213],[-8.69262,42.24219],[-8.69277,42.24232],[-8.69302,42.24236],[-8.69426,42.24211],[-8.69467,42.24259],[-8.69425,42.24357],[-8.69412,42.24476],[-8.69474,42.24512],[-8.69157,42.24767],[-8.69209,42.24823],[-8.69284,42.24868],[-8.69175,42.24914],[-8.68963,42.24957],[-8.68968,42.24973],[-8.68809,42.25003],[-8.68713,42.2504],[-8.68647,42.2508],[-8.68568,42.25009],[-8.68559,42.25017]]]}},{"type":"Feature","properties":{"id":"3605706016"},"geometry":{"type":"Polygon","coordinates":[[[-8.69306,42.2514],[-8.69208,42.25132],[-8.6916,42.25115],[-8.69107,42.25082],[-8.69106,42.25089],[-8.69059,42.25068],[-8.6908,42.25041],[-8.69046,42.24988],[-8.68968,42.24972],[-8.68963,42.24957],[-8.69175,42.24914],[-8.69284,42.24868],[-8.69209,42.24823],[-8.69157,42.24767],[-8.69269,42.24676],[-8.69465,42.2487],[-8.69438,42.24886],[-8.69453,42.24972],[-8.69528,42.25015],[-8.69434,42.25099],[-8.69306,42.2514]]]}},{"type":"Feature","properties":{"id":"3605706017"},"geometry":{"type":"Polygon","coordinates":[[[-8.69461,42.25241],[-8.69313,42.25178],[-8.69292,42.25164],[-8.69281,42.25138],[-8.69306,42.2514],[-8.69434,42.25099],[-8.69541,42.25004],[-8.69809,42.24835],[-8.69819,42.2495],[-8.6981,42.24953],[-8.69813,42.24998],[-8.69846,42.25079],[-8.698,42.25084],[-8.69751,42.25115],[-8.69726,42.2512],[-8.69735,42.25135],[-8.69767,42.25151],[-8.69694,42.25178],[-8.69671,42.25147],[-8.69655,42.25151],[-8.69544,42.25202],[-8.69532,42.25236],[-8.69461,42.25241]]]}},{"type":"Feature","properties":{"id":"3605706018"},"geometry":{"type":"Polygon","coordinates":[[[-8.69438,42.24886],[-8.69616,42.24757],[-8.69621,42.24788],[-8.69637,42.24789],[-8.69634,42.24782],[-8.69745,42.24796],[-8.69746,42.24806],[-8.69763,42.24807],[-8.69807,42.24835],[-8.69528,42.25015],[-8.69453,42.24972],[-8.69438,42.24886]]]}},{"type":"Feature","properties":{"id":"3605706019"},"geometry":{"type":"Polygon","coordinates":[[[-8.69269,42.24676],[-8.69575,42.2443],[-8.69742,42.24545],[-8.69809,42.24636],[-8.69882,42.24698],[-8.69794,42.24761],[-8.69758,42.24801],[-8.69763,42.24807],[-8.69746,42.24806],[-8.69745,42.24796],[-8.69634,42.24782],[-8.69637,42.24789],[-8.69621,42.24788],[-8.69616,42.24757],[-8.69465,42.2487],[-8.69269,42.24676]]]}},{"type":"Feature","properties":{"id":"3605706020"},"geometry":{"type":"Polygon","coordinates":[[[-8.69575,42.2443],[-8.69734,42.24303],[-8.69762,42.24285],[-8.69772,42.24316],[-8.69752,42.24333],[-8.69688,42.24441],[-8.69687,42.24461],[-8.69663,42.24487],[-8.69575,42.2443]]]}},{"type":"Feature","properties":{"id":"3605706021"},"geometry":{"type":"Polygon","coordinates":[[[-8.70017,42.2408],[-8.7006,42.24119],[-8.70177,42.24114],[-8.7018,42.24141],[-8.70092,42.24234],[-8.69767,42.24282],[-8.70017,42.2408]]]}},{"type":"Feature","properties":{"id":"3605706022"},"geometry":{"type":"Polygon","coordinates":[[[-8.70034,42.24244],[-8.70052,42.24267],[-8.70037,42.24269],[-8.7005,42.2432],[-8.70056,42.24308],[-8.70138,42.24295],[-8.70165,42.24294],[-8.70167,42.24314],[-8.69839,42.24428],[-8.69763,42.24466],[-8.69699,42.24514],[-8.69663,42.24487],[-8.69687,42.24461],[-8.69688,42.24441],[-8.69752,42.24333],[-8.69772,42.24316],[-8.69762,42.24285],[-8.70034,42.24244]]]}},{"type":"Feature","properties":{"id":"3605706023"},"geometry":{"type":"Polygon","coordinates":[[[-8.70013,42.2459],[-8.69943,42.2458],[-8.69838,42.24614],[-8.69793,42.24566],[-8.69771,42.24576],[-8.69699,42.24514],[-8.69763,42.24466],[-8.69839,42.24428],[-8.70167,42.24314],[-8.70161,42.24305],[-8.70242,42.2426],[-8.70312,42.24208],[-8.70361,42.24157],[-8.70402,42.24082],[-8.70478,42.24108],[-8.70494,42.24132],[-8.70577,42.24142],[-8.70579,42.24136],[-8.70689,42.24165],[-8.70675,42.24195],[-8.70666,42.24288],[-8.70563,42.24365],[-8.70527,42.24362],[-8.70531,42.24368],[-8.70504,42.24373],[-8.70422,42.24414],[-8.70427,42.24418],[-8.70404,42.24434],[-8.70382,42.24422],[-8.70279,42.24483],[-8.70257,42.24488],[-8.70163,42.24584],[-8.70075,42.24643],[-8.70013,42.2459]]]}},{"type":"Feature","properties":{"id":"3605706024"},"geometry":{"type":"Polygon","coordinates":[[[-8.70048,42.24318],[-8.70053,42.24307],[-8.70037,42.24269],[-8.70052,42.24267],[-8.70034,42.24244],[-8.70092,42.24234],[-8.70255,42.24063],[-8.70387,42.24109],[-8.70361,42.24157],[-8.70312,42.24208],[-8.70214,42.24278],[-8.70161,42.24305],[-8.70165,42.24294],[-8.70127,42.24296],[-8.70056,42.24308],[-8.70048,42.24318]]]}},{"type":"Feature","properties":{"id":"3605706025"},"geometry":{"type":"Polygon","coordinates":[[[-8.70387,42.24109],[-8.70255,42.24063],[-8.70385,42.23911],[-8.7041,42.23916],[-8.70447,42.24007],[-8.70387,42.24109]]]}},{"type":"Feature","properties":{"id":"3605707001"},"geometry":{"type":"Polygon","coordinates":[[[-8.7029,42.23559],[-8.70396,42.2354],[-8.70443,42.2351],[-8.70483,42.236],[-8.7043,42.23697],[-8.70428,42.23744],[-8.70336,42.23751],[-8.70278,42.23651],[-8.70283,42.23606],[-8.7027,42.23593],[-8.7029,42.23559]]]}},{"type":"Feature","properties":{"id":"3605707002"},"geometry":{"type":"Polygon","coordinates":[[[-8.70382,42.23914],[-8.7038,42.23876],[-8.70336,42.23751],[-8.70428,42.23744],[-8.7043,42.23697],[-8.70483,42.236],[-8.70507,42.23725],[-8.70553,42.23737],[-8.70572,42.23791],[-8.70585,42.23792],[-8.70494,42.23905],[-8.70447,42.24007],[-8.7041,42.23916],[-8.70382,42.23914]]]}},{"type":"Feature","properties":{"id":"3605707003"},"geometry":{"type":"Polygon","coordinates":[[[-8.7018,42.24141],[-8.70177,42.24114],[-8.7006,42.24119],[-8.70017,42.2408],[-8.70088,42.24013],[-8.70118,42.23957],[-8.7013,42.239],[-8.7011,42.23841],[-8.70167,42.23831],[-8.70256,42.23839],[-8.70255,42.23859],[-8.70299,42.23863],[-8.70269,42.2392],[-8.70341,42.23969],[-8.7018,42.24141]]]}},{"type":"Feature","properties":{"id":"3605707004"},"geometry":{"type":"Polygon","coordinates":[[[-8.7011,42.23841],[-8.70073,42.2368],[-8.7008,42.23642],[-8.70144,42.23542],[-8.7028,42.23549],[-8.7029,42.23559],[-8.7027,42.23593],[-8.70283,42.23606],[-8.70278,42.23651],[-8.70331,42.23733],[-8.70368,42.23837],[-8.70382,42.23886],[-8.70373,42.23932],[-8.70341,42.23969],[-8.70307,42.23939],[-8.70281,42.23934],[-8.70268,42.23916],[-8.70299,42.23863],[-8.70255,42.23859],[-8.70256,42.23839],[-8.70167,42.23831],[-8.7011,42.23841]]]}},{"type":"Feature","properties":{"id":"3605707005"},"geometry":{"type":"Polygon","coordinates":[[[-8.69986,42.23327],[-8.70096,42.23298],[-8.70108,42.23361],[-8.70127,42.23364],[-8.70212,42.23275],[-8.70237,42.23263],[-8.70252,42.23368],[-8.70329,42.23356],[-8.70291,42.23423],[-8.70301,42.23483],[-8.7029,42.23486],[-8.70293,42.23501],[-8.70264,42.23509],[-8.7028,42.23549],[-8.70144,42.23542],[-8.7011,42.23594],[-8.70045,42.23575],[-8.69969,42.23583],[-8.6994,42.23577],[-8.69933,42.23482],[-8.70043,42.23442],[-8.69986,42.23327]]]}},{"type":"Feature","properties":{"id":"3605707006"},"geometry":{"type":"Polygon","coordinates":[[[-8.69986,42.23327],[-8.69995,42.2323],[-8.70042,42.23163],[-8.7007,42.23101],[-8.70219,42.23102],[-8.70237,42.23263],[-8.70212,42.23275],[-8.70127,42.23364],[-8.70108,42.23361],[-8.70096,42.23298],[-8.69986,42.23327]]]}},{"type":"Feature","properties":{"id":"3605707007"},"geometry":{"type":"Polygon","coordinates":[[[-8.70252,42.23368],[-8.70219,42.23102],[-8.70467,42.23105],[-8.70497,42.23223],[-8.70408,42.2322],[-8.70405,42.2334],[-8.70346,42.2334],[-8.70331,42.23356],[-8.70252,42.23368]]]}},{"type":"Feature","properties":{"id":"3605707008"},"geometry":{"type":"Polygon","coordinates":[[[-8.70405,42.2334],[-8.70408,42.2322],[-8.70681,42.23244],[-8.7074,42.23259],[-8.70667,42.23352],[-8.70405,42.2334]]]}},{"type":"Feature","properties":{"id":"3605707009"},"geometry":{"type":"Polygon","coordinates":[[[-8.70492,42.23227],[-8.70467,42.23105],[-8.70412,42.23104],[-8.70412,42.23091],[-8.70547,42.2306],[-8.7057,42.23035],[-8.70709,42.2304],[-8.70705,42.2325],[-8.70492,42.23227]]]}},{"type":"Feature","properties":{"id":"3605707010"},"geometry":{"type":"Polygon","coordinates":[[[-8.70705,42.2325],[-8.70709,42.2304],[-8.7087,42.23044],[-8.70824,42.23129],[-8.7092,42.23165],[-8.7074,42.23259],[-8.70705,42.2325]]]}},{"type":"Feature","properties":{"id":"3605707011"},"geometry":{"type":"Polygon","coordinates":[[[-8.7087,42.23044],[-8.7057,42.23035],[-8.70548,42.2298],[-8.70524,42.2295],[-8.70617,42.22918],[-8.70733,42.22921],[-8.70916,42.22974],[-8.7087,42.23044]]]}},{"type":"Feature","properties":{"id":"3605707012"},"geometry":{"type":"Polygon","coordinates":[[[-8.70321,42.23103],[-8.70336,42.22876],[-8.70336,42.22857],[-8.70382,42.22908],[-8.70434,42.22936],[-8.70429,42.22946],[-8.70462,42.22942],[-8.7053,42.22951],[-8.7057,42.23035],[-8.70547,42.2306],[-8.70412,42.23091],[-8.70412,42.23104],[-8.70321,42.23103]]]}},{"type":"Feature","properties":{"id":"3605707013"},"geometry":{"type":"Polygon","coordinates":[[[-8.70472,42.22943],[-8.70515,42.22875],[-8.70542,42.22865],[-8.70684,42.2282],[-8.70772,42.2284],[-8.70733,42.22921],[-8.70617,42.22918],[-8.70524,42.2295],[-8.70472,42.22943]]]}},{"type":"Feature","properties":{"id":"3605707014"},"geometry":{"type":"Polygon","coordinates":[[[-8.70344,42.22617],[-8.70502,42.22544],[-8.70571,42.2258],[-8.70638,42.22629],[-8.70705,42.22737],[-8.70815,42.2275],[-8.70772,42.2284],[-8.70684,42.2282],[-8.70515,42.22875],[-8.70523,42.22859],[-8.7044,42.22701],[-8.70362,42.2273],[-8.70341,42.22704],[-8.70344,42.22617]]]}},{"type":"Feature","properties":{"id":"3605707015"},"geometry":{"type":"Polygon","coordinates":[[[-8.70502,42.22544],[-8.70566,42.22515],[-8.70592,42.22533],[-8.7065,42.22527],[-8.70711,42.22548],[-8.70733,42.22591],[-8.70765,42.22593],[-8.70875,42.22625],[-8.70815,42.2275],[-8.70705,42.22737],[-8.70638,42.22629],[-8.70571,42.2258],[-8.70502,42.22544]]]}},{"type":"Feature","properties":{"id":"3605707016"},"geometry":{"type":"Polygon","coordinates":[[[-8.70566,42.22515],[-8.7066,42.22473],[-8.7082,42.22437],[-8.70847,42.22421],[-8.70899,42.22379],[-8.7091,42.22347],[-8.70867,42.22266],[-8.71065,42.22417],[-8.70925,42.22498],[-8.70875,42.22625],[-8.70765,42.22593],[-8.70733,42.22591],[-8.70711,42.22548],[-8.7065,42.22527],[-8.70592,42.22533],[-8.70566,42.22515]]]}},{"type":"Feature","properties":{"id":"3605707017"},"geometry":{"type":"Polygon","coordinates":[[[-8.70334,42.22898],[-8.70208,42.22938],[-8.702,42.22842],[-8.70166,42.22699],[-8.70344,42.22617],[-8.70341,42.22704],[-8.70362,42.2273],[-8.7044,42.22701],[-8.70524,42.22863],[-8.70472,42.22943],[-8.70429,42.22946],[-8.70434,42.22936],[-8.70382,42.22908],[-8.70336,42.22857],[-8.70334,42.22898]]]}},{"type":"Feature","properties":{"id":"3605707018"},"geometry":{"type":"Polygon","coordinates":[[[-8.70166,42.22699],[-8.702,42.22842],[-8.70208,42.22938],[-8.69988,42.2301],[-8.69983,42.22857],[-8.69993,42.22807],[-8.70041,42.22762],[-8.70166,42.22699]]]}},{"type":"Feature","properties":{"id":"3605707019"},"geometry":{"type":"Polygon","coordinates":[[[-8.70321,42.23103],[-8.7007,42.23101],[-8.70072,42.2302],[-8.7003,42.22994],[-8.70334,42.22898],[-8.70321,42.23103]]]}},{"type":"Feature","properties":{"id":"3605707020"},"geometry":{"type":"Polygon","coordinates":[[[-8.69429,42.23734],[-8.69448,42.23694],[-8.69545,42.23608],[-8.69602,42.23467],[-8.69657,42.23469],[-8.69738,42.23447],[-8.69825,42.23367],[-8.69986,42.23327],[-8.70043,42.23442],[-8.69933,42.23482],[-8.69937,42.23573],[-8.69969,42.23583],[-8.70045,42.23575],[-8.7011,42.23594],[-8.7008,42.23642],[-8.70073,42.2368],[-8.70127,42.23916],[-8.70101,42.23926],[-8.70039,42.23907],[-8.69792,42.23866],[-8.6974,42.23867],[-8.69616,42.23844],[-8.69573,42.23845],[-8.69535,42.23801],[-8.69442,42.23795],[-8.69429,42.23734]]]}},{"type":"Feature","properties":{"id":"3605707021"},"geometry":{"type":"Polygon","coordinates":[[[-8.69048,42.24241],[-8.69011,42.2417],[-8.68998,42.24105],[-8.69019,42.2407],[-8.69118,42.24051],[-8.69101,42.23986],[-8.69076,42.2396],[-8.6916,42.23937],[-8.69146,42.23919],[-8.69143,42.23834],[-8.69176,42.23704],[-8.69229,42.23702],[-8.69429,42.23734],[-8.69442,42.23795],[-8.69535,42.23801],[-8.69573,42.23845],[-8.69616,42.23844],[-8.6974,42.23867],[-8.69792,42.23866],[-8.70039,42.23907],[-8.70101,42.23926],[-8.70127,42.23916],[-8.70101,42.23995],[-8.70017,42.2408],[-8.69474,42.24512],[-8.69412,42.24476],[-8.69425,42.24357],[-8.69467,42.24259],[-8.69426,42.24211],[-8.69302,42.24236],[-8.69277,42.24232],[-8.69262,42.24219],[-8.69151,42.24213],[-8.6915,42.24203],[-8.69048,42.24241]]]}},{"type":"Feature","properties":{"id":"3605707022"},"geometry":{"type":"Polygon","coordinates":[[[-8.6774,42.24331],[-8.67827,42.24132],[-8.67925,42.23821],[-8.68009,42.23839],[-8.68145,42.23891],[-8.68235,42.2389],[-8.68268,42.23861],[-8.68359,42.23734],[-8.68451,42.23505],[-8.68512,42.2342],[-8.6856,42.23383],[-8.68612,42.23399],[-8.68718,42.23387],[-8.68876,42.23266],[-8.68919,42.23296],[-8.68931,42.23318],[-8.68914,42.23382],[-8.6892,42.23488],[-8.68904,42.23535],[-8.68879,42.23563],[-8.68936,42.23593],[-8.68972,42.23626],[-8.69285,42.23596],[-8.69347,42.23611],[-8.69316,42.23668],[-8.69362,42.23723],[-8.69229,42.23702],[-8.69176,42.23704],[-8.69143,42.23834],[-8.69146,42.23919],[-8.6916,42.23937],[-8.69076,42.2396],[-8.69101,42.23986],[-8.69118,42.24051],[-8.69019,42.2407],[-8.68998,42.24105],[-8.69011,42.2417],[-8.69048,42.24241],[-8.67735,42.24699],[-8.67706,42.24643],[-8.677,42.24551],[-8.67739,42.24394],[-8.6774,42.24331]]]}},{"type":"Feature","properties":{"id":"3605707023"},"geometry":{"type":"Polygon","coordinates":[[[-8.69362,42.23723],[-8.69316,42.23668],[-8.69347,42.23611],[-8.69325,42.23602],[-8.69285,42.23596],[-8.68972,42.23626],[-8.68936,42.23593],[-8.68879,42.23563],[-8.68904,42.23535],[-8.6892,42.23488],[-8.68914,42.23382],[-8.68931,42.23318],[-8.68919,42.23296],[-8.68876,42.23266],[-8.68718,42.23387],[-8.68612,42.23399],[-8.6856,42.23383],[-8.68642,42.23368],[-8.68708,42.23331],[-8.68726,42.23311],[-8.6873,42.23233],[-8.68744,42.23197],[-8.68775,42.23173],[-8.69032,42.23115],[-8.69075,42.23116],[-8.69155,42.23148],[-8.69442,42.23344],[-8.69584,42.23511],[-8.69545,42.23608],[-8.69448,42.23694],[-8.69429,42.23734],[-8.69362,42.23723]]]}},{"type":"Feature","properties":{"id":"3605707024"},"geometry":{"type":"Polygon","coordinates":[[[-8.68705,42.23333],[-8.68655,42.23233],[-8.68664,42.23209],[-8.68651,42.23203],[-8.68649,42.23186],[-8.68598,42.23151],[-8.68595,42.23128],[-8.68569,42.2312],[-8.68556,42.23103],[-8.68534,42.23044],[-8.68469,42.2307],[-8.68451,42.23063],[-8.68316,42.23077],[-8.68301,42.23039],[-8.68305,42.23008],[-8.68314,42.22979],[-8.68354,42.22952],[-8.68379,42.22947],[-8.69305,42.22977],[-8.69347,42.23002],[-8.69512,42.2314],[-8.69391,42.23205],[-8.69478,42.23265],[-8.69484,42.23327],[-8.69451,42.23354],[-8.69363,42.23283],[-8.69155,42.23148],[-8.69075,42.23116],[-8.69032,42.23115],[-8.68775,42.23173],[-8.68744,42.23197],[-8.6873,42.23233],[-8.68726,42.23311],[-8.68705,42.23333]]]}},{"type":"Feature","properties":{"id":"3605707025"},"geometry":{"type":"Polygon","coordinates":[[[-8.69451,42.23354],[-8.69484,42.23327],[-8.69478,42.23265],[-8.69391,42.23205],[-8.69512,42.2314],[-8.69609,42.23223],[-8.69646,42.23236],[-8.69695,42.23238],[-8.69791,42.23168],[-8.69892,42.23112],[-8.69955,42.23099],[-8.7007,42.23101],[-8.70042,42.23163],[-8.69995,42.2323],[-8.69986,42.23327],[-8.69825,42.23367],[-8.69738,42.23447],[-8.69657,42.23469],[-8.69602,42.23467],[-8.69584,42.23511],[-8.69451,42.23354]]]}},{"type":"Feature","properties":{"id":"3605707026"},"geometry":{"type":"Polygon","coordinates":[[[-8.69609,42.23223],[-8.69347,42.23002],[-8.69305,42.22977],[-8.6838,42.22947],[-8.68336,42.22942],[-8.68335,42.22921],[-8.68405,42.22843],[-8.68425,42.22837],[-8.68461,42.2284],[-8.68524,42.22824],[-8.68609,42.22835],[-8.68764,42.22836],[-8.68866,42.2282],[-8.68965,42.22841],[-8.69023,42.22825],[-8.69127,42.22775],[-8.69194,42.22762],[-8.69317,42.22757],[-8.69408,42.22777],[-8.69445,42.22798],[-8.6948,42.22773],[-8.69537,42.22811],[-8.69565,42.22873],[-8.69574,42.22955],[-8.6952,42.22966],[-8.69556,42.23022],[-8.69621,42.2307],[-8.69647,42.23066],[-8.69729,42.23078],[-8.69811,42.23067],[-8.69921,42.23038],[-8.7003,42.22994],[-8.70072,42.2302],[-8.7007,42.23101],[-8.69955,42.23099],[-8.69892,42.23112],[-8.69791,42.23168],[-8.69695,42.23238],[-8.69646,42.23236],[-8.69609,42.23223]]]}},{"type":"Feature","properties":{"id":"3605707027"},"geometry":{"type":"Polygon","coordinates":[[[-8.69647,42.23066],[-8.69654,42.23037],[-8.69722,42.22971],[-8.69752,42.22853],[-8.69773,42.22749],[-8.69736,42.22654],[-8.6978,42.22622],[-8.69948,42.22669],[-8.70033,42.22656],[-8.70119,42.22661],[-8.70131,42.22678],[-8.70167,42.22698],[-8.70025,42.22772],[-8.69989,42.22817],[-8.69988,42.2301],[-8.69921,42.23038],[-8.69811,42.23067],[-8.69729,42.23078],[-8.69647,42.23066]]]}},{"type":"Feature","properties":{"id":"3605707028"},"geometry":{"type":"Polygon","coordinates":[[[-8.69882,42.22412],[-8.69885,42.22439],[-8.69904,42.2244],[-8.69899,42.22488],[-8.69999,42.22519],[-8.70038,42.22546],[-8.70074,42.22536],[-8.70092,42.22642],[-8.70084,42.22658],[-8.70033,42.22656],[-8.69948,42.22669],[-8.6978,42.22622],[-8.69736,42.22654],[-8.69773,42.22749],[-8.6973,42.22954],[-8.69654,42.23037],[-8.69647,42.23066],[-8.69621,42.2307],[-8.69556,42.23022],[-8.6952,42.22966],[-8.69574,42.22955],[-8.69565,42.22873],[-8.69537,42.22811],[-8.6948,42.22773],[-8.69445,42.22798],[-8.69408,42.22777],[-8.69317,42.22757],[-8.69172,42.22765],[-8.69126,42.22682],[-8.69157,42.22549],[-8.69187,42.22546],[-8.6917,42.22438],[-8.69178,42.22417],[-8.69205,42.22419],[-8.69251,42.22397],[-8.69278,42.22361],[-8.69318,42.22361],[-8.69391,42.22343],[-8.69427,42.22356],[-8.69442,42.2235],[-8.69447,42.22344],[-8.69422,42.22321],[-8.69431,42.22304],[-8.69515,42.2226],[-8.69544,42.22207],[-8.69712,42.22094],[-8.69741,42.2216],[-8.69812,42.22172],[-8.69855,42.22189],[-8.69811,42.22412],[-8.69882,42.22412]]]}},{"type":"Feature","properties":{"id":"3605707029"},"geometry":{"type":"Polygon","coordinates":[[[-8.70076,42.22539],[-8.70038,42.22546],[-8.69999,42.22519],[-8.69913,42.22497],[-8.69895,42.22484],[-8.69904,42.2244],[-8.69885,42.22439],[-8.69882,42.22412],[-8.69811,42.22412],[-8.69855,42.22189],[-8.69812,42.22172],[-8.69741,42.2216],[-8.69712,42.22094],[-8.69822,42.22031],[-8.69828,42.2201],[-8.69877,42.21975],[-8.69874,42.21941],[-8.69887,42.21929],[-8.69939,42.21935],[-8.70053,42.21882],[-8.70087,42.219],[-8.70102,42.21868],[-8.70144,42.21845],[-8.70171,42.21813],[-8.70179,42.21779],[-8.70218,42.21763],[-8.70238,42.21734],[-8.70867,42.22266],[-8.70905,42.2233],[-8.70909,42.22356],[-8.70899,42.22378],[-8.70747,42.22372],[-8.70665,42.22383],[-8.70604,42.22441],[-8.70555,42.22452],[-8.70465,42.22493],[-8.70502,42.22544],[-8.70167,42.22698],[-8.70131,42.22678],[-8.70119,42.22661],[-8.70084,42.22658],[-8.70092,42.22642],[-8.70076,42.22539]]]}},{"type":"Feature","properties":{"id":"3605707030"},"geometry":{"type":"Polygon","coordinates":[[[-8.70899,42.22378],[-8.7082,42.22437],[-8.7066,42.22473],[-8.70502,42.22544],[-8.70465,42.22493],[-8.70555,42.22452],[-8.70604,42.22441],[-8.70674,42.22379],[-8.70747,42.22372],[-8.70899,42.22378]]]}},{"type":"Feature","properties":{"id":"3605707031"},"geometry":{"type":"Polygon","coordinates":[[[-8.69178,42.22418],[-8.69112,42.22322],[-8.69094,42.22259],[-8.6902,42.22146],[-8.6899,42.22072],[-8.6894,42.22045],[-8.68911,42.21984],[-8.68889,42.21968],[-8.68836,42.21949],[-8.68622,42.21944],[-8.68532,42.21921],[-8.68445,42.21965],[-8.68326,42.22066],[-8.68316,42.2206],[-8.68294,42.22072],[-8.68285,42.22065],[-8.68287,42.2202],[-8.68172,42.21932],[-8.68159,42.2184],[-8.68165,42.21822],[-8.68213,42.21802],[-8.68595,42.21666],[-8.6865,42.21628],[-8.68735,42.21537],[-8.68894,42.21568],[-8.68965,42.21476],[-8.69042,42.21438],[-8.69179,42.21323],[-8.69197,42.21257],[-8.69199,42.2119],[-8.69233,42.21181],[-8.69494,42.21212],[-8.69478,42.21295],[-8.69622,42.21313],[-8.69662,42.21336],[-8.69691,42.21336],[-8.69765,42.21356],[-8.69755,42.21384],[-8.69856,42.21421],[-8.70107,42.21618],[-8.70142,42.21627],[-8.70138,42.2164],[-8.70238,42.21734],[-8.70218,42.21763],[-8.70179,42.21779],[-8.70171,42.21813],[-8.70144,42.21845],[-8.70102,42.21868],[-8.70085,42.21901],[-8.70053,42.21882],[-8.69943,42.21934],[-8.69887,42.21929],[-8.69876,42.21937],[-8.69877,42.21975],[-8.69828,42.2201],[-8.69822,42.22031],[-8.69674,42.22112],[-8.69539,42.22211],[-8.69518,42.22257],[-8.69431,42.22304],[-8.69422,42.22321],[-8.69447,42.22344],[-8.69438,42.22352],[-8.69427,42.22356],[-8.69391,42.22343],[-8.69318,42.22361],[-8.69278,42.22361],[-8.69251,42.22397],[-8.692,42.2242],[-8.69178,42.22418]]]}},{"type":"Feature","properties":{"id":"3605707032"},"geometry":{"type":"Polygon","coordinates":[[[-8.68448,42.2228],[-8.68498,42.22258],[-8.68404,42.22189],[-8.68388,42.22156],[-8.68283,42.22196],[-8.68278,42.22102],[-8.68445,42.21965],[-8.68483,42.21941],[-8.68543,42.21921],[-8.68622,42.21944],[-8.68836,42.21949],[-8.68889,42.21968],[-8.68911,42.21984],[-8.6894,42.22045],[-8.6899,42.22072],[-8.6902,42.22146],[-8.69094,42.22259],[-8.69112,42.22322],[-8.69174,42.22405],[-8.69187,42.22546],[-8.69157,42.22549],[-8.69126,42.22682],[-8.69172,42.22765],[-8.69085,42.2279],[-8.69023,42.22825],[-8.68965,42.22841],[-8.68866,42.2282],[-8.68764,42.22836],[-8.68609,42.22835],[-8.68527,42.22824],[-8.68513,42.22794],[-8.6845,42.2276],[-8.68447,42.22746],[-8.68465,42.22713],[-8.68527,42.22653],[-8.68523,42.22629],[-8.68492,42.22591],[-8.68501,42.22589],[-8.68442,42.22487],[-8.68496,42.22466],[-8.68511,42.22428],[-8.68485,42.22405],[-8.68517,42.22369],[-8.68448,42.2228]]]}},{"type":"Feature","properties":{"id":"3605707033"},"geometry":{"type":"Polygon","coordinates":[[[-8.68388,42.21735],[-8.68165,42.21822],[-8.68159,42.2184],[-8.68172,42.21932],[-8.68287,42.2202],[-8.68287,42.22068],[-8.68316,42.2206],[-8.68326,42.22066],[-8.68278,42.22102],[-8.68286,42.22173],[-8.68269,42.22222],[-8.68199,42.22237],[-8.68145,42.22191],[-8.68085,42.22205],[-8.68042,42.22198],[-8.67995,42.22261],[-8.67968,42.2233],[-8.67917,42.22314],[-8.67815,42.22404],[-8.67775,42.22407],[-8.67704,42.22365],[-8.67684,42.22343],[-8.6762,42.22324],[-8.67613,42.223],[-8.67652,42.22294],[-8.67641,42.22277],[-8.67588,42.22258],[-8.67583,42.22228],[-8.67594,42.22205],[-8.6763,42.22159],[-8.67717,42.22082],[-8.67752,42.22013],[-8.67839,42.21974],[-8.67902,42.21924],[-8.67927,42.21892],[-8.6781,42.21653],[-8.67729,42.21557],[-8.67752,42.21513],[-8.67754,42.21475],[-8.67698,42.21474],[-8.67681,42.21467],[-8.67683,42.2139],[-8.68085,42.21436],[-8.68735,42.21537],[-8.6865,42.21628],[-8.68595,42.21666],[-8.68474,42.21713],[-8.68388,42.21735]]]}},{"type":"Feature","properties":{"id":"3605707034"},"geometry":{"type":"Polygon","coordinates":[[[-8.68235,42.23004],[-8.68277,42.22901],[-8.68242,42.2284],[-8.68178,42.22837],[-8.68108,42.22814],[-8.68055,42.22786],[-8.68085,42.22775],[-8.6809,42.22644],[-8.67987,42.22571],[-8.67939,42.22589],[-8.67888,42.22595],[-8.67864,42.2261],[-8.67838,42.22606],[-8.67738,42.22513],[-8.67737,42.225],[-8.67765,42.22456],[-8.67775,42.22407],[-8.67828,42.22396],[-8.67917,42.22314],[-8.67968,42.2233],[-8.67995,42.22261],[-8.68042,42.22198],[-8.68085,42.22205],[-8.68145,42.22191],[-8.68199,42.22237],[-8.68257,42.2223],[-8.68283,42.22193],[-8.68388,42.22156],[-8.68404,42.22189],[-8.68498,42.22258],[-8.68448,42.2228],[-8.68517,42.22369],[-8.68485,42.22405],[-8.68511,42.22428],[-8.68493,42.2247],[-8.68442,42.22487],[-8.68501,42.22589],[-8.68492,42.22591],[-8.68523,42.22629],[-8.68527,42.22653],[-8.68465,42.22713],[-8.68447,42.22746],[-8.6845,42.2276],[-8.68513,42.22794],[-8.68527,42.22824],[-8.68461,42.2284],[-8.68405,42.22843],[-8.68333,42.22925],[-8.68336,42.22942],[-8.6838,42.22947],[-8.68354,42.22952],[-8.68314,42.2298],[-8.68235,42.23004]]]}},{"type":"Feature","properties":{"id":"3605707035"},"geometry":{"type":"Polygon","coordinates":[[[-8.67684,42.22855],[-8.67643,42.22841],[-8.67558,42.22831],[-8.67464,42.2284],[-8.67408,42.22835],[-8.67321,42.2286],[-8.67294,42.22853],[-8.67327,42.22673],[-8.673,42.22595],[-8.67335,42.2254],[-8.67358,42.22417],[-8.67304,42.22361],[-8.67316,42.22354],[-8.67391,42.22333],[-8.67613,42.223],[-8.6762,42.22324],[-8.67684,42.22343],[-8.67721,42.22376],[-8.67774,42.22402],[-8.67765,42.22456],[-8.67739,42.22493],[-8.67738,42.22513],[-8.6783,42.226],[-8.67864,42.2261],[-8.67888,42.22595],[-8.67939,42.22589],[-8.6798,42.22572],[-8.68006,42.22577],[-8.68029,42.22604],[-8.6809,42.22644],[-8.68085,42.22775],[-8.68055,42.22786],[-8.68108,42.22814],[-8.68178,42.22837],[-8.68242,42.2284],[-8.68277,42.22901],[-8.68258,42.22924],[-8.68235,42.23005],[-8.68071,42.2293],[-8.67779,42.22814],[-8.67727,42.22848],[-8.67684,42.22855]]]}},{"type":"Feature","properties":{"id":"3605707036"},"geometry":{"type":"Polygon","coordinates":[[[-8.67925,42.23821],[-8.67872,42.23742],[-8.67742,42.23688],[-8.67725,42.23668],[-8.67793,42.23525],[-8.67865,42.23494],[-8.67804,42.23451],[-8.67759,42.23446],[-8.67746,42.23419],[-8.67872,42.23297],[-8.67882,42.23218],[-8.67863,42.23205],[-8.67691,42.23192],[-8.67531,42.23118],[-8.67612,42.23098],[-8.67536,42.23002],[-8.67571,42.22975],[-8.67658,42.22931],[-8.67682,42.22855],[-8.67727,42.22848],[-8.67779,42.22814],[-8.68071,42.2293],[-8.68235,42.23005],[-8.68314,42.2298],[-8.68301,42.23039],[-8.68316,42.23077],[-8.68451,42.23063],[-8.68469,42.2307],[-8.68534,42.23044],[-8.68556,42.23103],[-8.68569,42.2312],[-8.68595,42.23128],[-8.68598,42.23151],[-8.68649,42.23186],[-8.68651,42.23203],[-8.68664,42.23209],[-8.68655,42.23233],[-8.68705,42.23333],[-8.68642,42.23368],[-8.68563,42.23381],[-8.68512,42.2342],[-8.68434,42.23534],[-8.68359,42.23734],[-8.68268,42.23861],[-8.68235,42.2389],[-8.68145,42.23891],[-8.68009,42.23839],[-8.67925,42.23821]]]}},{"type":"Feature","properties":{"id":"3605707037"},"geometry":{"type":"Polygon","coordinates":[[[-8.67612,42.23098],[-8.67531,42.23118],[-8.67691,42.23192],[-8.67863,42.23205],[-8.67882,42.23218],[-8.67872,42.23297],[-8.67746,42.23419],[-8.67759,42.23446],[-8.67804,42.23451],[-8.67865,42.23494],[-8.67793,42.23525],[-8.67725,42.23668],[-8.67742,42.23688],[-8.67872,42.23742],[-8.67925,42.23821],[-8.67631,42.23783],[-8.67591,42.23771],[-8.67532,42.2371],[-8.67449,42.23546],[-8.67413,42.23511],[-8.67367,42.23494],[-8.66846,42.23444],[-8.66783,42.23458],[-8.66634,42.23586],[-8.66544,42.23637],[-8.66507,42.23638],[-8.66354,42.2359],[-8.66416,42.23549],[-8.66458,42.2345],[-8.6653,42.23324],[-8.66612,42.23212],[-8.66618,42.23174],[-8.66667,42.23069],[-8.66692,42.22962],[-8.66821,42.22855],[-8.66906,42.2284],[-8.66985,42.22841],[-8.67009,42.22804],[-8.67158,42.22796],[-8.67308,42.2286],[-8.67408,42.22835],[-8.67464,42.2284],[-8.67581,42.22832],[-8.67664,42.22846],[-8.67684,42.22855],[-8.67658,42.22931],[-8.67571,42.22975],[-8.67536,42.23002],[-8.67612,42.23098]]]}},{"type":"Feature","properties":{"id":"3605707038"},"geometry":{"type":"Polygon","coordinates":[[[-8.67142,42.24324],[-8.67054,42.24305],[-8.66947,42.24222],[-8.66971,42.2419],[-8.67028,42.24163],[-8.67028,42.24121],[-8.67003,42.24051],[-8.6697,42.24037],[-8.6692,42.23996],[-8.66886,42.24003],[-8.6684,42.23971],[-8.66812,42.23975],[-8.66778,42.23966],[-8.66711,42.23984],[-8.66677,42.23981],[-8.66645,42.23967],[-8.66608,42.23926],[-8.66519,42.23906],[-8.66517,42.23867],[-8.66345,42.23829],[-8.66315,42.23752],[-8.66282,42.23746],[-8.66229,42.23768],[-8.66307,42.23656],[-8.66343,42.23628],[-8.66355,42.23591],[-8.66507,42.23638],[-8.66544,42.23637],[-8.66634,42.23586],[-8.66783,42.23458],[-8.66846,42.23444],[-8.67367,42.23494],[-8.67413,42.23511],[-8.67449,42.23546],[-8.67532,42.2371],[-8.67591,42.23771],[-8.67631,42.23783],[-8.67925,42.23821],[-8.67827,42.24132],[-8.67776,42.24242],[-8.67612,42.24222],[-8.67553,42.24235],[-8.67456,42.24287],[-8.67329,42.24286],[-8.67289,42.24299],[-8.67183,42.24308],[-8.67142,42.24324]]]}},{"type":"Feature","properties":{"id":"3605707039"},"geometry":{"type":"Polygon","coordinates":[[[-8.64187,42.24965],[-8.63987,42.24737],[-8.63916,42.24511],[-8.63726,42.24164],[-8.63845,42.24113],[-8.63826,42.2408],[-8.63987,42.24043],[-8.6408,42.24005],[-8.64158,42.23958],[-8.64192,42.23954],[-8.64324,42.2388],[-8.644,42.238],[-8.64475,42.23743],[-8.64546,42.23727],[-8.64592,42.23689],[-8.64624,42.23648],[-8.64725,42.23565],[-8.64771,42.23502],[-8.64839,42.23563],[-8.65023,42.23519],[-8.65173,42.23523],[-8.65228,42.23495],[-8.65258,42.23448],[-8.65314,42.234],[-8.65343,42.23357],[-8.6534,42.23332],[-8.65359,42.23293],[-8.6538,42.23283],[-8.654,42.23238],[-8.65495,42.23242],[-8.65505,42.23208],[-8.65551,42.23226],[-8.65591,42.23254],[-8.65644,42.23351],[-8.65648,42.23554],[-8.65662,42.23594],[-8.65696,42.23643],[-8.65604,42.23664],[-8.65603,42.23697],[-8.65731,42.2369],[-8.65782,42.23699],[-8.65877,42.23762],[-8.65891,42.23824],[-8.65965,42.23851],[-8.66021,42.2386],[-8.66043,42.23891],[-8.66176,42.23896],[-8.66256,42.23887],[-8.66264,42.23816],[-8.66229,42.23768],[-8.66282,42.23746],[-8.66311,42.23751],[-8.66345,42.23829],[-8.66517,42.23867],[-8.66519,42.23906],[-8.66608,42.23926],[-8.66662,42.23975],[-8.66711,42.23984],[-8.66778,42.23966],[-8.66812,42.23975],[-8.6684,42.23971],[-8.66886,42.24003],[-8.66914,42.23993],[-8.6697,42.24037],[-8.67003,42.24051],[-8.67028,42.24121],[-8.67028,42.24163],[-8.66971,42.2419],[-8.66947,42.24222],[-8.67054,42.24305],[-8.67077,42.24311],[-8.67142,42.24324],[-8.67183,42.24308],[-8.67289,42.24299],[-8.67329,42.24286],[-8.67456,42.24287],[-8.67553,42.24235],[-8.67612,42.24222],[-8.67776,42.24242],[-8.6774,42.24331],[-8.67739,42.24394],[-8.677,42.24551],[-8.67706,42.24643],[-8.67735,42.24699],[-8.66807,42.25026],[-8.66763,42.25038],[-8.66688,42.25038],[-8.66613,42.2506],[-8.66503,42.25105],[-8.66417,42.2515],[-8.66239,42.25167],[-8.66007,42.25275],[-8.65691,42.25323],[-8.65349,42.25428],[-8.65121,42.25319],[-8.64915,42.25126],[-8.64299,42.25002],[-8.64187,42.24965]]]}},{"type":"Feature","properties":{"id":"3605707040"},"geometry":{"type":"Polygon","coordinates":[[[-8.63662,42.2409],[-8.63504,42.23786],[-8.63396,42.23608],[-8.63326,42.23519],[-8.63231,42.23474],[-8.62825,42.23392],[-8.62739,42.2308],[-8.62855,42.22719],[-8.62892,42.22662],[-8.63118,42.22383],[-8.63211,42.22297],[-8.63487,42.22095],[-8.63574,42.22143],[-8.6363,42.22159],[-8.63744,42.22152],[-8.63953,42.22277],[-8.64043,42.2231],[-8.63927,42.22482],[-8.63924,42.2251],[-8.64007,42.22502],[-8.64086,42.22529],[-8.64114,42.22551],[-8.64169,42.22669],[-8.64206,42.22709],[-8.64248,42.22733],[-8.64316,42.22745],[-8.64382,42.22741],[-8.64432,42.2275],[-8.64572,42.22844],[-8.64604,42.22857],[-8.64854,42.22903],[-8.649,42.2292],[-8.64994,42.2291],[-8.65049,42.2288],[-8.65037,42.22925],[-8.64982,42.23003],[-8.64949,42.23026],[-8.64844,42.2305],[-8.64834,42.2306],[-8.64795,42.23126],[-8.64813,42.23156],[-8.64823,42.23232],[-8.64743,42.23297],[-8.64701,42.2335],[-8.64707,42.23375],[-8.64759,42.23383],[-8.64831,42.23421],[-8.6485,42.23537],[-8.6484,42.23562],[-8.64771,42.23502],[-8.64725,42.23565],[-8.64624,42.23648],[-8.64592,42.23689],[-8.64546,42.23727],[-8.64475,42.23743],[-8.644,42.238],[-8.64324,42.2388],[-8.64192,42.23954],[-8.64158,42.23958],[-8.6408,42.24005],[-8.63987,42.24043],[-8.63826,42.2408],[-8.63845,42.24113],[-8.63726,42.24164],[-8.637,42.24116],[-8.63662,42.2409]]]}},{"type":"Feature","properties":{"id":"3605707041"},"geometry":{"type":"Polygon","coordinates":[[[-8.6484,42.23562],[-8.6485,42.23537],[-8.64831,42.23421],[-8.64759,42.23383],[-8.64707,42.23375],[-8.647,42.23359],[-8.64714,42.23326],[-8.64823,42.23232],[-8.64799,42.23112],[-8.64844,42.2305],[-8.64949,42.23026],[-8.64982,42.23003],[-8.65037,42.22925],[-8.65049,42.2288],[-8.65037,42.22887],[-8.65033,42.22876],[-8.65054,42.22801],[-8.6532,42.22627],[-8.65346,42.22637],[-8.65363,42.22631],[-8.65362,42.226],[-8.65418,42.22587],[-8.65423,42.22571],[-8.65457,42.2255],[-8.65466,42.22527],[-8.65531,42.22527],[-8.65573,42.2251],[-8.65614,42.22506],[-8.65647,42.22525],[-8.65756,42.22525],[-8.65801,42.22567],[-8.6582,42.22568],[-8.65877,42.22528],[-8.66019,42.22564],[-8.66082,42.22596],[-8.66175,42.22562],[-8.66211,42.22527],[-8.66254,42.22503],[-8.66334,42.22497],[-8.66366,42.22512],[-8.66375,42.2253],[-8.66407,42.22533],[-8.66423,42.22547],[-8.66489,42.22533],[-8.66554,42.22617],[-8.6664,42.22682],[-8.66681,42.227],[-8.66725,42.22684],[-8.66751,42.22703],[-8.6678,42.22772],[-8.66768,42.22893],[-8.66692,42.22962],[-8.66667,42.23069],[-8.66618,42.23174],[-8.66612,42.23212],[-8.6653,42.23324],[-8.66458,42.2345],[-8.66416,42.23549],[-8.66354,42.2359],[-8.66343,42.23628],[-8.66307,42.23656],[-8.66229,42.23768],[-8.66264,42.23816],[-8.66256,42.23887],[-8.66176,42.23896],[-8.66043,42.23891],[-8.66021,42.2386],[-8.65965,42.23851],[-8.65891,42.23824],[-8.65877,42.23762],[-8.65782,42.23699],[-8.65731,42.2369],[-8.65603,42.23697],[-8.65604,42.23664],[-8.65696,42.23643],[-8.65662,42.23594],[-8.65648,42.23554],[-8.65644,42.23351],[-8.65591,42.23254],[-8.65551,42.23226],[-8.65505,42.23208],[-8.65495,42.23242],[-8.654,42.23238],[-8.6538,42.23283],[-8.65359,42.23293],[-8.6534,42.23332],[-8.65343,42.23357],[-8.65314,42.234],[-8.65258,42.23448],[-8.65228,42.23495],[-8.65173,42.23523],[-8.65023,42.23519],[-8.64943,42.23544],[-8.6484,42.23562]]]}},{"type":"Feature","properties":{"id":"3605707042"},"geometry":{"type":"Polygon","coordinates":[[[-8.65768,42.22538],[-8.65843,42.22493],[-8.65961,42.22478],[-8.66081,42.22384],[-8.66163,42.22361],[-8.6619,42.22337],[-8.66205,42.22306],[-8.6627,42.2227],[-8.66292,42.22234],[-8.66364,42.22215],[-8.66928,42.22008],[-8.66978,42.22026],[-8.67006,42.2207],[-8.66979,42.22195],[-8.66987,42.22228],[-8.67028,42.22251],[-8.6727,42.22342],[-8.67312,42.22366],[-8.67358,42.22417],[-8.67335,42.2254],[-8.673,42.22595],[-8.67327,42.22673],[-8.67295,42.22849],[-8.67158,42.22796],[-8.67009,42.22804],[-8.66985,42.22841],[-8.66906,42.2284],[-8.66832,42.22852],[-8.66768,42.22893],[-8.6678,42.22772],[-8.66751,42.22703],[-8.66725,42.22684],[-8.66681,42.227],[-8.6664,42.22682],[-8.66554,42.22617],[-8.66489,42.22533],[-8.66423,42.22547],[-8.66407,42.22533],[-8.66375,42.2253],[-8.66366,42.22512],[-8.66334,42.22497],[-8.66272,42.22498],[-8.66211,42.22527],[-8.66175,42.22562],[-8.66082,42.22596],[-8.66019,42.22564],[-8.65877,42.22528],[-8.6582,42.22568],[-8.65801,42.22567],[-8.65768,42.22538]]]}},{"type":"Feature","properties":{"id":"3605707043"},"geometry":{"type":"Polygon","coordinates":[[[-8.66293,42.22234],[-8.66308,42.2218],[-8.66326,42.22162],[-8.6632,42.22139],[-8.663,42.22123],[-8.66316,42.22061],[-8.66328,42.22051],[-8.66321,42.22005],[-8.66329,42.21979],[-8.66429,42.21937],[-8.66498,42.21892],[-8.66529,42.21834],[-8.66518,42.21761],[-8.6648,42.21721],[-8.66512,42.2169],[-8.66476,42.21642],[-8.66457,42.21526],[-8.66472,42.21451],[-8.66581,42.2122],[-8.66603,42.21107],[-8.66635,42.21069],[-8.66687,42.20926],[-8.6672,42.20887],[-8.66704,42.20824],[-8.66888,42.20857],[-8.67032,42.20895],[-8.67046,42.20925],[-8.6706,42.20934],[-8.67056,42.21004],[-8.67049,42.21018],[-8.67,42.21026],[-8.67244,42.21118],[-8.67558,42.21261],[-8.67637,42.21336],[-8.67685,42.21393],[-8.67681,42.21467],[-8.67698,42.21474],[-8.67754,42.21475],[-8.67752,42.21513],[-8.67729,42.21557],[-8.6781,42.21653],[-8.67927,42.21892],[-8.67902,42.21924],[-8.67839,42.21974],[-8.67752,42.22013],[-8.67717,42.22082],[-8.6763,42.22159],[-8.67594,42.22205],[-8.67583,42.22228],[-8.67588,42.22258],[-8.67641,42.22277],[-8.67652,42.22294],[-8.67391,42.22333],[-8.67303,42.22361],[-8.6727,42.22342],[-8.67028,42.22251],[-8.66987,42.22228],[-8.66979,42.22195],[-8.67006,42.2207],[-8.66978,42.22026],[-8.66935,42.22007],[-8.66364,42.22215],[-8.66293,42.22234]]]}},{"type":"Feature","properties":{"id":"3605707044"},"geometry":{"type":"Polygon","coordinates":[[[-8.63574,42.22143],[-8.63487,42.22095],[-8.63664,42.21986],[-8.63812,42.21879],[-8.64404,42.21564],[-8.64497,42.21554],[-8.64704,42.21453],[-8.64754,42.21465],[-8.65255,42.21221],[-8.65349,42.21185],[-8.65465,42.21095],[-8.65579,42.21096],[-8.65633,42.21079],[-8.65748,42.21007],[-8.66071,42.20976],[-8.66642,42.20607],[-8.6672,42.20887],[-8.66687,42.20926],[-8.66635,42.21069],[-8.66603,42.21107],[-8.66581,42.2122],[-8.66472,42.21451],[-8.66457,42.21526],[-8.66476,42.21642],[-8.66512,42.2169],[-8.6648,42.21721],[-8.66518,42.21761],[-8.66529,42.21834],[-8.66498,42.21892],[-8.66429,42.21937],[-8.66329,42.21979],[-8.66321,42.22005],[-8.66328,42.22051],[-8.66316,42.22061],[-8.663,42.22123],[-8.6632,42.22139],[-8.66326,42.22162],[-8.66308,42.2218],[-8.66298,42.22228],[-8.6627,42.2227],[-8.66205,42.22306],[-8.6619,42.22337],[-8.66163,42.22361],[-8.66081,42.22384],[-8.65961,42.22478],[-8.65843,42.22493],[-8.65768,42.22538],[-8.65749,42.22523],[-8.65647,42.22525],[-8.65614,42.22506],[-8.65573,42.2251],[-8.65531,42.22527],[-8.65466,42.22527],[-8.65457,42.2255],[-8.65423,42.22571],[-8.65418,42.22587],[-8.65362,42.226],[-8.65363,42.22631],[-8.65346,42.22637],[-8.6532,42.22627],[-8.65054,42.22801],[-8.65037,42.22887],[-8.65023,42.22898],[-8.64972,42.22914],[-8.649,42.2292],[-8.64854,42.22903],[-8.64604,42.22857],[-8.64572,42.22844],[-8.64432,42.2275],[-8.64261,42.22739],[-8.64206,42.22709],[-8.64169,42.22669],[-8.64114,42.22551],[-8.64086,42.22529],[-8.64007,42.22502],[-8.63924,42.2251],[-8.63927,42.22482],[-8.64043,42.2231],[-8.63953,42.22277],[-8.63744,42.22152],[-8.6363,42.22159],[-8.63574,42.22143]]]}},{"type":"Feature","properties":{"id":"3605708001"},"geometry":{"type":"Polygon","coordinates":[[[-8.73425,42.20733],[-8.73397,42.20739],[-8.73405,42.20726],[-8.7324,42.20678],[-8.73235,42.20662],[-8.73247,42.20637],[-8.73112,42.20555],[-8.73069,42.20557],[-8.73063,42.20508],[-8.73042,42.20472],[-8.72961,42.20448],[-8.72961,42.20393],[-8.72974,42.20376],[-8.73004,42.20362],[-8.73074,42.20365],[-8.73114,42.20337],[-8.73188,42.20307],[-8.7325,42.20298],[-8.73339,42.20263],[-8.7343,42.20266],[-8.73433,42.20259],[-8.73485,42.20255],[-8.7354,42.20212],[-8.7358,42.20201],[-8.73602,42.20156],[-8.7364,42.20131],[-8.73664,42.20128],[-8.73684,42.20138],[-8.73737,42.20188],[-8.73798,42.20175],[-8.7383,42.20196],[-8.74102,42.20087],[-8.74104,42.20066],[-8.74039,42.20031],[-8.74057,42.20007],[-8.74102,42.20004],[-8.74109,42.19965],[-8.74168,42.19957],[-8.7423,42.19935],[-8.74377,42.1995],[-8.74473,42.19887],[-8.74496,42.19882],[-8.74531,42.19913],[-8.74551,42.19916],[-8.74533,42.20028],[-8.74536,42.20037],[-8.74559,42.20032],[-8.74593,42.20142],[-8.74818,42.20128],[-8.75035,42.20102],[-8.75207,42.20329],[-8.75236,42.20386],[-8.75108,42.2054],[-8.75156,42.20572],[-8.7509,42.2057],[-8.75026,42.20584],[-8.74961,42.20605],[-8.74902,42.20636],[-8.74832,42.20696],[-8.74731,42.20844],[-8.74661,42.20899],[-8.74578,42.20931],[-8.74167,42.21014],[-8.73788,42.21125],[-8.73661,42.21136],[-8.73518,42.20788],[-8.73443,42.20771],[-8.73425,42.20733]]]}},{"type":"Feature","properties":{"id":"3605708002"},"geometry":{"type":"Polygon","coordinates":[[[-8.73426,42.20007],[-8.73422,42.19965],[-8.73448,42.19959],[-8.73469,42.19964],[-8.73675,42.1993],[-8.73694,42.19917],[-8.73714,42.19875],[-8.7376,42.19827],[-8.73745,42.19791],[-8.73715,42.19771],[-8.73744,42.19742],[-8.73715,42.19705],[-8.73755,42.19638],[-8.7377,42.19534],[-8.73795,42.1954],[-8.73878,42.19499],[-8.73973,42.19485],[-8.73977,42.19391],[-8.74026,42.19319],[-8.74096,42.19287],[-8.74262,42.19397],[-8.74379,42.19442],[-8.74578,42.19496],[-8.74688,42.19509],[-8.74826,42.19511],[-8.74897,42.19571],[-8.7475,42.19739],[-8.74627,42.19822],[-8.746,42.19896],[-8.74566,42.19918],[-8.74531,42.19913],[-8.74496,42.19882],[-8.74473,42.19887],[-8.74377,42.1995],[-8.7423,42.19935],[-8.74168,42.19957],[-8.74109,42.19965],[-8.74102,42.20004],[-8.74057,42.20007],[-8.74039,42.20031],[-8.74104,42.20066],[-8.74102,42.20087],[-8.73895,42.20174],[-8.7383,42.20196],[-8.73798,42.20175],[-8.73743,42.2019],[-8.73694,42.20144],[-8.73664,42.20128],[-8.73649,42.20129],[-8.73602,42.20156],[-8.7358,42.20201],[-8.7354,42.20212],[-8.73485,42.20255],[-8.73433,42.20259],[-8.7343,42.20266],[-8.73339,42.20263],[-8.73284,42.20285],[-8.73305,42.20263],[-8.73301,42.20255],[-8.73319,42.20245],[-8.73325,42.20187],[-8.73363,42.20112],[-8.73342,42.20079],[-8.73356,42.20007],[-8.73426,42.20007]]]}},{"type":"Feature","properties":{"id":"3605708003"},"geometry":{"type":"Polygon","coordinates":[[[-8.73399,42.19965],[-8.73391,42.19924],[-8.73366,42.19901],[-8.73294,42.19868],[-8.73268,42.19837],[-8.73243,42.19837],[-8.73203,42.19881],[-8.73092,42.19879],[-8.72937,42.19853],[-8.72829,42.198],[-8.72765,42.19715],[-8.7274,42.19697],[-8.72713,42.19643],[-8.72623,42.19643],[-8.72582,42.19555],[-8.72567,42.19496],[-8.72482,42.19479],[-8.72461,42.19428],[-8.72424,42.1938],[-8.72418,42.19346],[-8.72446,42.19327],[-8.72515,42.19306],[-8.7274,42.19269],[-8.72738,42.19238],[-8.72769,42.19215],[-8.72779,42.19184],[-8.72762,42.19131],[-8.72768,42.19117],[-8.72796,42.19098],[-8.72859,42.19077],[-8.72887,42.19049],[-8.72897,42.19006],[-8.72932,42.18942],[-8.72928,42.18858],[-8.7302,42.18835],[-8.73101,42.18849],[-8.73149,42.18848],[-8.73188,42.18867],[-8.73225,42.18843],[-8.73267,42.18853],[-8.73279,42.18818],[-8.73327,42.18766],[-8.73384,42.18745],[-8.73418,42.18755],[-8.73496,42.18804],[-8.73638,42.18832],[-8.73957,42.1887],[-8.74034,42.18851],[-8.74064,42.18827],[-8.74124,42.18941],[-8.74232,42.18951],[-8.743,42.19],[-8.74415,42.19176],[-8.74525,42.1926],[-8.74525,42.19269],[-8.74498,42.19282],[-8.74501,42.19317],[-8.7454,42.19338],[-8.74727,42.19361],[-8.74764,42.19411],[-8.74801,42.19489],[-8.74826,42.19511],[-8.74688,42.19509],[-8.74578,42.19496],[-8.74379,42.19442],[-8.74262,42.19397],[-8.74096,42.19287],[-8.74026,42.19319],[-8.73977,42.19391],[-8.73973,42.19485],[-8.73878,42.19499],[-8.73795,42.1954],[-8.7377,42.19534],[-8.73755,42.19638],[-8.73715,42.19705],[-8.73744,42.19742],[-8.73715,42.19771],[-8.73745,42.19791],[-8.7376,42.19827],[-8.73714,42.19875],[-8.73694,42.19917],[-8.73675,42.1993],[-8.73469,42.19964],[-8.73448,42.19959],[-8.73422,42.19965],[-8.73426,42.20007],[-8.73399,42.19965]]]}},{"type":"Feature","properties":{"id":"3605708004"},"geometry":{"type":"Polygon","coordinates":[[[-8.72961,42.20448],[-8.72862,42.20324],[-8.72694,42.20202],[-8.72663,42.20156],[-8.72587,42.20086],[-8.72476,42.19904],[-8.7225,42.19746],[-8.7218,42.1966],[-8.72119,42.19655],[-8.7211,42.1963],[-8.72085,42.19629],[-8.72057,42.19665],[-8.72014,42.19682],[-8.71954,42.1967],[-8.71846,42.1962],[-8.71892,42.19578],[-8.71996,42.19559],[-8.71943,42.19517],[-8.71961,42.19439],[-8.71888,42.19435],[-8.71889,42.19339],[-8.71854,42.19118],[-8.71827,42.19061],[-8.72135,42.18992],[-8.72151,42.1897],[-8.72192,42.18951],[-8.72443,42.18923],[-8.72493,42.18926],[-8.72711,42.18872],[-8.72839,42.18871],[-8.72928,42.18858],[-8.72932,42.18942],[-8.72897,42.19006],[-8.72887,42.19049],[-8.72859,42.19077],[-8.72796,42.19098],[-8.72768,42.19117],[-8.72762,42.19131],[-8.72779,42.19184],[-8.72769,42.19215],[-8.72738,42.19238],[-8.7274,42.19269],[-8.72515,42.19306],[-8.72446,42.19327],[-8.72418,42.19346],[-8.72418,42.19358],[-8.72482,42.19479],[-8.72567,42.19496],[-8.72582,42.19555],[-8.72623,42.19643],[-8.72713,42.19643],[-8.7274,42.19697],[-8.72765,42.19715],[-8.72829,42.198],[-8.72937,42.19853],[-8.73092,42.19879],[-8.73203,42.19881],[-8.73243,42.19837],[-8.73268,42.19837],[-8.73294,42.19868],[-8.73366,42.19901],[-8.73391,42.19924],[-8.734,42.19973],[-8.73427,42.20008],[-8.73356,42.20007],[-8.73342,42.20079],[-8.73363,42.20112],[-8.73339,42.20149],[-8.73316,42.20221],[-8.73319,42.20245],[-8.73301,42.20255],[-8.73301,42.20268],[-8.73284,42.20285],[-8.7325,42.20298],[-8.73194,42.20305],[-8.73114,42.20337],[-8.73074,42.20365],[-8.73004,42.20362],[-8.72982,42.20371],[-8.72961,42.20393],[-8.72961,42.20448]]]}},{"type":"Feature","properties":{"id":"3605708005"},"geometry":{"type":"Polygon","coordinates":[[[-8.71932,42.19969],[-8.71865,42.19999],[-8.71779,42.20107],[-8.71713,42.20122],[-8.71647,42.20073],[-8.71597,42.2007],[-8.71521,42.19925],[-8.71328,42.19948],[-8.71293,42.19922],[-8.71153,42.19935],[-8.71059,42.19926],[-8.70963,42.19896],[-8.70892,42.19896],[-8.70827,42.19884],[-8.70824,42.1973],[-8.70834,42.19712],[-8.7083,42.19666],[-8.70845,42.19549],[-8.70804,42.19496],[-8.70803,42.19428],[-8.7088,42.19406],[-8.70936,42.19373],[-8.70941,42.19361],[-8.70915,42.19304],[-8.70852,42.19249],[-8.70832,42.19217],[-8.70897,42.19213],[-8.70898,42.19198],[-8.70916,42.19199],[-8.70919,42.19135],[-8.71008,42.19131],[-8.70998,42.19114],[-8.71036,42.19104],[-8.71042,42.19069],[-8.71062,42.19054],[-8.7104,42.19001],[-8.71108,42.18982],[-8.71127,42.18971],[-8.71131,42.18956],[-8.71168,42.18946],[-8.71157,42.18859],[-8.71118,42.1882],[-8.71101,42.18834],[-8.71074,42.18804],[-8.71045,42.18791],[-8.70937,42.18786],[-8.70762,42.18741],[-8.70711,42.18741],[-8.7066,42.18721],[-8.70578,42.18716],[-8.70541,42.18689],[-8.70611,42.18604],[-8.70594,42.18576],[-8.70641,42.18572],[-8.70669,42.18558],[-8.7091,42.18542],[-8.71016,42.18511],[-8.71111,42.18463],[-8.71075,42.18399],[-8.7124,42.18342],[-8.71353,42.18411],[-8.71427,42.1847],[-8.71434,42.1848],[-8.71393,42.18499],[-8.71385,42.18519],[-8.71414,42.18573],[-8.71502,42.18631],[-8.71602,42.18767],[-8.7169,42.1876],[-8.71663,42.18856],[-8.71644,42.1886],[-8.71542,42.18924],[-8.71511,42.18977],[-8.71512,42.19015],[-8.71579,42.19054],[-8.71698,42.19064],[-8.71827,42.19061],[-8.71854,42.19118],[-8.71889,42.19339],[-8.71888,42.19435],[-8.71961,42.19439],[-8.71943,42.19517],[-8.71996,42.19559],[-8.71881,42.19584],[-8.7181,42.19644],[-8.71793,42.19717],[-8.71816,42.19766],[-8.71872,42.19817],[-8.71909,42.19889],[-8.71928,42.19903],[-8.71922,42.19934],[-8.71932,42.19969]]]}},{"type":"Feature","properties":{"id":"3605708006"},"geometry":{"type":"Polygon","coordinates":[[[-8.7035,42.20784],[-8.70253,42.20703],[-8.70228,42.20669],[-8.70292,42.20621],[-8.70462,42.20222],[-8.7046,42.20079],[-8.70408,42.20028],[-8.70366,42.20006],[-8.70331,42.19968],[-8.70329,42.19935],[-8.70346,42.19893],[-8.70378,42.19872],[-8.70792,42.1991],[-8.7083,42.19883],[-8.70892,42.19896],[-8.70963,42.19896],[-8.71059,42.19926],[-8.71153,42.19935],[-8.71293,42.19922],[-8.71328,42.19948],[-8.71521,42.19925],[-8.71597,42.2007],[-8.71647,42.20073],[-8.71696,42.2011],[-8.71643,42.20206],[-8.71563,42.2027],[-8.7154,42.20338],[-8.7173,42.20319],[-8.71602,42.20527],[-8.71433,42.20624],[-8.71305,42.2064],[-8.71133,42.20607],[-8.71046,42.20605],[-8.70953,42.20617],[-8.70766,42.20707],[-8.70704,42.2071],[-8.70703,42.20736],[-8.70471,42.20766],[-8.70375,42.20769],[-8.70383,42.20779],[-8.7035,42.20784]]]}},{"type":"Feature","properties":{"id":"3605708007"},"geometry":{"type":"Polygon","coordinates":[[[-8.69485,42.20221],[-8.69305,42.20126],[-8.6927,42.20119],[-8.69236,42.2013],[-8.69124,42.20123],[-8.69097,42.20109],[-8.6905,42.20033],[-8.69048,42.20011],[-8.69089,42.19909],[-8.69117,42.1986],[-8.69178,42.19795],[-8.69178,42.19777],[-8.69164,42.19759],[-8.69093,42.19754],[-8.6906,42.1972],[-8.69039,42.19658],[-8.69047,42.19638],[-8.69165,42.19573],[-8.69215,42.19459],[-8.69238,42.1938],[-8.69262,42.19341],[-8.69225,42.19208],[-8.69289,42.19234],[-8.69363,42.19244],[-8.69401,42.19261],[-8.69475,42.19276],[-8.6952,42.19301],[-8.69516,42.19421],[-8.6955,42.19508],[-8.69577,42.19543],[-8.69622,42.19572],[-8.69617,42.1959],[-8.69632,42.19618],[-8.69683,42.19622],[-8.69753,42.19663],[-8.69888,42.1966],[-8.70022,42.19633],[-8.70119,42.1963],[-8.70179,42.19685],[-8.70246,42.197],[-8.70323,42.19746],[-8.70356,42.19797],[-8.70378,42.19873],[-8.70346,42.19893],[-8.70329,42.19935],[-8.70331,42.19968],[-8.70366,42.20006],[-8.70408,42.20028],[-8.7046,42.20079],[-8.70462,42.20222],[-8.70292,42.20621],[-8.70228,42.20669],[-8.70215,42.20585],[-8.70221,42.20546],[-8.70186,42.20452],[-8.70134,42.20393],[-8.70091,42.20376],[-8.70011,42.20382],[-8.69961,42.20374],[-8.69908,42.20338],[-8.69773,42.20311],[-8.69708,42.20252],[-8.6963,42.20249],[-8.69485,42.20221]]]}},{"type":"Feature","properties":{"id":"3605708008"},"geometry":{"type":"Polygon","coordinates":[[[-8.70378,42.19872],[-8.70356,42.19797],[-8.70323,42.19746],[-8.70246,42.197],[-8.70179,42.19685],[-8.70119,42.1963],[-8.70022,42.19633],[-8.69888,42.1966],[-8.69753,42.19663],[-8.69683,42.19622],[-8.69632,42.19618],[-8.69617,42.1959],[-8.69622,42.19572],[-8.69577,42.19543],[-8.6955,42.19508],[-8.69516,42.19421],[-8.6952,42.19301],[-8.69475,42.19276],[-8.69401,42.19261],[-8.69363,42.19244],[-8.69289,42.19234],[-8.6921,42.19206],[-8.69221,42.19302],[-8.69212,42.19362],[-8.69188,42.19427],[-8.69174,42.19444],[-8.69136,42.19452],[-8.69068,42.19265],[-8.68956,42.19034],[-8.69057,42.19003],[-8.69202,42.19014],[-8.69461,42.19088],[-8.6956,42.19135],[-8.69665,42.19169],[-8.69632,42.19102],[-8.69714,42.19123],[-8.69753,42.19104],[-8.69838,42.19093],[-8.69917,42.19123],[-8.69945,42.19119],[-8.69993,42.19087],[-8.70046,42.19026],[-8.70134,42.18981],[-8.70114,42.18963],[-8.70109,42.18916],[-8.70121,42.1887],[-8.70158,42.1881],[-8.70151,42.18745],[-8.70241,42.18565],[-8.70577,42.18644],[-8.70541,42.18689],[-8.70578,42.18716],[-8.7066,42.18721],[-8.70711,42.18741],[-8.70762,42.18741],[-8.70937,42.18786],[-8.71045,42.18791],[-8.71074,42.18804],[-8.71101,42.18834],[-8.71118,42.1882],[-8.71157,42.18859],[-8.71168,42.18946],[-8.71131,42.18956],[-8.71127,42.18971],[-8.71108,42.18982],[-8.7104,42.19001],[-8.71062,42.19054],[-8.71042,42.19069],[-8.71036,42.19104],[-8.70998,42.19114],[-8.71008,42.19131],[-8.70919,42.19135],[-8.70916,42.19199],[-8.70898,42.19198],[-8.70897,42.19213],[-8.70832,42.19219],[-8.70852,42.19249],[-8.70915,42.19304],[-8.70941,42.19361],[-8.70936,42.19373],[-8.7088,42.19406],[-8.70803,42.19428],[-8.70804,42.19496],[-8.70845,42.19549],[-8.7083,42.19666],[-8.70834,42.19712],[-8.70824,42.1973],[-8.70827,42.19884],[-8.70792,42.1991],[-8.70378,42.19872]]]}},{"type":"Feature","properties":{"id":"3605708009"},"geometry":{"type":"Polygon","coordinates":[[[-8.68956,42.19034],[-8.6884,42.18717],[-8.6873,42.18325],[-8.68683,42.1821],[-8.68678,42.18168],[-8.68622,42.18048],[-8.68585,42.17937],[-8.6856,42.17709],[-8.6849,42.1743],[-8.68487,42.17367],[-8.68676,42.17281],[-8.68869,42.17253],[-8.69086,42.1718],[-8.69308,42.17128],[-8.69595,42.17143],[-8.69712,42.17285],[-8.698,42.17369],[-8.69903,42.17429],[-8.69998,42.17442],[-8.70066,42.17541],[-8.70306,42.17714],[-8.70419,42.17763],[-8.70543,42.17858],[-8.70673,42.17936],[-8.70743,42.1802],[-8.70852,42.1805],[-8.70886,42.18074],[-8.70906,42.18067],[-8.71007,42.18104],[-8.71039,42.18147],[-8.71075,42.18173],[-8.71106,42.18238],[-8.7124,42.18342],[-8.71075,42.18399],[-8.71111,42.18463],[-8.71016,42.18511],[-8.7091,42.18542],[-8.70669,42.18558],[-8.70641,42.18572],[-8.70594,42.18576],[-8.70611,42.18604],[-8.70577,42.18644],[-8.70241,42.18565],[-8.70151,42.18745],[-8.70158,42.1881],[-8.70121,42.1887],[-8.70109,42.18916],[-8.70114,42.18963],[-8.70134,42.18981],[-8.70046,42.19026],[-8.69982,42.19097],[-8.69927,42.19124],[-8.69838,42.19093],[-8.69753,42.19104],[-8.69714,42.19123],[-8.69632,42.19102],[-8.69665,42.19169],[-8.6956,42.19135],[-8.69461,42.19088],[-8.69202,42.19014],[-8.69057,42.19003],[-8.68956,42.19034]]]}},{"type":"Feature","properties":{"id":"3605708010"},"geometry":{"type":"Polygon","coordinates":[[[-8.66704,42.20824],[-8.66642,42.20607],[-8.66677,42.20584],[-8.666,42.20185],[-8.66591,42.19806],[-8.66617,42.19615],[-8.66719,42.19174],[-8.66768,42.19026],[-8.66793,42.1886],[-8.66838,42.18705],[-8.66942,42.18463],[-8.66932,42.18402],[-8.66874,42.18291],[-8.66868,42.18241],[-8.66883,42.18062],[-8.66916,42.17966],[-8.67377,42.17171],[-8.67528,42.17194],[-8.67605,42.17106],[-8.67665,42.17141],[-8.67941,42.1724],[-8.68036,42.17258],[-8.68095,42.17285],[-8.68487,42.17367],[-8.6849,42.1743],[-8.6856,42.17709],[-8.68594,42.17965],[-8.68678,42.18168],[-8.68683,42.1821],[-8.6873,42.18325],[-8.6884,42.18717],[-8.68913,42.18902],[-8.6893,42.18973],[-8.68966,42.19067],[-8.69068,42.19265],[-8.69136,42.19452],[-8.69104,42.19475],[-8.6912,42.19508],[-8.69099,42.19522],[-8.69016,42.19512],[-8.68851,42.19476],[-8.68812,42.19481],[-8.68771,42.1953],[-8.68808,42.1957],[-8.68719,42.19549],[-8.68681,42.19579],[-8.68612,42.19604],[-8.68557,42.19611],[-8.68564,42.19648],[-8.68617,42.19717],[-8.68613,42.19862],[-8.68557,42.19851],[-8.68459,42.19802],[-8.68349,42.19818],[-8.68346,42.19834],[-8.68231,42.19887],[-8.68085,42.20004],[-8.68087,42.20018],[-8.68043,42.20066],[-8.68057,42.20099],[-8.68023,42.20205],[-8.67848,42.20313],[-8.67835,42.20325],[-8.67844,42.20367],[-8.67813,42.20386],[-8.67764,42.20395],[-8.67776,42.2043],[-8.67772,42.20471],[-8.67694,42.20526],[-8.67657,42.20571],[-8.67592,42.20617],[-8.67565,42.20626],[-8.67474,42.20699],[-8.67468,42.20724],[-8.67404,42.20775],[-8.67389,42.20825],[-8.674,42.20852],[-8.67084,42.2089],[-8.67036,42.20903],[-8.67032,42.20895],[-8.66888,42.20857],[-8.66704,42.20824]]]}},{"type":"Feature","properties":{"id":"3605708011"},"geometry":{"type":"Polygon","coordinates":[[[-8.67683,42.2139],[-8.67558,42.21261],[-8.67244,42.21118],[-8.67,42.21026],[-8.67049,42.21018],[-8.67055,42.20936],[-8.67099,42.20918],[-8.67187,42.20912],[-8.67361,42.20972],[-8.67494,42.21036],[-8.67567,42.21089],[-8.67618,42.21142],[-8.67634,42.21022],[-8.67767,42.211],[-8.67799,42.21107],[-8.67865,42.21101],[-8.68134,42.21012],[-8.68221,42.21004],[-8.68269,42.21014],[-8.68319,42.20928],[-8.6843,42.20931],[-8.68487,42.20942],[-8.68516,42.20911],[-8.68534,42.20872],[-8.68554,42.2076],[-8.68636,42.20768],[-8.68715,42.20714],[-8.68727,42.20695],[-8.68819,42.20672],[-8.68969,42.20677],[-8.69054,42.20665],[-8.69235,42.20681],[-8.69251,42.20661],[-8.69247,42.2061],[-8.69271,42.20557],[-8.69348,42.20492],[-8.69384,42.20436],[-8.69369,42.20359],[-8.69378,42.20298],[-8.69485,42.20221],[-8.6963,42.20249],[-8.69708,42.20252],[-8.69773,42.20311],[-8.69908,42.20338],[-8.69961,42.20374],[-8.70011,42.20382],[-8.70091,42.20376],[-8.70134,42.20393],[-8.70186,42.20452],[-8.70221,42.20546],[-8.7022,42.20654],[-8.70237,42.20685],[-8.7035,42.20784],[-8.7034,42.20818],[-8.70193,42.20843],[-8.70178,42.2089],[-8.70142,42.20928],[-8.70105,42.20942],[-8.70063,42.20941],[-8.70047,42.20999],[-8.70008,42.2102],[-8.69995,42.21097],[-8.69958,42.21098],[-8.69954,42.21045],[-8.6983,42.21044],[-8.69831,42.21176],[-8.69806,42.21171],[-8.69767,42.2122],[-8.69711,42.21227],[-8.69704,42.21218],[-8.69674,42.21216],[-8.69593,42.21245],[-8.69551,42.21247],[-8.69513,42.21299],[-8.69478,42.21295],[-8.69494,42.21212],[-8.69233,42.21181],[-8.69199,42.2119],[-8.69197,42.21257],[-8.69179,42.21323],[-8.69042,42.21438],[-8.68965,42.21476],[-8.68894,42.21568],[-8.68692,42.21528],[-8.68085,42.21436],[-8.67683,42.2139]]]}},{"type":"Feature","properties":{"id":"3605708012"},"geometry":{"type":"Polygon","coordinates":[[[-8.6706,42.20934],[-8.67036,42.20903],[-8.67084,42.2089],[-8.674,42.20852],[-8.67389,42.20825],[-8.67404,42.20775],[-8.67468,42.20724],[-8.67474,42.20699],[-8.67565,42.20626],[-8.67592,42.20617],[-8.67657,42.20571],[-8.67694,42.20526],[-8.67772,42.20471],[-8.67776,42.2043],[-8.67764,42.20395],[-8.67813,42.20386],[-8.67844,42.20367],[-8.67835,42.20325],[-8.67848,42.20313],[-8.68023,42.20205],[-8.68057,42.20099],[-8.68043,42.20066],[-8.68087,42.20018],[-8.68085,42.20004],[-8.68231,42.19887],[-8.68346,42.19834],[-8.68349,42.19818],[-8.68459,42.19802],[-8.68557,42.19851],[-8.68613,42.19862],[-8.68617,42.19717],[-8.68564,42.19648],[-8.68557,42.19611],[-8.68612,42.19604],[-8.68681,42.19579],[-8.68719,42.19549],[-8.68808,42.1957],[-8.68771,42.1953],[-8.68812,42.19481],[-8.68851,42.19476],[-8.69057,42.19519],[-8.69099,42.19522],[-8.6912,42.19508],[-8.69104,42.19475],[-8.69139,42.1945],[-8.69174,42.19444],[-8.69212,42.19362],[-8.69221,42.19302],[-8.69209,42.19212],[-8.69225,42.19208],[-8.69262,42.19341],[-8.69238,42.1938],[-8.69215,42.19459],[-8.69165,42.19573],[-8.69047,42.19638],[-8.69039,42.19658],[-8.6906,42.1972],[-8.69093,42.19754],[-8.69164,42.19759],[-8.69178,42.19777],[-8.69178,42.19795],[-8.69117,42.1986],[-8.69089,42.19909],[-8.69048,42.20011],[-8.6905,42.20033],[-8.69097,42.20109],[-8.69124,42.20123],[-8.69236,42.2013],[-8.6927,42.20119],[-8.69305,42.20126],[-8.69485,42.20221],[-8.69378,42.20298],[-8.69369,42.20359],[-8.69384,42.20436],[-8.69348,42.20492],[-8.69271,42.20557],[-8.69247,42.2061],[-8.69251,42.20661],[-8.69235,42.20681],[-8.69054,42.20665],[-8.68969,42.20677],[-8.68819,42.20672],[-8.68744,42.20689],[-8.68636,42.20768],[-8.68554,42.2076],[-8.68534,42.20872],[-8.68516,42.20911],[-8.68487,42.20942],[-8.6843,42.20931],[-8.68319,42.20928],[-8.68269,42.21014],[-8.68221,42.21004],[-8.68134,42.21012],[-8.67836,42.21105],[-8.67767,42.211],[-8.67634,42.21022],[-8.67618,42.21142],[-8.67567,42.21089],[-8.67494,42.21036],[-8.67361,42.20972],[-8.67187,42.20912],[-8.67099,42.20918],[-8.6706,42.20934]]]}},{"type":"Feature","properties":{"id":"3605708013"},"geometry":{"type":"Polygon","coordinates":[[[-8.74124,42.18941],[-8.74064,42.18827],[-8.74034,42.18851],[-8.73957,42.1887],[-8.73638,42.18832],[-8.73496,42.18804],[-8.73418,42.18755],[-8.73373,42.18746],[-8.73318,42.18775],[-8.73279,42.18818],[-8.73267,42.18853],[-8.73225,42.18843],[-8.73188,42.18867],[-8.73149,42.18848],[-8.73101,42.18849],[-8.7302,42.18835],[-8.72942,42.18857],[-8.72839,42.18871],[-8.72711,42.18872],[-8.72493,42.18926],[-8.72443,42.18923],[-8.72192,42.18951],[-8.72151,42.1897],[-8.72135,42.18992],[-8.71827,42.19061],[-8.71698,42.19064],[-8.71579,42.19054],[-8.71512,42.19015],[-8.71511,42.18977],[-8.71556,42.18911],[-8.71663,42.18856],[-8.7169,42.1876],[-8.71602,42.18767],[-8.71502,42.18631],[-8.71414,42.18573],[-8.71385,42.18519],[-8.71393,42.18499],[-8.71489,42.18447],[-8.71619,42.18405],[-8.71763,42.18374],[-8.71954,42.18373],[-8.72053,42.18386],[-8.71967,42.18233],[-8.71931,42.1822],[-8.71883,42.18171],[-8.72088,42.17985],[-8.72137,42.17876],[-8.72169,42.1786],[-8.72179,42.17845],[-8.72171,42.17786],[-8.72189,42.1779],[-8.72158,42.17712],[-8.72185,42.17651],[-8.72237,42.17662],[-8.72249,42.17673],[-8.72265,42.17756],[-8.72372,42.17772],[-8.72391,42.17758],[-8.72364,42.17681],[-8.7242,42.17678],[-8.72485,42.17741],[-8.726,42.1777],[-8.72601,42.1784],[-8.72616,42.17857],[-8.72658,42.17863],[-8.72702,42.18002],[-8.7272,42.18029],[-8.72837,42.18045],[-8.7289,42.18016],[-8.7301,42.18046],[-8.73091,42.18049],[-8.73145,42.18116],[-8.73241,42.18187],[-8.73313,42.18233],[-8.73476,42.18306],[-8.73591,42.1839],[-8.73667,42.1842],[-8.73875,42.18373],[-8.73956,42.18388],[-8.74018,42.18385],[-8.74068,42.18376],[-8.74121,42.18352],[-8.74156,42.18292],[-8.74163,42.18224],[-8.74108,42.18163],[-8.73858,42.17981],[-8.73725,42.17947],[-8.73624,42.17878],[-8.73537,42.1786],[-8.73621,42.17756],[-8.73727,42.1771],[-8.74052,42.17526],[-8.74132,42.1749],[-8.74359,42.1734],[-8.74512,42.17222],[-8.74588,42.17158],[-8.74689,42.16941],[-8.74836,42.17014],[-8.74887,42.17134],[-8.74938,42.17346],[-8.74975,42.17431],[-8.75017,42.17603],[-8.75023,42.17695],[-8.75053,42.17721],[-8.75077,42.17848],[-8.75151,42.18054],[-8.7516,42.18111],[-8.75301,42.18456],[-8.75125,42.18482],[-8.75109,42.18486],[-8.75097,42.18519],[-8.74903,42.18556],[-8.74927,42.18649],[-8.74856,42.18663],[-8.74772,42.18884],[-8.74415,42.19175],[-8.743,42.19],[-8.74232,42.18951],[-8.74124,42.18941]]]}},{"type":"Feature","properties":{"id":"3605708014"},"geometry":{"type":"Polygon","coordinates":[[[-8.72053,42.18386],[-8.71954,42.18373],[-8.71763,42.18374],[-8.71619,42.18405],[-8.71489,42.18447],[-8.71433,42.1848],[-8.71353,42.18411],[-8.7123,42.18335],[-8.71106,42.18238],[-8.71075,42.18173],[-8.71039,42.18147],[-8.71007,42.18104],[-8.70906,42.18067],[-8.70886,42.18074],[-8.70852,42.1805],[-8.70743,42.1802],[-8.70673,42.17936],[-8.70507,42.17828],[-8.70637,42.17809],[-8.70867,42.17749],[-8.71308,42.17673],[-8.71352,42.17618],[-8.71399,42.17594],[-8.71473,42.17571],[-8.71594,42.1755],[-8.71639,42.17508],[-8.71644,42.17472],[-8.71535,42.17451],[-8.71402,42.17412],[-8.71378,42.17379],[-8.71386,42.17342],[-8.71497,42.17364],[-8.71572,42.17394],[-8.71677,42.17417],[-8.71884,42.17315],[-8.72028,42.17277],[-8.72164,42.17216],[-8.72264,42.17201],[-8.72485,42.17061],[-8.72541,42.16975],[-8.72633,42.16908],[-8.72797,42.16863],[-8.72886,42.16808],[-8.72931,42.16768],[-8.73073,42.16674],[-8.73142,42.16608],[-8.73341,42.16453],[-8.73814,42.16606],[-8.74056,42.16674],[-8.74689,42.16941],[-8.74588,42.17158],[-8.74512,42.17222],[-8.74359,42.1734],[-8.74132,42.1749],[-8.74052,42.17526],[-8.73727,42.1771],[-8.73621,42.17756],[-8.73537,42.1786],[-8.73624,42.17878],[-8.73725,42.17947],[-8.73858,42.17981],[-8.74108,42.18163],[-8.74163,42.18224],[-8.74156,42.18292],[-8.74121,42.18352],[-8.74068,42.18376],[-8.74018,42.18385],[-8.73956,42.18388],[-8.73875,42.18373],[-8.73667,42.1842],[-8.73591,42.1839],[-8.73476,42.18306],[-8.73313,42.18233],[-8.73241,42.18187],[-8.73145,42.18116],[-8.73091,42.18049],[-8.7301,42.18046],[-8.7289,42.18016],[-8.72837,42.18045],[-8.7272,42.18029],[-8.72702,42.18002],[-8.72658,42.17863],[-8.72616,42.17857],[-8.72601,42.1784],[-8.726,42.1777],[-8.72485,42.17741],[-8.7242,42.17678],[-8.72364,42.17681],[-8.72391,42.17758],[-8.72372,42.17772],[-8.72265,42.17756],[-8.72249,42.17673],[-8.72237,42.17662],[-8.72185,42.17651],[-8.72158,42.17712],[-8.72189,42.1779],[-8.72171,42.17786],[-8.72179,42.17845],[-8.72169,42.1786],[-8.72137,42.17876],[-8.72088,42.17985],[-8.71883,42.18171],[-8.71931,42.1822],[-8.71967,42.18233],[-8.72053,42.18386]]]}},{"type":"Feature","properties":{"id":"3605708016"},"geometry":{"type":"Polygon","coordinates":[[[-8.71356,42.16906],[-8.71292,42.16606],[-8.7133,42.16607],[-8.71311,42.16562],[-8.71333,42.16559],[-8.71403,42.16583],[-8.71443,42.16567],[-8.71574,42.16487],[-8.71621,42.16484],[-8.71983,42.16508],[-8.7186,42.16161],[-8.71854,42.16112],[-8.71858,42.16068],[-8.71964,42.15819],[-8.72085,42.15876],[-8.72097,42.15894],[-8.72657,42.16211],[-8.7299,42.16339],[-8.73341,42.16453],[-8.73142,42.16608],[-8.73073,42.16674],[-8.72931,42.16768],[-8.72886,42.16808],[-8.72797,42.16863],[-8.72633,42.16908],[-8.72541,42.16975],[-8.72485,42.17061],[-8.72264,42.17201],[-8.72164,42.17216],[-8.72028,42.17277],[-8.71884,42.17315],[-8.71677,42.17417],[-8.71572,42.17394],[-8.71497,42.17364],[-8.71437,42.17354],[-8.71401,42.17187],[-8.71381,42.17141],[-8.71353,42.16957],[-8.71356,42.16906]]]}},{"type":"Feature","properties":{"id":"3605708017"},"geometry":{"type":"Polygon","coordinates":[[[-8.70507,42.17828],[-8.70419,42.17763],[-8.70306,42.17714],[-8.70066,42.17541],[-8.69998,42.17442],[-8.69903,42.17429],[-8.698,42.17369],[-8.69712,42.17285],[-8.69595,42.17143],[-8.69621,42.17123],[-8.69717,42.1709],[-8.69899,42.1692],[-8.70136,42.16819],[-8.70195,42.16782],[-8.7021,42.16752],[-8.7028,42.16681],[-8.70352,42.1658],[-8.70416,42.16394],[-8.70431,42.16251],[-8.70406,42.16159],[-8.70358,42.16077],[-8.7034,42.16025],[-8.70269,42.15895],[-8.70237,42.15864],[-8.70381,42.15839],[-8.70627,42.15842],[-8.70689,42.15836],[-8.70749,42.15818],[-8.70882,42.1581],[-8.70925,42.15709],[-8.71095,42.15751],[-8.71181,42.15742],[-8.71262,42.15687],[-8.71416,42.15637],[-8.71516,42.15576],[-8.71528,42.15571],[-8.7158,42.15592],[-8.7165,42.15544],[-8.71964,42.15819],[-8.71858,42.16068],[-8.71854,42.16112],[-8.7186,42.16161],[-8.71983,42.16508],[-8.71621,42.16484],[-8.71574,42.16487],[-8.71443,42.16567],[-8.71403,42.16583],[-8.71333,42.16559],[-8.71311,42.16562],[-8.7133,42.16607],[-8.71292,42.16606],[-8.7129,42.16647],[-8.71356,42.16906],[-8.71353,42.16957],[-8.71381,42.17141],[-8.71401,42.17187],[-8.71437,42.17354],[-8.71386,42.17342],[-8.71378,42.17379],[-8.71402,42.17412],[-8.71535,42.17451],[-8.71644,42.17472],[-8.71639,42.17508],[-8.71594,42.1755],[-8.71473,42.17571],[-8.71399,42.17594],[-8.71352,42.17618],[-8.71308,42.17673],[-8.70867,42.17749],[-8.70637,42.17809],[-8.70528,42.17826],[-8.70507,42.17828]]]}},{"type":"Feature","properties":{"id":"3605708018"},"geometry":{"type":"Polygon","coordinates":[[[-8.70925,42.15709],[-8.70882,42.1581],[-8.70749,42.15818],[-8.70689,42.15836],[-8.70627,42.15842],[-8.70381,42.15839],[-8.70237,42.15864],[-8.70269,42.15895],[-8.7034,42.16025],[-8.70358,42.16077],[-8.70406,42.16159],[-8.70431,42.16251],[-8.70416,42.16394],[-8.70352,42.1658],[-8.7028,42.16681],[-8.7021,42.16752],[-8.70195,42.16782],[-8.70136,42.16819],[-8.69899,42.1692],[-8.69717,42.1709],[-8.69621,42.17123],[-8.69595,42.17143],[-8.69308,42.17128],[-8.69086,42.1718],[-8.68869,42.17253],[-8.68676,42.17281],[-8.68506,42.17362],[-8.68467,42.17367],[-8.68095,42.17285],[-8.68036,42.17258],[-8.67941,42.1724],[-8.67665,42.17141],[-8.67605,42.17106],[-8.67669,42.17025],[-8.67663,42.17004],[-8.67563,42.16866],[-8.67566,42.16694],[-8.67538,42.16547],[-8.67576,42.16335],[-8.67473,42.16037],[-8.67418,42.15842],[-8.67351,42.15588],[-8.67262,42.15171],[-8.67546,42.15052],[-8.67776,42.1498],[-8.67954,42.1482],[-8.68091,42.14759],[-8.68233,42.14723],[-8.68275,42.14628],[-8.68494,42.14358],[-8.69102,42.13833],[-8.69653,42.13296],[-8.69728,42.13237],[-8.6999,42.13542],[-8.6999,42.13971],[-8.70047,42.14549],[-8.70285,42.1482],[-8.70336,42.15138],[-8.70442,42.15563],[-8.7044,42.15638],[-8.70853,42.15691],[-8.70925,42.15709]]]}},{"type":"Feature","properties":{"id":"3605709001"},"geometry":{"type":"Polygon","coordinates":[[[-8.75796,42.2241],[-8.75738,42.22219],[-8.75839,42.22178],[-8.75918,42.22164],[-8.76195,42.22201],[-8.7623,42.22192],[-8.76337,42.22128],[-8.76369,42.22119],[-8.76582,42.22101],[-8.76646,42.22111],[-8.76738,42.22142],[-8.76765,42.22093],[-8.76762,42.22029],[-8.76777,42.21921],[-8.76763,42.21845],[-8.76883,42.21839],[-8.76865,42.21784],[-8.76872,42.21748],[-8.76928,42.21671],[-8.77162,42.21561],[-8.77134,42.21539],[-8.77105,42.21425],[-8.77212,42.21395],[-8.77282,42.21394],[-8.773,42.21401],[-8.77324,42.21395],[-8.77328,42.21384],[-8.77599,42.21371],[-8.77628,42.21436],[-8.7762,42.2152],[-8.77659,42.21701],[-8.77688,42.21731],[-8.77729,42.21751],[-8.77745,42.21736],[-8.77726,42.21719],[-8.77735,42.2171],[-8.77756,42.21735],[-8.77795,42.21735],[-8.77839,42.21757],[-8.77833,42.21781],[-8.77814,42.21783],[-8.77794,42.218],[-8.77811,42.21799],[-8.77824,42.21815],[-8.77809,42.21835],[-8.77781,42.21853],[-8.77761,42.21841],[-8.77746,42.21852],[-8.77762,42.2186],[-8.7775,42.2188],[-8.7776,42.21883],[-8.77783,42.21868],[-8.77777,42.21886],[-8.77805,42.21903],[-8.77801,42.21923],[-8.77761,42.21923],[-8.77806,42.22025],[-8.77569,42.22182],[-8.77402,42.22276],[-8.77297,42.22356],[-8.77167,42.22406],[-8.77108,42.22513],[-8.76989,42.22488],[-8.76943,42.22493],[-8.76925,42.22472],[-8.76832,42.22446],[-8.76855,42.22335],[-8.76637,42.2234],[-8.76105,42.22477],[-8.76047,42.22355],[-8.75961,42.22368],[-8.75944,42.22363],[-8.75866,42.22394],[-8.7585,42.22383],[-8.75818,42.22389],[-8.75796,42.2241]]]}},{"type":"Feature","properties":{"id":"3605709002"},"geometry":{"type":"Polygon","coordinates":[[[-8.75913,42.22164],[-8.75839,42.22178],[-8.75738,42.22219],[-8.75718,42.22108],[-8.75724,42.21836],[-8.75639,42.21848],[-8.75614,42.2179],[-8.75591,42.21684],[-8.75563,42.21688],[-8.75541,42.21671],[-8.75448,42.21575],[-8.75372,42.21478],[-8.75308,42.21434],[-8.75442,42.21377],[-8.7549,42.21502],[-8.75939,42.21391],[-8.75896,42.21372],[-8.75841,42.21305],[-8.75838,42.21276],[-8.75858,42.21217],[-8.75898,42.21302],[-8.76073,42.213],[-8.76463,42.21348],[-8.76508,42.21382],[-8.76575,42.2137],[-8.76625,42.21376],[-8.76675,42.21354],[-8.76756,42.21335],[-8.76836,42.21327],[-8.76894,42.21305],[-8.77117,42.21271],[-8.77141,42.21338],[-8.7715,42.21412],[-8.77105,42.21425],[-8.77134,42.21539],[-8.77162,42.21561],[-8.76928,42.21671],[-8.76872,42.21748],[-8.76865,42.21784],[-8.76883,42.21839],[-8.76763,42.21845],[-8.76777,42.21921],[-8.76762,42.22029],[-8.76765,42.22093],[-8.76738,42.22142],[-8.76646,42.22111],[-8.76582,42.22101],[-8.76369,42.22119],[-8.76337,42.22128],[-8.7623,42.22192],[-8.76195,42.22201],[-8.75913,42.22164]]]}},{"type":"Feature","properties":{"id":"3605709003"},"geometry":{"type":"Polygon","coordinates":[[[-8.77117,42.21271],[-8.76894,42.21305],[-8.76836,42.21327],[-8.76738,42.21338],[-8.76625,42.21376],[-8.76575,42.2137],[-8.76508,42.21382],[-8.76463,42.21348],[-8.76073,42.213],[-8.75898,42.21302],[-8.75859,42.21218],[-8.75857,42.21156],[-8.75984,42.20984],[-8.76023,42.21008],[-8.7632,42.20922],[-8.7636,42.20935],[-8.76404,42.20922],[-8.76389,42.21055],[-8.76404,42.21081],[-8.76471,42.21089],[-8.76493,42.21101],[-8.76628,42.21078],[-8.76647,42.21065],[-8.76662,42.21025],[-8.76676,42.21019],[-8.76682,42.20976],[-8.76624,42.20881],[-8.76679,42.2087],[-8.76779,42.20784],[-8.76841,42.20758],[-8.76861,42.20769],[-8.76911,42.20737],[-8.76948,42.2074],[-8.76969,42.2072],[-8.76984,42.20728],[-8.77001,42.20757],[-8.77068,42.20789],[-8.77092,42.2081],[-8.77135,42.2081],[-8.77151,42.20743],[-8.77292,42.20723],[-8.7743,42.20743],[-8.77579,42.20796],[-8.77687,42.20573],[-8.77684,42.20319],[-8.77696,42.20274],[-8.77709,42.2026],[-8.77741,42.2025],[-8.77859,42.20247],[-8.77868,42.20299],[-8.77957,42.20354],[-8.77967,42.20387],[-8.78036,42.20389],[-8.77909,42.20485],[-8.77859,42.20551],[-8.77652,42.20958],[-8.77603,42.2112],[-8.77581,42.21268],[-8.77599,42.21371],[-8.77328,42.21384],[-8.77324,42.21395],[-8.773,42.21401],[-8.77282,42.21394],[-8.77219,42.21394],[-8.7715,42.21412],[-8.77141,42.21338],[-8.77117,42.21271]]]}},{"type":"Feature","properties":{"id":"3605709004"},"geometry":{"type":"Polygon","coordinates":[[[-8.75984,42.20984],[-8.76185,42.20905],[-8.76049,42.20612],[-8.75942,42.20536],[-8.75865,42.20607],[-8.7576,42.20728],[-8.75729,42.20754],[-8.7573,42.20664],[-8.757,42.20591],[-8.7573,42.20493],[-8.7572,42.20348],[-8.75743,42.20353],[-8.75822,42.20341],[-8.75794,42.20309],[-8.75822,42.20274],[-8.75814,42.20236],[-8.75822,42.20163],[-8.75902,42.20156],[-8.75938,42.20165],[-8.75952,42.2018],[-8.75948,42.20203],[-8.75964,42.20215],[-8.76125,42.20151],[-8.76159,42.20149],[-8.76244,42.20173],[-8.76266,42.20193],[-8.76293,42.20181],[-8.763,42.20152],[-8.76548,42.20169],[-8.76596,42.2018],[-8.76615,42.20167],[-8.76681,42.20206],[-8.76722,42.20251],[-8.76758,42.20261],[-8.768,42.20241],[-8.76855,42.20194],[-8.76946,42.20168],[-8.76985,42.20141],[-8.77064,42.20141],[-8.77097,42.20127],[-8.77148,42.20121],[-8.77303,42.20144],[-8.77578,42.20161],[-8.77821,42.20133],[-8.77853,42.2016],[-8.77868,42.20211],[-8.77859,42.20247],[-8.77741,42.2025],[-8.77709,42.2026],[-8.77696,42.20274],[-8.77684,42.20319],[-8.77687,42.20573],[-8.77579,42.20796],[-8.7743,42.20743],[-8.77292,42.20723],[-8.77151,42.20743],[-8.77135,42.2081],[-8.77092,42.2081],[-8.77068,42.20789],[-8.77001,42.20757],[-8.7698,42.20723],[-8.76957,42.20723],[-8.76948,42.2074],[-8.76911,42.20737],[-8.76861,42.20769],[-8.76841,42.20758],[-8.76779,42.20784],[-8.76679,42.2087],[-8.76624,42.20881],[-8.76682,42.20976],[-8.76676,42.21019],[-8.76662,42.21025],[-8.76647,42.21065],[-8.76628,42.21078],[-8.76493,42.21101],[-8.76471,42.21089],[-8.76404,42.21081],[-8.76389,42.21055],[-8.76404,42.20922],[-8.7636,42.20935],[-8.7632,42.20922],[-8.76023,42.21008],[-8.75984,42.20984]]]}},{"type":"Feature","properties":{"id":"3605709005"},"geometry":{"type":"MultiPolygon","coordinates":[[[[-8.74831,42.21161],[-8.74708,42.21089],[-8.74763,42.21038],[-8.74759,42.21029],[-8.74639,42.21028],[-8.74526,42.21009],[-8.74436,42.21026],[-8.74427,42.2096],[-8.74578,42.20931],[-8.74683,42.20885],[-8.74748,42.20824],[-8.74833,42.20695],[-8.74925,42.20623],[-8.74987,42.20595],[-8.75074,42.20573],[-8.75161,42.20573],[-8.75182,42.20527],[-8.75352,42.20315],[-8.75369,42.20261],[-8.75353,42.20242],[-8.75386,42.20182],[-8.75394,42.20139],[-8.7549,42.20115],[-8.75479,42.20075],[-8.75412,42.19966],[-8.75493,42.19919],[-8.75657,42.19884],[-8.75711,42.19938],[-8.75734,42.19944],[-8.75913,42.19905],[-8.7593,42.19875],[-8.75985,42.19839],[-8.76031,42.1986],[-8.76068,42.1986],[-8.7613,42.19842],[-8.76104,42.19798],[-8.76217,42.19768],[-8.76233,42.19783],[-8.76221,42.19795],[-8.7624,42.19826],[-8.76239,42.19856],[-8.76344,42.19798],[-8.7648,42.19681],[-8.76727,42.19557],[-8.76769,42.19664],[-8.76771,42.19792],[-8.76755,42.1982],[-8.76825,42.19846],[-8.7683,42.19879],[-8.76813,42.1997],[-8.76856,42.19995],[-8.76832,42.20014],[-8.76995,42.20096],[-8.77026,42.20139],[-8.76991,42.20139],[-8.76946,42.20168],[-8.76855,42.20194],[-8.768,42.20241],[-8.76758,42.20261],[-8.76722,42.20251],[-8.76681,42.20206],[-8.76615,42.20167],[-8.76596,42.2018],[-8.76548,42.20169],[-8.763,42.20152],[-8.76293,42.20181],[-8.76266,42.20193],[-8.76244,42.20173],[-8.76159,42.20149],[-8.76125,42.20151],[-8.75964,42.20215],[-8.75948,42.20203],[-8.75952,42.2018],[-8.75938,42.20165],[-8.75902,42.20156],[-8.75822,42.20163],[-8.75814,42.20236],[-8.75822,42.20274],[-8.75794,42.20309],[-8.75822,42.20341],[-8.75743,42.20353],[-8.7572,42.20348],[-8.7573,42.20493],[-8.757,42.20591],[-8.7573,42.20664],[-8.75731,42.20752],[-8.75636,42.20831],[-8.75419,42.20925],[-8.75289,42.21064],[-8.75162,42.21122],[-8.7516,42.21114],[-8.75103,42.21146],[-8.75049,42.21213],[-8.74991,42.21184],[-8.74831,42.21161]]],[[[-8.75289,42.21416],[-8.75187,42.21327],[-8.75202,42.2126],[-8.75254,42.21262],[-8.75383,42.2123],[-8.7543,42.2132],[-8.75367,42.21382],[-8.75289,42.21416]]]]}},{"type":"Feature","properties":{"id":"3605709006"},"geometry":{"type":"Polygon","coordinates":[[[-8.74903,42.18556],[-8.75097,42.18519],[-8.75109,42.18486],[-8.75125,42.18482],[-8.75301,42.18456],[-8.75319,42.18495],[-8.75273,42.1852],[-8.75257,42.18541],[-8.75316,42.18655],[-8.75345,42.18661],[-8.75402,42.18651],[-8.75412,42.18662],[-8.75436,42.1876],[-8.75577,42.18793],[-8.7563,42.18793],[-8.75665,42.18802],[-8.7609,42.18789],[-8.76216,42.18802],[-8.76471,42.19259],[-8.76549,42.19333],[-8.76563,42.19358],[-8.76545,42.19441],[-8.76578,42.19537],[-8.76695,42.19574],[-8.7648,42.19681],[-8.76344,42.19798],[-8.76239,42.19856],[-8.7624,42.19826],[-8.76221,42.19795],[-8.76233,42.19783],[-8.76217,42.19768],[-8.76104,42.19798],[-8.7613,42.19842],[-8.76068,42.1986],[-8.76031,42.1986],[-8.75985,42.19839],[-8.7593,42.19875],[-8.75913,42.19905],[-8.75734,42.19944],[-8.75711,42.19938],[-8.75657,42.19884],[-8.75493,42.19919],[-8.7544,42.19947],[-8.75412,42.19966],[-8.75479,42.20075],[-8.7549,42.20115],[-8.75394,42.20139],[-8.75386,42.20182],[-8.75353,42.20242],[-8.75369,42.20261],[-8.75352,42.20315],[-8.75182,42.20527],[-8.75161,42.20573],[-8.75108,42.2054],[-8.75236,42.20386],[-8.75207,42.20329],[-8.75035,42.20102],[-8.74818,42.20128],[-8.74593,42.20142],[-8.74559,42.20032],[-8.74536,42.20037],[-8.74551,42.19916],[-8.74566,42.19918],[-8.746,42.19896],[-8.74627,42.19822],[-8.7475,42.19739],[-8.74897,42.19571],[-8.74801,42.19489],[-8.74764,42.19411],[-8.74727,42.19361],[-8.7454,42.19338],[-8.74512,42.19325],[-8.74495,42.19293],[-8.74501,42.19277],[-8.74528,42.19266],[-8.74525,42.1926],[-8.74415,42.19176],[-8.74772,42.18884],[-8.74856,42.18663],[-8.74927,42.18649],[-8.74903,42.18556]]]}},{"type":"Feature","properties":{"id":"3605709007"},"geometry":{"type":"Polygon","coordinates":[[[-8.78797,42.18284],[-8.78758,42.18378],[-8.78767,42.1841],[-8.78788,42.18428],[-8.78767,42.18499],[-8.78758,42.18599],[-8.7873,42.18637],[-8.78664,42.18642],[-8.78665,42.18664],[-8.7863,42.18724],[-8.78633,42.18765],[-8.78677,42.18825],[-8.78717,42.18914],[-8.7877,42.18929],[-8.78786,42.18953],[-8.78748,42.18977],[-8.78744,42.19005],[-8.78755,42.19027],[-8.78729,42.19043],[-8.78749,42.19062],[-8.78803,42.19087],[-8.78768,42.19123],[-8.78684,42.19168],[-8.78594,42.19122],[-8.78345,42.19117],[-8.78169,42.19102],[-8.78151,42.19107],[-8.78068,42.19037],[-8.78095,42.18998],[-8.78048,42.1896],[-8.7804,42.1893],[-8.78023,42.18925],[-8.77978,42.18864],[-8.77812,42.18872],[-8.77813,42.18823],[-8.77738,42.18824],[-8.77754,42.18753],[-8.77723,42.18738],[-8.77704,42.18752],[-8.7766,42.18736],[-8.77439,42.18712],[-8.77382,42.18718],[-8.77289,42.18753],[-8.77278,42.18711],[-8.77254,42.18701],[-8.77181,42.18715],[-8.77186,42.18567],[-8.77118,42.18493],[-8.76891,42.18414],[-8.76828,42.18406],[-8.76748,42.18428],[-8.76773,42.1847],[-8.76782,42.18511],[-8.76825,42.18556],[-8.76806,42.18576],[-8.76802,42.186],[-8.76825,42.18641],[-8.76828,42.18674],[-8.76878,42.18703],[-8.76974,42.18832],[-8.76888,42.18864],[-8.76827,42.18909],[-8.76823,42.18925],[-8.76909,42.19011],[-8.76912,42.1912],[-8.77075,42.19072],[-8.77083,42.19142],[-8.77121,42.19162],[-8.77079,42.19169],[-8.77088,42.19196],[-8.76977,42.19259],[-8.7689,42.19212],[-8.76842,42.19202],[-8.76824,42.19175],[-8.76811,42.19204],[-8.76798,42.19208],[-8.76712,42.19198],[-8.76622,42.1925],[-8.76471,42.19259],[-8.76216,42.18802],[-8.7609,42.18789],[-8.75665,42.18802],[-8.7563,42.18793],[-8.75577,42.18793],[-8.75436,42.1876],[-8.75402,42.18651],[-8.75345,42.18661],[-8.75316,42.18655],[-8.75257,42.18541],[-8.75273,42.1852],[-8.75319,42.18495],[-8.75214,42.1826],[-8.7516,42.18111],[-8.75151,42.18054],[-8.75077,42.17848],[-8.75053,42.17721],[-8.75023,42.17695],[-8.75017,42.17603],[-8.74975,42.17431],[-8.74938,42.17346],[-8.74887,42.17134],[-8.74836,42.17014],[-8.75293,42.17295],[-8.75916,42.17357],[-8.76647,42.17064],[-8.76733,42.17037],[-8.7736,42.17011],[-8.77617,42.16988],[-8.78148,42.16912],[-8.7836,42.17135],[-8.78406,42.17207],[-8.78445,42.17245],[-8.7847,42.17309],[-8.78546,42.17288],[-8.78594,42.17381],[-8.78682,42.17432],[-8.7869,42.17444],[-8.7868,42.17468],[-8.78578,42.17554],[-8.78611,42.17604],[-8.78637,42.1762],[-8.78761,42.17583],[-8.78787,42.17628],[-8.78829,42.1773],[-8.78894,42.17963],[-8.78899,42.18054],[-8.78927,42.18141],[-8.78925,42.18168],[-8.78797,42.18284]]]}},{"type":"Feature","properties":{"id":"3605709008"},"geometry":{"type":"Polygon","coordinates":[[[-8.76552,42.1944],[-8.76563,42.19358],[-8.76474,42.19257],[-8.76622,42.1925],[-8.76712,42.19198],[-8.76798,42.19208],[-8.76811,42.19204],[-8.76824,42.19175],[-8.76842,42.19202],[-8.7689,42.19212],[-8.76977,42.19259],[-8.77088,42.19196],[-8.77079,42.19169],[-8.77121,42.19162],[-8.77083,42.19142],[-8.77075,42.19072],[-8.76912,42.1912],[-8.76909,42.19011],[-8.76823,42.18925],[-8.76827,42.18909],[-8.76888,42.18864],[-8.76974,42.18832],[-8.76878,42.18703],[-8.76828,42.18674],[-8.76825,42.18641],[-8.76802,42.186],[-8.76806,42.18576],[-8.76825,42.18556],[-8.76782,42.18511],[-8.76773,42.1847],[-8.76748,42.18428],[-8.76828,42.18406],[-8.76891,42.18414],[-8.77118,42.18493],[-8.77186,42.18567],[-8.77181,42.18715],[-8.77254,42.18701],[-8.77278,42.18711],[-8.77289,42.18753],[-8.77382,42.18718],[-8.77439,42.18712],[-8.7766,42.18736],[-8.77704,42.18752],[-8.77723,42.18738],[-8.77754,42.18753],[-8.77738,42.18824],[-8.77813,42.18823],[-8.77812,42.18872],[-8.77978,42.18864],[-8.78023,42.18925],[-8.7804,42.1893],[-8.78048,42.1896],[-8.78095,42.18998],[-8.78068,42.19037],[-8.78151,42.19107],[-8.78174,42.19105],[-8.78205,42.1914],[-8.78314,42.19217],[-8.78274,42.19238],[-8.78257,42.19267],[-8.7822,42.19287],[-8.78251,42.19313],[-8.78053,42.19412],[-8.77999,42.19365],[-8.77981,42.19368],[-8.7792,42.19297],[-8.77846,42.19331],[-8.77735,42.19318],[-8.77682,42.19393],[-8.77618,42.19382],[-8.77582,42.19404],[-8.77499,42.19415],[-8.77444,42.19413],[-8.77352,42.19384],[-8.77206,42.19376],[-8.77068,42.19437],[-8.7685,42.19493],[-8.76767,42.19532],[-8.76735,42.19507],[-8.76714,42.19471],[-8.76668,42.19463],[-8.7662,42.19425],[-8.76552,42.1944]]]}},{"type":"Feature","properties":{"id":"3605709009"},"geometry":{"type":"Polygon","coordinates":[[[-8.7894,42.18928],[-8.7886,42.18937],[-8.78913,42.19017],[-8.78934,42.1902],[-8.79021,42.19226],[-8.7905,42.19325],[-8.78809,42.19356],[-8.78795,42.19385],[-8.78716,42.19441],[-8.78743,42.19457],[-8.7866,42.19478],[-8.78663,42.19491],[-8.78587,42.19516],[-8.78607,42.19569],[-8.78666,42.19559],[-8.78703,42.19625],[-8.78594,42.19652],[-8.78509,42.19695],[-8.78488,42.19676],[-8.78396,42.19719],[-8.78383,42.19734],[-8.78428,42.19795],[-8.78435,42.19821],[-8.78303,42.19865],[-8.78272,42.19812],[-8.78217,42.19833],[-8.78066,42.19863],[-8.78032,42.19866],[-8.78003,42.19835],[-8.77932,42.19829],[-8.77872,42.19857],[-8.77831,42.19882],[-8.7782,42.19909],[-8.77808,42.20067],[-8.77821,42.20133],[-8.77578,42.20161],[-8.77303,42.20144],[-8.77148,42.20121],[-8.77097,42.20127],[-8.77064,42.20141],[-8.77026,42.20139],[-8.76995,42.20096],[-8.76832,42.20014],[-8.76856,42.19995],[-8.76813,42.1997],[-8.7683,42.19879],[-8.76825,42.19846],[-8.76755,42.1982],[-8.76771,42.19792],[-8.76769,42.19664],[-8.76727,42.19557],[-8.76695,42.19574],[-8.76579,42.19539],[-8.76545,42.19441],[-8.7662,42.19425],[-8.76668,42.19463],[-8.76714,42.19471],[-8.76735,42.19507],[-8.76767,42.19532],[-8.7685,42.19493],[-8.77068,42.19437],[-8.77206,42.19376],[-8.77352,42.19384],[-8.77444,42.19413],[-8.77499,42.19415],[-8.77582,42.19404],[-8.77618,42.19382],[-8.77682,42.19393],[-8.77735,42.19318],[-8.77846,42.19331],[-8.7792,42.19297],[-8.77981,42.19368],[-8.77999,42.19365],[-8.78053,42.19412],[-8.78251,42.19313],[-8.7822,42.19287],[-8.78257,42.19267],[-8.78274,42.19238],[-8.78314,42.19217],[-8.78205,42.1914],[-8.78169,42.19102],[-8.78345,42.19117],[-8.78594,42.19122],[-8.78684,42.19168],[-8.78791,42.19108],[-8.78803,42.19087],[-8.78749,42.19062],[-8.78729,42.19043],[-8.78755,42.19027],[-8.78744,42.19005],[-8.78748,42.18977],[-8.78786,42.18953],[-8.7877,42.18929],[-8.78717,42.18914],[-8.78677,42.18825],[-8.78633,42.18765],[-8.7863,42.18724],[-8.78665,42.18664],[-8.78664,42.18642],[-8.78771,42.18633],[-8.78846,42.18642],[-8.78901,42.1873],[-8.78922,42.18737],[-8.78932,42.18801],[-8.78962,42.18882],[-8.7894,42.18928]]]}},{"type":"Feature","properties":{"id":"3605709010"},"geometry":{"type":"Polygon","coordinates":[[[-8.78036,42.20389],[-8.77967,42.20387],[-8.77957,42.20354],[-8.77868,42.20299],[-8.77859,42.20251],[-8.77865,42.20192],[-8.77853,42.2016],[-8.77819,42.20132],[-8.77808,42.20067],[-8.7782,42.19909],[-8.77831,42.19882],[-8.77932,42.19829],[-8.78003,42.19835],[-8.78032,42.19866],[-8.78217,42.19833],[-8.78272,42.19812],[-8.78303,42.19865],[-8.78435,42.19821],[-8.78428,42.19795],[-8.78383,42.19734],[-8.78442,42.19691],[-8.78488,42.19676],[-8.78509,42.19695],[-8.78594,42.19652],[-8.78701,42.19626],[-8.78666,42.19559],[-8.78607,42.19569],[-8.78587,42.19516],[-8.78663,42.19491],[-8.7866,42.19478],[-8.78743,42.19457],[-8.78716,42.19441],[-8.78795,42.19385],[-8.78809,42.19356],[-8.78841,42.19351],[-8.7905,42.19324],[-8.79145,42.19419],[-8.79206,42.1942],[-8.79225,42.19433],[-8.79234,42.19473],[-8.79351,42.19539],[-8.7944,42.1962],[-8.79473,42.19676],[-8.79555,42.19701],[-8.79694,42.19772],[-8.79994,42.20019],[-8.80104,42.20004],[-8.80129,42.19991],[-8.8014,42.19958],[-8.80169,42.19934],[-8.80266,42.19911],[-8.80313,42.19917],[-8.80387,42.19942],[-8.80436,42.19985],[-8.8045,42.20022],[-8.80473,42.20014],[-8.80496,42.20035],[-8.80443,42.20046],[-8.8045,42.20072],[-8.80433,42.20093],[-8.80409,42.20105],[-8.80388,42.20095],[-8.80374,42.20105],[-8.80363,42.20095],[-8.8033,42.20134],[-8.80289,42.20158],[-8.80226,42.2017],[-8.8017,42.20166],[-8.80136,42.20176],[-8.80105,42.20215],[-8.80094,42.20255],[-8.80049,42.20299],[-8.79995,42.20317],[-8.79966,42.20312],[-8.79892,42.20266],[-8.79897,42.20254],[-8.79918,42.20246],[-8.79944,42.20192],[-8.79914,42.20111],[-8.79915,42.20075],[-8.79936,42.2005],[-8.79981,42.20028],[-8.79678,42.19784],[-8.79666,42.1979],[-8.79653,42.19778],[-8.7953,42.19812],[-8.79353,42.19823],[-8.79295,42.19844],[-8.79087,42.19872],[-8.78988,42.19897],[-8.78982,42.1991],[-8.7888,42.19962],[-8.78836,42.20019],[-8.78844,42.20035],[-8.78825,42.20059],[-8.78792,42.19979],[-8.78728,42.19977],[-8.78642,42.2],[-8.78641,42.20015],[-8.78628,42.20012],[-8.78561,42.20058],[-8.78545,42.2009],[-8.78565,42.20134],[-8.78552,42.20156],[-8.78547,42.20132],[-8.78521,42.20103],[-8.78519,42.20116],[-8.78507,42.20109],[-8.78501,42.20139],[-8.78472,42.20104],[-8.78466,42.20127],[-8.78454,42.20116],[-8.78432,42.2012],[-8.78419,42.20128],[-8.78419,42.20143],[-8.78381,42.20158],[-8.7837,42.20175],[-8.78343,42.20159],[-8.78267,42.20187],[-8.78249,42.20211],[-8.78227,42.20285],[-8.78254,42.20348],[-8.78248,42.20369],[-8.78215,42.20361],[-8.78192,42.20331],[-8.78072,42.20359],[-8.78036,42.20389]]]}},{"type":"Feature","properties":{"id":"3605709011"},"geometry":{"type":"Polygon","coordinates":[[[-8.79555,42.19701],[-8.79473,42.19676],[-8.7944,42.1962],[-8.79351,42.19539],[-8.79234,42.19473],[-8.79226,42.19437],[-8.79272,42.19433],[-8.79443,42.19383],[-8.7948,42.19349],[-8.79561,42.19212],[-8.79739,42.19215],[-8.79827,42.19231],[-8.79834,42.192],[-8.79891,42.19193],[-8.79906,42.19177],[-8.7994,42.19178],[-8.79955,42.1908],[-8.79942,42.19056],[-8.7993,42.19062],[-8.79931,42.19042],[-8.80024,42.18947],[-8.80052,42.18949],[-8.80055,42.18916],[-8.80069,42.18915],[-8.80081,42.18936],[-8.80216,42.18942],[-8.80262,42.18922],[-8.80274,42.18945],[-8.8041,42.18945],[-8.80405,42.18836],[-8.80556,42.18761],[-8.80597,42.18725],[-8.80612,42.18689],[-8.80867,42.18707],[-8.8099,42.18703],[-8.81005,42.18411],[-8.81056,42.18355],[-8.81053,42.18314],[-8.81087,42.18322],[-8.81233,42.18193],[-8.81241,42.18231],[-8.81262,42.18237],[-8.81291,42.18226],[-8.8131,42.18232],[-8.81322,42.18268],[-8.81366,42.18257],[-8.81439,42.18278],[-8.81435,42.18308],[-8.81417,42.18331],[-8.81432,42.1834],[-8.81427,42.18375],[-8.814,42.18389],[-8.81404,42.18417],[-8.81387,42.18413],[-8.81379,42.18429],[-8.81421,42.18442],[-8.81415,42.18511],[-8.81462,42.18502],[-8.81457,42.18528],[-8.8146,42.18539],[-8.81481,42.18537],[-8.8149,42.1859],[-8.8152,42.18586],[-8.81527,42.18607],[-8.81545,42.18614],[-8.81564,42.18604],[-8.81561,42.18624],[-8.81582,42.18627],[-8.81606,42.18649],[-8.81593,42.18668],[-8.81598,42.18681],[-8.81616,42.1868],[-8.81616,42.18713],[-8.81601,42.18722],[-8.81611,42.18755],[-8.81598,42.1877],[-8.81585,42.18769],[-8.8157,42.18739],[-8.81559,42.18741],[-8.8156,42.18761],[-8.81543,42.18767],[-8.81551,42.18782],[-8.81531,42.18778],[-8.81503,42.18798],[-8.81512,42.18809],[-8.81504,42.18817],[-8.81465,42.18821],[-8.81473,42.18829],[-8.8147,42.1886],[-8.81458,42.18863],[-8.81467,42.18888],[-8.81456,42.18895],[-8.81444,42.18887],[-8.81414,42.18894],[-8.81398,42.1893],[-8.81365,42.18937],[-8.81333,42.18966],[-8.81305,42.1896],[-8.81301,42.18974],[-8.81342,42.1899],[-8.81298,42.19002],[-8.81326,42.19006],[-8.81325,42.19016],[-8.81272,42.19022],[-8.81251,42.19003],[-8.81231,42.1904],[-8.81216,42.19017],[-8.81204,42.19018],[-8.81187,42.19075],[-8.81196,42.19108],[-8.81187,42.19112],[-8.8116,42.1909],[-8.81123,42.19089],[-8.81134,42.19074],[-8.81114,42.19072],[-8.81084,42.19101],[-8.81065,42.19091],[-8.81066,42.19081],[-8.81045,42.1908],[-8.81001,42.19022],[-8.80981,42.19027],[-8.80945,42.19021],[-8.80854,42.19033],[-8.80821,42.19056],[-8.8082,42.19077],[-8.80793,42.19084],[-8.8078,42.19079],[-8.80771,42.19092],[-8.8075,42.19091],[-8.80752,42.19067],[-8.80722,42.19076],[-8.80727,42.19101],[-8.80705,42.1911],[-8.8067,42.19101],[-8.80669,42.19075],[-8.80658,42.19066],[-8.80554,42.19097],[-8.80527,42.19121],[-8.80497,42.19122],[-8.80331,42.1921],[-8.8026,42.19236],[-8.80174,42.19297],[-8.80182,42.19323],[-8.80168,42.19327],[-8.80167,42.19338],[-8.80148,42.19336],[-8.80125,42.19381],[-8.80143,42.19399],[-8.80137,42.19423],[-8.80163,42.19452],[-8.80163,42.19466],[-8.80119,42.19501],[-8.80094,42.19508],[-8.80086,42.19501],[-8.80138,42.1946],[-8.80092,42.19404],[-8.80051,42.19399],[-8.80044,42.1943],[-8.80009,42.19424],[-8.79997,42.19407],[-8.79972,42.19406],[-8.79941,42.19382],[-8.79909,42.19375],[-8.7992,42.19364],[-8.79904,42.19348],[-8.79827,42.19365],[-8.79751,42.19415],[-8.79667,42.1951],[-8.79652,42.19545],[-8.79681,42.19599],[-8.79677,42.19615],[-8.79633,42.19643],[-8.79627,42.1966],[-8.79586,42.19694],[-8.79555,42.19701]]]}},{"type":"Feature","properties":{"id":"3605709012"},"geometry":{"type":"Polygon","coordinates":[[[-8.7905,42.19324],[-8.79021,42.19226],[-8.78934,42.1902],[-8.78913,42.19017],[-8.7886,42.18937],[-8.7894,42.18928],[-8.78962,42.18882],[-8.78932,42.18801],[-8.78922,42.18737],[-8.78901,42.1873],[-8.78846,42.18642],[-8.78765,42.18634],[-8.78851,42.18589],[-8.78897,42.18581],[-8.78958,42.18583],[-8.79081,42.18551],[-8.79169,42.18509],[-8.79159,42.18493],[-8.79197,42.18479],[-8.7926,42.18485],[-8.79442,42.18461],[-8.79501,42.18343],[-8.79665,42.18346],[-8.79692,42.18381],[-8.79721,42.18467],[-8.79762,42.1854],[-8.79928,42.18537],[-8.79975,42.18517],[-8.80012,42.18515],[-8.80111,42.18528],[-8.80157,42.18601],[-8.80127,42.18663],[-8.80064,42.18857],[-8.80052,42.18949],[-8.80024,42.18947],[-8.79931,42.19042],[-8.7993,42.19062],[-8.79942,42.19056],[-8.79955,42.1908],[-8.7994,42.19178],[-8.79906,42.19177],[-8.79891,42.19193],[-8.79834,42.192],[-8.79827,42.19231],[-8.79739,42.19215],[-8.79561,42.19212],[-8.7948,42.19349],[-8.79443,42.19383],[-8.79272,42.19433],[-8.79226,42.19437],[-8.79206,42.1942],[-8.79145,42.19419],[-8.7905,42.19324]]]}},{"type":"Feature","properties":{"id":"3605709013"},"geometry":{"type":"Polygon","coordinates":[[[-8.80111,42.18528],[-8.79975,42.18517],[-8.79928,42.18537],[-8.79762,42.1854],[-8.79721,42.18467],[-8.79692,42.18381],[-8.79665,42.18346],[-8.79501,42.18343],[-8.79442,42.18461],[-8.7926,42.18485],[-8.79197,42.18479],[-8.79159,42.18493],[-8.79169,42.18509],[-8.79081,42.18551],[-8.78958,42.18583],[-8.78897,42.18581],[-8.78851,42.18589],[-8.7879,42.18627],[-8.7873,42.18637],[-8.78761,42.18586],[-8.78767,42.18499],[-8.78788,42.18428],[-8.78767,42.1841],[-8.78758,42.18378],[-8.78783,42.18312],[-8.78797,42.18284],[-8.78925,42.18168],[-8.78927,42.18141],[-8.78899,42.18054],[-8.78894,42.17963],[-8.78829,42.1773],[-8.78761,42.17583],[-8.78813,42.17572],[-8.78881,42.17543],[-8.79102,42.17491],[-8.79179,42.17443],[-8.79402,42.17414],[-8.79748,42.17347],[-8.79905,42.17297],[-8.79922,42.1728],[-8.79946,42.17274],[-8.79995,42.17276],[-8.80009,42.1729],[-8.80089,42.17316],[-8.80201,42.17368],[-8.80417,42.17447],[-8.80455,42.1749],[-8.80455,42.17532],[-8.8048,42.1759],[-8.80525,42.17686],[-8.80567,42.17738],[-8.80406,42.1777],[-8.8033,42.17853],[-8.80308,42.18015],[-8.80316,42.18038],[-8.80246,42.18074],[-8.8024,42.1815],[-8.80217,42.18217],[-8.80229,42.18259],[-8.80176,42.18255],[-8.80157,42.18343],[-8.80107,42.18404],[-8.80209,42.18494],[-8.80157,42.186],[-8.80111,42.18528]]]}},{"type":"Feature","properties":{"id":"3605709014"},"geometry":{"type":"Polygon","coordinates":[[[-8.80055,42.18916],[-8.80064,42.18857],[-8.80127,42.18663],[-8.80209,42.18494],[-8.80107,42.18404],[-8.80157,42.18343],[-8.80176,42.18255],[-8.80229,42.18259],[-8.80217,42.18217],[-8.8024,42.1815],[-8.80246,42.18074],[-8.80316,42.18038],[-8.80308,42.18015],[-8.8033,42.17853],[-8.80406,42.1777],[-8.80567,42.17738],[-8.80525,42.17686],[-8.8048,42.1759],[-8.80455,42.17532],[-8.80455,42.1749],[-8.80416,42.17447],[-8.8053,42.17425],[-8.80613,42.17538],[-8.80702,42.17511],[-8.80761,42.17598],[-8.80829,42.17611],[-8.8093,42.17613],[-8.80992,42.17605],[-8.81065,42.17581],[-8.8111,42.17582],[-8.81139,42.17529],[-8.81194,42.17469],[-8.81296,42.17502],[-8.81378,42.17481],[-8.81459,42.17484],[-8.81436,42.17523],[-8.81462,42.17543],[-8.81459,42.17558],[-8.81422,42.17567],[-8.81403,42.17559],[-8.81379,42.17594],[-8.81395,42.17624],[-8.81414,42.17633],[-8.81405,42.17653],[-8.81423,42.17642],[-8.81437,42.17645],[-8.81445,42.17683],[-8.81429,42.17746],[-8.81451,42.17769],[-8.8142,42.17786],[-8.81432,42.1779],[-8.81393,42.17802],[-8.81424,42.1781],[-8.8143,42.17836],[-8.81418,42.17843],[-8.8139,42.17834],[-8.81384,42.1784],[-8.81395,42.17852],[-8.81417,42.17857],[-8.81411,42.17863],[-8.81387,42.17873],[-8.81369,42.17896],[-8.81348,42.17899],[-8.81359,42.17913],[-8.81347,42.17931],[-8.81303,42.17949],[-8.81262,42.1799],[-8.81259,42.18026],[-8.81224,42.18032],[-8.81247,42.1805],[-8.81248,42.18069],[-8.81221,42.18098],[-8.81204,42.18164],[-8.81232,42.18171],[-8.81233,42.18193],[-8.81087,42.18322],[-8.81053,42.18314],[-8.81056,42.18355],[-8.81005,42.18411],[-8.80997,42.18459],[-8.8099,42.18703],[-8.80867,42.18707],[-8.80612,42.18689],[-8.80597,42.18725],[-8.80556,42.18761],[-8.80405,42.18836],[-8.8041,42.18945],[-8.80274,42.18945],[-8.80262,42.18922],[-8.80216,42.18942],[-8.80081,42.18936],[-8.80069,42.18915],[-8.80055,42.18916]]]}},{"type":"Feature","properties":{"id":"3605709015"},"geometry":{"type":"Polygon","coordinates":[[[-8.80761,42.17598],[-8.80702,42.17511],[-8.80613,42.17538],[-8.8053,42.17425],[-8.80417,42.17447],[-8.80201,42.17368],[-8.80089,42.17316],[-8.80009,42.1729],[-8.79995,42.17276],[-8.79946,42.17274],[-8.79922,42.1728],[-8.79905,42.17297],[-8.79748,42.17347],[-8.79402,42.17414],[-8.79179,42.17443],[-8.79102,42.17491],[-8.78881,42.17543],[-8.78813,42.17572],[-8.78739,42.17586],[-8.78637,42.1762],[-8.78611,42.17604],[-8.78578,42.17554],[-8.7868,42.17468],[-8.7869,42.17444],[-8.78682,42.17432],[-8.78594,42.17381],[-8.78546,42.17288],[-8.7847,42.17309],[-8.78445,42.17245],[-8.78406,42.17207],[-8.7836,42.17135],[-8.78148,42.16912],[-8.78325,42.16887],[-8.79147,42.16672],[-8.79241,42.1666],[-8.79418,42.16671],[-8.79613,42.16732],[-8.79664,42.1674],[-8.79951,42.16703],[-8.8006,42.16669],[-8.80182,42.16644],[-8.80229,42.16595],[-8.80361,42.16569],[-8.80374,42.16591],[-8.80392,42.16593],[-8.80837,42.16565],[-8.80991,42.16589],[-8.81097,42.16568],[-8.81176,42.16524],[-8.81281,42.16525],[-8.81319,42.16517],[-8.81333,42.16496],[-8.8135,42.165],[-8.814,42.16487],[-8.8144,42.16457],[-8.81484,42.16456],[-8.81533,42.16427],[-8.81591,42.16444],[-8.81659,42.16529],[-8.81808,42.16525],[-8.81813,42.16548],[-8.8186,42.16614],[-8.81856,42.16637],[-8.81888,42.16659],[-8.819,42.1668],[-8.81882,42.16722],[-8.81856,42.1673],[-8.81861,42.16755],[-8.81851,42.16758],[-8.81846,42.16791],[-8.8186,42.16849],[-8.81852,42.16859],[-8.81843,42.16857],[-8.81831,42.16827],[-8.81817,42.16831],[-8.8181,42.16804],[-8.81756,42.16813],[-8.81772,42.16827],[-8.81761,42.16834],[-8.81767,42.16846],[-8.8175,42.16842],[-8.81761,42.1688],[-8.81731,42.16863],[-8.81712,42.16814],[-8.81663,42.1681],[-8.81623,42.16817],[-8.81597,42.16832],[-8.81619,42.16881],[-8.81616,42.16911],[-8.81631,42.16921],[-8.81609,42.16926],[-8.81594,42.16951],[-8.81596,42.16968],[-8.81617,42.16972],[-8.81609,42.16999],[-8.81553,42.17005],[-8.8155,42.17016],[-8.81567,42.17031],[-8.81544,42.17043],[-8.81559,42.17047],[-8.81561,42.17059],[-8.81526,42.17075],[-8.81536,42.17082],[-8.81521,42.17083],[-8.81536,42.17113],[-8.81515,42.17124],[-8.81532,42.17127],[-8.81536,42.17143],[-8.81561,42.17161],[-8.81526,42.1719],[-8.8152,42.17288],[-8.81508,42.17301],[-8.81546,42.17325],[-8.81556,42.1735],[-8.81546,42.17375],[-8.81517,42.17391],[-8.81519,42.17402],[-8.81535,42.17406],[-8.81523,42.17427],[-8.815,42.17431],[-8.81507,42.17455],[-8.81494,42.17463],[-8.81482,42.17452],[-8.8147,42.17455],[-8.81459,42.17484],[-8.81378,42.17481],[-8.81296,42.17502],[-8.81194,42.17469],[-8.81139,42.17529],[-8.8111,42.17582],[-8.81065,42.17581],[-8.80992,42.17605],[-8.8093,42.17613],[-8.80829,42.17611],[-8.80761,42.17598]]]}},{"type":"Feature","properties":{"id":"3605709016"},"geometry":{"type":"Polygon","coordinates":[[[-8.75202,42.2126],[-8.75196,42.21207],[-8.75162,42.21122],[-8.75289,42.21064],[-8.75419,42.20925],[-8.75548,42.2087],[-8.75615,42.20948],[-8.75553,42.20975],[-8.75505,42.2101],[-8.75466,42.2107],[-8.75466,42.21141],[-8.75534,42.21294],[-8.7543,42.2132],[-8.75383,42.2123],[-8.75254,42.21262],[-8.75202,42.2126]]]}},{"type":"Feature","properties":{"id":"3605709017"},"geometry":{"type":"Polygon","coordinates":[[[-8.756,42.20954],[-8.75615,42.20948],[-8.75548,42.2087],[-8.75636,42.20831],[-8.75686,42.20794],[-8.75984,42.20984],[-8.75866,42.21143],[-8.75827,42.21137],[-8.75745,42.21155],[-8.75583,42.21076],[-8.7565,42.21012],[-8.756,42.20954]]]}},{"type":"Feature","properties":{"id":"3605709018"},"geometry":{"type":"Polygon","coordinates":[[[-8.75686,42.20794],[-8.75942,42.20536],[-8.76049,42.20612],[-8.76185,42.20905],[-8.75984,42.20984],[-8.75686,42.20794]]]}},{"type":"Feature","properties":{"id":"3605709019"},"geometry":{"type":"Polygon","coordinates":[[[-8.756,42.20954],[-8.7565,42.21012],[-8.75583,42.21076],[-8.75745,42.21155],[-8.75827,42.21137],[-8.75866,42.21143],[-8.75853,42.2118],[-8.75859,42.21218],[-8.75534,42.21294],[-8.75466,42.21141],[-8.75466,42.2107],[-8.75505,42.2101],[-8.75553,42.20975],[-8.756,42.20954]]]}}]}