{"type":"FeatureCollection","features":[{"type":"Feature","id":"16085","properties":{"cod_mun":"16085","nombre":"Frontera, La","cod_prov":"16","cod_ccaa":"08"},"geometry":{"type":"Polygon","coordinates":[[[-2.25989,40.39633],[-2.2329,40.36563],[-2.19467,40.36402],[-2.18342,40.38017],[-2.17667,40.42541],[-2.19242,40.43349],[-2.25989,40.39633]]]}},{"type":"Feature","id":"16086","properties":{"cod_mun":"16086","nombre":"Fuente de Pedro Naharro","cod_prov":"16","cod_ccaa":"08"},"geometry":{"type":"Polygon","coordinates":[[[-3.10781,39.91326],[-3.09432,39.89387],[-3.06283,39.8971],[-3.02234,39.89226],[-3.01335,39.90518],[-2.97286,39.93749],[-2.96387,39.9585],[-3.04034,39.95203],[-3.09432,39.95526],[-3.10781,39.91326]]]}},{"type":"Feature","id":"16096","properties":{"cod_mun":"16096","nombre":"Graja de Iniesta","cod_prov":"16","cod_ccaa":"08"},"geometry":{"type":"Polygon","coordinates":[[[-1.7156,39.54328],[-1.70886,39.5142],[-1.71336,39.50289],[-1.68187,39.4932],[-1.64138,39.49481],[-1.63913,39.53197],[-1.66837,39.53359],[-1.71111,39.54328],[-1.7156,39.54328]]]}},{"type":"Feature","id":"16147","properties":{"cod_mun":"16147","nombre":"Pajaroncillo","cod_prov":"16","cod_ccaa":"08"},"geometry":{"type":"Polygon","coordinates":[[[-1.76958,39.92941],[-1.72685,39.89549],[-1.71336,39.89872],[-1.68187,39.93426],[-1.66612,39.93911],[-1.67287,39.97627],[-1.72685,39.99242],[-1.74259,39.98596],[-1.75384,39.93749],[-1.76958,39.92941]]]}},{"type":"Feature","id":"16155","properties":{"cod_mun":"16155","nombre":"Peral, El","cod_prov":"16","cod_ccaa":"08"},"geometry":{"type":"Polygon","coordinates":[[[-1.95626,39.52712],[-1.95626,39.49643],[-1.94951,39.49158],[-1.92477,39.46735],[-1.89329,39.45927],[-1.85955,39.43665],[-1.83481,39.4318],[-1.83481,39.46573],[-1.83031,39.51258],[-1.83931,39.53197],[-1.95626,39.52712]]]}},{"type":"Feature","id":"16156","properties":{"cod_mun":"16156","nombre":"Peraleja, La","cod_prov":"16","cod_ccaa":"08"},"geometry":{"type":"Polygon","coordinates":[[[-2.58377,40.24931],[-2.59276,40.22669],[-2.57927,40.20569],[-2.56577,40.21377],[-2.54328,40.21053],[-2.4983,40.26547],[-2.54103,40.27354],[-2.58377,40.24931]]]}},{"type":"Feature","id":"19302","properties":{"cod_mun":"19302","nombre":"Valdegrudas","cod_prov":"19","cod_ccaa":"08"},"geometry":{"type":"Polygon","coordinates":[[[-3.04034,40.70815],[-3.02459,40.69522],[-3.0021,40.69522],[-3.0066,40.70168],[-2.97286,40.72592],[-2.98861,40.74531],[-2.99311,40.74692],[-2.99985,40.73238],[-3.04034,40.70815]]]}},{"type":"Feature","id":"19303","properties":{"cod_mun":"19303","nombre":"Valdelcubo","cod_prov":"19","cod_ccaa":"08"},"geometry":{"type":"Polygon","coordinates":[[[-2.70072,41.21061],[-2.68723,41.21222],[-2.6355,41.22353],[-2.64674,41.23969],[-2.66923,41.23646],[-2.69622,41.24615],[-2.70072,41.21061]]]}},{"type":"Feature","id":"02002","properties":{"cod_mun":"02002","nombre":"Alatoz","cod_prov":"02","cod_ccaa":"08"},"geometry":{"type":"Polygon","coordinates":[[[-1.41647,39.07798],[-1.41422,39.03113],[-1.38948,39.03274],[-1.37149,39.04082],[-1.31076,39.05051],[-1.32876,39.07152],[-1.3445,39.13291],[-1.40523,39.12322],[-1.39848,39.0796],[-1.40523,39.0796],[-1.41647,39.07798]]]}},{"type":"Feature","id":"02003","properties":{"cod_mun":"02003","nombre":"Albacete","cod_prov":"02","cod_ccaa":"08"},"geometry":{"type":"Polygon","coordinates":[[[-2.18117,39.1006],[-2.16093,39.08606],[-2.09346,39.00204],[-2.05972,38.94065],[-2.05522,38.91965],[-2.05522,38.88734],[-2.00124,38.81302],[-1.98325,38.79848],[-1.96976,38.82109],[-1.92027,38.79201],[-1.89553,38.78232],[-1.85955,38.70962],[-1.84605,38.68861],[-1.80332,38.68215],[-1.70886,38.67407],[-1.66612,38.67246],[-1.62339,38.68054],[-1.64138,38.71285],[-1.67737,38.73385],[-1.69536,38.71931],[-1.68637,38.70477],[-1.7201,38.687],[-1.75384,38.70477],[-1.7291,38.71931],[-1.73585,38.73385],[-1.75609,38.74678],[-1.76059,38.76778],[-1.79432,38.77747],[-1.81457,38.76778],[-1.8438,38.78394],[-1.82581,38.82109],[-1.81007,38.83402],[-1.81682,38.84694],[-1.80332,38.86795],[-1.78083,38.8841],[-1.81457,38.91157],[-1.81906,38.92449],[-1.7336,39.01497],[-1.66837,39.0796],[-1.71336,39.10706],[-1.7201,39.12322],[-1.74484,39.13776],[-1.75609,39.1426],[-1.78983,39.15068],[-1.81232,39.14422],[-1.80332,39.16361],[-1.82356,39.16684],[-1.83031,39.15715],[-1.84605,39.17492],[-1.89553,39.17169],[-1.93602,39.17976],[-1.95626,39.1733],[-1.9765,39.18623],[-1.96976,39.17169],[-1.92927,39.14584],[-1.93152,39.11837],[-1.92027,39.08767],[-1.94052,39.06505],[-2.01474,39.05051],[-2.05747,39.07636],[-2.10695,39.11837],[-2.18117,39.1006]]]}},{"type":"Feature","id":"19329","properties":{"cod_mun":"19329","nombre":"Yélamos de Abajo","cod_prov":"19","cod_ccaa":"08"},"geometry":{"type":"Polygon","coordinates":[[[-2.88515,40.62575],[-2.85366,40.59667],[-2.82892,40.5999],[-2.82667,40.60798],[-2.85366,40.63868],[-2.87615,40.63544],[-2.88515,40.62575]]]}},{"type":"Feature","id":"19055","properties":{"cod_mun":"19055","nombre":"Bujalaro","cod_prov":"19","cod_ccaa":"08"},"geometry":{"type":"Polygon","coordinates":[[[-2.90989,40.94241],[-2.90539,40.91333],[-2.86266,40.91495],[-2.84466,40.92141],[-2.85591,40.95695],[-2.86715,40.95857],[-2.88515,40.96665],[-2.90989,40.94241]]]}},{"type":"Feature","id":"19070","properties":{"cod_mun":"19070","nombre":"Casa de Uceda","cod_prov":"19","cod_ccaa":"08"},"geometry":{"type":"Polygon","coordinates":[[[-3.39795,40.85032],[-3.37546,40.82124],[-3.33272,40.84063],[-3.33047,40.8584],[-3.34397,40.86971],[-3.36196,40.86648],[-3.39345,40.86486],[-3.39795,40.85032]]]}},{"type":"Feature","id":"19071","properties":{"cod_mun":"19071","nombre":"Casar, El","cod_prov":"19","cod_ccaa":"08"},"geometry":{"type":"Polygon","coordinates":[[[-3.46767,40.69038],[-3.42719,40.6726],[-3.42494,40.6823],[-3.40469,40.66937],[-3.4002,40.69199],[-3.3867,40.72753],[-3.40694,40.73723],[-3.39795,40.75338],[-3.4002,40.78247],[-3.42494,40.79054],[-3.44743,40.76469],[-3.45193,40.73884],[-3.44968,40.73238],[-3.43843,40.73561],[-3.43618,40.72269],[-3.46767,40.69038]]]}},{"type":"Feature","id":"19076","properties":{"cod_mun":"19076","nombre":"Castellar de la Muela","cod_prov":"19","cod_ccaa":"08"},"geometry":{"type":"Polygon","coordinates":[[[-1.78758,40.81639],[-1.74934,40.80024],[-1.73135,40.80993],[-1.71785,40.83093],[-1.7291,40.85032],[-1.74934,40.85032],[-1.77183,40.8374],[-1.78758,40.81639]]]}},{"type":"Feature","id":"02001","properties":{"cod_mun":"02001","nombre":"Abengibre","cod_prov":"02","cod_ccaa":"08"},"geometry":{"type":"Polygon","coordinates":[[[-1.58291,39.204],[-1.57391,39.19592],[-1.53343,39.1943],[-1.50419,39.204],[-1.48619,39.20885],[-1.48395,39.22985],[-1.52893,39.23146],[-1.6009,39.22339],[-1.58291,39.204]]]}},{"type":"Feature","id":"02004","properties":{"cod_mun":"02004","nombre":"Albatana","cod_prov":"02","cod_ccaa":"08"},"geometry":{"type":"Polygon","coordinates":[[[-1.54692,38.56744],[-1.51993,38.54482],[-1.49294,38.55128],[-1.4682,38.57552],[-1.4817,38.58683],[-1.54017,38.61106],[-1.55367,38.5836],[-1.54692,38.56744]]]}},{"type":"Feature","id":"02010","properties":{"cod_mun":"02010","nombre":"Alpera","cod_prov":"02","cod_ccaa":"08"},"geometry":{"type":"Polygon","coordinates":[[[-1.38948,39.03274],[-1.36249,38.97781],[-1.32426,38.95681],[-1.30177,38.95196],[-1.27028,38.93419],[-1.2253,38.9358],[-1.17132,38.91965],[-1.14658,38.92934],[-1.16007,38.95519],[-1.22755,39.02466],[-1.26578,39.05051],[-1.31076,39.05051],[-1.37149,39.04082],[-1.38948,39.03274]]]}},{"type":"Feature","id":"02005","properties":{"cod_mun":"02005","nombre":"Alborea","cod_prov":"02","cod_ccaa":"08"},"geometry":{"type":"Polygon","coordinates":[[[-1.42547,39.24439],[-1.38498,39.246],[-1.36249,39.25085],[-1.33325,39.27024],[-1.33775,39.30094],[-1.35799,39.30901],[-1.36249,39.3494],[-1.38498,39.35425],[-1.40972,39.32194],[-1.42547,39.3074],[-1.43896,39.27347],[-1.42547,39.24439]]]}},{"type":"Feature","id":"02006","properties":{"cod_mun":"02006","nombre":"Alcadozo","cod_prov":"02","cod_ccaa":"08"},"geometry":{"type":"Polygon","coordinates":[[[-2.15643,38.71123],[-2.13619,38.6773],[-2.11145,38.64338],[-2.07996,38.62722],[-2.03948,38.61914],[-2.00574,38.61914],[-1.96976,38.63691],[-1.94726,38.64176],[-1.9765,38.687],[-2.02823,38.6563],[-2.03723,38.66761],[-2.03723,38.68861],[-2.06872,38.69346],[-2.11145,38.71769],[-2.15643,38.71123]]]}},{"type":"Feature","id":"02007","properties":{"cod_mun":"02007","nombre":"Alcalá del Júcar","cod_prov":"02","cod_ccaa":"08"},"geometry":{"type":"Polygon","coordinates":[[[-1.48619,39.20885],[-1.47045,39.1733],[-1.45246,39.14745],[-1.43222,39.13291],[-1.40523,39.12322],[-1.3445,39.13291],[-1.31076,39.13291],[-1.31076,39.14422],[-1.331,39.1733],[-1.33775,39.1943],[-1.35125,39.21369],[-1.36924,39.21208],[-1.36249,39.25085],[-1.38498,39.246],[-1.42547,39.24439],[-1.4592,39.24762],[-1.4772,39.2347],[-1.48395,39.22985],[-1.48619,39.20885]]]}},{"type":"Feature","id":"02008","properties":{"cod_mun":"02008","nombre":"Alcaraz","cod_prov":"02","cod_ccaa":"08"},"geometry":{"type":"MultiPolygon","coordinates":[[[[-2.52304,38.51574],[-2.52754,38.50443],[-2.51404,38.50766],[-2.49155,38.49151],[-2.49605,38.50605],[-2.47131,38.51574],[-2.47131,38.5319],[-2.49605,38.52059],[-2.52304,38.51574]]],[[[-2.76145,38.53513],[-2.7637,38.5319],[-2.72996,38.51089],[-2.69847,38.5012],[-2.69622,38.51574],[-2.70972,38.52543],[-2.76145,38.53513]]],[[[-2.28238,38.54805],[-2.29138,38.54644],[-2.29813,38.5319],[-2.27564,38.53674],[-2.28238,38.54805]]],[[[-2.7637,38.62722],[-2.7502,38.61591],[-2.76594,38.5739],[-2.75695,38.55936],[-2.72771,38.5739],[-2.72996,38.58844],[-2.70072,38.60298],[-2.68723,38.61753],[-2.631,38.61429],[-2.6355,38.62237],[-2.6175,38.63853],[-2.58826,38.64338],[-2.56802,38.66276],[-2.52979,38.66115],[-2.51854,38.64984],[-2.4848,38.65469],[-2.46906,38.64661],[-2.45107,38.60298],[-2.46006,38.5836],[-2.43982,38.56098],[-2.43757,38.56259],[-2.40833,38.59006],[-2.41733,38.61429],[-2.46681,38.66923],[-2.46681,38.68054],[-2.43757,38.67246],[-2.42633,38.69508],[-2.45781,38.708],[-2.45781,38.72416],[-2.47131,38.73708],[-2.52304,38.73547],[-2.52979,38.76616],[-2.56802,38.75001],[-2.60176,38.75485],[-2.622,38.7807],[-2.61076,38.78394],[-2.61975,38.80655],[-2.60401,38.83402],[-2.613,38.83887],[-2.67373,38.82756],[-2.69622,38.81625],[-2.72321,38.78394],[-2.69847,38.78394],[-2.66698,38.75809],[-2.58826,38.74516],[-2.60176,38.72577],[-2.57702,38.71446],[-2.57702,38.69508],[-2.60401,38.66761],[-2.62425,38.65792],[-2.65574,38.67084],[-2.66923,38.64984],[-2.70297,38.62399],[-2.72546,38.61753],[-2.7637,38.62722]]],[[[-2.35885,38.85341],[-2.37685,38.83402],[-2.3656,38.80979],[-2.34086,38.8114],[-2.32961,38.80171],[-2.33636,38.79201],[-2.29588,38.77263],[-2.30712,38.78717],[-2.30263,38.80655],[-2.27114,38.82594],[-2.2464,38.83079],[-2.20141,38.87279],[-2.24415,38.86633],[-2.29138,38.84048],[-2.31387,38.86149],[-2.35885,38.85341]]],[[[-2.57027,38.87118],[-2.622,38.89864],[-2.64224,38.87603],[-2.60626,38.83564],[-2.58601,38.86795],[-2.57027,38.87118]]]]}},{"type":"Feature","id":"02009","properties":{"cod_mun":"02009","nombre":"Almansa","cod_prov":"02","cod_ccaa":"08"},"geometry":{"type":"Polygon","coordinates":[[[-1.29727,38.83725],[-1.27928,38.82917],[-1.18481,38.75485],[-1.11959,38.73708],[-1.06786,38.73547],[-0.99589,38.7597],[-0.96215,38.77424],[-0.92841,38.78394],[-0.93291,38.8114],[-0.92391,38.82433],[-0.93516,38.85502],[-0.92391,38.89218],[-0.94191,38.90026],[-0.95765,38.92126],[-0.9599,38.94388],[-1.00038,38.95034],[-1.01613,38.93742],[-1.10834,38.92934],[-1.14658,38.92934],[-1.17132,38.91965],[-1.20056,38.90026],[-1.25903,38.89057],[-1.29727,38.83725]]]}},{"type":"Feature","id":"02011","properties":{"cod_mun":"02011","nombre":"Ayna","cod_prov":"02","cod_ccaa":"08"},"geometry":{"type":"Polygon","coordinates":[[[-2.2284,38.52059],[-2.18567,38.5012],[-2.17443,38.50605],[-2.12944,38.5222],[-2.05522,38.50282],[-2.04623,38.54967],[-2.00574,38.61914],[-2.03948,38.61914],[-2.07996,38.62722],[-2.11145,38.64338],[-2.1227,38.6353],[-2.14069,38.60137],[-2.13844,38.56421],[-2.15643,38.54482],[-2.19692,38.54321],[-2.2284,38.52059]]]}},{"type":"Feature","id":"16101","properties":{"cod_mun":"16101","nombre":"Hito, El","cod_prov":"16","cod_ccaa":"08"},"geometry":{"type":"Polygon","coordinates":[[[-2.76594,39.86479],[-2.75695,39.83086],[-2.72996,39.81955],[-2.72996,39.80501],[-2.69397,39.81309],[-2.69847,39.8244],[-2.68273,39.85348],[-2.70297,39.87771],[-2.72546,39.88418],[-2.73895,39.88095],[-2.76594,39.86479]]]}},{"type":"Feature","id":"02012","properties":{"cod_mun":"02012","nombre":"Balazote","cod_prov":"02","cod_ccaa":"08"},"geometry":{"type":"Polygon","coordinates":[[[-2.20141,38.87279],[-2.19242,38.85341],[-2.16543,38.84856],[-2.11145,38.85825],[-2.08896,38.87603],[-2.07771,38.88895],[-2.08896,38.91965],[-2.10695,38.93096],[-2.16318,38.9148],[-2.18567,38.89703],[-2.20141,38.87279]]]}},{"type":"Feature","id":"02014","properties":{"cod_mun":"02014","nombre":"Ballestero, El","cod_prov":"02","cod_ccaa":"08"},"geometry":{"type":"Polygon","coordinates":[[[-2.54778,38.86795],[-2.56352,38.85987],[-2.57027,38.80817],[-2.54778,38.80494],[-2.5073,38.7904],[-2.46681,38.79363],[-2.41283,38.82917],[-2.38584,38.84371],[-2.37685,38.83402],[-2.38134,38.86795],[-2.41733,38.89541],[-2.45332,38.90349],[-2.50055,38.87764],[-2.54778,38.86795]]]}},{"type":"Feature","id":"02035","properties":{"cod_mun":"02035","nombre":"Gineta, La","cod_prov":"02","cod_ccaa":"08"},"geometry":{"type":"Polygon","coordinates":[[[-2.10695,39.11837],[-2.05747,39.07636],[-2.01474,39.05051],[-1.94052,39.06505],[-1.92027,39.08767],[-1.93152,39.11837],[-1.92927,39.14584],[-1.96976,39.17169],[-1.9765,39.18623],[-1.98325,39.19269],[-2.03948,39.13776],[-2.10695,39.11837]]]}},{"type":"Feature","id":"02013","properties":{"cod_mun":"02013","nombre":"Balsa de Ves","cod_prov":"02","cod_ccaa":"08"},"geometry":{"type":"Polygon","coordinates":[[[-1.2163,39.31871],[-1.26578,39.27347],[-1.24329,39.24439],[-1.23204,39.21854],[-1.23879,39.20885],[-1.2073,39.19915],[-1.18931,39.20077],[-1.18031,39.21208],[-1.17582,39.246],[-1.17582,39.26539],[-1.16232,39.30578],[-1.16907,39.31386],[-1.2163,39.31871]]]}},{"type":"Feature","id":"02015","properties":{"cod_mun":"02015","nombre":"Barrax","cod_prov":"02","cod_ccaa":"08"},"geometry":{"type":"Polygon","coordinates":[[[-2.30038,39.07152],[-2.28013,39.00851],[-2.25539,38.97458],[-2.20816,38.96489],[-2.14969,38.97296],[-2.09346,39.00204],[-2.16093,39.08606],[-2.18117,39.1006],[-2.23965,39.11029],[-2.27564,39.08283],[-2.30038,39.07152]]]}},{"type":"Feature","id":"02016","properties":{"cod_mun":"02016","nombre":"Bienservida","cod_prov":"02","cod_ccaa":"08"},"geometry":{"type":"Polygon","coordinates":[[[-2.76145,38.53513],[-2.70972,38.52543],[-2.69622,38.51574],[-2.69847,38.5012],[-2.67373,38.49635],[-2.63999,38.50766],[-2.60176,38.51413],[-2.56577,38.48989],[-2.52754,38.50443],[-2.52304,38.51574],[-2.52979,38.52705],[-2.56127,38.54159],[-2.58601,38.54321],[-2.6175,38.53674],[-2.64449,38.55128],[-2.70522,38.56259],[-2.72771,38.5739],[-2.75695,38.55936],[-2.7457,38.54644],[-2.76145,38.53513]]]}},{"type":"Feature","id":"02017","properties":{"cod_mun":"02017","nombre":"Bogarra","cod_prov":"02","cod_ccaa":"08"},"geometry":{"type":"MultiPolygon","coordinates":[[[[-2.43982,38.56098],[-2.45781,38.53513],[-2.47131,38.5319],[-2.47131,38.51574],[-2.45332,38.52382],[-2.42858,38.51736],[-2.39259,38.52543],[-2.38809,38.52705],[-2.41058,38.53674],[-2.41958,38.55452],[-2.43757,38.56259],[-2.43982,38.56098]]],[[[-2.26214,38.64176],[-2.28238,38.59329],[-2.28238,38.54805],[-2.27564,38.53674],[-2.27114,38.52059],[-2.2284,38.52059],[-2.19692,38.54321],[-2.15643,38.54482],[-2.13844,38.56421],[-2.14069,38.60137],[-2.1227,38.6353],[-2.15418,38.64338],[-2.21266,38.64822],[-2.26214,38.64176]]]]}},{"type":"Feature","id":"02025","properties":{"cod_mun":"02025","nombre":"Caudete","cod_prov":"02","cod_ccaa":"08"},"geometry":{"type":"Polygon","coordinates":[[[-1.11959,38.73708],[-1.11509,38.71123],[-1.04312,38.66115],[-1.02512,38.6563],[-0.96215,38.6563],[-0.91492,38.69669],[-0.92841,38.70639],[-0.96215,38.77424],[-0.99589,38.7597],[-1.06786,38.73547],[-1.11959,38.73708]]]}},{"type":"Feature","id":"02018","properties":{"cod_mun":"02018","nombre":"Bonete","cod_prov":"02","cod_ccaa":"08"},"geometry":{"type":"Polygon","coordinates":[[[-1.40298,38.88734],[-1.36249,38.83402],[-1.35799,38.82109],[-1.33325,38.8324],[-1.29727,38.83725],[-1.25903,38.89057],[-1.20056,38.90026],[-1.17132,38.91965],[-1.2253,38.9358],[-1.25229,38.91965],[-1.27253,38.92773],[-1.32426,38.93096],[-1.38498,38.91803],[-1.37149,38.91319],[-1.40298,38.88734]]]}},{"type":"Feature","id":"02019","properties":{"cod_mun":"02019","nombre":"Bonillo, El","cod_prov":"02","cod_ccaa":"08"},"geometry":{"type":"Polygon","coordinates":[[[-2.75695,38.86795],[-2.7502,38.83079],[-2.7502,38.80655],[-2.73221,38.78232],[-2.72321,38.78394],[-2.69622,38.81625],[-2.67373,38.82756],[-2.613,38.83887],[-2.60401,38.83402],[-2.60626,38.83564],[-2.64224,38.87603],[-2.622,38.89864],[-2.57027,38.87118],[-2.54778,38.86795],[-2.50055,38.87764],[-2.45332,38.90349],[-2.41733,38.89541],[-2.38134,38.86795],[-2.37685,38.83402],[-2.35885,38.85341],[-2.3611,38.88572],[-2.36785,38.90349],[-2.39259,38.90834],[-2.41733,38.93904],[-2.41733,38.96812],[-2.43757,38.98104],[-2.45332,39.00528],[-2.49155,38.99881],[-2.52304,39.01174],[-2.53653,39.03436],[-2.53428,39.05051],[-2.55453,39.08767],[-2.59051,39.10706],[-2.58826,39.07798],[-2.57027,39.04728],[-2.59951,39.04405],[-2.65574,39.05698],[-2.67823,39.06667],[-2.70522,39.06344],[-2.69622,39.05374],[-2.70072,39.03436],[-2.67823,38.99881],[-2.66923,38.94065],[-2.68723,38.91965],[-2.71871,38.90834],[-2.75695,38.86795]]]}},{"type":"Feature","id":"02020","properties":{"cod_mun":"02020","nombre":"Carcelén","cod_prov":"02","cod_ccaa":"08"},"geometry":{"type":"Polygon","coordinates":[[[-1.3445,39.13291],[-1.32876,39.07152],[-1.31076,39.05051],[-1.26578,39.05051],[-1.26578,39.07475],[-1.25678,39.08444],[-1.25678,39.10545],[-1.24104,39.11352],[-1.23204,39.13291],[-1.22755,39.1523],[-1.27028,39.1523],[-1.31076,39.14422],[-1.31076,39.13291],[-1.3445,39.13291]]]}},{"type":"Feature","id":"02021","properties":{"cod_mun":"02021","nombre":"Casas de Juan Núñez","cod_prov":"02","cod_ccaa":"08"},"geometry":{"type":"Polygon","coordinates":[[[-1.62114,39.05859],[-1.57391,39.04405],[-1.54467,39.03274],[-1.53792,39.04244],[-1.55142,39.06182],[-1.54917,39.08283],[-1.49969,39.10221],[-1.52218,39.12968],[-1.54017,39.14099],[-1.56941,39.13937],[-1.6099,39.14584],[-1.63689,39.10383],[-1.62114,39.05859]]]}},{"type":"Feature","id":"02030","properties":{"cod_mun":"02030","nombre":"Elche de la Sierra","cod_prov":"02","cod_ccaa":"08"},"geometry":{"type":"Polygon","coordinates":[[[-2.23515,38.4285],[-2.22166,38.41396],[-2.20816,38.41396],[-2.20816,38.3978],[-2.18117,38.40265],[-2.16093,38.39457],[-2.10695,38.40911],[-2.07996,38.40426],[-2.07097,38.41396],[-2.03948,38.40426],[-1.99674,38.40911],[-1.9855,38.42203],[-1.96526,38.4188],[-1.94502,38.44304],[-1.96751,38.44465],[-1.96076,38.47535],[-1.94951,38.48666],[-1.97425,38.49474],[-2.01924,38.48828],[-2.03048,38.4802],[-2.05522,38.50282],[-2.12944,38.5222],[-2.17443,38.50605],[-2.17443,38.49635],[-2.22166,38.48343],[-2.22166,38.46404],[-2.20816,38.45273],[-2.23515,38.4285]]]}},{"type":"Feature","id":"02022","properties":{"cod_mun":"02022","nombre":"Casas de Lázaro","cod_prov":"02","cod_ccaa":"08"},"geometry":{"type":"Polygon","coordinates":[[[-2.29588,38.77263],[-2.29363,38.75485],[-2.25539,38.73708],[-2.2464,38.71285],[-2.22616,38.687],[-2.20816,38.68861],[-2.15193,38.67569],[-2.13619,38.6773],[-2.15643,38.71123],[-2.17218,38.729],[-2.21266,38.75647],[-2.23965,38.78232],[-2.2374,38.81948],[-2.19242,38.85341],[-2.20141,38.87279],[-2.2464,38.83079],[-2.27114,38.82594],[-2.30263,38.80655],[-2.30712,38.78717],[-2.29588,38.77263]]]}},{"type":"Feature","id":"02023","properties":{"cod_mun":"02023","nombre":"Casas de Ves","cod_prov":"02","cod_ccaa":"08"},"geometry":{"type":"Polygon","coordinates":[[[-1.36249,39.25085],[-1.36924,39.21208],[-1.35125,39.21369],[-1.33775,39.1943],[-1.331,39.1733],[-1.31076,39.14422],[-1.27028,39.1523],[-1.27028,39.17007],[-1.29952,39.19592],[-1.28377,39.21369],[-1.27703,39.24116],[-1.24329,39.24439],[-1.26578,39.27347],[-1.2163,39.31871],[-1.25004,39.32355],[-1.27478,39.33325],[-1.29952,39.33002],[-1.31301,39.30578],[-1.33775,39.30094],[-1.33325,39.27024],[-1.36249,39.25085]]]}},{"type":"Feature","id":"02024","properties":{"cod_mun":"02024","nombre":"Casas-Ibáñez","cod_prov":"02","cod_ccaa":"08"},"geometry":{"type":"Polygon","coordinates":[[[-1.53118,39.31709],[-1.51318,39.29609],[-1.50419,39.26539],[-1.4817,39.24762],[-1.4772,39.2347],[-1.4592,39.24762],[-1.42547,39.24439],[-1.43896,39.27347],[-1.42547,39.3074],[-1.40972,39.32194],[-1.38498,39.35425],[-1.38273,39.36556],[-1.39848,39.36395],[-1.41197,39.3801],[-1.45471,39.36071],[-1.50644,39.34133],[-1.53118,39.31709]]]}},{"type":"Feature","id":"02026","properties":{"cod_mun":"02026","nombre":"Cenizate","cod_prov":"02","cod_ccaa":"08"},"geometry":{"type":"Polygon","coordinates":[[[-1.7156,39.32517],[-1.70886,39.30578],[-1.68637,39.28316],[-1.68187,39.25085],[-1.67737,39.246],[-1.65938,39.24762],[-1.61664,39.27024],[-1.60315,39.30417],[-1.63464,39.3284],[-1.67512,39.34617],[-1.7156,39.32517]]]}},{"type":"Feature","id":"02027","properties":{"cod_mun":"02027","nombre":"Corral-Rubio","cod_prov":"02","cod_ccaa":"08"},"geometry":{"type":"Polygon","coordinates":[[[-1.51093,38.84371],[-1.50644,38.83725],[-1.52893,38.81786],[-1.46145,38.7904],[-1.44796,38.76132],[-1.40073,38.75001],[-1.38948,38.75647],[-1.38948,38.78878],[-1.36474,38.81463],[-1.38273,38.8324],[-1.42997,38.84856],[-1.45021,38.86472],[-1.51093,38.84371]]]}},{"type":"Feature","id":"02028","properties":{"cod_mun":"02028","nombre":"Cotillas","cod_prov":"02","cod_ccaa":"08"},"geometry":{"type":"Polygon","coordinates":[[[-2.53428,38.42688],[-2.50505,38.40588],[-2.48705,38.40588],[-2.47131,38.42365],[-2.47356,38.43981],[-2.52754,38.43334],[-2.53428,38.42688]]]}},{"type":"Feature","id":"02029","properties":{"cod_mun":"02029","nombre":"Chinchilla de Monte-Aragón","cod_prov":"02","cod_ccaa":"08"},"geometry":{"type":"Polygon","coordinates":[[[-1.78083,38.8841],[-1.78308,38.87441],[-1.76733,38.84694],[-1.7201,38.7904],[-1.67737,38.73385],[-1.64138,38.71285],[-1.62339,38.68054],[-1.55367,38.69346],[-1.54017,38.68054],[-1.52218,38.74193],[-1.54692,38.75647],[-1.57166,38.7904],[-1.58291,38.83887],[-1.56491,38.85018],[-1.53118,38.83887],[-1.51093,38.84371],[-1.45021,38.86472],[-1.42997,38.84856],[-1.38273,38.8324],[-1.36474,38.81463],[-1.35799,38.82109],[-1.36249,38.83402],[-1.40298,38.88734],[-1.42997,38.89703],[-1.46595,38.90026],[-1.4817,38.90995],[-1.52893,38.91965],[-1.57166,38.89864],[-1.61439,38.92126],[-1.6099,38.95034],[-1.63464,38.97135],[-1.60765,39.01497],[-1.5874,39.02628],[-1.57391,39.04405],[-1.62114,39.05859],[-1.66837,39.0796],[-1.7336,39.01497],[-1.81906,38.92449],[-1.81457,38.91157],[-1.78083,38.8841]]]}},{"type":"Feature","id":"02031","properties":{"cod_mun":"02031","nombre":"Férez","cod_prov":"02","cod_ccaa":"08"},"geometry":{"type":"Polygon","coordinates":[[[-2.04847,38.3154],[-2.02373,38.32994],[-1.96526,38.35256],[-1.94277,38.34772],[-1.91128,38.35579],[-1.89104,38.37195],[-1.87304,38.37357],[-1.8483,38.38811],[-1.8618,38.40749],[-1.84156,38.42203],[-1.85955,38.43011],[-1.89553,38.43173],[-1.94502,38.44304],[-1.96526,38.4188],[-1.9855,38.42203],[-1.99674,38.40911],[-2.01024,38.3978],[-2.02598,38.36226],[-2.04398,38.34125],[-2.05972,38.33641],[-2.04847,38.3154]]]}},{"type":"Feature","id":"02032","properties":{"cod_mun":"02032","nombre":"Fuensanta","cod_prov":"02","cod_ccaa":"08"},"geometry":{"type":"Polygon","coordinates":[[[-2.09571,39.27024],[-2.1047,39.25085],[-2.09571,39.23146],[-2.07546,39.22662],[-2.08446,39.21369],[-2.04623,39.21369],[-2.03273,39.22177],[-2.04398,39.23308],[-2.05072,39.26701],[-2.09571,39.27024]]]}},{"type":"Feature","id":"02033","properties":{"cod_mun":"02033","nombre":"Fuente-Álamo","cod_prov":"02","cod_ccaa":"08"},"geometry":{"type":"Polygon","coordinates":[[[-1.54017,38.68054],[-1.52668,38.66438],[-1.48395,38.64984],[-1.44796,38.64984],[-1.40298,38.69023],[-1.36699,38.70477],[-1.37374,38.74193],[-1.38948,38.75647],[-1.40073,38.75001],[-1.44796,38.76132],[-1.51093,38.75162],[-1.52218,38.74193],[-1.54017,38.68054]]]}},{"type":"Feature","id":"02034","properties":{"cod_mun":"02034","nombre":"Fuentealbilla","cod_prov":"02","cod_ccaa":"08"},"geometry":{"type":"Polygon","coordinates":[[[-1.65713,39.20077],[-1.64813,39.16684],[-1.63464,39.15715],[-1.64363,39.17815],[-1.6054,39.17653],[-1.58291,39.18623],[-1.58291,39.204],[-1.6009,39.22339],[-1.52893,39.23146],[-1.48395,39.22985],[-1.4772,39.2347],[-1.4817,39.24762],[-1.50419,39.26539],[-1.51318,39.29609],[-1.53118,39.31709],[-1.58516,39.30094],[-1.60315,39.30417],[-1.61664,39.27024],[-1.60315,39.26862],[-1.61215,39.22823],[-1.63239,39.204],[-1.65713,39.20077]]]}},{"type":"Feature","id":"02036","properties":{"cod_mun":"02036","nombre":"Golosalvo","cod_prov":"02","cod_ccaa":"08"},"geometry":{"type":"Polygon","coordinates":[[[-1.67737,39.246],[-1.65713,39.22015],[-1.65713,39.20077],[-1.63239,39.204],[-1.61215,39.22823],[-1.60315,39.26862],[-1.61664,39.27024],[-1.65938,39.24762],[-1.67737,39.246]]]}},{"type":"Feature","id":"02037","properties":{"cod_mun":"02037","nombre":"Hellín","cod_prov":"02","cod_ccaa":"08"},"geometry":{"type":"Polygon","coordinates":[[[-1.87529,38.64338],[-1.85055,38.59168],[-1.83931,38.54805],[-1.8573,38.48828],[-1.86854,38.46889],[-1.85955,38.43011],[-1.84156,38.42203],[-1.80332,38.3978],[-1.79432,38.36872],[-1.76958,38.36387],[-1.77183,38.37841],[-1.74484,38.38003],[-1.71785,38.3671],[-1.70436,38.37518],[-1.68187,38.35903],[-1.69311,38.34448],[-1.67062,38.31217],[-1.58965,38.31056],[-1.55817,38.3251],[-1.54242,38.34287],[-1.47945,38.3768],[-1.47495,38.40911],[-1.47945,38.4802],[-1.49969,38.5319],[-1.49294,38.55128],[-1.51993,38.54482],[-1.54692,38.56744],[-1.55367,38.53998],[-1.6054,38.53351],[-1.63464,38.53998],[-1.66837,38.53998],[-1.71111,38.56098],[-1.75384,38.59006],[-1.81232,38.62076],[-1.84605,38.68861],[-1.85055,38.65469],[-1.87529,38.64338]]]}},{"type":"Feature","id":"02038","properties":{"cod_mun":"02038","nombre":"Herrera, La","cod_prov":"02","cod_ccaa":"08"},"geometry":{"type":"Polygon","coordinates":[[[-2.16318,38.9148],[-2.10695,38.93096],[-2.08896,38.91965],[-2.07771,38.88895],[-2.08896,38.87603],[-2.05522,38.88734],[-2.05522,38.91965],[-2.05972,38.94065],[-2.09346,39.00204],[-2.14969,38.97296],[-2.15418,38.9358],[-2.16318,38.9148]]]}},{"type":"Feature","id":"02054","properties":{"cod_mun":"02054","nombre":"Navas de Jorquera","cod_prov":"02","cod_ccaa":"08"},"geometry":{"type":"Polygon","coordinates":[[[-1.77183,39.27347],[-1.72235,39.25247],[-1.68187,39.25085],[-1.68637,39.28316],[-1.70886,39.30578],[-1.7156,39.32517],[-1.74034,39.32194],[-1.76284,39.30094],[-1.76958,39.27993],[-1.77183,39.27347]]]}},{"type":"Feature","id":"02055","properties":{"cod_mun":"02055","nombre":"Nerpio","cod_prov":"02","cod_ccaa":"08"},"geometry":{"type":"Polygon","coordinates":[[[-2.55228,38.08437],[-2.52529,38.06983],[-2.50505,38.06821],[-2.48256,38.05529],[-2.43307,38.04236],[-2.42408,38.03267],[-2.37235,38.02297],[-2.34086,38.02621],[-2.33861,38.04882],[-2.32512,38.06983],[-2.26664,38.1086],[-2.2464,38.14899],[-2.23065,38.16192],[-2.21266,38.20231],[-2.22166,38.26047],[-2.2464,38.2637],[-2.25989,38.27178],[-2.29813,38.27178],[-2.31837,38.25563],[-2.35885,38.24432],[-2.36335,38.22493],[-2.37685,38.20554],[-2.45332,38.16353],[-2.46681,38.17161],[-2.49605,38.13445],[-2.51179,38.12799],[-2.51629,38.11183],[-2.55228,38.08437]]]}},{"type":"Feature","id":"02039","properties":{"cod_mun":"02039","nombre":"Higueruela","cod_prov":"02","cod_ccaa":"08"},"geometry":{"type":"Polygon","coordinates":[[[-1.5874,39.02628],[-1.58066,39.0182],[-1.54242,39.00851],[-1.51093,38.98589],[-1.49519,38.98912],[-1.50419,38.95519],[-1.4817,38.90995],[-1.46595,38.90026],[-1.42997,38.89703],[-1.40298,38.88734],[-1.37149,38.91319],[-1.38498,38.91803],[-1.32426,38.93096],[-1.27253,38.92773],[-1.25229,38.91965],[-1.2253,38.9358],[-1.27028,38.93419],[-1.30177,38.95196],[-1.32426,38.95681],[-1.36249,38.97781],[-1.38948,39.03274],[-1.41422,39.03113],[-1.46595,39.02305],[-1.51993,39.02628],[-1.54467,39.03274],[-1.57391,39.04405],[-1.5874,39.02628]]]}},{"type":"Feature","id":"02040","properties":{"cod_mun":"02040","nombre":"Hoya-Gonzalo","cod_prov":"02","cod_ccaa":"08"},"geometry":{"type":"Polygon","coordinates":[[[-1.5874,39.02628],[-1.60765,39.01497],[-1.63464,38.97135],[-1.6099,38.95034],[-1.61439,38.92126],[-1.57166,38.89864],[-1.52893,38.91965],[-1.4817,38.90995],[-1.50419,38.95519],[-1.49519,38.98912],[-1.51093,38.98589],[-1.54242,39.00851],[-1.58066,39.0182],[-1.5874,39.02628]]]}},{"type":"Feature","id":"02041","properties":{"cod_mun":"02041","nombre":"Jorquera","cod_prov":"02","cod_ccaa":"08"},"geometry":{"type":"MultiPolygon","coordinates":[[[[-1.41647,39.09414],[-1.44571,39.09252],[-1.45471,39.08444],[-1.41647,39.07798],[-1.40523,39.0796],[-1.41647,39.09414]]],[[[-1.58291,39.204],[-1.58291,39.18623],[-1.6054,39.17653],[-1.64363,39.17815],[-1.63464,39.15715],[-1.6099,39.14584],[-1.56941,39.13937],[-1.54017,39.14099],[-1.52218,39.12968],[-1.50194,39.12806],[-1.50419,39.14584],[-1.47945,39.15068],[-1.49519,39.15391],[-1.50419,39.17653],[-1.50419,39.204],[-1.53343,39.1943],[-1.57391,39.19592],[-1.58291,39.204]]]]}},{"type":"Feature","id":"02042","properties":{"cod_mun":"02042","nombre":"Letur","cod_prov":"02","cod_ccaa":"08"},"geometry":{"type":"Polygon","coordinates":[[[-2.22166,38.26047],[-2.21266,38.20231],[-2.17443,38.22331],[-2.1137,38.23785],[-2.08221,38.26532],[-2.07546,38.28309],[-2.04847,38.30571],[-2.04847,38.3154],[-2.05972,38.33641],[-2.04398,38.34125],[-2.02598,38.36226],[-2.01024,38.3978],[-1.99674,38.40911],[-2.03948,38.40426],[-2.07097,38.41396],[-2.07996,38.40426],[-2.10695,38.40911],[-2.16093,38.39457],[-2.19017,38.3671],[-2.20141,38.34287],[-2.23515,38.31056],[-2.22391,38.30086],[-2.22166,38.26047]]]}},{"type":"Feature","id":"02045","properties":{"cod_mun":"02045","nombre":"Madrigueras","cod_prov":"02","cod_ccaa":"08"},"geometry":{"type":"Polygon","coordinates":[[[-1.84605,39.2864],[-1.8573,39.23308],[-1.84605,39.20077],[-1.82356,39.16684],[-1.80332,39.16361],[-1.78083,39.21208],[-1.77183,39.27347],[-1.76958,39.27993],[-1.84605,39.2864]]]}},{"type":"Feature","id":"02043","properties":{"cod_mun":"02043","nombre":"Lezuza","cod_prov":"02","cod_ccaa":"08"},"geometry":{"type":"Polygon","coordinates":[[[-2.45332,39.00528],[-2.43757,38.98104],[-2.41733,38.96812],[-2.41733,38.93904],[-2.39259,38.90834],[-2.36785,38.90349],[-2.3611,38.88572],[-2.35885,38.85341],[-2.31387,38.86149],[-2.29138,38.84048],[-2.24415,38.86633],[-2.20141,38.87279],[-2.18567,38.89703],[-2.16318,38.9148],[-2.15418,38.9358],[-2.14969,38.97296],[-2.20816,38.96489],[-2.25539,38.97458],[-2.28013,39.00851],[-2.30038,39.07152],[-2.3656,39.05698],[-2.41283,39.03759],[-2.43307,39.01497],[-2.45332,39.00528]]]}},{"type":"Feature","id":"02056","properties":{"cod_mun":"02056","nombre":"Ontur","cod_prov":"02","cod_ccaa":"08"},"geometry":{"type":"Polygon","coordinates":[[[-1.54017,38.61106],[-1.4817,38.58683],[-1.4682,38.57552],[-1.45246,38.58198],[-1.44346,38.63691],[-1.44796,38.64984],[-1.48395,38.64984],[-1.52668,38.66438],[-1.54017,38.61106]]]}},{"type":"Feature","id":"02044","properties":{"cod_mun":"02044","nombre":"Liétor","cod_prov":"02","cod_ccaa":"08"},"geometry":{"type":"Polygon","coordinates":[[[-2.05522,38.50282],[-2.03048,38.4802],[-2.01924,38.48828],[-1.97425,38.49474],[-1.94951,38.48666],[-1.96076,38.47535],[-1.96751,38.44465],[-1.94502,38.44304],[-1.89553,38.43173],[-1.85955,38.43011],[-1.86854,38.46889],[-1.8573,38.48828],[-1.83931,38.54805],[-1.85055,38.59168],[-1.87529,38.64338],[-1.89553,38.65145],[-1.94726,38.64176],[-1.96976,38.63691],[-2.00574,38.61914],[-2.04623,38.54967],[-2.05522,38.50282]]]}},{"type":"Feature","id":"02064","properties":{"cod_mun":"02064","nombre":"Pozo-Lorente","cod_prov":"02","cod_ccaa":"08"},"geometry":{"type":"Polygon","coordinates":[[[-1.54467,39.03274],[-1.51993,39.02628],[-1.46595,39.02305],[-1.41422,39.03113],[-1.41647,39.07798],[-1.45471,39.08444],[-1.48619,39.10221],[-1.49969,39.10221],[-1.54917,39.08283],[-1.55142,39.06182],[-1.53792,39.04244],[-1.54467,39.03274]]]}},{"type":"Feature","id":"02046","properties":{"cod_mun":"02046","nombre":"Mahora","cod_prov":"02","cod_ccaa":"08"},"geometry":{"type":"Polygon","coordinates":[[[-1.78083,39.21208],[-1.74034,39.16684],[-1.75609,39.1426],[-1.74484,39.13776],[-1.71336,39.14907],[-1.71336,39.15715],[-1.67962,39.15391],[-1.64813,39.16684],[-1.65713,39.20077],[-1.65713,39.22015],[-1.67737,39.246],[-1.68187,39.25085],[-1.72235,39.25247],[-1.77183,39.27347],[-1.78083,39.21208]]]}},{"type":"Feature","id":"02050","properties":{"cod_mun":"02050","nombre":"Montalvos","cod_prov":"02","cod_ccaa":"08"},"geometry":{"type":"Polygon","coordinates":[[[-2.03948,39.13776],[-1.98325,39.19269],[-2.00574,39.19592],[-2.01474,39.18461],[-2.04623,39.1943],[-2.06647,39.17976],[-2.05747,39.16522],[-2.06647,39.15391],[-2.03948,39.13776]]]}},{"type":"Feature","id":"02047","properties":{"cod_mun":"02047","nombre":"Masegoso","cod_prov":"02","cod_ccaa":"08"},"geometry":{"type":"Polygon","coordinates":[[[-2.3656,38.75162],[-2.36335,38.72577],[-2.37235,38.70639],[-2.34536,38.67084],[-2.28913,38.66761],[-2.24865,38.69508],[-2.2464,38.71285],[-2.25539,38.73708],[-2.29363,38.75485],[-2.29588,38.77263],[-2.33636,38.79201],[-2.3566,38.77747],[-2.3656,38.75162]]]}},{"type":"Feature","id":"02051","properties":{"cod_mun":"02051","nombre":"Montealegre del Castillo","cod_prov":"02","cod_ccaa":"08"},"geometry":{"type":"Polygon","coordinates":[[[-1.38948,38.75647],[-1.37374,38.74193],[-1.36699,38.70477],[-1.34225,38.6773],[-1.28377,38.70639],[-1.25004,38.7387],[-1.18481,38.75485],[-1.27928,38.82917],[-1.29727,38.83725],[-1.33325,38.8324],[-1.35799,38.82109],[-1.36474,38.81463],[-1.38948,38.78878],[-1.38948,38.75647]]]}},{"type":"Feature","id":"02048","properties":{"cod_mun":"02048","nombre":"Minaya","cod_prov":"02","cod_ccaa":"08"},"geometry":{"type":"Polygon","coordinates":[[[-2.3746,39.23308],[-2.34086,39.19754],[-2.29363,39.1733],[-2.26439,39.14745],[-2.23965,39.11029],[-2.25314,39.13937],[-2.26889,39.19269],[-2.28913,39.22662],[-2.30263,39.26378],[-2.32062,39.28316],[-2.34986,39.27832],[-2.3611,39.246],[-2.3746,39.23308]]]}},{"type":"Feature","id":"02049","properties":{"cod_mun":"02049","nombre":"Molinicos","cod_prov":"02","cod_ccaa":"08"},"geometry":{"type":"Polygon","coordinates":[[[-2.39259,38.52543],[-2.37235,38.51413],[-2.37685,38.48343],[-2.34761,38.4802],[-2.36335,38.45273],[-2.35436,38.45596],[-2.29138,38.4495],[-2.26889,38.43496],[-2.23515,38.4285],[-2.20816,38.45273],[-2.22166,38.46404],[-2.22166,38.48343],[-2.17443,38.49635],[-2.17443,38.50605],[-2.18567,38.5012],[-2.2284,38.52059],[-2.27114,38.52059],[-2.27564,38.53674],[-2.29813,38.5319],[-2.29138,38.54644],[-2.30038,38.55613],[-2.33411,38.55775],[-2.38809,38.52705],[-2.39259,38.52543]]]}},{"type":"Feature","id":"02052","properties":{"cod_mun":"02052","nombre":"Motilleja","cod_prov":"02","cod_ccaa":"08"},"geometry":{"type":"Polygon","coordinates":[[[-1.80332,39.16361],[-1.81232,39.14422],[-1.78983,39.15068],[-1.75609,39.1426],[-1.74034,39.16684],[-1.78083,39.21208],[-1.80332,39.16361]]]}},{"type":"Feature","id":"02053","properties":{"cod_mun":"02053","nombre":"Munera","cod_prov":"02","cod_ccaa":"08"},"geometry":{"type":"Polygon","coordinates":[[[-2.55453,39.08767],[-2.53428,39.05051],[-2.53653,39.03436],[-2.52304,39.01174],[-2.49155,38.99881],[-2.45332,39.00528],[-2.43307,39.01497],[-2.41283,39.03759],[-2.3656,39.05698],[-2.36785,39.06829],[-2.34986,39.08929],[-2.33636,39.11999],[-2.38134,39.15553],[-2.40833,39.16684],[-2.46231,39.15876],[-2.4893,39.13937],[-2.55453,39.10868],[-2.55453,39.08767]]]}},{"type":"Feature","id":"02065","properties":{"cod_mun":"02065","nombre":"Pozuelo","cod_prov":"02","cod_ccaa":"08"},"geometry":{"type":"Polygon","coordinates":[[[-2.16543,38.84856],[-2.16543,38.83402],[-2.13619,38.7904],[-2.13619,38.74839],[-2.10245,38.74516],[-2.05747,38.76132],[-2.03948,38.77263],[-2.03048,38.80009],[-2.00124,38.81302],[-2.05522,38.88734],[-2.08896,38.87603],[-2.11145,38.85825],[-2.16543,38.84856]]]}},{"type":"Feature","id":"02057","properties":{"cod_mun":"02057","nombre":"Ossa de Montiel","cod_prov":"02","cod_ccaa":"08"},"geometry":{"type":"Polygon","coordinates":[[[-2.8784,38.95681],[-2.87615,38.92611],[-2.85816,38.92773],[-2.83567,38.90672],[-2.79968,38.90834],[-2.79068,38.89218],[-2.76145,38.88087],[-2.75695,38.86795],[-2.71871,38.90834],[-2.68723,38.91965],[-2.66923,38.94065],[-2.67823,38.99881],[-2.70072,39.03436],[-2.69622,39.05374],[-2.70522,39.06344],[-2.72546,39.05698],[-2.80643,39.04405],[-2.81093,39.02305],[-2.83117,39.02305],[-2.84691,38.98427],[-2.87165,38.96004],[-2.8784,38.95681]]]}},{"type":"Feature","id":"02058","properties":{"cod_mun":"02058","nombre":"Paterna del Madera","cod_prov":"02","cod_ccaa":"08"},"geometry":{"type":"Polygon","coordinates":[[[-2.43757,38.56259],[-2.41958,38.55452],[-2.41058,38.53674],[-2.38809,38.52705],[-2.33411,38.55775],[-2.30038,38.55613],[-2.29138,38.54644],[-2.28238,38.54805],[-2.28238,38.59329],[-2.26214,38.64176],[-2.28013,38.6563],[-2.31162,38.63691],[-2.34761,38.63691],[-2.40833,38.59006],[-2.43757,38.56259]]]}},{"type":"Feature","id":"02059","properties":{"cod_mun":"02059","nombre":"Peñascosa","cod_prov":"02","cod_ccaa":"08"},"geometry":{"type":"Polygon","coordinates":[[[-2.45781,38.72416],[-2.45781,38.708],[-2.42633,38.69508],[-2.43757,38.67246],[-2.46681,38.68054],[-2.46681,38.66923],[-2.41733,38.61429],[-2.40833,38.59006],[-2.34761,38.63691],[-2.31162,38.63691],[-2.28013,38.6563],[-2.26214,38.64176],[-2.21266,38.64822],[-2.15418,38.64338],[-2.1227,38.6353],[-2.11145,38.64338],[-2.13619,38.6773],[-2.15193,38.67569],[-2.20816,38.68861],[-2.22616,38.687],[-2.2464,38.71285],[-2.24865,38.69508],[-2.28913,38.66761],[-2.34536,38.67084],[-2.37235,38.70639],[-2.36335,38.72577],[-2.3656,38.75162],[-2.39034,38.75001],[-2.42633,38.729],[-2.45781,38.72416]]]}},{"type":"Feature","id":"02060","properties":{"cod_mun":"02060","nombre":"Peñas de San Pedro","cod_prov":"02","cod_ccaa":"08"},"geometry":{"type":"Polygon","coordinates":[[[-2.17218,38.729],[-2.15643,38.71123],[-2.11145,38.71769],[-2.06872,38.69346],[-2.03723,38.68861],[-2.03723,38.66761],[-2.02823,38.6563],[-1.9765,38.687],[-1.94951,38.71608],[-1.981,38.75162],[-1.97875,38.76293],[-1.94502,38.78717],[-1.92027,38.79201],[-1.96976,38.82109],[-1.98325,38.79848],[-2.00124,38.81302],[-2.03048,38.80009],[-2.03948,38.77263],[-2.05747,38.76132],[-2.10245,38.74516],[-2.13619,38.74839],[-2.14519,38.73708],[-2.17218,38.729]]]}},{"type":"Feature","id":"02061","properties":{"cod_mun":"02061","nombre":"Pétrola","cod_prov":"02","cod_ccaa":"08"},"geometry":{"type":"Polygon","coordinates":[[[-1.52218,38.74193],[-1.51093,38.75162],[-1.44796,38.76132],[-1.46145,38.7904],[-1.52893,38.81786],[-1.50644,38.83725],[-1.51093,38.84371],[-1.53118,38.83887],[-1.56491,38.85018],[-1.58291,38.83887],[-1.57166,38.7904],[-1.54692,38.75647],[-1.52218,38.74193]]]}},{"type":"Feature","id":"19248","properties":{"cod_mun":"19248","nombre":"San Andrés del Congosto","cod_prov":"19","cod_ccaa":"08"},"geometry":{"type":"Polygon","coordinates":[[[-3.05608,40.99734],[-3.04484,40.95695],[-3.0201,40.97634],[-3.00435,40.9925],[-3.01335,41.00704],[-3.04259,41.00865],[-3.05608,40.99734]]]}},{"type":"Feature","id":"02062","properties":{"cod_mun":"02062","nombre":"Povedilla","cod_prov":"02","cod_ccaa":"08"},"geometry":{"type":"Polygon","coordinates":[[[-2.66698,38.75809],[-2.63774,38.73385],[-2.64674,38.71608],[-2.65574,38.67084],[-2.62425,38.65792],[-2.60401,38.66761],[-2.57702,38.69508],[-2.57702,38.71446],[-2.60176,38.72577],[-2.58826,38.74516],[-2.66698,38.75809]]]}},{"type":"Feature","id":"02063","properties":{"cod_mun":"02063","nombre":"Pozohondo","cod_prov":"02","cod_ccaa":"08"},"geometry":{"type":"Polygon","coordinates":[[[-1.9765,38.687],[-1.94726,38.64176],[-1.89553,38.65145],[-1.87529,38.64338],[-1.85055,38.65469],[-1.84605,38.68861],[-1.85955,38.70962],[-1.89553,38.78232],[-1.92027,38.79201],[-1.94502,38.78717],[-1.97875,38.76293],[-1.981,38.75162],[-1.94951,38.71608],[-1.9765,38.687]]]}},{"type":"Feature","id":"19249","properties":{"cod_mun":"19249","nombre":"San Andrés del Rey","cod_prov":"19","cod_ccaa":"08"},"geometry":{"type":"Polygon","coordinates":[[[-2.82892,40.5999],[-2.82442,40.59667],[-2.80418,40.61121],[-2.79293,40.66453],[-2.80868,40.65968],[-2.83567,40.63868],[-2.82667,40.60798],[-2.82892,40.5999]]]}},{"type":"Feature","id":"02066","properties":{"cod_mun":"02066","nombre":"Recueja, La","cod_prov":"02","cod_ccaa":"08"},"geometry":{"type":"Polygon","coordinates":[[[-1.50419,39.204],[-1.50419,39.17653],[-1.49519,39.15391],[-1.47945,39.15068],[-1.44571,39.13453],[-1.41647,39.09414],[-1.40523,39.0796],[-1.39848,39.0796],[-1.40523,39.12322],[-1.43222,39.13291],[-1.45246,39.14745],[-1.47045,39.1733],[-1.48619,39.20885],[-1.50419,39.204]]]}},{"type":"Feature","id":"02068","properties":{"cod_mun":"02068","nombre":"Robledo","cod_prov":"02","cod_ccaa":"08"},"geometry":{"type":"Polygon","coordinates":[[[-2.52979,38.76616],[-2.52304,38.73547],[-2.47131,38.73708],[-2.45781,38.72416],[-2.42633,38.729],[-2.39034,38.75001],[-2.3656,38.75162],[-2.3566,38.77747],[-2.33636,38.79201],[-2.32961,38.80171],[-2.34086,38.8114],[-2.3656,38.80979],[-2.37685,38.83402],[-2.38584,38.84371],[-2.41283,38.82917],[-2.46681,38.79363],[-2.5073,38.7904],[-2.52979,38.76616]]]}},{"type":"Feature","id":"02069","properties":{"cod_mun":"02069","nombre":"Roda, La","cod_prov":"02","cod_ccaa":"08"},"geometry":{"type":"MultiPolygon","coordinates":[[[[-2.34086,39.19754],[-2.35211,39.16361],[-2.38134,39.15553],[-2.33636,39.11999],[-2.34986,39.08929],[-2.36785,39.06829],[-2.3656,39.05698],[-2.30038,39.07152],[-2.27564,39.08283],[-2.23965,39.11029],[-2.26439,39.14745],[-2.29363,39.1733],[-2.34086,39.19754]]],[[[-2.17892,39.27832],[-2.18117,39.27024],[-2.21941,39.26216],[-2.2464,39.24439],[-2.28913,39.22662],[-2.26889,39.19269],[-2.25314,39.13937],[-2.23965,39.11029],[-2.18117,39.1006],[-2.10695,39.11837],[-2.03948,39.13776],[-2.06647,39.15391],[-2.05747,39.16522],[-2.06647,39.17976],[-2.04623,39.1943],[-2.01474,39.18461],[-2.00574,39.19592],[-2.01924,39.21854],[-2.03273,39.22177],[-2.04623,39.21369],[-2.08446,39.21369],[-2.07546,39.22662],[-2.09571,39.23146],[-2.1047,39.25085],[-2.09571,39.27024],[-2.15193,39.2767],[-2.17892,39.27832]]]]}},{"type":"Feature","id":"16002","properties":{"cod_mun":"16002","nombre":"Acebrón, El","cod_prov":"16","cod_ccaa":"08"},"geometry":{"type":"Polygon","coordinates":[[[-3.02234,39.89226],[-3.0021,39.89064],[-2.97511,39.85186],[-2.96162,39.85671],[-2.97961,39.86802],[-2.98636,39.88902],[-2.94812,39.93103],[-2.95037,39.94234],[-2.96387,39.9585],[-2.97286,39.93749],[-3.01335,39.90518],[-3.02234,39.89226]]]}},{"type":"Feature","id":"16003","properties":{"cod_mun":"16003","nombre":"Alarcón","cod_prov":"16","cod_ccaa":"08"},"geometry":{"type":"MultiPolygon","coordinates":[[[[-2.00799,39.35425],[-2.01924,39.35102],[-2.02823,39.3381],[-2.00574,39.31709],[-1.98775,39.3284],[-2.00799,39.35425]]],[[[-2.09346,39.40434],[-2.10245,39.38333],[-2.1002,39.36233],[-2.09571,39.3591],[-2.08221,39.3591],[-2.09571,39.37041],[-2.08221,39.40272],[-2.09571,39.40757],[-2.09346,39.40434]]],[[[-2.17218,39.60306],[-2.17892,39.5869],[-2.17667,39.57882],[-2.1227,39.58206],[-2.14069,39.53682],[-2.10695,39.5045],[-2.06647,39.49966],[-2.03498,39.52551],[-2.04173,39.5449],[-2.00799,39.5869],[-1.9765,39.58529],[-1.9855,39.55136],[-1.97875,39.52712],[-1.95626,39.52712],[-1.96976,39.5449],[-1.96526,39.58852],[-1.99899,39.60629],[-2.02598,39.58367],[-2.04847,39.60144],[-2.06872,39.60791],[-2.07097,39.60144],[-2.12494,39.5869],[-2.17218,39.60306]]]]}},{"type":"Feature","id":"02067","properties":{"cod_mun":"02067","nombre":"Riópar","cod_prov":"02","cod_ccaa":"08"},"geometry":{"type":"MultiPolygon","coordinates":[[[[-2.53428,38.42688],[-2.53878,38.41234],[-2.51629,38.40103],[-2.49155,38.39942],[-2.48705,38.40588],[-2.50505,38.40588],[-2.53428,38.42688]]],[[[-2.47131,38.51574],[-2.49605,38.50605],[-2.49155,38.49151],[-2.46006,38.47212],[-2.45107,38.45596],[-2.42858,38.44788],[-2.41958,38.43334],[-2.37685,38.45435],[-2.36335,38.45273],[-2.34761,38.4802],[-2.37685,38.48343],[-2.37235,38.51413],[-2.39259,38.52543],[-2.42858,38.51736],[-2.45332,38.52382],[-2.47131,38.51574]]]]}},{"type":"Feature","id":"02070","properties":{"cod_mun":"02070","nombre":"Salobre","cod_prov":"02","cod_ccaa":"08"},"geometry":{"type":"Polygon","coordinates":[[[-2.59051,38.59975],[-2.57027,38.58844],[-2.57252,38.56259],[-2.56127,38.54159],[-2.52979,38.52705],[-2.52304,38.51574],[-2.49605,38.52059],[-2.52529,38.55936],[-2.51404,38.58037],[-2.55003,38.6046],[-2.54328,38.63045],[-2.56127,38.64176],[-2.59276,38.60945],[-2.59051,38.59975]]]}},{"type":"Feature","id":"02071","properties":{"cod_mun":"02071","nombre":"San Pedro","cod_prov":"02","cod_ccaa":"08"},"geometry":{"type":"Polygon","coordinates":[[[-2.19242,38.85341],[-2.2374,38.81948],[-2.23965,38.78232],[-2.21266,38.75647],[-2.17218,38.729],[-2.14519,38.73708],[-2.13619,38.74839],[-2.13619,38.7904],[-2.16543,38.83402],[-2.16543,38.84856],[-2.19242,38.85341]]]}},{"type":"Feature","id":"02072","properties":{"cod_mun":"02072","nombre":"Socovos","cod_prov":"02","cod_ccaa":"08"},"geometry":{"type":"Polygon","coordinates":[[[-2.04847,38.30571],[-2.02149,38.30086],[-2.00124,38.28471],[-1.98325,38.28148],[-1.89553,38.30248],[-1.85055,38.33318],[-1.82581,38.33318],[-1.81232,38.35095],[-1.78308,38.35579],[-1.79432,38.36872],[-1.80332,38.3978],[-1.84156,38.42203],[-1.8618,38.40749],[-1.8483,38.38811],[-1.87304,38.37357],[-1.89104,38.37195],[-1.91128,38.35579],[-1.94277,38.34772],[-1.96526,38.35256],[-2.02373,38.32994],[-2.04847,38.3154],[-2.04847,38.30571]]]}},{"type":"Feature","id":"02073","properties":{"cod_mun":"02073","nombre":"Tarazona de la Mancha","cod_prov":"02","cod_ccaa":"08"},"geometry":{"type":"Polygon","coordinates":[[[-2.05747,39.27832],[-2.05072,39.26701],[-2.04398,39.23308],[-2.03273,39.22177],[-2.01924,39.21854],[-2.00574,39.19592],[-1.98325,39.19269],[-1.9765,39.18623],[-1.95626,39.1733],[-1.93602,39.17976],[-1.89553,39.17169],[-1.84605,39.17492],[-1.83031,39.15715],[-1.82356,39.16684],[-1.84605,39.20077],[-1.8573,39.23308],[-1.84605,39.2864],[-1.88654,39.30417],[-1.93602,39.30417],[-1.99,39.29447],[-2.05747,39.27832]]]}},{"type":"Feature","id":"02074","properties":{"cod_mun":"02074","nombre":"Tobarra","cod_prov":"02","cod_ccaa":"08"},"geometry":{"type":"Polygon","coordinates":[[[-1.84605,38.68861],[-1.81232,38.62076],[-1.75384,38.59006],[-1.71111,38.56098],[-1.66837,38.53998],[-1.63464,38.53998],[-1.6054,38.53351],[-1.55367,38.53998],[-1.54692,38.56744],[-1.55367,38.5836],[-1.54017,38.61106],[-1.52668,38.66438],[-1.54017,38.68054],[-1.55367,38.69346],[-1.62339,38.68054],[-1.66612,38.67246],[-1.70886,38.67407],[-1.80332,38.68215],[-1.84605,38.68861]]]}},{"type":"Feature","id":"02083","properties":{"cod_mun":"02083","nombre":"Villavaliente","cod_prov":"02","cod_ccaa":"08"},"geometry":{"type":"Polygon","coordinates":[[[-1.52218,39.12968],[-1.49969,39.10221],[-1.48619,39.10221],[-1.45471,39.08444],[-1.44571,39.09252],[-1.41647,39.09414],[-1.44571,39.13453],[-1.47945,39.15068],[-1.50419,39.14584],[-1.50194,39.12806],[-1.52218,39.12968]]]}},{"type":"Feature","id":"02075","properties":{"cod_mun":"02075","nombre":"Valdeganga","cod_prov":"02","cod_ccaa":"08"},"geometry":{"type":"Polygon","coordinates":[[[-1.74484,39.13776],[-1.7201,39.12322],[-1.71336,39.10706],[-1.66837,39.0796],[-1.62114,39.05859],[-1.63689,39.10383],[-1.6099,39.14584],[-1.63464,39.15715],[-1.64813,39.16684],[-1.67962,39.15391],[-1.71336,39.15715],[-1.71336,39.14907],[-1.74484,39.13776]]]}},{"type":"Feature","id":"02076","properties":{"cod_mun":"02076","nombre":"Vianos","cod_prov":"02","cod_ccaa":"08"},"geometry":{"type":"MultiPolygon","coordinates":[[[[-2.48705,38.40588],[-2.49155,38.39942],[-2.48256,38.39295],[-2.41958,38.43334],[-2.42858,38.44788],[-2.45107,38.45596],[-2.46231,38.42203],[-2.47131,38.42365],[-2.48705,38.40588]]],[[[-2.43982,38.56098],[-2.46006,38.5836],[-2.45107,38.60298],[-2.46906,38.64661],[-2.4848,38.65469],[-2.51854,38.64984],[-2.52979,38.66115],[-2.56802,38.66276],[-2.58826,38.64338],[-2.6175,38.63853],[-2.6355,38.62237],[-2.631,38.61429],[-2.613,38.61591],[-2.59051,38.59975],[-2.59276,38.60945],[-2.56127,38.64176],[-2.54328,38.63045],[-2.55003,38.6046],[-2.51404,38.58037],[-2.52529,38.55936],[-2.49605,38.52059],[-2.47131,38.5319],[-2.45781,38.53513],[-2.43982,38.56098]]]]}},{"type":"Feature","id":"02077","properties":{"cod_mun":"02077","nombre":"Villa de Ves","cod_prov":"02","cod_ccaa":"08"},"geometry":{"type":"Polygon","coordinates":[[[-1.27028,39.1523],[-1.22755,39.1523],[-1.19606,39.17653],[-1.18931,39.20077],[-1.2073,39.19915],[-1.23879,39.20885],[-1.23204,39.21854],[-1.24329,39.24439],[-1.27703,39.24116],[-1.28377,39.21369],[-1.29952,39.19592],[-1.27028,39.17007],[-1.27028,39.1523]]]}},{"type":"Feature","id":"02078","properties":{"cod_mun":"02078","nombre":"Villalgordo del Júcar","cod_prov":"02","cod_ccaa":"08"},"geometry":{"type":"Polygon","coordinates":[[[-2.09571,39.3591],[-2.07321,39.31709],[-2.07771,39.3074],[-2.05747,39.27832],[-1.99,39.29447],[-2.00574,39.31709],[-2.02823,39.3381],[-2.01924,39.35102],[-2.04398,39.3591],[-2.08221,39.3591],[-2.09571,39.3591]]]}},{"type":"Feature","id":"02079","properties":{"cod_mun":"02079","nombre":"Villamalea","cod_prov":"02","cod_ccaa":"08"},"geometry":{"type":"Polygon","coordinates":[[[-1.67512,39.34617],[-1.63464,39.3284],[-1.60315,39.30417],[-1.58516,39.30094],[-1.53118,39.31709],[-1.50644,39.34133],[-1.45471,39.36071],[-1.45246,39.39787],[-1.47495,39.40918],[-1.48619,39.4011],[-1.48395,39.42372],[-1.50419,39.41726],[-1.56042,39.39949],[-1.61215,39.36879],[-1.64813,39.35264],[-1.67512,39.34617]]]}},{"type":"Feature","id":"02080","properties":{"cod_mun":"02080","nombre":"Villapalacios","cod_prov":"02","cod_ccaa":"08"},"geometry":{"type":"Polygon","coordinates":[[[-2.72771,38.5739],[-2.70522,38.56259],[-2.64449,38.55128],[-2.6175,38.53674],[-2.58601,38.54321],[-2.56127,38.54159],[-2.57252,38.56259],[-2.57027,38.58844],[-2.59051,38.59975],[-2.613,38.61591],[-2.631,38.61429],[-2.68723,38.61753],[-2.70072,38.60298],[-2.72996,38.58844],[-2.72771,38.5739]]]}},{"type":"Feature","id":"02081","properties":{"cod_mun":"02081","nombre":"Villarrobledo","cod_prov":"02","cod_ccaa":"08"},"geometry":{"type":"Polygon","coordinates":[[[-2.82217,39.09252],[-2.80643,39.0796],[-2.80643,39.04405],[-2.72546,39.05698],[-2.70522,39.06344],[-2.67823,39.06667],[-2.65574,39.05698],[-2.59951,39.04405],[-2.57027,39.04728],[-2.58826,39.07798],[-2.59051,39.10706],[-2.55453,39.08767],[-2.55453,39.10868],[-2.4893,39.13937],[-2.46231,39.15876],[-2.40833,39.16684],[-2.38134,39.15553],[-2.35211,39.16361],[-2.34086,39.19754],[-2.3746,39.23308],[-2.44207,39.28316],[-2.4848,39.31548],[-2.51179,39.34294],[-2.54778,39.32355],[-2.59951,39.33971],[-2.61975,39.33971],[-2.6355,39.3284],[-2.66248,39.32194],[-2.74345,39.31871],[-2.72321,39.26701],[-2.7592,39.22985],[-2.78169,39.19592],[-2.80643,39.17815],[-2.84241,39.13453],[-2.82217,39.09252]]]}},{"type":"Feature","id":"02082","properties":{"cod_mun":"02082","nombre":"Villatoya","cod_prov":"02","cod_ccaa":"08"},"geometry":{"type":"Polygon","coordinates":[[[-1.36249,39.3494],[-1.35799,39.30901],[-1.33775,39.30094],[-1.31301,39.30578],[-1.29952,39.33002],[-1.31976,39.34294],[-1.3355,39.33325],[-1.36249,39.3494]]]}},{"type":"Feature","id":"02084","properties":{"cod_mun":"02084","nombre":"Villaverde de Guadalimar","cod_prov":"02","cod_ccaa":"08"},"geometry":{"type":"Polygon","coordinates":[[[-2.57252,38.43819],[-2.53878,38.41234],[-2.53428,38.42688],[-2.52754,38.43334],[-2.47356,38.43981],[-2.47131,38.42365],[-2.46231,38.42203],[-2.45107,38.45596],[-2.46006,38.47212],[-2.49155,38.49151],[-2.51404,38.50766],[-2.52754,38.50443],[-2.56577,38.48989],[-2.57702,38.47535],[-2.56802,38.46081],[-2.57252,38.43819]]]}},{"type":"Feature","id":"16020","properties":{"cod_mun":"16020","nombre":"Arandilla del Arroyo","cod_prov":"16","cod_ccaa":"08"},"geometry":{"type":"Polygon","coordinates":[[[-2.41283,40.52558],[-2.40608,40.50458],[-2.37685,40.48681],[-2.34761,40.4965],[-2.3611,40.52397],[-2.3791,40.54335],[-2.41283,40.52558]]]}},{"type":"Feature","id":"02085","properties":{"cod_mun":"02085","nombre":"Viveros","cod_prov":"02","cod_ccaa":"08"},"geometry":{"type":"Polygon","coordinates":[[[-2.60626,38.83564],[-2.60401,38.83402],[-2.61975,38.80655],[-2.61076,38.78394],[-2.622,38.7807],[-2.60176,38.75485],[-2.56802,38.75001],[-2.52979,38.76616],[-2.5073,38.7904],[-2.54778,38.80494],[-2.57027,38.80817],[-2.56352,38.85987],[-2.54778,38.86795],[-2.57027,38.87118],[-2.58601,38.86795],[-2.60626,38.83564]]]}},{"type":"Feature","id":"02086","properties":{"cod_mun":"02086","nombre":"Yeste","cod_prov":"02","cod_ccaa":"08"},"geometry":{"type":"Polygon","coordinates":[[[-2.4848,38.3154],[-2.48031,38.2944],[-2.44207,38.28471],[-2.43532,38.26532],[-2.44432,38.25078],[-2.44432,38.23139],[-2.45332,38.21847],[-2.44657,38.18454],[-2.46681,38.17161],[-2.45332,38.16353],[-2.37685,38.20554],[-2.36335,38.22493],[-2.35885,38.24432],[-2.31837,38.25563],[-2.29813,38.27178],[-2.25989,38.27178],[-2.2464,38.2637],[-2.22166,38.26047],[-2.22391,38.30086],[-2.23515,38.31056],[-2.20141,38.34287],[-2.19017,38.3671],[-2.16093,38.39457],[-2.18117,38.40265],[-2.20816,38.3978],[-2.20816,38.41396],[-2.22166,38.41396],[-2.23515,38.4285],[-2.26889,38.43496],[-2.29138,38.4495],[-2.35436,38.45596],[-2.36335,38.45273],[-2.37685,38.45435],[-2.41958,38.43334],[-2.48256,38.39295],[-2.4938,38.37195],[-2.48031,38.34933],[-2.4848,38.3154]]]}},{"type":"Feature","id":"13001","properties":{"cod_mun":"13001","nombre":"Abenójar","cod_prov":"13","cod_ccaa":"08"},"geometry":{"type":"Polygon","coordinates":[[[-4.60797,38.83402],[-4.59898,38.80494],[-4.60797,38.76939],[-4.58998,38.76293],[-4.56749,38.76778],[-4.53375,38.76293],[-4.51351,38.78232],[-4.47078,38.80817],[-4.45054,38.80332],[-4.4078,38.82271],[-4.38756,38.83564],[-4.39206,38.84371],[-4.33133,38.85341],[-4.29535,38.8841],[-4.26836,38.90188],[-4.24587,38.92611],[-4.25936,38.93742],[-4.2796,38.95034],[-4.30659,38.95358],[-4.30884,38.9665],[-4.34258,38.97135],[-4.36732,38.95842],[-4.39206,38.97135],[-4.4258,38.96165],[-4.45953,38.96004],[-4.47977,38.94873],[-4.50227,38.95034],[-4.55175,38.91965],[-4.56074,38.90834],[-4.59448,38.89541],[-4.60348,38.87279],[-4.59898,38.83887],[-4.60797,38.83402]]]}},{"type":"Feature","id":"02901","properties":{"cod_mun":"02901","nombre":"Pozo Cañada","cod_prov":"02","cod_ccaa":"08"},"geometry":{"type":"Polygon","coordinates":[[[-1.78083,38.8841],[-1.80332,38.86795],[-1.81682,38.84694],[-1.81007,38.83402],[-1.82581,38.82109],[-1.8438,38.78394],[-1.81457,38.76778],[-1.79432,38.77747],[-1.76059,38.76778],[-1.75609,38.74678],[-1.73585,38.73385],[-1.7291,38.71931],[-1.75384,38.70477],[-1.7201,38.687],[-1.68637,38.70477],[-1.69536,38.71931],[-1.67737,38.73385],[-1.7201,38.7904],[-1.76733,38.84694],[-1.78308,38.87441],[-1.78083,38.8841]]]}},{"type":"Feature","id":"13008","properties":{"cod_mun":"13008","nombre":"Alcubillas","cod_prov":"13","cod_ccaa":"08"},"geometry":{"type":"Polygon","coordinates":[[[-3.1303,38.72254],[-3.10781,38.7387],[-3.09881,38.77586],[-3.14605,38.7904],[-3.18203,38.78232],[-3.18878,38.74839],[-3.18653,38.73547],[-3.16404,38.72254],[-3.1303,38.72254]]]}},{"type":"Feature","id":"13002","properties":{"cod_mun":"13002","nombre":"Agudo","cod_prov":"13","cod_ccaa":"08"},"geometry":{"type":"Polygon","coordinates":[[[-4.96334,39.05859],[-4.9341,38.97619],[-4.91835,38.95681],[-4.90711,38.96327],[-4.87787,38.94873],[-4.84413,38.9455],[-4.76991,38.95519],[-4.76541,38.96812],[-4.73617,38.98427],[-4.70019,38.99235],[-4.69344,39.03113],[-4.71143,39.03759],[-4.70244,39.06021],[-4.70469,39.07798],[-4.74067,39.08444],[-4.77666,39.05859],[-4.7924,39.05859],[-4.81714,39.07313],[-4.82614,39.06182],[-4.83289,39.04567],[-4.84863,39.04567],[-4.85988,39.03113],[-4.88462,39.03436],[-4.94084,39.05698],[-4.96334,39.05859]]]}},{"type":"Feature","id":"13003","properties":{"cod_mun":"13003","nombre":"Alamillo","cod_prov":"13","cod_ccaa":"08"},"geometry":{"type":"Polygon","coordinates":[[[-4.86887,38.68054],[-4.86662,38.65953],[-4.8059,38.63853],[-4.77666,38.63368],[-4.74742,38.63853],[-4.75642,38.67246],[-4.77891,38.6773],[-4.77441,38.69992],[-4.7924,38.71446],[-4.8059,38.70639],[-4.85088,38.72416],[-4.86887,38.68054]]]}},{"type":"Feature","id":"13004","properties":{"cod_mun":"13004","nombre":"Albaladejo","cod_prov":"13","cod_ccaa":"08"},"geometry":{"type":"Polygon","coordinates":[[[-2.77269,38.6563],[-2.78844,38.6563],[-2.82667,38.64014],[-2.83342,38.63207],[-2.81767,38.61106],[-2.80868,38.56421],[-2.78169,38.56583],[-2.76594,38.5739],[-2.7502,38.61591],[-2.7637,38.62722],[-2.77269,38.6563]]]}},{"type":"Feature","id":"13005","properties":{"cod_mun":"13005","nombre":"Alcázar de San Juan","cod_prov":"13","cod_ccaa":"08"},"geometry":{"type":"Polygon","coordinates":[[[-3.37096,39.13453],[-3.31023,39.12645],[-3.25625,39.11837],[-3.20452,39.1006],[-3.18428,39.14745],[-3.16404,39.17169],[-3.09207,39.20238],[-3.10781,39.24277],[-3.11006,39.26701],[-3.13255,39.32194],[-3.16179,39.42857],[-3.18428,39.47542],[-3.29449,39.47058],[-3.31698,39.42857],[-3.30798,39.39787],[-3.33047,39.40595],[-3.32373,39.37849],[-3.32822,39.33002],[-3.35971,39.31063],[-3.36196,39.29286],[-3.35072,39.24439],[-3.35072,39.19754],[-3.36196,39.183],[-3.36196,39.15553],[-3.37096,39.13453]]]}},{"type":"Feature","id":"13006","properties":{"cod_mun":"13006","nombre":"Alcoba","cod_prov":"13","cod_ccaa":"08"},"geometry":{"type":"Polygon","coordinates":[[[-4.52476,39.32032],[-4.53375,39.2864],[-4.50676,39.25085],[-4.49777,39.25247],[-4.45728,39.22662],[-4.39881,39.225],[-4.36732,39.246],[-4.30434,39.26539],[-4.2841,39.26539],[-4.26611,39.27024],[-4.27735,39.31709],[-4.34258,39.35102],[-4.33133,39.36233],[-4.36732,39.38333],[-4.39431,39.3801],[-4.44604,39.38495],[-4.50002,39.39787],[-4.51351,39.3898],[-4.52026,39.36718],[-4.53375,39.34456],[-4.554,39.34133],[-4.51801,39.3284],[-4.52476,39.32032]]]}},{"type":"Feature","id":"16087","properties":{"cod_mun":"16087","nombre":"Fuentelespino de Haro","cod_prov":"16","cod_ccaa":"08"},"geometry":{"type":"Polygon","coordinates":[[[-2.68498,39.67253],[-2.67598,39.65476],[-2.63774,39.65637],[-2.57702,39.68061],[-2.59726,39.68222],[-2.622,39.71292],[-2.68273,39.69676],[-2.68498,39.67253]]]}},{"type":"Feature","id":"13007","properties":{"cod_mun":"13007","nombre":"Alcolea de Calatrava","cod_prov":"13","cod_ccaa":"08"},"geometry":{"type":"Polygon","coordinates":[[[-4.18289,38.96812],[-4.14241,38.93904],[-4.14466,38.92773],[-4.12666,38.94065],[-4.08393,38.94065],[-4.07043,38.91319],[-4.05019,38.9148],[-4.05244,38.93419],[-4.08168,38.94227],[-4.08393,38.9875],[-4.07043,39.00204],[-4.09068,39.01174],[-4.08843,39.02143],[-4.12666,39.02951],[-4.13116,39.01497],[-4.1559,39.01174],[-4.17165,38.97619],[-4.18289,38.96812]]]}},{"type":"Feature","id":"13009","properties":{"cod_mun":"13009","nombre":"Aldea del Rey","cod_prov":"13","cod_ccaa":"08"},"geometry":{"type":"Polygon","coordinates":[[[-3.94673,38.69023],[-3.92649,38.65469],[-3.92874,38.63691],[-3.89051,38.64661],[-3.86352,38.66115],[-3.83653,38.6563],[-3.82078,38.687],[-3.80954,38.69831],[-3.80504,38.72093],[-3.81628,38.73224],[-3.80729,38.76616],[-3.79154,38.77101],[-3.81628,38.79848],[-3.82753,38.80171],[-3.85902,38.7807],[-3.88376,38.78878],[-3.92874,38.76455],[-3.91974,38.73224],[-3.92424,38.71285],[-3.94673,38.69023]]]}},{"type":"Feature","id":"13010","properties":{"cod_mun":"13010","nombre":"Alhambra","cod_prov":"13","cod_ccaa":"08"},"geometry":{"type":"MultiPolygon","coordinates":[[[[-3.15279,39.04082],[-3.21802,39.01659],[-3.24051,39.00204],[-3.25625,39.00043],[-3.254,38.99397],[-3.21352,38.97781],[-3.20227,38.9665],[-3.16854,38.97458],[-3.16629,38.95519],[-3.1393,38.95519],[-3.14155,38.93419],[-3.12131,38.91642],[-3.11906,38.89864],[-3.15729,38.88895],[-3.17304,38.87279],[-3.21352,38.87603],[-3.19328,38.84371],[-3.19553,38.82917],[-3.21577,38.80979],[-3.24501,38.80494],[-3.272,38.79848],[-3.2675,38.78878],[-3.28324,38.76132],[-3.2585,38.7597],[-3.24726,38.74193],[-3.23376,38.74193],[-3.18653,38.76616],[-3.18203,38.78717],[-3.17079,38.79363],[-3.09432,38.78878],[-3.07407,38.77586],[-3.03584,38.79363],[-3.0066,38.82917],[-3.02684,38.83887],[-3.01335,38.85341],[-2.97736,38.87441],[-2.94812,38.87118],[-2.92563,38.90349],[-2.87615,38.92611],[-2.8784,38.95681],[-2.90314,38.98589],[-2.93238,38.96327],[-2.94812,38.95519],[-3.00435,38.96812],[-3.05158,38.98912],[-3.07857,39.01497],[-3.11906,39.0182],[-3.15279,39.04082]]],[[[-2.8739,39.08929],[-2.92563,39.09898],[-2.91888,39.0796],[-2.90314,39.06667],[-2.88965,39.03436],[-2.8874,39.02466],[-2.85141,39.02143],[-2.88065,38.98589],[-2.87165,38.96004],[-2.84691,38.98427],[-2.83117,39.02305],[-2.81093,39.02305],[-2.80643,39.04405],[-2.80643,39.0796],[-2.82217,39.09252],[-2.8739,39.08929]]]]}},{"type":"Feature","id":"13011","properties":{"cod_mun":"13011","nombre":"Almadén","cod_prov":"13","cod_ccaa":"08"},"geometry":{"type":"Polygon","coordinates":[[[-4.85088,38.72416],[-4.8059,38.70639],[-4.7924,38.71446],[-4.77441,38.69992],[-4.77891,38.6773],[-4.75642,38.67246],[-4.75417,38.70639],[-4.72943,38.72093],[-4.74742,38.73385],[-4.73842,38.75001],[-4.70919,38.77101],[-4.71818,38.79201],[-4.71143,38.81948],[-4.67545,38.8114],[-4.62147,38.8324],[-4.60797,38.83402],[-4.59898,38.83887],[-4.60348,38.87279],[-4.59448,38.89541],[-4.67095,38.86633],[-4.69569,38.87279],[-4.69794,38.88572],[-4.71818,38.90026],[-4.75417,38.90188],[-4.77216,38.88572],[-4.77441,38.87279],[-4.75642,38.86472],[-4.8104,38.82271],[-4.83064,38.78232],[-4.85538,38.78555],[-4.84863,38.77101],[-4.85088,38.72416]]]}},{"type":"Feature","id":"13030","properties":{"cod_mun":"13030","nombre":"Caracuel de Calatrava","cod_prov":"13","cod_ccaa":"08"},"geometry":{"type":"Polygon","coordinates":[[[-4.06594,38.80494],[-4.04794,38.80332],[-4.0412,38.82756],[-4.06144,38.8421],[-4.0412,38.85341],[-4.05019,38.8631],[-4.06594,38.84694],[-4.06594,38.81786],[-4.06594,38.80494]]]}},{"type":"Feature","id":"13031","properties":{"cod_mun":"13031","nombre":"Carrión de Calatrava","cod_prov":"13","cod_ccaa":"08"},"geometry":{"type":"Polygon","coordinates":[[[-3.91075,39.06021],[-3.89275,39.05051],[-3.88151,39.03113],[-3.88601,39.00851],[-3.82303,38.99558],[-3.82078,38.97943],[-3.79379,38.98427],[-3.79829,38.99397],[-3.78255,39.03597],[-3.78705,39.07313],[-3.81179,39.0909],[-3.81179,39.10221],[-3.84102,39.11675],[-3.86801,39.14584],[-3.88151,39.11999],[-3.82528,39.08929],[-3.85902,39.06829],[-3.91075,39.06021]]]}},{"type":"Feature","id":"13012","properties":{"cod_mun":"13012","nombre":"Almadenejos","cod_prov":"13","cod_ccaa":"08"},"geometry":{"type":"Polygon","coordinates":[[[-4.72943,38.72093],[-4.67995,38.72254],[-4.65746,38.71123],[-4.65746,38.72416],[-4.63946,38.75001],[-4.60573,38.75647],[-4.60797,38.76939],[-4.59898,38.80494],[-4.60797,38.83402],[-4.62147,38.8324],[-4.67545,38.8114],[-4.71143,38.81948],[-4.71818,38.79201],[-4.70919,38.77101],[-4.73842,38.75001],[-4.74742,38.73385],[-4.72943,38.72093]]]}},{"type":"Feature","id":"13013","properties":{"cod_mun":"13013","nombre":"Almagro","cod_prov":"13","cod_ccaa":"08"},"geometry":{"type":"MultiPolygon","coordinates":[[[[-3.91075,38.79524],[-3.92874,38.79363],[-3.94673,38.77424],[-3.92874,38.76455],[-3.88376,38.78878],[-3.85902,38.7807],[-3.82753,38.80171],[-3.83878,38.81463],[-3.80954,38.83564],[-3.81628,38.85018],[-3.78255,38.87764],[-3.76006,38.87603],[-3.73981,38.84371],[-3.73082,38.84371],[-3.67459,38.82271],[-3.63186,38.83079],[-3.60712,38.84533],[-3.58687,38.84694],[-3.61611,38.8631],[-3.63186,38.8841],[-3.69033,38.8841],[-3.69708,38.91157],[-3.68134,38.92934],[-3.66784,38.92934],[-3.66784,38.94873],[-3.61611,38.97458],[-3.63186,38.99881],[-3.67234,38.9875],[-3.69933,39.00528],[-3.72407,38.9972],[-3.73756,38.97619],[-3.79379,38.98427],[-3.82078,38.97943],[-3.82078,38.97135],[-3.79829,38.94873],[-3.7803,38.91319],[-3.75781,38.9148],[-3.76905,38.89864],[-3.80279,38.86956],[-3.82978,38.85502],[-3.84777,38.83564],[-3.87926,38.81786],[-3.89051,38.80171],[-3.91075,38.79524]]],[[[-3.57563,38.92288],[-3.58462,38.90834],[-3.58013,38.8938],[-3.55314,38.90672],[-3.55539,38.92773],[-3.57563,38.92288]]]]}},{"type":"Feature","id":"19250","properties":{"cod_mun":"19250","nombre":"Santiuste","cod_prov":"19","cod_ccaa":"08"},"geometry":{"type":"Polygon","coordinates":[[[-2.82667,41.09913],[-2.82667,41.07489],[-2.81992,41.0652],[-2.79293,41.07328],[-2.79518,41.10398],[-2.82667,41.09913]]]}},{"type":"Feature","id":"13014","properties":{"cod_mun":"13014","nombre":"Almedina","cod_prov":"13","cod_ccaa":"08"},"geometry":{"type":"Polygon","coordinates":[[[-3.01335,38.64984],[-3.0111,38.64014],[-2.98861,38.58844],[-2.96162,38.57067],[-2.93463,38.59329],[-2.91664,38.59491],[-2.92338,38.64822],[-2.97511,38.65953],[-3.01335,38.64984]]]}},{"type":"Feature","id":"13015","properties":{"cod_mun":"13015","nombre":"Almodóvar del Campo","cod_prov":"13","cod_ccaa":"08"},"geometry":{"type":"Polygon","coordinates":[[[-4.86662,38.65953],[-4.86213,38.61753],[-4.81489,38.59491],[-4.78566,38.59652],[-4.73842,38.57713],[-4.73168,38.5739],[-4.70919,38.57229],[-4.70469,38.55452],[-4.66645,38.54644],[-4.62147,38.52382],[-4.61022,38.49635],[-4.56299,38.48989],[-4.55849,38.47697],[-4.5405,38.48181],[-4.536,38.4705],[-4.51351,38.46404],[-4.50227,38.45112],[-4.49327,38.44142],[-4.46628,38.48828],[-4.46853,38.50443],[-4.43479,38.51089],[-4.43254,38.51897],[-4.46178,38.5319],[-4.43929,38.54805],[-4.34483,38.52543],[-4.31334,38.52059],[-4.30434,38.55452],[-4.33583,38.5739],[-4.35382,38.57713],[-4.37856,38.55775],[-4.39206,38.56906],[-4.38981,38.58844],[-4.34258,38.63853],[-4.33358,38.67084],[-4.31559,38.69831],[-4.27286,38.68861],[-4.25486,38.68861],[-4.23912,38.66923],[-4.24812,38.64014],[-4.22787,38.66115],[-4.20538,38.65792],[-4.1694,38.69023],[-4.14016,38.69023],[-4.12216,38.708],[-4.12666,38.74516],[-4.18964,38.7597],[-4.23462,38.7597],[-4.24587,38.77586],[-4.26611,38.78394],[-4.32234,38.79524],[-4.33583,38.80332],[-4.36282,38.81302],[-4.37182,38.8324],[-4.38756,38.83564],[-4.4078,38.82271],[-4.45054,38.80332],[-4.47078,38.80817],[-4.51351,38.78232],[-4.53375,38.76293],[-4.56749,38.76778],[-4.58998,38.76293],[-4.60797,38.76939],[-4.60573,38.75647],[-4.63946,38.75001],[-4.65746,38.72416],[-4.65746,38.71123],[-4.67995,38.72254],[-4.72943,38.72093],[-4.75417,38.70639],[-4.75642,38.67246],[-4.74742,38.63853],[-4.77666,38.63368],[-4.8059,38.63853],[-4.86662,38.65953]],[[-4.36732,38.66599],[-4.4258,38.68377],[-4.4168,38.70962],[-4.43704,38.71446],[-4.43029,38.73708],[-4.39881,38.73385],[-4.35382,38.69831],[-4.36507,38.687],[-4.36732,38.66599]]]}},{"type":"Feature","id":"13016","properties":{"cod_mun":"13016","nombre":"Almuradiel","cod_prov":"13","cod_ccaa":"08"},"geometry":{"type":"Polygon","coordinates":[[[-3.49466,38.41234],[-3.42494,38.48504],[-3.46542,38.49151],[-3.47667,38.51574],[-3.49016,38.52382],[-3.53065,38.50282],[-3.5194,38.46566],[-3.5284,38.43011],[-3.49466,38.41234]]]}},{"type":"Feature","id":"13017","properties":{"cod_mun":"13017","nombre":"Anchuras","cod_prov":"13","cod_ccaa":"08"},"geometry":{"type":"Polygon","coordinates":[[[-4.94084,39.39464],[-4.90936,39.37849],[-4.87112,39.36879],[-4.8059,39.39787],[-4.76766,39.4011],[-4.75642,39.41565],[-4.76541,39.43503],[-4.74067,39.45604],[-4.74967,39.46896],[-4.74292,39.48996],[-4.76316,39.5142],[-4.8104,39.53036],[-4.86213,39.55621],[-4.88012,39.53843],[-4.90711,39.4932],[-4.94084,39.39464]]]}},{"type":"Feature","id":"13018","properties":{"cod_mun":"13018","nombre":"Arenas de San Juan","cod_prov":"13","cod_ccaa":"08"},"geometry":{"type":"Polygon","coordinates":[[[-3.54414,39.20238],[-3.54414,39.17007],[-3.52165,39.15068],[-3.5149,39.14745],[-3.47217,39.18784],[-3.44968,39.22177],[-3.46317,39.2347],[-3.48117,39.23146],[-3.49466,39.26055],[-3.55314,39.24439],[-3.54189,39.21854],[-3.54414,39.20238]]]}},{"type":"Feature","id":"13019","properties":{"cod_mun":"13019","nombre":"Argamasilla de Alba","cod_prov":"13","cod_ccaa":"08"},"geometry":{"type":"Polygon","coordinates":[[[-3.20452,39.1006],[-3.16179,39.06344],[-3.15279,39.04082],[-3.11906,39.0182],[-3.07857,39.01497],[-3.05158,38.98912],[-3.00435,38.96812],[-2.94812,38.95519],[-2.93238,38.96327],[-2.92563,38.97943],[-2.94812,38.98104],[-2.93238,39.00366],[-2.94587,39.01982],[-2.88965,39.03436],[-2.90314,39.06667],[-2.91888,39.0796],[-2.92563,39.09898],[-2.95712,39.1006],[-2.98636,39.11514],[-3.00885,39.13614],[-3.03584,39.14584],[-3.05158,39.17653],[-3.05833,39.1733],[-3.09207,39.20238],[-3.16404,39.17169],[-3.18428,39.14745],[-3.20452,39.1006]]]}},{"type":"Feature","id":"13020","properties":{"cod_mun":"13020","nombre":"Argamasilla de Calatrava","cod_prov":"13","cod_ccaa":"08"},"geometry":{"type":"Polygon","coordinates":[[[-4.12666,38.74516],[-4.12216,38.708],[-4.09967,38.708],[-4.07718,38.69346],[-4.06144,38.70154],[-4.0412,38.69184],[-3.94673,38.69023],[-3.92424,38.71285],[-3.91974,38.73224],[-3.92874,38.76455],[-3.94673,38.77424],[-3.97597,38.77263],[-3.99396,38.77909],[-4.00071,38.79848],[-4.04794,38.80332],[-4.06594,38.80494],[-4.07943,38.78394],[-4.11992,38.75647],[-4.12666,38.74516]]]}},{"type":"Feature","id":"13021","properties":{"cod_mun":"13021","nombre":"Arroba de los Montes","cod_prov":"13","cod_ccaa":"08"},"geometry":{"type":"Polygon","coordinates":[[[-4.6642,39.18461],[-4.64846,39.16522],[-4.58998,39.14584],[-4.56749,39.14422],[-4.50002,39.12968],[-4.47528,39.16684],[-4.49777,39.183],[-4.51576,39.17815],[-4.536,39.1943],[-4.56074,39.183],[-4.62597,39.17976],[-4.64621,39.18946],[-4.6642,39.18461]]]}},{"type":"Feature","id":"13022","properties":{"cod_mun":"13022","nombre":"Ballesteros de Calatrava","cod_prov":"13","cod_ccaa":"08"},"geometry":{"type":"Polygon","coordinates":[[[-4.00071,38.79848],[-3.99396,38.77909],[-3.97597,38.77263],[-3.94673,38.77424],[-3.92874,38.79363],[-3.91075,38.79524],[-3.8995,38.80817],[-3.91075,38.8421],[-3.91075,38.86633],[-3.94223,38.86795],[-3.97147,38.82756],[-3.98047,38.82433],[-4.00071,38.79848]]]}},{"type":"Feature","id":"19332","properties":{"cod_mun":"19332","nombre":"Yunta, La","cod_prov":"19","cod_ccaa":"08"},"geometry":{"type":"Polygon","coordinates":[[[-1.71785,40.93272],[-1.70886,40.90041],[-1.65713,40.90041],[-1.62114,40.8794],[-1.62564,40.89879],[-1.60765,40.92787],[-1.61664,40.94403],[-1.65488,40.96826],[-1.66163,40.97796],[-1.67062,40.97311],[-1.71785,40.93272]]]}},{"type":"Feature","id":"13023","properties":{"cod_mun":"13023","nombre":"Bolaños de Calatrava","cod_prov":"13","cod_ccaa":"08"},"geometry":{"type":"Polygon","coordinates":[[[-3.61611,38.97458],[-3.66784,38.94873],[-3.66784,38.92934],[-3.68134,38.92934],[-3.69708,38.91157],[-3.69033,38.8841],[-3.63186,38.8841],[-3.61611,38.8631],[-3.58687,38.84694],[-3.55988,38.85987],[-3.58013,38.8938],[-3.58462,38.90834],[-3.57563,38.92288],[-3.59137,38.94873],[-3.61611,38.97458]]]}},{"type":"Feature","id":"13024","properties":{"cod_mun":"13024","nombre":"Brazatortas","cod_prov":"13","cod_ccaa":"08"},"geometry":{"type":"MultiPolygon","coordinates":[[[[-4.34483,38.52543],[-4.43929,38.54805],[-4.46178,38.5319],[-4.43254,38.51897],[-4.43479,38.51089],[-4.46853,38.50443],[-4.46628,38.48828],[-4.49327,38.44142],[-4.44829,38.40103],[-4.43479,38.40265],[-4.38981,38.46566],[-4.4123,38.48181],[-4.36957,38.5012],[-4.34483,38.52543]]],[[[-4.24812,38.64014],[-4.23912,38.66923],[-4.25486,38.68861],[-4.27286,38.68861],[-4.31559,38.69831],[-4.33358,38.67084],[-4.34258,38.63853],[-4.38981,38.58844],[-4.39206,38.56906],[-4.37856,38.55775],[-4.35382,38.57713],[-4.33583,38.5739],[-4.30434,38.55452],[-4.31334,38.52059],[-4.2751,38.51897],[-4.26611,38.54805],[-4.27061,38.56906],[-4.26161,38.61914],[-4.24812,38.64014]]],[[[-4.36732,38.66599],[-4.36507,38.687],[-4.35382,38.69831],[-4.39881,38.73385],[-4.43029,38.73708],[-4.43704,38.71446],[-4.4168,38.70962],[-4.4258,38.68377],[-4.36732,38.66599]]]]}},{"type":"Feature","id":"13032","properties":{"cod_mun":"13032","nombre":"Carrizosa","cod_prov":"13","cod_ccaa":"08"},"geometry":{"type":"Polygon","coordinates":[[[-3.0066,38.82917],[-2.9976,38.82109],[-2.97511,38.82594],[-2.94138,38.85664],[-2.94812,38.87118],[-2.97736,38.87441],[-3.01335,38.85341],[-3.02684,38.83887],[-3.0066,38.82917]]]}},{"type":"Feature","id":"19333","properties":{"cod_mun":"19333","nombre":"Zaorejas","cod_prov":"19","cod_ccaa":"08"},"geometry":{"type":"Polygon","coordinates":[[[-2.32961,40.78893],[-2.31612,40.77116],[-2.29138,40.76146],[-2.2419,40.72753],[-2.2464,40.71784],[-2.14744,40.67583],[-2.13394,40.69361],[-2.08896,40.7243],[-2.07097,40.72592],[-2.07996,40.73561],[-2.11595,40.78247],[-2.15193,40.78408],[-2.15418,40.79701],[-2.12494,40.83093],[-2.16318,40.84548],[-2.20816,40.83901],[-2.19917,40.83255],[-2.20816,40.80508],[-2.2464,40.79701],[-2.24865,40.78893],[-2.32961,40.78893]]]}},{"type":"Feature","id":"13025","properties":{"cod_mun":"13025","nombre":"Cabezarados","cod_prov":"13","cod_ccaa":"08"},"geometry":{"type":"Polygon","coordinates":[[[-4.38756,38.83564],[-4.37182,38.8324],[-4.36282,38.81302],[-4.33583,38.80332],[-4.31334,38.81625],[-4.26611,38.82917],[-4.22113,38.82917],[-4.22562,38.85664],[-4.25036,38.87764],[-4.25261,38.8938],[-4.24587,38.92611],[-4.26836,38.90188],[-4.29535,38.8841],[-4.33133,38.85341],[-4.39206,38.84371],[-4.38756,38.83564]]]}},{"type":"Feature","id":"13026","properties":{"cod_mun":"13026","nombre":"Cabezarrubias del Puerto","cod_prov":"13","cod_ccaa":"08"},"geometry":{"type":"Polygon","coordinates":[[[-4.36957,38.5012],[-4.32683,38.48828],[-4.30434,38.48828],[-4.2931,38.49797],[-4.25036,38.48181],[-4.25711,38.49958],[-4.23687,38.51251],[-4.23237,38.54644],[-4.21213,38.56906],[-4.19639,38.57067],[-4.18964,38.59006],[-4.1514,38.61914],[-4.1514,38.6256],[-4.18514,38.63368],[-4.24362,38.62722],[-4.26161,38.61914],[-4.27061,38.56906],[-4.26611,38.54805],[-4.2751,38.51897],[-4.31334,38.52059],[-4.34483,38.52543],[-4.36957,38.5012]]]}},{"type":"Feature","id":"13027","properties":{"cod_mun":"13027","nombre":"Calzada de Calatrava","cod_prov":"13","cod_ccaa":"08"},"geometry":{"type":"Polygon","coordinates":[[[-3.91974,38.53351],[-3.88826,38.52705],[-3.85677,38.51251],[-3.85677,38.49958],[-3.76905,38.47535],[-3.74656,38.46404],[-3.73307,38.49474],[-3.69708,38.53351],[-3.71507,38.55452],[-3.69258,38.56906],[-3.69033,38.58037],[-3.6521,38.61106],[-3.6476,38.62722],[-3.6566,38.64338],[-3.62961,38.65145],[-3.62061,38.66761],[-3.6566,38.687],[-3.66784,38.70315],[-3.70608,38.7387],[-3.73307,38.74839],[-3.76905,38.75001],[-3.7713,38.76778],[-3.79154,38.77101],[-3.80729,38.76616],[-3.81628,38.73224],[-3.80504,38.72093],[-3.80954,38.69831],[-3.82078,38.687],[-3.83653,38.6563],[-3.79604,38.62076],[-3.79154,38.60783],[-3.81179,38.59006],[-3.81179,38.57229],[-3.82978,38.58037],[-3.86801,38.58521],[-3.87476,38.56583],[-3.904,38.55613],[-3.91974,38.53351]]]}},{"type":"Feature","id":"13028","properties":{"cod_mun":"13028","nombre":"Campo de Criptana","cod_prov":"13","cod_ccaa":"08"},"geometry":{"type":"Polygon","coordinates":[[[-3.18428,39.47542],[-3.16179,39.42857],[-3.13255,39.32194],[-3.11006,39.26701],[-3.10781,39.24277],[-3.09207,39.20238],[-3.05833,39.1733],[-3.05158,39.17653],[-3.02459,39.19269],[-3.02909,39.22015],[-3.05608,39.25247],[-3.08082,39.32679],[-3.01335,39.32032],[-2.99535,39.32679],[-2.98186,39.34456],[-2.99535,39.36556],[-2.99311,39.40595],[-2.99985,39.4415],[-3.02234,39.45765],[-3.06958,39.44957],[-3.07632,39.45765],[-3.1438,39.49481],[-3.18428,39.48835],[-3.18428,39.47542]]]}},{"type":"Feature","id":"13029","properties":{"cod_mun":"13029","nombre":"Cañada de Calatrava","cod_prov":"13","cod_ccaa":"08"},"geometry":{"type":"Polygon","coordinates":[[[-4.04794,38.80332],[-4.00071,38.79848],[-3.98047,38.82433],[-4.00746,38.83725],[-4.00521,38.84694],[-4.00296,38.86795],[-4.01871,38.88895],[-4.0322,38.87603],[-4.0412,38.82756],[-4.04794,38.80332]]]}},{"type":"Feature","id":"13033","properties":{"cod_mun":"13033","nombre":"Castellar de Santiago","cod_prov":"13","cod_ccaa":"08"},"geometry":{"type":"Polygon","coordinates":[[[-3.33497,38.4802],[-3.30573,38.47858],[-3.27874,38.48504],[-3.23601,38.50443],[-3.22477,38.51897],[-3.22252,38.5529],[-3.23151,38.56906],[-3.2675,38.58521],[-3.30798,38.58198],[-3.32598,38.56906],[-3.33722,38.54967],[-3.33497,38.4802]]]}},{"type":"Feature","id":"13034","properties":{"cod_mun":"13034","nombre":"Ciudad Real","cod_prov":"13","cod_ccaa":"08"},"geometry":{"type":"Polygon","coordinates":[[[-4.08843,39.02143],[-4.09068,39.01174],[-4.07043,39.00204],[-4.08393,38.9875],[-4.08168,38.94227],[-4.05244,38.93419],[-4.0322,38.92126],[-4.01871,38.92773],[-4.02095,38.95358],[-4.00971,38.95681],[-3.96698,38.95034],[-3.95573,38.92288],[-3.99172,38.91157],[-4.00521,38.91803],[-4.02545,38.90026],[-4.01871,38.88895],[-4.00296,38.86795],[-4.00521,38.84694],[-3.97372,38.84533],[-3.98047,38.87118],[-3.96023,38.87603],[-3.94223,38.86795],[-3.91075,38.86633],[-3.88151,38.86956],[-3.86576,38.88895],[-3.87476,38.91157],[-3.89051,38.90995],[-3.91749,38.92934],[-3.91749,38.96489],[-3.88826,38.98427],[-3.88601,39.00851],[-3.88151,39.03113],[-3.89275,39.05051],[-3.91075,39.06021],[-3.98272,39.06667],[-4.04569,39.08121],[-4.04794,39.0392],[-4.03895,39.02951],[-4.01196,39.03759],[-4.00971,39.02143],[-4.0232,39.01174],[-4.05469,39.01174],[-4.05919,39.02466],[-4.08843,39.02143]]]}},{"type":"Feature","id":"13035","properties":{"cod_mun":"13035","nombre":"Corral de Calatrava","cod_prov":"13","cod_ccaa":"08"},"geometry":{"type":"Polygon","coordinates":[[[-4.24587,38.92611],[-4.25261,38.8938],[-4.25036,38.87764],[-4.22562,38.85664],[-4.22113,38.82917],[-4.12216,38.8324],[-4.09967,38.82271],[-4.08393,38.8324],[-4.06594,38.81786],[-4.06594,38.84694],[-4.05019,38.8631],[-4.0412,38.85341],[-4.06144,38.8421],[-4.0412,38.82756],[-4.0322,38.87603],[-4.01871,38.88895],[-4.02545,38.90026],[-4.05019,38.9148],[-4.07043,38.91319],[-4.08393,38.94065],[-4.12666,38.94065],[-4.14466,38.92773],[-4.12216,38.89057],[-4.14241,38.87603],[-4.17839,38.86795],[-4.22562,38.90511],[-4.24587,38.92611]]]}},{"type":"Feature","id":"13043","properties":{"cod_mun":"13043","nombre":"Fuenllana","cod_prov":"13","cod_ccaa":"08"},"geometry":{"type":"Polygon","coordinates":[[[-3.0201,38.79686],[-2.98636,38.74839],[-2.97286,38.71446],[-2.95487,38.70639],[-2.91888,38.729],[-2.91214,38.75647],[-2.93688,38.78717],[-2.96162,38.80171],[-2.99086,38.80817],[-3.0201,38.79686]]]}},{"type":"Feature","id":"19183","properties":{"cod_mun":"19183","nombre":"Milmarcos","cod_prov":"19","cod_ccaa":"08"},"geometry":{"type":"Polygon","coordinates":[[[-1.93377,41.09751],[-1.85955,41.04097],[-1.8483,41.07328],[-1.82581,41.0959],[-1.87304,41.11044],[-1.89104,41.13306],[-1.92252,41.13467],[-1.91803,41.12013],[-1.93377,41.09751]]]}},{"type":"Feature","id":"13036","properties":{"cod_mun":"13036","nombre":"Cortijos, Los","cod_prov":"13","cod_ccaa":"08"},"geometry":{"type":"Polygon","coordinates":[[[-4.13566,39.32679],[-4.09293,39.2977],[-4.05244,39.29124],[-4.03445,39.28155],[-4.00521,39.28155],[-3.98947,39.27024],[-3.96473,39.2977],[-3.95798,39.31063],[-3.96922,39.32355],[-3.97147,39.35264],[-4.00521,39.35264],[-4.07268,39.36556],[-4.09967,39.34294],[-4.13566,39.32679]]]}},{"type":"Feature","id":"13067","properties":{"cod_mun":"13067","nombre":"Pozuelos de Calatrava, Los","cod_prov":"13","cod_ccaa":"08"},"geometry":{"type":"Polygon","coordinates":[[[-4.25936,38.93742],[-4.24587,38.92611],[-4.22562,38.90511],[-4.17839,38.86795],[-4.14241,38.87603],[-4.12216,38.89057],[-4.14466,38.92773],[-4.14241,38.93904],[-4.18289,38.96812],[-4.25036,38.97458],[-4.25936,38.93742]]]}},{"type":"Feature","id":"13037","properties":{"cod_mun":"13037","nombre":"Cózar","cod_prov":"13","cod_ccaa":"08"},"geometry":{"type":"Polygon","coordinates":[[[-3.16179,38.67084],[-3.1438,38.64176],[-3.06733,38.62884],[-3.0156,38.63368],[-3.0111,38.64014],[-3.01335,38.64984],[-3.05158,38.67569],[-3.07182,38.69669],[-3.08082,38.69023],[-3.10781,38.70154],[-3.1258,38.68538],[-3.16179,38.67084]]]}},{"type":"Feature","id":"13068","properties":{"cod_mun":"13068","nombre":"Puebla de Don Rodrigo","cod_prov":"13","cod_ccaa":"08"},"geometry":{"type":"Polygon","coordinates":[[[-4.83064,39.17653],[-4.83064,39.16684],[-4.85313,39.1523],[-4.85763,39.12322],[-4.87337,39.09575],[-4.85988,39.07798],[-4.82614,39.06182],[-4.81714,39.07313],[-4.7924,39.05859],[-4.77666,39.05859],[-4.74067,39.08444],[-4.70469,39.07798],[-4.70244,39.06021],[-4.66195,39.06344],[-4.64621,39.05859],[-4.60797,39.05536],[-4.57424,39.03759],[-4.55175,39.03436],[-4.52026,39.01497],[-4.49552,38.99397],[-4.48877,39.00204],[-4.45953,38.99558],[-4.44604,39.00851],[-4.46628,39.02305],[-4.45279,39.03274],[-4.46403,39.07152],[-4.48427,39.11352],[-4.50002,39.12968],[-4.56749,39.14422],[-4.58998,39.14584],[-4.64846,39.16522],[-4.67545,39.17007],[-4.71368,39.18784],[-4.74292,39.1943],[-4.77441,39.18946],[-4.8104,39.19915],[-4.83064,39.17653]]]}},{"type":"Feature","id":"13069","properties":{"cod_mun":"13069","nombre":"Puebla del Príncipe","cod_prov":"13","cod_ccaa":"08"},"geometry":{"type":"Polygon","coordinates":[[[-2.96162,38.57067],[-2.93913,38.53674],[-2.91439,38.52059],[-2.89639,38.52382],[-2.90314,38.5319],[-2.88515,38.55128],[-2.90089,38.58844],[-2.91664,38.59491],[-2.93463,38.59329],[-2.96162,38.57067]]]}},{"type":"Feature","id":"13038","properties":{"cod_mun":"13038","nombre":"Chillón","cod_prov":"13","cod_ccaa":"08"},"geometry":{"type":"Polygon","coordinates":[[[-4.96783,38.77586],[-4.90036,38.74354],[-4.9251,38.70315],[-4.90036,38.70315],[-4.87787,38.68538],[-4.86887,38.68054],[-4.85088,38.72416],[-4.84863,38.77101],[-4.85538,38.78555],[-4.83064,38.78232],[-4.8104,38.82271],[-4.75642,38.86472],[-4.77441,38.87279],[-4.77216,38.88572],[-4.80815,38.87441],[-4.85313,38.88249],[-4.86662,38.88734],[-4.91386,38.88734],[-4.94309,38.85502],[-4.95434,38.82917],[-4.96783,38.77586]]]}},{"type":"Feature","id":"13039","properties":{"cod_mun":"13039","nombre":"Daimiel","cod_prov":"13","cod_ccaa":"08"},"geometry":{"type":"Polygon","coordinates":[[[-3.80279,39.13453],[-3.80279,39.10706],[-3.79154,39.09898],[-3.73307,39.08929],[-3.68808,39.02305],[-3.69933,39.00528],[-3.67234,38.9875],[-3.63186,38.99881],[-3.61611,38.97458],[-3.59137,38.94873],[-3.57563,38.92288],[-3.55539,38.92773],[-3.5284,38.93742],[-3.49691,39.02143],[-3.47442,39.06667],[-3.48791,39.0909],[-3.44968,39.12322],[-3.44293,39.14099],[-3.45418,39.14584],[-3.5149,39.14745],[-3.52165,39.15068],[-3.5149,39.12968],[-3.53289,39.12483],[-3.55314,39.13776],[-3.58462,39.13291],[-3.59137,39.14099],[-3.62736,39.13937],[-3.64985,39.14584],[-3.67009,39.17653],[-3.69483,39.16038],[-3.72407,39.16199],[-3.73756,39.17169],[-3.75331,39.15068],[-3.76231,39.1523],[-3.77805,39.14099],[-3.80279,39.13453]]]}},{"type":"Feature","id":"13040","properties":{"cod_mun":"13040","nombre":"Fernán Caballero","cod_prov":"13","cod_ccaa":"08"},"geometry":{"type":"Polygon","coordinates":[[[-4.07718,39.12806],[-4.06594,39.11514],[-4.06144,39.11514],[-4.0367,39.10545],[-4.00746,39.11191],[-3.96698,39.10545],[-3.91974,39.0909],[-3.87476,39.08767],[-3.85902,39.06829],[-3.82528,39.08929],[-3.88151,39.11999],[-3.86801,39.14584],[-3.86801,39.14745],[-3.93549,39.16038],[-3.96248,39.15391],[-4.0277,39.14907],[-4.06144,39.13937],[-4.07718,39.12806]]]}},{"type":"Feature","id":"13041","properties":{"cod_mun":"13041","nombre":"Fontanarejo","cod_prov":"13","cod_ccaa":"08"},"geometry":{"type":"Polygon","coordinates":[[[-4.64621,39.18946],[-4.62597,39.17976],[-4.56074,39.183],[-4.536,39.1943],[-4.51576,39.17815],[-4.49777,39.183],[-4.47528,39.16684],[-4.43929,39.17815],[-4.44604,39.1943],[-4.43254,39.20238],[-4.45279,39.20885],[-4.45728,39.22662],[-4.49777,39.25247],[-4.50676,39.25085],[-4.55175,39.24116],[-4.55849,39.21854],[-4.58998,39.18784],[-4.63047,39.1943],[-4.64621,39.18946]]]}},{"type":"Feature","id":"13042","properties":{"cod_mun":"13042","nombre":"Fuencaliente","cod_prov":"13","cod_ccaa":"08"},"geometry":{"type":"Polygon","coordinates":[[[-4.43479,38.40265],[-4.41005,38.38488],[-4.39431,38.38649],[-4.32009,38.36226],[-4.28635,38.34287],[-4.26836,38.34772],[-4.2751,38.39134],[-4.25486,38.40103],[-4.22338,38.3978],[-4.1559,38.38003],[-4.14466,38.38649],[-4.12216,38.40588],[-4.14016,38.42688],[-4.16715,38.43981],[-4.18964,38.44304],[-4.18289,38.45758],[-4.19189,38.49151],[-4.23237,38.4802],[-4.25036,38.48181],[-4.2931,38.49797],[-4.30434,38.48828],[-4.32683,38.48828],[-4.36957,38.5012],[-4.4123,38.48181],[-4.38981,38.46566],[-4.43479,38.40265]]]}},{"type":"Feature","id":"13076","properties":{"cod_mun":"13076","nombre":"Santa Cruz de los Cáñamos","cod_prov":"13","cod_ccaa":"08"},"geometry":{"type":"Polygon","coordinates":[[[-2.8829,38.61106],[-2.85141,38.63045],[-2.84916,38.64499],[-2.87615,38.6563],[-2.89414,38.65307],[-2.90539,38.62399],[-2.8829,38.61106]]]}},{"type":"Feature","id":"13077","properties":{"cod_mun":"13077","nombre":"Santa Cruz de Mudela","cod_prov":"13","cod_ccaa":"08"},"geometry":{"type":"Polygon","coordinates":[[[-3.58912,38.66761],[-3.58912,38.66438],[-3.55539,38.63045],[-3.52165,38.57552],[-3.49241,38.57875],[-3.43393,38.56421],[-3.43618,38.58683],[-3.45193,38.60783],[-3.45418,38.62722],[-3.42719,38.66761],[-3.41369,38.66923],[-3.47442,38.67892],[-3.54864,38.71446],[-3.58912,38.66761]]]}},{"type":"Feature","id":"13078","properties":{"cod_mun":"13078","nombre":"Socuéllamos","cod_prov":"13","cod_ccaa":"08"},"geometry":{"type":"Polygon","coordinates":[[[-2.94587,39.3494],[-2.94362,39.31709],[-2.93463,39.30578],[-2.93238,39.26862],[-2.93688,39.23631],[-2.92788,39.225],[-2.92113,39.15553],[-2.8874,39.16361],[-2.88065,39.10545],[-2.8739,39.08929],[-2.82217,39.09252],[-2.84241,39.13453],[-2.80643,39.17815],[-2.78169,39.19592],[-2.7592,39.22985],[-2.72321,39.26701],[-2.74345,39.31871],[-2.77269,39.37041],[-2.77719,39.39464],[-2.79293,39.39787],[-2.81318,39.37525],[-2.84691,39.34779],[-2.86491,39.35587],[-2.8829,39.3494],[-2.90314,39.33971],[-2.90989,39.34779],[-2.94587,39.3494]]]}},{"type":"Feature","id":"13044","properties":{"cod_mun":"13044","nombre":"Fuente el Fresno","cod_prov":"13","cod_ccaa":"08"},"geometry":{"type":"Polygon","coordinates":[[[-3.98947,39.27024],[-3.98497,39.26378],[-3.94223,39.2557],[-3.904,39.2347],[-3.87926,39.23954],[-3.82303,39.23308],[-3.77805,39.14099],[-3.76231,39.1523],[-3.76905,39.21369],[-3.75781,39.21369],[-3.75331,39.26216],[-3.74431,39.28316],[-3.7668,39.29286],[-3.79379,39.29286],[-3.80954,39.28801],[-3.84102,39.25893],[-3.87701,39.26216],[-3.90175,39.27993],[-3.92874,39.28478],[-3.96473,39.2977],[-3.98947,39.27024]]]}},{"type":"Feature","id":"13079","properties":{"cod_mun":"13079","nombre":"Solana, La","cod_prov":"13","cod_ccaa":"08"},"geometry":{"type":"Polygon","coordinates":[[[-3.27425,38.88087],[-3.24276,38.8841],[-3.21352,38.87603],[-3.17304,38.87279],[-3.15729,38.88895],[-3.11906,38.89864],[-3.12131,38.91642],[-3.14155,38.93419],[-3.1393,38.95519],[-3.16629,38.95519],[-3.16854,38.97458],[-3.20227,38.9665],[-3.21352,38.97781],[-3.254,38.99397],[-3.25625,39.00043],[-3.2675,38.99881],[-3.263,38.98266],[-3.28774,38.95196],[-3.29674,38.93096],[-3.27649,38.92126],[-3.28549,38.90672],[-3.27425,38.88087]]]}},{"type":"Feature","id":"16013","properties":{"cod_mun":"16013","nombre":"Algarra","cod_prov":"16","cod_ccaa":"08"},"geometry":{"type":"Polygon","coordinates":[[[-1.4817,39.98273],[-1.45021,39.96496],[-1.43222,39.99566],[-1.42097,40.02797],[-1.43446,40.04897],[-1.42097,40.04574],[-1.40073,40.06674],[-1.41422,40.08613],[-1.44121,40.06836],[-1.46145,40.06513],[-1.45471,40.05867],[-1.4727,40.01989],[-1.4682,40.0102],[-1.4817,39.98273]]]}},{"type":"Feature","id":"13045","properties":{"cod_mun":"13045","nombre":"Granátula de Calatrava","cod_prov":"13","cod_ccaa":"08"},"geometry":{"type":"Polygon","coordinates":[[[-3.81628,38.79848],[-3.79154,38.77101],[-3.7713,38.76778],[-3.76905,38.75001],[-3.73307,38.74839],[-3.70608,38.7387],[-3.66784,38.70315],[-3.6566,38.687],[-3.62061,38.66761],[-3.58912,38.66438],[-3.58912,38.66761],[-3.58912,38.69184],[-3.62286,38.70639],[-3.61611,38.71931],[-3.64085,38.73224],[-3.62736,38.75485],[-3.63411,38.77424],[-3.66784,38.80817],[-3.67459,38.82271],[-3.73082,38.84371],[-3.73981,38.84371],[-3.76231,38.82109],[-3.78255,38.81625],[-3.7758,38.79686],[-3.80054,38.80332],[-3.81628,38.79848]]]}},{"type":"Feature","id":"13046","properties":{"cod_mun":"13046","nombre":"Guadalmez","cod_prov":"13","cod_ccaa":"08"},"geometry":{"type":"Polygon","coordinates":[[[-5.04655,38.729],[-5.02406,38.72577],[-5.00157,38.708],[-5.00382,38.69508],[-4.94309,38.68215],[-4.87787,38.68538],[-4.90036,38.70315],[-4.9251,38.70315],[-4.90036,38.74354],[-4.96783,38.77586],[-4.99033,38.74031],[-5.04655,38.729]]]}},{"type":"Feature","id":"13047","properties":{"cod_mun":"13047","nombre":"Herencia","cod_prov":"13","cod_ccaa":"08"},"geometry":{"type":"MultiPolygon","coordinates":[[[[-3.40919,39.40434],[-3.46992,39.37202],[-3.47667,39.34294],[-3.45867,39.34456],[-3.46092,39.31709],[-3.44293,39.27832],[-3.40469,39.25085],[-3.41819,39.22823],[-3.4002,39.18623],[-3.4002,39.15391],[-3.38445,39.14099],[-3.37096,39.13453],[-3.36196,39.15553],[-3.36196,39.183],[-3.35072,39.19754],[-3.35072,39.24439],[-3.36196,39.29286],[-3.35971,39.31063],[-3.32822,39.33002],[-3.32373,39.37849],[-3.33047,39.40595],[-3.34397,39.40757],[-3.40919,39.40434]]],[[[-3.53289,39.30417],[-3.56663,39.29932],[-3.57563,39.26539],[-3.56663,39.25085],[-3.54864,39.27024],[-3.5194,39.2864],[-3.53289,39.30417]]]]}},{"type":"Feature","id":"13048","properties":{"cod_mun":"13048","nombre":"Hinojosas de Calatrava","cod_prov":"13","cod_ccaa":"08"},"geometry":{"type":"Polygon","coordinates":[[[-4.25036,38.48181],[-4.23237,38.4802],[-4.19189,38.49151],[-4.19414,38.50605],[-4.1604,38.53351],[-4.15365,38.52867],[-4.11092,38.54482],[-4.11317,38.57229],[-4.10192,38.60783],[-4.08843,38.62076],[-4.11767,38.61591],[-4.1514,38.6256],[-4.1514,38.61914],[-4.18964,38.59006],[-4.19639,38.57067],[-4.21213,38.56906],[-4.23237,38.54644],[-4.23687,38.51251],[-4.25711,38.49958],[-4.25036,38.48181]]]}},{"type":"Feature","id":"13049","properties":{"cod_mun":"13049","nombre":"Horcajo de los Montes","cod_prov":"13","cod_ccaa":"08"},"geometry":{"type":"Polygon","coordinates":[[[-4.73168,39.2557],[-4.71143,39.28155],[-4.63272,39.31548],[-4.57199,39.32355],[-4.52476,39.32032],[-4.51801,39.3284],[-4.554,39.34133],[-4.53375,39.34456],[-4.52026,39.36718],[-4.55849,39.38818],[-4.58998,39.42049],[-4.60348,39.44311],[-4.61922,39.45442],[-4.68669,39.44957],[-4.6687,39.42372],[-4.71143,39.34617],[-4.70694,39.3284],[-4.76092,39.32032],[-4.73168,39.2557]]]}},{"type":"Feature","id":"13088","properties":{"cod_mun":"13088","nombre":"Valenzuela de Calatrava","cod_prov":"13","cod_ccaa":"08"},"geometry":{"type":"Polygon","coordinates":[[[-3.82753,38.80171],[-3.81628,38.79848],[-3.80054,38.80332],[-3.7758,38.79686],[-3.78255,38.81625],[-3.76231,38.82109],[-3.73981,38.84371],[-3.76006,38.87603],[-3.78255,38.87764],[-3.81628,38.85018],[-3.80954,38.83564],[-3.83878,38.81463],[-3.82753,38.80171]]]}},{"type":"Feature","id":"13050","properties":{"cod_mun":"13050","nombre":"Labores, Las","cod_prov":"13","cod_ccaa":"08"},"geometry":{"type":"MultiPolygon","coordinates":[[[[-3.47217,39.18784],[-3.5149,39.14745],[-3.45418,39.14584],[-3.47217,39.15553],[-3.44968,39.16522],[-3.47217,39.18784]]],[[[-3.5194,39.2864],[-3.54864,39.27024],[-3.56663,39.25085],[-3.54414,39.20238],[-3.54189,39.21854],[-3.55314,39.24439],[-3.49466,39.26055],[-3.5104,39.29124],[-3.5194,39.2864]]]]}},{"type":"Feature","id":"16004","properties":{"cod_mun":"16004","nombre":"Albaladejo del Cuende","cod_prov":"16","cod_ccaa":"08"},"geometry":{"type":"Polygon","coordinates":[[[-2.28463,39.79855],[-2.26889,39.79209],[-2.2374,39.75977],[-2.21041,39.76624],[-2.17443,39.79855],[-2.20141,39.82763],[-2.23515,39.84379],[-2.28238,39.84379],[-2.27114,39.84056],[-2.28463,39.82117],[-2.28463,39.79855]]]}},{"type":"Feature","id":"13051","properties":{"cod_mun":"13051","nombre":"Luciana","cod_prov":"13","cod_ccaa":"08"},"geometry":{"type":"Polygon","coordinates":[[[-4.49552,38.99397],[-4.47528,38.96812],[-4.47977,38.94873],[-4.45953,38.96004],[-4.4258,38.96165],[-4.39206,38.97135],[-4.36732,38.95842],[-4.34258,38.97135],[-4.30884,38.9665],[-4.30659,38.95358],[-4.2796,38.95034],[-4.25936,38.93742],[-4.25036,38.97458],[-4.26161,38.97458],[-4.2886,38.99397],[-4.2886,39.01012],[-4.34258,39.00689],[-4.39881,39.03113],[-4.42805,39.02789],[-4.45279,39.03274],[-4.46628,39.02305],[-4.44604,39.00851],[-4.45953,38.99558],[-4.48877,39.00204],[-4.49552,38.99397]]]}},{"type":"Feature","id":"13052","properties":{"cod_mun":"13052","nombre":"Malagón","cod_prov":"13","cod_ccaa":"08"},"geometry":{"type":"Polygon","coordinates":[[[-4.17614,39.29609],[-4.16715,39.2767],[-4.14241,39.27347],[-4.12666,39.23146],[-4.10417,39.20561],[-4.10642,39.19592],[-4.08168,39.1523],[-4.09518,39.13291],[-4.07718,39.12806],[-4.06144,39.13937],[-4.0277,39.14907],[-3.96248,39.15391],[-3.93549,39.16038],[-3.86801,39.14745],[-3.80279,39.13453],[-3.77805,39.14099],[-3.82303,39.23308],[-3.87926,39.23954],[-3.904,39.2347],[-3.94223,39.2557],[-3.98497,39.26378],[-3.98947,39.27024],[-4.00521,39.28155],[-4.03445,39.28155],[-4.05244,39.29124],[-4.09293,39.2977],[-4.13566,39.32679],[-4.14915,39.29932],[-4.17614,39.29609]]]}},{"type":"Feature","id":"13053","properties":{"cod_mun":"13053","nombre":"Manzanares","cod_prov":"13","cod_ccaa":"08"},"geometry":{"type":"Polygon","coordinates":[[[-3.55539,38.92773],[-3.55314,38.90672],[-3.53289,38.87764],[-3.52165,38.84856],[-3.5104,38.85341],[-3.49466,38.89541],[-3.47217,38.9148],[-3.44518,38.92773],[-3.42044,38.93096],[-3.3912,38.94873],[-3.37321,38.97781],[-3.35746,38.99074],[-3.32822,38.9972],[-3.2675,38.99881],[-3.25625,39.00043],[-3.24051,39.00204],[-3.21802,39.01659],[-3.15279,39.04082],[-3.16179,39.06344],[-3.20452,39.1006],[-3.25625,39.11837],[-3.31023,39.12645],[-3.31473,39.09575],[-3.37771,39.10221],[-3.38445,39.14099],[-3.42494,39.14584],[-3.44293,39.14099],[-3.44968,39.12322],[-3.48791,39.0909],[-3.47442,39.06667],[-3.49691,39.02143],[-3.5284,38.93742],[-3.55539,38.92773]]]}},{"type":"Feature","id":"13054","properties":{"cod_mun":"13054","nombre":"Membrilla","cod_prov":"13","cod_ccaa":"08"},"geometry":{"type":"Polygon","coordinates":[[[-3.3912,38.94873],[-3.37096,38.91319],[-3.35072,38.89864],[-3.34847,38.8841],[-3.35971,38.84371],[-3.34397,38.80494],[-3.32373,38.80979],[-3.31698,38.82433],[-3.28774,38.83887],[-3.28999,38.85179],[-3.27425,38.88087],[-3.28549,38.90672],[-3.27649,38.92126],[-3.29674,38.93096],[-3.28774,38.95196],[-3.263,38.98266],[-3.2675,38.99881],[-3.32822,38.9972],[-3.35746,38.99074],[-3.37321,38.97781],[-3.3912,38.94873]]]}},{"type":"Feature","id":"13055","properties":{"cod_mun":"13055","nombre":"Mestanza","cod_prov":"13","cod_ccaa":"08"},"geometry":{"type":"Polygon","coordinates":[[[-4.11092,38.54482],[-4.09518,38.51897],[-4.09967,38.50928],[-4.05019,38.49312],[-4.01871,38.44142],[-4.01871,38.43011],[-4.04794,38.37841],[-3.95798,38.36549],[-3.913,38.3671],[-3.87701,38.3768],[-3.85902,38.37357],[-3.82978,38.39295],[-3.82528,38.41557],[-3.85452,38.41557],[-3.89725,38.45273],[-3.92199,38.49151],[-3.88826,38.52705],[-3.91974,38.53351],[-3.96473,38.57229],[-3.98497,38.57875],[-4.02095,38.60622],[-4.05244,38.61914],[-4.08843,38.62076],[-4.10192,38.60783],[-4.11317,38.57229],[-4.11092,38.54482]]]}},{"type":"Feature","id":"13056","properties":{"cod_mun":"13056","nombre":"Miguelturra","cod_prov":"13","cod_ccaa":"08"},"geometry":{"type":"MultiPolygon","coordinates":[[[[-3.82078,38.97943],[-3.82303,38.99558],[-3.88601,39.00851],[-3.88826,38.98427],[-3.91749,38.96489],[-3.91749,38.92934],[-3.89051,38.90995],[-3.87476,38.91157],[-3.83653,38.93742],[-3.83653,38.95034],[-3.82078,38.97135],[-3.82078,38.97943]]],[[[-3.85902,39.06829],[-3.87476,39.08767],[-3.91974,39.0909],[-3.96698,39.10545],[-4.00746,39.11191],[-4.0367,39.10545],[-4.06144,39.11514],[-4.04569,39.08121],[-3.98272,39.06667],[-3.91075,39.06021],[-3.85902,39.06829]]]]}},{"type":"Feature","id":"13057","properties":{"cod_mun":"13057","nombre":"Montiel","cod_prov":"13","cod_ccaa":"08"},"geometry":{"type":"MultiPolygon","coordinates":[[[[-2.95487,38.70639],[-2.97511,38.65953],[-2.92338,38.64822],[-2.91664,38.59491],[-2.90089,38.58844],[-2.88515,38.55128],[-2.90314,38.5319],[-2.89639,38.52382],[-2.86266,38.52543],[-2.84691,38.49312],[-2.85591,38.47373],[-2.80868,38.49797],[-2.78169,38.50928],[-2.77944,38.50928],[-2.7637,38.5319],[-2.76145,38.53513],[-2.7457,38.54644],[-2.75695,38.55936],[-2.76594,38.5739],[-2.78169,38.56583],[-2.80868,38.56421],[-2.81767,38.61106],[-2.83342,38.63207],[-2.82667,38.64014],[-2.78844,38.6563],[-2.77269,38.6563],[-2.73446,38.708],[-2.78844,38.71769],[-2.83342,38.71285],[-2.86041,38.71446],[-2.8874,38.72416],[-2.90989,38.72093],[-2.91888,38.729],[-2.95487,38.70639]],[[-2.8829,38.61106],[-2.90539,38.62399],[-2.89414,38.65307],[-2.87615,38.6563],[-2.84916,38.64499],[-2.85141,38.63045],[-2.8829,38.61106]],[[-2.85366,38.53836],[-2.88515,38.55775],[-2.90314,38.59652],[-2.87615,38.61429],[-2.85816,38.61753],[-2.84017,38.6353],[-2.81992,38.61106],[-2.81318,38.54482],[-2.85366,38.53836]]],[[[-3.0066,38.82917],[-3.03584,38.79363],[-3.07407,38.77586],[-3.09432,38.78878],[-3.17079,38.79363],[-3.18203,38.78717],[-3.18653,38.76616],[-3.23376,38.74193],[-3.24726,38.74193],[-3.24501,38.71446],[-3.19778,38.7387],[-3.17528,38.72093],[-3.18203,38.70477],[-3.16404,38.69184],[-3.16179,38.67084],[-3.1258,38.68538],[-3.10781,38.70154],[-3.1303,38.72254],[-3.16404,38.72254],[-3.18653,38.73547],[-3.18878,38.74839],[-3.18203,38.78232],[-3.14605,38.7904],[-3.09881,38.77586],[-3.08307,38.76939],[-3.03134,38.78717],[-3.0201,38.79686],[-2.99086,38.80817],[-2.96162,38.80171],[-2.97511,38.82594],[-2.9976,38.82109],[-3.0066,38.82917]]]]}},{"type":"Feature","id":"13058","properties":{"cod_mun":"13058","nombre":"Moral de Calatrava","cod_prov":"13","cod_ccaa":"08"},"geometry":{"type":"Polygon","coordinates":[[[-3.67459,38.82271],[-3.66784,38.80817],[-3.63411,38.77424],[-3.62736,38.75485],[-3.64085,38.73224],[-3.61611,38.71931],[-3.62286,38.70639],[-3.58912,38.69184],[-3.58912,38.66761],[-3.54864,38.71446],[-3.53514,38.72416],[-3.53289,38.75162],[-3.5149,38.76616],[-3.50815,38.81302],[-3.5104,38.85341],[-3.52165,38.84856],[-3.53289,38.87764],[-3.55314,38.90672],[-3.58013,38.8938],[-3.55988,38.85987],[-3.58687,38.84694],[-3.60712,38.84533],[-3.63186,38.83079],[-3.67459,38.82271]]]}},{"type":"Feature","id":"16005","properties":{"cod_mun":"16005","nombre":"Albalate de las Nogueras","cod_prov":"16","cod_ccaa":"08"},"geometry":{"type":"Polygon","coordinates":[[[-2.33636,40.36725],[-2.33411,40.34625],[-2.32961,40.33817],[-2.31162,40.3414],[-2.25539,40.33978],[-2.2329,40.36563],[-2.25989,40.39633],[-2.27339,40.40279],[-2.30487,40.38017],[-2.33636,40.36725]]]}},{"type":"Feature","id":"13059","properties":{"cod_mun":"13059","nombre":"Navalpino","cod_prov":"13","cod_ccaa":"08"},"geometry":{"type":"Polygon","coordinates":[[[-4.73168,39.2557],[-4.71368,39.24439],[-4.70919,39.21046],[-4.68894,39.20238],[-4.6642,39.18461],[-4.64621,39.18946],[-4.63047,39.1943],[-4.58998,39.18784],[-4.55849,39.21854],[-4.55175,39.24116],[-4.50676,39.25085],[-4.53375,39.2864],[-4.52476,39.32032],[-4.57199,39.32355],[-4.63272,39.31548],[-4.71143,39.28155],[-4.73168,39.2557]]]}},{"type":"Feature","id":"16030","properties":{"cod_mun":"16030","nombre":"Bascuñana de San Pedro","cod_prov":"16","cod_ccaa":"08"},"geometry":{"type":"Polygon","coordinates":[[[-2.23065,40.18145],[-2.19692,40.19438],[-2.22391,40.24123],[-2.24865,40.22346],[-2.24865,40.20084],[-2.23065,40.18145]]]}},{"type":"Feature","id":"13060","properties":{"cod_mun":"13060","nombre":"Navas de Estena","cod_prov":"13","cod_ccaa":"08"},"geometry":{"type":"Polygon","coordinates":[[[-4.61922,39.48512],[-4.61922,39.45442],[-4.60348,39.44311],[-4.58998,39.42049],[-4.55849,39.38818],[-4.52026,39.36718],[-4.51351,39.3898],[-4.49552,39.40434],[-4.49777,39.42695],[-4.49327,39.44473],[-4.47303,39.45765],[-4.46178,39.47865],[-4.48427,39.48835],[-4.50002,39.51905],[-4.50227,39.5352],[-4.48202,39.53843],[-4.5315,39.55621],[-4.56074,39.53359],[-4.554,39.51097],[-4.56749,39.49804],[-4.58998,39.49966],[-4.61922,39.48512]]]}},{"type":"Feature","id":"13061","properties":{"cod_mun":"13061","nombre":"Pedro Muñoz","cod_prov":"13","cod_ccaa":"08"},"geometry":{"type":"Polygon","coordinates":[[[-2.99985,39.4415],[-2.99311,39.40595],[-2.99535,39.36556],[-2.98186,39.34456],[-2.94587,39.3494],[-2.90989,39.34779],[-2.90314,39.33971],[-2.8829,39.3494],[-2.89639,39.36556],[-2.8694,39.39141],[-2.90314,39.42534],[-2.93238,39.47219],[-2.97736,39.44473],[-2.99985,39.4415]]]}},{"type":"Feature","id":"13062","properties":{"cod_mun":"13062","nombre":"Picón","cod_prov":"13","cod_ccaa":"08"},"geometry":{"type":"Polygon","coordinates":[[[-4.12666,39.02951],[-4.08843,39.02143],[-4.05919,39.02466],[-4.05469,39.01174],[-4.0232,39.01174],[-4.00971,39.02143],[-4.01196,39.03759],[-4.03895,39.02951],[-4.04794,39.0392],[-4.04569,39.08121],[-4.06144,39.11514],[-4.06594,39.11514],[-4.10192,39.10383],[-4.11767,39.08444],[-4.10417,39.05051],[-4.12666,39.02951]]]}},{"type":"Feature","id":"13063","properties":{"cod_mun":"13063","nombre":"Piedrabuena","cod_prov":"13","cod_ccaa":"08"},"geometry":{"type":"Polygon","coordinates":[[[-4.50002,39.12968],[-4.48427,39.11352],[-4.46403,39.07152],[-4.45279,39.03274],[-4.42805,39.02789],[-4.39881,39.03113],[-4.34258,39.00689],[-4.2886,39.01012],[-4.2886,38.99397],[-4.26161,38.97458],[-4.25036,38.97458],[-4.18289,38.96812],[-4.17165,38.97619],[-4.1559,39.01174],[-4.13116,39.01497],[-4.12666,39.02951],[-4.10417,39.05051],[-4.11767,39.08444],[-4.10192,39.10383],[-4.06594,39.11514],[-4.07718,39.12806],[-4.09518,39.13291],[-4.10642,39.13776],[-4.17389,39.11999],[-4.19189,39.12645],[-4.22787,39.12322],[-4.25036,39.14745],[-4.2931,39.15068],[-4.33358,39.15876],[-4.36057,39.21531],[-4.39881,39.225],[-4.45728,39.22662],[-4.45279,39.20885],[-4.43254,39.20238],[-4.44604,39.1943],[-4.43929,39.17815],[-4.47528,39.16684],[-4.50002,39.12968]]]}},{"type":"Feature","id":"13064","properties":{"cod_mun":"13064","nombre":"Poblete","cod_prov":"13","cod_ccaa":"08"},"geometry":{"type":"Polygon","coordinates":[[[-4.05244,38.93419],[-4.05019,38.9148],[-4.02545,38.90026],[-4.00521,38.91803],[-3.99172,38.91157],[-3.95573,38.92288],[-3.96698,38.95034],[-4.00971,38.95681],[-4.02095,38.95358],[-4.01871,38.92773],[-4.0322,38.92126],[-4.05244,38.93419]]]}},{"type":"Feature","id":"13065","properties":{"cod_mun":"13065","nombre":"Porzuna","cod_prov":"13","cod_ccaa":"08"},"geometry":{"type":"Polygon","coordinates":[[[-4.2931,39.15068],[-4.25036,39.14745],[-4.22787,39.12322],[-4.19189,39.12645],[-4.17389,39.11999],[-4.10642,39.13776],[-4.09518,39.13291],[-4.08168,39.1523],[-4.10642,39.19592],[-4.10417,39.20561],[-4.12666,39.23146],[-4.14241,39.27347],[-4.16715,39.2767],[-4.17614,39.29609],[-4.26611,39.27024],[-4.2841,39.26539],[-4.2841,39.24439],[-4.26386,39.24439],[-4.26161,39.23308],[-4.24362,39.23793],[-4.22338,39.22177],[-4.24362,39.21208],[-4.23462,39.20238],[-4.25711,39.16845],[-4.27286,39.17976],[-4.2751,39.16522],[-4.2931,39.15068]]]}},{"type":"Feature","id":"13066","properties":{"cod_mun":"13066","nombre":"Pozuelo de Calatrava","cod_prov":"13","cod_ccaa":"08"},"geometry":{"type":"Polygon","coordinates":[[[-3.91075,38.79524],[-3.89051,38.80171],[-3.87926,38.81786],[-3.84777,38.83564],[-3.82978,38.85502],[-3.80279,38.86956],[-3.76905,38.89864],[-3.75781,38.9148],[-3.7803,38.91319],[-3.79829,38.94873],[-3.82078,38.97135],[-3.83653,38.95034],[-3.83653,38.93742],[-3.87476,38.91157],[-3.86576,38.88895],[-3.88151,38.86956],[-3.91075,38.86633],[-3.91075,38.8421],[-3.8995,38.80817],[-3.91075,38.79524]]]}},{"type":"Feature","id":"13070","properties":{"cod_mun":"13070","nombre":"Puerto Lápice","cod_prov":"13","cod_ccaa":"08"},"geometry":{"type":"MultiPolygon","coordinates":[[[[-3.44968,39.16522],[-3.47217,39.15553],[-3.45418,39.14584],[-3.44293,39.14099],[-3.42494,39.14584],[-3.44968,39.16522]]],[[[-3.47667,39.34294],[-3.53065,39.30901],[-3.53289,39.30417],[-3.5194,39.2864],[-3.5104,39.29124],[-3.49466,39.26055],[-3.48117,39.23146],[-3.46317,39.2347],[-3.47442,39.26378],[-3.46317,39.27993],[-3.44293,39.27832],[-3.46092,39.31709],[-3.45867,39.34456],[-3.47667,39.34294]]]]}},{"type":"Feature","id":"13071","properties":{"cod_mun":"13071","nombre":"Puertollano","cod_prov":"13","cod_ccaa":"08"},"geometry":{"type":"Polygon","coordinates":[[[-4.26161,38.61914],[-4.24362,38.62722],[-4.18514,38.63368],[-4.1514,38.6256],[-4.11767,38.61591],[-4.08843,38.62076],[-4.05244,38.61914],[-4.02095,38.60622],[-3.98497,38.57875],[-3.96473,38.57229],[-3.95573,38.59006],[-3.92649,38.61914],[-3.92874,38.63691],[-3.92649,38.65469],[-3.94673,38.69023],[-4.0412,38.69184],[-4.06144,38.70154],[-4.07718,38.69346],[-4.09967,38.708],[-4.12216,38.708],[-4.14016,38.69023],[-4.1694,38.69023],[-4.20538,38.65792],[-4.22787,38.66115],[-4.24812,38.64014],[-4.26161,38.61914]]]}},{"type":"Feature","id":"13072","properties":{"cod_mun":"13072","nombre":"Retuerta del Bullaque","cod_prov":"13","cod_ccaa":"08"},"geometry":{"type":"Polygon","coordinates":[[[-4.51351,39.3898],[-4.50002,39.39787],[-4.44604,39.38495],[-4.39431,39.3801],[-4.36732,39.38333],[-4.33133,39.36233],[-4.34258,39.35102],[-4.27735,39.31709],[-4.26611,39.27024],[-4.17614,39.29609],[-4.14915,39.29932],[-4.13566,39.32679],[-4.09967,39.34294],[-4.12891,39.36556],[-4.14915,39.36233],[-4.12666,39.40757],[-4.11767,39.45604],[-4.07943,39.45119],[-4.05919,39.47219],[-4.06819,39.50289],[-4.05919,39.52228],[-4.02995,39.52228],[-4.0412,39.57559],[-4.12441,39.56428],[-4.15815,39.57721],[-4.16715,39.56751],[-4.19189,39.49804],[-4.20538,39.48835],[-4.23687,39.47865],[-4.32009,39.4835],[-4.36507,39.49643],[-4.4213,39.50774],[-4.43254,39.51905],[-4.45279,39.51743],[-4.46178,39.47865],[-4.47303,39.45765],[-4.49327,39.44473],[-4.49777,39.42695],[-4.49552,39.40434],[-4.51351,39.3898]]]}},{"type":"Feature","id":"16006","properties":{"cod_mun":"16006","nombre":"Albendea","cod_prov":"16","cod_ccaa":"08"},"geometry":{"type":"Polygon","coordinates":[[[-2.44882,40.43834],[-2.43982,40.43834],[-2.39709,40.45449],[-2.37235,40.45288],[-2.34311,40.46903],[-2.34761,40.4965],[-2.37685,40.48681],[-2.40608,40.50458],[-2.43757,40.48358],[-2.44432,40.44965],[-2.44882,40.43834]]]}},{"type":"Feature","id":"13073","properties":{"cod_mun":"13073","nombre":"Saceruela","cod_prov":"13","cod_ccaa":"08"},"geometry":{"type":"Polygon","coordinates":[[[-4.71818,38.90026],[-4.69794,38.88572],[-4.69569,38.87279],[-4.67095,38.86633],[-4.59448,38.89541],[-4.56074,38.90834],[-4.55175,38.91965],[-4.50227,38.95034],[-4.47977,38.94873],[-4.47528,38.96812],[-4.49552,38.99397],[-4.52026,39.01497],[-4.55175,39.03436],[-4.57424,39.03759],[-4.60797,39.05536],[-4.64621,39.05859],[-4.63496,39.0392],[-4.67995,38.99235],[-4.6777,38.97781],[-4.70019,38.93096],[-4.69344,38.92449],[-4.71818,38.90026]]]}},{"type":"Feature","id":"13074","properties":{"cod_mun":"13074","nombre":"San Carlos del Valle","cod_prov":"13","cod_ccaa":"08"},"geometry":{"type":"Polygon","coordinates":[[[-3.28774,38.83887],[-3.28774,38.82594],[-3.2675,38.80979],[-3.24501,38.80494],[-3.21577,38.80979],[-3.19553,38.82917],[-3.19328,38.84371],[-3.21352,38.87603],[-3.24276,38.8841],[-3.27425,38.88087],[-3.28999,38.85179],[-3.28774,38.83887]]]}},{"type":"Feature","id":"13075","properties":{"cod_mun":"13075","nombre":"San Lorenzo de Calatrava","cod_prov":"13","cod_ccaa":"08"},"geometry":{"type":"Polygon","coordinates":[[[-3.88826,38.52705],[-3.92199,38.49151],[-3.89725,38.45273],[-3.85452,38.41557],[-3.82528,38.41557],[-3.7848,38.42527],[-3.73981,38.41396],[-3.75331,38.42688],[-3.76006,38.45273],[-3.74656,38.46404],[-3.76905,38.47535],[-3.85677,38.49958],[-3.85677,38.51251],[-3.88826,38.52705]]]}},{"type":"Feature","id":"13080","properties":{"cod_mun":"13080","nombre":"Solana del Pino","cod_prov":"13","cod_ccaa":"08"},"geometry":{"type":"Polygon","coordinates":[[[-4.19189,38.49151],[-4.18289,38.45758],[-4.18964,38.44304],[-4.16715,38.43981],[-4.14016,38.42688],[-4.12216,38.40588],[-4.14466,38.38649],[-4.12666,38.37841],[-4.04794,38.37841],[-4.01871,38.43011],[-4.01871,38.44142],[-4.05019,38.49312],[-4.09967,38.50928],[-4.09518,38.51897],[-4.11092,38.54482],[-4.15365,38.52867],[-4.1604,38.53351],[-4.19414,38.50605],[-4.19189,38.49151]]]}},{"type":"Feature","id":"13081","properties":{"cod_mun":"13081","nombre":"Terrinches","cod_prov":"13","cod_ccaa":"08"},"geometry":{"type":"Polygon","coordinates":[[[-2.85366,38.53836],[-2.81318,38.54482],[-2.81992,38.61106],[-2.84017,38.6353],[-2.85816,38.61753],[-2.87615,38.61429],[-2.90314,38.59652],[-2.88515,38.55775],[-2.85366,38.53836]]]}},{"type":"Feature","id":"13082","properties":{"cod_mun":"13082","nombre":"Tomelloso","cod_prov":"13","cod_ccaa":"08"},"geometry":{"type":"Polygon","coordinates":[[[-3.05608,39.25247],[-3.02909,39.22015],[-3.02459,39.19269],[-3.05158,39.17653],[-3.03584,39.14584],[-3.00885,39.13614],[-2.98636,39.11514],[-2.95712,39.1006],[-2.92563,39.09898],[-2.8739,39.08929],[-2.88065,39.10545],[-2.8874,39.16361],[-2.92113,39.15553],[-2.92788,39.225],[-2.93688,39.23631],[-2.93238,39.26862],[-2.93463,39.30578],[-2.94362,39.31709],[-2.94587,39.3494],[-2.98186,39.34456],[-2.99535,39.32679],[-3.00885,39.30417],[-3.05608,39.25247]]]}},{"type":"Feature","id":"13095","properties":{"cod_mun":"13095","nombre":"Villar del Pozo","cod_prov":"13","cod_ccaa":"08"},"geometry":{"type":"Polygon","coordinates":[[[-4.00521,38.84694],[-4.00746,38.83725],[-3.98047,38.82433],[-3.97147,38.82756],[-3.94223,38.86795],[-3.96023,38.87603],[-3.98047,38.87118],[-3.97372,38.84533],[-4.00521,38.84694]]]}},{"type":"Feature","id":"13096","properties":{"cod_mun":"13096","nombre":"Villarrubia de los Ojos","cod_prov":"13","cod_ccaa":"08"},"geometry":{"type":"Polygon","coordinates":[[[-3.76231,39.1523],[-3.75331,39.15068],[-3.73756,39.17169],[-3.72407,39.16199],[-3.69483,39.16038],[-3.67009,39.17653],[-3.64985,39.14584],[-3.62736,39.13937],[-3.59137,39.14099],[-3.58462,39.13291],[-3.55314,39.13776],[-3.53289,39.12483],[-3.5149,39.12968],[-3.52165,39.15068],[-3.54414,39.17007],[-3.54414,39.20238],[-3.56663,39.25085],[-3.57563,39.26539],[-3.56663,39.29932],[-3.58687,39.3074],[-3.61161,39.30417],[-3.6566,39.29932],[-3.67459,39.29609],[-3.69708,39.27993],[-3.72182,39.27024],[-3.74431,39.28316],[-3.75331,39.26216],[-3.75781,39.21369],[-3.76905,39.21369],[-3.76231,39.1523]]]}},{"type":"Feature","id":"13083","properties":{"cod_mun":"13083","nombre":"Torralba de Calatrava","cod_prov":"13","cod_ccaa":"08"},"geometry":{"type":"Polygon","coordinates":[[[-3.86801,39.14584],[-3.84102,39.11675],[-3.81179,39.10221],[-3.81179,39.0909],[-3.78705,39.07313],[-3.78255,39.03597],[-3.79829,38.99397],[-3.79379,38.98427],[-3.73756,38.97619],[-3.72407,38.9972],[-3.69933,39.00528],[-3.68808,39.02305],[-3.73307,39.08929],[-3.79154,39.09898],[-3.80279,39.10706],[-3.80279,39.13453],[-3.86801,39.14745],[-3.86801,39.14584]]]}},{"type":"Feature","id":"13084","properties":{"cod_mun":"13084","nombre":"Torre de Juan Abad","cod_prov":"13","cod_ccaa":"08"},"geometry":{"type":"MultiPolygon","coordinates":[[[[-3.33722,38.54967],[-3.32598,38.56906],[-3.30798,38.58198],[-3.28384,38.58391],[-3.32598,38.58844],[-3.34622,38.59491],[-3.37995,38.59652],[-3.40469,38.60783],[-3.44743,38.61268],[-3.45193,38.60783],[-3.43618,38.58683],[-3.43393,38.56421],[-3.42944,38.53998],[-3.41594,38.51413],[-3.4002,38.50605],[-3.37546,38.47535],[-3.33497,38.4802],[-3.33722,38.54967]]],[[[-3.2806,38.58416],[-3.28384,38.58391],[-3.28099,38.5836],[-3.2806,38.58416]]],[[[-3.28549,38.68377],[-3.31923,38.67569],[-3.27649,38.65792],[-3.25625,38.61914],[-3.2806,38.58416],[-3.2675,38.58521],[-3.23151,38.56906],[-3.22252,38.5529],[-3.22477,38.51897],[-3.23601,38.50443],[-3.27874,38.48504],[-3.30573,38.47858],[-3.28099,38.46081],[-3.23151,38.45435],[-3.22477,38.46566],[-3.23376,38.48666],[-3.21352,38.52059],[-3.21802,38.53351],[-3.18428,38.5739],[-3.1303,38.57713],[-3.10556,38.56259],[-3.03584,38.56744],[-3.00885,38.58683],[-2.98861,38.58844],[-3.0111,38.64014],[-3.0156,38.63368],[-3.06733,38.62884],[-3.1438,38.64176],[-3.16179,38.67084],[-3.16404,38.69184],[-3.18203,38.70477],[-3.17528,38.72093],[-3.19778,38.7387],[-3.24501,38.71446],[-3.27425,38.70477],[-3.28549,38.68377]]]]}},{"type":"Feature","id":"13085","properties":{"cod_mun":"13085","nombre":"Torrenueva","cod_prov":"13","cod_ccaa":"08"},"geometry":{"type":"Polygon","coordinates":[[[-3.45193,38.60783],[-3.44743,38.61268],[-3.40469,38.60783],[-3.37995,38.59652],[-3.34622,38.59491],[-3.32598,38.58844],[-3.28099,38.5836],[-3.25625,38.61914],[-3.27649,38.65792],[-3.31923,38.67569],[-3.34172,38.68861],[-3.36646,38.69346],[-3.40469,38.687],[-3.41369,38.66923],[-3.42719,38.66761],[-3.45418,38.62722],[-3.45193,38.60783]]]}},{"type":"Feature","id":"13904","properties":{"cod_mun":"13904","nombre":"Llanos del Caudillo","cod_prov":"13","cod_ccaa":"08"},"geometry":{"type":"Polygon","coordinates":[[[-3.38445,39.14099],[-3.37771,39.10221],[-3.31473,39.09575],[-3.31023,39.12645],[-3.37096,39.13453],[-3.38445,39.14099]]]}},{"type":"Feature","id":"13086","properties":{"cod_mun":"13086","nombre":"Valdemanco del Esteras","cod_prov":"13","cod_ccaa":"08"},"geometry":{"type":"Polygon","coordinates":[[[-4.85313,38.88249],[-4.80815,38.87441],[-4.77216,38.88572],[-4.75417,38.90188],[-4.71818,38.90026],[-4.69344,38.92449],[-4.70019,38.93096],[-4.6777,38.97781],[-4.67995,38.99235],[-4.63496,39.0392],[-4.64621,39.05859],[-4.66195,39.06344],[-4.70244,39.06021],[-4.71143,39.03759],[-4.69344,39.03113],[-4.70019,38.99235],[-4.73617,38.98427],[-4.76541,38.96812],[-4.76991,38.95519],[-4.84413,38.9455],[-4.83739,38.93096],[-4.85313,38.88249]]]}},{"type":"Feature","id":"13087","properties":{"cod_mun":"13087","nombre":"Valdepeñas","cod_prov":"13","cod_ccaa":"08"},"geometry":{"type":"Polygon","coordinates":[[[-3.54864,38.71446],[-3.47442,38.67892],[-3.41369,38.66923],[-3.40469,38.687],[-3.36646,38.69346],[-3.34172,38.68861],[-3.31923,38.67569],[-3.28549,38.68377],[-3.27425,38.70477],[-3.24501,38.71446],[-3.24726,38.74193],[-3.2585,38.7597],[-3.28324,38.76132],[-3.2675,38.78878],[-3.272,38.79848],[-3.24501,38.80494],[-3.2675,38.80979],[-3.28774,38.82594],[-3.28774,38.83887],[-3.31698,38.82433],[-3.32373,38.80979],[-3.34397,38.80494],[-3.35971,38.84371],[-3.34847,38.8841],[-3.35072,38.89864],[-3.37096,38.91319],[-3.3912,38.94873],[-3.42044,38.93096],[-3.44518,38.92773],[-3.47217,38.9148],[-3.49466,38.89541],[-3.5104,38.85341],[-3.50815,38.81302],[-3.5149,38.76616],[-3.53289,38.75162],[-3.53514,38.72416],[-3.54864,38.71446]]]}},{"type":"Feature","id":"13089","properties":{"cod_mun":"13089","nombre":"Villahermosa","cod_prov":"13","cod_ccaa":"08"},"geometry":{"type":"Polygon","coordinates":[[[-2.97511,38.82594],[-2.96162,38.80171],[-2.93688,38.78717],[-2.91214,38.75647],[-2.91888,38.729],[-2.90989,38.72093],[-2.8874,38.72416],[-2.86041,38.71446],[-2.83342,38.71285],[-2.78844,38.71769],[-2.73446,38.708],[-2.72546,38.72254],[-2.73221,38.74193],[-2.72321,38.76293],[-2.73221,38.78232],[-2.7502,38.80655],[-2.7502,38.83079],[-2.75695,38.86795],[-2.76145,38.88087],[-2.79068,38.89218],[-2.79968,38.90834],[-2.83567,38.90672],[-2.85816,38.92773],[-2.87615,38.92611],[-2.92563,38.90349],[-2.94812,38.87118],[-2.94138,38.85664],[-2.97511,38.82594]]]}},{"type":"Feature","id":"13090","properties":{"cod_mun":"13090","nombre":"Villamanrique","cod_prov":"13","cod_ccaa":"08"},"geometry":{"type":"Polygon","coordinates":[[[-3.23151,38.45435],[-3.22027,38.45273],[-3.17978,38.4495],[-3.1303,38.43819],[-3.06508,38.47858],[-3.00435,38.41557],[-3.0021,38.40749],[-2.99086,38.4285],[-2.99535,38.44465],[-2.96162,38.4705],[-2.93913,38.47535],[-2.90539,38.4705],[-2.88065,38.45273],[-2.8784,38.46243],[-2.85591,38.47373],[-2.84691,38.49312],[-2.86266,38.52543],[-2.89639,38.52382],[-2.91439,38.52059],[-2.93913,38.53674],[-2.96162,38.57067],[-2.98861,38.58844],[-3.00885,38.58683],[-3.03584,38.56744],[-3.10556,38.56259],[-3.1303,38.57713],[-3.18428,38.5739],[-3.21802,38.53351],[-3.21352,38.52059],[-3.23376,38.48666],[-3.22477,38.46566],[-3.23151,38.45435]]]}},{"type":"Feature","id":"16007","properties":{"cod_mun":"16007","nombre":"Alberca de Záncara, La","cod_prov":"16","cod_ccaa":"08"},"geometry":{"type":"Polygon","coordinates":[[[-2.56352,39.46088],[-2.56127,39.45442],[-2.53204,39.44796],[-2.50505,39.43503],[-2.44432,39.48512],[-2.42183,39.49481],[-2.43083,39.51097],[-2.47581,39.55297],[-2.50055,39.55297],[-2.51629,39.56267],[-2.52754,39.55136],[-2.52979,39.52712],[-2.54553,39.51097],[-2.56352,39.46088]]]}},{"type":"Feature","id":"13091","properties":{"cod_mun":"13091","nombre":"Villamayor de Calatrava","cod_prov":"13","cod_ccaa":"08"},"geometry":{"type":"Polygon","coordinates":[[[-4.33583,38.80332],[-4.32234,38.79524],[-4.26611,38.78394],[-4.24587,38.77586],[-4.23462,38.7597],[-4.18964,38.7597],[-4.12666,38.74516],[-4.11992,38.75647],[-4.07943,38.78394],[-4.06594,38.80494],[-4.06594,38.81786],[-4.08393,38.8324],[-4.09967,38.82271],[-4.12216,38.8324],[-4.22113,38.82917],[-4.26611,38.82917],[-4.31334,38.81625],[-4.33583,38.80332]]]}},{"type":"Feature","id":"45032","properties":{"cod_mun":"45032","nombre":"Camarenilla","cod_prov":"45","cod_ccaa":"08"},"geometry":{"type":"Polygon","coordinates":[[[-4.12441,40.02958],[-4.11992,40.01666],[-4.09293,39.99081],[-4.08843,39.9795],[-4.05019,39.98596],[-4.06144,40.01343],[-4.06144,40.01504],[-4.06369,40.02797],[-4.06819,40.02958],[-4.08168,40.03928],[-4.12441,40.02958]]]}},{"type":"Feature","id":"13092","properties":{"cod_mun":"13092","nombre":"Villanueva de la Fuente","cod_prov":"13","cod_ccaa":"08"},"geometry":{"type":"Polygon","coordinates":[[[-2.77269,38.6563],[-2.7637,38.62722],[-2.72546,38.61753],[-2.70297,38.62399],[-2.66923,38.64984],[-2.65574,38.67084],[-2.64674,38.71608],[-2.63774,38.73385],[-2.66698,38.75809],[-2.69847,38.78394],[-2.72321,38.78394],[-2.73221,38.78232],[-2.72321,38.76293],[-2.73221,38.74193],[-2.72546,38.72254],[-2.73446,38.708],[-2.77269,38.6563]]]}},{"type":"Feature","id":"16010","properties":{"cod_mun":"16010","nombre":"Alcázar del Rey","cod_prov":"16","cod_ccaa":"08"},"geometry":{"type":"Polygon","coordinates":[[[-2.84691,40.03928],[-2.83117,40.0102],[-2.80193,40.01343],[-2.77719,40.04251],[-2.76594,40.07482],[-2.77944,40.09098],[-2.83792,40.08775],[-2.83792,40.0619],[-2.84691,40.03928]]]}},{"type":"Feature","id":"13093","properties":{"cod_mun":"13093","nombre":"Villanueva de los Infantes","cod_prov":"13","cod_ccaa":"08"},"geometry":{"type":"Polygon","coordinates":[[[-3.1303,38.72254],[-3.10781,38.70154],[-3.08082,38.69023],[-3.07182,38.69669],[-3.05158,38.67569],[-3.01335,38.64984],[-2.97511,38.65953],[-2.95487,38.70639],[-2.97286,38.71446],[-2.98636,38.74839],[-3.0201,38.79686],[-3.03134,38.78717],[-3.08307,38.76939],[-3.09881,38.77586],[-3.10781,38.7387],[-3.1303,38.72254]]]}},{"type":"Feature","id":"16011","properties":{"cod_mun":"16011","nombre":"Alcohujate","cod_prov":"16","cod_ccaa":"08"},"geometry":{"type":"Polygon","coordinates":[[[-2.61076,40.44642],[-2.65124,40.41572],[-2.57927,40.3931],[-2.58377,40.40764],[-2.55678,40.43511],[-2.59051,40.44965],[-2.61076,40.44642]]]}},{"type":"Feature","id":"13094","properties":{"cod_mun":"13094","nombre":"Villanueva de San Carlos","cod_prov":"13","cod_ccaa":"08"},"geometry":{"type":"Polygon","coordinates":[[[-3.96473,38.57229],[-3.91974,38.53351],[-3.904,38.55613],[-3.87476,38.56583],[-3.86801,38.58521],[-3.82978,38.58037],[-3.81179,38.57229],[-3.81179,38.59006],[-3.79154,38.60783],[-3.79604,38.62076],[-3.83653,38.6563],[-3.86352,38.66115],[-3.89051,38.64661],[-3.92874,38.63691],[-3.92649,38.61914],[-3.95573,38.59006],[-3.96473,38.57229]]]}},{"type":"Feature","id":"16012","properties":{"cod_mun":"16012","nombre":"Alconchel de la Estrella","cod_prov":"16","cod_ccaa":"08"},"geometry":{"type":"Polygon","coordinates":[[[-2.622,39.71292],[-2.59726,39.68222],[-2.57702,39.68061],[-2.56802,39.67899],[-2.53653,39.70484],[-2.54103,39.71938],[-2.56352,39.75331],[-2.58601,39.75816],[-2.60626,39.74523],[-2.622,39.71292]]]}},{"type":"Feature","id":"13097","properties":{"cod_mun":"13097","nombre":"Villarta de San Juan","cod_prov":"13","cod_ccaa":"08"},"geometry":{"type":"Polygon","coordinates":[[[-3.47217,39.18784],[-3.44968,39.16522],[-3.42494,39.14584],[-3.38445,39.14099],[-3.4002,39.15391],[-3.4002,39.18623],[-3.41819,39.22823],[-3.40469,39.25085],[-3.44293,39.27832],[-3.46317,39.27993],[-3.47442,39.26378],[-3.46317,39.2347],[-3.44968,39.22177],[-3.47217,39.18784]]]}},{"type":"Feature","id":"13098","properties":{"cod_mun":"13098","nombre":"Viso del Marqués","cod_prov":"13","cod_ccaa":"08"},"geometry":{"type":"Polygon","coordinates":[[[-3.74656,38.46404],[-3.76006,38.45273],[-3.75331,38.42688],[-3.73981,38.41396],[-3.73082,38.42365],[-3.69933,38.41234],[-3.6521,38.40426],[-3.62061,38.39457],[-3.59812,38.3978],[-3.58687,38.40588],[-3.58238,38.45112],[-3.54189,38.44465],[-3.5284,38.40911],[-3.50591,38.40749],[-3.47217,38.3978],[-3.45418,38.39942],[-3.42494,38.40749],[-3.37771,38.43981],[-3.37995,38.45112],[-3.37546,38.47535],[-3.4002,38.50605],[-3.41594,38.51413],[-3.42944,38.53998],[-3.43393,38.56421],[-3.49241,38.57875],[-3.52165,38.57552],[-3.55539,38.63045],[-3.58912,38.66438],[-3.62061,38.66761],[-3.62961,38.65145],[-3.6566,38.64338],[-3.6476,38.62722],[-3.6521,38.61106],[-3.69033,38.58037],[-3.69258,38.56906],[-3.71507,38.55452],[-3.69708,38.53351],[-3.73307,38.49474],[-3.74656,38.46404]],[[-3.49466,38.41234],[-3.5284,38.43011],[-3.5194,38.46566],[-3.53065,38.50282],[-3.49016,38.52382],[-3.47667,38.51574],[-3.46542,38.49151],[-3.42494,38.48504],[-3.49466,38.41234]]]}},{"type":"Feature","id":"16001","properties":{"cod_mun":"16001","nombre":"Abia de la Obispalía","cod_prov":"16","cod_ccaa":"08"},"geometry":{"type":"Polygon","coordinates":[[[-2.44207,40.01181],[-2.42633,39.99889],[-2.36335,39.98919],[-2.34986,40.02474],[-2.33861,40.0619],[-2.32512,40.06997],[-2.33861,40.08613],[-2.37235,40.09582],[-2.37235,40.09421],[-2.3791,40.07482],[-2.39709,40.06351],[-2.40384,40.04736],[-2.44882,40.03605],[-2.44207,40.01181]]]}},{"type":"Feature","id":"13901","properties":{"cod_mun":"13901","nombre":"Robledo, El","cod_prov":"13","cod_ccaa":"08"},"geometry":{"type":"Polygon","coordinates":[[[-4.39881,39.225],[-4.36057,39.21531],[-4.33358,39.15876],[-4.2931,39.15068],[-4.2751,39.16522],[-4.27286,39.17976],[-4.25711,39.16845],[-4.23462,39.20238],[-4.24362,39.21208],[-4.22338,39.22177],[-4.24362,39.23793],[-4.26161,39.23308],[-4.26386,39.24439],[-4.2841,39.24439],[-4.2841,39.26539],[-4.30434,39.26539],[-4.36732,39.246],[-4.39881,39.225]]]}},{"type":"Feature","id":"13902","properties":{"cod_mun":"13902","nombre":"Ruidera","cod_prov":"13","cod_ccaa":"08"},"geometry":{"type":"Polygon","coordinates":[[[-2.93238,38.96327],[-2.90314,38.98589],[-2.8784,38.95681],[-2.87165,38.96004],[-2.88065,38.98589],[-2.85141,39.02143],[-2.8874,39.02466],[-2.88965,39.03436],[-2.94587,39.01982],[-2.93238,39.00366],[-2.94812,38.98104],[-2.92563,38.97943],[-2.93238,38.96327]]]}},{"type":"Feature","id":"16036","properties":{"cod_mun":"16036","nombre":"Boniches","cod_prov":"16","cod_ccaa":"08"},"geometry":{"type":"Polygon","coordinates":[[[-1.67287,39.97627],[-1.66612,39.93911],[-1.6009,39.93588],[-1.58965,39.94072],[-1.58965,39.97465],[-1.56266,39.99727],[-1.56491,40.00373],[-1.58516,40.00858],[-1.6054,40.00212],[-1.62339,40.01181],[-1.64363,40.00697],[-1.67287,39.97627]]]}},{"type":"Feature","id":"13903","properties":{"cod_mun":"13903","nombre":"Arenales de San Gregorio","cod_prov":"13","cod_ccaa":"08"},"geometry":{"type":"Polygon","coordinates":[[[-3.05608,39.25247],[-3.00885,39.30417],[-2.99535,39.32679],[-3.01335,39.32032],[-3.08082,39.32679],[-3.05608,39.25247]]]}},{"type":"Feature","id":"16038","properties":{"cod_mun":"16038","nombre":"Buciegas","cod_prov":"16","cod_ccaa":"08"},"geometry":{"type":"Polygon","coordinates":[[[-2.50055,40.33494],[-2.50055,40.33332],[-2.44207,40.32847],[-2.45557,40.35594],[-2.50055,40.33494]]]}},{"type":"Feature","id":"16008","properties":{"cod_mun":"16008","nombre":"Alcalá de la Vega","cod_prov":"16","cod_ccaa":"08"},"geometry":{"type":"Polygon","coordinates":[[[-1.58516,40.00858],[-1.56491,40.00373],[-1.54242,40.0005],[-1.52893,40.00858],[-1.48844,39.98111],[-1.4817,39.98273],[-1.4682,40.0102],[-1.4727,40.01989],[-1.45471,40.05867],[-1.46145,40.06513],[-1.49519,40.07644],[-1.51768,40.07321],[-1.54917,40.0522],[-1.56941,40.04897],[-1.56941,40.03282],[-1.58516,40.00858]]]}},{"type":"Feature","id":"16009","properties":{"cod_mun":"16009","nombre":"Alcantud","cod_prov":"16","cod_ccaa":"08"},"geometry":{"type":"Polygon","coordinates":[[[-2.38134,40.5482],[-2.3791,40.54335],[-2.3611,40.52397],[-2.34761,40.4965],[-2.32287,40.49812],[-2.26439,40.51104],[-2.27339,40.54174],[-2.29813,40.57243],[-2.33186,40.56759],[-2.35211,40.57567],[-2.35885,40.56113],[-2.38134,40.5482]]]}},{"type":"Feature","id":"16014","properties":{"cod_mun":"16014","nombre":"Aliaguilla","cod_prov":"16","cod_ccaa":"08"},"geometry":{"type":"Polygon","coordinates":[[[-1.38273,39.74685],[-1.38273,39.71777],[-1.36924,39.6903],[-1.31301,39.67091],[-1.27928,39.67738],[-1.26128,39.69838],[-1.27478,39.73877],[-1.26128,39.75654],[-1.29277,39.77108],[-1.31526,39.79855],[-1.35799,39.77431],[-1.38273,39.74685]]]}},{"type":"Feature","id":"16016","properties":{"cod_mun":"16016","nombre":"Almendros","cod_prov":"16","cod_ccaa":"08"},"geometry":{"type":"Polygon","coordinates":[[[-2.93238,39.92941],[-2.91439,39.89064],[-2.87615,39.85671],[-2.88965,39.84056],[-2.8829,39.81955],[-2.85816,39.79047],[-2.84241,39.79532],[-2.84017,39.81471],[-2.83567,39.84056],[-2.85141,39.84702],[-2.85816,39.87125],[-2.84241,39.90841],[-2.84916,39.92295],[-2.87165,39.93426],[-2.93238,39.92941]]]}},{"type":"Feature","id":"16015","properties":{"cod_mun":"16015","nombre":"Almarcha, La","cod_prov":"16","cod_ccaa":"08"},"geometry":{"type":"Polygon","coordinates":[[[-2.4893,39.65799],[-2.48705,39.65476],[-2.47131,39.64183],[-2.45107,39.64668],[-2.43757,39.66284],[-2.41058,39.67738],[-2.31837,39.67899],[-2.29813,39.70323],[-2.32062,39.721],[-2.33636,39.71938],[-2.36785,39.73392],[-2.40608,39.70807],[-2.44207,39.69192],[-2.46006,39.69515],[-2.4893,39.65799]],[[-2.41283,39.67899],[-2.43532,39.6903],[-2.40833,39.69515],[-2.41283,39.67899]]]}},{"type":"Feature","id":"16017","properties":{"cod_mun":"16017","nombre":"Almodóvar del Pinar","cod_prov":"16","cod_ccaa":"08"},"geometry":{"type":"Polygon","coordinates":[[[-1.95851,39.70969],[-1.93827,39.70161],[-1.93152,39.67899],[-1.89778,39.63376],[-1.88654,39.64506],[-1.84605,39.66607],[-1.82131,39.6903],[-1.83031,39.70646],[-1.8528,39.721],[-1.8483,39.74846],[-1.88879,39.75493],[-1.91803,39.76462],[-1.95851,39.70969]]]}},{"type":"Feature","id":"16018","properties":{"cod_mun":"16018","nombre":"Almonacid del Marquesado","cod_prov":"16","cod_ccaa":"08"},"geometry":{"type":"Polygon","coordinates":[[[-2.84017,39.81471],[-2.80643,39.81794],[-2.77719,39.80824],[-2.76145,39.78239],[-2.72771,39.78886],[-2.72996,39.80501],[-2.72996,39.81955],[-2.75695,39.83086],[-2.76594,39.86479],[-2.80418,39.86479],[-2.83567,39.84056],[-2.84017,39.81471]]]}},{"type":"Feature","id":"16019","properties":{"cod_mun":"16019","nombre":"Altarejos","cod_prov":"16","cod_ccaa":"08"},"geometry":{"type":"Polygon","coordinates":[[[-2.47356,39.93265],[-2.41508,39.89064],[-2.34761,39.87287],[-2.33636,39.86479],[-2.31612,39.89872],[-2.33861,39.92941],[-2.3611,39.94396],[-2.37235,39.96011],[-2.39034,39.94557],[-2.41733,39.97788],[-2.43307,39.98596],[-2.45781,39.97465],[-2.46681,39.94072],[-2.47356,39.93265]]]}},{"type":"Feature","id":"16022","properties":{"cod_mun":"16022","nombre":"Arcos de la Sierra","cod_prov":"16","cod_ccaa":"08"},"geometry":{"type":"Polygon","coordinates":[[[-2.13619,40.35271],[-2.13844,40.33332],[-2.1182,40.30909],[-2.1137,40.30586],[-2.09346,40.31717],[-2.09121,40.33332],[-2.06872,40.33009],[-2.04173,40.31232],[-2.04847,40.35109],[-2.04398,40.36563],[-2.07771,40.37533],[-2.12494,40.36079],[-2.13619,40.35271]]]}},{"type":"Feature","id":"16023","properties":{"cod_mun":"16023","nombre":"Chillarón de Cuenca","cod_prov":"16","cod_ccaa":"08"},"geometry":{"type":"Polygon","coordinates":[[[-2.25989,40.15076],[-2.27789,40.14106],[-2.2464,40.12006],[-2.2464,40.10229],[-2.21266,40.0829],[-2.19017,40.08936],[-2.16993,40.11037],[-2.18117,40.12491],[-2.17443,40.14591],[-2.20366,40.14429],[-2.21716,40.13298],[-2.2464,40.13783],[-2.2419,40.14752],[-2.25989,40.15076]]]}},{"type":"Feature","id":"16024","properties":{"cod_mun":"16024","nombre":"Arguisuelas","cod_prov":"16","cod_ccaa":"08"},"geometry":{"type":"Polygon","coordinates":[[[-1.88429,39.83732],[-1.86854,39.80501],[-1.8438,39.8034],[-1.81007,39.80986],[-1.81682,39.80016],[-1.80332,39.78724],[-1.78533,39.78724],[-1.76733,39.79047],[-1.79207,39.80824],[-1.78758,39.84379],[-1.81906,39.85348],[-1.81906,39.8761],[-1.85505,39.86479],[-1.88429,39.83732]]]}},{"type":"Feature","id":"16025","properties":{"cod_mun":"16025","nombre":"Arrancacepas","cod_prov":"16","cod_ccaa":"08"},"geometry":{"type":"Polygon","coordinates":[[[-2.37685,40.31717],[-2.36335,40.28162],[-2.33186,40.28162],[-2.32961,40.33817],[-2.33411,40.34625],[-2.3566,40.32524],[-2.37685,40.31717]]]}},{"type":"Feature","id":"16026","properties":{"cod_mun":"16026","nombre":"Atalaya del Cañavate","cod_prov":"16","cod_ccaa":"08"},"geometry":{"type":"Polygon","coordinates":[[[-2.29813,39.50289],[-2.28688,39.48189],[-2.27564,39.48027],[-2.23065,39.47704],[-2.23065,39.49158],[-2.21266,39.50774],[-2.19917,39.53682],[-2.19017,39.54974],[-2.20816,39.55297],[-2.2419,39.54651],[-2.27114,39.53197],[-2.29813,39.50289]]]}},{"type":"Feature","id":"16027","properties":{"cod_mun":"16027","nombre":"Barajas de Melo","cod_prov":"16","cod_ccaa":"08"},"geometry":{"type":"Polygon","coordinates":[[[-3.06733,40.15722],[-3.08982,40.16368],[-3.09657,40.14268],[-3.07857,40.13622],[-3.05383,40.09906],[-3.04484,40.08936],[-3.02234,40.09098],[-3.00435,40.08128],[-2.97061,40.09098],[-2.95037,40.07967],[-2.94587,40.06513],[-2.91439,40.0619],[-2.89864,40.08128],[-2.87165,40.0829],[-2.85591,40.11683],[-2.83792,40.11683],[-2.83117,40.13137],[-2.85366,40.13298],[-2.8784,40.14591],[-2.8874,40.1653],[-2.91888,40.15883],[-2.91439,40.14591],[-2.93913,40.13783],[-2.96387,40.13945],[-2.98636,40.12975],[-3.0066,40.13298],[-3.0156,40.15237],[-3.06283,40.16853],[-3.06733,40.15722]]]}},{"type":"Feature","id":"16029","properties":{"cod_mun":"16029","nombre":"Barchín del Hoyo","cod_prov":"16","cod_ccaa":"08"},"geometry":{"type":"Polygon","coordinates":[[[-2.10695,39.68869],[-2.10245,39.66445],[-2.07996,39.64183],[-2.06647,39.64022],[-2.04398,39.6386],[-2.02823,39.65799],[-2.00574,39.66768],[-1.96526,39.7],[-1.96976,39.70969],[-2.02149,39.72908],[-2.02823,39.72746],[-2.05072,39.69515],[-2.10695,39.68869]]]}},{"type":"Feature","id":"16031","properties":{"cod_mun":"16031","nombre":"Beamud","cod_prov":"16","cod_ccaa":"08"},"geometry":{"type":"Polygon","coordinates":[[[-1.83481,40.15076],[-1.82806,40.16853],[-1.80782,40.19115],[-1.80332,40.21215],[-1.82131,40.22669],[-1.84156,40.22346],[-1.85955,40.18953],[-1.84156,40.15237],[-1.83481,40.15076]]]}},{"type":"Feature","id":"16032","properties":{"cod_mun":"16032","nombre":"Belinchón","cod_prov":"16","cod_ccaa":"08"},"geometry":{"type":"Polygon","coordinates":[[[-3.09657,39.98758],[-3.06058,39.99727],[-3.01335,40.04897],[-2.99311,40.04251],[-2.95487,40.05705],[-2.94587,40.06513],[-2.95037,40.07967],[-2.97061,40.09098],[-3.00435,40.08128],[-3.02234,40.09098],[-3.04484,40.08936],[-3.05383,40.09906],[-3.09432,40.06836],[-3.09881,40.05382],[-3.08982,40.0312],[-3.09881,40.00858],[-3.09657,39.98758]]]}},{"type":"Feature","id":"16033","properties":{"cod_mun":"16033","nombre":"Belmonte","cod_prov":"16","cod_ccaa":"08"},"geometry":{"type":"Polygon","coordinates":[[[-2.7547,39.51581],[-2.69847,39.50935],[-2.65574,39.51743],[-2.631,39.55782],[-2.66248,39.57398],[-2.68273,39.57721],[-2.71871,39.60306],[-2.70297,39.62729],[-2.68273,39.6386],[-2.67598,39.65476],[-2.68498,39.67253],[-2.70072,39.66284],[-2.71871,39.61921],[-2.75245,39.60791],[-2.74345,39.58852],[-2.74345,39.55297],[-2.75695,39.54974],[-2.7547,39.51581]]]}},{"type":"Feature","id":"16034","properties":{"cod_mun":"16034","nombre":"Belmontejo","cod_prov":"16","cod_ccaa":"08"},"geometry":{"type":"Polygon","coordinates":[[[-2.39709,39.79047],[-2.38134,39.77916],[-2.32737,39.78401],[-2.28463,39.79855],[-2.28463,39.82117],[-2.27114,39.84056],[-2.28238,39.84379],[-2.28913,39.84863],[-2.34086,39.84863],[-2.34986,39.84379],[-2.37235,39.81147],[-2.39709,39.79047]]]}},{"type":"Feature","id":"16035","properties":{"cod_mun":"16035","nombre":"Beteta","cod_prov":"16","cod_ccaa":"08"},"geometry":{"type":"MultiPolygon","coordinates":[[[[-1.96751,40.60798],[-1.97425,40.59021],[-1.95401,40.57082],[-1.95176,40.55789],[-1.94502,40.5482],[-1.92252,40.53689],[-1.88879,40.50619],[-1.88879,40.52881],[-1.90003,40.53528],[-1.92702,40.59344],[-1.96751,40.60798]]],[[[-2.13169,40.59667],[-2.14969,40.5692],[-2.15193,40.54335],[-2.12719,40.49812],[-2.12944,40.49488],[-2.1227,40.49327],[-2.08671,40.50781],[-2.07097,40.52235],[-2.05297,40.52558],[-2.04398,40.53043],[-2.04847,40.55951],[-2.06197,40.5789],[-2.04847,40.59021],[-2.02149,40.59828],[-2.03048,40.5999],[-2.05747,40.62413],[-2.07097,40.62898],[-2.08896,40.59505],[-2.13169,40.59667]]]]}},{"type":"Feature","id":"16039","properties":{"cod_mun":"16039","nombre":"Buenache de Alarcón","cod_prov":"16","cod_ccaa":"08"},"geometry":{"type":"Polygon","coordinates":[[[-2.21041,39.6483],[-2.21491,39.63699],[-2.19692,39.62245],[-2.20591,39.60952],[-2.17218,39.60306],[-2.16993,39.60952],[-2.13169,39.62406],[-2.11145,39.64022],[-2.10245,39.66445],[-2.10695,39.68869],[-2.1227,39.70484],[-2.19242,39.67091],[-2.21041,39.6483]]]}},{"type":"Feature","id":"16040","properties":{"cod_mun":"16040","nombre":"Buenache de la Sierra","cod_prov":"16","cod_ccaa":"08"},"geometry":{"type":"Polygon","coordinates":[[[-2.04398,40.10229],[-1.9855,40.09744],[-1.9765,40.09098],[-1.92702,40.10552],[-1.93602,40.15399],[-1.95851,40.16045],[-1.99674,40.1556],[-2.03273,40.14106],[-2.05297,40.12006],[-2.04398,40.10229]]]}},{"type":"Feature","id":"16045","properties":{"cod_mun":"16045","nombre":"Canalejas del Arroyo","cod_prov":"16","cod_ccaa":"08"},"geometry":{"type":"Polygon","coordinates":[[[-2.53204,40.35917],[-2.51854,40.34625],[-2.50055,40.33494],[-2.45557,40.35594],[-2.44432,40.3721],[-2.40833,40.39633],[-2.40833,40.40279],[-2.43982,40.43834],[-2.44882,40.43834],[-2.46456,40.43511],[-2.47356,40.42057],[-2.49155,40.42218],[-2.49605,40.3931],[-2.53204,40.35917]]]}},{"type":"Feature","id":"16041","properties":{"cod_mun":"16041","nombre":"Buendía","cod_prov":"16","cod_ccaa":"08"},"geometry":{"type":"Polygon","coordinates":[[[-2.81767,40.36402],[-2.81543,40.33171],[-2.80868,40.32686],[-2.73221,40.32363],[-2.70972,40.3414],[-2.70297,40.39956],[-2.71421,40.41087],[-2.72321,40.39633],[-2.77044,40.42218],[-2.7592,40.44157],[-2.77719,40.44642],[-2.80643,40.40441],[-2.81767,40.36402]]]}},{"type":"Feature","id":"16042","properties":{"cod_mun":"16042","nombre":"Campillo de Altobuey","cod_prov":"16","cod_ccaa":"08"},"geometry":{"type":"Polygon","coordinates":[[[-1.89778,39.63376],[-1.88654,39.60629],[-1.85055,39.56751],[-1.81007,39.54813],[-1.7336,39.57398],[-1.69086,39.60629],[-1.68412,39.60467],[-1.70436,39.64022],[-1.7291,39.66284],[-1.74034,39.65799],[-1.79207,39.66768],[-1.82131,39.6903],[-1.84605,39.66607],[-1.88654,39.64506],[-1.89778,39.63376]]]}},{"type":"Feature","id":"16043","properties":{"cod_mun":"16043","nombre":"Campillos-Paravientos","cod_prov":"16","cod_ccaa":"08"},"geometry":{"type":"Polygon","coordinates":[[[-1.58965,39.94072],[-1.57841,39.9488],[-1.56266,39.9278],[-1.53118,39.92941],[-1.50644,39.94396],[-1.48619,39.96819],[-1.48844,39.98111],[-1.52893,40.00858],[-1.54242,40.0005],[-1.56491,40.00373],[-1.56266,39.99727],[-1.58965,39.97465],[-1.58965,39.94072]]]}},{"type":"Feature","id":"16044","properties":{"cod_mun":"16044","nombre":"Campillos-Sierra","cod_prov":"16","cod_ccaa":"08"},"geometry":{"type":"Polygon","coordinates":[[[-1.7336,40.06674],[-1.71111,40.05382],[-1.66387,40.07805],[-1.62789,40.09098],[-1.66163,40.11521],[-1.71336,40.12329],[-1.7156,40.09421],[-1.7336,40.06674]]]}},{"type":"Feature","id":"16046","properties":{"cod_mun":"16046","nombre":"Cañada del Hoyo","cod_prov":"16","cod_ccaa":"08"},"geometry":{"type":"Polygon","coordinates":[[[-1.9765,39.97465],[-1.94277,39.95526],[-1.94502,39.93265],[-1.90903,39.93426],[-1.89329,39.9278],[-1.8573,39.93103],[-1.85955,39.97465],[-1.8438,39.99727],[-1.82356,40.01181],[-1.8438,40.01989],[-1.90678,40.02312],[-1.94052,39.99889],[-1.95626,40.00535],[-1.97875,39.99081],[-1.9765,39.97465]]]}},{"type":"Feature","id":"16047","properties":{"cod_mun":"16047","nombre":"Cañada Juncosa","cod_prov":"16","cod_ccaa":"08"},"geometry":{"type":"Polygon","coordinates":[[[-2.32737,39.51097],[-2.29813,39.50289],[-2.27114,39.53197],[-2.2419,39.54651],[-2.20816,39.55297],[-2.19017,39.54974],[-2.19917,39.53682],[-2.18117,39.55297],[-2.1227,39.58206],[-2.17667,39.57882],[-2.17892,39.5869],[-2.20816,39.57236],[-2.23965,39.57882],[-2.28688,39.55944],[-2.28688,39.54166],[-2.30263,39.51258],[-2.32737,39.51097]]]}},{"type":"Feature","id":"16048","properties":{"cod_mun":"16048","nombre":"Cañamares","cod_prov":"16","cod_ccaa":"08"},"geometry":{"type":"Polygon","coordinates":[[[-2.27789,40.42541],[-2.27339,40.40279],[-2.25989,40.39633],[-2.19242,40.43349],[-2.22166,40.4755],[-2.25314,40.48681],[-2.26664,40.46096],[-2.26214,40.44157],[-2.27789,40.42541]]]}},{"type":"Feature","id":"16049","properties":{"cod_mun":"16049","nombre":"Cañavate, El","cod_prov":"16","cod_ccaa":"08"},"geometry":{"type":"Polygon","coordinates":[[[-2.3611,39.52389],[-2.32737,39.51097],[-2.30263,39.51258],[-2.28688,39.54166],[-2.28688,39.55944],[-2.30263,39.55944],[-2.30937,39.57236],[-2.34761,39.56913],[-2.36785,39.54974],[-2.3611,39.52389]]]}},{"type":"Feature","id":"16050","properties":{"cod_mun":"16050","nombre":"Cañaveras","cod_prov":"16","cod_ccaa":"08"},"geometry":{"type":"Polygon","coordinates":[[[-2.45557,40.35594],[-2.44207,40.32847],[-2.44207,40.30909],[-2.39034,40.31878],[-2.37685,40.31717],[-2.3566,40.32524],[-2.33411,40.34625],[-2.33636,40.36725],[-2.35211,40.37533],[-2.3656,40.40279],[-2.38134,40.41249],[-2.40833,40.40279],[-2.40833,40.39633],[-2.44432,40.3721],[-2.45557,40.35594]]]}},{"type":"Feature","id":"16051","properties":{"cod_mun":"16051","nombre":"Cañaveruelas","cod_prov":"16","cod_ccaa":"08"},"geometry":{"type":"Polygon","coordinates":[[[-2.68048,40.40279],[-2.64899,40.38825],[-2.60176,40.38017],[-2.58152,40.38179],[-2.57927,40.3931],[-2.65124,40.41572],[-2.61076,40.44642],[-2.63999,40.44803],[-2.65124,40.43995],[-2.70072,40.43026],[-2.70297,40.42218],[-2.68048,40.40279]]]}},{"type":"Feature","id":"16052","properties":{"cod_mun":"16052","nombre":"Cañete","cod_prov":"16","cod_ccaa":"08"},"geometry":{"type":"Polygon","coordinates":[[[-1.72685,39.99242],[-1.67287,39.97627],[-1.64363,40.00697],[-1.62339,40.01181],[-1.63014,40.01989],[-1.6099,40.06351],[-1.5919,40.0829],[-1.58965,40.09582],[-1.62789,40.09098],[-1.66387,40.07805],[-1.71111,40.05382],[-1.72685,40.02474],[-1.72685,39.99242]]]}},{"type":"Feature","id":"16058","properties":{"cod_mun":"16058","nombre":"Carrascosa de Haro","cod_prov":"16","cod_ccaa":"08"},"geometry":{"type":"Polygon","coordinates":[[[-2.59051,39.61114],[-2.56802,39.56267],[-2.55903,39.57236],[-2.51629,39.56428],[-2.50505,39.58206],[-2.52304,39.58529],[-2.52304,39.60629],[-2.57027,39.62083],[-2.59051,39.61114]]]}},{"type":"Feature","id":"16053","properties":{"cod_mun":"16053","nombre":"Cañizares","cod_prov":"16","cod_ccaa":"08"},"geometry":{"type":"MultiPolygon","coordinates":[[[[-1.99674,40.41733],[-1.98325,40.42218],[-2.02149,40.45611],[-2.03048,40.45288],[-1.99674,40.41733]]],[[[-2.15193,40.54335],[-2.18792,40.56113],[-2.22166,40.54335],[-2.27339,40.54174],[-2.26439,40.51104],[-2.25314,40.48681],[-2.22166,40.4755],[-2.20816,40.49004],[-2.12944,40.49488],[-2.12719,40.49812],[-2.15193,40.54335]]]]}},{"type":"Feature","id":"16055","properties":{"cod_mun":"16055","nombre":"Carboneras de Guadazaón","cod_prov":"16","cod_ccaa":"08"},"geometry":{"type":"Polygon","coordinates":[[[-1.85955,39.97465],[-1.8573,39.93103],[-1.85505,39.8971],[-1.81906,39.8761],[-1.81906,39.85348],[-1.78758,39.84379],[-1.79207,39.80824],[-1.74709,39.83894],[-1.73135,39.87125],[-1.7381,39.88095],[-1.72685,39.89549],[-1.76958,39.92941],[-1.79657,39.92941],[-1.83031,39.96173],[-1.82806,39.97142],[-1.85955,39.97465]]]}},{"type":"Feature","id":"16064","properties":{"cod_mun":"16064","nombre":"Casas de Haro","cod_prov":"16","cod_ccaa":"08"},"geometry":{"type":"Polygon","coordinates":[[[-2.34536,39.31225],[-2.32062,39.28316],[-2.30263,39.26378],[-2.28913,39.22662],[-2.2464,39.24439],[-2.21941,39.26216],[-2.18117,39.27024],[-2.17892,39.27832],[-2.18342,39.27832],[-2.21041,39.32679],[-2.25314,39.34617],[-2.29588,39.36233],[-2.29363,39.35587],[-2.31387,39.31548],[-2.34536,39.31225]]]}},{"type":"Feature","id":"16056","properties":{"cod_mun":"16056","nombre":"Cardenete","cod_prov":"16","cod_ccaa":"08"},"geometry":{"type":"Polygon","coordinates":[[[-1.79207,39.80824],[-1.76733,39.79047],[-1.70211,39.75493],[-1.67737,39.75008],[-1.64363,39.75008],[-1.63464,39.78239],[-1.61664,39.79532],[-1.66837,39.82601],[-1.70886,39.83732],[-1.73135,39.87125],[-1.74709,39.83894],[-1.79207,39.80824]]]}},{"type":"Feature","id":"16057","properties":{"cod_mun":"16057","nombre":"Carrascosa","cod_prov":"16","cod_ccaa":"08"},"geometry":{"type":"Polygon","coordinates":[[[-2.27339,40.54174],[-2.22166,40.54335],[-2.18792,40.56113],[-2.15193,40.54335],[-2.14969,40.5692],[-2.13169,40.59667],[-2.14519,40.61606],[-2.16993,40.6306],[-2.19017,40.6306],[-2.21491,40.61929],[-2.2329,40.62413],[-2.22616,40.59828],[-2.24415,40.5692],[-2.27339,40.54174]]]}},{"type":"Feature","id":"16060","properties":{"cod_mun":"16060","nombre":"Casas de Benítez","cod_prov":"16","cod_ccaa":"08"},"geometry":{"type":"Polygon","coordinates":[[[-2.15418,39.3591],[-2.14069,39.34456],[-2.15418,39.33163],[-2.13844,39.32194],[-2.14969,39.29932],[-2.15193,39.2767],[-2.09571,39.27024],[-2.05072,39.26701],[-2.05747,39.27832],[-2.07771,39.3074],[-2.11595,39.32355],[-2.12494,39.36233],[-2.15418,39.3591]]]}},{"type":"Feature","id":"16061","properties":{"cod_mun":"16061","nombre":"Casas de Fernando Alonso","cod_prov":"16","cod_ccaa":"08"},"geometry":{"type":"Polygon","coordinates":[[[-2.37235,39.36071],[-2.35885,39.35587],[-2.34536,39.33648],[-2.34536,39.31225],[-2.31387,39.31548],[-2.29363,39.35587],[-2.29588,39.36233],[-2.32961,39.38333],[-2.37235,39.36071]]]}},{"type":"Feature","id":"16062","properties":{"cod_mun":"16062","nombre":"Casas de Garcimolina","cod_prov":"16","cod_ccaa":"08"},"geometry":{"type":"Polygon","coordinates":[[[-1.45021,39.96496],[-1.42997,39.96011],[-1.38498,39.99081],[-1.35799,40.01181],[-1.37599,40.01666],[-1.38273,40.03928],[-1.40073,40.06674],[-1.42097,40.04574],[-1.43446,40.04897],[-1.42097,40.02797],[-1.43222,39.99566],[-1.45021,39.96496]]]}},{"type":"Feature","id":"16063","properties":{"cod_mun":"16063","nombre":"Casas de Guijarro","cod_prov":"16","cod_ccaa":"08"},"geometry":{"type":"Polygon","coordinates":[[[-2.17667,39.35587],[-2.16993,39.33002],[-2.15418,39.33163],[-2.14069,39.34456],[-2.15418,39.3591],[-2.17667,39.35587]]]}},{"type":"Feature","id":"16065","properties":{"cod_mun":"16065","nombre":"Casas de los Pinos","cod_prov":"16","cod_ccaa":"08"},"geometry":{"type":"Polygon","coordinates":[[[-2.44207,39.28316],[-2.3746,39.23308],[-2.3611,39.246],[-2.34986,39.27832],[-2.32062,39.28316],[-2.34536,39.31225],[-2.34536,39.33648],[-2.35885,39.35587],[-2.37235,39.36071],[-2.39934,39.33971],[-2.39709,39.32355],[-2.44207,39.28316]]]}},{"type":"Feature","id":"16066","properties":{"cod_mun":"16066","nombre":"Casasimarro","cod_prov":"16","cod_ccaa":"08"},"geometry":{"type":"Polygon","coordinates":[[[-2.09571,39.40757],[-2.08221,39.40272],[-2.09571,39.37041],[-2.08221,39.3591],[-2.04398,39.3591],[-2.01924,39.35102],[-2.00799,39.35425],[-1.98775,39.37041],[-2.00349,39.40757],[-2.01699,39.41403],[-2.09346,39.41403],[-2.09571,39.40757]]]}},{"type":"Feature","id":"16067","properties":{"cod_mun":"16067","nombre":"Castejón","cod_prov":"16","cod_ccaa":"08"},"geometry":{"type":"Polygon","coordinates":[[[-2.58152,40.38179],[-2.55453,40.3624],[-2.53204,40.35917],[-2.49605,40.3931],[-2.49155,40.42218],[-2.52079,40.4238],[-2.55678,40.43511],[-2.58377,40.40764],[-2.57927,40.3931],[-2.58152,40.38179]]]}},{"type":"Feature","id":"16068","properties":{"cod_mun":"16068","nombre":"Castillejo de Iniesta","cod_prov":"16","cod_ccaa":"08"},"geometry":{"type":"Polygon","coordinates":[[[-1.7156,39.54328],[-1.7201,39.54974],[-1.76733,39.55297],[-1.79207,39.54328],[-1.78983,39.52228],[-1.76733,39.50774],[-1.70886,39.5142],[-1.7156,39.54328]]]}},{"type":"Feature","id":"16073","properties":{"cod_mun":"16073","nombre":"Cervera del Llano","cod_prov":"16","cod_ccaa":"08"},"geometry":{"type":"Polygon","coordinates":[[[-2.48256,39.77431],[-2.46006,39.74685],[-2.43532,39.75331],[-2.39034,39.75654],[-2.38134,39.77916],[-2.39709,39.79047],[-2.40608,39.81794],[-2.43757,39.82601],[-2.45557,39.83894],[-2.46681,39.83894],[-2.47356,39.82117],[-2.46231,39.80016],[-2.48256,39.77431]]]}},{"type":"Feature","id":"16070","properties":{"cod_mun":"16070","nombre":"Castillejo-Sierra","cod_prov":"16","cod_ccaa":"08"},"geometry":{"type":"Polygon","coordinates":[[[-2.16993,40.37533],[-2.15193,40.35594],[-2.13619,40.35271],[-2.12494,40.36079],[-2.07771,40.37533],[-2.04398,40.36563],[-2.05747,40.39148],[-2.08221,40.40602],[-2.1002,40.40602],[-2.11145,40.39472],[-2.16993,40.37533]]]}},{"type":"Feature","id":"16071","properties":{"cod_mun":"16071","nombre":"Castillo-Albaráñez","cod_prov":"16","cod_ccaa":"08"},"geometry":{"type":"Polygon","coordinates":[[[-2.40608,40.27677],[-2.36335,40.28162],[-2.37685,40.31717],[-2.39034,40.31878],[-2.40608,40.30262],[-2.40608,40.27677]]]}},{"type":"Feature","id":"16072","properties":{"cod_mun":"16072","nombre":"Castillo de Garcimuñoz","cod_prov":"16","cod_ccaa":"08"},"geometry":{"type":"MultiPolygon","coordinates":[[[[-2.48705,39.65476],[-2.49155,39.62568],[-2.45332,39.64345],[-2.42408,39.64022],[-2.38584,39.62245],[-2.33861,39.6386],[-2.31837,39.62729],[-2.30487,39.63699],[-2.32512,39.65314],[-2.32287,39.67415],[-2.28913,39.68546],[-2.26439,39.68707],[-2.25764,39.70484],[-2.27339,39.70969],[-2.24415,39.73069],[-2.2509,39.74846],[-2.30712,39.72908],[-2.32062,39.721],[-2.29813,39.70323],[-2.31837,39.67899],[-2.41058,39.67738],[-2.43757,39.66284],[-2.45107,39.64668],[-2.47131,39.64183],[-2.48705,39.65476]]],[[[-2.41283,39.67899],[-2.40833,39.69515],[-2.43532,39.6903],[-2.41283,39.67899]]]]}},{"type":"Feature","id":"16081","properties":{"cod_mun":"16081","nombre":"Chumillas","cod_prov":"16","cod_ccaa":"08"},"geometry":{"type":"Polygon","coordinates":[[[-2.1002,39.76462],[-2.09571,39.75493],[-2.06647,39.74846],[-2.02823,39.72746],[-2.02149,39.72908],[-1.98775,39.78562],[-2.00349,39.80824],[-2.03048,39.78562],[-2.05297,39.78724],[-2.1002,39.76462]]]}},{"type":"Feature","id":"16082","properties":{"cod_mun":"16082","nombre":"Enguídanos","cod_prov":"16","cod_ccaa":"08"},"geometry":{"type":"Polygon","coordinates":[[[-1.7291,39.66284],[-1.70436,39.64022],[-1.68412,39.60467],[-1.65038,39.58529],[-1.55817,39.63537],[-1.56266,39.67253],[-1.53567,39.70323],[-1.50419,39.72261],[-1.53118,39.73069],[-1.55367,39.71454],[-1.57841,39.71938],[-1.61664,39.71292],[-1.63239,39.72261],[-1.63464,39.74039],[-1.67062,39.73877],[-1.67062,39.73392],[-1.66612,39.71454],[-1.69311,39.70484],[-1.69311,39.68222],[-1.7291,39.66284]]]}},{"type":"Feature","id":"16074","properties":{"cod_mun":"16074","nombre":"Cierva, La","cod_prov":"16","cod_ccaa":"08"},"geometry":{"type":"Polygon","coordinates":[[[-1.90678,40.02312],[-1.8438,40.01989],[-1.82356,40.01181],[-1.82806,40.03605],[-1.82131,40.07644],[-1.82131,40.09906],[-1.89104,40.10552],[-1.92027,40.07967],[-1.91353,40.0619],[-1.92927,40.04574],[-1.90678,40.02312]]]}},{"type":"Feature","id":"16078","properties":{"cod_mun":"16078","nombre":"Cuenca","cod_prov":"16","cod_ccaa":"08"},"geometry":{"type":"MultiPolygon","coordinates":[[[[-2.00574,39.82601],[-1.99674,39.85186],[-2.04847,39.86479],[-2.04173,39.8761],[-2.04623,39.88418],[-2.06197,39.87771],[-2.05072,39.87287],[-2.05972,39.85348],[-2.07771,39.84863],[-2.10695,39.86156],[-2.09121,39.84863],[-2.07321,39.84702],[-2.04173,39.85671],[-2.00574,39.82601]]],[[[-2.1227,40.49327],[-2.12944,40.49488],[-2.08671,40.45611],[-2.11595,40.42541],[-2.08221,40.40602],[-2.06396,40.3953],[-2.09571,40.43026],[-2.07996,40.46257],[-2.06197,40.46419],[-2.03048,40.45288],[-2.02149,40.45611],[-1.98325,40.42218],[-1.99674,40.41733],[-2.01024,40.39472],[-2.06031,40.39315],[-2.05747,40.39148],[-2.04398,40.36563],[-2.02823,40.37371],[-2.00574,40.36725],[-1.99899,40.34786],[-1.97425,40.34463],[-1.96526,40.35432],[-1.95176,40.33978],[-1.96301,40.32201],[-1.9765,40.32363],[-1.95626,40.28485],[-1.96301,40.2687],[-1.94951,40.25092],[-1.981,40.23154],[-2.00124,40.27031],[-2.00799,40.25577],[-1.981,40.22669],[-1.95851,40.23477],[-1.96526,40.22184],[-1.92027,40.217],[-1.92252,40.20569],[-1.972,40.19115],[-1.981,40.19438],[-2.00349,40.22507],[-2.02373,40.24123],[-2.01699,40.259],[-2.05522,40.24608],[-2.03948,40.23638],[-2.05297,40.21053],[-2.07546,40.20084],[-2.08446,40.16045],[-2.11595,40.14429],[-2.17892,40.1556],[-2.18342,40.17661],[-2.19692,40.19438],[-2.23065,40.18145],[-2.2419,40.16691],[-2.2419,40.14752],[-2.2464,40.13783],[-2.21716,40.13298],[-2.20366,40.14429],[-2.17443,40.14591],[-2.18117,40.12491],[-2.16993,40.11037],[-2.19017,40.08936],[-2.21266,40.0829],[-2.20366,40.06997],[-2.24415,40.06513],[-2.32512,40.06997],[-2.33861,40.0619],[-2.34986,40.02474],[-2.30038,40.01827],[-2.28463,40.00858],[-2.25539,40.00535],[-2.2374,40.01181],[-2.23065,40.04251],[-2.20816,40.03766],[-2.18567,40.06513],[-2.15868,40.04251],[-2.15418,40.01827],[-2.13844,40.01827],[-2.12719,40.02312],[-2.09796,40.00373],[-2.05072,39.99081],[-2.03273,39.99889],[-1.9945,40.0005],[-1.9945,39.98273],[-1.9765,39.97465],[-1.97875,39.99081],[-1.95626,40.00535],[-1.94052,39.99889],[-1.90678,40.02312],[-1.92927,40.04574],[-1.91353,40.0619],[-1.92027,40.07967],[-1.89104,40.10552],[-1.82131,40.09906],[-1.83481,40.15076],[-1.84156,40.15237],[-1.85955,40.18953],[-1.84156,40.22346],[-1.82131,40.22669],[-1.80332,40.21215],[-1.79432,40.22831],[-1.81906,40.23477],[-1.8438,40.22669],[-1.86405,40.24285],[-1.87304,40.28001],[-1.8618,40.29939],[-1.81682,40.32201],[-1.77408,40.32847],[-1.76509,40.29455],[-1.74709,40.27839],[-1.74259,40.27839],[-1.71785,40.27839],[-1.7291,40.30101],[-1.69761,40.31717],[-1.72235,40.3414],[-1.74259,40.34948],[-1.77633,40.39148],[-1.80557,40.39795],[-1.83256,40.41895],[-1.8573,40.42541],[-1.88879,40.50619],[-1.92252,40.53689],[-1.94502,40.5482],[-1.94951,40.54335],[-1.90678,40.51912],[-1.95851,40.5175],[-1.94951,40.49004],[-1.972,40.49004],[-1.98325,40.47711],[-1.99674,40.46419],[-2.02149,40.46096],[-2.06647,40.4658],[-2.1227,40.49327]],[[-2.03273,40.14106],[-1.99674,40.1556],[-1.95851,40.16045],[-1.93602,40.15399],[-1.92702,40.10552],[-1.9765,40.09098],[-1.97875,40.0829],[-1.95626,40.06351],[-1.99899,40.04251],[-2.03498,40.04897],[-2.04173,40.03605],[-2.05297,40.05059],[-2.09121,40.06513],[-2.04398,40.10229],[-2.05297,40.12006],[-2.03273,40.14106]],[[-1.91128,40.41572],[-1.93827,40.4141],[-1.96301,40.4238],[-1.9855,40.44642],[-1.98775,40.46419],[-1.96751,40.47388],[-1.93152,40.46096],[-1.91353,40.46096],[-1.89778,40.43026],[-1.91128,40.41572]],[[-1.87979,40.40764],[-1.84156,40.40279],[-1.83256,40.38825],[-1.80332,40.3721],[-1.77633,40.33817],[-1.78983,40.32847],[-1.8483,40.3204],[-1.8618,40.32686],[-1.87979,40.35917],[-1.89778,40.38179],[-1.92702,40.39795],[-1.91803,40.40279],[-1.89778,40.38825],[-1.87979,40.40764]]],[[[-2.06396,40.3953],[-2.06197,40.3931],[-2.06031,40.39315],[-2.06396,40.3953]]]]}},{"type":"Feature","id":"16079","properties":{"cod_mun":"16079","nombre":"Cueva del Hierro","cod_prov":"16","cod_ccaa":"08"},"geometry":{"type":"Polygon","coordinates":[[[-2.04847,40.55951],[-2.02823,40.56597],[-1.99899,40.55628],[-1.95176,40.55789],[-1.95401,40.57082],[-1.97425,40.59021],[-1.9855,40.58536],[-2.02149,40.59828],[-2.04847,40.59021],[-2.06197,40.5789],[-2.04847,40.55951]]]}},{"type":"Feature","id":"16083","properties":{"cod_mun":"16083","nombre":"Fresneda de Altarejos","cod_prov":"16","cod_ccaa":"08"},"geometry":{"type":"Polygon","coordinates":[[[-2.37235,39.96011],[-2.3611,39.94396],[-2.33861,39.92941],[-2.31612,39.89872],[-2.27339,39.87771],[-2.26214,39.90033],[-2.23965,39.9278],[-2.26664,39.9488],[-2.30038,39.96334],[-2.32287,39.95365],[-2.35885,39.98111],[-2.37235,39.96011]]]}},{"type":"Feature","id":"16084","properties":{"cod_mun":"16084","nombre":"Fresneda de la Sierra","cod_prov":"16","cod_ccaa":"08"},"geometry":{"type":"Polygon","coordinates":[[[-2.18342,40.38017],[-2.16993,40.37533],[-2.11145,40.39472],[-2.1002,40.40602],[-2.08221,40.40602],[-2.11595,40.42541],[-2.14069,40.43187],[-2.17667,40.42541],[-2.18342,40.38017]]]}},{"type":"Feature","id":"16088","properties":{"cod_mun":"16088","nombre":"Fuentelespino de Moya","cod_prov":"16","cod_ccaa":"08"},"geometry":{"type":"Polygon","coordinates":[[[-1.53118,39.92941],[-1.51093,39.90195],[-1.49969,39.89387],[-1.42772,39.89226],[-1.40972,39.9068],[-1.41647,39.92295],[-1.42997,39.96011],[-1.45021,39.96496],[-1.4817,39.98273],[-1.48844,39.98111],[-1.48619,39.96819],[-1.50644,39.94396],[-1.53118,39.92941]]]}},{"type":"Feature","id":"16092","properties":{"cod_mun":"16092","nombre":"Gabaldón","cod_prov":"16","cod_ccaa":"08"},"geometry":{"type":"Polygon","coordinates":[[[-2.00574,39.66768],[-2.01249,39.64183],[-1.99899,39.60629],[-1.96526,39.58852],[-1.96076,39.5966],[-1.88654,39.60629],[-1.89778,39.63376],[-1.93152,39.67899],[-1.93827,39.70161],[-1.95851,39.70969],[-1.96976,39.70969],[-1.96526,39.7],[-2.00574,39.66768]]]}},{"type":"Feature","id":"16089","properties":{"cod_mun":"16089","nombre":"Fuentes","cod_prov":"16","cod_ccaa":"08"},"geometry":{"type":"Polygon","coordinates":[[[-2.05072,39.99081],[-2.03498,39.98596],[-2.03948,39.96981],[-2.06422,39.95042],[-2.04623,39.92618],[-2.04623,39.88418],[-2.04173,39.8761],[-1.97425,39.87125],[-1.95626,39.8761],[-1.94052,39.91487],[-1.94502,39.93265],[-1.94277,39.95526],[-1.9765,39.97465],[-1.9945,39.98273],[-1.9945,40.0005],[-2.03273,39.99889],[-2.05072,39.99081]]]}},{"type":"Feature","id":"16091","properties":{"cod_mun":"16091","nombre":"Fuertescusa","cod_prov":"16","cod_ccaa":"08"},"geometry":{"type":"Polygon","coordinates":[[[-2.22166,40.4755],[-2.19242,40.43349],[-2.17667,40.42541],[-2.14069,40.43187],[-2.11595,40.42541],[-2.08671,40.45611],[-2.12944,40.49488],[-2.20816,40.49004],[-2.22166,40.4755]]]}},{"type":"Feature","id":"16095","properties":{"cod_mun":"16095","nombre":"Graja de Campalbo","cod_prov":"16","cod_ccaa":"08"},"geometry":{"type":"Polygon","coordinates":[[[-1.31526,39.88741],[-1.27703,39.88095],[-1.24104,39.87933],[-1.23429,39.90195],[-1.27253,39.91649],[-1.31526,39.90033],[-1.31526,39.88741]]]}},{"type":"Feature","id":"16093","properties":{"cod_mun":"16093","nombre":"Garaballa","cod_prov":"16","cod_ccaa":"08"},"geometry":{"type":"Polygon","coordinates":[[[-1.42997,39.77431],[-1.42322,39.76785],[-1.41872,39.75977],[-1.38273,39.74685],[-1.35799,39.77431],[-1.31526,39.79855],[-1.34,39.84863],[-1.3535,39.8551],[-1.41422,39.84863],[-1.40972,39.80016],[-1.42997,39.77431]]]}},{"type":"Feature","id":"16094","properties":{"cod_mun":"16094","nombre":"Gascueña","cod_prov":"16","cod_ccaa":"08"},"geometry":{"type":"Polygon","coordinates":[[[-2.59051,40.25416],[-2.58377,40.24931],[-2.54103,40.27354],[-2.4983,40.26547],[-2.48256,40.28324],[-2.5028,40.31878],[-2.50055,40.33332],[-2.50055,40.33494],[-2.51854,40.34625],[-2.51629,40.3414],[-2.56802,40.3204],[-2.58377,40.30101],[-2.56802,40.29132],[-2.59051,40.25416]]]}},{"type":"Feature","id":"16097","properties":{"cod_mun":"16097","nombre":"Henarejos","cod_prov":"16","cod_ccaa":"08"},"geometry":{"type":"Polygon","coordinates":[[[-1.56941,39.78724],[-1.54467,39.77431],[-1.52218,39.7727],[-1.49519,39.78239],[-1.4817,39.77431],[-1.42997,39.77431],[-1.40972,39.80016],[-1.41422,39.84863],[-1.41422,39.87125],[-1.42772,39.89226],[-1.49969,39.89387],[-1.51093,39.90195],[-1.53792,39.88741],[-1.53118,39.86641],[-1.55367,39.8034],[-1.56491,39.7937],[-1.56941,39.78724]]]}},{"type":"Feature","id":"16098","properties":{"cod_mun":"16098","nombre":"Herrumblar, El","cod_prov":"16","cod_ccaa":"08"},"geometry":{"type":"Polygon","coordinates":[[[-1.61215,39.36879],[-1.56042,39.39949],[-1.54692,39.4108],[-1.55592,39.42372],[-1.57841,39.41403],[-1.58516,39.43503],[-1.61664,39.42857],[-1.63239,39.40918],[-1.65263,39.41888],[-1.67287,39.41888],[-1.67287,39.40757],[-1.64588,39.37041],[-1.61215,39.36879]]]}},{"type":"Feature","id":"16099","properties":{"cod_mun":"16099","nombre":"Hinojosa, La","cod_prov":"16","cod_ccaa":"08"},"geometry":{"type":"Polygon","coordinates":[[[-2.47356,39.69838],[-2.46006,39.69515],[-2.44207,39.69192],[-2.40608,39.70807],[-2.36785,39.73392],[-2.39034,39.75654],[-2.43532,39.75331],[-2.46006,39.74685],[-2.47356,39.69838]]]}},{"type":"Feature","id":"16100","properties":{"cod_mun":"16100","nombre":"Hinojosos, Los","cod_prov":"16","cod_ccaa":"08"},"geometry":{"type":"Polygon","coordinates":[[[-2.92563,39.60144],[-2.92113,39.58206],[-2.92563,39.55621],[-2.90989,39.55944],[-2.85141,39.55136],[-2.83792,39.54166],[-2.81093,39.5352],[-2.79743,39.5449],[-2.80643,39.56267],[-2.77944,39.59821],[-2.78169,39.60629],[-2.79743,39.6176],[-2.81767,39.65314],[-2.84691,39.64991],[-2.84916,39.65961],[-2.8784,39.64183],[-2.90764,39.64183],[-2.91664,39.62568],[-2.92563,39.60144]]]}},{"type":"Feature","id":"16102","properties":{"cod_mun":"16102","nombre":"Honrubia","cod_prov":"16","cod_ccaa":"08"},"geometry":{"type":"Polygon","coordinates":[[[-2.37685,39.59013],[-2.34761,39.56913],[-2.30937,39.57236],[-2.30263,39.55944],[-2.28688,39.55944],[-2.23965,39.57882],[-2.20816,39.57236],[-2.17892,39.5869],[-2.17218,39.60306],[-2.20591,39.60952],[-2.19692,39.62245],[-2.21491,39.63699],[-2.21041,39.6483],[-2.23065,39.66284],[-2.24865,39.66445],[-2.25989,39.64183],[-2.26889,39.65153],[-2.30487,39.63699],[-2.31837,39.62729],[-2.34086,39.60467],[-2.37685,39.59013]]]}},{"type":"Feature","id":"16128","properties":{"cod_mun":"16128","nombre":"Monreal del Llano","cod_prov":"16","cod_ccaa":"08"},"geometry":{"type":"Polygon","coordinates":[[[-2.79743,39.5449],[-2.79068,39.51097],[-2.7547,39.51581],[-2.75695,39.54974],[-2.74345,39.55297],[-2.74345,39.58852],[-2.75245,39.60791],[-2.78169,39.60629],[-2.77944,39.59821],[-2.80643,39.56267],[-2.79743,39.5449]]]}},{"type":"Feature","id":"16103","properties":{"cod_mun":"16103","nombre":"Hontanaya","cod_prov":"16","cod_ccaa":"08"},"geometry":{"type":"Polygon","coordinates":[[[-2.84916,39.65961],[-2.84691,39.64991],[-2.81767,39.65314],[-2.80643,39.67091],[-2.79743,39.68707],[-2.79743,39.71777],[-2.78619,39.742],[-2.78844,39.75331],[-2.79743,39.75977],[-2.83792,39.75977],[-2.84691,39.73231],[-2.86041,39.71292],[-2.84916,39.65961]]]}},{"type":"Feature","id":"16104","properties":{"cod_mun":"16104","nombre":"Hontecillas","cod_prov":"16","cod_ccaa":"08"},"geometry":{"type":"Polygon","coordinates":[[[-2.23065,39.66284],[-2.21041,39.6483],[-2.19242,39.67091],[-2.1227,39.70484],[-2.13619,39.71131],[-2.16993,39.72585],[-2.2329,39.68546],[-2.23065,39.66284]]]}},{"type":"Feature","id":"16129","properties":{"cod_mun":"16129","nombre":"Montalbanejo","cod_prov":"16","cod_ccaa":"08"},"geometry":{"type":"Polygon","coordinates":[[[-2.56352,39.75331],[-2.54103,39.71938],[-2.53653,39.70484],[-2.47806,39.69515],[-2.47356,39.69838],[-2.46006,39.74685],[-2.48256,39.77431],[-2.52079,39.79209],[-2.55228,39.75331],[-2.56352,39.75331]]]}},{"type":"Feature","id":"16106","properties":{"cod_mun":"16106","nombre":"Horcajo de Santiago","cod_prov":"16","cod_ccaa":"08"},"geometry":{"type":"Polygon","coordinates":[[[-3.12805,39.87448],[-3.09657,39.86964],[-3.06058,39.83732],[-3.05158,39.81309],[-3.0201,39.77108],[-3.0111,39.77916],[-2.98186,39.81471],[-2.96162,39.83086],[-2.97511,39.85186],[-3.0021,39.89064],[-3.02234,39.89226],[-3.06283,39.8971],[-3.09432,39.89387],[-3.10781,39.91326],[-3.10781,39.90356],[-3.12805,39.87448]]]}},{"type":"Feature","id":"16107","properties":{"cod_mun":"16107","nombre":"Huélamo","cod_prov":"16","cod_ccaa":"08"},"geometry":{"type":"Polygon","coordinates":[[[-1.79432,40.22831],[-1.77858,40.26062],[-1.74709,40.27839],[-1.76509,40.29455],[-1.77408,40.32847],[-1.81682,40.32201],[-1.8618,40.29939],[-1.87304,40.28001],[-1.86405,40.24285],[-1.8438,40.22669],[-1.81906,40.23477],[-1.79432,40.22831]]]}},{"type":"Feature","id":"19263","properties":{"cod_mun":"19263","nombre":"Taragudo","cod_prov":"19","cod_ccaa":"08"},"geometry":{"type":"MultiPolygon","coordinates":[[[[-3.08532,40.8374],[-3.10106,40.82609],[-3.10106,40.81155],[-3.07632,40.80832],[-3.06958,40.82609],[-3.08532,40.8374]]],[[[-3.07857,40.84871],[-3.07857,40.84386],[-3.06958,40.85194],[-3.07857,40.84871]]]]}},{"type":"Feature","id":"16108","properties":{"cod_mun":"16108","nombre":"Huelves","cod_prov":"16","cod_ccaa":"08"},"geometry":{"type":"Polygon","coordinates":[[[-2.95487,40.05705],[-2.95037,40.04089],[-2.92113,40.01343],[-2.86491,40.02151],[-2.8694,40.03766],[-2.87165,40.0829],[-2.89864,40.08128],[-2.91439,40.0619],[-2.94587,40.06513],[-2.95487,40.05705]]]}},{"type":"Feature","id":"16109","properties":{"cod_mun":"16109","nombre":"Huérguina","cod_prov":"16","cod_ccaa":"08"},"geometry":{"type":"Polygon","coordinates":[[[-1.62339,40.01181],[-1.6054,40.00212],[-1.58516,40.00858],[-1.56941,40.03282],[-1.56941,40.04897],[-1.5919,40.0829],[-1.6099,40.06351],[-1.63014,40.01989],[-1.62339,40.01181]]]}},{"type":"Feature","id":"16110","properties":{"cod_mun":"16110","nombre":"Huerta de la Obispalía","cod_prov":"16","cod_ccaa":"08"},"geometry":{"type":"Polygon","coordinates":[[[-2.50055,39.93588],[-2.46681,39.94072],[-2.45781,39.97465],[-2.43307,39.98596],[-2.42633,39.99889],[-2.44207,40.01181],[-2.48256,40.00373],[-2.51629,40.00535],[-2.5073,39.98435],[-2.52529,39.94396],[-2.50055,39.93588]]]}},{"type":"Feature","id":"16111","properties":{"cod_mun":"16111","nombre":"Huerta del Marquesado","cod_prov":"16","cod_ccaa":"08"},"geometry":{"type":"Polygon","coordinates":[[[-1.76509,40.17176],[-1.75834,40.16045],[-1.71336,40.12329],[-1.66163,40.11521],[-1.65488,40.12167],[-1.67287,40.14914],[-1.71336,40.19115],[-1.73135,40.17014],[-1.76509,40.17176]]]}},{"type":"Feature","id":"16112","properties":{"cod_mun":"16112","nombre":"Huete","cod_prov":"16","cod_ccaa":"08"},"geometry":{"type":"MultiPolygon","coordinates":[[[[-2.70297,39.93426],[-2.75695,39.91811],[-2.73446,39.88902],[-2.73895,39.88095],[-2.72546,39.88418],[-2.68048,39.91003],[-2.70297,39.93426]]],[[[-2.70747,40.28647],[-2.70522,40.26223],[-2.72096,40.22992],[-2.72546,40.19761],[-2.7412,40.1653],[-2.76819,40.14429],[-2.75695,40.11037],[-2.7412,40.1136],[-2.68947,40.08936],[-2.67823,40.07321],[-2.65799,40.06997],[-2.64224,40.07805],[-2.63774,40.09582],[-2.60851,40.09744],[-2.58152,40.09259],[-2.56127,40.10875],[-2.51854,40.11037],[-2.50505,40.13622],[-2.46006,40.12975],[-2.46006,40.16853],[-2.4893,40.18145],[-2.50954,40.17822],[-2.54328,40.21053],[-2.56577,40.21377],[-2.57927,40.20569],[-2.59276,40.22669],[-2.58377,40.24931],[-2.59051,40.25416],[-2.61525,40.2687],[-2.65124,40.27839],[-2.66248,40.29455],[-2.68048,40.30424],[-2.70747,40.28647]]]]}},{"type":"Feature","id":"16113","properties":{"cod_mun":"16113","nombre":"Iniesta","cod_prov":"16","cod_ccaa":"08"},"geometry":{"type":"Polygon","coordinates":[[[-1.7336,39.57398],[-1.81007,39.54813],[-1.85055,39.56751],[-1.83931,39.53197],[-1.83031,39.51258],[-1.83481,39.46573],[-1.83481,39.4318],[-1.79432,39.37041],[-1.76958,39.35748],[-1.75609,39.39464],[-1.69761,39.41565],[-1.68412,39.4108],[-1.64813,39.35264],[-1.61215,39.36879],[-1.64588,39.37041],[-1.67287,39.40757],[-1.67287,39.41888],[-1.65263,39.41888],[-1.63239,39.40918],[-1.61664,39.42857],[-1.58516,39.43503],[-1.57841,39.41403],[-1.55592,39.42372],[-1.54692,39.4108],[-1.56042,39.39949],[-1.50419,39.41726],[-1.52893,39.4528],[-1.56716,39.44634],[-1.57841,39.43988],[-1.66387,39.42534],[-1.69086,39.42695],[-1.69536,39.43665],[-1.67962,39.46735],[-1.68187,39.4932],[-1.71336,39.50289],[-1.70886,39.5142],[-1.76733,39.50774],[-1.78983,39.52228],[-1.79207,39.54328],[-1.76733,39.55297],[-1.7201,39.54974],[-1.7156,39.54328],[-1.71111,39.54328],[-1.7336,39.57398]]]}},{"type":"Feature","id":"16160","properties":{"cod_mun":"16160","nombre":"Pineda de Gigüela","cod_prov":"16","cod_ccaa":"08"},"geometry":{"type":"Polygon","coordinates":[[[-2.58152,40.09259],[-2.57477,40.07159],[-2.52304,40.06836],[-2.4893,40.08775],[-2.51854,40.11037],[-2.56127,40.10875],[-2.58152,40.09259]]]}},{"type":"Feature","id":"16115","properties":{"cod_mun":"16115","nombre":"Laguna del Marquesado","cod_prov":"16","cod_ccaa":"08"},"geometry":{"type":"Polygon","coordinates":[[[-1.71336,40.19115],[-1.67287,40.14914],[-1.62339,40.17661],[-1.65488,40.20892],[-1.69311,40.23962],[-1.70886,40.22831],[-1.69986,40.21377],[-1.71336,40.19115]]]}},{"type":"Feature","id":"16116","properties":{"cod_mun":"16116","nombre":"Lagunaseca","cod_prov":"16","cod_ccaa":"08"},"geometry":{"type":"Polygon","coordinates":[[[-2.05297,40.52558],[-2.03948,40.50943],[-2.01024,40.50135],[-1.98325,40.47711],[-1.972,40.49004],[-1.94951,40.49004],[-1.95851,40.5175],[-1.981,40.53851],[-2.01474,40.54012],[-2.04398,40.53043],[-2.05297,40.52558]]]}},{"type":"Feature","id":"16117","properties":{"cod_mun":"16117","nombre":"Landete","cod_prov":"16","cod_ccaa":"08"},"geometry":{"type":"Polygon","coordinates":[[[-1.42772,39.89226],[-1.41422,39.87125],[-1.41422,39.84863],[-1.3535,39.8551],[-1.34,39.84863],[-1.31526,39.88741],[-1.31526,39.90033],[-1.27253,39.91649],[-1.27928,39.94072],[-1.29727,39.95526],[-1.32876,39.92941],[-1.36699,39.92134],[-1.41647,39.92295],[-1.40972,39.9068],[-1.42772,39.89226]]]}},{"type":"Feature","id":"16118","properties":{"cod_mun":"16118","nombre":"Ledaña","cod_prov":"16","cod_ccaa":"08"},"geometry":{"type":"Polygon","coordinates":[[[-1.76958,39.35748],[-1.74484,39.34294],[-1.74034,39.32194],[-1.7156,39.32517],[-1.67512,39.34617],[-1.64813,39.35264],[-1.68412,39.4108],[-1.69761,39.41565],[-1.75609,39.39464],[-1.76958,39.35748]]]}},{"type":"Feature","id":"16132","properties":{"cod_mun":"16132","nombre":"Mota de Altarejos","cod_prov":"16","cod_ccaa":"08"},"geometry":{"type":"Polygon","coordinates":[[[-2.33636,39.86479],[-2.32737,39.85671],[-2.28463,39.8551],[-2.26664,39.86641],[-2.27339,39.87771],[-2.31612,39.89872],[-2.33636,39.86479]]]}},{"type":"Feature","id":"16133","properties":{"cod_mun":"16133","nombre":"Mota del Cuervo","cod_prov":"16","cod_ccaa":"08"},"geometry":{"type":"Polygon","coordinates":[[[-2.93238,39.47219],[-2.90314,39.42534],[-2.8694,39.39141],[-2.89639,39.36556],[-2.8829,39.3494],[-2.86491,39.35587],[-2.84691,39.34779],[-2.81318,39.37525],[-2.79293,39.39787],[-2.79293,39.4108],[-2.81767,39.43503],[-2.83567,39.47219],[-2.84241,39.49804],[-2.82892,39.52066],[-2.83792,39.54166],[-2.85141,39.55136],[-2.90989,39.55944],[-2.92563,39.55621],[-2.93463,39.48189],[-2.93238,39.47219]]]}},{"type":"Feature","id":"16119","properties":{"cod_mun":"16119","nombre":"Leganiel","cod_prov":"16","cod_ccaa":"08"},"geometry":{"type":"Polygon","coordinates":[[[-3.0201,40.19276],[-3.01335,40.17337],[-3.0156,40.15237],[-3.0066,40.13298],[-2.98636,40.12975],[-2.96387,40.13945],[-2.93913,40.13783],[-2.91439,40.14591],[-2.91888,40.15883],[-2.94587,40.17014],[-2.9976,40.20892],[-3.0201,40.19276]]]}},{"type":"Feature","id":"16121","properties":{"cod_mun":"16121","nombre":"Majadas, Las","cod_prov":"16","cod_ccaa":"08"},"geometry":{"type":"Polygon","coordinates":[[[-2.05522,40.24608],[-2.01699,40.259],[-2.00799,40.25577],[-2.00124,40.27031],[-1.981,40.23154],[-1.94951,40.25092],[-1.96301,40.2687],[-1.95626,40.28485],[-1.9765,40.32363],[-1.96301,40.32201],[-1.95176,40.33978],[-1.96526,40.35432],[-1.97425,40.34463],[-1.99899,40.34786],[-2.00574,40.36725],[-2.02823,40.37371],[-2.04398,40.36563],[-2.04847,40.35109],[-2.04173,40.31232],[-2.03498,40.28647],[-2.05297,40.27677],[-2.05522,40.24608]]]}},{"type":"Feature","id":"16122","properties":{"cod_mun":"16122","nombre":"Mariana","cod_prov":"16","cod_ccaa":"08"},"geometry":{"type":"Polygon","coordinates":[[[-2.18342,40.17661],[-2.17892,40.1556],[-2.11595,40.14429],[-2.08446,40.16045],[-2.07546,40.20084],[-2.1137,40.20569],[-2.1182,40.19438],[-2.18342,40.17661]]]}},{"type":"Feature","id":"16123","properties":{"cod_mun":"16123","nombre":"Masegosa","cod_prov":"16","cod_ccaa":"08"},"geometry":{"type":"Polygon","coordinates":[[[-2.04847,40.55951],[-2.04398,40.53043],[-2.01474,40.54012],[-1.981,40.53851],[-1.95851,40.5175],[-1.90678,40.51912],[-1.94951,40.54335],[-1.94502,40.5482],[-1.95176,40.55789],[-1.99899,40.55628],[-2.02823,40.56597],[-2.04847,40.55951]]]}},{"type":"Feature","id":"16124","properties":{"cod_mun":"16124","nombre":"Mesas, Las","cod_prov":"16","cod_ccaa":"08"},"geometry":{"type":"Polygon","coordinates":[[[-2.79293,39.4108],[-2.79293,39.39787],[-2.77719,39.39464],[-2.77269,39.37041],[-2.74345,39.31871],[-2.66248,39.32194],[-2.70522,39.4011],[-2.73895,39.43826],[-2.78394,39.43826],[-2.79293,39.4108]]]}},{"type":"Feature","id":"16125","properties":{"cod_mun":"16125","nombre":"Minglanilla","cod_prov":"16","cod_ccaa":"08"},"geometry":{"type":"Polygon","coordinates":[[[-1.64138,39.49481],[-1.59865,39.47865],[-1.58291,39.45119],[-1.56716,39.44634],[-1.52893,39.4528],[-1.51318,39.45765],[-1.51318,39.4835],[-1.49969,39.50289],[-1.50194,39.5142],[-1.50419,39.54813],[-1.52218,39.54813],[-1.54242,39.5449],[-1.5919,39.54813],[-1.6099,39.56751],[-1.62564,39.56913],[-1.63913,39.53197],[-1.64138,39.49481]]]}},{"type":"Feature","id":"16130","properties":{"cod_mun":"16130","nombre":"Montalbo","cod_prov":"16","cod_ccaa":"08"},"geometry":{"type":"Polygon","coordinates":[[[-2.72546,39.88418],[-2.70297,39.87771],[-2.68273,39.85348],[-2.69847,39.8244],[-2.69397,39.81309],[-2.64449,39.81471],[-2.61525,39.83571],[-2.60626,39.86156],[-2.6175,39.89226],[-2.6175,39.91164],[-2.68048,39.91003],[-2.72546,39.88418]]]}},{"type":"Feature","id":"16131","properties":{"cod_mun":"16131","nombre":"Monteagudo de las Salinas","cod_prov":"16","cod_ccaa":"08"},"geometry":{"type":"Polygon","coordinates":[[[-2.04173,39.8761],[-2.04847,39.86479],[-1.99674,39.85186],[-2.00574,39.82601],[-2.00349,39.80824],[-1.98775,39.78562],[-1.96751,39.78401],[-1.96076,39.80016],[-1.92702,39.77755],[-1.91803,39.76462],[-1.88879,39.75493],[-1.8483,39.74846],[-1.80782,39.77916],[-1.79432,39.77755],[-1.78533,39.78724],[-1.80332,39.78724],[-1.81682,39.80016],[-1.81007,39.80986],[-1.8438,39.8034],[-1.86854,39.80501],[-1.88429,39.83732],[-1.94052,39.84702],[-1.95626,39.8761],[-1.97425,39.87125],[-2.04173,39.8761]]]}},{"type":"Feature","id":"16126","properties":{"cod_mun":"16126","nombre":"Mira","cod_prov":"16","cod_ccaa":"08"},"geometry":{"type":"Polygon","coordinates":[[[-1.55817,39.63537],[-1.55367,39.61437],[-1.52218,39.59983],[-1.52668,39.59175],[-1.50419,39.56428],[-1.47045,39.57236],[-1.45246,39.59175],[-1.43671,39.62891],[-1.41872,39.65476],[-1.36924,39.6903],[-1.38273,39.71777],[-1.38273,39.74685],[-1.41872,39.75977],[-1.42322,39.76785],[-1.4592,39.75654],[-1.50419,39.72261],[-1.53567,39.70323],[-1.56266,39.67253],[-1.55817,39.63537]]]}},{"type":"Feature","id":"16134","properties":{"cod_mun":"16134","nombre":"Motilla del Palancar","cod_prov":"16","cod_ccaa":"08"},"geometry":{"type":"Polygon","coordinates":[[[-1.96526,39.58852],[-1.96976,39.5449],[-1.95626,39.52712],[-1.83931,39.53197],[-1.85055,39.56751],[-1.88654,39.60629],[-1.96076,39.5966],[-1.96526,39.58852]]]}},{"type":"Feature","id":"16135","properties":{"cod_mun":"16135","nombre":"Moya","cod_prov":"16","cod_ccaa":"08"},"geometry":{"type":"Polygon","coordinates":[[[-1.42997,39.96011],[-1.41647,39.92295],[-1.36699,39.92134],[-1.32876,39.92941],[-1.29727,39.95526],[-1.27478,40.00373],[-1.30851,40.0102],[-1.3355,40.01666],[-1.35799,40.01181],[-1.38498,39.99081],[-1.42997,39.96011]]]}},{"type":"Feature","id":"16140","properties":{"cod_mun":"16140","nombre":"Olmeda de la Cuesta","cod_prov":"16","cod_ccaa":"08"},"geometry":{"type":"Polygon","coordinates":[[[-2.50055,40.33332],[-2.5028,40.31878],[-2.48256,40.28324],[-2.44432,40.28647],[-2.44207,40.30909],[-2.44207,40.32847],[-2.50055,40.33332]]]}},{"type":"Feature","id":"16161","properties":{"cod_mun":"16161","nombre":"Piqueras del Castillo","cod_prov":"16","cod_ccaa":"08"},"geometry":{"type":"Polygon","coordinates":[[[-2.13619,39.71131],[-2.1227,39.70484],[-2.10695,39.68869],[-2.05072,39.69515],[-2.02823,39.72746],[-2.06647,39.74846],[-2.09571,39.75493],[-2.12719,39.73716],[-2.13619,39.71131]]]}},{"type":"Feature","id":"16137","properties":{"cod_mun":"16137","nombre":"Narboneta","cod_prov":"16","cod_ccaa":"08"},"geometry":{"type":"Polygon","coordinates":[[[-1.54467,39.77431],[-1.52893,39.74685],[-1.53118,39.73069],[-1.50419,39.72261],[-1.4592,39.75654],[-1.42322,39.76785],[-1.42997,39.77431],[-1.4817,39.77431],[-1.49519,39.78239],[-1.52218,39.7727],[-1.54467,39.77431]]]}},{"type":"Feature","id":"16139","properties":{"cod_mun":"16139","nombre":"Olivares de Júcar","cod_prov":"16","cod_ccaa":"08"},"geometry":{"type":"Polygon","coordinates":[[[-2.39034,39.75654],[-2.36785,39.73392],[-2.33636,39.71938],[-2.32062,39.721],[-2.30712,39.72908],[-2.2509,39.74846],[-2.29813,39.76462],[-2.32737,39.78401],[-2.38134,39.77916],[-2.39034,39.75654]]]}},{"type":"Feature","id":"16162","properties":{"cod_mun":"16162","nombre":"Portalrubio de Guadamejud","cod_prov":"16","cod_ccaa":"08"},"geometry":{"type":"Polygon","coordinates":[[[-2.66248,40.29455],[-2.65124,40.27839],[-2.61525,40.2687],[-2.59051,40.25416],[-2.56802,40.29132],[-2.58377,40.30101],[-2.6355,40.29293],[-2.66248,40.29455]]]}},{"type":"Feature","id":"16141","properties":{"cod_mun":"16141","nombre":"Olmeda del Rey","cod_prov":"16","cod_ccaa":"08"},"geometry":{"type":"MultiPolygon","coordinates":[[[[-2.09121,39.84863],[-2.09796,39.84056],[-2.1092,39.77916],[-2.1002,39.76462],[-2.05297,39.78724],[-2.03048,39.78562],[-2.00349,39.80824],[-2.00574,39.82601],[-2.04173,39.85671],[-2.07321,39.84702],[-2.09121,39.84863]]],[[[-2.09796,39.88741],[-2.10695,39.86317],[-2.10695,39.86156],[-2.07771,39.84863],[-2.05972,39.85348],[-2.05072,39.87287],[-2.06197,39.87771],[-2.09796,39.88741]]]]}},{"type":"Feature","id":"16146","properties":{"cod_mun":"16146","nombre":"Pajarón","cod_prov":"16","cod_ccaa":"08"},"geometry":{"type":"Polygon","coordinates":[[[-1.85955,39.97465],[-1.82806,39.97142],[-1.83031,39.96173],[-1.79657,39.92941],[-1.76958,39.92941],[-1.75384,39.93749],[-1.74259,39.98596],[-1.76733,39.99404],[-1.80332,39.99727],[-1.82356,40.01181],[-1.8438,39.99727],[-1.85955,39.97465]]]}},{"type":"Feature","id":"16142","properties":{"cod_mun":"16142","nombre":"Olmedilla de Alarcón","cod_prov":"16","cod_ccaa":"08"},"geometry":{"type":"Polygon","coordinates":[[[-2.17218,39.60306],[-2.12494,39.5869],[-2.07097,39.60144],[-2.06872,39.60791],[-2.06647,39.64022],[-2.07996,39.64183],[-2.10245,39.66445],[-2.11145,39.64022],[-2.13169,39.62406],[-2.16993,39.60952],[-2.17218,39.60306]]]}},{"type":"Feature","id":"16143","properties":{"cod_mun":"16143","nombre":"Olmedilla de Eliz","cod_prov":"16","cod_ccaa":"08"},"geometry":{"type":"Polygon","coordinates":[[[-2.44432,40.28647],[-2.40608,40.27677],[-2.40608,40.30262],[-2.39034,40.31878],[-2.44207,40.30909],[-2.44432,40.28647]]]}},{"type":"Feature","id":"16145","properties":{"cod_mun":"16145","nombre":"Osa de la Vega","cod_prov":"16","cod_ccaa":"08"},"geometry":{"type":"Polygon","coordinates":[[[-2.81767,39.65314],[-2.79743,39.6176],[-2.78169,39.60629],[-2.75245,39.60791],[-2.71871,39.61921],[-2.70072,39.66284],[-2.73446,39.67091],[-2.80643,39.67091],[-2.81767,39.65314]]]}},{"type":"Feature","id":"16148","properties":{"cod_mun":"16148","nombre":"Palomares del Campo","cod_prov":"16","cod_ccaa":"08"},"geometry":{"type":"Polygon","coordinates":[[[-2.70297,39.93426],[-2.68048,39.91003],[-2.6175,39.91164],[-2.54553,39.93426],[-2.57027,39.97304],[-2.60626,39.96981],[-2.64899,39.9488],[-2.67148,39.96173],[-2.69847,39.94719],[-2.70297,39.93426]]]}},{"type":"Feature","id":"16149","properties":{"cod_mun":"16149","nombre":"Palomera","cod_prov":"16","cod_ccaa":"08"},"geometry":{"type":"Polygon","coordinates":[[[-2.04398,40.10229],[-2.09121,40.06513],[-2.05297,40.05059],[-2.04173,40.03605],[-2.03498,40.04897],[-1.99899,40.04251],[-1.95626,40.06351],[-1.97875,40.0829],[-1.9765,40.09098],[-1.9855,40.09744],[-2.04398,40.10229]]]}},{"type":"Feature","id":"16163","properties":{"cod_mun":"16163","nombre":"Portilla","cod_prov":"16","cod_ccaa":"08"},"geometry":{"type":"Polygon","coordinates":[[[-2.1137,40.30586],[-2.10245,40.27354],[-2.06872,40.27031],[-2.05297,40.27677],[-2.03498,40.28647],[-2.04173,40.31232],[-2.06872,40.33009],[-2.09121,40.33332],[-2.09346,40.31717],[-2.1137,40.30586]]]}},{"type":"Feature","id":"16150","properties":{"cod_mun":"16150","nombre":"Paracuellos","cod_prov":"16","cod_ccaa":"08"},"geometry":{"type":"Polygon","coordinates":[[[-1.8483,39.74846],[-1.8528,39.721],[-1.83031,39.70646],[-1.82131,39.6903],[-1.79207,39.66768],[-1.74034,39.65799],[-1.7291,39.66284],[-1.69311,39.68222],[-1.69311,39.70484],[-1.66612,39.71454],[-1.67062,39.73392],[-1.74709,39.73877],[-1.76284,39.74846],[-1.76509,39.76139],[-1.79432,39.77755],[-1.80782,39.77916],[-1.8483,39.74846]]]}},{"type":"Feature","id":"16151","properties":{"cod_mun":"16151","nombre":"Paredes","cod_prov":"16","cod_ccaa":"08"},"geometry":{"type":"Polygon","coordinates":[[[-2.87165,40.0829],[-2.8694,40.03766],[-2.84691,40.03928],[-2.83792,40.0619],[-2.83792,40.08775],[-2.83792,40.11683],[-2.85591,40.11683],[-2.87165,40.0829]]]}},{"type":"Feature","id":"16152","properties":{"cod_mun":"16152","nombre":"Parra de las Vegas, La","cod_prov":"16","cod_ccaa":"08"},"geometry":{"type":"Polygon","coordinates":[[[-2.28913,39.84863],[-2.28238,39.84379],[-2.23515,39.84379],[-2.20141,39.82763],[-2.18117,39.83894],[-2.14519,39.87771],[-2.19467,39.89872],[-2.21716,39.89549],[-2.26214,39.90033],[-2.27339,39.87771],[-2.26664,39.86641],[-2.28463,39.8551],[-2.28913,39.84863]]]}},{"type":"Feature","id":"16153","properties":{"cod_mun":"16153","nombre":"Pedernoso, El","cod_prov":"16","cod_ccaa":"08"},"geometry":{"type":"Polygon","coordinates":[[[-2.79068,39.51097],[-2.79968,39.48189],[-2.78394,39.46573],[-2.78394,39.43826],[-2.73895,39.43826],[-2.69847,39.48996],[-2.69847,39.50935],[-2.7547,39.51581],[-2.79068,39.51097]]]}},{"type":"Feature","id":"16154","properties":{"cod_mun":"16154","nombre":"Pedroñeras, Las","cod_prov":"16","cod_ccaa":"08"},"geometry":{"type":"Polygon","coordinates":[[[-2.73895,39.43826],[-2.70522,39.4011],[-2.66248,39.32194],[-2.6355,39.3284],[-2.61975,39.33971],[-2.63999,39.38495],[-2.6355,39.40434],[-2.59951,39.43019],[-2.60401,39.44311],[-2.57027,39.45119],[-2.56352,39.46088],[-2.54553,39.51097],[-2.52979,39.52712],[-2.52754,39.55136],[-2.56577,39.54813],[-2.59276,39.54813],[-2.631,39.55782],[-2.65574,39.51743],[-2.69847,39.50935],[-2.69847,39.48996],[-2.73895,39.43826]]]}},{"type":"Feature","id":"16157","properties":{"cod_mun":"16157","nombre":"Pesquera, La","cod_prov":"16","cod_ccaa":"08"},"geometry":{"type":"Polygon","coordinates":[[[-1.65038,39.58529],[-1.62564,39.56913],[-1.6099,39.56751],[-1.5919,39.54813],[-1.54242,39.5449],[-1.52218,39.54813],[-1.50419,39.55136],[-1.50419,39.56428],[-1.52668,39.59175],[-1.52218,39.59983],[-1.55367,39.61437],[-1.55817,39.63537],[-1.65038,39.58529]]]}},{"type":"Feature","id":"16165","properties":{"cod_mun":"16165","nombre":"Poyatos","cod_prov":"16","cod_ccaa":"08"},"geometry":{"type":"Polygon","coordinates":[[[-2.03048,40.45288],[-2.06197,40.46419],[-2.07996,40.46257],[-2.09571,40.43026],[-2.06197,40.3931],[-2.01024,40.39472],[-1.99674,40.41733],[-2.03048,40.45288]]]}},{"type":"Feature","id":"16158","properties":{"cod_mun":"16158","nombre":"Picazo, El","cod_prov":"16","cod_ccaa":"08"},"geometry":{"type":"Polygon","coordinates":[[[-2.14969,39.45119],[-2.13394,39.44796],[-2.1182,39.42372],[-2.1182,39.4108],[-2.09346,39.40434],[-2.09571,39.40757],[-2.09346,39.41403],[-2.08446,39.44957],[-2.05972,39.4625],[-2.07546,39.47704],[-2.06647,39.4835],[-2.14969,39.45119]]]}},{"type":"Feature","id":"16159","properties":{"cod_mun":"16159","nombre":"Pinarejo","cod_prov":"16","cod_ccaa":"08"},"geometry":{"type":"Polygon","coordinates":[[[-2.49155,39.62568],[-2.50055,39.62083],[-2.4893,39.59821],[-2.46456,39.5869],[-2.43757,39.5869],[-2.42408,39.5966],[-2.37685,39.59013],[-2.34086,39.60467],[-2.31837,39.62729],[-2.33861,39.6386],[-2.38584,39.62245],[-2.42408,39.64022],[-2.45332,39.64345],[-2.49155,39.62568]]]}},{"type":"Feature","id":"16166","properties":{"cod_mun":"16166","nombre":"Pozoamargo","cod_prov":"16","cod_ccaa":"08"},"geometry":{"type":"Polygon","coordinates":[[[-2.25314,39.34617],[-2.21041,39.32679],[-2.18342,39.27832],[-2.17892,39.27832],[-2.15193,39.2767],[-2.14969,39.29932],[-2.13844,39.32194],[-2.15418,39.33163],[-2.16993,39.33002],[-2.17667,39.35587],[-2.19467,39.37525],[-2.2284,39.38333],[-2.25989,39.35102],[-2.25314,39.34617]]]}},{"type":"Feature","id":"16170","properties":{"cod_mun":"16170","nombre":"Priego","cod_prov":"16","cod_ccaa":"08"},"geometry":{"type":"Polygon","coordinates":[[[-2.38134,40.41249],[-2.3656,40.40279],[-2.33186,40.41733],[-2.27789,40.42541],[-2.26214,40.44157],[-2.26664,40.46096],[-2.25314,40.48681],[-2.26439,40.51104],[-2.32287,40.49812],[-2.34761,40.4965],[-2.34311,40.46903],[-2.37235,40.45288],[-2.38359,40.44318],[-2.38134,40.41249]]]}},{"type":"Feature","id":"16167","properties":{"cod_mun":"16167","nombre":"Pozorrubio de Santiago","cod_prov":"16","cod_ccaa":"08"},"geometry":{"type":"Polygon","coordinates":[[[-3.0111,39.77916],[-2.97511,39.7727],[-2.92788,39.80824],[-2.91214,39.78886],[-2.88515,39.79047],[-2.89639,39.83894],[-2.93913,39.83894],[-2.96162,39.83086],[-2.98186,39.81471],[-3.0111,39.77916]]]}},{"type":"Feature","id":"16169","properties":{"cod_mun":"16169","nombre":"Pozuelo, El","cod_prov":"16","cod_ccaa":"08"},"geometry":{"type":"Polygon","coordinates":[[[-2.29813,40.57243],[-2.27339,40.54174],[-2.24415,40.5692],[-2.22616,40.59828],[-2.2329,40.62413],[-2.27564,40.64514],[-2.29363,40.62413],[-2.28688,40.58859],[-2.29813,40.57243]]]}},{"type":"Feature","id":"16171","properties":{"cod_mun":"16171","nombre":"Provencio, El","cod_prov":"16","cod_ccaa":"08"},"geometry":{"type":"Polygon","coordinates":[[[-2.61975,39.33971],[-2.59951,39.33971],[-2.54778,39.32355],[-2.51179,39.34294],[-2.52304,39.40272],[-2.53204,39.42049],[-2.53204,39.44796],[-2.56127,39.45442],[-2.55678,39.42211],[-2.58601,39.42049],[-2.59951,39.43019],[-2.6355,39.40434],[-2.63999,39.38495],[-2.61975,39.33971]]]}},{"type":"Feature","id":"16172","properties":{"cod_mun":"16172","nombre":"Puebla de Almenara","cod_prov":"16","cod_ccaa":"08"},"geometry":{"type":"Polygon","coordinates":[[[-2.84241,39.79532],[-2.83792,39.75977],[-2.79743,39.75977],[-2.78844,39.75331],[-2.76145,39.78239],[-2.77719,39.80824],[-2.80643,39.81794],[-2.84017,39.81471],[-2.84241,39.79532]]]}},{"type":"Feature","id":"16173","properties":{"cod_mun":"16173","nombre":"Valle de Altomira, El","cod_prov":"16","cod_ccaa":"08"},"geometry":{"type":"Polygon","coordinates":[[[-2.82667,40.20246],[-2.82667,40.16368],[-2.79743,40.16207],[-2.76819,40.14429],[-2.7412,40.1653],[-2.72546,40.19761],[-2.72096,40.22992],[-2.70522,40.26223],[-2.70747,40.28647],[-2.72096,40.28647],[-2.71871,40.30262],[-2.73221,40.32363],[-2.80868,40.32686],[-2.80643,40.25254],[-2.82667,40.20246]]]}},{"type":"Feature","id":"16174","properties":{"cod_mun":"16174","nombre":"Puebla del Salvador","cod_prov":"16","cod_ccaa":"08"},"geometry":{"type":"Polygon","coordinates":[[[-1.7336,39.57398],[-1.71111,39.54328],[-1.66837,39.53359],[-1.63913,39.53197],[-1.62564,39.56913],[-1.65038,39.58529],[-1.68412,39.60467],[-1.69086,39.60629],[-1.7336,39.57398]]]}},{"type":"Feature","id":"16175","properties":{"cod_mun":"16175","nombre":"Quintanar del Rey","cod_prov":"16","cod_ccaa":"08"},"geometry":{"type":"Polygon","coordinates":[[[-2.00799,39.35425],[-1.98775,39.3284],[-2.00574,39.31709],[-1.99,39.29447],[-1.93602,39.30417],[-1.88654,39.30417],[-1.87304,39.35264],[-1.88654,39.36879],[-1.90453,39.36556],[-1.93827,39.37849],[-1.98775,39.37041],[-2.00799,39.35425]]]}},{"type":"Feature","id":"16176","properties":{"cod_mun":"16176","nombre":"Rada de Haro","cod_prov":"16","cod_ccaa":"08"},"geometry":{"type":"Polygon","coordinates":[[[-2.66248,39.57398],[-2.631,39.55782],[-2.59276,39.54813],[-2.56577,39.54813],[-2.56802,39.56267],[-2.59051,39.61114],[-2.62875,39.59983],[-2.66248,39.57398]]]}},{"type":"Feature","id":"16188","properties":{"cod_mun":"16188","nombre":"Salmeroncillos","cod_prov":"16","cod_ccaa":"08"},"geometry":{"type":"Polygon","coordinates":[[[-2.54553,40.51912],[-2.52979,40.49812],[-2.54553,40.47388],[-2.51629,40.45934],[-2.50954,40.47227],[-2.49605,40.50943],[-2.51404,40.51589],[-2.52754,40.54497],[-2.54553,40.51912]]]}},{"type":"Feature","id":"16177","properties":{"cod_mun":"16177","nombre":"Reíllo","cod_prov":"16","cod_ccaa":"08"},"geometry":{"type":"Polygon","coordinates":[[[-1.95626,39.8761],[-1.94052,39.84702],[-1.88429,39.83732],[-1.85505,39.86479],[-1.81906,39.8761],[-1.85505,39.8971],[-1.8573,39.93103],[-1.89329,39.9278],[-1.90903,39.93426],[-1.94502,39.93265],[-1.94052,39.91487],[-1.95626,39.8761]]]}},{"type":"Feature","id":"16181","properties":{"cod_mun":"16181","nombre":"Rozalén del Monte","cod_prov":"16","cod_ccaa":"08"},"geometry":{"type":"Polygon","coordinates":[[[-2.83117,40.0102],[-2.83342,39.99242],[-2.81093,39.95042],[-2.78169,39.95526],[-2.78169,39.97142],[-2.7637,39.98919],[-2.76594,40.0102],[-2.77944,40.01827],[-2.80193,40.01343],[-2.83117,40.0102]]]}},{"type":"Feature","id":"16185","properties":{"cod_mun":"16185","nombre":"Saceda-Trasierra","cod_prov":"16","cod_ccaa":"08"},"geometry":{"type":"Polygon","coordinates":[[[-2.8874,40.1653],[-2.8784,40.14591],[-2.85366,40.13298],[-2.83117,40.13137],[-2.82667,40.16368],[-2.82667,40.20246],[-2.86266,40.20084],[-2.8874,40.1653]]]}},{"type":"Feature","id":"16186","properties":{"cod_mun":"16186","nombre":"Saelices","cod_prov":"16","cod_ccaa":"08"},"geometry":{"type":"Polygon","coordinates":[[[-2.84916,39.92295],[-2.84241,39.90841],[-2.85816,39.87125],[-2.85141,39.84702],[-2.83567,39.84056],[-2.80418,39.86479],[-2.76594,39.86479],[-2.73895,39.88095],[-2.73446,39.88902],[-2.75695,39.91811],[-2.77269,39.92618],[-2.78169,39.95526],[-2.81093,39.95042],[-2.84466,39.93749],[-2.84916,39.92295]]]}},{"type":"Feature","id":"16187","properties":{"cod_mun":"16187","nombre":"Salinas del Manzano","cod_prov":"16","cod_ccaa":"08"},"geometry":{"type":"Polygon","coordinates":[[[-1.5919,40.0829],[-1.56941,40.04897],[-1.54917,40.0522],[-1.51768,40.07321],[-1.51768,40.08775],[-1.53567,40.09906],[-1.54917,40.12652],[-1.58965,40.09582],[-1.5919,40.0829]]]}},{"type":"Feature","id":"19059","properties":{"cod_mun":"19059","nombre":"Campillo de Dueñas","cod_prov":"19","cod_ccaa":"08"},"geometry":{"type":"Polygon","coordinates":[[[-1.7291,40.85032],[-1.71785,40.83093],[-1.69536,40.81639],[-1.67737,40.8374],[-1.62564,40.84386],[-1.59415,40.85355],[-1.62114,40.8794],[-1.65713,40.90041],[-1.70886,40.90041],[-1.7156,40.87133],[-1.7291,40.85032]]]}},{"type":"Feature","id":"19060","properties":{"cod_mun":"19060","nombre":"Campillo de Ranas","cod_prov":"19","cod_ccaa":"08"},"geometry":{"type":"Polygon","coordinates":[[[-3.40694,41.01512],[-3.39345,41.00058],[-3.34397,41.00219],[-3.31698,41.0135],[-3.29899,41.01027],[-3.29899,41.02643],[-3.26525,41.05389],[-3.2675,41.08136],[-3.254,41.10236],[-3.25625,41.10398],[-3.28999,41.0959],[-3.31248,41.10074],[-3.31473,41.11852],[-3.33272,41.12013],[-3.35521,41.10236],[-3.35297,41.07651],[-3.36196,41.05712],[-3.3822,41.05066],[-3.3822,41.02966],[-3.40694,41.01512]]]}},{"type":"Feature","id":"16189","properties":{"cod_mun":"16189","nombre":"Salvacañete","cod_prov":"16","cod_ccaa":"08"},"geometry":{"type":"Polygon","coordinates":[[[-1.54917,40.14914],[-1.54917,40.12652],[-1.53567,40.09906],[-1.51768,40.08775],[-1.51768,40.07321],[-1.49519,40.07644],[-1.46145,40.06513],[-1.44121,40.06836],[-1.41422,40.08613],[-1.40748,40.10067],[-1.44346,40.11844],[-1.45696,40.1346],[-1.44796,40.14591],[-1.44346,40.1653],[-1.43896,40.19761],[-1.47495,40.18468],[-1.51093,40.20407],[-1.54017,40.19115],[-1.55142,40.17337],[-1.54917,40.14914]]]}},{"type":"Feature","id":"16190","properties":{"cod_mun":"16190","nombre":"San Clemente","cod_prov":"16","cod_ccaa":"08"},"geometry":{"type":"MultiPolygon","coordinates":[[[[-2.42183,39.49481],[-2.44432,39.48512],[-2.50505,39.43503],[-2.53204,39.44796],[-2.53204,39.42049],[-2.52304,39.40272],[-2.51179,39.34294],[-2.4848,39.31548],[-2.44207,39.28316],[-2.39709,39.32355],[-2.39934,39.33971],[-2.37235,39.36071],[-2.32961,39.38333],[-2.35885,39.41565],[-2.34986,39.42695],[-2.3791,39.45119],[-2.3746,39.47704],[-2.33411,39.48189],[-2.27564,39.48027],[-2.28688,39.48189],[-2.29813,39.50289],[-2.32737,39.51097],[-2.3611,39.52389],[-2.38584,39.5142],[-2.39259,39.49643],[-2.42183,39.49481]]],[[[-2.56352,39.46088],[-2.57027,39.45119],[-2.60401,39.44311],[-2.59951,39.43019],[-2.58601,39.42049],[-2.55678,39.42211],[-2.56127,39.45442],[-2.56352,39.46088]]]]}},{"type":"Feature","id":"16191","properties":{"cod_mun":"16191","nombre":"San Lorenzo de la Parrilla","cod_prov":"16","cod_ccaa":"08"},"geometry":{"type":"Polygon","coordinates":[[[-2.45557,39.83894],[-2.43757,39.82601],[-2.40608,39.81794],[-2.39709,39.79047],[-2.37235,39.81147],[-2.34986,39.84379],[-2.34086,39.84863],[-2.28913,39.84863],[-2.28463,39.8551],[-2.32737,39.85671],[-2.33636,39.86479],[-2.34761,39.87287],[-2.41508,39.89064],[-2.42633,39.88095],[-2.41508,39.86479],[-2.43307,39.8454],[-2.45332,39.84702],[-2.45557,39.83894]]]}},{"type":"Feature","id":"16192","properties":{"cod_mun":"16192","nombre":"San Martín de Boniches","cod_prov":"16","cod_ccaa":"08"},"geometry":{"type":"Polygon","coordinates":[[[-1.6009,39.93588],[-1.58291,39.91649],[-1.5964,39.87125],[-1.58066,39.84702],[-1.58965,39.8244],[-1.57841,39.79693],[-1.56491,39.7937],[-1.55367,39.8034],[-1.53118,39.86641],[-1.53792,39.88741],[-1.51093,39.90195],[-1.53118,39.92941],[-1.56266,39.9278],[-1.57841,39.9488],[-1.58965,39.94072],[-1.6009,39.93588]]]}},{"type":"Feature","id":"16193","properties":{"cod_mun":"16193","nombre":"San Pedro Palmiches","cod_prov":"16","cod_ccaa":"08"},"geometry":{"type":"Polygon","coordinates":[[[-2.43982,40.43834],[-2.40833,40.40279],[-2.38134,40.41249],[-2.38359,40.44318],[-2.37235,40.45288],[-2.39709,40.45449],[-2.43982,40.43834]]]}},{"type":"Feature","id":"19198","properties":{"cod_mun":"19198","nombre":"Negredo","cod_prov":"19","cod_ccaa":"08"},"geometry":{"type":"Polygon","coordinates":[[[-2.88965,41.0345],[-2.88515,41.01027],[-2.84241,41.01189],[-2.82892,41.02481],[-2.82892,41.0442],[-2.87615,41.04743],[-2.88965,41.0345]]]}},{"type":"Feature","id":"16194","properties":{"cod_mun":"16194","nombre":"Santa Cruz de Moya","cod_prov":"16","cod_ccaa":"08"},"geometry":{"type":"Polygon","coordinates":[[[-1.29727,39.95526],[-1.27928,39.94072],[-1.27253,39.91649],[-1.23429,39.90195],[-1.24104,39.87933],[-1.2073,39.8454],[-1.19831,39.87287],[-1.19606,39.91326],[-1.20955,39.9278],[-1.20505,39.9488],[-1.15332,39.96334],[-1.14208,39.97142],[-1.16457,40.0102],[-1.19156,40.00212],[-1.2073,40.00212],[-1.24779,39.99566],[-1.27478,40.00373],[-1.29727,39.95526]]]}},{"type":"Feature","id":"19081","properties":{"cod_mun":"19081","nombre":"Cendejas de la Torre","cod_prov":"19","cod_ccaa":"08"},"geometry":{"type":"Polygon","coordinates":[[[-2.86715,40.95857],[-2.85591,40.95695],[-2.83117,40.9618],[-2.81318,40.98604],[-2.82892,41.00219],[-2.84691,41.00219],[-2.86491,40.97473],[-2.86715,40.95857]]]}},{"type":"Feature","id":"16195","properties":{"cod_mun":"16195","nombre":"Santa María del Campo Rus","cod_prov":"16","cod_ccaa":"08"},"geometry":{"type":"Polygon","coordinates":[[[-2.51629,39.56267],[-2.50055,39.55297],[-2.47581,39.55297],[-2.43083,39.51097],[-2.42183,39.49481],[-2.39259,39.49643],[-2.38584,39.5142],[-2.3611,39.52389],[-2.36785,39.54974],[-2.34761,39.56913],[-2.37685,39.59013],[-2.42408,39.5966],[-2.43757,39.5869],[-2.46456,39.5869],[-2.4893,39.59821],[-2.50505,39.58206],[-2.51629,39.56428],[-2.51629,39.56267]]]}},{"type":"Feature","id":"16199","properties":{"cod_mun":"16199","nombre":"Solera de Gabaldón","cod_prov":"16","cod_ccaa":"08"},"geometry":{"type":"Polygon","coordinates":[[[-2.02149,39.72908],[-1.96976,39.70969],[-1.95851,39.70969],[-1.91803,39.76462],[-1.92702,39.77755],[-1.96076,39.80016],[-1.96751,39.78401],[-1.98775,39.78562],[-2.02149,39.72908]]]}},{"type":"Feature","id":"19202","properties":{"cod_mun":"19202","nombre":"Olmeda de Jadraque, La","cod_prov":"19","cod_ccaa":"08"},"geometry":{"type":"Polygon","coordinates":[[[-2.76145,41.10721],[-2.72996,41.10559],[-2.71421,41.11529],[-2.72321,41.13952],[-2.73446,41.14598],[-2.76145,41.1379],[-2.76145,41.10721]]]}},{"type":"Feature","id":"16196","properties":{"cod_mun":"16196","nombre":"Santa María de los Llanos","cod_prov":"16","cod_ccaa":"08"},"geometry":{"type":"Polygon","coordinates":[[[-2.83792,39.54166],[-2.82892,39.52066],[-2.84241,39.49804],[-2.83567,39.47219],[-2.81767,39.43503],[-2.79293,39.4108],[-2.78394,39.43826],[-2.78394,39.46573],[-2.79968,39.48189],[-2.79068,39.51097],[-2.79743,39.5449],[-2.81093,39.5352],[-2.83792,39.54166]]]}},{"type":"Feature","id":"16197","properties":{"cod_mun":"16197","nombre":"Santa María del Val","cod_prov":"16","cod_ccaa":"08"},"geometry":{"type":"Polygon","coordinates":[[[-2.1227,40.49327],[-2.06647,40.4658],[-2.02149,40.46096],[-1.99674,40.46419],[-1.98325,40.47711],[-2.01024,40.50135],[-2.03948,40.50943],[-2.05297,40.52558],[-2.07097,40.52235],[-2.08671,40.50781],[-2.1227,40.49327]]]}},{"type":"Feature","id":"16206","properties":{"cod_mun":"16206","nombre":"Tinajas","cod_prov":"16","cod_ccaa":"08"},"geometry":{"type":"Polygon","coordinates":[[[-2.6355,40.29293],[-2.58377,40.30101],[-2.56802,40.3204],[-2.51629,40.3414],[-2.51854,40.34625],[-2.53204,40.35917],[-2.55453,40.3624],[-2.58152,40.38179],[-2.6355,40.30909],[-2.6355,40.29293]]]}},{"type":"Feature","id":"16198","properties":{"cod_mun":"16198","nombre":"Sisante","cod_prov":"16","cod_ccaa":"08"},"geometry":{"type":"Polygon","coordinates":[[[-2.2284,39.38333],[-2.19467,39.37525],[-2.17667,39.35587],[-2.15418,39.3591],[-2.12494,39.36233],[-2.11595,39.32355],[-2.07771,39.3074],[-2.07321,39.31709],[-2.09571,39.3591],[-2.1002,39.36233],[-2.10245,39.38333],[-2.09346,39.40434],[-2.1182,39.4108],[-2.1182,39.42372],[-2.13394,39.44796],[-2.14969,39.45119],[-2.22391,39.47542],[-2.2419,39.45442],[-2.24415,39.43019],[-2.25314,39.40757],[-2.24865,39.39141],[-2.2284,39.38333]]]}},{"type":"Feature","id":"16209","properties":{"cod_mun":"16209","nombre":"Torralba","cod_prov":"16","cod_ccaa":"08"},"geometry":{"type":"Polygon","coordinates":[[[-2.33186,40.28162],[-2.32512,40.27516],[-2.30038,40.27516],[-2.26664,40.26547],[-2.2374,40.27031],[-2.2509,40.29939],[-2.2419,40.30909],[-2.25539,40.33978],[-2.31162,40.3414],[-2.32961,40.33817],[-2.33186,40.28162]]]}},{"type":"Feature","id":"16202","properties":{"cod_mun":"16202","nombre":"Talayuelas","cod_prov":"16","cod_ccaa":"08"},"geometry":{"type":"Polygon","coordinates":[[[-1.34,39.84863],[-1.31526,39.79855],[-1.29277,39.77108],[-1.26128,39.75654],[-1.23429,39.78239],[-1.21405,39.80824],[-1.2118,39.83248],[-1.2073,39.8454],[-1.24104,39.87933],[-1.27703,39.88095],[-1.31526,39.88741],[-1.34,39.84863]]]}},{"type":"Feature","id":"16203","properties":{"cod_mun":"16203","nombre":"Tarancón","cod_prov":"16","cod_ccaa":"08"},"geometry":{"type":"Polygon","coordinates":[[[-3.09657,39.98758],[-3.09432,39.95526],[-3.04034,39.95203],[-2.96387,39.9585],[-2.95262,39.97142],[-2.94362,39.99242],[-2.92113,40.01343],[-2.95037,40.04089],[-2.95487,40.05705],[-2.99311,40.04251],[-3.01335,40.04897],[-3.06058,39.99727],[-3.09657,39.98758]]]}},{"type":"Feature","id":"16204","properties":{"cod_mun":"16204","nombre":"Tébar","cod_prov":"16","cod_ccaa":"08"},"geometry":{"type":"Polygon","coordinates":[[[-2.23065,39.47704],[-2.22391,39.47542],[-2.14969,39.45119],[-2.06647,39.4835],[-2.06647,39.49966],[-2.10695,39.5045],[-2.14069,39.53682],[-2.1227,39.58206],[-2.18117,39.55297],[-2.19917,39.53682],[-2.21266,39.50774],[-2.23065,39.49158],[-2.23065,39.47704]]]}},{"type":"Feature","id":"16205","properties":{"cod_mun":"16205","nombre":"Tejadillos","cod_prov":"16","cod_ccaa":"08"},"geometry":{"type":"Polygon","coordinates":[[[-1.67287,40.14914],[-1.65488,40.12167],[-1.66163,40.11521],[-1.62789,40.09098],[-1.58965,40.09582],[-1.54917,40.12652],[-1.54917,40.14914],[-1.56491,40.15883],[-1.5919,40.1556],[-1.62339,40.17661],[-1.67287,40.14914]]]}},{"type":"Feature","id":"16211","properties":{"cod_mun":"16211","nombre":"Torrejoncillo del Rey","cod_prov":"16","cod_ccaa":"08"},"geometry":{"type":"Polygon","coordinates":[[[-2.67148,39.96173],[-2.64899,39.9488],[-2.60626,39.96981],[-2.57027,39.97304],[-2.54553,39.93426],[-2.51404,39.91326],[-2.50055,39.93588],[-2.52529,39.94396],[-2.5073,39.98435],[-2.51629,40.00535],[-2.48256,40.00373],[-2.44207,40.01181],[-2.44882,40.03605],[-2.40384,40.04736],[-2.39709,40.06351],[-2.43307,40.08128],[-2.47131,40.08936],[-2.4893,40.08775],[-2.52304,40.06836],[-2.57477,40.07159],[-2.59501,40.05543],[-2.60626,40.03443],[-2.631,40.01666],[-2.64674,39.99727],[-2.67148,39.99404],[-2.68723,39.9795],[-2.67148,39.96173]]]}},{"type":"Feature","id":"16217","properties":{"cod_mun":"16217","nombre":"Tribaldos","cod_prov":"16","cod_ccaa":"08"},"geometry":{"type":"Polygon","coordinates":[[[-2.95262,39.97142],[-2.90989,39.95526],[-2.8829,39.96334],[-2.8919,39.99566],[-2.91439,40.0005],[-2.92113,40.01343],[-2.94362,39.99242],[-2.95262,39.97142]]]}},{"type":"Feature","id":"16212","properties":{"cod_mun":"16212","nombre":"Torrubia del Campo","cod_prov":"16","cod_ccaa":"08"},"geometry":{"type":"Polygon","coordinates":[[[-2.97511,39.85186],[-2.96162,39.83086],[-2.93913,39.83894],[-2.89639,39.83894],[-2.90764,39.85994],[-2.91439,39.89064],[-2.93238,39.92941],[-2.93463,39.94396],[-2.95037,39.94234],[-2.94812,39.93103],[-2.98636,39.88902],[-2.97961,39.86802],[-2.96162,39.85671],[-2.97511,39.85186]]]}},{"type":"Feature","id":"16213","properties":{"cod_mun":"16213","nombre":"Torrubia del Castillo","cod_prov":"16","cod_ccaa":"08"},"geometry":{"type":"Polygon","coordinates":[[[-2.30487,39.63699],[-2.26889,39.65153],[-2.28013,39.67738],[-2.26439,39.68707],[-2.28913,39.68546],[-2.32287,39.67415],[-2.32512,39.65314],[-2.30487,39.63699]]]}},{"type":"Feature","id":"16215","properties":{"cod_mun":"16215","nombre":"Tragacete","cod_prov":"16","cod_ccaa":"08"},"geometry":{"type":"Polygon","coordinates":[[[-1.78983,40.32847],[-1.77633,40.33817],[-1.80332,40.3721],[-1.83256,40.38825],[-1.84156,40.40279],[-1.87979,40.40764],[-1.89778,40.38825],[-1.91803,40.40279],[-1.92702,40.39795],[-1.89778,40.38179],[-1.87979,40.35917],[-1.8618,40.32686],[-1.8483,40.3204],[-1.78983,40.32847]]]}},{"type":"Feature","id":"16216","properties":{"cod_mun":"16216","nombre":"Tresjuncos","cod_prov":"16","cod_ccaa":"08"},"geometry":{"type":"Polygon","coordinates":[[[-2.80643,39.67091],[-2.73446,39.67091],[-2.70072,39.66284],[-2.68498,39.67253],[-2.68273,39.69676],[-2.69847,39.71454],[-2.73671,39.74362],[-2.7502,39.74685],[-2.78619,39.742],[-2.79743,39.71777],[-2.79743,39.68707],[-2.80643,39.67091]]]}},{"type":"Feature","id":"16218","properties":{"cod_mun":"16218","nombre":"Uclés","cod_prov":"16","cod_ccaa":"08"},"geometry":{"type":"MultiPolygon","coordinates":[[[[-2.85816,39.79047],[-2.8829,39.81955],[-2.88965,39.84056],[-2.87615,39.85671],[-2.91439,39.89064],[-2.90764,39.85994],[-2.89639,39.83894],[-2.88515,39.79047],[-2.85816,39.79047]]],[[[-2.8694,40.03766],[-2.86491,40.02151],[-2.92113,40.01343],[-2.91439,40.0005],[-2.8919,39.99566],[-2.8829,39.96334],[-2.84466,39.93749],[-2.81093,39.95042],[-2.83342,39.99242],[-2.83117,40.0102],[-2.84691,40.03928],[-2.8694,40.03766]]]]}},{"type":"Feature","id":"16219","properties":{"cod_mun":"16219","nombre":"Uña","cod_prov":"16","cod_ccaa":"08"},"geometry":{"type":"Polygon","coordinates":[[[-2.01699,40.259],[-2.02373,40.24123],[-2.00349,40.22507],[-1.981,40.19438],[-1.972,40.19115],[-1.92252,40.20569],[-1.92027,40.217],[-1.96526,40.22184],[-1.95851,40.23477],[-1.981,40.22669],[-2.00799,40.25577],[-2.01699,40.259]]]}},{"type":"Feature","id":"16224","properties":{"cod_mun":"16224","nombre":"Valdemeca","cod_prov":"16","cod_ccaa":"08"},"geometry":{"type":"Polygon","coordinates":[[[-1.79432,40.22831],[-1.78083,40.21215],[-1.76509,40.17176],[-1.73135,40.17014],[-1.71336,40.19115],[-1.69986,40.21377],[-1.70886,40.22831],[-1.69311,40.23962],[-1.69986,40.25577],[-1.74259,40.27839],[-1.74709,40.27839],[-1.77858,40.26062],[-1.79432,40.22831]]]}},{"type":"Feature","id":"16225","properties":{"cod_mun":"16225","nombre":"Valdemorillo de la Sierra","cod_prov":"16","cod_ccaa":"08"},"geometry":{"type":"Polygon","coordinates":[[[-1.82356,40.01181],[-1.80332,39.99727],[-1.76733,39.99404],[-1.74259,39.98596],[-1.72685,39.99242],[-1.72685,40.02474],[-1.71111,40.05382],[-1.7336,40.06674],[-1.74259,40.07482],[-1.76733,40.06513],[-1.82131,40.07644],[-1.82806,40.03605],[-1.82356,40.01181]]]}},{"type":"Feature","id":"16234","properties":{"cod_mun":"16234","nombre":"Valsalobre","cod_prov":"16","cod_ccaa":"08"},"geometry":{"type":"Polygon","coordinates":[[[-2.16993,40.6306],[-2.14519,40.61606],[-2.13169,40.59667],[-2.08896,40.59505],[-2.07097,40.62898],[-2.09121,40.64352],[-2.11145,40.64998],[-2.15643,40.65806],[-2.16993,40.6306]]]}},{"type":"Feature","id":"16227","properties":{"cod_mun":"16227","nombre":"Valdemoro-Sierra","cod_prov":"16","cod_ccaa":"08"},"geometry":{"type":"Polygon","coordinates":[[[-1.83481,40.15076],[-1.82131,40.09906],[-1.82131,40.07644],[-1.76733,40.06513],[-1.74259,40.07482],[-1.7336,40.06674],[-1.7156,40.09421],[-1.71336,40.12329],[-1.75834,40.16045],[-1.76509,40.17176],[-1.78083,40.21215],[-1.79432,40.22831],[-1.80332,40.21215],[-1.80782,40.19115],[-1.82806,40.16853],[-1.83481,40.15076]]]}},{"type":"Feature","id":"16228","properties":{"cod_mun":"16228","nombre":"Valdeolivas","cod_prov":"16","cod_ccaa":"08"},"geometry":{"type":"Polygon","coordinates":[[[-2.50954,40.47227],[-2.47581,40.46419],[-2.44432,40.44965],[-2.43757,40.48358],[-2.40608,40.50458],[-2.41283,40.52558],[-2.42633,40.54012],[-2.43532,40.53528],[-2.49605,40.50943],[-2.50954,40.47227]]]}},{"type":"Feature","id":"16231","properties":{"cod_mun":"16231","nombre":"Valhermoso de la Fuente","cod_prov":"16","cod_ccaa":"08"},"geometry":{"type":"Polygon","coordinates":[[[-2.03498,39.52551],[-2.01024,39.5142],[-1.97875,39.52712],[-1.9855,39.55136],[-1.9765,39.58529],[-2.00799,39.5869],[-2.04173,39.5449],[-2.03498,39.52551]]]}},{"type":"Feature","id":"16236","properties":{"cod_mun":"16236","nombre":"Valverde de Júcar","cod_prov":"16","cod_ccaa":"08"},"geometry":{"type":"Polygon","coordinates":[[[-2.26889,39.65153],[-2.25989,39.64183],[-2.24865,39.66445],[-2.23065,39.66284],[-2.2329,39.68546],[-2.16993,39.72585],[-2.18567,39.74846],[-2.21041,39.76624],[-2.2374,39.75977],[-2.2509,39.74846],[-2.24415,39.73069],[-2.27339,39.70969],[-2.25764,39.70484],[-2.26439,39.68707],[-2.28013,39.67738],[-2.26889,39.65153]]]}},{"type":"Feature","id":"16237","properties":{"cod_mun":"16237","nombre":"Valverdejo","cod_prov":"16","cod_ccaa":"08"},"geometry":{"type":"Polygon","coordinates":[[[-2.06872,39.60791],[-2.04847,39.60144],[-2.02598,39.58367],[-1.99899,39.60629],[-2.01249,39.64183],[-2.00574,39.66768],[-2.02823,39.65799],[-2.04398,39.6386],[-2.06647,39.64022],[-2.06872,39.60791]]]}},{"type":"Feature","id":"16238","properties":{"cod_mun":"16238","nombre":"Vara de Rey","cod_prov":"16","cod_ccaa":"08"},"geometry":{"type":"Polygon","coordinates":[[[-2.32961,39.38333],[-2.29588,39.36233],[-2.25314,39.34617],[-2.25989,39.35102],[-2.2284,39.38333],[-2.24865,39.39141],[-2.25314,39.40757],[-2.24415,39.43019],[-2.2419,39.45442],[-2.22391,39.47542],[-2.23065,39.47704],[-2.27564,39.48027],[-2.33411,39.48189],[-2.3746,39.47704],[-2.3791,39.45119],[-2.34986,39.42695],[-2.35885,39.41565],[-2.32961,39.38333]]]}},{"type":"Feature","id":"16239","properties":{"cod_mun":"16239","nombre":"Vega del Codorno","cod_prov":"16","cod_ccaa":"08"},"geometry":{"type":"Polygon","coordinates":[[[-1.96751,40.47388],[-1.98775,40.46419],[-1.9855,40.44642],[-1.96301,40.4238],[-1.93827,40.4141],[-1.91128,40.41572],[-1.89778,40.43026],[-1.91353,40.46096],[-1.93152,40.46096],[-1.96751,40.47388]]]}},{"type":"Feature","id":"19031","properties":{"cod_mun":"19031","nombre":"Angón","cod_prov":"19","cod_ccaa":"08"},"geometry":{"type":"Polygon","coordinates":[[[-2.89864,41.0862],[-2.88515,41.08297],[-2.8829,41.0652],[-2.8874,41.05389],[-2.87615,41.04743],[-2.82892,41.0442],[-2.82217,41.06359],[-2.82892,41.07489],[-2.84017,41.07489],[-2.87165,41.0959],[-2.89414,41.09105],[-2.89864,41.0862]]]}},{"type":"Feature","id":"16240","properties":{"cod_mun":"16240","nombre":"Vellisca","cod_prov":"16","cod_ccaa":"08"},"geometry":{"type":"Polygon","coordinates":[[[-2.83792,40.11683],[-2.83792,40.08775],[-2.77944,40.09098],[-2.75695,40.11037],[-2.76819,40.14429],[-2.79743,40.16207],[-2.82667,40.16368],[-2.83117,40.13137],[-2.83792,40.11683]]]}},{"type":"Feature","id":"16242","properties":{"cod_mun":"16242","nombre":"Villaconejos de Trabaque","cod_prov":"16","cod_ccaa":"08"},"geometry":{"type":"Polygon","coordinates":[[[-2.3656,40.40279],[-2.35211,40.37533],[-2.33636,40.36725],[-2.30487,40.38017],[-2.27339,40.40279],[-2.27789,40.42541],[-2.33186,40.41733],[-2.3656,40.40279]]]}},{"type":"Feature","id":"16245","properties":{"cod_mun":"16245","nombre":"Villalba de la Sierra","cod_prov":"16","cod_ccaa":"08"},"geometry":{"type":"Polygon","coordinates":[[[-2.12494,40.22831],[-2.1137,40.20569],[-2.07546,40.20084],[-2.05297,40.21053],[-2.03948,40.23638],[-2.05522,40.24608],[-2.05297,40.27677],[-2.06872,40.27031],[-2.10245,40.27354],[-2.12494,40.22831]]]}},{"type":"Feature","id":"16243","properties":{"cod_mun":"16243","nombre":"Villaescusa de Haro","cod_prov":"16","cod_ccaa":"08"},"geometry":{"type":"MultiPolygon","coordinates":[[[[-2.51629,39.56428],[-2.55903,39.57236],[-2.56802,39.56267],[-2.56577,39.54813],[-2.52754,39.55136],[-2.51629,39.56267],[-2.51629,39.56428]]],[[[-2.57702,39.68061],[-2.63774,39.65637],[-2.67598,39.65476],[-2.68273,39.6386],[-2.70297,39.62729],[-2.71871,39.60306],[-2.68273,39.57721],[-2.66248,39.57398],[-2.62875,39.59983],[-2.59051,39.61114],[-2.57027,39.62083],[-2.58601,39.65637],[-2.55228,39.67253],[-2.56802,39.67899],[-2.57702,39.68061]]]]}},{"type":"Feature","id":"16244","properties":{"cod_mun":"16244","nombre":"Villagarcía del Llano","cod_prov":"16","cod_ccaa":"08"},"geometry":{"type":"Polygon","coordinates":[[[-1.88654,39.30417],[-1.84605,39.2864],[-1.76958,39.27993],[-1.76284,39.30094],[-1.74034,39.32194],[-1.74484,39.34294],[-1.76958,39.35748],[-1.79432,39.37041],[-1.83481,39.4318],[-1.84156,39.42857],[-1.84605,39.39141],[-1.8618,39.37202],[-1.88654,39.36879],[-1.87304,39.35264],[-1.88654,39.30417]]]}},{"type":"Feature","id":"16246","properties":{"cod_mun":"16246","nombre":"Villalba del Rey","cod_prov":"16","cod_ccaa":"08"},"geometry":{"type":"Polygon","coordinates":[[[-2.73221,40.32363],[-2.71871,40.30262],[-2.72096,40.28647],[-2.70747,40.28647],[-2.68048,40.30424],[-2.66248,40.29455],[-2.6355,40.29293],[-2.6355,40.30909],[-2.58152,40.38179],[-2.60176,40.38017],[-2.64899,40.38825],[-2.68048,40.40279],[-2.69172,40.39472],[-2.70522,40.41572],[-2.71421,40.41087],[-2.70297,40.39956],[-2.70972,40.3414],[-2.73221,40.32363]]]}},{"type":"Feature","id":"16247","properties":{"cod_mun":"16247","nombre":"Villalgordo del Marquesado","cod_prov":"16","cod_ccaa":"08"},"geometry":{"type":"Polygon","coordinates":[[[-2.56802,39.67899],[-2.55228,39.67253],[-2.54328,39.68222],[-2.52979,39.65961],[-2.4893,39.65799],[-2.46006,39.69515],[-2.47356,39.69838],[-2.47806,39.69515],[-2.53653,39.70484],[-2.56802,39.67899]]]}},{"type":"Feature","id":"16266","properties":{"cod_mun":"16266","nombre":"Villarejo-Periesteban","cod_prov":"16","cod_ccaa":"08"},"geometry":{"type":"Polygon","coordinates":[[[-2.47806,39.88095],[-2.45332,39.84702],[-2.43307,39.8454],[-2.41508,39.86479],[-2.42633,39.88095],[-2.41508,39.89064],[-2.47356,39.93265],[-2.48031,39.91164],[-2.47806,39.88095]]]}},{"type":"Feature","id":"16248","properties":{"cod_mun":"16248","nombre":"Villalpardo","cod_prov":"16","cod_ccaa":"08"},"geometry":{"type":"Polygon","coordinates":[[[-1.68187,39.4932],[-1.67962,39.46735],[-1.63464,39.45119],[-1.61215,39.4528],[-1.57841,39.43988],[-1.56716,39.44634],[-1.58291,39.45119],[-1.59865,39.47865],[-1.64138,39.49481],[-1.68187,39.4932]]]}},{"type":"Feature","id":"16273","properties":{"cod_mun":"16273","nombre":"Villaverde y Pasaconsol","cod_prov":"16","cod_ccaa":"08"},"geometry":{"type":"Polygon","coordinates":[[[-2.32737,39.78401],[-2.29813,39.76462],[-2.2509,39.74846],[-2.2374,39.75977],[-2.26889,39.79209],[-2.28463,39.79855],[-2.32737,39.78401]]]}},{"type":"Feature","id":"16249","properties":{"cod_mun":"16249","nombre":"Villamayor de Santiago","cod_prov":"16","cod_ccaa":"08"},"geometry":{"type":"Polygon","coordinates":[[[-3.0201,39.77108],[-3.0156,39.76462],[-2.99985,39.72261],[-2.97061,39.6903],[-2.95037,39.67738],[-2.91888,39.64668],[-2.90764,39.64183],[-2.8784,39.64183],[-2.84916,39.65961],[-2.86041,39.71292],[-2.84691,39.73231],[-2.83792,39.75977],[-2.84241,39.79532],[-2.85816,39.79047],[-2.88515,39.79047],[-2.91214,39.78886],[-2.92788,39.80824],[-2.97511,39.7727],[-3.0111,39.77916],[-3.0201,39.77108]]]}},{"type":"Feature","id":"16250","properties":{"cod_mun":"16250","nombre":"Villanueva de Guadamejud","cod_prov":"16","cod_ccaa":"08"},"geometry":{"type":"Polygon","coordinates":[[[-2.54328,40.21053],[-2.50954,40.17822],[-2.4893,40.18145],[-2.49155,40.20084],[-2.47356,40.238],[-2.4893,40.24769],[-2.4848,40.26062],[-2.4983,40.26547],[-2.54328,40.21053]]]}},{"type":"Feature","id":"16251","properties":{"cod_mun":"16251","nombre":"Villanueva de la Jara","cod_prov":"16","cod_ccaa":"08"},"geometry":{"type":"Polygon","coordinates":[[[-2.09346,39.41403],[-2.01699,39.41403],[-2.00349,39.40757],[-1.98775,39.37041],[-1.93827,39.37849],[-1.90453,39.36556],[-1.88654,39.36879],[-1.8618,39.37202],[-1.84605,39.39141],[-1.84156,39.42857],[-1.83481,39.4318],[-1.85955,39.43665],[-1.89329,39.45927],[-1.92477,39.46735],[-1.94951,39.49158],[-1.99899,39.48027],[-2.01699,39.46896],[-2.01024,39.44473],[-2.01474,39.42049],[-2.07321,39.42372],[-2.07097,39.44957],[-2.08446,39.44957],[-2.09346,39.41403]]]}},{"type":"Feature","id":"16253","properties":{"cod_mun":"16253","nombre":"Villar de Cañas","cod_prov":"16","cod_ccaa":"08"},"geometry":{"type":"Polygon","coordinates":[[[-2.64449,39.81471],[-2.59951,39.76947],[-2.60626,39.74523],[-2.58601,39.75816],[-2.56352,39.75331],[-2.55228,39.75331],[-2.52079,39.79209],[-2.55228,39.82925],[-2.58377,39.84702],[-2.58601,39.85833],[-2.60626,39.86156],[-2.61525,39.83571],[-2.64449,39.81471]]]}},{"type":"Feature","id":"16254","properties":{"cod_mun":"16254","nombre":"Villar de Domingo García","cod_prov":"16","cod_ccaa":"08"},"geometry":{"type":"Polygon","coordinates":[[[-2.32512,40.27516],[-2.34086,40.24446],[-2.30937,40.21861],[-2.32062,40.20407],[-2.30937,40.1863],[-2.29138,40.19599],[-2.26439,40.17499],[-2.25989,40.15076],[-2.2419,40.14752],[-2.2419,40.16691],[-2.23065,40.18145],[-2.24865,40.20084],[-2.24865,40.22346],[-2.22391,40.24123],[-2.2374,40.27031],[-2.26664,40.26547],[-2.30038,40.27516],[-2.32512,40.27516]]]}},{"type":"Feature","id":"16255","properties":{"cod_mun":"16255","nombre":"Villar de la Encina","cod_prov":"16","cod_ccaa":"08"},"geometry":{"type":"Polygon","coordinates":[[[-2.57027,39.62083],[-2.52304,39.60629],[-2.52304,39.58529],[-2.50505,39.58206],[-2.4893,39.59821],[-2.50055,39.62083],[-2.49155,39.62568],[-2.48705,39.65476],[-2.4893,39.65799],[-2.52979,39.65961],[-2.54328,39.68222],[-2.55228,39.67253],[-2.58601,39.65637],[-2.57027,39.62083]]]}},{"type":"Feature","id":"19034","properties":{"cod_mun":"19034","nombre":"Anquela del Pedregal","cod_prov":"19","cod_ccaa":"08"},"geometry":{"type":"Polygon","coordinates":[[[-1.77633,40.71299],[-1.76733,40.69684],[-1.74709,40.69361],[-1.74259,40.70492],[-1.7201,40.70653],[-1.70661,40.72753],[-1.69986,40.76146],[-1.73585,40.76954],[-1.77183,40.75177],[-1.77633,40.71299]]]}},{"type":"Feature","id":"16258","properties":{"cod_mun":"16258","nombre":"Villar del Humo","cod_prov":"16","cod_ccaa":"08"},"geometry":{"type":"Polygon","coordinates":[[[-1.73135,39.87125],[-1.70886,39.83732],[-1.66837,39.82601],[-1.61664,39.79532],[-1.56941,39.78724],[-1.56491,39.7937],[-1.57841,39.79693],[-1.58965,39.8244],[-1.58066,39.84702],[-1.5964,39.87125],[-1.58291,39.91649],[-1.6009,39.93588],[-1.66612,39.93911],[-1.68187,39.93426],[-1.71336,39.89872],[-1.72685,39.89549],[-1.7381,39.88095],[-1.73135,39.87125]]]}},{"type":"Feature","id":"16259","properties":{"cod_mun":"16259","nombre":"Villar del Infantado","cod_prov":"16","cod_ccaa":"08"},"geometry":{"type":"Polygon","coordinates":[[[-2.52079,40.4238],[-2.49155,40.42218],[-2.47356,40.42057],[-2.46456,40.43511],[-2.44882,40.43834],[-2.44432,40.44965],[-2.47581,40.46419],[-2.50954,40.47227],[-2.51629,40.45934],[-2.50505,40.44803],[-2.52079,40.4238]]]}},{"type":"Feature","id":"16263","properties":{"cod_mun":"16263","nombre":"Villar de Olalla","cod_prov":"16","cod_ccaa":"08"},"geometry":{"type":"Polygon","coordinates":[[[-2.43307,39.98596],[-2.41733,39.97788],[-2.39034,39.94557],[-2.37235,39.96011],[-2.35885,39.98111],[-2.32287,39.95365],[-2.30038,39.96334],[-2.26664,39.9488],[-2.20366,39.96496],[-2.18567,39.9488],[-2.15643,39.96011],[-2.16993,39.97788],[-2.14519,39.99404],[-2.13844,40.01827],[-2.15418,40.01827],[-2.15868,40.04251],[-2.18567,40.06513],[-2.20816,40.03766],[-2.23065,40.04251],[-2.2374,40.01181],[-2.25539,40.00535],[-2.28463,40.00858],[-2.30038,40.01827],[-2.34986,40.02474],[-2.36335,39.98919],[-2.42633,39.99889],[-2.43307,39.98596]]]}},{"type":"Feature","id":"19082","properties":{"cod_mun":"19082","nombre":"Centenera","cod_prov":"19","cod_ccaa":"08"},"geometry":{"type":"Polygon","coordinates":[[[-3.09207,40.63868],[-3.07182,40.63221],[-3.02684,40.63706],[-3.02909,40.65645],[-3.04933,40.66776],[-3.07857,40.6726],[-3.07632,40.66291],[-3.09207,40.63868]]]}},{"type":"Feature","id":"16264","properties":{"cod_mun":"16264","nombre":"Villarejo de Fuentes","cod_prov":"16","cod_ccaa":"08"},"geometry":{"type":"Polygon","coordinates":[[[-2.78844,39.75331],[-2.78619,39.742],[-2.7502,39.74685],[-2.73671,39.74362],[-2.69847,39.71454],[-2.68273,39.69676],[-2.622,39.71292],[-2.60626,39.74523],[-2.59951,39.76947],[-2.64449,39.81471],[-2.69397,39.81309],[-2.72996,39.80501],[-2.72771,39.78886],[-2.76145,39.78239],[-2.78844,39.75331]]]}},{"type":"Feature","id":"16265","properties":{"cod_mun":"16265","nombre":"Villarejo de la Peñuela","cod_prov":"16","cod_ccaa":"08"},"geometry":{"type":"Polygon","coordinates":[[[-2.43307,40.08128],[-2.39709,40.06351],[-2.3791,40.07482],[-2.37235,40.09421],[-2.41283,40.10067],[-2.43307,40.08128]]]}},{"type":"Feature","id":"19086","properties":{"cod_mun":"19086","nombre":"Cifuentes","cod_prov":"19","cod_ccaa":"08"},"geometry":{"type":"Polygon","coordinates":[[[-2.66473,40.71623],[-2.66698,40.7033],[-2.72096,40.69199],[-2.71421,40.66291],[-2.71197,40.65645],[-2.67598,40.64675],[-2.66923,40.65645],[-2.62875,40.66453],[-2.63999,40.67583],[-2.63999,40.69845],[-2.59051,40.73723],[-2.57252,40.71784],[-2.52754,40.71623],[-2.50055,40.70168],[-2.46231,40.70815],[-2.45781,40.72269],[-2.44207,40.72107],[-2.41283,40.73077],[-2.43757,40.77923],[-2.45332,40.78731],[-2.48031,40.77439],[-2.48031,40.75662],[-2.51404,40.75015],[-2.53653,40.77439],[-2.57252,40.79862],[-2.59276,40.81963],[-2.59276,40.83255],[-2.61076,40.84548],[-2.6265,40.82447],[-2.63999,40.83093],[-2.67823,40.83255],[-2.68498,40.79216],[-2.67598,40.77277],[-2.64899,40.73723],[-2.66473,40.71623]]]}},{"type":"Feature","id":"16269","properties":{"cod_mun":"16269","nombre":"Villares del Saz","cod_prov":"16","cod_ccaa":"08"},"geometry":{"type":"Polygon","coordinates":[[[-2.58601,39.85833],[-2.58377,39.84702],[-2.55228,39.82925],[-2.52079,39.79209],[-2.48256,39.77431],[-2.46231,39.80016],[-2.47356,39.82117],[-2.46681,39.83894],[-2.45557,39.83894],[-2.45332,39.84702],[-2.47806,39.88095],[-2.49155,39.87125],[-2.52079,39.86964],[-2.55228,39.85994],[-2.57702,39.86479],[-2.58601,39.85833]]]}},{"type":"Feature","id":"16270","properties":{"cod_mun":"16270","nombre":"Villarrubio","cod_prov":"16","cod_ccaa":"08"},"geometry":{"type":"Polygon","coordinates":[[[-2.96387,39.9585],[-2.95037,39.94234],[-2.93463,39.94396],[-2.93238,39.92941],[-2.87165,39.93426],[-2.84916,39.92295],[-2.84466,39.93749],[-2.8829,39.96334],[-2.90989,39.95526],[-2.95262,39.97142],[-2.96387,39.9585]]]}},{"type":"Feature","id":"16275","properties":{"cod_mun":"16275","nombre":"Vindel","cod_prov":"16","cod_ccaa":"08"},"geometry":{"type":"Polygon","coordinates":[[[-2.41733,40.58859],[-2.41508,40.58051],[-2.38134,40.5482],[-2.35885,40.56113],[-2.35211,40.57567],[-2.35436,40.59344],[-2.37235,40.60636],[-2.39934,40.61444],[-2.41733,40.58859]]]}},{"type":"Feature","id":"16271","properties":{"cod_mun":"16271","nombre":"Villarta","cod_prov":"16","cod_ccaa":"08"},"geometry":{"type":"Polygon","coordinates":[[[-1.67962,39.46735],[-1.69536,39.43665],[-1.69086,39.42695],[-1.66387,39.42534],[-1.57841,39.43988],[-1.61215,39.4528],[-1.63464,39.45119],[-1.67962,39.46735]]]}},{"type":"Feature","id":"16272","properties":{"cod_mun":"16272","nombre":"Villas de la Ventosa","cod_prov":"16","cod_ccaa":"08"},"geometry":{"type":"Polygon","coordinates":[[[-2.4983,40.26547],[-2.4848,40.26062],[-2.4893,40.24769],[-2.47356,40.238],[-2.49155,40.20084],[-2.4893,40.18145],[-2.46006,40.16853],[-2.41058,40.17984],[-2.39934,40.1863],[-2.3746,40.17661],[-2.34086,40.20892],[-2.32062,40.20407],[-2.30937,40.21861],[-2.34086,40.24446],[-2.32512,40.27516],[-2.33186,40.28162],[-2.36335,40.28162],[-2.40608,40.27677],[-2.44432,40.28647],[-2.48256,40.28324],[-2.4983,40.26547]]]}},{"type":"Feature","id":"16274","properties":{"cod_mun":"16274","nombre":"Víllora","cod_prov":"16","cod_ccaa":"08"},"geometry":{"type":"Polygon","coordinates":[[[-1.67737,39.75008],[-1.67062,39.73877],[-1.63464,39.74039],[-1.63239,39.72261],[-1.61664,39.71292],[-1.57841,39.71938],[-1.55367,39.71454],[-1.53118,39.73069],[-1.52893,39.74685],[-1.54467,39.77431],[-1.56941,39.78724],[-1.61664,39.79532],[-1.63464,39.78239],[-1.64363,39.75008],[-1.67737,39.75008]]]}},{"type":"Feature","id":"19087","properties":{"cod_mun":"19087","nombre":"Cincovillas","cod_prov":"19","cod_ccaa":"08"},"geometry":{"type":"Polygon","coordinates":[[[-2.82217,41.16537],[-2.81318,41.17991],[-2.79068,41.18476],[-2.80643,41.22515],[-2.84017,41.21707],[-2.83342,41.17991],[-2.82217,41.16537]]]}},{"type":"Feature","id":"16276","properties":{"cod_mun":"16276","nombre":"Yémeda","cod_prov":"16","cod_ccaa":"08"},"geometry":{"type":"Polygon","coordinates":[[[-1.79432,39.77755],[-1.76509,39.76139],[-1.76284,39.74846],[-1.74709,39.73877],[-1.67062,39.73392],[-1.67062,39.73877],[-1.67737,39.75008],[-1.70211,39.75493],[-1.76733,39.79047],[-1.78533,39.78724],[-1.79432,39.77755]]]}},{"type":"Feature","id":"16277","properties":{"cod_mun":"16277","nombre":"Zafra de Záncara","cod_prov":"16","cod_ccaa":"08"},"geometry":{"type":"Polygon","coordinates":[[[-2.6175,39.91164],[-2.6175,39.89226],[-2.60626,39.86156],[-2.58601,39.85833],[-2.57702,39.86479],[-2.55228,39.85994],[-2.52079,39.86964],[-2.49155,39.87125],[-2.47806,39.88095],[-2.48031,39.91164],[-2.47356,39.93265],[-2.46681,39.94072],[-2.50055,39.93588],[-2.51404,39.91326],[-2.54553,39.93426],[-2.6175,39.91164]]]}},{"type":"Feature","id":"19091","properties":{"cod_mun":"19091","nombre":"Cogollor","cod_prov":"19","cod_ccaa":"08"},"geometry":{"type":"Polygon","coordinates":[[[-2.75245,40.83093],[-2.72546,40.82609],[-2.71646,40.84709],[-2.73446,40.85032],[-2.7502,40.86809],[-2.75245,40.83093]]]}},{"type":"Feature","id":"19092","properties":{"cod_mun":"19092","nombre":"Cogolludo","cod_prov":"19","cod_ccaa":"08"},"geometry":{"type":"Polygon","coordinates":[[[-3.22252,40.91818],[-3.20452,40.90202],[-3.18203,40.89556],[-3.18203,40.8794],[-3.13255,40.88587],[-3.1348,40.91333],[-3.11906,40.92626],[-3.10106,40.93434],[-3.07182,40.91656],[-3.07407,40.91172],[-3.06058,40.92141],[-3.03359,40.92303],[-3.03359,40.93434],[-3.04484,40.95695],[-3.05608,40.99734],[-3.07407,41.01027],[-3.10106,41.01835],[-3.08307,40.97957],[-3.07407,40.96988],[-3.09881,40.96988],[-3.09657,40.96019],[-3.11906,40.94726],[-3.14155,40.94726],[-3.15054,40.9618],[-3.18653,40.97311],[-3.18428,40.95372],[-3.21577,40.94403],[-3.22252,40.91818]]]}},{"type":"Feature","id":"16278","properties":{"cod_mun":"16278","nombre":"Zafrilla","cod_prov":"16","cod_ccaa":"08"},"geometry":{"type":"Polygon","coordinates":[[[-1.74259,40.27839],[-1.69986,40.25577],[-1.69311,40.23962],[-1.65488,40.20892],[-1.62339,40.17661],[-1.5919,40.1556],[-1.56491,40.15883],[-1.54917,40.14914],[-1.55142,40.17337],[-1.54017,40.19115],[-1.56716,40.21215],[-1.56941,40.21377],[-1.5919,40.23638],[-1.60765,40.24285],[-1.65938,40.28162],[-1.66612,40.29455],[-1.68862,40.30909],[-1.69986,40.30747],[-1.71785,40.27839],[-1.74259,40.27839]]]}},{"type":"Feature","id":"16279","properties":{"cod_mun":"16279","nombre":"Zarza de Tajo","cod_prov":"16","cod_ccaa":"08"},"geometry":{"type":"Polygon","coordinates":[[[-3.16179,40.06513],[-3.17079,40.04736],[-3.16629,40.02797],[-3.15054,40.0102],[-3.14155,39.98435],[-3.09657,39.98758],[-3.09881,40.00858],[-3.08982,40.0312],[-3.09881,40.05382],[-3.09432,40.06836],[-3.11906,40.0619],[-3.16179,40.06513]]]}},{"type":"Feature","id":"16280","properties":{"cod_mun":"16280","nombre":"Zarzuela","cod_prov":"16","cod_ccaa":"08"},"geometry":{"type":"Polygon","coordinates":[[[-2.12494,40.22831],[-2.10245,40.27354],[-2.1137,40.30586],[-2.1182,40.30909],[-2.14294,40.29616],[-2.16993,40.29132],[-2.17443,40.24285],[-2.14744,40.22669],[-2.12494,40.22831]]]}},{"type":"Feature","id":"19095","properties":{"cod_mun":"19095","nombre":"Condemios de Abajo","cod_prov":"19","cod_ccaa":"08"},"geometry":{"type":"Polygon","coordinates":[[[-3.11456,41.22999],[-3.11906,41.18799],[-3.08532,41.19607],[-3.08082,41.23646],[-3.11456,41.22999]]]}},{"type":"Feature","id":"16901","properties":{"cod_mun":"16901","nombre":"Campos del Paraíso","cod_prov":"16","cod_ccaa":"08"},"geometry":{"type":"Polygon","coordinates":[[[-2.80193,40.01343],[-2.77944,40.01827],[-2.76594,40.0102],[-2.7637,39.98919],[-2.78169,39.97142],[-2.78169,39.95526],[-2.77269,39.92618],[-2.75695,39.91811],[-2.70297,39.93426],[-2.69847,39.94719],[-2.67148,39.96173],[-2.68723,39.9795],[-2.67148,39.99404],[-2.64674,39.99727],[-2.631,40.01666],[-2.60626,40.03443],[-2.59501,40.05543],[-2.57477,40.07159],[-2.58152,40.09259],[-2.60851,40.09744],[-2.63774,40.09582],[-2.64224,40.07805],[-2.65799,40.06997],[-2.67823,40.07321],[-2.68947,40.08936],[-2.7412,40.1136],[-2.75695,40.11037],[-2.77944,40.09098],[-2.76594,40.07482],[-2.77719,40.04251],[-2.80193,40.01343]]]}},{"type":"Feature","id":"16902","properties":{"cod_mun":"16902","nombre":"Valdetórtola","cod_prov":"16","cod_ccaa":"08"},"geometry":{"type":"Polygon","coordinates":[[[-2.26664,39.9488],[-2.23965,39.9278],[-2.26214,39.90033],[-2.21716,39.89549],[-2.19467,39.89872],[-2.14519,39.87771],[-2.10695,39.86317],[-2.09796,39.88741],[-2.09346,39.90195],[-2.11145,39.94234],[-2.13619,39.96173],[-2.14519,39.99404],[-2.16993,39.97788],[-2.15643,39.96011],[-2.18567,39.9488],[-2.20366,39.96496],[-2.26664,39.9488]]]}},{"type":"Feature","id":"16903","properties":{"cod_mun":"16903","nombre":"Valeras, Las","cod_prov":"16","cod_ccaa":"08"},"geometry":{"type":"Polygon","coordinates":[[[-2.21041,39.76624],[-2.18567,39.74846],[-2.16993,39.72585],[-2.13619,39.71131],[-2.12719,39.73716],[-2.09571,39.75493],[-2.1002,39.76462],[-2.1092,39.77916],[-2.09796,39.84056],[-2.09121,39.84863],[-2.10695,39.86156],[-2.10695,39.86317],[-2.14519,39.87771],[-2.18117,39.83894],[-2.20141,39.82763],[-2.17443,39.79855],[-2.21041,39.76624]]]}},{"type":"Feature","id":"16906","properties":{"cod_mun":"16906","nombre":"Valdecolmenas, Los","cod_prov":"16","cod_ccaa":"08"},"geometry":{"type":"Polygon","coordinates":[[[-2.51854,40.11037],[-2.4893,40.08775],[-2.47131,40.08936],[-2.43307,40.08128],[-2.41283,40.10067],[-2.42183,40.11037],[-2.44882,40.11521],[-2.46006,40.12975],[-2.50505,40.13622],[-2.51854,40.11037]]]}},{"type":"Feature","id":"16904","properties":{"cod_mun":"16904","nombre":"Fuentenava de Jábaga","cod_prov":"16","cod_ccaa":"08"},"geometry":{"type":"Polygon","coordinates":[[[-2.3746,40.17661],[-2.3746,40.14591],[-2.36785,40.12652],[-2.34536,40.11198],[-2.36785,40.10552],[-2.37235,40.09582],[-2.33861,40.08613],[-2.32512,40.06997],[-2.24415,40.06513],[-2.20366,40.06997],[-2.21266,40.0829],[-2.2464,40.10229],[-2.2464,40.12006],[-2.27789,40.14106],[-2.25989,40.15076],[-2.26439,40.17499],[-2.29138,40.19599],[-2.30937,40.1863],[-2.32062,40.20407],[-2.34086,40.20892],[-2.3746,40.17661]]]}},{"type":"Feature","id":"16905","properties":{"cod_mun":"16905","nombre":"Arcas","cod_prov":"16","cod_ccaa":"08"},"geometry":{"type":"Polygon","coordinates":[[[-2.14519,39.99404],[-2.13619,39.96173],[-2.11145,39.94234],[-2.09346,39.90195],[-2.09796,39.88741],[-2.06197,39.87771],[-2.04623,39.88418],[-2.04623,39.92618],[-2.06422,39.95042],[-2.03948,39.96981],[-2.03498,39.98596],[-2.05072,39.99081],[-2.09796,40.00373],[-2.12719,40.02312],[-2.13844,40.01827],[-2.14519,39.99404]]]}},{"type":"Feature","id":"19097","properties":{"cod_mun":"19097","nombre":"Congostrina","cod_prov":"19","cod_ccaa":"08"},"geometry":{"type":"Polygon","coordinates":[[[-3.00885,41.05066],[-3.01335,41.04097],[-2.98861,41.01512],[-2.96837,41.02158],[-2.94812,41.03935],[-2.95487,41.06197],[-2.94587,41.07328],[-2.95487,41.08297],[-2.97736,41.07651],[-3.00885,41.05066]]]}},{"type":"Feature","id":"16908","properties":{"cod_mun":"16908","nombre":"Pozorrubielos de la Mancha","cod_prov":"16","cod_ccaa":"08"},"geometry":{"type":"Polygon","coordinates":[[[-2.08446,39.44957],[-2.07097,39.44957],[-2.07321,39.42372],[-2.01474,39.42049],[-2.01024,39.44473],[-2.01699,39.46896],[-1.99899,39.48027],[-1.94951,39.49158],[-1.95626,39.49643],[-1.95626,39.52712],[-1.97875,39.52712],[-2.01024,39.5142],[-2.03498,39.52551],[-2.06647,39.49966],[-2.06647,39.4835],[-2.07546,39.47704],[-2.05972,39.4625],[-2.08446,39.44957]]]}},{"type":"Feature","id":"19001","properties":{"cod_mun":"19001","nombre":"Abánades","cod_prov":"19","cod_ccaa":"08"},"geometry":{"type":"Polygon","coordinates":[[[-2.50505,40.87456],[-2.4983,40.84548],[-2.44207,40.87133],[-2.42633,40.88425],[-2.41733,40.88748],[-2.43757,40.91172],[-2.47581,40.91495],[-2.49155,40.90849],[-2.5073,40.88425],[-2.50505,40.87456]]]}},{"type":"Feature","id":"16909","properties":{"cod_mun":"16909","nombre":"Sotorribas","cod_prov":"16","cod_ccaa":"08"},"geometry":{"type":"Polygon","coordinates":[[[-2.25539,40.33978],[-2.2419,40.30909],[-2.2509,40.29939],[-2.2374,40.27031],[-2.22391,40.24123],[-2.19692,40.19438],[-2.18342,40.17661],[-2.1182,40.19438],[-2.1137,40.20569],[-2.12494,40.22831],[-2.14744,40.22669],[-2.17443,40.24285],[-2.16993,40.29132],[-2.14294,40.29616],[-2.1182,40.30909],[-2.13844,40.33332],[-2.13619,40.35271],[-2.15193,40.35594],[-2.16993,40.37533],[-2.18342,40.38017],[-2.19467,40.36402],[-2.2329,40.36563],[-2.25539,40.33978]]]}},{"type":"Feature","id":"16910","properties":{"cod_mun":"16910","nombre":"Villar y Velasco","cod_prov":"16","cod_ccaa":"08"},"geometry":{"type":"Polygon","coordinates":[[[-2.46006,40.16853],[-2.46006,40.12975],[-2.44882,40.11521],[-2.42183,40.11037],[-2.41283,40.10067],[-2.37235,40.09421],[-2.37235,40.09582],[-2.36785,40.10552],[-2.34536,40.11198],[-2.36785,40.12652],[-2.3746,40.14591],[-2.3746,40.17661],[-2.39934,40.1863],[-2.41058,40.17984],[-2.46006,40.16853]]]}},{"type":"Feature","id":"19002","properties":{"cod_mun":"19002","nombre":"Ablanque","cod_prov":"19","cod_ccaa":"08"},"geometry":{"type":"Polygon","coordinates":[[[-2.2509,40.86486],[-2.23965,40.85194],[-2.21716,40.85678],[-2.21491,40.84548],[-2.19692,40.88587],[-2.18342,40.89556],[-2.16768,40.91333],[-2.18567,40.92949],[-2.2374,40.95534],[-2.26214,40.89394],[-2.2509,40.86486]]]}},{"type":"Feature","id":"19003","properties":{"cod_mun":"19003","nombre":"Adobes","cod_prov":"19","cod_ccaa":"08"},"geometry":{"type":"Polygon","coordinates":[[[-1.71336,40.68553],[-1.69761,40.65483],[-1.69536,40.63221],[-1.67737,40.63544],[-1.64813,40.65806],[-1.62564,40.66291],[-1.64813,40.69361],[-1.69311,40.70007],[-1.71336,40.68553]]]}},{"type":"Feature","id":"19004","properties":{"cod_mun":"19004","nombre":"Alaminos","cod_prov":"19","cod_ccaa":"08"},"geometry":{"type":"Polygon","coordinates":[[[-2.75245,40.86971],[-2.7502,40.86809],[-2.73446,40.85032],[-2.71646,40.84709],[-2.69847,40.85517],[-2.70747,40.89394],[-2.73221,40.91172],[-2.73446,40.91172],[-2.73671,40.89233],[-2.75245,40.86971]]]}},{"type":"Feature","id":"19008","properties":{"cod_mun":"19008","nombre":"Albendiego","cod_prov":"19","cod_ccaa":"08"},"geometry":{"type":"Polygon","coordinates":[[[-3.08532,41.19607],[-3.04708,41.1993],[-3.02234,41.20738],[-3.03134,41.2413],[-3.06058,41.23807],[-3.07182,41.24454],[-3.08082,41.23646],[-3.08532,41.19607]]]}},{"type":"Feature","id":"19005","properties":{"cod_mun":"19005","nombre":"Alarilla","cod_prov":"19","cod_ccaa":"08"},"geometry":{"type":"Polygon","coordinates":[[[-3.13255,40.81155],[-3.1303,40.80347],[-3.10331,40.80185],[-3.10106,40.81155],[-3.10106,40.82609],[-3.08532,40.8374],[-3.07857,40.84386],[-3.07857,40.84871],[-3.09881,40.88263],[-3.11906,40.8891],[-3.11906,40.88425],[-3.11231,40.86809],[-3.13255,40.81155]]]}},{"type":"Feature","id":"19006","properties":{"cod_mun":"19006","nombre":"Albalate de Zorita","cod_prov":"19","cod_ccaa":"08"},"geometry":{"type":"Polygon","coordinates":[[[-2.92113,40.29455],[-2.90314,40.26708],[-2.88065,40.27193],[-2.85141,40.25254],[-2.80643,40.25254],[-2.80868,40.32686],[-2.81543,40.33171],[-2.84916,40.31878],[-2.86715,40.30586],[-2.88965,40.30262],[-2.92113,40.29455]]]}},{"type":"Feature","id":"19007","properties":{"cod_mun":"19007","nombre":"Albares","cod_prov":"19","cod_ccaa":"08"},"geometry":{"type":"Polygon","coordinates":[[[-3.07632,40.29939],[-3.06058,40.28647],[-3.01335,40.27677],[-2.9976,40.31232],[-3.01335,40.33171],[-3.06733,40.33332],[-3.06733,40.33171],[-3.06733,40.31393],[-3.07632,40.29939]]]}},{"type":"Feature","id":"19009","properties":{"cod_mun":"19009","nombre":"Alcocer","cod_prov":"19","cod_ccaa":"08"},"geometry":{"type":"Polygon","coordinates":[[[-2.65124,40.43995],[-2.63999,40.44803],[-2.61076,40.44642],[-2.59051,40.44965],[-2.55678,40.43511],[-2.52079,40.4238],[-2.50505,40.44803],[-2.51629,40.45934],[-2.54553,40.47388],[-2.55003,40.47065],[-2.59951,40.50135],[-2.61975,40.50619],[-2.6355,40.50135],[-2.64899,40.47065],[-2.65124,40.43995]]]}},{"type":"Feature","id":"19010","properties":{"cod_mun":"19010","nombre":"Alcolea de las Peñas","cod_prov":"19","cod_ccaa":"08"},"geometry":{"type":"Polygon","coordinates":[[[-2.80643,41.22515],[-2.79068,41.18476],[-2.7592,41.18476],[-2.77044,41.21061],[-2.77494,41.24938],[-2.78169,41.25423],[-2.79293,41.22999],[-2.80643,41.22515]]]}},{"type":"Feature","id":"19011","properties":{"cod_mun":"19011","nombre":"Alcolea del Pinar","cod_prov":"19","cod_ccaa":"08"},"geometry":{"type":"Polygon","coordinates":[[[-2.56802,40.98442],[-2.55453,40.96342],[-2.51404,40.94403],[-2.49155,40.90849],[-2.47581,40.91495],[-2.43757,40.91172],[-2.45332,40.94564],[-2.49605,40.96503],[-2.4893,40.97957],[-2.46906,40.97796],[-2.43532,41.00542],[-2.42183,41.02643],[-2.41958,41.05712],[-2.43083,41.07166],[-2.46906,41.07813],[-2.4983,41.0652],[-2.5073,41.03935],[-2.49605,41.02643],[-2.52304,41.00058],[-2.56802,40.98442]]]}},{"type":"Feature","id":"19013","properties":{"cod_mun":"19013","nombre":"Alcoroches","cod_prov":"19","cod_ccaa":"08"},"geometry":{"type":"Polygon","coordinates":[[[-1.79657,40.62737],[-1.76059,40.61283],[-1.74484,40.58859],[-1.71785,40.59505],[-1.7156,40.61606],[-1.69986,40.6306],[-1.74709,40.64029],[-1.76958,40.66937],[-1.79432,40.64029],[-1.79657,40.62737]]]}},{"type":"Feature","id":"19015","properties":{"cod_mun":"19015","nombre":"Aldeanueva de Guadalajara","cod_prov":"19","cod_ccaa":"08"},"geometry":{"type":"Polygon","coordinates":[[[-3.07857,40.6726],[-3.04933,40.66776],[-3.03809,40.66937],[-3.02459,40.69522],[-3.04034,40.70815],[-3.06283,40.71138],[-3.07857,40.6726]]]}},{"type":"Feature","id":"19016","properties":{"cod_mun":"19016","nombre":"Algar de Mesa","cod_prov":"19","cod_ccaa":"08"},"geometry":{"type":"Polygon","coordinates":[[[-1.98775,41.16052],[-1.94052,41.09751],[-1.93377,41.09751],[-1.91803,41.12013],[-1.92252,41.13467],[-1.93152,41.1379],[-1.94726,41.16699],[-1.96301,41.17183],[-1.98775,41.16052]]]}},{"type":"Feature","id":"19017","properties":{"cod_mun":"19017","nombre":"Algora","cod_prov":"19","cod_ccaa":"08"},"geometry":{"type":"Polygon","coordinates":[[[-2.70972,40.96019],[-2.68947,40.92787],[-2.69847,40.9101],[-2.68498,40.90041],[-2.66024,40.90364],[-2.64224,40.91979],[-2.62875,40.93918],[-2.63999,40.97149],[-2.65574,40.98927],[-2.68947,40.9925],[-2.70972,40.96019]]]}},{"type":"Feature","id":"19018","properties":{"cod_mun":"19018","nombre":"Alhóndiga","cod_prov":"19","cod_ccaa":"08"},"geometry":{"type":"Polygon","coordinates":[[[-2.85366,40.54982],[-2.84916,40.53043],[-2.85591,40.50781],[-2.82442,40.47873],[-2.82217,40.50458],[-2.80418,40.53043],[-2.81992,40.54174],[-2.85366,40.54982]]]}},{"type":"Feature","id":"19019","properties":{"cod_mun":"19019","nombre":"Alique","cod_prov":"19","cod_ccaa":"08"},"geometry":{"type":"Polygon","coordinates":[[[-2.65574,40.60152],[-2.68273,40.58698],[-2.65574,40.57082],[-2.631,40.58051],[-2.62425,40.5999],[-2.65124,40.60636],[-2.65574,40.60152]]]}},{"type":"Feature","id":"19020","properties":{"cod_mun":"19020","nombre":"Almadrones","cod_prov":"19","cod_ccaa":"08"},"geometry":{"type":"Polygon","coordinates":[[[-2.78394,40.91656],[-2.79068,40.89879],[-2.77044,40.86486],[-2.75245,40.86971],[-2.73671,40.89233],[-2.73446,40.91172],[-2.7547,40.92464],[-2.78394,40.91656]]]}},{"type":"Feature","id":"19021","properties":{"cod_mun":"19021","nombre":"Almoguera","cod_prov":"19","cod_ccaa":"08"},"geometry":{"type":"MultiPolygon","coordinates":[[[[-3.09207,40.28808],[-3.11006,40.28485],[-3.08757,40.24608],[-3.07857,40.20892],[-3.08757,40.20084],[-3.07857,40.16691],[-3.06733,40.15722],[-3.06283,40.16853],[-3.06283,40.18145],[-3.02684,40.17984],[-3.03359,40.19599],[-3.05383,40.21215],[-3.06058,40.23315],[-3.09657,40.28162],[-3.09207,40.28808]]],[[[-3.17978,40.30101],[-3.18428,40.27031],[-3.19778,40.25739],[-3.19553,40.24769],[-3.17304,40.23477],[-3.15279,40.26385],[-3.11231,40.28485],[-3.1438,40.29939],[-3.17978,40.30101]]],[[[-3.01335,40.33171],[-2.9976,40.31232],[-3.01335,40.27677],[-2.9976,40.27193],[-2.97511,40.24446],[-2.93688,40.25577],[-2.90314,40.26708],[-2.92113,40.29455],[-2.92788,40.30909],[-2.97286,40.32847],[-2.99311,40.34463],[-3.01335,40.33171]]],[[[-3.04933,40.3624],[-3.10556,40.34786],[-3.06733,40.33171],[-3.06733,40.33332],[-3.04933,40.3624]]]]}},{"type":"Feature","id":"19022","properties":{"cod_mun":"19022","nombre":"Almonacid de Zorita","cod_prov":"19","cod_ccaa":"08"},"geometry":{"type":"MultiPolygon","coordinates":[[[[-2.85141,40.25254],[-2.85366,40.23154],[-2.8694,40.20892],[-2.86266,40.20084],[-2.82667,40.20246],[-2.80643,40.25254],[-2.85141,40.25254]]],[[[-2.86266,40.36725],[-2.86715,40.35432],[-2.89414,40.34625],[-2.87165,40.3414],[-2.84916,40.31878],[-2.81543,40.33171],[-2.81767,40.36402],[-2.82442,40.3624],[-2.86266,40.36725]]]]}},{"type":"Feature","id":"19027","properties":{"cod_mun":"19027","nombre":"Alustante","cod_prov":"19","cod_ccaa":"08"},"geometry":{"type":"Polygon","coordinates":[[[-1.71785,40.59505],[-1.69311,40.57728],[-1.67512,40.59182],[-1.66612,40.58213],[-1.63464,40.58051],[-1.59865,40.56274],[-1.54467,40.59505],[-1.56491,40.61444],[-1.62564,40.66291],[-1.64813,40.65806],[-1.67737,40.63544],[-1.69536,40.63221],[-1.69986,40.6306],[-1.7156,40.61606],[-1.71785,40.59505]]]}},{"type":"Feature","id":"19023","properties":{"cod_mun":"19023","nombre":"Alocén","cod_prov":"19","cod_ccaa":"08"},"geometry":{"type":"Polygon","coordinates":[[[-2.77269,40.56436],[-2.7592,40.54658],[-2.72996,40.53689],[-2.72546,40.55305],[-2.70522,40.56436],[-2.72996,40.57082],[-2.72996,40.58374],[-2.71646,40.60313],[-2.72321,40.5999],[-2.75245,40.58051],[-2.77044,40.57728],[-2.77269,40.56436]]]}},{"type":"Feature","id":"19024","properties":{"cod_mun":"19024","nombre":"Alovera","cod_prov":"19","cod_ccaa":"08"},"geometry":{"type":"Polygon","coordinates":[[[-3.27874,40.58698],[-3.27425,40.58213],[-3.23376,40.56436],[-3.21802,40.59182],[-3.23826,40.61283],[-3.25625,40.61444],[-3.27874,40.58698]]]}},{"type":"Feature","id":"19032","properties":{"cod_mun":"19032","nombre":"Anguita","cod_prov":"19","cod_ccaa":"08"},"geometry":{"type":"Polygon","coordinates":[[[-2.43532,41.00542],[-2.41058,40.98765],[-2.39709,40.98442],[-2.38584,41.00542],[-2.37235,41.01027],[-2.34536,40.98119],[-2.38584,40.97634],[-2.38584,40.94726],[-2.3656,40.9408],[-2.3611,40.91495],[-2.33636,40.93272],[-2.31837,40.93272],[-2.30263,40.95695],[-2.25314,40.96503],[-2.26214,40.98765],[-2.28013,40.98765],[-2.31612,41.00865],[-2.32961,41.03127],[-2.32287,41.05712],[-2.35436,41.0862],[-2.40159,41.06197],[-2.41958,41.05712],[-2.42183,41.02643],[-2.43532,41.00542]]]}},{"type":"Feature","id":"19033","properties":{"cod_mun":"19033","nombre":"Anquela del Ducado","cod_prov":"19","cod_ccaa":"08"},"geometry":{"type":"Polygon","coordinates":[[[-2.15643,40.92303],[-2.14969,40.94403],[-2.12944,40.97311],[-2.10695,40.98604],[-2.14744,40.99896],[-2.19242,40.96826],[-2.18342,40.9618],[-2.15643,40.92303]]]}},{"type":"Feature","id":"19036","properties":{"cod_mun":"19036","nombre":"Aranzueque","cod_prov":"19","cod_ccaa":"08"},"geometry":{"type":"Polygon","coordinates":[[[-3.10781,40.49488],[-3.10106,40.47065],[-3.06958,40.46257],[-3.05383,40.47388],[-3.04933,40.49165],[-3.06283,40.5175],[-3.09881,40.50943],[-3.10331,40.50296],[-3.10781,40.49488]]]}},{"type":"Feature","id":"19037","properties":{"cod_mun":"19037","nombre":"Arbancón","cod_prov":"19","cod_ccaa":"08"},"geometry":{"type":"Polygon","coordinates":[[[-3.19778,41.02804],[-3.20002,41.00542],[-3.17978,40.99088],[-3.18653,40.97311],[-3.15054,40.9618],[-3.14155,40.94726],[-3.11906,40.94726],[-3.09657,40.96019],[-3.09881,40.96988],[-3.1303,40.98119],[-3.15279,41.00865],[-3.16854,41.01835],[-3.19778,41.02804]]]}},{"type":"Feature","id":"19098","properties":{"cod_mun":"19098","nombre":"Copernal","cod_prov":"19","cod_ccaa":"08"},"geometry":{"type":"Polygon","coordinates":[[[-3.06958,40.85194],[-3.02909,40.86002],[-3.04034,40.89233],[-3.07407,40.87779],[-3.06958,40.85194]]]}},{"type":"Feature","id":"19038","properties":{"cod_mun":"19038","nombre":"Arbeteta","cod_prov":"19","cod_ccaa":"08"},"geometry":{"type":"Polygon","coordinates":[[[-2.46231,40.70815],[-2.44207,40.68876],[-2.44657,40.64837],[-2.43532,40.63544],[-2.40384,40.62898],[-2.32287,40.67422],[-2.33186,40.68391],[-2.3566,40.69845],[-2.38809,40.69361],[-2.44207,40.72107],[-2.45781,40.72269],[-2.46231,40.70815]]]}},{"type":"Feature","id":"19039","properties":{"cod_mun":"19039","nombre":"Argecilla","cod_prov":"19","cod_ccaa":"08"},"geometry":{"type":"Polygon","coordinates":[[[-2.86266,40.89879],[-2.83792,40.88102],[-2.83117,40.86325],[-2.79293,40.84386],[-2.77044,40.86486],[-2.79068,40.89879],[-2.78394,40.91656],[-2.82442,40.92303],[-2.84466,40.92141],[-2.86266,40.91495],[-2.86266,40.89879]]]}},{"type":"Feature","id":"19099","properties":{"cod_mun":"19099","nombre":"Corduente","cod_prov":"19","cod_ccaa":"08"},"geometry":{"type":"Polygon","coordinates":[[[-2.12494,40.83093],[-2.15418,40.79701],[-2.15193,40.78408],[-2.11595,40.78247],[-2.07996,40.73561],[-2.05522,40.75177],[-2.03723,40.75177],[-2.03948,40.77116],[-2.02598,40.7857],[-2.00799,40.7857],[-1.981,40.8067],[-1.94052,40.7857],[-1.94052,40.77439],[-1.92477,40.78247],[-1.90003,40.77277],[-1.89553,40.80185],[-1.90903,40.84548],[-1.92702,40.85355],[-1.93152,40.8374],[-1.97425,40.86486],[-1.98325,40.88263],[-1.96751,40.90202],[-1.96076,40.9311],[-1.96076,40.94888],[-1.99674,40.95049],[-2.01249,40.96342],[-2.06422,40.9618],[-2.09121,40.91495],[-2.02823,40.90849],[-2.00574,40.91172],[-2.00124,40.87779],[-2.04623,40.84871],[-2.08896,40.8584],[-2.11145,40.84871],[-2.12494,40.83093]]]}},{"type":"Feature","id":"19040","properties":{"cod_mun":"19040","nombre":"Armallones","cod_prov":"19","cod_ccaa":"08"},"geometry":{"type":"Polygon","coordinates":[[[-2.38809,40.75015],[-2.3611,40.72107],[-2.3566,40.69845],[-2.33186,40.68391],[-2.30263,40.69361],[-2.28463,40.70815],[-2.2464,40.71784],[-2.2419,40.72753],[-2.29138,40.76146],[-2.31612,40.77116],[-2.32961,40.78893],[-2.34536,40.78731],[-2.34761,40.7857],[-2.3566,40.78731],[-2.38809,40.75015]]]}},{"type":"Feature","id":"19041","properties":{"cod_mun":"19041","nombre":"Armuña de Tajuña","cod_prov":"19","cod_ccaa":"08"},"geometry":{"type":"Polygon","coordinates":[[[-3.06958,40.52881],[-3.06283,40.5175],[-3.04933,40.49165],[-3.03584,40.51104],[-3.01785,40.50781],[-3.0111,40.53204],[-2.99311,40.53689],[-2.98636,40.55143],[-2.99985,40.54174],[-3.0201,40.54658],[-3.04933,40.54658],[-3.06958,40.52881]]]}},{"type":"Feature","id":"19042","properties":{"cod_mun":"19042","nombre":"Arroyo de las Fraguas","cod_prov":"19","cod_ccaa":"08"},"geometry":{"type":"MultiPolygon","coordinates":[[[[-3.11681,41.02319],[-3.14605,41.03774],[-3.16854,41.01835],[-3.15279,41.00865],[-3.11681,41.02319]]],[[[-3.11006,41.11205],[-3.15054,41.13306],[-3.1483,41.09751],[-3.12805,41.08944],[-3.12355,41.07166],[-3.10781,41.0862],[-3.10106,41.09428],[-3.11006,41.11205]]]]}},{"type":"Feature","id":"19043","properties":{"cod_mun":"19043","nombre":"Atanzón","cod_prov":"19","cod_ccaa":"08"},"geometry":{"type":"Polygon","coordinates":[[[-3.04933,40.66776],[-3.02909,40.65645],[-3.02684,40.63706],[-3.02234,40.62575],[-3.00435,40.62252],[-2.98411,40.63383],[-2.99086,40.66453],[-2.98411,40.6823],[-3.0021,40.69522],[-3.02459,40.69522],[-3.03809,40.66937],[-3.04933,40.66776]]]}},{"type":"Feature","id":"19045","properties":{"cod_mun":"19045","nombre":"Auñón","cod_prov":"19","cod_ccaa":"08"},"geometry":{"type":"Polygon","coordinates":[[[-2.82667,40.47388],[-2.79968,40.46903],[-2.78394,40.45773],[-2.77719,40.49004],[-2.7457,40.49327],[-2.73221,40.50943],[-2.72996,40.53689],[-2.7592,40.54658],[-2.77269,40.56436],[-2.79968,40.55305],[-2.80418,40.53043],[-2.82217,40.50458],[-2.82442,40.47873],[-2.82667,40.47388]]]}},{"type":"Feature","id":"19044","properties":{"cod_mun":"19044","nombre":"Atienza","cod_prov":"19","cod_ccaa":"08"},"geometry":{"type":"MultiPolygon","coordinates":[[[[-2.93913,41.14437],[-2.95037,41.16052],[-2.96612,41.15406],[-2.96162,41.13467],[-2.93913,41.14437]]],[[[-2.90089,41.2413],[-2.93013,41.251],[-2.95262,41.22838],[-2.94362,41.2203],[-2.90314,41.21545],[-2.89639,41.20899],[-2.91888,41.17668],[-2.88065,41.15406],[-2.86491,41.13952],[-2.84466,41.13952],[-2.82217,41.16537],[-2.83342,41.17991],[-2.84017,41.21707],[-2.80643,41.22515],[-2.79293,41.22999],[-2.78169,41.25423],[-2.81992,41.25746],[-2.86715,41.27523],[-2.8784,41.26392],[-2.8919,41.23484],[-2.90089,41.2413]]]]}},{"type":"Feature","id":"19050","properties":{"cod_mun":"19050","nombre":"Barriopedro","cod_prov":"19","cod_ccaa":"08"},"geometry":{"type":"Polygon","coordinates":[[[-2.77494,40.80508],[-2.78394,40.78731],[-2.77494,40.76793],[-2.76145,40.76631],[-2.72771,40.79054],[-2.77494,40.80508]]]}},{"type":"Feature","id":"19046","properties":{"cod_mun":"19046","nombre":"Azuqueca de Henares","cod_prov":"19","cod_ccaa":"08"},"geometry":{"type":"Polygon","coordinates":[[[-3.28999,40.53204],[-3.25175,40.54174],[-3.23151,40.54012],[-3.24501,40.55628],[-3.23376,40.56436],[-3.27425,40.58213],[-3.28774,40.57243],[-3.28324,40.55143],[-3.28999,40.53204]]]}},{"type":"Feature","id":"19051","properties":{"cod_mun":"19051","nombre":"Berninches","cod_prov":"19","cod_ccaa":"08"},"geometry":{"type":"Polygon","coordinates":[[[-2.86041,40.55628],[-2.85366,40.54982],[-2.81992,40.54174],[-2.80418,40.53043],[-2.79968,40.55305],[-2.77269,40.56436],[-2.77044,40.57728],[-2.80193,40.61121],[-2.80418,40.61121],[-2.82442,40.59667],[-2.86041,40.55628]]]}},{"type":"Feature","id":"19047","properties":{"cod_mun":"19047","nombre":"Baides","cod_prov":"19","cod_ccaa":"08"},"geometry":{"type":"Polygon","coordinates":[[[-2.82892,41.00219],[-2.81318,40.98604],[-2.80418,40.98119],[-2.76819,40.98442],[-2.7412,40.9828],[-2.72771,40.99088],[-2.72771,41.02481],[-2.73895,41.01835],[-2.79968,41.02158],[-2.82892,41.00219]]]}},{"type":"Feature","id":"19048","properties":{"cod_mun":"19048","nombre":"Baños de Tajo","cod_prov":"19","cod_ccaa":"08"},"geometry":{"type":"Polygon","coordinates":[[[-2.07097,40.71461],[-2.04623,40.69684],[-2.00349,40.70653],[-1.94726,40.71299],[-1.94277,40.72107],[-1.96976,40.74531],[-1.981,40.74369],[-1.99,40.73561],[-2.03948,40.71946],[-2.07097,40.71461]]]}},{"type":"Feature","id":"19049","properties":{"cod_mun":"19049","nombre":"Bañuelos","cod_prov":"19","cod_ccaa":"08"},"geometry":{"type":"Polygon","coordinates":[[[-2.95037,41.293],[-2.93463,41.28493],[-2.93013,41.26715],[-2.91439,41.25908],[-2.90539,41.29624],[-2.8829,41.32209],[-2.8874,41.32532],[-2.90764,41.32693],[-2.93463,41.31401],[-2.95037,41.293]]]}},{"type":"Feature","id":"19052","properties":{"cod_mun":"19052","nombre":"Bodera, La","cod_prov":"19","cod_ccaa":"08"},"geometry":{"type":"Polygon","coordinates":[[[-2.91664,41.14275],[-2.91664,41.13306],[-2.89414,41.09105],[-2.87165,41.0959],[-2.86715,41.10236],[-2.86491,41.13952],[-2.88065,41.15406],[-2.91664,41.14275]]]}},{"type":"Feature","id":"19053","properties":{"cod_mun":"19053","nombre":"Brihuega","cod_prov":"19","cod_ccaa":"08"},"geometry":{"type":"Polygon","coordinates":[[[-2.98861,40.74531],[-2.97286,40.72592],[-2.95037,40.70168],[-2.93013,40.70007],[-2.94362,40.64514],[-2.93238,40.64191],[-2.91214,40.61767],[-2.88515,40.62575],[-2.87615,40.63544],[-2.86266,40.66937],[-2.83117,40.66937],[-2.80868,40.65968],[-2.79293,40.66453],[-2.81093,40.69522],[-2.78394,40.71299],[-2.76594,40.70815],[-2.74795,40.72107],[-2.7457,40.734],[-2.73221,40.74369],[-2.71871,40.755],[-2.72771,40.77439],[-2.72321,40.78893],[-2.72771,40.79054],[-2.76145,40.76631],[-2.77494,40.76793],[-2.78394,40.78731],[-2.77494,40.80508],[-2.75245,40.81316],[-2.75245,40.83093],[-2.7502,40.86809],[-2.75245,40.86971],[-2.77044,40.86486],[-2.79293,40.84386],[-2.79293,40.83578],[-2.82667,40.81478],[-2.85141,40.81963],[-2.8919,40.80832],[-2.90539,40.80024],[-2.92338,40.78893],[-2.95037,40.76954],[-2.96837,40.76469],[-2.98861,40.74531]]]}},{"type":"Feature","id":"19054","properties":{"cod_mun":"19054","nombre":"Budia","cod_prov":"19","cod_ccaa":"08"},"geometry":{"type":"Polygon","coordinates":[[[-2.80418,40.61121],[-2.80193,40.61121],[-2.77719,40.61121],[-2.73895,40.62252],[-2.7412,40.65968],[-2.71421,40.66291],[-2.72096,40.69199],[-2.72546,40.71461],[-2.7457,40.734],[-2.74795,40.72107],[-2.76594,40.70815],[-2.78394,40.71299],[-2.81093,40.69522],[-2.79293,40.66453],[-2.80418,40.61121]]]}},{"type":"Feature","id":"19057","properties":{"cod_mun":"19057","nombre":"Bustares","cod_prov":"19","cod_ccaa":"08"},"geometry":{"type":"Polygon","coordinates":[[[-3.10331,41.11367],[-3.07407,41.11367],[-3.05608,41.09428],[-3.04034,41.12498],[-3.04259,41.16537],[-3.09881,41.16214],[-3.11006,41.12336],[-3.10331,41.11367]]]}},{"type":"Feature","id":"19061","properties":{"cod_mun":"19061","nombre":"Campisábalos","cod_prov":"19","cod_ccaa":"08"},"geometry":{"type":"Polygon","coordinates":[[[-3.20902,41.251],[-3.18878,41.24454],[-3.15054,41.24292],[-3.1483,41.23161],[-3.11456,41.22999],[-3.08082,41.23646],[-3.07182,41.24454],[-3.07407,41.25746],[-3.09657,41.26231],[-3.09881,41.28008],[-3.10781,41.28816],[-3.16404,41.29462],[-3.17753,41.29947],[-3.18653,41.28008],[-3.20902,41.251]]]}},{"type":"Feature","id":"19096","properties":{"cod_mun":"19096","nombre":"Condemios de Arriba","cod_prov":"19","cod_ccaa":"08"},"geometry":{"type":"Polygon","coordinates":[[[-3.16179,41.18153],[-3.15954,41.1686],[-3.1348,41.16537],[-3.11231,41.17022],[-3.09881,41.16214],[-3.04259,41.16537],[-3.04708,41.1993],[-3.08532,41.19607],[-3.11906,41.18799],[-3.11456,41.22999],[-3.1483,41.23161],[-3.16179,41.18153]]]}},{"type":"Feature","id":"19058","properties":{"cod_mun":"19058","nombre":"Cabanillas del Campo","cod_prov":"19","cod_ccaa":"08"},"geometry":{"type":"Polygon","coordinates":[[[-3.29224,40.63868],[-3.25625,40.61444],[-3.23826,40.61283],[-3.21802,40.59182],[-3.21127,40.60475],[-3.20002,40.6209],[-3.20002,40.64514],[-3.23151,40.65483],[-3.24276,40.66614],[-3.28099,40.64998],[-3.28774,40.66129],[-3.29224,40.63868]]]}},{"type":"Feature","id":"19064","properties":{"cod_mun":"19064","nombre":"Canredondo","cod_prov":"19","cod_ccaa":"08"},"geometry":{"type":"Polygon","coordinates":[[[-2.59276,40.83255],[-2.59276,40.81963],[-2.57252,40.79862],[-2.53653,40.77439],[-2.51404,40.75015],[-2.48031,40.75662],[-2.48031,40.77439],[-2.45332,40.78731],[-2.46006,40.83093],[-2.4983,40.84548],[-2.5073,40.84386],[-2.51854,40.82124],[-2.53204,40.80993],[-2.56352,40.81478],[-2.57927,40.82609],[-2.59276,40.83255]]]}},{"type":"Feature","id":"19065","properties":{"cod_mun":"19065","nombre":"Cantalojas","cod_prov":"19","cod_ccaa":"08"},"geometry":{"type":"Polygon","coordinates":[[[-3.41594,41.27362],[-3.41144,41.26069],[-3.4002,41.25423],[-3.40694,41.23323],[-3.40245,41.21384],[-3.37771,41.1993],[-3.35971,41.19445],[-3.33722,41.17022],[-3.31698,41.17022],[-3.30348,41.15406],[-3.27874,41.16214],[-3.272,41.17345],[-3.23151,41.17991],[-3.21802,41.24615],[-3.20902,41.251],[-3.18653,41.28008],[-3.17753,41.29947],[-3.20677,41.30431],[-3.23826,41.28816],[-3.254,41.25908],[-3.27425,41.26069],[-3.27649,41.27523],[-3.29224,41.25746],[-3.32598,41.26231],[-3.33722,41.25261],[-3.36871,41.26069],[-3.39345,41.25746],[-3.41594,41.27362]]]}},{"type":"Feature","id":"19066","properties":{"cod_mun":"19066","nombre":"Cañizar","cod_prov":"19","cod_ccaa":"08"},"geometry":{"type":"Polygon","coordinates":[[[-3.11006,40.77439],[-3.06958,40.74854],[-3.04484,40.75985],[-3.05158,40.79216],[-3.06508,40.80347],[-3.07182,40.80024],[-3.06958,40.80024],[-3.08757,40.79539],[-3.09657,40.776],[-3.11006,40.77439]]]}},{"type":"Feature","id":"19067","properties":{"cod_mun":"19067","nombre":"Cardoso de la Sierra, El","cod_prov":"19","cod_ccaa":"08"},"geometry":{"type":"Polygon","coordinates":[[[-3.54189,41.14921],[-3.5104,41.1379],[-3.48791,41.10398],[-3.47442,41.0959],[-3.44743,41.08136],[-3.42719,41.08297],[-3.42719,41.0652],[-3.43843,41.04258],[-3.40694,41.01512],[-3.3822,41.02966],[-3.3822,41.05066],[-3.36196,41.05712],[-3.35297,41.07651],[-3.35521,41.10236],[-3.37321,41.1686],[-3.37771,41.1993],[-3.40245,41.21384],[-3.44293,41.21545],[-3.45418,41.20253],[-3.46542,41.18314],[-3.49916,41.17829],[-3.51715,41.16214],[-3.53964,41.16537],[-3.54189,41.14921]]]}},{"type":"Feature","id":"19073","properties":{"cod_mun":"19073","nombre":"Casas de San Galindo","cod_prov":"19","cod_ccaa":"08"},"geometry":{"type":"Polygon","coordinates":[[[-3.0021,40.8794],[-2.96387,40.86648],[-2.96387,40.85517],[-2.95037,40.84548],[-2.93913,40.85194],[-2.94138,40.87617],[-2.95262,40.8794],[-2.99086,40.90202],[-2.98411,40.89071],[-3.0021,40.8794]]]}},{"type":"Feature","id":"19074","properties":{"cod_mun":"19074","nombre":"Caspueñas","cod_prov":"19","cod_ccaa":"08"},"geometry":{"type":"Polygon","coordinates":[[[-3.0021,40.69522],[-2.98411,40.6823],[-2.95487,40.68714],[-2.93013,40.70007],[-2.95037,40.70168],[-2.97286,40.72592],[-3.0066,40.70168],[-3.0021,40.69522]]]}},{"type":"Feature","id":"19075","properties":{"cod_mun":"19075","nombre":"Castejón de Henares","cod_prov":"19","cod_ccaa":"08"},"geometry":{"type":"Polygon","coordinates":[[[-2.82442,40.92303],[-2.78394,40.91656],[-2.7547,40.92464],[-2.77269,40.95534],[-2.81093,40.93595],[-2.82442,40.92303]]]}},{"type":"Feature","id":"19078","properties":{"cod_mun":"19078","nombre":"Castilforte","cod_prov":"19","cod_ccaa":"08"},"geometry":{"type":"Polygon","coordinates":[[[-2.48256,40.57567],[-2.46456,40.56113],[-2.46231,40.5482],[-2.43532,40.53528],[-2.42633,40.54012],[-2.41283,40.52558],[-2.3791,40.54335],[-2.38134,40.5482],[-2.41508,40.58051],[-2.41733,40.58859],[-2.42183,40.58374],[-2.46681,40.58859],[-2.48256,40.57567]]]}},{"type":"Feature","id":"19079","properties":{"cod_mun":"19079","nombre":"Castilnuevo","cod_prov":"19","cod_ccaa":"08"},"geometry":{"type":"Polygon","coordinates":[[[-1.90003,40.77277],[-1.88429,40.77439],[-1.8483,40.80347],[-1.82581,40.81155],[-1.85505,40.8277],[-1.87979,40.82124],[-1.89553,40.80185],[-1.90003,40.77277]]]}},{"type":"Feature","id":"19080","properties":{"cod_mun":"19080","nombre":"Cendejas de Enmedio","cod_prov":"19","cod_ccaa":"08"},"geometry":{"type":"Polygon","coordinates":[[[-2.91664,40.98604],[-2.90764,40.98765],[-2.88515,40.96665],[-2.86715,40.95857],[-2.86491,40.97473],[-2.84691,41.00219],[-2.82892,41.00219],[-2.84241,41.01189],[-2.88515,41.01027],[-2.91439,40.99088],[-2.91664,40.98604]]]}},{"type":"Feature","id":"19088","properties":{"cod_mun":"19088","nombre":"Ciruelas","cod_prov":"19","cod_ccaa":"08"},"geometry":{"type":"Polygon","coordinates":[[[-3.1348,40.76954],[-3.13255,40.74369],[-3.08757,40.72269],[-3.08082,40.71946],[-3.07632,40.74531],[-3.06958,40.74854],[-3.11006,40.77439],[-3.13255,40.77116],[-3.1348,40.76954]]]}},{"type":"Feature","id":"19089","properties":{"cod_mun":"19089","nombre":"Ciruelos del Pinar","cod_prov":"19","cod_ccaa":"08"},"geometry":{"type":"Polygon","coordinates":[[[-2.23965,40.9925],[-2.2329,40.98119],[-2.20816,40.97796],[-2.19467,41.02158],[-2.23065,41.03289],[-2.23965,41.02319],[-2.23965,40.9925]]]}},{"type":"Feature","id":"19090","properties":{"cod_mun":"19090","nombre":"Cobeta","cod_prov":"19","cod_ccaa":"08"},"geometry":{"type":"Polygon","coordinates":[[[-2.18342,40.89556],[-2.15868,40.8584],[-2.16318,40.84548],[-2.12494,40.83093],[-2.11145,40.84871],[-2.08896,40.8584],[-2.1047,40.88587],[-2.1182,40.8891],[-2.13619,40.91656],[-2.15643,40.92303],[-2.16768,40.91333],[-2.18342,40.89556]]]}},{"type":"Feature","id":"19102","properties":{"cod_mun":"19102","nombre":"Cubillo de Uceda, El","cod_prov":"19","cod_ccaa":"08"},"geometry":{"type":"Polygon","coordinates":[[[-3.42494,40.79054],[-3.4002,40.78247],[-3.37546,40.79539],[-3.37096,40.80993],[-3.37546,40.82124],[-3.39795,40.85032],[-3.42719,40.83901],[-3.45193,40.81155],[-3.45418,40.79216],[-3.42494,40.79054]]]}},{"type":"Feature","id":"19103","properties":{"cod_mun":"19103","nombre":"Checa","cod_prov":"19","cod_ccaa":"08"},"geometry":{"type":"Polygon","coordinates":[[[-1.88879,40.52881],[-1.88879,40.50619],[-1.8573,40.42541],[-1.83256,40.41895],[-1.80557,40.39795],[-1.80107,40.4141],[-1.78533,40.41249],[-1.75834,40.45126],[-1.76059,40.47065],[-1.73585,40.50296],[-1.78083,40.51589],[-1.78533,40.52397],[-1.75834,40.56113],[-1.74484,40.58859],[-1.76059,40.61283],[-1.79657,40.62737],[-1.80332,40.61606],[-1.81682,40.59021],[-1.8438,40.58213],[-1.8528,40.54335],[-1.85055,40.5272],[-1.88879,40.52881]]]}},{"type":"Feature","id":"19104","properties":{"cod_mun":"19104","nombre":"Chequilla","cod_prov":"19","cod_ccaa":"08"},"geometry":{"type":"Polygon","coordinates":[[[-1.8573,40.59828],[-1.8438,40.58213],[-1.81682,40.59021],[-1.80332,40.61606],[-1.82806,40.62575],[-1.8483,40.61767],[-1.8573,40.59828]]]}},{"type":"Feature","id":"19105","properties":{"cod_mun":"19105","nombre":"Chiloeches","cod_prov":"19","cod_ccaa":"08"},"geometry":{"type":"Polygon","coordinates":[[[-3.23376,40.56436],[-3.24501,40.55628],[-3.23151,40.54012],[-3.22252,40.52558],[-3.20002,40.51427],[-3.20002,40.51589],[-3.21802,40.52881],[-3.20452,40.53204],[-3.19328,40.54982],[-3.16404,40.54982],[-3.14155,40.58698],[-3.16854,40.59505],[-3.19328,40.61121],[-3.21127,40.60475],[-3.21802,40.59182],[-3.23376,40.56436]]]}},{"type":"Feature","id":"19106","properties":{"cod_mun":"19106","nombre":"Chillarón del Rey","cod_prov":"19","cod_ccaa":"08"},"geometry":{"type":"Polygon","coordinates":[[[-2.72996,40.57082],[-2.68947,40.57567],[-2.68498,40.58859],[-2.66024,40.60313],[-2.68723,40.60798],[-2.69622,40.61929],[-2.71646,40.60313],[-2.72996,40.58374],[-2.72996,40.57082]]]}},{"type":"Feature","id":"19107","properties":{"cod_mun":"19107","nombre":"Driebes","cod_prov":"19","cod_ccaa":"08"},"geometry":{"type":"Polygon","coordinates":[[[-3.09207,40.28808],[-3.09657,40.28162],[-3.06058,40.23315],[-3.05383,40.21215],[-3.03359,40.19599],[-3.0201,40.19276],[-2.9976,40.20892],[-2.99985,40.23154],[-3.0156,40.238],[-3.08307,40.29132],[-3.09207,40.28808]]]}},{"type":"Feature","id":"19108","properties":{"cod_mun":"19108","nombre":"Durón","cod_prov":"19","cod_ccaa":"08"},"geometry":{"type":"Polygon","coordinates":[[[-2.73895,40.62252],[-2.72321,40.5999],[-2.71646,40.60313],[-2.69622,40.61929],[-2.68048,40.6306],[-2.67598,40.64675],[-2.71197,40.65645],[-2.71421,40.66291],[-2.7412,40.65968],[-2.73895,40.62252]]]}},{"type":"Feature","id":"19109","properties":{"cod_mun":"19109","nombre":"Embid","cod_prov":"19","cod_ccaa":"08"},"geometry":{"type":"Polygon","coordinates":[[[-1.7381,40.94241],[-1.71785,40.93272],[-1.67062,40.97311],[-1.66163,40.97796],[-1.7156,41.01189],[-1.7381,41.00219],[-1.75384,40.98604],[-1.74259,40.97634],[-1.7381,40.94241]]]}},{"type":"Feature","id":"19110","properties":{"cod_mun":"19110","nombre":"Escamilla","cod_prov":"19","cod_ccaa":"08"},"geometry":{"type":"Polygon","coordinates":[[[-2.60851,40.53528],[-2.59051,40.52235],[-2.54553,40.51912],[-2.52754,40.54497],[-2.52079,40.57082],[-2.55228,40.57567],[-2.57927,40.5999],[-2.60176,40.5692],[-2.59501,40.55951],[-2.60851,40.53528]]]}},{"type":"Feature","id":"19111","properties":{"cod_mun":"19111","nombre":"Escariche","cod_prov":"19","cod_ccaa":"08"},"geometry":{"type":"Polygon","coordinates":[[[-3.1303,40.40441],[-3.08982,40.39956],[-3.07857,40.38825],[-3.03134,40.36563],[-3.02459,40.38017],[-3.02459,40.38341],[-3.02684,40.40764],[-3.03809,40.4238],[-3.07857,40.42703],[-3.07857,40.43187],[-3.09207,40.41733],[-3.1303,40.40441]]]}},{"type":"Feature","id":"19112","properties":{"cod_mun":"19112","nombre":"Escopete","cod_prov":"19","cod_ccaa":"08"},"geometry":{"type":"Polygon","coordinates":[[[-3.03809,40.4238],[-3.02684,40.40764],[-3.02459,40.38341],[-2.99535,40.40602],[-2.98186,40.40118],[-2.97511,40.43349],[-2.98861,40.43834],[-3.03809,40.4238]]]}},{"type":"Feature","id":"19114","properties":{"cod_mun":"19114","nombre":"Esplegares","cod_prov":"19","cod_ccaa":"08"},"geometry":{"type":"Polygon","coordinates":[[[-2.42633,40.88425],[-2.38584,40.83578],[-2.32961,40.8277],[-2.32287,40.84709],[-2.34311,40.88263],[-2.3701,40.88425],[-2.41733,40.88748],[-2.42633,40.88425]]]}},{"type":"Feature","id":"19119","properties":{"cod_mun":"19119","nombre":"Fuencemillán","cod_prov":"19","cod_ccaa":"08"},"geometry":{"type":"Polygon","coordinates":[[[-3.11906,40.92626],[-3.08532,40.90525],[-3.07407,40.91172],[-3.07182,40.91656],[-3.10106,40.93434],[-3.11906,40.92626]]]}},{"type":"Feature","id":"19113","properties":{"cod_mun":"19113","nombre":"Espinosa de Henares","cod_prov":"19","cod_ccaa":"08"},"geometry":{"type":"Polygon","coordinates":[[[-3.11906,40.8891],[-3.09881,40.88263],[-3.07857,40.84871],[-3.06958,40.85194],[-3.07407,40.87779],[-3.04034,40.89233],[-3.0066,40.89071],[-3.0021,40.8794],[-2.98411,40.89071],[-2.99086,40.90202],[-3.0066,40.92464],[-3.03359,40.93434],[-3.03359,40.92303],[-3.06058,40.92141],[-3.07407,40.91172],[-3.08532,40.90525],[-3.10106,40.89071],[-3.11906,40.8891]]]}},{"type":"Feature","id":"19115","properties":{"cod_mun":"19115","nombre":"Establés","cod_prov":"19","cod_ccaa":"08"},"geometry":{"type":"Polygon","coordinates":[[[-2.09571,40.97796],[-2.06422,40.9618],[-2.01249,40.96342],[-2.00574,40.99573],[-1.98325,41.02319],[-1.972,41.02804],[-1.97875,41.05066],[-2.02149,41.05551],[-2.03048,41.02481],[-2.05522,41.01189],[-2.07771,40.98927],[-2.06872,40.97957],[-2.09571,40.97796]]]}},{"type":"Feature","id":"19116","properties":{"cod_mun":"19116","nombre":"Estriégana","cod_prov":"19","cod_ccaa":"08"},"geometry":{"type":"Polygon","coordinates":[[[-2.56577,41.07651],[-2.56127,41.06359],[-2.5073,41.03935],[-2.4983,41.0652],[-2.54778,41.0862],[-2.56577,41.07651]]]}},{"type":"Feature","id":"19117","properties":{"cod_mun":"19117","nombre":"Fontanar","cod_prov":"19","cod_ccaa":"08"},"geometry":{"type":"Polygon","coordinates":[[[-3.21577,40.75177],[-3.21802,40.73238],[-3.20452,40.7243],[-3.18653,40.70653],[-3.15729,40.71299],[-3.15504,40.72269],[-3.17304,40.74046],[-3.21577,40.75177]]]}},{"type":"Feature","id":"19118","properties":{"cod_mun":"19118","nombre":"Fuembellida","cod_prov":"19","cod_ccaa":"08"},"geometry":{"type":"Polygon","coordinates":[[[-2.07996,40.73561],[-2.07097,40.72592],[-2.07097,40.71461],[-2.03948,40.71946],[-1.99,40.73561],[-1.981,40.74369],[-1.981,40.75823],[-1.99899,40.77116],[-2.01924,40.755],[-2.03723,40.75177],[-2.05522,40.75177],[-2.07996,40.73561]]]}},{"type":"Feature","id":"19120","properties":{"cod_mun":"19120","nombre":"Fuentelahiguera de Albatages","cod_prov":"19","cod_ccaa":"08"},"geometry":{"type":"Polygon","coordinates":[[[-3.35072,40.76954],[-3.35072,40.75015],[-3.32822,40.73561],[-3.31473,40.71138],[-3.27649,40.76631],[-3.28099,40.80024],[-3.29674,40.81801],[-3.28774,40.84063],[-3.31923,40.84224],[-3.33497,40.82447],[-3.33272,40.81155],[-3.32373,40.79054],[-3.32598,40.76954],[-3.35072,40.76954]]]}},{"type":"Feature","id":"19121","properties":{"cod_mun":"19121","nombre":"Fuentelencina","cod_prov":"19","cod_ccaa":"08"},"geometry":{"type":"Polygon","coordinates":[[[-2.91214,40.53366],[-2.90314,40.52881],[-2.91214,40.50943],[-2.89864,40.49165],[-2.90539,40.4755],[-2.85591,40.47065],[-2.84241,40.46419],[-2.82667,40.47388],[-2.82442,40.47873],[-2.85591,40.50781],[-2.84916,40.53043],[-2.85366,40.54982],[-2.86041,40.55628],[-2.90764,40.54012],[-2.91214,40.53366]]]}},{"type":"Feature","id":"19122","properties":{"cod_mun":"19122","nombre":"Fuentelsaz","cod_prov":"19","cod_ccaa":"08"},"geometry":{"type":"Polygon","coordinates":[[[-1.85955,41.04097],[-1.86405,41.02804],[-1.82356,41.01673],[-1.80782,41.02481],[-1.80782,41.0442],[-1.77183,41.04743],[-1.76284,41.05874],[-1.81682,41.0959],[-1.82581,41.0959],[-1.8483,41.07328],[-1.85955,41.04097]]]}},{"type":"Feature","id":"19123","properties":{"cod_mun":"19123","nombre":"Fuentelviejo","cod_prov":"19","cod_ccaa":"08"},"geometry":{"type":"Polygon","coordinates":[[[-3.01785,40.50781],[-2.99086,40.50458],[-2.98636,40.51266],[-2.95712,40.51427],[-2.95262,40.52235],[-2.99311,40.53689],[-3.0111,40.53204],[-3.01785,40.50781]]]}},{"type":"Feature","id":"19124","properties":{"cod_mun":"19124","nombre":"Fuentenovilla","cod_prov":"19","cod_ccaa":"08"},"geometry":{"type":"Polygon","coordinates":[[[-3.15054,40.37371],[-3.1438,40.35756],[-3.10556,40.34786],[-3.04933,40.3624],[-3.03134,40.36402],[-3.03134,40.36563],[-3.07857,40.38825],[-3.08982,40.39956],[-3.1303,40.40441],[-3.15054,40.37371]]]}},{"type":"Feature","id":"19125","properties":{"cod_mun":"19125","nombre":"Gajanejos","cod_prov":"19","cod_ccaa":"08"},"geometry":{"type":"Polygon","coordinates":[[[-2.93238,40.82447],[-2.90539,40.80024],[-2.8919,40.80832],[-2.85141,40.81963],[-2.85591,40.84063],[-2.86715,40.86002],[-2.89414,40.86163],[-2.90539,40.85355],[-2.90089,40.83578],[-2.93238,40.82447]]]}},{"type":"Feature","id":"19127","properties":{"cod_mun":"19127","nombre":"Galve de Sorbe","cod_prov":"19","cod_ccaa":"08"},"geometry":{"type":"Polygon","coordinates":[[[-3.272,41.17345],[-3.20002,41.15568],[-3.19328,41.18476],[-3.16179,41.18153],[-3.1483,41.23161],[-3.15054,41.24292],[-3.18878,41.24454],[-3.20902,41.251],[-3.21802,41.24615],[-3.23151,41.17991],[-3.272,41.17345]]]}},{"type":"Feature","id":"19129","properties":{"cod_mun":"19129","nombre":"Gascueña de Bornova","cod_prov":"19","cod_ccaa":"08"},"geometry":{"type":"Polygon","coordinates":[[[-3.04259,41.16537],[-3.04034,41.12498],[-3.00435,41.11205],[-2.98636,41.1169],[-2.97286,41.15891],[-2.97511,41.16214],[-3.02234,41.15729],[-3.04259,41.16537]]]}},{"type":"Feature","id":"19130","properties":{"cod_mun":"19130","nombre":"Guadalajara","cod_prov":"19","cod_ccaa":"08"},"geometry":{"type":"MultiPolygon","coordinates":[[[[-3.20002,40.64514],[-3.20002,40.6209],[-3.21127,40.60475],[-3.19328,40.61121],[-3.16854,40.59505],[-3.14155,40.58698],[-3.16404,40.54982],[-3.19328,40.54982],[-3.20452,40.53204],[-3.21802,40.52881],[-3.20002,40.51589],[-3.16404,40.50619],[-3.15504,40.47873],[-3.13705,40.46419],[-3.10106,40.47065],[-3.10781,40.49488],[-3.14605,40.4965],[-3.1348,40.50943],[-3.1393,40.54174],[-3.12355,40.53204],[-3.11006,40.55628],[-3.10556,40.58213],[-3.12355,40.58051],[-3.1258,40.59182],[-3.09881,40.59021],[-3.08082,40.5999],[-3.09657,40.62413],[-3.09207,40.63868],[-3.07632,40.66291],[-3.07857,40.6726],[-3.06283,40.71138],[-3.08082,40.71946],[-3.08757,40.72269],[-3.09432,40.69684],[-3.10781,40.68714],[-3.15729,40.68714],[-3.16404,40.69361],[-3.1438,40.70815],[-3.15729,40.71299],[-3.18653,40.70653],[-3.19778,40.68876],[-3.17304,40.68553],[-3.17528,40.66453],[-3.20002,40.64514]]],[[[-2.98411,40.63383],[-3.00435,40.62252],[-2.99311,40.61606],[-2.98186,40.62737],[-2.98411,40.63383]]],[[[-3.27649,40.76631],[-3.31473,40.71138],[-3.31023,40.69038],[-3.29899,40.68876],[-3.28099,40.66776],[-3.28774,40.66129],[-3.28099,40.64998],[-3.24276,40.66614],[-3.22926,40.68391],[-3.24051,40.70007],[-3.23376,40.71623],[-3.21127,40.71461],[-3.20452,40.7243],[-3.21802,40.73238],[-3.21577,40.75177],[-3.22027,40.75662],[-3.22477,40.76469],[-3.27649,40.76631]]]]}},{"type":"Feature","id":"19126","properties":{"cod_mun":"19126","nombre":"Galápagos","cod_prov":"19","cod_ccaa":"08"},"geometry":{"type":"Polygon","coordinates":[[[-3.4002,40.69199],[-3.3822,40.68391],[-3.36421,40.70007],[-3.33497,40.68391],[-3.31023,40.67745],[-3.29899,40.68876],[-3.31023,40.69038],[-3.31473,40.71138],[-3.32822,40.73561],[-3.35072,40.73723],[-3.3867,40.72753],[-3.4002,40.69199]]]}},{"type":"Feature","id":"19139","properties":{"cod_mun":"19139","nombre":"Hombrados","cod_prov":"19","cod_ccaa":"08"},"geometry":{"type":"Polygon","coordinates":[[[-1.73135,40.80993],[-1.68637,40.79216],[-1.67512,40.78085],[-1.5919,40.85032],[-1.59415,40.85355],[-1.62564,40.84386],[-1.67737,40.8374],[-1.69536,40.81639],[-1.71785,40.83093],[-1.73135,40.80993]]]}},{"type":"Feature","id":"19132","properties":{"cod_mun":"19132","nombre":"Henche","cod_prov":"19","cod_ccaa":"08"},"geometry":{"type":"Polygon","coordinates":[[[-2.7457,40.734],[-2.72546,40.71461],[-2.72096,40.69199],[-2.66698,40.7033],[-2.66473,40.71623],[-2.68273,40.73238],[-2.73221,40.74369],[-2.7457,40.734]]]}},{"type":"Feature","id":"19133","properties":{"cod_mun":"19133","nombre":"Heras de Ayuso","cod_prov":"19","cod_ccaa":"08"},"geometry":{"type":"Polygon","coordinates":[[[-3.13255,40.77116],[-3.11006,40.77439],[-3.09657,40.776],[-3.08757,40.79539],[-3.10331,40.80185],[-3.1303,40.80347],[-3.13255,40.77116]]]}},{"type":"Feature","id":"19134","properties":{"cod_mun":"19134","nombre":"Herrería","cod_prov":"19","cod_ccaa":"08"},"geometry":{"type":"Polygon","coordinates":[[[-1.97425,40.86486],[-1.94502,40.87294],[-1.93152,40.89394],[-1.94052,40.92141],[-1.96076,40.9311],[-1.96751,40.90202],[-1.98325,40.88263],[-1.97425,40.86486]]]}},{"type":"Feature","id":"19208","properties":{"cod_mun":"19208","nombre":"Pálmaces de Jadraque","cod_prov":"19","cod_ccaa":"08"},"geometry":{"type":"Polygon","coordinates":[[[-2.94812,41.03935],[-2.92338,41.03612],[-2.88965,41.0345],[-2.87615,41.04743],[-2.8874,41.05389],[-2.8829,41.0652],[-2.88515,41.08297],[-2.89864,41.0862],[-2.93688,41.08136],[-2.94587,41.07328],[-2.95487,41.06197],[-2.94812,41.03935]]]}},{"type":"Feature","id":"19135","properties":{"cod_mun":"19135","nombre":"Hiendelaencina","cod_prov":"19","cod_ccaa":"08"},"geometry":{"type":"Polygon","coordinates":[[[-3.02684,41.07813],[-3.02234,41.05228],[-3.00885,41.05066],[-2.97736,41.07651],[-2.95487,41.08297],[-2.98636,41.11044],[-3.01785,41.08944],[-3.02684,41.07813]]]}},{"type":"Feature","id":"19136","properties":{"cod_mun":"19136","nombre":"Hijes","cod_prov":"19","cod_ccaa":"08"},"geometry":{"type":"Polygon","coordinates":[[[-3.06283,41.27362],[-3.03134,41.24938],[-3.0021,41.24292],[-2.98861,41.22515],[-2.98186,41.24938],[-3.0021,41.27039],[-3.0066,41.28493],[-3.01785,41.28977],[-3.06283,41.27362]]]}},{"type":"Feature","id":"19142","properties":{"cod_mun":"19142","nombre":"Hontoba","cod_prov":"19","cod_ccaa":"08"},"geometry":{"type":"Polygon","coordinates":[[[-3.07857,40.43187],[-3.07857,40.42703],[-3.03809,40.4238],[-2.98861,40.43834],[-3.00435,40.47388],[-3.04484,40.4658],[-3.05383,40.47388],[-3.06958,40.46257],[-3.08307,40.44803],[-3.07857,40.43187]]]}},{"type":"Feature","id":"19138","properties":{"cod_mun":"19138","nombre":"Hita","cod_prov":"19","cod_ccaa":"08"},"geometry":{"type":"Polygon","coordinates":[[[-3.07857,40.84386],[-3.08532,40.8374],[-3.06958,40.82609],[-3.07632,40.80832],[-3.06508,40.80347],[-3.05158,40.79216],[-3.02909,40.79054],[-3.0201,40.80832],[-3.01335,40.8374],[-2.97511,40.84871],[-2.96387,40.85517],[-2.96387,40.86648],[-3.0021,40.8794],[-3.0066,40.89071],[-3.04034,40.89233],[-3.02909,40.86002],[-3.06958,40.85194],[-3.07857,40.84386]]]}},{"type":"Feature","id":"19143","properties":{"cod_mun":"19143","nombre":"Horche","cod_prov":"19","cod_ccaa":"08"},"geometry":{"type":"Polygon","coordinates":[[[-3.11006,40.55628],[-3.08982,40.53689],[-3.06958,40.52881],[-3.04933,40.54658],[-3.0201,40.54658],[-3.02459,40.56274],[-3.01785,40.59021],[-3.03584,40.58859],[-3.05608,40.5999],[-3.08082,40.5999],[-3.09881,40.59021],[-3.10556,40.58213],[-3.11006,40.55628]]]}},{"type":"Feature","id":"19145","properties":{"cod_mun":"19145","nombre":"Hortezuela de Océn","cod_prov":"19","cod_ccaa":"08"},"geometry":{"type":"Polygon","coordinates":[[[-2.42633,40.92626],[-2.38584,40.94726],[-2.38584,40.97634],[-2.39709,40.98442],[-2.41058,40.98765],[-2.43982,40.94403],[-2.42633,40.92626]]]}},{"type":"Feature","id":"19151","properties":{"cod_mun":"19151","nombre":"Humanes","cod_prov":"19","cod_ccaa":"08"},"geometry":{"type":"Polygon","coordinates":[[[-3.19553,40.83255],[-3.16179,40.81155],[-3.13255,40.81155],[-3.11231,40.86809],[-3.11906,40.88425],[-3.13255,40.88587],[-3.18203,40.8794],[-3.18203,40.86809],[-3.20227,40.86002],[-3.19553,40.83255]]]}},{"type":"Feature","id":"19146","properties":{"cod_mun":"19146","nombre":"Huerce, La","cod_prov":"19","cod_ccaa":"08"},"geometry":{"type":"Polygon","coordinates":[[[-3.20002,41.15568],[-3.19328,41.14437],[-3.18878,41.10074],[-3.17978,41.07489],[-3.17079,41.08944],[-3.1483,41.09751],[-3.15054,41.13306],[-3.13705,41.14437],[-3.1348,41.16537],[-3.15954,41.1686],[-3.16179,41.18153],[-3.19328,41.18476],[-3.20002,41.15568]]]}},{"type":"Feature","id":"19147","properties":{"cod_mun":"19147","nombre":"Huérmeces del Cerro","cod_prov":"19","cod_ccaa":"08"},"geometry":{"type":"Polygon","coordinates":[[[-2.81992,41.0652],[-2.82442,41.05066],[-2.81318,41.03127],[-2.74795,41.04743],[-2.7592,41.06197],[-2.79293,41.07328],[-2.81992,41.0652]]]}},{"type":"Feature","id":"19148","properties":{"cod_mun":"19148","nombre":"Huertahernando","cod_prov":"19","cod_ccaa":"08"},"geometry":{"type":"Polygon","coordinates":[[[-2.34536,40.78731],[-2.32961,40.78893],[-2.24865,40.78893],[-2.2464,40.79701],[-2.24865,40.82932],[-2.23965,40.85194],[-2.2509,40.86486],[-2.32287,40.84709],[-2.32961,40.8277],[-2.33186,40.80832],[-2.34536,40.78731]]]}},{"type":"Feature","id":"19150","properties":{"cod_mun":"19150","nombre":"Hueva","cod_prov":"19","cod_ccaa":"08"},"geometry":{"type":"Polygon","coordinates":[[[-3.00435,40.47388],[-2.98861,40.43834],[-2.97511,40.43349],[-2.96387,40.43349],[-2.91439,40.46257],[-2.90539,40.4755],[-2.97286,40.48842],[-3.00435,40.47388]]]}},{"type":"Feature","id":"19152","properties":{"cod_mun":"19152","nombre":"Illana","cod_prov":"19","cod_ccaa":"08"},"geometry":{"type":"MultiPolygon","coordinates":[[[[-3.03359,40.19599],[-3.02684,40.17984],[-3.06283,40.18145],[-3.06283,40.16853],[-3.0156,40.15237],[-3.01335,40.17337],[-3.0201,40.19276],[-3.03359,40.19599]]],[[[-2.97511,40.24446],[-2.99985,40.23154],[-2.9976,40.20892],[-2.94587,40.17014],[-2.91888,40.15883],[-2.8874,40.1653],[-2.86266,40.20084],[-2.8694,40.20892],[-2.93238,40.20407],[-2.94812,40.217],[-2.93463,40.24123],[-2.93688,40.25577],[-2.97511,40.24446]]]]}},{"type":"Feature","id":"19153","properties":{"cod_mun":"19153","nombre":"Iniéstola","cod_prov":"19","cod_ccaa":"08"},"geometry":{"type":"Polygon","coordinates":[[[-2.39709,40.98442],[-2.38584,40.97634],[-2.34536,40.98119],[-2.37235,41.01027],[-2.38584,41.00542],[-2.39709,40.98442]]]}},{"type":"Feature","id":"19154","properties":{"cod_mun":"19154","nombre":"Inviernas, Las","cod_prov":"19","cod_ccaa":"08"},"geometry":{"type":"Polygon","coordinates":[[[-2.70747,40.89394],[-2.69847,40.85517],[-2.67823,40.83255],[-2.63999,40.83093],[-2.63999,40.86486],[-2.66024,40.90364],[-2.68498,40.90041],[-2.70747,40.89394]]]}},{"type":"Feature","id":"19155","properties":{"cod_mun":"19155","nombre":"Irueste","cod_prov":"19","cod_ccaa":"08"},"geometry":{"type":"Polygon","coordinates":[[[-2.93913,40.59828],[-2.93238,40.59182],[-2.92338,40.59828],[-2.85366,40.59667],[-2.88515,40.62575],[-2.91214,40.61767],[-2.93913,40.59828]]]}},{"type":"Feature","id":"19162","properties":{"cod_mun":"19162","nombre":"Luzaga","cod_prov":"19","cod_ccaa":"08"},"geometry":{"type":"Polygon","coordinates":[[[-2.43757,40.91172],[-2.42633,40.92626],[-2.43982,40.94403],[-2.41058,40.98765],[-2.43532,41.00542],[-2.46906,40.97796],[-2.4893,40.97957],[-2.49605,40.96503],[-2.45332,40.94564],[-2.43757,40.91172]]]}},{"type":"Feature","id":"19156","properties":{"cod_mun":"19156","nombre":"Jadraque","cod_prov":"19","cod_ccaa":"08"},"geometry":{"type":"Polygon","coordinates":[[[-2.99086,40.90202],[-2.95262,40.8794],[-2.94587,40.90687],[-2.92788,40.90525],[-2.92338,40.91656],[-2.89864,40.90849],[-2.86266,40.89879],[-2.86266,40.91495],[-2.90539,40.91333],[-2.90989,40.94241],[-2.92788,40.97149],[-2.96162,40.97149],[-2.97286,40.97473],[-2.96162,40.95211],[-2.95937,40.91818],[-2.99086,40.90202]]]}},{"type":"Feature","id":"19157","properties":{"cod_mun":"19157","nombre":"Jirueque","cod_prov":"19","cod_ccaa":"08"},"geometry":{"type":"Polygon","coordinates":[[[-2.92788,40.97149],[-2.90989,40.94241],[-2.88515,40.96665],[-2.90764,40.98765],[-2.91664,40.98604],[-2.92788,40.97149]]]}},{"type":"Feature","id":"19159","properties":{"cod_mun":"19159","nombre":"Ledanca","cod_prov":"19","cod_ccaa":"08"},"geometry":{"type":"Polygon","coordinates":[[[-2.90989,40.89556],[-2.90539,40.85355],[-2.89414,40.86163],[-2.86715,40.86002],[-2.85591,40.84063],[-2.85141,40.81963],[-2.82667,40.81478],[-2.79293,40.83578],[-2.79293,40.84386],[-2.83117,40.86325],[-2.83792,40.88102],[-2.86266,40.89879],[-2.89864,40.90849],[-2.90989,40.89556]]]}},{"type":"Feature","id":"19163","properties":{"cod_mun":"19163","nombre":"Luzón","cod_prov":"19","cod_ccaa":"08"},"geometry":{"type":"Polygon","coordinates":[[[-2.32287,41.05712],[-2.32961,41.03127],[-2.31612,41.00865],[-2.28013,40.98765],[-2.26214,40.98765],[-2.23965,40.9925],[-2.23965,41.02319],[-2.23065,41.03289],[-2.2419,41.06035],[-2.26439,41.06682],[-2.29363,41.07166],[-2.32287,41.05712]]]}},{"type":"Feature","id":"19160","properties":{"cod_mun":"19160","nombre":"Loranca de Tajuña","cod_prov":"19","cod_ccaa":"08"},"geometry":{"type":"Polygon","coordinates":[[[-3.15504,40.43995],[-3.14155,40.41249],[-3.1303,40.40441],[-3.09207,40.41733],[-3.07857,40.43187],[-3.08307,40.44803],[-3.06958,40.46257],[-3.10106,40.47065],[-3.13705,40.46419],[-3.15279,40.45934],[-3.15504,40.43995]]]}},{"type":"Feature","id":"19161","properties":{"cod_mun":"19161","nombre":"Lupiana","cod_prov":"19","cod_ccaa":"08"},"geometry":{"type":"Polygon","coordinates":[[[-3.09207,40.63868],[-3.09657,40.62413],[-3.08082,40.5999],[-3.05608,40.5999],[-3.03584,40.58859],[-3.01785,40.59021],[-3.01335,40.59344],[-2.99311,40.61606],[-3.00435,40.62252],[-3.02234,40.62575],[-3.02684,40.63706],[-3.07182,40.63221],[-3.09207,40.63868]]]}},{"type":"Feature","id":"19165","properties":{"cod_mun":"19165","nombre":"Majaelrayo","cod_prov":"19","cod_ccaa":"08"},"geometry":{"type":"Polygon","coordinates":[[[-3.37771,41.1993],[-3.37321,41.1686],[-3.35521,41.10236],[-3.33272,41.12013],[-3.31473,41.11852],[-3.31248,41.10074],[-3.28999,41.0959],[-3.25625,41.10398],[-3.26525,41.11044],[-3.27874,41.16214],[-3.30348,41.15406],[-3.31698,41.17022],[-3.33722,41.17022],[-3.35971,41.19445],[-3.37771,41.1993]]]}},{"type":"Feature","id":"19172","properties":{"cod_mun":"19172","nombre":"Masegoso de Tajuña","cod_prov":"19","cod_ccaa":"08"},"geometry":{"type":"Polygon","coordinates":[[[-2.72546,40.82609],[-2.70522,40.80185],[-2.68498,40.79216],[-2.67823,40.83255],[-2.69847,40.85517],[-2.71646,40.84709],[-2.72546,40.82609]]]}},{"type":"Feature","id":"19166","properties":{"cod_mun":"19166","nombre":"Málaga del Fresno","cod_prov":"19","cod_ccaa":"08"},"geometry":{"type":"Polygon","coordinates":[[[-3.28099,40.80024],[-3.27649,40.76631],[-3.22477,40.76469],[-3.22027,40.75662],[-3.22252,40.76631],[-3.19778,40.78408],[-3.22477,40.79862],[-3.23151,40.81639],[-3.23601,40.80993],[-3.28099,40.80024]]]}},{"type":"Feature","id":"19167","properties":{"cod_mun":"19167","nombre":"Malaguilla","cod_prov":"19","cod_ccaa":"08"},"geometry":{"type":"Polygon","coordinates":[[[-3.28774,40.84063],[-3.29674,40.81801],[-3.28099,40.80024],[-3.23601,40.80993],[-3.23151,40.81639],[-3.24501,40.84224],[-3.24501,40.87294],[-3.26075,40.87294],[-3.28774,40.84063]]]}},{"type":"Feature","id":"19168","properties":{"cod_mun":"19168","nombre":"Mandayona","cod_prov":"19","cod_ccaa":"08"},"geometry":{"type":"Polygon","coordinates":[[[-2.77269,40.95534],[-2.7547,40.92464],[-2.73446,40.91172],[-2.73221,40.91172],[-2.72321,40.91818],[-2.73671,40.94726],[-2.70972,40.96019],[-2.68947,40.9925],[-2.70522,41.00219],[-2.72771,40.99088],[-2.7412,40.9828],[-2.76819,40.98442],[-2.77269,40.95534]]]}},{"type":"Feature","id":"19169","properties":{"cod_mun":"19169","nombre":"Mantiel","cod_prov":"19","cod_ccaa":"08"},"geometry":{"type":"Polygon","coordinates":[[[-2.69622,40.61929],[-2.68723,40.60798],[-2.66024,40.60313],[-2.65574,40.60152],[-2.65124,40.60636],[-2.64899,40.6306],[-2.66024,40.64191],[-2.66923,40.65645],[-2.67598,40.64675],[-2.68048,40.6306],[-2.69622,40.61929]]]}},{"type":"Feature","id":"19173","properties":{"cod_mun":"19173","nombre":"Matarrubia","cod_prov":"19","cod_ccaa":"08"},"geometry":{"type":"Polygon","coordinates":[[[-3.33947,40.87617],[-3.32373,40.86971],[-3.31923,40.84224],[-3.28774,40.84063],[-3.26075,40.87294],[-3.27425,40.89394],[-3.31248,40.90364],[-3.33722,40.89233],[-3.33947,40.87617]]]}},{"type":"Feature","id":"19174","properties":{"cod_mun":"19174","nombre":"Matillas","cod_prov":"19","cod_ccaa":"08"},"geometry":{"type":"Polygon","coordinates":[[[-2.85591,40.95695],[-2.84466,40.92141],[-2.82442,40.92303],[-2.81093,40.93595],[-2.83117,40.9618],[-2.85591,40.95695]]]}},{"type":"Feature","id":"19170","properties":{"cod_mun":"19170","nombre":"Maranchón","cod_prov":"19","cod_ccaa":"08"},"geometry":{"type":"Polygon","coordinates":[[[-2.26439,41.06682],[-2.2419,41.06035],[-2.23065,41.03289],[-2.19467,41.02158],[-2.17218,41.02319],[-2.1137,41.00542],[-2.1047,41.01996],[-2.10695,40.98927],[-2.09571,40.97796],[-2.06872,40.97957],[-2.07771,40.98927],[-2.05522,41.01189],[-2.03048,41.02481],[-2.02149,41.05551],[-2.04623,41.05874],[-2.05747,41.07005],[-2.1182,41.10236],[-2.12944,41.1169],[-2.14294,41.10236],[-2.16768,41.0959],[-2.17443,41.08297],[-2.2329,41.09751],[-2.26439,41.06682]]]}},{"type":"Feature","id":"19178","properties":{"cod_mun":"19178","nombre":"Megina","cod_prov":"19","cod_ccaa":"08"},"geometry":{"type":"Polygon","coordinates":[[[-1.90678,40.64514],[-1.90903,40.63706],[-1.8573,40.59828],[-1.8483,40.61767],[-1.82806,40.62575],[-1.84156,40.66453],[-1.85955,40.66453],[-1.90678,40.64514]]]}},{"type":"Feature","id":"19171","properties":{"cod_mun":"19171","nombre":"Marchamalo","cod_prov":"19","cod_ccaa":"08"},"geometry":{"type":"Polygon","coordinates":[[[-3.24276,40.66614],[-3.23151,40.65483],[-3.20002,40.64514],[-3.17528,40.66453],[-3.17304,40.68553],[-3.19778,40.68876],[-3.18653,40.70653],[-3.20452,40.7243],[-3.21127,40.71461],[-3.23376,40.71623],[-3.24051,40.70007],[-3.22926,40.68391],[-3.24276,40.66614]]]}},{"type":"Feature","id":"19175","properties":{"cod_mun":"19175","nombre":"Mazarete","cod_prov":"19","cod_ccaa":"08"},"geometry":{"type":"Polygon","coordinates":[[[-2.26214,40.98765],[-2.25314,40.96503],[-2.2374,40.95534],[-2.18567,40.92949],[-2.16768,40.91333],[-2.15643,40.92303],[-2.18342,40.9618],[-2.19242,40.96826],[-2.14744,40.99896],[-2.10695,40.98604],[-2.10695,40.98927],[-2.1047,41.01996],[-2.1137,41.00542],[-2.17218,41.02319],[-2.19467,41.02158],[-2.20816,40.97796],[-2.2329,40.98119],[-2.23965,40.9925],[-2.26214,40.98765]]]}},{"type":"Feature","id":"19176","properties":{"cod_mun":"19176","nombre":"Mazuecos","cod_prov":"19","cod_ccaa":"08"},"geometry":{"type":"Polygon","coordinates":[[[-3.08307,40.29132],[-3.0156,40.238],[-2.99985,40.23154],[-2.97511,40.24446],[-2.9976,40.27193],[-3.01335,40.27677],[-3.06058,40.28647],[-3.07632,40.29939],[-3.08307,40.29132]]]}},{"type":"Feature","id":"19177","properties":{"cod_mun":"19177","nombre":"Medranda","cod_prov":"19","cod_ccaa":"08"},"geometry":{"type":"Polygon","coordinates":[[[-2.96162,40.97149],[-2.92788,40.97149],[-2.91664,40.98604],[-2.91439,40.99088],[-2.92788,41.00219],[-2.95487,40.99896],[-2.96162,40.97149]]]}},{"type":"Feature","id":"19179","properties":{"cod_mun":"19179","nombre":"Membrillera","cod_prov":"19","cod_ccaa":"08"},"geometry":{"type":"Polygon","coordinates":[[[-3.04484,40.95695],[-3.03359,40.93434],[-3.0066,40.92464],[-2.99086,40.90202],[-2.95937,40.91818],[-2.96162,40.95211],[-2.97286,40.97473],[-2.99086,40.98442],[-3.0201,40.97634],[-3.04484,40.95695]]]}},{"type":"Feature","id":"19181","properties":{"cod_mun":"19181","nombre":"Miedes de Atienza","cod_prov":"19","cod_ccaa":"08"},"geometry":{"type":"Polygon","coordinates":[[[-3.0066,41.28493],[-3.0021,41.27039],[-2.98186,41.24938],[-2.98861,41.22515],[-2.99086,41.20253],[-2.98636,41.19607],[-2.96612,41.19768],[-2.97286,41.2203],[-2.95262,41.22838],[-2.93013,41.251],[-2.90089,41.2413],[-2.91439,41.25908],[-2.93013,41.26715],[-2.93463,41.28493],[-2.95037,41.293],[-3.0066,41.28493]]]}},{"type":"Feature","id":"19182","properties":{"cod_mun":"19182","nombre":"Mierla, La","cod_prov":"19","cod_ccaa":"08"},"geometry":{"type":"Polygon","coordinates":[[[-3.26975,40.94241],[-3.26975,40.92787],[-3.24951,40.91495],[-3.22252,40.91818],[-3.21577,40.94403],[-3.24726,40.96988],[-3.26975,40.94241]]]}},{"type":"Feature","id":"19184","properties":{"cod_mun":"19184","nombre":"Millana","cod_prov":"19","cod_ccaa":"08"},"geometry":{"type":"Polygon","coordinates":[[[-2.61975,40.50619],[-2.59951,40.50135],[-2.55003,40.47065],[-2.54553,40.47388],[-2.52979,40.49812],[-2.54553,40.51912],[-2.59051,40.52235],[-2.60851,40.53528],[-2.6265,40.51266],[-2.61975,40.50619]]]}},{"type":"Feature","id":"19185","properties":{"cod_mun":"19185","nombre":"Miñosa, La","cod_prov":"19","cod_ccaa":"08"},"geometry":{"type":"Polygon","coordinates":[[[-2.98636,41.19607],[-2.95937,41.18314],[-2.97511,41.16214],[-2.97286,41.15891],[-2.96612,41.15406],[-2.95037,41.16052],[-2.93913,41.14437],[-2.91664,41.14275],[-2.88065,41.15406],[-2.91888,41.17668],[-2.89639,41.20899],[-2.90314,41.21545],[-2.94362,41.2203],[-2.95262,41.22838],[-2.97286,41.2203],[-2.96612,41.19768],[-2.98636,41.19607]]]}},{"type":"Feature","id":"19209","properties":{"cod_mun":"19209","nombre":"Pardos","cod_prov":"19","cod_ccaa":"08"},"geometry":{"type":"Polygon","coordinates":[[[-1.96076,40.94888],[-1.96076,40.9311],[-1.94052,40.92141],[-1.91353,40.92303],[-1.90003,40.93272],[-1.88429,40.93757],[-1.89104,40.93918],[-1.92252,40.97149],[-1.96076,40.96019],[-1.96076,40.94888]]]}},{"type":"Feature","id":"19186","properties":{"cod_mun":"19186","nombre":"Mirabueno","cod_prov":"19","cod_ccaa":"08"},"geometry":{"type":"Polygon","coordinates":[[[-2.73221,40.91172],[-2.70747,40.89394],[-2.68498,40.90041],[-2.69847,40.9101],[-2.68947,40.92787],[-2.70972,40.96019],[-2.73671,40.94726],[-2.72321,40.91818],[-2.73221,40.91172]]]}},{"type":"Feature","id":"19187","properties":{"cod_mun":"19187","nombre":"Miralrío","cod_prov":"19","cod_ccaa":"08"},"geometry":{"type":"Polygon","coordinates":[[[-2.95262,40.8794],[-2.94138,40.87617],[-2.92788,40.86809],[-2.91439,40.88425],[-2.92788,40.90525],[-2.94587,40.90687],[-2.95262,40.8794]]]}},{"type":"Feature","id":"19188","properties":{"cod_mun":"19188","nombre":"Mochales","cod_prov":"19","cod_ccaa":"08"},"geometry":{"type":"Polygon","coordinates":[[[-2.05747,41.07005],[-2.04623,41.05874],[-2.02149,41.05551],[-2.02149,41.07489],[-1.97875,41.09428],[-2.00574,41.1169],[-2.05072,41.12983],[-2.06647,41.0959],[-2.04847,41.07813],[-2.05747,41.07005]]]}},{"type":"Feature","id":"19193","properties":{"cod_mun":"19193","nombre":"Montarrón","cod_prov":"19","cod_ccaa":"08"},"geometry":{"type":"Polygon","coordinates":[[[-3.13255,40.88587],[-3.11906,40.88425],[-3.11906,40.8891],[-3.10106,40.89071],[-3.08532,40.90525],[-3.11906,40.92626],[-3.1348,40.91333],[-3.13255,40.88587]]]}},{"type":"Feature","id":"19189","properties":{"cod_mun":"19189","nombre":"Mohernando","cod_prov":"19","cod_ccaa":"08"},"geometry":{"type":"Polygon","coordinates":[[[-3.22477,40.79862],[-3.19778,40.78408],[-3.16629,40.7857],[-3.1348,40.76954],[-3.13255,40.77116],[-3.1303,40.80347],[-3.13255,40.81155],[-3.16179,40.81155],[-3.19553,40.83255],[-3.19778,40.81639],[-3.22477,40.79862]]]}},{"type":"Feature","id":"19196","properties":{"cod_mun":"19196","nombre":"Muduex","cod_prov":"19","cod_ccaa":"08"},"geometry":{"type":"Polygon","coordinates":[[[-2.97511,40.84871],[-2.96837,40.84063],[-2.98186,40.82447],[-2.97061,40.80832],[-2.92338,40.78893],[-2.90539,40.80024],[-2.93238,40.82447],[-2.95037,40.84548],[-2.96387,40.85517],[-2.97511,40.84871]]]}},{"type":"Feature","id":"19190","properties":{"cod_mun":"19190","nombre":"Molina de Aragón","cod_prov":"19","cod_ccaa":"08"},"geometry":{"type":"Polygon","coordinates":[[[-1.92702,40.85355],[-1.90903,40.84548],[-1.89553,40.80185],[-1.87979,40.82124],[-1.85505,40.8277],[-1.82581,40.81155],[-1.80332,40.80832],[-1.78758,40.81639],[-1.77183,40.8374],[-1.74934,40.85032],[-1.7291,40.85032],[-1.7156,40.87133],[-1.70886,40.90041],[-1.71785,40.93272],[-1.7381,40.94241],[-1.76958,40.94403],[-1.80107,40.93434],[-1.81906,40.91656],[-1.83256,40.88748],[-1.8663,40.89556],[-1.88654,40.89233],[-1.89553,40.89394],[-1.92477,40.86971],[-1.92702,40.85355]]]}},{"type":"Feature","id":"19191","properties":{"cod_mun":"19191","nombre":"Monasterio","cod_prov":"19","cod_ccaa":"08"},"geometry":{"type":"Polygon","coordinates":[[[-3.15279,41.00865],[-3.1303,40.98119],[-3.09881,40.96988],[-3.07407,40.96988],[-3.08307,40.97957],[-3.10106,41.01835],[-3.11681,41.02319],[-3.15279,41.00865]]]}},{"type":"Feature","id":"19192","properties":{"cod_mun":"19192","nombre":"Mondéjar","cod_prov":"19","cod_ccaa":"08"},"geometry":{"type":"Polygon","coordinates":[[[-3.18203,40.30424],[-3.17978,40.30101],[-3.1438,40.29939],[-3.11231,40.28485],[-3.11006,40.28485],[-3.09207,40.28808],[-3.08307,40.29132],[-3.07632,40.29939],[-3.06733,40.31393],[-3.06733,40.33171],[-3.10556,40.34786],[-3.1438,40.35756],[-3.15054,40.33494],[-3.17978,40.31393],[-3.18203,40.30424]]]}},{"type":"Feature","id":"19213","properties":{"cod_mun":"19213","nombre":"Pedregal, El","cod_prov":"19","cod_ccaa":"08"},"geometry":{"type":"Polygon","coordinates":[[[-1.6009,40.77277],[-1.57391,40.76469],[-1.55592,40.75015],[-1.54017,40.76308],[-1.54017,40.79216],[-1.55367,40.82286],[-1.58291,40.80024],[-1.6009,40.77277]]]}},{"type":"Feature","id":"19194","properties":{"cod_mun":"19194","nombre":"Moratilla de los Meleros","cod_prov":"19","cod_ccaa":"08"},"geometry":{"type":"Polygon","coordinates":[[[-2.99086,40.50458],[-2.97286,40.48842],[-2.90539,40.4755],[-2.89864,40.49165],[-2.91214,40.50943],[-2.90314,40.52881],[-2.91214,40.53366],[-2.95262,40.52235],[-2.95712,40.51427],[-2.98636,40.51266],[-2.99086,40.50458]]]}},{"type":"Feature","id":"19195","properties":{"cod_mun":"19195","nombre":"Morenilla","cod_prov":"19","cod_ccaa":"08"},"geometry":{"type":"Polygon","coordinates":[[[-1.74934,40.80024],[-1.7381,40.79701],[-1.73585,40.76954],[-1.69986,40.76146],[-1.70661,40.72753],[-1.67062,40.74854],[-1.65038,40.74854],[-1.68637,40.76793],[-1.67512,40.78085],[-1.68637,40.79216],[-1.73135,40.80993],[-1.74934,40.80024]]]}},{"type":"Feature","id":"19197","properties":{"cod_mun":"19197","nombre":"Navas de Jadraque, Las","cod_prov":"19","cod_ccaa":"08"},"geometry":{"type":"Polygon","coordinates":[[[-3.11006,41.11205],[-3.10106,41.09428],[-3.08082,41.09267],[-3.05608,41.09428],[-3.07407,41.11367],[-3.10331,41.11367],[-3.11006,41.11205]]]}},{"type":"Feature","id":"19199","properties":{"cod_mun":"19199","nombre":"Ocentejo","cod_prov":"19","cod_ccaa":"08"},"geometry":{"type":"Polygon","coordinates":[[[-2.43757,40.77923],[-2.41283,40.73077],[-2.38809,40.75015],[-2.3566,40.78731],[-2.34761,40.7857],[-2.3746,40.8067],[-2.40159,40.80185],[-2.41733,40.7857],[-2.43757,40.77923]]]}},{"type":"Feature","id":"19200","properties":{"cod_mun":"19200","nombre":"Olivar, El","cod_prov":"19","cod_ccaa":"08"},"geometry":{"type":"Polygon","coordinates":[[[-2.80193,40.61121],[-2.77044,40.57728],[-2.75245,40.58051],[-2.72321,40.5999],[-2.73895,40.62252],[-2.77719,40.61121],[-2.80193,40.61121]]]}},{"type":"Feature","id":"19201","properties":{"cod_mun":"19201","nombre":"Olmeda de Cobeta","cod_prov":"19","cod_ccaa":"08"},"geometry":{"type":"Polygon","coordinates":[[[-2.2464,40.79701],[-2.20816,40.80508],[-2.19917,40.83255],[-2.20816,40.83901],[-2.16318,40.84548],[-2.15868,40.8584],[-2.18342,40.89556],[-2.19692,40.88587],[-2.21491,40.84548],[-2.21716,40.85678],[-2.23965,40.85194],[-2.24865,40.82932],[-2.2464,40.79701]]]}},{"type":"Feature","id":"19203","properties":{"cod_mun":"19203","nombre":"Ordial, El","cod_prov":"19","cod_ccaa":"08"},"geometry":{"type":"MultiPolygon","coordinates":[[[[-3.1483,41.09751],[-3.17079,41.08944],[-3.17978,41.07489],[-3.17978,41.06682],[-3.15729,41.06035],[-3.12355,41.07166],[-3.12805,41.08944],[-3.1483,41.09751]]],[[[-3.1348,41.16537],[-3.13705,41.14437],[-3.15054,41.13306],[-3.11006,41.11205],[-3.10331,41.11367],[-3.11006,41.12336],[-3.09881,41.16214],[-3.11231,41.17022],[-3.1348,41.16537]]]]}},{"type":"Feature","id":"19204","properties":{"cod_mun":"19204","nombre":"Orea","cod_prov":"19","cod_ccaa":"08"},"geometry":{"type":"Polygon","coordinates":[[[-1.75834,40.45126],[-1.73585,40.47227],[-1.69311,40.48681],[-1.69536,40.51104],[-1.70211,40.54174],[-1.68862,40.56597],[-1.69311,40.57728],[-1.71785,40.59505],[-1.74484,40.58859],[-1.75834,40.56113],[-1.78533,40.52397],[-1.78083,40.51589],[-1.73585,40.50296],[-1.76059,40.47065],[-1.75834,40.45126]]]}},{"type":"Feature","id":"19210","properties":{"cod_mun":"19210","nombre":"Paredes de Sigüenza","cod_prov":"19","cod_ccaa":"08"},"geometry":{"type":"Polygon","coordinates":[[[-2.77494,41.24938],[-2.74345,41.22676],[-2.74795,41.18153],[-2.73895,41.20576],[-2.70072,41.21061],[-2.69622,41.24615],[-2.70972,41.25261],[-2.71646,41.27523],[-2.76145,41.27362],[-2.77494,41.24938]]]}},{"type":"Feature","id":"19214","properties":{"cod_mun":"19214","nombre":"Peñalén","cod_prov":"19","cod_ccaa":"08"},"geometry":{"type":"Polygon","coordinates":[[[-2.15643,40.65806],[-2.11145,40.64998],[-2.09121,40.64352],[-2.07097,40.62898],[-2.05747,40.62413],[-2.05972,40.64352],[-2.04398,40.67745],[-2.04623,40.69684],[-2.07097,40.71461],[-2.07097,40.72592],[-2.08896,40.7243],[-2.13394,40.69361],[-2.14744,40.67583],[-2.15643,40.65806]]]}},{"type":"Feature","id":"19211","properties":{"cod_mun":"19211","nombre":"Pareja","cod_prov":"19","cod_ccaa":"08"},"geometry":{"type":"Polygon","coordinates":[[[-2.72996,40.53689],[-2.72996,40.52073],[-2.66473,40.52073],[-2.66248,40.51266],[-2.6355,40.50135],[-2.61975,40.50619],[-2.6265,40.51266],[-2.60851,40.53528],[-2.59501,40.55951],[-2.60176,40.5692],[-2.57927,40.5999],[-2.57702,40.60313],[-2.60851,40.60798],[-2.6265,40.64029],[-2.66024,40.64191],[-2.64899,40.6306],[-2.65124,40.60636],[-2.62425,40.5999],[-2.631,40.58051],[-2.65574,40.57082],[-2.68273,40.58698],[-2.65574,40.60152],[-2.66024,40.60313],[-2.68498,40.58859],[-2.68947,40.57567],[-2.72996,40.57082],[-2.70522,40.56436],[-2.72546,40.55305],[-2.72996,40.53689]]]}},{"type":"Feature","id":"19212","properties":{"cod_mun":"19212","nombre":"Pastrana","cod_prov":"19","cod_ccaa":"08"},"geometry":{"type":"Polygon","coordinates":[[[-3.02459,40.38017],[-2.97061,40.3931],[-2.95262,40.38017],[-2.91439,40.37048],[-2.91439,40.35917],[-2.89414,40.34625],[-2.86715,40.35432],[-2.86266,40.36725],[-2.86491,40.3931],[-2.83792,40.40602],[-2.82667,40.40441],[-2.82442,40.3624],[-2.81767,40.36402],[-2.80643,40.40441],[-2.84241,40.41249],[-2.85366,40.42541],[-2.89414,40.43834],[-2.91439,40.46257],[-2.96387,40.43349],[-2.97511,40.43349],[-2.98186,40.40118],[-2.99535,40.40602],[-3.02459,40.38341],[-3.02459,40.38017]]]}},{"type":"Feature","id":"19215","properties":{"cod_mun":"19215","nombre":"Peñalver","cod_prov":"19","cod_ccaa":"08"},"geometry":{"type":"Polygon","coordinates":[[[-2.93913,40.57567],[-2.91439,40.54658],[-2.91214,40.53366],[-2.90764,40.54012],[-2.86041,40.55628],[-2.82442,40.59667],[-2.82892,40.5999],[-2.85366,40.59667],[-2.92338,40.59828],[-2.93238,40.59182],[-2.93913,40.57567]]]}},{"type":"Feature","id":"19217","properties":{"cod_mun":"19217","nombre":"Peralveche","cod_prov":"19","cod_ccaa":"08"},"geometry":{"type":"Polygon","coordinates":[[[-2.57927,40.5999],[-2.55228,40.57567],[-2.52079,40.57082],[-2.50505,40.5789],[-2.48256,40.57567],[-2.46681,40.58859],[-2.42183,40.58374],[-2.41733,40.58859],[-2.39934,40.61444],[-2.40384,40.62898],[-2.43532,40.63544],[-2.44657,40.64837],[-2.47131,40.65806],[-2.49155,40.65483],[-2.51179,40.6209],[-2.54553,40.61767],[-2.57702,40.60313],[-2.57927,40.5999]]]}},{"type":"Feature","id":"19216","properties":{"cod_mun":"19216","nombre":"Peralejos de las Truchas","cod_prov":"19","cod_ccaa":"08"},"geometry":{"type":"Polygon","coordinates":[[[-1.97875,40.62575],[-1.96751,40.60798],[-1.92702,40.59344],[-1.90003,40.53528],[-1.88879,40.52881],[-1.85055,40.5272],[-1.8528,40.54335],[-1.8438,40.58213],[-1.8573,40.59828],[-1.90903,40.63706],[-1.90678,40.64514],[-1.91803,40.65645],[-1.92702,40.64352],[-1.96301,40.62252],[-1.97875,40.62575]]]}},{"type":"Feature","id":"19218","properties":{"cod_mun":"19218","nombre":"Pinilla de Jadraque","cod_prov":"19","cod_ccaa":"08"},"geometry":{"type":"Polygon","coordinates":[[[-2.96837,41.02158],[-2.95487,40.99896],[-2.92788,41.00219],[-2.92338,41.03612],[-2.94812,41.03935],[-2.96837,41.02158]]]}},{"type":"Feature","id":"19219","properties":{"cod_mun":"19219","nombre":"Pinilla de Molina","cod_prov":"19","cod_ccaa":"08"},"geometry":{"type":"Polygon","coordinates":[[[-1.92027,40.66291],[-1.91803,40.65645],[-1.90678,40.64514],[-1.85955,40.66453],[-1.84156,40.66453],[-1.8483,40.70168],[-1.86854,40.70007],[-1.89553,40.68391],[-1.90903,40.66453],[-1.92027,40.66291]]]}},{"type":"Feature","id":"19220","properties":{"cod_mun":"19220","nombre":"Pioz","cod_prov":"19","cod_ccaa":"08"},"geometry":{"type":"Polygon","coordinates":[[[-3.19778,40.44157],[-3.15504,40.43995],[-3.15279,40.45934],[-3.13705,40.46419],[-3.15504,40.47873],[-3.19553,40.47873],[-3.19778,40.44157]]]}},{"type":"Feature","id":"19221","properties":{"cod_mun":"19221","nombre":"Piqueras","cod_prov":"19","cod_ccaa":"08"},"geometry":{"type":"Polygon","coordinates":[[[-1.76958,40.66937],[-1.74709,40.64029],[-1.69986,40.6306],[-1.69536,40.63221],[-1.69761,40.65483],[-1.71336,40.68553],[-1.74709,40.69361],[-1.76733,40.69684],[-1.76958,40.66937]]]}},{"type":"Feature","id":"19224","properties":{"cod_mun":"19224","nombre":"Pozo de Almoguera","cod_prov":"19","cod_ccaa":"08"},"geometry":{"type":"Polygon","coordinates":[[[-3.06733,40.33332],[-3.01335,40.33171],[-2.99311,40.34463],[-3.01335,40.36563],[-3.03134,40.36402],[-3.04933,40.3624],[-3.06733,40.33332]]]}},{"type":"Feature","id":"19222","properties":{"cod_mun":"19222","nombre":"Pobo de Dueñas, El","cod_prov":"19","cod_ccaa":"08"},"geometry":{"type":"Polygon","coordinates":[[[-1.67512,40.78085],[-1.68637,40.76793],[-1.65038,40.74854],[-1.64588,40.74692],[-1.6009,40.77277],[-1.58291,40.80024],[-1.55367,40.82286],[-1.55592,40.82932],[-1.56941,40.82932],[-1.5919,40.85032],[-1.67512,40.78085]]]}},{"type":"Feature","id":"19223","properties":{"cod_mun":"19223","nombre":"Poveda de la Sierra","cod_prov":"19","cod_ccaa":"08"},"geometry":{"type":"Polygon","coordinates":[[[-2.05747,40.62413],[-2.03048,40.5999],[-2.02149,40.59828],[-1.9855,40.58536],[-1.97425,40.59021],[-1.96751,40.60798],[-1.97875,40.62575],[-1.97425,40.64675],[-2.00574,40.66291],[-2.02598,40.66453],[-2.04398,40.67745],[-2.05972,40.64352],[-2.05747,40.62413]]]}},{"type":"Feature","id":"19225","properties":{"cod_mun":"19225","nombre":"Pozo de Guadalajara","cod_prov":"19","cod_ccaa":"08"},"geometry":{"type":"Polygon","coordinates":[[[-3.20227,40.49812],[-3.19553,40.47873],[-3.15504,40.47873],[-3.16404,40.50619],[-3.20002,40.51589],[-3.20002,40.51427],[-3.20227,40.49812]]]}},{"type":"Feature","id":"19226","properties":{"cod_mun":"19226","nombre":"Prádena de Atienza","cod_prov":"19","cod_ccaa":"08"},"geometry":{"type":"Polygon","coordinates":[[[-3.04708,41.1993],[-3.04259,41.16537],[-3.02234,41.15729],[-2.97511,41.16214],[-2.95937,41.18314],[-2.98636,41.19607],[-2.99086,41.20253],[-3.02234,41.20738],[-3.04708,41.1993]]]}},{"type":"Feature","id":"19227","properties":{"cod_mun":"19227","nombre":"Prados Redondos","cod_prov":"19","cod_ccaa":"08"},"geometry":{"type":"Polygon","coordinates":[[[-1.88879,40.75177],[-1.8483,40.78085],[-1.81906,40.76954],[-1.77183,40.75177],[-1.73585,40.76954],[-1.7381,40.79701],[-1.74934,40.80024],[-1.78758,40.81639],[-1.80332,40.80832],[-1.82581,40.81155],[-1.8483,40.80347],[-1.88429,40.77439],[-1.88879,40.75177]]]}},{"type":"Feature","id":"19228","properties":{"cod_mun":"19228","nombre":"Puebla de Beleña","cod_prov":"19","cod_ccaa":"08"},"geometry":{"type":"Polygon","coordinates":[[[-3.27425,40.89394],[-3.26075,40.87294],[-3.24501,40.87294],[-3.18203,40.8794],[-3.18203,40.89556],[-3.20452,40.90202],[-3.22252,40.91818],[-3.24951,40.91495],[-3.26975,40.92787],[-3.27425,40.89394]]]}},{"type":"Feature","id":"19229","properties":{"cod_mun":"19229","nombre":"Puebla de Valles","cod_prov":"19","cod_ccaa":"08"},"geometry":{"type":"Polygon","coordinates":[[[-3.34847,40.90041],[-3.33722,40.89233],[-3.31248,40.90364],[-3.27425,40.89394],[-3.26975,40.92787],[-3.26975,40.94241],[-3.28324,40.95372],[-3.28999,40.9408],[-3.31923,40.93918],[-3.34847,40.90041]]]}},{"type":"Feature","id":"19235","properties":{"cod_mun":"19235","nombre":"Riba de Saelices","cod_prov":"19","cod_ccaa":"08"},"geometry":{"type":"Polygon","coordinates":[[[-2.34311,40.88263],[-2.32287,40.84709],[-2.2509,40.86486],[-2.26214,40.89394],[-2.2374,40.95534],[-2.25314,40.96503],[-2.30263,40.95695],[-2.31837,40.93272],[-2.30712,40.91172],[-2.31612,40.89718],[-2.34311,40.88263]]]}},{"type":"Feature","id":"19230","properties":{"cod_mun":"19230","nombre":"Quer","cod_prov":"19","cod_ccaa":"08"},"geometry":{"type":"Polygon","coordinates":[[[-3.31248,40.61121],[-3.27874,40.58698],[-3.25625,40.61444],[-3.29224,40.63868],[-3.31248,40.61121]]]}},{"type":"Feature","id":"19231","properties":{"cod_mun":"19231","nombre":"Rebollosa de Jadraque","cod_prov":"19","cod_ccaa":"08"},"geometry":{"type":"Polygon","coordinates":[[[-2.87165,41.0959],[-2.84017,41.07489],[-2.82892,41.07489],[-2.82667,41.07489],[-2.82667,41.09913],[-2.86715,41.10236],[-2.87165,41.0959]]]}},{"type":"Feature","id":"19234","properties":{"cod_mun":"19234","nombre":"Retiendas","cod_prov":"19","cod_ccaa":"08"},"geometry":{"type":"Polygon","coordinates":[[[-3.29674,41.00704],[-3.29449,40.98604],[-3.31248,40.97634],[-3.31023,40.95211],[-3.28324,40.95372],[-3.26975,40.94241],[-3.24726,40.96988],[-3.27425,40.98765],[-3.27425,41.00219],[-3.29674,41.00704]]]}},{"type":"Feature","id":"19232","properties":{"cod_mun":"19232","nombre":"Recuenco, El","cod_prov":"19","cod_ccaa":"08"},"geometry":{"type":"Polygon","coordinates":[[[-2.40384,40.62898],[-2.39934,40.61444],[-2.37235,40.60636],[-2.35436,40.59344],[-2.35211,40.57567],[-2.33186,40.56759],[-2.29813,40.57243],[-2.28688,40.58859],[-2.29363,40.62413],[-2.27564,40.64514],[-2.28463,40.65483],[-2.32287,40.67422],[-2.40384,40.62898]]]}},{"type":"Feature","id":"19233","properties":{"cod_mun":"19233","nombre":"Renera","cod_prov":"19","cod_ccaa":"08"},"geometry":{"type":"Polygon","coordinates":[[[-3.05383,40.47388],[-3.04484,40.4658],[-3.00435,40.47388],[-2.97286,40.48842],[-2.99086,40.50458],[-3.01785,40.50781],[-3.03584,40.51104],[-3.04933,40.49165],[-3.05383,40.47388]]]}},{"type":"Feature","id":"19246","properties":{"cod_mun":"19246","nombre":"Saelices de la Sal","cod_prov":"19","cod_ccaa":"08"},"geometry":{"type":"Polygon","coordinates":[[[-2.3701,40.88425],[-2.34311,40.88263],[-2.31612,40.89718],[-2.30712,40.91172],[-2.31837,40.93272],[-2.33636,40.93272],[-2.3611,40.91495],[-2.3701,40.88425]]]}},{"type":"Feature","id":"19237","properties":{"cod_mun":"19237","nombre":"Rillo de Gallo","cod_prov":"19","cod_ccaa":"08"},"geometry":{"type":"Polygon","coordinates":[[[-1.97425,40.86486],[-1.93152,40.8374],[-1.92702,40.85355],[-1.92477,40.86971],[-1.89553,40.89394],[-1.88654,40.89233],[-1.89553,40.91818],[-1.91353,40.92303],[-1.94052,40.92141],[-1.93152,40.89394],[-1.94502,40.87294],[-1.97425,40.86486]]]}},{"type":"Feature","id":"19238","properties":{"cod_mun":"19238","nombre":"Riofrío del Llano","cod_prov":"19","cod_ccaa":"08"},"geometry":{"type":"Polygon","coordinates":[[[-2.86715,41.10236],[-2.82667,41.09913],[-2.79518,41.10398],[-2.76145,41.10721],[-2.76145,41.1379],[-2.79518,41.14114],[-2.82217,41.16537],[-2.84466,41.13952],[-2.86491,41.13952],[-2.86715,41.10236]]]}},{"type":"Feature","id":"19256","properties":{"cod_mun":"19256","nombre":"Sienes","cod_prov":"19","cod_ccaa":"08"},"geometry":{"type":"Polygon","coordinates":[[[-2.68723,41.21222],[-2.67598,41.20253],[-2.67148,41.17991],[-2.62425,41.17506],[-2.61975,41.18314],[-2.61975,41.19607],[-2.60176,41.19445],[-2.58826,41.22353],[-2.59051,41.22515],[-2.62425,41.22353],[-2.6355,41.22353],[-2.68723,41.21222]]]}},{"type":"Feature","id":"19239","properties":{"cod_mun":"19239","nombre":"Robledillo de Mohernando","cod_prov":"19","cod_ccaa":"08"},"geometry":{"type":"Polygon","coordinates":[[[-3.24501,40.87294],[-3.24501,40.84224],[-3.23151,40.81639],[-3.22477,40.79862],[-3.19778,40.81639],[-3.19553,40.83255],[-3.20227,40.86002],[-3.18203,40.86809],[-3.18203,40.8794],[-3.24501,40.87294]]]}},{"type":"Feature","id":"19240","properties":{"cod_mun":"19240","nombre":"Robledo de Corpes","cod_prov":"19","cod_ccaa":"08"},"geometry":{"type":"Polygon","coordinates":[[[-2.98636,41.1169],[-2.98636,41.11044],[-2.95487,41.08297],[-2.94587,41.07328],[-2.93688,41.08136],[-2.89864,41.0862],[-2.89414,41.09105],[-2.91664,41.13306],[-2.91664,41.14275],[-2.93913,41.14437],[-2.96162,41.13467],[-2.96612,41.15406],[-2.97286,41.15891],[-2.98636,41.1169]]]}},{"type":"Feature","id":"19241","properties":{"cod_mun":"19241","nombre":"Romanillos de Atienza","cod_prov":"19","cod_ccaa":"08"},"geometry":{"type":"Polygon","coordinates":[[[-2.91439,41.25908],[-2.90089,41.2413],[-2.8919,41.23484],[-2.8784,41.26392],[-2.86715,41.27523],[-2.8739,41.29785],[-2.86715,41.31239],[-2.8829,41.32209],[-2.90539,41.29624],[-2.91439,41.25908]]]}},{"type":"Feature","id":"19257","properties":{"cod_mun":"19257","nombre":"Sigüenza","cod_prov":"19","cod_ccaa":"08"},"geometry":{"type":"Polygon","coordinates":[[[-2.82217,41.16537],[-2.79518,41.14114],[-2.76145,41.1379],[-2.73446,41.14598],[-2.72321,41.13952],[-2.71421,41.11529],[-2.72996,41.10559],[-2.76145,41.10721],[-2.79518,41.10398],[-2.79293,41.07328],[-2.7592,41.06197],[-2.74795,41.04743],[-2.72771,41.03935],[-2.72771,41.02481],[-2.72771,40.99088],[-2.70522,41.00219],[-2.68947,40.9925],[-2.65574,40.98927],[-2.613,40.99734],[-2.60401,41.01027],[-2.613,41.0135],[-2.59726,41.0345],[-2.60626,41.03935],[-2.56802,41.05551],[-2.56577,41.07651],[-2.54778,41.0862],[-2.4983,41.0652],[-2.46906,41.07813],[-2.48256,41.1169],[-2.50954,41.11852],[-2.51629,41.14598],[-2.53653,41.16214],[-2.53878,41.15406],[-2.57477,41.13952],[-2.59501,41.14921],[-2.57702,41.17829],[-2.60176,41.18799],[-2.61975,41.18314],[-2.62425,41.17506],[-2.67148,41.17991],[-2.67598,41.20253],[-2.68723,41.21222],[-2.70072,41.21061],[-2.73895,41.20576],[-2.74795,41.18153],[-2.7592,41.18476],[-2.79068,41.18476],[-2.81318,41.17991],[-2.82217,41.16537]]]}},{"type":"Feature","id":"19242","properties":{"cod_mun":"19242","nombre":"Romanones","cod_prov":"19","cod_ccaa":"08"},"geometry":{"type":"Polygon","coordinates":[[[-3.0201,40.54658],[-2.99985,40.54174],[-2.98636,40.55143],[-2.93913,40.57567],[-2.93238,40.59182],[-2.93913,40.59828],[-2.97961,40.58536],[-3.01335,40.59344],[-3.01785,40.59021],[-3.02459,40.56274],[-3.0201,40.54658]]]}},{"type":"Feature","id":"19243","properties":{"cod_mun":"19243","nombre":"Rueda de la Sierra","cod_prov":"19","cod_ccaa":"08"},"geometry":{"type":"Polygon","coordinates":[[[-1.90003,40.93272],[-1.89553,40.91818],[-1.88654,40.89233],[-1.8663,40.89556],[-1.83256,40.88748],[-1.81906,40.91656],[-1.80107,40.93434],[-1.82356,40.94564],[-1.83256,40.99734],[-1.85055,41.00381],[-1.84605,40.98765],[-1.8573,40.98119],[-1.8618,40.95534],[-1.88429,40.93757],[-1.90003,40.93272]]]}},{"type":"Feature","id":"19261","properties":{"cod_mun":"19261","nombre":"Sotodosos","cod_prov":"19","cod_ccaa":"08"},"geometry":{"type":"Polygon","coordinates":[[[-2.43757,40.91172],[-2.41733,40.88748],[-2.3701,40.88425],[-2.3611,40.91495],[-2.3656,40.9408],[-2.38584,40.94726],[-2.42633,40.92626],[-2.43757,40.91172]]]}},{"type":"Feature","id":"19244","properties":{"cod_mun":"19244","nombre":"Sacecorbo","cod_prov":"19","cod_ccaa":"08"},"geometry":{"type":"Polygon","coordinates":[[[-2.4983,40.84548],[-2.46006,40.83093],[-2.45332,40.78731],[-2.43757,40.77923],[-2.41733,40.7857],[-2.40159,40.80185],[-2.3746,40.8067],[-2.34761,40.7857],[-2.34536,40.78731],[-2.33186,40.80832],[-2.32961,40.8277],[-2.38584,40.83578],[-2.42633,40.88425],[-2.44207,40.87133],[-2.4983,40.84548]]]}},{"type":"Feature","id":"19247","properties":{"cod_mun":"19247","nombre":"Salmerón","cod_prov":"19","cod_ccaa":"08"},"geometry":{"type":"Polygon","coordinates":[[[-2.52754,40.54497],[-2.51404,40.51589],[-2.49605,40.50943],[-2.43532,40.53528],[-2.46231,40.5482],[-2.46456,40.56113],[-2.48256,40.57567],[-2.50505,40.5789],[-2.52079,40.57082],[-2.52754,40.54497]]]}},{"type":"Feature","id":"19245","properties":{"cod_mun":"19245","nombre":"Sacedón","cod_prov":"19","cod_ccaa":"08"},"geometry":{"type":"Polygon","coordinates":[[[-2.78394,40.45773],[-2.77719,40.44642],[-2.7592,40.44157],[-2.77044,40.42218],[-2.72321,40.39633],[-2.71421,40.41087],[-2.70522,40.41572],[-2.69172,40.39472],[-2.68048,40.40279],[-2.70297,40.42218],[-2.70072,40.43026],[-2.65124,40.43995],[-2.64899,40.47065],[-2.6355,40.50135],[-2.66248,40.51266],[-2.66473,40.52073],[-2.72996,40.52073],[-2.72996,40.53689],[-2.73221,40.50943],[-2.7457,40.49327],[-2.77719,40.49004],[-2.78394,40.45773]]]}},{"type":"Feature","id":"19251","properties":{"cod_mun":"19251","nombre":"Saúca","cod_prov":"19","cod_ccaa":"08"},"geometry":{"type":"Polygon","coordinates":[[[-2.60401,41.01027],[-2.57927,41.00058],[-2.56802,40.98442],[-2.52304,41.00058],[-2.49605,41.02643],[-2.5073,41.03935],[-2.56127,41.06359],[-2.56577,41.07651],[-2.56802,41.05551],[-2.60626,41.03935],[-2.59726,41.0345],[-2.613,41.0135],[-2.60401,41.01027]]]}},{"type":"Feature","id":"19254","properties":{"cod_mun":"19254","nombre":"Selas","cod_prov":"19","cod_ccaa":"08"},"geometry":{"type":"Polygon","coordinates":[[[-2.15643,40.92303],[-2.13619,40.91656],[-2.1182,40.8891],[-2.1047,40.88587],[-2.1092,40.91333],[-2.09121,40.91495],[-2.06422,40.9618],[-2.09571,40.97796],[-2.10695,40.98927],[-2.10695,40.98604],[-2.12944,40.97311],[-2.14969,40.94403],[-2.15643,40.92303]]]}},{"type":"Feature","id":"19252","properties":{"cod_mun":"19252","nombre":"Sayatón","cod_prov":"19","cod_ccaa":"08"},"geometry":{"type":"MultiPolygon","coordinates":[[[[-2.82442,40.3624],[-2.82667,40.40441],[-2.83792,40.40602],[-2.86491,40.3931],[-2.86266,40.36725],[-2.82442,40.3624]]],[[[-2.84241,40.46419],[-2.83792,40.44318],[-2.85366,40.42541],[-2.84241,40.41249],[-2.80643,40.40441],[-2.77719,40.44642],[-2.78394,40.45773],[-2.79968,40.46903],[-2.82667,40.47388],[-2.84241,40.46419]]]]}},{"type":"Feature","id":"19255","properties":{"cod_mun":"19255","nombre":"Setiles","cod_prov":"19","cod_ccaa":"08"},"geometry":{"type":"Polygon","coordinates":[[[-1.64588,40.74692],[-1.65038,40.734],[-1.64138,40.70168],[-1.62564,40.69199],[-1.6099,40.68553],[-1.58066,40.69038],[-1.55367,40.70976],[-1.56266,40.74046],[-1.55592,40.75015],[-1.57391,40.76469],[-1.6009,40.77277],[-1.64588,40.74692]]]}},{"type":"Feature","id":"19258","properties":{"cod_mun":"19258","nombre":"Solanillos del Extremo","cod_prov":"19","cod_ccaa":"08"},"geometry":{"type":"Polygon","coordinates":[[[-2.73221,40.74369],[-2.68273,40.73238],[-2.66473,40.71623],[-2.64899,40.73723],[-2.67598,40.77277],[-2.68498,40.79216],[-2.70522,40.80185],[-2.72321,40.78893],[-2.72771,40.77439],[-2.71871,40.755],[-2.73221,40.74369]]]}},{"type":"Feature","id":"19259","properties":{"cod_mun":"19259","nombre":"Somolinos","cod_prov":"19","cod_ccaa":"08"},"geometry":{"type":"Polygon","coordinates":[[[-3.09881,41.28008],[-3.09657,41.26231],[-3.07407,41.25746],[-3.07182,41.24454],[-3.06058,41.23807],[-3.03134,41.2413],[-3.03134,41.24938],[-3.06283,41.27362],[-3.09881,41.28008]]]}},{"type":"Feature","id":"19260","properties":{"cod_mun":"19260","nombre":"Sotillo, El","cod_prov":"19","cod_ccaa":"08"},"geometry":{"type":"Polygon","coordinates":[[[-2.66024,40.90364],[-2.63999,40.86486],[-2.63999,40.83093],[-2.6265,40.82447],[-2.61076,40.84548],[-2.60626,40.87456],[-2.61525,40.89718],[-2.64224,40.91979],[-2.66024,40.90364]]]}},{"type":"Feature","id":"19262","properties":{"cod_mun":"19262","nombre":"Tamajón","cod_prov":"19","cod_ccaa":"08"},"geometry":{"type":"Polygon","coordinates":[[[-3.29899,41.01027],[-3.29674,41.00704],[-3.27425,41.00219],[-3.27425,40.98765],[-3.24726,40.96988],[-3.21577,40.94403],[-3.18428,40.95372],[-3.18653,40.97311],[-3.17978,40.99088],[-3.20002,41.00542],[-3.19778,41.02804],[-3.19553,41.04581],[-3.17978,41.06682],[-3.17978,41.07489],[-3.18878,41.10074],[-3.19778,41.09751],[-3.22477,41.11044],[-3.254,41.10236],[-3.2675,41.08136],[-3.26525,41.05389],[-3.29899,41.02643],[-3.29899,41.01027]]]}},{"type":"Feature","id":"19264","properties":{"cod_mun":"19264","nombre":"Taravilla","cod_prov":"19","cod_ccaa":"08"},"geometry":{"type":"Polygon","coordinates":[[[-2.04623,40.69684],[-2.04398,40.67745],[-2.02598,40.66453],[-2.00574,40.66291],[-1.97425,40.64675],[-1.97875,40.62575],[-1.96301,40.62252],[-1.92702,40.64352],[-1.91803,40.65645],[-1.92027,40.66291],[-1.94726,40.71299],[-2.00349,40.70653],[-2.04623,40.69684]]]}},{"type":"Feature","id":"19272","properties":{"cod_mun":"19272","nombre":"Tordesilos","cod_prov":"19","cod_ccaa":"08"},"geometry":{"type":"Polygon","coordinates":[[[-1.64813,40.69361],[-1.62564,40.66291],[-1.56491,40.61444],[-1.53792,40.65806],[-1.53792,40.68876],[-1.55367,40.70976],[-1.58066,40.69038],[-1.6099,40.68553],[-1.62564,40.69199],[-1.64813,40.69361]]]}},{"type":"Feature","id":"19265","properties":{"cod_mun":"19265","nombre":"Tartanedo","cod_prov":"19","cod_ccaa":"08"},"geometry":{"type":"Polygon","coordinates":[[[-2.02149,41.05551],[-1.97875,41.05066],[-1.972,41.02804],[-1.98325,41.02319],[-2.00574,40.99573],[-2.01249,40.96342],[-1.99674,40.95049],[-1.96076,40.94888],[-1.96076,40.96019],[-1.92252,40.97149],[-1.89553,40.98765],[-1.85055,41.00381],[-1.83256,40.99734],[-1.82356,41.01673],[-1.86405,41.02804],[-1.85955,41.04097],[-1.93377,41.09751],[-1.94052,41.09751],[-1.97875,41.09428],[-2.02149,41.07489],[-2.02149,41.05551]]]}},{"type":"Feature","id":"19266","properties":{"cod_mun":"19266","nombre":"Tendilla","cod_prov":"19","cod_ccaa":"08"},"geometry":{"type":"Polygon","coordinates":[[[-2.99311,40.53689],[-2.95262,40.52235],[-2.91214,40.53366],[-2.91439,40.54658],[-2.93913,40.57567],[-2.98636,40.55143],[-2.99311,40.53689]]]}},{"type":"Feature","id":"19289","properties":{"cod_mun":"19289","nombre":"Traíd","cod_prov":"19","cod_ccaa":"08"},"geometry":{"type":"Polygon","coordinates":[[[-1.8483,40.70168],[-1.84156,40.66453],[-1.82806,40.62575],[-1.80332,40.61606],[-1.79657,40.62737],[-1.79432,40.64029],[-1.76958,40.66937],[-1.76733,40.69684],[-1.77633,40.71299],[-1.80332,40.70976],[-1.81007,40.72107],[-1.81906,40.70168],[-1.8483,40.70168]]]}},{"type":"Feature","id":"19267","properties":{"cod_mun":"19267","nombre":"Terzaga","cod_prov":"19","cod_ccaa":"08"},"geometry":{"type":"Polygon","coordinates":[[[-1.94726,40.71299],[-1.92027,40.66291],[-1.90903,40.66453],[-1.89553,40.68391],[-1.86854,40.70007],[-1.8483,40.70168],[-1.8663,40.72592],[-1.87754,40.71623],[-1.93377,40.73077],[-1.94277,40.72107],[-1.94726,40.71299]]]}},{"type":"Feature","id":"19268","properties":{"cod_mun":"19268","nombre":"Tierzo","cod_prov":"19","cod_ccaa":"08"},"geometry":{"type":"Polygon","coordinates":[[[-1.981,40.75823],[-1.981,40.74369],[-1.96976,40.74531],[-1.94277,40.72107],[-1.93377,40.73077],[-1.87754,40.71623],[-1.8663,40.72592],[-1.8663,40.73077],[-1.88879,40.75177],[-1.88429,40.77439],[-1.90003,40.77277],[-1.92477,40.78247],[-1.94052,40.77439],[-1.981,40.75823]]]}},{"type":"Feature","id":"19290","properties":{"cod_mun":"19290","nombre":"Trijueque","cod_prov":"19","cod_ccaa":"08"},"geometry":{"type":"Polygon","coordinates":[[[-3.02909,40.79054],[-3.02459,40.76308],[-2.99311,40.74692],[-2.98861,40.74531],[-2.96837,40.76469],[-2.95037,40.76954],[-2.92338,40.78893],[-2.97061,40.80832],[-2.98411,40.79862],[-3.0201,40.80832],[-3.02909,40.79054]]]}},{"type":"Feature","id":"19269","properties":{"cod_mun":"19269","nombre":"Toba, La","cod_prov":"19","cod_ccaa":"08"},"geometry":{"type":"Polygon","coordinates":[[[-3.07407,41.01027],[-3.05608,40.99734],[-3.04259,41.00865],[-3.01335,41.00704],[-3.00435,40.9925],[-3.0201,40.97634],[-2.99086,40.98442],[-2.97286,40.97473],[-2.96162,40.97149],[-2.95487,40.99896],[-2.96837,41.02158],[-2.98861,41.01512],[-3.01335,41.04097],[-3.00885,41.05066],[-3.02234,41.05228],[-3.05833,41.02158],[-3.07407,41.01027]]]}},{"type":"Feature","id":"19270","properties":{"cod_mun":"19270","nombre":"Tordelrábano","cod_prov":"19","cod_ccaa":"08"},"geometry":{"type":"Polygon","coordinates":[[[-2.77494,41.24938],[-2.77044,41.21061],[-2.7592,41.18476],[-2.74795,41.18153],[-2.74345,41.22676],[-2.77494,41.24938]]]}},{"type":"Feature","id":"19271","properties":{"cod_mun":"19271","nombre":"Tordellego","cod_prov":"19","cod_ccaa":"08"},"geometry":{"type":"Polygon","coordinates":[[[-1.74709,40.69361],[-1.71336,40.68553],[-1.69311,40.70007],[-1.64813,40.69361],[-1.62564,40.69199],[-1.64138,40.70168],[-1.65038,40.734],[-1.64588,40.74692],[-1.65038,40.74854],[-1.67062,40.74854],[-1.70661,40.72753],[-1.7201,40.70653],[-1.74259,40.70492],[-1.74709,40.69361]]]}},{"type":"Feature","id":"19274","properties":{"cod_mun":"19274","nombre":"Torija","cod_prov":"19","cod_ccaa":"08"},"geometry":{"type":"Polygon","coordinates":[[[-3.08082,40.71946],[-3.06283,40.71138],[-3.04034,40.70815],[-2.99985,40.73238],[-2.99311,40.74692],[-3.02459,40.76308],[-3.02909,40.79054],[-3.05158,40.79216],[-3.04484,40.75985],[-3.06958,40.74854],[-3.07632,40.74531],[-3.08082,40.71946]]]}},{"type":"Feature","id":"19277","properties":{"cod_mun":"19277","nombre":"Torrecuadrada de Molina","cod_prov":"19","cod_ccaa":"08"},"geometry":{"type":"Polygon","coordinates":[[[-1.8663,40.73077],[-1.8663,40.72592],[-1.8483,40.70168],[-1.81906,40.70168],[-1.81007,40.72107],[-1.80332,40.70976],[-1.77633,40.71299],[-1.77183,40.75177],[-1.81906,40.76954],[-1.84605,40.73561],[-1.8663,40.73077]]]}},{"type":"Feature","id":"19278","properties":{"cod_mun":"19278","nombre":"Torrecuadradilla","cod_prov":"19","cod_ccaa":"08"},"geometry":{"type":"Polygon","coordinates":[[[-2.59276,40.83255],[-2.57927,40.82609],[-2.56352,40.81478],[-2.53204,40.80993],[-2.51854,40.82124],[-2.5073,40.84386],[-2.4983,40.84548],[-2.50505,40.87456],[-2.54553,40.8794],[-2.57477,40.84063],[-2.59276,40.83255]]]}},{"type":"Feature","id":"19279","properties":{"cod_mun":"19279","nombre":"Torre del Burgo","cod_prov":"19","cod_ccaa":"08"},"geometry":{"type":"Polygon","coordinates":[[[-3.10331,40.80185],[-3.08757,40.79539],[-3.06958,40.80024],[-3.07182,40.80024],[-3.06508,40.80347],[-3.07632,40.80832],[-3.10106,40.81155],[-3.10331,40.80185]]]}},{"type":"Feature","id":"19280","properties":{"cod_mun":"19280","nombre":"Torrejón del Rey","cod_prov":"19","cod_ccaa":"08"},"geometry":{"type":"MultiPolygon","coordinates":[[[[-3.37995,40.63221],[-3.3822,40.6306],[-3.37096,40.62575],[-3.37995,40.63221]]],[[[-3.31023,40.67745],[-3.33497,40.68391],[-3.36421,40.70007],[-3.3822,40.68391],[-3.37546,40.68068],[-3.36646,40.6516],[-3.32822,40.64029],[-3.31698,40.65483],[-3.31023,40.67745]]]]}},{"type":"Feature","id":"19281","properties":{"cod_mun":"19281","nombre":"Torremocha de Jadraque","cod_prov":"19","cod_ccaa":"08"},"geometry":{"type":"Polygon","coordinates":[[[-2.92788,41.00219],[-2.91439,40.99088],[-2.88515,41.01027],[-2.88965,41.0345],[-2.92338,41.03612],[-2.92788,41.00219]]]}},{"type":"Feature","id":"19282","properties":{"cod_mun":"19282","nombre":"Torremocha del Campo","cod_prov":"19","cod_ccaa":"08"},"geometry":{"type":"Polygon","coordinates":[[[-2.65574,40.98927],[-2.63999,40.97149],[-2.62875,40.93918],[-2.64224,40.91979],[-2.61525,40.89718],[-2.60626,40.87456],[-2.61076,40.84548],[-2.59276,40.83255],[-2.57477,40.84063],[-2.54553,40.8794],[-2.50505,40.87456],[-2.5073,40.88425],[-2.49155,40.90849],[-2.51404,40.94403],[-2.55453,40.96342],[-2.56802,40.98442],[-2.57927,41.00058],[-2.60401,41.01027],[-2.613,40.99734],[-2.65574,40.98927]]]}},{"type":"Feature","id":"19283","properties":{"cod_mun":"19283","nombre":"Torremocha del Pinar","cod_prov":"19","cod_ccaa":"08"},"geometry":{"type":"Polygon","coordinates":[[[-2.1047,40.88587],[-2.08896,40.8584],[-2.04623,40.84871],[-2.00124,40.87779],[-2.00574,40.91172],[-2.02823,40.90849],[-2.09121,40.91495],[-2.1092,40.91333],[-2.1047,40.88587]]]}},{"type":"Feature","id":"19284","properties":{"cod_mun":"19284","nombre":"Torremochuela","cod_prov":"19","cod_ccaa":"08"},"geometry":{"type":"Polygon","coordinates":[[[-1.88879,40.75177],[-1.8663,40.73077],[-1.84605,40.73561],[-1.81906,40.76954],[-1.8483,40.78085],[-1.88879,40.75177]]]}},{"type":"Feature","id":"19285","properties":{"cod_mun":"19285","nombre":"Torrubia","cod_prov":"19","cod_ccaa":"08"},"geometry":{"type":"MultiPolygon","coordinates":[[[[-1.90003,40.93272],[-1.91353,40.92303],[-1.89553,40.91818],[-1.90003,40.93272]]],[[[-1.85055,41.00381],[-1.89553,40.98765],[-1.92252,40.97149],[-1.89104,40.93918],[-1.88429,40.93757],[-1.8618,40.95534],[-1.8573,40.98119],[-1.84605,40.98765],[-1.85055,41.00381]]]]}},{"type":"Feature","id":"19286","properties":{"cod_mun":"19286","nombre":"Tórtola de Henares","cod_prov":"19","cod_ccaa":"08"},"geometry":{"type":"Polygon","coordinates":[[[-3.15729,40.71299],[-3.1438,40.70815],[-3.16404,40.69361],[-3.15729,40.68714],[-3.10781,40.68714],[-3.09432,40.69684],[-3.08757,40.72269],[-3.13255,40.74369],[-3.15504,40.72269],[-3.15729,40.71299]]]}},{"type":"Feature","id":"19287","properties":{"cod_mun":"19287","nombre":"Tortuera","cod_prov":"19","cod_ccaa":"08"},"geometry":{"type":"Polygon","coordinates":[[[-1.83256,40.99734],[-1.82356,40.94564],[-1.80107,40.93434],[-1.76958,40.94403],[-1.7381,40.94241],[-1.74259,40.97634],[-1.75384,40.98604],[-1.7381,41.00219],[-1.7156,41.01189],[-1.7291,41.02481],[-1.74484,41.03289],[-1.75834,41.05551],[-1.76284,41.05874],[-1.77183,41.04743],[-1.80782,41.0442],[-1.80782,41.02481],[-1.82356,41.01673],[-1.83256,40.99734]]]}},{"type":"Feature","id":"19288","properties":{"cod_mun":"19288","nombre":"Tortuero","cod_prov":"19","cod_ccaa":"08"},"geometry":{"type":"Polygon","coordinates":[[[-3.41819,40.97473],[-3.39345,40.9618],[-3.38445,40.94241],[-3.34847,40.90041],[-3.31923,40.93918],[-3.34847,40.96826],[-3.34397,41.00219],[-3.39345,41.00058],[-3.41819,40.98765],[-3.41819,40.97473]]]}},{"type":"Feature","id":"19291","properties":{"cod_mun":"19291","nombre":"Trillo","cod_prov":"19","cod_ccaa":"08"},"geometry":{"type":"Polygon","coordinates":[[[-2.66923,40.65645],[-2.66024,40.64191],[-2.6265,40.64029],[-2.60851,40.60798],[-2.57702,40.60313],[-2.54553,40.61767],[-2.51179,40.6209],[-2.49155,40.65483],[-2.47131,40.65806],[-2.44657,40.64837],[-2.44207,40.68876],[-2.46231,40.70815],[-2.50055,40.70168],[-2.52754,40.71623],[-2.57252,40.71784],[-2.59051,40.73723],[-2.63999,40.69845],[-2.63999,40.67583],[-2.62875,40.66453],[-2.66923,40.65645]]]}},{"type":"Feature","id":"19293","properties":{"cod_mun":"19293","nombre":"Uceda","cod_prov":"19","cod_ccaa":"08"},"geometry":{"type":"Polygon","coordinates":[[[-3.51265,40.78893],[-3.49916,40.78893],[-3.46767,40.78408],[-3.44743,40.76469],[-3.42494,40.79054],[-3.45418,40.79216],[-3.45193,40.81155],[-3.42719,40.83901],[-3.39795,40.85032],[-3.39345,40.86486],[-3.42719,40.87133],[-3.44068,40.88102],[-3.47217,40.86486],[-3.46992,40.85194],[-3.47667,40.82609],[-3.50141,40.79701],[-3.51265,40.78893]]]}},{"type":"Feature","id":"19294","properties":{"cod_mun":"19294","nombre":"Ujados","cod_prov":"19","cod_ccaa":"08"},"geometry":{"type":"Polygon","coordinates":[[[-3.03134,41.2413],[-3.02234,41.20738],[-2.99086,41.20253],[-2.98861,41.22515],[-3.0021,41.24292],[-3.03134,41.24938],[-3.03134,41.2413]]]}},{"type":"Feature","id":"19296","properties":{"cod_mun":"19296","nombre":"Utande","cod_prov":"19","cod_ccaa":"08"},"geometry":{"type":"Polygon","coordinates":[[[-2.95037,40.84548],[-2.93238,40.82447],[-2.90089,40.83578],[-2.90539,40.85355],[-2.90989,40.89556],[-2.91439,40.88425],[-2.92788,40.86809],[-2.94138,40.87617],[-2.93913,40.85194],[-2.95037,40.84548]]]}},{"type":"Feature","id":"19297","properties":{"cod_mun":"19297","nombre":"Valdarachas","cod_prov":"19","cod_ccaa":"08"},"geometry":{"type":"Polygon","coordinates":[[[-3.12355,40.53204],[-3.1393,40.54174],[-3.1348,40.50943],[-3.14605,40.4965],[-3.10781,40.49488],[-3.10331,40.50296],[-3.12355,40.53204]]]}},{"type":"Feature","id":"19298","properties":{"cod_mun":"19298","nombre":"Valdearenas","cod_prov":"19","cod_ccaa":"08"},"geometry":{"type":"Polygon","coordinates":[[[-3.0201,40.80832],[-2.98411,40.79862],[-2.97061,40.80832],[-2.98186,40.82447],[-2.96837,40.84063],[-2.97511,40.84871],[-3.01335,40.8374],[-3.0201,40.80832]]]}},{"type":"Feature","id":"19299","properties":{"cod_mun":"19299","nombre":"Valdeavellano","cod_prov":"19","cod_ccaa":"08"},"geometry":{"type":"Polygon","coordinates":[[[-2.98411,40.63383],[-2.98186,40.62737],[-2.94362,40.64514],[-2.93013,40.70007],[-2.95487,40.68714],[-2.98411,40.6823],[-2.99086,40.66453],[-2.98411,40.63383]]]}},{"type":"Feature","id":"19301","properties":{"cod_mun":"19301","nombre":"Valdeconcha","cod_prov":"19","cod_ccaa":"08"},"geometry":{"type":"Polygon","coordinates":[[[-2.91439,40.46257],[-2.89414,40.43834],[-2.85366,40.42541],[-2.83792,40.44318],[-2.84241,40.46419],[-2.85591,40.47065],[-2.90539,40.4755],[-2.91439,40.46257]]]}},{"type":"Feature","id":"19300","properties":{"cod_mun":"19300","nombre":"Valdeaveruelo","cod_prov":"19","cod_ccaa":"08"},"geometry":{"type":"Polygon","coordinates":[[[-3.32148,40.61121],[-3.31248,40.61121],[-3.29224,40.63868],[-3.28774,40.66129],[-3.28099,40.66776],[-3.29899,40.68876],[-3.31023,40.67745],[-3.31698,40.65483],[-3.32373,40.62898],[-3.33722,40.62575],[-3.32148,40.61121]]]}},{"type":"Feature","id":"19304","properties":{"cod_mun":"19304","nombre":"Valdenuño Fernández","cod_prov":"19","cod_ccaa":"08"},"geometry":{"type":"Polygon","coordinates":[[[-3.4002,40.78247],[-3.39795,40.75338],[-3.40694,40.73723],[-3.3867,40.72753],[-3.35072,40.73723],[-3.32822,40.73561],[-3.35072,40.75015],[-3.35072,40.76954],[-3.37546,40.79539],[-3.4002,40.78247]]]}},{"type":"Feature","id":"19305","properties":{"cod_mun":"19305","nombre":"Valdepeñas de la Sierra","cod_prov":"19","cod_ccaa":"08"},"geometry":{"type":"Polygon","coordinates":[[[-3.45193,40.91333],[-3.45867,40.89718],[-3.44068,40.88102],[-3.42719,40.87133],[-3.39345,40.86486],[-3.36196,40.86648],[-3.33947,40.87617],[-3.33722,40.89233],[-3.34847,40.90041],[-3.38445,40.94241],[-3.39345,40.9618],[-3.41819,40.97473],[-3.42269,40.96665],[-3.45193,40.91333]]]}},{"type":"Feature","id":"19306","properties":{"cod_mun":"19306","nombre":"Valderrebollo","cod_prov":"19","cod_ccaa":"08"},"geometry":{"type":"Polygon","coordinates":[[[-2.77494,40.80508],[-2.72771,40.79054],[-2.72321,40.78893],[-2.70522,40.80185],[-2.72546,40.82609],[-2.75245,40.83093],[-2.75245,40.81316],[-2.77494,40.80508]]]}},{"type":"Feature","id":"19307","properties":{"cod_mun":"19307","nombre":"Valdesotos","cod_prov":"19","cod_ccaa":"08"},"geometry":{"type":"Polygon","coordinates":[[[-3.34397,41.00219],[-3.34847,40.96826],[-3.31923,40.93918],[-3.28999,40.9408],[-3.28324,40.95372],[-3.31023,40.95211],[-3.31248,40.97634],[-3.29449,40.98604],[-3.29674,41.00704],[-3.29899,41.01027],[-3.31698,41.0135],[-3.34397,41.00219]]]}},{"type":"Feature","id":"19308","properties":{"cod_mun":"19308","nombre":"Valfermoso de Tajuña","cod_prov":"19","cod_ccaa":"08"},"geometry":{"type":"Polygon","coordinates":[[[-3.01335,40.59344],[-2.97961,40.58536],[-2.93913,40.59828],[-2.91214,40.61767],[-2.93238,40.64191],[-2.94362,40.64514],[-2.98186,40.62737],[-2.99311,40.61606],[-3.01335,40.59344]]]}},{"type":"Feature","id":"19309","properties":{"cod_mun":"19309","nombre":"Valhermoso","cod_prov":"19","cod_ccaa":"08"},"geometry":{"type":"Polygon","coordinates":[[[-2.03723,40.75177],[-2.01924,40.755],[-1.99899,40.77116],[-1.981,40.75823],[-1.94052,40.77439],[-1.94052,40.7857],[-1.981,40.8067],[-2.00799,40.7857],[-2.02598,40.7857],[-2.03948,40.77116],[-2.03723,40.75177]]]}},{"type":"Feature","id":"19310","properties":{"cod_mun":"19310","nombre":"Valtablado del Río","cod_prov":"19","cod_ccaa":"08"},"geometry":{"type":"Polygon","coordinates":[[[-2.44207,40.72107],[-2.38809,40.69361],[-2.3566,40.69845],[-2.3611,40.72107],[-2.38809,40.75015],[-2.41283,40.73077],[-2.44207,40.72107]]]}},{"type":"Feature","id":"19311","properties":{"cod_mun":"19311","nombre":"Valverde de los Arroyos","cod_prov":"19","cod_ccaa":"08"},"geometry":{"type":"Polygon","coordinates":[[[-3.27874,41.16214],[-3.26525,41.11044],[-3.25625,41.10398],[-3.254,41.10236],[-3.22477,41.11044],[-3.19778,41.09751],[-3.18878,41.10074],[-3.19328,41.14437],[-3.20002,41.15568],[-3.272,41.17345],[-3.27874,41.16214]]]}},{"type":"Feature","id":"19314","properties":{"cod_mun":"19314","nombre":"Viana de Jadraque","cod_prov":"19","cod_ccaa":"08"},"geometry":{"type":"Polygon","coordinates":[[[-2.84241,41.01189],[-2.82892,41.00219],[-2.79968,41.02158],[-2.73895,41.01835],[-2.72771,41.02481],[-2.72771,41.03935],[-2.74795,41.04743],[-2.81318,41.03127],[-2.82442,41.05066],[-2.81992,41.0652],[-2.82667,41.07489],[-2.82892,41.07489],[-2.82217,41.06359],[-2.82892,41.0442],[-2.82892,41.02481],[-2.84241,41.01189]]]}},{"type":"Feature","id":"19317","properties":{"cod_mun":"19317","nombre":"Villanueva de Alcorón","cod_prov":"19","cod_ccaa":"08"},"geometry":{"type":"Polygon","coordinates":[[[-2.33186,40.68391],[-2.32287,40.67422],[-2.28463,40.65483],[-2.27564,40.64514],[-2.2329,40.62413],[-2.21491,40.61929],[-2.19017,40.6306],[-2.16993,40.6306],[-2.15643,40.65806],[-2.14744,40.67583],[-2.2464,40.71784],[-2.28463,40.70815],[-2.30263,40.69361],[-2.33186,40.68391]]]}},{"type":"Feature","id":"19318","properties":{"cod_mun":"19318","nombre":"Villanueva de Argecilla","cod_prov":"19","cod_ccaa":"08"},"geometry":{"type":"Polygon","coordinates":[[[-2.92788,40.90525],[-2.91439,40.88425],[-2.90989,40.89556],[-2.89864,40.90849],[-2.92338,40.91656],[-2.92788,40.90525]]]}},{"type":"Feature","id":"19319","properties":{"cod_mun":"19319","nombre":"Villanueva de la Torre","cod_prov":"19","cod_ccaa":"08"},"geometry":{"type":"Polygon","coordinates":[[[-3.33047,40.60152],[-3.31698,40.58374],[-3.28774,40.57243],[-3.27425,40.58213],[-3.27874,40.58698],[-3.31248,40.61121],[-3.32148,40.61121],[-3.33047,40.60152]]]}},{"type":"Feature","id":"19321","properties":{"cod_mun":"19321","nombre":"Villares de Jadraque","cod_prov":"19","cod_ccaa":"08"},"geometry":{"type":"Polygon","coordinates":[[[-3.08082,41.09267],[-3.06508,41.0862],[-3.04484,41.09267],[-3.02684,41.07813],[-3.01785,41.08944],[-2.98636,41.11044],[-2.98636,41.1169],[-3.00435,41.11205],[-3.04034,41.12498],[-3.05608,41.09428],[-3.08082,41.09267]]]}},{"type":"Feature","id":"19322","properties":{"cod_mun":"19322","nombre":"Villaseca de Henares","cod_prov":"19","cod_ccaa":"08"},"geometry":{"type":"Polygon","coordinates":[[[-2.83117,40.9618],[-2.81093,40.93595],[-2.77269,40.95534],[-2.76819,40.98442],[-2.80418,40.98119],[-2.81318,40.98604],[-2.83117,40.9618]]]}},{"type":"Feature","id":"19323","properties":{"cod_mun":"19323","nombre":"Villaseca de Uceda","cod_prov":"19","cod_ccaa":"08"},"geometry":{"type":"Polygon","coordinates":[[[-3.37546,40.82124],[-3.37096,40.80993],[-3.33272,40.81155],[-3.33497,40.82447],[-3.31923,40.84224],[-3.32373,40.86971],[-3.33947,40.87617],[-3.36196,40.86648],[-3.34397,40.86971],[-3.33047,40.8584],[-3.33272,40.84063],[-3.37546,40.82124]]]}},{"type":"Feature","id":"19324","properties":{"cod_mun":"19324","nombre":"Villel de Mesa","cod_prov":"19","cod_ccaa":"08"},"geometry":{"type":"Polygon","coordinates":[[[-2.05072,41.1476],[-2.05072,41.12983],[-2.00574,41.1169],[-1.97875,41.09428],[-1.94052,41.09751],[-1.98775,41.16052],[-2.04847,41.15244],[-2.05072,41.1476]]]}},{"type":"Feature","id":"19325","properties":{"cod_mun":"19325","nombre":"Viñuelas","cod_prov":"19","cod_ccaa":"08"},"geometry":{"type":"Polygon","coordinates":[[[-3.37546,40.79539],[-3.35072,40.76954],[-3.32598,40.76954],[-3.32373,40.79054],[-3.33272,40.81155],[-3.37096,40.80993],[-3.37546,40.79539]]]}},{"type":"Feature","id":"19326","properties":{"cod_mun":"19326","nombre":"Yebes","cod_prov":"19","cod_ccaa":"08"},"geometry":{"type":"MultiPolygon","coordinates":[[[[-3.11006,40.55628],[-3.12355,40.53204],[-3.10331,40.50296],[-3.09881,40.50943],[-3.06283,40.5175],[-3.06958,40.52881],[-3.08982,40.53689],[-3.11006,40.55628]]],[[[-3.09881,40.59021],[-3.1258,40.59182],[-3.12355,40.58051],[-3.10556,40.58213],[-3.09881,40.59021]]]]}},{"type":"Feature","id":"19327","properties":{"cod_mun":"19327","nombre":"Yebra","cod_prov":"19","cod_ccaa":"08"},"geometry":{"type":"Polygon","coordinates":[[[-3.03134,40.36563],[-3.03134,40.36402],[-3.01335,40.36563],[-2.99311,40.34463],[-2.97286,40.32847],[-2.92788,40.30909],[-2.92113,40.29455],[-2.88965,40.30262],[-2.91214,40.31232],[-2.91439,40.35917],[-2.91439,40.37048],[-2.95262,40.38017],[-2.97061,40.3931],[-3.02459,40.38017],[-3.03134,40.36563]]]}},{"type":"Feature","id":"19330","properties":{"cod_mun":"19330","nombre":"Yélamos de Arriba","cod_prov":"19","cod_ccaa":"08"},"geometry":{"type":"Polygon","coordinates":[[[-2.87615,40.63544],[-2.85366,40.63868],[-2.82667,40.60798],[-2.83567,40.63868],[-2.80868,40.65968],[-2.83117,40.66937],[-2.86266,40.66937],[-2.87615,40.63544]]]}},{"type":"Feature","id":"19334","properties":{"cod_mun":"19334","nombre":"Zarzuela de Jadraque","cod_prov":"19","cod_ccaa":"08"},"geometry":{"type":"Polygon","coordinates":[[[-3.10781,41.0862],[-3.08307,41.07005],[-3.08307,41.05389],[-3.05833,41.02158],[-3.02234,41.05228],[-3.02684,41.07813],[-3.04484,41.09267],[-3.06508,41.0862],[-3.08082,41.09267],[-3.10106,41.09428],[-3.10781,41.0862]]]}},{"type":"Feature","id":"19335","properties":{"cod_mun":"19335","nombre":"Zorita de los Canes","cod_prov":"19","cod_ccaa":"08"},"geometry":{"type":"Polygon","coordinates":[[[-2.91439,40.35917],[-2.91214,40.31232],[-2.88965,40.30262],[-2.86715,40.30586],[-2.84916,40.31878],[-2.87165,40.3414],[-2.89414,40.34625],[-2.91439,40.35917]]]}},{"type":"Feature","id":"19331","properties":{"cod_mun":"19331","nombre":"Yunquera de Henares","cod_prov":"19","cod_ccaa":"08"},"geometry":{"type":"Polygon","coordinates":[[[-3.22027,40.75662],[-3.21577,40.75177],[-3.17304,40.74046],[-3.15504,40.72269],[-3.13255,40.74369],[-3.1348,40.76954],[-3.16629,40.7857],[-3.19778,40.78408],[-3.22252,40.76631],[-3.22027,40.75662]]]}},{"type":"Feature","id":"19901","properties":{"cod_mun":"19901","nombre":"Semillas","cod_prov":"19","cod_ccaa":"08"},"geometry":{"type":"Polygon","coordinates":[[[-3.19778,41.02804],[-3.16854,41.01835],[-3.14605,41.03774],[-3.11681,41.02319],[-3.10106,41.01835],[-3.07407,41.01027],[-3.05833,41.02158],[-3.08307,41.05389],[-3.08307,41.07005],[-3.10781,41.0862],[-3.12355,41.07166],[-3.15729,41.06035],[-3.17978,41.06682],[-3.19553,41.04581],[-3.19778,41.02804]]]}},{"type":"Feature","id":"45001","properties":{"cod_mun":"45001","nombre":"Ajofrín","cod_prov":"45","cod_ccaa":"08"},"geometry":{"type":"Polygon","coordinates":[[[-4.0367,39.73231],[-4.0232,39.72908],[-3.99846,39.7],[-3.99846,39.69192],[-3.96473,39.69515],[-3.94898,39.71454],[-3.96023,39.71292],[-3.96248,39.73716],[-3.95348,39.74685],[-3.96473,39.76624],[-4.01421,39.74846],[-4.02545,39.75331],[-4.0367,39.73231]]]}},{"type":"Feature","id":"45004","properties":{"cod_mun":"45004","nombre":"Alcabón","cod_prov":"45","cod_ccaa":"08"},"geometry":{"type":"Polygon","coordinates":[[[-4.38531,40.01989],[-4.37632,39.98435],[-4.36507,39.97627],[-4.35382,40.0102],[-4.38531,40.01989]]]}},{"type":"Feature","id":"45002","properties":{"cod_mun":"45002","nombre":"Alameda de la Sagra","cod_prov":"45","cod_ccaa":"08"},"geometry":{"type":"Polygon","coordinates":[[[-3.84102,39.98273],[-3.82528,39.95365],[-3.80954,39.97627],[-3.7848,39.99081],[-3.76231,40.02635],[-3.7713,40.05705],[-3.80279,40.03443],[-3.7803,40.02797],[-3.81628,40.02151],[-3.81628,40.00858],[-3.84552,39.99889],[-3.84102,39.98273]]]}},{"type":"Feature","id":"45005","properties":{"cod_mun":"45005","nombre":"Alcañizo","cod_prov":"45","cod_ccaa":"08"},"geometry":{"type":"Polygon","coordinates":[[[-5.12302,39.92618],[-5.12302,39.92295],[-5.14327,39.90356],[-5.13877,39.89387],[-5.10953,39.88579],[-5.10503,39.89387],[-5.07354,39.8971],[-5.09828,39.92295],[-5.12302,39.92618]]]}},{"type":"Feature","id":"45003","properties":{"cod_mun":"45003","nombre":"Albarreal de Tajo","cod_prov":"45","cod_ccaa":"08"},"geometry":{"type":"Polygon","coordinates":[[[-4.26386,39.91326],[-4.27735,39.88579],[-4.25036,39.86479],[-4.23012,39.85348],[-4.22113,39.87125],[-4.19863,39.86317],[-4.18289,39.87287],[-4.1694,39.88256],[-4.16265,39.90356],[-4.17839,39.90841],[-4.21663,39.91811],[-4.24587,39.91003],[-4.26386,39.91326]]]}},{"type":"Feature","id":"45006","properties":{"cod_mun":"45006","nombre":"Alcaudete de la Jara","cod_prov":"45","cod_ccaa":"08"},"geometry":{"type":"Polygon","coordinates":[[[-4.9161,39.84056],[-4.9161,39.77755],[-4.92285,39.76301],[-4.89361,39.72908],[-4.88462,39.67415],[-4.87337,39.66122],[-4.86213,39.66122],[-4.85313,39.68869],[-4.83064,39.72261],[-4.83064,39.73554],[-4.80365,39.7517],[-4.7924,39.77431],[-4.75642,39.78401],[-4.74742,39.77916],[-4.75642,39.80501],[-4.77441,39.8244],[-4.8014,39.82763],[-4.83739,39.82925],[-4.84413,39.83571],[-4.88462,39.84217],[-4.89361,39.83409],[-4.9161,39.84056]]]}},{"type":"Feature","id":"45007","properties":{"cod_mun":"45007","nombre":"Alcolea de Tajo","cod_prov":"45","cod_ccaa":"08"},"geometry":{"type":"Polygon","coordinates":[[[-5.20624,39.79693],[-5.1815,39.79855],[-5.16801,39.80016],[-5.12977,39.7937],[-5.08704,39.77108],[-5.03981,39.77593],[-5.0533,39.79693],[-5.0488,39.82278],[-5.06455,39.83571],[-5.10953,39.8244],[-5.12077,39.84217],[-5.15901,39.83409],[-5.1815,39.82278],[-5.19949,39.83086],[-5.21299,39.82278],[-5.20624,39.79693]]]}},{"type":"Feature","id":"45015","properties":{"cod_mun":"45015","nombre":"Arcicóllar","cod_prov":"45","cod_ccaa":"08"},"geometry":{"type":"Polygon","coordinates":[[[-4.14915,40.08128],[-4.12441,40.02958],[-4.08168,40.03928],[-4.06819,40.02958],[-4.06369,40.04251],[-4.04345,40.05059],[-4.05244,40.06351],[-4.09518,40.06513],[-4.10192,40.07482],[-4.12666,40.07321],[-4.13341,40.08613],[-4.14915,40.08128]]]}},{"type":"Feature","id":"45008","properties":{"cod_mun":"45008","nombre":"Aldea en Cabo","cod_prov":"45","cod_ccaa":"08"},"geometry":{"type":"Polygon","coordinates":[[[-4.52251,40.20246],[-4.47977,40.1863],[-4.46178,40.15883],[-4.43254,40.17499],[-4.44604,40.2073],[-4.49777,40.22184],[-4.51801,40.21538],[-4.52251,40.20246]]]}},{"type":"Feature","id":"45016","properties":{"cod_mun":"45016","nombre":"Argés","cod_prov":"45","cod_ccaa":"08"},"geometry":{"type":"MultiPolygon","coordinates":[[[[-4.09293,39.81794],[-4.11092,39.81309],[-4.12216,39.79209],[-4.08843,39.7937],[-4.07718,39.78886],[-4.0412,39.7937],[-4.04569,39.81632],[-4.07043,39.82601],[-4.09293,39.81794]]],[[[-4.1694,39.88256],[-4.18289,39.87287],[-4.17389,39.85994],[-4.1559,39.87125],[-4.15365,39.87933],[-4.1694,39.88256]]]]}},{"type":"Feature","id":"45009","properties":{"cod_mun":"45009","nombre":"Aldeanueva de Barbarroya","cod_prov":"45","cod_ccaa":"08"},"geometry":{"type":"Polygon","coordinates":[[[-5.08704,39.77108],[-5.09379,39.75977],[-5.07804,39.75008],[-5.06005,39.74362],[-5.03306,39.68869],[-5.03531,39.67738],[-5.00157,39.6693],[-4.94759,39.67253],[-4.96559,39.68707],[-4.97683,39.75331],[-4.97683,39.78724],[-4.99257,39.79209],[-5.03981,39.77593],[-5.08704,39.77108]]]}},{"type":"Feature","id":"45010","properties":{"cod_mun":"45010","nombre":"Aldeanueva de San Bartolomé","cod_prov":"45","cod_ccaa":"08"},"geometry":{"type":"Polygon","coordinates":[[[-5.16126,39.64668],[-5.14327,39.64183],[-5.11853,39.6176],[-5.09379,39.60952],[-5.07579,39.6176],[-5.05105,39.64183],[-5.08254,39.65799],[-5.14776,39.66768],[-5.16126,39.64668]]]}},{"type":"Feature","id":"45011","properties":{"cod_mun":"45011","nombre":"Almendral de la Cañada","cod_prov":"45","cod_ccaa":"08"},"geometry":{"type":"MultiPolygon","coordinates":[[[[-4.76766,40.217],[-4.78341,40.19276],[-4.75867,40.16853],[-4.72493,40.15076],[-4.69569,40.18468],[-4.70244,40.19922],[-4.72043,40.20569],[-4.75642,40.2073],[-4.76766,40.217]]],[[[-4.84863,40.20892],[-4.85988,40.20246],[-4.83514,40.19115],[-4.82839,40.19922],[-4.84863,40.20892]]]]}},{"type":"Feature","id":"45012","properties":{"cod_mun":"45012","nombre":"Almonacid de Toledo","cod_prov":"45","cod_ccaa":"08"},"geometry":{"type":"Polygon","coordinates":[[[-3.90175,39.74685],[-3.85677,39.72585],[-3.84327,39.73716],[-3.81403,39.74362],[-3.80729,39.75493],[-3.81403,39.81147],[-3.81853,39.81794],[-3.79379,39.86479],[-3.79379,39.87125],[-3.80504,39.88418],[-3.81403,39.88579],[-3.86576,39.87448],[-3.85902,39.84702],[-3.85227,39.83571],[-3.87926,39.82278],[-3.85902,39.80178],[-3.86127,39.79209],[-3.90625,39.79209],[-3.9085,39.77593],[-3.895,39.75654],[-3.90175,39.74685]]]}},{"type":"Feature","id":"45013","properties":{"cod_mun":"45013","nombre":"Almorox","cod_prov":"45","cod_ccaa":"08"},"geometry":{"type":"Polygon","coordinates":[[[-4.43704,40.23638],[-4.41005,40.22669],[-4.4078,40.20407],[-4.38981,40.19438],[-4.36057,40.20084],[-4.35158,40.18792],[-4.34933,40.23638],[-4.34483,40.25254],[-4.35607,40.27031],[-4.35607,40.30909],[-4.38081,40.31878],[-4.38306,40.2897],[-4.43479,40.259],[-4.43704,40.23638]]]}},{"type":"Feature","id":"45014","properties":{"cod_mun":"45014","nombre":"Añover de Tajo","cod_prov":"45","cod_ccaa":"08"},"geometry":{"type":"Polygon","coordinates":[[[-3.82528,39.95365],[-3.82303,39.94719],[-3.80954,39.95365],[-3.78705,39.94396],[-3.78705,39.95365],[-3.75781,39.96819],[-3.73532,39.96173],[-3.74656,39.9795],[-3.71507,40.00373],[-3.76231,40.02635],[-3.7848,39.99081],[-3.80954,39.97627],[-3.82528,39.95365]]]}},{"type":"Feature","id":"45017","properties":{"cod_mun":"45017","nombre":"Azután","cod_prov":"45","cod_ccaa":"08"},"geometry":{"type":"Polygon","coordinates":[[[-5.16801,39.80016],[-5.15901,39.75977],[-5.14776,39.74846],[-5.12302,39.75331],[-5.11853,39.76462],[-5.08704,39.77108],[-5.12977,39.7937],[-5.16801,39.80016]]]}},{"type":"Feature","id":"45018","properties":{"cod_mun":"45018","nombre":"Barcience","cod_prov":"45","cod_ccaa":"08"},"geometry":{"type":"Polygon","coordinates":[[[-4.26386,39.99727],[-4.24812,39.96657],[-4.22562,39.95526],[-4.20988,39.95688],[-4.20988,39.98111],[-4.23012,40.00535],[-4.26386,39.99727]]]}},{"type":"Feature","id":"45019","properties":{"cod_mun":"45019","nombre":"Bargas","cod_prov":"45","cod_ccaa":"08"},"geometry":{"type":"MultiPolygon","coordinates":[[[[-4.15365,39.95688],[-4.17165,39.93911],[-4.1604,39.91326],[-4.15815,39.9068],[-4.12216,39.91003],[-4.08843,39.90356],[-4.07943,39.92457],[-4.05469,39.92295],[-4.0322,39.9068],[-4.01421,39.91003],[-4.00971,39.92134],[-4.01421,39.9795],[-4.0367,40.00858],[-4.06144,40.01343],[-4.05019,39.98596],[-4.08843,39.9795],[-4.08843,39.95042],[-4.11767,39.94557],[-4.15365,39.95688]]],[[[-4.03895,40.03282],[-4.06369,40.02797],[-4.06144,40.01504],[-4.0367,40.02797],[-4.03895,40.03282]]]]}},{"type":"Feature","id":"45020","properties":{"cod_mun":"45020","nombre":"Belvís de la Jara","cod_prov":"45","cod_ccaa":"08"},"geometry":{"type":"Polygon","coordinates":[[[-4.99257,39.79209],[-4.97683,39.78724],[-4.97683,39.75331],[-4.96559,39.68707],[-4.94759,39.67253],[-4.94309,39.66768],[-4.9161,39.66284],[-4.88462,39.67415],[-4.89361,39.72908],[-4.92285,39.76301],[-4.9161,39.77755],[-4.9161,39.84056],[-4.93635,39.85025],[-4.99932,39.80986],[-4.99257,39.79209]]]}},{"type":"Feature","id":"45021","properties":{"cod_mun":"45021","nombre":"Borox","cod_prov":"45","cod_ccaa":"08"},"geometry":{"type":"Polygon","coordinates":[[[-3.7713,40.05705],[-3.76231,40.02635],[-3.71507,40.00373],[-3.69933,40.01989],[-3.67909,40.01666],[-3.66784,40.02797],[-3.68359,40.04574],[-3.67459,40.06674],[-3.70833,40.08613],[-3.73307,40.10552],[-3.73756,40.08936],[-3.76455,40.07159],[-3.76905,40.06028],[-3.7713,40.05705]]]}},{"type":"Feature","id":"45026","properties":{"cod_mun":"45026","nombre":"Cabañas de Yepes","cod_prov":"45","cod_ccaa":"08"},"geometry":{"type":"Polygon","coordinates":[[[-3.56888,39.90033],[-3.55764,39.87287],[-3.53739,39.86964],[-3.50141,39.90195],[-3.53065,39.91487],[-3.56888,39.90033]]]}},{"type":"Feature","id":"45022","properties":{"cod_mun":"45022","nombre":"Buenaventura","cod_prov":"45","cod_ccaa":"08"},"geometry":{"type":"Polygon","coordinates":[[[-4.9251,40.17014],[-4.92285,40.14106],[-4.90261,40.14591],[-4.85538,40.14752],[-4.84638,40.15883],[-4.82389,40.16853],[-4.83514,40.19115],[-4.85988,40.20246],[-4.89586,40.18468],[-4.9251,40.17014]]]}},{"type":"Feature","id":"45023","properties":{"cod_mun":"45023","nombre":"Burguillos de Toledo","cod_prov":"45","cod_ccaa":"08"},"geometry":{"type":"Polygon","coordinates":[[[-4.02545,39.75331],[-4.01421,39.74846],[-3.96473,39.76624],[-3.96023,39.7937],[-3.97597,39.81471],[-4.00521,39.81471],[-4.00521,39.80016],[-4.0232,39.77916],[-4.02545,39.75493],[-4.02545,39.75331]]]}},{"type":"Feature","id":"45024","properties":{"cod_mun":"45024","nombre":"Burujón","cod_prov":"45","cod_ccaa":"08"},"geometry":{"type":"Polygon","coordinates":[[[-4.32683,39.86964],[-4.2886,39.86156],[-4.2751,39.86317],[-4.25036,39.84379],[-4.25036,39.86479],[-4.27735,39.88579],[-4.26386,39.91326],[-4.29085,39.9278],[-4.31559,39.91972],[-4.32683,39.91487],[-4.31334,39.89226],[-4.32683,39.86964]]]}},{"type":"Feature","id":"45025","properties":{"cod_mun":"45025","nombre":"Cabañas de la Sagra","cod_prov":"45","cod_ccaa":"08"},"geometry":{"type":"Polygon","coordinates":[[[-3.97597,40.0005],[-3.96698,39.98596],[-3.94223,39.96981],[-3.92874,39.99889],[-3.92649,40.00697],[-3.95573,40.03443],[-3.95348,40.01989],[-3.97822,40.01343],[-3.97597,40.0005]]]}},{"type":"Feature","id":"45027","properties":{"cod_mun":"45027","nombre":"Cabezamesada","cod_prov":"45","cod_ccaa":"08"},"geometry":{"type":"Polygon","coordinates":[[[-3.14155,39.86317],[-3.15054,39.83894],[-3.1348,39.82601],[-3.06283,39.7727],[-3.04484,39.77916],[-3.0156,39.76462],[-3.0201,39.77108],[-3.05158,39.81309],[-3.06058,39.83732],[-3.09657,39.86964],[-3.12805,39.87448],[-3.14155,39.86317]]]}},{"type":"Feature","id":"45028","properties":{"cod_mun":"45028","nombre":"Calera y Chozas","cod_prov":"45","cod_ccaa":"08"},"geometry":{"type":"Polygon","coordinates":[[[-5.12077,39.84217],[-5.10953,39.8244],[-5.06455,39.83571],[-5.0488,39.82278],[-5.0533,39.79693],[-5.03981,39.77593],[-4.99257,39.79209],[-4.99932,39.80986],[-4.93635,39.85025],[-4.94309,39.86317],[-4.92285,39.87125],[-4.91386,39.88741],[-4.89136,39.89872],[-4.90711,39.91972],[-4.92735,39.93588],[-4.94984,39.91811],[-4.95209,39.94234],[-5.01507,39.93103],[-5.02856,39.95365],[-5.06005,39.96173],[-5.08254,39.93911],[-5.09828,39.92295],[-5.07354,39.8971],[-5.10503,39.89387],[-5.10953,39.88579],[-5.12077,39.84217]]]}},{"type":"Feature","id":"45029","properties":{"cod_mun":"45029","nombre":"Caleruela","cod_prov":"45","cod_ccaa":"08"},"geometry":{"type":"Polygon","coordinates":[[[-5.28946,39.86479],[-5.28496,39.86317],[-5.26247,39.86479],[-5.24223,39.85186],[-5.22873,39.86156],[-5.23323,39.8761],[-5.25797,39.88902],[-5.28946,39.86479]]]}},{"type":"Feature","id":"45030","properties":{"cod_mun":"45030","nombre":"Calzada de Oropesa","cod_prov":"45","cod_ccaa":"08"},"geometry":{"type":"Polygon","coordinates":[[[-5.36593,39.98435],[-5.33444,39.98758],[-5.33219,39.94719],[-5.33894,39.92295],[-5.33894,39.89064],[-5.31645,39.89064],[-5.28946,39.86479],[-5.25797,39.88902],[-5.26022,39.91811],[-5.28271,39.96981],[-5.29846,39.99081],[-5.29846,40.01989],[-5.28271,40.0102],[-5.28496,39.98273],[-5.26022,39.9795],[-5.25122,39.98435],[-5.23998,39.98435],[-5.26472,40.03605],[-5.28721,40.04897],[-5.28271,40.07805],[-5.29396,40.11037],[-5.31645,40.10713],[-5.3142,40.09582],[-5.33219,40.0619],[-5.33219,40.03443],[-5.36368,40.02635],[-5.36593,39.98435]]]}},{"type":"Feature","id":"45031","properties":{"cod_mun":"45031","nombre":"Camarena","cod_prov":"45","cod_ccaa":"08"},"geometry":{"type":"Polygon","coordinates":[[[-4.17839,40.12652],[-4.1604,40.08613],[-4.14915,40.08128],[-4.13341,40.08613],[-4.12666,40.07321],[-4.10192,40.07482],[-4.09518,40.06513],[-4.05244,40.06351],[-4.05244,40.06513],[-4.06594,40.08936],[-4.05919,40.09259],[-4.07943,40.12975],[-4.08168,40.14429],[-4.10192,40.13622],[-4.11092,40.14914],[-4.13566,40.15237],[-4.17839,40.12652]]]}},{"type":"Feature","id":"45033","properties":{"cod_mun":"45033","nombre":"Campillo de la Jara, El","cod_prov":"45","cod_ccaa":"08"},"geometry":{"type":"Polygon","coordinates":[[[-5.11628,39.55782],[-5.07129,39.54005],[-5.02406,39.49804],[-5.01057,39.52066],[-5.00832,39.57559],[-5.01731,39.58529],[-5.01057,39.61437],[-5.02856,39.62245],[-5.03756,39.65637],[-5.05105,39.64183],[-5.07579,39.6176],[-5.09379,39.60952],[-5.11628,39.55782]]]}},{"type":"Feature","id":"45039","properties":{"cod_mun":"45039","nombre":"Carriches","cod_prov":"45","cod_ccaa":"08"},"geometry":{"type":"Polygon","coordinates":[[[-4.48427,39.97304],[-4.47753,39.94719],[-4.46853,39.94234],[-4.46403,39.94234],[-4.43254,39.95688],[-4.42805,39.96981],[-4.44604,39.98758],[-4.46628,39.99081],[-4.48427,39.97304]]]}},{"type":"Feature","id":"45034","properties":{"cod_mun":"45034","nombre":"Camuñas","cod_prov":"45","cod_ccaa":"08"},"geometry":{"type":"Polygon","coordinates":[[[-3.56663,39.29932],[-3.53289,39.30417],[-3.53065,39.30901],[-3.47667,39.34294],[-3.46992,39.37202],[-3.40919,39.40434],[-3.42494,39.43019],[-3.42494,39.46896],[-3.43618,39.48835],[-3.49691,39.44634],[-3.52165,39.41726],[-3.5284,39.38333],[-3.5104,39.36071],[-3.54189,39.33325],[-3.56663,39.29932]]]}},{"type":"Feature","id":"45035","properties":{"cod_mun":"45035","nombre":"Cardiel de los Montes","cod_prov":"45","cod_ccaa":"08"},"geometry":{"type":"Polygon","coordinates":[[[-4.6597,40.0829],[-4.6777,40.07644],[-4.6777,40.05382],[-4.65746,40.03766],[-4.62597,40.05543],[-4.60348,40.06997],[-4.59898,40.08936],[-4.63496,40.08936],[-4.6597,40.0829]]]}},{"type":"Feature","id":"45036","properties":{"cod_mun":"45036","nombre":"Carmena","cod_prov":"45","cod_ccaa":"08"},"geometry":{"type":"Polygon","coordinates":[[[-4.43479,39.90195],[-4.4123,39.8761],[-4.36957,39.88095],[-4.38531,39.89872],[-4.38756,39.91972],[-4.37182,39.93911],[-4.36732,39.95688],[-4.35382,39.96496],[-4.36507,39.97627],[-4.37632,39.98435],[-4.39656,39.97788],[-4.42805,39.95526],[-4.42355,39.92134],[-4.43479,39.90195]]]}},{"type":"Feature","id":"45037","properties":{"cod_mun":"45037","nombre":"Carpio de Tajo, El","cod_prov":"45","cod_ccaa":"08"},"geometry":{"type":"Polygon","coordinates":[[[-4.58099,39.83894],[-4.5405,39.8034],[-4.49327,39.7727],[-4.47753,39.7937],[-4.45728,39.80663],[-4.44379,39.84379],[-4.4258,39.84217],[-4.4123,39.8761],[-4.43479,39.90195],[-4.45728,39.91649],[-4.47078,39.90518],[-4.48202,39.91164],[-4.50227,39.89549],[-4.49777,39.88095],[-4.51576,39.86156],[-4.5405,39.86802],[-4.55175,39.85671],[-4.56974,39.85994],[-4.58099,39.83894]]]}},{"type":"Feature","id":"45038","properties":{"cod_mun":"45038","nombre":"Carranque","cod_prov":"45","cod_ccaa":"08"},"geometry":{"type":"Polygon","coordinates":[[[-3.95798,40.17661],[-3.96023,40.16045],[-3.94673,40.16207],[-3.9085,40.15076],[-3.90175,40.1556],[-3.88376,40.18953],[-3.91525,40.19115],[-3.92649,40.20084],[-3.93774,40.20246],[-3.95123,40.19599],[-3.95573,40.19922],[-3.95798,40.17661]]]}},{"type":"Feature","id":"45040","properties":{"cod_mun":"45040","nombre":"Casar de Escalona, El","cod_prov":"45","cod_ccaa":"08"},"geometry":{"type":"Polygon","coordinates":[[[-4.58099,40.07159],[-4.56074,40.01666],[-4.5315,40.01827],[-4.50227,40.03605],[-4.47753,40.0619],[-4.47753,40.07644],[-4.49327,40.08613],[-4.50227,40.07644],[-4.554,40.07159],[-4.58099,40.07159]]]}},{"type":"Feature","id":"45041","properties":{"cod_mun":"45041","nombre":"Casarrubios del Monte","cod_prov":"45","cod_ccaa":"08"},"geometry":{"type":"Polygon","coordinates":[[[-4.1694,40.17176],[-4.10867,40.16853],[-4.09068,40.15399],[-4.10192,40.13622],[-4.08168,40.14429],[-4.05244,40.15399],[-4.05244,40.17176],[-4.00296,40.18145],[-3.95798,40.17661],[-3.95573,40.19922],[-3.95348,40.21215],[-3.99172,40.20892],[-4.02545,40.23638],[-4.0232,40.24931],[-4.05244,40.25092],[-4.07943,40.26708],[-4.10417,40.24123],[-4.07943,40.22992],[-4.06819,40.20569],[-4.07268,40.19276],[-4.10192,40.18307],[-4.12441,40.18792],[-4.15365,40.18307],[-4.1694,40.17176]]]}},{"type":"Feature","id":"45042","properties":{"cod_mun":"45042","nombre":"Casasbuenas","cod_prov":"45","cod_ccaa":"08"},"geometry":{"type":"Polygon","coordinates":[[[-4.15365,39.76301],[-4.14466,39.75331],[-4.10867,39.742],[-4.08168,39.74846],[-4.0412,39.74039],[-4.05919,39.75816],[-4.09068,39.76947],[-4.08168,39.78239],[-4.08843,39.7937],[-4.12216,39.79209],[-4.13566,39.78239],[-4.15365,39.76301]]]}},{"type":"Feature","id":"45043","properties":{"cod_mun":"45043","nombre":"Castillo de Bayuela","cod_prov":"45","cod_ccaa":"08"},"geometry":{"type":"Polygon","coordinates":[[[-4.72493,40.13783],[-4.70244,40.11844],[-4.70469,40.09098],[-4.71593,40.08128],[-4.70469,40.0619],[-4.70694,40.03605],[-4.68894,40.02151],[-4.67095,40.03282],[-4.65746,40.03766],[-4.6777,40.05382],[-4.6777,40.07644],[-4.6597,40.0829],[-4.6642,40.10229],[-4.6597,40.12975],[-4.69119,40.11683],[-4.70919,40.13622],[-4.72493,40.13783]]]}},{"type":"Feature","id":"45045","properties":{"cod_mun":"45045","nombre":"Cazalegas","cod_prov":"45","cod_ccaa":"08"},"geometry":{"type":"Polygon","coordinates":[[[-4.76316,39.97142],[-4.70019,39.98435],[-4.6822,39.99404],[-4.64621,39.99889],[-4.67095,40.03282],[-4.68894,40.02151],[-4.74517,40.0005],[-4.76316,39.97142]]]}},{"type":"Feature","id":"45046","properties":{"cod_mun":"45046","nombre":"Cebolla","cod_prov":"45","cod_ccaa":"08"},"geometry":{"type":"Polygon","coordinates":[[[-4.62147,39.92618],[-4.57874,39.92457],[-4.56074,39.91326],[-4.52926,39.90518],[-4.52701,39.92295],[-4.50901,39.93911],[-4.52701,39.95365],[-4.5315,39.9585],[-4.58773,39.96173],[-4.60348,39.95688],[-4.61697,39.93911],[-4.62147,39.92618]]]}},{"type":"Feature","id":"45047","properties":{"cod_mun":"45047","nombre":"Cedillo del Condado","cod_prov":"45","cod_ccaa":"08"},"geometry":{"type":"Polygon","coordinates":[[[-3.95798,40.04736],[-3.95573,40.04736],[-3.93774,40.0619],[-3.91075,40.05382],[-3.91525,40.08128],[-3.91974,40.09098],[-3.8995,40.11037],[-3.913,40.12814],[-3.94223,40.12491],[-3.95123,40.10067],[-3.94223,40.09421],[-3.95798,40.06674],[-3.95798,40.04736]]]}},{"type":"Feature","id":"45048","properties":{"cod_mun":"45048","nombre":"Cerralbos, Los","cod_prov":"45","cod_ccaa":"08"},"geometry":{"type":"Polygon","coordinates":[[[-4.62597,40.05543],[-4.59223,40.00373],[-4.60123,39.99889],[-4.58548,39.96981],[-4.5495,39.98596],[-4.55175,40.00535],[-4.5315,40.01827],[-4.56074,40.01666],[-4.58099,40.07159],[-4.60348,40.06997],[-4.62597,40.05543]]]}},{"type":"Feature","id":"45051","properties":{"cod_mun":"45051","nombre":"Cobeja","cod_prov":"45","cod_ccaa":"08"},"geometry":{"type":"Polygon","coordinates":[[[-3.895,40.0005],[-3.85452,39.99404],[-3.85677,39.97788],[-3.84102,39.98273],[-3.84552,39.99889],[-3.81628,40.00858],[-3.81628,40.02151],[-3.85227,40.02797],[-3.86127,40.03605],[-3.87701,40.01181],[-3.895,40.0005]]]}},{"type":"Feature","id":"45049","properties":{"cod_mun":"45049","nombre":"Cervera de los Montes","cod_prov":"45","cod_ccaa":"08"},"geometry":{"type":"Polygon","coordinates":[[[-4.90261,40.06674],[-4.85763,40.0522],[-4.83514,40.02474],[-4.81489,40.02958],[-4.76766,40.06028],[-4.7879,40.07159],[-4.83289,40.06997],[-4.84188,40.07159],[-4.88237,40.07644],[-4.89811,40.07159],[-4.90261,40.06674]]]}},{"type":"Feature","id":"45050","properties":{"cod_mun":"45050","nombre":"Ciruelos","cod_prov":"45","cod_ccaa":"08"},"geometry":{"type":"Polygon","coordinates":[[[-3.66559,39.96334],[-3.66559,39.93749],[-3.6431,39.92618],[-3.59812,39.92618],[-3.58912,39.94234],[-3.60262,39.94072],[-3.61386,39.96819],[-3.62961,39.96819],[-3.66559,39.96334]]]}},{"type":"Feature","id":"45052","properties":{"cod_mun":"45052","nombre":"Cobisa","cod_prov":"45","cod_ccaa":"08"},"geometry":{"type":"Polygon","coordinates":[[[-4.04569,39.81632],[-4.0412,39.7937],[-4.02545,39.75493],[-4.0232,39.77916],[-4.00521,39.80016],[-4.00521,39.81471],[-4.01871,39.82278],[-4.04569,39.81632]]]}},{"type":"Feature","id":"45053","properties":{"cod_mun":"45053","nombre":"Consuegra","cod_prov":"45","cod_ccaa":"08"},"geometry":{"type":"Polygon","coordinates":[[[-3.7758,39.59498],[-3.80504,39.56913],[-3.81403,39.54166],[-3.84327,39.52551],[-3.83203,39.49481],[-3.80729,39.48835],[-3.7848,39.45765],[-3.76905,39.45119],[-3.72632,39.45604],[-3.70383,39.46411],[-3.68584,39.45442],[-3.66109,39.4108],[-3.65435,39.36395],[-3.66334,39.32032],[-3.6566,39.29932],[-3.61161,39.30417],[-3.60262,39.31871],[-3.60712,39.33325],[-3.57788,39.42211],[-3.57563,39.46573],[-3.60936,39.54005],[-3.65885,39.5449],[-3.67909,39.55621],[-3.70158,39.58852],[-3.72632,39.60791],[-3.75106,39.61275],[-3.7758,39.59498]]]}},{"type":"Feature","id":"45054","properties":{"cod_mun":"45054","nombre":"Corral de Almaguer","cod_prov":"45","cod_ccaa":"08"},"geometry":{"type":"Polygon","coordinates":[[[-3.35072,39.79209],[-3.34847,39.78562],[-3.272,39.73877],[-3.2585,39.71615],[-3.26525,39.68061],[-3.26075,39.66445],[-3.2585,39.66284],[-3.24276,39.68707],[-3.17304,39.67415],[-3.1303,39.65314],[-3.10556,39.67738],[-3.10106,39.70161],[-3.08757,39.70969],[-3.07632,39.73392],[-3.03809,39.75654],[-3.0156,39.76462],[-3.04484,39.77916],[-3.06283,39.7727],[-3.1348,39.82601],[-3.15054,39.83894],[-3.14155,39.86317],[-3.19553,39.83571],[-3.20902,39.83409],[-3.21127,39.84863],[-3.23376,39.8454],[-3.26075,39.82117],[-3.31248,39.82763],[-3.35072,39.79209]]]}},{"type":"Feature","id":"45055","properties":{"cod_mun":"45055","nombre":"Cuerva","cod_prov":"45","cod_ccaa":"08"},"geometry":{"type":"Polygon","coordinates":[[[-4.26386,39.6693],[-4.25261,39.64668],[-4.25711,39.63052],[-4.23687,39.63699],[-4.20088,39.63699],[-4.18514,39.63052],[-4.18964,39.64991],[-4.15815,39.68384],[-4.19414,39.6903],[-4.21438,39.68222],[-4.24812,39.68061],[-4.26386,39.6693]]]}},{"type":"Feature","id":"45056","properties":{"cod_mun":"45056","nombre":"Chozas de Canales","cod_prov":"45","cod_ccaa":"08"},"geometry":{"type":"Polygon","coordinates":[[[-4.08168,40.14429],[-4.07943,40.12975],[-4.05919,40.09259],[-4.06594,40.08936],[-4.05244,40.06513],[-4.03445,40.06674],[-4.0277,40.08452],[-4.01646,40.10552],[-4.01421,40.11521],[-4.0322,40.12491],[-4.05244,40.15399],[-4.08168,40.14429]]]}},{"type":"Feature","id":"45057","properties":{"cod_mun":"45057","nombre":"Chueca","cod_prov":"45","cod_ccaa":"08"},"geometry":{"type":"Polygon","coordinates":[[[-3.95348,39.74685],[-3.96248,39.73716],[-3.96023,39.71292],[-3.94898,39.71454],[-3.90625,39.71615],[-3.91525,39.72423],[-3.93549,39.74362],[-3.95348,39.74685]]]}},{"type":"Feature","id":"45058","properties":{"cod_mun":"45058","nombre":"Domingo Pérez","cod_prov":"45","cod_ccaa":"08"},"geometry":{"type":"Polygon","coordinates":[[[-4.536,39.98111],[-4.5315,39.9585],[-4.52701,39.95365],[-4.49327,39.97304],[-4.48202,39.99727],[-4.49552,40.00697],[-4.49777,39.99566],[-4.536,39.98111]]]}},{"type":"Feature","id":"45060","properties":{"cod_mun":"45060","nombre":"Erustes","cod_prov":"45","cod_ccaa":"08"},"geometry":{"type":"Polygon","coordinates":[[[-4.52701,39.95365],[-4.50901,39.93911],[-4.46853,39.94234],[-4.47753,39.94719],[-4.48427,39.97304],[-4.49327,39.97304],[-4.52701,39.95365]]]}},{"type":"Feature","id":"45097","properties":{"cod_mun":"45097","nombre":"Mejorada","cod_prov":"45","cod_ccaa":"08"},"geometry":{"type":"Polygon","coordinates":[[[-4.94984,39.98111],[-4.88687,39.98596],[-4.86213,39.99889],[-4.9161,40.06028],[-4.93185,40.05382],[-4.95434,40.04897],[-4.95659,40.02474],[-4.94534,40.00212],[-4.94984,39.98111]]]}},{"type":"Feature","id":"45059","properties":{"cod_mun":"45059","nombre":"Dosbarrios","cod_prov":"45","cod_ccaa":"08"},"geometry":{"type":"Polygon","coordinates":[[[-3.60712,39.79209],[-3.55988,39.77755],[-3.5284,39.78562],[-3.5104,39.84217],[-3.44518,39.84702],[-3.40245,39.8244],[-3.40919,39.86802],[-3.39795,39.88579],[-3.40919,39.89226],[-3.49016,39.90841],[-3.50141,39.90195],[-3.53739,39.86964],[-3.53739,39.85994],[-3.57788,39.83571],[-3.60712,39.79209]]]}},{"type":"Feature","id":"45061","properties":{"cod_mun":"45061","nombre":"Escalona","cod_prov":"45","cod_ccaa":"08"},"geometry":{"type":"Polygon","coordinates":[[[-4.46178,40.15883],[-4.44604,40.15076],[-4.45279,40.12975],[-4.43254,40.12167],[-4.4123,40.10229],[-4.39431,40.11521],[-4.35832,40.12167],[-4.31784,40.12652],[-4.31559,40.14914],[-4.34033,40.15399],[-4.37182,40.17822],[-4.35158,40.18792],[-4.36057,40.20084],[-4.38981,40.19438],[-4.4078,40.20407],[-4.4033,40.19438],[-4.43254,40.17499],[-4.46178,40.15883]]]}},{"type":"Feature","id":"45062","properties":{"cod_mun":"45062","nombre":"Escalonilla","cod_prov":"45","cod_ccaa":"08"},"geometry":{"type":"Polygon","coordinates":[[[-4.36957,39.88095],[-4.32683,39.86964],[-4.31334,39.89226],[-4.32683,39.91487],[-4.31559,39.91972],[-4.32459,39.92457],[-4.29535,39.93588],[-4.30434,39.95203],[-4.32908,39.95688],[-4.33808,39.96657],[-4.35382,39.96496],[-4.36732,39.95688],[-4.37182,39.93911],[-4.38756,39.91972],[-4.38531,39.89872],[-4.36957,39.88095]]]}},{"type":"Feature","id":"45063","properties":{"cod_mun":"45063","nombre":"Espinoso del Rey","cod_prov":"45","cod_ccaa":"08"},"geometry":{"type":"Polygon","coordinates":[[[-4.83289,39.61921],[-4.8104,39.60791],[-4.78566,39.60629],[-4.77216,39.5966],[-4.74292,39.62891],[-4.74517,39.64183],[-4.76316,39.6693],[-4.79465,39.68546],[-4.81939,39.67091],[-4.81939,39.65314],[-4.83289,39.61921]]]}},{"type":"Feature","id":"45064","properties":{"cod_mun":"45064","nombre":"Esquivias","cod_prov":"45","cod_ccaa":"08"},"geometry":{"type":"Polygon","coordinates":[[[-3.79829,40.10067],[-3.77805,40.07321],[-3.76455,40.07159],[-3.73756,40.08936],[-3.73307,40.10552],[-3.71507,40.12491],[-3.71282,40.14106],[-3.71732,40.14591],[-3.74206,40.1346],[-3.73981,40.12491],[-3.76905,40.11844],[-3.79829,40.10067]]]}},{"type":"Feature","id":"45065","properties":{"cod_mun":"45065","nombre":"Estrella, La","cod_prov":"45","cod_ccaa":"08"},"geometry":{"type":"Polygon","coordinates":[[[-5.14776,39.66768],[-5.08254,39.65799],[-5.05105,39.64183],[-5.03756,39.65637],[-5.03531,39.67738],[-5.03306,39.68869],[-5.06005,39.74362],[-5.07804,39.75008],[-5.13877,39.71454],[-5.15226,39.69676],[-5.14776,39.66768]]]}},{"type":"Feature","id":"45073","properties":{"cod_mun":"45073","nombre":"Herreruela de Oropesa","cod_prov":"45","cod_ccaa":"08"},"geometry":{"type":"Polygon","coordinates":[[[-5.26022,39.91811],[-5.25797,39.88902],[-5.23323,39.8761],[-5.22873,39.86156],[-5.22199,39.85994],[-5.22423,39.88741],[-5.23773,39.90033],[-5.23998,39.9278],[-5.26022,39.91811]]]}},{"type":"Feature","id":"45066","properties":{"cod_mun":"45066","nombre":"Fuensalida","cod_prov":"45","cod_ccaa":"08"},"geometry":{"type":"Polygon","coordinates":[[[-4.23237,40.10552],[-4.23687,40.09098],[-4.21438,40.0829],[-4.22787,40.05059],[-4.22113,40.04412],[-4.20313,40.03605],[-4.18514,40.04251],[-4.16715,40.01181],[-4.14915,40.00697],[-4.11992,40.01666],[-4.12441,40.02958],[-4.14915,40.08128],[-4.1604,40.08613],[-4.17839,40.12652],[-4.18064,40.13622],[-4.19414,40.11521],[-4.22338,40.11683],[-4.23237,40.10552]]]}},{"type":"Feature","id":"45067","properties":{"cod_mun":"45067","nombre":"Gálvez","cod_prov":"45","cod_ccaa":"08"},"geometry":{"type":"Polygon","coordinates":[[[-4.33133,39.76947],[-4.31784,39.76301],[-4.31559,39.73877],[-4.32683,39.72585],[-4.33358,39.70484],[-4.32234,39.6903],[-4.29085,39.68707],[-4.26386,39.6693],[-4.24812,39.68061],[-4.23687,39.70161],[-4.25486,39.71938],[-4.25036,39.72746],[-4.26161,39.74039],[-4.30434,39.76947],[-4.30209,39.78401],[-4.33133,39.76947]]]}},{"type":"Feature","id":"45068","properties":{"cod_mun":"45068","nombre":"Garciotum","cod_prov":"45","cod_ccaa":"08"},"geometry":{"type":"Polygon","coordinates":[[[-4.6597,40.12975],[-4.6642,40.10229],[-4.6597,40.0829],[-4.63496,40.08936],[-4.59898,40.08936],[-4.59223,40.10229],[-4.61247,40.09906],[-4.63946,40.13137],[-4.61022,40.16045],[-4.62822,40.16691],[-4.6597,40.12975]]]}},{"type":"Feature","id":"45074","properties":{"cod_mun":"45074","nombre":"Hinojosa de San Vicente","cod_prov":"45","cod_ccaa":"08"},"geometry":{"type":"Polygon","coordinates":[[[-4.78566,40.1136],[-4.77216,40.08613],[-4.71593,40.08128],[-4.70469,40.09098],[-4.70244,40.11844],[-4.72493,40.13783],[-4.73393,40.14106],[-4.74292,40.13298],[-4.78566,40.1136]]]}},{"type":"Feature","id":"45069","properties":{"cod_mun":"45069","nombre":"Gerindote","cod_prov":"45","cod_ccaa":"08"},"geometry":{"type":"Polygon","coordinates":[[[-4.33808,39.96657],[-4.32908,39.95688],[-4.30434,39.95203],[-4.29535,39.93588],[-4.32459,39.92457],[-4.31559,39.91972],[-4.29085,39.9278],[-4.26386,39.91326],[-4.24587,39.91003],[-4.21663,39.91811],[-4.20988,39.9488],[-4.22562,39.95526],[-4.24812,39.96657],[-4.27286,39.96173],[-4.31109,39.97627],[-4.33808,39.96657]]]}},{"type":"Feature","id":"45070","properties":{"cod_mun":"45070","nombre":"Guadamur","cod_prov":"45","cod_ccaa":"08"},"geometry":{"type":"MultiPolygon","coordinates":[[[[-4.09293,39.81794],[-4.11542,39.84217],[-4.13116,39.82763],[-4.1559,39.84056],[-4.17839,39.84056],[-4.19639,39.82601],[-4.19639,39.80663],[-4.1694,39.80824],[-4.13566,39.78239],[-4.12216,39.79209],[-4.11092,39.81309],[-4.09293,39.81794]]],[[[-4.15365,39.87933],[-4.1559,39.87125],[-4.12216,39.86964],[-4.13791,39.88741],[-4.15365,39.87933]]]]}},{"type":"Feature","id":"45071","properties":{"cod_mun":"45071","nombre":"Guardia, La","cod_prov":"45","cod_ccaa":"08"},"geometry":{"type":"MultiPolygon","coordinates":[[[[-3.60712,39.79209],[-3.6476,39.80178],[-3.65885,39.77593],[-3.62511,39.76624],[-3.61386,39.75493],[-3.61611,39.73392],[-3.59812,39.72423],[-3.55314,39.74685],[-3.53514,39.74523],[-3.49241,39.74523],[-3.42269,39.7517],[-3.4002,39.78401],[-3.37995,39.77916],[-3.34847,39.78562],[-3.35072,39.79209],[-3.35971,39.81955],[-3.40245,39.8244],[-3.44518,39.84702],[-3.5104,39.84217],[-3.5284,39.78562],[-3.55988,39.77755],[-3.60712,39.79209]]],[[[-3.79379,39.86479],[-3.81853,39.81794],[-3.81403,39.81147],[-3.79154,39.8034],[-3.7668,39.80501],[-3.7803,39.82601],[-3.74431,39.84702],[-3.76006,39.86317],[-3.79379,39.86479]]]]}},{"type":"Feature","id":"45072","properties":{"cod_mun":"45072","nombre":"Herencias, Las","cod_prov":"45","cod_ccaa":"08"},"geometry":{"type":"Polygon","coordinates":[[[-4.93635,39.85025],[-4.9161,39.84056],[-4.89361,39.83409],[-4.88462,39.84217],[-4.84413,39.83571],[-4.83739,39.82925],[-4.8014,39.82763],[-4.7969,39.85994],[-4.78116,39.86479],[-4.78566,39.88418],[-4.76766,39.90033],[-4.78116,39.91164],[-4.75417,39.92134],[-4.76991,39.93911],[-4.76991,39.92134],[-4.79915,39.91972],[-4.80365,39.89872],[-4.82389,39.88418],[-4.86213,39.90356],[-4.86662,39.91811],[-4.89136,39.89872],[-4.91386,39.88741],[-4.92285,39.87125],[-4.94309,39.86317],[-4.93635,39.85025]]]}},{"type":"Feature","id":"45075","properties":{"cod_mun":"45075","nombre":"Hontanar","cod_prov":"45","cod_ccaa":"08"},"geometry":{"type":"Polygon","coordinates":[[[-4.61922,39.48512],[-4.58998,39.49966],[-4.56749,39.49804],[-4.554,39.51097],[-4.56074,39.53359],[-4.5315,39.55621],[-4.48202,39.53843],[-4.50227,39.5352],[-4.50002,39.51905],[-4.48427,39.48835],[-4.46178,39.47865],[-4.45279,39.51743],[-4.43254,39.51905],[-4.4258,39.52874],[-4.44154,39.5449],[-4.46403,39.55297],[-4.47753,39.57075],[-4.45728,39.57721],[-4.46628,39.59983],[-4.50676,39.62891],[-4.554,39.64668],[-4.58323,39.64022],[-4.56749,39.62568],[-4.57199,39.61114],[-4.60348,39.58367],[-4.58099,39.58044],[-4.57649,39.56267],[-4.59673,39.56105],[-4.61697,39.5449],[-4.60797,39.51581],[-4.61922,39.48512]]]}},{"type":"Feature","id":"45076","properties":{"cod_mun":"45076","nombre":"Hormigos","cod_prov":"45","cod_ccaa":"08"},"geometry":{"type":"Polygon","coordinates":[[[-4.49327,40.08613],[-4.47753,40.07644],[-4.47753,40.0619],[-4.46853,40.06351],[-4.45279,40.07644],[-4.4123,40.10229],[-4.43254,40.12167],[-4.45279,40.12975],[-4.49102,40.09906],[-4.49327,40.08613]]]}},{"type":"Feature","id":"45077","properties":{"cod_mun":"45077","nombre":"Huecas","cod_prov":"45","cod_ccaa":"08"},"geometry":{"type":"Polygon","coordinates":[[[-4.23012,40.00535],[-4.20988,39.98111],[-4.17614,39.97788],[-4.16715,40.01181],[-4.18514,40.04251],[-4.20313,40.03605],[-4.22113,40.04412],[-4.23012,40.00535]]]}},{"type":"Feature","id":"45078","properties":{"cod_mun":"45078","nombre":"Huerta de Valdecarábanos","cod_prov":"45","cod_ccaa":"08"},"geometry":{"type":"Polygon","coordinates":[[[-3.68808,39.78078],[-3.67459,39.76624],[-3.65885,39.77593],[-3.6476,39.80178],[-3.60712,39.79209],[-3.57788,39.83571],[-3.53739,39.85994],[-3.53739,39.86964],[-3.55764,39.87287],[-3.56888,39.90033],[-3.58013,39.90033],[-3.63411,39.8761],[-3.67459,39.80824],[-3.68808,39.78078]]]}},{"type":"Feature","id":"45079","properties":{"cod_mun":"45079","nombre":"Iglesuela del Tiétar, La","cod_prov":"45","cod_ccaa":"08"},"geometry":{"type":"Polygon","coordinates":[[[-4.81939,40.23154],[-4.8014,40.23154],[-4.76766,40.217],[-4.75642,40.2073],[-4.72043,40.20569],[-4.70244,40.19922],[-4.67995,40.2073],[-4.68669,40.21053],[-4.68669,40.24931],[-4.70019,40.25739],[-4.69794,40.28162],[-4.72718,40.27354],[-4.74292,40.27516],[-4.76092,40.26062],[-4.80365,40.27516],[-4.81714,40.25577],[-4.8059,40.23477],[-4.81939,40.23154]]]}},{"type":"Feature","id":"45080","properties":{"cod_mun":"45080","nombre":"Illán de Vacas","cod_prov":"45","cod_ccaa":"08"},"geometry":{"type":"Polygon","coordinates":[[[-4.58773,39.96173],[-4.5315,39.9585],[-4.536,39.98111],[-4.5495,39.98596],[-4.58548,39.96981],[-4.58773,39.96173]]]}},{"type":"Feature","id":"45081","properties":{"cod_mun":"45081","nombre":"Illescas","cod_prov":"45","cod_ccaa":"08"},"geometry":{"type":"Polygon","coordinates":[[[-3.913,40.12814],[-3.8995,40.11037],[-3.86352,40.09906],[-3.81853,40.09744],[-3.82303,40.12329],[-3.81403,40.1346],[-3.7713,40.13945],[-3.80054,40.17499],[-3.80729,40.17661],[-3.84102,40.16207],[-3.87926,40.14268],[-3.90175,40.1556],[-3.9085,40.15076],[-3.913,40.12814]]]}},{"type":"Feature","id":"45082","properties":{"cod_mun":"45082","nombre":"Lagartera","cod_prov":"45","cod_ccaa":"08"},"geometry":{"type":"Polygon","coordinates":[[[-5.29396,40.11037],[-5.28271,40.07805],[-5.28721,40.04897],[-5.26472,40.03605],[-5.23998,39.98435],[-5.23548,39.96173],[-5.24897,39.95526],[-5.23998,39.9278],[-5.23773,39.90033],[-5.22423,39.88741],[-5.22199,39.85994],[-5.21749,39.85994],[-5.195,39.8761],[-5.17925,39.87448],[-5.19724,39.94396],[-5.21524,39.96819],[-5.21524,39.98758],[-5.23773,40.02312],[-5.24897,40.02958],[-5.24448,40.05543],[-5.24897,40.10875],[-5.29396,40.11037]]]}},{"type":"Feature","id":"45083","properties":{"cod_mun":"45083","nombre":"Layos","cod_prov":"45","cod_ccaa":"08"},"geometry":{"type":"Polygon","coordinates":[[[-4.08843,39.7937],[-4.08168,39.78239],[-4.09068,39.76947],[-4.05919,39.75816],[-4.0412,39.74039],[-4.0367,39.73231],[-4.02545,39.75331],[-4.02545,39.75493],[-4.0412,39.7937],[-4.07718,39.78886],[-4.08843,39.7937]]]}},{"type":"Feature","id":"45084","properties":{"cod_mun":"45084","nombre":"Lillo","cod_prov":"45","cod_ccaa":"08"},"geometry":{"type":"Polygon","coordinates":[[[-3.40694,39.66768],[-3.40469,39.66445],[-3.36871,39.63052],[-3.32598,39.64345],[-3.29674,39.64183],[-3.26075,39.66445],[-3.26525,39.68061],[-3.2585,39.71615],[-3.272,39.73877],[-3.34847,39.78562],[-3.37995,39.77916],[-3.3867,39.75493],[-3.41144,39.75008],[-3.37995,39.71615],[-3.40694,39.66768]]]}},{"type":"Feature","id":"45085","properties":{"cod_mun":"45085","nombre":"Lominchar","cod_prov":"45","cod_ccaa":"08"},"geometry":{"type":"Polygon","coordinates":[[[-4.0277,40.08452],[-4.02545,40.07159],[-3.99396,40.07644],[-3.98947,40.06674],[-3.95798,40.06674],[-3.94223,40.09421],[-3.95123,40.10067],[-3.96698,40.09421],[-4.01646,40.10552],[-4.0277,40.08452]]]}},{"type":"Feature","id":"45086","properties":{"cod_mun":"45086","nombre":"Lucillos","cod_prov":"45","cod_ccaa":"08"},"geometry":{"type":"Polygon","coordinates":[[[-4.67095,40.03282],[-4.64621,39.99889],[-4.64396,39.9795],[-4.6597,39.96657],[-4.61697,39.96981],[-4.60348,39.95688],[-4.58773,39.96173],[-4.58548,39.96981],[-4.60123,39.99889],[-4.59223,40.00373],[-4.62597,40.05543],[-4.65746,40.03766],[-4.67095,40.03282]]]}},{"type":"Feature","id":"45087","properties":{"cod_mun":"45087","nombre":"Madridejos","cod_prov":"45","cod_ccaa":"08"},"geometry":{"type":"Polygon","coordinates":[[[-3.61161,39.30417],[-3.58687,39.3074],[-3.56663,39.29932],[-3.54189,39.33325],[-3.5104,39.36071],[-3.5284,39.38333],[-3.52165,39.41726],[-3.49691,39.44634],[-3.43618,39.48835],[-3.41819,39.51258],[-3.45642,39.52066],[-3.49241,39.54328],[-3.49016,39.58206],[-3.5239,39.59336],[-3.55314,39.59013],[-3.59137,39.57559],[-3.60487,39.56428],[-3.60936,39.54005],[-3.57563,39.46573],[-3.57788,39.42211],[-3.60712,39.33325],[-3.60262,39.31871],[-3.61161,39.30417]]]}},{"type":"Feature","id":"45088","properties":{"cod_mun":"45088","nombre":"Magán","cod_prov":"45","cod_ccaa":"08"},"geometry":{"type":"Polygon","coordinates":[[[-3.96698,39.98596],[-3.97597,39.97304],[-3.96023,39.93749],[-3.94448,39.93103],[-3.913,39.95365],[-3.89725,39.95365],[-3.8995,39.99889],[-3.92874,39.99889],[-3.94223,39.96981],[-3.96698,39.98596]]]}},{"type":"Feature","id":"45089","properties":{"cod_mun":"45089","nombre":"Malpica de Tajo","cod_prov":"45","cod_ccaa":"08"},"geometry":{"type":"Polygon","coordinates":[[[-4.66195,39.87125],[-4.63721,39.85671],[-4.58099,39.83894],[-4.56974,39.85994],[-4.55175,39.85671],[-4.5405,39.86802],[-4.51576,39.86156],[-4.49777,39.88095],[-4.50227,39.89549],[-4.52926,39.90518],[-4.56074,39.91326],[-4.57874,39.92457],[-4.62147,39.92618],[-4.63496,39.89549],[-4.66195,39.87125]]]}},{"type":"Feature","id":"45090","properties":{"cod_mun":"45090","nombre":"Manzaneque","cod_prov":"45","cod_ccaa":"08"},"geometry":{"type":"Polygon","coordinates":[[[-3.82303,39.66284],[-3.80054,39.63052],[-3.79379,39.61437],[-3.7668,39.62729],[-3.80279,39.66445],[-3.82303,39.66284]]]}},{"type":"Feature","id":"45091","properties":{"cod_mun":"45091","nombre":"Maqueda","cod_prov":"45","cod_ccaa":"08"},"geometry":{"type":"Polygon","coordinates":[[[-4.45279,40.07644],[-4.43479,40.06351],[-4.4168,40.06836],[-4.4168,40.05059],[-4.39656,40.03282],[-4.37632,40.05543],[-4.35382,40.04897],[-4.32234,40.05543],[-4.2751,40.06836],[-4.26836,40.09744],[-4.30209,40.08613],[-4.30659,40.07967],[-4.33358,40.08613],[-4.32908,40.09906],[-4.35832,40.12167],[-4.39431,40.11521],[-4.4123,40.10229],[-4.45279,40.07644]]]}},{"type":"Feature","id":"45092","properties":{"cod_mun":"45092","nombre":"Marjaliza","cod_prov":"45","cod_ccaa":"08"},"geometry":{"type":"Polygon","coordinates":[[[-4.0412,39.57559],[-4.02995,39.52228],[-4.00746,39.52389],[-3.96922,39.51743],[-3.92649,39.53197],[-3.88376,39.52551],[-3.9085,39.56751],[-3.92199,39.57882],[-3.96698,39.57721],[-4.01871,39.57075],[-4.0412,39.57559]]]}},{"type":"Feature","id":"45104","properties":{"cod_mun":"45104","nombre":"Montearagón","cod_prov":"45","cod_ccaa":"08"},"geometry":{"type":"Polygon","coordinates":[[[-4.6597,39.96173],[-4.65071,39.94072],[-4.63496,39.94557],[-4.61697,39.93911],[-4.60348,39.95688],[-4.61697,39.96981],[-4.6597,39.96657],[-4.6597,39.96173]]]}},{"type":"Feature","id":"45093","properties":{"cod_mun":"45093","nombre":"Marrupe","cod_prov":"45","cod_ccaa":"08"},"geometry":{"type":"Polygon","coordinates":[[[-4.84188,40.07159],[-4.83289,40.06997],[-4.82614,40.07644],[-4.77216,40.08613],[-4.78566,40.1136],[-4.80815,40.09421],[-4.82164,40.09259],[-4.84188,40.07159]]]}},{"type":"Feature","id":"45095","properties":{"cod_mun":"45095","nombre":"Mata, La","cod_prov":"45","cod_ccaa":"08"},"geometry":{"type":"Polygon","coordinates":[[[-4.48202,39.91164],[-4.47078,39.90518],[-4.45728,39.91649],[-4.43479,39.90195],[-4.42355,39.92134],[-4.42805,39.95526],[-4.43254,39.95688],[-4.46403,39.94234],[-4.47977,39.9278],[-4.48202,39.91164]]]}},{"type":"Feature","id":"45096","properties":{"cod_mun":"45096","nombre":"Mazarambroz","cod_prov":"45","cod_ccaa":"08"},"geometry":{"type":"Polygon","coordinates":[[[-4.17614,39.62729],[-4.17839,39.60629],[-4.15815,39.57721],[-4.12441,39.56428],[-4.0412,39.57559],[-4.01871,39.57075],[-3.96698,39.57721],[-3.97147,39.60791],[-3.99396,39.59336],[-4.01871,39.59175],[-4.04794,39.64991],[-4.02545,39.65799],[-4.00746,39.67253],[-3.99846,39.69192],[-3.99846,39.7],[-4.0232,39.72908],[-4.0367,39.73231],[-4.0412,39.74039],[-4.08168,39.74846],[-4.10867,39.742],[-4.11092,39.72908],[-4.13116,39.71615],[-4.11767,39.69838],[-4.12216,39.6693],[-4.14016,39.65153],[-4.17614,39.62729]]]}},{"type":"Feature","id":"45094","properties":{"cod_mun":"45094","nombre":"Mascaraque","cod_prov":"45","cod_ccaa":"08"},"geometry":{"type":"Polygon","coordinates":[[[-3.85902,39.68707],[-3.83653,39.67415],[-3.81853,39.69515],[-3.78705,39.71131],[-3.79154,39.721],[-3.7758,39.74039],[-3.75556,39.74846],[-3.73756,39.76462],[-3.74656,39.77755],[-3.7713,39.78562],[-3.7668,39.80501],[-3.79154,39.8034],[-3.81403,39.81147],[-3.80729,39.75493],[-3.81403,39.74362],[-3.84327,39.73716],[-3.85677,39.72585],[-3.84777,39.70969],[-3.85902,39.68707]]]}},{"type":"Feature","id":"45098","properties":{"cod_mun":"45098","nombre":"Menasalbas","cod_prov":"45","cod_ccaa":"08"},"geometry":{"type":"Polygon","coordinates":[[[-4.45728,39.57721],[-4.47753,39.57075],[-4.46403,39.55297],[-4.44154,39.5449],[-4.4258,39.52874],[-4.38306,39.52228],[-4.37407,39.5449],[-4.34258,39.56428],[-4.33808,39.57882],[-4.31334,39.5966],[-4.29985,39.60791],[-4.26836,39.61437],[-4.25711,39.63052],[-4.25261,39.64668],[-4.26386,39.6693],[-4.29085,39.68707],[-4.32234,39.6903],[-4.33358,39.70484],[-4.32683,39.72585],[-4.34483,39.73877],[-4.35382,39.71131],[-4.35158,39.69192],[-4.39206,39.66768],[-4.38756,39.66122],[-4.38306,39.62891],[-4.38756,39.61598],[-4.43029,39.59821],[-4.45728,39.57721]]]}},{"type":"Feature","id":"45099","properties":{"cod_mun":"45099","nombre":"Méntrida","cod_prov":"45","cod_ccaa":"08"},"geometry":{"type":"Polygon","coordinates":[[[-4.23462,40.20407],[-4.20988,40.20084],[-4.15365,40.18307],[-4.12441,40.18792],[-4.11992,40.21215],[-4.14466,40.24446],[-4.14466,40.26385],[-4.16715,40.27354],[-4.17165,40.28808],[-4.19189,40.29778],[-4.20313,40.28808],[-4.20313,40.2687],[-4.22562,40.27031],[-4.23687,40.24285],[-4.25486,40.22023],[-4.23687,40.217],[-4.23462,40.20407]]]}},{"type":"Feature","id":"45100","properties":{"cod_mun":"45100","nombre":"Mesegar de Tajo","cod_prov":"45","cod_ccaa":"08"},"geometry":{"type":"Polygon","coordinates":[[[-4.52926,39.90518],[-4.50227,39.89549],[-4.48202,39.91164],[-4.47977,39.9278],[-4.46403,39.94234],[-4.46853,39.94234],[-4.50901,39.93911],[-4.52701,39.92295],[-4.52926,39.90518]]]}},{"type":"Feature","id":"45101","properties":{"cod_mun":"45101","nombre":"Miguel Esteban","cod_prov":"45","cod_ccaa":"08"},"geometry":{"type":"Polygon","coordinates":[[[-3.19778,39.51743],[-3.18428,39.48835],[-3.1438,39.49481],[-3.07632,39.45765],[-3.05608,39.47219],[-3.03134,39.53843],[-3.09207,39.56913],[-3.1438,39.5449],[-3.16404,39.52551],[-3.19778,39.51743]]]}},{"type":"Feature","id":"45102","properties":{"cod_mun":"45102","nombre":"Mocejón","cod_prov":"45","cod_ccaa":"08"},"geometry":{"type":"Polygon","coordinates":[[[-3.94448,39.91649],[-3.94448,39.88741],[-3.93324,39.90356],[-3.92874,39.89387],[-3.91075,39.91326],[-3.87476,39.91003],[-3.86576,39.93103],[-3.87251,39.9488],[-3.89725,39.95365],[-3.913,39.95365],[-3.94448,39.93103],[-3.94448,39.91649]]]}},{"type":"Feature","id":"45103","properties":{"cod_mun":"45103","nombre":"Mohedas de la Jara","cod_prov":"45","cod_ccaa":"08"},"geometry":{"type":"Polygon","coordinates":[[[-5.20174,39.59175],[-5.14551,39.54974],[-5.11628,39.55782],[-5.09379,39.60952],[-5.11853,39.6176],[-5.14327,39.64183],[-5.16126,39.64668],[-5.1725,39.63537],[-5.18375,39.6176],[-5.20624,39.59983],[-5.20174,39.59175]]]}},{"type":"Feature","id":"45105","properties":{"cod_mun":"45105","nombre":"Montesclaros","cod_prov":"45","cod_ccaa":"08"},"geometry":{"type":"Polygon","coordinates":[[[-4.95434,40.12167],[-4.94984,40.09582],[-4.93185,40.05382],[-4.9161,40.06028],[-4.90261,40.06674],[-4.89811,40.07159],[-4.93185,40.12006],[-4.94534,40.13298],[-4.94984,40.13298],[-4.95434,40.12167]]]}},{"type":"Feature","id":"45108","properties":{"cod_mun":"45108","nombre":"Nava de Ricomalillo, La","cod_prov":"45","cod_ccaa":"08"},"geometry":{"type":"Polygon","coordinates":[[[-5.03756,39.65637],[-5.02856,39.62245],[-5.01057,39.61437],[-4.98358,39.61437],[-4.96783,39.62729],[-4.96334,39.64668],[-4.9386,39.65961],[-4.94309,39.66768],[-4.94759,39.67253],[-5.00157,39.6693],[-5.03531,39.67738],[-5.03756,39.65637]]]}},{"type":"Feature","id":"45106","properties":{"cod_mun":"45106","nombre":"Mora","cod_prov":"45","cod_ccaa":"08"},"geometry":{"type":"Polygon","coordinates":[[[-3.83653,39.67415],[-3.82303,39.66284],[-3.80279,39.66445],[-3.7668,39.62729],[-3.79379,39.61437],[-3.7758,39.59498],[-3.75106,39.61275],[-3.72632,39.60791],[-3.70158,39.61598],[-3.69033,39.62891],[-3.65885,39.64506],[-3.67459,39.6693],[-3.69483,39.69353],[-3.69708,39.71777],[-3.68808,39.73554],[-3.66559,39.75008],[-3.67459,39.76624],[-3.68808,39.78078],[-3.70158,39.78886],[-3.73756,39.76462],[-3.75556,39.74846],[-3.7758,39.74039],[-3.79154,39.721],[-3.78705,39.71131],[-3.81853,39.69515],[-3.83653,39.67415]]]}},{"type":"Feature","id":"45107","properties":{"cod_mun":"45107","nombre":"Nambroca","cod_prov":"45","cod_ccaa":"08"},"geometry":{"type":"Polygon","coordinates":[[[-3.97597,39.81471],[-3.96023,39.7937],[-3.96473,39.76624],[-3.95348,39.74685],[-3.93549,39.74362],[-3.91525,39.72423],[-3.90175,39.74685],[-3.895,39.75654],[-3.9085,39.77593],[-3.90625,39.79209],[-3.86127,39.79209],[-3.85902,39.80178],[-3.87926,39.82278],[-3.85227,39.83571],[-3.85902,39.84702],[-3.89275,39.85348],[-3.90625,39.83894],[-3.93999,39.85186],[-3.95123,39.83086],[-3.97372,39.83571],[-3.95573,39.82117],[-3.97597,39.81471]]]}},{"type":"Feature","id":"45109","properties":{"cod_mun":"45109","nombre":"Navahermosa","cod_prov":"45","cod_ccaa":"08"},"geometry":{"type":"Polygon","coordinates":[[[-4.56074,39.72423],[-4.56749,39.69676],[-4.5495,39.67415],[-4.554,39.64668],[-4.50676,39.62891],[-4.46628,39.59983],[-4.45728,39.57721],[-4.43029,39.59821],[-4.38756,39.61598],[-4.38306,39.62891],[-4.38756,39.66122],[-4.40555,39.65799],[-4.46178,39.68546],[-4.47303,39.70161],[-4.48427,39.69515],[-4.51351,39.70323],[-4.51576,39.71292],[-4.53375,39.72261],[-4.56074,39.72423]]]}},{"type":"Feature","id":"45110","properties":{"cod_mun":"45110","nombre":"Navalcán","cod_prov":"45","cod_ccaa":"08"},"geometry":{"type":"Polygon","coordinates":[[[-5.16576,40.08936],[-5.15676,40.07321],[-5.13202,40.07805],[-5.14776,40.05543],[-5.13202,40.03605],[-5.08479,40.05059],[-5.0668,40.07967],[-5.05105,40.13622],[-5.05555,40.14914],[-5.0668,40.15076],[-5.10053,40.12652],[-5.14327,40.09098],[-5.16576,40.08936]]]}},{"type":"Feature","id":"45111","properties":{"cod_mun":"45111","nombre":"Navalmoralejo","cod_prov":"45","cod_ccaa":"08"},"geometry":{"type":"Polygon","coordinates":[[[-5.15901,39.75977],[-5.17475,39.75008],[-5.13877,39.71454],[-5.07804,39.75008],[-5.09379,39.75977],[-5.08704,39.77108],[-5.11853,39.76462],[-5.12302,39.75331],[-5.14776,39.74846],[-5.15901,39.75977]]]}},{"type":"Feature","id":"45112","properties":{"cod_mun":"45112","nombre":"Navalmorales, Los","cod_prov":"45","cod_ccaa":"08"},"geometry":{"type":"Polygon","coordinates":[[[-4.71593,39.72746],[-4.69569,39.71938],[-4.6687,39.69192],[-4.63946,39.6903],[-4.59673,39.65799],[-4.58323,39.64022],[-4.554,39.64668],[-4.5495,39.67415],[-4.56749,39.69676],[-4.56074,39.72423],[-4.56074,39.73716],[-4.59448,39.76462],[-4.62597,39.75654],[-4.67995,39.76624],[-4.68445,39.742],[-4.71593,39.72746]]]}},{"type":"Feature","id":"45113","properties":{"cod_mun":"45113","nombre":"Navalucillos, Los","cod_prov":"45","cod_ccaa":"08"},"geometry":{"type":"Polygon","coordinates":[[[-4.77216,39.5966],[-4.76092,39.59013],[-4.75417,39.56105],[-4.72718,39.5045],[-4.74292,39.48996],[-4.74967,39.46896],[-4.74067,39.45604],[-4.76541,39.43503],[-4.75642,39.41565],[-4.68669,39.44957],[-4.61922,39.45442],[-4.61922,39.48512],[-4.60797,39.51581],[-4.61697,39.5449],[-4.59673,39.56105],[-4.57649,39.56267],[-4.58099,39.58044],[-4.60348,39.58367],[-4.57199,39.61114],[-4.56749,39.62568],[-4.58323,39.64022],[-4.59673,39.65799],[-4.63946,39.6903],[-4.6687,39.69192],[-4.69569,39.71938],[-4.71593,39.72746],[-4.72493,39.74685],[-4.74067,39.73231],[-4.72493,39.70807],[-4.72268,39.68061],[-4.73842,39.65637],[-4.74292,39.62891],[-4.77216,39.5966]]]}},{"type":"Feature","id":"45114","properties":{"cod_mun":"45114","nombre":"Navamorcuende","cod_prov":"45","cod_ccaa":"08"},"geometry":{"type":"Polygon","coordinates":[[[-4.94534,40.13298],[-4.93185,40.12006],[-4.89811,40.07159],[-4.88237,40.07644],[-4.88237,40.09582],[-4.85763,40.11198],[-4.81939,40.1136],[-4.80815,40.09421],[-4.78566,40.1136],[-4.74292,40.13298],[-4.73393,40.14106],[-4.72493,40.15076],[-4.75867,40.16853],[-4.78341,40.19276],[-4.81489,40.19115],[-4.83514,40.21215],[-4.84863,40.20892],[-4.82839,40.19922],[-4.83514,40.19115],[-4.82389,40.16853],[-4.84638,40.15883],[-4.85538,40.14752],[-4.90261,40.14591],[-4.92285,40.14106],[-4.94534,40.13298]]]}},{"type":"Feature","id":"45115","properties":{"cod_mun":"45115","nombre":"Noblejas","cod_prov":"45","cod_ccaa":"08"},"geometry":{"type":"Polygon","coordinates":[[[-3.49016,39.98435],[-3.47217,39.98111],[-3.45193,39.96173],[-3.43618,39.96011],[-3.43393,39.94557],[-3.37771,39.93103],[-3.37321,39.93588],[-3.39795,39.95688],[-3.4002,39.97788],[-3.3957,40.03605],[-3.42494,40.04736],[-3.44743,40.03928],[-3.44968,40.04897],[-3.47217,40.04251],[-3.47667,40.00373],[-3.49016,39.98435]]]}},{"type":"Feature","id":"45116","properties":{"cod_mun":"45116","nombre":"Noez","cod_prov":"45","cod_ccaa":"08"},"geometry":{"type":"Polygon","coordinates":[[[-4.20763,39.74685],[-4.18514,39.70969],[-4.13116,39.71615],[-4.11092,39.72908],[-4.10867,39.742],[-4.14466,39.75331],[-4.15365,39.76301],[-4.17389,39.75654],[-4.20313,39.76462],[-4.20763,39.74685]]]}},{"type":"Feature","id":"45117","properties":{"cod_mun":"45117","nombre":"Nombela","cod_prov":"45","cod_ccaa":"08"},"geometry":{"type":"Polygon","coordinates":[[[-4.60348,40.06997],[-4.58099,40.07159],[-4.554,40.07159],[-4.50227,40.07644],[-4.49327,40.08613],[-4.49102,40.09906],[-4.45279,40.12975],[-4.44604,40.15076],[-4.46178,40.15883],[-4.47977,40.1863],[-4.52251,40.20246],[-4.5495,40.20084],[-4.55175,40.17176],[-4.57649,40.13137],[-4.58998,40.12975],[-4.58323,40.11037],[-4.59898,40.08936],[-4.60348,40.06997]]]}},{"type":"Feature","id":"45120","properties":{"cod_mun":"45120","nombre":"Nuño Gómez","cod_prov":"45","cod_ccaa":"08"},"geometry":{"type":"Polygon","coordinates":[[[-4.61022,40.16045],[-4.63946,40.13137],[-4.61247,40.09906],[-4.59223,40.10229],[-4.60573,40.12975],[-4.59448,40.14591],[-4.61022,40.16045]]]}},{"type":"Feature","id":"45121","properties":{"cod_mun":"45121","nombre":"Ocaña","cod_prov":"45","cod_ccaa":"08"},"geometry":{"type":"MultiPolygon","coordinates":[[[[-3.61611,39.99404],[-3.6386,39.98758],[-3.62961,39.96819],[-3.61386,39.96819],[-3.60262,39.94072],[-3.58912,39.94234],[-3.59812,39.92618],[-3.58013,39.90033],[-3.56888,39.90033],[-3.53065,39.91487],[-3.50141,39.90195],[-3.49016,39.90841],[-3.40919,39.89226],[-3.39795,39.88579],[-3.40919,39.89872],[-3.3957,39.92457],[-3.37771,39.93103],[-3.43393,39.94557],[-3.43618,39.96011],[-3.45193,39.96173],[-3.47217,39.98111],[-3.49016,39.98435],[-3.5149,40.00373],[-3.53514,40.0102],[-3.53065,39.99889],[-3.55539,39.97304],[-3.61611,39.99404]]],[[[-3.5194,40.02151],[-3.55089,40.01827],[-3.53514,40.0102],[-3.50366,40.02151],[-3.51265,40.04412],[-3.5149,40.04412],[-3.51715,40.03605],[-3.5194,40.02151]]]]}},{"type":"Feature","id":"45122","properties":{"cod_mun":"45122","nombre":"Olías del Rey","cod_prov":"45","cod_ccaa":"08"},"geometry":{"type":"Polygon","coordinates":[[[-4.01421,39.9795],[-4.00971,39.92134],[-4.01421,39.91003],[-3.94448,39.91649],[-3.94448,39.93103],[-3.96023,39.93749],[-3.97597,39.97304],[-3.96698,39.98596],[-3.97597,40.0005],[-4.01421,39.9795]]]}},{"type":"Feature","id":"45118","properties":{"cod_mun":"45118","nombre":"Novés","cod_prov":"45","cod_ccaa":"08"},"geometry":{"type":"Polygon","coordinates":[[[-4.32234,40.05543],[-4.32009,40.04089],[-4.2796,40.02151],[-4.2841,40.00697],[-4.26386,39.99727],[-4.23012,40.00535],[-4.22113,40.04412],[-4.22787,40.05059],[-4.2751,40.06836],[-4.32234,40.05543]]]}},{"type":"Feature","id":"45119","properties":{"cod_mun":"45119","nombre":"Numancia de la Sagra","cod_prov":"45","cod_ccaa":"08"},"geometry":{"type":"Polygon","coordinates":[[[-3.87926,40.0619],[-3.86576,40.05543],[-3.84327,40.05543],[-3.83653,40.06836],[-3.76905,40.06028],[-3.76455,40.07159],[-3.77805,40.07321],[-3.79829,40.10067],[-3.81853,40.09744],[-3.86352,40.09906],[-3.87926,40.0619]]]}},{"type":"Feature","id":"45123","properties":{"cod_mun":"45123","nombre":"Ontígola","cod_prov":"45","cod_ccaa":"08"},"geometry":{"type":"MultiPolygon","coordinates":[[[[-3.55089,40.01827],[-3.58912,40.01343],[-3.59362,40.00212],[-3.61611,39.99404],[-3.55539,39.97304],[-3.53065,39.99889],[-3.53514,40.0102],[-3.55089,40.01827]]],[[[-3.51265,40.04412],[-3.50366,40.02151],[-3.53514,40.0102],[-3.5149,40.00373],[-3.49016,39.98435],[-3.47667,40.00373],[-3.47217,40.04251],[-3.51265,40.04412]]]]}},{"type":"Feature","id":"45124","properties":{"cod_mun":"45124","nombre":"Orgaz","cod_prov":"45","cod_ccaa":"08"},"geometry":{"type":"Polygon","coordinates":[[[-3.97147,39.60791],[-3.96698,39.57721],[-3.92199,39.57882],[-3.88601,39.58367],[-3.85002,39.60467],[-3.80954,39.60467],[-3.79379,39.61437],[-3.80054,39.63052],[-3.82303,39.66284],[-3.83653,39.67415],[-3.85902,39.68707],[-3.87251,39.68546],[-3.90625,39.71615],[-3.94898,39.71454],[-3.96473,39.69515],[-3.96248,39.66607],[-3.94673,39.6483],[-3.96023,39.61921],[-3.97147,39.60791]]]}},{"type":"Feature","id":"45125","properties":{"cod_mun":"45125","nombre":"Oropesa","cod_prov":"45","cod_ccaa":"08"},"geometry":{"type":"MultiPolygon","coordinates":[[[[-5.40191,39.88579],[-5.40641,39.87771],[-5.37043,39.88902],[-5.33894,39.89064],[-5.33894,39.92295],[-5.33219,39.94719],[-5.33444,39.98758],[-5.36593,39.98435],[-5.39517,39.91811],[-5.40191,39.88579]]],[[[-5.10053,39.95526],[-5.12977,39.94072],[-5.12302,39.92618],[-5.09828,39.92295],[-5.08254,39.93911],[-5.10053,39.95526]]],[[[-5.26022,39.9795],[-5.28496,39.98273],[-5.28271,39.96981],[-5.26022,39.91811],[-5.23998,39.9278],[-5.24897,39.95526],[-5.23548,39.96173],[-5.23998,39.98435],[-5.25122,39.98435],[-5.26022,39.9795]]],[[[-5.1815,40.08775],[-5.19949,40.08128],[-5.21074,40.10552],[-5.24897,40.10875],[-5.24448,40.05543],[-5.24897,40.02958],[-5.23773,40.02312],[-5.21524,39.98758],[-5.21524,39.96819],[-5.19724,39.94396],[-5.17925,39.87448],[-5.195,39.8761],[-5.21749,39.85994],[-5.195,39.85186],[-5.16576,39.85994],[-5.15901,39.83409],[-5.12077,39.84217],[-5.10953,39.88579],[-5.13877,39.89387],[-5.14327,39.90356],[-5.12302,39.92295],[-5.15226,39.91972],[-5.17026,39.94072],[-5.13652,39.96173],[-5.12302,39.98435],[-5.09603,39.98111],[-5.08929,39.96657],[-5.07129,39.97465],[-5.06455,40.01504],[-5.05105,40.03282],[-5.07579,40.02312],[-5.07129,40.04897],[-5.08479,40.05059],[-5.13202,40.03605],[-5.14776,40.05543],[-5.13202,40.07805],[-5.15676,40.07321],[-5.16576,40.08936],[-5.1815,40.08775]]],[[[-5.35918,40.10875],[-5.36818,40.10067],[-5.37493,40.05867],[-5.36593,40.03605],[-5.36368,40.02635],[-5.33219,40.03443],[-5.33219,40.0619],[-5.3142,40.09582],[-5.31645,40.10713],[-5.33669,40.11521],[-5.35918,40.10875]]]]}},{"type":"Feature","id":"45126","properties":{"cod_mun":"45126","nombre":"Otero","cod_prov":"45","cod_ccaa":"08"},"geometry":{"type":"Polygon","coordinates":[[[-4.5495,39.98596],[-4.536,39.98111],[-4.49777,39.99566],[-4.49552,40.00697],[-4.50901,40.01666],[-4.48427,40.02151],[-4.45728,40.04412],[-4.46853,40.06351],[-4.47753,40.0619],[-4.50227,40.03605],[-4.5315,40.01827],[-4.55175,40.00535],[-4.5495,39.98596]]]}},{"type":"Feature","id":"45127","properties":{"cod_mun":"45127","nombre":"Palomeque","cod_prov":"45","cod_ccaa":"08"},"geometry":{"type":"Polygon","coordinates":[[[-4.01646,40.10552],[-3.96698,40.09421],[-3.95123,40.10067],[-3.94223,40.12491],[-3.99172,40.14106],[-4.01421,40.11521],[-4.01646,40.10552]]]}},{"type":"Feature","id":"45128","properties":{"cod_mun":"45128","nombre":"Pantoja","cod_prov":"45","cod_ccaa":"08"},"geometry":{"type":"Polygon","coordinates":[[[-3.87251,40.04574],[-3.86127,40.03605],[-3.85227,40.02797],[-3.81628,40.02151],[-3.7803,40.02797],[-3.80279,40.03443],[-3.7713,40.05705],[-3.76905,40.06028],[-3.83653,40.06836],[-3.84327,40.05543],[-3.86576,40.05543],[-3.87251,40.04574]]]}},{"type":"Feature","id":"45129","properties":{"cod_mun":"45129","nombre":"Paredes de Escalona","cod_prov":"45","cod_ccaa":"08"},"geometry":{"type":"Polygon","coordinates":[[[-4.49777,40.22184],[-4.44604,40.2073],[-4.43254,40.17499],[-4.4033,40.19438],[-4.4078,40.20407],[-4.41005,40.22669],[-4.43704,40.23638],[-4.47303,40.23154],[-4.49777,40.22184]]]}},{"type":"Feature","id":"45130","properties":{"cod_mun":"45130","nombre":"Parrillas","cod_prov":"45","cod_ccaa":"08"},"geometry":{"type":"Polygon","coordinates":[[[-5.08479,40.05059],[-5.07129,40.04897],[-5.07579,40.02312],[-5.05105,40.03282],[-5.01956,40.07967],[-5.01282,40.11198],[-5.00607,40.12652],[-5.01731,40.15883],[-5.05555,40.14914],[-5.05105,40.13622],[-5.0668,40.07967],[-5.08479,40.05059]]]}},{"type":"Feature","id":"45131","properties":{"cod_mun":"45131","nombre":"Pelahustán","cod_prov":"45","cod_ccaa":"08"},"geometry":{"type":"Polygon","coordinates":[[[-4.62822,40.16691],[-4.61022,40.16045],[-4.59448,40.14591],[-4.60573,40.12975],[-4.59223,40.10229],[-4.59898,40.08936],[-4.58323,40.11037],[-4.58998,40.12975],[-4.57649,40.13137],[-4.55175,40.17176],[-4.5495,40.20084],[-4.57424,40.2073],[-4.57874,40.217],[-4.61697,40.19922],[-4.61697,40.19115],[-4.63946,40.16853],[-4.62822,40.16691]]]}},{"type":"Feature","id":"45132","properties":{"cod_mun":"45132","nombre":"Pepino","cod_prov":"45","cod_ccaa":"08"},"geometry":{"type":"Polygon","coordinates":[[[-4.85088,40.01827],[-4.82614,39.99727],[-4.77666,39.98435],[-4.76316,39.97142],[-4.74517,40.0005],[-4.74742,40.03766],[-4.76766,40.06028],[-4.81489,40.02958],[-4.83514,40.02474],[-4.85088,40.01827]]]}},{"type":"Feature","id":"45133","properties":{"cod_mun":"45133","nombre":"Polán","cod_prov":"45","cod_ccaa":"08"},"geometry":{"type":"Polygon","coordinates":[[[-4.33133,39.76947],[-4.30209,39.78401],[-4.30434,39.76947],[-4.26161,39.74039],[-4.25036,39.72746],[-4.24137,39.72261],[-4.20763,39.74685],[-4.20313,39.76462],[-4.17389,39.75654],[-4.15365,39.76301],[-4.13566,39.78239],[-4.1694,39.80824],[-4.19639,39.80663],[-4.19639,39.82601],[-4.17839,39.84056],[-4.17389,39.85994],[-4.18289,39.87287],[-4.19863,39.86317],[-4.22113,39.87125],[-4.23012,39.85348],[-4.25036,39.86479],[-4.25036,39.84379],[-4.2751,39.86317],[-4.2886,39.86156],[-4.2886,39.84702],[-4.30209,39.84217],[-4.2841,39.82925],[-4.30434,39.82601],[-4.31784,39.80178],[-4.34033,39.81955],[-4.36507,39.80501],[-4.34483,39.77108],[-4.33133,39.76947]]]}},{"type":"Feature","id":"45134","properties":{"cod_mun":"45134","nombre":"Portillo de Toledo","cod_prov":"45","cod_ccaa":"08"},"geometry":{"type":"Polygon","coordinates":[[[-4.2751,40.06836],[-4.22787,40.05059],[-4.21438,40.0829],[-4.23687,40.09098],[-4.23237,40.10552],[-4.26836,40.09744],[-4.2751,40.06836]]]}},{"type":"Feature","id":"45135","properties":{"cod_mun":"45135","nombre":"Puebla de Almoradiel, La","cod_prov":"45","cod_ccaa":"08"},"geometry":{"type":"Polygon","coordinates":[[[-3.21127,39.54813],[-3.19778,39.51743],[-3.16404,39.52551],[-3.1438,39.5449],[-3.09207,39.56913],[-3.07182,39.58367],[-3.06733,39.62891],[-3.07407,39.64345],[-3.08757,39.6386],[-3.1303,39.65314],[-3.17304,39.67415],[-3.15729,39.62083],[-3.17304,39.59013],[-3.15279,39.59336],[-3.18428,39.57721],[-3.21127,39.54813]]]}},{"type":"Feature","id":"45136","properties":{"cod_mun":"45136","nombre":"Puebla de Montalbán, La","cod_prov":"45","cod_ccaa":"08"},"geometry":{"type":"Polygon","coordinates":[[[-4.49327,39.7727],[-4.45054,39.78078],[-4.40106,39.77108],[-4.38081,39.75977],[-4.34483,39.7517],[-4.34483,39.73877],[-4.32683,39.72585],[-4.31559,39.73877],[-4.31784,39.76301],[-4.33133,39.76947],[-4.34483,39.77108],[-4.36507,39.80501],[-4.34033,39.81955],[-4.31784,39.80178],[-4.30434,39.82601],[-4.2841,39.82925],[-4.30209,39.84217],[-4.2886,39.84702],[-4.2886,39.86156],[-4.32683,39.86964],[-4.36957,39.88095],[-4.4123,39.8761],[-4.4258,39.84217],[-4.44379,39.84379],[-4.45728,39.80663],[-4.47753,39.7937],[-4.49327,39.7727]]]}},{"type":"Feature","id":"45137","properties":{"cod_mun":"45137","nombre":"Pueblanueva, La","cod_prov":"45","cod_ccaa":"08"},"geometry":{"type":"Polygon","coordinates":[[[-4.78116,39.86479],[-4.76766,39.86802],[-4.73393,39.85348],[-4.71818,39.87125],[-4.66645,39.86317],[-4.66195,39.87125],[-4.63496,39.89549],[-4.62147,39.92618],[-4.61697,39.93911],[-4.63496,39.94557],[-4.65071,39.94072],[-4.6597,39.96173],[-4.6732,39.95526],[-4.71818,39.97627],[-4.74292,39.96981],[-4.73842,39.9488],[-4.76092,39.95042],[-4.76991,39.93911],[-4.75417,39.92134],[-4.78116,39.91164],[-4.76766,39.90033],[-4.78566,39.88418],[-4.78116,39.86479]]]}},{"type":"Feature","id":"45139","properties":{"cod_mun":"45139","nombre":"Puerto de San Vicente","cod_prov":"45","cod_ccaa":"08"},"geometry":{"type":"Polygon","coordinates":[[[-5.14551,39.54974],[-5.12302,39.52228],[-5.08254,39.48996],[-5.0578,39.48996],[-5.03981,39.47058],[-5.01731,39.4835],[-5.02406,39.49804],[-5.07129,39.54005],[-5.11628,39.55782],[-5.14551,39.54974]]]}},{"type":"Feature","id":"45140","properties":{"cod_mun":"45140","nombre":"Pulgar","cod_prov":"45","cod_ccaa":"08"},"geometry":{"type":"Polygon","coordinates":[[[-4.19414,39.6903],[-4.15815,39.68384],[-4.18964,39.64991],[-4.18514,39.63052],[-4.17614,39.62729],[-4.14016,39.65153],[-4.12216,39.6693],[-4.11767,39.69838],[-4.13116,39.71615],[-4.18514,39.70969],[-4.19414,39.6903]]]}},{"type":"Feature","id":"45141","properties":{"cod_mun":"45141","nombre":"Quero","cod_prov":"45","cod_ccaa":"08"},"geometry":{"type":"Polygon","coordinates":[[[-3.33047,39.50774],[-3.32822,39.48996],[-3.29449,39.47058],[-3.18428,39.47542],[-3.18428,39.48835],[-3.19778,39.51743],[-3.21127,39.54813],[-3.22252,39.56913],[-3.32822,39.54328],[-3.33047,39.50774]]]}},{"type":"Feature","id":"45142","properties":{"cod_mun":"45142","nombre":"Quintanar de la Orden","cod_prov":"45","cod_ccaa":"08"},"geometry":{"type":"Polygon","coordinates":[[[-3.09207,39.56913],[-3.03134,39.53843],[-3.02234,39.55297],[-2.99985,39.56105],[-2.97511,39.59013],[-2.97286,39.61275],[-2.92563,39.60144],[-2.91664,39.62568],[-2.93463,39.63052],[-2.97736,39.62729],[-2.99311,39.63376],[-3.02684,39.63537],[-3.06958,39.6483],[-3.07407,39.64345],[-3.06733,39.62891],[-3.07182,39.58367],[-3.09207,39.56913]]]}},{"type":"Feature","id":"45145","properties":{"cod_mun":"45145","nombre":"Recas","cod_prov":"45","cod_ccaa":"08"},"geometry":{"type":"MultiPolygon","coordinates":[[[[-4.0367,40.02797],[-4.06144,40.01504],[-4.06144,40.01343],[-4.0367,40.00858],[-4.0367,40.02797]]],[[[-4.05244,40.06351],[-4.04345,40.05059],[-4.06369,40.04251],[-4.06819,40.02958],[-4.06369,40.02797],[-4.03895,40.03282],[-4.00746,40.03928],[-3.95798,40.04251],[-3.95798,40.04736],[-3.95798,40.06674],[-3.98947,40.06674],[-3.99396,40.07644],[-4.02545,40.07159],[-4.0277,40.08452],[-4.03445,40.06674],[-4.05244,40.06513],[-4.05244,40.06351]]]]}},{"type":"Feature","id":"45143","properties":{"cod_mun":"45143","nombre":"Quismondo","cod_prov":"45","cod_ccaa":"08"},"geometry":{"type":"Polygon","coordinates":[[[-4.35832,40.12167],[-4.32908,40.09906],[-4.33358,40.08613],[-4.30659,40.07967],[-4.30209,40.08613],[-4.29085,40.12167],[-4.31784,40.12652],[-4.35832,40.12167]]]}},{"type":"Feature","id":"45144","properties":{"cod_mun":"45144","nombre":"Real de San Vicente, El","cod_prov":"45","cod_ccaa":"08"},"geometry":{"type":"Polygon","coordinates":[[[-4.73393,40.14106],[-4.72493,40.13783],[-4.70919,40.13622],[-4.69119,40.11683],[-4.6597,40.12975],[-4.62822,40.16691],[-4.63946,40.16853],[-4.61697,40.19115],[-4.61697,40.19922],[-4.65746,40.19922],[-4.6732,40.20892],[-4.67995,40.2073],[-4.70244,40.19922],[-4.69569,40.18468],[-4.72493,40.15076],[-4.73393,40.14106]]]}},{"type":"Feature","id":"45146","properties":{"cod_mun":"45146","nombre":"Retamoso de la Jara","cod_prov":"45","cod_ccaa":"08"},"geometry":{"type":"Polygon","coordinates":[[[-4.83064,39.72261],[-4.77216,39.71615],[-4.74517,39.70484],[-4.72493,39.70807],[-4.74067,39.73231],[-4.72493,39.74685],[-4.74742,39.77916],[-4.75642,39.78401],[-4.7924,39.77431],[-4.80365,39.7517],[-4.83064,39.73554],[-4.83064,39.72261]]]}},{"type":"Feature","id":"45147","properties":{"cod_mun":"45147","nombre":"Rielves","cod_prov":"45","cod_ccaa":"08"},"geometry":{"type":"Polygon","coordinates":[[[-4.22562,39.95526],[-4.20988,39.9488],[-4.21663,39.91811],[-4.17839,39.90841],[-4.1604,39.91326],[-4.17165,39.93911],[-4.15365,39.95688],[-4.17614,39.97788],[-4.20988,39.98111],[-4.20988,39.95688],[-4.22562,39.95526]]]}},{"type":"Feature","id":"45148","properties":{"cod_mun":"45148","nombre":"Robledo del Mazo","cod_prov":"45","cod_ccaa":"08"},"geometry":{"type":"Polygon","coordinates":[[[-4.86887,39.6483],[-4.87337,39.65637],[-4.90261,39.65153],[-4.92285,39.62729],[-4.9386,39.62245],[-4.9386,39.60629],[-4.90936,39.58044],[-4.89136,39.57721],[-4.86213,39.55621],[-4.8104,39.53036],[-4.76316,39.5142],[-4.74292,39.48996],[-4.72718,39.5045],[-4.75417,39.56105],[-4.76092,39.59013],[-4.77216,39.5966],[-4.78566,39.60629],[-4.8104,39.60791],[-4.83289,39.61921],[-4.86662,39.63699],[-4.86887,39.6483]]]}},{"type":"Feature","id":"45149","properties":{"cod_mun":"45149","nombre":"Romeral, El","cod_prov":"45","cod_ccaa":"08"},"geometry":{"type":"Polygon","coordinates":[[[-3.53514,39.74523],[-3.53065,39.73069],[-3.50141,39.71938],[-3.47442,39.72585],[-3.46992,39.69192],[-3.46317,39.68546],[-3.40694,39.66768],[-3.37995,39.71615],[-3.41144,39.75008],[-3.3867,39.75493],[-3.37995,39.77916],[-3.4002,39.78401],[-3.42269,39.7517],[-3.49241,39.74523],[-3.53514,39.74523]]]}},{"type":"Feature","id":"45150","properties":{"cod_mun":"45150","nombre":"San Bartolomé de las Abiertas","cod_prov":"45","cod_ccaa":"08"},"geometry":{"type":"Polygon","coordinates":[[[-4.8014,39.82763],[-4.77441,39.8244],[-4.75642,39.80501],[-4.74742,39.77916],[-4.72943,39.80178],[-4.70694,39.81632],[-4.66645,39.86317],[-4.71818,39.87125],[-4.73393,39.85348],[-4.76766,39.86802],[-4.78116,39.86479],[-4.7969,39.85994],[-4.8014,39.82763]]]}},{"type":"Feature","id":"45155","properties":{"cod_mun":"45155","nombre":"Santa Ana de Pusa","cod_prov":"45","cod_ccaa":"08"},"geometry":{"type":"Polygon","coordinates":[[[-4.74742,39.77916],[-4.72493,39.74685],[-4.71593,39.72746],[-4.68445,39.742],[-4.67995,39.76624],[-4.69344,39.77431],[-4.72718,39.76301],[-4.72493,39.78401],[-4.71368,39.79532],[-4.72943,39.80178],[-4.74742,39.77916]]]}},{"type":"Feature","id":"45156","properties":{"cod_mun":"45156","nombre":"Santa Cruz de la Zarza","cod_prov":"45","cod_ccaa":"08"},"geometry":{"type":"Polygon","coordinates":[[[-3.29224,40.0522],[-3.272,40.03282],[-3.25625,39.99727],[-3.25625,39.96011],[-3.27874,39.93588],[-3.254,39.91972],[-3.24276,39.88256],[-3.21127,39.84863],[-3.20902,39.83409],[-3.19553,39.83571],[-3.14155,39.86317],[-3.12805,39.87448],[-3.10781,39.90356],[-3.10781,39.91326],[-3.09432,39.95526],[-3.09657,39.98758],[-3.14155,39.98435],[-3.15054,40.0102],[-3.16629,40.02797],[-3.17079,40.04736],[-3.16179,40.06513],[-3.16629,40.09098],[-3.18878,40.0829],[-3.20227,40.06674],[-3.24276,40.05382],[-3.28549,40.0522],[-3.29224,40.0522]]]}},{"type":"Feature","id":"45157","properties":{"cod_mun":"45157","nombre":"Santa Cruz del Retamar","cod_prov":"45","cod_ccaa":"08"},"geometry":{"type":"Polygon","coordinates":[[[-4.35158,40.18792],[-4.37182,40.17822],[-4.34033,40.15399],[-4.31559,40.14914],[-4.31784,40.12652],[-4.29085,40.12167],[-4.30209,40.08613],[-4.26836,40.09744],[-4.23237,40.10552],[-4.22338,40.11683],[-4.19414,40.11521],[-4.18064,40.13622],[-4.18064,40.14268],[-4.22338,40.14106],[-4.24587,40.13137],[-4.26611,40.15076],[-4.25936,40.18307],[-4.24812,40.20246],[-4.23462,40.20407],[-4.23687,40.217],[-4.25486,40.22023],[-4.23687,40.24285],[-4.22562,40.27031],[-4.23237,40.27677],[-4.24587,40.27354],[-4.27061,40.23638],[-4.29535,40.21861],[-4.31109,40.23477],[-4.32234,40.22669],[-4.34933,40.23638],[-4.35158,40.18792]]]}},{"type":"Feature","id":"45151","properties":{"cod_mun":"45151","nombre":"San Martín de Montalbán","cod_prov":"45","cod_ccaa":"08"},"geometry":{"type":"Polygon","coordinates":[[[-4.51576,39.71292],[-4.51351,39.70323],[-4.48427,39.69515],[-4.47303,39.70161],[-4.46178,39.68546],[-4.40555,39.65799],[-4.38756,39.66122],[-4.39206,39.66768],[-4.35158,39.69192],[-4.35382,39.71131],[-4.34483,39.73877],[-4.34483,39.7517],[-4.38081,39.75977],[-4.40106,39.77108],[-4.45054,39.78078],[-4.49327,39.7727],[-4.50676,39.75008],[-4.50227,39.73392],[-4.51576,39.71292]]]}},{"type":"Feature","id":"45152","properties":{"cod_mun":"45152","nombre":"San Martín de Pusa","cod_prov":"45","cod_ccaa":"08"},"geometry":{"type":"Polygon","coordinates":[[[-4.72943,39.80178],[-4.71368,39.79532],[-4.72493,39.78401],[-4.72718,39.76301],[-4.69344,39.77431],[-4.67995,39.76624],[-4.62597,39.75654],[-4.59448,39.76462],[-4.59448,39.80178],[-4.58998,39.80178],[-4.58099,39.83894],[-4.63721,39.85671],[-4.66195,39.87125],[-4.66645,39.86317],[-4.70694,39.81632],[-4.72943,39.80178]]]}},{"type":"Feature","id":"45159","properties":{"cod_mun":"45159","nombre":"Sartajada","cod_prov":"45","cod_ccaa":"08"},"geometry":{"type":"Polygon","coordinates":[[[-4.83514,40.21215],[-4.81489,40.19115],[-4.78341,40.19276],[-4.76766,40.217],[-4.8014,40.23154],[-4.81939,40.23154],[-4.83514,40.21215]]]}},{"type":"Feature","id":"45153","properties":{"cod_mun":"45153","nombre":"San Pablo de los Montes","cod_prov":"45","cod_ccaa":"08"},"geometry":{"type":"Polygon","coordinates":[[[-4.43254,39.51905],[-4.4213,39.50774],[-4.36507,39.49643],[-4.32009,39.4835],[-4.23687,39.47865],[-4.24812,39.52066],[-4.29085,39.53682],[-4.2841,39.56751],[-4.31334,39.58367],[-4.31334,39.5966],[-4.33808,39.57882],[-4.34258,39.56428],[-4.37407,39.5449],[-4.38306,39.52228],[-4.4258,39.52874],[-4.43254,39.51905]]]}},{"type":"Feature","id":"45160","properties":{"cod_mun":"45160","nombre":"Segurilla","cod_prov":"45","cod_ccaa":"08"},"geometry":{"type":"Polygon","coordinates":[[[-4.9161,40.06028],[-4.86213,39.99889],[-4.85088,40.01827],[-4.83514,40.02474],[-4.85763,40.0522],[-4.90261,40.06674],[-4.9161,40.06028]]]}},{"type":"Feature","id":"45154","properties":{"cod_mun":"45154","nombre":"San Román de los Montes","cod_prov":"45","cod_ccaa":"08"},"geometry":{"type":"Polygon","coordinates":[[[-4.83289,40.06997],[-4.7879,40.07159],[-4.76766,40.06028],[-4.74742,40.03766],[-4.74517,40.0005],[-4.68894,40.02151],[-4.70694,40.03605],[-4.70469,40.0619],[-4.71593,40.08128],[-4.77216,40.08613],[-4.82614,40.07644],[-4.83289,40.06997]]]}},{"type":"Feature","id":"45161","properties":{"cod_mun":"45161","nombre":"Seseña","cod_prov":"45","cod_ccaa":"08"},"geometry":{"type":"Polygon","coordinates":[[[-3.73307,40.10552],[-3.70833,40.08613],[-3.67459,40.06674],[-3.68359,40.04574],[-3.66784,40.02797],[-3.6521,40.0312],[-3.6386,40.05059],[-3.62286,40.05382],[-3.60936,40.08128],[-3.60712,40.10875],[-3.6566,40.12491],[-3.66784,40.14268],[-3.68359,40.13298],[-3.71282,40.14106],[-3.71507,40.12491],[-3.73307,40.10552]]]}},{"type":"Feature","id":"45158","properties":{"cod_mun":"45158","nombre":"Santa Olalla","cod_prov":"45","cod_ccaa":"08"},"geometry":{"type":"Polygon","coordinates":[[[-4.49552,40.00697],[-4.48202,39.99727],[-4.49327,39.97304],[-4.48427,39.97304],[-4.46628,39.99081],[-4.44604,39.98758],[-4.42805,39.96981],[-4.43254,39.95688],[-4.42805,39.95526],[-4.39656,39.97788],[-4.37632,39.98435],[-4.38531,40.01989],[-4.39656,40.03282],[-4.4168,40.05059],[-4.4168,40.06836],[-4.43479,40.06351],[-4.45279,40.07644],[-4.46853,40.06351],[-4.45728,40.04412],[-4.48427,40.02151],[-4.50901,40.01666],[-4.49552,40.00697]]]}},{"type":"Feature","id":"45162","properties":{"cod_mun":"45162","nombre":"Sevilleja de la Jara","cod_prov":"45","cod_ccaa":"08"},"geometry":{"type":"Polygon","coordinates":[[[-5.03981,39.47058],[-5.00832,39.43503],[-4.95209,39.39464],[-4.94084,39.39464],[-4.90711,39.4932],[-4.88012,39.53843],[-4.86213,39.55621],[-4.89136,39.57721],[-4.90936,39.58044],[-4.9386,39.60629],[-4.9386,39.62245],[-4.92285,39.62729],[-4.90261,39.65153],[-4.87337,39.65637],[-4.86887,39.6483],[-4.87337,39.66122],[-4.88462,39.67415],[-4.9161,39.66284],[-4.94309,39.66768],[-4.9386,39.65961],[-4.96334,39.64668],[-4.96783,39.62729],[-4.98358,39.61437],[-5.01057,39.61437],[-5.01731,39.58529],[-5.00832,39.57559],[-5.01057,39.52066],[-5.02406,39.49804],[-5.01731,39.4835],[-5.03981,39.47058]]]}},{"type":"Feature","id":"45163","properties":{"cod_mun":"45163","nombre":"Sonseca","cod_prov":"45","cod_ccaa":"08"},"geometry":{"type":"Polygon","coordinates":[[[-3.99846,39.69192],[-4.00746,39.67253],[-4.02545,39.65799],[-4.04794,39.64991],[-4.01871,39.59175],[-3.99396,39.59336],[-3.97147,39.60791],[-3.96023,39.61921],[-3.94673,39.6483],[-3.96248,39.66607],[-3.96473,39.69515],[-3.99846,39.69192]]]}},{"type":"Feature","id":"45164","properties":{"cod_mun":"45164","nombre":"Sotillo de las Palomas","cod_prov":"45","cod_ccaa":"08"},"geometry":{"type":"Polygon","coordinates":[[[-4.88237,40.07644],[-4.84188,40.07159],[-4.82164,40.09259],[-4.80815,40.09421],[-4.81939,40.1136],[-4.85763,40.11198],[-4.88237,40.09582],[-4.88237,40.07644]]]}},{"type":"Feature","id":"45165","properties":{"cod_mun":"45165","nombre":"Talavera de la Reina","cod_prov":"45","cod_ccaa":"08"},"geometry":{"type":"Polygon","coordinates":[[[-5.06005,39.96173],[-5.02856,39.95365],[-5.01507,39.93103],[-4.95209,39.94234],[-4.94984,39.91811],[-4.92735,39.93588],[-4.90711,39.91972],[-4.89136,39.89872],[-4.86662,39.91811],[-4.86213,39.90356],[-4.82389,39.88418],[-4.80365,39.89872],[-4.79915,39.91972],[-4.76991,39.92134],[-4.76991,39.93911],[-4.76092,39.95042],[-4.73842,39.9488],[-4.74292,39.96981],[-4.71818,39.97627],[-4.6732,39.95526],[-4.6597,39.96173],[-4.6597,39.96657],[-4.64396,39.9795],[-4.64621,39.99889],[-4.6822,39.99404],[-4.70019,39.98435],[-4.76316,39.97142],[-4.77666,39.98435],[-4.82614,39.99727],[-4.85088,40.01827],[-4.86213,39.99889],[-4.88687,39.98596],[-4.94984,39.98111],[-4.96334,39.96657],[-4.98808,39.96981],[-5.00382,39.95688],[-5.02856,39.96334],[-5.06005,39.96173]]]}},{"type":"Feature","id":"45167","properties":{"cod_mun":"45167","nombre":"Toboso, El","cod_prov":"45","cod_ccaa":"08"},"geometry":{"type":"Polygon","coordinates":[[[-3.07632,39.45765],[-3.06958,39.44957],[-3.02234,39.45765],[-2.99985,39.4415],[-2.97736,39.44473],[-2.93238,39.47219],[-2.93463,39.48189],[-2.92563,39.55621],[-2.92113,39.58206],[-2.92563,39.60144],[-2.97286,39.61275],[-2.97511,39.59013],[-2.99985,39.56105],[-3.02234,39.55297],[-3.03134,39.53843],[-3.05608,39.47219],[-3.07632,39.45765]]]}},{"type":"Feature","id":"45168","properties":{"cod_mun":"45168","nombre":"Toledo","cod_prov":"45","cod_ccaa":"08"},"geometry":{"type":"Polygon","coordinates":[[[-4.17839,39.90841],[-4.16265,39.90356],[-4.1694,39.88256],[-4.15365,39.87933],[-4.13791,39.88741],[-4.12216,39.86964],[-4.1559,39.87125],[-4.17389,39.85994],[-4.17839,39.84056],[-4.1559,39.84056],[-4.13116,39.82763],[-4.11542,39.84217],[-4.09293,39.81794],[-4.07043,39.82601],[-4.04569,39.81632],[-4.01871,39.82278],[-4.00521,39.81471],[-3.97597,39.81471],[-3.95573,39.82117],[-3.97372,39.83571],[-3.95123,39.83086],[-3.93999,39.85186],[-3.90625,39.83894],[-3.89275,39.85348],[-3.85902,39.84702],[-3.86576,39.87448],[-3.81403,39.88579],[-3.83428,39.90033],[-3.87476,39.91003],[-3.91075,39.91326],[-3.92874,39.89387],[-3.93324,39.90356],[-3.94448,39.88741],[-3.94448,39.91649],[-4.01421,39.91003],[-4.0322,39.9068],[-4.05469,39.92295],[-4.07943,39.92457],[-4.08843,39.90356],[-4.12216,39.91003],[-4.15815,39.9068],[-4.1604,39.91326],[-4.17839,39.90841]]]}},{"type":"Feature","id":"45166","properties":{"cod_mun":"45166","nombre":"Tembleque","cod_prov":"45","cod_ccaa":"08"},"geometry":{"type":"Polygon","coordinates":[[[-3.67459,39.6693],[-3.65885,39.64506],[-3.65435,39.6386],[-3.59812,39.6386],[-3.57563,39.62083],[-3.55314,39.59013],[-3.5239,39.59336],[-3.49016,39.58206],[-3.48117,39.59983],[-3.44518,39.61921],[-3.42719,39.65961],[-3.40469,39.66445],[-3.40694,39.66768],[-3.46317,39.68546],[-3.46992,39.69192],[-3.47442,39.72585],[-3.50141,39.71938],[-3.53065,39.73069],[-3.53514,39.74523],[-3.55314,39.74685],[-3.59812,39.72423],[-3.67459,39.6693]]]}},{"type":"Feature","id":"45175","properties":{"cod_mun":"45175","nombre":"Turleque","cod_prov":"45","cod_ccaa":"08"},"geometry":{"type":"Polygon","coordinates":[[[-3.72632,39.60791],[-3.70158,39.58852],[-3.67909,39.55621],[-3.65885,39.5449],[-3.60936,39.54005],[-3.60487,39.56428],[-3.59137,39.57559],[-3.55314,39.59013],[-3.57563,39.62083],[-3.59812,39.6386],[-3.65435,39.6386],[-3.65885,39.64506],[-3.69033,39.62891],[-3.70158,39.61598],[-3.72632,39.60791]]]}},{"type":"Feature","id":"45169","properties":{"cod_mun":"45169","nombre":"Torralba de Oropesa","cod_prov":"45","cod_ccaa":"08"},"geometry":{"type":"Polygon","coordinates":[[[-5.12302,39.92618],[-5.12977,39.94072],[-5.10053,39.95526],[-5.08929,39.96657],[-5.09603,39.98111],[-5.12302,39.98435],[-5.13652,39.96173],[-5.17026,39.94072],[-5.15226,39.91972],[-5.12302,39.92295],[-5.12302,39.92618]]]}},{"type":"Feature","id":"45170","properties":{"cod_mun":"45170","nombre":"Torrecilla de la Jara","cod_prov":"45","cod_ccaa":"08"},"geometry":{"type":"Polygon","coordinates":[[[-4.87337,39.66122],[-4.86887,39.6483],[-4.86662,39.63699],[-4.83289,39.61921],[-4.81939,39.65314],[-4.81939,39.67091],[-4.79465,39.68546],[-4.76316,39.6693],[-4.74517,39.64183],[-4.74292,39.62891],[-4.73842,39.65637],[-4.72268,39.68061],[-4.72493,39.70807],[-4.74517,39.70484],[-4.77216,39.71615],[-4.83064,39.72261],[-4.85313,39.68869],[-4.86213,39.66122],[-4.87337,39.66122]]]}},{"type":"Feature","id":"45171","properties":{"cod_mun":"45171","nombre":"Torre de Esteban Hambrán, La","cod_prov":"45","cod_ccaa":"08"},"geometry":{"type":"Polygon","coordinates":[[[-4.23462,40.20407],[-4.24812,40.20246],[-4.25936,40.18307],[-4.26611,40.15076],[-4.24587,40.13137],[-4.22338,40.14106],[-4.18064,40.14268],[-4.1694,40.17176],[-4.15365,40.18307],[-4.20988,40.20084],[-4.23462,40.20407]]]}},{"type":"Feature","id":"45176","properties":{"cod_mun":"45176","nombre":"Ugena","cod_prov":"45","cod_ccaa":"08"},"geometry":{"type":"Polygon","coordinates":[[[-3.90175,40.1556],[-3.87926,40.14268],[-3.84102,40.16207],[-3.85452,40.17984],[-3.87701,40.19115],[-3.88376,40.18953],[-3.90175,40.1556]]]}},{"type":"Feature","id":"45172","properties":{"cod_mun":"45172","nombre":"Torrico","cod_prov":"45","cod_ccaa":"08"},"geometry":{"type":"Polygon","coordinates":[[[-5.24223,39.85186],[-5.26022,39.84217],[-5.24897,39.83248],[-5.25347,39.81794],[-5.21524,39.79047],[-5.20624,39.79693],[-5.21299,39.82278],[-5.19949,39.83086],[-5.1815,39.82278],[-5.15901,39.83409],[-5.16576,39.85994],[-5.195,39.85186],[-5.21749,39.85994],[-5.22199,39.85994],[-5.22873,39.86156],[-5.24223,39.85186]]]}},{"type":"Feature","id":"45173","properties":{"cod_mun":"45173","nombre":"Torrijos","cod_prov":"45","cod_ccaa":"08"},"geometry":{"type":"Polygon","coordinates":[[[-4.31109,39.97627],[-4.27286,39.96173],[-4.24812,39.96657],[-4.26386,39.99727],[-4.2841,40.00697],[-4.32009,39.99242],[-4.31109,39.97627]]]}},{"type":"Feature","id":"45174","properties":{"cod_mun":"45174","nombre":"Totanés","cod_prov":"45","cod_ccaa":"08"},"geometry":{"type":"Polygon","coordinates":[[[-4.25036,39.72746],[-4.25486,39.71938],[-4.23687,39.70161],[-4.24812,39.68061],[-4.21438,39.68222],[-4.19414,39.6903],[-4.18514,39.70969],[-4.20763,39.74685],[-4.24137,39.72261],[-4.25036,39.72746]]]}},{"type":"Feature","id":"45177","properties":{"cod_mun":"45177","nombre":"Urda","cod_prov":"45","cod_ccaa":"08"},"geometry":{"type":"Polygon","coordinates":[[[-3.79379,39.29286],[-3.7668,39.29286],[-3.74431,39.28316],[-3.72182,39.27024],[-3.69708,39.27993],[-3.67459,39.29609],[-3.6566,39.29932],[-3.66334,39.32032],[-3.65435,39.36395],[-3.66109,39.4108],[-3.68584,39.45442],[-3.70383,39.46411],[-3.72632,39.45604],[-3.76905,39.45119],[-3.78705,39.40918],[-3.79829,39.39626],[-3.81403,39.33163],[-3.79379,39.29286]]]}},{"type":"Feature","id":"45184","properties":{"cod_mun":"45184","nombre":"Ventas de San Julián, Las","cod_prov":"45","cod_ccaa":"08"},"geometry":{"type":"Polygon","coordinates":[[[-5.28271,39.96981],[-5.28496,39.98273],[-5.28271,40.0102],[-5.29846,40.01989],[-5.29846,39.99081],[-5.28271,39.96981]]]}},{"type":"Feature","id":"45179","properties":{"cod_mun":"45179","nombre":"Valdeverdeja","cod_prov":"45","cod_ccaa":"08"},"geometry":{"type":"Polygon","coordinates":[[[-5.3142,39.78886],[-5.3097,39.75977],[-5.25347,39.75331],[-5.21524,39.79047],[-5.25347,39.81794],[-5.24897,39.83248],[-5.26022,39.84217],[-5.24223,39.85186],[-5.26247,39.86479],[-5.28496,39.86317],[-5.31195,39.82278],[-5.3142,39.78886]]]}},{"type":"Feature","id":"45180","properties":{"cod_mun":"45180","nombre":"Valmojado","cod_prov":"45","cod_ccaa":"08"},"geometry":{"type":"Polygon","coordinates":[[[-4.14466,40.24446],[-4.11992,40.21215],[-4.12441,40.18792],[-4.10192,40.18307],[-4.07268,40.19276],[-4.06819,40.20569],[-4.07943,40.22992],[-4.10417,40.24123],[-4.13116,40.24931],[-4.14466,40.24446]]]}},{"type":"Feature","id":"45181","properties":{"cod_mun":"45181","nombre":"Velada","cod_prov":"45","cod_ccaa":"08"},"geometry":{"type":"Polygon","coordinates":[[[-5.10053,39.95526],[-5.08254,39.93911],[-5.06005,39.96173],[-5.02856,39.96334],[-5.00382,39.95688],[-4.98808,39.96981],[-4.96334,39.96657],[-4.94984,39.98111],[-4.94534,40.00212],[-4.95659,40.02474],[-4.95434,40.04897],[-4.93185,40.05382],[-4.94984,40.09582],[-4.95434,40.12167],[-5.01282,40.11198],[-5.01956,40.07967],[-5.05105,40.03282],[-5.06455,40.01504],[-5.07129,39.97465],[-5.08929,39.96657],[-5.10053,39.95526]]]}},{"type":"Feature","id":"45182","properties":{"cod_mun":"45182","nombre":"Ventas con Peña Aguilera, Las","cod_prov":"45","cod_ccaa":"08"},"geometry":{"type":"Polygon","coordinates":[[[-4.31334,39.5966],[-4.31334,39.58367],[-4.2841,39.56751],[-4.29085,39.53682],[-4.24812,39.52066],[-4.23687,39.47865],[-4.20538,39.48835],[-4.19189,39.49804],[-4.16715,39.56751],[-4.15815,39.57721],[-4.17839,39.60629],[-4.17614,39.62729],[-4.18514,39.63052],[-4.20088,39.63699],[-4.23687,39.63699],[-4.25711,39.63052],[-4.26836,39.61437],[-4.29985,39.60791],[-4.31334,39.5966]]]}},{"type":"Feature","id":"45183","properties":{"cod_mun":"45183","nombre":"Ventas de Retamosa, Las","cod_prov":"45","cod_ccaa":"08"},"geometry":{"type":"Polygon","coordinates":[[[-4.18064,40.14268],[-4.18064,40.13622],[-4.17839,40.12652],[-4.13566,40.15237],[-4.11092,40.14914],[-4.10192,40.13622],[-4.09068,40.15399],[-4.10867,40.16853],[-4.1694,40.17176],[-4.18064,40.14268]]]}},{"type":"Feature","id":"45185","properties":{"cod_mun":"45185","nombre":"Villacañas","cod_prov":"45","cod_ccaa":"08"},"geometry":{"type":"Polygon","coordinates":[[[-3.49016,39.58206],[-3.49241,39.54328],[-3.45642,39.52066],[-3.41819,39.51258],[-3.36421,39.49966],[-3.33047,39.50774],[-3.32822,39.54328],[-3.22252,39.56913],[-3.2585,39.66284],[-3.26075,39.66445],[-3.29674,39.64183],[-3.32598,39.64345],[-3.36871,39.63052],[-3.40469,39.66445],[-3.42719,39.65961],[-3.44518,39.61921],[-3.48117,39.59983],[-3.49016,39.58206]]]}},{"type":"Feature","id":"45186","properties":{"cod_mun":"45186","nombre":"Villa de Don Fadrique, La","cod_prov":"45","cod_ccaa":"08"},"geometry":{"type":"Polygon","coordinates":[[[-3.2585,39.66284],[-3.22252,39.56913],[-3.21127,39.54813],[-3.18428,39.57721],[-3.15279,39.59336],[-3.17304,39.59013],[-3.15729,39.62083],[-3.17304,39.67415],[-3.24276,39.68707],[-3.2585,39.66284]]]}},{"type":"Feature","id":"45187","properties":{"cod_mun":"45187","nombre":"Villafranca de los Caballeros","cod_prov":"45","cod_ccaa":"08"},"geometry":{"type":"Polygon","coordinates":[[[-3.43618,39.48835],[-3.42494,39.46896],[-3.42494,39.43019],[-3.40919,39.40434],[-3.34397,39.40757],[-3.33047,39.40595],[-3.30798,39.39787],[-3.31698,39.42857],[-3.29449,39.47058],[-3.32822,39.48996],[-3.33047,39.50774],[-3.36421,39.49966],[-3.41819,39.51258],[-3.43618,39.48835]]]}},{"type":"Feature","id":"45188","properties":{"cod_mun":"45188","nombre":"Villaluenga de la Sagra","cod_prov":"45","cod_ccaa":"08"},"geometry":{"type":"Polygon","coordinates":[[[-3.95798,40.04736],[-3.95798,40.04251],[-3.95573,40.03443],[-3.92649,40.00697],[-3.92874,39.99889],[-3.8995,39.99889],[-3.895,40.0005],[-3.87701,40.01181],[-3.86127,40.03605],[-3.87251,40.04574],[-3.88826,40.0312],[-3.92199,40.04412],[-3.95573,40.04736],[-3.95798,40.04736]]]}},{"type":"Feature","id":"45189","properties":{"cod_mun":"45189","nombre":"Villamiel de Toledo","cod_prov":"45","cod_ccaa":"08"},"geometry":{"type":"Polygon","coordinates":[[[-4.17614,39.97788],[-4.15365,39.95688],[-4.11767,39.94557],[-4.08843,39.95042],[-4.08843,39.9795],[-4.09293,39.99081],[-4.11992,40.01666],[-4.14915,40.00697],[-4.16715,40.01181],[-4.17614,39.97788]]]}},{"type":"Feature","id":"45190","properties":{"cod_mun":"45190","nombre":"Villaminaya","cod_prov":"45","cod_ccaa":"08"},"geometry":{"type":"Polygon","coordinates":[[[-3.91525,39.72423],[-3.90625,39.71615],[-3.87251,39.68546],[-3.85902,39.68707],[-3.84777,39.70969],[-3.85677,39.72585],[-3.90175,39.74685],[-3.91525,39.72423]]]}},{"type":"Feature","id":"45191","properties":{"cod_mun":"45191","nombre":"Villamuelas","cod_prov":"45","cod_ccaa":"08"},"geometry":{"type":"Polygon","coordinates":[[[-3.7668,39.80501],[-3.7713,39.78562],[-3.74656,39.77755],[-3.73756,39.76462],[-3.70158,39.78886],[-3.68808,39.78078],[-3.67459,39.80824],[-3.69258,39.81471],[-3.74431,39.84702],[-3.7803,39.82601],[-3.7668,39.80501]]]}},{"type":"Feature","id":"45192","properties":{"cod_mun":"45192","nombre":"Villanueva de Alcardete","cod_prov":"45","cod_ccaa":"08"},"geometry":{"type":"Polygon","coordinates":[[[-3.1303,39.65314],[-3.08757,39.6386],[-3.07407,39.64345],[-3.06958,39.6483],[-3.02684,39.63537],[-2.99311,39.63376],[-2.97736,39.62729],[-2.93463,39.63052],[-2.91664,39.62568],[-2.90764,39.64183],[-2.91888,39.64668],[-2.95037,39.67738],[-2.97061,39.6903],[-2.99985,39.72261],[-3.0156,39.76462],[-3.03809,39.75654],[-3.07632,39.73392],[-3.08757,39.70969],[-3.10106,39.70161],[-3.10556,39.67738],[-3.1303,39.65314]]]}},{"type":"Feature","id":"45193","properties":{"cod_mun":"45193","nombre":"Villanueva de Bogas","cod_prov":"45","cod_ccaa":"08"},"geometry":{"type":"Polygon","coordinates":[[[-3.67459,39.76624],[-3.66559,39.75008],[-3.68808,39.73554],[-3.69708,39.71777],[-3.69483,39.69353],[-3.67459,39.6693],[-3.59812,39.72423],[-3.61611,39.73392],[-3.61386,39.75493],[-3.62511,39.76624],[-3.65885,39.77593],[-3.67459,39.76624]]]}},{"type":"Feature","id":"45194","properties":{"cod_mun":"45194","nombre":"Villarejo de Montalbán","cod_prov":"45","cod_ccaa":"08"},"geometry":{"type":"Polygon","coordinates":[[[-4.59448,39.76462],[-4.56074,39.73716],[-4.56074,39.72423],[-4.53375,39.72261],[-4.51576,39.71292],[-4.50227,39.73392],[-4.50676,39.75008],[-4.49327,39.7727],[-4.5405,39.8034],[-4.58099,39.83894],[-4.58998,39.80178],[-4.59448,39.80178],[-4.59448,39.76462]]]}},{"type":"Feature","id":"45195","properties":{"cod_mun":"45195","nombre":"Villarrubia de Santiago","cod_prov":"45","cod_ccaa":"08"},"geometry":{"type":"Polygon","coordinates":[[[-3.3957,40.03605],[-3.4002,39.97788],[-3.39795,39.95688],[-3.37321,39.93588],[-3.32148,39.94719],[-3.27874,39.93588],[-3.25625,39.96011],[-3.25625,39.99727],[-3.272,40.03282],[-3.29224,40.0522],[-3.30348,40.05382],[-3.32822,40.07967],[-3.34397,40.07967],[-3.37771,40.07482],[-3.37771,40.05059],[-3.3957,40.03605]]]}},{"type":"Feature","id":"45196","properties":{"cod_mun":"45196","nombre":"Villaseca de la Sagra","cod_prov":"45","cod_ccaa":"08"},"geometry":{"type":"Polygon","coordinates":[[[-3.8995,39.99889],[-3.89725,39.95365],[-3.87251,39.9488],[-3.86576,39.93103],[-3.82303,39.94719],[-3.82528,39.95365],[-3.84102,39.98273],[-3.85677,39.97788],[-3.85452,39.99404],[-3.895,40.0005],[-3.8995,39.99889]]]}},{"type":"Feature","id":"45197","properties":{"cod_mun":"45197","nombre":"Villasequilla","cod_prov":"45","cod_ccaa":"08"},"geometry":{"type":"Polygon","coordinates":[[[-3.79379,39.86479],[-3.76006,39.86317],[-3.74431,39.84702],[-3.69258,39.81471],[-3.67459,39.80824],[-3.63411,39.8761],[-3.67684,39.89387],[-3.70383,39.89387],[-3.73307,39.90841],[-3.76006,39.89387],[-3.79379,39.87125],[-3.79379,39.86479]]]}},{"type":"Feature","id":"45198","properties":{"cod_mun":"45198","nombre":"Villatobas","cod_prov":"45","cod_ccaa":"08"},"geometry":{"type":"Polygon","coordinates":[[[-3.40245,39.8244],[-3.35971,39.81955],[-3.35072,39.79209],[-3.31248,39.82763],[-3.26075,39.82117],[-3.23376,39.8454],[-3.21127,39.84863],[-3.24276,39.88256],[-3.254,39.91972],[-3.27874,39.93588],[-3.32148,39.94719],[-3.37321,39.93588],[-3.37771,39.93103],[-3.3957,39.92457],[-3.40919,39.89872],[-3.39795,39.88579],[-3.40919,39.86802],[-3.40245,39.8244]]]}},{"type":"Feature","id":"45199","properties":{"cod_mun":"45199","nombre":"Viso de San Juan, El","cod_prov":"45","cod_ccaa":"08"},"geometry":{"type":"Polygon","coordinates":[[[-4.05244,40.15399],[-4.0322,40.12491],[-4.01421,40.11521],[-3.99172,40.14106],[-3.94223,40.12491],[-3.913,40.12814],[-3.9085,40.15076],[-3.94673,40.16207],[-3.96023,40.16045],[-3.95798,40.17661],[-4.00296,40.18145],[-4.05244,40.17176],[-4.05244,40.15399]]]}},{"type":"Feature","id":"45200","properties":{"cod_mun":"45200","nombre":"Yébenes, Los","cod_prov":"45","cod_ccaa":"08"},"geometry":{"type":"Polygon","coordinates":[[[-4.09967,39.34294],[-4.07268,39.36556],[-4.00521,39.35264],[-3.97147,39.35264],[-3.96922,39.32355],[-3.95798,39.31063],[-3.96473,39.2977],[-3.92874,39.28478],[-3.90175,39.27993],[-3.87701,39.26216],[-3.84102,39.25893],[-3.80954,39.28801],[-3.79379,39.29286],[-3.81403,39.33163],[-3.79829,39.39626],[-3.78705,39.40918],[-3.76905,39.45119],[-3.7848,39.45765],[-3.80729,39.48835],[-3.83203,39.49481],[-3.84327,39.52551],[-3.81403,39.54166],[-3.80504,39.56913],[-3.7758,39.59498],[-3.79379,39.61437],[-3.80954,39.60467],[-3.85002,39.60467],[-3.88601,39.58367],[-3.92199,39.57882],[-3.9085,39.56751],[-3.88376,39.52551],[-3.92649,39.53197],[-3.96922,39.51743],[-4.00746,39.52389],[-4.02995,39.52228],[-4.05919,39.52228],[-4.06819,39.50289],[-4.05919,39.47219],[-4.07943,39.45119],[-4.11767,39.45604],[-4.12666,39.40757],[-4.14915,39.36233],[-4.12891,39.36556],[-4.09967,39.34294]]]}},{"type":"Feature","id":"45202","properties":{"cod_mun":"45202","nombre":"Yepes","cod_prov":"45","cod_ccaa":"08"},"geometry":{"type":"Polygon","coordinates":[[[-3.80504,39.88418],[-3.79379,39.87125],[-3.76006,39.89387],[-3.73307,39.90841],[-3.70383,39.89387],[-3.67684,39.89387],[-3.63411,39.8761],[-3.58013,39.90033],[-3.59812,39.92618],[-3.6431,39.92618],[-3.66559,39.93749],[-3.66559,39.96334],[-3.69708,39.94719],[-3.71058,39.95526],[-3.74431,39.94072],[-3.76006,39.91972],[-3.77805,39.91164],[-3.80504,39.88418]]]}},{"type":"Feature","id":"45201","properties":{"cod_mun":"45201","nombre":"Yeles","cod_prov":"45","cod_ccaa":"08"},"geometry":{"type":"Polygon","coordinates":[[[-3.81853,40.09744],[-3.79829,40.10067],[-3.76905,40.11844],[-3.73981,40.12491],[-3.74206,40.1346],[-3.7713,40.13945],[-3.81403,40.1346],[-3.82303,40.12329],[-3.81853,40.09744]]]}},{"type":"Feature","id":"45203","properties":{"cod_mun":"45203","nombre":"Yuncler","cod_prov":"45","cod_ccaa":"08"},"geometry":{"type":"Polygon","coordinates":[[[-3.95573,40.04736],[-3.92199,40.04412],[-3.88826,40.0312],[-3.87251,40.04574],[-3.86576,40.05543],[-3.87926,40.0619],[-3.91525,40.08128],[-3.91075,40.05382],[-3.93774,40.0619],[-3.95573,40.04736]]]}},{"type":"Feature","id":"45204","properties":{"cod_mun":"45204","nombre":"Yunclillos","cod_prov":"45","cod_ccaa":"08"},"geometry":{"type":"Polygon","coordinates":[[[-4.03895,40.03282],[-4.0367,40.02797],[-4.0367,40.00858],[-4.01421,39.9795],[-3.97597,40.0005],[-3.97822,40.01343],[-3.95348,40.01989],[-3.95573,40.03443],[-3.95798,40.04251],[-4.00746,40.03928],[-4.03895,40.03282]]]}},{"type":"Feature","id":"45205","properties":{"cod_mun":"45205","nombre":"Yuncos","cod_prov":"45","cod_ccaa":"08"},"geometry":{"type":"Polygon","coordinates":[[[-3.91525,40.08128],[-3.87926,40.0619],[-3.86352,40.09906],[-3.8995,40.11037],[-3.91974,40.09098],[-3.91525,40.08128]]]}},{"type":"Feature","id":"45901","properties":{"cod_mun":"45901","nombre":"Santo Domingo-Caudilla","cod_prov":"45","cod_ccaa":"08"},"geometry":{"type":"Polygon","coordinates":[[[-4.39656,40.03282],[-4.38531,40.01989],[-4.35382,40.0102],[-4.36507,39.97627],[-4.35382,39.96496],[-4.33808,39.96657],[-4.31109,39.97627],[-4.32009,39.99242],[-4.2841,40.00697],[-4.2796,40.02151],[-4.32009,40.04089],[-4.32234,40.05543],[-4.35382,40.04897],[-4.37632,40.05543],[-4.39656,40.03282]]]}}]}