{"type":"FeatureCollection","features":[{"type":"Feature","id":"08222","properties":{"cod_mun":"08222","nombre":"Sant Llorenç d'Hortons","cod_prov":"08","cod_ccaa":"09"},"geometry":{"type":"Polygon","coordinates":[[[1.79302,41.47395],[1.79752,41.46749],[1.81552,41.44326],[1.83576,41.46265],[1.87399,41.4578],[1.87174,41.47719],[1.84251,41.49334],[1.82451,41.48203],[1.79302,41.47395]]]}},{"type":"Feature","id":"08223","properties":{"cod_mun":"08223","nombre":"Sant Llorenç Savall","cod_prov":"08","cod_ccaa":"09"},"geometry":{"type":"Polygon","coordinates":[[[2.01119,41.65814],[2.04043,41.65329],[2.08091,41.66621],[2.08991,41.65975],[2.09666,41.65975],[2.1124,41.66783],[2.08316,41.70014],[2.08766,41.70822],[2.03593,41.71791],[2.02244,41.70822],[2.00444,41.67429],[2.01119,41.65814]]]}},{"type":"Feature","id":"08224","properties":{"cod_mun":"08224","nombre":"Sant Martí de Centelles","cod_prov":"08","cod_ccaa":"09"},"geometry":{"type":"Polygon","coordinates":[[[2.18662,41.78254],[2.18887,41.75669],[2.18887,41.73245],[2.21361,41.72599],[2.2406,41.72922],[2.25634,41.72761],[2.26084,41.74538],[2.25185,41.76315],[2.24735,41.76961],[2.22486,41.7583],[2.22261,41.77769],[2.18662,41.78254]]]}},{"type":"Feature","id":"25032","properties":{"cod_mun":"25032","nombre":"Arsèguel","cod_prov":"25","cod_ccaa":"09"},"geometry":{"type":"Polygon","coordinates":[[[1.55687,42.35932],[1.56811,42.34639],[1.56586,42.33185],[1.61759,42.34801],[1.59735,42.3674],[1.57036,42.36578],[1.55912,42.35932],[1.55687,42.35932]]]}},{"type":"Feature","id":"25033","properties":{"cod_mun":"25033","nombre":"Artesa de Lleida","cod_prov":"25","cod_ccaa":"09"},"geometry":{"type":"Polygon","coordinates":[[[0.67746,41.51111],[0.69545,41.4998],[0.7112,41.52565],[0.73144,41.56605],[0.73144,41.57089],[0.66621,41.56605],[0.68871,41.52404],[0.67746,41.51111]]]}},{"type":"Feature","id":"25034","properties":{"cod_mun":"25034","nombre":"Artesa de Segre","cod_prov":"25","cod_ccaa":"09"},"geometry":{"type":"Polygon","coordinates":[[[0.9541,41.97157],[0.99234,41.94733],[0.98784,41.91987],[0.99908,41.90694],[1.01258,41.89402],[1.03732,41.89725],[1.04407,41.88109],[1.03957,41.85686],[1.05531,41.85686],[1.06656,41.83586],[1.06431,41.81485],[1.07556,41.82293],[1.1003,41.85686],[1.12054,41.84878],[1.13178,41.86171],[1.14078,41.89402],[1.12054,41.89402],[1.12728,41.92956],[1.14078,41.94733],[1.16102,41.95056],[1.16777,41.97965],[1.14303,42.00388],[1.15877,42.01196],[1.13853,42.02327],[1.09805,42.06204],[1.08455,42.05235],[1.0778,42.04589],[1.0913,42.02811],[1.0823,42.00711],[1.10254,41.9958],[1.0913,41.97157],[1.07331,41.96349],[1.06431,41.94087],[1.04632,41.93118],[1.02607,41.93441],[1.03282,41.94895],[0.98784,41.97803],[0.99684,41.98772],[0.96985,41.98934],[0.9541,41.97157]]]}},{"type":"Feature","id":"25035","properties":{"cod_mun":"25035","nombre":"Sentiu de Sió, La","cod_prov":"25","cod_ccaa":"09"},"geometry":{"type":"Polygon","coordinates":[[[0.8304,41.79708],[0.85739,41.79223],[0.85289,41.77769],[0.87988,41.768],[0.88888,41.789],[0.91137,41.78415],[0.91137,41.81],[0.92711,41.83101],[0.89563,41.83101],[0.88213,41.81808],[0.83265,41.8197],[0.8304,41.79708]]]}},{"type":"Feature","id":"17225","properties":{"cod_mun":"17225","nombre":"Vilamacolum","cod_prov":"17","cod_ccaa":"09"},"geometry":{"type":"Polygon","coordinates":[[[3.05253,42.21391],[3.03904,42.20583],[3.06153,42.18645],[3.07053,42.21068],[3.06603,42.2123],[3.05253,42.21391]]]}},{"type":"Feature","id":"17087","properties":{"cod_mun":"17087","nombre":"Juià","cod_prov":"17","cod_ccaa":"09"},"geometry":{"type":"Polygon","coordinates":[[[2.89509,41.98772],[2.89734,41.98449],[2.90409,41.98126],[2.92433,42.02327],[2.91759,42.03781],[2.89734,42.03296],[2.89509,41.98772]]]}},{"type":"Feature","id":"17197","properties":{"cod_mun":"17197","nombre":"Torrent","cod_prov":"17","cod_ccaa":"09"},"geometry":{"type":"Polygon","coordinates":[[[3.11101,41.95864],[3.12001,41.93764],[3.14925,41.9441],[3.14925,41.94895],[3.14025,41.96672],[3.11101,41.95864]]]}},{"type":"Feature","id":"17014","properties":{"cod_mun":"17014","nombre":"Vajol, La","cod_prov":"17","cod_ccaa":"09"},"geometry":{"type":"Polygon","coordinates":[[[2.77139,42.41263],[2.78939,42.39971],[2.82087,42.39486],[2.81188,42.4094],[2.79388,42.41748],[2.77139,42.41263]]]}},{"type":"Feature","id":"17015","properties":{"cod_mun":"17015","nombre":"Banyoles","cod_prov":"17","cod_ccaa":"09"},"geometry":{"type":"Polygon","coordinates":[[[2.76465,42.14282],[2.75115,42.13636],[2.7489,42.11051],[2.77139,42.10566],[2.79838,42.11536],[2.80513,42.11374],[2.76465,42.14282]]]}},{"type":"Feature","id":"17016","properties":{"cod_mun":"17016","nombre":"Bàscara","cod_prov":"17","cod_ccaa":"09"},"geometry":{"type":"Polygon","coordinates":[[[2.89734,42.16221],[2.88835,42.15413],[2.90184,42.13798],[2.90409,42.11051],[2.92658,42.11697],[2.92208,42.12828],[2.94008,42.13475],[2.94233,42.14606],[2.92433,42.16544],[2.89734,42.16221]]]}},{"type":"Feature","id":"17018","properties":{"cod_mun":"17018","nombre":"Bellcaire d'Empordà","cod_prov":"17","cod_ccaa":"09"},"geometry":{"type":"Polygon","coordinates":[[[3.07727,42.08951],[3.07952,42.07012],[3.09527,42.06204],[3.10201,42.06527],[3.10651,42.08143],[3.13125,42.08305],[3.13125,42.09759],[3.129,42.10728],[3.10876,42.10243],[3.07727,42.08951]]]}},{"type":"Feature","id":"17024","properties":{"cod_mun":"17024","nombre":"Bolvir","cod_prov":"17","cod_ccaa":"09"},"geometry":{"type":"Polygon","coordinates":[[[1.8515,42.44333],[1.86275,42.42879],[1.86725,42.40132],[1.90773,42.39971],[1.91223,42.40779],[1.89873,42.42071],[1.8515,42.44333]]]}},{"type":"Feature","id":"25231","properties":{"cod_mun":"25231","nombre":"Torrelameu","cod_prov":"25","cod_ccaa":"09"},"geometry":{"type":"Polygon","coordinates":[[[0.67296,41.71953],[0.69545,41.6953],[0.7067,41.6953],[0.73369,41.70822],[0.7022,41.72599],[0.67296,41.71953]]]}},{"type":"Feature","id":"25232","properties":{"cod_mun":"25232","nombre":"Torres de Segre","cod_prov":"25","cod_ccaa":"09"},"geometry":{"type":"Polygon","coordinates":[[[0.43456,41.59351],[0.4368,41.58543],[0.45705,41.56443],[0.49078,41.55797],[0.50653,41.54343],[0.48179,41.4998],[0.50653,41.49496],[0.53577,41.46911],[0.54476,41.47234],[0.52002,41.49496],[0.52002,41.50465],[0.574,41.49819],[0.5695,41.52889],[0.58075,41.54343],[0.54026,41.55474],[0.53127,41.5515],[0.43456,41.59351]]]}},{"type":"Feature","id":"08032","properties":{"cod_mun":"08032","nombre":"Caldes d'Estrac","cod_prov":"08","cod_ccaa":"09"},"geometry":{"type":"Polygon","coordinates":[[[2.52174,41.56605],[2.53299,41.56928],[2.52624,41.57412],[2.52174,41.56605]]]}},{"type":"Feature","id":"08033","properties":{"cod_mun":"08033","nombre":"Caldes de Montbui","cod_prov":"08","cod_ccaa":"09"},"geometry":{"type":"Polygon","coordinates":[[[2.09666,41.65975],[2.1124,41.64521],[2.14839,41.63067],[2.16413,41.60159],[2.18887,41.60644],[2.20461,41.62905],[2.18662,41.65006],[2.16413,41.65814],[2.16413,41.67752],[2.13939,41.69045],[2.13489,41.66945],[2.1124,41.66783],[2.09666,41.65975]]]}},{"type":"Feature","id":"08108","properties":{"cod_mun":"08108","nombre":"Lliçà de Vall","cod_prov":"08","cod_ccaa":"09"},"geometry":{"type":"Polygon","coordinates":[[[2.20236,41.57735],[2.20236,41.57574],[2.20461,41.56928],[2.25859,41.5822],[2.26084,41.59674],[2.22486,41.60644],[2.21136,41.58382],[2.20236,41.57735]]]}},{"type":"Feature","id":"08109","properties":{"cod_mun":"08109","nombre":"Lluçà","cod_prov":"08","cod_ccaa":"09"},"geometry":{"type":"Polygon","coordinates":[[[2.00669,42.05396],[1.99545,42.02811],[2.02244,42.02488],[2.01344,42.01842],[2.04268,42.02327],[2.05842,42.04266],[2.05167,42.06043],[2.08541,42.05558],[2.08541,42.07497],[2.1079,42.0782],[2.1124,42.10082],[2.09891,42.10728],[2.06742,42.1089],[2.06517,42.12182],[2.04942,42.12182],[2.06292,42.0992],[2.04268,42.09274],[2.03368,42.07658],[2.02468,42.09597],[2.00894,42.08466],[2.00669,42.07335],[2.00669,42.05396]]]}},{"type":"Feature","id":"08112","properties":{"cod_mun":"08112","nombre":"Manlleu","cod_prov":"08","cod_ccaa":"09"},"geometry":{"type":"Polygon","coordinates":[[[2.2496,41.99419],[2.26759,41.98449],[2.28333,41.98772],[2.30807,42.00226],[2.30807,42.02165],[2.29458,42.02973],[2.28333,42.03296],[2.25859,42.01357],[2.2496,41.99419]]]}},{"type":"Feature","id":"08041","properties":{"cod_mun":"08041","nombre":"Canovelles","cod_prov":"08","cod_ccaa":"09"},"geometry":{"type":"Polygon","coordinates":[[[2.25409,41.63067],[2.26534,41.61451],[2.28558,41.62098],[2.27659,41.63552],[2.25409,41.63875],[2.25409,41.63067]]]}},{"type":"Feature","id":"08042","properties":{"cod_mun":"08042","nombre":"Cànoves i Samalús","cod_prov":"08","cod_ccaa":"09"},"geometry":{"type":"Polygon","coordinates":[[[2.30358,41.67268],[2.33056,41.68722],[2.34856,41.67429],[2.36655,41.66945],[2.37105,41.71145],[2.35306,41.74538],[2.32157,41.71953],[2.31032,41.70822],[2.29908,41.70337],[2.30358,41.67268]]]}},{"type":"Feature","id":"08047","properties":{"cod_mun":"08047","nombre":"Cardona","cod_prov":"08","cod_ccaa":"09"},"geometry":{"type":"Polygon","coordinates":[[[1.56811,41.87948],[1.58386,41.87301],[1.60185,41.88432],[1.62659,41.86978],[1.66932,41.86817],[1.69181,41.88756],[1.70531,41.88917],[1.7188,41.89563],[1.72105,41.92956],[1.71655,41.94087],[1.68507,41.93764],[1.66258,41.96187],[1.64908,41.95703],[1.64908,41.94895],[1.64233,41.92956],[1.61534,41.90533],[1.58161,41.8924],[1.56811,41.87948]]]}},{"type":"Feature","id":"08048","properties":{"cod_mun":"08048","nombre":"Carme","cod_prov":"08","cod_ccaa":"09"},"geometry":{"type":"Polygon","coordinates":[[[1.58611,41.5402],[1.61534,41.53212],[1.6041,41.51273],[1.60635,41.51273],[1.61534,41.51273],[1.64008,41.52081],[1.65133,41.5402],[1.63784,41.54989],[1.58611,41.5402]]]}},{"type":"Feature","id":"08049","properties":{"cod_mun":"08049","nombre":"Casserres","cod_prov":"08","cod_ccaa":"09"},"geometry":{"type":"Polygon","coordinates":[[[1.80427,42.00711],[1.80652,41.99257],[1.80652,41.97965],[1.82676,41.9748],[1.82226,41.99742],[1.8515,42.00711],[1.88524,41.99257],[1.88524,42.00226],[1.86725,42.0265],[1.87849,42.03781],[1.87174,42.0475],[1.856,42.03942],[1.84026,42.04912],[1.82451,42.03942],[1.81327,42.03296],[1.80427,42.00711]]]}},{"type":"Feature","id":"08066","properties":{"cod_mun":"08066","nombre":"Castellví de Rosanes","cod_prov":"08","cod_ccaa":"09"},"geometry":{"type":"Polygon","coordinates":[[[1.87849,41.45457],[1.89424,41.43033],[1.92347,41.43195],[1.95046,41.44164],[1.94821,41.46103],[1.93247,41.46588],[1.90998,41.45457],[1.90773,41.46588],[1.87849,41.45457]]]}},{"type":"Feature","id":"08067","properties":{"cod_mun":"08067","nombre":"Centelles","cod_prov":"08","cod_ccaa":"09"},"geometry":{"type":"Polygon","coordinates":[[[2.18662,41.78739],[2.18662,41.78254],[2.22261,41.77769],[2.22486,41.7583],[2.24735,41.76961],[2.2451,41.78092],[2.2316,41.80677],[2.20911,41.81],[2.19787,41.789],[2.18662,41.78739]]]}},{"type":"Feature","id":"08068","properties":{"cod_mun":"08068","nombre":"Cervelló","cod_prov":"08","cod_ccaa":"09"},"geometry":{"type":"Polygon","coordinates":[[[1.87624,41.39964],[1.87624,41.38994],[1.91898,41.38833],[1.93247,41.39802],[1.95496,41.36732],[1.99095,41.3754],[1.9797,41.38025],[1.99545,41.40125],[1.9887,41.40771],[1.98195,41.39964],[1.95946,41.40933],[1.95046,41.40287],[1.93697,41.41579],[1.90548,41.40448],[1.88524,41.40771],[1.87624,41.39964]]]}},{"type":"Feature","id":"08069","properties":{"cod_mun":"08069","nombre":"Collbató","cod_prov":"08","cod_ccaa":"09"},"geometry":{"type":"Polygon","coordinates":[[[1.79752,41.56443],[1.81777,41.55474],[1.82676,41.53858],[1.847,41.56928],[1.8605,41.57412],[1.8515,41.59028],[1.83126,41.59028],[1.81327,41.6032],[1.80877,41.57897],[1.79752,41.56443]]]}},{"type":"Feature","id":"08070","properties":{"cod_mun":"08070","nombre":"Collsuspina","cod_prov":"08","cod_ccaa":"09"},"geometry":{"type":"Polygon","coordinates":[[[2.15288,41.85363],[2.15513,41.83101],[2.17088,41.80193],[2.17538,41.7987],[2.19562,41.83586],[2.18662,41.86009],[2.15288,41.85363]]]}},{"type":"Feature","id":"08071","properties":{"cod_mun":"08071","nombre":"Copons","cod_prov":"08","cod_ccaa":"09"},"geometry":{"type":"Polygon","coordinates":[[[1.43092,41.6549],[1.45116,41.64683],[1.48714,41.64036],[1.48939,41.6339],[1.50964,41.63067],[1.52088,41.61775],[1.53887,41.62421],[1.54787,41.65652],[1.52763,41.65975],[1.50289,41.65975],[1.50514,41.64844],[1.48714,41.6436],[1.46915,41.65329],[1.43092,41.6549]]]}},{"type":"Feature","id":"08072","properties":{"cod_mun":"08072","nombre":"Corbera de Llobregat","cod_prov":"08","cod_ccaa":"09"},"geometry":{"type":"Polygon","coordinates":[[[1.88524,41.40771],[1.90548,41.40448],[1.93697,41.41579],[1.94597,41.41741],[1.96171,41.42225],[1.99095,41.44003],[1.9842,41.44326],[1.95046,41.44164],[1.92347,41.43195],[1.89424,41.43033],[1.88524,41.40771]]]}},{"type":"Feature","id":"25174","properties":{"cod_mun":"25174","nombre":"Portella, La","cod_prov":"25","cod_ccaa":"09"},"geometry":{"type":"Polygon","coordinates":[[[0.62573,41.72438],[0.64822,41.70984],[0.67296,41.71953],[0.66172,41.73407],[0.62798,41.76154],[0.62123,41.74053],[0.62573,41.72438]]]}},{"type":"Feature","id":"25175","properties":{"cod_mun":"25175","nombre":"Prats i Sansor","cod_prov":"25","cod_ccaa":"09"},"geometry":{"type":"Polygon","coordinates":[[[1.81777,42.37386],[1.82451,42.35124],[1.83576,42.35447],[1.847,42.35932],[1.856,42.36901],[1.83126,42.37871],[1.81777,42.37386]]]}},{"type":"Feature","id":"25176","properties":{"cod_mun":"25176","nombre":"Preixana","cod_prov":"25","cod_ccaa":"09"},"geometry":{"type":"Polygon","coordinates":[[[1.00358,41.58705],[1.04407,41.59028],[1.08455,41.57735],[1.08005,41.61128],[1.05306,41.62582],[1.01483,41.6129],[1.00358,41.58705]]]}},{"type":"Feature","id":"08194","properties":{"cod_mun":"08194","nombre":"Sant Adrià de Besòs","cod_prov":"08","cod_ccaa":"09"},"geometry":{"type":"Polygon","coordinates":[[[2.21136,41.43356],[2.20686,41.42549],[2.22711,41.41256],[2.2361,41.42549],[2.21586,41.43518],[2.21136,41.43356]]]}},{"type":"Feature","id":"08198","properties":{"cod_mun":"08198","nombre":"Sant Antoni de Vilamajor","cod_prov":"08","cod_ccaa":"09"},"geometry":{"type":"Polygon","coordinates":[[[2.36655,41.66945],[2.37555,41.63875],[2.39354,41.65167],[2.41153,41.6436],[2.42503,41.65814],[2.42278,41.67591],[2.40029,41.67752],[2.36655,41.66945]]]}},{"type":"Feature","id":"08199","properties":{"cod_mun":"08199","nombre":"Sant Bartomeu del Grau","cod_prov":"08","cod_ccaa":"09"},"geometry":{"type":"Polygon","coordinates":[[[2.12814,41.98772],[2.12814,41.97157],[2.13489,41.95541],[2.13939,41.9441],[2.12814,41.93441],[2.13714,41.91341],[2.13939,41.91017],[2.16638,41.93118],[2.16863,41.93279],[2.17313,41.96672],[2.19112,41.98126],[2.18662,41.9958],[2.18437,42.0055],[2.14614,42.01034],[2.12814,41.98772]]]}},{"type":"Feature","id":"08216","properties":{"cod_mun":"08216","nombre":"Sant Jaume de Frontanyà","cod_prov":"08","cod_ccaa":"09"},"geometry":{"type":"Polygon","coordinates":[[[2.00669,42.19291],[1.99545,42.17191],[2.00444,42.16221],[2.02693,42.16706],[2.03818,42.17837],[2.05842,42.17514],[2.05392,42.21876],[2.02918,42.21553],[2.01119,42.20745],[2.00669,42.19291]]]}},{"type":"Feature","id":"08134","properties":{"cod_mun":"08134","nombre":"Figaró-Montmany","cod_prov":"08","cod_ccaa":"09"},"geometry":{"type":"Polygon","coordinates":[[[2.2406,41.70499],[2.2406,41.70337],[2.25185,41.6856],[2.26984,41.71307],[2.29233,41.71953],[2.31032,41.70822],[2.32157,41.71953],[2.29908,41.73569],[2.25634,41.72761],[2.2406,41.72922],[2.2406,41.70499]]]}},{"type":"Feature","id":"08137","properties":{"cod_mun":"08137","nombre":"Montseny","cod_prov":"08","cod_ccaa":"09"},"geometry":{"type":"Polygon","coordinates":[[[2.33506,41.76315],[2.35306,41.74538],[2.37555,41.75992],[2.40029,41.75184],[2.40703,41.78415],[2.41828,41.79062],[2.43178,41.78092],[2.44302,41.789],[2.43627,41.80354],[2.41828,41.80516],[2.38229,41.80839],[2.36205,41.79223],[2.36655,41.77123],[2.33506,41.76315]]]}},{"type":"Feature","id":"08138","properties":{"cod_mun":"08138","nombre":"Moià","cod_prov":"08","cod_ccaa":"09"},"geometry":{"type":"Polygon","coordinates":[[[2.02693,41.80193],[2.03368,41.79062],[2.04043,41.78415],[2.06067,41.79385],[2.07866,41.79223],[2.08991,41.77769],[2.12814,41.78092],[2.13939,41.79223],[2.17088,41.80193],[2.15513,41.83101],[2.15288,41.85363],[2.13489,41.86332],[2.12365,41.85363],[2.08091,41.86494],[2.06067,41.8504],[2.04493,41.81647],[2.03368,41.81324],[2.02693,41.80193]]]}},{"type":"Feature","id":"08139","properties":{"cod_mun":"08139","nombre":"Mura","cod_prov":"08","cod_ccaa":"09"},"geometry":{"type":"Polygon","coordinates":[[[1.91448,41.67914],[1.93247,41.66298],[1.95721,41.64683],[1.97071,41.64844],[1.98195,41.64844],[2.01119,41.65814],[2.00444,41.67429],[2.02244,41.70822],[2.01569,41.72438],[2.00444,41.72922],[1.9932,41.71468],[1.94372,41.70984],[1.94821,41.69045],[1.91448,41.67914]]]}},{"type":"Feature","id":"08140","properties":{"cod_mun":"08140","nombre":"Navarcles","cod_prov":"08","cod_ccaa":"09"},"geometry":{"type":"Polygon","coordinates":[[[1.90323,41.74215],[1.92797,41.74538],[1.91223,41.77446],[1.90323,41.77446],[1.90548,41.77285],[1.89424,41.75507],[1.90323,41.74215]]]}},{"type":"Feature","id":"08141","properties":{"cod_mun":"08141","nombre":"Navàs","cod_prov":"08","cod_ccaa":"09"},"geometry":{"type":"Polygon","coordinates":[[[1.66932,41.86817],[1.69406,41.8504],[1.73905,41.85201],[1.7413,41.86009],[1.77278,41.86332],[1.78178,41.85363],[1.81327,41.87625],[1.8605,41.88594],[1.88524,41.89886],[1.88074,41.90694],[1.86275,41.91664],[1.84026,41.91017],[1.80877,41.92633],[1.76604,41.91179],[1.73005,41.91825],[1.72105,41.92956],[1.7188,41.89563],[1.70531,41.88917],[1.69181,41.88756],[1.66932,41.86817]]]}},{"type":"Feature","id":"08142","properties":{"cod_mun":"08142","nombre":"Nou de Berguedà, La","cod_prov":"08","cod_ccaa":"09"},"geometry":{"type":"Polygon","coordinates":[[[1.865,42.18645],[1.87174,42.1509],[1.88974,42.13475],[1.90998,42.16706],[1.90998,42.18968],[1.92572,42.2026],[1.88749,42.20906],[1.86725,42.2026],[1.865,42.18645]]]}},{"type":"Feature","id":"08143","properties":{"cod_mun":"08143","nombre":"Òdena","cod_prov":"08","cod_ccaa":"09"},"geometry":{"type":"Polygon","coordinates":[[[1.57486,41.61775],[1.57261,41.60482],[1.58835,41.59351],[1.60185,41.58866],[1.62659,41.59997],[1.63559,41.57735],[1.66033,41.57251],[1.67157,41.58382],[1.67382,41.58543],[1.67157,41.60482],[1.68057,41.61936],[1.66707,41.63713],[1.66707,41.65329],[1.62659,41.66298],[1.6041,41.65814],[1.5906,41.64198],[1.6041,41.63067],[1.5951,41.61936],[1.57486,41.61775]]]}},{"type":"Feature","id":"08144","properties":{"cod_mun":"08144","nombre":"Olvan","cod_prov":"08","cod_ccaa":"09"},"geometry":{"type":"Polygon","coordinates":[[[1.86949,42.07174],[1.87174,42.0475],[1.87849,42.03781],[1.90323,42.03619],[1.88524,42.00226],[1.88974,41.99903],[1.90773,42.00873],[1.89873,42.02165],[1.90548,42.03619],[1.92572,42.03781],[1.95046,42.07012],[1.94597,42.08951],[1.90773,42.09597],[1.87849,42.08628],[1.86949,42.07174]]]}},{"type":"Feature","id":"08008","properties":{"cod_mun":"08008","nombre":"Argençola","cod_prov":"08","cod_ccaa":"09"},"geometry":{"type":"Polygon","coordinates":[[[1.39268,41.57574],[1.41967,41.5822],[1.45341,41.56928],[1.43092,41.55635],[1.44666,41.55312],[1.46465,41.56928],[1.49839,41.57412],[1.52538,41.58543],[1.47365,41.6032],[1.46465,41.61451],[1.48714,41.61451],[1.48714,41.62582],[1.44891,41.63713],[1.43092,41.62905],[1.40843,41.59997],[1.39268,41.57574]]]}},{"type":"Feature","id":"08145","properties":{"cod_mun":"08145","nombre":"Olèrdola","cod_prov":"08","cod_ccaa":"09"},"geometry":{"type":"Polygon","coordinates":[[[1.68282,41.3237],[1.69181,41.31078],[1.68507,41.28816],[1.69406,41.28008],[1.70306,41.29947],[1.74354,41.29624],[1.75704,41.3027],[1.76828,41.3237],[1.76379,41.33986],[1.7323,41.36086],[1.73905,41.34794],[1.70531,41.32532],[1.68507,41.33501],[1.68282,41.3237]]]}},{"type":"Feature","id":"25036","properties":{"cod_mun":"25036","nombre":"Aspa","cod_prov":"25","cod_ccaa":"09"},"geometry":{"type":"Polygon","coordinates":[[[0.66397,41.51596],[0.65497,41.51435],[0.65722,41.49173],[0.67296,41.4788],[0.6932,41.47719],[0.69545,41.4998],[0.67746,41.51111],[0.66397,41.51596]]]}},{"type":"Feature","id":"25037","properties":{"cod_mun":"25037","nombre":"Avellanes i Santa Linya, Les","cod_prov":"25","cod_ccaa":"09"},"geometry":{"type":"Polygon","coordinates":[[[0.68421,41.93764],[0.67296,41.92148],[0.70895,41.89886],[0.73819,41.89886],[0.76518,41.88756],[0.76068,41.86655],[0.76967,41.85201],[0.78092,41.85847],[0.79441,41.87625],[0.81916,41.88109],[0.8259,41.89402],[0.87089,41.89563],[0.87988,41.91017],[0.85514,41.90694],[0.86414,41.91825],[0.84839,41.9441],[0.8394,41.98126],[0.81241,41.96672],[0.76967,41.95541],[0.73369,41.92956],[0.7067,41.94572],[0.68421,41.93764]]]}},{"type":"Feature","id":"08151","properties":{"cod_mun":"08151","nombre":"Oristà","cod_prov":"08","cod_ccaa":"09"},"geometry":{"type":"Polygon","coordinates":[[[1.99769,41.97803],[1.98645,41.96995],[2.03143,41.95864],[2.03143,41.95703],[2.02244,41.94087],[2.04043,41.90371],[2.07417,41.90048],[2.09216,41.90856],[2.1214,41.9441],[2.13939,41.9441],[2.13489,41.95541],[2.12814,41.97157],[2.12814,41.98772],[2.11015,41.97803],[2.06967,41.98449],[2.06967,41.9958],[2.03368,41.98611],[2.00669,41.97318],[1.99769,41.97803]]]}},{"type":"Feature","id":"08152","properties":{"cod_mun":"08152","nombre":"Orpí","cod_prov":"08","cod_ccaa":"09"},"geometry":{"type":"Polygon","coordinates":[[[1.53887,41.52889],[1.55912,41.51111],[1.57936,41.50788],[1.6041,41.51273],[1.61534,41.53212],[1.58611,41.5402],[1.58611,41.54181],[1.53887,41.52889]]]}},{"type":"Feature","id":"25038","properties":{"cod_mun":"25038","nombre":"Aitona","cod_prov":"25","cod_ccaa":"09"},"geometry":{"type":"Polygon","coordinates":[[[0.39407,41.49011],[0.41431,41.48365],[0.4548,41.45457],[0.4593,41.43518],[0.47279,41.4271],[0.49303,41.44649],[0.52902,41.43195],[0.54251,41.44649],[0.53577,41.46911],[0.50653,41.49496],[0.48179,41.4998],[0.45255,41.51435],[0.43231,41.53212],[0.39407,41.49011]]]}},{"type":"Feature","id":"25039","properties":{"cod_mun":"25039","nombre":"Baix Pallars","cod_prov":"25","cod_ccaa":"09"},"geometry":{"type":"Polygon","coordinates":[[[0.9541,42.32539],[0.97434,42.31408],[0.97434,42.29792],[0.99009,42.29792],[1.03732,42.28177],[1.08455,42.27692],[1.15203,42.25915],[1.15652,42.27692],[1.12279,42.29469],[1.13628,42.30762],[1.15877,42.306],[1.17227,42.32862],[1.15203,42.34155],[1.10254,42.33993],[1.06656,42.33508],[1.05981,42.35447],[1.03732,42.3577],[1.02607,42.36901],[1.04407,42.41102],[1.04407,42.41748],[1.02832,42.41102],[1.00583,42.3884],[0.99234,42.34801],[0.9586,42.33832],[0.9541,42.32539]]]}},{"type":"Feature","id":"25040","properties":{"cod_mun":"25040","nombre":"Balaguer","cod_prov":"25","cod_ccaa":"09"},"geometry":{"type":"MultiPolygon","coordinates":[[[[0.76518,41.82616],[0.76068,41.80516],[0.74044,41.79223],[0.73369,41.77285],[0.73819,41.75184],[0.76518,41.73084],[0.77642,41.75023],[0.79217,41.75346],[0.80791,41.76638],[0.82365,41.76154],[0.8394,41.77446],[0.81916,41.78254],[0.8304,41.79708],[0.83265,41.8197],[0.8259,41.82293],[0.81241,41.81808],[0.81016,41.80193],[0.76518,41.82616]]],[[[0.92711,41.83101],[0.91137,41.81],[0.91137,41.78415],[0.91362,41.78254],[0.92711,41.80516],[0.92711,41.83101]]]]}},{"type":"Feature","id":"08020","properties":{"cod_mun":"08020","nombre":"Begues","cod_prov":"08","cod_ccaa":"09"},"geometry":{"type":"Polygon","coordinates":[[[1.847,41.31885],[1.847,41.30593],[1.87399,41.293],[1.87174,41.27846],[1.90098,41.28008],[1.91448,41.28816],[1.95496,41.3237],[1.95946,41.33339],[1.94372,41.34955],[1.89873,41.3544],[1.87399,41.3447],[1.847,41.31885]]]}},{"type":"Feature","id":"25068","properties":{"cod_mun":"25068","nombre":"Castellnou de Seana","cod_prov":"25","cod_ccaa":"09"},"geometry":{"type":"Polygon","coordinates":[[[0.94286,41.64036],[0.96085,41.62905],[0.96985,41.62905],[1.00133,41.65167],[0.99908,41.67106],[0.99234,41.66621],[0.95185,41.67429],[0.94286,41.64036]]]}},{"type":"Feature","id":"08001","properties":{"cod_mun":"08001","nombre":"Abrera","cod_prov":"08","cod_ccaa":"09"},"geometry":{"type":"Polygon","coordinates":[[[1.856,41.51596],[1.856,41.50788],[1.90548,41.50142],[1.92122,41.49496],[1.93697,41.50788],[1.95046,41.5095],[1.93922,41.52889],[1.93247,41.53696],[1.91223,41.53212],[1.856,41.51596]]]}},{"type":"Feature","id":"08002","properties":{"cod_mun":"08002","nombre":"Aguilar de Segarra","cod_prov":"08","cod_ccaa":"09"},"geometry":{"type":"Polygon","coordinates":[[[1.58835,41.73084],[1.60185,41.73084],[1.60635,41.7163],[1.5906,41.72276],[1.56811,41.72115],[1.55237,41.70822],[1.60185,41.69206],[1.61534,41.6953],[1.62434,41.7066],[1.66482,41.70984],[1.66482,41.74376],[1.64908,41.75184],[1.62884,41.76638],[1.5951,41.76477],[1.58835,41.73084]]]}},{"type":"Feature","id":"25070","properties":{"cod_mun":"25070","nombre":"Castellserà","cod_prov":"25","cod_ccaa":"09"},"geometry":{"type":"Polygon","coordinates":[[[0.98784,41.77446],[0.9541,41.74376],[0.96085,41.73245],[0.98334,41.73245],[1.03732,41.75669],[1.00358,41.76315],[1.00358,41.77123],[0.98784,41.77446]]]}},{"type":"Feature","id":"25071","properties":{"cod_mun":"25071","nombre":"Cava","cod_prov":"25","cod_ccaa":"09"},"geometry":{"type":"Polygon","coordinates":[[[1.56586,42.33185],[1.57936,42.28662],[1.5951,42.285],[1.65133,42.28662],[1.65583,42.33185],[1.65133,42.34962],[1.64908,42.34962],[1.63784,42.34478],[1.62659,42.33508],[1.61759,42.34801],[1.56586,42.33185]]]}},{"type":"Feature","id":"08003","properties":{"cod_mun":"08003","nombre":"Alella","cod_prov":"08","cod_ccaa":"09"},"geometry":{"type":"Polygon","coordinates":[[[2.26759,41.50465],[2.29233,41.48203],[2.29458,41.47557],[2.31032,41.49011],[2.30807,41.51273],[2.28108,41.51435],[2.26759,41.50465]]]}},{"type":"Feature","id":"08004","properties":{"cod_mun":"08004","nombre":"Alpens","cod_prov":"08","cod_ccaa":"09"},"geometry":{"type":"Polygon","coordinates":[[[2.06067,42.13475],[2.06517,42.12182],[2.06742,42.1089],[2.09891,42.10728],[2.1124,42.10082],[2.13039,42.10082],[2.12589,42.11213],[2.10115,42.12344],[2.09216,42.14444],[2.06067,42.13475]]]}},{"type":"Feature","id":"25072","properties":{"cod_mun":"25072","nombre":"Cervera","cod_prov":"25","cod_ccaa":"09"},"geometry":{"type":"Polygon","coordinates":[[[1.2285,41.68722],[1.24424,41.67914],[1.23074,41.65814],[1.23974,41.63875],[1.25998,41.6339],[1.27798,41.62259],[1.28023,41.62259],[1.27573,41.64198],[1.30047,41.65975],[1.31846,41.64521],[1.3342,41.66783],[1.33645,41.67106],[1.29597,41.69206],[1.32971,41.71468],[1.32971,41.7373],[1.29147,41.72438],[1.27573,41.69853],[1.25773,41.70822],[1.23974,41.70337],[1.2285,41.68722]]]}},{"type":"Feature","id":"25073","properties":{"cod_mun":"25073","nombre":"Cervià de les Garrigues","cod_prov":"25","cod_ccaa":"09"},"geometry":{"type":"Polygon","coordinates":[[[0.79441,41.43841],[0.80566,41.40448],[0.8304,41.40448],[0.81466,41.43518],[0.84165,41.42225],[0.89113,41.41741],[0.90012,41.43356],[0.88438,41.44326],[0.84614,41.46426],[0.82365,41.46426],[0.81691,41.44972],[0.79666,41.44649],[0.79441,41.43841]]]}},{"type":"Feature","id":"25074","properties":{"cod_mun":"25074","nombre":"Ciutadilla","cod_prov":"25","cod_ccaa":"09"},"geometry":{"type":"Polygon","coordinates":[[[1.12504,41.56766],[1.13178,41.55312],[1.12728,41.5305],[1.13403,41.52081],[1.16552,41.51758],[1.17002,41.51758],[1.15427,41.57412],[1.12504,41.56766]]]}},{"type":"Feature","id":"25075","properties":{"cod_mun":"25075","nombre":"Clariana de Cardener","cod_prov":"25","cod_ccaa":"09"},"geometry":{"type":"Polygon","coordinates":[[[1.55012,41.96511],[1.55912,41.94249],[1.5906,41.94087],[1.5996,41.95864],[1.61085,41.95056],[1.5996,41.91987],[1.57936,41.90048],[1.58161,41.8924],[1.61534,41.90533],[1.64233,41.92956],[1.64908,41.94895],[1.61085,41.96672],[1.59735,41.99096],[1.57261,41.98934],[1.56361,41.96995],[1.55012,41.96511]]]}},{"type":"Feature","id":"25076","properties":{"cod_mun":"25076","nombre":"Cogul, El","cod_prov":"25","cod_ccaa":"09"},"geometry":{"type":"Polygon","coordinates":[[[0.66397,41.4578],[0.69096,41.43033],[0.69995,41.42387],[0.70895,41.44487],[0.72019,41.44164],[0.7157,41.4578],[0.72469,41.47072],[0.6932,41.47719],[0.67296,41.4788],[0.66397,41.47395],[0.66397,41.4578]]]}},{"type":"Feature","id":"25077","properties":{"cod_mun":"25077","nombre":"Coll de Nargó","cod_prov":"25","cod_ccaa":"09"},"geometry":{"type":"Polygon","coordinates":[[[1.15652,42.13636],[1.15652,42.12344],[1.16777,42.08305],[1.19926,42.08951],[1.23974,42.10728],[1.25099,42.11859],[1.27573,42.12021],[1.31171,42.1299],[1.3477,42.1509],[1.34995,42.18968],[1.33195,42.18645],[1.29372,42.19291],[1.29147,42.21068],[1.25773,42.21553],[1.21275,42.20745],[1.16552,42.21876],[1.16102,42.18968],[1.18351,42.1816],[1.18576,42.17029],[1.15652,42.13636]]]}},{"type":"Feature","id":"25078","properties":{"cod_mun":"25078","nombre":"Corbins","cod_prov":"25","cod_ccaa":"09"},"geometry":{"type":"Polygon","coordinates":[[[0.64822,41.70984],[0.65047,41.7066],[0.66172,41.70176],[0.65272,41.67752],[0.65497,41.66137],[0.66172,41.65652],[0.69545,41.66783],[0.71794,41.68399],[0.7067,41.6953],[0.69545,41.6953],[0.67296,41.71953],[0.64822,41.70984]]]}},{"type":"Feature","id":"25079","properties":{"cod_mun":"25079","nombre":"Cubells","cod_prov":"25","cod_ccaa":"09"},"geometry":{"type":"Polygon","coordinates":[[[0.91362,41.78254],[0.92261,41.77931],[0.93161,41.80193],[0.96085,41.80193],[0.97659,41.83101],[0.99234,41.82293],[1.00583,41.83424],[0.99684,41.86494],[0.98559,41.87301],[0.95635,41.86817],[0.93386,41.87463],[0.92711,41.83101],[0.92711,41.80516],[0.91362,41.78254]]]}},{"type":"Feature","id":"08005","properties":{"cod_mun":"08005","nombre":"Ametlla del Vallès, L'","cod_prov":"08","cod_ccaa":"09"},"geometry":{"type":"Polygon","coordinates":[[[2.2316,41.6646],[2.24285,41.66137],[2.25409,41.63875],[2.27659,41.63552],[2.27659,41.65814],[2.25185,41.6856],[2.2406,41.70337],[2.2316,41.69691],[2.24735,41.68075],[2.2316,41.6646]]]}},{"type":"Feature","id":"08006","properties":{"cod_mun":"08006","nombre":"Arenys de Mar","cod_prov":"08","cod_ccaa":"09"},"geometry":{"type":"Polygon","coordinates":[[[2.52174,41.58059],[2.52624,41.57412],[2.53299,41.56928],[2.57347,41.5822],[2.56672,41.59513],[2.52174,41.58059]]]}},{"type":"Feature","id":"08027","properties":{"cod_mun":"08027","nombre":"Cabanyes, Les","cod_prov":"08","cod_ccaa":"09"},"geometry":{"type":"Polygon","coordinates":[[[1.68057,41.36894],[1.68732,41.36409],[1.69631,41.36894],[1.69856,41.37702],[1.68057,41.36894]]]}},{"type":"Feature","id":"08028","properties":{"cod_mun":"08028","nombre":"Cabrera d'Anoia","cod_prov":"08","cod_ccaa":"09"},"geometry":{"type":"Polygon","coordinates":[[[1.68057,41.50788],[1.70306,41.47395],[1.71206,41.46749],[1.74579,41.45941],[1.75254,41.46588],[1.70756,41.5095],[1.69181,41.52242],[1.68057,41.51273],[1.68057,41.50788]]]}},{"type":"Feature","id":"08007","properties":{"cod_mun":"08007","nombre":"Arenys de Munt","cod_prov":"08","cod_ccaa":"09"},"geometry":{"type":"Polygon","coordinates":[[[2.497,41.62259],[2.497,41.60644],[2.52399,41.59028],[2.52174,41.58059],[2.56672,41.59513],[2.55773,41.6129],[2.53748,41.64198],[2.52399,41.62582],[2.497,41.62259]]]}},{"type":"Feature","id":"08009","properties":{"cod_mun":"08009","nombre":"Argentona","cod_prov":"08","cod_ccaa":"09"},"geometry":{"type":"Polygon","coordinates":[[[2.35531,41.57412],[2.3688,41.54343],[2.3778,41.54181],[2.42053,41.53212],[2.42503,41.57251],[2.41603,41.57735],[2.40029,41.57574],[2.37555,41.59513],[2.35531,41.57412]]]}},{"type":"Feature","id":"08010","properties":{"cod_mun":"08010","nombre":"Artés","cod_prov":"08","cod_ccaa":"09"},"geometry":{"type":"Polygon","coordinates":[[[1.90323,41.77446],[1.95496,41.78254],[1.97745,41.79223],[2.01794,41.80193],[1.98195,41.81324],[1.95721,41.81324],[1.93697,41.80031],[1.90323,41.77446]]]}},{"type":"Feature","id":"08011","properties":{"cod_mun":"08011","nombre":"Avià","cod_prov":"08","cod_ccaa":"09"},"geometry":{"type":"Polygon","coordinates":[[[1.78178,42.06043],[1.80652,42.05235],[1.82451,42.03942],[1.84026,42.04912],[1.856,42.03942],[1.87174,42.0475],[1.86949,42.07174],[1.83126,42.09112],[1.81552,42.08951],[1.78178,42.06043]]]}},{"type":"Feature","id":"08012","properties":{"cod_mun":"08012","nombre":"Avinyó","cod_prov":"08","cod_ccaa":"09"},"geometry":{"type":"Polygon","coordinates":[[[1.95721,41.81324],[1.98195,41.81324],[2.01794,41.80193],[2.02693,41.80193],[2.03368,41.81324],[2.00444,41.83262],[1.97745,41.83747],[1.9752,41.84716],[2.01569,41.87301],[2.01344,41.91179],[2.00669,41.92795],[1.98645,41.92471],[1.97071,41.91987],[1.95946,41.90694],[1.93022,41.86171],[1.90998,41.84555],[1.93697,41.84232],[1.95721,41.81324]]]}},{"type":"Feature","id":"08013","properties":{"cod_mun":"08013","nombre":"Avinyonet del Penedès","cod_prov":"08","cod_ccaa":"09"},"geometry":{"type":"Polygon","coordinates":[[[1.7323,41.3851],[1.74354,41.37055],[1.76828,41.36409],[1.76379,41.33986],[1.76828,41.3237],[1.847,41.31885],[1.82451,41.32693],[1.81777,41.3447],[1.80202,41.35117],[1.79527,41.37379],[1.75704,41.38833],[1.75029,41.39317],[1.7413,41.39479],[1.7323,41.3851]]]}},{"type":"Feature","id":"08014","properties":{"cod_mun":"08014","nombre":"Aiguafreda","cod_prov":"08","cod_ccaa":"09"},"geometry":{"type":"Polygon","coordinates":[[[2.2451,41.78092],[2.24735,41.76961],[2.25185,41.76315],[2.26534,41.76638],[2.29008,41.789],[2.26759,41.80354],[2.2451,41.78092]]]}},{"type":"Feature","id":"08015","properties":{"cod_mun":"08015","nombre":"Badalona","cod_prov":"08","cod_ccaa":"09"},"geometry":{"type":"Polygon","coordinates":[[[2.21136,41.47072],[2.22261,41.46588],[2.21586,41.43518],[2.2361,41.42549],[2.26984,41.46103],[2.26084,41.47072],[2.24735,41.4885],[2.22486,41.49173],[2.21136,41.47072]]]}},{"type":"Feature","id":"08016","properties":{"cod_mun":"08016","nombre":"Bagà","cod_prov":"08","cod_ccaa":"09"},"geometry":{"type":"MultiPolygon","coordinates":[[[[1.79752,42.29469],[1.77953,42.29146],[1.82001,42.27854],[1.83351,42.28015],[1.82676,42.24461],[1.84475,42.23653],[1.87624,42.23653],[1.88074,42.264],[1.88974,42.27046],[1.90098,42.29631],[1.93922,42.30277],[1.94372,42.30762],[1.93247,42.31893],[1.89199,42.32054],[1.87399,42.31408],[1.88299,42.285],[1.8515,42.27531],[1.79752,42.29469]]],[[[1.7188,42.28338],[1.66932,42.28177],[1.68957,42.27692],[1.7188,42.28015],[1.7188,42.28338]]]]}},{"type":"Feature","id":"08017","properties":{"cod_mun":"08017","nombre":"Balenyà","cod_prov":"08","cod_ccaa":"09"},"geometry":{"type":"Polygon","coordinates":[[[2.17538,41.7987],[2.18662,41.78739],[2.19787,41.789],[2.20911,41.81],[2.2316,41.80677],[2.2451,41.82131],[2.2451,41.83424],[2.23385,41.84393],[2.22711,41.83586],[2.19562,41.83586],[2.17538,41.7987]]]}},{"type":"Feature","id":"08018","properties":{"cod_mun":"08018","nombre":"Balsareny","cod_prov":"08","cod_ccaa":"09"},"geometry":{"type":"Polygon","coordinates":[[[1.81327,41.87625],[1.82001,41.86009],[1.8515,41.83262],[1.86949,41.83101],[1.89648,41.85363],[1.90548,41.88109],[1.90548,41.90048],[1.88524,41.89886],[1.8605,41.88594],[1.81327,41.87625]]]}},{"type":"Feature","id":"08019","properties":{"cod_mun":"08019","nombre":"Barcelona","cod_prov":"08","cod_ccaa":"09"},"geometry":{"type":"MultiPolygon","coordinates":[[[[2.07866,41.41418],[2.07866,41.40287],[2.10115,41.40771],[2.09891,41.39317],[2.10115,41.38833],[2.13489,41.36248],[2.13939,41.34632],[2.10115,41.33663],[2.13039,41.32047],[2.15288,41.3237],[2.18662,41.38025],[2.22711,41.41256],[2.20686,41.42549],[2.21136,41.43356],[2.18662,41.46749],[2.15513,41.44972],[2.13039,41.44326],[2.1214,41.42549],[2.07641,41.43356],[2.07866,41.41418]]],[[[2.05842,41.43518],[2.05392,41.41418],[2.06967,41.41902],[2.05842,41.43518]]]]}},{"type":"Feature","id":"08021","properties":{"cod_mun":"08021","nombre":"Bellprat","cod_prov":"08","cod_ccaa":"09"},"geometry":{"type":"Polygon","coordinates":[[[1.39493,41.51273],[1.45116,41.48688],[1.47365,41.48688],[1.49389,41.49657],[1.48939,41.51919],[1.44891,41.53696],[1.40843,41.53535],[1.39718,41.51919],[1.39493,41.51273]]]}},{"type":"Feature","id":"08022","properties":{"cod_mun":"08022","nombre":"Berga","cod_prov":"08","cod_ccaa":"09"},"geometry":{"type":"Polygon","coordinates":[[[1.79977,42.10405],[1.81552,42.08951],[1.83126,42.09112],[1.86949,42.07174],[1.87849,42.08628],[1.88749,42.10082],[1.86725,42.11213],[1.82451,42.12182],[1.82001,42.1089],[1.79977,42.10405]]]}},{"type":"Feature","id":"08023","properties":{"cod_mun":"08023","nombre":"Bigues i Riells del Fai","cod_prov":"08","cod_ccaa":"09"},"geometry":{"type":"Polygon","coordinates":[[[2.16413,41.67752],[2.16413,41.65814],[2.18662,41.65006],[2.20012,41.6646],[2.2316,41.6646],[2.24735,41.68075],[2.2316,41.69691],[2.2406,41.70337],[2.2406,41.70499],[2.19562,41.70499],[2.18662,41.71468],[2.18887,41.69206],[2.16413,41.67752]]]}},{"type":"Feature","id":"08024","properties":{"cod_mun":"08024","nombre":"Borredà","cod_prov":"08","cod_ccaa":"09"},"geometry":{"type":"Polygon","coordinates":[[[1.95046,42.15413],[1.96621,42.14606],[1.96396,42.1299],[1.9842,42.12344],[2.00669,42.10566],[2.00894,42.08466],[2.02468,42.09597],[2.03368,42.07658],[2.04268,42.09274],[2.06292,42.0992],[2.04942,42.12182],[2.06517,42.12182],[2.06067,42.13475],[2.02468,42.15252],[2.00444,42.14929],[1.99095,42.17191],[1.95046,42.15413]],[[2.01794,42.1089],[2.00219,42.12505],[2.03143,42.12667],[2.01794,42.1089]]]}},{"type":"Feature","id":"08025","properties":{"cod_mun":"08025","nombre":"Bruc, El","cod_prov":"08","cod_ccaa":"09"},"geometry":{"type":"Polygon","coordinates":[[[1.70531,41.62259],[1.73005,41.6129],[1.74579,41.59351],[1.7323,41.58059],[1.74354,41.57412],[1.79078,41.57412],[1.79752,41.56443],[1.80877,41.57897],[1.81327,41.6032],[1.81102,41.60482],[1.78628,41.61451],[1.78853,41.64036],[1.77953,41.65329],[1.75704,41.6436],[1.72555,41.64198],[1.70531,41.62259]]]}},{"type":"Feature","id":"08026","properties":{"cod_mun":"08026","nombre":"Brull, El","cod_prov":"08","cod_ccaa":"09"},"geometry":{"type":"Polygon","coordinates":[[[2.2451,41.83424],[2.2451,41.82131],[2.27209,41.81808],[2.26759,41.80354],[2.29008,41.789],[2.30358,41.7987],[2.32832,41.789],[2.33506,41.76315],[2.36655,41.77123],[2.36205,41.79223],[2.38229,41.80839],[2.35531,41.80677],[2.34631,41.82778],[2.32382,41.83262],[2.27659,41.82455],[2.25859,41.83747],[2.2451,41.83424]]]}},{"type":"Feature","id":"08029","properties":{"cod_mun":"08029","nombre":"Cabrera de Mar","cod_prov":"08","cod_ccaa":"09"},"geometry":{"type":"Polygon","coordinates":[[[2.3778,41.54181],[2.39129,41.51596],[2.40254,41.50627],[2.42278,41.51919],[2.42053,41.53212],[2.3778,41.54181]]]}},{"type":"Feature","id":"08030","properties":{"cod_mun":"08030","nombre":"Cabrils","cod_prov":"08","cod_ccaa":"09"},"geometry":{"type":"Polygon","coordinates":[[[2.35081,41.54181],[2.34181,41.53535],[2.38005,41.51273],[2.39129,41.51596],[2.3778,41.54181],[2.3688,41.54343],[2.35081,41.54181]]]}},{"type":"Feature","id":"08031","properties":{"cod_mun":"08031","nombre":"Calaf","cod_prov":"08","cod_ccaa":"09"},"geometry":{"type":"Polygon","coordinates":[[[1.45341,41.70984],[1.48714,41.70822],[1.51638,41.71307],[1.54112,41.72922],[1.52313,41.7373],[1.50064,41.73245],[1.49389,41.72115],[1.45341,41.70984]]]}},{"type":"Feature","id":"08034","properties":{"cod_mun":"08034","nombre":"Calders","cod_prov":"08","cod_ccaa":"09"},"geometry":{"type":"Polygon","coordinates":[[[1.90323,41.77446],[1.91223,41.77446],[1.92797,41.74538],[1.9797,41.75346],[1.99994,41.76154],[1.99769,41.77285],[2.02468,41.77931],[2.03368,41.79062],[2.02693,41.80193],[2.01794,41.80193],[1.97745,41.79223],[1.95496,41.78254],[1.90323,41.77446]]]}},{"type":"Feature","id":"08035","properties":{"cod_mun":"08035","nombre":"Calella","cod_prov":"08","cod_ccaa":"09"},"geometry":{"type":"Polygon","coordinates":[[[2.62745,41.63875],[2.62745,41.62905],[2.63869,41.60482],[2.67018,41.61451],[2.64994,41.64036],[2.62745,41.63875]]]}},{"type":"Feature","id":"08036","properties":{"cod_mun":"08036","nombre":"Calonge de Segarra","cod_prov":"08","cod_ccaa":"09"},"geometry":{"type":"Polygon","coordinates":[[[1.43541,41.73407],[1.4624,41.7373],[1.47365,41.72922],[1.44666,41.71791],[1.45341,41.70984],[1.49389,41.72115],[1.50064,41.73245],[1.52313,41.7373],[1.52988,41.75184],[1.53213,41.76315],[1.50739,41.77446],[1.50514,41.789],[1.48265,41.79062],[1.48714,41.77931],[1.46015,41.77608],[1.43541,41.73407]]]}},{"type":"Feature","id":"17026","properties":{"cod_mun":"17026","nombre":"Borrassà","cod_prov":"17","cod_ccaa":"09"},"geometry":{"type":"Polygon","coordinates":[[[2.90859,42.22522],[2.91534,42.20745],[2.93783,42.20099],[2.94682,42.2123],[2.95357,42.22522],[2.94008,42.2333],[2.93108,42.23491],[2.90859,42.22522]]]}},{"type":"Feature","id":"08037","properties":{"cod_mun":"08037","nombre":"Calldetenes","cod_prov":"08","cod_ccaa":"09"},"geometry":{"type":"Polygon","coordinates":[[[2.27659,41.92471],[2.29683,41.91341],[2.31707,41.92148],[2.31257,41.93279],[2.28333,41.93764],[2.27659,41.92471]]]}},{"type":"Feature","id":"08038","properties":{"cod_mun":"08038","nombre":"Callús","cod_prov":"08","cod_ccaa":"09"},"geometry":{"type":"Polygon","coordinates":[[[1.75479,41.80839],[1.77278,41.78415],[1.79527,41.77931],[1.80202,41.79223],[1.80202,41.79708],[1.80427,41.81808],[1.79302,41.83262],[1.79078,41.81647],[1.76154,41.80354],[1.75479,41.80839]]]}},{"type":"Feature","id":"08039","properties":{"cod_mun":"08039","nombre":"Campins","cod_prov":"08","cod_ccaa":"09"},"geometry":{"type":"Polygon","coordinates":[[[2.47226,41.74538],[2.45427,41.72438],[2.47226,41.70822],[2.4925,41.71791],[2.47226,41.74538]]]}},{"type":"Feature","id":"08040","properties":{"cod_mun":"08040","nombre":"Canet de Mar","cod_prov":"08","cod_ccaa":"09"},"geometry":{"type":"Polygon","coordinates":[[[2.55773,41.6129],[2.56672,41.59513],[2.57347,41.5822],[2.59596,41.59028],[2.58921,41.59997],[2.58247,41.60967],[2.55773,41.6129]]]}},{"type":"Feature","id":"08043","properties":{"cod_mun":"08043","nombre":"Canyelles","cod_prov":"08","cod_ccaa":"09"},"geometry":{"type":"Polygon","coordinates":[[[1.68957,41.272],[1.7233,41.26554],[1.75479,41.28169],[1.74354,41.29624],[1.70306,41.29947],[1.69406,41.28008],[1.68957,41.272]]]}},{"type":"Feature","id":"08077","properties":{"cod_mun":"08077","nombre":"Esplugues de Llobregat","cod_prov":"08","cod_ccaa":"09"},"geometry":{"type":"Polygon","coordinates":[[[2.07417,41.37379],[2.07866,41.37055],[2.08766,41.36732],[2.09891,41.36894],[2.10115,41.38833],[2.09891,41.39317],[2.07417,41.37379]]]}},{"type":"Feature","id":"08044","properties":{"cod_mun":"08044","nombre":"Capellades","cod_prov":"08","cod_ccaa":"09"},"geometry":{"type":"Polygon","coordinates":[[[1.68057,41.51273],[1.69181,41.52242],[1.70306,41.54181],[1.67607,41.52889],[1.68057,41.51273]]]}},{"type":"Feature","id":"08045","properties":{"cod_mun":"08045","nombre":"Capolat","cod_prov":"08","cod_ccaa":"09"},"geometry":{"type":"Polygon","coordinates":[[[1.68957,42.07335],[1.70531,42.06689],[1.73905,42.07335],[1.74579,42.06527],[1.78178,42.06043],[1.81552,42.08951],[1.79977,42.10405],[1.76154,42.10082],[1.71206,42.11536],[1.70531,42.10566],[1.7233,42.10082],[1.71655,42.08466],[1.69181,42.08628],[1.68957,42.07335]]]}},{"type":"Feature","id":"08046","properties":{"cod_mun":"08046","nombre":"Cardedeu","cod_prov":"08","cod_ccaa":"09"},"geometry":{"type":"Polygon","coordinates":[[[2.33056,41.63552],[2.35755,41.6339],[2.34406,41.62582],[2.36205,41.61936],[2.37555,41.63875],[2.36655,41.66945],[2.34856,41.67429],[2.33056,41.63552]]]}},{"type":"Feature","id":"08050","properties":{"cod_mun":"08050","nombre":"Castellar del Riu","cod_prov":"08","cod_ccaa":"09"},"geometry":{"type":"Polygon","coordinates":[[[1.71206,42.11536],[1.76154,42.10082],[1.79977,42.10405],[1.82001,42.1089],[1.82451,42.12182],[1.77728,42.14282],[1.76379,42.14444],[1.75254,42.13475],[1.72555,42.14282],[1.72105,42.15252],[1.69856,42.13475],[1.71206,42.11536]]]}},{"type":"Feature","id":"08051","properties":{"cod_mun":"08051","nombre":"Castellar del Vallès","cod_prov":"08","cod_ccaa":"09"},"geometry":{"type":"Polygon","coordinates":[[[2.04043,41.65329],[2.02468,41.63229],[2.04493,41.6032],[2.06292,41.58705],[2.08541,41.58059],[2.1169,41.59028],[2.1169,41.61451],[2.09891,41.63552],[2.08991,41.65975],[2.08091,41.66621],[2.04043,41.65329]]]}},{"type":"Feature","id":"08052","properties":{"cod_mun":"08052","nombre":"Castellar de n'Hug","cod_prov":"08","cod_ccaa":"09"},"geometry":{"type":"Polygon","coordinates":[[[1.93922,42.30277],[1.95271,42.27854],[1.94597,42.25915],[2.01794,42.25753],[2.02918,42.25107],[2.06967,42.29146],[2.01794,42.31085],[1.9842,42.29792],[1.95496,42.31247],[1.94372,42.30762],[1.93922,42.30277]]]}},{"type":"Feature","id":"08053","properties":{"cod_mun":"08053","nombre":"Castellbell i el Vilar","cod_prov":"08","cod_ccaa":"09"},"geometry":{"type":"Polygon","coordinates":[[[1.81327,41.65167],[1.80202,41.64521],[1.80202,41.61451],[1.80877,41.63067],[1.83126,41.62421],[1.865,41.61775],[1.89424,41.61936],[1.89424,41.65652],[1.89199,41.66783],[1.865,41.65652],[1.82226,41.65652],[1.81327,41.65167]]]}},{"type":"Feature","id":"08054","properties":{"cod_mun":"08054","nombre":"Castellbisbal","cod_prov":"08","cod_ccaa":"09"},"geometry":{"type":"Polygon","coordinates":[[[1.92122,41.49496],[1.95271,41.46426],[1.97295,41.46426],[1.9842,41.44326],[1.99095,41.44003],[1.9932,41.43518],[1.99994,41.46103],[2.00219,41.46103],[1.9797,41.52404],[1.96846,41.51273],[1.93697,41.50788],[1.92122,41.49496]]]}},{"type":"Feature","id":"08055","properties":{"cod_mun":"08055","nombre":"Castellcir","cod_prov":"08","cod_ccaa":"09"},"geometry":{"type":"MultiPolygon","coordinates":[[[[2.17088,41.80193],[2.13939,41.79223],[2.12814,41.78092],[2.12365,41.77608],[2.14164,41.75507],[2.14164,41.73245],[2.15513,41.73407],[2.17762,41.76154],[2.18887,41.75669],[2.18662,41.78254],[2.18662,41.78739],[2.17538,41.7987],[2.17088,41.80193]]],[[[2.08991,41.77769],[2.07866,41.79223],[2.06067,41.79385],[2.04043,41.78415],[2.05392,41.76154],[2.08991,41.77769]]]]}},{"type":"Feature","id":"17119","properties":{"cod_mun":"17119","nombre":"Palau de Santa Eulàlia","cod_prov":"17","cod_ccaa":"09"},"geometry":{"type":"Polygon","coordinates":[[[2.97156,42.15736],[2.98731,42.16706],[2.98506,42.18806],[2.99855,42.18645],[3.00305,42.19291],[2.98956,42.19452],[2.95582,42.19129],[2.96257,42.16544],[2.97156,42.15736]]]}},{"type":"Feature","id":"08056","properties":{"cod_mun":"08056","nombre":"Castelldefels","cod_prov":"08","cod_ccaa":"09"},"geometry":{"type":"Polygon","coordinates":[[[1.94372,41.28008],[1.94372,41.26392],[2.00219,41.26392],[1.97745,41.29624],[1.94372,41.28008]]]}},{"type":"Feature","id":"08057","properties":{"cod_mun":"08057","nombre":"Castell de l'Areny","cod_prov":"08","cod_ccaa":"09"},"geometry":{"type":"Polygon","coordinates":[[[1.90998,42.16706],[1.93922,42.14767],[1.95046,42.15413],[1.99095,42.17191],[1.99095,42.18321],[1.96621,42.17837],[1.96396,42.19937],[1.93472,42.20422],[1.92572,42.2026],[1.90998,42.18968],[1.90998,42.16706]]]}},{"type":"Feature","id":"08058","properties":{"cod_mun":"08058","nombre":"Castellet i la Gornal","cod_prov":"08","cod_ccaa":"09"},"geometry":{"type":"Polygon","coordinates":[[[1.57036,41.26069],[1.58161,41.23646],[1.59285,41.23323],[1.62209,41.22353],[1.64008,41.23484],[1.66932,41.24454],[1.68957,41.272],[1.69406,41.28008],[1.68507,41.28816],[1.67157,41.28493],[1.64458,41.29462],[1.64233,41.31239],[1.63334,41.31401],[1.5951,41.30916],[1.59285,41.293],[1.6131,41.28493],[1.62884,41.29462],[1.62659,41.26877],[1.61759,41.25261],[1.57036,41.26069]]]}},{"type":"Feature","id":"08059","properties":{"cod_mun":"08059","nombre":"Castellfollit del Boix","cod_prov":"08","cod_ccaa":"09"},"geometry":{"type":"Polygon","coordinates":[[[1.61534,41.6953],[1.62659,41.66298],[1.66707,41.65329],[1.66707,41.63713],[1.68057,41.61936],[1.70531,41.62259],[1.72555,41.64198],[1.70306,41.65006],[1.7368,41.66783],[1.73455,41.69368],[1.7278,41.69853],[1.68732,41.68722],[1.66482,41.70984],[1.62434,41.7066],[1.61534,41.6953]]]}},{"type":"Feature","id":"08060","properties":{"cod_mun":"08060","nombre":"Castellfollit de Riubregós","cod_prov":"08","cod_ccaa":"09"},"geometry":{"type":"Polygon","coordinates":[[[1.40393,41.74538],[1.42417,41.73245],[1.43541,41.73407],[1.46015,41.77608],[1.47365,41.78254],[1.4714,41.80031],[1.42642,41.80193],[1.41292,41.77608],[1.40393,41.74538]]]}},{"type":"Feature","id":"08153","properties":{"cod_mun":"08153","nombre":"Òrrius","cod_prov":"08","cod_ccaa":"09"},"geometry":{"type":"Polygon","coordinates":[[[2.33506,41.54343],[2.35081,41.54181],[2.3688,41.54343],[2.35531,41.57412],[2.33731,41.5612],[2.33506,41.54343]]]}},{"type":"Feature","id":"08061","properties":{"cod_mun":"08061","nombre":"Castellgalí","cod_prov":"08","cod_ccaa":"09"},"geometry":{"type":"Polygon","coordinates":[[[1.78853,41.65329],[1.80877,41.65814],[1.83576,41.66298],[1.865,41.67752],[1.86949,41.68883],[1.82676,41.6953],[1.80877,41.69045],[1.78853,41.65329]]]}},{"type":"Feature","id":"08062","properties":{"cod_mun":"08062","nombre":"Castellnou de Bages","cod_prov":"08","cod_ccaa":"09"},"geometry":{"type":"Polygon","coordinates":[[[1.78178,41.85363],[1.79302,41.83262],[1.80427,41.81808],[1.80202,41.79708],[1.82901,41.79546],[1.847,41.81],[1.85825,41.81647],[1.8515,41.83262],[1.82001,41.86009],[1.81327,41.87625],[1.78178,41.85363]]]}},{"type":"Feature","id":"08063","properties":{"cod_mun":"08063","nombre":"Castellolí","cod_prov":"08","cod_ccaa":"09"},"geometry":{"type":"Polygon","coordinates":[[[1.67382,41.58543],[1.71655,41.56605],[1.7323,41.58059],[1.74579,41.59351],[1.73005,41.6129],[1.70531,41.62259],[1.68057,41.61936],[1.67157,41.60482],[1.67382,41.58543]]]}},{"type":"Feature","id":"08064","properties":{"cod_mun":"08064","nombre":"Castellterçol","cod_prov":"08","cod_ccaa":"09"},"geometry":{"type":"Polygon","coordinates":[[[2.04718,41.74861],[2.07866,41.747],[2.10115,41.7373],[2.09891,41.71791],[2.11015,41.71791],[2.13264,41.71468],[2.14164,41.73245],[2.14164,41.75507],[2.12365,41.77608],[2.12814,41.78092],[2.08991,41.77769],[2.05392,41.76154],[2.04718,41.74861]]]}},{"type":"Feature","id":"08065","properties":{"cod_mun":"08065","nombre":"Castellví de la Marca","cod_prov":"08","cod_ccaa":"09"},"geometry":{"type":"Polygon","coordinates":[[[1.55912,41.34309],[1.57261,41.31724],[1.5951,41.30916],[1.63334,41.31401],[1.64233,41.31239],[1.64008,41.33663],[1.60635,41.36248],[1.57936,41.35601],[1.55912,41.34309]]]}},{"type":"Feature","id":"08073","properties":{"cod_mun":"08073","nombre":"Cornellà de Llobregat","cod_prov":"08","cod_ccaa":"09"},"geometry":{"type":"Polygon","coordinates":[[[2.04942,41.34794],[2.06967,41.3447],[2.08991,41.34147],[2.09891,41.35117],[2.08766,41.36732],[2.07866,41.37055],[2.05842,41.36409],[2.04942,41.34794]]]}},{"type":"Feature","id":"08084","properties":{"cod_mun":"08084","nombre":"Fonollosa","cod_prov":"08","cod_ccaa":"09"},"geometry":{"type":"Polygon","coordinates":[[[1.62884,41.76638],[1.64908,41.75184],[1.69631,41.75184],[1.72555,41.73407],[1.76828,41.74376],[1.77953,41.74053],[1.78853,41.75346],[1.76828,41.768],[1.77053,41.78415],[1.72105,41.78092],[1.68957,41.80354],[1.68282,41.79223],[1.66033,41.80031],[1.67157,41.77931],[1.62884,41.76638]]]}},{"type":"Feature","id":"08074","properties":{"cod_mun":"08074","nombre":"Cubelles","cod_prov":"08","cod_ccaa":"09"},"geometry":{"type":"Polygon","coordinates":[[[1.64008,41.23484],[1.65358,41.20738],[1.64683,41.19445],[1.68282,41.20253],[1.66932,41.24454],[1.64008,41.23484]]]}},{"type":"Feature","id":"08075","properties":{"cod_mun":"08075","nombre":"Dosrius","cod_prov":"08","cod_ccaa":"09"},"geometry":{"type":"Polygon","coordinates":[[[2.37555,41.59513],[2.40029,41.57574],[2.41603,41.57735],[2.45652,41.58059],[2.47676,41.59997],[2.497,41.60482],[2.497,41.60644],[2.497,41.62259],[2.48575,41.63067],[2.45652,41.63067],[2.42053,41.63067],[2.38229,41.59674],[2.37555,41.59513]]]}},{"type":"Feature","id":"08076","properties":{"cod_mun":"08076","nombre":"Esparreguera","cod_prov":"08","cod_ccaa":"09"},"geometry":{"type":"Polygon","coordinates":[[[1.82676,41.53858],[1.856,41.51596],[1.91223,41.53212],[1.89199,41.53212],[1.87174,41.54343],[1.88524,41.57897],[1.86275,41.5919],[1.8515,41.59028],[1.8605,41.57412],[1.847,41.56928],[1.82676,41.53858]]]}},{"type":"Feature","id":"08085","properties":{"cod_mun":"08085","nombre":"Font-rubí","cod_prov":"08","cod_ccaa":"09"},"geometry":{"type":"Polygon","coordinates":[[[1.57261,41.44326],[1.59735,41.42064],[1.64008,41.41095],[1.64458,41.40771],[1.66707,41.39156],[1.69856,41.38348],[1.70531,41.38671],[1.70756,41.39479],[1.69631,41.39964],[1.70081,41.40771],[1.70531,41.41741],[1.67607,41.43195],[1.63784,41.44326],[1.61085,41.45457],[1.5951,41.45134],[1.57261,41.44326]]]}},{"type":"Feature","id":"08154","properties":{"cod_mun":"08154","nombre":"Pacs del Penedès","cod_prov":"08","cod_ccaa":"09"},"geometry":{"type":"Polygon","coordinates":[[[1.66258,41.34632],[1.66482,41.34632],[1.68732,41.36409],[1.68057,41.36894],[1.66258,41.37055],[1.64683,41.36571],[1.66258,41.34632]]]}},{"type":"Feature","id":"08155","properties":{"cod_mun":"08155","nombre":"Palafolls","cod_prov":"08","cod_ccaa":"09"},"geometry":{"type":"Polygon","coordinates":[[[2.69492,41.67106],[2.71516,41.65167],[2.76465,41.66621],[2.7579,41.67914],[2.72866,41.69368],[2.69492,41.67106]]]}},{"type":"Feature","id":"08156","properties":{"cod_mun":"08156","nombre":"Palau-solità i Plegamans","cod_prov":"08","cod_ccaa":"09"},"geometry":{"type":"Polygon","coordinates":[[[2.15064,41.57574],[2.17313,41.55474],[2.18887,41.55635],[2.18662,41.56605],[2.19562,41.57574],[2.20236,41.57574],[2.20236,41.57735],[2.20012,41.58059],[2.18887,41.60644],[2.16413,41.60159],[2.15064,41.57574]]]}},{"type":"Feature","id":"08157","properties":{"cod_mun":"08157","nombre":"Pallejà","cod_prov":"08","cod_ccaa":"09"},"geometry":{"type":"Polygon","coordinates":[[[1.94597,41.41741],[1.97295,41.41741],[1.9887,41.40771],[2.00894,41.41095],[2.00669,41.42064],[1.9932,41.43518],[1.99095,41.44003],[1.96171,41.42225],[1.94597,41.41741]]]}},{"type":"Feature","id":"08078","properties":{"cod_mun":"08078","nombre":"Espunyola, L'","cod_prov":"08","cod_ccaa":"09"},"geometry":{"type":"Polygon","coordinates":[[[1.70531,42.06689],[1.69631,42.03619],[1.70081,42.02811],[1.71431,42.01842],[1.7368,42.0265],[1.77053,42.04589],[1.76828,42.03296],[1.78628,42.03135],[1.78403,42.00711],[1.80427,42.00711],[1.81327,42.03296],[1.79302,42.03296],[1.80652,42.05235],[1.78178,42.06043],[1.74579,42.06527],[1.73905,42.07335],[1.70531,42.06689]]]}},{"type":"Feature","id":"08079","properties":{"cod_mun":"08079","nombre":"Estany, L'","cod_prov":"08","cod_ccaa":"09"},"geometry":{"type":"Polygon","coordinates":[[[2.08091,41.86494],[2.12365,41.85363],[2.13489,41.86332],[2.12365,41.88594],[2.09891,41.88917],[2.08091,41.86494]]]}},{"type":"Feature","id":"08080","properties":{"cod_mun":"08080","nombre":"Fígols","cod_prov":"08","cod_ccaa":"09"},"geometry":{"type":"Polygon","coordinates":[[[1.73455,42.15898],[1.76379,42.14444],[1.77728,42.14282],[1.81102,42.16221],[1.84475,42.16544],[1.84475,42.18968],[1.80202,42.17998],[1.77728,42.18806],[1.75479,42.17998],[1.73905,42.18968],[1.7368,42.18321],[1.73455,42.15898]]]}},{"type":"Feature","id":"08081","properties":{"cod_mun":"08081","nombre":"Fogars de Montclús","cod_prov":"08","cod_ccaa":"09"},"geometry":{"type":"Polygon","coordinates":[[[2.40029,41.75184],[2.40703,41.73084],[2.41828,41.73569],[2.44527,41.70984],[2.46326,41.70337],[2.47226,41.70822],[2.45427,41.72438],[2.47226,41.74538],[2.48126,41.77123],[2.47226,41.789],[2.44302,41.789],[2.43178,41.78092],[2.41828,41.79062],[2.40703,41.78415],[2.40029,41.75184]]]}},{"type":"Feature","id":"08082","properties":{"cod_mun":"08082","nombre":"Fogars de la Selva","cod_prov":"08","cod_ccaa":"09"},"geometry":{"type":"Polygon","coordinates":[[[2.59821,41.72761],[2.58696,41.70014],[2.60046,41.68399],[2.61395,41.69206],[2.6297,41.68883],[2.64994,41.72276],[2.67018,41.71468],[2.70167,41.72761],[2.72416,41.74376],[2.67918,41.74053],[2.67018,41.74538],[2.64769,41.74376],[2.6207,41.73084],[2.59821,41.72761]]]}},{"type":"Feature","id":"08083","properties":{"cod_mun":"08083","nombre":"Folgueroles","cod_prov":"08","cod_ccaa":"09"},"geometry":{"type":"Polygon","coordinates":[[[2.28333,41.93764],[2.31257,41.93279],[2.34856,41.9231],[2.3598,41.92956],[2.35306,41.93441],[2.29008,41.96026],[2.28333,41.95703],[2.28333,41.93764]]]}},{"type":"Feature","id":"08171","properties":{"cod_mun":"08171","nombre":"Prats de Lluçanès","cod_prov":"08","cod_ccaa":"09"},"geometry":{"type":"Polygon","coordinates":[[[2.01344,42.01842],[1.99769,41.97803],[2.00669,41.97318],[2.03368,41.98611],[2.05392,42.01357],[2.04268,42.02327],[2.01344,42.01842]]]}},{"type":"Feature","id":"08172","properties":{"cod_mun":"08172","nombre":"Premià de Mar","cod_prov":"08","cod_ccaa":"09"},"geometry":{"type":"Polygon","coordinates":[[[2.34406,41.4885],[2.34631,41.48526],[2.37555,41.49334],[2.3733,41.49657],[2.34406,41.4885]]]}},{"type":"Feature","id":"08086","properties":{"cod_mun":"08086","nombre":"Franqueses del Vallès, Les","cod_prov":"08","cod_ccaa":"09"},"geometry":{"type":"Polygon","coordinates":[[[2.27659,41.65814],[2.27659,41.63552],[2.28558,41.62098],[2.30358,41.60805],[2.33056,41.63552],[2.34856,41.67429],[2.33056,41.68722],[2.30358,41.67268],[2.27659,41.65814]]]}},{"type":"Feature","id":"08087","properties":{"cod_mun":"08087","nombre":"Gallifa","cod_prov":"08","cod_ccaa":"09"},"geometry":{"type":"Polygon","coordinates":[[[2.08766,41.70822],[2.08316,41.70014],[2.1124,41.66783],[2.13489,41.66945],[2.13939,41.69045],[2.13264,41.71468],[2.11015,41.71791],[2.08766,41.70822]]]}},{"type":"Feature","id":"08096","properties":{"cod_mun":"08096","nombre":"Granollers","cod_prov":"08","cod_ccaa":"09"},"geometry":{"type":"Polygon","coordinates":[[[2.25634,41.57412],[2.26984,41.56443],[2.27884,41.57089],[2.29233,41.57735],[2.30358,41.60805],[2.28558,41.62098],[2.26534,41.61451],[2.26084,41.59674],[2.25859,41.5822],[2.25634,41.57412]]]}},{"type":"Feature","id":"08189","properties":{"cod_mun":"08189","nombre":"Sant Pere Sallavinera","cod_prov":"08","cod_ccaa":"09"},"geometry":{"type":"Polygon","coordinates":[[[1.52313,41.7373],[1.54112,41.72922],[1.58835,41.73084],[1.5951,41.76477],[1.58161,41.77608],[1.57486,41.78254],[1.54787,41.77123],[1.52988,41.75184],[1.52313,41.7373]]]}},{"type":"Feature","id":"08190","properties":{"cod_mun":"08190","nombre":"Saldes","cod_prov":"08","cod_ccaa":"09"},"geometry":{"type":"Polygon","coordinates":[[[1.68507,42.25592],[1.70531,42.23815],[1.68507,42.22199],[1.68057,42.20583],[1.70756,42.18968],[1.73905,42.18968],[1.75479,42.17998],[1.77728,42.18806],[1.77053,42.20583],[1.78853,42.20745],[1.79977,42.23976],[1.76154,42.24784],[1.76379,42.25753],[1.7413,42.26076],[1.73005,42.28015],[1.7188,42.28015],[1.68957,42.27692],[1.68507,42.25592]]]}},{"type":"Feature","id":"08191","properties":{"cod_mun":"08191","nombre":"Sallent","cod_prov":"08","cod_ccaa":"09"},"geometry":{"type":"Polygon","coordinates":[[[1.847,41.81],[1.865,41.78415],[1.90548,41.77285],[1.90323,41.77446],[1.93697,41.80031],[1.95721,41.81324],[1.93697,41.84232],[1.90998,41.84555],[1.93022,41.86171],[1.95946,41.90694],[1.90548,41.90048],[1.90548,41.88109],[1.89648,41.85363],[1.86949,41.83101],[1.8515,41.83262],[1.85825,41.81647],[1.847,41.81]]]}},{"type":"Feature","id":"08088","properties":{"cod_mun":"08088","nombre":"Garriga, La","cod_prov":"08","cod_ccaa":"09"},"geometry":{"type":"Polygon","coordinates":[[[2.25185,41.6856],[2.27659,41.65814],[2.30358,41.67268],[2.29908,41.70337],[2.31032,41.70822],[2.29233,41.71953],[2.26984,41.71307],[2.25185,41.6856]]]}},{"type":"Feature","id":"08089","properties":{"cod_mun":"08089","nombre":"Gavà","cod_prov":"08","cod_ccaa":"09"},"geometry":{"type":"Polygon","coordinates":[[[1.91448,41.28816],[1.94372,41.28008],[1.97745,41.29624],[2.00219,41.26392],[2.04493,41.27039],[2.02468,41.29462],[1.9887,41.31401],[1.95496,41.3237],[1.91448,41.28816]]]}},{"type":"Feature","id":"08090","properties":{"cod_mun":"08090","nombre":"Gaià","cod_prov":"08","cod_ccaa":"09"},"geometry":{"type":"Polygon","coordinates":[[[1.88074,41.90694],[1.88524,41.89886],[1.90548,41.90048],[1.95946,41.90694],[1.97071,41.91987],[1.95496,41.96672],[1.93697,41.96511],[1.90098,41.9441],[1.88524,41.93764],[1.88074,41.90694]]]}},{"type":"Feature","id":"08091","properties":{"cod_mun":"08091","nombre":"Gelida","cod_prov":"08","cod_ccaa":"09"},"geometry":{"type":"Polygon","coordinates":[[[1.81552,41.44326],[1.81552,41.43841],[1.83576,41.43033],[1.85375,41.41095],[1.87624,41.39964],[1.88524,41.40771],[1.89424,41.43033],[1.87849,41.45457],[1.87399,41.4578],[1.83576,41.46265],[1.81552,41.44326]]]}},{"type":"Feature","id":"08092","properties":{"cod_mun":"08092","nombre":"Gironella","cod_prov":"08","cod_ccaa":"09"},"geometry":{"type":"Polygon","coordinates":[[[1.87849,42.03781],[1.86725,42.0265],[1.88524,42.00226],[1.90323,42.03619],[1.87849,42.03781]]]}},{"type":"Feature","id":"08093","properties":{"cod_mun":"08093","nombre":"Gisclareny","cod_prov":"08","cod_ccaa":"09"},"geometry":{"type":"Polygon","coordinates":[[[1.7188,42.28015],[1.73005,42.28015],[1.7413,42.26076],[1.76379,42.25753],[1.76154,42.24784],[1.79977,42.23976],[1.83576,42.22845],[1.84475,42.23653],[1.82676,42.24461],[1.83351,42.28015],[1.82001,42.27854],[1.77953,42.29146],[1.7413,42.28985],[1.73455,42.28338],[1.7188,42.28338],[1.7188,42.28015]]]}},{"type":"Feature","id":"08099","properties":{"cod_mun":"08099","nombre":"Guardiola de Berguedà","cod_prov":"08","cod_ccaa":"09"},"geometry":{"type":"MultiPolygon","coordinates":[[[[1.84475,42.23653],[1.83576,42.22845],[1.8515,42.19614],[1.865,42.18645],[1.86725,42.2026],[1.88749,42.20906],[1.87624,42.22037],[1.89424,42.23491],[1.91448,42.22845],[1.91448,42.24622],[1.94597,42.25915],[1.95271,42.27854],[1.93922,42.30277],[1.90098,42.29631],[1.88974,42.27046],[1.88074,42.264],[1.87624,42.23653],[1.84475,42.23653]]],[[[1.80427,42.30116],[1.79752,42.29469],[1.8515,42.27531],[1.88299,42.285],[1.87399,42.31408],[1.84251,42.306],[1.80427,42.30116]]]]}},{"type":"Feature","id":"08100","properties":{"cod_mun":"08100","nombre":"Gurb","cod_prov":"08","cod_ccaa":"09"},"geometry":{"type":"Polygon","coordinates":[[[2.16863,41.93279],[2.20012,41.92633],[2.20911,41.93764],[2.2361,41.93279],[2.26084,41.95218],[2.28333,41.95703],[2.29008,41.96026],[2.29458,41.96511],[2.29908,41.96995],[2.29908,41.97318],[2.28333,41.98772],[2.26759,41.98449],[2.2496,41.99419],[2.23835,41.98449],[2.20236,41.98772],[2.18662,41.9958],[2.19112,41.98126],[2.17313,41.96672],[2.16863,41.93279]]]}},{"type":"Feature","id":"08094","properties":{"cod_mun":"08094","nombre":"Granada, La","cod_prov":"08","cod_ccaa":"09"},"geometry":{"type":"Polygon","coordinates":[[[1.69856,41.37702],[1.69631,41.36894],[1.73455,41.36409],[1.74354,41.37055],[1.7323,41.3851],[1.70531,41.38671],[1.69856,41.38348],[1.69856,41.37702]]]}},{"type":"Feature","id":"08095","properties":{"cod_mun":"08095","nombre":"Granera","cod_prov":"08","cod_ccaa":"09"},"geometry":{"type":"Polygon","coordinates":[[[2.01569,41.72438],[2.02244,41.70822],[2.03593,41.71791],[2.08766,41.70822],[2.11015,41.71791],[2.09891,41.71791],[2.10115,41.7373],[2.07866,41.747],[2.04718,41.74861],[2.01569,41.72438]]]}},{"type":"Feature","id":"08097","properties":{"cod_mun":"08097","nombre":"Gualba","cod_prov":"08","cod_ccaa":"09"},"geometry":{"type":"Polygon","coordinates":[[[2.47226,41.74538],[2.4925,41.71791],[2.52174,41.70499],[2.53973,41.7163],[2.53074,41.73084],[2.51499,41.74861],[2.51499,41.76154],[2.48126,41.77123],[2.47226,41.74538]]]}},{"type":"Feature","id":"08098","properties":{"cod_mun":"08098","nombre":"Sant Salvador de Guardiola","cod_prov":"08","cod_ccaa":"09"},"geometry":{"type":"Polygon","coordinates":[[[1.72555,41.64198],[1.75704,41.6436],[1.77953,41.65329],[1.78853,41.65329],[1.80877,41.69045],[1.78628,41.71307],[1.77728,41.71145],[1.73455,41.69368],[1.7368,41.66783],[1.70306,41.65006],[1.72555,41.64198]]]}},{"type":"Feature","id":"08101","properties":{"cod_mun":"08101","nombre":"Hospitalet de Llobregat, L'","cod_prov":"08","cod_ccaa":"09"},"geometry":{"type":"Polygon","coordinates":[[[2.08766,41.36732],[2.09891,41.35117],[2.08991,41.34147],[2.10115,41.33663],[2.13939,41.34632],[2.13489,41.36248],[2.10115,41.38833],[2.09891,41.36894],[2.08766,41.36732]]]}},{"type":"Feature","id":"08102","properties":{"cod_mun":"08102","nombre":"Igualada","cod_prov":"08","cod_ccaa":"09"},"geometry":{"type":"Polygon","coordinates":[[[1.57711,41.58382],[1.63334,41.57251],[1.63559,41.57735],[1.62659,41.59997],[1.60185,41.58866],[1.58835,41.59351],[1.57711,41.58382]]]}},{"type":"Feature","id":"08103","properties":{"cod_mun":"08103","nombre":"Jorba","cod_prov":"08","cod_ccaa":"09"},"geometry":{"type":"Polygon","coordinates":[[[1.48714,41.62582],[1.48714,41.61451],[1.46465,41.61451],[1.47365,41.6032],[1.52538,41.58543],[1.54562,41.57897],[1.57711,41.58382],[1.58835,41.59351],[1.57261,41.60482],[1.57486,41.61775],[1.56137,41.61451],[1.53887,41.62421],[1.52088,41.61775],[1.50964,41.63067],[1.48939,41.6339],[1.48714,41.62582]]]}},{"type":"Feature","id":"08104","properties":{"cod_mun":"08104","nombre":"Llacuna, La","cod_prov":"08","cod_ccaa":"09"},"geometry":{"type":"Polygon","coordinates":[[[1.4849,41.47234],[1.46915,41.44487],[1.49614,41.43518],[1.53438,41.44003],[1.56361,41.45134],[1.57261,41.44326],[1.5951,41.45134],[1.57036,41.47234],[1.58161,41.49011],[1.60185,41.49496],[1.60635,41.51273],[1.6041,41.51273],[1.57936,41.50788],[1.55912,41.51111],[1.53213,41.48526],[1.51413,41.4885],[1.4849,41.47234]]]}},{"type":"Feature","id":"08105","properties":{"cod_mun":"08105","nombre":"Llagosta, La","cod_prov":"08","cod_ccaa":"09"},"geometry":{"type":"Polygon","coordinates":[[[2.18887,41.51596],[2.20461,41.50465],[2.21586,41.52404],[2.20686,41.52727],[2.18887,41.51596]]]}},{"type":"Feature","id":"08106","properties":{"cod_mun":"08106","nombre":"Llinars del Vallès","cod_prov":"08","cod_ccaa":"09"},"geometry":{"type":"Polygon","coordinates":[[[2.36205,41.61936],[2.38229,41.59674],[2.42053,41.63067],[2.45652,41.63067],[2.43627,41.65006],[2.44527,41.6549],[2.44527,41.67268],[2.42503,41.67591],[2.42278,41.67591],[2.42503,41.65814],[2.41153,41.6436],[2.39354,41.65167],[2.37555,41.63875],[2.36205,41.61936]]]}},{"type":"Feature","id":"08107","properties":{"cod_mun":"08107","nombre":"Lliçà d'Amunt","cod_prov":"08","cod_ccaa":"09"},"geometry":{"type":"Polygon","coordinates":[[[2.18887,41.60644],[2.20012,41.58059],[2.21136,41.58382],[2.22486,41.60644],[2.26084,41.59674],[2.26534,41.61451],[2.25409,41.63067],[2.21586,41.63552],[2.20461,41.62905],[2.18887,41.60644]]]}},{"type":"Feature","id":"08110","properties":{"cod_mun":"08110","nombre":"Malgrat de Mar","cod_prov":"08","cod_ccaa":"09"},"geometry":{"type":"Polygon","coordinates":[[[2.71516,41.65167],[2.72866,41.63552],[2.77814,41.65006],[2.76465,41.66621],[2.71516,41.65167]]]}},{"type":"Feature","id":"08111","properties":{"cod_mun":"08111","nombre":"Malla","cod_prov":"08","cod_ccaa":"09"},"geometry":{"type":"MultiPolygon","coordinates":[[[[2.24735,41.85363],[2.2406,41.8504],[2.25185,41.84555],[2.26084,41.86009],[2.24735,41.85363]]],[[[2.26084,41.90371],[2.24285,41.91017],[2.20911,41.88917],[2.2316,41.87625],[2.2406,41.87463],[2.26084,41.9021],[2.26084,41.90371]]]]}},{"type":"Feature","id":"08113","properties":{"cod_mun":"08113","nombre":"Manresa","cod_prov":"08","cod_ccaa":"09"},"geometry":{"type":"Polygon","coordinates":[[[1.76828,41.74376],[1.77728,41.71145],[1.78628,41.71307],[1.80877,41.69045],[1.82676,41.6953],[1.86949,41.68883],[1.87174,41.69045],[1.86949,41.72115],[1.84475,41.75023],[1.82901,41.7583],[1.80877,41.74861],[1.80652,41.7373],[1.77953,41.74053],[1.76828,41.74376]]]}},{"type":"Feature","id":"08114","properties":{"cod_mun":"08114","nombre":"Martorell","cod_prov":"08","cod_ccaa":"09"},"geometry":{"type":"Polygon","coordinates":[[[1.90548,41.50142],[1.89648,41.47719],[1.90773,41.46588],[1.90998,41.45457],[1.93247,41.46588],[1.94821,41.46103],[1.95271,41.46426],[1.92122,41.49496],[1.90548,41.50142]]]}},{"type":"Feature","id":"08115","properties":{"cod_mun":"08115","nombre":"Martorelles","cod_prov":"08","cod_ccaa":"09"},"geometry":{"type":"Polygon","coordinates":[[[2.22036,41.5305],[2.24285,41.52081],[2.25409,41.53212],[2.2316,41.54181],[2.22036,41.5305]]]}},{"type":"Feature","id":"08116","properties":{"cod_mun":"08116","nombre":"Masies de Roda, Les","cod_prov":"08","cod_ccaa":"09"},"geometry":{"type":"Polygon","coordinates":[[[2.28333,41.98772],[2.29908,41.97318],[2.30358,41.98772],[2.31932,41.98288],[2.29908,41.96995],[2.29458,41.96511],[2.34181,41.96511],[2.35081,41.98288],[2.36655,41.97318],[2.36655,41.97641],[2.35531,41.99257],[2.33956,42.00388],[2.33281,41.99419],[2.30807,42.00226],[2.28333,41.98772]]]}},{"type":"Feature","id":"17120","properties":{"cod_mun":"17120","nombre":"Palau-saverdera","cod_prov":"17","cod_ccaa":"09"},"geometry":{"type":"Polygon","coordinates":[[[3.10876,42.28662],[3.13125,42.27046],[3.17399,42.30762],[3.16724,42.31893],[3.147,42.32377],[3.1425,42.32377],[3.10876,42.28662]]]}},{"type":"Feature","id":"08117","properties":{"cod_mun":"08117","nombre":"Masies de Voltregà, Les","cod_prov":"08","cod_ccaa":"09"},"geometry":{"type":"Polygon","coordinates":[[[2.18662,42.03296],[2.19787,42.01519],[2.22935,42.00065],[2.23835,41.98449],[2.2496,41.99419],[2.25859,42.01357],[2.2361,42.04427],[2.2406,42.05396],[2.18662,42.03296]]]}},{"type":"Feature","id":"08118","properties":{"cod_mun":"08118","nombre":"Masnou, El","cod_prov":"08","cod_ccaa":"09"},"geometry":{"type":"Polygon","coordinates":[[[2.29458,41.47557],[2.29683,41.47234],[2.34631,41.48526],[2.34406,41.4885],[2.31032,41.49011],[2.29458,41.47557]]]}},{"type":"Feature","id":"08119","properties":{"cod_mun":"08119","nombre":"Masquefa","cod_prov":"08","cod_ccaa":"09"},"geometry":{"type":"Polygon","coordinates":[[[1.77728,41.52404],[1.79302,41.47395],[1.82451,41.48203],[1.84251,41.49334],[1.84475,41.50627],[1.77728,41.52404]]]}},{"type":"Feature","id":"08120","properties":{"cod_mun":"08120","nombre":"Matadepera","cod_prov":"08","cod_ccaa":"09"},"geometry":{"type":"Polygon","coordinates":[[[1.98195,41.64844],[1.9797,41.62259],[2.02918,41.5919],[2.04493,41.6032],[2.02468,41.63229],[2.04043,41.65329],[2.01119,41.65814],[1.98195,41.64844]]]}},{"type":"Feature","id":"08121","properties":{"cod_mun":"08121","nombre":"Mataró","cod_prov":"08","cod_ccaa":"09"},"geometry":{"type":"Polygon","coordinates":[[[2.41603,41.57735],[2.42503,41.57251],[2.42053,41.53212],[2.42278,41.51919],[2.45876,41.54181],[2.488,41.5515],[2.45652,41.58059],[2.41603,41.57735]]]}},{"type":"Feature","id":"08122","properties":{"cod_mun":"08122","nombre":"Mediona","cod_prov":"08","cod_ccaa":"09"},"geometry":{"type":"Polygon","coordinates":[[[1.5951,41.45134],[1.61085,41.45457],[1.63784,41.44326],[1.64008,41.45941],[1.66482,41.47072],[1.69631,41.47234],[1.70306,41.47395],[1.68057,41.50788],[1.64008,41.50627],[1.61534,41.51273],[1.60635,41.51273],[1.60185,41.49496],[1.58161,41.49011],[1.57036,41.47234],[1.5951,41.45134]]]}},{"type":"Feature","id":"08123","properties":{"cod_mun":"08123","nombre":"Molins de Rei","cod_prov":"08","cod_ccaa":"09"},"geometry":{"type":"Polygon","coordinates":[[[2.00669,41.42064],[2.00894,41.41095],[2.02244,41.38994],[2.05392,41.41418],[2.05842,41.43518],[2.06292,41.44326],[2.03368,41.44164],[2.00669,41.42064]]]}},{"type":"Feature","id":"08124","properties":{"cod_mun":"08124","nombre":"Mollet del Vallès","cod_prov":"08","cod_ccaa":"09"},"geometry":{"type":"Polygon","coordinates":[[[2.18662,41.56605],[2.18887,41.55635],[2.20686,41.52727],[2.21586,41.52404],[2.22036,41.5305],[2.2316,41.54181],[2.2316,41.54504],[2.23385,41.55474],[2.21136,41.55635],[2.20461,41.56928],[2.20236,41.57574],[2.19562,41.57574],[2.18662,41.56605]]]}},{"type":"Feature","id":"08125","properties":{"cod_mun":"08125","nombre":"Montcada i Reixac","cod_prov":"08","cod_ccaa":"09"},"geometry":{"type":"Polygon","coordinates":[[[2.15963,41.50788],[2.17313,41.49173],[2.15288,41.49011],[2.15963,41.46588],[2.15513,41.44972],[2.18662,41.46749],[2.21136,41.47072],[2.22486,41.49173],[2.20461,41.50465],[2.18887,41.51596],[2.16188,41.51596],[2.15963,41.50788]]]}},{"type":"Feature","id":"08126","properties":{"cod_mun":"08126","nombre":"Montgat","cod_prov":"08","cod_ccaa":"09"},"geometry":{"type":"Polygon","coordinates":[[[2.26084,41.47072],[2.26984,41.46103],[2.29683,41.47234],[2.29458,41.47557],[2.29233,41.48203],[2.26084,41.47072]]]}},{"type":"Feature","id":"08127","properties":{"cod_mun":"08127","nombre":"Monistrol de Montserrat","cod_prov":"08","cod_ccaa":"09"},"geometry":{"type":"MultiPolygon","coordinates":[[[[1.83126,41.62421],[1.82226,41.59997],[1.81102,41.60482],[1.81327,41.6032],[1.83126,41.59028],[1.8515,41.59028],[1.86275,41.5919],[1.865,41.61775],[1.83126,41.62421]]],[[[1.81777,41.65814],[1.81327,41.65167],[1.82226,41.65652],[1.81777,41.65814]]]]}},{"type":"Feature","id":"17129","properties":{"cod_mun":"17129","nombre":"Pedret i Marzà","cod_prov":"17","cod_ccaa":"09"},"geometry":{"type":"Polygon","coordinates":[[[3.04803,42.31408],[3.05253,42.29792],[3.09077,42.29631],[3.09077,42.30762],[3.07502,42.32377],[3.04803,42.31408]]]}},{"type":"Feature","id":"08128","properties":{"cod_mun":"08128","nombre":"Monistrol de Calders","cod_prov":"08","cod_ccaa":"09"},"geometry":{"type":"Polygon","coordinates":[[[1.9797,41.75346],[2.00219,41.74376],[2.00444,41.72922],[2.01569,41.72438],[2.04718,41.74861],[2.05392,41.76154],[2.04043,41.78415],[2.03368,41.79062],[2.02468,41.77931],[1.99769,41.77285],[1.99994,41.76154],[1.9797,41.75346]]]}},{"type":"Feature","id":"08129","properties":{"cod_mun":"08129","nombre":"Muntanyola","cod_prov":"08","cod_ccaa":"09"},"geometry":{"type":"MultiPolygon","coordinates":[[[[2.14389,41.9021],[2.12365,41.88594],[2.13489,41.86332],[2.15288,41.85363],[2.18662,41.86009],[2.2316,41.87625],[2.20911,41.88917],[2.19562,41.88109],[2.19562,41.89725],[2.17538,41.90371],[2.14389,41.9021]]],[[[2.13939,41.9441],[2.1214,41.9441],[2.09216,41.90856],[2.10565,41.90371],[2.13714,41.91341],[2.12814,41.93441],[2.13939,41.9441]]]]}},{"type":"Feature","id":"08130","properties":{"cod_mun":"08130","nombre":"Montclar","cod_prov":"08","cod_ccaa":"09"},"geometry":{"type":"MultiPolygon","coordinates":[[[[1.80427,42.00711],[1.78403,42.00711],[1.78628,42.03135],[1.76828,42.03296],[1.77053,42.04589],[1.7368,42.0265],[1.7413,42.01196],[1.76379,41.98934],[1.77953,41.99903],[1.79527,41.98611],[1.80652,41.99257],[1.80427,42.00711]]],[[[1.82451,42.03942],[1.80652,42.05235],[1.79302,42.03296],[1.81327,42.03296],[1.82451,42.03942]]]]}},{"type":"Feature","id":"17168","properties":{"cod_mun":"17168","nombre":"Sant Joan de Mollet","cod_prov":"17","cod_ccaa":"09"},"geometry":{"type":"Polygon","coordinates":[[[2.92658,42.04104],[2.94458,42.03296],[2.94682,42.05396],[2.93783,42.05881],[2.92883,42.05396],[2.92658,42.04104]]]}},{"type":"Feature","id":"08131","properties":{"cod_mun":"08131","nombre":"Montesquiu","cod_prov":"08","cod_ccaa":"09"},"geometry":{"type":"Polygon","coordinates":[[[2.19112,42.12344],[2.20461,42.10728],[2.2316,42.12828],[2.21361,42.12828],[2.19112,42.12344]]]}},{"type":"Feature","id":"08132","properties":{"cod_mun":"08132","nombre":"Montmajor","cod_prov":"08","cod_ccaa":"09"},"geometry":{"type":"MultiPolygon","coordinates":[[[[1.70081,42.02811],[1.66482,42.01034],[1.65133,42.01357],[1.65133,41.99257],[1.68507,41.9958],[1.69856,42.01357],[1.71655,42.00065],[1.71655,41.98288],[1.68282,41.96834],[1.67382,41.98288],[1.65358,41.98126],[1.64908,41.95703],[1.66258,41.96187],[1.68507,41.93764],[1.71655,41.94087],[1.74804,41.94249],[1.75479,41.95864],[1.75479,41.98126],[1.76379,41.98934],[1.7413,42.01196],[1.7368,42.0265],[1.71431,42.01842],[1.70081,42.02811]]],[[[1.68957,42.07335],[1.67382,42.05235],[1.68507,42.04912],[1.69631,42.03619],[1.70531,42.06689],[1.68957,42.07335]]],[[[1.69181,42.10405],[1.68282,42.11374],[1.64458,42.11213],[1.69181,42.10405]]],[[[1.73455,42.15898],[1.72105,42.15252],[1.72555,42.14282],[1.75254,42.13475],[1.76379,42.14444],[1.73455,42.15898]]]]}},{"type":"Feature","id":"17169","properties":{"cod_mun":"17169","nombre":"Sant Julià de Ramis","cod_prov":"17","cod_ccaa":"09"},"geometry":{"type":"Polygon","coordinates":[[[2.79838,42.03135],[2.80288,42.02488],[2.82762,42.02004],[2.85236,42.02327],[2.86361,42.04104],[2.8861,42.05073],[2.89285,42.05396],[2.88385,42.06689],[2.85686,42.0782],[2.84336,42.05396],[2.82987,42.05558],[2.83662,42.04104],[2.79838,42.03135]]]}},{"type":"Feature","id":"17170","properties":{"cod_mun":"17170","nombre":"Vallfogona de Ripollès","cod_prov":"17","cod_ccaa":"09"},"geometry":{"type":"Polygon","coordinates":[[[2.26084,42.20422],[2.25185,42.1816],[2.26534,42.16383],[2.29683,42.16544],[2.30807,42.15736],[2.36205,42.17191],[2.3598,42.18806],[2.33281,42.21068],[2.26534,42.20906],[2.26084,42.20422]]]}},{"type":"Feature","id":"17171","properties":{"cod_mun":"17171","nombre":"Sant Llorenç de la Muga","cod_prov":"17","cod_ccaa":"09"},"geometry":{"type":"Polygon","coordinates":[[[2.73766,42.29954],[2.78489,42.306],[2.80513,42.31247],[2.82762,42.34155],[2.77814,42.35286],[2.75115,42.34155],[2.70617,42.32539],[2.73541,42.3157],[2.73766,42.29954]]]}},{"type":"Feature","id":"17172","properties":{"cod_mun":"17172","nombre":"Sant Martí de Llémena","cod_prov":"17","cod_ccaa":"09"},"geometry":{"type":"Polygon","coordinates":[[[2.63195,42.08951],[2.63869,42.05558],[2.6297,42.03781],[2.66119,42.01681],[2.66119,41.99257],[2.66568,41.98934],[2.68368,41.98934],[2.71516,42.0055],[2.71741,42.02488],[2.69267,42.03781],[2.67693,42.06043],[2.67693,42.08466],[2.63645,42.08789],[2.63195,42.08951]]]}},{"type":"Feature","id":"17173","properties":{"cod_mun":"17173","nombre":"Sant Martí Vell","cod_prov":"17","cod_ccaa":"09"},"geometry":{"type":"Polygon","coordinates":[[[2.90409,41.98126],[2.91759,41.96834],[2.94008,42.00388],[2.95132,42.0055],[2.95357,42.03135],[2.94458,42.03296],[2.92658,42.04104],[2.91759,42.03781],[2.92433,42.02327],[2.90409,41.98126]]]}},{"type":"Feature","id":"17174","properties":{"cod_mun":"17174","nombre":"Sant Miquel de Campmajor","cod_prov":"17","cod_ccaa":"09"},"geometry":{"type":"Polygon","coordinates":[[[2.63645,42.08789],[2.67693,42.08466],[2.69267,42.09274],[2.69717,42.12667],[2.70842,42.1299],[2.70167,42.15413],[2.70392,42.17352],[2.66568,42.17675],[2.66793,42.15898],[2.65669,42.14282],[2.66568,42.12344],[2.63645,42.08789]]]}},{"type":"Feature","id":"08133","properties":{"cod_mun":"08133","nombre":"Montmaneu","cod_prov":"08","cod_ccaa":"09"},"geometry":{"type":"Polygon","coordinates":[[[1.36119,41.6129],[1.38593,41.6032],[1.40843,41.59997],[1.43092,41.62905],[1.38818,41.63067],[1.37019,41.62098],[1.36119,41.6129]]]}},{"type":"Feature","id":"17175","properties":{"cod_mun":"17175","nombre":"Sant Miquel de Fluvià","cod_prov":"17","cod_ccaa":"09"},"geometry":{"type":"Polygon","coordinates":[[[2.98731,42.16706],[2.9963,42.16867],[3.00755,42.16867],[2.99855,42.18645],[2.98506,42.18806],[2.98731,42.16706]]]}},{"type":"Feature","id":"08135","properties":{"cod_mun":"08135","nombre":"Montmeló","cod_prov":"08","cod_ccaa":"09"},"geometry":{"type":"Polygon","coordinates":[[[2.2316,41.54181],[2.25634,41.54666],[2.26984,41.56443],[2.25634,41.57412],[2.2316,41.54504],[2.2316,41.54181]]]}},{"type":"Feature","id":"08136","properties":{"cod_mun":"08136","nombre":"Montornès del Vallès","cod_prov":"08","cod_ccaa":"09"},"geometry":{"type":"Polygon","coordinates":[[[2.2316,41.54181],[2.25409,41.53212],[2.26984,41.52242],[2.28333,41.54343],[2.27884,41.57089],[2.26984,41.56443],[2.25634,41.54666],[2.2316,41.54181]]]}},{"type":"Feature","id":"08146","properties":{"cod_mun":"08146","nombre":"Olesa de Bonesvalls","cod_prov":"08","cod_ccaa":"09"},"geometry":{"type":"Polygon","coordinates":[[[1.80202,41.35117],[1.81777,41.3447],[1.82451,41.32693],[1.847,41.31885],[1.87399,41.3447],[1.89873,41.3544],[1.86949,41.38671],[1.84251,41.37863],[1.82451,41.36086],[1.80202,41.35117]]]}},{"type":"Feature","id":"08147","properties":{"cod_mun":"08147","nombre":"Olesa de Montserrat","cod_prov":"08","cod_ccaa":"09"},"geometry":{"type":"Polygon","coordinates":[[[1.88524,41.57897],[1.87174,41.54343],[1.89199,41.53212],[1.91223,41.53212],[1.93247,41.53696],[1.92122,41.57089],[1.88524,41.57897]]]}},{"type":"Feature","id":"08148","properties":{"cod_mun":"08148","nombre":"Olivella","cod_prov":"08","cod_ccaa":"09"},"geometry":{"type":"Polygon","coordinates":[[[1.74354,41.29624],[1.75479,41.28169],[1.78403,41.29462],[1.81552,41.293],[1.81777,41.27846],[1.83576,41.26877],[1.87174,41.27846],[1.87399,41.293],[1.847,41.30593],[1.847,41.31885],[1.76828,41.3237],[1.75704,41.3027],[1.74354,41.29624]]]}},{"type":"Feature","id":"08149","properties":{"cod_mun":"08149","nombre":"Olost","cod_prov":"08","cod_ccaa":"09"},"geometry":{"type":"Polygon","coordinates":[[[2.03368,41.98611],[2.06967,41.9958],[2.06967,41.98449],[2.11015,41.97803],[2.12814,41.98772],[2.14614,42.01034],[2.13714,42.02488],[2.13264,42.02488],[2.09441,42.02004],[2.07192,42.01196],[2.05392,42.01357],[2.03368,41.98611]]]}},{"type":"Feature","id":"08150","properties":{"cod_mun":"08150","nombre":"Orís","cod_prov":"08","cod_ccaa":"09"},"geometry":{"type":"Polygon","coordinates":[[[2.17987,42.04266],[2.18662,42.03296],[2.2406,42.05396],[2.25185,42.06043],[2.2361,42.06366],[2.26309,42.08143],[2.28108,42.09274],[2.26534,42.09597],[2.21361,42.08951],[2.19562,42.07981],[2.17987,42.04266]]]}},{"type":"Feature","id":"08158","properties":{"cod_mun":"08158","nombre":"Papiol, El","cod_prov":"08","cod_ccaa":"09"},"geometry":{"type":"Polygon","coordinates":[[[1.9932,41.43518],[2.00669,41.42064],[2.03368,41.44164],[2.02468,41.4578],[1.99994,41.46103],[1.9932,41.43518]]]}},{"type":"Feature","id":"17027","properties":{"cod_mun":"17027","nombre":"Breda","cod_prov":"17","cod_ccaa":"09"},"geometry":{"type":"Polygon","coordinates":[[[2.54648,41.768],[2.53973,41.76154],[2.56897,41.73084],[2.56222,41.76638],[2.54648,41.768]]]}},{"type":"Feature","id":"17028","properties":{"cod_mun":"17028","nombre":"Brunyola i Sant Martí Sapresa","cod_prov":"17","cod_ccaa":"09"},"geometry":{"type":"Polygon","coordinates":[[[2.61395,41.91341],[2.61845,41.90856],[2.69267,41.87786],[2.70167,41.87948],[2.71741,41.90856],[2.69942,41.9231],[2.69717,41.93764],[2.67243,41.94895],[2.67018,41.93764],[2.64994,41.93602],[2.6297,41.91987],[2.6162,41.92471],[2.61395,41.91341]]]}},{"type":"Feature","id":"08159","properties":{"cod_mun":"08159","nombre":"Parets del Vallès","cod_prov":"08","cod_ccaa":"09"},"geometry":{"type":"MultiPolygon","coordinates":[[[[2.25859,41.5822],[2.20461,41.56928],[2.21136,41.55635],[2.23385,41.55474],[2.2316,41.54504],[2.25634,41.57412],[2.25859,41.5822]]],[[[2.21136,41.58382],[2.20012,41.58059],[2.20236,41.57735],[2.21136,41.58382]]]]}},{"type":"Feature","id":"08160","properties":{"cod_mun":"08160","nombre":"Perafita","cod_prov":"08","cod_ccaa":"09"},"geometry":{"type":"Polygon","coordinates":[[[2.08541,42.05558],[2.08091,42.03458],[2.09441,42.02004],[2.13264,42.02488],[2.12365,42.04912],[2.13489,42.0572],[2.1079,42.0782],[2.08541,42.07497],[2.08541,42.05558]]]}},{"type":"Feature","id":"08161","properties":{"cod_mun":"08161","nombre":"Piera","cod_prov":"08","cod_ccaa":"09"},"geometry":{"type":"Polygon","coordinates":[[[1.70756,41.5095],[1.75254,41.46588],[1.74579,41.45941],[1.76828,41.44487],[1.77503,41.46265],[1.79752,41.46749],[1.79302,41.47395],[1.77728,41.52404],[1.76154,41.53696],[1.74354,41.57412],[1.7323,41.58059],[1.71655,41.56605],[1.71655,41.5515],[1.72105,41.51435],[1.70756,41.5095]]]}},{"type":"Feature","id":"08162","properties":{"cod_mun":"08162","nombre":"Hostalets de Pierola, Els","cod_prov":"08","cod_ccaa":"09"},"geometry":{"type":"Polygon","coordinates":[[[1.74354,41.57412],[1.76154,41.53696],[1.77728,41.52404],[1.84475,41.50627],[1.856,41.50788],[1.856,41.51596],[1.82676,41.53858],[1.81777,41.55474],[1.79752,41.56443],[1.79078,41.57412],[1.74354,41.57412]]]}},{"type":"Feature","id":"08163","properties":{"cod_mun":"08163","nombre":"Pineda de Mar","cod_prov":"08","cod_ccaa":"09"},"geometry":{"type":"Polygon","coordinates":[[[2.62745,41.64683],[2.62745,41.63875],[2.64994,41.64036],[2.67018,41.61451],[2.70167,41.62421],[2.68143,41.65006],[2.67693,41.6436],[2.62745,41.64683]]]}},{"type":"Feature","id":"17036","properties":{"cod_mun":"17036","nombre":"Campdevànol","cod_prov":"17","cod_ccaa":"09"},"geometry":{"type":"Polygon","coordinates":[[[2.09441,42.22199],[2.13714,42.20745],[2.15064,42.22037],[2.16638,42.21553],[2.19337,42.24138],[2.17313,42.24946],[2.13714,42.25915],[2.12365,42.27531],[2.09666,42.24461],[2.09441,42.22199]]]}},{"type":"Feature","id":"17037","properties":{"cod_mun":"17037","nombre":"Campelles","cod_prov":"17","cod_ccaa":"09"},"geometry":{"type":"Polygon","coordinates":[[[2.09666,42.28177],[2.12365,42.27531],[2.13714,42.25915],[2.16188,42.25753],[2.16188,42.29146],[2.12589,42.31247],[2.1034,42.29631],[2.09666,42.28177]]]}},{"type":"Feature","id":"17038","properties":{"cod_mun":"17038","nombre":"Campllong","cod_prov":"17","cod_ccaa":"09"},"geometry":{"type":"Polygon","coordinates":[[[2.81638,41.88917],[2.83212,41.87786],[2.85011,41.89079],[2.84561,41.90694],[2.83662,41.91664],[2.81638,41.91179],[2.81638,41.88917]]]}},{"type":"Feature","id":"17039","properties":{"cod_mun":"17039","nombre":"Camprodon","cod_prov":"17","cod_ccaa":"09"},"geometry":{"type":"Polygon","coordinates":[[[2.31482,42.29631],[2.31257,42.285],[2.33281,42.27369],[2.34181,42.27369],[2.3688,42.28662],[2.37555,42.26561],[2.40479,42.27369],[2.41603,42.28662],[2.46326,42.28015],[2.48575,42.28823],[2.47901,42.30277],[2.50375,42.30439],[2.50825,42.28177],[2.53748,42.28015],[2.55323,42.28985],[2.52399,42.29146],[2.51949,42.32701],[2.52624,42.33347],[2.49925,42.34316],[2.48351,42.33993],[2.45652,42.36417],[2.44527,42.35932],[2.42278,42.32377],[2.41828,42.33508],[2.38005,42.34639],[2.37105,42.37224],[2.3733,42.3577],[2.35081,42.306],[2.31932,42.29631],[2.31482,42.29631]]]}},{"type":"Feature","id":"08164","properties":{"cod_mun":"08164","nombre":"Pla del Penedès, El","cod_prov":"08","cod_ccaa":"09"},"geometry":{"type":"Polygon","coordinates":[[[1.69631,41.39964],[1.70756,41.39479],[1.71206,41.39479],[1.7188,41.39802],[1.72105,41.40125],[1.74804,41.41741],[1.72105,41.4368],[1.70531,41.41741],[1.70081,41.40771],[1.69631,41.39964]]]}},{"type":"Feature","id":"08165","properties":{"cod_mun":"08165","nombre":"Pobla de Claramunt, La","cod_prov":"08","cod_ccaa":"09"},"geometry":{"type":"Polygon","coordinates":[[[1.63784,41.54989],[1.65133,41.5402],[1.66258,41.54343],[1.70081,41.54181],[1.71655,41.5515],[1.71655,41.56605],[1.67382,41.58543],[1.67157,41.58382],[1.66033,41.56281],[1.63784,41.54989]]]}},{"type":"Feature","id":"08166","properties":{"cod_mun":"08166","nombre":"Pobla de Lillet, La","cod_prov":"08","cod_ccaa":"09"},"geometry":{"type":"Polygon","coordinates":[[[1.91448,42.22845],[1.93697,42.22361],[1.93472,42.20422],[1.96396,42.19937],[2.00669,42.19291],[2.01119,42.20745],[2.02918,42.21553],[2.02918,42.25107],[2.01794,42.25753],[1.94597,42.25915],[1.91448,42.24622],[1.91448,42.22845]]]}},{"type":"Feature","id":"08167","properties":{"cod_mun":"08167","nombre":"Polinyà","cod_prov":"08","cod_ccaa":"09"},"geometry":{"type":"Polygon","coordinates":[[[2.12589,41.57574],[2.15064,41.5402],[2.16863,41.54181],[2.17313,41.55474],[2.15064,41.57574],[2.12589,41.57574]]]}},{"type":"Feature","id":"08168","properties":{"cod_mun":"08168","nombre":"Pontons","cod_prov":"08","cod_ccaa":"09"},"geometry":{"type":"Polygon","coordinates":[[[1.47365,41.38025],[1.51188,41.39479],[1.53662,41.3851],[1.54337,41.40771],[1.53438,41.41095],[1.54562,41.4368],[1.53438,41.44003],[1.49614,41.43518],[1.47815,41.42387],[1.48939,41.39964],[1.47365,41.38025]]]}},{"type":"Feature","id":"17040","properties":{"cod_mun":"17040","nombre":"Canet d'Adri","cod_prov":"17","cod_ccaa":"09"},"geometry":{"type":"Polygon","coordinates":[[[2.67693,42.08466],[2.67693,42.06043],[2.69267,42.03781],[2.71741,42.02488],[2.7444,42.02004],[2.76689,42.02811],[2.78039,42.04427],[2.76689,42.05881],[2.7579,42.07174],[2.72866,42.07981],[2.73316,42.08628],[2.69267,42.09274],[2.67693,42.08466]]]}},{"type":"Feature","id":"08169","properties":{"cod_mun":"08169","nombre":"Prat de Llobregat, El","cod_prov":"08","cod_ccaa":"09"},"geometry":{"type":"Polygon","coordinates":[[[2.06967,41.3447],[2.06742,41.30754],[2.05842,41.3027],[2.06967,41.28493],[2.07417,41.27685],[2.14164,41.29947],[2.15288,41.3237],[2.13039,41.32047],[2.10115,41.33663],[2.08991,41.34147],[2.06967,41.3447]]]}},{"type":"Feature","id":"08170","properties":{"cod_mun":"08170","nombre":"Prats de Rei, Els","cod_prov":"08","cod_ccaa":"09"},"geometry":{"type":"Polygon","coordinates":[[[1.44891,41.69368],[1.52313,41.69368],[1.53438,41.68722],[1.57261,41.68237],[1.60185,41.69206],[1.55237,41.70822],[1.56811,41.72115],[1.5906,41.72276],[1.60635,41.7163],[1.60185,41.73084],[1.58835,41.73084],[1.54112,41.72922],[1.51638,41.71307],[1.51413,41.6953],[1.48714,41.69691],[1.44891,41.69368]]]}},{"type":"Feature","id":"08175","properties":{"cod_mun":"08175","nombre":"Puig-reig","cod_prov":"08","cod_ccaa":"09"},"geometry":{"type":"Polygon","coordinates":[[[1.82676,41.9748],[1.85825,41.94087],[1.847,41.93764],[1.86275,41.91664],[1.88074,41.90694],[1.88524,41.93764],[1.90098,41.9441],[1.90548,41.96834],[1.92572,41.98772],[1.89199,41.97803],[1.88974,41.99903],[1.88524,42.00226],[1.88524,41.99257],[1.8515,42.00711],[1.82226,41.99742],[1.82676,41.9748]]]}},{"type":"Feature","id":"08176","properties":{"cod_mun":"08176","nombre":"Pujalt","cod_prov":"08","cod_ccaa":"09"},"geometry":{"type":"Polygon","coordinates":[[[1.40393,41.6856],[1.41967,41.67591],[1.43991,41.66945],[1.44891,41.69368],[1.48714,41.69691],[1.48714,41.70822],[1.45341,41.70984],[1.44666,41.71791],[1.47365,41.72922],[1.4624,41.7373],[1.43541,41.73407],[1.42417,41.73245],[1.38368,41.7066],[1.39943,41.70499],[1.40393,41.6856]]]}},{"type":"Feature","id":"08177","properties":{"cod_mun":"08177","nombre":"Quar, La","cod_prov":"08","cod_ccaa":"09"},"geometry":{"type":"Polygon","coordinates":[[[1.90773,42.09597],[1.94597,42.08951],[1.95046,42.07012],[1.96846,42.06204],[2.00669,42.07335],[2.00894,42.08466],[2.00669,42.10566],[1.9842,42.12344],[1.96396,42.1299],[1.94372,42.1299],[1.91898,42.11051],[1.90773,42.09597]]]}},{"type":"Feature","id":"08178","properties":{"cod_mun":"08178","nombre":"Rajadell","cod_prov":"08","cod_ccaa":"09"},"geometry":{"type":"Polygon","coordinates":[[[1.64908,41.75184],[1.66482,41.74376],[1.66482,41.70984],[1.68732,41.68722],[1.7278,41.69853],[1.73455,41.69368],[1.77728,41.71145],[1.76828,41.74376],[1.72555,41.73407],[1.69631,41.75184],[1.64908,41.75184]]]}},{"type":"Feature","id":"08179","properties":{"cod_mun":"08179","nombre":"Rellinars","cod_prov":"08","cod_ccaa":"09"},"geometry":{"type":"Polygon","coordinates":[[[1.89424,41.61936],[1.90773,41.63067],[1.94147,41.62421],[1.95721,41.64683],[1.93247,41.66298],[1.90773,41.6646],[1.89424,41.65652],[1.89424,41.61936]]]}},{"type":"Feature","id":"08180","properties":{"cod_mun":"08180","nombre":"Ripollet","cod_prov":"08","cod_ccaa":"09"},"geometry":{"type":"Polygon","coordinates":[[[2.13489,41.50627],[2.15288,41.49011],[2.17313,41.49173],[2.15963,41.50788],[2.13489,41.50627]]]}},{"type":"Feature","id":"08181","properties":{"cod_mun":"08181","nombre":"Roca del Vallès, La","cod_prov":"08","cod_ccaa":"09"},"geometry":{"type":"Polygon","coordinates":[[[2.29233,41.57735],[2.30807,41.56605],[2.33731,41.5612],[2.35531,41.57412],[2.37555,41.59513],[2.38229,41.59674],[2.36205,41.61936],[2.34406,41.62582],[2.35755,41.6339],[2.33056,41.63552],[2.30358,41.60805],[2.29233,41.57735]]]}},{"type":"Feature","id":"08182","properties":{"cod_mun":"08182","nombre":"Pont de Vilomara i Rocafort, El","cod_prov":"08","cod_ccaa":"09"},"geometry":{"type":"Polygon","coordinates":[[[1.86949,41.72115],[1.87174,41.69045],[1.91448,41.67914],[1.94821,41.69045],[1.94372,41.70984],[1.93247,41.72276],[1.87624,41.72276],[1.86949,41.72115]]]}},{"type":"Feature","id":"08183","properties":{"cod_mun":"08183","nombre":"Roda de Ter","cod_prov":"08","cod_ccaa":"09"},"geometry":{"type":"Polygon","coordinates":[[[2.29908,41.96995],[2.31932,41.98288],[2.30358,41.98772],[2.29908,41.97318],[2.29908,41.96995]]]}},{"type":"Feature","id":"08184","properties":{"cod_mun":"08184","nombre":"Rubí","cod_prov":"08","cod_ccaa":"09"},"geometry":{"type":"Polygon","coordinates":[[[1.9797,41.52404],[2.00219,41.46103],[2.02918,41.46749],[2.04942,41.4885],[2.05167,41.51273],[2.03368,41.51758],[2.02468,41.52727],[1.99095,41.54343],[1.98645,41.53535],[1.9797,41.52404]]]}},{"type":"Feature","id":"08185","properties":{"cod_mun":"08185","nombre":"Rubió","cod_prov":"08","cod_ccaa":"09"},"geometry":{"type":"Polygon","coordinates":[[[1.52763,41.65975],[1.54787,41.65652],[1.53887,41.62421],[1.56137,41.61451],[1.57486,41.61775],[1.5951,41.61936],[1.6041,41.63067],[1.5906,41.64198],[1.6041,41.65814],[1.62659,41.66298],[1.61534,41.6953],[1.60185,41.69206],[1.57261,41.68237],[1.53438,41.68722],[1.52763,41.65975]]]}},{"type":"Feature","id":"08187","properties":{"cod_mun":"08187","nombre":"Sabadell","cod_prov":"08","cod_ccaa":"09"},"geometry":{"type":"Polygon","coordinates":[[[2.06292,41.58705],[2.06517,41.54181],[2.08991,41.54343],[2.10115,41.53212],[2.08766,41.51111],[2.1079,41.50788],[2.1124,41.51758],[2.13939,41.53212],[2.15064,41.5402],[2.12589,41.57574],[2.1169,41.59028],[2.08541,41.58059],[2.06292,41.58705]]]}},{"type":"Feature","id":"08188","properties":{"cod_mun":"08188","nombre":"Sagàs","cod_prov":"08","cod_ccaa":"09"},"geometry":{"type":"Polygon","coordinates":[[[1.88974,41.99903],[1.89199,41.97803],[1.92572,41.98772],[1.94597,42.00873],[1.95271,42.00388],[1.97295,42.02165],[1.97295,42.03619],[2.00669,42.05396],[2.00669,42.07335],[1.96846,42.06204],[1.95046,42.07012],[1.92572,42.03781],[1.90548,42.03619],[1.89873,42.02165],[1.90773,42.00873],[1.88974,41.99903]]]}},{"type":"Feature","id":"08192","properties":{"cod_mun":"08192","nombre":"Santpedor","cod_prov":"08","cod_ccaa":"09"},"geometry":{"type":"Polygon","coordinates":[[[1.80202,41.79223],[1.81102,41.789],[1.80877,41.768],[1.82901,41.76477],[1.85825,41.76638],[1.865,41.78415],[1.847,41.81],[1.82901,41.79546],[1.80202,41.79708],[1.80202,41.79223]]]}},{"type":"Feature","id":"08193","properties":{"cod_mun":"08193","nombre":"Sant Iscle de Vallalta","cod_prov":"08","cod_ccaa":"09"},"geometry":{"type":"Polygon","coordinates":[[[2.53748,41.64198],[2.55773,41.6129],[2.58247,41.60967],[2.59371,41.64198],[2.59371,41.65814],[2.55098,41.65975],[2.54198,41.64844],[2.53748,41.64198]]]}},{"type":"Feature","id":"08195","properties":{"cod_mun":"08195","nombre":"Sant Agustí de Lluçanès","cod_prov":"08","cod_ccaa":"09"},"geometry":{"type":"Polygon","coordinates":[[[2.1079,42.0782],[2.13489,42.0572],[2.16188,42.07981],[2.14839,42.07981],[2.14839,42.0992],[2.13039,42.10082],[2.1124,42.10082],[2.1079,42.0782]]]}},{"type":"Feature","id":"08228","properties":{"cod_mun":"08228","nombre":"Sant Martí Sesgueioles","cod_prov":"08","cod_ccaa":"09"},"geometry":{"type":"Polygon","coordinates":[[[1.48714,41.70822],[1.48714,41.69691],[1.51413,41.6953],[1.51638,41.71307],[1.48714,41.70822]]]}},{"type":"Feature","id":"08196","properties":{"cod_mun":"08196","nombre":"Sant Andreu de la Barca","cod_prov":"08","cod_ccaa":"09"},"geometry":{"type":"Polygon","coordinates":[[[1.94821,41.46103],[1.95046,41.44164],[1.9842,41.44326],[1.97295,41.46426],[1.95271,41.46426],[1.94821,41.46103]]]}},{"type":"Feature","id":"08229","properties":{"cod_mun":"08229","nombre":"Sant Mateu de Bages","cod_prov":"08","cod_ccaa":"09"},"geometry":{"type":"Polygon","coordinates":[[[1.58161,41.77608],[1.5951,41.76477],[1.62884,41.76638],[1.67157,41.77931],[1.66033,41.80031],[1.68282,41.79223],[1.68957,41.80354],[1.72105,41.78092],[1.77053,41.78415],[1.77278,41.78415],[1.75479,41.80839],[1.7368,41.82293],[1.73905,41.85201],[1.69406,41.8504],[1.66932,41.86817],[1.62659,41.86978],[1.63109,41.84393],[1.61085,41.83586],[1.61085,41.81808],[1.59285,41.81162],[1.5996,41.789],[1.58161,41.77608]]]}},{"type":"Feature","id":"08197","properties":{"cod_mun":"08197","nombre":"Sant Andreu de Llavaneres","cod_prov":"08","cod_ccaa":"09"},"geometry":{"type":"Polygon","coordinates":[[[2.45652,41.58059],[2.488,41.5515],[2.51049,41.55958],[2.49475,41.57089],[2.497,41.60482],[2.47676,41.59997],[2.45652,41.58059]]]}},{"type":"Feature","id":"08241","properties":{"cod_mun":"08241","nombre":"Sant Sadurní d'Osormort","cod_prov":"08","cod_ccaa":"09"},"geometry":{"type":"Polygon","coordinates":[[[2.33731,41.88917],[2.38229,41.8714],[2.38904,41.87786],[2.40703,41.89563],[2.42728,41.89563],[2.41153,41.91341],[2.40703,41.93118],[2.37555,41.92795],[2.3688,41.93441],[2.35306,41.93441],[2.3598,41.92956],[2.33731,41.88917]]]}},{"type":"Feature","id":"08242","properties":{"cod_mun":"08242","nombre":"Marganell","cod_prov":"08","cod_ccaa":"09"},"geometry":{"type":"Polygon","coordinates":[[[1.77953,41.65329],[1.78853,41.64036],[1.78628,41.61451],[1.81102,41.60482],[1.82226,41.59997],[1.83126,41.62421],[1.80877,41.63067],[1.80202,41.61451],[1.80202,41.64521],[1.81327,41.65167],[1.81777,41.65814],[1.80877,41.65814],[1.78853,41.65329],[1.77953,41.65329]]]}},{"type":"Feature","id":"08200","properties":{"cod_mun":"08200","nombre":"Sant Boi de Llobregat","cod_prov":"08","cod_ccaa":"09"},"geometry":{"type":"Polygon","coordinates":[[[1.99994,41.35601],[2.01119,41.33824],[2.01569,41.33663],[2.06967,41.28493],[2.05842,41.3027],[2.06742,41.30754],[2.06967,41.3447],[2.04942,41.34794],[2.04718,41.36086],[1.99994,41.35601]]]}},{"type":"Feature","id":"08201","properties":{"cod_mun":"08201","nombre":"Sant Boi de Lluçanès","cod_prov":"08","cod_ccaa":"09"},"geometry":{"type":"Polygon","coordinates":[[[2.13264,42.02488],[2.13714,42.02488],[2.17987,42.04266],[2.19562,42.07981],[2.16188,42.07981],[2.13489,42.0572],[2.12365,42.04912],[2.13264,42.02488]]]}},{"type":"Feature","id":"08202","properties":{"cod_mun":"08202","nombre":"Sant Celoni","cod_prov":"08","cod_ccaa":"09"},"geometry":{"type":"Polygon","coordinates":[[[2.46326,41.70337],[2.488,41.67914],[2.47901,41.67106],[2.49025,41.66298],[2.54198,41.64844],[2.55098,41.65975],[2.59371,41.65814],[2.60946,41.67591],[2.60046,41.68399],[2.58696,41.70014],[2.59821,41.72761],[2.57122,41.72599],[2.55098,41.71953],[2.53074,41.73084],[2.53973,41.7163],[2.52174,41.70499],[2.4925,41.71791],[2.47226,41.70822],[2.46326,41.70337]]]}},{"type":"Feature","id":"08203","properties":{"cod_mun":"08203","nombre":"Sant Cebrià de Vallalta","cod_prov":"08","cod_ccaa":"09"},"geometry":{"type":"Polygon","coordinates":[[[2.58247,41.60967],[2.58921,41.59997],[2.62295,41.61775],[2.62745,41.62905],[2.62745,41.63875],[2.62745,41.64683],[2.59371,41.65814],[2.59371,41.64198],[2.58247,41.60967]]]}},{"type":"Feature","id":"08204","properties":{"cod_mun":"08204","nombre":"Sant Climent de Llobregat","cod_prov":"08","cod_ccaa":"09"},"geometry":{"type":"Polygon","coordinates":[[[1.95496,41.3237],[1.9887,41.31401],[2.01119,41.33824],[1.99994,41.35601],[1.99769,41.35601],[1.95946,41.33339],[1.95496,41.3237]]]}},{"type":"Feature","id":"08205","properties":{"cod_mun":"08205","nombre":"Sant Cugat del Vallès","cod_prov":"08","cod_ccaa":"09"},"geometry":{"type":"Polygon","coordinates":[[[1.99994,41.46103],[2.02468,41.4578],[2.03368,41.44164],[2.06292,41.44326],[2.05842,41.43518],[2.06967,41.41902],[2.07866,41.41418],[2.07641,41.43356],[2.1214,41.42549],[2.13039,41.44326],[2.1169,41.46588],[2.10565,41.46911],[2.07417,41.49819],[2.07417,41.50627],[2.06517,41.51919],[2.05167,41.51273],[2.04942,41.4885],[2.02918,41.46749],[2.00219,41.46103],[1.99994,41.46103]]]}},{"type":"Feature","id":"08206","properties":{"cod_mun":"08206","nombre":"Sant Cugat Sesgarrigues","cod_prov":"08","cod_ccaa":"09"},"geometry":{"type":"Polygon","coordinates":[[[1.7323,41.36086],[1.76379,41.33986],[1.76828,41.36409],[1.74354,41.37055],[1.73455,41.36409],[1.7323,41.36086]]]}},{"type":"Feature","id":"08243","properties":{"cod_mun":"08243","nombre":"Santa Cecília de Voltregà","cod_prov":"08","cod_ccaa":"09"},"geometry":{"type":"Polygon","coordinates":[[[2.18437,42.0055],[2.18662,41.9958],[2.20236,41.98772],[2.23835,41.98449],[2.22935,42.00065],[2.19787,42.01519],[2.18437,42.0055]]]}},{"type":"Feature","id":"08207","properties":{"cod_mun":"08207","nombre":"Sant Esteve de Palautordera","cod_prov":"08","cod_ccaa":"09"},"geometry":{"type":"Polygon","coordinates":[[[2.40703,41.73084],[2.39579,41.72438],[2.41603,41.69691],[2.44527,41.70176],[2.44527,41.70984],[2.41828,41.73569],[2.40703,41.73084]]]}},{"type":"Feature","id":"08208","properties":{"cod_mun":"08208","nombre":"Sant Esteve Sesrovires","cod_prov":"08","cod_ccaa":"09"},"geometry":{"type":"Polygon","coordinates":[[[1.84475,41.50627],[1.84251,41.49334],[1.87174,41.47719],[1.87399,41.4578],[1.87849,41.45457],[1.90773,41.46588],[1.89648,41.47719],[1.90548,41.50142],[1.856,41.50788],[1.84475,41.50627]]]}},{"type":"Feature","id":"08247","properties":{"cod_mun":"08247","nombre":"Santa Eulàlia de Riuprimer","cod_prov":"08","cod_ccaa":"09"},"geometry":{"type":"Polygon","coordinates":[[[2.19562,41.89725],[2.19787,41.91341],[2.16638,41.93118],[2.13939,41.91017],[2.14389,41.9021],[2.17538,41.90371],[2.19562,41.89725]]]}},{"type":"Feature","id":"08248","properties":{"cod_mun":"08248","nombre":"Santa Eulàlia de Ronçana","cod_prov":"08","cod_ccaa":"09"},"geometry":{"type":"Polygon","coordinates":[[[2.18662,41.65006],[2.20461,41.62905],[2.21586,41.63552],[2.25409,41.63067],[2.25409,41.63875],[2.24285,41.66137],[2.2316,41.6646],[2.20012,41.6646],[2.18662,41.65006]]]}},{"type":"Feature","id":"08209","properties":{"cod_mun":"08209","nombre":"Sant Fost de Campsentelles","cod_prov":"08","cod_ccaa":"09"},"geometry":{"type":"Polygon","coordinates":[[[2.20461,41.50465],[2.22486,41.49173],[2.24735,41.4885],[2.26309,41.50465],[2.24285,41.52081],[2.22036,41.5305],[2.21586,41.52404],[2.20461,41.50465]]]}},{"type":"Feature","id":"08264","properties":{"cod_mun":"08264","nombre":"Sant Vicenç de Montalt","cod_prov":"08","cod_ccaa":"09"},"geometry":{"type":"Polygon","coordinates":[[[2.497,41.60482],[2.49475,41.57089],[2.51049,41.55958],[2.52174,41.56605],[2.52624,41.57412],[2.52174,41.58059],[2.52399,41.59028],[2.497,41.60644],[2.497,41.60482]]]}},{"type":"Feature","id":"08210","properties":{"cod_mun":"08210","nombre":"Sant Feliu de Codines","cod_prov":"08","cod_ccaa":"09"},"geometry":{"type":"Polygon","coordinates":[[[2.13264,41.71468],[2.13939,41.69045],[2.16413,41.67752],[2.18887,41.69206],[2.18662,41.71468],[2.13264,41.71468]]]}},{"type":"Feature","id":"08211","properties":{"cod_mun":"08211","nombre":"Sant Feliu de Llobregat","cod_prov":"08","cod_ccaa":"09"},"geometry":{"type":"Polygon","coordinates":[[[2.02244,41.38994],[2.02693,41.38348],[2.03593,41.37055],[2.05167,41.38025],[2.07866,41.40287],[2.07866,41.41418],[2.06967,41.41902],[2.05392,41.41418],[2.02244,41.38994]]]}},{"type":"Feature","id":"08212","properties":{"cod_mun":"08212","nombre":"Sant Feliu Sasserra","cod_prov":"08","cod_ccaa":"09"},"geometry":{"type":"Polygon","coordinates":[[[1.98645,41.92471],[2.00669,41.92795],[2.01344,41.91179],[2.04043,41.90371],[2.02244,41.94087],[2.03143,41.95703],[2.03143,41.95864],[1.98645,41.96995],[1.99545,41.96187],[1.9797,41.9538],[1.97071,41.93118],[1.98645,41.92471]]]}},{"type":"Feature","id":"08271","properties":{"cod_mun":"08271","nombre":"Sobremunt","cod_prov":"08","cod_ccaa":"09"},"geometry":{"type":"Polygon","coordinates":[[[2.13714,42.02488],[2.14614,42.01034],[2.18437,42.0055],[2.19787,42.01519],[2.18662,42.03296],[2.17987,42.04266],[2.13714,42.02488]]]}},{"type":"Feature","id":"08213","properties":{"cod_mun":"08213","nombre":"Sant Fruitós de Bages","cod_prov":"08","cod_ccaa":"09"},"geometry":{"type":"Polygon","coordinates":[[[1.82901,41.76477],[1.82901,41.7583],[1.84475,41.75023],[1.86949,41.72115],[1.87624,41.72276],[1.90323,41.74215],[1.89424,41.75507],[1.90548,41.77285],[1.865,41.78415],[1.85825,41.76638],[1.82901,41.76477]]]}},{"type":"Feature","id":"17052","properties":{"cod_mun":"17052","nombre":"Siurana","cod_prov":"17","cod_ccaa":"09"},"geometry":{"type":"Polygon","coordinates":[[[2.98281,42.21391],[2.98956,42.19452],[3.00305,42.19291],[3.03454,42.20906],[3.02105,42.22361],[3.0143,42.23168],[2.98281,42.21391]]]}},{"type":"Feature","id":"08214","properties":{"cod_mun":"08214","nombre":"Vilassar de Dalt","cod_prov":"08","cod_ccaa":"09"},"geometry":{"type":"Polygon","coordinates":[[[2.31707,41.53373],[2.33056,41.52404],[2.3643,41.50142],[2.38005,41.51273],[2.34181,41.53535],[2.35081,41.54181],[2.33506,41.54343],[2.31707,41.53373]]]}},{"type":"Feature","id":"08217","properties":{"cod_mun":"08217","nombre":"Sant Joan Despí","cod_prov":"08","cod_ccaa":"09"},"geometry":{"type":"Polygon","coordinates":[[[2.03593,41.37055],[2.04718,41.36086],[2.04942,41.34794],[2.05842,41.36409],[2.07866,41.37055],[2.07417,41.37379],[2.05167,41.38025],[2.03593,41.37055]]]}},{"type":"Feature","id":"08219","properties":{"cod_mun":"08219","nombre":"Vilassar de Mar","cod_prov":"08","cod_ccaa":"09"},"geometry":{"type":"Polygon","coordinates":[[[2.3643,41.50142],[2.3733,41.49657],[2.37555,41.49334],[2.40254,41.50627],[2.39129,41.51596],[2.38005,41.51273],[2.3643,41.50142]]]}},{"type":"Feature","id":"08220","properties":{"cod_mun":"08220","nombre":"Sant Julià de Vilatorta","cod_prov":"08","cod_ccaa":"09"},"geometry":{"type":"Polygon","coordinates":[[[2.29683,41.91341],[2.30133,41.89886],[2.32382,41.87463],[2.33731,41.88917],[2.3598,41.92956],[2.34856,41.9231],[2.31257,41.93279],[2.31707,41.92148],[2.29683,41.91341]]]}},{"type":"Feature","id":"08218","properties":{"cod_mun":"08218","nombre":"Sant Joan de Vilatorrada","cod_prov":"08","cod_ccaa":"09"},"geometry":{"type":"Polygon","coordinates":[[[1.77053,41.78415],[1.76828,41.768],[1.78853,41.75346],[1.77953,41.74053],[1.80652,41.7373],[1.80877,41.74861],[1.82901,41.7583],[1.82901,41.76477],[1.80877,41.768],[1.81102,41.789],[1.80202,41.79223],[1.79527,41.77931],[1.77278,41.78415],[1.77053,41.78415]]]}},{"type":"Feature","id":"08221","properties":{"cod_mun":"08221","nombre":"Sant Just Desvern","cod_prov":"08","cod_ccaa":"09"},"geometry":{"type":"Polygon","coordinates":[[[2.05167,41.38025],[2.07417,41.37379],[2.09891,41.39317],[2.10115,41.40771],[2.07866,41.40287],[2.05167,41.38025]]]}},{"type":"Feature","id":"08225","properties":{"cod_mun":"08225","nombre":"Sant Martí d'Albars","cod_prov":"08","cod_ccaa":"09"},"geometry":{"type":"Polygon","coordinates":[[[2.04268,42.02327],[2.05392,42.01357],[2.07192,42.01196],[2.09441,42.02004],[2.08091,42.03458],[2.08541,42.05558],[2.05167,42.06043],[2.05842,42.04266],[2.04268,42.02327]]]}},{"type":"Feature","id":"08226","properties":{"cod_mun":"08226","nombre":"Sant Martí de Tous","cod_prov":"08","cod_ccaa":"09"},"geometry":{"type":"Polygon","coordinates":[[[1.44666,41.55312],[1.44891,41.53696],[1.48939,41.51919],[1.51638,41.52889],[1.52088,41.5402],[1.53438,41.53212],[1.55012,41.54827],[1.54562,41.57897],[1.52538,41.58543],[1.49839,41.57412],[1.46465,41.56928],[1.44666,41.55312]]]}},{"type":"Feature","id":"17054","properties":{"cod_mun":"17054","nombre":"Colera","cod_prov":"17","cod_ccaa":"09"},"geometry":{"type":"Polygon","coordinates":[[[3.10201,42.42717],[3.08627,42.42556],[3.09302,42.39809],[3.11101,42.37386],[3.16724,42.39002],[3.15374,42.39486],[3.16949,42.42071],[3.14475,42.41587],[3.10201,42.42717]]]}},{"type":"Feature","id":"08227","properties":{"cod_mun":"08227","nombre":"Sant Martí Sarroca","cod_prov":"08","cod_ccaa":"09"},"geometry":{"type":"Polygon","coordinates":[[[1.56361,41.36894],[1.57936,41.35601],[1.60635,41.36248],[1.64008,41.33663],[1.66258,41.34632],[1.64683,41.36571],[1.66258,41.37055],[1.63784,41.40287],[1.64458,41.40771],[1.64008,41.41095],[1.62884,41.41256],[1.5951,41.39802],[1.56361,41.36894]]]}},{"type":"Feature","id":"08230","properties":{"cod_mun":"08230","nombre":"Premià de Dalt","cod_prov":"08","cod_ccaa":"09"},"geometry":{"type":"Polygon","coordinates":[[[2.32382,41.51596],[2.34406,41.4885],[2.3733,41.49657],[2.3643,41.50142],[2.33056,41.52404],[2.32382,41.51596]]]}},{"type":"Feature","id":"08231","properties":{"cod_mun":"08231","nombre":"Sant Pere de Ribes","cod_prov":"08","cod_ccaa":"09"},"geometry":{"type":"Polygon","coordinates":[[[1.7233,41.26554],[1.75254,41.21869],[1.75704,41.21869],[1.77053,41.23969],[1.78403,41.23323],[1.80877,41.25423],[1.83576,41.26877],[1.81777,41.27846],[1.81552,41.293],[1.78403,41.29462],[1.75479,41.28169],[1.7233,41.26554]]]}},{"type":"Feature","id":"08281","properties":{"cod_mun":"08281","nombre":"Teià","cod_prov":"08","cod_ccaa":"09"},"geometry":{"type":"Polygon","coordinates":[[[2.30807,41.51273],[2.31032,41.49011],[2.34406,41.4885],[2.32382,41.51596],[2.30807,41.51273]]]}},{"type":"Feature","id":"08282","properties":{"cod_mun":"08282","nombre":"Tiana","cod_prov":"08","cod_ccaa":"09"},"geometry":{"type":"Polygon","coordinates":[[[2.24735,41.4885],[2.26084,41.47072],[2.29233,41.48203],[2.26759,41.50465],[2.26309,41.50465],[2.24735,41.4885]]]}},{"type":"Feature","id":"08283","properties":{"cod_mun":"08283","nombre":"Tona","cod_prov":"08","cod_ccaa":"09"},"geometry":{"type":"Polygon","coordinates":[[[2.2316,41.87625],[2.18662,41.86009],[2.19562,41.83586],[2.22711,41.83586],[2.23385,41.84393],[2.2406,41.8504],[2.24735,41.85363],[2.2406,41.87463],[2.2316,41.87625]]]}},{"type":"Feature","id":"08232","properties":{"cod_mun":"08232","nombre":"Sant Pere de Riudebitlles","cod_prov":"08","cod_ccaa":"09"},"geometry":{"type":"Polygon","coordinates":[[[1.68282,41.44649],[1.70531,41.44487],[1.71206,41.46749],[1.70306,41.47395],[1.69631,41.47234],[1.68282,41.44649]]]}},{"type":"Feature","id":"08233","properties":{"cod_mun":"08233","nombre":"Sant Pere de Torelló","cod_prov":"08","cod_ccaa":"09"},"geometry":{"type":"Polygon","coordinates":[[[2.26309,42.08143],[2.28783,42.05881],[2.29008,42.04912],[2.29458,42.0475],[2.34181,42.06527],[2.35081,42.05881],[2.3778,42.07012],[2.39354,42.08628],[2.40029,42.10243],[2.38005,42.10405],[2.3733,42.11697],[2.34631,42.12182],[2.31932,42.11697],[2.29458,42.10243],[2.27434,42.10082],[2.26534,42.09597],[2.28108,42.09274],[2.26309,42.08143]]]}},{"type":"Feature","id":"08284","properties":{"cod_mun":"08284","nombre":"Tordera","cod_prov":"08","cod_ccaa":"09"},"geometry":{"type":"Polygon","coordinates":[[[2.59371,41.65814],[2.62745,41.64683],[2.67693,41.6436],[2.68143,41.65006],[2.65894,41.6646],[2.69492,41.67106],[2.72866,41.69368],[2.7579,41.67914],[2.77364,41.70014],[2.76689,41.72438],[2.77814,41.73084],[2.77589,41.73569],[2.7444,41.73569],[2.72416,41.74376],[2.70167,41.72761],[2.67018,41.71468],[2.64994,41.72276],[2.6297,41.68883],[2.61395,41.69206],[2.60046,41.68399],[2.60946,41.67591],[2.59371,41.65814]]]}},{"type":"Feature","id":"08234","properties":{"cod_mun":"08234","nombre":"Sant Pere de Vilamajor","cod_prov":"08","cod_ccaa":"09"},"geometry":{"type":"Polygon","coordinates":[[[2.35306,41.74538],[2.37105,41.71145],[2.36655,41.66945],[2.40029,41.67752],[2.42278,41.67591],[2.42503,41.67591],[2.41603,41.69691],[2.39579,41.72438],[2.40703,41.73084],[2.40029,41.75184],[2.37555,41.75992],[2.35306,41.74538]]]}},{"type":"Feature","id":"08235","properties":{"cod_mun":"08235","nombre":"Sant Pol de Mar","cod_prov":"08","cod_ccaa":"09"},"geometry":{"type":"Polygon","coordinates":[[[2.58921,41.59997],[2.59596,41.59028],[2.63869,41.60482],[2.62745,41.62905],[2.62295,41.61775],[2.58921,41.59997]]]}},{"type":"Feature","id":"08236","properties":{"cod_mun":"08236","nombre":"Sant Quintí de Mediona","cod_prov":"08","cod_ccaa":"09"},"geometry":{"type":"Polygon","coordinates":[[[1.63784,41.44326],[1.67607,41.43195],[1.68282,41.44649],[1.69631,41.47234],[1.66482,41.47072],[1.64008,41.45941],[1.63784,41.44326]]]}},{"type":"Feature","id":"08237","properties":{"cod_mun":"08237","nombre":"Sant Quirze de Besora","cod_prov":"08","cod_ccaa":"09"},"geometry":{"type":"Polygon","coordinates":[[[2.20461,42.10728],[2.21361,42.08951],[2.26534,42.09597],[2.27434,42.10082],[2.2316,42.0992],[2.2316,42.12828],[2.20461,42.10728]]]}},{"type":"Feature","id":"08901","properties":{"cod_mun":"08901","nombre":"Rupit i Pruit","cod_prov":"08","cod_ccaa":"09"},"geometry":{"type":"Polygon","coordinates":[[[2.42053,42.03619],[2.45202,42.02488],[2.45427,41.9958],[2.44077,41.98449],[2.44977,41.96995],[2.47451,41.96995],[2.48126,41.97803],[2.46776,41.99419],[2.49925,42.00226],[2.49475,42.02004],[2.506,42.03296],[2.48126,42.05073],[2.497,42.05881],[2.49475,42.06204],[2.46776,42.07335],[2.45876,42.07981],[2.42953,42.06366],[2.42053,42.03619]]]}},{"type":"Feature","id":"08238","properties":{"cod_mun":"08238","nombre":"Sant Quirze del Vallès","cod_prov":"08","cod_ccaa":"09"},"geometry":{"type":"Polygon","coordinates":[[[2.03368,41.51758],[2.05167,41.51273],[2.06517,41.51919],[2.07417,41.50627],[2.08766,41.51111],[2.10115,41.53212],[2.08991,41.54343],[2.06517,41.54181],[2.05392,41.52565],[2.03368,41.52889],[2.03368,41.51758]]]}},{"type":"Feature","id":"08239","properties":{"cod_mun":"08239","nombre":"Sant Quirze Safaja","cod_prov":"08","cod_ccaa":"09"},"geometry":{"type":"Polygon","coordinates":[[[2.13264,41.71468],[2.18662,41.71468],[2.19562,41.70499],[2.2406,41.70499],[2.2406,41.72922],[2.21361,41.72599],[2.18887,41.73245],[2.18887,41.75669],[2.17762,41.76154],[2.15513,41.73407],[2.14164,41.73245],[2.13264,41.71468]]]}},{"type":"Feature","id":"08240","properties":{"cod_mun":"08240","nombre":"Sant Sadurní d'Anoia","cod_prov":"08","cod_ccaa":"09"},"geometry":{"type":"Polygon","coordinates":[[[1.75029,41.42387],[1.79527,41.40933],[1.81552,41.43841],[1.81552,41.44326],[1.79752,41.46749],[1.77503,41.46265],[1.76828,41.44487],[1.75029,41.42387]]]}},{"type":"Feature","id":"08244","properties":{"cod_mun":"08244","nombre":"Santa Coloma de Cervelló","cod_prov":"08","cod_ccaa":"09"},"geometry":{"type":"Polygon","coordinates":[[[1.99769,41.35601],[1.99994,41.35601],[2.04718,41.36086],[2.03593,41.37055],[2.02693,41.38348],[1.99994,41.37217],[1.99769,41.35601]]]}},{"type":"Feature","id":"08245","properties":{"cod_mun":"08245","nombre":"Santa Coloma de Gramenet","cod_prov":"08","cod_ccaa":"09"},"geometry":{"type":"Polygon","coordinates":[[[2.18662,41.46749],[2.21136,41.43356],[2.21586,41.43518],[2.22261,41.46588],[2.21136,41.47072],[2.18662,41.46749]]]}},{"type":"Feature","id":"08246","properties":{"cod_mun":"08246","nombre":"Santa Eugènia de Berga","cod_prov":"08","cod_ccaa":"09"},"geometry":{"type":"Polygon","coordinates":[[[2.26084,41.9021],[2.27659,41.89402],[2.30133,41.89886],[2.29683,41.91341],[2.27659,41.92471],[2.26084,41.90371],[2.26084,41.9021]]]}},{"type":"Feature","id":"08249","properties":{"cod_mun":"08249","nombre":"Santa Fe del Penedès","cod_prov":"08","cod_ccaa":"09"},"geometry":{"type":"Polygon","coordinates":[[[1.70531,41.38671],[1.7323,41.3851],[1.7413,41.39479],[1.71206,41.39479],[1.70756,41.39479],[1.70531,41.38671]]]}},{"type":"Feature","id":"08250","properties":{"cod_mun":"08250","nombre":"Santa Margarida de Montbui","cod_prov":"08","cod_ccaa":"09"},"geometry":{"type":"Polygon","coordinates":[[[1.53438,41.53212],[1.53887,41.52889],[1.58611,41.54181],[1.63334,41.57251],[1.57711,41.58382],[1.54562,41.57897],[1.55012,41.54827],[1.53438,41.53212]]]}},{"type":"Feature","id":"08251","properties":{"cod_mun":"08251","nombre":"Santa Margarida i els Monjos","cod_prov":"08","cod_ccaa":"09"},"geometry":{"type":"Polygon","coordinates":[[[1.64008,41.33663],[1.64233,41.31239],[1.64458,41.29462],[1.67157,41.28493],[1.68507,41.28816],[1.69181,41.31078],[1.68282,41.3237],[1.66482,41.33016],[1.66482,41.34632],[1.66258,41.34632],[1.64008,41.33663]]]}},{"type":"Feature","id":"08252","properties":{"cod_mun":"08252","nombre":"Barberà del Vallès","cod_prov":"08","cod_ccaa":"09"},"geometry":{"type":"Polygon","coordinates":[[[2.1124,41.51758],[2.12589,41.50627],[2.13489,41.50627],[2.15963,41.50788],[2.16188,41.51596],[2.13939,41.53212],[2.1124,41.51758]]]}},{"type":"Feature","id":"08253","properties":{"cod_mun":"08253","nombre":"Santa Maria de Besora","cod_prov":"08","cod_ccaa":"09"},"geometry":{"type":"Polygon","coordinates":[[[2.20911,42.13959],[2.21361,42.12828],[2.2316,42.12828],[2.2316,42.0992],[2.27434,42.10082],[2.29458,42.10243],[2.30358,42.11213],[2.29908,42.13313],[2.28108,42.14121],[2.20911,42.13959]]]}},{"type":"Feature","id":"08254","properties":{"cod_mun":"08254","nombre":"Esquirol, L'","cod_prov":"08","cod_ccaa":"09"},"geometry":{"type":"Polygon","coordinates":[[[2.29458,42.02973],[2.30807,42.02165],[2.30807,42.00226],[2.33281,41.99419],[2.33956,42.00388],[2.35531,41.99257],[2.34406,42.01196],[2.38229,42.01681],[2.39354,42.00873],[2.40254,42.02488],[2.42053,42.03619],[2.42953,42.06366],[2.40928,42.07012],[2.39354,42.08628],[2.3778,42.07012],[2.35081,42.05881],[2.34181,42.06527],[2.29458,42.0475],[2.29458,42.02973]]]}},{"type":"Feature","id":"08255","properties":{"cod_mun":"08255","nombre":"Santa Maria de Merlès","cod_prov":"08","cod_ccaa":"09"},"geometry":{"type":"Polygon","coordinates":[[[1.90098,41.9441],[1.93697,41.96511],[1.95496,41.96672],[1.97071,41.91987],[1.98645,41.92471],[1.97071,41.93118],[1.9797,41.9538],[1.99545,41.96187],[1.98645,41.96995],[1.99769,41.97803],[2.01344,42.01842],[2.02244,42.02488],[1.99545,42.02811],[2.00669,42.05396],[1.97295,42.03619],[1.97295,42.02165],[1.95271,42.00388],[1.94597,42.00873],[1.92572,41.98772],[1.90548,41.96834],[1.90098,41.9441]]]}},{"type":"Feature","id":"08256","properties":{"cod_mun":"08256","nombre":"Santa Maria de Martorelles","cod_prov":"08","cod_ccaa":"09"},"geometry":{"type":"Polygon","coordinates":[[[2.24285,41.52081],[2.26309,41.50465],[2.26759,41.50465],[2.28108,41.51435],[2.26984,41.52242],[2.25409,41.53212],[2.24285,41.52081]]]}},{"type":"Feature","id":"08257","properties":{"cod_mun":"08257","nombre":"Santa Maria de Miralles","cod_prov":"08","cod_ccaa":"09"},"geometry":{"type":"Polygon","coordinates":[[[1.47365,41.48688],[1.47365,41.4788],[1.4849,41.47234],[1.51413,41.4885],[1.53213,41.48526],[1.55912,41.51111],[1.53887,41.52889],[1.53438,41.53212],[1.52088,41.5402],[1.51638,41.52889],[1.48939,41.51919],[1.49389,41.49657],[1.47365,41.48688]]]}},{"type":"Feature","id":"08258","properties":{"cod_mun":"08258","nombre":"Santa Maria d'Oló","cod_prov":"08","cod_ccaa":"09"},"geometry":{"type":"Polygon","coordinates":[[[2.01344,41.91179],[2.01569,41.87301],[1.9752,41.84716],[1.97745,41.83747],[2.00444,41.83262],[2.03368,41.81324],[2.04493,41.81647],[2.06067,41.8504],[2.08091,41.86494],[2.09891,41.88917],[2.12365,41.88594],[2.14389,41.9021],[2.13939,41.91017],[2.13714,41.91341],[2.10565,41.90371],[2.09216,41.90856],[2.07417,41.90048],[2.04043,41.90371],[2.01344,41.91179]]]}},{"type":"Feature","id":"08259","properties":{"cod_mun":"08259","nombre":"Santa Maria de Palautordera","cod_prov":"08","cod_ccaa":"09"},"geometry":{"type":"Polygon","coordinates":[[[2.41603,41.69691],[2.42503,41.67591],[2.44527,41.67268],[2.44527,41.6549],[2.47901,41.67106],[2.488,41.67914],[2.46326,41.70337],[2.44527,41.70984],[2.44527,41.70176],[2.41603,41.69691]]]}},{"type":"Feature","id":"08902","properties":{"cod_mun":"08902","nombre":"Vilanova del Vallès","cod_prov":"08","cod_ccaa":"09"},"geometry":{"type":"Polygon","coordinates":[[[2.27884,41.57089],[2.28333,41.54343],[2.31707,41.53373],[2.33506,41.54343],[2.33731,41.5612],[2.30807,41.56605],[2.29233,41.57735],[2.27884,41.57089]]]}},{"type":"Feature","id":"08903","properties":{"cod_mun":"08903","nombre":"Sant Julià de Cerdanyola","cod_prov":"08","cod_ccaa":"09"},"geometry":{"type":"Polygon","coordinates":[[[1.88749,42.20906],[1.92572,42.2026],[1.93472,42.20422],[1.93697,42.22361],[1.91448,42.22845],[1.89424,42.23491],[1.87624,42.22037],[1.88749,42.20906]]]}},{"type":"Feature","id":"08260","properties":{"cod_mun":"08260","nombre":"Santa Perpètua de Mogoda","cod_prov":"08","cod_ccaa":"09"},"geometry":{"type":"Polygon","coordinates":[[[2.13939,41.53212],[2.16188,41.51596],[2.18887,41.51596],[2.20686,41.52727],[2.18887,41.55635],[2.17313,41.55474],[2.16863,41.54181],[2.15064,41.5402],[2.13939,41.53212]]]}},{"type":"Feature","id":"08261","properties":{"cod_mun":"08261","nombre":"Santa Susanna","cod_prov":"08","cod_ccaa":"09"},"geometry":{"type":"Polygon","coordinates":[[[2.68143,41.65006],[2.70167,41.62421],[2.72866,41.63552],[2.71516,41.65167],[2.69492,41.67106],[2.65894,41.6646],[2.68143,41.65006]]]}},{"type":"Feature","id":"08262","properties":{"cod_mun":"08262","nombre":"Sant Vicenç de Castellet","cod_prov":"08","cod_ccaa":"09"},"geometry":{"type":"Polygon","coordinates":[[[1.80877,41.65814],[1.81777,41.65814],[1.82226,41.65652],[1.865,41.65652],[1.89199,41.66783],[1.89424,41.65652],[1.90773,41.6646],[1.93247,41.66298],[1.91448,41.67914],[1.87174,41.69045],[1.86949,41.68883],[1.865,41.67752],[1.83576,41.66298],[1.80877,41.65814]]]}},{"type":"Feature","id":"08263","properties":{"cod_mun":"08263","nombre":"Sant Vicenç dels Horts","cod_prov":"08","cod_ccaa":"09"},"geometry":{"type":"Polygon","coordinates":[[[1.9887,41.40771],[1.99545,41.40125],[1.9797,41.38025],[1.99095,41.3754],[1.99994,41.37217],[2.02693,41.38348],[2.02244,41.38994],[2.00894,41.41095],[1.9887,41.40771]]]}},{"type":"Feature","id":"08265","properties":{"cod_mun":"08265","nombre":"Sant Vicenç de Torelló","cod_prov":"08","cod_ccaa":"09"},"geometry":{"type":"Polygon","coordinates":[[[2.25185,42.06043],[2.29008,42.04912],[2.28783,42.05881],[2.26309,42.08143],[2.2361,42.06366],[2.25185,42.06043]]]}},{"type":"Feature","id":"08266","properties":{"cod_mun":"08266","nombre":"Cerdanyola del Vallès","cod_prov":"08","cod_ccaa":"09"},"geometry":{"type":"Polygon","coordinates":[[[2.07417,41.50627],[2.07417,41.49819],[2.10565,41.46911],[2.1169,41.46588],[2.13039,41.44326],[2.15513,41.44972],[2.15963,41.46588],[2.15288,41.49011],[2.13489,41.50627],[2.12589,41.50627],[2.1079,41.50788],[2.08766,41.51111],[2.07417,41.50627]]]}},{"type":"Feature","id":"08267","properties":{"cod_mun":"08267","nombre":"Sentmenat","cod_prov":"08","cod_ccaa":"09"},"geometry":{"type":"Polygon","coordinates":[[[2.08991,41.65975],[2.09891,41.63552],[2.1169,41.61451],[2.1169,41.59028],[2.12589,41.57574],[2.15064,41.57574],[2.16413,41.60159],[2.14839,41.63067],[2.1124,41.64521],[2.09666,41.65975],[2.08991,41.65975]]]}},{"type":"Feature","id":"08268","properties":{"cod_mun":"08268","nombre":"Cercs","cod_prov":"08","cod_ccaa":"09"},"geometry":{"type":"Polygon","coordinates":[[[1.77728,42.14282],[1.82451,42.12182],[1.86725,42.11213],[1.88749,42.10082],[1.87849,42.08628],[1.90773,42.09597],[1.91898,42.11051],[1.88074,42.12505],[1.88974,42.13475],[1.87174,42.1509],[1.865,42.18645],[1.8515,42.19614],[1.84475,42.18968],[1.84475,42.16544],[1.81102,42.16221],[1.77728,42.14282]]]}},{"type":"Feature","id":"08269","properties":{"cod_mun":"08269","nombre":"Seva","cod_prov":"08","cod_ccaa":"09"},"geometry":{"type":"MultiPolygon","coordinates":[[[[2.2451,41.82131],[2.2316,41.80677],[2.2451,41.78092],[2.26759,41.80354],[2.27209,41.81808],[2.2451,41.82131]]],[[[2.2406,41.8504],[2.23385,41.84393],[2.2451,41.83424],[2.25859,41.83747],[2.27659,41.82455],[2.32382,41.83262],[2.34631,41.82778],[2.32607,41.85524],[2.30133,41.8504],[2.27209,41.85686],[2.26084,41.86332],[2.26084,41.86009],[2.25185,41.84555],[2.2406,41.8504]]]]}},{"type":"Feature","id":"08270","properties":{"cod_mun":"08270","nombre":"Sitges","cod_prov":"08","cod_ccaa":"09"},"geometry":{"type":"Polygon","coordinates":[[[1.75704,41.21869],[1.78853,41.22353],[1.81552,41.23646],[1.85375,41.23484],[1.90323,41.25423],[1.94372,41.26392],[1.94372,41.28008],[1.91448,41.28816],[1.90098,41.28008],[1.87174,41.27846],[1.83576,41.26877],[1.80877,41.25423],[1.78403,41.23323],[1.77053,41.23969],[1.75704,41.21869]]]}},{"type":"Feature","id":"08272","properties":{"cod_mun":"08272","nombre":"Sora","cod_prov":"08","cod_ccaa":"09"},"geometry":{"type":"Polygon","coordinates":[[[2.12589,42.11213],[2.13039,42.10082],[2.14839,42.0992],[2.14839,42.07981],[2.16188,42.07981],[2.19562,42.07981],[2.21361,42.08951],[2.20461,42.10728],[2.19112,42.12344],[2.18662,42.13475],[2.14389,42.13151],[2.12589,42.11213]]]}},{"type":"Feature","id":"08273","properties":{"cod_mun":"08273","nombre":"Subirats","cod_prov":"08","cod_ccaa":"09"},"geometry":{"type":"Polygon","coordinates":[[[1.71206,41.39479],[1.7413,41.39479],[1.75029,41.39317],[1.75704,41.38833],[1.79527,41.37379],[1.80202,41.35117],[1.82451,41.36086],[1.84251,41.37863],[1.86949,41.38671],[1.87624,41.38994],[1.87624,41.39964],[1.85375,41.41095],[1.83576,41.43033],[1.81552,41.43841],[1.79527,41.40933],[1.75029,41.42387],[1.74804,41.41741],[1.72105,41.40125],[1.7188,41.39802],[1.71206,41.39479]]]}},{"type":"Feature","id":"08274","properties":{"cod_mun":"08274","nombre":"Súria","cod_prov":"08","cod_ccaa":"09"},"geometry":{"type":"Polygon","coordinates":[[[1.73905,41.85201],[1.7368,41.82293],[1.75479,41.80839],[1.76154,41.80354],[1.79078,41.81647],[1.79302,41.83262],[1.78178,41.85363],[1.77278,41.86332],[1.7413,41.86009],[1.73905,41.85201]]]}},{"type":"Feature","id":"08275","properties":{"cod_mun":"08275","nombre":"Tavèrnoles","cod_prov":"08","cod_ccaa":"09"},"geometry":{"type":"Polygon","coordinates":[[[2.29008,41.96026],[2.35306,41.93441],[2.3688,41.93441],[2.3688,41.95541],[2.38229,41.95864],[2.36655,41.97318],[2.35081,41.98288],[2.34181,41.96511],[2.29458,41.96511],[2.29008,41.96026]]]}},{"type":"Feature","id":"08276","properties":{"cod_mun":"08276","nombre":"Tagamanent","cod_prov":"08","cod_ccaa":"09"},"geometry":{"type":"Polygon","coordinates":[[[2.25185,41.76315],[2.26084,41.74538],[2.25634,41.72761],[2.29908,41.73569],[2.32157,41.71953],[2.35306,41.74538],[2.33506,41.76315],[2.32832,41.789],[2.30358,41.7987],[2.29008,41.789],[2.26534,41.76638],[2.25185,41.76315]]]}},{"type":"Feature","id":"08277","properties":{"cod_mun":"08277","nombre":"Talamanca","cod_prov":"08","cod_ccaa":"09"},"geometry":{"type":"Polygon","coordinates":[[[1.87624,41.72276],[1.93247,41.72276],[1.94372,41.70984],[1.9932,41.71468],[2.00444,41.72922],[2.00219,41.74376],[1.9797,41.75346],[1.92797,41.74538],[1.90323,41.74215],[1.87624,41.72276]]]}},{"type":"Feature","id":"08278","properties":{"cod_mun":"08278","nombre":"Taradell","cod_prov":"08","cod_ccaa":"09"},"geometry":{"type":"Polygon","coordinates":[[[2.2406,41.87463],[2.24735,41.85363],[2.26084,41.86009],[2.26084,41.86332],[2.27209,41.85686],[2.30133,41.8504],[2.32607,41.85524],[2.32382,41.87463],[2.30133,41.89886],[2.27659,41.89402],[2.26084,41.9021],[2.2406,41.87463]]]}},{"type":"Feature","id":"08279","properties":{"cod_mun":"08279","nombre":"Terrassa","cod_prov":"08","cod_ccaa":"09"},"geometry":{"type":"Polygon","coordinates":[[[1.95946,41.53858],[1.98645,41.53535],[1.99095,41.54343],[2.02468,41.52727],[2.03368,41.51758],[2.03368,41.52889],[2.05392,41.52565],[2.06517,41.54181],[2.06292,41.58705],[2.04493,41.6032],[2.02918,41.5919],[1.9797,41.62259],[1.98195,41.64844],[1.97071,41.64844],[1.9752,41.63713],[1.95496,41.62421],[1.94372,41.60159],[1.96171,41.57897],[1.98195,41.57251],[1.9887,41.5612],[1.95946,41.53858]]]}},{"type":"Feature","id":"08280","properties":{"cod_mun":"08280","nombre":"Tavertet","cod_prov":"08","cod_ccaa":"09"},"geometry":{"type":"Polygon","coordinates":[[[2.35531,41.99257],[2.36655,41.97641],[2.38454,41.98934],[2.38904,41.98126],[2.42278,41.99419],[2.44077,41.98449],[2.45427,41.9958],[2.45202,42.02488],[2.42053,42.03619],[2.40254,42.02488],[2.39354,42.00873],[2.38229,42.01681],[2.34406,42.01196],[2.35531,41.99257]]]}},{"type":"Feature","id":"08285","properties":{"cod_mun":"08285","nombre":"Torelló","cod_prov":"08","cod_ccaa":"09"},"geometry":{"type":"Polygon","coordinates":[[[2.2406,42.05396],[2.2361,42.04427],[2.25859,42.01357],[2.28333,42.03296],[2.29458,42.02973],[2.29458,42.0475],[2.29008,42.04912],[2.25185,42.06043],[2.2406,42.05396]]]}},{"type":"Feature","id":"08286","properties":{"cod_mun":"08286","nombre":"Torre de Claramunt, La","cod_prov":"08","cod_ccaa":"09"},"geometry":{"type":"Polygon","coordinates":[[[1.61534,41.51273],[1.64008,41.50627],[1.68057,41.50788],[1.68057,41.51273],[1.67607,41.52889],[1.70306,41.54181],[1.70081,41.54181],[1.66258,41.54343],[1.65133,41.5402],[1.64008,41.52081],[1.61534,41.51273]]]}},{"type":"Feature","id":"08287","properties":{"cod_mun":"08287","nombre":"Torrelavit","cod_prov":"08","cod_ccaa":"09"},"geometry":{"type":"Polygon","coordinates":[[[1.67607,41.43195],[1.70531,41.41741],[1.72105,41.4368],[1.74804,41.41741],[1.75029,41.42387],[1.76828,41.44487],[1.74579,41.45941],[1.71206,41.46749],[1.70531,41.44487],[1.68282,41.44649],[1.67607,41.43195]]]}},{"type":"Feature","id":"08288","properties":{"cod_mun":"08288","nombre":"Torrelles de Foix","cod_prov":"08","cod_ccaa":"09"},"geometry":{"type":"Polygon","coordinates":[[[1.53438,41.44003],[1.54562,41.4368],[1.53438,41.41095],[1.54337,41.40771],[1.53662,41.3851],[1.55012,41.36894],[1.56361,41.36894],[1.5951,41.39802],[1.62884,41.41256],[1.64008,41.41095],[1.59735,41.42064],[1.57261,41.44326],[1.56361,41.45134],[1.53438,41.44003]]]}},{"type":"Feature","id":"08289","properties":{"cod_mun":"08289","nombre":"Torrelles de Llobregat","cod_prov":"08","cod_ccaa":"09"},"geometry":{"type":"Polygon","coordinates":[[[1.94372,41.34955],[1.95946,41.33339],[1.99769,41.35601],[1.99994,41.37217],[1.99095,41.3754],[1.95496,41.36732],[1.94372,41.34955]]]}},{"type":"Feature","id":"08904","properties":{"cod_mun":"08904","nombre":"Badia del Vallès","cod_prov":"08","cod_ccaa":"09"},"geometry":{"type":"Polygon","coordinates":[[[2.1079,41.50788],[2.12589,41.50627],[2.1124,41.51758],[2.1079,41.50788]]]}},{"type":"Feature","id":"08905","properties":{"cod_mun":"08905","nombre":"Palma de Cervelló, La","cod_prov":"08","cod_ccaa":"09"},"geometry":{"type":"Polygon","coordinates":[[[1.93697,41.41579],[1.95046,41.40287],[1.95946,41.40933],[1.98195,41.39964],[1.9887,41.40771],[1.97295,41.41741],[1.94597,41.41741],[1.93697,41.41579]]]}},{"type":"Feature","id":"08290","properties":{"cod_mun":"08290","nombre":"Ullastrell","cod_prov":"08","cod_ccaa":"09"},"geometry":{"type":"MultiPolygon","coordinates":[[[[1.93697,41.50788],[1.95046,41.5095],[1.95022,41.50992],[1.93697,41.50788]]],[[[1.98645,41.53535],[1.95946,41.53858],[1.93922,41.52889],[1.95022,41.50992],[1.96846,41.51273],[1.9797,41.52404],[1.98645,41.53535]]]]}},{"type":"Feature","id":"08291","properties":{"cod_mun":"08291","nombre":"Vacarisses","cod_prov":"08","cod_ccaa":"09"},"geometry":{"type":"Polygon","coordinates":[[[1.86275,41.5919],[1.88524,41.57897],[1.92122,41.57089],[1.94372,41.58059],[1.96171,41.57897],[1.94372,41.60159],[1.95496,41.62421],[1.9752,41.63713],[1.97071,41.64844],[1.95721,41.64683],[1.94147,41.62421],[1.90773,41.63067],[1.89424,41.61936],[1.865,41.61775],[1.86275,41.5919]]]}},{"type":"Feature","id":"08292","properties":{"cod_mun":"08292","nombre":"Vallbona d'Anoia","cod_prov":"08","cod_ccaa":"09"},"geometry":{"type":"Polygon","coordinates":[[[1.69181,41.52242],[1.70756,41.5095],[1.72105,41.51435],[1.71655,41.5515],[1.70081,41.54181],[1.70306,41.54181],[1.69181,41.52242]]]}},{"type":"Feature","id":"08293","properties":{"cod_mun":"08293","nombre":"Vallcebre","cod_prov":"08","cod_ccaa":"09"},"geometry":{"type":"Polygon","coordinates":[[[1.77728,42.18806],[1.80202,42.17998],[1.84475,42.18968],[1.8515,42.19614],[1.83576,42.22845],[1.79977,42.23976],[1.78853,42.20745],[1.77053,42.20583],[1.77728,42.18806]]]}},{"type":"Feature","id":"08294","properties":{"cod_mun":"08294","nombre":"Vallgorguina","cod_prov":"08","cod_ccaa":"09"},"geometry":{"type":"Polygon","coordinates":[[[2.44527,41.6549],[2.47451,41.64683],[2.48575,41.63067],[2.497,41.62259],[2.52399,41.62582],[2.53748,41.64198],[2.54198,41.64844],[2.49025,41.66298],[2.47901,41.67106],[2.44527,41.6549]]]}},{"type":"Feature","id":"08295","properties":{"cod_mun":"08295","nombre":"Vallirana","cod_prov":"08","cod_ccaa":"09"},"geometry":{"type":"Polygon","coordinates":[[[1.86949,41.38671],[1.89873,41.3544],[1.94372,41.34955],[1.95496,41.36732],[1.93247,41.39802],[1.91898,41.38833],[1.87624,41.38994],[1.86949,41.38671]]]}},{"type":"Feature","id":"08296","properties":{"cod_mun":"08296","nombre":"Vallromanes","cod_prov":"08","cod_ccaa":"09"},"geometry":{"type":"Polygon","coordinates":[[[2.26984,41.52242],[2.28108,41.51435],[2.30807,41.51273],[2.32382,41.51596],[2.33056,41.52404],[2.31707,41.53373],[2.28333,41.54343],[2.26984,41.52242]]]}},{"type":"Feature","id":"08297","properties":{"cod_mun":"08297","nombre":"Veciana","cod_prov":"08","cod_ccaa":"09"},"geometry":{"type":"MultiPolygon","coordinates":[[[[1.45116,41.64683],[1.44891,41.63713],[1.48714,41.62582],[1.48939,41.6339],[1.48714,41.64036],[1.45116,41.64683]]],[[[1.44891,41.69368],[1.43991,41.66945],[1.41967,41.67591],[1.43092,41.6549],[1.46915,41.65329],[1.48714,41.6436],[1.50514,41.64844],[1.50289,41.65975],[1.52763,41.65975],[1.53438,41.68722],[1.52313,41.69368],[1.44891,41.69368]]]]}},{"type":"Feature","id":"08298","properties":{"cod_mun":"08298","nombre":"Vic","cod_prov":"08","cod_ccaa":"09"},"geometry":{"type":"Polygon","coordinates":[[[2.16638,41.93118],[2.19787,41.91341],[2.19562,41.89725],[2.19562,41.88109],[2.20911,41.88917],[2.24285,41.91017],[2.26084,41.90371],[2.27659,41.92471],[2.28333,41.93764],[2.28333,41.95703],[2.26084,41.95218],[2.2361,41.93279],[2.20911,41.93764],[2.20012,41.92633],[2.16863,41.93279],[2.16638,41.93118]]]}},{"type":"Feature","id":"08299","properties":{"cod_mun":"08299","nombre":"Vilada","cod_prov":"08","cod_ccaa":"09"},"geometry":{"type":"Polygon","coordinates":[[[1.88974,42.13475],[1.88074,42.12505],[1.91898,42.11051],[1.94372,42.1299],[1.96396,42.1299],[1.96621,42.14606],[1.95046,42.15413],[1.93922,42.14767],[1.90998,42.16706],[1.88974,42.13475]]]}},{"type":"Feature","id":"17001","properties":{"cod_mun":"17001","nombre":"Agullana","cod_prov":"17","cod_ccaa":"09"},"geometry":{"type":"Polygon","coordinates":[[[2.79388,42.41748],[2.81188,42.4094],[2.82087,42.39486],[2.83212,42.37871],[2.85011,42.37871],[2.89509,42.38678],[2.88835,42.38678],[2.85236,42.42717],[2.84112,42.42233],[2.81862,42.4401],[2.79388,42.41748]]]}},{"type":"Feature","id":"08300","properties":{"cod_mun":"08300","nombre":"Viladecavalls","cod_prov":"08","cod_ccaa":"09"},"geometry":{"type":"Polygon","coordinates":[[[1.92122,41.57089],[1.93247,41.53696],[1.93922,41.52889],[1.95946,41.53858],[1.9887,41.5612],[1.98195,41.57251],[1.96171,41.57897],[1.94372,41.58059],[1.92122,41.57089]]]}},{"type":"Feature","id":"08301","properties":{"cod_mun":"08301","nombre":"Viladecans","cod_prov":"08","cod_ccaa":"09"},"geometry":{"type":"Polygon","coordinates":[[[1.9887,41.31401],[2.02468,41.29462],[2.04493,41.27039],[2.07417,41.27685],[2.06967,41.28493],[2.01569,41.33663],[2.01119,41.33824],[1.9887,41.31401]]]}},{"type":"Feature","id":"08302","properties":{"cod_mun":"08302","nombre":"Vilanova del Camí","cod_prov":"08","cod_ccaa":"09"},"geometry":{"type":"Polygon","coordinates":[[[1.58611,41.5402],[1.63784,41.54989],[1.66033,41.56281],[1.67157,41.58382],[1.66033,41.57251],[1.63559,41.57735],[1.63334,41.57251],[1.58611,41.54181],[1.58611,41.5402]]]}},{"type":"Feature","id":"08303","properties":{"cod_mun":"08303","nombre":"Vilanova de Sau","cod_prov":"08","cod_ccaa":"09"},"geometry":{"type":"Polygon","coordinates":[[[2.36655,41.97318],[2.38229,41.95864],[2.3688,41.95541],[2.3688,41.93441],[2.37555,41.92795],[2.40703,41.93118],[2.41153,41.91341],[2.42728,41.89563],[2.44302,41.88756],[2.47001,41.90533],[2.47901,41.93118],[2.46101,41.9441],[2.44302,41.94087],[2.43852,41.96349],[2.44977,41.96995],[2.44077,41.98449],[2.42278,41.99419],[2.38904,41.98126],[2.38454,41.98934],[2.36655,41.97641],[2.36655,41.97318]]]}},{"type":"Feature","id":"17002","properties":{"cod_mun":"17002","nombre":"Aiguaviva","cod_prov":"17","cod_ccaa":"09"},"geometry":{"type":"Polygon","coordinates":[[[2.74665,41.92633],[2.77139,41.90694],[2.79163,41.91017],[2.79388,41.94249],[2.75565,41.94895],[2.74665,41.92633]]]}},{"type":"Feature","id":"17003","properties":{"cod_mun":"17003","nombre":"Albanyà","cod_prov":"17","cod_ccaa":"09"},"geometry":{"type":"Polygon","coordinates":[[[2.54198,42.33347],[2.56222,42.31731],[2.59146,42.32862],[2.6297,42.31247],[2.62745,42.29631],[2.65669,42.29631],[2.67243,42.25753],[2.69042,42.26238],[2.67918,42.27207],[2.70842,42.26723],[2.70167,42.24946],[2.72641,42.24946],[2.73091,42.264],[2.71292,42.29469],[2.73766,42.29954],[2.73541,42.3157],[2.70617,42.32539],[2.75115,42.34155],[2.67468,42.36901],[2.65894,42.38032],[2.67468,42.35932],[2.67468,42.34155],[2.60946,42.34639],[2.58696,42.3577],[2.56222,42.3577],[2.54198,42.33347]]]}},{"type":"Feature","id":"08304","properties":{"cod_mun":"08304","nombre":"Vilobí del Penedès","cod_prov":"08","cod_ccaa":"09"},"geometry":{"type":"Polygon","coordinates":[[[1.64458,41.40771],[1.63784,41.40287],[1.66258,41.37055],[1.68057,41.36894],[1.69856,41.37702],[1.69856,41.38348],[1.66707,41.39156],[1.64458,41.40771]]]}},{"type":"Feature","id":"08305","properties":{"cod_mun":"08305","nombre":"Vilafranca del Penedès","cod_prov":"08","cod_ccaa":"09"},"geometry":{"type":"Polygon","coordinates":[[[1.66482,41.34632],[1.66482,41.33016],[1.68282,41.3237],[1.68507,41.33501],[1.70531,41.32532],[1.73905,41.34794],[1.7323,41.36086],[1.73455,41.36409],[1.69631,41.36894],[1.68732,41.36409],[1.66482,41.34632]]]}},{"type":"Feature","id":"08306","properties":{"cod_mun":"08306","nombre":"Vilalba Sasserra","cod_prov":"08","cod_ccaa":"09"},"geometry":{"type":"Polygon","coordinates":[[[2.44527,41.6549],[2.43627,41.65006],[2.45652,41.63067],[2.48575,41.63067],[2.47451,41.64683],[2.44527,41.6549]]]}},{"type":"Feature","id":"08307","properties":{"cod_mun":"08307","nombre":"Vilanova i la Geltrú","cod_prov":"08","cod_ccaa":"09"},"geometry":{"type":"Polygon","coordinates":[[[1.66932,41.24454],[1.68282,41.20253],[1.75254,41.21869],[1.7233,41.26554],[1.68957,41.272],[1.66932,41.24454]]]}},{"type":"Feature","id":"08308","properties":{"cod_mun":"08308","nombre":"Viver i Serrateix","cod_prov":"08","cod_ccaa":"09"},"geometry":{"type":"Polygon","coordinates":[[[1.71655,41.94087],[1.72105,41.92956],[1.73005,41.91825],[1.76604,41.91179],[1.80877,41.92633],[1.84026,41.91017],[1.86275,41.91664],[1.847,41.93764],[1.85825,41.94087],[1.82676,41.9748],[1.80652,41.97965],[1.80652,41.99257],[1.79527,41.98611],[1.77953,41.99903],[1.76379,41.98934],[1.75479,41.98126],[1.75479,41.95864],[1.74804,41.94249],[1.71655,41.94087]]]}},{"type":"Feature","id":"17004","properties":{"cod_mun":"17004","nombre":"Albons","cod_prov":"17","cod_ccaa":"09"},"geometry":{"type":"Polygon","coordinates":[[[3.05028,42.1089],[3.07727,42.08951],[3.10876,42.10243],[3.09527,42.12667],[3.05028,42.1089]]]}},{"type":"Feature","id":"17010","properties":{"cod_mun":"17010","nombre":"Argelaguer","cod_prov":"17","cod_ccaa":"09"},"geometry":{"type":"Polygon","coordinates":[[[2.60496,42.19452],[2.6297,42.19776],[2.64319,42.18968],[2.65894,42.21391],[2.64319,42.22522],[2.60721,42.22684],[2.60496,42.22199],[2.60496,42.19452]]]}},{"type":"Feature","id":"17011","properties":{"cod_mun":"17011","nombre":"Armentera, L'","cod_prov":"17","cod_ccaa":"09"},"geometry":{"type":"Polygon","coordinates":[[[3.06378,42.17837],[3.08402,42.14929],[3.09302,42.1509],[3.10876,42.15252],[3.08852,42.1606],[3.09077,42.1816],[3.06378,42.17837]]]}},{"type":"Feature","id":"17106","properties":{"cod_mun":"17106","nombre":"Mollet de Peralada","cod_prov":"17","cod_ccaa":"09"},"geometry":{"type":"MultiPolygon","coordinates":[[[[3.03454,42.34478],[3.0143,42.34478],[3.01205,42.32701],[3.02554,42.32701],[3.03454,42.34478]]],[[[2.99855,42.37063],[2.99181,42.35609],[2.99181,42.34478],[3.0143,42.35286],[3.00755,42.37063],[2.99855,42.37063]]]]}},{"type":"Feature","id":"17107","properties":{"cod_mun":"17107","nombre":"Molló","cod_prov":"17","cod_ccaa":"09"},"geometry":{"type":"Polygon","coordinates":[[[2.34181,42.38032],[2.37105,42.37224],[2.38005,42.34639],[2.41828,42.33508],[2.42278,42.32377],[2.44527,42.35932],[2.45652,42.36417],[2.43402,42.37709],[2.43178,42.39486],[2.41378,42.39163],[2.34631,42.4094],[2.34181,42.38032]]]}},{"type":"Feature","id":"17005","properties":{"cod_mun":"17005","nombre":"Far d'Empordà, El","cod_prov":"17","cod_ccaa":"09"},"geometry":{"type":"Polygon","coordinates":[[[2.96707,42.23653],[2.9963,42.23007],[3.01205,42.23491],[3.01205,42.25269],[2.99855,42.264],[2.98281,42.26238],[2.98056,42.24461],[2.96932,42.23815],[2.96707,42.23653]]]}},{"type":"Feature","id":"17006","properties":{"cod_mun":"17006","nombre":"Alp","cod_prov":"17","cod_ccaa":"09"},"geometry":{"type":"Polygon","coordinates":[[[1.87399,42.38032],[1.86949,42.37063],[1.90323,42.33832],[1.89199,42.32054],[1.93247,42.31893],[1.94372,42.30762],[1.95496,42.31247],[1.96171,42.33185],[1.9887,42.33185],[1.9887,42.34316],[2.01569,42.34639],[1.98645,42.36255],[1.96621,42.3674],[1.95271,42.3577],[1.93022,42.35932],[1.89424,42.38194],[1.87399,42.38032]]]}},{"type":"Feature","id":"17007","properties":{"cod_mun":"17007","nombre":"Amer","cod_prov":"17","cod_ccaa":"09"},"geometry":{"type":"Polygon","coordinates":[[[2.54423,42.02973],[2.57572,42.00388],[2.57347,41.98611],[2.58921,41.97965],[2.61845,41.98772],[2.62745,41.98288],[2.66119,41.99257],[2.66119,42.01681],[2.6297,42.01196],[2.60946,42.02811],[2.59596,42.05073],[2.58022,42.03458],[2.55773,42.04427],[2.54423,42.02973]]]}},{"type":"Feature","id":"17012","properties":{"cod_mun":"17012","nombre":"Avinyonet de Puigventós","cod_prov":"17","cod_ccaa":"09"},"geometry":{"type":"Polygon","coordinates":[[[2.89734,42.27854],[2.90409,42.24461],[2.89734,42.22845],[2.90859,42.22522],[2.93108,42.23491],[2.93558,42.26238],[2.92883,42.27369],[2.89734,42.27854]]]}},{"type":"Feature","id":"17013","properties":{"cod_mun":"17013","nombre":"Begur","cod_prov":"17","cod_ccaa":"09"},"geometry":{"type":"Polygon","coordinates":[[[3.18073,41.96187],[3.19648,41.94572],[3.15599,41.93764],[3.16499,41.9231],[3.21897,41.92795],[3.21672,41.94249],[3.23246,41.95056],[3.23021,41.96995],[3.20772,41.98126],[3.18073,41.96187]]]}},{"type":"Feature","id":"17109","properties":{"cod_mun":"17109","nombre":"Montagut i Oix","cod_prov":"17","cod_ccaa":"09"},"geometry":{"type":"Polygon","coordinates":[[[2.46326,42.28015],[2.47451,42.264],[2.51499,42.24784],[2.53299,42.2333],[2.54648,42.22199],[2.55548,42.21714],[2.56222,42.2026],[2.58696,42.20422],[2.57797,42.22037],[2.58696,42.23007],[2.60496,42.22199],[2.60721,42.22684],[2.59596,42.25107],[2.58022,42.25915],[2.59596,42.29146],[2.62745,42.29631],[2.6297,42.31247],[2.59146,42.32862],[2.56222,42.31731],[2.54198,42.33347],[2.52624,42.33347],[2.51949,42.32701],[2.52399,42.29146],[2.55323,42.28985],[2.53748,42.28015],[2.50825,42.28177],[2.50375,42.30439],[2.47901,42.30277],[2.48575,42.28823],[2.46326,42.28015]]]}},{"type":"Feature","id":"17008","properties":{"cod_mun":"17008","nombre":"Anglès","cod_prov":"17","cod_ccaa":"09"},"geometry":{"type":"Polygon","coordinates":[[[2.60271,41.9538],[2.6162,41.92471],[2.6297,41.91987],[2.64994,41.93602],[2.67018,41.93764],[2.67243,41.94895],[2.66119,41.96349],[2.6342,41.96349],[2.60271,41.9538]]]}},{"type":"Feature","id":"17009","properties":{"cod_mun":"17009","nombre":"Arbúcies","cod_prov":"17","cod_ccaa":"09"},"geometry":{"type":"Polygon","coordinates":[[[2.41828,41.8504],[2.42278,41.83747],[2.40703,41.82293],[2.41828,41.80516],[2.43627,41.80354],[2.44302,41.789],[2.47226,41.789],[2.51499,41.79223],[2.53523,41.78254],[2.55098,41.79385],[2.55773,41.83586],[2.58247,41.83424],[2.54873,41.86171],[2.51724,41.8714],[2.51499,41.84393],[2.48126,41.84878],[2.46551,41.86009],[2.44527,41.86009],[2.41828,41.8504]]]}},{"type":"Feature","id":"17019","properties":{"cod_mun":"17019","nombre":"Besalú","cod_prov":"17","cod_ccaa":"09"},"geometry":{"type":"Polygon","coordinates":[[[2.68818,42.21068],[2.67468,42.2026],[2.69717,42.19291],[2.71741,42.19776],[2.70842,42.20906],[2.68818,42.21068]]]}},{"type":"Feature","id":"17020","properties":{"cod_mun":"17020","nombre":"Bescanó","cod_prov":"17","cod_ccaa":"09"},"geometry":{"type":"Polygon","coordinates":[[[2.66119,41.96349],[2.67243,41.94895],[2.69717,41.93764],[2.69942,41.9231],[2.74665,41.92633],[2.75565,41.94895],[2.77814,41.96349],[2.7534,41.96995],[2.72416,41.96995],[2.71516,41.98126],[2.67468,41.97318],[2.66119,41.96349]]]}},{"type":"Feature","id":"17021","properties":{"cod_mun":"17021","nombre":"Beuda","cod_prov":"17","cod_ccaa":"09"},"geometry":{"type":"Polygon","coordinates":[[[2.66119,42.23007],[2.68593,42.22845],[2.68818,42.21068],[2.70842,42.20906],[2.71741,42.19776],[2.72416,42.19776],[2.71966,42.21391],[2.73766,42.2333],[2.7489,42.22684],[2.77814,42.22684],[2.77139,42.25269],[2.73091,42.264],[2.72641,42.24946],[2.70167,42.24946],[2.70842,42.26723],[2.67918,42.27207],[2.69042,42.26238],[2.67243,42.25753],[2.66119,42.23007]]]}},{"type":"Feature","id":"17022","properties":{"cod_mun":"17022","nombre":"Bisbal d'Empordà, La","cod_prov":"17","cod_ccaa":"09"},"geometry":{"type":"Polygon","coordinates":[[[3.02779,41.97157],[3.02105,41.9231],[3.03229,41.90533],[3.05253,41.90048],[3.06153,41.92471],[3.05028,41.94087],[3.04354,41.96672],[3.06378,41.97157],[3.06603,41.98449],[3.04579,41.99096],[3.02779,41.97157]]]}},{"type":"Feature","id":"17023","properties":{"cod_mun":"17023","nombre":"Blanes","cod_prov":"17","cod_ccaa":"09"},"geometry":{"type":"Polygon","coordinates":[[[2.77814,41.73084],[2.76689,41.72438],[2.77364,41.70014],[2.7579,41.67914],[2.76465,41.66621],[2.77814,41.65006],[2.79388,41.67268],[2.81638,41.6856],[2.78939,41.70499],[2.77814,41.73084]]]}},{"type":"Feature","id":"17025","properties":{"cod_mun":"17025","nombre":"Bordils","cod_prov":"17","cod_ccaa":"09"},"geometry":{"type":"Polygon","coordinates":[[[2.8861,42.05073],[2.89734,42.03296],[2.91759,42.03781],[2.92658,42.04104],[2.92883,42.05396],[2.92883,42.06204],[2.89285,42.05396],[2.8861,42.05073]]]}},{"type":"Feature","id":"17029","properties":{"cod_mun":"17029","nombre":"Boadella i les Escaules","cod_prov":"17","cod_ccaa":"09"},"geometry":{"type":"Polygon","coordinates":[[[2.83662,42.33993],[2.83662,42.33024],[2.86586,42.32216],[2.88385,42.31085],[2.89959,42.31893],[2.89959,42.32539],[2.87035,42.33993],[2.85911,42.34639],[2.83662,42.33993]]]}},{"type":"Feature","id":"17115","properties":{"cod_mun":"17115","nombre":"Ordis","cod_prov":"17","cod_ccaa":"09"},"geometry":{"type":"Polygon","coordinates":[[[2.8771,42.2333],[2.8771,42.20422],[2.89285,42.19937],[2.91534,42.20745],[2.90859,42.22522],[2.89734,42.22845],[2.8771,42.2333]]]}},{"type":"Feature","id":"17116","properties":{"cod_mun":"17116","nombre":"Osor","cod_prov":"17","cod_ccaa":"09"},"geometry":{"type":"Polygon","coordinates":[[[2.506,41.94249],[2.497,41.92956],[2.53299,41.9231],[2.54198,41.91179],[2.57797,41.90048],[2.58472,41.90856],[2.61395,41.91341],[2.6162,41.92471],[2.60271,41.9538],[2.59146,41.96349],[2.57347,41.96187],[2.56222,41.97803],[2.54423,42.00065],[2.52399,41.98449],[2.53748,41.95864],[2.52399,41.95703],[2.53074,41.93764],[2.506,41.94249]]]}},{"type":"Feature","id":"17117","properties":{"cod_mun":"17117","nombre":"Palafrugell","cod_prov":"17","cod_ccaa":"09"},"geometry":{"type":"Polygon","coordinates":[[[3.14925,41.9441],[3.12001,41.93764],[3.12675,41.91179],[3.14925,41.91825],[3.15599,41.89725],[3.17848,41.87463],[3.18298,41.88756],[3.20322,41.89079],[3.21897,41.92795],[3.16499,41.9231],[3.15599,41.93764],[3.14925,41.9441]]]}},{"type":"Feature","id":"17030","properties":{"cod_mun":"17030","nombre":"Cabanes","cod_prov":"17","cod_ccaa":"09"},"geometry":{"type":"Polygon","coordinates":[[[2.94458,42.33185],[2.95357,42.30277],[2.96257,42.28985],[2.96932,42.27692],[2.97606,42.29146],[2.98956,42.28985],[2.9963,42.30762],[2.97831,42.32216],[2.94458,42.33185]]]}},{"type":"Feature","id":"17031","properties":{"cod_mun":"17031","nombre":"Cabanelles","cod_prov":"17","cod_ccaa":"09"},"geometry":{"type":"MultiPolygon","coordinates":[[[[2.83437,42.20099],[2.82762,42.18321],[2.84786,42.17998],[2.86136,42.19614],[2.83437,42.20099]]],[[[2.73766,42.29954],[2.71292,42.29469],[2.73091,42.264],[2.77139,42.25269],[2.77814,42.22684],[2.77814,42.2123],[2.78714,42.19937],[2.83437,42.2026],[2.84561,42.21714],[2.83437,42.23653],[2.80513,42.2333],[2.78039,42.26561],[2.80288,42.27531],[2.78489,42.30277],[2.78489,42.306],[2.73766,42.29954]]]]}},{"type":"Feature","id":"17032","properties":{"cod_mun":"17032","nombre":"Cadaqués","cod_prov":"17","cod_ccaa":"09"},"geometry":{"type":"Polygon","coordinates":[[[3.28194,42.33185],[3.28644,42.31893],[3.23696,42.29792],[3.25495,42.25269],[3.27969,42.25269],[3.28869,42.26723],[3.27745,42.28015],[3.31118,42.31731],[3.30668,42.32701],[3.28194,42.33185]]]}},{"type":"Feature","id":"17033","properties":{"cod_mun":"17033","nombre":"Caldes de Malavella","cod_prov":"17","cod_ccaa":"09"},"geometry":{"type":"Polygon","coordinates":[[[2.7534,41.85363],[2.76465,41.84878],[2.76015,41.8197],[2.78489,41.80677],[2.82087,41.80516],[2.87035,41.77285],[2.85461,41.79223],[2.86136,41.80677],[2.85011,41.8197],[2.86136,41.84878],[2.83662,41.86009],[2.81862,41.8504],[2.80963,41.87786],[2.79838,41.86978],[2.77139,41.88271],[2.7534,41.85363]]]}},{"type":"Feature","id":"17034","properties":{"cod_mun":"17034","nombre":"Calonge i Sant Antoni","cod_prov":"17","cod_ccaa":"09"},"geometry":{"type":"Polygon","coordinates":[[[3.05478,41.89886],[3.06378,41.88432],[3.04579,41.8714],[3.02105,41.86817],[3.03454,41.84878],[3.06603,41.84232],[3.08177,41.82455],[3.10426,41.84555],[3.11776,41.84878],[3.09527,41.88917],[3.07502,41.90048],[3.05478,41.89886]]]}},{"type":"Feature","id":"17035","properties":{"cod_mun":"17035","nombre":"Camós","cod_prov":"17","cod_ccaa":"09"},"geometry":{"type":"Polygon","coordinates":[[[2.73316,42.08628],[2.72866,42.07981],[2.7579,42.07174],[2.76689,42.05881],[2.79838,42.07981],[2.78039,42.0992],[2.7399,42.10082],[2.73316,42.08628]]]}},{"type":"Feature","id":"17041","properties":{"cod_mun":"17041","nombre":"Cantallops","cod_prov":"17","cod_ccaa":"09"},"geometry":{"type":"Polygon","coordinates":[[[2.91759,42.39809],[2.94233,42.38678],[2.95807,42.40456],[2.94682,42.42879],[2.91759,42.45141],[2.90184,42.4401],[2.90859,42.41263],[2.91759,42.39809]]]}},{"type":"Feature","id":"17042","properties":{"cod_mun":"17042","nombre":"Capmany","cod_prov":"17","cod_ccaa":"09"},"geometry":{"type":"Polygon","coordinates":[[[2.85011,42.37871],[2.86586,42.36093],[2.8726,42.36578],[2.90184,42.35609],[2.93333,42.33832],[2.95132,42.35609],[2.94233,42.38678],[2.91759,42.39809],[2.89509,42.38678],[2.85011,42.37871]]]}},{"type":"Feature","id":"17043","properties":{"cod_mun":"17043","nombre":"Queralbs","cod_prov":"17","cod_ccaa":"09"},"geometry":{"type":"Polygon","coordinates":[[[2.08766,42.36417],[2.12814,42.3367],[2.16863,42.33347],[2.19562,42.34316],[2.21361,42.33508],[2.22036,42.33993],[2.22036,42.36901],[2.2361,42.37709],[2.24735,42.39648],[2.23385,42.42556],[2.20686,42.41748],[2.16863,42.42556],[2.12814,42.41263],[2.1169,42.38355],[2.08991,42.37386],[2.08766,42.36417]]]}},{"type":"Feature","id":"17044","properties":{"cod_mun":"17044","nombre":"Cassà de la Selva","cod_prov":"17","cod_ccaa":"09"},"geometry":{"type":"Polygon","coordinates":[[[2.83212,41.87786],[2.83662,41.86009],[2.86136,41.84878],[2.8861,41.86009],[2.94233,41.86494],[2.95582,41.88432],[2.93558,41.89725],[2.89509,41.9021],[2.8861,41.91017],[2.84561,41.90694],[2.85011,41.89079],[2.83212,41.87786]]]}},{"type":"Feature","id":"17047","properties":{"cod_mun":"17047","nombre":"Castelló d'Empúries","cod_prov":"17","cod_ccaa":"09"},"geometry":{"type":"Polygon","coordinates":[[[3.05028,42.26238],[3.06153,42.23815],[3.06603,42.2123],[3.07053,42.21068],[3.07502,42.21876],[3.11101,42.20422],[3.12001,42.22684],[3.15149,42.25753],[3.13125,42.27046],[3.10876,42.28662],[3.09976,42.28662],[3.08627,42.27369],[3.05028,42.26238]]]}},{"type":"Feature","id":"17048","properties":{"cod_mun":"17048","nombre":"Castell d'Aro, Platja d'Aro i s'Agaró","cod_prov":"17","cod_ccaa":"09"},"geometry":{"type":"Polygon","coordinates":[[[3.03454,41.84878],[3.0143,41.83262],[3.02779,41.80031],[3.05478,41.79062],[3.08177,41.82455],[3.06603,41.84232],[3.03454,41.84878]]]}},{"type":"Feature","id":"17055","properties":{"cod_mun":"17055","nombre":"Colomers","cod_prov":"17","cod_ccaa":"09"},"geometry":{"type":"Polygon","coordinates":[[[2.96932,42.07981],[2.97831,42.07335],[2.97831,42.08466],[2.99855,42.07174],[3.00305,42.09112],[2.97606,42.09597],[2.96932,42.07981]]]}},{"type":"Feature","id":"17056","properties":{"cod_mun":"17056","nombre":"Cornellà del Terri","cod_prov":"17","cod_ccaa":"09"},"geometry":{"type":"Polygon","coordinates":[[[2.78039,42.0992],[2.79838,42.07981],[2.82312,42.0782],[2.81638,42.06527],[2.82987,42.05558],[2.84336,42.05396],[2.85686,42.0782],[2.84336,42.09759],[2.84112,42.12021],[2.80513,42.11374],[2.79838,42.11536],[2.78039,42.0992]]]}},{"type":"Feature","id":"17057","properties":{"cod_mun":"17057","nombre":"Corçà","cod_prov":"17","cod_ccaa":"09"},"geometry":{"type":"Polygon","coordinates":[[[2.98056,41.99742],[2.98731,41.98934],[3.0143,41.97157],[3.02779,41.97157],[3.04579,41.99096],[3.05028,42.00873],[3.02779,42.01034],[3.00755,42.00226],[2.99406,42.01681],[2.98056,41.99742]]]}},{"type":"Feature","id":"17058","properties":{"cod_mun":"17058","nombre":"Crespià","cod_prov":"17","cod_ccaa":"09"},"geometry":{"type":"Polygon","coordinates":[[[2.77139,42.18968],[2.80963,42.17837],[2.82762,42.18321],[2.83437,42.20099],[2.83437,42.2026],[2.78714,42.19937],[2.77814,42.2123],[2.76465,42.20099],[2.77139,42.18968]]]}},{"type":"Feature","id":"17060","properties":{"cod_mun":"17060","nombre":"Darnius","cod_prov":"17","cod_ccaa":"09"},"geometry":{"type":"Polygon","coordinates":[[[2.77814,42.35286],[2.82762,42.34155],[2.83662,42.33993],[2.85911,42.34639],[2.87035,42.33993],[2.90184,42.35609],[2.8726,42.36578],[2.86586,42.36093],[2.85011,42.37871],[2.83212,42.37871],[2.82087,42.39486],[2.78939,42.39971],[2.79613,42.37063],[2.77814,42.36417],[2.77814,42.35286]]]}},{"type":"Feature","id":"17118","properties":{"cod_mun":"17118","nombre":"Palamós","cod_prov":"17","cod_ccaa":"09"},"geometry":{"type":"Polygon","coordinates":[[[3.147,41.87786],[3.13125,41.86978],[3.09752,41.88917],[3.09527,41.88917],[3.11776,41.84878],[3.14475,41.8504],[3.15149,41.86171],[3.17848,41.86817],[3.147,41.87786]]]}},{"type":"Feature","id":"17049","properties":{"cod_mun":"17049","nombre":"Celrà","cod_prov":"17","cod_ccaa":"09"},"geometry":{"type":"Polygon","coordinates":[[[2.85236,42.02327],[2.84786,42.00711],[2.8681,41.99096],[2.89509,41.98772],[2.89734,42.03296],[2.8861,42.05073],[2.86361,42.04104],[2.85236,42.02327]]]}},{"type":"Feature","id":"17050","properties":{"cod_mun":"17050","nombre":"Cervià de Ter","cod_prov":"17","cod_ccaa":"09"},"geometry":{"type":"Polygon","coordinates":[[[2.88385,42.06689],[2.89285,42.05396],[2.92883,42.06204],[2.92883,42.05396],[2.93783,42.05881],[2.93333,42.07497],[2.89734,42.08789],[2.88385,42.06689]]]}},{"type":"Feature","id":"17051","properties":{"cod_mun":"17051","nombre":"Cistella","cod_prov":"17","cod_ccaa":"09"},"geometry":{"type":"Polygon","coordinates":[[[2.78489,42.30277],[2.80288,42.27531],[2.82537,42.26561],[2.83887,42.24622],[2.85461,42.24622],[2.8681,42.28338],[2.86586,42.29308],[2.80963,42.30439],[2.78489,42.30277]]]}},{"type":"Feature","id":"17061","properties":{"cod_mun":"17061","nombre":"Das","cod_prov":"17","cod_ccaa":"09"},"geometry":{"type":"Polygon","coordinates":[[[1.83126,42.37871],[1.856,42.36901],[1.847,42.35932],[1.88749,42.3367],[1.89199,42.32054],[1.90323,42.33832],[1.86949,42.37063],[1.87399,42.38032],[1.865,42.39486],[1.85825,42.39325],[1.83126,42.37871]]]}},{"type":"Feature","id":"17062","properties":{"cod_mun":"17062","nombre":"Escala, L'","cod_prov":"17","cod_ccaa":"09"},"geometry":{"type":"Polygon","coordinates":[[[3.09302,42.1509],[3.09077,42.14121],[3.09527,42.12667],[3.10876,42.10243],[3.129,42.10728],[3.13125,42.09759],[3.16949,42.1089],[3.15149,42.12021],[3.138,42.11536],[3.11776,42.14606],[3.10876,42.15252],[3.09302,42.1509]]]}},{"type":"Feature","id":"17063","properties":{"cod_mun":"17063","nombre":"Espinelves","cod_prov":"17","cod_ccaa":"09"},"geometry":{"type":"Polygon","coordinates":[[[2.38904,41.87786],[2.41828,41.8504],[2.44527,41.86009],[2.45427,41.87948],[2.44302,41.88756],[2.42728,41.89563],[2.40703,41.89563],[2.38904,41.87786]]]}},{"type":"Feature","id":"17064","properties":{"cod_mun":"17064","nombre":"Espolla","cod_prov":"17","cod_ccaa":"09"},"geometry":{"type":"Polygon","coordinates":[[[2.97156,42.43525],[2.97156,42.41587],[2.99855,42.37063],[3.00755,42.37063],[3.02105,42.3884],[3.02329,42.41748],[3.03904,42.42394],[3.03229,42.4401],[3.04579,42.4611],[3.04129,42.47403],[3.0143,42.46595],[2.98956,42.47403],[2.98056,42.46757],[2.98731,42.44979],[2.97156,42.43525]]]}},{"type":"Feature","id":"17065","properties":{"cod_mun":"17065","nombre":"Esponellà","cod_prov":"17","cod_ccaa":"09"},"geometry":{"type":"Polygon","coordinates":[[[2.76914,42.15898],[2.79838,42.14929],[2.81413,42.16383],[2.84561,42.16221],[2.84786,42.17998],[2.82762,42.18321],[2.80963,42.17837],[2.77139,42.18968],[2.76914,42.18968],[2.76914,42.15898]]]}},{"type":"Feature","id":"17066","properties":{"cod_mun":"17066","nombre":"Figueres","cod_prov":"17","cod_ccaa":"09"},"geometry":{"type":"Polygon","coordinates":[[[2.93108,42.27531],[2.96932,42.24622],[2.96932,42.23815],[2.98056,42.24461],[2.98281,42.26238],[2.99855,42.264],[3.03004,42.27369],[3.00305,42.28662],[2.99181,42.28338],[2.96932,42.27692],[2.96257,42.28985],[2.93333,42.28662],[2.93108,42.27531]]]}},{"type":"Feature","id":"17067","properties":{"cod_mun":"17067","nombre":"Flaçà","cod_prov":"17","cod_ccaa":"09"},"geometry":{"type":"Polygon","coordinates":[[[2.94458,42.03296],[2.95357,42.03135],[2.97831,42.03619],[2.97156,42.06043],[2.94682,42.05396],[2.94458,42.03296]]]}},{"type":"Feature","id":"17068","properties":{"cod_mun":"17068","nombre":"Foixà","cod_prov":"17","cod_ccaa":"09"},"geometry":{"type":"Polygon","coordinates":[[[2.97156,42.06043],[2.97831,42.03619],[2.99181,42.02327],[3.02105,42.02811],[3.02554,42.02811],[3.02554,42.04104],[3.04129,42.05396],[3.02779,42.05881],[3.0008,42.0572],[2.99855,42.07174],[2.97831,42.08466],[2.97831,42.07335],[2.97156,42.06043]]]}},{"type":"Feature","id":"17069","properties":{"cod_mun":"17069","nombre":"Fontanals de Cerdanya","cod_prov":"17","cod_ccaa":"09"},"geometry":{"type":"Polygon","coordinates":[[[1.865,42.39486],[1.87399,42.38032],[1.89424,42.38194],[1.93022,42.35932],[1.95271,42.3577],[1.96621,42.3674],[1.94597,42.39486],[1.94372,42.41425],[1.91223,42.40779],[1.90773,42.39971],[1.86725,42.40132],[1.865,42.39486]]]}},{"type":"Feature","id":"17070","properties":{"cod_mun":"17070","nombre":"Fontanilles","cod_prov":"17","cod_ccaa":"09"},"geometry":{"type":"Polygon","coordinates":[[[3.07727,42.04104],[3.08177,42.02004],[3.09752,42.00065],[3.14025,42.00065],[3.16499,42.00388],[3.147,42.0055],[3.12226,42.01842],[3.09527,42.01842],[3.09302,42.03942],[3.08402,42.03942],[3.07727,42.04104]]]}},{"type":"Feature","id":"17071","properties":{"cod_mun":"17071","nombre":"Fontcoberta","cod_prov":"17","cod_ccaa":"09"},"geometry":{"type":"Polygon","coordinates":[[[2.76465,42.14282],[2.80513,42.11374],[2.84112,42.12021],[2.84561,42.13798],[2.82312,42.1509],[2.80288,42.14121],[2.79838,42.14929],[2.76914,42.15898],[2.76465,42.14282]]]}},{"type":"Feature","id":"17073","properties":{"cod_mun":"17073","nombre":"Fornells de la Selva","cod_prov":"17","cod_ccaa":"09"},"geometry":{"type":"Polygon","coordinates":[[[2.79163,41.91017],[2.81638,41.91179],[2.83662,41.91664],[2.83887,41.92795],[2.81862,41.93764],[2.80288,41.94895],[2.79388,41.94249],[2.79163,41.91017]]]}},{"type":"Feature","id":"17074","properties":{"cod_mun":"17074","nombre":"Fortià","cod_prov":"17","cod_ccaa":"09"},"geometry":{"type":"Polygon","coordinates":[[[3.01205,42.23491],[3.0143,42.23168],[3.02105,42.22361],[3.06153,42.23815],[3.05028,42.26238],[3.04579,42.25915],[3.01205,42.25269],[3.01205,42.23491]]]}},{"type":"Feature","id":"17077","properties":{"cod_mun":"17077","nombre":"Garriguella","cod_prov":"17","cod_ccaa":"09"},"geometry":{"type":"Polygon","coordinates":[[[3.02554,42.32701],[3.04803,42.31408],[3.07502,42.32377],[3.09527,42.35286],[3.08627,42.37224],[3.04803,42.3674],[3.04579,42.34962],[3.03454,42.34478],[3.02554,42.32701]]]}},{"type":"Feature","id":"17075","properties":{"cod_mun":"17075","nombre":"Garrigàs","cod_prov":"17","cod_ccaa":"09"},"geometry":{"type":"Polygon","coordinates":[[[2.92433,42.16544],[2.94233,42.14606],[2.97156,42.15413],[2.97156,42.15736],[2.96257,42.16544],[2.95582,42.19129],[2.98956,42.19452],[2.98281,42.21391],[2.95582,42.20583],[2.94682,42.2123],[2.93783,42.20099],[2.92433,42.16544]]]}},{"type":"Feature","id":"17076","properties":{"cod_mun":"17076","nombre":"Garrigoles","cod_prov":"17","cod_ccaa":"09"},"geometry":{"type":"Polygon","coordinates":[[[3.00305,42.09274],[3.02105,42.08628],[3.03454,42.08951],[3.04579,42.11051],[3.03454,42.12182],[3.0188,42.12667],[3.0053,42.11051],[3.00305,42.09274]]]}},{"type":"Feature","id":"17078","properties":{"cod_mun":"17078","nombre":"Ger","cod_prov":"17","cod_ccaa":"09"},"geometry":{"type":"Polygon","coordinates":[[[1.76379,42.48695],[1.79302,42.47564],[1.81327,42.43041],[1.80652,42.41748],[1.82451,42.40132],[1.85825,42.39325],[1.865,42.39486],[1.86725,42.40132],[1.86275,42.42879],[1.8515,42.44333],[1.80877,42.48534],[1.76379,42.48695]]]}},{"type":"Feature","id":"17079","properties":{"cod_mun":"17079","nombre":"Girona","cod_prov":"17","cod_ccaa":"09"},"geometry":{"type":"Polygon","coordinates":[[[2.78264,41.98449],[2.80063,41.98288],[2.79838,41.96026],[2.80288,41.94895],[2.81862,41.93764],[2.83437,41.94895],[2.83437,41.96511],[2.86586,41.96834],[2.89734,41.98449],[2.89509,41.98772],[2.8681,41.99096],[2.84786,42.00711],[2.85236,42.02327],[2.82762,42.02004],[2.80738,42.00226],[2.78264,41.98449]]]}},{"type":"Feature","id":"17080","properties":{"cod_mun":"17080","nombre":"Gombrèn","cod_prov":"17","cod_ccaa":"09"},"geometry":{"type":"Polygon","coordinates":[[[2.02918,42.25107],[2.02918,42.21553],[2.05392,42.21876],[2.07641,42.21391],[2.09441,42.22199],[2.09666,42.24461],[2.12365,42.27531],[2.09666,42.28177],[2.07866,42.28662],[2.06967,42.29146],[2.02918,42.25107]]]}},{"type":"Feature","id":"17081","properties":{"cod_mun":"17081","nombre":"Gualta","cod_prov":"17","cod_ccaa":"09"},"geometry":{"type":"Polygon","coordinates":[[[3.09302,42.03942],[3.09527,42.01842],[3.12226,42.01842],[3.147,42.0055],[3.14025,42.02488],[3.11551,42.03942],[3.09302,42.03942]]]}},{"type":"Feature","id":"17085","properties":{"cod_mun":"17085","nombre":"Jafre","cod_prov":"17","cod_ccaa":"09"},"geometry":{"type":"Polygon","coordinates":[[[2.99855,42.07174],[3.0008,42.0572],[3.02779,42.05881],[3.02105,42.08628],[3.00305,42.09274],[3.00305,42.09112],[2.99855,42.07174]]]}},{"type":"Feature","id":"17086","properties":{"cod_mun":"17086","nombre":"Jonquera, La","cod_prov":"17","cod_ccaa":"09"},"geometry":{"type":"Polygon","coordinates":[[[2.81862,42.4401],[2.84112,42.42233],[2.85236,42.42717],[2.88835,42.38678],[2.89509,42.38678],[2.91759,42.39809],[2.90859,42.41263],[2.90184,42.4401],[2.91759,42.45141],[2.94682,42.42879],[2.97156,42.43525],[2.98731,42.44979],[2.98056,42.46757],[2.96707,42.46595],[2.94682,42.48211],[2.91759,42.45626],[2.8816,42.4611],[2.87035,42.46757],[2.86136,42.45464],[2.83887,42.45949],[2.81862,42.4401]]]}},{"type":"Feature","id":"17082","properties":{"cod_mun":"17082","nombre":"Guils de Cerdanya","cod_prov":"17","cod_ccaa":"09"},"geometry":{"type":"Polygon","coordinates":[[[1.76379,42.48695],[1.80877,42.48534],[1.8515,42.44333],[1.89873,42.42071],[1.91673,42.42394],[1.90998,42.44656],[1.88299,42.45141],[1.88074,42.45949],[1.847,42.46757],[1.84251,42.47726],[1.80427,42.49018],[1.76379,42.48695]]]}},{"type":"Feature","id":"17083","properties":{"cod_mun":"17083","nombre":"Hostalric","cod_prov":"17","cod_ccaa":"09"},"geometry":{"type":"Polygon","coordinates":[[[2.6207,41.73084],[2.64769,41.74376],[2.63195,41.75346],[2.61395,41.74053],[2.6207,41.73084]]]}},{"type":"Feature","id":"17084","properties":{"cod_mun":"17084","nombre":"Isòvol","cod_prov":"17","cod_ccaa":"09"},"geometry":{"type":"Polygon","coordinates":[[[1.80652,42.41748],[1.80652,42.39002],[1.79977,42.37871],[1.81777,42.37386],[1.83126,42.37871],[1.85825,42.39325],[1.82451,42.40132],[1.80652,42.41748]]]}},{"type":"Feature","id":"17088","properties":{"cod_mun":"17088","nombre":"Lladó","cod_prov":"17","cod_ccaa":"09"},"geometry":{"type":"Polygon","coordinates":[[[2.80288,42.27531],[2.78039,42.26561],[2.80513,42.2333],[2.83437,42.23653],[2.83887,42.24622],[2.82537,42.26561],[2.80288,42.27531]]]}},{"type":"Feature","id":"17089","properties":{"cod_mun":"17089","nombre":"Llagostera","cod_prov":"17","cod_ccaa":"09"},"geometry":{"type":"Polygon","coordinates":[[[2.86136,41.84878],[2.85011,41.8197],[2.86136,41.80677],[2.85461,41.79223],[2.87035,41.77285],[2.90184,41.77285],[2.92883,41.7583],[2.94907,41.768],[2.96032,41.77446],[2.94458,41.789],[2.92883,41.82455],[2.96932,41.82616],[2.96257,41.85201],[2.94233,41.86494],[2.8861,41.86009],[2.86136,41.84878]]]}},{"type":"Feature","id":"17090","properties":{"cod_mun":"17090","nombre":"Llambilles","cod_prov":"17","cod_ccaa":"09"},"geometry":{"type":"Polygon","coordinates":[[[2.83662,41.91664],[2.84561,41.90694],[2.8861,41.91017],[2.90184,41.91825],[2.89734,41.93279],[2.88835,41.93926],[2.85911,41.93926],[2.83887,41.92795],[2.83662,41.91664]]]}},{"type":"Feature","id":"17091","properties":{"cod_mun":"17091","nombre":"Llanars","cod_prov":"17","cod_ccaa":"09"},"geometry":{"type":"Polygon","coordinates":[[[2.31932,42.29631],[2.35081,42.306],[2.3733,42.3577],[2.37105,42.37224],[2.34181,42.38032],[2.31932,42.36417],[2.33731,42.34316],[2.31932,42.29631]]]}},{"type":"Feature","id":"17092","properties":{"cod_mun":"17092","nombre":"Llançà","cod_prov":"17","cod_ccaa":"09"},"geometry":{"type":"Polygon","coordinates":[[[3.09302,42.39809],[3.07727,42.39163],[3.08627,42.37224],[3.09527,42.35286],[3.13125,42.34155],[3.16499,42.34155],[3.17399,42.35447],[3.15599,42.37871],[3.16724,42.39002],[3.11101,42.37386],[3.09302,42.39809]]]}},{"type":"Feature","id":"17093","properties":{"cod_mun":"17093","nombre":"Llers","cod_prov":"17","cod_ccaa":"09"},"geometry":{"type":"Polygon","coordinates":[[[2.8726,42.28338],[2.89734,42.27854],[2.92883,42.27369],[2.93108,42.27531],[2.93333,42.28662],[2.96257,42.28985],[2.95357,42.30277],[2.89959,42.31893],[2.88385,42.31085],[2.8726,42.28338]]]}},{"type":"Feature","id":"17094","properties":{"cod_mun":"17094","nombre":"Llívia","cod_prov":"17","cod_ccaa":"09"},"geometry":{"type":"Polygon","coordinates":[[[1.97295,42.48372],[1.95721,42.45787],[1.9842,42.44656],[2.01344,42.44818],[1.98645,42.47564],[1.99769,42.48534],[1.97745,42.49503],[1.97295,42.48372]]]}},{"type":"Feature","id":"17095","properties":{"cod_mun":"17095","nombre":"Lloret de Mar","cod_prov":"17","cod_ccaa":"09"},"geometry":{"type":"Polygon","coordinates":[[[2.78939,41.73892],[2.77589,41.73569],[2.77814,41.73084],[2.78939,41.70499],[2.81638,41.6856],[2.85461,41.70014],[2.89734,41.70499],[2.87035,41.74538],[2.84786,41.76154],[2.78939,41.73892]]]}},{"type":"Feature","id":"17096","properties":{"cod_mun":"17096","nombre":"Llosses, Les","cod_prov":"17","cod_ccaa":"09"},"geometry":{"type":"MultiPolygon","coordinates":[[[[2.01794,42.1089],[2.03143,42.12667],[2.00219,42.12505],[2.01794,42.1089]]],[[[2.00669,42.19291],[1.96396,42.19937],[1.96621,42.17837],[1.99095,42.18321],[1.99095,42.17191],[2.00444,42.14929],[2.02468,42.15252],[2.06067,42.13475],[2.09216,42.14444],[2.10115,42.12344],[2.12589,42.11213],[2.14389,42.13151],[2.18662,42.13475],[2.19112,42.12344],[2.21361,42.12828],[2.20911,42.13959],[2.18212,42.17029],[2.16863,42.17029],[2.15513,42.19937],[2.13714,42.20745],[2.09441,42.22199],[2.07641,42.21391],[2.05392,42.21876],[2.05842,42.17514],[2.03818,42.17837],[2.02693,42.16706],[2.00444,42.16221],[1.99545,42.17191],[2.00669,42.19291]]]]}},{"type":"Feature","id":"17097","properties":{"cod_mun":"17097","nombre":"Madremanya","cod_prov":"17","cod_ccaa":"09"},"geometry":{"type":"Polygon","coordinates":[[[2.91759,41.96834],[2.94458,41.96672],[2.98731,41.98934],[2.98056,41.99742],[2.95132,42.0055],[2.94008,42.00388],[2.91759,41.96834]]]}},{"type":"Feature","id":"17098","properties":{"cod_mun":"17098","nombre":"Maià de Montcal","cod_prov":"17","cod_ccaa":"09"},"geometry":{"type":"Polygon","coordinates":[[[2.72416,42.19776],[2.76015,42.18645],[2.76914,42.18968],[2.77139,42.18968],[2.76465,42.20099],[2.77814,42.2123],[2.77814,42.22684],[2.7489,42.22684],[2.73766,42.2333],[2.71966,42.21391],[2.72416,42.19776]]]}},{"type":"Feature","id":"17099","properties":{"cod_mun":"17099","nombre":"Meranges","cod_prov":"17","cod_ccaa":"09"},"geometry":{"type":"Polygon","coordinates":[[[1.73005,42.47726],[1.7323,42.4401],[1.77053,42.42879],[1.79527,42.43041],[1.80652,42.41748],[1.81327,42.43041],[1.79302,42.47564],[1.76379,42.48695],[1.73005,42.4918],[1.73005,42.47726]]]}},{"type":"Feature","id":"17101","properties":{"cod_mun":"17101","nombre":"Massanes","cod_prov":"17","cod_ccaa":"09"},"geometry":{"type":"Polygon","coordinates":[[[2.6252,41.80031],[2.61845,41.76961],[2.63195,41.75346],[2.64769,41.74376],[2.67018,41.74538],[2.67918,41.78254],[2.67243,41.7987],[2.6252,41.80031]]]}},{"type":"Feature","id":"17102","properties":{"cod_mun":"17102","nombre":"Maçanet de Cabrenys","cod_prov":"17","cod_ccaa":"09"},"geometry":{"type":"Polygon","coordinates":[[[2.65894,42.38032],[2.67468,42.36901],[2.75115,42.34155],[2.77814,42.35286],[2.77814,42.36417],[2.79613,42.37063],[2.78939,42.39971],[2.77139,42.41263],[2.75565,42.42556],[2.71741,42.42071],[2.69267,42.40617],[2.67918,42.40617],[2.65894,42.38032]]]}},{"type":"Feature","id":"17100","properties":{"cod_mun":"17100","nombre":"Masarac i Vilarnadal","cod_prov":"17","cod_ccaa":"09"},"geometry":{"type":"Polygon","coordinates":[[[2.93333,42.33832],[2.94233,42.33185],[2.94458,42.33185],[2.97831,42.32216],[2.97381,42.33347],[2.99181,42.34478],[2.99181,42.35609],[2.95132,42.35609],[2.93333,42.33832]]]}},{"type":"Feature","id":"17103","properties":{"cod_mun":"17103","nombre":"Maçanet de la Selva","cod_prov":"17","cod_ccaa":"09"},"geometry":{"type":"Polygon","coordinates":[[[2.67018,41.74538],[2.67918,41.74053],[2.72416,41.74376],[2.7444,41.73569],[2.77589,41.73569],[2.78939,41.73892],[2.76015,41.768],[2.75565,41.789],[2.70392,41.79546],[2.67918,41.78254],[2.67018,41.74538]]]}},{"type":"Feature","id":"17105","properties":{"cod_mun":"17105","nombre":"Mieres","cod_prov":"17","cod_ccaa":"09"},"geometry":{"type":"Polygon","coordinates":[[[2.59371,42.11697],[2.63195,42.08951],[2.63645,42.08789],[2.66568,42.12344],[2.65669,42.14282],[2.6297,42.15252],[2.60946,42.1299],[2.59371,42.13313],[2.59371,42.11697]]]}},{"type":"Feature","id":"17110","properties":{"cod_mun":"17110","nombre":"Mont-ras","cod_prov":"17","cod_ccaa":"09"},"geometry":{"type":"Polygon","coordinates":[[[3.17848,41.87463],[3.15599,41.89725],[3.14925,41.91825],[3.12675,41.91179],[3.12675,41.89402],[3.147,41.87786],[3.17848,41.86817],[3.17848,41.87463]]]}},{"type":"Feature","id":"17111","properties":{"cod_mun":"17111","nombre":"Navata","cod_prov":"17","cod_ccaa":"09"},"geometry":{"type":"Polygon","coordinates":[[[2.83437,42.23653],[2.84561,42.21714],[2.83437,42.2026],[2.83437,42.20099],[2.86136,42.19614],[2.87935,42.19614],[2.88835,42.17998],[2.89285,42.19937],[2.8771,42.20422],[2.8771,42.2333],[2.85461,42.24622],[2.83887,42.24622],[2.83437,42.23653]]]}},{"type":"Feature","id":"17112","properties":{"cod_mun":"17112","nombre":"Ogassa","cod_prov":"17","cod_ccaa":"09"},"geometry":{"type":"Polygon","coordinates":[[[2.17313,42.24946],[2.19337,42.24138],[2.22711,42.2333],[2.25634,42.23976],[2.27209,42.25592],[2.29683,42.25753],[2.33281,42.27369],[2.31257,42.285],[2.31482,42.29631],[2.27884,42.29469],[2.25634,42.285],[2.20911,42.28015],[2.20686,42.26561],[2.17313,42.24946]]]}},{"type":"Feature","id":"17114","properties":{"cod_mun":"17114","nombre":"Olot","cod_prov":"17","cod_ccaa":"09"},"geometry":{"type":"Polygon","coordinates":[[[2.44752,42.19776],[2.44752,42.18806],[2.45876,42.1606],[2.47226,42.16383],[2.497,42.14929],[2.54423,42.15575],[2.54873,42.17191],[2.51499,42.18483],[2.50375,42.19614],[2.49475,42.20583],[2.4925,42.20422],[2.48126,42.19452],[2.44752,42.19776]]]}},{"type":"Feature","id":"17121","properties":{"cod_mun":"17121","nombre":"Palau-sator","cod_prov":"17","cod_ccaa":"09"},"geometry":{"type":"Polygon","coordinates":[[[3.09752,41.99257],[3.11101,41.95864],[3.14025,41.96672],[3.14025,42.00065],[3.09752,42.00065],[3.09752,41.99257]]]}},{"type":"Feature","id":"17123","properties":{"cod_mun":"17123","nombre":"Palol de Revardit","cod_prov":"17","cod_ccaa":"09"},"geometry":{"type":"Polygon","coordinates":[[[2.76689,42.05881],[2.78039,42.04427],[2.79838,42.03135],[2.83662,42.04104],[2.82987,42.05558],[2.81638,42.06527],[2.82312,42.0782],[2.79838,42.07981],[2.76689,42.05881]]]}},{"type":"Feature","id":"17176","properties":{"cod_mun":"17176","nombre":"Sant Mori","cod_prov":"17","cod_ccaa":"09"},"geometry":{"type":"Polygon","coordinates":[[[2.97156,42.15413],[2.97156,42.14606],[2.9963,42.13475],[3.0053,42.13959],[2.9963,42.16867],[2.98731,42.16706],[2.97156,42.15736],[2.97156,42.15413]]]}},{"type":"Feature","id":"17177","properties":{"cod_mun":"17177","nombre":"Sant Pau de Segúries","cod_prov":"17","cod_ccaa":"09"},"geometry":{"type":"Polygon","coordinates":[[[2.34181,42.27369],[2.35081,42.24461],[2.38229,42.25269],[2.37555,42.26561],[2.3688,42.28662],[2.34181,42.27369]]]}},{"type":"Feature","id":"17178","properties":{"cod_mun":"17178","nombre":"Sant Pere Pescador","cod_prov":"17","cod_ccaa":"09"},"geometry":{"type":"Polygon","coordinates":[[[3.06153,42.18645],[3.06378,42.17837],[3.09077,42.1816],[3.08852,42.1606],[3.10876,42.15252],[3.11776,42.14606],[3.11101,42.20422],[3.07502,42.21876],[3.07053,42.21068],[3.06153,42.18645]]]}},{"type":"Feature","id":"17180","properties":{"cod_mun":"17180","nombre":"Santa Coloma de Farners","cod_prov":"17","cod_ccaa":"09"},"geometry":{"type":"Polygon","coordinates":[[[2.54873,41.86171],[2.58247,41.83424],[2.60946,41.82939],[2.62745,41.8504],[2.67018,41.83909],[2.70167,41.8504],[2.70617,41.86332],[2.70167,41.87948],[2.69267,41.87786],[2.61845,41.90856],[2.61395,41.91341],[2.58472,41.90856],[2.57797,41.90048],[2.59146,41.88109],[2.56222,41.87948],[2.54873,41.86171]]]}},{"type":"Feature","id":"17181","properties":{"cod_mun":"17181","nombre":"Santa Cristina d'Aro","cod_prov":"17","cod_ccaa":"09"},"geometry":{"type":"Polygon","coordinates":[[[2.95582,41.88432],[2.94233,41.86494],[2.96257,41.85201],[2.96932,41.82616],[2.92883,41.82455],[2.94458,41.789],[2.96032,41.77446],[2.94907,41.768],[2.97156,41.75346],[2.98281,41.75992],[2.97606,41.77769],[2.98281,41.79223],[3.02779,41.80031],[3.0143,41.83262],[3.03454,41.84878],[3.02105,41.86817],[2.98731,41.88432],[2.95582,41.88432]]]}},{"type":"Feature","id":"17124","properties":{"cod_mun":"17124","nombre":"Pals","cod_prov":"17","cod_ccaa":"09"},"geometry":{"type":"Polygon","coordinates":[[[3.14025,41.96672],[3.14925,41.94895],[3.18073,41.96187],[3.20772,41.98126],[3.19648,42.00873],[3.16499,42.00388],[3.14025,42.00065],[3.14025,41.96672]]]}},{"type":"Feature","id":"17125","properties":{"cod_mun":"17125","nombre":"Pardines","cod_prov":"17","cod_ccaa":"09"},"geometry":{"type":"Polygon","coordinates":[[[2.20911,42.28015],[2.25634,42.285],[2.27884,42.29469],[2.25409,42.32701],[2.22036,42.33993],[2.21361,42.33508],[2.19337,42.31893],[2.19337,42.29469],[2.20911,42.28015]]]}},{"type":"Feature","id":"17126","properties":{"cod_mun":"17126","nombre":"Parlavà","cod_prov":"17","cod_ccaa":"09"},"geometry":{"type":"Polygon","coordinates":[[[3.02105,42.02811],[3.02779,42.01034],[3.05028,42.00873],[3.06378,42.01357],[3.06603,42.02488],[3.04579,42.03135],[3.02554,42.02811],[3.02105,42.02811]]]}},{"type":"Feature","id":"17128","properties":{"cod_mun":"17128","nombre":"Pau","cod_prov":"17","cod_ccaa":"09"},"geometry":{"type":"Polygon","coordinates":[[[3.09077,42.29631],[3.09976,42.28662],[3.10876,42.28662],[3.1425,42.32377],[3.147,42.32377],[3.13125,42.32862],[3.10876,42.32539],[3.09077,42.30762],[3.09077,42.29631]]]}},{"type":"Feature","id":"17130","properties":{"cod_mun":"17130","nombre":"Pera, La","cod_prov":"17","cod_ccaa":"09"},"geometry":{"type":"Polygon","coordinates":[[[2.95132,42.0055],[2.98056,41.99742],[2.99406,42.01681],[2.99181,42.02327],[2.97831,42.03619],[2.95357,42.03135],[2.95132,42.0055]]]}},{"type":"Feature","id":"17132","properties":{"cod_mun":"17132","nombre":"Peralada","cod_prov":"17","cod_ccaa":"09"},"geometry":{"type":"Polygon","coordinates":[[[2.97831,42.32216],[2.9963,42.30762],[2.98956,42.28985],[2.99181,42.28338],[3.00305,42.28662],[3.03004,42.27369],[3.04579,42.25915],[3.05028,42.26238],[3.08627,42.27369],[3.09976,42.28662],[3.09077,42.29631],[3.05253,42.29792],[3.04803,42.31408],[3.02554,42.32701],[3.01205,42.32701],[3.0143,42.34478],[3.0143,42.35286],[2.99181,42.34478],[2.97381,42.33347],[2.97831,42.32216]]]}},{"type":"Feature","id":"17133","properties":{"cod_mun":"17133","nombre":"Planes d'Hostoles, Les","cod_prov":"17","cod_ccaa":"09"},"geometry":{"type":"Polygon","coordinates":[[[2.49475,42.06204],[2.497,42.05881],[2.53299,42.02811],[2.54423,42.02973],[2.55773,42.04427],[2.58022,42.03458],[2.59596,42.05073],[2.60046,42.05881],[2.57572,42.07174],[2.55323,42.09436],[2.54648,42.11697],[2.52849,42.10566],[2.53523,42.09436],[2.51949,42.0782],[2.52849,42.06366],[2.51724,42.05558],[2.49475,42.06204]]]}},{"type":"Feature","id":"17134","properties":{"cod_mun":"17134","nombre":"Planoles","cod_prov":"17","cod_ccaa":"09"},"geometry":{"type":"Polygon","coordinates":[[[2.07866,42.28662],[2.09666,42.28177],[2.1034,42.29631],[2.12589,42.31247],[2.11915,42.31247],[2.12814,42.3367],[2.08766,42.36417],[2.08541,42.36255],[2.08541,42.32054],[2.09666,42.3157],[2.07866,42.28662]]]}},{"type":"Feature","id":"17135","properties":{"cod_mun":"17135","nombre":"Pont de Molins","cod_prov":"17","cod_ccaa":"09"},"geometry":{"type":"Polygon","coordinates":[[[2.89959,42.31893],[2.95357,42.30277],[2.94458,42.33185],[2.94233,42.33185],[2.92433,42.33508],[2.89959,42.32539],[2.89959,42.31893]]]}},{"type":"Feature","id":"17182","properties":{"cod_mun":"17182","nombre":"Santa Llogaia d'Àlguema","cod_prov":"17","cod_ccaa":"09"},"geometry":{"type":"Polygon","coordinates":[[[2.94008,42.2333],[2.95357,42.22522],[2.96707,42.23653],[2.96932,42.23815],[2.94008,42.2333]]]}},{"type":"Feature","id":"17183","properties":{"cod_mun":"17183","nombre":"Sant Aniol de Finestres","cod_prov":"17","cod_ccaa":"09"},"geometry":{"type":"Polygon","coordinates":[[[2.54648,42.11697],[2.55323,42.09436],[2.57572,42.07174],[2.60046,42.05881],[2.59596,42.05073],[2.60946,42.02811],[2.6297,42.01196],[2.66119,42.01681],[2.6297,42.03781],[2.63869,42.05558],[2.63195,42.08951],[2.59371,42.11697],[2.57347,42.12505],[2.54873,42.12505],[2.54648,42.11697]]]}},{"type":"Feature","id":"17184","properties":{"cod_mun":"17184","nombre":"Santa Pau","cod_prov":"17","cod_ccaa":"09"},"geometry":{"type":"Polygon","coordinates":[[[2.497,42.14929],[2.49925,42.13636],[2.54873,42.12505],[2.57347,42.12505],[2.59371,42.11697],[2.59371,42.13313],[2.60946,42.1299],[2.6297,42.15252],[2.6297,42.16867],[2.60721,42.17514],[2.59146,42.19452],[2.58247,42.18968],[2.57797,42.17352],[2.54873,42.17191],[2.54423,42.15575],[2.497,42.14929]]]}},{"type":"Feature","id":"17185","properties":{"cod_mun":"17185","nombre":"Sant Joan les Fonts","cod_prov":"17","cod_ccaa":"09"},"geometry":{"type":"Polygon","coordinates":[[[2.4925,42.20422],[2.49475,42.20583],[2.50375,42.19614],[2.51499,42.18483],[2.54873,42.17191],[2.57797,42.17352],[2.58247,42.18968],[2.58696,42.20422],[2.56222,42.2026],[2.55548,42.21714],[2.54648,42.22199],[2.53299,42.2333],[2.497,42.23168],[2.48126,42.21714],[2.4925,42.20422]]]}},{"type":"Feature","id":"17136","properties":{"cod_mun":"17136","nombre":"Pontós","cod_prov":"17","cod_ccaa":"09"},"geometry":{"type":"Polygon","coordinates":[[[2.88835,42.17998],[2.89734,42.16221],[2.92433,42.16544],[2.93783,42.20099],[2.91534,42.20745],[2.89285,42.19937],[2.88835,42.17998]]]}},{"type":"Feature","id":"17137","properties":{"cod_mun":"17137","nombre":"Porqueres","cod_prov":"17","cod_ccaa":"09"},"geometry":{"type":"Polygon","coordinates":[[[2.69267,42.09274],[2.73316,42.08628],[2.7399,42.10082],[2.78039,42.0992],[2.79838,42.11536],[2.77139,42.10566],[2.7489,42.11051],[2.75115,42.13636],[2.76465,42.14282],[2.76914,42.15898],[2.74665,42.14606],[2.72641,42.14767],[2.71966,42.15898],[2.70167,42.15413],[2.70842,42.1299],[2.69717,42.12667],[2.69267,42.09274]]]}},{"type":"Feature","id":"17138","properties":{"cod_mun":"17138","nombre":"Portbou","cod_prov":"17","cod_ccaa":"09"},"geometry":{"type":"Polygon","coordinates":[[[3.16949,42.42071],[3.17399,42.43364],[3.12001,42.43848],[3.10201,42.42717],[3.14475,42.41587],[3.16949,42.42071]]]}},{"type":"Feature","id":"17139","properties":{"cod_mun":"17139","nombre":"Preses, Les","cod_prov":"17","cod_ccaa":"09"},"geometry":{"type":"Polygon","coordinates":[[[2.45876,42.1606],[2.45427,42.13475],[2.48351,42.13636],[2.49925,42.13636],[2.497,42.14929],[2.47226,42.16383],[2.45876,42.1606]]]}},{"type":"Feature","id":"17140","properties":{"cod_mun":"17140","nombre":"Port de la Selva, El","cod_prov":"17","cod_ccaa":"09"},"geometry":{"type":"Polygon","coordinates":[[[3.13125,42.34155],[3.13125,42.32862],[3.147,42.32377],[3.16724,42.31893],[3.18298,42.33185],[3.20547,42.32377],[3.19198,42.30277],[3.21447,42.28823],[3.23696,42.29792],[3.28644,42.31893],[3.28194,42.33185],[3.2617,42.33993],[3.25046,42.33024],[3.22796,42.35124],[3.20322,42.34639],[3.19648,42.33508],[3.17399,42.35447],[3.16499,42.34155],[3.13125,42.34155]]]}},{"type":"Feature","id":"17141","properties":{"cod_mun":"17141","nombre":"Puigcerdà","cod_prov":"17","cod_ccaa":"09"},"geometry":{"type":"Polygon","coordinates":[[[1.89873,42.42071],[1.91223,42.40779],[1.94372,42.41425],[1.94597,42.39486],[1.96621,42.3674],[1.98645,42.36255],[1.97071,42.37386],[1.94372,42.42879],[1.93697,42.45464],[1.90998,42.44656],[1.91673,42.42394],[1.89873,42.42071]]]}},{"type":"Feature","id":"17188","properties":{"cod_mun":"17188","nombre":"Selva de Mar, La","cod_prov":"17","cod_ccaa":"09"},"geometry":{"type":"Polygon","coordinates":[[[3.16724,42.31893],[3.17399,42.30762],[3.19198,42.30277],[3.20547,42.32377],[3.18298,42.33185],[3.16724,42.31893]]]}},{"type":"Feature","id":"17189","properties":{"cod_mun":"17189","nombre":"Cellera de Ter, La","cod_prov":"17","cod_ccaa":"09"},"geometry":{"type":"Polygon","coordinates":[[[2.56222,41.97803],[2.57347,41.96187],[2.59146,41.96349],[2.60271,41.9538],[2.6342,41.96349],[2.62745,41.98288],[2.61845,41.98772],[2.58921,41.97965],[2.57347,41.98611],[2.56222,41.97803]]]}},{"type":"Feature","id":"17190","properties":{"cod_mun":"17190","nombre":"Serinyà","cod_prov":"17","cod_ccaa":"09"},"geometry":{"type":"Polygon","coordinates":[[[2.70167,42.15413],[2.71966,42.15898],[2.72641,42.14767],[2.74665,42.14606],[2.76914,42.15898],[2.76914,42.18968],[2.76015,42.18645],[2.7399,42.1816],[2.72416,42.18645],[2.70392,42.17352],[2.70167,42.15413]]]}},{"type":"Feature","id":"17142","properties":{"cod_mun":"17142","nombre":"Quart","cod_prov":"17","cod_ccaa":"09"},"geometry":{"type":"Polygon","coordinates":[[[2.81862,41.93764],[2.83887,41.92795],[2.85911,41.93926],[2.88835,41.93926],[2.89734,41.93279],[2.94682,41.93926],[2.94458,41.96672],[2.91759,41.96834],[2.90409,41.98126],[2.89734,41.98449],[2.86586,41.96834],[2.83437,41.96511],[2.83437,41.94895],[2.81862,41.93764]]]}},{"type":"Feature","id":"17143","properties":{"cod_mun":"17143","nombre":"Rabós","cod_prov":"17","cod_ccaa":"09"},"geometry":{"type":"Polygon","coordinates":[[[3.00755,42.37063],[3.0143,42.35286],[3.0143,42.34478],[3.03454,42.34478],[3.04579,42.34962],[3.04803,42.3674],[3.07727,42.39163],[3.09302,42.39809],[3.08627,42.42556],[3.04579,42.4611],[3.03229,42.4401],[3.03904,42.42394],[3.02329,42.41748],[3.02105,42.3884],[3.00755,42.37063]]]}},{"type":"Feature","id":"17144","properties":{"cod_mun":"17144","nombre":"Regencós","cod_prov":"17","cod_ccaa":"09"},"geometry":{"type":"Polygon","coordinates":[[[3.14925,41.9441],[3.15599,41.93764],[3.19648,41.94572],[3.18073,41.96187],[3.14925,41.94895],[3.14925,41.9441]]]}},{"type":"Feature","id":"17145","properties":{"cod_mun":"17145","nombre":"Ribes de Freser","cod_prov":"17","cod_ccaa":"09"},"geometry":{"type":"Polygon","coordinates":[[[2.12589,42.31247],[2.16188,42.29146],[2.16188,42.25753],[2.13714,42.25915],[2.17313,42.24946],[2.20686,42.26561],[2.20911,42.28015],[2.19337,42.29469],[2.19337,42.31893],[2.21361,42.33508],[2.19562,42.34316],[2.16863,42.33347],[2.12814,42.3367],[2.11915,42.31247],[2.12589,42.31247]]]}},{"type":"Feature","id":"17146","properties":{"cod_mun":"17146","nombre":"Riells i Viabrea","cod_prov":"17","cod_ccaa":"09"},"geometry":{"type":"Polygon","coordinates":[[[2.47226,41.789],[2.48126,41.77123],[2.51499,41.76154],[2.51499,41.74861],[2.53074,41.73084],[2.55098,41.71953],[2.57122,41.72599],[2.56897,41.73084],[2.53973,41.76154],[2.54648,41.768],[2.53523,41.78254],[2.51499,41.79223],[2.47226,41.789]]]}},{"type":"Feature","id":"17147","properties":{"cod_mun":"17147","nombre":"Ripoll","cod_prov":"17","cod_ccaa":"09"},"geometry":{"type":"Polygon","coordinates":[[[2.13714,42.20745],[2.15513,42.19937],[2.16863,42.17029],[2.18212,42.17029],[2.20911,42.13959],[2.28108,42.14121],[2.29683,42.1509],[2.26534,42.16383],[2.25185,42.1816],[2.26084,42.20422],[2.2361,42.21068],[2.22711,42.2333],[2.19337,42.24138],[2.16638,42.21553],[2.15064,42.22037],[2.13714,42.20745]]]}},{"type":"Feature","id":"17148","properties":{"cod_mun":"17148","nombre":"Riudarenes","cod_prov":"17","cod_ccaa":"09"},"geometry":{"type":"Polygon","coordinates":[[[2.60946,41.82939],[2.6252,41.80031],[2.67243,41.7987],[2.67918,41.78254],[2.70392,41.79546],[2.73091,41.81647],[2.73316,41.82939],[2.70167,41.8504],[2.67018,41.83909],[2.62745,41.8504],[2.60946,41.82939]]]}},{"type":"Feature","id":"17149","properties":{"cod_mun":"17149","nombre":"Riudaura","cod_prov":"17","cod_ccaa":"09"},"geometry":{"type":"Polygon","coordinates":[[[2.33281,42.21068],[2.3598,42.18806],[2.36205,42.17191],[2.38679,42.16706],[2.44752,42.18806],[2.44752,42.19776],[2.40928,42.19776],[2.3643,42.20583],[2.36655,42.21553],[2.33281,42.21068]]]}},{"type":"Feature","id":"17150","properties":{"cod_mun":"17150","nombre":"Riudellots de la Selva","cod_prov":"17","cod_ccaa":"09"},"geometry":{"type":"Polygon","coordinates":[[[2.77139,41.90694],[2.77139,41.88271],[2.79838,41.86978],[2.80963,41.87786],[2.81638,41.88917],[2.81638,41.91179],[2.79163,41.91017],[2.77139,41.90694]]]}},{"type":"Feature","id":"17151","properties":{"cod_mun":"17151","nombre":"Riumors","cod_prov":"17","cod_ccaa":"09"},"geometry":{"type":"Polygon","coordinates":[[[3.02105,42.22361],[3.03454,42.20906],[3.05253,42.21391],[3.06603,42.2123],[3.06153,42.23815],[3.02105,42.22361]]]}},{"type":"Feature","id":"17152","properties":{"cod_mun":"17152","nombre":"Roses","cod_prov":"17","cod_ccaa":"09"},"geometry":{"type":"Polygon","coordinates":[[[3.17399,42.30762],[3.13125,42.27046],[3.15149,42.25753],[3.16949,42.264],[3.18073,42.24622],[3.19423,42.24784],[3.21672,42.2333],[3.23021,42.25107],[3.25495,42.25269],[3.23696,42.29792],[3.21447,42.28823],[3.19198,42.30277],[3.17399,42.30762]]]}},{"type":"Feature","id":"17153","properties":{"cod_mun":"17153","nombre":"Rupià","cod_prov":"17","cod_ccaa":"09"},"geometry":{"type":"Polygon","coordinates":[[[2.99181,42.02327],[2.99406,42.01681],[3.00755,42.00226],[3.02779,42.01034],[3.02105,42.02811],[2.99181,42.02327]]]}},{"type":"Feature","id":"17154","properties":{"cod_mun":"17154","nombre":"Sales de Llierca","cod_prov":"17","cod_ccaa":"09"},"geometry":{"type":"Polygon","coordinates":[[[2.59596,42.25107],[2.6207,42.26238],[2.63869,42.26238],[2.63195,42.24946],[2.64319,42.22522],[2.65894,42.21391],[2.66119,42.23007],[2.67243,42.25753],[2.65669,42.29631],[2.62745,42.29631],[2.59596,42.29146],[2.58022,42.25915],[2.59596,42.25107]]]}},{"type":"Feature","id":"17226","properties":{"cod_mun":"17226","nombre":"Vilamalla","cod_prov":"17","cod_ccaa":"09"},"geometry":{"type":"Polygon","coordinates":[[[2.94682,42.2123],[2.95582,42.20583],[2.98281,42.21391],[3.0143,42.23168],[3.01205,42.23491],[2.9963,42.23007],[2.96707,42.23653],[2.95357,42.22522],[2.94682,42.2123]]]}},{"type":"Feature","id":"17155","properties":{"cod_mun":"17155","nombre":"Salt","cod_prov":"17","cod_ccaa":"09"},"geometry":{"type":"Polygon","coordinates":[[[2.7534,41.96995],[2.77814,41.96349],[2.79838,41.96026],[2.80063,41.98288],[2.78264,41.98449],[2.7534,41.96995]]]}},{"type":"Feature","id":"17217","properties":{"cod_mun":"17217","nombre":"Viladamat","cod_prov":"17","cod_ccaa":"09"},"geometry":{"type":"Polygon","coordinates":[[[3.03454,42.12182],[3.04579,42.11051],[3.05028,42.1089],[3.09527,42.12667],[3.09077,42.14121],[3.06603,42.13636],[3.04579,42.14444],[3.03454,42.12182]]]}},{"type":"Feature","id":"17218","properties":{"cod_mun":"17218","nombre":"Vilademuls","cod_prov":"17","cod_ccaa":"09"},"geometry":{"type":"Polygon","coordinates":[[[2.79838,42.14929],[2.80288,42.14121],[2.82312,42.1509],[2.84561,42.13798],[2.84112,42.12021],[2.84336,42.09759],[2.85686,42.0782],[2.88385,42.06689],[2.89734,42.08789],[2.90409,42.11051],[2.90184,42.13798],[2.88835,42.15413],[2.89734,42.16221],[2.88835,42.17998],[2.87935,42.19614],[2.86136,42.19614],[2.84786,42.17998],[2.84561,42.16221],[2.81413,42.16383],[2.79838,42.14929]]]}},{"type":"Feature","id":"17220","properties":{"cod_mun":"17220","nombre":"Viladrau","cod_prov":"17","cod_ccaa":"09"},"geometry":{"type":"Polygon","coordinates":[[[2.32382,41.87463],[2.32607,41.85524],[2.34631,41.82778],[2.35531,41.80677],[2.38229,41.80839],[2.41828,41.80516],[2.40703,41.82293],[2.42278,41.83747],[2.41828,41.8504],[2.38904,41.87786],[2.38229,41.8714],[2.33731,41.88917],[2.32382,41.87463]]]}},{"type":"Feature","id":"17157","properties":{"cod_mun":"17157","nombre":"Sant Andreu Salou","cod_prov":"17","cod_ccaa":"09"},"geometry":{"type":"Polygon","coordinates":[[[2.80963,41.87786],[2.81862,41.8504],[2.83662,41.86009],[2.83212,41.87786],[2.81638,41.88917],[2.80963,41.87786]]]}},{"type":"Feature","id":"17221","properties":{"cod_mun":"17221","nombre":"Vilafant","cod_prov":"17","cod_ccaa":"09"},"geometry":{"type":"Polygon","coordinates":[[[2.92883,42.27369],[2.93558,42.26238],[2.93108,42.23491],[2.94008,42.2333],[2.96932,42.23815],[2.96932,42.24622],[2.93108,42.27531],[2.92883,42.27369]]]}},{"type":"Feature","id":"17158","properties":{"cod_mun":"17158","nombre":"Sant Climent Sescebes","cod_prov":"17","cod_ccaa":"09"},"geometry":{"type":"Polygon","coordinates":[[[2.94233,42.38678],[2.95132,42.35609],[2.99181,42.35609],[2.99855,42.37063],[2.97156,42.41587],[2.97156,42.43525],[2.94682,42.42879],[2.95807,42.40456],[2.94233,42.38678]]]}},{"type":"Feature","id":"17191","properties":{"cod_mun":"17191","nombre":"Serra de Daró","cod_prov":"17","cod_ccaa":"09"},"geometry":{"type":"Polygon","coordinates":[[[3.04579,42.03135],[3.06603,42.02488],[3.06378,42.01357],[3.08177,42.02004],[3.07727,42.04104],[3.05928,42.0475],[3.04803,42.05073],[3.04579,42.03135]]]}},{"type":"Feature","id":"17192","properties":{"cod_mun":"17192","nombre":"Setcases","cod_prov":"17","cod_ccaa":"09"},"geometry":{"type":"Polygon","coordinates":[[[2.23385,42.42556],[2.24735,42.39648],[2.26759,42.3884],[2.28108,42.36901],[2.31932,42.36417],[2.34181,42.38032],[2.34631,42.4094],[2.30582,42.42879],[2.29908,42.42394],[2.25634,42.43848],[2.23385,42.42556]]]}},{"type":"Feature","id":"17193","properties":{"cod_mun":"17193","nombre":"Sils","cod_prov":"17","cod_ccaa":"09"},"geometry":{"type":"Polygon","coordinates":[[[2.70167,41.8504],[2.73316,41.82939],[2.73091,41.81647],[2.70392,41.79546],[2.75565,41.789],[2.78489,41.80677],[2.76015,41.8197],[2.76465,41.84878],[2.7534,41.85363],[2.72416,41.86978],[2.70617,41.86332],[2.70167,41.8504]]]}},{"type":"Feature","id":"17159","properties":{"cod_mun":"17159","nombre":"Sant Feliu de Buixalleu","cod_prov":"17","cod_ccaa":"09"},"geometry":{"type":"Polygon","coordinates":[[[2.53523,41.78254],[2.54648,41.768],[2.56222,41.76638],[2.56897,41.73084],[2.57122,41.72599],[2.59821,41.72761],[2.6207,41.73084],[2.61395,41.74053],[2.63195,41.75346],[2.61845,41.76961],[2.6252,41.80031],[2.60946,41.82939],[2.58247,41.83424],[2.55773,41.83586],[2.55098,41.79385],[2.53523,41.78254]]]}},{"type":"Feature","id":"17160","properties":{"cod_mun":"17160","nombre":"Sant Feliu de Guíxols","cod_prov":"17","cod_ccaa":"09"},"geometry":{"type":"Polygon","coordinates":[[[3.02779,41.80031],[2.98281,41.79223],[2.97606,41.77769],[2.98281,41.75992],[3.04354,41.77931],[3.05478,41.79062],[3.02779,41.80031]]]}},{"type":"Feature","id":"17161","properties":{"cod_mun":"17161","nombre":"Sant Feliu de Pallerols","cod_prov":"17","cod_ccaa":"09"},"geometry":{"type":"Polygon","coordinates":[[[2.46776,42.07335],[2.49475,42.06204],[2.51724,42.05558],[2.52849,42.06366],[2.51949,42.0782],[2.53523,42.09436],[2.52849,42.10566],[2.54648,42.11697],[2.54873,42.12505],[2.49925,42.13636],[2.48351,42.13636],[2.4925,42.12667],[2.47226,42.10243],[2.48126,42.08628],[2.46776,42.07335]]]}},{"type":"Feature","id":"17162","properties":{"cod_mun":"17162","nombre":"Sant Ferriol","cod_prov":"17","cod_ccaa":"09"},"geometry":{"type":"Polygon","coordinates":[[[2.59146,42.19452],[2.60721,42.17514],[2.6297,42.16867],[2.6297,42.15252],[2.65669,42.14282],[2.66793,42.15898],[2.66568,42.17675],[2.70392,42.17352],[2.72416,42.18645],[2.7399,42.1816],[2.76015,42.18645],[2.72416,42.19776],[2.71741,42.19776],[2.69717,42.19291],[2.67468,42.2026],[2.68818,42.21068],[2.68593,42.22845],[2.66119,42.23007],[2.65894,42.21391],[2.64319,42.18968],[2.6297,42.19776],[2.60496,42.19452],[2.59146,42.19452]]]}},{"type":"Feature","id":"17163","properties":{"cod_mun":"17163","nombre":"Sant Gregori","cod_prov":"17","cod_ccaa":"09"},"geometry":{"type":"Polygon","coordinates":[[[2.66568,41.98934],[2.67468,41.97318],[2.71516,41.98126],[2.72416,41.96995],[2.7534,41.96995],[2.78264,41.98449],[2.80738,42.00226],[2.80288,42.02488],[2.79838,42.03135],[2.78039,42.04427],[2.76689,42.02811],[2.7444,42.02004],[2.71741,42.02488],[2.71516,42.0055],[2.68368,41.98934],[2.66568,41.98934]]]}},{"type":"Feature","id":"17164","properties":{"cod_mun":"17164","nombre":"Sant Hilari Sacalm","cod_prov":"17","cod_ccaa":"09"},"geometry":{"type":"Polygon","coordinates":[[[2.44302,41.88756],[2.45427,41.87948],[2.44527,41.86009],[2.46551,41.86009],[2.48126,41.84878],[2.51499,41.84393],[2.51724,41.8714],[2.54873,41.86171],[2.56222,41.87948],[2.59146,41.88109],[2.57797,41.90048],[2.54198,41.91179],[2.53299,41.9231],[2.497,41.92956],[2.506,41.94249],[2.4925,41.94895],[2.48126,41.97803],[2.47451,41.96995],[2.44977,41.96995],[2.43852,41.96349],[2.44302,41.94087],[2.46101,41.9441],[2.47901,41.93118],[2.47001,41.90533],[2.44302,41.88756]]]}},{"type":"Feature","id":"17165","properties":{"cod_mun":"17165","nombre":"Sant Jaume de Llierca","cod_prov":"17","cod_ccaa":"09"},"geometry":{"type":"Polygon","coordinates":[[[2.58247,42.18968],[2.59146,42.19452],[2.60496,42.19452],[2.60496,42.22199],[2.58696,42.23007],[2.57797,42.22037],[2.58696,42.20422],[2.58247,42.18968]]]}},{"type":"Feature","id":"17194","properties":{"cod_mun":"17194","nombre":"Susqueda","cod_prov":"17","cod_ccaa":"09"},"geometry":{"type":"Polygon","coordinates":[[[2.48126,41.97803],[2.4925,41.94895],[2.506,41.94249],[2.53074,41.93764],[2.52399,41.95703],[2.53748,41.95864],[2.52399,41.98449],[2.54423,42.00065],[2.56222,41.97803],[2.57347,41.98611],[2.57572,42.00388],[2.54423,42.02973],[2.53299,42.02811],[2.497,42.05881],[2.48126,42.05073],[2.506,42.03296],[2.49475,42.02004],[2.49925,42.00226],[2.46776,41.99419],[2.48126,41.97803]]]}},{"type":"Feature","id":"17166","properties":{"cod_mun":"17166","nombre":"Sant Jordi Desvalls","cod_prov":"17","cod_ccaa":"09"},"geometry":{"type":"Polygon","coordinates":[[[2.93333,42.07497],[2.93783,42.05881],[2.94682,42.05396],[2.97156,42.06043],[2.97831,42.07335],[2.96932,42.07981],[2.95132,42.09759],[2.93333,42.07497]]]}},{"type":"Feature","id":"17167","properties":{"cod_mun":"17167","nombre":"Sant Joan de les Abadesses","cod_prov":"17","cod_ccaa":"09"},"geometry":{"type":"Polygon","coordinates":[[[2.22711,42.2333],[2.2361,42.21068],[2.26084,42.20422],[2.26534,42.20906],[2.33281,42.21068],[2.36655,42.21553],[2.37555,42.23007],[2.34856,42.22845],[2.35081,42.24461],[2.34181,42.27369],[2.33281,42.27369],[2.29683,42.25753],[2.27209,42.25592],[2.25634,42.23976],[2.22711,42.2333]]]}},{"type":"Feature","id":"17227","properties":{"cod_mun":"17227","nombre":"Vilamaniscle","cod_prov":"17","cod_ccaa":"09"},"geometry":{"type":"Polygon","coordinates":[[[3.04803,42.3674],[3.08627,42.37224],[3.07727,42.39163],[3.04803,42.3674]]]}},{"type":"Feature","id":"17186","properties":{"cod_mun":"17186","nombre":"Sarrià de Ter","cod_prov":"17","cod_ccaa":"09"},"geometry":{"type":"Polygon","coordinates":[[[2.80288,42.02488],[2.80738,42.00226],[2.82762,42.02004],[2.80288,42.02488]]]}},{"type":"Feature","id":"17232","properties":{"cod_mun":"17232","nombre":"Vilopriu","cod_prov":"17","cod_ccaa":"09"},"geometry":{"type":"Polygon","coordinates":[[[2.95132,42.09759],[2.96932,42.07981],[2.97606,42.09597],[3.00305,42.09112],[3.00305,42.09274],[3.0053,42.11051],[3.0188,42.12667],[3.0053,42.13959],[2.9963,42.13475],[2.99406,42.12344],[2.95357,42.11213],[2.95132,42.09759]]]}},{"type":"Feature","id":"17187","properties":{"cod_mun":"17187","nombre":"Saus, Camallera i Llampaies","cod_prov":"17","cod_ccaa":"09"},"geometry":{"type":"Polygon","coordinates":[[[2.92658,42.11697],[2.95357,42.11213],[2.99406,42.12344],[2.9963,42.13475],[2.97156,42.14606],[2.95132,42.12344],[2.94008,42.13475],[2.92208,42.12828],[2.92658,42.11697]]]}},{"type":"Feature","id":"17195","properties":{"cod_mun":"17195","nombre":"Tallada d'Empordà, La","cod_prov":"17","cod_ccaa":"09"},"geometry":{"type":"Polygon","coordinates":[[[3.03454,42.08951],[3.07053,42.06689],[3.05928,42.0475],[3.07727,42.04104],[3.08402,42.03942],[3.09527,42.06204],[3.07952,42.07012],[3.07727,42.08951],[3.05028,42.1089],[3.04579,42.11051],[3.03454,42.08951]]]}},{"type":"Feature","id":"17196","properties":{"cod_mun":"17196","nombre":"Terrades","cod_prov":"17","cod_ccaa":"09"},"geometry":{"type":"Polygon","coordinates":[[[2.78489,42.30277],[2.80963,42.30439],[2.86586,42.29308],[2.8681,42.28338],[2.8726,42.28338],[2.88385,42.31085],[2.86586,42.32216],[2.83662,42.33024],[2.83662,42.33993],[2.82762,42.34155],[2.80513,42.31247],[2.78489,42.306],[2.78489,42.30277]]]}},{"type":"Feature","id":"17198","properties":{"cod_mun":"17198","nombre":"Torroella de Fluvià","cod_prov":"17","cod_ccaa":"09"},"geometry":{"type":"Polygon","coordinates":[[[2.99855,42.18645],[3.00755,42.16867],[3.04354,42.16383],[3.06378,42.17837],[3.06153,42.18645],[3.03904,42.20583],[3.05253,42.21391],[3.03454,42.20906],[3.00305,42.19291],[2.99855,42.18645]]]}},{"type":"Feature","id":"17199","properties":{"cod_mun":"17199","nombre":"Torroella de Montgrí","cod_prov":"17","cod_ccaa":"09"},"geometry":{"type":"Polygon","coordinates":[[[3.13125,42.09759],[3.13125,42.08305],[3.10651,42.08143],[3.10201,42.06527],[3.12675,42.05558],[3.11551,42.03942],[3.14025,42.02488],[3.147,42.0055],[3.16499,42.00388],[3.19648,42.00873],[3.19873,42.04912],[3.20772,42.07012],[3.18298,42.10405],[3.16949,42.1089],[3.13125,42.09759]]]}},{"type":"Feature","id":"17200","properties":{"cod_mun":"17200","nombre":"Tortellà","cod_prov":"17","cod_ccaa":"09"},"geometry":{"type":"Polygon","coordinates":[[[2.59596,42.25107],[2.60721,42.22684],[2.64319,42.22522],[2.63195,42.24946],[2.63869,42.26238],[2.6207,42.26238],[2.59596,42.25107]]]}},{"type":"Feature","id":"17201","properties":{"cod_mun":"17201","nombre":"Toses","cod_prov":"17","cod_ccaa":"09"},"geometry":{"type":"Polygon","coordinates":[[[1.95496,42.31247],[1.9842,42.29792],[2.01794,42.31085],[2.06967,42.29146],[2.07866,42.28662],[2.09666,42.3157],[2.08541,42.32054],[2.08541,42.36255],[2.02468,42.35609],[2.01569,42.34639],[1.9887,42.34316],[1.9887,42.33185],[1.96171,42.33185],[1.95496,42.31247]]]}},{"type":"Feature","id":"17202","properties":{"cod_mun":"17202","nombre":"Tossa de Mar","cod_prov":"17","cod_ccaa":"09"},"geometry":{"type":"Polygon","coordinates":[[[2.87035,41.77285],[2.8861,41.75669],[2.87035,41.74538],[2.89734,41.70499],[2.93558,41.7163],[2.97156,41.75346],[2.94907,41.768],[2.92883,41.7583],[2.90184,41.77285],[2.87035,41.77285]]]}},{"type":"Feature","id":"17203","properties":{"cod_mun":"17203","nombre":"Ultramort","cod_prov":"17","cod_ccaa":"09"},"geometry":{"type":"Polygon","coordinates":[[[3.02554,42.02811],[3.04579,42.03135],[3.04803,42.05073],[3.04129,42.05396],[3.02554,42.04104],[3.02554,42.02811]]]}},{"type":"Feature","id":"17204","properties":{"cod_mun":"17204","nombre":"Ullà","cod_prov":"17","cod_ccaa":"09"},"geometry":{"type":"Polygon","coordinates":[[[3.08402,42.03942],[3.09302,42.03942],[3.11551,42.03942],[3.12675,42.05558],[3.10201,42.06527],[3.09527,42.06204],[3.08402,42.03942]]]}},{"type":"Feature","id":"17205","properties":{"cod_mun":"17205","nombre":"Ullastret","cod_prov":"17","cod_ccaa":"09"},"geometry":{"type":"Polygon","coordinates":[[[3.04579,41.99096],[3.06603,41.98449],[3.09752,41.99257],[3.09752,42.00065],[3.08177,42.02004],[3.06378,42.01357],[3.05028,42.00873],[3.04579,41.99096]]]}},{"type":"Feature","id":"17206","properties":{"cod_mun":"17206","nombre":"Urús","cod_prov":"17","cod_ccaa":"09"},"geometry":{"type":"Polygon","coordinates":[[[1.83576,42.35447],[1.83351,42.32701],[1.84251,42.306],[1.87399,42.31408],[1.89199,42.32054],[1.88749,42.3367],[1.847,42.35932],[1.83576,42.35447]]]}},{"type":"Feature","id":"17207","properties":{"cod_mun":"17207","nombre":"Vall d'en Bas, La","cod_prov":"17","cod_ccaa":"09"},"geometry":{"type":"Polygon","coordinates":[[[2.3733,42.11697],[2.38005,42.10405],[2.40029,42.10243],[2.39354,42.08628],[2.40928,42.07012],[2.42953,42.06366],[2.45876,42.07981],[2.46776,42.07335],[2.48126,42.08628],[2.47226,42.10243],[2.4925,42.12667],[2.48351,42.13636],[2.45427,42.13475],[2.45876,42.1606],[2.44752,42.18806],[2.38679,42.16706],[2.35755,42.15898],[2.35081,42.13798],[2.38005,42.12344],[2.3733,42.11697]]]}},{"type":"Feature","id":"17208","properties":{"cod_mun":"17208","nombre":"Vall de Bianya, La","cod_prov":"17","cod_ccaa":"09"},"geometry":{"type":"Polygon","coordinates":[[[2.37555,42.26561],[2.38229,42.25269],[2.35081,42.24461],[2.34856,42.22845],[2.37555,42.23007],[2.36655,42.21553],[2.3643,42.20583],[2.40928,42.19776],[2.44752,42.19776],[2.48126,42.19452],[2.4925,42.20422],[2.48126,42.21714],[2.497,42.23168],[2.53299,42.2333],[2.51499,42.24784],[2.47451,42.264],[2.46326,42.28015],[2.41603,42.28662],[2.40479,42.27369],[2.37555,42.26561]]]}},{"type":"Feature","id":"17223","properties":{"cod_mun":"17223","nombre":"Vilajuïga","cod_prov":"17","cod_ccaa":"09"},"geometry":{"type":"Polygon","coordinates":[[[3.07502,42.32377],[3.09077,42.30762],[3.10876,42.32539],[3.13125,42.32862],[3.13125,42.34155],[3.09527,42.35286],[3.07502,42.32377]]]}},{"type":"Feature","id":"17209","properties":{"cod_mun":"17209","nombre":"Vall-llobrega","cod_prov":"17","cod_ccaa":"09"},"geometry":{"type":"Polygon","coordinates":[[[3.09752,41.88917],[3.13125,41.86978],[3.147,41.87786],[3.12675,41.89402],[3.11101,41.89886],[3.09752,41.88917]]]}},{"type":"Feature","id":"17210","properties":{"cod_mun":"17210","nombre":"Ventalló","cod_prov":"17","cod_ccaa":"09"},"geometry":{"type":"Polygon","coordinates":[[[3.03454,42.12182],[3.04579,42.14444],[3.06603,42.13636],[3.09077,42.14121],[3.09302,42.1509],[3.08402,42.14929],[3.06378,42.17837],[3.04354,42.16383],[3.00755,42.16867],[2.9963,42.16867],[3.0053,42.13959],[3.0188,42.12667],[3.03454,42.12182]]]}},{"type":"Feature","id":"17211","properties":{"cod_mun":"17211","nombre":"Verges","cod_prov":"17","cod_ccaa":"09"},"geometry":{"type":"Polygon","coordinates":[[[3.02105,42.08628],[3.02779,42.05881],[3.04129,42.05396],[3.04803,42.05073],[3.05928,42.0475],[3.07053,42.06689],[3.03454,42.08951],[3.02105,42.08628]]]}},{"type":"Feature","id":"17212","properties":{"cod_mun":"17212","nombre":"Vidrà","cod_prov":"17","cod_ccaa":"09"},"geometry":{"type":"Polygon","coordinates":[[[2.26534,42.16383],[2.29683,42.1509],[2.28108,42.14121],[2.29908,42.13313],[2.30358,42.11213],[2.29458,42.10243],[2.31932,42.11697],[2.34631,42.12182],[2.3733,42.11697],[2.38005,42.12344],[2.35081,42.13798],[2.35755,42.15898],[2.38679,42.16706],[2.36205,42.17191],[2.30807,42.15736],[2.29683,42.16544],[2.26534,42.16383]]]}},{"type":"Feature","id":"17213","properties":{"cod_mun":"17213","nombre":"Vidreres","cod_prov":"17","cod_ccaa":"09"},"geometry":{"type":"Polygon","coordinates":[[[2.75565,41.789],[2.76015,41.768],[2.78939,41.73892],[2.84786,41.76154],[2.87035,41.74538],[2.8861,41.75669],[2.87035,41.77285],[2.82087,41.80516],[2.78489,41.80677],[2.75565,41.789]]]}},{"type":"Feature","id":"17214","properties":{"cod_mun":"17214","nombre":"Vilabertran","cod_prov":"17","cod_ccaa":"09"},"geometry":{"type":"Polygon","coordinates":[[[2.96932,42.27692],[2.99181,42.28338],[2.98956,42.28985],[2.97606,42.29146],[2.96932,42.27692]]]}},{"type":"Feature","id":"17215","properties":{"cod_mun":"17215","nombre":"Vilablareix","cod_prov":"17","cod_ccaa":"09"},"geometry":{"type":"Polygon","coordinates":[[[2.75565,41.94895],[2.79388,41.94249],[2.80288,41.94895],[2.79838,41.96026],[2.77814,41.96349],[2.75565,41.94895]]]}},{"type":"Feature","id":"17216","properties":{"cod_mun":"17216","nombre":"Viladasens","cod_prov":"17","cod_ccaa":"09"},"geometry":{"type":"Polygon","coordinates":[[[2.89734,42.08789],[2.93333,42.07497],[2.95132,42.09759],[2.95357,42.11213],[2.92658,42.11697],[2.90409,42.11051],[2.89734,42.08789]]]}},{"type":"Feature","id":"17222","properties":{"cod_mun":"17222","nombre":"Vilaür","cod_prov":"17","cod_ccaa":"09"},"geometry":{"type":"Polygon","coordinates":[[[2.94008,42.13475],[2.95132,42.12344],[2.97156,42.14606],[2.97156,42.15413],[2.94233,42.14606],[2.94008,42.13475]]]}},{"type":"Feature","id":"17224","properties":{"cod_mun":"17224","nombre":"Vilallonga de Ter","cod_prov":"17","cod_ccaa":"09"},"geometry":{"type":"Polygon","coordinates":[[[2.22036,42.33993],[2.25409,42.32701],[2.27884,42.29469],[2.31482,42.29631],[2.31932,42.29631],[2.33731,42.34316],[2.31932,42.36417],[2.28108,42.36901],[2.26759,42.3884],[2.24735,42.39648],[2.2361,42.37709],[2.22036,42.36901],[2.22036,42.33993]]]}},{"type":"Feature","id":"17228","properties":{"cod_mun":"17228","nombre":"Vilanant","cod_prov":"17","cod_ccaa":"09"},"geometry":{"type":"Polygon","coordinates":[[[2.85461,42.24622],[2.8771,42.2333],[2.89734,42.22845],[2.90409,42.24461],[2.89734,42.27854],[2.8726,42.28338],[2.8681,42.28338],[2.85461,42.24622]]]}},{"type":"Feature","id":"17230","properties":{"cod_mun":"17230","nombre":"Vila-sacra","cod_prov":"17","cod_ccaa":"09"},"geometry":{"type":"Polygon","coordinates":[[[2.99855,42.264],[3.01205,42.25269],[3.04579,42.25915],[3.03004,42.27369],[2.99855,42.264]]]}},{"type":"Feature","id":"17233","properties":{"cod_mun":"17233","nombre":"Vilobí d'Onyar","cod_prov":"17","cod_ccaa":"09"},"geometry":{"type":"Polygon","coordinates":[[[2.69942,41.9231],[2.71741,41.90856],[2.70167,41.87948],[2.70617,41.86332],[2.72416,41.86978],[2.7534,41.85363],[2.77139,41.88271],[2.77139,41.90694],[2.74665,41.92633],[2.69942,41.9231]]]}},{"type":"Feature","id":"17234","properties":{"cod_mun":"17234","nombre":"Biure","cod_prov":"17","cod_ccaa":"09"},"geometry":{"type":"Polygon","coordinates":[[[2.87035,42.33993],[2.89959,42.32539],[2.92433,42.33508],[2.94233,42.33185],[2.93333,42.33832],[2.90184,42.35609],[2.87035,42.33993]]]}},{"type":"Feature","id":"17901","properties":{"cod_mun":"17901","nombre":"Cruïlles, Monells i Sant Sadurní de l'Heura","cod_prov":"17","cod_ccaa":"09"},"geometry":{"type":"Polygon","coordinates":[[[2.8861,41.91017],[2.89509,41.9021],[2.93558,41.89725],[2.95582,41.88432],[2.98731,41.88432],[3.02105,41.86817],[3.04579,41.8714],[3.06378,41.88432],[3.05478,41.89886],[3.05253,41.90048],[3.03229,41.90533],[3.02105,41.9231],[3.02779,41.97157],[3.0143,41.97157],[2.98731,41.98934],[2.94458,41.96672],[2.94682,41.93926],[2.89734,41.93279],[2.90184,41.91825],[2.8861,41.91017]]]}},{"type":"Feature","id":"17902","properties":{"cod_mun":"17902","nombre":"Forallac","cod_prov":"17","cod_ccaa":"09"},"geometry":{"type":"Polygon","coordinates":[[[3.05253,41.90048],[3.05478,41.89886],[3.07502,41.90048],[3.09527,41.88917],[3.09752,41.88917],[3.11101,41.89886],[3.12675,41.89402],[3.12675,41.91179],[3.12001,41.93764],[3.11101,41.95864],[3.09752,41.99257],[3.06603,41.98449],[3.06378,41.97157],[3.04354,41.96672],[3.05028,41.94087],[3.06153,41.92471],[3.05253,41.90048]]]}},{"type":"Feature","id":"17903","properties":{"cod_mun":"17903","nombre":"Sant Julià del Llor i Bonmatí","cod_prov":"17","cod_ccaa":"09"},"geometry":{"type":"Polygon","coordinates":[[[2.62745,41.98288],[2.6342,41.96349],[2.66119,41.96349],[2.67468,41.97318],[2.66568,41.98934],[2.66119,41.99257],[2.62745,41.98288]]]}},{"type":"Feature","id":"25001","properties":{"cod_mun":"25001","nombre":"Abella de la Conca","cod_prov":"25","cod_ccaa":"09"},"geometry":{"type":"Polygon","coordinates":[[[1.05981,42.18645],[1.03957,42.15898],[1.05531,42.15575],[1.05531,42.12667],[1.13628,42.14606],[1.15652,42.13636],[1.18576,42.17029],[1.18351,42.1816],[1.16102,42.18968],[1.16552,42.21876],[1.14078,42.23007],[1.12504,42.22845],[1.09355,42.21068],[1.09805,42.19129],[1.05981,42.18645]]]}},{"type":"Feature","id":"25002","properties":{"cod_mun":"25002","nombre":"Àger","cod_prov":"25","cod_ccaa":"09"},"geometry":{"type":"Polygon","coordinates":[[[0.64147,41.98288],[0.66621,41.97318],[0.65047,41.95703],[0.68421,41.93764],[0.7067,41.94572],[0.73369,41.92956],[0.76967,41.95541],[0.81241,41.96672],[0.80566,41.9958],[0.81691,42.00065],[0.80116,42.02165],[0.8394,42.0265],[0.85514,42.0055],[0.86864,42.0055],[0.87763,42.02327],[0.88888,42.04104],[0.85064,42.03619],[0.83715,42.03942],[0.76518,42.03942],[0.74269,42.05235],[0.70895,42.05396],[0.67971,42.07497],[0.66621,42.04104],[0.65272,42.0265],[0.66397,42.01519],[0.64147,41.98288]]]}},{"type":"Feature","id":"25003","properties":{"cod_mun":"25003","nombre":"Agramunt","cod_prov":"25","cod_ccaa":"09"},"geometry":{"type":"MultiPolygon","coordinates":[[[[1.00358,41.77123],[1.00358,41.76315],[1.03732,41.75669],[0.98334,41.73245],[1.02832,41.72599],[1.02832,41.71791],[1.06881,41.73245],[1.0913,41.75507],[1.0958,41.75507],[1.11829,41.79062],[1.13853,41.79546],[1.13403,41.80354],[1.09805,41.81162],[1.10479,41.82778],[1.12504,41.83262],[1.12054,41.84878],[1.1003,41.85686],[1.07556,41.82293],[1.05981,41.79385],[1.03282,41.76961],[1.01933,41.77769],[1.00358,41.77123]]],[[[1.03957,41.85686],[1.01933,41.84716],[1.02158,41.82778],[1.02832,41.8197],[1.05531,41.83747],[1.06656,41.83586],[1.05531,41.85686],[1.03957,41.85686]]]]}},{"type":"Feature","id":"25004","properties":{"cod_mun":"25004","nombre":"Alamús, Els","cod_prov":"25","cod_ccaa":"09"},"geometry":{"type":"MultiPolygon","coordinates":[[[[0.81691,41.61451],[0.78317,41.60967],[0.76743,41.58705],[0.77867,41.58059],[0.80341,41.59028],[0.81691,41.61451]]],[[[0.76068,41.58705],[0.74943,41.62905],[0.72919,41.6339],[0.72019,41.62582],[0.72469,41.59513],[0.74269,41.58543],[0.76068,41.58705]]]]}},{"type":"Feature","id":"25005","properties":{"cod_mun":"25005","nombre":"Alàs i Cerc","cod_prov":"25","cod_ccaa":"09"},"geometry":{"type":"Polygon","coordinates":[[[1.4624,42.33508],[1.4714,42.31731],[1.45791,42.29308],[1.47365,42.28823],[1.49839,42.30277],[1.51863,42.30439],[1.55462,42.28177],[1.57936,42.28662],[1.56586,42.33185],[1.56811,42.34639],[1.55687,42.35932],[1.52538,42.36255],[1.50739,42.3577],[1.4624,42.33508]]]}},{"type":"Feature","id":"25006","properties":{"cod_mun":"25006","nombre":"Albagés, L'","cod_prov":"25","cod_ccaa":"09"},"geometry":{"type":"Polygon","coordinates":[[[0.72019,41.44164],[0.72469,41.41579],[0.73369,41.42225],[0.76293,41.41579],[0.75618,41.43195],[0.76518,41.44487],[0.78542,41.43033],[0.79441,41.43841],[0.79666,41.44649],[0.78317,41.46749],[0.76068,41.46426],[0.72469,41.47072],[0.7157,41.4578],[0.72019,41.44164]]]}},{"type":"Feature","id":"25007","properties":{"cod_mun":"25007","nombre":"Albatàrrec","cod_prov":"25","cod_ccaa":"09"},"geometry":{"type":"Polygon","coordinates":[[[0.59199,41.57412],[0.60324,41.54989],[0.62123,41.54504],[0.63248,41.55474],[0.64372,41.57574],[0.61449,41.5822],[0.59199,41.57412]]]}},{"type":"Feature","id":"25008","properties":{"cod_mun":"25008","nombre":"Albesa","cod_prov":"25","cod_ccaa":"09"},"geometry":{"type":"Polygon","coordinates":[[[0.61449,41.77446],[0.62123,41.76638],[0.62798,41.76154],[0.66172,41.73407],[0.67296,41.71953],[0.7022,41.72599],[0.71345,41.768],[0.67296,41.79385],[0.61449,41.77446]]]}},{"type":"Feature","id":"25009","properties":{"cod_mun":"25009","nombre":"Albi, L'","cod_prov":"25","cod_ccaa":"09"},"geometry":{"type":"Polygon","coordinates":[[[0.88438,41.44326],[0.90012,41.43356],[0.89113,41.41741],[0.91137,41.40448],[0.92037,41.40125],[0.9676,41.41095],[0.9586,41.41741],[0.95635,41.44003],[0.92936,41.46103],[0.89338,41.46588],[0.89563,41.4481],[0.88438,41.44326]]]}},{"type":"Feature","id":"25010","properties":{"cod_mun":"25010","nombre":"Alcanó","cod_prov":"25","cod_ccaa":"09"},"geometry":{"type":"Polygon","coordinates":[[[0.59424,41.49011],[0.59874,41.45295],[0.62573,41.44649],[0.66397,41.4578],[0.66397,41.47395],[0.61673,41.49334],[0.59424,41.49011]]]}},{"type":"Feature","id":"25011","properties":{"cod_mun":"25011","nombre":"Alcarràs","cod_prov":"25","cod_ccaa":"09"},"geometry":{"type":"Polygon","coordinates":[[[0.35809,41.63229],[0.34684,41.62259],[0.34909,41.59997],[0.40307,41.59351],[0.42781,41.60159],[0.43456,41.59351],[0.53127,41.5515],[0.54026,41.55474],[0.565,41.56928],[0.54251,41.6129],[0.51552,41.63875],[0.51777,41.64844],[0.47729,41.65814],[0.44805,41.6549],[0.4368,41.63875],[0.39407,41.64036],[0.35809,41.63229]]]}},{"type":"Feature","id":"25086","properties":{"cod_mun":"25086","nombre":"Esterri d'Àneu","cod_prov":"25","cod_ccaa":"09"},"geometry":{"type":"Polygon","coordinates":[[[1.08005,42.59358],[1.13853,42.61782],[1.13403,42.64528],[1.11154,42.64205],[1.12054,42.63074],[1.11829,42.61297],[1.09355,42.60974],[1.08005,42.5952],[1.08005,42.59358]]]}},{"type":"Feature","id":"25012","properties":{"cod_mun":"25012","nombre":"Alcoletge","cod_prov":"25","cod_ccaa":"09"},"geometry":{"type":"Polygon","coordinates":[[[0.66172,41.65652],[0.67746,41.64521],[0.66846,41.6339],[0.69995,41.62905],[0.72919,41.63713],[0.73594,41.65814],[0.69545,41.66783],[0.66172,41.65652]]]}},{"type":"Feature","id":"25013","properties":{"cod_mun":"25013","nombre":"Alfarràs","cod_prov":"25","cod_ccaa":"09"},"geometry":{"type":"Polygon","coordinates":[[[0.54251,41.8197],[0.5875,41.80839],[0.5785,41.82455],[0.58075,41.8504],[0.55151,41.84878],[0.54251,41.8197]]]}},{"type":"Feature","id":"25030","properties":{"cod_mun":"25030","nombre":"Pont de Bar, El","cod_prov":"25","cod_ccaa":"09"},"geometry":{"type":"Polygon","coordinates":[[[1.56137,42.36578],[1.57036,42.36578],[1.59735,42.3674],[1.61759,42.34801],[1.62659,42.33508],[1.63784,42.34478],[1.64908,42.34962],[1.65133,42.34962],[1.66033,42.36255],[1.64683,42.39809],[1.62434,42.40617],[1.60185,42.42394],[1.57711,42.39971],[1.56586,42.38194],[1.56137,42.36578]]]}},{"type":"Feature","id":"25014","properties":{"cod_mun":"25014","nombre":"Alfés","cod_prov":"25","cod_ccaa":"09"},"geometry":{"type":"Polygon","coordinates":[[[0.59424,41.49011],[0.61673,41.49334],[0.66397,41.47395],[0.67296,41.4788],[0.65722,41.49173],[0.65497,41.51435],[0.66397,41.51596],[0.65722,41.5515],[0.63248,41.55474],[0.62123,41.54504],[0.60999,41.53535],[0.59424,41.49011]]]}},{"type":"Feature","id":"25015","properties":{"cod_mun":"25015","nombre":"Algerri","cod_prov":"25","cod_ccaa":"09"},"geometry":{"type":"Polygon","coordinates":[[[0.5785,41.82455],[0.5875,41.80839],[0.61449,41.77446],[0.67296,41.79385],[0.67071,41.82455],[0.68196,41.84232],[0.65947,41.85363],[0.65272,41.88271],[0.62348,41.86817],[0.62348,41.84232],[0.5785,41.82455]]]}},{"type":"Feature","id":"25016","properties":{"cod_mun":"25016","nombre":"Alguaire","cod_prov":"25","cod_ccaa":"09"},"geometry":{"type":"Polygon","coordinates":[[[0.49303,41.74538],[0.51777,41.71791],[0.574,41.70984],[0.59649,41.71145],[0.62573,41.72438],[0.62123,41.74053],[0.62798,41.76154],[0.62123,41.76638],[0.60324,41.7583],[0.51777,41.76315],[0.49303,41.74538]]]}},{"type":"Feature","id":"25017","properties":{"cod_mun":"25017","nombre":"Alins","cod_prov":"25","cod_ccaa":"09"},"geometry":{"type":"Polygon","coordinates":[[[1.24199,42.53219],[1.25998,42.51603],[1.33195,42.50472],[1.36344,42.51927],[1.38593,42.51442],[1.41292,42.53542],[1.42642,42.55804],[1.44441,42.57258],[1.42642,42.58227],[1.43991,42.5952],[1.41967,42.62428],[1.41292,42.65498],[1.38818,42.6679],[1.37244,42.66629],[1.3522,42.6469],[1.31396,42.6469],[1.29822,42.62751],[1.29372,42.60328],[1.30047,42.57743],[1.27123,42.56612],[1.25099,42.55481],[1.24199,42.53219]]]}},{"type":"Feature","id":"25019","properties":{"cod_mun":"25019","nombre":"Almacelles","cod_prov":"25","cod_ccaa":"09"},"geometry":{"type":"Polygon","coordinates":[[[0.39632,41.73245],[0.46829,41.70014],[0.50203,41.69368],[0.51777,41.71791],[0.49303,41.74538],[0.46379,41.76315],[0.44805,41.76477],[0.39857,41.75507],[0.39632,41.73245]]]}},{"type":"Feature","id":"25020","properties":{"cod_mun":"25020","nombre":"Almatret","cod_prov":"25","cod_ccaa":"09"},"geometry":{"type":"Polygon","coordinates":[[[0.36483,41.30431],[0.38507,41.27846],[0.43231,41.27685],[0.43456,41.32047],[0.46154,41.33501],[0.46604,41.34147],[0.43006,41.36086],[0.37383,41.34955],[0.34909,41.32855],[0.36933,41.31562],[0.36483,41.30431]]]}},{"type":"Feature","id":"25021","properties":{"cod_mun":"25021","nombre":"Almenar","cod_prov":"25","cod_ccaa":"09"},"geometry":{"type":"Polygon","coordinates":[[[0.46379,41.76315],[0.49303,41.74538],[0.51777,41.76315],[0.60324,41.7583],[0.62123,41.76638],[0.61449,41.77446],[0.5875,41.80839],[0.54251,41.8197],[0.51103,41.82131],[0.48853,41.80516],[0.46379,41.76315]]]}},{"type":"Feature","id":"25022","properties":{"cod_mun":"25022","nombre":"Alòs de Balaguer","cod_prov":"25","cod_ccaa":"09"},"geometry":{"type":"Polygon","coordinates":[[[0.92936,41.97157],[0.90912,41.96349],[0.89113,41.90533],[0.93386,41.88271],[0.93386,41.87463],[0.95635,41.86817],[0.98559,41.87301],[0.97434,41.88432],[0.98109,41.9021],[0.99908,41.90694],[0.98784,41.91987],[0.99234,41.94733],[0.9541,41.97157],[0.92936,41.97157]]]}},{"type":"Feature","id":"25023","properties":{"cod_mun":"25023","nombre":"Alpicat","cod_prov":"25","cod_ccaa":"09"},"geometry":{"type":"Polygon","coordinates":[[[0.52902,41.67752],[0.53127,41.65975],[0.5695,41.64521],[0.583,41.65329],[0.5875,41.67106],[0.5695,41.69045],[0.55376,41.6953],[0.52902,41.67752]]]}},{"type":"Feature","id":"25024","properties":{"cod_mun":"25024","nombre":"Alt Àneu","cod_prov":"25","cod_ccaa":"09"},"geometry":{"type":"Polygon","coordinates":[[[0.96535,42.60328],[0.99908,42.60974],[1.01483,42.59358],[1.02832,42.59843],[1.08005,42.5952],[1.09355,42.60974],[1.11829,42.61297],[1.12054,42.63074],[1.11154,42.64205],[1.13403,42.64528],[1.12054,42.66467],[1.13178,42.68244],[1.17002,42.70829],[1.13403,42.72768],[1.13178,42.7503],[1.10929,42.7713],[1.07331,42.78261],[1.03732,42.78584],[1.02832,42.7713],[1.03282,42.75353],[1.02158,42.72607],[1.02832,42.70991],[1.00583,42.71314],[0.97659,42.69214],[0.98559,42.68406],[0.98334,42.66306],[0.96985,42.65982],[0.96985,42.64044],[0.9586,42.62428],[0.96535,42.60328]]]}},{"type":"Feature","id":"25025","properties":{"cod_mun":"25025","nombre":"Naut Aran","cod_prov":"25","cod_ccaa":"09"},"geometry":{"type":"Polygon","coordinates":[[[0.80566,42.61943],[0.8259,42.60489],[0.87763,42.63236],[0.89563,42.62267],[0.89113,42.61297],[0.91137,42.60651],[0.91812,42.59358],[0.93836,42.58874],[0.96535,42.60328],[0.9586,42.62428],[0.96985,42.64044],[0.96985,42.65982],[0.98334,42.66306],[0.98559,42.68406],[0.97659,42.69214],[1.00583,42.71314],[1.02832,42.70991],[1.02158,42.72607],[1.03282,42.75353],[1.02832,42.7713],[1.03732,42.78584],[1.00583,42.79069],[0.98334,42.78746],[0.96085,42.80523],[0.93161,42.78908],[0.87763,42.81493],[0.87313,42.80523],[0.88888,42.79715],[0.90237,42.76807],[0.86864,42.73576],[0.8304,42.71637],[0.8439,42.69698],[0.8394,42.67437],[0.85289,42.67275],[0.84165,42.64852],[0.79666,42.64528],[0.79217,42.63397],[0.80566,42.61943]]]}},{"type":"Feature","id":"25027","properties":{"cod_mun":"25027","nombre":"Anglesola","cod_prov":"25","cod_ccaa":"09"},"geometry":{"type":"Polygon","coordinates":[[[1.02607,41.67106],[1.04407,41.6339],[1.08455,41.64683],[1.0958,41.65652],[1.0913,41.67591],[1.10929,41.68722],[1.0868,41.67591],[1.05756,41.68075],[1.05531,41.68237],[1.03507,41.69045],[1.02607,41.67106]]]}},{"type":"Feature","id":"25029","properties":{"cod_mun":"25029","nombre":"Arbeca","cod_prov":"25","cod_ccaa":"09"},"geometry":{"type":"Polygon","coordinates":[[[0.88888,41.57412],[0.89338,41.53535],[0.89113,41.52727],[0.91362,41.51435],[0.93386,41.50627],[0.92936,41.48042],[0.93836,41.47719],[0.95185,41.51111],[0.9676,41.50788],[0.97884,41.51758],[0.98559,41.54989],[0.96085,41.56766],[0.96535,41.57897],[0.92261,41.58705],[0.88888,41.57412]]]}},{"type":"Feature","id":"25031","properties":{"cod_mun":"25031","nombre":"Arres","cod_prov":"25","cod_ccaa":"09"},"geometry":{"type":"Polygon","coordinates":[[[0.66397,42.7503],[0.66621,42.73899],[0.67746,42.73899],[0.70445,42.75353],[0.7112,42.74707],[0.72919,42.76484],[0.75168,42.7713],[0.71345,42.77777],[0.69545,42.76969],[0.69545,42.75353],[0.66397,42.7503]]]}},{"type":"Feature","id":"25041","properties":{"cod_mun":"25041","nombre":"Barbens","cod_prov":"25","cod_ccaa":"09"},"geometry":{"type":"MultiPolygon","coordinates":[[[[1.01033,41.68883],[1.00583,41.67752],[1.02607,41.67106],[1.03507,41.69045],[1.02832,41.69206],[1.01933,41.6953],[1.01033,41.68883]]],[[[1.09805,41.70499],[1.0778,41.70176],[1.05531,41.68237],[1.05756,41.68075],[1.0778,41.68722],[1.09805,41.70499]]]]}},{"type":"Feature","id":"25042","properties":{"cod_mun":"25042","nombre":"Baronia de Rialb, La","cod_prov":"25","cod_ccaa":"09"},"geometry":{"type":"Polygon","coordinates":[[[1.09805,42.06204],[1.13853,42.02327],[1.15877,42.01196],[1.14303,42.00388],[1.16777,41.97965],[1.16102,41.95056],[1.17002,41.9231],[1.19701,41.92633],[1.20151,41.93602],[1.19251,41.94249],[1.22625,41.95864],[1.23749,41.97803],[1.25998,41.98934],[1.26223,42.00388],[1.23749,42.02004],[1.23974,42.03458],[1.23749,42.06366],[1.2195,42.07012],[1.19926,42.08951],[1.16777,42.08305],[1.15652,42.12344],[1.14078,42.12021],[1.09805,42.06204]]]}},{"type":"Feature","id":"25043","properties":{"cod_mun":"25043","nombre":"Vall de Boí, La","cod_prov":"25","cod_ccaa":"09"},"geometry":{"type":"Polygon","coordinates":[[[0.74943,42.47887],[0.76743,42.4611],[0.77417,42.46595],[0.82815,42.46272],[0.85514,42.45464],[0.87988,42.45949],[0.89338,42.47887],[0.92261,42.48534],[0.91812,42.50311],[0.9586,42.53219],[0.9721,42.55158],[0.96985,42.5742],[0.93836,42.58874],[0.91812,42.59358],[0.91137,42.60651],[0.89113,42.61297],[0.89563,42.62267],[0.87763,42.63236],[0.8259,42.60489],[0.8259,42.59358],[0.80341,42.59035],[0.79217,42.57258],[0.79441,42.54835],[0.77417,42.5435],[0.75843,42.50634],[0.73819,42.49988],[0.74943,42.47887]]]}},{"type":"Feature","id":"25044","properties":{"cod_mun":"25044","nombre":"Bassella","cod_prov":"25","cod_ccaa":"09"},"geometry":{"type":"Polygon","coordinates":[[[1.29597,42.04104],[1.26898,42.03296],[1.23974,42.03458],[1.23749,42.02004],[1.26223,42.00388],[1.25998,41.98934],[1.26223,41.9748],[1.24874,41.93926],[1.29147,41.95864],[1.30721,41.99419],[1.34995,41.99419],[1.36119,42.00065],[1.35445,42.02327],[1.35894,42.03458],[1.35894,42.07335],[1.34995,42.07335],[1.31846,42.04266],[1.29597,42.04104]]]}},{"type":"Feature","id":"25045","properties":{"cod_mun":"25045","nombre":"Bausen","cod_prov":"25","cod_ccaa":"09"},"geometry":{"type":"Polygon","coordinates":[[[0.66846,42.82623],[0.72694,42.82785],[0.73594,42.84885],[0.70895,42.86178],[0.67746,42.85532],[0.65947,42.83754],[0.66846,42.82623]]]}},{"type":"Feature","id":"25046","properties":{"cod_mun":"25046","nombre":"Belianes","cod_prov":"25","cod_ccaa":"09"},"geometry":{"type":"Polygon","coordinates":[[[0.96535,41.57897],[0.96085,41.56766],[0.98559,41.54989],[1.02607,41.55797],[1.00358,41.58705],[0.97434,41.58866],[0.96535,41.57897]]]}},{"type":"Feature","id":"25047","properties":{"cod_mun":"25047","nombre":"Bellcaire d'Urgell","cod_prov":"25","cod_ccaa":"09"},"geometry":{"type":"Polygon","coordinates":[[[0.85289,41.77769],[0.8394,41.75507],[0.86414,41.74053],[0.87313,41.73892],[0.91362,41.7373],[0.92936,41.747],[0.93836,41.77123],[0.92261,41.77931],[0.91362,41.78254],[0.91137,41.78415],[0.88888,41.789],[0.87988,41.768],[0.85289,41.77769]]]}},{"type":"Feature","id":"25048","properties":{"cod_mun":"25048","nombre":"Bell-lloc d'Urgell","cod_prov":"25","cod_ccaa":"09"},"geometry":{"type":"Polygon","coordinates":[[[0.72919,41.63713],[0.72919,41.6339],[0.74943,41.62905],[0.76068,41.58705],[0.76743,41.58705],[0.78317,41.60967],[0.81691,41.61451],[0.82365,41.61451],[0.80791,41.62259],[0.81916,41.63552],[0.8259,41.64198],[0.79891,41.64683],[0.76518,41.6646],[0.73594,41.65814],[0.72919,41.63713]]]}},{"type":"Feature","id":"25087","properties":{"cod_mun":"25087","nombre":"Esterri de Cardós","cod_prov":"25","cod_ccaa":"09"},"geometry":{"type":"Polygon","coordinates":[[[1.25324,42.60651],[1.23749,42.59035],[1.27123,42.56612],[1.30047,42.57743],[1.29372,42.60328],[1.25324,42.60651]]]}},{"type":"Feature","id":"25049","properties":{"cod_mun":"25049","nombre":"Bellmunt d'Urgell","cod_prov":"25","cod_ccaa":"09"},"geometry":{"type":"Polygon","coordinates":[[[0.92936,41.747],[0.9541,41.75023],[0.9586,41.768],[0.93836,41.77123],[0.92936,41.747]]]}},{"type":"Feature","id":"25050","properties":{"cod_mun":"25050","nombre":"Bellpuig","cod_prov":"25","cod_ccaa":"09"},"geometry":{"type":"Polygon","coordinates":[[[0.96985,41.62905],[0.97884,41.59997],[0.97434,41.58866],[1.00358,41.58705],[1.01483,41.6129],[1.05306,41.62582],[1.04407,41.6339],[1.02607,41.67106],[1.00583,41.67752],[0.99908,41.67106],[1.00133,41.65167],[0.96985,41.62905]]]}},{"type":"Feature","id":"25051","properties":{"cod_mun":"25051","nombre":"Bellver de Cerdanya","cod_prov":"25","cod_ccaa":"09"},"geometry":{"type":"Polygon","coordinates":[[[1.70981,42.36417],[1.7368,42.33832],[1.73005,42.3157],[1.73905,42.30116],[1.73455,42.28338],[1.7413,42.28985],[1.77953,42.29146],[1.79752,42.29469],[1.80427,42.30116],[1.81327,42.32054],[1.81327,42.34639],[1.82451,42.35124],[1.81777,42.37386],[1.79977,42.37871],[1.80652,42.39002],[1.80652,42.41748],[1.79527,42.43041],[1.77053,42.42879],[1.7323,42.4401],[1.73005,42.47726],[1.70981,42.45787],[1.7233,42.43202],[1.73005,42.41425],[1.75704,42.38517],[1.75929,42.38032],[1.75029,42.36578],[1.70981,42.36417]]]}},{"type":"Feature","id":"25052","properties":{"cod_mun":"25052","nombre":"Bellvís","cod_prov":"25","cod_ccaa":"09"},"geometry":{"type":"MultiPolygon","coordinates":[[[[0.8304,41.71145],[0.81241,41.71307],[0.81016,41.70014],[0.77417,41.69691],[0.76293,41.6856],[0.76518,41.6646],[0.79891,41.64683],[0.8259,41.64198],[0.85964,41.66621],[0.83715,41.67106],[0.84839,41.69045],[0.86414,41.68399],[0.85739,41.71145],[0.8304,41.71145]]],[[[0.87313,41.73892],[0.86414,41.74053],[0.85289,41.72599],[0.86639,41.72438],[0.87313,41.73892]]]]}},{"type":"Feature","id":"25053","properties":{"cod_mun":"25053","nombre":"Benavent de Segrià","cod_prov":"25","cod_ccaa":"09"},"geometry":{"type":"Polygon","coordinates":[[[0.61449,41.69368],[0.61898,41.69206],[0.65272,41.67752],[0.66172,41.70176],[0.65047,41.7066],[0.61673,41.69853],[0.61449,41.69368]]]}},{"type":"Feature","id":"25055","properties":{"cod_mun":"25055","nombre":"Biosca","cod_prov":"25","cod_ccaa":"09"},"geometry":{"type":"Polygon","coordinates":[[[1.32071,41.83101],[1.3567,41.81485],[1.37469,41.81647],[1.39718,41.83424],[1.40618,41.87786],[1.42642,41.89563],[1.42642,41.90856],[1.40843,41.91664],[1.37919,41.92795],[1.35445,41.91825],[1.34995,41.90533],[1.33645,41.90048],[1.3432,41.86009],[1.32071,41.83101]]]}},{"type":"Feature","id":"25056","properties":{"cod_mun":"25056","nombre":"Bovera","cod_prov":"25","cod_ccaa":"09"},"geometry":{"type":"Polygon","coordinates":[[[0.5875,41.30754],[0.61449,41.29139],[0.69096,41.31239],[0.6977,41.32693],[0.62348,41.3447],[0.5875,41.30754]]]}},{"type":"Feature","id":"25118","properties":{"cod_mun":"25118","nombre":"Juncosa","cod_prov":"25","cod_ccaa":"09"},"geometry":{"type":"Polygon","coordinates":[[[0.72469,41.41579],[0.74718,41.39964],[0.73369,41.37055],[0.74269,41.35278],[0.76743,41.33339],[0.81241,41.32693],[0.8304,41.35924],[0.8439,41.36248],[0.84165,41.39317],[0.8304,41.40448],[0.80566,41.40448],[0.79441,41.43841],[0.78542,41.43033],[0.76518,41.44487],[0.75618,41.43195],[0.76293,41.41579],[0.73369,41.42225],[0.72469,41.41579]]]}},{"type":"Feature","id":"25119","properties":{"cod_mun":"25119","nombre":"Juneda","cod_prov":"25","cod_ccaa":"09"},"geometry":{"type":"MultiPolygon","coordinates":[[[[0.76518,41.5515],[0.75843,41.53696],[0.76967,41.52565],[0.77642,41.54504],[0.80341,41.54181],[0.81691,41.53212],[0.81016,41.51919],[0.82365,41.46426],[0.84614,41.46426],[0.83715,41.4885],[0.83715,41.52565],[0.8439,41.53373],[0.86639,41.52565],[0.87313,41.53535],[0.87089,41.5612],[0.85289,41.57089],[0.77867,41.56766],[0.77642,41.54989],[0.76518,41.5515]]],[[[0.88213,41.58382],[0.85964,41.57574],[0.88213,41.5822],[0.88213,41.58382]]]]}},{"type":"Feature","id":"25120","properties":{"cod_mun":"25120","nombre":"Lleida","cod_prov":"25","cod_ccaa":"09"},"geometry":{"type":"Polygon","coordinates":[[[0.36483,41.71145],[0.38058,41.69853],[0.44355,41.67591],[0.44805,41.6549],[0.47729,41.65814],[0.51777,41.64844],[0.51552,41.63875],[0.54251,41.6129],[0.565,41.56928],[0.574,41.57574],[0.59199,41.57412],[0.61449,41.5822],[0.64372,41.57574],[0.63248,41.55474],[0.65722,41.5515],[0.66397,41.51596],[0.67746,41.51111],[0.68871,41.52404],[0.66621,41.56605],[0.73144,41.57089],[0.74269,41.58543],[0.72469,41.59513],[0.72019,41.62582],[0.72919,41.6339],[0.72919,41.63713],[0.69995,41.62905],[0.66846,41.6339],[0.67746,41.64521],[0.66172,41.65652],[0.65497,41.66137],[0.61673,41.67106],[0.60324,41.66298],[0.5875,41.67106],[0.583,41.65329],[0.5695,41.64521],[0.53127,41.65975],[0.52902,41.67752],[0.50203,41.69368],[0.46829,41.70014],[0.39632,41.73245],[0.38507,41.74053],[0.36483,41.71145]]]}},{"type":"Feature","id":"25121","properties":{"cod_mun":"25121","nombre":"Les","cod_prov":"25","cod_ccaa":"09"},"geometry":{"type":"Polygon","coordinates":[[[0.66846,42.82623],[0.67071,42.802],[0.69545,42.802],[0.7112,42.79392],[0.74943,42.78584],[0.76743,42.78746],[0.74718,42.80038],[0.74044,42.82623],[0.72694,42.82785],[0.66846,42.82623]]]}},{"type":"Feature","id":"25122","properties":{"cod_mun":"25122","nombre":"Linyola","cod_prov":"25","cod_ccaa":"09"},"geometry":{"type":"Polygon","coordinates":[[[0.85739,41.71145],[0.86414,41.68399],[0.86414,41.67914],[0.91137,41.67914],[0.91587,41.68237],[0.92711,41.7066],[0.91362,41.7373],[0.87313,41.73892],[0.86639,41.72438],[0.85739,41.71145]]]}},{"type":"Feature","id":"25123","properties":{"cod_mun":"25123","nombre":"Lladorre","cod_prov":"25","cod_ccaa":"09"},"geometry":{"type":"Polygon","coordinates":[[[1.17002,42.70829],[1.19026,42.6776],[1.206,42.67437],[1.19926,42.66306],[1.22175,42.63721],[1.2195,42.61782],[1.25324,42.60651],[1.29372,42.60328],[1.29822,42.62751],[1.31396,42.6469],[1.3522,42.6469],[1.37244,42.66629],[1.38818,42.6679],[1.39043,42.68567],[1.34995,42.70345],[1.3567,42.7196],[1.3342,42.72445],[1.31621,42.7196],[1.25324,42.71476],[1.2285,42.72768],[1.21725,42.7196],[1.17002,42.70829]]]}},{"type":"Feature","id":"25124","properties":{"cod_mun":"25124","nombre":"Lladurs","cod_prov":"25","cod_ccaa":"09"},"geometry":{"type":"Polygon","coordinates":[[[1.36794,42.07981],[1.37919,42.04427],[1.39718,42.05073],[1.40618,42.03458],[1.46465,42.01681],[1.49164,42.00873],[1.52763,42.02165],[1.54112,42.03458],[1.56361,42.03781],[1.56361,42.0475],[1.57036,42.06851],[1.56811,42.09274],[1.58161,42.10243],[1.55237,42.1089],[1.53213,42.09759],[1.52313,42.1089],[1.50964,42.09597],[1.47815,42.09597],[1.46915,42.08466],[1.42867,42.10566],[1.40393,42.11213],[1.36794,42.07981]]]}},{"type":"Feature","id":"25125","properties":{"cod_mun":"25125","nombre":"Llardecans","cod_prov":"25","cod_ccaa":"09"},"geometry":{"type":"Polygon","coordinates":[[[0.47279,41.38833],[0.52227,41.39156],[0.52902,41.36732],[0.55376,41.32693],[0.58075,41.32047],[0.5875,41.3447],[0.58525,41.37702],[0.60549,41.38994],[0.56276,41.40933],[0.54476,41.41579],[0.52902,41.43195],[0.49303,41.44649],[0.47279,41.4271],[0.47279,41.38833]]]}},{"type":"Feature","id":"25126","properties":{"cod_mun":"25126","nombre":"Llavorsí","cod_prov":"25","cod_ccaa":"09"},"geometry":{"type":"Polygon","coordinates":[[[1.11379,42.51603],[1.11154,42.50311],[1.13853,42.48049],[1.16102,42.47887],[1.17901,42.46433],[1.215,42.46272],[1.2195,42.42717],[1.25548,42.42556],[1.25324,42.44172],[1.25548,42.45141],[1.24649,42.48049],[1.22625,42.49988],[1.21275,42.50796],[1.215,42.52573],[1.2105,42.54027],[1.18576,42.52088],[1.16552,42.52896],[1.14078,42.52734],[1.11379,42.51603]]]}},{"type":"Feature","id":"25127","properties":{"cod_mun":"25127","nombre":"Lles de Cerdanya","cod_prov":"25","cod_ccaa":"09"},"geometry":{"type":"Polygon","coordinates":[[[1.58161,42.44979],[1.5951,42.44333],[1.60185,42.42394],[1.62434,42.40617],[1.64683,42.39809],[1.66033,42.36255],[1.69631,42.36255],[1.70531,42.38517],[1.70081,42.40294],[1.7188,42.40779],[1.7233,42.43202],[1.70981,42.45787],[1.73005,42.47726],[1.73005,42.4918],[1.72555,42.50472],[1.70306,42.49018],[1.66258,42.49342],[1.65808,42.46757],[1.63109,42.46272],[1.5996,42.46757],[1.58161,42.44979]]]}},{"type":"Feature","id":"25057","properties":{"cod_mun":"25057","nombre":"Bòrdes, Es","cod_prov":"25","cod_ccaa":"09"},"geometry":{"type":"MultiPolygon","coordinates":[[[[0.67971,42.72283],[0.67521,42.69052],[0.70895,42.68891],[0.7157,42.70668],[0.73369,42.72283],[0.74718,42.74545],[0.7112,42.74707],[0.68646,42.73253],[0.67971,42.72283]]],[[[0.67746,42.73899],[0.66621,42.73899],[0.67071,42.73091],[0.68646,42.73253],[0.67746,42.73899]]]]}},{"type":"Feature","id":"25058","properties":{"cod_mun":"25058","nombre":"Borges Blanques, Les","cod_prov":"25","cod_ccaa":"09"},"geometry":{"type":"MultiPolygon","coordinates":[[[[0.87313,41.53535],[0.86639,41.52565],[0.8439,41.53373],[0.83715,41.52565],[0.83715,41.4885],[0.84614,41.46426],[0.88438,41.44326],[0.89563,41.4481],[0.89338,41.46588],[0.92936,41.46103],[0.93161,41.46588],[0.92486,41.47234],[0.91362,41.51435],[0.89113,41.52727],[0.89338,41.53535],[0.87313,41.53535]]],[[[0.81016,41.51919],[0.81691,41.53212],[0.80341,41.54181],[0.77642,41.54504],[0.76967,41.52565],[0.78992,41.51596],[0.81016,41.51919]]]]}},{"type":"Feature","id":"25059","properties":{"cod_mun":"25059","nombre":"Bossòst","cod_prov":"25","cod_ccaa":"09"},"geometry":{"type":"Polygon","coordinates":[[[0.66397,42.7503],[0.69545,42.75353],[0.69545,42.76969],[0.71345,42.77777],[0.75168,42.7713],[0.74943,42.78584],[0.7112,42.79392],[0.69545,42.802],[0.67071,42.802],[0.65272,42.77777],[0.66621,42.77615],[0.64822,42.75192],[0.66397,42.7503]]]}},{"type":"Feature","id":"25060","properties":{"cod_mun":"25060","nombre":"Cabanabona","cod_prov":"25","cod_ccaa":"09"},"geometry":{"type":"Polygon","coordinates":[[[1.18351,41.79708],[1.20151,41.81485],[1.22625,41.84555],[1.23299,41.87301],[1.2195,41.85847],[1.19251,41.85524],[1.18351,41.79708]]]}},{"type":"Feature","id":"25061","properties":{"cod_mun":"25061","nombre":"Cabó","cod_prov":"25","cod_ccaa":"09"},"geometry":{"type":"Polygon","coordinates":[[[1.15203,42.25915],[1.15877,42.24622],[1.14078,42.23007],[1.16552,42.21876],[1.21275,42.20745],[1.25773,42.21553],[1.29147,42.21068],[1.31621,42.21876],[1.32071,42.24138],[1.30047,42.24946],[1.29822,42.264],[1.28922,42.27692],[1.25773,42.27369],[1.24874,42.26238],[1.215,42.26723],[1.20151,42.25915],[1.17002,42.26561],[1.15203,42.25915]]]}},{"type":"Feature","id":"25062","properties":{"cod_mun":"25062","nombre":"Camarasa","cod_prov":"25","cod_ccaa":"09"},"geometry":{"type":"MultiPolygon","coordinates":[[[[0.81241,41.96672],[0.8394,41.98126],[0.84839,41.9441],[0.86414,41.91825],[0.85514,41.90694],[0.87988,41.91017],[0.87089,41.89563],[0.8259,41.89402],[0.81916,41.88109],[0.79441,41.87625],[0.78092,41.85847],[0.82815,41.83747],[0.8259,41.82293],[0.83265,41.8197],[0.88213,41.81808],[0.89563,41.83101],[0.92711,41.83101],[0.93386,41.87463],[0.93386,41.88271],[0.89113,41.90533],[0.90912,41.96349],[0.92936,41.97157],[0.90912,41.99742],[0.87089,42.00065],[0.86864,42.0055],[0.85514,42.0055],[0.8394,42.0265],[0.80116,42.02165],[0.81691,42.00065],[0.80566,41.9958],[0.81241,41.96672]]],[[[0.88888,42.04104],[0.87763,42.02327],[0.91362,42.01196],[0.92261,42.02165],[0.88888,42.04104]]]]}},{"type":"Feature","id":"25063","properties":{"cod_mun":"25063","nombre":"Canejan","cod_prov":"25","cod_ccaa":"09"},"geometry":{"type":"Polygon","coordinates":[[[0.72694,42.82785],[0.74044,42.82623],[0.74718,42.80038],[0.76743,42.78746],[0.80116,42.78908],[0.87313,42.80523],[0.87763,42.81493],[0.8439,42.82947],[0.80116,42.84078],[0.78092,42.83593],[0.73594,42.84885],[0.72694,42.82785]]]}},{"type":"Feature","id":"25064","properties":{"cod_mun":"25064","nombre":"Castellar de la Ribera","cod_prov":"25","cod_ccaa":"09"},"geometry":{"type":"Polygon","coordinates":[[[1.34995,41.99419],[1.36344,41.97641],[1.40393,41.98934],[1.43541,41.96511],[1.45791,41.97965],[1.4714,41.9958],[1.46465,42.01681],[1.40618,42.03458],[1.39718,42.05073],[1.37919,42.04427],[1.36794,42.07981],[1.35894,42.07335],[1.35894,42.03458],[1.35445,42.02327],[1.36119,42.00065],[1.34995,41.99419]]]}},{"type":"Feature","id":"25067","properties":{"cod_mun":"25067","nombre":"Castelldans","cod_prov":"25","cod_ccaa":"09"},"geometry":{"type":"Polygon","coordinates":[[[0.6932,41.47719],[0.72469,41.47072],[0.76068,41.46426],[0.78317,41.46749],[0.79666,41.44649],[0.81691,41.44972],[0.82365,41.46426],[0.81016,41.51919],[0.78992,41.51596],[0.76967,41.52565],[0.75843,41.53696],[0.72694,41.51919],[0.7112,41.52565],[0.69545,41.4998],[0.6932,41.47719]]]}},{"type":"Feature","id":"25069","properties":{"cod_mun":"25069","nombre":"Castelló de Farfanya","cod_prov":"25","cod_ccaa":"09"},"geometry":{"type":"Polygon","coordinates":[[[0.67296,41.79385],[0.71345,41.768],[0.73369,41.77285],[0.74044,41.79223],[0.76068,41.80516],[0.76518,41.82616],[0.76967,41.85201],[0.72919,41.84393],[0.68196,41.84232],[0.67071,41.82455],[0.67296,41.79385]]]}},{"type":"Feature","id":"25081","properties":{"cod_mun":"25081","nombre":"Espluga Calba, L'","cod_prov":"25","cod_ccaa":"09"},"geometry":{"type":"Polygon","coordinates":[[[0.9721,41.47719],[0.99009,41.46588],[1.03732,41.48042],[1.04857,41.48688],[1.03732,41.49819],[1.03732,41.50465],[1.01933,41.50304],[0.98559,41.51596],[0.9721,41.47719]]]}},{"type":"Feature","id":"25082","properties":{"cod_mun":"25082","nombre":"Espot","cod_prov":"25","cod_ccaa":"09"},"geometry":{"type":"Polygon","coordinates":[[[0.93836,42.58874],[0.96985,42.5742],[0.9721,42.55158],[0.99009,42.55319],[0.99908,42.53704],[1.01258,42.53865],[1.02607,42.52411],[1.04407,42.53057],[1.06656,42.50957],[1.08005,42.52088],[1.13628,42.56127],[1.14528,42.56289],[1.13403,42.59035],[1.11154,42.58066],[1.08005,42.59358],[1.08005,42.5952],[1.02832,42.59843],[1.01483,42.59358],[0.99908,42.60974],[0.96535,42.60328],[0.93836,42.58874]]]}},{"type":"Feature","id":"25085","properties":{"cod_mun":"25085","nombre":"Estaràs","cod_prov":"25","cod_ccaa":"09"},"geometry":{"type":"Polygon","coordinates":[[[1.3342,41.66783],[1.34995,41.66298],[1.37469,41.67268],[1.40393,41.6856],[1.39943,41.70499],[1.38368,41.7066],[1.42417,41.73245],[1.40393,41.74538],[1.40168,41.74376],[1.39493,41.73245],[1.37019,41.72599],[1.34995,41.70822],[1.38144,41.70499],[1.37019,41.67914],[1.3477,41.68075],[1.33645,41.67106],[1.3342,41.66783]]]}},{"type":"Feature","id":"25088","properties":{"cod_mun":"25088","nombre":"Estamariu","cod_prov":"25","cod_ccaa":"09"},"geometry":{"type":"Polygon","coordinates":[[[1.50064,42.37063],[1.50739,42.3577],[1.52538,42.36255],[1.55687,42.35932],[1.55912,42.35932],[1.56137,42.36578],[1.56586,42.38194],[1.53887,42.38032],[1.52763,42.41263],[1.50739,42.41102],[1.49839,42.39486],[1.50064,42.37063]]]}},{"type":"Feature","id":"25131","properties":{"cod_mun":"25131","nombre":"Massalcoreig","cod_prov":"25","cod_ccaa":"09"},"geometry":{"type":"Polygon","coordinates":[[[0.34684,41.4885],[0.34459,41.46103],[0.35584,41.45295],[0.34909,41.4271],[0.37158,41.4271],[0.37608,41.43841],[0.37833,41.46911],[0.36708,41.48526],[0.34684,41.4885]]]}},{"type":"Feature","id":"25089","properties":{"cod_mun":"25089","nombre":"Farrera","cod_prov":"25","cod_ccaa":"09"},"geometry":{"type":"Polygon","coordinates":[[[1.22625,42.49988],[1.24649,42.48049],[1.25548,42.45141],[1.27123,42.44172],[1.31171,42.44979],[1.32071,42.44495],[1.34095,42.46757],[1.34545,42.48049],[1.37244,42.49826],[1.36344,42.51927],[1.33195,42.50472],[1.25998,42.51603],[1.2285,42.50796],[1.22625,42.49988]]]}},{"type":"Feature","id":"25092","properties":{"cod_mun":"25092","nombre":"Floresta, La","cod_prov":"25","cod_ccaa":"09"},"geometry":{"type":"Polygon","coordinates":[[[0.91362,41.51435],[0.92486,41.47234],[0.93161,41.46588],[0.93836,41.47395],[0.93836,41.47719],[0.92936,41.48042],[0.93386,41.50627],[0.91362,41.51435]]]}},{"type":"Feature","id":"25093","properties":{"cod_mun":"25093","nombre":"Fondarella","cod_prov":"25","cod_ccaa":"09"},"geometry":{"type":"Polygon","coordinates":[[[0.85064,41.6129],[0.85064,41.61128],[0.88438,41.62905],[0.88438,41.63875],[0.85514,41.63713],[0.85064,41.6129]]]}},{"type":"Feature","id":"25094","properties":{"cod_mun":"25094","nombre":"Foradada","cod_prov":"25","cod_ccaa":"09"},"geometry":{"type":"Polygon","coordinates":[[[0.98559,41.87301],[0.99684,41.86494],[1.00583,41.83424],[1.01258,41.81324],[1.02158,41.82778],[1.01933,41.84716],[1.03957,41.85686],[1.04407,41.88109],[1.03732,41.89725],[1.01258,41.89402],[0.99908,41.90694],[0.98109,41.9021],[0.97434,41.88432],[0.98559,41.87301]]]}},{"type":"Feature","id":"25132","properties":{"cod_mun":"25132","nombre":"Massoteres","cod_prov":"25","cod_ccaa":"09"},"geometry":{"type":"Polygon","coordinates":[[[1.29147,41.81485],[1.29597,41.80516],[1.32521,41.77608],[1.3387,41.75992],[1.36119,41.79062],[1.37469,41.81647],[1.3567,41.81485],[1.32071,41.83101],[1.31396,41.82778],[1.29147,41.81485]]]}},{"type":"Feature","id":"25133","properties":{"cod_mun":"25133","nombre":"Maials","cod_prov":"25","cod_ccaa":"09"},"geometry":{"type":"Polygon","coordinates":[[[0.46154,41.33501],[0.47954,41.32209],[0.50203,41.28977],[0.52677,41.28977],[0.55376,41.32693],[0.52902,41.36732],[0.52227,41.39156],[0.47279,41.38833],[0.46154,41.37702],[0.47279,41.36086],[0.46604,41.34147],[0.46154,41.33501]]]}},{"type":"Feature","id":"25134","properties":{"cod_mun":"25134","nombre":"Menàrguens","cod_prov":"25","cod_ccaa":"09"},"geometry":{"type":"Polygon","coordinates":[[[0.7022,41.72599],[0.73369,41.70822],[0.74269,41.71145],[0.76518,41.73084],[0.73819,41.75184],[0.73369,41.77285],[0.71345,41.768],[0.7022,41.72599]]]}},{"type":"Feature","id":"25135","properties":{"cod_mun":"25135","nombre":"Miralcamp","cod_prov":"25","cod_ccaa":"09"},"geometry":{"type":"Polygon","coordinates":[[[0.86189,41.60644],[0.88213,41.58382],[0.88213,41.5822],[0.88888,41.57412],[0.92261,41.58705],[0.92936,41.59997],[0.90462,41.61128],[0.88213,41.61775],[0.86189,41.60644]]]}},{"type":"Feature","id":"25136","properties":{"cod_mun":"25136","nombre":"Molsosa, La","cod_prov":"25","cod_ccaa":"09"},"geometry":{"type":"MultiPolygon","coordinates":[[[[1.59285,41.81162],[1.54562,41.79546],[1.50514,41.789],[1.50739,41.77446],[1.53213,41.76315],[1.52988,41.75184],[1.54787,41.77123],[1.57486,41.78254],[1.58161,41.77608],[1.5996,41.789],[1.59285,41.81162]]],[[[1.4714,41.80031],[1.47365,41.78254],[1.46015,41.77608],[1.48714,41.77931],[1.48265,41.79062],[1.4759,41.80354],[1.4714,41.80031]]]]}},{"type":"Feature","id":"25096","properties":{"cod_mun":"25096","nombre":"Fuliola, La","cod_prov":"25","cod_ccaa":"09"},"geometry":{"type":"Polygon","coordinates":[[[0.97434,41.7066],[0.99908,41.69853],[1.02383,41.71307],[1.02832,41.71791],[1.02832,41.72599],[0.98334,41.73245],[0.97434,41.7066]]]}},{"type":"Feature","id":"25097","properties":{"cod_mun":"25097","nombre":"Fulleda","cod_prov":"25","cod_ccaa":"09"},"geometry":{"type":"Polygon","coordinates":[[[0.99009,41.46588],[1.00583,41.45134],[1.03057,41.44972],[1.04632,41.44003],[1.05531,41.44164],[1.07556,41.45941],[1.03732,41.48042],[0.99009,41.46588]]]}},{"type":"Feature","id":"25098","properties":{"cod_mun":"25098","nombre":"Gavet de la Conca","cod_prov":"25","cod_ccaa":"09"},"geometry":{"type":"Polygon","coordinates":[[[0.89338,42.09759],[0.94061,42.09274],[0.93611,42.04589],[0.98559,42.03942],[0.9586,42.02165],[1.00583,42.02327],[1.02832,42.03135],[1.06881,42.03619],[1.0778,42.04589],[1.08455,42.05235],[1.06881,42.0782],[1.03057,42.0992],[0.99234,42.08466],[0.99009,42.06689],[0.96985,42.08143],[0.98334,42.09759],[0.97884,42.11374],[0.94511,42.12344],[0.93836,42.13959],[0.90012,42.12182],[0.89338,42.09759]]]}},{"type":"Feature","id":"25099","properties":{"cod_mun":"25099","nombre":"Golmés","cod_prov":"25","cod_ccaa":"09"},"geometry":{"type":"Polygon","coordinates":[[[0.89563,41.64198],[0.90462,41.61128],[0.92936,41.59997],[0.93611,41.59997],[0.96085,41.62905],[0.94286,41.64036],[0.92486,41.64521],[0.89563,41.64198]]]}},{"type":"Feature","id":"25100","properties":{"cod_mun":"25100","nombre":"Gósol","cod_prov":"25","cod_ccaa":"09"},"geometry":{"type":"Polygon","coordinates":[[[1.6131,42.20099],[1.64233,42.19614],[1.65133,42.17837],[1.65808,42.16544],[1.69406,42.17191],[1.70756,42.1606],[1.72555,42.16706],[1.7368,42.18321],[1.73905,42.18968],[1.70756,42.18968],[1.68057,42.20583],[1.68507,42.22199],[1.70531,42.23815],[1.68507,42.25592],[1.63784,42.24784],[1.61085,42.2123],[1.6131,42.20099]]]}},{"type":"Feature","id":"25101","properties":{"cod_mun":"25101","nombre":"Granadella, La","cod_prov":"25","cod_ccaa":"09"},"geometry":{"type":"Polygon","coordinates":[[[0.58075,41.32047],[0.5875,41.30754],[0.62348,41.3447],[0.6977,41.32693],[0.69096,41.31239],[0.69545,41.31401],[0.70445,41.31724],[0.72244,41.3754],[0.6932,41.39802],[0.66397,41.41256],[0.62798,41.42064],[0.61898,41.39317],[0.60549,41.38994],[0.58525,41.37702],[0.5875,41.3447],[0.58075,41.32047]]]}},{"type":"Feature","id":"25102","properties":{"cod_mun":"25102","nombre":"Granja d'Escarp, La","cod_prov":"25","cod_ccaa":"09"},"geometry":{"type":"Polygon","coordinates":[[[0.33559,41.40771],[0.31985,41.39479],[0.36033,41.37055],[0.39857,41.38994],[0.42331,41.3964],[0.40982,41.42872],[0.39407,41.44164],[0.37608,41.43841],[0.37158,41.4271],[0.34909,41.4271],[0.33559,41.40771]]]}},{"type":"Feature","id":"25103","properties":{"cod_mun":"25103","nombre":"Granyanella","cod_prov":"25","cod_ccaa":"09"},"geometry":{"type":"Polygon","coordinates":[[[1.18576,41.61936],[1.23974,41.63875],[1.23074,41.65814],[1.24424,41.67914],[1.2285,41.68722],[1.19026,41.67429],[1.18576,41.61936]]]}},{"type":"Feature","id":"25104","properties":{"cod_mun":"25104","nombre":"Granyena de Segarra","cod_prov":"25","cod_ccaa":"09"},"geometry":{"type":"Polygon","coordinates":[[[1.16552,41.60967],[1.16777,41.60644],[1.20376,41.61128],[1.21275,41.60482],[1.24874,41.61128],[1.25998,41.6339],[1.23974,41.63875],[1.18576,41.61936],[1.16552,41.60967]]]}},{"type":"Feature","id":"25105","properties":{"cod_mun":"25105","nombre":"Granyena de les Garrigues","cod_prov":"25","cod_ccaa":"09"},"geometry":{"type":"Polygon","coordinates":[[[0.62573,41.44649],[0.62798,41.42064],[0.66397,41.41256],[0.69096,41.43033],[0.66397,41.4578],[0.62573,41.44649]]]}},{"type":"Feature","id":"25109","properties":{"cod_mun":"25109","nombre":"Guimerà","cod_prov":"25","cod_ccaa":"09"},"geometry":{"type":"Polygon","coordinates":[[[1.15427,41.57412],[1.17002,41.51758],[1.18126,41.54343],[1.2105,41.54827],[1.2195,41.56928],[1.21275,41.58543],[1.17901,41.59513],[1.15427,41.57412]]]}},{"type":"Feature","id":"25137","properties":{"cod_mun":"25137","nombre":"Mollerussa","cod_prov":"25","cod_ccaa":"09"},"geometry":{"type":"Polygon","coordinates":[[[0.85064,41.61128],[0.86189,41.60644],[0.88213,41.61775],[0.90462,41.61128],[0.89563,41.64198],[0.89338,41.64198],[0.88438,41.63875],[0.88438,41.62905],[0.85064,41.61128]]]}},{"type":"Feature","id":"25138","properties":{"cod_mun":"25138","nombre":"Montgai","cod_prov":"25","cod_ccaa":"09"},"geometry":{"type":"Polygon","coordinates":[[[0.92261,41.77931],[0.93836,41.77123],[0.9586,41.768],[0.97434,41.76638],[0.97884,41.77608],[0.98784,41.77446],[1.01258,41.81324],[1.00583,41.83424],[0.99234,41.82293],[0.97659,41.83101],[0.96085,41.80193],[0.93161,41.80193],[0.92261,41.77931]]]}},{"type":"Feature","id":"25139","properties":{"cod_mun":"25139","nombre":"Montellà i Martinet","cod_prov":"25","cod_ccaa":"09"},"geometry":{"type":"Polygon","coordinates":[[[1.65133,42.28662],[1.66932,42.28177],[1.7188,42.28338],[1.73455,42.28338],[1.73905,42.30116],[1.73005,42.3157],[1.7368,42.33832],[1.70981,42.36417],[1.69631,42.36255],[1.66033,42.36255],[1.65133,42.34962],[1.65583,42.33185],[1.65133,42.28662]]]}},{"type":"Feature","id":"25110","properties":{"cod_mun":"25110","nombre":"Guissona","cod_prov":"25","cod_ccaa":"09"},"geometry":{"type":"Polygon","coordinates":[[[1.32521,41.77608],[1.29597,41.80516],[1.29147,41.81485],[1.25998,41.80677],[1.27798,41.768],[1.31396,41.76315],[1.32521,41.77608]]]}},{"type":"Feature","id":"25111","properties":{"cod_mun":"25111","nombre":"Guixers","cod_prov":"25","cod_ccaa":"09"},"geometry":{"type":"Polygon","coordinates":[[[1.52088,42.1509],[1.53213,42.13313],[1.55462,42.11697],[1.57486,42.12505],[1.58161,42.12182],[1.6131,42.12021],[1.61984,42.1089],[1.64458,42.11213],[1.68282,42.11374],[1.69181,42.10405],[1.70531,42.10566],[1.71206,42.11536],[1.69856,42.13475],[1.72105,42.15252],[1.73455,42.15898],[1.7368,42.18321],[1.72555,42.16706],[1.70756,42.1606],[1.69406,42.17191],[1.65808,42.16544],[1.65133,42.17837],[1.62659,42.13798],[1.60635,42.13798],[1.5906,42.14767],[1.60635,42.13475],[1.59285,42.12505],[1.57036,42.13151],[1.58611,42.14606],[1.56137,42.1606],[1.54562,42.15252],[1.52088,42.1509]]]}},{"type":"Feature","id":"25148","properties":{"cod_mun":"25148","nombre":"Odèn","cod_prov":"25","cod_ccaa":"09"},"geometry":{"type":"Polygon","coordinates":[[[1.34995,42.07335],[1.35894,42.07335],[1.36794,42.07981],[1.40393,42.11213],[1.42867,42.10566],[1.46915,42.08466],[1.47815,42.09597],[1.50964,42.09597],[1.52313,42.1089],[1.53213,42.09759],[1.55237,42.1089],[1.55462,42.11697],[1.53213,42.13313],[1.52088,42.1509],[1.52088,42.18483],[1.46915,42.15413],[1.44666,42.14444],[1.43092,42.15898],[1.39493,42.1509],[1.37919,42.15413],[1.3567,42.14767],[1.36119,42.1299],[1.32746,42.11536],[1.32296,42.09436],[1.33195,42.07981],[1.34995,42.07335]]]}},{"type":"Feature","id":"25149","properties":{"cod_mun":"25149","nombre":"Oliana","cod_prov":"25","cod_ccaa":"09"},"geometry":{"type":"Polygon","coordinates":[[[1.29597,42.04104],[1.31846,42.04266],[1.34995,42.07335],[1.33195,42.07981],[1.32296,42.09436],[1.32746,42.11536],[1.36119,42.1299],[1.3567,42.14767],[1.3477,42.1509],[1.31171,42.1299],[1.29147,42.08789],[1.30497,42.05073],[1.29597,42.04104]]]}},{"type":"Feature","id":"25150","properties":{"cod_mun":"25150","nombre":"Oliola","cod_prov":"25","cod_ccaa":"09"},"geometry":{"type":"Polygon","coordinates":[[[1.12054,41.84878],[1.12504,41.83262],[1.10479,41.82778],[1.09805,41.81162],[1.13403,41.80354],[1.13853,41.79546],[1.14078,41.78577],[1.16327,41.78092],[1.17002,41.78739],[1.18351,41.79708],[1.19251,41.85524],[1.2195,41.85847],[1.23299,41.87301],[1.23299,41.90533],[1.24199,41.93764],[1.2105,41.93926],[1.20151,41.92633],[1.22175,41.91664],[1.20376,41.8924],[1.16102,41.89079],[1.15877,41.90371],[1.14078,41.89402],[1.13178,41.86171],[1.12054,41.84878]]]}},{"type":"Feature","id":"25151","properties":{"cod_mun":"25151","nombre":"Olius","cod_prov":"25","cod_ccaa":"09"},"geometry":{"type":"Polygon","coordinates":[[[1.46465,42.01681],[1.4714,41.9958],[1.45791,41.97965],[1.46915,41.96187],[1.48939,41.95864],[1.50289,41.94087],[1.51413,41.94087],[1.55012,41.96511],[1.56361,41.96995],[1.57261,41.98934],[1.59735,41.99096],[1.5996,42.00226],[1.56361,42.0475],[1.56361,42.03781],[1.54112,42.03458],[1.52763,42.02165],[1.53662,41.99903],[1.55012,41.98772],[1.54562,41.97641],[1.50514,41.96834],[1.4849,41.98288],[1.50289,41.98611],[1.49164,42.00873],[1.46465,42.01681]]]}},{"type":"Feature","id":"25112","properties":{"cod_mun":"25112","nombre":"Ivars de Noguera","cod_prov":"25","cod_ccaa":"09"},"geometry":{"type":"Polygon","coordinates":[[[0.5785,41.82455],[0.62348,41.84232],[0.62348,41.86817],[0.65272,41.88271],[0.62798,41.9021],[0.60099,41.90856],[0.59649,41.8924],[0.60774,41.8714],[0.58075,41.86332],[0.58075,41.8504],[0.5785,41.82455]]]}},{"type":"Feature","id":"25113","properties":{"cod_mun":"25113","nombre":"Ivars d'Urgell","cod_prov":"25","cod_ccaa":"09"},"geometry":{"type":"Polygon","coordinates":[[[0.91587,41.68237],[0.94511,41.68883],[0.95185,41.67429],[0.99234,41.66621],[0.99908,41.67106],[1.00583,41.67752],[1.01033,41.68883],[0.99684,41.69206],[1.02383,41.71307],[0.99908,41.69853],[0.97434,41.7066],[0.93836,41.70176],[0.92711,41.7066],[0.91587,41.68237]]]}},{"type":"Feature","id":"25114","properties":{"cod_mun":"25114","nombre":"Ivorra","cod_prov":"25","cod_ccaa":"09"},"geometry":{"type":"Polygon","coordinates":[[[1.36119,41.75669],[1.40168,41.74376],[1.40393,41.74538],[1.41292,41.77608],[1.40168,41.78577],[1.40168,41.80354],[1.37469,41.77931],[1.36119,41.75669]]]}},{"type":"Feature","id":"25115","properties":{"cod_mun":"25115","nombre":"Isona i Conca Dellà","cod_prov":"25","cod_ccaa":"09"},"geometry":{"type":"MultiPolygon","coordinates":[[[[1.0778,42.04589],[1.06881,42.03619],[1.07556,42.0055],[1.0823,42.00711],[1.0913,42.02811],[1.0778,42.04589]]],[[[0.93611,42.19452],[0.92711,42.17029],[0.95635,42.16706],[0.9721,42.17352],[0.9676,42.15736],[0.94511,42.12344],[0.97884,42.11374],[0.98334,42.09759],[0.99234,42.08466],[1.03057,42.0992],[1.06881,42.0782],[1.08455,42.05235],[1.09805,42.06204],[1.14078,42.12021],[1.15652,42.12344],[1.15652,42.13636],[1.13628,42.14606],[1.05531,42.12667],[1.05531,42.15575],[1.03957,42.15898],[1.05981,42.18645],[1.05081,42.17998],[1.01258,42.18645],[0.98784,42.18321],[0.9586,42.20583],[0.93611,42.19452]]]]}},{"type":"Feature","id":"25128","properties":{"cod_mun":"25128","nombre":"Llimiana","cod_prov":"25","cod_ccaa":"09"},"geometry":{"type":"MultiPolygon","coordinates":[[[[0.89338,42.09759],[0.88663,42.06043],[0.88888,42.04104],[0.92261,42.02165],[0.9586,42.02165],[0.98559,42.03942],[0.93611,42.04589],[0.94061,42.09274],[0.89338,42.09759]]],[[[0.99234,42.08466],[0.98334,42.09759],[0.96985,42.08143],[0.99009,42.06689],[0.99234,42.08466]]]]}},{"type":"Feature","id":"25129","properties":{"cod_mun":"25129","nombre":"Llobera","cod_prov":"25","cod_ccaa":"09"},"geometry":{"type":"Polygon","coordinates":[[[1.40843,41.91664],[1.42642,41.90856],[1.42642,41.89563],[1.43991,41.89886],[1.4624,41.88756],[1.4849,41.90533],[1.50064,41.9021],[1.50514,41.91502],[1.50289,41.94087],[1.48939,41.95864],[1.46915,41.96187],[1.45566,41.94733],[1.41967,41.93118],[1.40843,41.91664]]]}},{"type":"Feature","id":"25130","properties":{"cod_mun":"25130","nombre":"Maldà","cod_prov":"25","cod_ccaa":"09"},"geometry":{"type":"Polygon","coordinates":[[[0.97884,41.51758],[0.98559,41.51596],[1.01933,41.50304],[1.03732,41.50465],[1.06206,41.51273],[1.05531,41.51919],[1.07106,41.54343],[1.05531,41.55474],[1.02607,41.55797],[0.98559,41.54989],[0.97884,41.51758]]]}},{"type":"Feature","id":"25140","properties":{"cod_mun":"25140","nombre":"Montferrer i Castellbò","cod_prov":"25","cod_ccaa":"09"},"geometry":{"type":"Polygon","coordinates":[[[1.25324,42.44172],[1.25998,42.42071],[1.24649,42.41748],[1.24424,42.38355],[1.23524,42.36901],[1.23299,42.34478],[1.24874,42.31893],[1.26223,42.32377],[1.26448,42.34316],[1.28472,42.33185],[1.29372,42.33993],[1.32746,42.32377],[1.35445,42.34478],[1.37919,42.33832],[1.40393,42.34155],[1.41517,42.33347],[1.43991,42.34478],[1.42642,42.35447],[1.44216,42.38355],[1.42867,42.40617],[1.37919,42.41102],[1.37469,42.43202],[1.34095,42.46757],[1.32071,42.44495],[1.31171,42.44979],[1.27123,42.44172],[1.25548,42.45141],[1.25324,42.44172]]]}},{"type":"Feature","id":"25141","properties":{"cod_mun":"25141","nombre":"Montoliu de Segarra","cod_prov":"25","cod_ccaa":"09"},"geometry":{"type":"Polygon","coordinates":[[[1.21275,41.58543],[1.2195,41.56928],[1.25773,41.56766],[1.30497,41.57089],[1.31846,41.59513],[1.29147,41.6032],[1.28023,41.62259],[1.27798,41.62259],[1.25324,41.60805],[1.23524,41.58543],[1.21275,41.58543]]]}},{"type":"Feature","id":"25142","properties":{"cod_mun":"25142","nombre":"Montoliu de Lleida","cod_prov":"25","cod_ccaa":"09"},"geometry":{"type":"Polygon","coordinates":[[[0.574,41.57574],[0.59874,41.53858],[0.60999,41.53535],[0.62123,41.54504],[0.60324,41.54989],[0.59199,41.57412],[0.574,41.57574]]]}},{"type":"Feature","id":"25143","properties":{"cod_mun":"25143","nombre":"Montornès de Segarra","cod_prov":"25","cod_ccaa":"09"},"geometry":{"type":"Polygon","coordinates":[[[1.16777,41.60644],[1.17901,41.59513],[1.21275,41.58543],[1.23524,41.58543],[1.25324,41.60805],[1.24874,41.61128],[1.21275,41.60482],[1.20376,41.61128],[1.16777,41.60644]]]}},{"type":"Feature","id":"25145","properties":{"cod_mun":"25145","nombre":"Nalec","cod_prov":"25","cod_ccaa":"09"},"geometry":{"type":"Polygon","coordinates":[[[1.1003,41.57251],[1.10929,41.5515],[1.10929,41.52727],[1.13403,41.52081],[1.12728,41.5305],[1.13178,41.55312],[1.12504,41.56766],[1.1003,41.57251]]]}},{"type":"Feature","id":"25146","properties":{"cod_mun":"25146","nombre":"Navès","cod_prov":"25","cod_ccaa":"09"},"geometry":{"type":"Polygon","coordinates":[[[1.55237,42.1089],[1.58161,42.10243],[1.56811,42.09274],[1.57036,42.06851],[1.56361,42.0475],[1.5996,42.00226],[1.59735,41.99096],[1.61085,41.96672],[1.64908,41.94895],[1.64908,41.95703],[1.65358,41.98126],[1.67382,41.98288],[1.68282,41.96834],[1.71655,41.98288],[1.71655,42.00065],[1.69856,42.01357],[1.68507,41.9958],[1.65133,41.99257],[1.65133,42.01357],[1.66482,42.01034],[1.70081,42.02811],[1.69631,42.03619],[1.68507,42.04912],[1.67382,42.05235],[1.68957,42.07335],[1.69181,42.08628],[1.71655,42.08466],[1.7233,42.10082],[1.70531,42.10566],[1.69181,42.10405],[1.64458,42.11213],[1.61984,42.1089],[1.6131,42.12021],[1.58161,42.12182],[1.57486,42.12505],[1.55462,42.11697],[1.55237,42.1089]]]}},{"type":"Feature","id":"25152","properties":{"cod_mun":"25152","nombre":"Oluges, Les","cod_prov":"25","cod_ccaa":"09"},"geometry":{"type":"Polygon","coordinates":[[[1.32971,41.71468],[1.29597,41.69206],[1.33645,41.67106],[1.3477,41.68075],[1.37019,41.67914],[1.38144,41.70499],[1.34995,41.70822],[1.32971,41.71468]]]}},{"type":"Feature","id":"25153","properties":{"cod_mun":"25153","nombre":"Omellons, Els","cod_prov":"25","cod_ccaa":"09"},"geometry":{"type":"Polygon","coordinates":[[[0.93836,41.47719],[0.93836,41.47395],[0.9721,41.47719],[0.98559,41.51596],[0.97884,41.51758],[0.9676,41.50788],[0.95185,41.51111],[0.93836,41.47719]]]}},{"type":"Feature","id":"25154","properties":{"cod_mun":"25154","nombre":"Omells de na Gaia, Els","cod_prov":"25","cod_ccaa":"09"},"geometry":{"type":"Polygon","coordinates":[[[1.03732,41.49819],[1.1003,41.47557],[1.10479,41.4998],[1.08905,41.5095],[1.06206,41.51273],[1.03732,41.50465],[1.03732,41.49819]]]}},{"type":"Feature","id":"25155","properties":{"cod_mun":"25155","nombre":"Organyà","cod_prov":"25","cod_ccaa":"09"},"geometry":{"type":"Polygon","coordinates":[[[1.29147,42.21068],[1.29372,42.19291],[1.33195,42.18645],[1.33195,42.21876],[1.3432,42.22845],[1.32071,42.24138],[1.31621,42.21876],[1.29147,42.21068]]]}},{"type":"Feature","id":"25156","properties":{"cod_mun":"25156","nombre":"Os de Balaguer","cod_prov":"25","cod_ccaa":"09"},"geometry":{"type":"MultiPolygon","coordinates":[[[[0.76967,41.85201],[0.76518,41.82616],[0.81016,41.80193],[0.81241,41.81808],[0.8259,41.82293],[0.82815,41.83747],[0.78092,41.85847],[0.76967,41.85201]]],[[[0.57625,41.95541],[0.56276,41.93279],[0.60324,41.9231],[0.60099,41.90856],[0.62798,41.9021],[0.65272,41.88271],[0.65947,41.85363],[0.68196,41.84232],[0.72919,41.84393],[0.76967,41.85201],[0.76068,41.86655],[0.76518,41.88756],[0.73819,41.89886],[0.70895,41.89886],[0.67296,41.92148],[0.68421,41.93764],[0.65047,41.95703],[0.66621,41.97318],[0.64147,41.98288],[0.63923,41.99419],[0.61673,41.98772],[0.60549,41.96026],[0.59199,41.96995],[0.57625,41.95541]]]]}},{"type":"Feature","id":"25157","properties":{"cod_mun":"25157","nombre":"Ossó de Sió","cod_prov":"25","cod_ccaa":"09"},"geometry":{"type":"Polygon","coordinates":[[[1.10254,41.7373],[1.12953,41.7373],[1.12504,41.72276],[1.13853,41.70984],[1.15652,41.71307],[1.17901,41.74861],[1.16102,41.7583],[1.17227,41.76638],[1.17002,41.78739],[1.16327,41.78092],[1.13628,41.76154],[1.11604,41.76154],[1.10254,41.7373]]]}},{"type":"Feature","id":"25158","properties":{"cod_mun":"25158","nombre":"Palau d'Anglesola, El","cod_prov":"25","cod_ccaa":"09"},"geometry":{"type":"Polygon","coordinates":[[[0.81916,41.63552],[0.85514,41.63713],[0.88438,41.63875],[0.89338,41.64198],[0.87763,41.6646],[0.85964,41.66621],[0.8259,41.64198],[0.81916,41.63552]]]}},{"type":"Feature","id":"25161","properties":{"cod_mun":"25161","nombre":"Conca de Dalt","cod_prov":"25","cod_ccaa":"09"},"geometry":{"type":"MultiPolygon","coordinates":[[[[0.9676,42.22037],[0.9586,42.20583],[0.98784,42.18321],[1.01258,42.18645],[1.05081,42.17998],[1.05981,42.18645],[1.09805,42.19129],[1.09355,42.21068],[1.12504,42.22845],[1.14078,42.23007],[1.15877,42.24622],[1.15203,42.25915],[1.08455,42.27692],[1.03732,42.28177],[1.01933,42.264],[0.97659,42.25753],[0.9676,42.22037]]],[[[0.87313,42.29954],[0.85289,42.27531],[0.85739,42.26076],[0.88213,42.24138],[0.91587,42.2333],[0.92486,42.24622],[0.93611,42.23007],[0.95635,42.22361],[0.94286,42.26723],[0.9496,42.285],[0.89563,42.29792],[0.88663,42.30439],[0.87313,42.29954]]]]}},{"type":"Feature","id":"25163","properties":{"cod_mun":"25163","nombre":"Coma i la Pedra, La","cod_prov":"25","cod_ccaa":"09"},"geometry":{"type":"Polygon","coordinates":[[[1.52088,42.1509],[1.54562,42.15252],[1.56137,42.1606],[1.58611,42.14606],[1.5906,42.14767],[1.60635,42.13798],[1.62659,42.13798],[1.65133,42.17837],[1.64233,42.19614],[1.6131,42.20099],[1.55687,42.21068],[1.52763,42.20422],[1.52088,42.18483],[1.52088,42.1509]]]}},{"type":"Feature","id":"25164","properties":{"cod_mun":"25164","nombre":"Penelles","cod_prov":"25","cod_ccaa":"09"},"geometry":{"type":"Polygon","coordinates":[[[0.91362,41.7373],[0.92711,41.7066],[0.93836,41.70176],[0.97434,41.7066],[0.98334,41.73245],[0.96085,41.73245],[0.9541,41.74376],[0.98784,41.77446],[0.97884,41.77608],[0.97434,41.76638],[0.9586,41.768],[0.9541,41.75023],[0.92936,41.747],[0.91362,41.7373]]]}},{"type":"Feature","id":"25165","properties":{"cod_mun":"25165","nombre":"Peramola","cod_prov":"25","cod_ccaa":"09"},"geometry":{"type":"Polygon","coordinates":[[[1.19926,42.08951],[1.2195,42.07012],[1.23749,42.06366],[1.23974,42.03458],[1.26898,42.03296],[1.29597,42.04104],[1.30497,42.05073],[1.29147,42.08789],[1.31171,42.1299],[1.27573,42.12021],[1.25099,42.11859],[1.23974,42.10728],[1.19926,42.08951]]]}},{"type":"Feature","id":"25166","properties":{"cod_mun":"25166","nombre":"Pinell de Solsonès","cod_prov":"25","cod_ccaa":"09"},"geometry":{"type":"Polygon","coordinates":[[[1.29147,41.95864],[1.30946,41.95218],[1.30946,41.93602],[1.29597,41.92148],[1.31846,41.91017],[1.31846,41.8924],[1.33645,41.90048],[1.34995,41.90533],[1.35445,41.91825],[1.37919,41.92795],[1.40843,41.91664],[1.41967,41.93118],[1.45566,41.94733],[1.46915,41.96187],[1.45791,41.97965],[1.43541,41.96511],[1.40393,41.98934],[1.36344,41.97641],[1.34995,41.99419],[1.30721,41.99419],[1.29147,41.95864]]]}},{"type":"Feature","id":"25167","properties":{"cod_mun":"25167","nombre":"Pinós","cod_prov":"25","cod_ccaa":"09"},"geometry":{"type":"Polygon","coordinates":[[[1.50064,41.9021],[1.49839,41.86978],[1.50514,41.85847],[1.49389,41.84232],[1.47365,41.83262],[1.49614,41.8197],[1.4759,41.80354],[1.48265,41.79062],[1.50514,41.789],[1.54562,41.79546],[1.59285,41.81162],[1.61085,41.81808],[1.61085,41.83586],[1.63109,41.84393],[1.62659,41.86978],[1.60185,41.88432],[1.58386,41.87301],[1.56811,41.87948],[1.55012,41.87625],[1.53213,41.90533],[1.50514,41.91502],[1.50064,41.9021]]]}},{"type":"Feature","id":"25168","properties":{"cod_mun":"25168","nombre":"Poal, El","cod_prov":"25","cod_ccaa":"09"},"geometry":{"type":"Polygon","coordinates":[[[0.85964,41.66621],[0.87763,41.6646],[0.90912,41.66783],[0.91137,41.67914],[0.86414,41.67914],[0.86414,41.68399],[0.84839,41.69045],[0.83715,41.67106],[0.85964,41.66621]]]}},{"type":"Feature","id":"25169","properties":{"cod_mun":"25169","nombre":"Pobla de Cérvoles, La","cod_prov":"25","cod_ccaa":"09"},"geometry":{"type":"Polygon","coordinates":[[[0.8304,41.40448],[0.84165,41.39317],[0.8439,41.36248],[0.86414,41.33824],[0.90462,41.34794],[0.95185,41.35117],[0.93836,41.37863],[0.91812,41.38833],[0.91137,41.40448],[0.89113,41.41741],[0.84165,41.42225],[0.81466,41.43518],[0.8304,41.40448]]]}},{"type":"Feature","id":"25170","properties":{"cod_mun":"25170","nombre":"Bellaguarda","cod_prov":"25","cod_ccaa":"09"},"geometry":{"type":"Polygon","coordinates":[[[0.69545,41.31401],[0.75168,41.31724],[0.76743,41.33339],[0.74269,41.35278],[0.73369,41.37055],[0.72244,41.3754],[0.70445,41.31724],[0.69545,41.31401]]]}},{"type":"Feature","id":"25171","properties":{"cod_mun":"25171","nombre":"Pobla de Segur, La","cod_prov":"25","cod_ccaa":"09"},"geometry":{"type":"Polygon","coordinates":[[[0.9496,42.285],[0.94286,42.26723],[0.95635,42.22361],[0.9676,42.22037],[0.97659,42.25753],[1.01933,42.264],[1.03732,42.28177],[0.99009,42.29792],[0.97434,42.29792],[0.97434,42.31408],[0.96085,42.28823],[0.9496,42.285]]]}},{"type":"Feature","id":"25172","properties":{"cod_mun":"25172","nombre":"Ponts","cod_prov":"25","cod_ccaa":"09"},"geometry":{"type":"Polygon","coordinates":[[[1.14078,41.89402],[1.15877,41.90371],[1.16102,41.89079],[1.20376,41.8924],[1.22175,41.91664],[1.20151,41.92633],[1.2105,41.93926],[1.20151,41.93602],[1.19701,41.92633],[1.17002,41.9231],[1.16102,41.95056],[1.14078,41.94733],[1.12728,41.92956],[1.12054,41.89402],[1.14078,41.89402]]]}},{"type":"Feature","id":"25173","properties":{"cod_mun":"25173","nombre":"Pont de Suert, El","cod_prov":"25","cod_ccaa":"09"},"geometry":{"type":"Polygon","coordinates":[[[0.74943,42.47887],[0.73144,42.45787],[0.7067,42.44979],[0.72019,42.42879],[0.73594,42.41425],[0.72694,42.40456],[0.74718,42.38517],[0.73594,42.37547],[0.72244,42.36578],[0.76068,42.3577],[0.76967,42.37547],[0.78992,42.37386],[0.80791,42.3577],[0.79666,42.34801],[0.76743,42.34962],[0.76293,42.34801],[0.77192,42.33347],[0.81466,42.31408],[0.84614,42.31408],[0.87313,42.29954],[0.88663,42.30439],[0.89113,42.33508],[0.87313,42.34478],[0.86189,42.3674],[0.84614,42.36901],[0.8214,42.39163],[0.8349,42.40294],[0.8304,42.42394],[0.86189,42.42879],[0.87089,42.44656],[0.85514,42.45464],[0.82815,42.46272],[0.77417,42.46595],[0.76743,42.4611],[0.74943,42.47887]]]}},{"type":"Feature","id":"25177","properties":{"cod_mun":"25177","nombre":"Preixens","cod_prov":"25","cod_ccaa":"09"},"geometry":{"type":"Polygon","coordinates":[[[0.98784,41.77446],[1.00358,41.77123],[1.01933,41.77769],[1.03282,41.76961],[1.05981,41.79385],[1.07556,41.82293],[1.06431,41.81485],[1.06656,41.83586],[1.05531,41.83747],[1.02832,41.8197],[1.02158,41.82778],[1.01258,41.81324],[0.98784,41.77446]]]}},{"type":"Feature","id":"25179","properties":{"cod_mun":"25179","nombre":"Prullans","cod_prov":"25","cod_ccaa":"09"},"geometry":{"type":"Polygon","coordinates":[[[1.69631,42.36255],[1.70981,42.36417],[1.75029,42.36578],[1.75929,42.38032],[1.75704,42.38517],[1.73005,42.41425],[1.7233,42.43202],[1.7188,42.40779],[1.70081,42.40294],[1.70531,42.38517],[1.69631,42.36255]]]}},{"type":"Feature","id":"25180","properties":{"cod_mun":"25180","nombre":"Puiggròs","cod_prov":"25","cod_ccaa":"09"},"geometry":{"type":"Polygon","coordinates":[[[0.85289,41.57089],[0.87089,41.5612],[0.87313,41.53535],[0.89338,41.53535],[0.88888,41.57412],[0.88213,41.5822],[0.85964,41.57574],[0.85289,41.57089]]]}},{"type":"Feature","id":"25183","properties":{"cod_mun":"25183","nombre":"Rialp","cod_prov":"25","cod_ccaa":"09"},"geometry":{"type":"Polygon","coordinates":[[[1.06656,42.50957],[1.08455,42.48372],[1.0778,42.47241],[1.12953,42.44495],[1.12953,42.42717],[1.14753,42.43202],[1.19251,42.42071],[1.20376,42.41263],[1.2195,42.42717],[1.215,42.46272],[1.17901,42.46433],[1.16102,42.47887],[1.13853,42.48049],[1.11154,42.50311],[1.11379,42.51603],[1.1003,42.50957],[1.08005,42.52088],[1.06656,42.50957]]]}},{"type":"Feature","id":"25181","properties":{"cod_mun":"25181","nombre":"Puigverd d'Agramunt","cod_prov":"25","cod_ccaa":"09"},"geometry":{"type":"Polygon","coordinates":[[[1.01933,41.6953],[1.02832,41.69206],[1.08005,41.72115],[1.10254,41.7373],[1.11604,41.76154],[1.13628,41.76154],[1.16327,41.78092],[1.14078,41.78577],[1.13853,41.79546],[1.11829,41.79062],[1.0958,41.75507],[1.0913,41.75507],[1.06656,41.72115],[1.01933,41.6953]]]}},{"type":"Feature","id":"25182","properties":{"cod_mun":"25182","nombre":"Puigverd de Lleida","cod_prov":"25","cod_ccaa":"09"},"geometry":{"type":"Polygon","coordinates":[[[0.7112,41.52565],[0.72694,41.51919],[0.75843,41.53696],[0.76518,41.5515],[0.73144,41.56605],[0.7112,41.52565]]]}},{"type":"Feature","id":"25185","properties":{"cod_mun":"25185","nombre":"Ribera d'Urgellet","cod_prov":"25","cod_ccaa":"09"},"geometry":{"type":"MultiPolygon","coordinates":[[[[1.3432,42.26723],[1.3432,42.27531],[1.28922,42.27692],[1.29822,42.264],[1.3432,42.26723]]],[[[1.43991,42.34478],[1.41517,42.33347],[1.40393,42.34155],[1.37919,42.33832],[1.35445,42.34478],[1.32746,42.32377],[1.32971,42.3157],[1.33645,42.30762],[1.35894,42.30116],[1.36794,42.28985],[1.3477,42.24946],[1.35894,42.23168],[1.40843,42.22522],[1.40393,42.24784],[1.41517,42.25753],[1.4759,42.27207],[1.47365,42.28823],[1.45791,42.29308],[1.4714,42.31731],[1.4624,42.33508],[1.43991,42.34478]]]]}},{"type":"Feature","id":"25186","properties":{"cod_mun":"25186","nombre":"Riner","cod_prov":"25","cod_ccaa":"09"},"geometry":{"type":"Polygon","coordinates":[[[1.50289,41.94087],[1.50514,41.91502],[1.53213,41.90533],[1.55012,41.87625],[1.56811,41.87948],[1.58161,41.8924],[1.57936,41.90048],[1.5996,41.91987],[1.61085,41.95056],[1.5996,41.95864],[1.5906,41.94087],[1.55912,41.94249],[1.55012,41.96511],[1.51413,41.94087],[1.50289,41.94087]]]}},{"type":"Feature","id":"25210","properties":{"cod_mun":"25210","nombre":"Soses","cod_prov":"25","cod_ccaa":"09"},"geometry":{"type":"Polygon","coordinates":[[[0.43231,41.53212],[0.45255,41.51435],[0.48179,41.4998],[0.50653,41.54343],[0.49078,41.55797],[0.45705,41.56443],[0.4368,41.58543],[0.43006,41.56443],[0.4458,41.54181],[0.43231,41.53212]]]}},{"type":"Feature","id":"25189","properties":{"cod_mun":"25189","nombre":"Rosselló","cod_prov":"25","cod_ccaa":"09"},"geometry":{"type":"Polygon","coordinates":[[[0.5695,41.69045],[0.58525,41.67914],[0.61224,41.68399],[0.61449,41.69368],[0.61673,41.69853],[0.60999,41.7066],[0.574,41.70984],[0.5695,41.69045]]]}},{"type":"Feature","id":"25190","properties":{"cod_mun":"25190","nombre":"Salàs de Pallars","cod_prov":"25","cod_ccaa":"09"},"geometry":{"type":"Polygon","coordinates":[[[0.85739,42.26076],[0.86189,42.24461],[0.88888,42.2333],[0.90912,42.21068],[0.93611,42.19452],[0.9586,42.20583],[0.9676,42.22037],[0.95635,42.22361],[0.93611,42.23007],[0.92486,42.24622],[0.91587,42.2333],[0.88213,42.24138],[0.85739,42.26076]]]}},{"type":"Feature","id":"25191","properties":{"cod_mun":"25191","nombre":"Sanaüja","cod_prov":"25","cod_ccaa":"09"},"geometry":{"type":"Polygon","coordinates":[[[1.25998,41.85686],[1.28247,41.84878],[1.31396,41.82778],[1.32071,41.83101],[1.3432,41.86009],[1.33645,41.90048],[1.31846,41.8924],[1.29147,41.89725],[1.28472,41.87786],[1.25998,41.85686]]]}},{"type":"Feature","id":"25192","properties":{"cod_mun":"25192","nombre":"Sant Guim de Freixenet","cod_prov":"25","cod_ccaa":"09"},"geometry":{"type":"Polygon","coordinates":[[[1.37469,41.67268],[1.37244,41.64683],[1.38818,41.63067],[1.43092,41.62905],[1.44891,41.63713],[1.45116,41.64683],[1.43092,41.6549],[1.41967,41.67591],[1.40393,41.6856],[1.37469,41.67268]]]}},{"type":"Feature","id":"25193","properties":{"cod_mun":"25193","nombre":"Sant Llorenç de Morunys","cod_prov":"25","cod_ccaa":"09"},"geometry":{"type":"Polygon","coordinates":[[[1.5906,42.14767],[1.58611,42.14606],[1.57036,42.13151],[1.59285,42.12505],[1.60635,42.13475],[1.5906,42.14767]]]}},{"type":"Feature","id":"25194","properties":{"cod_mun":"25194","nombre":"Sant Ramon","cod_prov":"25","cod_ccaa":"09"},"geometry":{"type":"Polygon","coordinates":[[[1.32971,41.7373],[1.32971,41.71468],[1.34995,41.70822],[1.37019,41.72599],[1.39493,41.73245],[1.40168,41.74376],[1.36119,41.75669],[1.35445,41.747],[1.33195,41.75023],[1.32971,41.7373]]]}},{"type":"Feature","id":"25196","properties":{"cod_mun":"25196","nombre":"Sant Esteve de la Sarga","cod_prov":"25","cod_ccaa":"09"},"geometry":{"type":"Polygon","coordinates":[[[0.67971,42.07497],[0.70895,42.05396],[0.74269,42.05235],[0.76518,42.03942],[0.83715,42.03942],[0.86189,42.07335],[0.84165,42.09597],[0.79891,42.10082],[0.78992,42.09436],[0.77417,42.12021],[0.75168,42.12021],[0.72694,42.11051],[0.6977,42.12667],[0.69995,42.10566],[0.67971,42.07497]]]}},{"type":"Feature","id":"25197","properties":{"cod_mun":"25197","nombre":"Sant Guim de la Plana","cod_prov":"25","cod_ccaa":"09"},"geometry":{"type":"Polygon","coordinates":[[[1.31396,41.76315],[1.30946,41.75184],[1.33195,41.75023],[1.35445,41.747],[1.36119,41.75669],[1.37469,41.77931],[1.36119,41.79062],[1.3387,41.75992],[1.32521,41.77608],[1.31396,41.76315]]]}},{"type":"Feature","id":"25200","properties":{"cod_mun":"25200","nombre":"Sarroca de Lleida","cod_prov":"25","cod_ccaa":"09"},"geometry":{"type":"Polygon","coordinates":[[[0.52902,41.43195],[0.54476,41.41579],[0.56276,41.40933],[0.56725,41.43518],[0.59874,41.45295],[0.59424,41.49011],[0.574,41.49819],[0.52002,41.50465],[0.52002,41.49496],[0.54476,41.47234],[0.53577,41.46911],[0.54251,41.44649],[0.52902,41.43195]]]}},{"type":"Feature","id":"25201","properties":{"cod_mun":"25201","nombre":"Sarroca de Bellera","cod_prov":"25","cod_ccaa":"09"},"geometry":{"type":"Polygon","coordinates":[[[0.85514,42.45464],[0.87089,42.44656],[0.86189,42.42879],[0.8304,42.42394],[0.8349,42.40294],[0.8214,42.39163],[0.84614,42.36901],[0.86189,42.3674],[0.87313,42.34478],[0.93386,42.33832],[0.92486,42.35447],[0.90912,42.37224],[0.92261,42.38355],[0.93611,42.43202],[0.91812,42.44656],[0.93161,42.47564],[0.92261,42.48534],[0.89338,42.47887],[0.87988,42.45949],[0.85514,42.45464]]]}},{"type":"Feature","id":"25202","properties":{"cod_mun":"25202","nombre":"Senterada","cod_prov":"25","cod_ccaa":"09"},"geometry":{"type":"MultiPolygon","coordinates":[[[[0.93386,42.33832],[0.87313,42.34478],[0.89113,42.33508],[0.88663,42.30439],[0.89563,42.29792],[0.9496,42.285],[0.96085,42.28823],[0.97434,42.31408],[0.9541,42.32539],[0.93386,42.33832]]],[[[0.92486,42.35447],[0.92261,42.38355],[0.90912,42.37224],[0.92486,42.35447]]]]}},{"type":"Feature","id":"25203","properties":{"cod_mun":"25203","nombre":"Seu d'Urgell, La","cod_prov":"25","cod_ccaa":"09"},"geometry":{"type":"Polygon","coordinates":[[[1.44216,42.38355],[1.42642,42.35447],[1.43991,42.34478],[1.4624,42.33508],[1.50739,42.3577],[1.50064,42.37063],[1.49614,42.35932],[1.44891,42.37063],[1.44216,42.38355]]]}},{"type":"Feature","id":"25204","properties":{"cod_mun":"25204","nombre":"Seròs","cod_prov":"25","cod_ccaa":"09"},"geometry":{"type":"Polygon","coordinates":[[[0.36033,41.37055],[0.37383,41.34955],[0.43006,41.36086],[0.46604,41.34147],[0.47279,41.36086],[0.46154,41.37702],[0.47279,41.38833],[0.47279,41.4271],[0.4593,41.43518],[0.4548,41.45457],[0.41431,41.48365],[0.39407,41.49011],[0.36708,41.48526],[0.37833,41.46911],[0.37608,41.43841],[0.39407,41.44164],[0.40982,41.42872],[0.42331,41.3964],[0.39857,41.38994],[0.36033,41.37055]]]}},{"type":"Feature","id":"25205","properties":{"cod_mun":"25205","nombre":"Sidamon","cod_prov":"25","cod_ccaa":"09"},"geometry":{"type":"Polygon","coordinates":[[[0.81916,41.63552],[0.80791,41.62259],[0.82365,41.61451],[0.85064,41.6129],[0.85514,41.63713],[0.81916,41.63552]]]}},{"type":"Feature","id":"25206","properties":{"cod_mun":"25206","nombre":"Soleràs, El","cod_prov":"25","cod_ccaa":"09"},"geometry":{"type":"Polygon","coordinates":[[[0.66397,41.41256],[0.6932,41.39802],[0.6977,41.41095],[0.72469,41.41579],[0.72019,41.44164],[0.70895,41.44487],[0.69995,41.42387],[0.69096,41.43033],[0.66397,41.41256]]]}},{"type":"Feature","id":"25207","properties":{"cod_mun":"25207","nombre":"Solsona","cod_prov":"25","cod_ccaa":"09"},"geometry":{"type":"Polygon","coordinates":[[[1.49164,42.00873],[1.50289,41.98611],[1.4849,41.98288],[1.50514,41.96834],[1.54562,41.97641],[1.55012,41.98772],[1.53662,41.99903],[1.52763,42.02165],[1.49164,42.00873]]]}},{"type":"Feature","id":"25208","properties":{"cod_mun":"25208","nombre":"Soriguera","cod_prov":"25","cod_ccaa":"09"},"geometry":{"type":"Polygon","coordinates":[[[1.04407,42.41102],[1.02607,42.36901],[1.03732,42.3577],[1.05981,42.35447],[1.06656,42.33508],[1.10254,42.33993],[1.15203,42.34155],[1.17227,42.32862],[1.18801,42.34801],[1.23524,42.36901],[1.24424,42.38355],[1.24649,42.41748],[1.25998,42.42071],[1.25324,42.44172],[1.25548,42.42556],[1.2195,42.42717],[1.20376,42.41263],[1.14528,42.40456],[1.12728,42.39325],[1.10929,42.37063],[1.0778,42.39325],[1.04407,42.41102]]]}},{"type":"Feature","id":"25251","properties":{"cod_mun":"25251","nombre":"Vilanova de Segrià","cod_prov":"25","cod_ccaa":"09"},"geometry":{"type":"Polygon","coordinates":[[[0.574,41.70984],[0.60999,41.7066],[0.61673,41.69853],[0.65047,41.7066],[0.64822,41.70984],[0.62573,41.72438],[0.59649,41.71145],[0.574,41.70984]]]}},{"type":"Feature","id":"25252","properties":{"cod_mun":"25252","nombre":"Vila-sana","cod_prov":"25","cod_ccaa":"09"},"geometry":{"type":"Polygon","coordinates":[[[0.87763,41.6646],[0.89338,41.64198],[0.89563,41.64198],[0.92486,41.64521],[0.94286,41.64036],[0.95185,41.67429],[0.94511,41.68883],[0.91587,41.68237],[0.91137,41.67914],[0.90912,41.66783],[0.87763,41.6646]]]}},{"type":"Feature","id":"25209","properties":{"cod_mun":"25209","nombre":"Sort","cod_prov":"25","cod_ccaa":"09"},"geometry":{"type":"Polygon","coordinates":[[[1.02607,42.52411],[1.03057,42.50311],[1.01708,42.46918],[1.01708,42.43687],[1.04407,42.41748],[1.04407,42.41102],[1.0778,42.39325],[1.10929,42.37063],[1.12728,42.39325],[1.14528,42.40456],[1.20376,42.41263],[1.19251,42.42071],[1.14753,42.43202],[1.12953,42.42717],[1.12953,42.44495],[1.0778,42.47241],[1.08455,42.48372],[1.06656,42.50957],[1.04407,42.53057],[1.02607,42.52411]]]}},{"type":"Feature","id":"25253","properties":{"cod_mun":"25253","nombre":"Vilosell, El","cod_prov":"25","cod_ccaa":"09"},"geometry":{"type":"Polygon","coordinates":[[[0.91137,41.40448],[0.91812,41.38833],[0.93836,41.37863],[0.95185,41.35117],[0.96535,41.35924],[0.98109,41.39156],[0.9676,41.41095],[0.92037,41.40125],[0.91137,41.40448]]]}},{"type":"Feature","id":"25211","properties":{"cod_mun":"25211","nombre":"Sudanell","cod_prov":"25","cod_ccaa":"09"},"geometry":{"type":"Polygon","coordinates":[[[0.54026,41.55474],[0.58075,41.54343],[0.59874,41.53858],[0.574,41.57574],[0.565,41.56928],[0.54026,41.55474]]]}},{"type":"Feature","id":"25215","properties":{"cod_mun":"25215","nombre":"Talarn","cod_prov":"25","cod_ccaa":"09"},"geometry":{"type":"Polygon","coordinates":[[[0.90687,42.16221],[0.92711,42.17029],[0.93611,42.19452],[0.90912,42.21068],[0.88663,42.21391],[0.85964,42.18321],[0.88438,42.17029],[0.87089,42.14121],[0.87313,42.13798],[0.89338,42.13151],[0.89338,42.12182],[0.90012,42.12182],[0.89338,42.13798],[0.90687,42.16221]],[[0.90687,42.16221],[0.88438,42.1606],[0.90012,42.17675],[0.90687,42.16221]]]}},{"type":"Feature","id":"25216","properties":{"cod_mun":"25216","nombre":"Talavera","cod_prov":"25","cod_ccaa":"09"},"geometry":{"type":"Polygon","coordinates":[[[1.30497,41.57089],[1.37244,41.56605],[1.39268,41.55635],[1.40393,41.55797],[1.39268,41.57574],[1.40843,41.59997],[1.38593,41.6032],[1.36569,41.59997],[1.36119,41.6129],[1.37019,41.62098],[1.3522,41.61613],[1.33645,41.59351],[1.31846,41.59513],[1.30497,41.57089]]]}},{"type":"Feature","id":"25212","properties":{"cod_mun":"25212","nombre":"Sunyer","cod_prov":"25","cod_ccaa":"09"},"geometry":{"type":"Polygon","coordinates":[[[0.574,41.49819],[0.59424,41.49011],[0.60999,41.53535],[0.59874,41.53858],[0.58075,41.54343],[0.5695,41.52889],[0.574,41.49819]]]}},{"type":"Feature","id":"25217","properties":{"cod_mun":"25217","nombre":"Tàrrega","cod_prov":"25","cod_ccaa":"09"},"geometry":{"type":"Polygon","coordinates":[[[1.05756,41.68075],[1.0868,41.67591],[1.10929,41.68722],[1.12504,41.67268],[1.10929,41.6646],[1.10929,41.63875],[1.08905,41.61128],[1.13853,41.62421],[1.16552,41.60967],[1.18576,41.61936],[1.19026,41.67429],[1.18576,41.6856],[1.20825,41.7163],[1.19251,41.71953],[1.17227,41.70822],[1.15652,41.71307],[1.13853,41.70984],[1.12504,41.72276],[1.12953,41.7373],[1.10254,41.7373],[1.08005,41.72115],[1.0958,41.72599],[1.09805,41.70499],[1.0778,41.68722],[1.05756,41.68075]]]}},{"type":"Feature","id":"25218","properties":{"cod_mun":"25218","nombre":"Tarrés","cod_prov":"25","cod_ccaa":"09"},"geometry":{"type":"Polygon","coordinates":[[[1.00358,41.40448],[1.02832,41.40933],[1.04632,41.44003],[1.03057,41.44972],[1.00583,41.45134],[1.01483,41.42387],[0.99908,41.41741],[1.00358,41.40448]]]}},{"type":"Feature","id":"25912","properties":{"cod_mun":"25912","nombre":"Gimenells i el Pla de la Font","cod_prov":"25","cod_ccaa":"09"},"geometry":{"type":"Polygon","coordinates":[[[0.3266,41.66298],[0.35809,41.63229],[0.39407,41.64036],[0.4368,41.63875],[0.44805,41.6549],[0.44355,41.67591],[0.38058,41.69853],[0.36483,41.71145],[0.35134,41.70176],[0.33334,41.68883],[0.3266,41.66298]]]}},{"type":"Feature","id":"25913","properties":{"cod_mun":"25913","nombre":"Riu de Cerdanya","cod_prov":"25","cod_ccaa":"09"},"geometry":{"type":"Polygon","coordinates":[[[1.80427,42.30116],[1.84251,42.306],[1.83351,42.32701],[1.83576,42.35447],[1.82451,42.35124],[1.81327,42.34639],[1.81327,42.32054],[1.80427,42.30116]]]}},{"type":"Feature","id":"43001","properties":{"cod_mun":"43001","nombre":"Aiguamúrcia","cod_prov":"43","cod_ccaa":"09"},"geometry":{"type":"Polygon","coordinates":[[[1.3387,41.33016],[1.3522,41.31885],[1.37919,41.33178],[1.40168,41.32532],[1.4624,41.35601],[1.49389,41.35601],[1.52763,41.36732],[1.53662,41.3851],[1.51188,41.39479],[1.47365,41.38025],[1.43317,41.38348],[1.41067,41.36894],[1.42417,41.40287],[1.40618,41.39479],[1.37919,41.39479],[1.36344,41.38186],[1.36569,41.36086],[1.35445,41.36732],[1.3387,41.33016]]]}},{"type":"Feature","id":"25219","properties":{"cod_mun":"25219","nombre":"Tarroja de Segarra","cod_prov":"25","cod_ccaa":"09"},"geometry":{"type":"Polygon","coordinates":[[[1.25773,41.70822],[1.27573,41.69853],[1.29147,41.72438],[1.29147,41.74376],[1.26673,41.73084],[1.25773,41.70822]]]}},{"type":"Feature","id":"25220","properties":{"cod_mun":"25220","nombre":"Térmens","cod_prov":"25","cod_ccaa":"09"},"geometry":{"type":"Polygon","coordinates":[[[0.74269,41.71145],[0.76293,41.6856],[0.77417,41.69691],[0.81016,41.70014],[0.81241,41.71307],[0.8304,41.71145],[0.82815,41.72922],[0.79217,41.75346],[0.77642,41.75023],[0.76518,41.73084],[0.74269,41.71145]]]}},{"type":"Feature","id":"25221","properties":{"cod_mun":"25221","nombre":"Tírvia","cod_prov":"25","cod_ccaa":"09"},"geometry":{"type":"Polygon","coordinates":[[[1.215,42.52573],[1.21275,42.50796],[1.22625,42.49988],[1.2285,42.50796],[1.25998,42.51603],[1.24199,42.53219],[1.215,42.52573]]]}},{"type":"Feature","id":"25222","properties":{"cod_mun":"25222","nombre":"Tiurana","cod_prov":"25","cod_ccaa":"09"},"geometry":{"type":"Polygon","coordinates":[[[1.20151,41.93602],[1.2105,41.93926],[1.24199,41.93764],[1.24874,41.93926],[1.26223,41.9748],[1.25998,41.98934],[1.23749,41.97803],[1.22625,41.95864],[1.19251,41.94249],[1.20151,41.93602]]]}},{"type":"Feature","id":"25223","properties":{"cod_mun":"25223","nombre":"Torà","cod_prov":"25","cod_ccaa":"09"},"geometry":{"type":"Polygon","coordinates":[[[1.36119,41.79062],[1.37469,41.77931],[1.40168,41.80354],[1.40168,41.78577],[1.41292,41.77608],[1.42642,41.80193],[1.4714,41.80031],[1.4759,41.80354],[1.49614,41.8197],[1.47365,41.83262],[1.49389,41.84232],[1.50514,41.85847],[1.49839,41.86978],[1.50064,41.9021],[1.4849,41.90533],[1.4624,41.88756],[1.43991,41.89886],[1.42642,41.89563],[1.40618,41.87786],[1.39718,41.83424],[1.37469,41.81647],[1.36119,41.79062]]]}},{"type":"Feature","id":"25228","properties":{"cod_mun":"25228","nombre":"Torrefarrera","cod_prov":"25","cod_ccaa":"09"},"geometry":{"type":"MultiPolygon","coordinates":[[[[0.61449,41.69368],[0.61224,41.68399],[0.58525,41.67914],[0.5695,41.69045],[0.5875,41.67106],[0.60324,41.66298],[0.61673,41.67106],[0.61898,41.69206],[0.61449,41.69368]]],[[[0.51777,41.71791],[0.50203,41.69368],[0.52902,41.67752],[0.55376,41.6953],[0.5695,41.69045],[0.574,41.70984],[0.51777,41.71791]]]]}},{"type":"Feature","id":"25230","properties":{"cod_mun":"25230","nombre":"Torregrossa","cod_prov":"25","cod_ccaa":"09"},"geometry":{"type":"Polygon","coordinates":[[[0.73144,41.56605],[0.76518,41.5515],[0.77642,41.54989],[0.77867,41.56766],[0.85289,41.57089],[0.85964,41.57574],[0.88213,41.58382],[0.86189,41.60644],[0.85064,41.61128],[0.85064,41.6129],[0.82365,41.61451],[0.81691,41.61451],[0.80341,41.59028],[0.77867,41.58059],[0.76743,41.58705],[0.76068,41.58705],[0.74269,41.58543],[0.73144,41.57089],[0.73144,41.56605]]]}},{"type":"Feature","id":"25224","properties":{"cod_mun":"25224","nombre":"Torms, Els","cod_prov":"25","cod_ccaa":"09"},"geometry":{"type":"Polygon","coordinates":[[[0.6932,41.39802],[0.72244,41.3754],[0.73369,41.37055],[0.74718,41.39964],[0.72469,41.41579],[0.6977,41.41095],[0.6932,41.39802]]]}},{"type":"Feature","id":"25225","properties":{"cod_mun":"25225","nombre":"Tornabous","cod_prov":"25","cod_ccaa":"09"},"geometry":{"type":"MultiPolygon","coordinates":[[[[1.08005,41.72115],[1.02832,41.69206],[1.03507,41.69045],[1.05531,41.68237],[1.0778,41.70176],[1.09805,41.70499],[1.0958,41.72599],[1.08005,41.72115]]],[[[1.02383,41.71307],[0.99684,41.69206],[1.01033,41.68883],[1.01933,41.6953],[1.06656,41.72115],[1.0913,41.75507],[1.06881,41.73245],[1.02832,41.71791],[1.02383,41.71307]]]]}},{"type":"Feature","id":"25226","properties":{"cod_mun":"25226","nombre":"Torrebesses","cod_prov":"25","cod_ccaa":"09"},"geometry":{"type":"Polygon","coordinates":[[[0.56276,41.40933],[0.60549,41.38994],[0.61898,41.39317],[0.62798,41.42064],[0.62573,41.44649],[0.59874,41.45295],[0.56725,41.43518],[0.56276,41.40933]]]}},{"type":"Feature","id":"25227","properties":{"cod_mun":"25227","nombre":"Torre de Cabdella, La","cod_prov":"25","cod_ccaa":"09"},"geometry":{"type":"Polygon","coordinates":[[[0.92261,42.48534],[0.93161,42.47564],[0.91812,42.44656],[0.93611,42.43202],[0.92261,42.38355],[0.92486,42.35447],[0.93386,42.33832],[0.9541,42.32539],[0.9586,42.33832],[0.99234,42.34801],[1.00583,42.3884],[1.02832,42.41102],[1.04407,42.41748],[1.01708,42.43687],[1.01708,42.46918],[1.03057,42.50311],[1.02607,42.52411],[1.01258,42.53865],[0.99908,42.53704],[0.99009,42.55319],[0.9721,42.55158],[0.9586,42.53219],[0.91812,42.50311],[0.92261,42.48534]]]}},{"type":"Feature","id":"25233","properties":{"cod_mun":"25233","nombre":"Torre-serona","cod_prov":"25","cod_ccaa":"09"},"geometry":{"type":"Polygon","coordinates":[[[0.61673,41.67106],[0.65497,41.66137],[0.65272,41.67752],[0.61898,41.69206],[0.61673,41.67106]]]}},{"type":"Feature","id":"25234","properties":{"cod_mun":"25234","nombre":"Tremp","cod_prov":"25","cod_ccaa":"09"},"geometry":{"type":"MultiPolygon","coordinates":[[[[0.89338,42.12182],[0.89338,42.13151],[0.87313,42.13798],[0.89338,42.12182]]],[[[0.90687,42.16221],[0.89338,42.13798],[0.90012,42.12182],[0.93836,42.13959],[0.94511,42.12344],[0.9676,42.15736],[0.9721,42.17352],[0.95635,42.16706],[0.92711,42.17029],[0.90687,42.16221]]],[[[0.90687,42.16221],[0.90012,42.17675],[0.88438,42.1606],[0.90687,42.16221]]],[[[0.70895,42.20422],[0.6977,42.17191],[0.71345,42.16221],[0.69545,42.1509],[0.6977,42.12667],[0.72694,42.11051],[0.75168,42.12021],[0.77417,42.12021],[0.79217,42.13475],[0.87089,42.14121],[0.88438,42.17029],[0.85964,42.18321],[0.88663,42.21391],[0.90912,42.21068],[0.88888,42.2333],[0.86189,42.24461],[0.85739,42.26076],[0.85289,42.27531],[0.87313,42.29954],[0.84614,42.31408],[0.81466,42.31408],[0.77192,42.33347],[0.76293,42.34801],[0.74044,42.3367],[0.74269,42.32701],[0.76518,42.32216],[0.74493,42.30116],[0.73819,42.28177],[0.73594,42.2543],[0.71345,42.22361],[0.70895,42.20422]]],[[[0.76743,42.34962],[0.79666,42.34801],[0.80791,42.3577],[0.78992,42.37386],[0.76967,42.37547],[0.76068,42.3577],[0.76743,42.34962]]]]}},{"type":"Feature","id":"25238","properties":{"cod_mun":"25238","nombre":"Vallbona de les Monges","cod_prov":"25","cod_ccaa":"09"},"geometry":{"type":"Polygon","coordinates":[[[1.05531,41.51919],[1.06206,41.51273],[1.08905,41.5095],[1.10479,41.4998],[1.1003,41.47557],[1.10704,41.46749],[1.12953,41.47395],[1.15427,41.48042],[1.17901,41.4885],[1.16552,41.51758],[1.13403,41.52081],[1.10929,41.52727],[1.0913,41.53696],[1.08005,41.52242],[1.05531,41.51919]]]}},{"type":"Feature","id":"25239","properties":{"cod_mun":"25239","nombre":"Valls de Valira, Les","cod_prov":"25","cod_ccaa":"09"},"geometry":{"type":"MultiPolygon","coordinates":[[[[1.56137,42.36578],[1.55912,42.35932],[1.57036,42.36578],[1.56137,42.36578]]],[[[1.36344,42.51927],[1.37244,42.49826],[1.34545,42.48049],[1.34095,42.46757],[1.37469,42.43202],[1.37919,42.41102],[1.42867,42.40617],[1.44216,42.38355],[1.44891,42.37063],[1.49614,42.35932],[1.50064,42.37063],[1.49839,42.39486],[1.50739,42.41102],[1.52763,42.41263],[1.53887,42.38032],[1.56586,42.38194],[1.57711,42.39971],[1.60185,42.42394],[1.5951,42.44333],[1.58161,42.44979],[1.55687,42.45464],[1.55237,42.43202],[1.51638,42.42879],[1.45341,42.43687],[1.44441,42.44172],[1.44216,42.47564],[1.41967,42.48211],[1.46915,42.50957],[1.45341,42.53865],[1.43991,42.5435],[1.41292,42.53542],[1.38593,42.51442],[1.36344,42.51927]]]]}},{"type":"Feature","id":"25240","properties":{"cod_mun":"25240","nombre":"Vallfogona de Balaguer","cod_prov":"25","cod_ccaa":"09"},"geometry":{"type":"Polygon","coordinates":[[[0.79217,41.75346],[0.82815,41.72922],[0.8304,41.71145],[0.85739,41.71145],[0.86639,41.72438],[0.85289,41.72599],[0.86414,41.74053],[0.8394,41.75507],[0.85289,41.77769],[0.85739,41.79223],[0.8304,41.79708],[0.81916,41.78254],[0.8394,41.77446],[0.82365,41.76154],[0.80791,41.76638],[0.79217,41.75346]]]}},{"type":"Feature","id":"25242","properties":{"cod_mun":"25242","nombre":"Verdú","cod_prov":"25","cod_ccaa":"09"},"geometry":{"type":"Polygon","coordinates":[[[1.08005,41.61128],[1.08455,41.57735],[1.1003,41.57251],[1.12504,41.56766],[1.15427,41.57412],[1.17901,41.59513],[1.16777,41.60644],[1.16552,41.60967],[1.13853,41.62421],[1.08905,41.61128],[1.08005,41.61128]]]}},{"type":"Feature","id":"25243","properties":{"cod_mun":"25243","nombre":"Vielha e Mijaran","cod_prov":"25","cod_ccaa":"09"},"geometry":{"type":"Polygon","coordinates":[[[0.65947,42.69052],[0.67971,42.66629],[0.69545,42.65821],[0.6977,42.62913],[0.73819,42.61297],[0.76743,42.61136],[0.80566,42.61943],[0.79217,42.63397],[0.79666,42.64528],[0.84165,42.64852],[0.85289,42.67275],[0.8394,42.67437],[0.8439,42.69698],[0.8304,42.71637],[0.86864,42.73576],[0.90237,42.76807],[0.88888,42.79715],[0.87313,42.80523],[0.80116,42.78908],[0.76743,42.78746],[0.77192,42.77453],[0.75843,42.7503],[0.74718,42.74545],[0.73369,42.72283],[0.7157,42.70668],[0.70895,42.68891],[0.67521,42.69052],[0.65947,42.69052]]]}},{"type":"Feature","id":"25244","properties":{"cod_mun":"25244","nombre":"Vilagrassa","cod_prov":"25","cod_ccaa":"09"},"geometry":{"type":"Polygon","coordinates":[[[1.04407,41.6339],[1.05306,41.62582],[1.08005,41.61128],[1.08905,41.61128],[1.10929,41.63875],[1.10929,41.6646],[1.12504,41.67268],[1.10929,41.68722],[1.0913,41.67591],[1.0958,41.65652],[1.08455,41.64683],[1.04407,41.6339]]]}},{"type":"Feature","id":"25245","properties":{"cod_mun":"25245","nombre":"Vilaller","cod_prov":"25","cod_ccaa":"09"},"geometry":{"type":"Polygon","coordinates":[[[0.7067,42.44979],[0.73144,42.45787],[0.74943,42.47887],[0.73819,42.49988],[0.75843,42.50634],[0.77417,42.5435],[0.79441,42.54835],[0.79217,42.57258],[0.80341,42.59035],[0.8259,42.59358],[0.8259,42.60489],[0.80566,42.61943],[0.76743,42.61136],[0.75618,42.5645],[0.73369,42.54027],[0.72019,42.5128],[0.73369,42.50472],[0.71345,42.48695],[0.69096,42.48695],[0.70895,42.45949],[0.7067,42.44979]]]}},{"type":"Feature","id":"25247","properties":{"cod_mun":"25247","nombre":"Vilamòs","cod_prov":"25","cod_ccaa":"09"},"geometry":{"type":"MultiPolygon","coordinates":[[[[0.68646,42.73253],[0.67071,42.73091],[0.67971,42.72283],[0.68646,42.73253]]],[[[0.68646,42.73253],[0.7112,42.74707],[0.70445,42.75353],[0.67746,42.73899],[0.68646,42.73253]]],[[[0.76743,42.78746],[0.74943,42.78584],[0.75168,42.7713],[0.72919,42.76484],[0.7112,42.74707],[0.74718,42.74545],[0.75843,42.7503],[0.77192,42.77453],[0.76743,42.78746]]]]}},{"type":"Feature","id":"25248","properties":{"cod_mun":"25248","nombre":"Vilanova de Bellpuig","cod_prov":"25","cod_ccaa":"09"},"geometry":{"type":"Polygon","coordinates":[[[0.92261,41.58705],[0.96535,41.57897],[0.97434,41.58866],[0.97884,41.59997],[0.96985,41.62905],[0.96085,41.62905],[0.93611,41.59997],[0.92936,41.59997],[0.92261,41.58705]]]}},{"type":"Feature","id":"25249","properties":{"cod_mun":"25249","nombre":"Vilanova de l'Aguda","cod_prov":"25","cod_ccaa":"09"},"geometry":{"type":"Polygon","coordinates":[[[1.20151,41.81485],[1.22625,41.8197],[1.23974,41.84555],[1.25998,41.85686],[1.28472,41.87786],[1.29147,41.89725],[1.29597,41.92148],[1.30946,41.93602],[1.30946,41.95218],[1.29147,41.95864],[1.24874,41.93926],[1.24199,41.93764],[1.23299,41.90533],[1.23299,41.87301],[1.22625,41.84555],[1.20151,41.81485]]]}},{"type":"Feature","id":"43002","properties":{"cod_mun":"43002","nombre":"Albinyana","cod_prov":"43","cod_ccaa":"09"},"geometry":{"type":"Polygon","coordinates":[[[1.45116,41.24777],[1.46915,41.23484],[1.4759,41.20899],[1.49389,41.21869],[1.50964,41.23807],[1.52763,41.2413],[1.53662,41.25746],[1.52763,41.26069],[1.50514,41.26554],[1.45566,41.251],[1.45116,41.24777]]]}},{"type":"Feature","id":"43003","properties":{"cod_mun":"43003","nombre":"Albiol, L'","cod_prov":"43","cod_ccaa":"09"},"geometry":{"type":"Polygon","coordinates":[[[1.05981,41.23807],[1.07106,41.22999],[1.0958,41.22999],[1.11154,41.23969],[1.15427,41.23161],[1.16102,41.23807],[1.13178,41.25908],[1.10479,41.25746],[1.1003,41.26554],[1.08905,41.26392],[1.06206,41.24938],[1.05981,41.23807]]]}},{"type":"Feature","id":"43004","properties":{"cod_mun":"43004","nombre":"Alcanar","cod_prov":"43","cod_ccaa":"09"},"geometry":{"type":"Polygon","coordinates":[[[0.43905,40.54658],[0.51552,40.52235],[0.53802,40.56759],[0.58075,40.60313],[0.574,40.61767],[0.54476,40.63221],[0.54251,40.63221],[0.52452,40.60636],[0.52002,40.57728],[0.50878,40.56274],[0.48404,40.56759],[0.47279,40.55466],[0.43905,40.54658]]]}},{"type":"Feature","id":"43005","properties":{"cod_mun":"43005","nombre":"Alcover","cod_prov":"43","cod_ccaa":"09"},"geometry":{"type":"Polygon","coordinates":[[[1.1003,41.26554],[1.10479,41.25746],[1.13178,41.25908],[1.16102,41.23807],[1.15427,41.23161],[1.17227,41.22353],[1.19701,41.22353],[1.20376,41.22676],[1.2105,41.22838],[1.2105,41.23646],[1.19026,41.24938],[1.21275,41.26069],[1.206,41.28008],[1.19476,41.28493],[1.19476,41.30593],[1.17452,41.28977],[1.14303,41.3027],[1.12504,41.28977],[1.13853,41.272],[1.10929,41.27685],[1.1003,41.26554]]]}},{"type":"Feature","id":"25250","properties":{"cod_mun":"25250","nombre":"Vilanova de Meià","cod_prov":"25","cod_ccaa":"09"},"geometry":{"type":"Polygon","coordinates":[[[0.86864,42.0055],[0.87089,42.00065],[0.90912,41.99742],[0.92936,41.97157],[0.9541,41.97157],[0.96985,41.98934],[0.99684,41.98772],[0.98784,41.97803],[1.03282,41.94895],[1.02607,41.93441],[1.04632,41.93118],[1.06431,41.94087],[1.07331,41.96349],[1.0913,41.97157],[1.10254,41.9958],[1.0823,42.00711],[1.07556,42.0055],[1.06881,42.03619],[1.02832,42.03135],[1.00583,42.02327],[0.9586,42.02165],[0.92261,42.02165],[0.91362,42.01196],[0.87763,42.02327],[0.86864,42.0055]]]}},{"type":"Feature","id":"43015","properties":{"cod_mun":"43015","nombre":"Arbolí","cod_prov":"43","cod_ccaa":"09"},"geometry":{"type":"Polygon","coordinates":[[[0.92037,41.21384],[0.93386,41.22353],[0.95185,41.2203],[0.99234,41.23969],[0.99684,41.25746],[0.97434,41.26069],[0.94286,41.24454],[0.90912,41.23807],[0.92037,41.21384]]]}},{"type":"Feature","id":"25254","properties":{"cod_mun":"25254","nombre":"Vilanova de la Barca","cod_prov":"25","cod_ccaa":"09"},"geometry":{"type":"Polygon","coordinates":[[[0.69545,41.66783],[0.73594,41.65814],[0.76518,41.6646],[0.76293,41.6856],[0.74269,41.71145],[0.73369,41.70822],[0.7067,41.6953],[0.71794,41.68399],[0.69545,41.66783]]]}},{"type":"Feature","id":"25255","properties":{"cod_mun":"25255","nombre":"Vinaixa","cod_prov":"25","cod_ccaa":"09"},"geometry":{"type":"Polygon","coordinates":[[[0.92936,41.46103],[0.95635,41.44003],[0.9586,41.41741],[0.9676,41.41095],[0.98109,41.39156],[0.99459,41.39156],[1.00358,41.40448],[0.99908,41.41741],[1.01483,41.42387],[1.00583,41.45134],[0.99009,41.46588],[0.9721,41.47719],[0.93836,41.47395],[0.93161,41.46588],[0.92936,41.46103]]]}},{"type":"Feature","id":"25901","properties":{"cod_mun":"25901","nombre":"Vall de Cardós","cod_prov":"25","cod_ccaa":"09"},"geometry":{"type":"Polygon","coordinates":[[[1.19926,42.66306],[1.19476,42.66306],[1.18126,42.62428],[1.19026,42.61459],[1.17901,42.60489],[1.18801,42.57581],[1.17901,42.5645],[1.2105,42.54027],[1.215,42.52573],[1.24199,42.53219],[1.25099,42.55481],[1.27123,42.56612],[1.23749,42.59035],[1.25324,42.60651],[1.2195,42.61782],[1.22175,42.63721],[1.19926,42.66306]]]}},{"type":"Feature","id":"25902","properties":{"cod_mun":"25902","nombre":"Sant Martí de Riucorb","cod_prov":"25","cod_ccaa":"09"},"geometry":{"type":"Polygon","coordinates":[[[1.00358,41.58705],[1.02607,41.55797],[1.05531,41.55474],[1.07106,41.54343],[1.05531,41.51919],[1.08005,41.52242],[1.0913,41.53696],[1.10929,41.52727],[1.10929,41.5515],[1.1003,41.57251],[1.08455,41.57735],[1.04407,41.59028],[1.00358,41.58705]]]}},{"type":"Feature","id":"25903","properties":{"cod_mun":"25903","nombre":"Guingueta d'Àneu, La","cod_prov":"25","cod_ccaa":"09"},"geometry":{"type":"Polygon","coordinates":[[[1.08005,42.59358],[1.11154,42.58066],[1.13403,42.59035],[1.14528,42.56289],[1.13628,42.56127],[1.08005,42.52088],[1.1003,42.50957],[1.11379,42.51603],[1.14078,42.52734],[1.16552,42.52896],[1.18576,42.52088],[1.2105,42.54027],[1.17901,42.5645],[1.18801,42.57581],[1.17901,42.60489],[1.19026,42.61459],[1.18126,42.62428],[1.19476,42.66306],[1.19926,42.66306],[1.206,42.67437],[1.19026,42.6776],[1.17002,42.70829],[1.13178,42.68244],[1.12054,42.66467],[1.13403,42.64528],[1.13853,42.61782],[1.08005,42.59358]]]}},{"type":"Feature","id":"25904","properties":{"cod_mun":"25904","nombre":"Castell de Mur","cod_prov":"25","cod_ccaa":"09"},"geometry":{"type":"Polygon","coordinates":[[[0.77417,42.12021],[0.78992,42.09436],[0.79891,42.10082],[0.84165,42.09597],[0.86189,42.07335],[0.83715,42.03942],[0.85064,42.03619],[0.88888,42.04104],[0.88663,42.06043],[0.89338,42.09759],[0.90012,42.12182],[0.89338,42.12182],[0.87313,42.13798],[0.87089,42.14121],[0.79217,42.13475],[0.77417,42.12021]]]}},{"type":"Feature","id":"25905","properties":{"cod_mun":"25905","nombre":"Ribera d'Ondara","cod_prov":"25","cod_ccaa":"09"},"geometry":{"type":"MultiPolygon","coordinates":[[[[1.38593,41.6032],[1.36119,41.6129],[1.36569,41.59997],[1.38593,41.6032]]],[[[1.25998,41.6339],[1.24874,41.61128],[1.25324,41.60805],[1.27798,41.62259],[1.25998,41.6339]]],[[[1.3342,41.66783],[1.31846,41.64521],[1.30047,41.65975],[1.27573,41.64198],[1.28023,41.62259],[1.29147,41.6032],[1.31846,41.59513],[1.33645,41.59351],[1.3522,41.61613],[1.37019,41.62098],[1.38818,41.63067],[1.37244,41.64683],[1.37469,41.67268],[1.34995,41.66298],[1.3342,41.66783]]]]}},{"type":"Feature","id":"43023","properties":{"cod_mun":"43023","nombre":"Bellmunt del Priorat","cod_prov":"43","cod_ccaa":"09"},"geometry":{"type":"Polygon","coordinates":[[[0.73369,41.15568],[0.76068,41.14275],[0.78317,41.15891],[0.78092,41.17183],[0.74943,41.17022],[0.73369,41.15568]]]}},{"type":"Feature","id":"43024","properties":{"cod_mun":"43024","nombre":"Bellvei","cod_prov":"43","cod_ccaa":"09"},"geometry":{"type":"Polygon","coordinates":[[[1.54337,41.22838],[1.55912,41.21222],[1.57936,41.22999],[1.59285,41.23323],[1.58161,41.23646],[1.57036,41.26069],[1.56586,41.25746],[1.54337,41.22838]]]}},{"type":"Feature","id":"43025","properties":{"cod_mun":"43025","nombre":"Benifallet","cod_prov":"43","cod_ccaa":"09"},"geometry":{"type":"Polygon","coordinates":[[[0.4458,40.96503],[0.4458,40.95372],[0.46604,40.94564],[0.49078,40.94241],[0.49078,40.92464],[0.49303,40.9311],[0.55151,40.94726],[0.5875,40.9408],[0.59199,40.95211],[0.565,40.98442],[0.574,41.00058],[0.55826,41.01512],[0.53577,41.00058],[0.50653,40.99573],[0.48629,40.97634],[0.4548,40.97796],[0.4458,40.96503]]]}},{"type":"Feature","id":"43026","properties":{"cod_mun":"43026","nombre":"Benissanet","cod_prov":"43","cod_ccaa":"09"},"geometry":{"type":"Polygon","coordinates":[[[0.49978,41.06359],[0.50203,41.06035],[0.52677,41.06359],[0.54926,41.07005],[0.5875,41.06682],[0.60774,41.05228],[0.62573,41.05228],[0.65047,41.05066],[0.65722,41.0652],[0.59199,41.07974],[0.56725,41.07651],[0.53352,41.09105],[0.49978,41.06359]]]}},{"type":"Feature","id":"43027","properties":{"cod_mun":"43027","nombre":"Bisbal de Montsant, La","cod_prov":"43","cod_ccaa":"09"},"geometry":{"type":"Polygon","coordinates":[[[0.7022,41.26069],[0.75168,41.272],[0.74269,41.27685],[0.73819,41.30916],[0.71345,41.3027],[0.69545,41.28169],[0.7022,41.26069]]]}},{"type":"Feature","id":"25906","properties":{"cod_mun":"25906","nombre":"Valls d'Aguilar, Les","cod_prov":"25","cod_ccaa":"09"},"geometry":{"type":"Polygon","coordinates":[[[1.15203,42.25915],[1.17002,42.26561],[1.20151,42.25915],[1.215,42.26723],[1.24874,42.26238],[1.25773,42.27369],[1.28922,42.27692],[1.3432,42.27531],[1.3432,42.26723],[1.3477,42.24946],[1.36794,42.28985],[1.35894,42.30116],[1.33645,42.30762],[1.32971,42.3157],[1.32746,42.32377],[1.29372,42.33993],[1.28472,42.33185],[1.26448,42.34316],[1.26223,42.32377],[1.24874,42.31893],[1.23299,42.34478],[1.23524,42.36901],[1.18801,42.34801],[1.17227,42.32862],[1.15877,42.306],[1.13628,42.30762],[1.12279,42.29469],[1.15652,42.27692],[1.15203,42.25915]]]}},{"type":"Feature","id":"25907","properties":{"cod_mun":"25907","nombre":"Torrefeta i Florejacs","cod_prov":"25","cod_ccaa":"09"},"geometry":{"type":"MultiPolygon","coordinates":[[[[1.18351,41.79708],[1.17002,41.78739],[1.17227,41.76638],[1.18351,41.78415],[1.206,41.78415],[1.22625,41.79546],[1.23299,41.78739],[1.22175,41.77769],[1.23299,41.75346],[1.24649,41.75669],[1.24874,41.7373],[1.23299,41.71791],[1.23974,41.70337],[1.25773,41.70822],[1.26673,41.73084],[1.29147,41.74376],[1.29147,41.72438],[1.32971,41.7373],[1.33195,41.75023],[1.30946,41.75184],[1.31396,41.76315],[1.27798,41.768],[1.25998,41.80677],[1.29147,41.81485],[1.31396,41.82778],[1.28247,41.84878],[1.25998,41.85686],[1.23974,41.84555],[1.22625,41.8197],[1.20151,41.81485],[1.18351,41.79708]]],[[[1.29597,41.92148],[1.29147,41.89725],[1.31846,41.8924],[1.31846,41.91017],[1.29597,41.92148]]]]}},{"type":"Feature","id":"25908","properties":{"cod_mun":"25908","nombre":"Fígols i Alinyà","cod_prov":"25","cod_ccaa":"09"},"geometry":{"type":"Polygon","coordinates":[[[1.29822,42.264],[1.30047,42.24946],[1.32071,42.24138],[1.3432,42.22845],[1.33195,42.21876],[1.33195,42.18645],[1.34995,42.18968],[1.3477,42.1509],[1.3567,42.14767],[1.37919,42.15413],[1.39493,42.1509],[1.43092,42.15898],[1.44666,42.14444],[1.46915,42.15413],[1.52088,42.18483],[1.49389,42.18321],[1.46915,42.19129],[1.43092,42.22199],[1.40843,42.22522],[1.35894,42.23168],[1.3477,42.24946],[1.3432,42.26723],[1.29822,42.264]]]}},{"type":"Feature","id":"25909","properties":{"cod_mun":"25909","nombre":"Vansa i Fórnols, La","cod_prov":"25","cod_ccaa":"09"},"geometry":{"type":"Polygon","coordinates":[[[1.40843,42.22522],[1.43092,42.22199],[1.46915,42.19129],[1.49389,42.18321],[1.52088,42.18483],[1.52763,42.20422],[1.53438,42.24299],[1.5951,42.264],[1.5951,42.285],[1.57936,42.28662],[1.55462,42.28177],[1.51863,42.30439],[1.49839,42.30277],[1.47365,42.28823],[1.4759,42.27207],[1.41517,42.25753],[1.40393,42.24784],[1.40843,42.22522]]]}},{"type":"Feature","id":"25910","properties":{"cod_mun":"25910","nombre":"Josa i Tuixén","cod_prov":"25","cod_ccaa":"09"},"geometry":{"type":"Polygon","coordinates":[[[1.52763,42.20422],[1.55687,42.21068],[1.6131,42.20099],[1.61085,42.2123],[1.63784,42.24784],[1.68507,42.25592],[1.68957,42.27692],[1.66932,42.28177],[1.65133,42.28662],[1.5951,42.285],[1.5951,42.264],[1.53438,42.24299],[1.52763,42.20422]]]}},{"type":"Feature","id":"25911","properties":{"cod_mun":"25911","nombre":"Plans de Sió, Els","cod_prov":"25","cod_ccaa":"09"},"geometry":{"type":"Polygon","coordinates":[[[1.15652,41.71307],[1.17227,41.70822],[1.19251,41.71953],[1.20825,41.7163],[1.18576,41.6856],[1.19026,41.67429],[1.2285,41.68722],[1.23974,41.70337],[1.23299,41.71791],[1.24874,41.7373],[1.24649,41.75669],[1.23299,41.75346],[1.22175,41.77769],[1.23299,41.78739],[1.22625,41.79546],[1.206,41.78415],[1.18351,41.78415],[1.17227,41.76638],[1.16102,41.7583],[1.17901,41.74861],[1.15652,41.71307]]]}},{"type":"Feature","id":"43006","properties":{"cod_mun":"43006","nombre":"Aldover","cod_prov":"43","cod_ccaa":"09"},"geometry":{"type":"Polygon","coordinates":[[[0.41656,40.85517],[0.46829,40.84871],[0.51327,40.85678],[0.50653,40.88425],[0.49753,40.89233],[0.46379,40.8794],[0.4458,40.86325],[0.42106,40.86163],[0.41656,40.85517]]]}},{"type":"Feature","id":"43007","properties":{"cod_mun":"43007","nombre":"Aleixar, L'","cod_prov":"43","cod_ccaa":"09"},"geometry":{"type":"Polygon","coordinates":[[[1.01033,41.23323],[1.01708,41.1993],[1.03282,41.20091],[1.04632,41.17668],[1.05756,41.17668],[1.0778,41.18314],[1.08005,41.20414],[1.0913,41.21707],[1.07106,41.22999],[1.05981,41.23807],[1.03507,41.22192],[1.01033,41.23323]]]}},{"type":"Feature","id":"43008","properties":{"cod_mun":"43008","nombre":"Alfara de Carles","cod_prov":"43","cod_ccaa":"09"},"geometry":{"type":"Polygon","coordinates":[[[0.25687,40.80024],[0.3086,40.81801],[0.31985,40.81316],[0.3266,40.80347],[0.36258,40.8277],[0.41881,40.84548],[0.41656,40.85517],[0.42106,40.86163],[0.41656,40.87294],[0.4458,40.89718],[0.44355,40.91818],[0.36258,40.88102],[0.3311,40.84709],[0.31085,40.83901],[0.29061,40.81639],[0.27262,40.81963],[0.25687,40.80024]]]}},{"type":"Feature","id":"43009","properties":{"cod_mun":"43009","nombre":"Alforja","cod_prov":"43","cod_ccaa":"09"},"geometry":{"type":"Polygon","coordinates":[[[0.87988,41.18314],[0.90687,41.17991],[0.92261,41.18476],[0.93161,41.19445],[0.9541,41.18799],[0.97434,41.19122],[0.99684,41.17991],[1.01708,41.19768],[1.01708,41.1993],[1.01033,41.23323],[0.99234,41.23969],[0.95185,41.2203],[0.93386,41.22353],[0.92037,41.21384],[0.92261,41.20253],[0.90462,41.19445],[0.87988,41.19445],[0.87988,41.18314]]]}},{"type":"Feature","id":"43010","properties":{"cod_mun":"43010","nombre":"Alió","cod_prov":"43","cod_ccaa":"09"},"geometry":{"type":"Polygon","coordinates":[[[1.28023,41.28977],[1.32521,41.28816],[1.3477,41.28977],[1.31396,41.30431],[1.28922,41.31239],[1.28023,41.28977]]]}},{"type":"Feature","id":"43011","properties":{"cod_mun":"43011","nombre":"Almoster","cod_prov":"43","cod_ccaa":"09"},"geometry":{"type":"Polygon","coordinates":[[[1.08005,41.20414],[1.10704,41.18637],[1.12054,41.17991],[1.11604,41.19768],[1.0913,41.21707],[1.08005,41.20414]]]}},{"type":"Feature","id":"43012","properties":{"cod_mun":"43012","nombre":"Altafulla","cod_prov":"43","cod_ccaa":"09"},"geometry":{"type":"Polygon","coordinates":[[[1.36344,41.14598],[1.37244,41.13306],[1.39043,41.13306],[1.38593,41.14114],[1.39493,41.16699],[1.38368,41.17345],[1.37919,41.17022],[1.36344,41.14598]]]}},{"type":"Feature","id":"43013","properties":{"cod_mun":"43013","nombre":"Ametlla de Mar, L'","cod_prov":"43","cod_ccaa":"09"},"geometry":{"type":"Polygon","coordinates":[[[0.68421,40.9408],[0.7157,40.91818],[0.73594,40.91656],[0.75168,40.8891],[0.74493,40.85355],[0.75168,40.84548],[0.79217,40.86648],[0.79666,40.87617],[0.85739,40.93434],[0.81916,40.9408],[0.75168,40.93272],[0.74044,40.93918],[0.69995,40.94403],[0.68421,40.9408]]]}},{"type":"Feature","id":"43014","properties":{"cod_mun":"43014","nombre":"Amposta","cod_prov":"43","cod_ccaa":"09"},"geometry":{"type":"Polygon","coordinates":[[[0.55151,40.74369],[0.54701,40.71299],[0.53352,40.69361],[0.53352,40.67907],[0.54251,40.65645],[0.53802,40.64675],[0.57625,40.64837],[0.60099,40.64191],[0.62798,40.65322],[0.66397,40.62575],[0.68871,40.63544],[0.72694,40.64029],[0.74493,40.63544],[0.74943,40.63544],[0.79441,40.65645],[0.74493,40.67099],[0.67971,40.70007],[0.67521,40.72107],[0.61898,40.70653],[0.59874,40.70815],[0.5785,40.71623],[0.574,40.73238],[0.56725,40.74854],[0.55151,40.74369]]]}},{"type":"Feature","id":"43016","properties":{"cod_mun":"43016","nombre":"Arboç, L'","cod_prov":"43","cod_ccaa":"09"},"geometry":{"type":"Polygon","coordinates":[[[1.58835,41.28493],[1.58386,41.26715],[1.57036,41.26069],[1.61759,41.25261],[1.62659,41.26877],[1.62884,41.29462],[1.6131,41.28493],[1.59285,41.293],[1.58835,41.28493]]]}},{"type":"Feature","id":"43030","properties":{"cod_mun":"43030","nombre":"Bonastre","cod_prov":"43","cod_ccaa":"09"},"geometry":{"type":"Polygon","coordinates":[[[1.39043,41.2203],[1.39493,41.20576],[1.41742,41.21222],[1.43766,41.20253],[1.4759,41.20899],[1.46915,41.23484],[1.45116,41.24777],[1.43541,41.251],[1.41292,41.2413],[1.39043,41.2203]]]}},{"type":"Feature","id":"43017","properties":{"cod_mun":"43017","nombre":"Argentera, L'","cod_prov":"43","cod_ccaa":"09"},"geometry":{"type":"Polygon","coordinates":[[[0.88438,41.1169],[0.89563,41.10882],[0.91362,41.12498],[0.92486,41.13952],[0.90012,41.15406],[0.88888,41.13306],[0.88438,41.1169]]]}},{"type":"Feature","id":"43018","properties":{"cod_mun":"43018","nombre":"Arnes","cod_prov":"43","cod_ccaa":"09"},"geometry":{"type":"Polygon","coordinates":[[[0.25463,40.86971],[0.25013,40.85517],[0.27262,40.81963],[0.29061,40.81639],[0.31085,40.83901],[0.28836,40.86486],[0.3086,40.90041],[0.27487,40.93595],[0.25463,40.91979],[0.25013,40.89556],[0.23888,40.88425],[0.25463,40.86971]]]}},{"type":"Feature","id":"43019","properties":{"cod_mun":"43019","nombre":"Ascó","cod_prov":"43","cod_ccaa":"09"},"geometry":{"type":"Polygon","coordinates":[[[0.49528,41.19607],[0.50203,41.15729],[0.48853,41.14437],[0.55376,41.11852],[0.56725,41.11852],[0.5875,41.13629],[0.61898,41.15244],[0.60549,41.17183],[0.583,41.18153],[0.57625,41.21384],[0.55601,41.20576],[0.49528,41.19768],[0.49528,41.19607]]]}},{"type":"Feature","id":"43065","properties":{"cod_mun":"43065","nombre":"Garcia","cod_prov":"43","cod_ccaa":"09"},"geometry":{"type":"Polygon","coordinates":[[[0.5875,41.13629],[0.59649,41.12013],[0.61224,41.12983],[0.63473,41.12013],[0.6977,41.10398],[0.71345,41.10559],[0.71345,41.1169],[0.6977,41.13467],[0.65947,41.18476],[0.61898,41.17829],[0.60549,41.17183],[0.61898,41.15244],[0.5875,41.13629]]]}},{"type":"Feature","id":"43066","properties":{"cod_mun":"43066","nombre":"Garidells, Els","cod_prov":"43","cod_ccaa":"09"},"geometry":{"type":"Polygon","coordinates":[[[1.23299,41.21545],[1.23299,41.20414],[1.25998,41.1993],[1.24199,41.22192],[1.23299,41.21545]]]}},{"type":"Feature","id":"43067","properties":{"cod_mun":"43067","nombre":"Ginestar","cod_prov":"43","cod_ccaa":"09"},"geometry":{"type":"Polygon","coordinates":[[[0.60549,41.02481],[0.62798,41.01512],[0.63248,41.00381],[0.65047,41.00542],[0.66397,41.04097],[0.65047,41.05066],[0.62573,41.05228],[0.60549,41.02481]]]}},{"type":"Feature","id":"43068","properties":{"cod_mun":"43068","nombre":"Godall","cod_prov":"43","cod_ccaa":"09"},"geometry":{"type":"Polygon","coordinates":[[[0.40532,40.6823],[0.40082,40.67422],[0.43905,40.65645],[0.42556,40.63868],[0.4458,40.62413],[0.47954,40.63868],[0.48853,40.6516],[0.49528,40.66776],[0.51777,40.68714],[0.50428,40.69845],[0.4593,40.6726],[0.40532,40.6823]]]}},{"type":"Feature","id":"43069","properties":{"cod_mun":"43069","nombre":"Gratallops","cod_prov":"43","cod_ccaa":"09"},"geometry":{"type":"Polygon","coordinates":[[[0.74718,41.18153],[0.74943,41.17022],[0.78092,41.17183],[0.78992,41.1896],[0.80566,41.20091],[0.77867,41.21061],[0.77192,41.21707],[0.75843,41.20576],[0.74718,41.18153]]]}},{"type":"Feature","id":"43070","properties":{"cod_mun":"43070","nombre":"Guiamets, Els","cod_prov":"43","cod_ccaa":"09"},"geometry":{"type":"Polygon","coordinates":[[[0.71345,41.10559],[0.73144,41.10398],[0.76068,41.08459],[0.76743,41.09267],[0.76967,41.12175],[0.76068,41.12336],[0.75843,41.1169],[0.71345,41.1169],[0.71345,41.10559]]]}},{"type":"Feature","id":"43071","properties":{"cod_mun":"43071","nombre":"Horta de Sant Joan","cod_prov":"43","cod_ccaa":"09"},"geometry":{"type":"Polygon","coordinates":[[[0.27487,40.93595],[0.3086,40.90041],[0.28836,40.86486],[0.31085,40.83901],[0.3311,40.84709],[0.36258,40.88102],[0.36933,40.89071],[0.36258,40.90849],[0.37158,40.94241],[0.37608,40.97473],[0.34909,40.98604],[0.36708,41.00219],[0.33559,41.00865],[0.32435,41.00704],[0.27937,41.01996],[0.25912,41.01512],[0.28162,40.98765],[0.28162,40.97473],[0.27487,40.93595]]]}},{"type":"Feature","id":"43072","properties":{"cod_mun":"43072","nombre":"Lloar, El","cod_prov":"43","cod_ccaa":"09"},"geometry":{"type":"Polygon","coordinates":[[[0.71345,41.17183],[0.74718,41.18153],[0.75843,41.20576],[0.74493,41.21222],[0.73819,41.19607],[0.72244,41.19445],[0.71345,41.17183]]]}},{"type":"Feature","id":"43020","properties":{"cod_mun":"43020","nombre":"Banyeres del Penedès","cod_prov":"43","cod_ccaa":"09"},"geometry":{"type":"Polygon","coordinates":[[[1.52763,41.27039],[1.52763,41.26069],[1.53662,41.25746],[1.56586,41.25746],[1.57036,41.26069],[1.58386,41.26715],[1.58835,41.28493],[1.56811,41.28331],[1.52763,41.27362],[1.52763,41.27039]]]}},{"type":"Feature","id":"43021","properties":{"cod_mun":"43021","nombre":"Barberà de la Conca","cod_prov":"43","cod_ccaa":"09"},"geometry":{"type":"Polygon","coordinates":[[[1.19026,41.43841],[1.215,41.42064],[1.20151,41.42064],[1.19701,41.3964],[1.23974,41.38025],[1.25324,41.3851],[1.25998,41.40448],[1.28247,41.41741],[1.25548,41.41741],[1.20825,41.44487],[1.19026,41.43841]]]}},{"type":"Feature","id":"43022","properties":{"cod_mun":"43022","nombre":"Batea","cod_prov":"43","cod_ccaa":"09"},"geometry":{"type":"Polygon","coordinates":[[[0.21864,41.07489],[0.23663,41.07005],[0.27487,41.07005],[0.28611,41.06359],[0.34234,41.0442],[0.36033,41.04904],[0.36033,41.07166],[0.38058,41.08782],[0.38058,41.11205],[0.33784,41.12175],[0.34459,41.15406],[0.31535,41.1686],[0.30411,41.16375],[0.27262,41.14921],[0.25238,41.15083],[0.25013,41.12983],[0.21864,41.13144],[0.20065,41.12498],[0.20964,41.1169],[0.20065,41.08459],[0.21864,41.07489]]]}},{"type":"Feature","id":"43028","properties":{"cod_mun":"43028","nombre":"Bisbal del Penedès, La","cod_prov":"43","cod_ccaa":"09"},"geometry":{"type":"Polygon","coordinates":[[[1.43541,41.28654],[1.43991,41.272],[1.45566,41.251],[1.50514,41.26554],[1.52763,41.27039],[1.52763,41.27362],[1.52988,41.27846],[1.51863,41.28977],[1.52088,41.31724],[1.4849,41.29785],[1.45791,41.30108],[1.43541,41.28654]]]}},{"type":"Feature","id":"43029","properties":{"cod_mun":"43029","nombre":"Blancafort","cod_prov":"43","cod_ccaa":"09"},"geometry":{"type":"Polygon","coordinates":[[[1.12953,41.47395],[1.14753,41.41902],[1.17227,41.4271],[1.17677,41.4368],[1.15877,41.45457],[1.15427,41.48042],[1.12953,41.47395]]]}},{"type":"Feature","id":"43073","properties":{"cod_mun":"43073","nombre":"Llorac","cod_prov":"43","cod_ccaa":"09"},"geometry":{"type":"Polygon","coordinates":[[[1.25773,41.56766],[1.25998,41.55958],[1.32521,41.54343],[1.34545,41.53535],[1.36344,41.53858],[1.39268,41.55635],[1.37244,41.56605],[1.30497,41.57089],[1.25773,41.56766]]]}},{"type":"Feature","id":"43031","properties":{"cod_mun":"43031","nombre":"Borges del Camp, Les","cod_prov":"43","cod_ccaa":"09"},"geometry":{"type":"Polygon","coordinates":[[[0.99684,41.17991],[1.01933,41.16375],[1.02383,41.15083],[1.03732,41.17506],[1.01708,41.19768],[0.99684,41.17991]]]}},{"type":"Feature","id":"43032","properties":{"cod_mun":"43032","nombre":"Bot","cod_prov":"43","cod_ccaa":"09"},"geometry":{"type":"Polygon","coordinates":[[[0.33559,41.00865],[0.36708,41.00219],[0.34909,40.98604],[0.37608,40.97473],[0.42106,41.00704],[0.37833,41.04743],[0.36033,41.04904],[0.34234,41.0442],[0.33334,41.03612],[0.33559,41.00865]]]}},{"type":"Feature","id":"43081","properties":{"cod_mun":"43081","nombre":"Maspujols","cod_prov":"43","cod_ccaa":"09"},"geometry":{"type":"Polygon","coordinates":[[[1.01708,41.19768],[1.03732,41.17506],[1.04632,41.17668],[1.03282,41.20091],[1.01708,41.1993],[1.01708,41.19768]]]}},{"type":"Feature","id":"43082","properties":{"cod_mun":"43082","nombre":"Masroig, El","cod_prov":"43","cod_ccaa":"09"},"geometry":{"type":"Polygon","coordinates":[[[0.6977,41.13467],[0.71345,41.1169],[0.75843,41.1169],[0.76068,41.12336],[0.76068,41.13629],[0.76068,41.14275],[0.73369,41.15568],[0.72469,41.14437],[0.6977,41.13467]]]}},{"type":"Feature","id":"43033","properties":{"cod_mun":"43033","nombre":"Botarell","cod_prov":"43","cod_ccaa":"09"},"geometry":{"type":"Polygon","coordinates":[[[0.98109,41.13306],[0.99009,41.12013],[1.00133,41.13306],[1.02383,41.13306],[1.02383,41.15083],[1.01933,41.16375],[0.99684,41.17991],[0.98784,41.14598],[0.98109,41.13306]]]}},{"type":"Feature","id":"43107","properties":{"cod_mun":"43107","nombre":"Pira","cod_prov":"43","cod_ccaa":"09"},"geometry":{"type":"Polygon","coordinates":[[[1.17227,41.4271],[1.19701,41.3964],[1.20151,41.42064],[1.215,41.42064],[1.19026,41.43841],[1.17677,41.4368],[1.17227,41.4271]]]}},{"type":"Feature","id":"43108","properties":{"cod_mun":"43108","nombre":"Pla de Santa Maria, El","cod_prov":"43","cod_ccaa":"09"},"geometry":{"type":"Polygon","coordinates":[[[1.27123,41.38348],[1.28697,41.35117],[1.28247,41.33986],[1.27573,41.31885],[1.28922,41.31239],[1.31396,41.30431],[1.33195,41.33339],[1.3387,41.33016],[1.35445,41.36732],[1.3522,41.37379],[1.30946,41.37055],[1.27123,41.38348]]]}},{"type":"Feature","id":"43034","properties":{"cod_mun":"43034","nombre":"Bràfim","cod_prov":"43","cod_ccaa":"09"},"geometry":{"type":"Polygon","coordinates":[[[1.32521,41.28816],[1.32746,41.272],[1.3522,41.26392],[1.35894,41.28654],[1.3477,41.28977],[1.32521,41.28816]]]}},{"type":"Feature","id":"43035","properties":{"cod_mun":"43035","nombre":"Cabacés","cod_prov":"43","cod_ccaa":"09"},"geometry":{"type":"Polygon","coordinates":[[[0.68421,41.24454],[0.68646,41.22999],[0.70445,41.21545],[0.72244,41.23161],[0.73819,41.22999],[0.76967,41.23646],[0.76967,41.23807],[0.76743,41.25423],[0.78092,41.26715],[0.75168,41.272],[0.7022,41.26069],[0.68421,41.24454]]]}},{"type":"Feature","id":"43036","properties":{"cod_mun":"43036","nombre":"Cabra del Camp","cod_prov":"43","cod_ccaa":"09"},"geometry":{"type":"Polygon","coordinates":[[[1.25324,41.3851],[1.27123,41.38348],[1.30946,41.37055],[1.3522,41.37379],[1.32071,41.41256],[1.31171,41.4061],[1.30497,41.42872],[1.28247,41.41741],[1.25998,41.40448],[1.25324,41.3851]]]}},{"type":"Feature","id":"43037","properties":{"cod_mun":"43037","nombre":"Calafell","cod_prov":"43","cod_ccaa":"09"},"geometry":{"type":"Polygon","coordinates":[[[1.55912,41.21222],[1.56811,41.18637],[1.61759,41.19122],[1.6086,41.19768],[1.62209,41.22353],[1.59285,41.23323],[1.57936,41.22999],[1.55912,41.21222]]]}},{"type":"Feature","id":"43038","properties":{"cod_mun":"43038","nombre":"Cambrils","cod_prov":"43","cod_ccaa":"09"},"geometry":{"type":"Polygon","coordinates":[[[0.98559,41.10074],[0.99908,41.07328],[1.02383,41.05228],[1.04632,41.06359],[1.0823,41.06359],[1.11829,41.07328],[1.1003,41.0862],[1.09355,41.10398],[1.0823,41.10074],[1.07106,41.07813],[1.06206,41.07328],[1.03057,41.11529],[0.98559,41.10074]]]}},{"type":"Feature","id":"43039","properties":{"cod_mun":"43039","nombre":"Capafonts","cod_prov":"43","cod_ccaa":"09"},"geometry":{"type":"Polygon","coordinates":[[[1.01033,41.29139],[1.03957,41.27523],[1.05306,41.26877],[1.06656,41.30431],[1.04182,41.31885],[1.01033,41.29139]]]}},{"type":"Feature","id":"43040","properties":{"cod_mun":"43040","nombre":"Capçanes","cod_prov":"43","cod_ccaa":"09"},"geometry":{"type":"Polygon","coordinates":[[[0.76743,41.09267],[0.79217,41.07166],[0.81466,41.06682],[0.8259,41.09751],[0.8439,41.09913],[0.8304,41.11367],[0.8259,41.10236],[0.81016,41.11205],[0.76967,41.12175],[0.76743,41.09267]]]}},{"type":"Feature","id":"43041","properties":{"cod_mun":"43041","nombre":"Caseres","cod_prov":"43","cod_ccaa":"09"},"geometry":{"type":"Polygon","coordinates":[[[0.21864,41.07489],[0.22089,41.07166],[0.23438,41.0345],[0.24563,41.04097],[0.27937,41.01996],[0.32435,41.00704],[0.33559,41.00865],[0.33334,41.03612],[0.34234,41.0442],[0.28611,41.06359],[0.27487,41.07005],[0.23663,41.07005],[0.21864,41.07489]]]}},{"type":"Feature","id":"43042","properties":{"cod_mun":"43042","nombre":"Castellvell del Camp","cod_prov":"43","cod_ccaa":"09"},"geometry":{"type":"Polygon","coordinates":[[[1.0778,41.18314],[1.1003,41.17506],[1.10704,41.18637],[1.08005,41.20414],[1.0778,41.18314]]]}},{"type":"Feature","id":"43043","properties":{"cod_mun":"43043","nombre":"Catllar, El","cod_prov":"43","cod_ccaa":"09"},"geometry":{"type":"MultiPolygon","coordinates":[[[[1.28023,41.17506],[1.27123,41.15891],[1.28697,41.14598],[1.30497,41.16537],[1.31396,41.15083],[1.32971,41.16375],[1.34095,41.17345],[1.3432,41.18476],[1.32746,41.19768],[1.31171,41.20576],[1.28472,41.20091],[1.28023,41.17506]]],[[[1.36569,41.18476],[1.35445,41.17668],[1.36569,41.17668],[1.36569,41.18476]]]]}},{"type":"Feature","id":"43044","properties":{"cod_mun":"43044","nombre":"Sénia, La","cod_prov":"43","cod_ccaa":"09"},"geometry":{"type":"Polygon","coordinates":[[[0.17141,40.73238],[0.1984,40.7243],[0.22539,40.73238],[0.23888,40.70168],[0.26137,40.70653],[0.29286,40.68714],[0.26812,40.65968],[0.26587,40.64514],[0.27937,40.6306],[0.31085,40.61767],[0.32885,40.61121],[0.35809,40.64675],[0.35134,40.65968],[0.33784,40.68391],[0.30411,40.70168],[0.27712,40.73238],[0.29286,40.75015],[0.27712,40.77277],[0.27262,40.77923],[0.23213,40.77923],[0.17591,40.74208],[0.17141,40.73238]]]}},{"type":"Feature","id":"43045","properties":{"cod_mun":"43045","nombre":"Colldejou","cod_prov":"43","cod_ccaa":"09"},"geometry":{"type":"Polygon","coordinates":[[[0.8259,41.12013],[0.8304,41.11367],[0.8439,41.09913],[0.87313,41.08459],[0.91362,41.08136],[0.89563,41.10882],[0.88438,41.1169],[0.85289,41.11044],[0.83265,41.12175],[0.8259,41.12013]]]}},{"type":"Feature","id":"43046","properties":{"cod_mun":"43046","nombre":"Conesa","cod_prov":"43","cod_ccaa":"09"},"geometry":{"type":"Polygon","coordinates":[[[1.23299,41.51758],[1.24424,41.50465],[1.26898,41.49819],[1.29147,41.4885],[1.31846,41.49496],[1.33195,41.51919],[1.31396,41.52727],[1.24199,41.54181],[1.23524,41.54181],[1.24649,41.52565],[1.23299,41.51758]]]}},{"type":"Feature","id":"43047","properties":{"cod_mun":"43047","nombre":"Constantí","cod_prov":"43","cod_ccaa":"09"},"geometry":{"type":"Polygon","coordinates":[[[1.15652,41.17991],[1.14303,41.17022],[1.16102,41.15083],[1.19026,41.13144],[1.20825,41.13144],[1.23749,41.15083],[1.23749,41.16375],[1.23299,41.17022],[1.21275,41.17183],[1.18351,41.19122],[1.17227,41.19284],[1.15652,41.17991]]]}},{"type":"Feature","id":"43048","properties":{"cod_mun":"43048","nombre":"Corbera d'Ebre","cod_prov":"43","cod_ccaa":"09"},"geometry":{"type":"Polygon","coordinates":[[[0.41656,41.10236],[0.42106,41.08944],[0.44805,41.08136],[0.47954,41.05551],[0.49978,41.06359],[0.53352,41.09105],[0.53577,41.09751],[0.52227,41.09751],[0.49078,41.14114],[0.46829,41.13952],[0.45705,41.1379],[0.41656,41.10236]]]}},{"type":"Feature","id":"43049","properties":{"cod_mun":"43049","nombre":"Cornudella de Montsant","cod_prov":"43","cod_ccaa":"09"},"geometry":{"type":"Polygon","coordinates":[[[0.86414,41.20738],[0.91137,41.21707],[0.92037,41.21384],[0.90912,41.23807],[0.94286,41.24454],[0.97434,41.26069],[0.9721,41.29462],[0.94511,41.28977],[0.93611,41.32047],[0.90687,41.32693],[0.88663,41.29785],[0.89787,41.29139],[0.87763,41.27846],[0.88213,41.25423],[0.86414,41.20738]]]}},{"type":"Feature","id":"43050","properties":{"cod_mun":"43050","nombre":"Creixell","cod_prov":"43","cod_ccaa":"09"},"geometry":{"type":"Polygon","coordinates":[[[1.41742,41.21222],[1.42417,41.16537],[1.43991,41.15568],[1.46015,41.16375],[1.45791,41.17345],[1.43541,41.17506],[1.43766,41.20253],[1.41742,41.21222]]]}},{"type":"Feature","id":"43051","properties":{"cod_mun":"43051","nombre":"Cunit","cod_prov":"43","cod_ccaa":"09"},"geometry":{"type":"Polygon","coordinates":[[[1.61759,41.19122],[1.64683,41.19445],[1.65358,41.20738],[1.64008,41.23484],[1.62209,41.22353],[1.6086,41.19768],[1.61759,41.19122]]]}},{"type":"Feature","id":"43052","properties":{"cod_mun":"43052","nombre":"Xerta","cod_prov":"43","cod_ccaa":"09"},"geometry":{"type":"Polygon","coordinates":[[[0.42106,40.86163],[0.4458,40.86325],[0.46379,40.8794],[0.49753,40.89233],[0.48629,40.89879],[0.50878,40.90687],[0.49078,40.92464],[0.49078,40.94241],[0.46604,40.94564],[0.44355,40.91818],[0.4458,40.89718],[0.41656,40.87294],[0.42106,40.86163]]]}},{"type":"Feature","id":"43053","properties":{"cod_mun":"43053","nombre":"Duesaigües","cod_prov":"43","cod_ccaa":"09"},"geometry":{"type":"Polygon","coordinates":[[[0.90012,41.15406],[0.92486,41.13952],[0.94061,41.14114],[0.9541,41.15891],[0.92261,41.18476],[0.90687,41.17991],[0.90012,41.15406]]]}},{"type":"Feature","id":"43054","properties":{"cod_mun":"43054","nombre":"Espluga de Francolí, L'","cod_prov":"43","cod_ccaa":"09"},"geometry":{"type":"Polygon","coordinates":[[[1.05531,41.44164],[1.07106,41.42387],[1.06881,41.40933],[1.0958,41.35924],[1.12279,41.36894],[1.13178,41.41095],[1.14753,41.41902],[1.12953,41.47395],[1.10704,41.46749],[1.07556,41.45941],[1.05531,41.44164]]]}},{"type":"Feature","id":"43055","properties":{"cod_mun":"43055","nombre":"Falset","cod_prov":"43","cod_ccaa":"09"},"geometry":{"type":"Polygon","coordinates":[[[0.76068,41.13629],[0.79666,41.14437],[0.8349,41.13306],[0.86189,41.15568],[0.85964,41.17022],[0.85064,41.18153],[0.81466,41.18153],[0.78992,41.1896],[0.78092,41.17183],[0.78317,41.15891],[0.76068,41.14275],[0.76068,41.13629]]]}},{"type":"Feature","id":"43056","properties":{"cod_mun":"43056","nombre":"Fatarella, La","cod_prov":"43","cod_ccaa":"09"},"geometry":{"type":"Polygon","coordinates":[[[0.40307,41.21707],[0.42331,41.17345],[0.43231,41.17506],[0.46829,41.13952],[0.49078,41.14114],[0.52227,41.09751],[0.53577,41.09751],[0.55376,41.11852],[0.48853,41.14437],[0.50203,41.15729],[0.49528,41.19607],[0.4593,41.20414],[0.4593,41.21222],[0.43006,41.22838],[0.40307,41.21707]]]}},{"type":"Feature","id":"43057","properties":{"cod_mun":"43057","nombre":"Febró, La","cod_prov":"43","cod_ccaa":"09"},"geometry":{"type":"Polygon","coordinates":[[[0.9721,41.29462],[0.97434,41.26069],[0.99684,41.25746],[1.01483,41.25908],[1.03957,41.27523],[1.01033,41.29139],[0.9721,41.29462]]]}},{"type":"Feature","id":"43058","properties":{"cod_mun":"43058","nombre":"Figuera, La","cod_prov":"43","cod_ccaa":"09"},"geometry":{"type":"Polygon","coordinates":[[[0.66621,41.1896],[0.69545,41.18476],[0.71345,41.17183],[0.72244,41.19445],[0.73819,41.19607],[0.74493,41.21222],[0.73819,41.22999],[0.72244,41.23161],[0.70445,41.21545],[0.66621,41.1896]]]}},{"type":"Feature","id":"43059","properties":{"cod_mun":"43059","nombre":"Figuerola del Camp","cod_prov":"43","cod_ccaa":"09"},"geometry":{"type":"Polygon","coordinates":[[[1.22175,41.34309],[1.24199,41.33501],[1.28247,41.33986],[1.28697,41.35117],[1.27123,41.38348],[1.25324,41.3851],[1.23974,41.38025],[1.23074,41.37379],[1.22175,41.34309]]]}},{"type":"Feature","id":"43060","properties":{"cod_mun":"43060","nombre":"Flix","cod_prov":"43","cod_ccaa":"09"},"geometry":{"type":"Polygon","coordinates":[[[0.49528,41.19768],[0.55601,41.20576],[0.57625,41.21384],[0.59199,41.21707],[0.61673,41.24454],[0.63023,41.23323],[0.61449,41.25584],[0.61673,41.27523],[0.68196,41.30431],[0.71345,41.3027],[0.73819,41.30916],[0.75168,41.31724],[0.69545,41.31401],[0.69096,41.31239],[0.61449,41.29139],[0.5875,41.30754],[0.58075,41.32047],[0.55376,41.32693],[0.52677,41.28977],[0.50203,41.28977],[0.50653,41.23969],[0.48179,41.22192],[0.49528,41.19768]]]}},{"type":"Feature","id":"43061","properties":{"cod_mun":"43061","nombre":"Forès","cod_prov":"43","cod_ccaa":"09"},"geometry":{"type":"Polygon","coordinates":[[[1.19926,41.49011],[1.215,41.47234],[1.25324,41.48042],[1.26898,41.49819],[1.24424,41.50465],[1.23299,41.51758],[1.19926,41.49011]]]}},{"type":"Feature","id":"43062","properties":{"cod_mun":"43062","nombre":"Freginals","cod_prov":"43","cod_ccaa":"09"},"geometry":{"type":"Polygon","coordinates":[[[0.48853,40.6516],[0.51327,40.63868],[0.54251,40.63221],[0.54476,40.63221],[0.53802,40.64675],[0.54251,40.65645],[0.53352,40.67907],[0.51777,40.68714],[0.49528,40.66776],[0.48853,40.6516]]]}},{"type":"Feature","id":"43063","properties":{"cod_mun":"43063","nombre":"Galera, La","cod_prov":"43","cod_ccaa":"09"},"geometry":{"type":"Polygon","coordinates":[[[0.38507,40.69522],[0.40532,40.6823],[0.4593,40.6726],[0.50428,40.69845],[0.50428,40.7033],[0.48404,40.70007],[0.4503,40.70653],[0.42781,40.72107],[0.38507,40.69522]]]}},{"type":"Feature","id":"43064","properties":{"cod_mun":"43064","nombre":"Gandesa","cod_prov":"43","cod_ccaa":"09"},"geometry":{"type":"Polygon","coordinates":[[[0.36033,41.04904],[0.37833,41.04743],[0.42106,41.00704],[0.4413,40.99411],[0.45705,41.00219],[0.4503,41.01996],[0.50203,41.06035],[0.49978,41.06359],[0.47954,41.05551],[0.44805,41.08136],[0.42106,41.08944],[0.41656,41.10236],[0.38058,41.11205],[0.38058,41.08782],[0.36033,41.07166],[0.36033,41.04904]]]}},{"type":"Feature","id":"43074","properties":{"cod_mun":"43074","nombre":"Llorenç del Penedès","cod_prov":"43","cod_ccaa":"09"},"geometry":{"type":"Polygon","coordinates":[[[1.52763,41.27362],[1.56811,41.28331],[1.55012,41.29785],[1.53438,41.293],[1.52988,41.27846],[1.52763,41.27362]]]}},{"type":"Feature","id":"43075","properties":{"cod_mun":"43075","nombre":"Margalef","cod_prov":"43","cod_ccaa":"09"},"geometry":{"type":"Polygon","coordinates":[[[0.73819,41.30916],[0.74269,41.27685],[0.75168,41.272],[0.78092,41.26715],[0.81241,41.27846],[0.79891,41.31239],[0.81241,41.32693],[0.76743,41.33339],[0.75168,41.31724],[0.73819,41.30916]]]}},{"type":"Feature","id":"43076","properties":{"cod_mun":"43076","nombre":"Marçà","cod_prov":"43","cod_ccaa":"09"},"geometry":{"type":"Polygon","coordinates":[[[0.76068,41.12336],[0.76967,41.12175],[0.81016,41.11205],[0.8259,41.10236],[0.8304,41.11367],[0.8259,41.12013],[0.8349,41.13306],[0.79666,41.14437],[0.76068,41.13629],[0.76068,41.12336]]]}},{"type":"Feature","id":"43077","properties":{"cod_mun":"43077","nombre":"Mas de Barberans","cod_prov":"43","cod_ccaa":"09"},"geometry":{"type":"Polygon","coordinates":[[[0.29286,40.75015],[0.27712,40.73238],[0.30411,40.70168],[0.33784,40.68391],[0.35134,40.65968],[0.38507,40.69522],[0.42781,40.72107],[0.44355,40.73723],[0.41206,40.74046],[0.38507,40.76308],[0.32885,40.76146],[0.31085,40.74531],[0.29286,40.75015]]]}},{"type":"Feature","id":"43078","properties":{"cod_mun":"43078","nombre":"Masdenverge","cod_prov":"43","cod_ccaa":"09"},"geometry":{"type":"Polygon","coordinates":[[[0.50428,40.7033],[0.50428,40.69845],[0.51777,40.68714],[0.53352,40.67907],[0.53352,40.69361],[0.54701,40.71299],[0.55151,40.74369],[0.54251,40.74531],[0.50428,40.7033]]]}},{"type":"Feature","id":"43079","properties":{"cod_mun":"43079","nombre":"Masllorenç","cod_prov":"43","cod_ccaa":"09"},"geometry":{"type":"Polygon","coordinates":[[[1.39943,41.26392],[1.41967,41.26231],[1.43541,41.251],[1.45116,41.24777],[1.45566,41.251],[1.43991,41.272],[1.40843,41.27523],[1.39943,41.26392]]]}},{"type":"Feature","id":"43080","properties":{"cod_mun":"43080","nombre":"Masó, La","cod_prov":"43","cod_ccaa":"09"},"geometry":{"type":"Polygon","coordinates":[[[1.2105,41.22838],[1.23074,41.22676],[1.23074,41.2413],[1.22175,41.24938],[1.2105,41.23646],[1.2105,41.22838]]]}},{"type":"Feature","id":"43083","properties":{"cod_mun":"43083","nombre":"Milà, El","cod_prov":"43","cod_ccaa":"09"},"geometry":{"type":"Polygon","coordinates":[[[1.2105,41.23646],[1.22175,41.24938],[1.21275,41.26069],[1.19026,41.24938],[1.2105,41.23646]]]}},{"type":"Feature","id":"43084","properties":{"cod_mun":"43084","nombre":"Miravet","cod_prov":"43","cod_ccaa":"09"},"geometry":{"type":"Polygon","coordinates":[[[0.52677,41.06359],[0.54476,41.05066],[0.5695,41.01835],[0.55826,41.01512],[0.574,41.00058],[0.60549,41.02481],[0.62573,41.05228],[0.60774,41.05228],[0.5875,41.06682],[0.54926,41.07005],[0.52677,41.06359]]]}},{"type":"Feature","id":"43085","properties":{"cod_mun":"43085","nombre":"Molar, El","cod_prov":"43","cod_ccaa":"09"},"geometry":{"type":"Polygon","coordinates":[[[0.65947,41.18476],[0.6977,41.13467],[0.72469,41.14437],[0.73369,41.15568],[0.74943,41.17022],[0.74718,41.18153],[0.71345,41.17183],[0.69545,41.18476],[0.66621,41.1896],[0.65947,41.18476]]]}},{"type":"Feature","id":"43086","properties":{"cod_mun":"43086","nombre":"Montblanc","cod_prov":"43","cod_ccaa":"09"},"geometry":{"type":"Polygon","coordinates":[[[1.06431,41.32693],[1.06431,41.32047],[1.10704,41.31401],[1.11829,41.30593],[1.14528,41.30916],[1.15203,41.31078],[1.14078,41.31885],[1.15203,41.33663],[1.15203,41.35601],[1.17227,41.35763],[1.18801,41.34632],[1.18351,41.32047],[1.19026,41.31562],[1.19701,41.32855],[1.22175,41.34309],[1.23074,41.37379],[1.23974,41.38025],[1.19701,41.3964],[1.17227,41.4271],[1.14753,41.41902],[1.13178,41.41095],[1.12279,41.36894],[1.0958,41.35924],[1.0868,41.34147],[1.06431,41.32693]]]}},{"type":"Feature","id":"43088","properties":{"cod_mun":"43088","nombre":"Montbrió del Camp","cod_prov":"43","cod_ccaa":"09"},"geometry":{"type":"Polygon","coordinates":[[[0.97434,41.11529],[0.98559,41.10074],[1.03057,41.11529],[1.02607,41.12175],[1.02383,41.13306],[1.00133,41.13306],[0.99009,41.12013],[0.98109,41.13306],[0.97434,41.11529]]]}},{"type":"Feature","id":"43089","properties":{"cod_mun":"43089","nombre":"Montferri","cod_prov":"43","cod_ccaa":"09"},"geometry":{"type":"Polygon","coordinates":[[[1.3522,41.26392],[1.3567,41.25423],[1.37019,41.24292],[1.41292,41.2413],[1.43541,41.251],[1.41967,41.26231],[1.39943,41.26392],[1.39043,41.26392],[1.38593,41.28654],[1.35894,41.28654],[1.3522,41.26392]]]}},{"type":"Feature","id":"43090","properties":{"cod_mun":"43090","nombre":"Montmell, El","cod_prov":"43","cod_ccaa":"09"},"geometry":{"type":"Polygon","coordinates":[[[1.39943,41.293],[1.43541,41.28654],[1.45791,41.30108],[1.4849,41.29785],[1.52088,41.31724],[1.53887,41.32209],[1.55912,41.34309],[1.57936,41.35601],[1.56361,41.36894],[1.55012,41.36894],[1.53662,41.3851],[1.52763,41.36732],[1.49389,41.35601],[1.4624,41.35601],[1.40168,41.32532],[1.42642,41.30916],[1.39943,41.293]]]}},{"type":"Feature","id":"43091","properties":{"cod_mun":"43091","nombre":"Mont-ral","cod_prov":"43","cod_ccaa":"09"},"geometry":{"type":"Polygon","coordinates":[[[1.04182,41.31885],[1.06656,41.30431],[1.05306,41.26877],[1.08905,41.26392],[1.1003,41.26554],[1.10929,41.27685],[1.13853,41.272],[1.12504,41.28977],[1.14303,41.3027],[1.14528,41.30916],[1.11829,41.30593],[1.10704,41.31401],[1.06431,41.32047],[1.06431,41.32693],[1.04182,41.31885]]]}},{"type":"Feature","id":"43092","properties":{"cod_mun":"43092","nombre":"Mont-roig del Camp","cod_prov":"43","cod_ccaa":"09"},"geometry":{"type":"Polygon","coordinates":[[[0.90687,41.02481],[0.92486,40.9925],[0.93161,40.99088],[0.9541,41.01835],[0.98334,41.03935],[1.02383,41.05228],[0.99908,41.07328],[0.98559,41.10074],[0.97434,41.11529],[0.96985,41.11044],[0.97659,41.09913],[0.94061,41.10398],[0.93386,41.08136],[0.91362,41.08136],[0.92037,41.05551],[0.90687,41.02481]]]}},{"type":"Feature","id":"43093","properties":{"cod_mun":"43093","nombre":"Móra d'Ebre","cod_prov":"43","cod_ccaa":"09"},"geometry":{"type":"Polygon","coordinates":[[[0.53352,41.09105],[0.56725,41.07651],[0.59199,41.07974],[0.65722,41.0652],[0.65722,41.06682],[0.65722,41.08459],[0.64372,41.09267],[0.63473,41.12013],[0.61224,41.12983],[0.59649,41.12013],[0.5875,41.13629],[0.56725,41.11852],[0.55376,41.11852],[0.53577,41.09751],[0.53352,41.09105]]]}},{"type":"Feature","id":"43094","properties":{"cod_mun":"43094","nombre":"Móra la Nova","cod_prov":"43","cod_ccaa":"09"},"geometry":{"type":"Polygon","coordinates":[[[0.63473,41.12013],[0.64372,41.09267],[0.65722,41.08459],[0.65722,41.06682],[0.68421,41.07651],[0.6977,41.10398],[0.63473,41.12013]]]}},{"type":"Feature","id":"43095","properties":{"cod_mun":"43095","nombre":"Morell, El","cod_prov":"43","cod_ccaa":"09"},"geometry":{"type":"MultiPolygon","coordinates":[[[[1.17677,41.20091],[1.17227,41.19607],[1.17677,41.19445],[1.17677,41.19607],[1.17677,41.20091]]],[[[1.2195,41.21545],[1.19251,41.19284],[1.21725,41.19122],[1.23299,41.20414],[1.23299,41.21545],[1.23299,41.21707],[1.2195,41.21545]]]]}},{"type":"Feature","id":"43096","properties":{"cod_mun":"43096","nombre":"Morera de Montsant, La","cod_prov":"43","cod_ccaa":"09"},"geometry":{"type":"Polygon","coordinates":[[[0.76967,41.23807],[0.78092,41.251],[0.80116,41.23969],[0.81916,41.24777],[0.85064,41.25261],[0.86864,41.23484],[0.86414,41.20738],[0.88213,41.25423],[0.87763,41.27846],[0.89787,41.29139],[0.88663,41.29785],[0.86414,41.30431],[0.80566,41.30431],[0.79891,41.31239],[0.81241,41.27846],[0.78092,41.26715],[0.76743,41.25423],[0.76967,41.23807]]]}},{"type":"Feature","id":"43097","properties":{"cod_mun":"43097","nombre":"Nou de Gaià, La","cod_prov":"43","cod_ccaa":"09"},"geometry":{"type":"Polygon","coordinates":[[[1.36569,41.18476],[1.36569,41.17668],[1.37919,41.17022],[1.38368,41.17345],[1.39493,41.20414],[1.36569,41.18476]]]}},{"type":"Feature","id":"43109","properties":{"cod_mun":"43109","nombre":"Pobla de Mafumet, La","cod_prov":"43","cod_ccaa":"09"},"geometry":{"type":"Polygon","coordinates":[[[1.17677,41.19445],[1.18351,41.19122],[1.21275,41.17183],[1.23299,41.17022],[1.23074,41.18799],[1.21725,41.19122],[1.19251,41.19284],[1.19026,41.19284],[1.18576,41.19445],[1.17677,41.19607],[1.17677,41.19445]]]}},{"type":"Feature","id":"43110","properties":{"cod_mun":"43110","nombre":"Pobla de Massaluca, La","cod_prov":"43","cod_ccaa":"09"},"geometry":{"type":"Polygon","coordinates":[[[0.30411,41.16375],[0.31535,41.1686],[0.34459,41.15406],[0.36033,41.14921],[0.37833,41.17183],[0.39632,41.20899],[0.38957,41.21384],[0.36708,41.20738],[0.38058,41.23646],[0.36483,41.22676],[0.34009,41.23161],[0.3221,41.22515],[0.30411,41.16375]]]}},{"type":"Feature","id":"43098","properties":{"cod_mun":"43098","nombre":"Nulles","cod_prov":"43","cod_ccaa":"09"},"geometry":{"type":"Polygon","coordinates":[[[1.26898,41.23323],[1.29372,41.23646],[1.29597,41.23807],[1.31621,41.25423],[1.30497,41.27039],[1.27348,41.27039],[1.27798,41.25261],[1.26898,41.23323]]]}},{"type":"Feature","id":"43099","properties":{"cod_mun":"43099","nombre":"Palma d'Ebre, La","cod_prov":"43","cod_ccaa":"09"},"geometry":{"type":"Polygon","coordinates":[[[0.63023,41.23323],[0.65497,41.24454],[0.68421,41.24454],[0.7022,41.26069],[0.69545,41.28169],[0.71345,41.3027],[0.68196,41.30431],[0.61673,41.27523],[0.61449,41.25584],[0.63023,41.23323]]]}},{"type":"Feature","id":"43128","properties":{"cod_mun":"43128","nombre":"Riudecols","cod_prov":"43","cod_ccaa":"09"},"geometry":{"type":"Polygon","coordinates":[[[0.92261,41.18476],[0.9541,41.15891],[0.98784,41.14598],[0.99684,41.17991],[0.97434,41.19122],[0.9541,41.18799],[0.93161,41.19445],[0.92261,41.18476]]]}},{"type":"Feature","id":"43129","properties":{"cod_mun":"43129","nombre":"Riudoms","cod_prov":"43","cod_ccaa":"09"},"geometry":{"type":"Polygon","coordinates":[[[1.02383,41.15083],[1.02383,41.13306],[1.02607,41.12175],[1.03732,41.12821],[1.07106,41.09751],[1.0823,41.10074],[1.09355,41.10398],[1.1003,41.11367],[1.0823,41.14437],[1.06206,41.15891],[1.05756,41.17668],[1.04632,41.17668],[1.03732,41.17506],[1.02383,41.15083]]]}},{"type":"Feature","id":"43100","properties":{"cod_mun":"43100","nombre":"Pallaresos, Els","cod_prov":"43","cod_ccaa":"09"},"geometry":{"type":"Polygon","coordinates":[[[1.23299,41.17022],[1.23749,41.16375],[1.27123,41.15891],[1.28023,41.17506],[1.26448,41.18314],[1.25324,41.17022],[1.23299,41.17022]]]}},{"type":"Feature","id":"43101","properties":{"cod_mun":"43101","nombre":"Passanant i Belltall","cod_prov":"43","cod_ccaa":"09"},"geometry":{"type":"Polygon","coordinates":[[[1.16552,41.51758],[1.17901,41.4885],[1.19926,41.49011],[1.23299,41.51758],[1.24649,41.52565],[1.23524,41.54181],[1.2105,41.54827],[1.18126,41.54343],[1.17002,41.51758],[1.16552,41.51758]]]}},{"type":"Feature","id":"43102","properties":{"cod_mun":"43102","nombre":"Paüls","cod_prov":"43","cod_ccaa":"09"},"geometry":{"type":"Polygon","coordinates":[[[0.36258,40.88102],[0.44355,40.91818],[0.46604,40.94564],[0.4458,40.95372],[0.4458,40.96503],[0.39407,40.95534],[0.37158,40.94241],[0.36258,40.90849],[0.36933,40.89071],[0.36258,40.88102]]]}},{"type":"Feature","id":"43130","properties":{"cod_mun":"43130","nombre":"Rocafort de Queralt","cod_prov":"43","cod_ccaa":"09"},"geometry":{"type":"Polygon","coordinates":[[[1.25324,41.48042],[1.25099,41.45941],[1.27798,41.47072],[1.29147,41.4885],[1.26898,41.49819],[1.25324,41.48042]]]}},{"type":"Feature","id":"43103","properties":{"cod_mun":"43103","nombre":"Perafort","cod_prov":"43","cod_ccaa":"09"},"geometry":{"type":"MultiPolygon","coordinates":[[[[1.23299,41.20414],[1.21725,41.19122],[1.23074,41.18799],[1.23299,41.17022],[1.25324,41.17022],[1.26448,41.18314],[1.25998,41.1993],[1.23299,41.20414]]],[[[1.17227,41.19607],[1.17227,41.19284],[1.18351,41.19122],[1.17677,41.19445],[1.17227,41.19607]]],[[[1.20376,41.22676],[1.19701,41.22353],[1.206,41.22676],[1.20376,41.22676]]]]}},{"type":"Feature","id":"43104","properties":{"cod_mun":"43104","nombre":"Perelló, El","cod_prov":"43","cod_ccaa":"09"},"geometry":{"type":"Polygon","coordinates":[[[0.59649,40.9408],[0.61449,40.92464],[0.61673,40.8891],[0.65047,40.89394],[0.66397,40.86809],[0.63473,40.83901],[0.64147,40.82124],[0.65947,40.82286],[0.69096,40.85032],[0.72019,40.84224],[0.73594,40.82447],[0.75168,40.84548],[0.74493,40.85355],[0.75168,40.8891],[0.73594,40.91656],[0.7157,40.91818],[0.68421,40.9408],[0.66621,40.94403],[0.60774,40.9311],[0.59649,40.9408]]]}},{"type":"Feature","id":"43105","properties":{"cod_mun":"43105","nombre":"Piles, Les","cod_prov":"43","cod_ccaa":"09"},"geometry":{"type":"Polygon","coordinates":[[[1.31846,41.49496],[1.32746,41.46911],[1.34545,41.47072],[1.37019,41.50465],[1.39493,41.51273],[1.39718,41.51919],[1.37694,41.51919],[1.34995,41.52889],[1.33195,41.51919],[1.31846,41.49496]]]}},{"type":"Feature","id":"43106","properties":{"cod_mun":"43106","nombre":"Pinell de Brai, El","cod_prov":"43","cod_ccaa":"09"},"geometry":{"type":"Polygon","coordinates":[[[0.4413,40.99411],[0.4548,40.97796],[0.48629,40.97634],[0.50653,40.99573],[0.53577,41.00058],[0.55826,41.01512],[0.5695,41.01835],[0.54476,41.05066],[0.52677,41.06359],[0.50203,41.06035],[0.4503,41.01996],[0.45705,41.00219],[0.4413,40.99411]]]}},{"type":"Feature","id":"43111","properties":{"cod_mun":"43111","nombre":"Pobla de Montornès, La","cod_prov":"43","cod_ccaa":"09"},"geometry":{"type":"Polygon","coordinates":[[[1.38368,41.17345],[1.39493,41.16699],[1.40618,41.15891],[1.42417,41.16537],[1.41742,41.21222],[1.39493,41.20576],[1.39493,41.20414],[1.38368,41.17345]]]}},{"type":"Feature","id":"43112","properties":{"cod_mun":"43112","nombre":"Poboleda","cod_prov":"43","cod_ccaa":"09"},"geometry":{"type":"Polygon","coordinates":[[[0.81916,41.24777],[0.81691,41.23323],[0.84165,41.21222],[0.86414,41.20738],[0.86864,41.23484],[0.85064,41.25261],[0.81916,41.24777]]]}},{"type":"Feature","id":"43113","properties":{"cod_mun":"43113","nombre":"Pont d'Armentera, El","cod_prov":"43","cod_ccaa":"09"},"geometry":{"type":"Polygon","coordinates":[[[1.30497,41.42872],[1.31171,41.4061],[1.32071,41.41256],[1.3522,41.37379],[1.35445,41.36732],[1.36569,41.36086],[1.36344,41.38186],[1.37919,41.39479],[1.34995,41.4061],[1.3522,41.42872],[1.32746,41.4271],[1.32071,41.4481],[1.30497,41.42872]]]}},{"type":"Feature","id":"43114","properties":{"cod_mun":"43114","nombre":"Porrera","cod_prov":"43","cod_ccaa":"09"},"geometry":{"type":"Polygon","coordinates":[[[0.78992,41.1896],[0.81466,41.18153],[0.85064,41.18153],[0.85964,41.17022],[0.87988,41.18314],[0.87988,41.19445],[0.90462,41.19445],[0.92261,41.20253],[0.92037,41.21384],[0.91137,41.21707],[0.86414,41.20738],[0.84165,41.21222],[0.80566,41.20091],[0.78992,41.1896]]]}},{"type":"Feature","id":"43115","properties":{"cod_mun":"43115","nombre":"Pradell de la Teixeta","cod_prov":"43","cod_ccaa":"09"},"geometry":{"type":"Polygon","coordinates":[[[0.8259,41.12013],[0.83265,41.12175],[0.88888,41.13306],[0.90012,41.15406],[0.90687,41.17991],[0.87988,41.18314],[0.85964,41.17022],[0.86189,41.15568],[0.8349,41.13306],[0.8259,41.12013]]]}},{"type":"Feature","id":"43116","properties":{"cod_mun":"43116","nombre":"Prades","cod_prov":"43","cod_ccaa":"09"},"geometry":{"type":"Polygon","coordinates":[[[0.93611,41.32047],[0.94511,41.28977],[0.9721,41.29462],[1.01033,41.29139],[1.04182,41.31885],[1.06431,41.32693],[1.00583,41.32532],[1.00583,41.34632],[0.99459,41.35278],[0.97659,41.32855],[0.9496,41.31724],[0.93611,41.32047]]]}},{"type":"Feature","id":"43117","properties":{"cod_mun":"43117","nombre":"Prat de Comte","cod_prov":"43","cod_ccaa":"09"},"geometry":{"type":"Polygon","coordinates":[[[0.37158,40.94241],[0.39407,40.95534],[0.4458,40.96503],[0.4548,40.97796],[0.4413,40.99411],[0.42106,41.00704],[0.37608,40.97473],[0.37158,40.94241]]]}},{"type":"Feature","id":"43118","properties":{"cod_mun":"43118","nombre":"Pratdip","cod_prov":"43","cod_ccaa":"09"},"geometry":{"type":"Polygon","coordinates":[[[0.8349,41.05228],[0.8439,41.03127],[0.90687,41.02481],[0.92037,41.05551],[0.91362,41.08136],[0.87313,41.08459],[0.85064,41.07813],[0.85739,41.06197],[0.8349,41.05228]]]}},{"type":"Feature","id":"43134","properties":{"cod_mun":"43134","nombre":"Rourell, El","cod_prov":"43","cod_ccaa":"09"},"geometry":{"type":"Polygon","coordinates":[[[1.20376,41.22676],[1.206,41.22676],[1.2195,41.21545],[1.23299,41.21707],[1.23074,41.22676],[1.2105,41.22838],[1.20376,41.22676]]]}},{"type":"Feature","id":"43119","properties":{"cod_mun":"43119","nombre":"Puigpelat","cod_prov":"43","cod_ccaa":"09"},"geometry":{"type":"Polygon","coordinates":[[[1.26898,41.27685],[1.27348,41.27039],[1.30497,41.27039],[1.32746,41.272],[1.32521,41.28816],[1.28023,41.28977],[1.26898,41.27685]]]}},{"type":"Feature","id":"43120","properties":{"cod_mun":"43120","nombre":"Querol","cod_prov":"43","cod_ccaa":"09"},"geometry":{"type":"Polygon","coordinates":[[[1.3522,41.42872],[1.34995,41.4061],[1.37919,41.39479],[1.40618,41.39479],[1.42417,41.40287],[1.41067,41.36894],[1.43317,41.38348],[1.47365,41.38025],[1.48939,41.39964],[1.47815,41.42387],[1.49614,41.43518],[1.46915,41.44487],[1.4849,41.47234],[1.47365,41.4788],[1.43991,41.44972],[1.42192,41.44972],[1.40393,41.4368],[1.38368,41.4481],[1.3522,41.42872]]]}},{"type":"Feature","id":"43121","properties":{"cod_mun":"43121","nombre":"Rasquera","cod_prov":"43","cod_ccaa":"09"},"geometry":{"type":"Polygon","coordinates":[[[0.574,41.00058],[0.565,40.98442],[0.59199,40.95211],[0.5875,40.9408],[0.59649,40.9408],[0.60774,40.9311],[0.66621,40.94403],[0.64372,40.99573],[0.63248,41.00381],[0.62798,41.01512],[0.60549,41.02481],[0.574,41.00058]]]}},{"type":"Feature","id":"43122","properties":{"cod_mun":"43122","nombre":"Renau","cod_prov":"43","cod_ccaa":"09"},"geometry":{"type":"Polygon","coordinates":[[[1.29372,41.23646],[1.29372,41.2203],[1.31171,41.20576],[1.32746,41.19768],[1.3387,41.21384],[1.29597,41.23807],[1.29372,41.23646]]]}},{"type":"Feature","id":"43123","properties":{"cod_mun":"43123","nombre":"Reus","cod_prov":"43","cod_ccaa":"09"},"geometry":{"type":"Polygon","coordinates":[[[1.05756,41.17668],[1.06206,41.15891],[1.0823,41.14437],[1.1003,41.11367],[1.12504,41.10236],[1.12054,41.12983],[1.15203,41.12336],[1.16552,41.10882],[1.17677,41.10882],[1.16552,41.1379],[1.18801,41.12821],[1.19026,41.13144],[1.16102,41.15083],[1.14303,41.17022],[1.15652,41.17991],[1.14078,41.1896],[1.12054,41.17991],[1.10704,41.18637],[1.1003,41.17506],[1.0778,41.18314],[1.05756,41.17668]]]}},{"type":"Feature","id":"43147","properties":{"cod_mun":"43147","nombre":"Solivella","cod_prov":"43","cod_ccaa":"09"},"geometry":{"type":"Polygon","coordinates":[[[1.15427,41.48042],[1.15877,41.45457],[1.17677,41.4368],[1.19026,41.43841],[1.20825,41.44487],[1.215,41.47234],[1.19926,41.49011],[1.17901,41.4885],[1.15427,41.48042]]]}},{"type":"Feature","id":"43148","properties":{"cod_mun":"43148","nombre":"Tarragona","cod_prov":"43","cod_ccaa":"09"},"geometry":{"type":"Polygon","coordinates":[[[1.18801,41.12821],[1.20151,41.10721],[1.19026,41.10074],[1.19701,41.09267],[1.22175,41.10559],[1.224,41.09105],[1.25773,41.11367],[1.29372,41.12659],[1.3432,41.12498],[1.37244,41.13306],[1.36344,41.14598],[1.32971,41.16375],[1.31396,41.15083],[1.30497,41.16537],[1.28697,41.14598],[1.27123,41.15891],[1.23749,41.16375],[1.23749,41.15083],[1.20825,41.13144],[1.19026,41.13144],[1.18801,41.12821]]]}},{"type":"Feature","id":"43149","properties":{"cod_mun":"43149","nombre":"Tivenys","cod_prov":"43","cod_ccaa":"09"},"geometry":{"type":"Polygon","coordinates":[[[0.49078,40.92464],[0.50878,40.90687],[0.48629,40.89879],[0.49753,40.89233],[0.50653,40.88425],[0.53802,40.89071],[0.56051,40.88748],[0.60324,40.89718],[0.61673,40.8891],[0.61449,40.92464],[0.59649,40.9408],[0.5875,40.9408],[0.55151,40.94726],[0.49303,40.9311],[0.49078,40.92464]]]}},{"type":"Feature","id":"43124","properties":{"cod_mun":"43124","nombre":"Riba, La","cod_prov":"43","cod_ccaa":"09"},"geometry":{"type":"Polygon","coordinates":[[[1.14303,41.3027],[1.17452,41.28977],[1.19476,41.30593],[1.19026,41.31562],[1.18351,41.32047],[1.15203,41.31078],[1.14528,41.30916],[1.14303,41.3027]]]}},{"type":"Feature","id":"43125","properties":{"cod_mun":"43125","nombre":"Riba-roja d'Ebre","cod_prov":"43","cod_ccaa":"09"},"geometry":{"type":"Polygon","coordinates":[[[0.38058,41.23646],[0.36708,41.20738],[0.38957,41.21384],[0.40307,41.21707],[0.43006,41.22838],[0.4593,41.21222],[0.4593,41.20414],[0.49528,41.19607],[0.49528,41.19768],[0.48179,41.22192],[0.50653,41.23969],[0.50203,41.28977],[0.47954,41.32209],[0.46154,41.33501],[0.43456,41.32047],[0.43231,41.27685],[0.38507,41.27846],[0.37383,41.24454],[0.38058,41.23646]]]}},{"type":"Feature","id":"43126","properties":{"cod_mun":"43126","nombre":"Riera de Gaià, La","cod_prov":"43","cod_ccaa":"09"},"geometry":{"type":"Polygon","coordinates":[[[1.32971,41.16375],[1.36344,41.14598],[1.37919,41.17022],[1.36569,41.17668],[1.35445,41.17668],[1.34095,41.17345],[1.32971,41.16375]]]}},{"type":"Feature","id":"43127","properties":{"cod_mun":"43127","nombre":"Riudecanyes","cod_prov":"43","cod_ccaa":"09"},"geometry":{"type":"Polygon","coordinates":[[[0.91362,41.12498],[0.94061,41.12498],[0.96985,41.11044],[0.97434,41.11529],[0.98109,41.13306],[0.98784,41.14598],[0.9541,41.15891],[0.94061,41.14114],[0.92486,41.13952],[0.91362,41.12498]]]}},{"type":"Feature","id":"43131","properties":{"cod_mun":"43131","nombre":"Roda de Berà","cod_prov":"43","cod_ccaa":"09"},"geometry":{"type":"Polygon","coordinates":[[[1.43766,41.20253],[1.43541,41.17506],[1.45791,41.17345],[1.46015,41.16375],[1.49614,41.17345],[1.4759,41.20899],[1.43766,41.20253]]]}},{"type":"Feature","id":"43132","properties":{"cod_mun":"43132","nombre":"Rodonyà","cod_prov":"43","cod_ccaa":"09"},"geometry":{"type":"Polygon","coordinates":[[[1.38593,41.28654],[1.39043,41.26392],[1.39943,41.26392],[1.40843,41.27523],[1.43991,41.272],[1.43541,41.28654],[1.39943,41.293],[1.38593,41.28654]]]}},{"type":"Feature","id":"43133","properties":{"cod_mun":"43133","nombre":"Roquetes","cod_prov":"43","cod_ccaa":"09"},"geometry":{"type":"Polygon","coordinates":[[[0.27712,40.77277],[0.29286,40.75015],[0.31085,40.74531],[0.32885,40.76146],[0.38507,40.76308],[0.41206,40.74046],[0.44355,40.73723],[0.46829,40.73723],[0.47729,40.78247],[0.49528,40.78893],[0.51103,40.80993],[0.50203,40.8277],[0.46154,40.82932],[0.41881,40.84548],[0.40757,40.82609],[0.36258,40.81963],[0.3266,40.80347],[0.31985,40.81316],[0.28162,40.80024],[0.30411,40.78085],[0.27712,40.77277]]]}},{"type":"Feature","id":"43150","properties":{"cod_mun":"43150","nombre":"Tivissa","cod_prov":"43","cod_ccaa":"09"},"geometry":{"type":"Polygon","coordinates":[[[0.63248,41.00381],[0.64372,40.99573],[0.66621,40.94403],[0.68421,40.9408],[0.69995,40.94403],[0.74044,40.93918],[0.75168,40.93272],[0.81916,40.9408],[0.77417,40.99573],[0.78542,41.02481],[0.81691,41.06197],[0.8349,41.05228],[0.85739,41.06197],[0.85064,41.07813],[0.87313,41.08459],[0.8439,41.09913],[0.8259,41.09751],[0.81466,41.06682],[0.79217,41.07166],[0.76743,41.09267],[0.76068,41.08459],[0.73144,41.10398],[0.71345,41.10559],[0.6977,41.10398],[0.68421,41.07651],[0.65722,41.06682],[0.65722,41.0652],[0.65047,41.05066],[0.66397,41.04097],[0.65047,41.00542],[0.63248,41.00381]]]}},{"type":"Feature","id":"43151","properties":{"cod_mun":"43151","nombre":"Torre de Fontaubella, La","cod_prov":"43","cod_ccaa":"09"},"geometry":{"type":"Polygon","coordinates":[[[0.83265,41.12175],[0.85289,41.11044],[0.88438,41.1169],[0.88888,41.13306],[0.83265,41.12175]]]}},{"type":"Feature","id":"43152","properties":{"cod_mun":"43152","nombre":"Torre de l'Espanyol, La","cod_prov":"43","cod_ccaa":"09"},"geometry":{"type":"Polygon","coordinates":[[[0.61898,41.17829],[0.65947,41.18476],[0.66621,41.1896],[0.70445,41.21545],[0.68646,41.22999],[0.64822,41.22515],[0.62573,41.21545],[0.60549,41.18799],[0.61898,41.17829]]]}},{"type":"Feature","id":"43135","properties":{"cod_mun":"43135","nombre":"Salomó","cod_prov":"43","cod_ccaa":"09"},"geometry":{"type":"Polygon","coordinates":[[[1.35445,41.22515],[1.39043,41.2203],[1.41292,41.2413],[1.37019,41.24292],[1.3567,41.25423],[1.3342,41.23807],[1.35445,41.22515]]]}},{"type":"Feature","id":"43136","properties":{"cod_mun":"43136","nombre":"Ràpita, La","cod_prov":"43","cod_ccaa":"09"},"geometry":{"type":"MultiPolygon","coordinates":[[[[0.66397,40.62575],[0.62798,40.65322],[0.60099,40.64191],[0.57625,40.64837],[0.53802,40.64675],[0.54476,40.63221],[0.574,40.61767],[0.58075,40.60313],[0.60099,40.62252],[0.66397,40.62575]]],[[[0.74493,40.63544],[0.7067,40.59021],[0.65947,40.59182],[0.64822,40.57243],[0.61673,40.58536],[0.61673,40.57728],[0.59199,40.57728],[0.60099,40.56113],[0.62348,40.55143],[0.67746,40.56436],[0.7067,40.58536],[0.74943,40.63544],[0.74493,40.63544]]]]}},{"type":"Feature","id":"43137","properties":{"cod_mun":"43137","nombre":"Sant Jaume dels Domenys","cod_prov":"43","cod_ccaa":"09"},"geometry":{"type":"Polygon","coordinates":[[[1.52088,41.31724],[1.51863,41.28977],[1.52988,41.27846],[1.53438,41.293],[1.55012,41.29785],[1.56811,41.28331],[1.58835,41.28493],[1.59285,41.293],[1.5951,41.30916],[1.57261,41.31724],[1.55912,41.34309],[1.53887,41.32209],[1.52088,41.31724]]]}},{"type":"Feature","id":"43138","properties":{"cod_mun":"43138","nombre":"Santa Bàrbara","cod_prov":"43","cod_ccaa":"09"},"geometry":{"type":"Polygon","coordinates":[[[0.42781,40.72107],[0.4503,40.70653],[0.48404,40.70007],[0.50428,40.7033],[0.54251,40.74531],[0.50653,40.73884],[0.46829,40.73723],[0.44355,40.73723],[0.42781,40.72107]]]}},{"type":"Feature","id":"43139","properties":{"cod_mun":"43139","nombre":"Santa Coloma de Queralt","cod_prov":"43","cod_ccaa":"09"},"geometry":{"type":"Polygon","coordinates":[[[1.31396,41.52727],[1.33195,41.51919],[1.34995,41.52889],[1.37694,41.51919],[1.39718,41.51919],[1.40843,41.53535],[1.44891,41.53696],[1.44666,41.55312],[1.43092,41.55635],[1.45341,41.56928],[1.41967,41.5822],[1.39268,41.57574],[1.40393,41.55797],[1.39268,41.55635],[1.36344,41.53858],[1.34545,41.53535],[1.32521,41.54343],[1.31396,41.52727]]]}},{"type":"Feature","id":"43140","properties":{"cod_mun":"43140","nombre":"Santa Oliva","cod_prov":"43","cod_ccaa":"09"},"geometry":{"type":"MultiPolygon","coordinates":[[[[1.53662,41.25746],[1.52763,41.2413],[1.54337,41.22838],[1.56586,41.25746],[1.53662,41.25746]]],[[[1.52763,41.27039],[1.50514,41.26554],[1.52763,41.26069],[1.52763,41.27039]]]]}},{"type":"Feature","id":"43141","properties":{"cod_mun":"43141","nombre":"Pontils","cod_prov":"43","cod_ccaa":"09"},"geometry":{"type":"Polygon","coordinates":[[[1.32071,41.4481],[1.32746,41.4271],[1.3522,41.42872],[1.38368,41.4481],[1.40393,41.4368],[1.42192,41.44972],[1.43991,41.44972],[1.47365,41.4788],[1.47365,41.48688],[1.45116,41.48688],[1.39493,41.51273],[1.37019,41.50465],[1.34545,41.47072],[1.32746,41.46911],[1.32071,41.4481]]]}},{"type":"Feature","id":"43142","properties":{"cod_mun":"43142","nombre":"Sarral","cod_prov":"43","cod_ccaa":"09"},"geometry":{"type":"Polygon","coordinates":[[[1.20825,41.44487],[1.25548,41.41741],[1.28247,41.41741],[1.30497,41.42872],[1.32071,41.4481],[1.32746,41.46911],[1.31846,41.49496],[1.29147,41.4885],[1.27798,41.47072],[1.25099,41.45941],[1.25324,41.48042],[1.215,41.47234],[1.20825,41.44487]]]}},{"type":"Feature","id":"43158","properties":{"cod_mun":"43158","nombre":"Vallclara","cod_prov":"43","cod_ccaa":"09"},"geometry":{"type":"Polygon","coordinates":[[[0.96535,41.35924],[0.99459,41.35278],[1.00583,41.34632],[1.01483,41.3544],[1.01483,41.3851],[0.99459,41.39156],[0.98109,41.39156],[0.96535,41.35924]]]}},{"type":"Feature","id":"43143","properties":{"cod_mun":"43143","nombre":"Savallà del Comtat","cod_prov":"43","cod_ccaa":"09"},"geometry":{"type":"Polygon","coordinates":[[[1.24199,41.54181],[1.31396,41.52727],[1.32521,41.54343],[1.25998,41.55958],[1.24199,41.54181]]]}},{"type":"Feature","id":"43144","properties":{"cod_mun":"43144","nombre":"Secuita, La","cod_prov":"43","cod_ccaa":"09"},"geometry":{"type":"Polygon","coordinates":[[[1.24199,41.22192],[1.25998,41.1993],[1.26448,41.18314],[1.28023,41.17506],[1.28472,41.20091],[1.31171,41.20576],[1.29372,41.2203],[1.29372,41.23646],[1.26898,41.23323],[1.24199,41.22192]]]}},{"type":"Feature","id":"43145","properties":{"cod_mun":"43145","nombre":"Selva del Camp, La","cod_prov":"43","cod_ccaa":"09"},"geometry":{"type":"Polygon","coordinates":[[[1.07106,41.22999],[1.0913,41.21707],[1.11604,41.19768],[1.12054,41.17991],[1.14078,41.1896],[1.15652,41.17991],[1.17227,41.19284],[1.17227,41.19607],[1.17677,41.20091],[1.18351,41.21384],[1.17227,41.22353],[1.15427,41.23161],[1.11154,41.23969],[1.0958,41.22999],[1.07106,41.22999]]]}},{"type":"Feature","id":"43146","properties":{"cod_mun":"43146","nombre":"Senan","cod_prov":"43","cod_ccaa":"09"},"geometry":{"type":"Polygon","coordinates":[[[1.03732,41.49819],[1.04857,41.48688],[1.03732,41.48042],[1.07556,41.45941],[1.10704,41.46749],[1.1003,41.47557],[1.03732,41.49819]]]}},{"type":"Feature","id":"43153","properties":{"cod_mun":"43153","nombre":"Torredembarra","cod_prov":"43","cod_ccaa":"09"},"geometry":{"type":"Polygon","coordinates":[[[1.39043,41.13306],[1.43991,41.15568],[1.42417,41.16537],[1.40618,41.15891],[1.39493,41.16699],[1.38593,41.14114],[1.39043,41.13306]]]}},{"type":"Feature","id":"43154","properties":{"cod_mun":"43154","nombre":"Torroja del Priorat","cod_prov":"43","cod_ccaa":"09"},"geometry":{"type":"Polygon","coordinates":[[[0.77867,41.21061],[0.80566,41.20091],[0.84165,41.21222],[0.81691,41.23323],[0.81916,41.24777],[0.80116,41.23969],[0.77867,41.21061]]]}},{"type":"Feature","id":"43155","properties":{"cod_mun":"43155","nombre":"Tortosa","cod_prov":"43","cod_ccaa":"09"},"geometry":{"type":"MultiPolygon","coordinates":[[[[0.25687,40.80024],[0.23213,40.77923],[0.27262,40.77923],[0.27712,40.77277],[0.30411,40.78085],[0.28162,40.80024],[0.31985,40.81316],[0.3086,40.81801],[0.25687,40.80024]]],[[[0.50653,40.88425],[0.51327,40.85678],[0.46829,40.84871],[0.41656,40.85517],[0.41881,40.84548],[0.46154,40.82932],[0.50203,40.8277],[0.51103,40.80993],[0.49528,40.78893],[0.47729,40.78247],[0.46829,40.73723],[0.50653,40.73884],[0.54251,40.74531],[0.55151,40.74369],[0.56725,40.74854],[0.574,40.73238],[0.5875,40.73561],[0.5875,40.75177],[0.60999,40.76308],[0.60774,40.8067],[0.61449,40.81316],[0.64147,40.82124],[0.63473,40.83901],[0.66397,40.86809],[0.65047,40.89394],[0.61673,40.8891],[0.60324,40.89718],[0.56051,40.88748],[0.53802,40.89071],[0.50653,40.88425]]],[[[0.41881,40.84548],[0.36258,40.8277],[0.3266,40.80347],[0.36258,40.81963],[0.40757,40.82609],[0.41881,40.84548]]]]}},{"type":"Feature","id":"43156","properties":{"cod_mun":"43156","nombre":"Ulldecona","cod_prov":"43","cod_ccaa":"09"},"geometry":{"type":"Polygon","coordinates":[[[0.32885,40.61121],[0.39182,40.60475],[0.41656,40.58859],[0.42331,40.58374],[0.44355,40.5789],[0.43231,40.56597],[0.43905,40.54658],[0.47279,40.55466],[0.48404,40.56759],[0.50878,40.56274],[0.52002,40.57728],[0.52452,40.60636],[0.54251,40.63221],[0.51327,40.63868],[0.48853,40.6516],[0.47954,40.63868],[0.4458,40.62413],[0.42556,40.63868],[0.43905,40.65645],[0.40082,40.67422],[0.40532,40.6823],[0.38507,40.69522],[0.35134,40.65968],[0.35809,40.64675],[0.32885,40.61121]]]}},{"type":"Feature","id":"43157","properties":{"cod_mun":"43157","nombre":"Ulldemolins","cod_prov":"43","cod_ccaa":"09"},"geometry":{"type":"Polygon","coordinates":[[[0.79891,41.31239],[0.80566,41.30431],[0.86414,41.30431],[0.88663,41.29785],[0.90687,41.32693],[0.90462,41.34794],[0.86414,41.33824],[0.8439,41.36248],[0.8304,41.35924],[0.81241,41.32693],[0.79891,41.31239]]]}},{"type":"Feature","id":"43159","properties":{"cod_mun":"43159","nombre":"Vallfogona de Riucorb","cod_prov":"43","cod_ccaa":"09"},"geometry":{"type":"Polygon","coordinates":[[[1.2105,41.54827],[1.23524,41.54181],[1.24199,41.54181],[1.25998,41.55958],[1.25773,41.56766],[1.2195,41.56928],[1.2105,41.54827]]]}},{"type":"Feature","id":"43160","properties":{"cod_mun":"43160","nombre":"Vallmoll","cod_prov":"43","cod_ccaa":"09"},"geometry":{"type":"Polygon","coordinates":[[[1.23074,41.2413],[1.23074,41.22676],[1.23299,41.21707],[1.23299,41.21545],[1.24199,41.22192],[1.26898,41.23323],[1.27798,41.25261],[1.27348,41.27039],[1.26898,41.27685],[1.25773,41.26554],[1.23749,41.26715],[1.23074,41.2413]]]}},{"type":"Feature","id":"43161","properties":{"cod_mun":"43161","nombre":"Valls","cod_prov":"43","cod_ccaa":"09"},"geometry":{"type":"Polygon","coordinates":[[[1.19026,41.31562],[1.19476,41.30593],[1.19476,41.28493],[1.206,41.28008],[1.21275,41.26069],[1.22175,41.24938],[1.23074,41.2413],[1.23749,41.26715],[1.25773,41.26554],[1.26898,41.27685],[1.28023,41.28977],[1.28922,41.31239],[1.27573,41.31885],[1.28247,41.33986],[1.24199,41.33501],[1.22175,41.34309],[1.19701,41.32855],[1.19026,41.31562]]]}},{"type":"Feature","id":"43162","properties":{"cod_mun":"43162","nombre":"Vandellòs i l'Hospitalet de l'Infant","cod_prov":"43","cod_ccaa":"09"},"geometry":{"type":"Polygon","coordinates":[[[0.81916,40.9408],[0.85739,40.93434],[0.90012,40.97634],[0.93161,40.99088],[0.92486,40.9925],[0.90687,41.02481],[0.8439,41.03127],[0.8349,41.05228],[0.81691,41.06197],[0.78542,41.02481],[0.77417,40.99573],[0.81916,40.9408]]]}},{"type":"Feature","id":"43163","properties":{"cod_mun":"43163","nombre":"Vendrell, El","cod_prov":"43","cod_ccaa":"09"},"geometry":{"type":"Polygon","coordinates":[[[1.4759,41.20899],[1.49614,41.17345],[1.56811,41.18637],[1.55912,41.21222],[1.54337,41.22838],[1.52763,41.2413],[1.50964,41.23807],[1.49389,41.21869],[1.4759,41.20899]]]}},{"type":"Feature","id":"43164","properties":{"cod_mun":"43164","nombre":"Vespella de Gaià","cod_prov":"43","cod_ccaa":"09"},"geometry":{"type":"Polygon","coordinates":[[[1.32746,41.19768],[1.3432,41.18476],[1.34095,41.17345],[1.35445,41.17668],[1.36569,41.18476],[1.39493,41.20414],[1.39493,41.20576],[1.39043,41.2203],[1.35445,41.22515],[1.3387,41.21384],[1.32746,41.19768]]]}},{"type":"Feature","id":"43165","properties":{"cod_mun":"43165","nombre":"Vilabella","cod_prov":"43","cod_ccaa":"09"},"geometry":{"type":"Polygon","coordinates":[[[1.29597,41.23807],[1.3387,41.21384],[1.35445,41.22515],[1.3342,41.23807],[1.3567,41.25423],[1.3522,41.26392],[1.32746,41.272],[1.30497,41.27039],[1.31621,41.25423],[1.29597,41.23807]]]}},{"type":"Feature","id":"43166","properties":{"cod_mun":"43166","nombre":"Vilallonga del Camp","cod_prov":"43","cod_ccaa":"09"},"geometry":{"type":"Polygon","coordinates":[[[1.17227,41.22353],[1.18351,41.21384],[1.17677,41.20091],[1.17677,41.19607],[1.18576,41.19445],[1.19026,41.19284],[1.19251,41.19284],[1.2195,41.21545],[1.206,41.22676],[1.19701,41.22353],[1.17227,41.22353]]]}},{"type":"Feature","id":"43167","properties":{"cod_mun":"43167","nombre":"Vilanova d'Escornalbou","cod_prov":"43","cod_ccaa":"09"},"geometry":{"type":"Polygon","coordinates":[[[0.89563,41.10882],[0.91362,41.08136],[0.93386,41.08136],[0.94061,41.10398],[0.97659,41.09913],[0.96985,41.11044],[0.94061,41.12498],[0.91362,41.12498],[0.89563,41.10882]]]}},{"type":"Feature","id":"43168","properties":{"cod_mun":"43168","nombre":"Vilanova de Prades","cod_prov":"43","cod_ccaa":"09"},"geometry":{"type":"Polygon","coordinates":[[[0.90462,41.34794],[0.90687,41.32693],[0.93611,41.32047],[0.9496,41.31724],[0.97659,41.32855],[0.99459,41.35278],[0.96535,41.35924],[0.95185,41.35117],[0.90462,41.34794]]]}},{"type":"Feature","id":"43169","properties":{"cod_mun":"43169","nombre":"Vilaplana","cod_prov":"43","cod_ccaa":"09"},"geometry":{"type":"Polygon","coordinates":[[[0.99234,41.23969],[1.01033,41.23323],[1.03507,41.22192],[1.05981,41.23807],[1.06206,41.24938],[1.08905,41.26392],[1.05306,41.26877],[1.03957,41.27523],[1.01483,41.25908],[0.99684,41.25746],[0.99234,41.23969]]]}},{"type":"Feature","id":"43170","properties":{"cod_mun":"43170","nombre":"Vila-rodona","cod_prov":"43","cod_ccaa":"09"},"geometry":{"type":"Polygon","coordinates":[[[1.31396,41.30431],[1.3477,41.28977],[1.35894,41.28654],[1.38593,41.28654],[1.39943,41.293],[1.42642,41.30916],[1.40168,41.32532],[1.37919,41.33178],[1.3522,41.31885],[1.3387,41.33016],[1.33195,41.33339],[1.31396,41.30431]]]}},{"type":"Feature","id":"43171","properties":{"cod_mun":"43171","nombre":"Vila-seca","cod_prov":"43","cod_ccaa":"09"},"geometry":{"type":"Polygon","coordinates":[[[1.09355,41.10398],[1.1003,41.0862],[1.12054,41.09428],[1.15203,41.09428],[1.17002,41.08459],[1.18126,41.06682],[1.19701,41.09267],[1.19026,41.10074],[1.16552,41.10882],[1.15203,41.12336],[1.12054,41.12983],[1.12504,41.10236],[1.1003,41.11367],[1.09355,41.10398]]]}},{"type":"Feature","id":"43172","properties":{"cod_mun":"43172","nombre":"Vilaverd","cod_prov":"43","cod_ccaa":"09"},"geometry":{"type":"Polygon","coordinates":[[[1.15203,41.31078],[1.18351,41.32047],[1.18801,41.34632],[1.17227,41.35763],[1.15203,41.35601],[1.15203,41.33663],[1.14078,41.31885],[1.15203,41.31078]]]}},{"type":"Feature","id":"43173","properties":{"cod_mun":"43173","nombre":"Vilella Alta, La","cod_prov":"43","cod_ccaa":"09"},"geometry":{"type":"Polygon","coordinates":[[[0.76967,41.23646],[0.77192,41.21707],[0.77867,41.21061],[0.80116,41.23969],[0.78092,41.251],[0.76967,41.23807],[0.76967,41.23646]]]}},{"type":"Feature","id":"43174","properties":{"cod_mun":"43174","nombre":"Vilella Baixa, La","cod_prov":"43","cod_ccaa":"09"},"geometry":{"type":"Polygon","coordinates":[[[0.73819,41.22999],[0.74493,41.21222],[0.75843,41.20576],[0.77192,41.21707],[0.76967,41.23646],[0.73819,41.22999]]]}},{"type":"Feature","id":"43175","properties":{"cod_mun":"43175","nombre":"Vilalba dels Arcs","cod_prov":"43","cod_ccaa":"09"},"geometry":{"type":"Polygon","coordinates":[[[0.34459,41.15406],[0.33784,41.12175],[0.38058,41.11205],[0.41656,41.10236],[0.45705,41.1379],[0.46829,41.13952],[0.43231,41.17506],[0.42331,41.17345],[0.40307,41.21707],[0.38957,41.21384],[0.39632,41.20899],[0.37833,41.17183],[0.36033,41.14921],[0.34459,41.15406]]]}},{"type":"Feature","id":"43176","properties":{"cod_mun":"43176","nombre":"Vimbodí i Poblet","cod_prov":"43","cod_ccaa":"09"},"geometry":{"type":"Polygon","coordinates":[[[0.99459,41.39156],[1.01483,41.3851],[1.01483,41.3544],[1.00583,41.34632],[1.00583,41.32532],[1.06431,41.32693],[1.0868,41.34147],[1.0958,41.35924],[1.06881,41.40933],[1.07106,41.42387],[1.05531,41.44164],[1.04632,41.44003],[1.02832,41.40933],[1.00358,41.40448],[0.99459,41.39156]]]}},{"type":"Feature","id":"43177","properties":{"cod_mun":"43177","nombre":"Vinebre","cod_prov":"43","cod_ccaa":"09"},"geometry":{"type":"Polygon","coordinates":[[[0.57625,41.21384],[0.583,41.18153],[0.60549,41.17183],[0.61898,41.17829],[0.60549,41.18799],[0.62573,41.21545],[0.64822,41.22515],[0.68646,41.22999],[0.68421,41.24454],[0.65497,41.24454],[0.63023,41.23323],[0.61673,41.24454],[0.59199,41.21707],[0.57625,41.21384]]]}},{"type":"Feature","id":"43178","properties":{"cod_mun":"43178","nombre":"Vinyols i els Arcs","cod_prov":"43","cod_ccaa":"09"},"geometry":{"type":"Polygon","coordinates":[[[1.02607,41.12175],[1.03057,41.11529],[1.06206,41.07328],[1.07106,41.07813],[1.0823,41.10074],[1.07106,41.09751],[1.03732,41.12821],[1.02607,41.12175]]]}},{"type":"Feature","id":"43901","properties":{"cod_mun":"43901","nombre":"Deltebre","cod_prov":"43","cod_ccaa":"09"},"geometry":{"type":"Polygon","coordinates":[[[0.59874,40.70815],[0.61898,40.70653],[0.67521,40.72107],[0.68871,40.71299],[0.75168,40.70976],[0.79441,40.69361],[0.84165,40.71461],[0.87313,40.71946],[0.85514,40.73723],[0.84165,40.73077],[0.8214,40.74046],[0.76743,40.79216],[0.73369,40.79216],[0.78317,40.77116],[0.76293,40.76146],[0.72919,40.76954],[0.72019,40.77923],[0.7022,40.76954],[0.64147,40.73561],[0.59874,40.70815]]]}},{"type":"Feature","id":"43902","properties":{"cod_mun":"43902","nombre":"Sant Jaume d'Enveja","cod_prov":"43","cod_ccaa":"09"},"geometry":{"type":"Polygon","coordinates":[[[0.67521,40.72107],[0.67971,40.70007],[0.74493,40.67099],[0.79441,40.65645],[0.84839,40.67907],[0.86639,40.69522],[0.87313,40.71946],[0.84165,40.71461],[0.79441,40.69361],[0.75168,40.70976],[0.68871,40.71299],[0.67521,40.72107]]]}},{"type":"Feature","id":"43903","properties":{"cod_mun":"43903","nombre":"Camarles","cod_prov":"43","cod_ccaa":"09"},"geometry":{"type":"Polygon","coordinates":[[[0.61449,40.81316],[0.64147,40.74692],[0.64147,40.73561],[0.7022,40.76954],[0.67521,40.78085],[0.64147,40.82124],[0.61449,40.81316]]]}},{"type":"Feature","id":"43907","properties":{"cod_mun":"43907","nombre":"Canonja, La","cod_prov":"43","cod_ccaa":"09"},"geometry":{"type":"Polygon","coordinates":[[[1.16552,41.10882],[1.19026,41.10074],[1.20151,41.10721],[1.18801,41.12821],[1.16552,41.1379],[1.17677,41.10882],[1.16552,41.10882]]]}},{"type":"Feature","id":"43904","properties":{"cod_mun":"43904","nombre":"Aldea, L'","cod_prov":"43","cod_ccaa":"09"},"geometry":{"type":"Polygon","coordinates":[[[0.574,40.73238],[0.5785,40.71623],[0.59874,40.70815],[0.64147,40.73561],[0.64147,40.74692],[0.61449,40.81316],[0.60774,40.8067],[0.60999,40.76308],[0.5875,40.75177],[0.5875,40.73561],[0.574,40.73238]]]}},{"type":"Feature","id":"43905","properties":{"cod_mun":"43905","nombre":"Salou","cod_prov":"43","cod_ccaa":"09"},"geometry":{"type":"Polygon","coordinates":[[[1.1003,41.0862],[1.11829,41.07328],[1.14303,41.07166],[1.17227,41.05551],[1.18126,41.06682],[1.17002,41.08459],[1.15203,41.09428],[1.12054,41.09428],[1.1003,41.0862]]]}},{"type":"Feature","id":"43906","properties":{"cod_mun":"43906","nombre":"Ampolla, L'","cod_prov":"43","cod_ccaa":"09"},"geometry":{"type":"Polygon","coordinates":[[[0.64147,40.82124],[0.67521,40.78085],[0.7022,40.76954],[0.72019,40.77923],[0.69995,40.80024],[0.73594,40.82447],[0.72019,40.84224],[0.69096,40.85032],[0.65947,40.82286],[0.64147,40.82124]]]}}]}