{"type":"FeatureCollection","features":[{"type":"Feature","id":"10187","properties":{"cod_mun":"10187","nombre":"Torre de Don Miguel","cod_prov":"10","cod_ccaa":"11"},"geometry":{"type":"Polygon","coordinates":[[[-6.5872,40.20407],[-6.53772,40.21053],[-6.53547,40.22346],[-6.56921,40.238],[-6.5917,40.22507],[-6.5872,40.20407]]]}},{"type":"Feature","id":"10188","properties":{"cod_mun":"10188","nombre":"Torre de Santa María","cod_prov":"10","cod_ccaa":"11"},"geometry":{"type":"Polygon","coordinates":[[[-6.13288,39.26378],[-6.11938,39.24277],[-6.10364,39.23308],[-6.0789,39.23308],[-6.07665,39.22177],[-6.07215,39.22015],[-6.0699,39.25408],[-6.09464,39.27993],[-6.11714,39.26216],[-6.13288,39.26378]]]}},{"type":"Feature","id":"06119","properties":{"cod_mun":"06119","nombre":"San Pedro de Mérida","cod_prov":"06","cod_ccaa":"11"},"geometry":{"type":"Polygon","coordinates":[[[-6.2071,38.9455],[-6.18461,38.92934],[-6.15987,38.94227],[-6.16437,38.95358],[-6.15087,38.99074],[-6.19361,38.98104],[-6.21385,38.9665],[-6.2071,38.9455]]]}},{"type":"Feature","id":"06115","properties":{"cod_mun":"06115","nombre":"Roca de la Sierra, La","cod_prov":"06","cod_ccaa":"11"},"geometry":{"type":"Polygon","coordinates":[[[-6.63668,39.04567],[-6.61869,39.06505],[-6.58495,39.08444],[-6.56921,39.1216],[-6.58045,39.11999],[-6.74689,39.13937],[-6.73339,39.1216],[-6.74689,39.07475],[-6.72215,39.05698],[-6.63668,39.04567]]]}},{"type":"Feature","id":"06001","properties":{"cod_mun":"06001","nombre":"Acedera","cod_prov":"06","cod_ccaa":"11"},"geometry":{"type":"Polygon","coordinates":[[[-5.67181,39.0796],[-5.65607,39.0699],[-5.63357,39.04082],[-5.60883,39.02789],[-5.59984,39.01174],[-5.58409,39.01012],[-5.5616,39.04567],[-5.53911,39.06182],[-5.51887,39.06344],[-5.51437,39.06829],[-5.53911,39.08767],[-5.56385,39.08929],[-5.5616,39.10383],[-5.5796,39.1426],[-5.60209,39.12806],[-5.58409,39.11837],[-5.60434,39.1006],[-5.64707,39.10221],[-5.67181,39.0796]]]}},{"type":"Feature","id":"06005","properties":{"cod_mun":"06005","nombre":"Albuera, La","cod_prov":"06","cod_ccaa":"11"},"geometry":{"type":"Polygon","coordinates":[[[-6.8391,38.71446],[-6.83236,38.69346],[-6.80312,38.687],[-6.78063,38.69346],[-6.75813,38.70962],[-6.76488,38.73224],[-6.78288,38.73547],[-6.80986,38.72577],[-6.82786,38.729],[-6.8391,38.71446]]]}},{"type":"Feature","id":"06006","properties":{"cod_mun":"06006","nombre":"Alburquerque","cod_prov":"06","cod_ccaa":"11"},"geometry":{"type":"Polygon","coordinates":[[[-7.17197,39.17976],[-7.13149,39.16522],[-7.14049,39.15068],[-7.14498,39.10868],[-7.1045,39.09898],[-7.05277,39.11837],[-7.02803,39.11514],[-6.9808,39.08767],[-6.95831,39.05374],[-6.96505,39.04244],[-6.92457,39.0392],[-6.89983,39.05698],[-6.89758,39.09252],[-6.89083,39.10706],[-6.87509,39.11837],[-6.86609,39.17007],[-6.81211,39.16684],[-6.78962,39.17815],[-6.76713,39.18784],[-6.79862,39.22015],[-6.80087,39.23954],[-6.77838,39.26539],[-6.76038,39.2767],[-6.74914,39.32517],[-6.77163,39.3284],[-6.79637,39.34456],[-6.79187,39.36718],[-6.80312,39.3898],[-6.8571,39.38818],[-6.88409,39.38333],[-6.87284,39.32679],[-6.88409,39.30094],[-6.90883,39.30578],[-6.95381,39.28478],[-7.03478,39.31386],[-7.04377,39.32679],[-7.07751,39.31063],[-7.1,39.28801],[-7.10225,39.24762],[-7.11125,39.23954],[-7.15623,39.24762],[-7.12924,39.21531],[-7.13824,39.19754],[-7.17197,39.17976]]]}},{"type":"Feature","id":"06007","properties":{"cod_mun":"06007","nombre":"Alconchel","cod_prov":"06","cod_ccaa":"11"},"geometry":{"type":"Polygon","coordinates":[[[-7.31142,38.51574],[-7.31817,38.47535],[-7.29792,38.47373],[-7.27318,38.47535],[-7.26194,38.46566],[-7.23495,38.46081],[-7.21246,38.4705],[-7.19671,38.46243],[-7.16972,38.47212],[-7.14723,38.46727],[-7.12474,38.47373],[-7.09775,38.44788],[-7.07076,38.43658],[-7.04152,38.44465],[-7.02353,38.43981],[-6.99654,38.44788],[-6.99204,38.45758],[-7.01004,38.48666],[-7.02353,38.51736],[-7.04602,38.54805],[-7.06626,38.57229],[-7.12024,38.57552],[-7.13149,38.58683],[-7.14723,38.58521],[-7.16748,38.59652],[-7.22595,38.61106],[-7.25969,38.60622],[-7.26194,38.59491],[-7.2417,38.58521],[-7.2327,38.55128],[-7.21696,38.54321],[-7.22145,38.5319],[-7.25069,38.51089],[-7.27543,38.50443],[-7.31142,38.51574]]]}},{"type":"Feature","id":"06027","properties":{"cod_mun":"06027","nombre":"Calzadilla de los Barros","cod_prov":"06","cod_ccaa":"11"},"geometry":{"type":"Polygon","coordinates":[[[-6.37129,38.29925],[-6.3263,38.2944],[-6.30831,38.27663],[-6.28357,38.28148],[-6.26333,38.30086],[-6.25883,38.31379],[-6.30381,38.35256],[-6.31281,38.36226],[-6.3308,38.35418],[-6.35554,38.32833],[-6.37129,38.29925]]]}},{"type":"Feature","id":"06028","properties":{"cod_mun":"06028","nombre":"Campanario","cod_prov":"06","cod_ccaa":"11"},"geometry":{"type":"MultiPolygon","coordinates":[[[[-5.76852,38.84856],[-5.76177,38.83725],[-5.79326,38.79524],[-5.77077,38.79524],[-5.76627,38.82594],[-5.73478,38.81625],[-5.73478,38.78878],[-5.71679,38.78232],[-5.69205,38.78394],[-5.69205,38.80655],[-5.67856,38.82594],[-5.70555,38.81625],[-5.70555,38.82594],[-5.73254,38.84371],[-5.76852,38.84856]]],[[[-5.67406,38.88572],[-5.6898,38.86956],[-5.67856,38.82594],[-5.65607,38.80494],[-5.63133,38.79848],[-5.59984,38.80171],[-5.5616,38.82594],[-5.54586,38.82756],[-5.51212,38.85664],[-5.48288,38.9148],[-5.50987,38.97943],[-5.52112,38.98912],[-5.55036,38.97943],[-5.5616,38.99074],[-5.59084,38.98912],[-5.60434,38.96004],[-5.58859,38.92126],[-5.60209,38.90834],[-5.65607,38.90026],[-5.67406,38.88572]]]]}},{"type":"Feature","id":"06002","properties":{"cod_mun":"06002","nombre":"Aceuchal","cod_prov":"06","cod_ccaa":"11"},"geometry":{"type":"Polygon","coordinates":[[[-6.54222,38.69023],[-6.54222,38.66923],[-6.51523,38.64822],[-6.51748,38.63691],[-6.50174,38.61914],[-6.47699,38.61429],[-6.43426,38.6353],[-6.42751,38.64822],[-6.4545,38.66115],[-6.47475,38.69992],[-6.51748,38.72739],[-6.51973,38.69508],[-6.54222,38.69023]]]}},{"type":"Feature","id":"06003","properties":{"cod_mun":"06003","nombre":"Ahillones","cod_prov":"06","cod_ccaa":"11"},"geometry":{"type":"MultiPolygon","coordinates":[[[[-5.90572,38.23947],[-5.91247,38.25401],[-5.93271,38.23785],[-5.90572,38.23947]]],[[[-5.86973,38.22654],[-5.84499,38.23947],[-5.84274,38.25563],[-5.86298,38.27178],[-5.87873,38.25886],[-5.89897,38.25563],[-5.89897,38.23624],[-5.86973,38.22654]]]]}},{"type":"Feature","id":"06004","properties":{"cod_mun":"06004","nombre":"Alange","cod_prov":"06","cod_ccaa":"11"},"geometry":{"type":"Polygon","coordinates":[[[-6.35779,38.77101],[-6.3353,38.76455],[-6.3353,38.75001],[-6.31731,38.72254],[-6.3443,38.70315],[-6.34205,38.67892],[-6.35779,38.65792],[-6.34205,38.65307],[-6.31281,38.65953],[-6.26108,38.66276],[-6.2161,38.68377],[-6.18911,38.69023],[-6.18461,38.70315],[-6.18911,38.74516],[-6.1981,38.7807],[-6.23859,38.79848],[-6.31056,38.79848],[-6.27008,38.78878],[-6.27008,38.77909],[-6.33755,38.79524],[-6.3443,38.7904],[-6.27008,38.77424],[-6.29707,38.75324],[-6.31731,38.76132],[-6.35779,38.77101]]]}},{"type":"Feature","id":"06008","properties":{"cod_mun":"06008","nombre":"Alconera","cod_prov":"06","cod_ccaa":"11"},"geometry":{"type":"Polygon","coordinates":[[[-6.51523,38.43658],[-6.49499,38.41719],[-6.49049,38.37518],[-6.4725,38.35579],[-6.45675,38.35741],[-6.43651,38.37357],[-6.459,38.41557],[-6.47924,38.43658],[-6.50398,38.4495],[-6.51523,38.43658]]]}},{"type":"Feature","id":"06009","properties":{"cod_mun":"06009","nombre":"Aljucén","cod_prov":"06","cod_ccaa":"11"},"geometry":{"type":"Polygon","coordinates":[[[-6.3398,39.03597],[-6.31506,39.03436],[-6.30831,39.07475],[-6.34879,39.07636],[-6.36679,39.05374],[-6.3398,39.03597]]]}},{"type":"Feature","id":"06032","properties":{"cod_mun":"06032","nombre":"Carrascalejo, El","cod_prov":"06","cod_ccaa":"11"},"geometry":{"type":"Polygon","coordinates":[[[-6.3398,39.03597],[-6.36454,39.02466],[-6.3443,39.00528],[-6.31731,39.00528],[-6.31506,39.03436],[-6.3398,39.03597]]]}},{"type":"Feature","id":"06033","properties":{"cod_mun":"06033","nombre":"Casas de Don Pedro","cod_prov":"06","cod_ccaa":"11"},"geometry":{"type":"MultiPolygon","coordinates":[[[[-5.22648,39.01012],[-5.23773,38.99558],[-5.195,38.97296],[-5.1905,38.9875],[-5.21074,39.00366],[-5.22648,39.01012]]],[[[-5.38167,39.11514],[-5.39742,39.09898],[-5.37942,39.09737],[-5.38167,39.11514]]],[[[-5.28271,39.16199],[-5.29846,39.183],[-5.29396,39.19754],[-5.3007,39.21531],[-5.3187,39.22015],[-5.3052,39.21531],[-5.33219,39.20885],[-5.31645,39.183],[-5.34794,39.18461],[-5.33669,39.13776],[-5.37942,39.11999],[-5.37717,39.09737],[-5.35693,39.09414],[-5.34569,39.06667],[-5.31645,39.07152],[-5.30295,39.08606],[-5.29846,39.10545],[-5.32095,39.11999],[-5.32095,39.13937],[-5.27596,39.1313],[-5.25797,39.13614],[-5.25572,39.1523],[-5.28271,39.16199]]],[[[-5.26922,39.23146],[-5.25572,39.21208],[-5.23773,39.21369],[-5.21524,39.23954],[-5.24448,39.26862],[-5.28046,39.29609],[-5.28046,39.28478],[-5.3007,39.26055],[-5.28946,39.23146],[-5.26922,39.23146]]],[[[-5.32095,39.24277],[-5.33894,39.33325],[-5.35468,39.27185],[-5.35018,39.23146],[-5.35018,39.21208],[-5.3187,39.22015],[-5.32095,39.24277]]]]}},{"type":"Feature","id":"06010","properties":{"cod_mun":"06010","nombre":"Almendral","cod_prov":"06","cod_ccaa":"11"},"geometry":{"type":"Polygon","coordinates":[[[-6.86609,38.55613],[-6.8481,38.54482],[-6.82786,38.55452],[-6.81886,38.57552],[-6.79862,38.59006],[-6.80986,38.61429],[-6.80537,38.65792],[-6.81211,38.67407],[-6.85035,38.67407],[-6.86159,38.64822],[-6.86159,38.62722],[-6.87959,38.58521],[-6.86609,38.55613]]]}},{"type":"Feature","id":"06013","properties":{"cod_mun":"06013","nombre":"Atalaya","cod_prov":"06","cod_ccaa":"11"},"geometry":{"type":"Polygon","coordinates":[[[-6.51073,38.35903],[-6.49724,38.3154],[-6.49949,38.30571],[-6.47025,38.30571],[-6.4725,38.32833],[-6.45675,38.33156],[-6.4725,38.35579],[-6.49049,38.37518],[-6.51073,38.35903]]]}},{"type":"Feature","id":"06014","properties":{"cod_mun":"06014","nombre":"Azuaga","cod_prov":"06","cod_ccaa":"11"},"geometry":{"type":"Polygon","coordinates":[[[-5.78427,38.25239],[-5.79551,38.24432],[-5.77752,38.20877],[-5.74603,38.18938],[-5.72804,38.19746],[-5.68755,38.18131],[-5.6853,38.15707],[-5.68755,38.11022],[-5.71004,38.08114],[-5.6943,38.08437],[-5.63357,38.13768],[-5.58409,38.13122],[-5.5751,38.15061],[-5.55935,38.14899],[-5.53911,38.16192],[-5.53911,38.20069],[-5.52112,38.20716],[-5.53236,38.21523],[-5.54586,38.2427],[-5.5751,38.25563],[-5.61558,38.26532],[-5.63582,38.28471],[-5.66506,38.34125],[-5.65382,38.37841],[-5.65382,38.40749],[-5.63133,38.44304],[-5.71229,38.48828],[-5.74153,38.44465],[-5.78427,38.41719],[-5.77302,38.40588],[-5.80451,38.36549],[-5.77302,38.36872],[-5.77527,38.34125],[-5.77302,38.30248],[-5.76402,38.26855],[-5.78427,38.25239]]]}},{"type":"Feature","id":"06015","properties":{"cod_mun":"06015","nombre":"Badajoz","cod_prov":"06","cod_ccaa":"11"},"geometry":{"type":"Polygon","coordinates":[[[-7.15848,38.78555],[-7.14948,38.78555],[-7.091,38.74839],[-7.07076,38.74839],[-7.05277,38.73224],[-7.02353,38.69023],[-6.99204,38.71123],[-6.95606,38.71285],[-6.93582,38.69992],[-6.92007,38.64984],[-6.94031,38.64338],[-6.94256,38.62722],[-6.96056,38.62884],[-6.9808,38.61591],[-7.02128,38.63853],[-7.01678,38.61753],[-6.95606,38.58683],[-6.9673,38.58037],[-6.95606,38.56744],[-6.86609,38.55613],[-6.87959,38.58521],[-6.86159,38.62722],[-6.86159,38.64822],[-6.85035,38.67407],[-6.81211,38.67407],[-6.80537,38.65792],[-6.74914,38.68215],[-6.74914,38.708],[-6.73564,38.708],[-6.7154,38.73224],[-6.69966,38.74354],[-6.64568,38.76455],[-6.62544,38.76616],[-6.59395,38.75324],[-6.56246,38.77909],[-6.56021,38.7904],[-6.56696,38.79363],[-6.61419,38.80979],[-6.66592,38.83887],[-6.67717,38.82594],[-6.7154,38.83725],[-6.72665,38.82594],[-6.75589,38.82594],[-6.75589,38.83564],[-6.78737,38.85018],[-6.82336,38.8421],[-6.80762,38.87764],[-6.78737,38.87764],[-6.78962,38.91157],[-6.80312,38.93257],[-6.76488,38.95196],[-6.76938,38.94227],[-6.73789,38.94711],[-6.7154,38.93096],[-6.7289,38.90995],[-6.68616,38.90349],[-6.64568,38.90188],[-6.63668,38.90995],[-6.63668,38.95842],[-6.64568,38.96973],[-6.65692,38.99235],[-6.65468,39.02305],[-6.63668,39.04567],[-6.72215,39.05698],[-6.74689,39.07475],[-6.73339,39.1216],[-6.74689,39.13937],[-6.58045,39.11999],[-6.57371,39.15876],[-6.64793,39.16684],[-6.68166,39.17653],[-6.75139,39.1943],[-6.76713,39.18784],[-6.78962,39.17815],[-6.76713,39.15068],[-6.76263,39.12806],[-6.78512,39.12322],[-6.78512,39.10545],[-6.76938,39.10221],[-6.78288,39.08444],[-6.80087,39.07798],[-6.80312,39.06021],[-6.84585,39.05536],[-6.87059,39.06829],[-6.86609,39.0796],[-6.88633,39.08606],[-6.89083,39.10706],[-6.89758,39.09252],[-6.89983,39.05698],[-6.92457,39.0392],[-6.96505,39.04244],[-6.95156,39.02305],[-6.98755,38.97619],[-7.02128,38.93742],[-7.02578,38.92449],[-7.05277,38.90672],[-7.03253,38.87764],[-7.05277,38.85825],[-7.06851,38.85341],[-7.09775,38.81463],[-7.12474,38.81625],[-7.14723,38.80009],[-7.15848,38.78555]],[[-6.8391,38.71446],[-6.82786,38.729],[-6.80986,38.72577],[-6.78288,38.73547],[-6.76488,38.73224],[-6.75813,38.70962],[-6.78063,38.69346],[-6.80312,38.687],[-6.83236,38.69346],[-6.8391,38.71446]],[[-6.68616,38.90995],[-6.70641,38.91319],[-6.70865,38.95519],[-6.68391,38.95681],[-6.66367,38.96812],[-6.64793,38.9665],[-6.63893,38.94065],[-6.64793,38.91157],[-6.68616,38.90995]]]}},{"type":"Feature","id":"06016","properties":{"cod_mun":"06016","nombre":"Barcarrota","cod_prov":"06","cod_ccaa":"11"},"geometry":{"type":"Polygon","coordinates":[[[-6.9673,38.46566],[-6.94481,38.45919],[-6.94481,38.4705],[-6.88409,38.4802],[-6.85935,38.45758],[-6.83461,38.46404],[-6.81886,38.45112],[-6.79637,38.46727],[-6.78063,38.46404],[-6.79187,38.48181],[-6.80537,38.52705],[-6.84135,38.53674],[-6.8481,38.54482],[-6.86609,38.55613],[-6.95606,38.56744],[-6.95606,38.53998],[-6.97405,38.48828],[-6.9673,38.46566]]]}},{"type":"Feature","id":"06011","properties":{"cod_mun":"06011","nombre":"Almendralejo","cod_prov":"06","cod_ccaa":"11"},"geometry":{"type":"Polygon","coordinates":[[[-6.51748,38.72739],[-6.47475,38.69992],[-6.4545,38.66115],[-6.42751,38.64822],[-6.43426,38.6353],[-6.42077,38.62722],[-6.39378,38.63207],[-6.35779,38.65792],[-6.34205,38.67892],[-6.3443,38.70315],[-6.31731,38.72254],[-6.3353,38.75001],[-6.3353,38.76455],[-6.35779,38.77101],[-6.35779,38.77747],[-6.37129,38.76616],[-6.37803,38.75324],[-6.41627,38.76939],[-6.42751,38.76455],[-6.47699,38.75809],[-6.51748,38.72739]]]}},{"type":"Feature","id":"06012","properties":{"cod_mun":"06012","nombre":"Arroyo de San Serván","cod_prov":"06","cod_ccaa":"11"},"geometry":{"type":"Polygon","coordinates":[[[-6.49949,38.82433],[-6.459,38.80655],[-6.42077,38.8114],[-6.38928,38.83079],[-6.42302,38.85018],[-6.42751,38.86149],[-6.45675,38.87926],[-6.49499,38.86956],[-6.49049,38.85341],[-6.50398,38.83725],[-6.49949,38.82433]]]}},{"type":"Feature","id":"06017","properties":{"cod_mun":"06017","nombre":"Baterno","cod_prov":"06","cod_ccaa":"11"},"geometry":{"type":"Polygon","coordinates":[[[-4.97458,38.93096],[-4.9251,38.91642],[-4.91386,38.88734],[-4.86662,38.88734],[-4.85313,38.88249],[-4.83739,38.93096],[-4.84413,38.9455],[-4.87787,38.94873],[-4.90711,38.96327],[-4.91835,38.95681],[-4.96334,38.93904],[-4.97458,38.93096]]]}},{"type":"Feature","id":"06025","properties":{"cod_mun":"06025","nombre":"Calamonte","cod_prov":"06","cod_ccaa":"11"},"geometry":{"type":"Polygon","coordinates":[[[-6.37803,38.85341],[-6.36454,38.87926],[-6.38028,38.89541],[-6.39378,38.8938],[-6.39378,38.85664],[-6.37803,38.85341]]]}},{"type":"Feature","id":"06026","properties":{"cod_mun":"06026","nombre":"Calera de León","cod_prov":"06","cod_ccaa":"11"},"geometry":{"type":"Polygon","coordinates":[[[-6.36229,38.14253],[-6.37803,38.11668],[-6.35554,38.10214],[-6.36229,38.07952],[-6.36229,38.03752],[-6.36004,38.01651],[-6.3398,38.00036],[-6.30831,37.98582],[-6.31056,38.02297],[-6.32181,38.05852],[-6.29931,38.07144],[-6.31281,38.0876],[-6.31281,38.10537],[-6.3353,38.14415],[-6.34655,38.15384],[-6.36229,38.14253]]]}},{"type":"Feature","id":"06018","properties":{"cod_mun":"06018","nombre":"Benquerencia de la Serena","cod_prov":"06","cod_ccaa":"11"},"geometry":{"type":"Polygon","coordinates":[[[-5.5571,38.64338],[-5.52562,38.62399],[-5.51437,38.60783],[-5.48513,38.64338],[-5.51212,38.65469],[-5.50762,38.66438],[-5.46714,38.6773],[-5.45364,38.67569],[-5.38842,38.64822],[-5.34344,38.64014],[-5.32095,38.63045],[-5.33444,38.63853],[-5.35243,38.68054],[-5.34569,38.69184],[-5.36143,38.69184],[-5.38167,38.708],[-5.39742,38.69992],[-5.4514,38.70477],[-5.51437,38.72739],[-5.51662,38.71123],[-5.53686,38.67084],[-5.5571,38.64338]]]}},{"type":"Feature","id":"06019","properties":{"cod_mun":"06019","nombre":"Berlanga","cod_prov":"06","cod_ccaa":"11"},"geometry":{"type":"Polygon","coordinates":[[[-5.92146,38.28309],[-5.91247,38.25401],[-5.90572,38.23947],[-5.90122,38.22493],[-5.88548,38.20554],[-5.86748,38.22008],[-5.85174,38.21362],[-5.84049,38.23785],[-5.8225,38.22978],[-5.81575,38.24593],[-5.78427,38.25239],[-5.76402,38.26855],[-5.77302,38.30248],[-5.77527,38.34125],[-5.79776,38.3461],[-5.84049,38.32994],[-5.85624,38.33156],[-5.89447,38.35418],[-5.89672,38.33479],[-5.91471,38.32348],[-5.90572,38.30409],[-5.92146,38.28309]],[[-5.86973,38.22654],[-5.89897,38.23624],[-5.89897,38.25563],[-5.87873,38.25886],[-5.86298,38.27178],[-5.84274,38.25563],[-5.84499,38.23947],[-5.86973,38.22654]]]}},{"type":"Feature","id":"06020","properties":{"cod_mun":"06020","nombre":"Bienvenida","cod_prov":"06","cod_ccaa":"11"},"geometry":{"type":"Polygon","coordinates":[[[-6.30381,38.35256],[-6.25883,38.31379],[-6.26333,38.30086],[-6.24983,38.29763],[-6.23409,38.27663],[-6.19136,38.2734],[-6.16437,38.26047],[-6.13063,38.27501],[-6.13513,38.29763],[-6.12838,38.31217],[-6.16887,38.32348],[-6.23409,38.35579],[-6.26333,38.37357],[-6.28132,38.37033],[-6.30381,38.35256]]]}},{"type":"Feature","id":"06021","properties":{"cod_mun":"06021","nombre":"Bodonal de la Sierra","cod_prov":"06","cod_ccaa":"11"},"geometry":{"type":"Polygon","coordinates":[[[-6.58495,38.1183],[-6.56471,38.12961],[-6.54672,38.13607],[-6.48149,38.15061],[-6.46575,38.15707],[-6.45001,38.18454],[-6.4545,38.19585],[-6.47025,38.17969],[-6.49949,38.19585],[-6.54447,38.19585],[-6.5827,38.17969],[-6.60744,38.15869],[-6.58495,38.1183]]]}},{"type":"Feature","id":"06022","properties":{"cod_mun":"06022","nombre":"Burguillos del Cerro","cod_prov":"06","cod_ccaa":"11"},"geometry":{"type":"Polygon","coordinates":[[[-6.66817,38.4495],[-6.67267,38.41073],[-6.66142,38.38649],[-6.64568,38.31379],[-6.6007,38.30086],[-6.57821,38.30571],[-6.57596,38.30733],[-6.55796,38.33318],[-6.56921,38.33964],[-6.52872,38.34448],[-6.51073,38.35903],[-6.49049,38.37518],[-6.49499,38.41719],[-6.51523,38.43658],[-6.52872,38.44142],[-6.54672,38.44627],[-6.57371,38.43658],[-6.60519,38.45435],[-6.61869,38.45919],[-6.64118,38.4495],[-6.66817,38.4495]]]}},{"type":"Feature","id":"06023","properties":{"cod_mun":"06023","nombre":"Cabeza del Buey","cod_prov":"06","cod_ccaa":"11"},"geometry":{"type":"Polygon","coordinates":[[[-5.38167,38.708],[-5.36143,38.69184],[-5.34569,38.69184],[-5.35243,38.68054],[-5.33444,38.63853],[-5.32095,38.63045],[-5.3142,38.61753],[-5.29396,38.60945],[-5.25347,38.6256],[-5.23773,38.64176],[-5.21074,38.65307],[-5.20849,38.66761],[-5.18375,38.65953],[-5.18375,38.67569],[-5.16801,38.6773],[-5.18375,38.71931],[-5.195,38.74031],[-5.186,38.77263],[-5.19724,38.81786],[-5.19275,38.83079],[-5.18825,38.84694],[-5.16801,38.86472],[-5.16801,38.88734],[-5.186,38.88895],[-5.20624,38.90672],[-5.21524,38.92449],[-5.23323,38.93096],[-5.26472,38.91965],[-5.25572,38.90349],[-5.27821,38.88734],[-5.30745,38.90511],[-5.32769,38.89864],[-5.35693,38.87764],[-5.38842,38.84533],[-5.38617,38.82917],[-5.36368,38.77586],[-5.38392,38.73708],[-5.38167,38.708]]]}},{"type":"Feature","id":"06024","properties":{"cod_mun":"06024","nombre":"Cabeza la Vaca","cod_prov":"06","cod_ccaa":"11"},"geometry":{"type":"Polygon","coordinates":[[[-6.459,38.07952],[-6.44326,38.05852],[-6.41402,38.05852],[-6.38928,38.04882],[-6.36679,38.04882],[-6.36229,38.03752],[-6.36229,38.07952],[-6.35554,38.10214],[-6.37803,38.11668],[-6.36229,38.14253],[-6.37354,38.17161],[-6.38703,38.16192],[-6.40277,38.12314],[-6.43876,38.10052],[-6.44326,38.08598],[-6.459,38.07952]]]}},{"type":"Feature","id":"06029","properties":{"cod_mun":"06029","nombre":"Campillo de Llerena","cod_prov":"06","cod_ccaa":"11"},"geometry":{"type":"Polygon","coordinates":[[[-5.9552,38.52705],[-5.92146,38.51897],[-5.87423,38.48504],[-5.86973,38.45273],[-5.85174,38.44304],[-5.84949,38.42688],[-5.79776,38.42688],[-5.78427,38.41719],[-5.74153,38.44465],[-5.71229,38.48828],[-5.71229,38.50766],[-5.68305,38.51574],[-5.68081,38.53351],[-5.74828,38.58037],[-5.76627,38.58683],[-5.79776,38.60137],[-5.78651,38.58844],[-5.76627,38.5836],[-5.77527,38.56583],[-5.74828,38.54967],[-5.76177,38.54482],[-5.78202,38.56744],[-5.80226,38.56906],[-5.8315,38.55452],[-5.86074,38.57067],[-5.87198,38.54967],[-5.89447,38.53836],[-5.93496,38.55613],[-5.9552,38.52705]]]}},{"type":"Feature","id":"06030","properties":{"cod_mun":"06030","nombre":"Capilla","cod_prov":"06","cod_ccaa":"11"},"geometry":{"type":"Polygon","coordinates":[[[-5.11853,38.85664],[-5.10278,38.84533],[-5.10503,38.78878],[-5.11178,38.77263],[-5.06904,38.74678],[-5.0623,38.72416],[-5.04655,38.729],[-4.99033,38.74031],[-4.96783,38.77586],[-4.95434,38.82917],[-4.98133,38.83725],[-5.03081,38.84371],[-5.08704,38.8631],[-5.11853,38.85664]]]}},{"type":"Feature","id":"06031","properties":{"cod_mun":"06031","nombre":"Carmonita","cod_prov":"06","cod_ccaa":"11"},"geometry":{"type":"MultiPolygon","coordinates":[[[[-6.39378,39.13937],[-6.40052,39.13614],[-6.36454,39.13614],[-6.36679,39.11675],[-6.31956,39.11837],[-6.31281,39.13291],[-6.31056,39.15553],[-6.31956,39.18461],[-6.34205,39.18461],[-6.37578,39.16361],[-6.38028,39.14099],[-6.39378,39.13937]]],[[[-6.39828,39.16522],[-6.40727,39.16522],[-6.40052,39.15068],[-6.39828,39.16522]]]]}},{"type":"Feature","id":"06034","properties":{"cod_mun":"06034","nombre":"Casas de Reina","cod_prov":"06","cod_ccaa":"11"},"geometry":{"type":"MultiPolygon","coordinates":[[[[-6.00018,38.0666],[-6.00693,38.03913],[-5.99118,38.03267],[-5.97994,38.07144],[-6.00018,38.0666]]],[[[-6.06091,38.1603],[-6.08115,38.15546],[-6.0744,38.13768],[-6.04741,38.16192],[-6.06091,38.1603]]],[[[-5.94395,38.27017],[-5.9462,38.25239],[-5.96195,38.23139],[-5.99793,38.212],[-5.96869,38.18292],[-5.93945,38.20716],[-5.91471,38.21039],[-5.90122,38.22493],[-5.90572,38.23947],[-5.93271,38.23785],[-5.91247,38.25401],[-5.92146,38.28309],[-5.94395,38.27017]]]]}},{"type":"Feature","id":"06035","properties":{"cod_mun":"06035","nombre":"Castilblanco","cod_prov":"06","cod_ccaa":"11"},"geometry":{"type":"Polygon","coordinates":[[[-5.16576,39.31709],[-5.16351,39.30255],[-5.13652,39.27509],[-5.14102,39.22015],[-5.11178,39.23954],[-5.07354,39.25085],[-5.05105,39.27185],[-5.01956,39.31548],[-5.01057,39.33648],[-5.01956,39.36879],[-5.05555,39.36395],[-5.08929,39.3898],[-5.11403,39.38818],[-5.11178,39.36879],[-5.11853,39.34294],[-5.15001,39.32032],[-5.16576,39.31709]]]}},{"type":"Feature","id":"06036","properties":{"cod_mun":"06036","nombre":"Castuera","cod_prov":"06","cod_ccaa":"11"},"geometry":{"type":"Polygon","coordinates":[[[-5.64032,38.74031],[-5.61108,38.73708],[-5.61108,38.70639],[-5.59309,38.68538],[-5.56835,38.68054],[-5.58409,38.65953],[-5.56385,38.64661],[-5.5571,38.64338],[-5.53686,38.67084],[-5.51662,38.71123],[-5.51437,38.72739],[-5.4514,38.70477],[-5.39742,38.69992],[-5.38167,38.708],[-5.38392,38.73708],[-5.36368,38.77586],[-5.38617,38.82917],[-5.38842,38.84533],[-5.35693,38.87764],[-5.32769,38.89864],[-5.34794,38.90672],[-5.40641,38.90188],[-5.42216,38.91965],[-5.46264,38.9358],[-5.48288,38.9148],[-5.51212,38.85664],[-5.54586,38.82756],[-5.5616,38.82594],[-5.59984,38.80171],[-5.63133,38.79848],[-5.63582,38.7807],[-5.62458,38.77101],[-5.64032,38.74031]]]}},{"type":"Feature","id":"06045","properties":{"cod_mun":"06045","nombre":"Entrín Bajo","cod_prov":"06","cod_ccaa":"11"},"geometry":{"type":"Polygon","coordinates":[[[-6.7154,38.73224],[-6.71315,38.687],[-6.69966,38.68861],[-6.69066,38.69346],[-6.69066,38.71608],[-6.69966,38.74354],[-6.7154,38.73224]]]}},{"type":"Feature","id":"06037","properties":{"cod_mun":"06037","nombre":"Codosera, La","cod_prov":"06","cod_ccaa":"11"},"geometry":{"type":"Polygon","coordinates":[[[-7.23045,39.27832],[-7.24844,39.25408],[-7.2417,39.20885],[-7.22145,39.19269],[-7.17197,39.17976],[-7.13824,39.19754],[-7.12924,39.21531],[-7.15623,39.24762],[-7.20346,39.26539],[-7.23045,39.27832]]]}},{"type":"Feature","id":"06038","properties":{"cod_mun":"06038","nombre":"Cordobilla de Lácara","cod_prov":"06","cod_ccaa":"11"},"geometry":{"type":"Polygon","coordinates":[[[-6.45675,39.1733],[-6.4725,39.15715],[-6.468,39.12968],[-6.48374,39.11999],[-6.44326,39.10706],[-6.42077,39.11352],[-6.40052,39.13614],[-6.39378,39.13937],[-6.40052,39.15068],[-6.40727,39.16522],[-6.43876,39.17653],[-6.45675,39.1733]]]}},{"type":"Feature","id":"06039","properties":{"cod_mun":"06039","nombre":"Coronada, La","cod_prov":"06","cod_ccaa":"11"},"geometry":{"type":"Polygon","coordinates":[[[-5.71004,38.93419],[-5.6988,38.90995],[-5.67406,38.90511],[-5.67406,38.88572],[-5.65607,38.90026],[-5.60209,38.90834],[-5.58859,38.92126],[-5.60434,38.96004],[-5.59084,38.98912],[-5.60209,38.99881],[-5.63133,39.01012],[-5.63807,38.98589],[-5.66056,38.98589],[-5.66956,38.97135],[-5.6898,38.97296],[-5.69205,38.94873],[-5.71004,38.93419]]]}},{"type":"Feature","id":"06040","properties":{"cod_mun":"06040","nombre":"Corte de Peleas","cod_prov":"06","cod_ccaa":"11"},"geometry":{"type":"Polygon","coordinates":[[[-6.69966,38.74354],[-6.69066,38.71608],[-6.69066,38.69346],[-6.67042,38.69831],[-6.66142,38.71446],[-6.64793,38.70154],[-6.61419,38.70477],[-6.59845,38.71446],[-6.63893,38.74031],[-6.61194,38.7387],[-6.62544,38.76616],[-6.64568,38.76455],[-6.69966,38.74354]]]}},{"type":"Feature","id":"06041","properties":{"cod_mun":"06041","nombre":"Cristina","cod_prov":"06","cod_ccaa":"11"},"geometry":{"type":"Polygon","coordinates":[[[-6.12838,38.84533],[-6.10589,38.79363],[-6.07215,38.82594],[-6.0879,38.84371],[-6.12838,38.84533]]]}},{"type":"Feature","id":"06090","properties":{"cod_mun":"06090","nombre":"Nava de Santiago, La","cod_prov":"06","cod_ccaa":"11"},"geometry":{"type":"Polygon","coordinates":[[[-6.49499,39.03436],[-6.48149,39.0392],[-6.47025,39.08606],[-6.51523,39.11029],[-6.54897,39.0909],[-6.55796,39.07798],[-6.54897,39.0489],[-6.53997,39.04082],[-6.49499,39.03436]]]}},{"type":"Feature","id":"06042","properties":{"cod_mun":"06042","nombre":"Cheles","cod_prov":"06","cod_ccaa":"11"},"geometry":{"type":"Polygon","coordinates":[[[-7.31142,38.51574],[-7.27543,38.50443],[-7.25069,38.51089],[-7.22145,38.5319],[-7.21696,38.54321],[-7.2327,38.55128],[-7.2417,38.58521],[-7.26194,38.59491],[-7.30242,38.54482],[-7.31142,38.51574]]]}},{"type":"Feature","id":"06043","properties":{"cod_mun":"06043","nombre":"Don Álvaro","cod_prov":"06","cod_ccaa":"11"},"geometry":{"type":"Polygon","coordinates":[[[-6.29707,38.84371],[-6.27907,38.8324],[-6.24309,38.8324],[-6.22959,38.84048],[-6.25658,38.85825],[-6.22959,38.8631],[-6.27907,38.88895],[-6.3263,38.87441],[-6.31056,38.85341],[-6.29707,38.84371]]]}},{"type":"Feature","id":"06044","properties":{"cod_mun":"06044","nombre":"Don Benito","cod_prov":"06","cod_ccaa":"11"},"geometry":{"type":"MultiPolygon","coordinates":[[[[-5.92371,39.08283],[-5.92371,39.06505],[-5.96195,39.03597],[-5.99568,39.02951],[-6.00018,39.01335],[-5.97769,39.01497],[-5.94845,38.98266],[-5.92821,38.97781],[-5.93046,38.95034],[-5.92596,38.9358],[-5.89222,38.92126],[-5.89672,38.88734],[-5.90572,38.87441],[-5.91921,38.8938],[-5.9417,38.88087],[-5.96869,38.89541],[-5.96644,38.90995],[-5.99118,38.91157],[-5.97994,38.8841],[-5.99793,38.86633],[-5.99118,38.84856],[-6.01143,38.82271],[-5.97544,38.79201],[-5.97994,38.77263],[-5.96869,38.74839],[-5.93271,38.7387],[-5.91247,38.72416],[-5.88997,38.72739],[-5.86523,38.76455],[-5.8315,38.80171],[-5.84274,38.80494],[-5.83375,38.82756],[-5.827,38.90672],[-5.818,38.95034],[-5.81125,38.98266],[-5.81575,39.02466],[-5.80001,39.01982],[-5.79326,39.03113],[-5.827,39.04567],[-5.82925,39.06344],[-5.83375,39.05698],[-5.87873,39.07475],[-5.89672,39.09575],[-5.92371,39.08283]]],[[[-5.73029,39.11352],[-5.72354,39.09898],[-5.77752,39.05213],[-5.77527,39.04728],[-5.75728,39.0392],[-5.73703,39.04567],[-5.72804,39.06829],[-5.69205,39.0699],[-5.69205,39.04567],[-5.67181,39.01174],[-5.65382,39.0182],[-5.63133,39.01012],[-5.60209,38.99881],[-5.59984,39.01174],[-5.60883,39.02789],[-5.63357,39.04082],[-5.65607,39.0699],[-5.67181,39.0796],[-5.70105,39.08929],[-5.72579,39.11191],[-5.73029,39.11352]]],[[[-6.01592,39.12968],[-6.06316,39.10221],[-6.0879,39.05374],[-6.11714,39.04567],[-6.0699,39.03759],[-6.02492,39.02305],[-6.00918,39.04728],[-5.98669,39.05051],[-5.93721,39.08444],[-5.92596,39.10545],[-5.9417,39.10868],[-5.98219,39.0699],[-6.00693,39.05698],[-6.01592,39.10221],[-6.01592,39.12968]]]]}},{"type":"Feature","id":"06091","properties":{"cod_mun":"06091","nombre":"Navalvillar de Pela","cod_prov":"06","cod_ccaa":"11"},"geometry":{"type":"Polygon","coordinates":[[[-5.5796,39.1426],[-5.5616,39.10383],[-5.56385,39.08929],[-5.53911,39.08767],[-5.51437,39.06829],[-5.51887,39.06344],[-5.51887,39.04567],[-5.49638,39.04405],[-5.48513,39.0182],[-5.48963,38.9972],[-5.46714,38.99558],[-5.4469,39.00689],[-5.41766,39.00528],[-5.41091,39.01982],[-5.41541,39.05213],[-5.39967,39.08767],[-5.38392,39.17492],[-5.41316,39.15715],[-5.4289,39.16199],[-5.46489,39.16038],[-5.49413,39.183],[-5.51437,39.21046],[-5.52787,39.19107],[-5.55036,39.21531],[-5.57735,39.20238],[-5.61333,39.18784],[-5.57735,39.15068],[-5.5796,39.1426]]]}},{"type":"Feature","id":"06092","properties":{"cod_mun":"06092","nombre":"Nogales","cod_prov":"06","cod_ccaa":"11"},"geometry":{"type":"Polygon","coordinates":[[[-6.81886,38.57552],[-6.78962,38.55775],[-6.77163,38.55452],[-6.73789,38.53028],[-6.73115,38.55613],[-6.69291,38.5319],[-6.68616,38.53513],[-6.68166,38.54321],[-6.72665,38.57713],[-6.70865,38.60622],[-6.69516,38.63045],[-6.69966,38.68861],[-6.71315,38.687],[-6.7154,38.73224],[-6.73564,38.708],[-6.72215,38.67246],[-6.73339,38.64338],[-6.7289,38.62884],[-6.74239,38.61429],[-6.79862,38.59006],[-6.81886,38.57552]]]}},{"type":"Feature","id":"06093","properties":{"cod_mun":"06093","nombre":"Oliva de la Frontera","cod_prov":"06","cod_ccaa":"11"},"geometry":{"type":"Polygon","coordinates":[[[-7.07751,38.28794],[-7.06402,38.2427],[-7.07751,38.22978],[-7.05952,38.21362],[-7.04602,38.18454],[-7.02803,38.18292],[-7.01004,38.19908],[-6.9808,38.212],[-6.9718,38.20231],[-6.95606,38.21685],[-6.93582,38.22008],[-6.93132,38.20877],[-6.92457,38.20554],[-6.91782,38.21685],[-6.91782,38.26047],[-6.90658,38.27986],[-6.88409,38.28794],[-6.89983,38.31217],[-6.92007,38.32025],[-6.93582,38.30733],[-6.97855,38.29117],[-7.04602,38.29278],[-7.06851,38.29602],[-7.07751,38.28794]]]}},{"type":"Feature","id":"06094","properties":{"cod_mun":"06094","nombre":"Oliva de Mérida","cod_prov":"06","cod_ccaa":"11"},"geometry":{"type":"Polygon","coordinates":[[[-6.1981,38.7807],[-6.18911,38.74516],[-6.15087,38.729],[-6.12838,38.72739],[-6.10139,38.71285],[-6.0924,38.71769],[-6.04516,38.70639],[-5.99793,38.67084],[-5.97994,38.66438],[-5.9507,38.63045],[-5.9417,38.62884],[-5.87873,38.62884],[-5.85849,38.64176],[-5.86074,38.64176],[-5.88772,38.68215],[-5.92146,38.71446],[-5.91247,38.72416],[-5.93271,38.7387],[-5.96869,38.74839],[-6.02042,38.75324],[-6.04291,38.75001],[-6.0924,38.76939],[-6.10589,38.79363],[-6.12838,38.84533],[-6.15312,38.86795],[-6.18011,38.82917],[-6.18236,38.81625],[-6.1981,38.7807]]]}},{"type":"Feature","id":"06095","properties":{"cod_mun":"06095","nombre":"Olivenza","cod_prov":"06","cod_ccaa":"11"},"geometry":{"type":"Polygon","coordinates":[[[-7.25969,38.60622],[-7.22595,38.61106],[-7.16748,38.59652],[-7.14723,38.58521],[-7.13149,38.58683],[-7.12024,38.57552],[-7.06626,38.57229],[-7.04602,38.54805],[-7.02353,38.56098],[-7.00554,38.55775],[-6.98305,38.53836],[-6.96281,38.52867],[-6.9808,38.5012],[-7.01004,38.48666],[-6.99204,38.45758],[-6.9673,38.46566],[-6.97405,38.48828],[-6.95606,38.53998],[-6.95606,38.56744],[-6.9673,38.58037],[-6.95606,38.58683],[-7.01678,38.61753],[-7.02128,38.63853],[-7.03028,38.66923],[-7.02353,38.69023],[-7.05277,38.73224],[-7.07076,38.74839],[-7.091,38.74839],[-7.14948,38.78555],[-7.15848,38.78555],[-7.19446,38.76616],[-7.20121,38.75001],[-7.25969,38.72416],[-7.26644,38.70154],[-7.27093,38.63691],[-7.24395,38.62399],[-7.25969,38.60622]]]}},{"type":"Feature","id":"06046","properties":{"cod_mun":"06046","nombre":"Esparragalejo","cod_prov":"06","cod_ccaa":"11"},"geometry":{"type":"Polygon","coordinates":[[[-6.45675,38.93257],[-6.43201,38.92449],[-6.41627,38.9358],[-6.42077,38.98589],[-6.45225,38.96004],[-6.45675,38.93257]]]}},{"type":"Feature","id":"06047","properties":{"cod_mun":"06047","nombre":"Esparragosa de la Serena","cod_prov":"06","cod_ccaa":"11"},"geometry":{"type":"Polygon","coordinates":[[[-5.63133,38.66115],[-5.62683,38.62722],[-5.61558,38.62399],[-5.56385,38.64661],[-5.58409,38.65953],[-5.56835,38.68054],[-5.59309,38.68538],[-5.60658,38.66438],[-5.63133,38.66115]]]}},{"type":"Feature","id":"06048","properties":{"cod_mun":"06048","nombre":"Esparragosa de Lares","cod_prov":"06","cod_ccaa":"11"},"geometry":{"type":"Polygon","coordinates":[[[-5.52112,38.98912],[-5.50987,38.97943],[-5.48288,38.9148],[-5.46264,38.9358],[-5.42216,38.91965],[-5.40641,38.90188],[-5.34794,38.90672],[-5.33669,38.92449],[-5.3142,38.93419],[-5.28721,38.92288],[-5.27596,38.9358],[-5.26472,38.91965],[-5.23323,38.93096],[-5.21524,38.92449],[-5.20399,38.92934],[-5.20399,38.96165],[-5.23998,38.97781],[-5.38392,39.00366],[-5.41091,39.01982],[-5.41766,39.00528],[-5.4469,39.00689],[-5.46714,38.99558],[-5.48963,38.9972],[-5.52112,38.98912]]]}},{"type":"Feature","id":"06096","properties":{"cod_mun":"06096","nombre":"Orellana de la Sierra","cod_prov":"06","cod_ccaa":"11"},"geometry":{"type":"Polygon","coordinates":[[[-5.52112,38.98912],[-5.48963,38.9972],[-5.48513,39.0182],[-5.49638,39.04405],[-5.51887,39.04567],[-5.52562,39.03436],[-5.52112,38.98912]]]}},{"type":"Feature","id":"06049","properties":{"cod_mun":"06049","nombre":"Feria","cod_prov":"06","cod_ccaa":"11"},"geometry":{"type":"Polygon","coordinates":[[[-6.60519,38.45435],[-6.57371,38.43658],[-6.54672,38.44627],[-6.52872,38.44142],[-6.54222,38.47373],[-6.52648,38.47212],[-6.51298,38.49635],[-6.50398,38.50605],[-6.49949,38.53513],[-6.50623,38.56098],[-6.54672,38.5529],[-6.55122,38.53998],[-6.5827,38.52705],[-6.57596,38.48828],[-6.5917,38.47697],[-6.60519,38.45435]]]}},{"type":"Feature","id":"06050","properties":{"cod_mun":"06050","nombre":"Fregenal de la Sierra","cod_prov":"06","cod_ccaa":"11"},"geometry":{"type":"Polygon","coordinates":[[[-6.71765,38.20716],[-6.68391,38.17161],[-6.66817,38.14738],[-6.64793,38.13445],[-6.63668,38.09568],[-6.62319,38.09729],[-6.58495,38.1183],[-6.60744,38.15869],[-6.5827,38.17969],[-6.54447,38.19585],[-6.49949,38.19585],[-6.47025,38.17969],[-6.4545,38.19585],[-6.45001,38.18454],[-6.46575,38.15707],[-6.48149,38.15061],[-6.44551,38.15869],[-6.42527,38.17808],[-6.42751,38.20069],[-6.47025,38.21362],[-6.47475,38.2427],[-6.50623,38.25886],[-6.51748,38.25401],[-6.53547,38.28309],[-6.54897,38.27986],[-6.57821,38.30571],[-6.6007,38.30086],[-6.62769,38.2734],[-6.62544,38.2637],[-6.64118,38.23624],[-6.67042,38.23462],[-6.67717,38.21362],[-6.69516,38.22008],[-6.71765,38.20716]]]}},{"type":"Feature","id":"06051","properties":{"cod_mun":"06051","nombre":"Fuenlabrada de los Montes","cod_prov":"06","cod_ccaa":"11"},"geometry":{"type":"Polygon","coordinates":[[[-5.00382,39.1523],[-4.97458,39.13291],[-4.94534,39.0909],[-4.94084,39.05698],[-4.88462,39.03436],[-4.85988,39.03113],[-4.84863,39.04567],[-4.83289,39.04567],[-4.82614,39.06182],[-4.85988,39.07798],[-4.87337,39.09575],[-4.85763,39.12322],[-4.85313,39.1523],[-4.83064,39.16684],[-4.83064,39.17653],[-4.86437,39.21046],[-4.84863,39.21208],[-4.84413,39.22662],[-4.85763,39.23954],[-4.89586,39.23631],[-4.89811,39.20885],[-4.90711,39.20238],[-4.94534,39.21692],[-4.95434,39.1943],[-4.99033,39.15715],[-5.00382,39.1523]]]}},{"type":"Feature","id":"06103","properties":{"cod_mun":"06103","nombre":"Puebla de la Calzada","cod_prov":"06","cod_ccaa":"11"},"geometry":{"type":"Polygon","coordinates":[[[-6.65243,38.86633],[-6.62319,38.85664],[-6.60295,38.86795],[-6.61419,38.89703],[-6.64568,38.90188],[-6.65243,38.86633]]]}},{"type":"Feature","id":"06052","properties":{"cod_mun":"06052","nombre":"Fuente de Cantos","cod_prov":"06","cod_ccaa":"11"},"geometry":{"type":"Polygon","coordinates":[[[-6.41402,38.21523],[-6.40727,38.20393],[-6.39153,38.20231],[-6.37354,38.18615],[-6.37354,38.17161],[-6.36229,38.14253],[-6.34655,38.15384],[-6.3353,38.14415],[-6.31056,38.14576],[-6.31506,38.16353],[-6.28132,38.16677],[-6.23859,38.20069],[-6.21385,38.212],[-6.18461,38.21685],[-6.12613,38.21523],[-6.11938,38.22008],[-6.12838,38.22816],[-6.11938,38.2427],[-6.16437,38.26047],[-6.19136,38.2734],[-6.23409,38.27663],[-6.24983,38.29763],[-6.26333,38.30086],[-6.28357,38.28148],[-6.30831,38.27663],[-6.3263,38.2944],[-6.37129,38.29925],[-6.39603,38.27178],[-6.40952,38.27178],[-6.40502,38.23462],[-6.41402,38.21523]]]}},{"type":"Feature","id":"06053","properties":{"cod_mun":"06053","nombre":"Fuente del Arco","cod_prov":"06","cod_ccaa":"11"},"geometry":{"type":"MultiPolygon","coordinates":[[[[-5.97994,38.07144],[-5.99118,38.03267],[-5.97319,38.01813],[-5.97544,38.00359],[-5.95295,37.99551],[-5.93721,38.02459],[-5.93496,38.04721],[-5.91921,38.05044],[-5.90797,38.06821],[-5.92821,38.0876],[-5.91247,38.12314],[-5.88098,38.13284],[-5.87648,38.15546],[-5.85174,38.17161],[-5.89447,38.19423],[-5.92371,38.17646],[-5.96644,38.13122],[-5.97544,38.08114],[-5.97994,38.07144]]],[[[-5.99568,38.14899],[-6.03392,38.13607],[-6.05191,38.11022],[-6.04291,38.10052],[-6.02267,38.12153],[-5.99118,38.1183],[-5.98444,38.1393],[-5.99568,38.14899]]]]}},{"type":"Feature","id":"06054","properties":{"cod_mun":"06054","nombre":"Fuente del Maestre","cod_prov":"06","cod_ccaa":"11"},"geometry":{"type":"Polygon","coordinates":[[[-6.51298,38.49635],[-6.49724,38.47858],[-6.48374,38.4802],[-6.44551,38.46404],[-6.42751,38.47373],[-6.38478,38.49151],[-6.37354,38.51089],[-6.37129,38.53998],[-6.38028,38.57229],[-6.37578,38.6046],[-6.38478,38.61106],[-6.37354,38.6256],[-6.39378,38.63207],[-6.42077,38.62722],[-6.43426,38.6353],[-6.47699,38.61429],[-6.50174,38.61914],[-6.49274,38.60622],[-6.50623,38.57552],[-6.50623,38.56098],[-6.49949,38.53513],[-6.50398,38.50605],[-6.51298,38.49635]]]}},{"type":"Feature","id":"06055","properties":{"cod_mun":"06055","nombre":"Fuentes de León","cod_prov":"06","cod_ccaa":"11"},"geometry":{"type":"Polygon","coordinates":[[[-6.62319,38.09729],[-6.58045,38.05206],[-6.5872,38.02621],[-6.56921,38.02297],[-6.54672,38.02782],[-6.49499,38.01974],[-6.47924,38.00843],[-6.47475,38.02459],[-6.44326,38.04721],[-6.44326,38.05852],[-6.459,38.07952],[-6.51748,38.09406],[-6.53997,38.09245],[-6.54447,38.11183],[-6.56471,38.12961],[-6.58495,38.1183],[-6.62319,38.09729]]]}},{"type":"Feature","id":"06056","properties":{"cod_mun":"06056","nombre":"Garbayuela","cod_prov":"06","cod_ccaa":"11"},"geometry":{"type":"Polygon","coordinates":[[[-5.06904,39.02466],[-5.01956,39.02951],[-4.97683,39.04567],[-4.96334,39.05859],[-4.94084,39.05698],[-4.94534,39.0909],[-4.97458,39.13291],[-5.01282,39.1216],[-5.0533,39.09414],[-5.05555,39.07152],[-5.06904,39.02466]]]}},{"type":"Feature","id":"06058","properties":{"cod_mun":"06058","nombre":"Garrovilla, La","cod_prov":"06","cod_ccaa":"11"},"geometry":{"type":"Polygon","coordinates":[[[-6.52423,38.9148],[-6.51073,38.90349],[-6.48149,38.90511],[-6.44101,38.91803],[-6.45675,38.93257],[-6.45225,38.96004],[-6.47699,38.96973],[-6.49274,38.95034],[-6.51973,38.96327],[-6.51748,38.96004],[-6.50398,38.9455],[-6.52198,38.93096],[-6.52423,38.9148]]]}},{"type":"Feature","id":"06057","properties":{"cod_mun":"06057","nombre":"Garlitos","cod_prov":"06","cod_ccaa":"11"},"geometry":{"type":"Polygon","coordinates":[[[-5.08704,38.8631],[-5.03081,38.84371],[-4.98133,38.83725],[-4.95434,38.82917],[-4.94309,38.85502],[-4.91386,38.88734],[-4.9251,38.91642],[-4.97458,38.93096],[-5.00382,38.93257],[-5.01282,38.9455],[-5.0488,38.95034],[-5.0578,38.91965],[-5.07129,38.91965],[-5.0668,38.90511],[-5.09154,38.8841],[-5.08704,38.8631]]]}},{"type":"Feature","id":"06108","properties":{"cod_mun":"06108","nombre":"Puebla de Sancho Pérez","cod_prov":"06","cod_ccaa":"11"},"geometry":{"type":"Polygon","coordinates":[[[-6.42976,38.37841],[-6.39378,38.36549],[-6.31281,38.36226],[-6.31956,38.38488],[-6.31731,38.4188],[-6.3398,38.4285],[-6.37129,38.42527],[-6.39603,38.43334],[-6.40952,38.3978],[-6.42976,38.37841]]]}},{"type":"Feature","id":"06059","properties":{"cod_mun":"06059","nombre":"Granja de Torrehermosa","cod_prov":"06","cod_ccaa":"11"},"geometry":{"type":"Polygon","coordinates":[[[-5.63133,38.44304],[-5.65382,38.40749],[-5.65382,38.37841],[-5.66506,38.34125],[-5.63582,38.28471],[-5.61558,38.26532],[-5.5751,38.25563],[-5.54586,38.2427],[-5.53236,38.21523],[-5.52112,38.20716],[-5.52562,38.2637],[-5.54136,38.27824],[-5.55486,38.31702],[-5.5751,38.32833],[-5.55935,38.3671],[-5.58409,38.38649],[-5.57285,38.42365],[-5.58409,38.4188],[-5.63133,38.44304]]]}},{"type":"Feature","id":"06060","properties":{"cod_mun":"06060","nombre":"Guareña","cod_prov":"06","cod_ccaa":"11"},"geometry":{"type":"Polygon","coordinates":[[[-6.19136,38.91157],[-6.15312,38.86795],[-6.12838,38.84533],[-6.0879,38.84371],[-6.07215,38.82594],[-6.10589,38.79363],[-6.0924,38.76939],[-6.04291,38.75001],[-6.02042,38.75324],[-6.04516,38.78232],[-6.03167,38.79848],[-6.04966,38.83887],[-6.00243,38.8421],[-5.99118,38.84856],[-5.99793,38.86633],[-5.97994,38.8841],[-5.99118,38.91157],[-6.00918,38.92773],[-6.01143,38.92611],[-6.04067,38.90995],[-6.03617,38.88572],[-6.04516,38.86956],[-6.05641,38.87279],[-6.06316,38.89057],[-6.08565,38.8841],[-6.12163,38.91157],[-6.0924,38.93257],[-6.07215,38.92773],[-6.06091,38.9358],[-6.05866,38.96165],[-6.10814,38.95519],[-6.08565,38.96489],[-6.0879,38.9875],[-6.06765,38.99558],[-6.03617,39.01982],[-6.05191,39.02951],[-6.12388,39.03274],[-6.14188,39.02951],[-6.15087,38.99074],[-6.16437,38.95358],[-6.15987,38.94227],[-6.18461,38.92934],[-6.19136,38.91157]]]}},{"type":"Feature","id":"06111","properties":{"cod_mun":"06111","nombre":"Rena","cod_prov":"06","cod_ccaa":"11"},"geometry":{"type":"Polygon","coordinates":[[[-5.82925,39.06344],[-5.827,39.04567],[-5.79326,39.03113],[-5.77527,39.04728],[-5.77752,39.05213],[-5.79101,39.06667],[-5.82925,39.06344]]]}},{"type":"Feature","id":"06061","properties":{"cod_mun":"06061","nombre":"Haba, La","cod_prov":"06","cod_ccaa":"11"},"geometry":{"type":"Polygon","coordinates":[[[-5.8315,38.80171],[-5.79326,38.79524],[-5.76177,38.83725],[-5.76852,38.84856],[-5.76627,38.86956],[-5.77752,38.8938],[-5.75278,38.92288],[-5.76402,38.9358],[-5.818,38.95034],[-5.827,38.90672],[-5.83375,38.82756],[-5.84274,38.80494],[-5.8315,38.80171]]]}},{"type":"Feature","id":"06062","properties":{"cod_mun":"06062","nombre":"Helechosa de los Montes","cod_prov":"06","cod_ccaa":"11"},"geometry":{"type":"Polygon","coordinates":[[[-5.01507,39.37525],[-4.97908,39.34133],[-4.98358,39.32517],[-4.96783,39.30255],[-4.90261,39.27832],[-4.86662,39.24762],[-4.82614,39.2767],[-4.7969,39.27832],[-4.78116,39.28801],[-4.74517,39.27993],[-4.74742,39.26862],[-4.73168,39.2557],[-4.76092,39.32032],[-4.70694,39.3284],[-4.71143,39.34617],[-4.6687,39.42372],[-4.68669,39.44957],[-4.75642,39.41565],[-4.76766,39.4011],[-4.8059,39.39787],[-4.87112,39.36879],[-4.90936,39.37849],[-4.94084,39.39464],[-4.95209,39.39464],[-4.97233,39.39464],[-4.97008,39.38333],[-4.99257,39.37041],[-5.01507,39.37525]]]}},{"type":"Feature","id":"06078","properties":{"cod_mun":"06078","nombre":"Malpartida de la Serena","cod_prov":"06","cod_ccaa":"11"},"geometry":{"type":"Polygon","coordinates":[[[-5.64482,38.73062],[-5.62908,38.729],[-5.65382,38.66923],[-5.63133,38.66115],[-5.60658,38.66438],[-5.59309,38.68538],[-5.61108,38.70639],[-5.61108,38.73708],[-5.64032,38.74031],[-5.64482,38.73062]]]}},{"type":"Feature","id":"06079","properties":{"cod_mun":"06079","nombre":"Manchita","cod_prov":"06","cod_ccaa":"11"},"geometry":{"type":"Polygon","coordinates":[[[-6.02042,38.75324],[-5.96869,38.74839],[-5.97994,38.77263],[-5.97544,38.79201],[-6.01143,38.82271],[-5.99118,38.84856],[-6.00243,38.8421],[-6.04966,38.83887],[-6.03167,38.79848],[-6.04516,38.78232],[-6.02042,38.75324]]]}},{"type":"Feature","id":"06063","properties":{"cod_mun":"06063","nombre":"Herrera del Duque","cod_prov":"06","cod_ccaa":"11"},"geometry":{"type":"Polygon","coordinates":[[[-5.16801,39.20077],[-5.14102,39.17815],[-5.09603,39.1523],[-5.08479,39.1523],[-5.06005,39.14584],[-5.03756,39.16038],[-5.00382,39.1523],[-4.99033,39.15715],[-4.95434,39.1943],[-4.94534,39.21692],[-4.90711,39.20238],[-4.89811,39.20885],[-4.89586,39.23631],[-4.85763,39.23954],[-4.86662,39.24762],[-4.90261,39.27832],[-4.96783,39.30255],[-4.98358,39.32517],[-4.97908,39.34133],[-5.01507,39.37525],[-5.01956,39.36879],[-5.01057,39.33648],[-5.01956,39.31548],[-5.05105,39.27185],[-5.07354,39.25085],[-5.11178,39.23954],[-5.14102,39.22015],[-5.16801,39.20077]]]}},{"type":"Feature","id":"06064","properties":{"cod_mun":"06064","nombre":"Higuera de la Serena","cod_prov":"06","cod_ccaa":"11"},"geometry":{"type":"Polygon","coordinates":[[[-5.86074,38.64176],[-5.85849,38.64176],[-5.82475,38.61753],[-5.80226,38.62076],[-5.75728,38.60945],[-5.72354,38.60783],[-5.72129,38.6353],[-5.71229,38.64338],[-5.72129,38.66115],[-5.75278,38.68861],[-5.78427,38.66923],[-5.77752,38.65145],[-5.80001,38.64661],[-5.80001,38.6353],[-5.836,38.66115],[-5.86074,38.64176]]]}},{"type":"Feature","id":"06132","properties":{"cod_mun":"06132","nombre":"Torremayor","cod_prov":"06","cod_ccaa":"11"},"geometry":{"type":"Polygon","coordinates":[[[-6.53097,38.88734],[-6.51073,38.90349],[-6.52423,38.9148],[-6.55796,38.92934],[-6.5827,38.93257],[-6.58045,38.90349],[-6.55571,38.88734],[-6.53097,38.88734]]]}},{"type":"Feature","id":"06065","properties":{"cod_mun":"06065","nombre":"Higuera de Llerena","cod_prov":"06","cod_ccaa":"11"},"geometry":{"type":"Polygon","coordinates":[[[-6.05416,38.27178],[-6.04067,38.26209],[-6.02267,38.27986],[-5.98219,38.29925],[-5.97319,38.31217],[-5.94395,38.28794],[-5.94395,38.27017],[-5.92146,38.28309],[-5.90572,38.30409],[-5.91471,38.32348],[-5.89672,38.33479],[-5.89447,38.35418],[-5.91921,38.37841],[-6.00018,38.38488],[-6.04067,38.35741],[-6.02267,38.33318],[-6.04067,38.3154],[-6.02492,38.30894],[-6.05641,38.27986],[-6.05416,38.27178]]]}},{"type":"Feature","id":"06066","properties":{"cod_mun":"06066","nombre":"Higuera de Vargas","cod_prov":"06","cod_ccaa":"11"},"geometry":{"type":"Polygon","coordinates":[[[-7.07076,38.43658],[-7.04827,38.41396],[-7.03253,38.38488],[-6.99654,38.37195],[-6.9853,38.37518],[-6.9763,38.3768],[-6.93806,38.44465],[-6.94481,38.45919],[-6.9673,38.46566],[-6.99204,38.45758],[-6.99654,38.44788],[-7.02353,38.43981],[-7.04152,38.44465],[-7.07076,38.43658]]]}},{"type":"Feature","id":"06067","properties":{"cod_mun":"06067","nombre":"Higuera la Real","cod_prov":"06","cod_ccaa":"11"},"geometry":{"type":"Polygon","coordinates":[[[-6.81661,38.11991],[-6.80986,38.11183],[-6.76938,38.11183],[-6.76938,38.09891],[-6.74689,38.09083],[-6.7289,38.10052],[-6.7109,38.09568],[-6.68166,38.09729],[-6.65018,38.08922],[-6.63668,38.09568],[-6.64793,38.13445],[-6.66817,38.14738],[-6.68391,38.17161],[-6.71765,38.20716],[-6.75813,38.19585],[-6.79412,38.17808],[-6.79862,38.14415],[-6.81661,38.11991]]]}},{"type":"Feature","id":"06068","properties":{"cod_mun":"06068","nombre":"Hinojosa del Valle","cod_prov":"06","cod_ccaa":"11"},"geometry":{"type":"Polygon","coordinates":[[[-6.23184,38.48504],[-6.22734,38.45596],[-6.2116,38.43173],[-6.18686,38.43819],[-6.16662,38.46081],[-6.14188,38.45758],[-6.12838,38.46566],[-6.15312,38.48666],[-6.16212,38.5012],[-6.15987,38.52382],[-6.18011,38.50443],[-6.1981,38.49797],[-6.2116,38.50443],[-6.23184,38.48504]]]}},{"type":"Feature","id":"06069","properties":{"cod_mun":"06069","nombre":"Hornachos","cod_prov":"06","cod_ccaa":"11"},"geometry":{"type":"Polygon","coordinates":[[[-6.18461,38.65792],[-6.18011,38.63045],[-6.17561,38.61106],[-6.17786,38.57713],[-6.16662,38.55936],[-6.15987,38.52382],[-6.16212,38.5012],[-6.15312,38.48666],[-6.13063,38.49151],[-6.13063,38.50766],[-6.11264,38.51413],[-6.0924,38.50443],[-6.0879,38.48989],[-6.0744,38.49635],[-6.04741,38.49151],[-6.02717,38.47858],[-6.01143,38.4802],[-5.96869,38.53028],[-5.9552,38.52705],[-5.93496,38.55613],[-5.90122,38.58037],[-5.92821,38.60298],[-5.9417,38.62884],[-5.96644,38.61914],[-5.98669,38.62399],[-6.02717,38.61106],[-6.05191,38.62884],[-6.10814,38.62722],[-6.18461,38.65792]]]}},{"type":"Feature","id":"06070","properties":{"cod_mun":"06070","nombre":"Jerez de los Caballeros","cod_prov":"06","cod_ccaa":"11"},"geometry":{"type":"Polygon","coordinates":[[[-6.9853,38.37518],[-6.95381,38.35095],[-6.97855,38.34772],[-6.98755,38.33156],[-6.97855,38.32187],[-6.95381,38.33964],[-6.93582,38.33156],[-6.95831,38.32025],[-6.93582,38.30733],[-6.92007,38.32025],[-6.89983,38.31217],[-6.88409,38.28794],[-6.90658,38.27986],[-6.91782,38.26047],[-6.91782,38.21685],[-6.92457,38.20554],[-6.90208,38.20231],[-6.8571,38.17969],[-6.82336,38.17323],[-6.79412,38.17808],[-6.75813,38.19585],[-6.71765,38.20716],[-6.69516,38.22008],[-6.67717,38.21362],[-6.67042,38.23462],[-6.64118,38.23624],[-6.62544,38.2637],[-6.62769,38.2734],[-6.6007,38.30086],[-6.64568,38.31379],[-6.66142,38.38649],[-6.67267,38.41073],[-6.66817,38.4495],[-6.72665,38.45596],[-6.78063,38.46404],[-6.79637,38.46727],[-6.81886,38.45112],[-6.83461,38.46404],[-6.85935,38.45758],[-6.88409,38.4802],[-6.94481,38.4705],[-6.94481,38.45919],[-6.93806,38.44465],[-6.9763,38.3768],[-6.9853,38.37518]],[[-6.80087,38.37357],[-6.81661,38.38649],[-6.78962,38.3978],[-6.78288,38.37841],[-6.78512,38.3671],[-6.76263,38.36387],[-6.79187,38.35579],[-6.80087,38.37357]]]}},{"type":"Feature","id":"06071","properties":{"cod_mun":"06071","nombre":"Lapa, La","cod_prov":"06","cod_ccaa":"11"},"geometry":{"type":"Polygon","coordinates":[[[-6.52872,38.44142],[-6.51523,38.43658],[-6.50398,38.4495],[-6.49949,38.45435],[-6.52648,38.47212],[-6.54222,38.47373],[-6.52872,38.44142]]]}},{"type":"Feature","id":"06072","properties":{"cod_mun":"06072","nombre":"Lobón","cod_prov":"06","cod_ccaa":"11"},"geometry":{"type":"Polygon","coordinates":[[[-6.69516,38.86956],[-6.69066,38.85341],[-6.66592,38.83887],[-6.61419,38.80979],[-6.56696,38.79363],[-6.54897,38.81786],[-6.56921,38.86795],[-6.60295,38.86795],[-6.62319,38.85664],[-6.65243,38.86633],[-6.69516,38.86956]]]}},{"type":"Feature","id":"06147","properties":{"cod_mun":"06147","nombre":"Valle de Matamoros","cod_prov":"06","cod_ccaa":"11"},"geometry":{"type":"Polygon","coordinates":[[[-6.80087,38.37357],[-6.78288,38.37841],[-6.78962,38.3978],[-6.81661,38.38649],[-6.80087,38.37357]]]}},{"type":"Feature","id":"06073","properties":{"cod_mun":"06073","nombre":"Llera","cod_prov":"06","cod_ccaa":"11"},"geometry":{"type":"Polygon","coordinates":[[[-6.15312,38.48666],[-6.12838,38.46566],[-6.11039,38.46404],[-6.10814,38.43011],[-6.08115,38.41557],[-6.06765,38.41719],[-6.05641,38.41234],[-6.03617,38.42203],[-6.02042,38.44304],[-6.03167,38.46081],[-6.02717,38.47858],[-6.04741,38.49151],[-6.0744,38.49635],[-6.0879,38.48989],[-6.0924,38.50443],[-6.11264,38.51413],[-6.13063,38.50766],[-6.13063,38.49151],[-6.15312,38.48666]]]}},{"type":"Feature","id":"06074","properties":{"cod_mun":"06074","nombre":"Llerena","cod_prov":"06","cod_ccaa":"11"},"geometry":{"type":"Polygon","coordinates":[[[-6.16437,38.26047],[-6.11938,38.2427],[-6.12838,38.22816],[-6.11938,38.22008],[-6.10139,38.20716],[-6.13513,38.18131],[-6.13963,38.16677],[-6.08115,38.15546],[-6.06091,38.1603],[-6.05191,38.17969],[-5.99793,38.212],[-5.96195,38.23139],[-5.9462,38.25239],[-5.94395,38.27017],[-5.94395,38.28794],[-5.97319,38.31217],[-5.98219,38.29925],[-6.02267,38.27986],[-6.04067,38.26209],[-6.05416,38.27178],[-6.09464,38.26209],[-6.10364,38.2734],[-6.13063,38.27501],[-6.16437,38.26047]]]}},{"type":"Feature","id":"06075","properties":{"cod_mun":"06075","nombre":"Magacela","cod_prov":"06","cod_ccaa":"11"},"geometry":{"type":"Polygon","coordinates":[[[-5.76852,38.84856],[-5.73254,38.84371],[-5.70555,38.82594],[-5.70555,38.81625],[-5.67856,38.82594],[-5.6898,38.86956],[-5.67406,38.88572],[-5.67406,38.90511],[-5.6988,38.90995],[-5.71004,38.93419],[-5.72804,38.93742],[-5.73928,38.92288],[-5.75278,38.92288],[-5.77752,38.8938],[-5.76627,38.86956],[-5.76852,38.84856]]]}},{"type":"Feature","id":"06080","properties":{"cod_mun":"06080","nombre":"Medellín","cod_prov":"06","cod_ccaa":"11"},"geometry":{"type":"Polygon","coordinates":[[[-6.06091,38.9358],[-6.02717,38.94711],[-6.01143,38.92611],[-6.00918,38.92773],[-5.98219,38.93904],[-5.96644,38.93096],[-5.96195,38.94388],[-5.93046,38.95034],[-5.92821,38.97781],[-5.94845,38.98266],[-5.97769,39.01497],[-6.00018,39.01335],[-6.01368,39.00366],[-6.03167,38.96973],[-6.05866,38.96165],[-6.06091,38.9358]]]}},{"type":"Feature","id":"06076","properties":{"cod_mun":"06076","nombre":"Maguilla","cod_prov":"06","cod_ccaa":"11"},"geometry":{"type":"Polygon","coordinates":[[[-5.91921,38.37841],[-5.89447,38.35418],[-5.85624,38.33156],[-5.84049,38.32994],[-5.79776,38.3461],[-5.77527,38.34125],[-5.77302,38.36872],[-5.80451,38.36549],[-5.77302,38.40588],[-5.78427,38.41719],[-5.79776,38.42688],[-5.84949,38.42688],[-5.87873,38.40265],[-5.89672,38.40911],[-5.91921,38.37841]]]}},{"type":"Feature","id":"06077","properties":{"cod_mun":"06077","nombre":"Malcocinado","cod_prov":"06","cod_ccaa":"11"},"geometry":{"type":"Polygon","coordinates":[[[-5.73478,38.08598],[-5.71004,38.08114],[-5.68755,38.11022],[-5.6853,38.15707],[-5.6943,38.17161],[-5.70555,38.16353],[-5.6943,38.15061],[-5.71454,38.13445],[-5.74153,38.12637],[-5.73478,38.08598]]]}},{"type":"Feature","id":"06081","properties":{"cod_mun":"06081","nombre":"Medina de las Torres","cod_prov":"06","cod_ccaa":"11"},"geometry":{"type":"Polygon","coordinates":[[[-6.4725,38.35579],[-6.45675,38.33156],[-6.4725,38.32833],[-6.47025,38.30571],[-6.44326,38.30248],[-6.40952,38.27178],[-6.39603,38.27178],[-6.37129,38.29925],[-6.35554,38.32833],[-6.3308,38.35418],[-6.31281,38.36226],[-6.39378,38.36549],[-6.42976,38.37841],[-6.43651,38.37357],[-6.45675,38.35741],[-6.4725,38.35579]]]}},{"type":"Feature","id":"06082","properties":{"cod_mun":"06082","nombre":"Mengabril","cod_prov":"06","cod_ccaa":"11"},"geometry":{"type":"Polygon","coordinates":[[[-6.00918,38.92773],[-5.99118,38.91157],[-5.96644,38.90995],[-5.96869,38.89541],[-5.9417,38.88087],[-5.91921,38.8938],[-5.90572,38.87441],[-5.89672,38.88734],[-5.89222,38.92126],[-5.92596,38.9358],[-5.93046,38.95034],[-5.96195,38.94388],[-5.96644,38.93096],[-5.98219,38.93904],[-6.00918,38.92773]]]}},{"type":"Feature","id":"06083","properties":{"cod_mun":"06083","nombre":"Mérida","cod_prov":"06","cod_ccaa":"11"},"geometry":{"type":"MultiPolygon","coordinates":[[[[-6.22734,38.85664],[-6.22959,38.8631],[-6.25658,38.85825],[-6.22959,38.84048],[-6.22959,38.8421],[-6.22734,38.85664]]],[[[-6.27907,38.88895],[-6.27232,38.92288],[-6.26108,38.93419],[-6.25358,38.93576],[-6.27682,38.9455],[-6.28357,38.96004],[-6.24758,38.98427],[-6.22509,38.97781],[-6.22509,38.9455],[-6.24031,38.93854],[-6.2071,38.9455],[-6.21385,38.9665],[-6.19361,38.98104],[-6.15087,38.99074],[-6.14188,39.02951],[-6.14188,39.03113],[-6.15312,39.05213],[-6.16887,39.05859],[-6.2026,39.05698],[-6.23184,39.08929],[-6.29482,39.09737],[-6.31281,39.11029],[-6.31281,39.13291],[-6.31956,39.11837],[-6.36679,39.11675],[-6.36454,39.13614],[-6.40052,39.13614],[-6.42077,39.11352],[-6.44326,39.10706],[-6.48374,39.11999],[-6.468,39.12968],[-6.4725,39.15715],[-6.45675,39.1733],[-6.49049,39.16845],[-6.53997,39.18138],[-6.53772,39.15553],[-6.57371,39.15876],[-6.58045,39.11999],[-6.56921,39.1216],[-6.58495,39.08444],[-6.61869,39.06505],[-6.63668,39.04567],[-6.65468,39.02305],[-6.65692,38.99235],[-6.64568,38.96973],[-6.6007,38.96812],[-6.60295,39.03436],[-6.58045,39.03274],[-6.56696,39.01335],[-6.53772,39.02143],[-6.52423,39.01497],[-6.51973,38.96327],[-6.49274,38.95034],[-6.47699,38.96973],[-6.45225,38.96004],[-6.42077,38.98589],[-6.41627,38.9358],[-6.43201,38.92449],[-6.45675,38.93257],[-6.44101,38.91803],[-6.48149,38.90511],[-6.51073,38.90349],[-6.53097,38.88734],[-6.52872,38.88087],[-6.56921,38.86795],[-6.54897,38.81786],[-6.56696,38.79363],[-6.56021,38.7904],[-6.52872,38.75647],[-6.52872,38.7387],[-6.51748,38.72739],[-6.47699,38.75809],[-6.42751,38.76455],[-6.41627,38.76939],[-6.37803,38.75324],[-6.37129,38.76616],[-6.40052,38.77263],[-6.40952,38.79201],[-6.38478,38.82109],[-6.34205,38.80494],[-6.33755,38.79524],[-6.33305,38.80009],[-6.29707,38.84371],[-6.31056,38.85341],[-6.3263,38.87441],[-6.27907,38.88895]],[[-6.42751,38.86149],[-6.42302,38.85018],[-6.38928,38.83079],[-6.42077,38.8114],[-6.459,38.80655],[-6.49949,38.82433],[-6.50398,38.83725],[-6.49049,38.85341],[-6.49499,38.86956],[-6.45675,38.87926],[-6.42751,38.86149]],[[-6.55796,39.07798],[-6.54897,39.0909],[-6.51523,39.11029],[-6.47025,39.08606],[-6.48149,39.0392],[-6.49499,39.03436],[-6.53997,39.04082],[-6.54897,39.0489],[-6.55796,39.07798]],[[-6.37803,38.85341],[-6.39378,38.85664],[-6.39378,38.8938],[-6.38028,38.89541],[-6.36454,38.87926],[-6.37803,38.85341]],[[-6.23184,39.01335],[-6.22509,39.00204],[-6.24758,38.9875],[-6.27907,38.98266],[-6.32181,38.99881],[-6.31731,39.00528],[-6.3443,39.00528],[-6.36454,39.02466],[-6.3398,39.03597],[-6.36679,39.05374],[-6.34879,39.07636],[-6.30831,39.07475],[-6.29707,39.08283],[-6.29707,39.05374],[-6.27907,39.03274],[-6.26558,39.03436],[-6.23184,39.01335]]],[[[-6.25358,38.93576],[-6.24983,38.93419],[-6.24031,38.93854],[-6.25358,38.93576]]],[[[-6.51748,38.96004],[-6.52198,38.93096],[-6.50398,38.9455],[-6.51748,38.96004]]],[[[-6.37578,39.16361],[-6.39828,39.16522],[-6.40052,39.15068],[-6.39378,39.13937],[-6.38028,39.14099],[-6.37578,39.16361]]]]}},{"type":"Feature","id":"06084","properties":{"cod_mun":"06084","nombre":"Mirandilla","cod_prov":"06","cod_ccaa":"11"},"geometry":{"type":"Polygon","coordinates":[[[-6.31731,39.00528],[-6.32181,38.99881],[-6.27907,38.98266],[-6.24758,38.9875],[-6.22509,39.00204],[-6.23184,39.01335],[-6.26558,39.03436],[-6.27907,39.03274],[-6.29707,39.05374],[-6.29707,39.08283],[-6.30831,39.07475],[-6.31506,39.03436],[-6.31731,39.00528]]]}},{"type":"Feature","id":"06085","properties":{"cod_mun":"06085","nombre":"Monesterio","cod_prov":"06","cod_ccaa":"11"},"geometry":{"type":"Polygon","coordinates":[[[-6.3353,38.14415],[-6.31281,38.10537],[-6.31281,38.0876],[-6.29931,38.07144],[-6.32181,38.05852],[-6.31056,38.02297],[-6.30831,37.98582],[-6.30381,37.97774],[-6.25208,37.97127],[-6.23409,37.95835],[-6.19585,37.95673],[-6.18011,37.94058],[-6.13513,37.97289],[-6.16437,38.0149],[-6.10139,37.9842],[-6.10589,38.0149],[-6.0879,38.02782],[-6.06091,38.02621],[-6.05866,38.01328],[-6.03167,37.99712],[-6.00693,37.99066],[-5.99343,37.99874],[-5.95295,37.99551],[-5.97544,38.00359],[-5.97319,38.01813],[-5.99118,38.03267],[-6.00693,38.03913],[-6.03392,38.04236],[-6.05641,38.03105],[-6.11264,38.06013],[-6.11039,38.06821],[-6.13063,38.06337],[-6.16887,38.07306],[-6.16887,38.08922],[-6.2116,38.10699],[-6.23859,38.12476],[-6.27457,38.12637],[-6.27008,38.15222],[-6.28132,38.16677],[-6.31506,38.16353],[-6.31056,38.14576],[-6.3353,38.14415]]]}},{"type":"Feature","id":"06086","properties":{"cod_mun":"06086","nombre":"Montemolín","cod_prov":"06","cod_ccaa":"11"},"geometry":{"type":"MultiPolygon","coordinates":[[[[-6.03167,37.99712],[-6.05866,38.01328],[-6.06091,38.02621],[-6.0879,38.02782],[-6.10589,38.0149],[-6.10139,37.9842],[-6.16437,38.0149],[-6.13513,37.97289],[-6.03167,37.99712]]],[[[-6.11938,38.22008],[-6.12613,38.21523],[-6.18461,38.21685],[-6.21385,38.212],[-6.23859,38.20069],[-6.28132,38.16677],[-6.27008,38.15222],[-6.27457,38.12637],[-6.23859,38.12476],[-6.2116,38.10699],[-6.16887,38.08922],[-6.16887,38.07306],[-6.13063,38.06337],[-6.11039,38.06821],[-6.13063,38.09083],[-6.13063,38.1086],[-6.14637,38.12799],[-6.11039,38.1183],[-6.07665,38.13284],[-6.0744,38.13768],[-6.08115,38.15546],[-6.13963,38.16677],[-6.13513,38.18131],[-6.10139,38.20716],[-6.11938,38.22008]]]]}},{"type":"Feature","id":"06087","properties":{"cod_mun":"06087","nombre":"Monterrubio de la Serena","cod_prov":"06","cod_ccaa":"11"},"geometry":{"type":"MultiPolygon","coordinates":[[[[-5.52562,38.62399],[-5.60434,38.55936],[-5.64032,38.54159],[-5.58409,38.53674],[-5.51212,38.51089],[-5.49638,38.49797],[-5.46489,38.48828],[-5.4514,38.49797],[-5.41091,38.52059],[-5.41541,38.53028],[-5.39517,38.54644],[-5.38392,38.53998],[-5.39067,38.56259],[-5.37043,38.57875],[-5.35693,38.58521],[-5.30745,38.57875],[-5.3097,38.59491],[-5.29396,38.60945],[-5.3142,38.61753],[-5.32095,38.63045],[-5.34344,38.64014],[-5.38842,38.64822],[-5.45364,38.67569],[-5.46714,38.6773],[-5.50762,38.66438],[-5.51212,38.65469],[-5.48513,38.64338],[-5.51437,38.60783],[-5.52562,38.62399]]],[[[-5.26472,38.91965],[-5.27596,38.9358],[-5.28721,38.92288],[-5.3142,38.93419],[-5.33669,38.92449],[-5.34794,38.90672],[-5.32769,38.89864],[-5.30745,38.90511],[-5.27821,38.88734],[-5.25572,38.90349],[-5.26472,38.91965]]]]}},{"type":"Feature","id":"06088","properties":{"cod_mun":"06088","nombre":"Montijo","cod_prov":"06","cod_ccaa":"11"},"geometry":{"type":"Polygon","coordinates":[[[-6.64568,38.96973],[-6.63668,38.95842],[-6.63668,38.90995],[-6.64568,38.90188],[-6.61419,38.89703],[-6.60295,38.86795],[-6.56921,38.86795],[-6.52872,38.88087],[-6.53097,38.88734],[-6.55571,38.88734],[-6.58045,38.90349],[-6.5827,38.93257],[-6.55796,38.92934],[-6.52423,38.9148],[-6.52198,38.93096],[-6.51748,38.96004],[-6.51973,38.96327],[-6.52423,39.01497],[-6.53772,39.02143],[-6.56696,39.01335],[-6.58045,39.03274],[-6.60295,39.03436],[-6.6007,38.96812],[-6.64568,38.96973]]]}},{"type":"Feature","id":"06089","properties":{"cod_mun":"06089","nombre":"Morera, La","cod_prov":"06","cod_ccaa":"11"},"geometry":{"type":"Polygon","coordinates":[[[-6.70865,38.60622],[-6.72665,38.57713],[-6.68166,38.54321],[-6.65243,38.52867],[-6.61419,38.55775],[-6.64793,38.58683],[-6.70865,38.60622]]]}},{"type":"Feature","id":"06097","properties":{"cod_mun":"06097","nombre":"Orellana la Vieja","cod_prov":"06","cod_ccaa":"11"},"geometry":{"type":"Polygon","coordinates":[[[-5.60209,38.99881],[-5.59084,38.98912],[-5.5616,38.99074],[-5.55036,38.97943],[-5.52112,38.98912],[-5.52562,39.03436],[-5.51887,39.04567],[-5.51887,39.06344],[-5.53911,39.06182],[-5.5616,39.04567],[-5.58409,39.01012],[-5.59984,39.01174],[-5.60209,38.99881]]]}},{"type":"Feature","id":"06098","properties":{"cod_mun":"06098","nombre":"Palomas","cod_prov":"06","cod_ccaa":"11"},"geometry":{"type":"Polygon","coordinates":[[[-6.2161,38.68377],[-6.19136,38.66438],[-6.19136,38.68054],[-6.16212,38.68861],[-6.13063,38.67084],[-6.11714,38.68215],[-6.10139,38.71285],[-6.12838,38.72739],[-6.15087,38.729],[-6.18911,38.74516],[-6.18461,38.70315],[-6.18911,38.69023],[-6.2161,38.68377]]]}},{"type":"Feature","id":"06099","properties":{"cod_mun":"06099","nombre":"Parra, La","cod_prov":"06","cod_ccaa":"11"},"geometry":{"type":"Polygon","coordinates":[[[-6.68616,38.53513],[-6.68166,38.5222],[-6.65243,38.50605],[-6.62769,38.4802],[-6.59845,38.48504],[-6.5917,38.47697],[-6.57596,38.48828],[-6.5827,38.52705],[-6.55122,38.53998],[-6.54672,38.5529],[-6.5872,38.59168],[-6.60969,38.58521],[-6.62994,38.59168],[-6.64793,38.58683],[-6.61419,38.55775],[-6.65243,38.52867],[-6.68166,38.54321],[-6.68616,38.53513]]]}},{"type":"Feature","id":"06100","properties":{"cod_mun":"06100","nombre":"Peñalsordo","cod_prov":"06","cod_ccaa":"11"},"geometry":{"type":"Polygon","coordinates":[[[-5.19275,38.83079],[-5.18375,38.82433],[-5.13877,38.82756],[-5.13877,38.79201],[-5.13202,38.77909],[-5.11178,38.77263],[-5.10503,38.78878],[-5.10278,38.84533],[-5.11853,38.85664],[-5.12077,38.86633],[-5.15676,38.87118],[-5.16801,38.88734],[-5.16801,38.86472],[-5.18825,38.84694],[-5.19275,38.83079]]]}},{"type":"Feature","id":"06114","properties":{"cod_mun":"06114","nombre":"Risco","cod_prov":"06","cod_ccaa":"11"},"geometry":{"type":"Polygon","coordinates":[[[-5.16801,38.88734],[-5.15676,38.87118],[-5.12077,38.86633],[-5.11853,38.85664],[-5.08704,38.8631],[-5.09154,38.8841],[-5.0668,38.90511],[-5.07129,38.91965],[-5.12752,38.91965],[-5.16801,38.88734]]]}},{"type":"Feature","id":"06101","properties":{"cod_mun":"06101","nombre":"Peraleda del Zaucejo","cod_prov":"06","cod_ccaa":"11"},"geometry":{"type":"Polygon","coordinates":[[[-5.71229,38.48828],[-5.63133,38.44304],[-5.58409,38.4188],[-5.57285,38.42365],[-5.55261,38.44465],[-5.52337,38.45919],[-5.48513,38.46243],[-5.47838,38.48504],[-5.46489,38.48828],[-5.49638,38.49797],[-5.51212,38.51089],[-5.58409,38.53674],[-5.64032,38.54159],[-5.68305,38.51574],[-5.71229,38.50766],[-5.71229,38.48828]]]}},{"type":"Feature","id":"06102","properties":{"cod_mun":"06102","nombre":"Puebla de Alcocer","cod_prov":"06","cod_ccaa":"11"},"geometry":{"type":"MultiPolygon","coordinates":[[[[-5.08479,39.1523],[-5.10053,39.10221],[-5.12302,39.08121],[-5.12077,39.06021],[-5.195,39.03597],[-5.21299,39.01982],[-5.21074,39.00366],[-5.1905,38.9875],[-5.1905,39.00689],[-5.16126,39.02628],[-5.12302,39.03274],[-5.12752,39.02305],[-5.10053,39.0182],[-5.06904,39.02466],[-5.05555,39.07152],[-5.0533,39.09414],[-5.01282,39.1216],[-4.97458,39.13291],[-5.00382,39.1523],[-5.03756,39.16038],[-5.06005,39.14584],[-5.08479,39.1523]]],[[[-5.38392,39.17492],[-5.39967,39.08767],[-5.41541,39.05213],[-5.41091,39.01982],[-5.38392,39.00366],[-5.23998,38.97781],[-5.20399,38.96165],[-5.195,38.97296],[-5.23773,38.99558],[-5.22648,39.01012],[-5.28946,39.03274],[-5.28721,39.04728],[-5.30295,39.08606],[-5.31645,39.07152],[-5.34569,39.06667],[-5.35693,39.09414],[-5.37717,39.09737],[-5.37942,39.11999],[-5.33669,39.13776],[-5.34794,39.18461],[-5.31645,39.183],[-5.33219,39.20885],[-5.3052,39.21531],[-5.3187,39.22015],[-5.35018,39.21208],[-5.35018,39.23146],[-5.36818,39.21369],[-5.38392,39.17492]],[[-5.39742,39.09898],[-5.38167,39.11514],[-5.37942,39.09737],[-5.39742,39.09898]]],[[[-5.28946,39.23146],[-5.3187,39.22015],[-5.3007,39.21531],[-5.29396,39.19754],[-5.26022,39.20238],[-5.25572,39.21208],[-5.26922,39.23146],[-5.28946,39.23146]]]]}},{"type":"Feature","id":"06104","properties":{"cod_mun":"06104","nombre":"Puebla de la Reina","cod_prov":"06","cod_ccaa":"11"},"geometry":{"type":"Polygon","coordinates":[[[-6.19136,38.66438],[-6.18461,38.65792],[-6.10814,38.62722],[-6.05191,38.62884],[-6.02717,38.61106],[-5.98669,38.62399],[-5.96644,38.61914],[-5.9417,38.62884],[-5.9507,38.63045],[-5.97994,38.66438],[-5.99793,38.67084],[-6.04516,38.70639],[-6.0924,38.71769],[-6.10139,38.71285],[-6.11714,38.68215],[-6.13063,38.67084],[-6.16212,38.68861],[-6.19136,38.68054],[-6.19136,38.66438]]]}},{"type":"Feature","id":"06105","properties":{"cod_mun":"06105","nombre":"Puebla del Maestre","cod_prov":"06","cod_ccaa":"11"},"geometry":{"type":"Polygon","coordinates":[[[-6.11039,38.06821],[-6.11264,38.06013],[-6.05641,38.03105],[-6.03392,38.04236],[-6.00693,38.03913],[-6.00018,38.0666],[-6.02042,38.07791],[-6.02042,38.09083],[-6.04291,38.10052],[-6.05191,38.11022],[-6.07665,38.13284],[-6.11039,38.1183],[-6.14637,38.12799],[-6.13063,38.1086],[-6.13063,38.09083],[-6.11039,38.06821]]]}},{"type":"Feature","id":"06106","properties":{"cod_mun":"06106","nombre":"Puebla del Prior","cod_prov":"06","cod_ccaa":"11"},"geometry":{"type":"Polygon","coordinates":[[[-6.18011,38.63045],[-6.19585,38.62237],[-6.21835,38.6256],[-6.23184,38.61753],[-6.24758,38.59329],[-6.21835,38.56259],[-6.2026,38.55775],[-6.16662,38.55936],[-6.17786,38.57713],[-6.17561,38.61106],[-6.18011,38.63045]]]}},{"type":"Feature","id":"06107","properties":{"cod_mun":"06107","nombre":"Puebla de Obando","cod_prov":"06","cod_ccaa":"11"},"geometry":{"type":"Polygon","coordinates":[[[-6.68166,39.17653],[-6.64793,39.16684],[-6.57371,39.15876],[-6.57821,39.17976],[-6.63443,39.19754],[-6.65917,39.19915],[-6.68166,39.17653]]]}},{"type":"Feature","id":"06109","properties":{"cod_mun":"06109","nombre":"Quintana de la Serena","cod_prov":"06","cod_ccaa":"11"},"geometry":{"type":"Polygon","coordinates":[[[-5.8315,38.80171],[-5.82925,38.78394],[-5.81125,38.75485],[-5.78651,38.74678],[-5.78202,38.73224],[-5.73703,38.71123],[-5.71679,38.69992],[-5.7033,38.72254],[-5.69205,38.71123],[-5.65607,38.70962],[-5.64482,38.73062],[-5.64032,38.74031],[-5.62458,38.77101],[-5.63582,38.7807],[-5.63133,38.79848],[-5.65607,38.80494],[-5.67856,38.82594],[-5.69205,38.80655],[-5.69205,38.78394],[-5.71679,38.78232],[-5.73478,38.78878],[-5.73478,38.81625],[-5.76627,38.82594],[-5.77077,38.79524],[-5.79326,38.79524],[-5.8315,38.80171]]]}},{"type":"Feature","id":"06110","properties":{"cod_mun":"06110","nombre":"Reina","cod_prov":"06","cod_ccaa":"11"},"geometry":{"type":"Polygon","coordinates":[[[-6.04291,38.10052],[-6.02042,38.09083],[-6.02042,38.07791],[-6.00018,38.0666],[-5.97994,38.07144],[-5.97544,38.08114],[-6.00243,38.09568],[-5.98669,38.11345],[-5.98219,38.13607],[-5.96644,38.13122],[-5.92371,38.17646],[-5.89447,38.19423],[-5.85174,38.17161],[-5.83824,38.17484],[-5.83375,38.19585],[-5.85174,38.21362],[-5.86748,38.22008],[-5.88548,38.20554],[-5.90122,38.22493],[-5.91471,38.21039],[-5.93945,38.20716],[-5.96869,38.18292],[-5.96869,38.1603],[-5.98444,38.16192],[-5.99568,38.14899],[-5.98444,38.1393],[-5.99118,38.1183],[-6.02267,38.12153],[-6.04291,38.10052]]]}},{"type":"Feature","id":"06112","properties":{"cod_mun":"06112","nombre":"Retamal de Llerena","cod_prov":"06","cod_ccaa":"11"},"geometry":{"type":"Polygon","coordinates":[[[-5.9417,38.62884],[-5.92821,38.60298],[-5.90122,38.58037],[-5.93496,38.55613],[-5.89447,38.53836],[-5.87198,38.54967],[-5.86074,38.57067],[-5.8315,38.55452],[-5.80226,38.56906],[-5.78202,38.56744],[-5.76177,38.54482],[-5.74828,38.54967],[-5.77527,38.56583],[-5.76627,38.5836],[-5.78651,38.58844],[-5.79776,38.60137],[-5.79776,38.61106],[-5.80226,38.62076],[-5.82475,38.61753],[-5.85849,38.64176],[-5.87873,38.62884],[-5.9417,38.62884]]]}},{"type":"Feature","id":"06113","properties":{"cod_mun":"06113","nombre":"Ribera del Fresno","cod_prov":"06","cod_ccaa":"11"},"geometry":{"type":"Polygon","coordinates":[[[-6.32405,38.51897],[-6.30381,38.49474],[-6.26558,38.47697],[-6.25433,38.49474],[-6.23184,38.48504],[-6.2116,38.50443],[-6.1981,38.49797],[-6.18011,38.50443],[-6.15987,38.52382],[-6.16662,38.55936],[-6.2026,38.55775],[-6.21835,38.56259],[-6.24758,38.59329],[-6.23184,38.61753],[-6.21835,38.6256],[-6.19585,38.62237],[-6.18011,38.63045],[-6.18461,38.65792],[-6.19136,38.66438],[-6.2161,38.68377],[-6.26108,38.66276],[-6.31281,38.65953],[-6.31281,38.64499],[-6.29482,38.6256],[-6.29931,38.59975],[-6.28807,38.57713],[-6.29931,38.53351],[-6.32405,38.51897]]]}},{"type":"Feature","id":"06116","properties":{"cod_mun":"06116","nombre":"Salvaleón","cod_prov":"06","cod_ccaa":"11"},"geometry":{"type":"Polygon","coordinates":[[[-6.8481,38.54482],[-6.84135,38.53674],[-6.80537,38.52705],[-6.79187,38.48181],[-6.78063,38.46404],[-6.72665,38.45596],[-6.71765,38.49958],[-6.73789,38.53028],[-6.77163,38.55452],[-6.78962,38.55775],[-6.81886,38.57552],[-6.82786,38.55452],[-6.8481,38.54482]]]}},{"type":"Feature","id":"06118","properties":{"cod_mun":"06118","nombre":"Sancti-Spíritus","cod_prov":"06","cod_ccaa":"11"},"geometry":{"type":"Polygon","coordinates":[[[-5.21524,38.92449],[-5.20624,38.90672],[-5.186,38.88895],[-5.16801,38.88734],[-5.12752,38.91965],[-5.20399,38.96165],[-5.20399,38.92934],[-5.21524,38.92449]]]}},{"type":"Feature","id":"06117","properties":{"cod_mun":"06117","nombre":"Salvatierra de los Barros","cod_prov":"06","cod_ccaa":"11"},"geometry":{"type":"Polygon","coordinates":[[[-6.73789,38.53028],[-6.71765,38.49958],[-6.72665,38.45596],[-6.66817,38.4495],[-6.64118,38.4495],[-6.61869,38.45919],[-6.60519,38.45435],[-6.5917,38.47697],[-6.59845,38.48504],[-6.62769,38.4802],[-6.65243,38.50605],[-6.68166,38.5222],[-6.68616,38.53513],[-6.69291,38.5319],[-6.73115,38.55613],[-6.73789,38.53028]]]}},{"type":"Feature","id":"06120","properties":{"cod_mun":"06120","nombre":"Santa Amalia","cod_prov":"06","cod_ccaa":"11"},"geometry":{"type":"Polygon","coordinates":[[[-6.14188,39.03113],[-6.14188,39.02951],[-6.12388,39.03274],[-6.05191,39.02951],[-6.03617,39.01982],[-6.06765,38.99558],[-6.0879,38.9875],[-6.08565,38.96489],[-6.10814,38.95519],[-6.05866,38.96165],[-6.03167,38.96973],[-6.01368,39.00366],[-6.00018,39.01335],[-5.99568,39.02951],[-5.96195,39.03597],[-5.92371,39.06505],[-5.92371,39.08283],[-5.93721,39.08444],[-5.98669,39.05051],[-6.00918,39.04728],[-6.02492,39.02305],[-6.0699,39.03759],[-6.11714,39.04567],[-6.0879,39.05374],[-6.06316,39.10221],[-6.09015,39.08444],[-6.12613,39.05051],[-6.14188,39.03113]]]}},{"type":"Feature","id":"06121","properties":{"cod_mun":"06121","nombre":"Santa Marta","cod_prov":"06","cod_ccaa":"11"},"geometry":{"type":"Polygon","coordinates":[[[-6.70865,38.60622],[-6.64793,38.58683],[-6.62994,38.59168],[-6.60969,38.58521],[-6.5872,38.59168],[-6.58495,38.64661],[-6.5962,38.67084],[-6.58045,38.687],[-6.59845,38.71446],[-6.61419,38.70477],[-6.64793,38.70154],[-6.66142,38.71446],[-6.67042,38.69831],[-6.69066,38.69346],[-6.69966,38.68861],[-6.69516,38.63045],[-6.70865,38.60622]]]}},{"type":"Feature","id":"06148","properties":{"cod_mun":"06148","nombre":"Valle de Santa Ana","cod_prov":"06","cod_ccaa":"11"},"geometry":{"type":"Polygon","coordinates":[[[-6.80087,38.37357],[-6.79187,38.35579],[-6.76263,38.36387],[-6.78512,38.3671],[-6.78288,38.37841],[-6.80087,38.37357]]]}},{"type":"Feature","id":"06122","properties":{"cod_mun":"06122","nombre":"Santos de Maimona, Los","cod_prov":"06","cod_ccaa":"11"},"geometry":{"type":"Polygon","coordinates":[[[-6.42751,38.47373],[-6.42976,38.45919],[-6.40277,38.44465],[-6.39603,38.43334],[-6.37129,38.42527],[-6.3398,38.4285],[-6.31731,38.4188],[-6.28582,38.44304],[-6.22734,38.45596],[-6.23184,38.48504],[-6.25433,38.49474],[-6.26558,38.47697],[-6.30381,38.49474],[-6.32405,38.51897],[-6.37354,38.51089],[-6.38478,38.49151],[-6.42751,38.47373]]]}},{"type":"Feature","id":"06123","properties":{"cod_mun":"06123","nombre":"San Vicente de Alcántara","cod_prov":"06","cod_ccaa":"11"},"geometry":{"type":"MultiPolygon","coordinates":[[[[-7.07751,39.31063],[-7.08201,39.33486],[-7.10225,39.34617],[-7.09775,39.3591],[-7.07976,39.35102],[-7.06402,39.37202],[-7.07301,39.38172],[-7.1045,39.38656],[-7.12474,39.38172],[-7.16073,39.36071],[-7.17872,39.33163],[-7.15173,39.32194],[-7.20346,39.26539],[-7.15623,39.24762],[-7.11125,39.23954],[-7.10225,39.24762],[-7.1,39.28801],[-7.07751,39.31063]]],[[[-6.93582,39.39626],[-6.99654,39.42049],[-6.99429,39.42534],[-7.04827,39.43665],[-7.06626,39.41403],[-7.03928,39.39626],[-7.01004,39.38818],[-7.03253,39.36718],[-7.03028,39.35102],[-7.04377,39.32679],[-7.03478,39.31386],[-6.95381,39.28478],[-6.90883,39.30578],[-6.88409,39.30094],[-6.87284,39.32679],[-6.88409,39.38333],[-6.93582,39.39626]]]]}},{"type":"Feature","id":"06154","properties":{"cod_mun":"06154","nombre":"Villanueva del Fresno","cod_prov":"06","cod_ccaa":"11"},"geometry":{"type":"Polygon","coordinates":[[[-7.29792,38.47373],[-7.31592,38.43981],[-7.28893,38.42527],[-7.26869,38.39134],[-7.20121,38.32833],[-7.17647,38.28794],[-7.15848,38.27986],[-7.11125,38.30409],[-7.07751,38.28794],[-7.06851,38.29602],[-7.04602,38.29278],[-7.04602,38.30894],[-7.02803,38.31702],[-6.99654,38.37195],[-7.03253,38.38488],[-7.04827,38.41396],[-7.07076,38.43658],[-7.09775,38.44788],[-7.12474,38.47373],[-7.14723,38.46727],[-7.16972,38.47212],[-7.19671,38.46243],[-7.21246,38.4705],[-7.23495,38.46081],[-7.26194,38.46566],[-7.27318,38.47535],[-7.29792,38.47373]]]}},{"type":"Feature","id":"10012","properties":{"cod_mun":"10012","nombre":"Aldea del Cano","cod_prov":"10","cod_ccaa":"11"},"geometry":{"type":"Polygon","coordinates":[[[-6.29707,39.31548],[-6.3263,39.32032],[-6.32181,39.29609],[-6.35554,39.29286],[-6.36679,39.27832],[-6.32181,39.27024],[-6.30606,39.27832],[-6.29257,39.25085],[-6.26333,39.27993],[-6.27008,39.2864],[-6.27232,39.28801],[-6.29707,39.31548]]]}},{"type":"Feature","id":"06124","properties":{"cod_mun":"06124","nombre":"Segura de León","cod_prov":"06","cod_ccaa":"11"},"geometry":{"type":"Polygon","coordinates":[[[-6.56471,38.12961],[-6.54447,38.11183],[-6.53997,38.09245],[-6.51748,38.09406],[-6.459,38.07952],[-6.44326,38.08598],[-6.43876,38.10052],[-6.40277,38.12314],[-6.38703,38.16192],[-6.37354,38.17161],[-6.37354,38.18615],[-6.39153,38.20231],[-6.40727,38.20393],[-6.41402,38.21523],[-6.42527,38.17808],[-6.44551,38.15869],[-6.48149,38.15061],[-6.54672,38.13607],[-6.56471,38.12961]]]}},{"type":"Feature","id":"06125","properties":{"cod_mun":"06125","nombre":"Siruela","cod_prov":"06","cod_ccaa":"11"},"geometry":{"type":"Polygon","coordinates":[[[-5.20399,38.96165],[-5.12752,38.91965],[-5.07129,38.91965],[-5.0578,38.91965],[-5.0488,38.95034],[-5.01282,38.9455],[-5.00382,38.93257],[-4.97458,38.93096],[-4.96334,38.93904],[-4.97008,38.95842],[-4.96334,38.98427],[-4.98583,38.9972],[-4.96559,39.01012],[-4.97008,39.04244],[-4.97683,39.04567],[-5.01956,39.02951],[-5.06904,39.02466],[-5.10053,39.0182],[-5.12752,39.02305],[-5.12302,39.03274],[-5.16126,39.02628],[-5.1905,39.00689],[-5.1905,38.9875],[-5.195,38.97296],[-5.20399,38.96165]]]}},{"type":"Feature","id":"06126","properties":{"cod_mun":"06126","nombre":"Solana de los Barros","cod_prov":"06","cod_ccaa":"11"},"geometry":{"type":"Polygon","coordinates":[[[-6.62544,38.76616],[-6.61194,38.7387],[-6.63893,38.74031],[-6.59845,38.71446],[-6.57371,38.69346],[-6.54222,38.69023],[-6.51973,38.69508],[-6.51748,38.72739],[-6.52872,38.7387],[-6.52872,38.75647],[-6.56021,38.7904],[-6.56246,38.77909],[-6.59395,38.75324],[-6.62544,38.76616]]]}},{"type":"Feature","id":"10191","properties":{"cod_mun":"10191","nombre":"Torremenga","cod_prov":"10","cod_ccaa":"11"},"geometry":{"type":"Polygon","coordinates":[[[-5.80001,40.0619],[-5.78427,40.0102],[-5.75728,40.02797],[-5.76852,40.04897],[-5.80001,40.0619]]]}},{"type":"Feature","id":"06127","properties":{"cod_mun":"06127","nombre":"Talarrubias","cod_prov":"06","cod_ccaa":"11"},"geometry":{"type":"MultiPolygon","coordinates":[[[[-5.29396,39.19754],[-5.29846,39.183],[-5.28271,39.16199],[-5.25572,39.1523],[-5.25797,39.13614],[-5.27596,39.1313],[-5.32095,39.13937],[-5.32095,39.11999],[-5.29846,39.10545],[-5.30295,39.08606],[-5.28721,39.04728],[-5.28946,39.03274],[-5.22648,39.01012],[-5.21074,39.00366],[-5.21299,39.01982],[-5.195,39.03597],[-5.12077,39.06021],[-5.12302,39.08121],[-5.10053,39.10221],[-5.08479,39.1523],[-5.09603,39.1523],[-5.14102,39.17815],[-5.16801,39.20077],[-5.17475,39.21531],[-5.21524,39.23954],[-5.23773,39.21369],[-5.25572,39.21208],[-5.26022,39.20238],[-5.29396,39.19754]]],[[[-5.30295,39.32032],[-5.33894,39.33325],[-5.32095,39.24277],[-5.3187,39.22015],[-5.28946,39.23146],[-5.3007,39.26055],[-5.28046,39.28478],[-5.28046,39.29609],[-5.30295,39.32032]]]]}},{"type":"Feature","id":"06128","properties":{"cod_mun":"06128","nombre":"Talavera la Real","cod_prov":"06","cod_ccaa":"11"},"geometry":{"type":"Polygon","coordinates":[[[-6.78962,38.91157],[-6.78737,38.87764],[-6.80762,38.87764],[-6.82336,38.8421],[-6.78737,38.85018],[-6.75589,38.83564],[-6.75589,38.82594],[-6.72665,38.82594],[-6.7154,38.83725],[-6.67717,38.82594],[-6.66592,38.83887],[-6.69066,38.85341],[-6.69516,38.86956],[-6.71765,38.86956],[-6.74014,38.88572],[-6.77163,38.90834],[-6.78962,38.91157]]]}},{"type":"Feature","id":"06129","properties":{"cod_mun":"06129","nombre":"Táliga","cod_prov":"06","cod_ccaa":"11"},"geometry":{"type":"Polygon","coordinates":[[[-7.04602,38.54805],[-7.02353,38.51736],[-7.01004,38.48666],[-6.9808,38.5012],[-6.96281,38.52867],[-6.98305,38.53836],[-7.00554,38.55775],[-7.02353,38.56098],[-7.04602,38.54805]]]}},{"type":"Feature","id":"06130","properties":{"cod_mun":"06130","nombre":"Tamurejo","cod_prov":"06","cod_ccaa":"11"},"geometry":{"type":"Polygon","coordinates":[[[-4.97683,39.04567],[-4.97008,39.04244],[-4.96559,39.01012],[-4.98583,38.9972],[-4.96334,38.98427],[-4.97008,38.95842],[-4.96334,38.93904],[-4.91835,38.95681],[-4.9341,38.97619],[-4.96334,39.05859],[-4.97683,39.04567]]]}},{"type":"Feature","id":"06131","properties":{"cod_mun":"06131","nombre":"Torre de Miguel Sesmero","cod_prov":"06","cod_ccaa":"11"},"geometry":{"type":"Polygon","coordinates":[[[-6.80537,38.65792],[-6.80986,38.61429],[-6.79862,38.59006],[-6.74239,38.61429],[-6.7289,38.62884],[-6.73339,38.64338],[-6.72215,38.67246],[-6.73564,38.708],[-6.74914,38.708],[-6.74914,38.68215],[-6.80537,38.65792]]]}},{"type":"Feature","id":"06133","properties":{"cod_mun":"06133","nombre":"Torremejía","cod_prov":"06","cod_ccaa":"11"},"geometry":{"type":"Polygon","coordinates":[[[-6.37129,38.76616],[-6.35779,38.77747],[-6.3443,38.7904],[-6.33755,38.79524],[-6.34205,38.80494],[-6.38478,38.82109],[-6.40952,38.79201],[-6.40052,38.77263],[-6.37129,38.76616]]]}},{"type":"Feature","id":"10001","properties":{"cod_mun":"10001","nombre":"Abadía","cod_prov":"10","cod_ccaa":"11"},"geometry":{"type":"Polygon","coordinates":[[[-6.02942,40.25739],[-6.00468,40.26223],[-5.97094,40.24123],[-5.9417,40.259],[-5.96644,40.27031],[-5.96869,40.2897],[-6.00468,40.30586],[-6.01592,40.31717],[-6.04741,40.31878],[-6.06316,40.30101],[-6.04741,40.27354],[-6.02942,40.25739]]]}},{"type":"Feature","id":"06134","properties":{"cod_mun":"06134","nombre":"Trasierra","cod_prov":"06","cod_ccaa":"11"},"geometry":{"type":"MultiPolygon","coordinates":[[[[-5.96644,38.13122],[-5.98219,38.13607],[-5.98669,38.11345],[-6.00243,38.09568],[-5.97544,38.08114],[-5.96644,38.13122]]],[[[-6.0744,38.13768],[-6.07665,38.13284],[-6.05191,38.11022],[-6.03392,38.13607],[-5.99568,38.14899],[-5.98444,38.16192],[-5.96869,38.1603],[-5.96869,38.18292],[-5.99793,38.212],[-6.05191,38.17969],[-6.06091,38.1603],[-6.04741,38.16192],[-6.0744,38.13768]]]]}},{"type":"Feature","id":"06135","properties":{"cod_mun":"06135","nombre":"Trujillanos","cod_prov":"06","cod_ccaa":"11"},"geometry":{"type":"Polygon","coordinates":[[[-6.24983,38.93419],[-6.22509,38.9455],[-6.22509,38.97781],[-6.24758,38.98427],[-6.28357,38.96004],[-6.27682,38.9455],[-6.24983,38.93419]]]}},{"type":"Feature","id":"06136","properties":{"cod_mun":"06136","nombre":"Usagre","cod_prov":"06","cod_ccaa":"11"},"geometry":{"type":"Polygon","coordinates":[[[-6.31731,38.4188],[-6.31956,38.38488],[-6.31281,38.36226],[-6.30381,38.35256],[-6.28132,38.37033],[-6.26333,38.37357],[-6.23409,38.35579],[-6.16887,38.32348],[-6.12838,38.31217],[-6.10814,38.32994],[-6.0744,38.34772],[-6.06541,38.36387],[-6.07665,38.3978],[-6.06765,38.41719],[-6.08115,38.41557],[-6.10814,38.43011],[-6.11039,38.46404],[-6.12838,38.46566],[-6.14188,38.45758],[-6.16662,38.46081],[-6.18686,38.43819],[-6.2116,38.43173],[-6.22734,38.45596],[-6.28582,38.44304],[-6.31731,38.4188]]]}},{"type":"Feature","id":"06137","properties":{"cod_mun":"06137","nombre":"Valdecaballeros","cod_prov":"06","cod_ccaa":"11"},"geometry":{"type":"Polygon","coordinates":[[[-5.30295,39.32032],[-5.28046,39.29609],[-5.24448,39.26862],[-5.21524,39.23954],[-5.17475,39.21531],[-5.16801,39.20077],[-5.14102,39.22015],[-5.13652,39.27509],[-5.16351,39.30255],[-5.16576,39.31709],[-5.24673,39.30255],[-5.28271,39.32032],[-5.30295,39.32032]]]}},{"type":"Feature","id":"06138","properties":{"cod_mun":"06138","nombre":"Valdetorres","cod_prov":"06","cod_ccaa":"11"},"geometry":{"type":"Polygon","coordinates":[[[-6.06091,38.9358],[-6.07215,38.92773],[-6.0924,38.93257],[-6.12163,38.91157],[-6.08565,38.8841],[-6.06316,38.89057],[-6.05641,38.87279],[-6.04516,38.86956],[-6.03617,38.88572],[-6.04067,38.90995],[-6.01143,38.92611],[-6.02717,38.94711],[-6.06091,38.9358]]]}},{"type":"Feature","id":"06139","properties":{"cod_mun":"06139","nombre":"Valencia de las Torres","cod_prov":"06","cod_ccaa":"11"},"geometry":{"type":"Polygon","coordinates":[[[-6.06765,38.41719],[-6.07665,38.3978],[-6.06541,38.36387],[-6.04067,38.35741],[-6.00018,38.38488],[-5.91921,38.37841],[-5.89672,38.40911],[-5.87873,38.40265],[-5.84949,38.42688],[-5.85174,38.44304],[-5.86973,38.45273],[-5.87423,38.48504],[-5.92146,38.51897],[-5.9552,38.52705],[-5.96869,38.53028],[-6.01143,38.4802],[-6.02717,38.47858],[-6.03167,38.46081],[-6.02042,38.44304],[-6.03617,38.42203],[-6.05641,38.41234],[-6.06765,38.41719]]]}},{"type":"Feature","id":"06140","properties":{"cod_mun":"06140","nombre":"Valencia del Mombuey","cod_prov":"06","cod_ccaa":"11"},"geometry":{"type":"Polygon","coordinates":[[[-7.15848,38.27986],[-7.14273,38.26209],[-7.14273,38.24108],[-7.09775,38.17808],[-7.08651,38.17],[-7.05727,38.18615],[-7.04602,38.18454],[-7.05952,38.21362],[-7.07751,38.22978],[-7.06402,38.2427],[-7.07751,38.28794],[-7.11125,38.30409],[-7.15848,38.27986]]]}},{"type":"Feature","id":"06141","properties":{"cod_mun":"06141","nombre":"Valencia del Ventoso","cod_prov":"06","cod_ccaa":"11"},"geometry":{"type":"Polygon","coordinates":[[[-6.57821,38.30571],[-6.54897,38.27986],[-6.53547,38.28309],[-6.51748,38.25401],[-6.50623,38.25886],[-6.47475,38.2427],[-6.47025,38.21362],[-6.42751,38.20069],[-6.42527,38.17808],[-6.41402,38.21523],[-6.40502,38.23462],[-6.40952,38.27178],[-6.44326,38.30248],[-6.47025,38.30571],[-6.49949,38.30571],[-6.49724,38.3154],[-6.52423,38.32025],[-6.53997,38.30733],[-6.54897,38.3154],[-6.57596,38.30733],[-6.57821,38.30571]]]}},{"type":"Feature","id":"06142","properties":{"cod_mun":"06142","nombre":"Valverde de Burguillos","cod_prov":"06","cod_ccaa":"11"},"geometry":{"type":"Polygon","coordinates":[[[-6.57596,38.30733],[-6.54897,38.3154],[-6.53997,38.30733],[-6.52423,38.32025],[-6.49724,38.3154],[-6.51073,38.35903],[-6.52872,38.34448],[-6.56921,38.33964],[-6.55796,38.33318],[-6.57596,38.30733]]]}},{"type":"Feature","id":"10016","properties":{"cod_mun":"10016","nombre":"Aldehuela del Jerte","cod_prov":"10","cod_ccaa":"11"},"geometry":{"type":"Polygon","coordinates":[[[-6.23184,39.99404],[-6.20935,40.02312],[-6.22959,40.03282],[-6.24084,40.02151],[-6.25883,40.03282],[-6.26558,40.01666],[-6.23184,39.99404]]]}},{"type":"Feature","id":"06143","properties":{"cod_mun":"06143","nombre":"Valverde de Leganés","cod_prov":"06","cod_ccaa":"11"},"geometry":{"type":"Polygon","coordinates":[[[-7.02353,38.69023],[-7.03028,38.66923],[-7.02128,38.63853],[-6.9808,38.61591],[-6.96056,38.62884],[-6.94256,38.62722],[-6.94031,38.64338],[-6.92007,38.64984],[-6.93582,38.69992],[-6.95606,38.71285],[-6.99204,38.71123],[-7.02353,38.69023]]]}},{"type":"Feature","id":"10017","properties":{"cod_mun":"10017","nombre":"Alía","cod_prov":"10","cod_ccaa":"11"},"geometry":{"type":"Polygon","coordinates":[[[-5.37942,39.47542],[-5.33894,39.47219],[-5.29621,39.50289],[-5.28496,39.48027],[-5.26247,39.47381],[-5.28721,39.43503],[-5.27596,39.41403],[-5.29621,39.40757],[-5.31195,39.39141],[-5.32769,39.41241],[-5.32994,39.34617],[-5.30295,39.32032],[-5.28271,39.32032],[-5.24673,39.30255],[-5.16576,39.31709],[-5.15001,39.32032],[-5.11853,39.34294],[-5.11178,39.36879],[-5.11403,39.38818],[-5.08929,39.3898],[-5.05555,39.36395],[-5.01956,39.36879],[-5.01507,39.37525],[-4.99257,39.37041],[-4.97008,39.38333],[-4.97233,39.39464],[-4.95209,39.39464],[-5.00832,39.43503],[-5.03981,39.47058],[-5.0578,39.48996],[-5.08254,39.48996],[-5.12302,39.52228],[-5.14551,39.54974],[-5.20174,39.59175],[-5.21524,39.58206],[-5.31645,39.54974],[-5.35468,39.51743],[-5.37942,39.47542]]]}},{"type":"Feature","id":"10122","properties":{"cod_mun":"10122","nombre":"Millanes","cod_prov":"10","cod_ccaa":"11"},"geometry":{"type":"Polygon","coordinates":[[[-5.59534,39.85348],[-5.59534,39.84379],[-5.5706,39.83571],[-5.52562,39.85186],[-5.52112,39.86156],[-5.5661,39.86964],[-5.5751,39.87933],[-5.59084,39.86802],[-5.59534,39.85348]]]}},{"type":"Feature","id":"06144","properties":{"cod_mun":"06144","nombre":"Valverde de Llerena","cod_prov":"06","cod_ccaa":"11"},"geometry":{"type":"Polygon","coordinates":[[[-5.85174,38.21362],[-5.83375,38.19585],[-5.83824,38.17484],[-5.82475,38.17],[-5.78202,38.18615],[-5.75503,38.18131],[-5.74603,38.18938],[-5.77752,38.20877],[-5.79551,38.24432],[-5.78427,38.25239],[-5.81575,38.24593],[-5.8225,38.22978],[-5.84049,38.23785],[-5.85174,38.21362]]]}},{"type":"Feature","id":"06145","properties":{"cod_mun":"06145","nombre":"Valverde de Mérida","cod_prov":"06","cod_ccaa":"11"},"geometry":{"type":"Polygon","coordinates":[[[-6.27907,38.88895],[-6.22959,38.8631],[-6.22734,38.85664],[-6.20935,38.86633],[-6.2071,38.88734],[-6.19136,38.88734],[-6.19136,38.91157],[-6.18461,38.92934],[-6.2071,38.9455],[-6.26108,38.93419],[-6.27232,38.92288],[-6.27907,38.88895]]]}},{"type":"Feature","id":"06146","properties":{"cod_mun":"06146","nombre":"Valle de la Serena","cod_prov":"06","cod_ccaa":"11"},"geometry":{"type":"MultiPolygon","coordinates":[[[[-5.79776,38.61106],[-5.79776,38.60137],[-5.76627,38.58683],[-5.76402,38.59168],[-5.79776,38.61106]]],[[[-5.8315,38.80171],[-5.86523,38.76455],[-5.88997,38.72739],[-5.91247,38.72416],[-5.92146,38.71446],[-5.88772,38.68215],[-5.86074,38.64176],[-5.836,38.66115],[-5.84949,38.67569],[-5.818,38.68538],[-5.80676,38.66923],[-5.78427,38.66923],[-5.75278,38.68861],[-5.73703,38.71123],[-5.78202,38.73224],[-5.78651,38.74678],[-5.81125,38.75485],[-5.82925,38.78394],[-5.8315,38.80171]]]]}},{"type":"Feature","id":"06149","properties":{"cod_mun":"06149","nombre":"Villafranca de los Barros","cod_prov":"06","cod_ccaa":"11"},"geometry":{"type":"Polygon","coordinates":[[[-6.39378,38.63207],[-6.37354,38.6256],[-6.38478,38.61106],[-6.37578,38.6046],[-6.38028,38.57229],[-6.37129,38.53998],[-6.37354,38.51089],[-6.32405,38.51897],[-6.29931,38.53351],[-6.28807,38.57713],[-6.29931,38.59975],[-6.29482,38.6256],[-6.31281,38.64499],[-6.31281,38.65953],[-6.34205,38.65307],[-6.35779,38.65792],[-6.39378,38.63207]]]}},{"type":"Feature","id":"06150","properties":{"cod_mun":"06150","nombre":"Villagarcía de la Torre","cod_prov":"06","cod_ccaa":"11"},"geometry":{"type":"Polygon","coordinates":[[[-6.13063,38.27501],[-6.10364,38.2734],[-6.09464,38.26209],[-6.05416,38.27178],[-6.05641,38.27986],[-6.02492,38.30894],[-6.04067,38.3154],[-6.02267,38.33318],[-6.04067,38.35741],[-6.06541,38.36387],[-6.0744,38.34772],[-6.10814,38.32994],[-6.12838,38.31217],[-6.13513,38.29763],[-6.13063,38.27501]]]}},{"type":"Feature","id":"06151","properties":{"cod_mun":"06151","nombre":"Villagonzalo","cod_prov":"06","cod_ccaa":"11"},"geometry":{"type":"MultiPolygon","coordinates":[[[[-6.29707,38.75324],[-6.29482,38.76616],[-6.31056,38.77424],[-6.31731,38.76132],[-6.29707,38.75324]]],[[[-6.33305,38.80009],[-6.33755,38.79524],[-6.27008,38.77909],[-6.27008,38.78878],[-6.31056,38.79848],[-6.33305,38.80009]]],[[[-6.22734,38.85664],[-6.22959,38.8421],[-6.19585,38.8324],[-6.18236,38.81625],[-6.18011,38.82917],[-6.15312,38.86795],[-6.19136,38.91157],[-6.19136,38.88734],[-6.2071,38.88734],[-6.20935,38.86633],[-6.22734,38.85664]]]]}},{"type":"Feature","id":"10025","properties":{"cod_mun":"10025","nombre":"Barrado","cod_prov":"10","cod_ccaa":"11"},"geometry":{"type":"Polygon","coordinates":[[[-5.94395,40.0829],[-5.89447,40.05543],[-5.86748,40.06513],[-5.85624,40.08128],[-5.85624,40.09259],[-5.88772,40.09906],[-5.92371,40.09259],[-5.94395,40.0829]]]}},{"type":"Feature","id":"06152","properties":{"cod_mun":"06152","nombre":"Villalba de los Barros","cod_prov":"06","cod_ccaa":"11"},"geometry":{"type":"Polygon","coordinates":[[[-6.59845,38.71446],[-6.58045,38.687],[-6.5962,38.67084],[-6.58495,38.64661],[-6.5872,38.59168],[-6.54672,38.5529],[-6.50623,38.56098],[-6.50623,38.57552],[-6.49274,38.60622],[-6.50174,38.61914],[-6.51748,38.63691],[-6.51523,38.64822],[-6.54222,38.66923],[-6.54222,38.69023],[-6.57371,38.69346],[-6.59845,38.71446]]]}},{"type":"Feature","id":"06153","properties":{"cod_mun":"06153","nombre":"Villanueva de la Serena","cod_prov":"06","cod_ccaa":"11"},"geometry":{"type":"Polygon","coordinates":[[[-5.818,38.95034],[-5.76402,38.9358],[-5.75278,38.92288],[-5.73928,38.92288],[-5.72804,38.93742],[-5.71004,38.93419],[-5.69205,38.94873],[-5.6898,38.97296],[-5.66956,38.97135],[-5.66056,38.98589],[-5.63807,38.98589],[-5.63133,39.01012],[-5.65382,39.0182],[-5.67181,39.01174],[-5.69205,39.04567],[-5.69205,39.0699],[-5.72804,39.06829],[-5.73703,39.04567],[-5.75728,39.0392],[-5.77527,39.04728],[-5.79326,39.03113],[-5.80001,39.01982],[-5.81575,39.02466],[-5.81125,38.98266],[-5.818,38.95034]]]}},{"type":"Feature","id":"06155","properties":{"cod_mun":"06155","nombre":"Villar del Rey","cod_prov":"06","cod_ccaa":"11"},"geometry":{"type":"Polygon","coordinates":[[[-6.89083,39.10706],[-6.88633,39.08606],[-6.86609,39.0796],[-6.87059,39.06829],[-6.84585,39.05536],[-6.80312,39.06021],[-6.80087,39.07798],[-6.78288,39.08444],[-6.76938,39.10221],[-6.78512,39.10545],[-6.78512,39.12322],[-6.76263,39.12806],[-6.76713,39.15068],[-6.78962,39.17815],[-6.81211,39.16684],[-6.86609,39.17007],[-6.87509,39.11837],[-6.89083,39.10706]]]}},{"type":"Feature","id":"06156","properties":{"cod_mun":"06156","nombre":"Villar de Rena","cod_prov":"06","cod_ccaa":"11"},"geometry":{"type":"Polygon","coordinates":[[[-5.89672,39.09575],[-5.87873,39.07475],[-5.83375,39.05698],[-5.82925,39.06344],[-5.79101,39.06667],[-5.77752,39.05213],[-5.72354,39.09898],[-5.73029,39.11352],[-5.75503,39.13291],[-5.81125,39.14422],[-5.818,39.11999],[-5.83375,39.11029],[-5.87198,39.10383],[-5.89672,39.09575]]]}},{"type":"Feature","id":"06157","properties":{"cod_mun":"06157","nombre":"Villarta de los Montes","cod_prov":"06","cod_ccaa":"11"},"geometry":{"type":"Polygon","coordinates":[[[-4.86662,39.24762],[-4.85763,39.23954],[-4.84413,39.22662],[-4.84863,39.21208],[-4.86437,39.21046],[-4.83064,39.17653],[-4.8104,39.19915],[-4.77441,39.18946],[-4.74292,39.1943],[-4.71368,39.18784],[-4.67545,39.17007],[-4.64846,39.16522],[-4.6642,39.18461],[-4.68894,39.20238],[-4.70919,39.21046],[-4.71368,39.24439],[-4.73168,39.2557],[-4.74742,39.26862],[-4.74517,39.27993],[-4.78116,39.28801],[-4.7969,39.27832],[-4.82614,39.2767],[-4.86662,39.24762]]]}},{"type":"Feature","id":"06158","properties":{"cod_mun":"06158","nombre":"Zafra","cod_prov":"06","cod_ccaa":"11"},"geometry":{"type":"Polygon","coordinates":[[[-6.52648,38.47212],[-6.49949,38.45435],[-6.50398,38.4495],[-6.47924,38.43658],[-6.459,38.41557],[-6.43651,38.37357],[-6.42976,38.37841],[-6.40952,38.3978],[-6.39603,38.43334],[-6.40277,38.44465],[-6.42976,38.45919],[-6.42751,38.47373],[-6.44551,38.46404],[-6.48374,38.4802],[-6.49724,38.47858],[-6.51298,38.49635],[-6.52648,38.47212]]]}},{"type":"Feature","id":"06159","properties":{"cod_mun":"06159","nombre":"Zahínos","cod_prov":"06","cod_ccaa":"11"},"geometry":{"type":"Polygon","coordinates":[[[-7.04602,38.29278],[-6.97855,38.29117],[-6.93582,38.30733],[-6.95831,38.32025],[-6.93582,38.33156],[-6.95381,38.33964],[-6.97855,38.32187],[-6.98755,38.33156],[-6.97855,38.34772],[-6.95381,38.35095],[-6.9853,38.37518],[-6.99654,38.37195],[-7.02803,38.31702],[-7.04602,38.30894],[-7.04602,38.29278]]]}},{"type":"Feature","id":"06160","properties":{"cod_mun":"06160","nombre":"Zalamea de la Serena","cod_prov":"06","cod_ccaa":"11"},"geometry":{"type":"MultiPolygon","coordinates":[[[[-5.75278,38.68861],[-5.72129,38.66115],[-5.71229,38.64338],[-5.72129,38.6353],[-5.72354,38.60783],[-5.75728,38.60945],[-5.80226,38.62076],[-5.79776,38.61106],[-5.76402,38.59168],[-5.76627,38.58683],[-5.74828,38.58037],[-5.68081,38.53351],[-5.68305,38.51574],[-5.64032,38.54159],[-5.60434,38.55936],[-5.52562,38.62399],[-5.5571,38.64338],[-5.56385,38.64661],[-5.61558,38.62399],[-5.62683,38.62722],[-5.63133,38.66115],[-5.65382,38.66923],[-5.62908,38.729],[-5.64482,38.73062],[-5.65607,38.70962],[-5.69205,38.71123],[-5.7033,38.72254],[-5.71679,38.69992],[-5.73703,38.71123],[-5.75278,38.68861]]],[[[-5.78427,38.66923],[-5.80676,38.66923],[-5.818,38.68538],[-5.84949,38.67569],[-5.836,38.66115],[-5.80001,38.6353],[-5.80001,38.64661],[-5.77752,38.65145],[-5.78427,38.66923]]]]}},{"type":"Feature","id":"10028","properties":{"cod_mun":"10028","nombre":"Berrocalejo","cod_prov":"10","cod_ccaa":"11"},"geometry":{"type":"Polygon","coordinates":[[[-5.37268,39.80824],[-5.35243,39.79532],[-5.34344,39.78724],[-5.33444,39.81471],[-5.33894,39.84379],[-5.36818,39.85671],[-5.37717,39.85025],[-5.35918,39.82601],[-5.37268,39.80824]]]}},{"type":"Feature","id":"10029","properties":{"cod_mun":"10029","nombre":"Berzocana","cod_prov":"10","cod_ccaa":"11"},"geometry":{"type":"Polygon","coordinates":[[[-5.57735,39.55459],[-5.5661,39.53682],[-5.5751,39.51905],[-5.5571,39.51581],[-5.53686,39.49481],[-5.56835,39.47058],[-5.55261,39.44473],[-5.53236,39.44634],[-5.55261,39.42695],[-5.57285,39.38333],[-5.55261,39.3801],[-5.53236,39.39141],[-5.51212,39.39303],[-5.49863,39.37687],[-5.47164,39.3801],[-5.4469,39.38656],[-5.41541,39.41888],[-5.4334,39.44311],[-5.44915,39.45927],[-5.48063,39.4528],[-5.50537,39.49966],[-5.49863,39.50612],[-5.53911,39.55297],[-5.57735,39.55459]]]}},{"type":"Feature","id":"10030","properties":{"cod_mun":"10030","nombre":"Bohonal de Ibor","cod_prov":"10","cod_ccaa":"11"},"geometry":{"type":"Polygon","coordinates":[[[-5.55261,39.81147],[-5.53011,39.79209],[-5.51887,39.76947],[-5.50537,39.77108],[-5.46714,39.75331],[-5.4424,39.74685],[-5.4334,39.76462],[-5.41991,39.76139],[-5.37268,39.80824],[-5.40191,39.83248],[-5.40866,39.80663],[-5.4424,39.80016],[-5.44915,39.80986],[-5.49413,39.80663],[-5.51662,39.8034],[-5.55261,39.81147]]]}},{"type":"Feature","id":"06161","properties":{"cod_mun":"06161","nombre":"Zarza-Capilla","cod_prov":"06","cod_ccaa":"11"},"geometry":{"type":"Polygon","coordinates":[[[-5.19275,38.83079],[-5.19724,38.81786],[-5.186,38.77263],[-5.195,38.74031],[-5.18375,38.71931],[-5.17026,38.71285],[-5.11853,38.71608],[-5.10053,38.708],[-5.0623,38.72416],[-5.06904,38.74678],[-5.11178,38.77263],[-5.13202,38.77909],[-5.13877,38.79201],[-5.13877,38.82756],[-5.18375,38.82433],[-5.19275,38.83079]]]}},{"type":"Feature","id":"10047","properties":{"cod_mun":"10047","nombre":"Carcaboso","cod_prov":"10","cod_ccaa":"11"},"geometry":{"type":"Polygon","coordinates":[[[-6.25658,40.03443],[-6.22959,40.03282],[-6.20935,40.02312],[-6.18911,40.04574],[-6.19361,40.07482],[-6.22734,40.07159],[-6.25658,40.03443]]]}},{"type":"Feature","id":"06162","properties":{"cod_mun":"06162","nombre":"Zarza, La","cod_prov":"06","cod_ccaa":"11"},"geometry":{"type":"MultiPolygon","coordinates":[[[[-6.35779,38.77747],[-6.35779,38.77101],[-6.31731,38.76132],[-6.31056,38.77424],[-6.29482,38.76616],[-6.29707,38.75324],[-6.27008,38.77424],[-6.3443,38.7904],[-6.35779,38.77747]]],[[[-6.29707,38.84371],[-6.33305,38.80009],[-6.31056,38.79848],[-6.23859,38.79848],[-6.1981,38.7807],[-6.18236,38.81625],[-6.19585,38.8324],[-6.22959,38.8421],[-6.22959,38.84048],[-6.24309,38.8324],[-6.27907,38.8324],[-6.29707,38.84371]]]]}},{"type":"Feature","id":"06901","properties":{"cod_mun":"06901","nombre":"Valdelacalzada","cod_prov":"06","cod_ccaa":"11"},"geometry":{"type":"Polygon","coordinates":[[[-6.74014,38.88572],[-6.71765,38.86956],[-6.69516,38.86956],[-6.65243,38.86633],[-6.64568,38.90188],[-6.68616,38.90349],[-6.7289,38.90995],[-6.74914,38.90349],[-6.74014,38.88572]]]}},{"type":"Feature","id":"06902","properties":{"cod_mun":"06902","nombre":"Pueblonuevo del Guadiana","cod_prov":"06","cod_ccaa":"11"},"geometry":{"type":"Polygon","coordinates":[[[-6.78962,38.91157],[-6.77163,38.90834],[-6.74014,38.88572],[-6.74914,38.90349],[-6.7289,38.90995],[-6.7154,38.93096],[-6.73789,38.94711],[-6.76938,38.94227],[-6.76488,38.95196],[-6.80312,38.93257],[-6.78962,38.91157]]]}},{"type":"Feature","id":"10003","properties":{"cod_mun":"10003","nombre":"Acebo","cod_prov":"10","cod_ccaa":"11"},"geometry":{"type":"Polygon","coordinates":[[[-6.76938,40.20407],[-6.74464,40.18307],[-6.69291,40.17499],[-6.69291,40.17176],[-6.67492,40.18468],[-6.67267,40.20084],[-6.69066,40.24285],[-6.71765,40.2687],[-6.75589,40.24608],[-6.75589,40.23962],[-6.76488,40.23154],[-6.76938,40.20407]]]}},{"type":"Feature","id":"10004","properties":{"cod_mun":"10004","nombre":"Acehúche","cod_prov":"10","cod_ccaa":"11"},"geometry":{"type":"Polygon","coordinates":[[[-6.76263,39.7727],[-6.75364,39.76301],[-6.7154,39.75977],[-6.69741,39.76624],[-6.64793,39.76139],[-6.62769,39.75977],[-6.61419,39.77593],[-6.59395,39.76462],[-6.5827,39.78078],[-6.55346,39.78724],[-6.55122,39.79532],[-6.57821,39.80824],[-6.5827,39.82601],[-6.59845,39.83732],[-6.64793,39.8551],[-6.66367,39.81147],[-6.69966,39.80178],[-6.71765,39.78239],[-6.76263,39.7727]]]}},{"type":"Feature","id":"06903","properties":{"cod_mun":"06903","nombre":"Guadiana","cod_prov":"06","cod_ccaa":"11"},"geometry":{"type":"Polygon","coordinates":[[[-6.68616,38.90995],[-6.64793,38.91157],[-6.63893,38.94065],[-6.64793,38.9665],[-6.66367,38.96812],[-6.68391,38.95681],[-6.70865,38.95519],[-6.70641,38.91319],[-6.68616,38.90995]]]}},{"type":"Feature","id":"10002","properties":{"cod_mun":"10002","nombre":"Abertura","cod_prov":"10","cod_ccaa":"11"},"geometry":{"type":"Polygon","coordinates":[[[-5.84274,39.21046],[-5.81575,39.19269],[-5.78202,39.22015],[-5.76852,39.22177],[-5.76402,39.23308],[-5.77752,39.25408],[-5.76627,39.27024],[-5.77752,39.28316],[-5.79101,39.31225],[-5.8135,39.31871],[-5.818,39.29932],[-5.836,39.27832],[-5.84724,39.25731],[-5.836,39.23954],[-5.84274,39.21046]]]}},{"type":"Feature","id":"10005","properties":{"cod_mun":"10005","nombre":"Aceituna","cod_prov":"10","cod_ccaa":"11"},"geometry":{"type":"Polygon","coordinates":[[[-6.35554,40.16045],[-6.34655,40.1136],[-6.32181,40.11683],[-6.27232,40.09906],[-6.26108,40.11198],[-6.24309,40.11037],[-6.23859,40.11844],[-6.24758,40.11683],[-6.28807,40.14914],[-6.29482,40.15883],[-6.35554,40.16045]]]}},{"type":"Feature","id":"10006","properties":{"cod_mun":"10006","nombre":"Ahigal","cod_prov":"10","cod_ccaa":"11"},"geometry":{"type":"Polygon","coordinates":[[[-6.26783,40.20084],[-6.24084,40.19922],[-6.21835,40.19115],[-6.2071,40.17014],[-6.21385,40.1556],[-6.20485,40.14591],[-6.22734,40.12329],[-6.1981,40.10713],[-6.17786,40.10552],[-6.15762,40.13137],[-6.18011,40.18468],[-6.17336,40.20407],[-6.20935,40.22346],[-6.25658,40.217],[-6.26783,40.20084]]]}},{"type":"Feature","id":"10007","properties":{"cod_mun":"10007","nombre":"Albalá","cod_prov":"10","cod_ccaa":"11"},"geometry":{"type":"Polygon","coordinates":[[[-6.25658,39.28155],[-6.24758,39.23793],[-6.24084,39.23631],[-6.22059,39.24116],[-6.1981,39.2347],[-6.16212,39.26055],[-6.16437,39.27832],[-6.18686,39.29124],[-6.25658,39.28155]]]}},{"type":"Feature","id":"10008","properties":{"cod_mun":"10008","nombre":"Alcántara","cod_prov":"10","cod_ccaa":"11"},"geometry":{"type":"Polygon","coordinates":[[[-7.06402,39.65799],[-7.03928,39.64183],[-7.01229,39.60629],[-7.01229,39.58367],[-6.9808,39.55297],[-6.94256,39.51258],[-6.92007,39.51581],[-6.8571,39.54974],[-6.8571,39.59983],[-6.86159,39.65799],[-6.8481,39.67738],[-6.82336,39.67415],[-6.81886,39.68869],[-6.82786,39.70807],[-6.82786,39.73392],[-6.75589,39.742],[-6.74464,39.72423],[-6.75589,39.70484],[-6.69291,39.70807],[-6.65468,39.70484],[-6.60295,39.70969],[-6.60519,39.721],[-6.62769,39.73392],[-6.64793,39.76139],[-6.69741,39.76624],[-6.7154,39.75977],[-6.75364,39.76301],[-6.76263,39.7727],[-6.81661,39.75977],[-6.85935,39.77755],[-6.8436,39.78886],[-6.82786,39.82601],[-6.89758,39.8551],[-6.91557,39.85833],[-6.95831,39.8244],[-6.96955,39.8244],[-6.98755,39.80986],[-6.9763,39.7727],[-6.99429,39.74039],[-6.98755,39.72746],[-7.00554,39.70161],[-7.01453,39.67091],[-7.06402,39.65799]],[[-6.95156,39.77431],[-6.95381,39.7937],[-6.92007,39.78724],[-6.92682,39.77593],[-6.95156,39.77431]]]}},{"type":"Feature","id":"10129","properties":{"cod_mun":"10129","nombre":"Morcillo","cod_prov":"10","cod_ccaa":"11"},"geometry":{"type":"Polygon","coordinates":[[[-6.42302,40.00697],[-6.43201,39.98111],[-6.40502,39.97142],[-6.40052,39.96011],[-6.39603,39.96011],[-6.39153,40.01343],[-6.40277,40.03766],[-6.41852,40.03282],[-6.42302,40.00697]]]}},{"type":"Feature","id":"10009","properties":{"cod_mun":"10009","nombre":"Alcollarín","cod_prov":"10","cod_ccaa":"11"},"geometry":{"type":"Polygon","coordinates":[[[-5.76852,39.22177],[-5.72804,39.21046],[-5.72579,39.1523],[-5.71454,39.13453],[-5.6898,39.15715],[-5.66281,39.16199],[-5.65607,39.1733],[-5.6943,39.23954],[-5.73254,39.27347],[-5.72804,39.28478],[-5.74828,39.29124],[-5.76627,39.27024],[-5.77752,39.25408],[-5.76402,39.23308],[-5.76852,39.22177]]]}},{"type":"Feature","id":"10010","properties":{"cod_mun":"10010","nombre":"Alcuéscar","cod_prov":"10","cod_ccaa":"11"},"geometry":{"type":"MultiPolygon","coordinates":[[[[-6.17111,39.07152],[-6.22059,39.1006],[-6.23184,39.08929],[-6.2026,39.05698],[-6.16887,39.05859],[-6.17111,39.07152]]],[[[-6.24758,39.23793],[-6.27232,39.20723],[-6.30606,39.19592],[-6.31956,39.18461],[-6.30156,39.16845],[-6.27907,39.1313],[-6.25433,39.13614],[-6.2116,39.1313],[-6.17336,39.13776],[-6.16887,39.15391],[-6.19136,39.19592],[-6.20035,39.21046],[-6.23184,39.23631],[-6.24084,39.23631],[-6.24758,39.23793]]]]}},{"type":"Feature","id":"10011","properties":{"cod_mun":"10011","nombre":"Aldeacentenera","cod_prov":"10","cod_ccaa":"11"},"geometry":{"type":"Polygon","coordinates":[[[-5.6988,39.52712],[-5.68081,39.51581],[-5.6988,39.49966],[-5.67181,39.48996],[-5.67856,39.48189],[-5.66056,39.46735],[-5.64257,39.4625],[-5.61558,39.4835],[-5.58409,39.48996],[-5.59309,39.50127],[-5.5751,39.51905],[-5.5661,39.53682],[-5.57735,39.55459],[-5.59309,39.57398],[-5.66731,39.59336],[-5.6988,39.5659],[-5.69205,39.54166],[-5.6988,39.52712]]]}},{"type":"Feature","id":"10048","properties":{"cod_mun":"10048","nombre":"Carrascalejo","cod_prov":"10","cod_ccaa":"11"},"geometry":{"type":"Polygon","coordinates":[[[-5.20174,39.59175],[-5.20624,39.59983],[-5.18375,39.6176],[-5.1725,39.63537],[-5.18375,39.66284],[-5.24448,39.67899],[-5.25122,39.66445],[-5.27821,39.65637],[-5.25122,39.62729],[-5.20174,39.59175]]]}},{"type":"Feature","id":"10013","properties":{"cod_mun":"10013","nombre":"Aldea del Obispo, La","cod_prov":"10","cod_ccaa":"11"},"geometry":{"type":"Polygon","coordinates":[[[-5.90797,39.52389],[-5.89222,39.53682],[-5.89672,39.57398],[-5.89222,39.59013],[-5.90122,39.60791],[-5.96195,39.5966],[-5.95295,39.55459],[-5.93945,39.5352],[-5.92146,39.5352],[-5.90797,39.52389]]]}},{"type":"Feature","id":"10049","properties":{"cod_mun":"10049","nombre":"Casar de Cáceres","cod_prov":"10","cod_ccaa":"11"},"geometry":{"type":"MultiPolygon","coordinates":[[[[-6.47475,39.46088],[-6.47924,39.49158],[-6.44551,39.51258],[-6.49724,39.53682],[-6.52872,39.5449],[-6.52872,39.50935],[-6.50623,39.48996],[-6.50398,39.47381],[-6.47475,39.46088]]],[[[-6.56471,39.61598],[-6.57146,39.61114],[-6.55796,39.57721],[-6.53547,39.58367],[-6.53772,39.57398],[-6.50623,39.56428],[-6.48824,39.57398],[-6.468,39.5659],[-6.45225,39.53843],[-6.42077,39.53359],[-6.38253,39.55136],[-6.38928,39.59013],[-6.42077,39.59821],[-6.43201,39.62406],[-6.46575,39.62729],[-6.49949,39.62406],[-6.51973,39.61437],[-6.56471,39.61598]]]]}},{"type":"Feature","id":"10014","properties":{"cod_mun":"10014","nombre":"Aldeanueva de la Vera","cod_prov":"10","cod_ccaa":"11"},"geometry":{"type":"Polygon","coordinates":[[[-5.74378,40.12491],[-5.70105,40.11037],[-5.68755,40.08936],[-5.67631,40.14752],[-5.68081,40.17661],[-5.6898,40.17337],[-5.73478,40.17014],[-5.75278,40.15722],[-5.74378,40.12491]]]}},{"type":"Feature","id":"10015","properties":{"cod_mun":"10015","nombre":"Aldeanueva del Camino","cod_prov":"10","cod_ccaa":"11"},"geometry":{"type":"Polygon","coordinates":[[[-5.97094,40.24123],[-5.9642,40.22992],[-5.94845,40.23315],[-5.92596,40.25254],[-5.88098,40.24931],[-5.90797,40.2687],[-5.91696,40.27839],[-5.9642,40.29132],[-5.96869,40.2897],[-5.96644,40.27031],[-5.9417,40.259],[-5.97094,40.24123]]]}},{"type":"Feature","id":"10018","properties":{"cod_mun":"10018","nombre":"Aliseda","cod_prov":"10","cod_ccaa":"11"},"geometry":{"type":"Polygon","coordinates":[[[-6.7109,39.35102],[-6.67942,39.36718],[-6.66142,39.36556],[-6.63443,39.38495],[-6.65917,39.41565],[-6.64793,39.42372],[-6.68391,39.45604],[-6.69741,39.4625],[-6.70416,39.44796],[-6.74014,39.4415],[-6.75813,39.4108],[-6.73115,39.37849],[-6.73564,39.36233],[-6.7109,39.35102]]]}},{"type":"Feature","id":"10019","properties":{"cod_mun":"10019","nombre":"Almaraz","cod_prov":"10","cod_ccaa":"11"},"geometry":{"type":"Polygon","coordinates":[[[-5.70555,39.80501],[-5.69655,39.78239],[-5.64482,39.76624],[-5.62008,39.77755],[-5.64932,39.80178],[-5.64482,39.82278],[-5.65607,39.83894],[-5.68081,39.83409],[-5.70555,39.80501]]]}},{"type":"Feature","id":"10020","properties":{"cod_mun":"10020","nombre":"Almoharín","cod_prov":"10","cod_ccaa":"11"},"geometry":{"type":"Polygon","coordinates":[[[-6.12613,39.05051],[-6.09015,39.08444],[-6.06316,39.10221],[-6.01592,39.12968],[-6.00693,39.13453],[-5.98894,39.17815],[-5.99118,39.20077],[-6.03842,39.204],[-6.0789,39.18623],[-6.09015,39.17492],[-6.09464,39.1216],[-6.10814,39.11029],[-6.13288,39.10706],[-6.13288,39.07636],[-6.12613,39.05051]]]}},{"type":"Feature","id":"10021","properties":{"cod_mun":"10021","nombre":"Arroyo de la Luz","cod_prov":"10","cod_ccaa":"11"},"geometry":{"type":"Polygon","coordinates":[[[-6.64793,39.50935],[-6.61869,39.45119],[-6.57821,39.44957],[-6.57821,39.45765],[-6.54897,39.46573],[-6.54222,39.47865],[-6.52423,39.46896],[-6.50398,39.47381],[-6.50623,39.48996],[-6.52872,39.50935],[-6.52872,39.5449],[-6.54447,39.54651],[-6.55796,39.57721],[-6.57146,39.61114],[-6.60969,39.59175],[-6.62319,39.57398],[-6.63218,39.53682],[-6.64793,39.50935]]]}},{"type":"Feature","id":"10051","properties":{"cod_mun":"10051","nombre":"Casares de las Hurdes","cod_prov":"10","cod_ccaa":"11"},"geometry":{"type":"Polygon","coordinates":[[[-6.36454,40.42218],[-6.36229,40.41572],[-6.33305,40.42703],[-6.30381,40.42218],[-6.26333,40.43834],[-6.26558,40.44642],[-6.27457,40.45773],[-6.33305,40.44803],[-6.36454,40.42218]]]}},{"type":"Feature","id":"10022","properties":{"cod_mun":"10022","nombre":"Arroyomolinos de la Vera","cod_prov":"10","cod_ccaa":"11"},"geometry":{"type":"Polygon","coordinates":[[[-5.91471,40.01666],[-5.88323,40.03605],[-5.85174,40.0312],[-5.82925,40.06351],[-5.836,40.07321],[-5.85624,40.08128],[-5.86748,40.06513],[-5.89447,40.05543],[-5.91921,40.03282],[-5.91471,40.01666]]]}},{"type":"Feature","id":"10023","properties":{"cod_mun":"10023","nombre":"Arroyomolinos","cod_prov":"10","cod_ccaa":"11"},"geometry":{"type":"Polygon","coordinates":[[[-6.2116,39.1313],[-6.2161,39.10706],[-6.16887,39.0796],[-6.17111,39.07152],[-6.16887,39.05859],[-6.15312,39.05213],[-6.14188,39.03113],[-6.12613,39.05051],[-6.13288,39.07636],[-6.13288,39.10706],[-6.10814,39.11029],[-6.09464,39.1216],[-6.09015,39.17492],[-6.0789,39.18623],[-6.09015,39.204],[-6.11039,39.18946],[-6.16662,39.19915],[-6.19136,39.19592],[-6.16887,39.15391],[-6.17336,39.13776],[-6.2116,39.1313]]]}},{"type":"Feature","id":"10024","properties":{"cod_mun":"10024","nombre":"Baños de Montemayor","cod_prov":"10","cod_ccaa":"11"},"geometry":{"type":"Polygon","coordinates":[[[-5.91696,40.27839],[-5.90797,40.2687],[-5.87423,40.29293],[-5.85624,40.29778],[-5.83824,40.31555],[-5.84724,40.32847],[-5.84949,40.33817],[-5.88323,40.32686],[-5.91696,40.27839]]]}},{"type":"Feature","id":"10026","properties":{"cod_mun":"10026","nombre":"Belvís de Monroy","cod_prov":"10","cod_ccaa":"11"},"geometry":{"type":"Polygon","coordinates":[[[-5.65607,39.83894],[-5.64482,39.82278],[-5.64932,39.80178],[-5.62008,39.77755],[-5.60434,39.78078],[-5.59984,39.79532],[-5.57285,39.79532],[-5.5616,39.80824],[-5.5706,39.83571],[-5.59534,39.84379],[-5.59534,39.85348],[-5.63357,39.85186],[-5.65607,39.83894]]]}},{"type":"Feature","id":"10027","properties":{"cod_mun":"10027","nombre":"Benquerencia","cod_prov":"10","cod_ccaa":"11"},"geometry":{"type":"Polygon","coordinates":[[[-6.11489,39.32032],[-6.10139,39.28963],[-6.0924,39.28316],[-6.07665,39.29124],[-6.06541,39.32032],[-6.07215,39.32679],[-6.11489,39.32032]]]}},{"type":"Feature","id":"10031","properties":{"cod_mun":"10031","nombre":"Botija","cod_prov":"10","cod_ccaa":"11"},"geometry":{"type":"Polygon","coordinates":[[[-6.12163,39.32355],[-6.11489,39.32032],[-6.07215,39.32679],[-6.06541,39.32032],[-6.04516,39.33971],[-6.08565,39.36718],[-6.10589,39.36395],[-6.10364,39.34456],[-6.12163,39.32355]]]}},{"type":"Feature","id":"10032","properties":{"cod_mun":"10032","nombre":"Brozas","cod_prov":"10","cod_ccaa":"11"},"geometry":{"type":"Polygon","coordinates":[[[-6.94256,39.51258],[-6.93132,39.5045],[-6.88184,39.4835],[-6.86609,39.47058],[-6.8391,39.46735],[-6.78288,39.43988],[-6.76263,39.44473],[-6.7244,39.46735],[-6.68841,39.47219],[-6.64793,39.50935],[-6.63218,39.53682],[-6.62319,39.57398],[-6.69741,39.61598],[-6.69291,39.70807],[-6.75589,39.70484],[-6.74914,39.67576],[-6.76038,39.65637],[-6.79637,39.6386],[-6.81436,39.6176],[-6.8526,39.60952],[-6.8571,39.59983],[-6.8571,39.54974],[-6.92007,39.51581],[-6.94256,39.51258]]]}},{"type":"Feature","id":"10033","properties":{"cod_mun":"10033","nombre":"Cabañas del Castillo","cod_prov":"10","cod_ccaa":"11"},"geometry":{"type":"Polygon","coordinates":[[[-5.59309,39.57398],[-5.57735,39.55459],[-5.53911,39.55297],[-5.49863,39.50612],[-5.50537,39.49966],[-5.48063,39.4528],[-5.44915,39.45927],[-5.4334,39.44311],[-5.42666,39.44957],[-5.48738,39.51905],[-5.42216,39.56267],[-5.44465,39.59498],[-5.47389,39.5869],[-5.49188,39.59336],[-5.53236,39.58206],[-5.57285,39.61114],[-5.59084,39.59983],[-5.59309,39.57398]]]}},{"type":"Feature","id":"10034","properties":{"cod_mun":"10034","nombre":"Cabezabellosa","cod_prov":"10","cod_ccaa":"11"},"geometry":{"type":"Polygon","coordinates":[[[-6.03617,40.11198],[-6.03392,40.09582],[-6.00018,40.08452],[-5.99343,40.08936],[-6.00018,40.10713],[-5.97094,40.10875],[-5.9552,40.12652],[-5.96644,40.14752],[-6.02267,40.17014],[-6.02717,40.1653],[-6.00918,40.15237],[-6.01592,40.12975],[-6.03617,40.11198]]]}},{"type":"Feature","id":"10035","properties":{"cod_mun":"10035","nombre":"Cabezuela del Valle","cod_prov":"10","cod_ccaa":"11"},"geometry":{"type":"Polygon","coordinates":[[[-5.88548,40.21215],[-5.86074,40.2073],[-5.82475,40.19276],[-5.79776,40.1556],[-5.78427,40.1556],[-5.75728,40.17014],[-5.73478,40.17014],[-5.75728,40.19761],[-5.76852,40.19922],[-5.80001,40.24931],[-5.82025,40.24931],[-5.85399,40.22831],[-5.88548,40.21215]]]}},{"type":"Feature","id":"10036","properties":{"cod_mun":"10036","nombre":"Cabrero","cod_prov":"10","cod_ccaa":"11"},"geometry":{"type":"Polygon","coordinates":[[[-5.91022,40.13298],[-5.88772,40.09906],[-5.87423,40.10552],[-5.87648,40.12491],[-5.91022,40.13298]]]}},{"type":"Feature","id":"10037","properties":{"cod_mun":"10037","nombre":"Cáceres","cod_prov":"10","cod_ccaa":"11"},"geometry":{"type":"Polygon","coordinates":[[[-6.80312,39.3898],[-6.79187,39.36718],[-6.79637,39.34456],[-6.77163,39.3284],[-6.74914,39.32517],[-6.76038,39.2767],[-6.77838,39.26539],[-6.80087,39.23954],[-6.79862,39.22015],[-6.76713,39.18784],[-6.75139,39.1943],[-6.68166,39.17653],[-6.65917,39.19915],[-6.63443,39.19754],[-6.57821,39.17976],[-6.57371,39.15876],[-6.53772,39.15553],[-6.53997,39.18138],[-6.49049,39.16845],[-6.45675,39.1733],[-6.43876,39.17653],[-6.40727,39.16522],[-6.39828,39.16522],[-6.37578,39.16361],[-6.34205,39.18461],[-6.31956,39.18461],[-6.32181,39.1943],[-6.30606,39.22985],[-6.29257,39.25085],[-6.30606,39.27832],[-6.32181,39.27024],[-6.36679,39.27832],[-6.35554,39.29286],[-6.32181,39.29609],[-6.3263,39.32032],[-6.29707,39.31548],[-6.28807,39.32679],[-6.28132,39.35425],[-6.26108,39.35264],[-6.28132,39.38818],[-6.25883,39.40434],[-6.23184,39.4011],[-6.22959,39.37849],[-6.2026,39.38495],[-6.20035,39.34779],[-6.17561,39.3591],[-6.10589,39.36395],[-6.08565,39.36718],[-6.0924,39.40434],[-6.0834,39.40595],[-6.0834,39.42534],[-6.0924,39.4415],[-6.08115,39.4528],[-6.09464,39.46573],[-6.11714,39.5045],[-6.13288,39.5142],[-6.14412,39.54005],[-6.17786,39.55136],[-6.19136,39.56751],[-6.20485,39.56751],[-6.24084,39.58206],[-6.27457,39.58367],[-6.28582,39.59498],[-6.30606,39.59175],[-6.34205,39.59336],[-6.37354,39.60144],[-6.41852,39.62245],[-6.43651,39.6483],[-6.46575,39.62729],[-6.43201,39.62406],[-6.42077,39.59821],[-6.38928,39.59013],[-6.38253,39.55136],[-6.42077,39.53359],[-6.45225,39.53843],[-6.468,39.5659],[-6.48824,39.57398],[-6.50623,39.56428],[-6.53772,39.57398],[-6.53547,39.58367],[-6.55796,39.57721],[-6.54447,39.54651],[-6.52872,39.5449],[-6.49724,39.53682],[-6.44551,39.51258],[-6.47924,39.49158],[-6.47475,39.46088],[-6.45675,39.44957],[-6.47699,39.40918],[-6.50848,39.42049],[-6.51073,39.42857],[-6.54672,39.43019],[-6.52423,39.46896],[-6.54222,39.47865],[-6.54897,39.46573],[-6.57821,39.45765],[-6.57821,39.44957],[-6.61869,39.45119],[-6.64793,39.50935],[-6.68841,39.47219],[-6.7244,39.46735],[-6.76263,39.44473],[-6.79862,39.40434],[-6.80312,39.3898]],[[-6.7109,39.35102],[-6.73564,39.36233],[-6.73115,39.37849],[-6.75813,39.4108],[-6.74014,39.4415],[-6.70416,39.44796],[-6.69741,39.4625],[-6.68391,39.45604],[-6.64793,39.42372],[-6.65917,39.41565],[-6.63443,39.38495],[-6.66142,39.36556],[-6.67942,39.36718],[-6.7109,39.35102]],[[-6.26108,39.41726],[-6.29032,39.42049],[-6.29931,39.44473],[-6.28357,39.45927],[-6.23184,39.44796],[-6.23859,39.41888],[-6.26108,39.41726]]]}},{"type":"Feature","id":"10038","properties":{"cod_mun":"10038","nombre":"Cachorrilla","cod_prov":"10","cod_ccaa":"11"},"geometry":{"type":"MultiPolygon","coordinates":[[[[-6.7199,39.90518],[-6.7244,39.90356],[-6.68841,39.87771],[-6.64793,39.8551],[-6.62769,39.86802],[-6.62319,39.88418],[-6.65468,39.91003],[-6.66142,39.93588],[-6.68841,39.92457],[-6.7199,39.90518]]],[[[-6.69291,39.9278],[-6.73564,39.93103],[-6.73339,39.91811],[-6.69291,39.9278]]]]}},{"type":"Feature","id":"10039","properties":{"cod_mun":"10039","nombre":"Cadalso","cod_prov":"10","cod_ccaa":"11"},"geometry":{"type":"MultiPolygon","coordinates":[[[[-6.53772,40.22669],[-6.52648,40.238],[-6.53997,40.24769],[-6.55346,40.238],[-6.53772,40.22669]]],[[[-6.50848,40.26708],[-6.53322,40.27193],[-6.52648,40.24769],[-6.50848,40.26708]]]]}},{"type":"Feature","id":"10040","properties":{"cod_mun":"10040","nombre":"Calzadilla","cod_prov":"10","cod_ccaa":"11"},"geometry":{"type":"Polygon","coordinates":[[[-6.61194,40.08613],[-6.60295,40.08775],[-6.6007,40.06028],[-6.5872,40.0619],[-6.59845,40.04089],[-6.59395,40.02797],[-6.55571,40.01343],[-6.53772,40.02151],[-6.49949,40.00697],[-6.50174,40.02797],[-6.48374,40.02797],[-6.49724,40.03928],[-6.50848,40.07321],[-6.54222,40.10229],[-6.5962,40.10875],[-6.61194,40.08613]]]}},{"type":"Feature","id":"10041","properties":{"cod_mun":"10041","nombre":"Caminomorisco","cod_prov":"10","cod_ccaa":"11"},"geometry":{"type":"Polygon","coordinates":[[[-6.3263,40.29939],[-6.30831,40.30586],[-6.23409,40.30424],[-6.2116,40.31878],[-6.20035,40.31555],[-6.18236,40.33171],[-6.13738,40.32847],[-6.12838,40.31878],[-6.11938,40.34625],[-6.10589,40.35756],[-6.08565,40.36079],[-6.0879,40.37694],[-6.06765,40.39795],[-6.0744,40.40279],[-6.11714,40.41572],[-6.15537,40.40118],[-6.19136,40.3721],[-6.23409,40.37694],[-6.25883,40.36887],[-6.29931,40.37694],[-6.32181,40.35271],[-6.32405,40.33332],[-6.30831,40.31717],[-6.3263,40.29939]]]}},{"type":"Feature","id":"10052","properties":{"cod_mun":"10052","nombre":"Casas de Don Antonio","cod_prov":"10","cod_ccaa":"11"},"geometry":{"type":"Polygon","coordinates":[[[-6.31956,39.18461],[-6.30606,39.19592],[-6.27232,39.20723],[-6.24758,39.23793],[-6.25658,39.28155],[-6.26333,39.27993],[-6.29257,39.25085],[-6.30606,39.22985],[-6.32181,39.1943],[-6.31956,39.18461]]]}},{"type":"Feature","id":"10042","properties":{"cod_mun":"10042","nombre":"Campillo de Deleitosa","cod_prov":"10","cod_ccaa":"11"},"geometry":{"type":"Polygon","coordinates":[[[-5.62458,39.72261],[-5.62458,39.71777],[-5.61558,39.71777],[-5.5661,39.67576],[-5.55261,39.66607],[-5.54811,39.69353],[-5.57285,39.72746],[-5.5616,39.74039],[-5.57735,39.75008],[-5.59984,39.73069],[-5.62458,39.72261]]]}},{"type":"Feature","id":"10137","properties":{"cod_mun":"10137","nombre":"Palomero","cod_prov":"10","cod_ccaa":"11"},"geometry":{"type":"Polygon","coordinates":[[[-6.32405,40.25254],[-6.30606,40.22669],[-6.28132,40.22992],[-6.22959,40.23477],[-6.23634,40.24769],[-6.25883,40.27031],[-6.28132,40.25739],[-6.29707,40.26062],[-6.32405,40.25254]]]}},{"type":"Feature","id":"10043","properties":{"cod_mun":"10043","nombre":"Campo Lugar","cod_prov":"10","cod_ccaa":"11"},"geometry":{"type":"Polygon","coordinates":[[[-5.81575,39.19269],[-5.82475,39.15715],[-5.81125,39.14422],[-5.75503,39.13291],[-5.73029,39.11352],[-5.72579,39.11191],[-5.6943,39.13937],[-5.71454,39.13453],[-5.72579,39.1523],[-5.72804,39.21046],[-5.76852,39.22177],[-5.78202,39.22015],[-5.81575,39.19269]]]}},{"type":"Feature","id":"10053","properties":{"cod_mun":"10053","nombre":"Casas de Don Gómez","cod_prov":"10","cod_ccaa":"11"},"geometry":{"type":"Polygon","coordinates":[[[-6.65018,40.01666],[-6.62994,39.99404],[-6.59845,39.97627],[-6.57146,39.99242],[-6.55571,40.01343],[-6.59395,40.02797],[-6.59845,40.04089],[-6.61644,40.05059],[-6.62094,40.03605],[-6.63218,40.01827],[-6.65018,40.01666]]]}},{"type":"Feature","id":"10044","properties":{"cod_mun":"10044","nombre":"Cañamero","cod_prov":"10","cod_ccaa":"11"},"geometry":{"type":"Polygon","coordinates":[[[-5.47164,39.3801],[-5.4424,39.33971],[-5.43115,39.30094],[-5.39967,39.29932],[-5.36818,39.2864],[-5.35468,39.27185],[-5.33894,39.33325],[-5.30295,39.32032],[-5.32994,39.34617],[-5.32769,39.41241],[-5.35018,39.42695],[-5.37493,39.4318],[-5.38167,39.46735],[-5.39517,39.47058],[-5.42666,39.44957],[-5.4334,39.44311],[-5.41541,39.41888],[-5.4469,39.38656],[-5.47164,39.3801]]]}},{"type":"Feature","id":"10045","properties":{"cod_mun":"10045","nombre":"Cañaveral","cod_prov":"10","cod_ccaa":"11"},"geometry":{"type":"Polygon","coordinates":[[[-6.44326,39.77108],[-6.42751,39.71615],[-6.41627,39.71777],[-6.38703,39.73069],[-6.36904,39.77755],[-6.36454,39.81955],[-6.28357,39.84702],[-6.29482,39.86802],[-6.29707,39.86964],[-6.30606,39.87933],[-6.3398,39.85186],[-6.37578,39.86802],[-6.39153,39.8454],[-6.38028,39.81955],[-6.38928,39.80986],[-6.42077,39.80663],[-6.4545,39.80501],[-6.44101,39.78724],[-6.44326,39.77108]]]}},{"type":"Feature","id":"10046","properties":{"cod_mun":"10046","nombre":"Carbajo","cod_prov":"10","cod_ccaa":"11"},"geometry":{"type":"Polygon","coordinates":[[[-7.19222,39.65961],[-7.18997,39.64345],[-7.21246,39.59983],[-7.18322,39.58367],[-7.14498,39.5966],[-7.16523,39.61275],[-7.16748,39.63376],[-7.14723,39.65314],[-7.19222,39.65961]]]}},{"type":"Feature","id":"10050","properties":{"cod_mun":"10050","nombre":"Casar de Palomero","cod_prov":"10","cod_ccaa":"11"},"geometry":{"type":"Polygon","coordinates":[[[-6.24084,40.28485],[-6.23184,40.28001],[-6.22059,40.29616],[-6.1981,40.29455],[-6.17561,40.30586],[-6.19585,40.30424],[-6.20035,40.31555],[-6.2116,40.31878],[-6.23409,40.30424],[-6.30831,40.30586],[-6.3263,40.29939],[-6.3353,40.27839],[-6.32405,40.25254],[-6.29707,40.26062],[-6.30381,40.27677],[-6.27008,40.28808],[-6.25883,40.27031],[-6.23634,40.24769],[-6.23859,40.26385],[-6.24084,40.28485]]]}},{"type":"Feature","id":"10054","properties":{"cod_mun":"10054","nombre":"Casas del Castañar","cod_prov":"10","cod_ccaa":"11"},"geometry":{"type":"Polygon","coordinates":[[[-6.00018,40.08452],[-5.97769,40.06997],[-5.94395,40.0829],[-5.92371,40.09259],[-5.88772,40.09906],[-5.91022,40.13298],[-5.95745,40.10229],[-5.99343,40.08936],[-6.00018,40.08452]]]}},{"type":"Feature","id":"10063","properties":{"cod_mun":"10063","nombre":"Cerezo","cod_prov":"10","cod_ccaa":"11"},"geometry":{"type":"Polygon","coordinates":[[[-6.28132,40.19761],[-6.26783,40.20084],[-6.25658,40.217],[-6.20935,40.22346],[-6.19585,40.238],[-6.20935,40.25577],[-6.23859,40.26385],[-6.23634,40.24769],[-6.22959,40.23477],[-6.28132,40.22992],[-6.28132,40.19761]]]}},{"type":"Feature","id":"10064","properties":{"cod_mun":"10064","nombre":"Cilleros","cod_prov":"10","cod_ccaa":"11"},"geometry":{"type":"Polygon","coordinates":[[[-6.92007,40.08452],[-6.91782,40.06674],[-6.89308,40.06028],[-6.87509,40.01666],[-6.86609,40.0102],[-6.8526,40.00212],[-6.83236,39.97627],[-6.80087,39.95526],[-6.77163,39.95526],[-6.77163,39.99081],[-6.75139,40.02151],[-6.75813,40.03766],[-6.73339,40.06674],[-6.73115,40.08128],[-6.7289,40.10229],[-6.72665,40.13298],[-6.74464,40.14591],[-6.80537,40.11521],[-6.84135,40.1136],[-6.8436,40.12975],[-6.86159,40.13137],[-6.88409,40.12167],[-6.92007,40.08452]]]}},{"type":"Feature","id":"10055","properties":{"cod_mun":"10055","nombre":"Casas del Monte","cod_prov":"10","cod_ccaa":"11"},"geometry":{"type":"Polygon","coordinates":[[[-6.01143,40.20569],[-5.95745,40.17661],[-5.9507,40.16853],[-5.91247,40.17984],[-5.90122,40.19761],[-5.91022,40.20407],[-5.97094,40.21377],[-5.97994,40.22346],[-5.98894,40.21861],[-6.01143,40.20569]]]}},{"type":"Feature","id":"10056","properties":{"cod_mun":"10056","nombre":"Casas de Millán","cod_prov":"10","cod_ccaa":"11"},"geometry":{"type":"Polygon","coordinates":[[[-6.38703,39.73069],[-6.35104,39.74362],[-6.31056,39.742],[-6.27232,39.74685],[-6.23409,39.75816],[-6.16437,39.78239],[-6.17336,39.81147],[-6.1981,39.83894],[-6.26783,39.83086],[-6.28357,39.84702],[-6.36454,39.81955],[-6.36904,39.77755],[-6.38703,39.73069]]]}},{"type":"Feature","id":"10057","properties":{"cod_mun":"10057","nombre":"Casas de Miravete","cod_prov":"10","cod_ccaa":"11"},"geometry":{"type":"Polygon","coordinates":[[[-5.86973,39.77431],[-5.83824,39.75816],[-5.818,39.76139],[-5.77527,39.72746],[-5.73928,39.71292],[-5.72804,39.69192],[-5.67856,39.68384],[-5.6943,39.71131],[-5.71904,39.73069],[-5.73254,39.75331],[-5.75503,39.77431],[-5.78202,39.76462],[-5.80001,39.77108],[-5.82925,39.76301],[-5.8315,39.77593],[-5.85849,39.79209],[-5.86973,39.77431]]]}},{"type":"Feature","id":"10071","properties":{"cod_mun":"10071","nombre":"Descargamaría","cod_prov":"10","cod_ccaa":"11"},"geometry":{"type":"Polygon","coordinates":[[[-6.56471,40.31393],[-6.55571,40.29132],[-6.53322,40.27193],[-6.50848,40.26708],[-6.48374,40.26223],[-6.45675,40.30424],[-6.4635,40.30101],[-6.49049,40.3204],[-6.51748,40.35432],[-6.53547,40.34786],[-6.56021,40.32847],[-6.56471,40.31393]]]}},{"type":"Feature","id":"10058","properties":{"cod_mun":"10058","nombre":"Casatejada","cod_prov":"10","cod_ccaa":"11"},"geometry":{"type":"Polygon","coordinates":[[[-5.75053,39.86802],[-5.73029,39.87448],[-5.68305,39.86641],[-5.65382,39.86964],[-5.63357,39.88741],[-5.61558,39.91972],[-5.61558,39.94072],[-5.65157,39.9585],[-5.67406,39.96173],[-5.66956,39.97788],[-5.64932,39.97465],[-5.64707,40.01504],[-5.69205,39.98435],[-5.71904,39.97142],[-5.72579,39.92941],[-5.74828,39.91326],[-5.75503,39.88095],[-5.75053,39.86802]]]}},{"type":"Feature","id":"10059","properties":{"cod_mun":"10059","nombre":"Casillas de Coria","cod_prov":"10","cod_ccaa":"11"},"geometry":{"type":"Polygon","coordinates":[[[-6.73564,39.93103],[-6.69291,39.9278],[-6.68841,39.92457],[-6.66142,39.93588],[-6.62769,39.94234],[-6.6007,39.95688],[-6.59845,39.97627],[-6.62994,39.99404],[-6.65018,40.01666],[-6.68166,40.01504],[-6.69066,39.99081],[-6.68391,39.97788],[-6.7109,39.95042],[-6.73564,39.93103]]]}},{"type":"Feature","id":"10060","properties":{"cod_mun":"10060","nombre":"Castañar de Ibor","cod_prov":"10","cod_ccaa":"11"},"geometry":{"type":"Polygon","coordinates":[[[-5.51887,39.76947],[-5.50537,39.73069],[-5.50762,39.71615],[-5.50762,39.70484],[-5.48513,39.69515],[-5.48738,39.6693],[-5.46939,39.6386],[-5.48063,39.62891],[-5.4469,39.5966],[-5.38842,39.60791],[-5.36593,39.62245],[-5.33894,39.63214],[-5.32994,39.65476],[-5.36143,39.67091],[-5.40866,39.69838],[-5.4424,39.72585],[-5.4424,39.74685],[-5.46714,39.75331],[-5.50537,39.77108],[-5.51887,39.76947]]]}},{"type":"Feature","id":"10061","properties":{"cod_mun":"10061","nombre":"Ceclavín","cod_prov":"10","cod_ccaa":"11"},"geometry":{"type":"Polygon","coordinates":[[[-6.82786,39.82601],[-6.8436,39.78886],[-6.85935,39.77755],[-6.81661,39.75977],[-6.76263,39.7727],[-6.71765,39.78239],[-6.69966,39.80178],[-6.66367,39.81147],[-6.64793,39.8551],[-6.68841,39.87771],[-6.7244,39.90356],[-6.73789,39.89226],[-6.76038,39.88579],[-6.79862,39.86802],[-6.81211,39.83086],[-6.82786,39.82601]]]}},{"type":"Feature","id":"10062","properties":{"cod_mun":"10062","nombre":"Cedillo","cod_prov":"10","cod_ccaa":"11"},"geometry":{"type":"Polygon","coordinates":[[[-7.46661,39.57559],[-7.44637,39.58206],[-7.43962,39.61114],[-7.44637,39.61921],[-7.43962,39.64345],[-7.42612,39.65153],[-7.45536,39.66284],[-7.53408,39.66768],[-7.52733,39.63537],[-7.50934,39.61921],[-7.50035,39.59013],[-7.46661,39.57559]]]}},{"type":"Feature","id":"10065","properties":{"cod_mun":"10065","nombre":"Collado de la Vera","cod_prov":"10","cod_ccaa":"11"},"geometry":{"type":"Polygon","coordinates":[[[-5.71229,40.06836],[-5.73478,40.06028],[-5.72354,40.01989],[-5.70105,39.98596],[-5.69205,39.98435],[-5.64707,40.01504],[-5.62908,40.02312],[-5.63357,40.04251],[-5.66731,40.03443],[-5.67406,40.0522],[-5.71229,40.06836]]]}},{"type":"Feature","id":"10072","properties":{"cod_mun":"10072","nombre":"Eljas","cod_prov":"10","cod_ccaa":"11"},"geometry":{"type":"Polygon","coordinates":[[[-6.88633,40.19276],[-6.83461,40.19276],[-6.79637,40.22346],[-6.77838,40.24608],[-6.78063,40.24931],[-6.80087,40.24285],[-6.84585,40.25416],[-6.86834,40.21215],[-6.88633,40.19276]]]}},{"type":"Feature","id":"10066","properties":{"cod_mun":"10066","nombre":"Conquista de la Sierra","cod_prov":"10","cod_ccaa":"11"},"geometry":{"type":"Polygon","coordinates":[[[-5.79101,39.31225],[-5.77752,39.28316],[-5.77302,39.2977],[-5.71454,39.32517],[-5.7033,39.32032],[-5.67181,39.34617],[-5.68755,39.35102],[-5.6988,39.37687],[-5.73478,39.37202],[-5.75503,39.33971],[-5.77977,39.31871],[-5.79101,39.31225]]]}},{"type":"Feature","id":"10067","properties":{"cod_mun":"10067","nombre":"Coria","cod_prov":"10","cod_ccaa":"11"},"geometry":{"type":"Polygon","coordinates":[[[-6.6007,39.95688],[-6.57596,39.96173],[-6.55571,39.9585],[-6.55796,39.94234],[-6.53547,39.94072],[-6.52198,39.9278],[-6.49499,39.92941],[-6.49724,39.9488],[-6.46575,39.95203],[-6.43876,39.96334],[-6.41852,39.95203],[-6.40052,39.96011],[-6.40502,39.97142],[-6.43201,39.98111],[-6.42302,40.00697],[-6.459,39.99727],[-6.4635,40.01827],[-6.48374,40.02797],[-6.50174,40.02797],[-6.49949,40.00697],[-6.53772,40.02151],[-6.55571,40.01343],[-6.57146,39.99242],[-6.59845,39.97627],[-6.6007,39.95688]]]}},{"type":"Feature","id":"10068","properties":{"cod_mun":"10068","nombre":"Cuacos de Yuste","cod_prov":"10","cod_ccaa":"11"},"geometry":{"type":"Polygon","coordinates":[[[-5.75503,40.0829],[-5.71229,40.06836],[-5.67406,40.0522],[-5.66731,40.03443],[-5.63357,40.04251],[-5.62908,40.02312],[-5.60209,40.02312],[-5.58184,40.04089],[-5.58859,40.05705],[-5.60658,40.04897],[-5.64257,40.05705],[-5.68755,40.08936],[-5.70105,40.11037],[-5.74378,40.12491],[-5.75278,40.12006],[-5.75503,40.0829]]]}},{"type":"Feature","id":"10069","properties":{"cod_mun":"10069","nombre":"Cumbre, La","cod_prov":"10","cod_ccaa":"11"},"geometry":{"type":"Polygon","coordinates":[[[-6.05641,39.47542],[-6.06091,39.4528],[-6.04516,39.45119],[-6.03617,39.42857],[-6.05416,39.42857],[-6.01817,39.38656],[-5.99793,39.39141],[-5.99118,39.37525],[-5.98894,39.37202],[-5.97094,39.36071],[-5.96869,39.3801],[-5.9417,39.40595],[-5.93046,39.40434],[-5.9462,39.43665],[-5.9597,39.43665],[-5.95745,39.45765],[-5.97319,39.45927],[-5.96195,39.47381],[-5.98219,39.4835],[-5.96195,39.5045],[-5.99343,39.52712],[-6.04741,39.51581],[-6.04741,39.49643],[-6.03617,39.4835],[-6.05641,39.47542]]]}},{"type":"Feature","id":"10070","properties":{"cod_mun":"10070","nombre":"Deleitosa","cod_prov":"10","cod_ccaa":"11"},"geometry":{"type":"Polygon","coordinates":[[[-5.75278,39.63376],[-5.7078,39.61598],[-5.66731,39.59336],[-5.59309,39.57398],[-5.59084,39.59983],[-5.57285,39.61114],[-5.59309,39.63214],[-5.58184,39.65799],[-5.5661,39.67576],[-5.61558,39.71777],[-5.62458,39.71777],[-5.64257,39.7],[-5.63582,39.67738],[-5.67856,39.68384],[-5.72804,39.69192],[-5.72804,39.66607],[-5.75278,39.63376]]]}},{"type":"Feature","id":"10073","properties":{"cod_mun":"10073","nombre":"Escurial","cod_prov":"10","cod_ccaa":"11"},"geometry":{"type":"Polygon","coordinates":[[[-6.00693,39.22662],[-5.99118,39.20077],[-5.98894,39.17815],[-5.9642,39.16361],[-5.93496,39.16684],[-5.89897,39.16038],[-5.86074,39.14422],[-5.84499,39.15068],[-5.81125,39.14422],[-5.82475,39.15715],[-5.81575,39.19269],[-5.84274,39.21046],[-5.88323,39.22015],[-5.91921,39.21208],[-5.95745,39.225],[-5.98444,39.24116],[-6.00693,39.22662]]]}},{"type":"Feature","id":"10075","properties":{"cod_mun":"10075","nombre":"Fresnedoso de Ibor","cod_prov":"10","cod_ccaa":"11"},"geometry":{"type":"Polygon","coordinates":[[[-5.5616,39.74039],[-5.57285,39.72746],[-5.54811,39.69353],[-5.55261,39.66607],[-5.52787,39.64022],[-5.51212,39.64506],[-5.50088,39.62891],[-5.48063,39.62891],[-5.46939,39.6386],[-5.48738,39.6693],[-5.48513,39.69515],[-5.50762,39.70484],[-5.50762,39.71615],[-5.51437,39.71615],[-5.5616,39.74039]]]}},{"type":"Feature","id":"10076","properties":{"cod_mun":"10076","nombre":"Galisteo","cod_prov":"10","cod_ccaa":"11"},"geometry":{"type":"Polygon","coordinates":[[[-6.31506,39.98758],[-6.31281,39.97627],[-6.28807,39.9585],[-6.29931,39.95042],[-6.28582,39.9278],[-6.27008,39.92295],[-6.26558,39.94719],[-6.23184,39.99404],[-6.26558,40.01666],[-6.25883,40.03282],[-6.24084,40.02151],[-6.22959,40.03282],[-6.25658,40.03443],[-6.26108,40.04736],[-6.29482,40.06513],[-6.31056,40.05543],[-6.30831,40.04251],[-6.32855,40.01666],[-6.31056,40.00535],[-6.31506,39.98758]]]}},{"type":"Feature","id":"10077","properties":{"cod_mun":"10077","nombre":"Garciaz","cod_prov":"10","cod_ccaa":"11"},"geometry":{"type":"Polygon","coordinates":[[[-5.71904,39.39303],[-5.68755,39.38172],[-5.6988,39.37687],[-5.68755,39.35102],[-5.67181,39.34617],[-5.65157,39.34456],[-5.64257,39.35748],[-5.62458,39.35587],[-5.59759,39.36879],[-5.57285,39.38333],[-5.55261,39.42695],[-5.53236,39.44634],[-5.55261,39.44473],[-5.56835,39.47058],[-5.53686,39.49481],[-5.5571,39.51581],[-5.5751,39.51905],[-5.59309,39.50127],[-5.58409,39.48996],[-5.61558,39.4835],[-5.64257,39.4625],[-5.65831,39.44473],[-5.68081,39.44311],[-5.68081,39.41403],[-5.71904,39.39303]]]}},{"type":"Feature","id":"10078","properties":{"cod_mun":"10078","nombre":"Garganta, La","cod_prov":"10","cod_ccaa":"11"},"geometry":{"type":"Polygon","coordinates":[[[-5.85624,40.29778],[-5.836,40.3107],[-5.8135,40.30909],[-5.80901,40.28808],[-5.79326,40.28647],[-5.80226,40.29778],[-5.78202,40.31232],[-5.79776,40.35271],[-5.81575,40.35109],[-5.84724,40.32847],[-5.83824,40.31555],[-5.85624,40.29778]]]}},{"type":"Feature","id":"10079","properties":{"cod_mun":"10079","nombre":"Garganta la Olla","cod_prov":"10","cod_ccaa":"11"},"geometry":{"type":"Polygon","coordinates":[[[-5.82025,40.07644],[-5.80901,40.06997],[-5.75503,40.0829],[-5.75278,40.12006],[-5.74378,40.12491],[-5.75278,40.15722],[-5.73478,40.17014],[-5.75728,40.17014],[-5.78427,40.1556],[-5.79326,40.13783],[-5.82025,40.1136],[-5.81575,40.1039],[-5.82925,40.0829],[-5.82025,40.07644]]]}},{"type":"Feature","id":"10080","properties":{"cod_mun":"10080","nombre":"Gargantilla","cod_prov":"10","cod_ccaa":"11"},"geometry":{"type":"Polygon","coordinates":[[[-5.94845,40.23315],[-5.88772,40.21215],[-5.88548,40.21215],[-5.85399,40.22831],[-5.88098,40.24931],[-5.92596,40.25254],[-5.94845,40.23315]]]}},{"type":"Feature","id":"10081","properties":{"cod_mun":"10081","nombre":"Gargüera","cod_prov":"10","cod_ccaa":"11"},"geometry":{"type":"Polygon","coordinates":[[[-5.97994,40.06513],[-5.9462,40.02151],[-5.9642,40.01343],[-5.9552,39.99242],[-5.93945,39.98111],[-5.90572,39.97304],[-5.88772,39.98273],[-5.91471,40.01666],[-5.91921,40.03282],[-5.89447,40.05543],[-5.94395,40.0829],[-5.97769,40.06997],[-5.97994,40.06513]]]}},{"type":"Feature","id":"10082","properties":{"cod_mun":"10082","nombre":"Garrovillas de Alconétar","cod_prov":"10","cod_ccaa":"11"},"geometry":{"type":"Polygon","coordinates":[[[-6.60519,39.721],[-6.60295,39.70969],[-6.5962,39.69353],[-6.60744,39.66122],[-6.6007,39.64022],[-6.56471,39.61598],[-6.51973,39.61437],[-6.49949,39.62406],[-6.46575,39.62729],[-6.43651,39.6483],[-6.46125,39.68707],[-6.41852,39.67899],[-6.40952,39.69353],[-6.40502,39.71292],[-6.41627,39.71777],[-6.42751,39.71615],[-6.44326,39.77108],[-6.49049,39.75816],[-6.50623,39.76301],[-6.54447,39.75493],[-6.54672,39.74039],[-6.60519,39.721]]]}},{"type":"Feature","id":"10083","properties":{"cod_mun":"10083","nombre":"Garvín","cod_prov":"10","cod_ccaa":"11"},"geometry":{"type":"Polygon","coordinates":[[[-5.40866,39.69838],[-5.36143,39.67091],[-5.36143,39.68222],[-5.33219,39.6903],[-5.3187,39.70646],[-5.31645,39.742],[-5.32769,39.77108],[-5.35693,39.74362],[-5.37717,39.70969],[-5.40866,39.69838]]]}},{"type":"Feature","id":"10086","properties":{"cod_mun":"10086","nombre":"Granja, La","cod_prov":"10","cod_ccaa":"11"},"geometry":{"type":"Polygon","coordinates":[[[-6.02942,40.25739],[-6.03842,40.25092],[-5.98894,40.21861],[-5.97994,40.22346],[-5.9642,40.22992],[-5.97094,40.24123],[-6.00468,40.26223],[-6.02942,40.25739]]]}},{"type":"Feature","id":"10084","properties":{"cod_mun":"10084","nombre":"Gata","cod_prov":"10","cod_ccaa":"11"},"geometry":{"type":"MultiPolygon","coordinates":[[[[-6.65018,40.11683],[-6.65243,40.11037],[-6.65243,40.09421],[-6.62769,40.06836],[-6.61194,40.08613],[-6.5962,40.10875],[-6.58495,40.12167],[-6.59845,40.12975],[-6.63443,40.13298],[-6.65018,40.11683]]],[[[-6.67717,40.25739],[-6.69066,40.24285],[-6.67267,40.20084],[-6.67492,40.18468],[-6.5872,40.20407],[-6.5917,40.22507],[-6.56921,40.238],[-6.56696,40.25739],[-6.5872,40.27031],[-6.67717,40.25739]]]]}},{"type":"Feature","id":"10085","properties":{"cod_mun":"10085","nombre":"Gordo, El","cod_prov":"10","cod_ccaa":"11"},"geometry":{"type":"Polygon","coordinates":[[[-5.40866,39.80663],[-5.40191,39.83248],[-5.37268,39.80824],[-5.35918,39.82601],[-5.37717,39.85025],[-5.36818,39.85671],[-5.33894,39.84379],[-5.33444,39.81471],[-5.34344,39.78724],[-5.3142,39.78886],[-5.31195,39.82278],[-5.28496,39.86317],[-5.28946,39.86479],[-5.31645,39.89064],[-5.33894,39.89064],[-5.37043,39.88902],[-5.40641,39.87771],[-5.40866,39.86156],[-5.4424,39.84217],[-5.43565,39.81632],[-5.41091,39.82601],[-5.40866,39.80663]]]}},{"type":"Feature","id":"10087","properties":{"cod_mun":"10087","nombre":"Guadalupe","cod_prov":"10","cod_ccaa":"11"},"geometry":{"type":"Polygon","coordinates":[[[-5.38167,39.46735],[-5.37493,39.4318],[-5.35018,39.42695],[-5.32769,39.41241],[-5.31195,39.39141],[-5.29621,39.40757],[-5.27596,39.41403],[-5.28721,39.43503],[-5.26247,39.47381],[-5.28496,39.48027],[-5.29621,39.50289],[-5.33894,39.47219],[-5.37942,39.47542],[-5.38167,39.46735]]]}},{"type":"Feature","id":"10091","properties":{"cod_mun":"10091","nombre":"Guijo de Santa Bárbara","cod_prov":"10","cod_ccaa":"11"},"geometry":{"type":"Polygon","coordinates":[[[-5.68081,40.17661],[-5.67631,40.14752],[-5.64707,40.14429],[-5.62458,40.13137],[-5.62008,40.13783],[-5.62008,40.2073],[-5.64932,40.2073],[-5.68081,40.17661]]]}},{"type":"Feature","id":"10088","properties":{"cod_mun":"10088","nombre":"Guijo de Coria","cod_prov":"10","cod_ccaa":"11"},"geometry":{"type":"Polygon","coordinates":[[[-6.54222,40.10229],[-6.50848,40.07321],[-6.49724,40.03928],[-6.48374,40.02797],[-6.4635,40.01827],[-6.459,39.99727],[-6.42302,40.00697],[-6.41852,40.03282],[-6.40277,40.03766],[-6.43651,40.05867],[-6.44101,40.09906],[-6.45001,40.1136],[-6.48824,40.11683],[-6.52648,40.10713],[-6.54222,40.10229]]]}},{"type":"Feature","id":"10099","properties":{"cod_mun":"10099","nombre":"Holguera","cod_prov":"10","cod_ccaa":"11"},"geometry":{"type":"Polygon","coordinates":[[[-6.40052,39.9068],[-6.39828,39.8971],[-6.37578,39.86802],[-6.3398,39.85186],[-6.30606,39.87933],[-6.32181,39.8971],[-6.35329,39.91811],[-6.35104,39.92618],[-6.40052,39.9068]]]}},{"type":"Feature","id":"10089","properties":{"cod_mun":"10089","nombre":"Guijo de Galisteo","cod_prov":"10","cod_ccaa":"11"},"geometry":{"type":"Polygon","coordinates":[[[-6.44101,40.09906],[-6.43651,40.05867],[-6.40277,40.03766],[-6.39153,40.01343],[-6.39603,39.96011],[-6.39153,39.95688],[-6.37803,39.94234],[-6.36004,39.98435],[-6.35329,40.02635],[-6.36904,40.04412],[-6.39153,40.05382],[-6.38478,40.06351],[-6.38253,40.11037],[-6.39153,40.11844],[-6.44101,40.09906]]]}},{"type":"Feature","id":"10090","properties":{"cod_mun":"10090","nombre":"Guijo de Granadilla","cod_prov":"10","cod_ccaa":"11"},"geometry":{"type":"Polygon","coordinates":[[[-6.20935,40.22346],[-6.17336,40.20407],[-6.18011,40.18468],[-6.15762,40.13137],[-6.09689,40.16853],[-6.07215,40.17176],[-6.06541,40.17661],[-6.10139,40.18953],[-6.09464,40.22831],[-6.11714,40.22184],[-6.11264,40.23638],[-6.13288,40.23962],[-6.16887,40.24446],[-6.19585,40.238],[-6.20935,40.22346]]]}},{"type":"Feature","id":"10092","properties":{"cod_mun":"10092","nombre":"Herguijuela","cod_prov":"10","cod_ccaa":"11"},"geometry":{"type":"Polygon","coordinates":[[[-5.79551,39.3801],[-5.818,39.36718],[-5.78876,39.34294],[-5.77977,39.31871],[-5.75503,39.33971],[-5.73478,39.37202],[-5.6988,39.37687],[-5.68755,39.38172],[-5.71904,39.39303],[-5.74603,39.4011],[-5.76627,39.39303],[-5.79551,39.3801]]]}},{"type":"Feature","id":"10100","properties":{"cod_mun":"10100","nombre":"Hoyos","cod_prov":"10","cod_ccaa":"11"},"geometry":{"type":"Polygon","coordinates":[[[-6.74464,40.18307],[-6.74464,40.14591],[-6.72665,40.13298],[-6.7244,40.14268],[-6.70191,40.15399],[-6.69291,40.17176],[-6.69291,40.17499],[-6.74464,40.18307]]]}},{"type":"Feature","id":"10093","properties":{"cod_mun":"10093","nombre":"Hernán-Pérez","cod_prov":"10","cod_ccaa":"11"},"geometry":{"type":"Polygon","coordinates":[[[-6.49499,40.18145],[-6.459,40.19599],[-6.43651,40.20407],[-6.43876,40.22023],[-6.45225,40.22669],[-6.47025,40.25254],[-6.48149,40.25092],[-6.51523,40.24608],[-6.51973,40.22507],[-6.50398,40.20569],[-6.51523,40.19761],[-6.49499,40.18145]]]}},{"type":"Feature","id":"10094","properties":{"cod_mun":"10094","nombre":"Herrera de Alcántara","cod_prov":"10","cod_ccaa":"11"},"geometry":{"type":"Polygon","coordinates":[[[-7.46661,39.57559],[-7.44637,39.54813],[-7.42612,39.53197],[-7.39014,39.53036],[-7.37664,39.54166],[-7.35415,39.5449],[-7.34291,39.56105],[-7.34965,39.57236],[-7.32491,39.58206],[-7.32491,39.60952],[-7.31142,39.62245],[-7.32491,39.64506],[-7.33616,39.64183],[-7.37439,39.65153],[-7.39913,39.64668],[-7.42612,39.65153],[-7.43962,39.64345],[-7.44637,39.61921],[-7.43962,39.61114],[-7.44637,39.58206],[-7.46661,39.57559]]]}},{"type":"Feature","id":"10096","properties":{"cod_mun":"10096","nombre":"Hervás","cod_prov":"10","cod_ccaa":"11"},"geometry":{"type":"Polygon","coordinates":[[[-5.90797,40.2687],[-5.88098,40.24931],[-5.85399,40.22831],[-5.82025,40.24931],[-5.80001,40.24931],[-5.77977,40.25254],[-5.76402,40.28001],[-5.79326,40.28647],[-5.80901,40.28808],[-5.8135,40.30909],[-5.836,40.3107],[-5.85624,40.29778],[-5.87423,40.29293],[-5.90797,40.2687]]]}},{"type":"Feature","id":"10095","properties":{"cod_mun":"10095","nombre":"Herreruela","cod_prov":"10","cod_ccaa":"11"},"geometry":{"type":"Polygon","coordinates":[[[-6.93582,39.39626],[-6.88409,39.38333],[-6.8571,39.38818],[-6.80312,39.3898],[-6.79862,39.40434],[-6.76263,39.44473],[-6.78288,39.43988],[-6.8391,39.46735],[-6.86609,39.47058],[-6.88184,39.4835],[-6.93132,39.5045],[-6.93806,39.48512],[-6.93132,39.4625],[-6.91332,39.43826],[-6.93582,39.39626]]]}},{"type":"Feature","id":"10097","properties":{"cod_mun":"10097","nombre":"Higuera de Albalat","cod_prov":"10","cod_ccaa":"11"},"geometry":{"type":"Polygon","coordinates":[[[-5.69655,39.78239],[-5.66956,39.75816],[-5.6943,39.71131],[-5.67856,39.68384],[-5.63582,39.67738],[-5.64257,39.7],[-5.62458,39.71777],[-5.62458,39.72261],[-5.62233,39.73877],[-5.64257,39.74523],[-5.64482,39.76624],[-5.69655,39.78239]]]}},{"type":"Feature","id":"10101","properties":{"cod_mun":"10101","nombre":"Huélaga","cod_prov":"10","cod_ccaa":"11"},"geometry":{"type":"Polygon","coordinates":[[[-6.62769,40.06836],[-6.63218,40.05705],[-6.62094,40.03605],[-6.61644,40.05059],[-6.59845,40.04089],[-6.5872,40.0619],[-6.6007,40.06028],[-6.60295,40.08775],[-6.61194,40.08613],[-6.62769,40.06836]]]}},{"type":"Feature","id":"10098","properties":{"cod_mun":"10098","nombre":"Hinojal","cod_prov":"10","cod_ccaa":"11"},"geometry":{"type":"Polygon","coordinates":[[[-6.41627,39.71777],[-6.40502,39.71292],[-6.40952,39.69353],[-6.31506,39.65476],[-6.30381,39.70646],[-6.29707,39.71454],[-6.31056,39.742],[-6.35104,39.74362],[-6.38703,39.73069],[-6.41627,39.71777]]]}},{"type":"Feature","id":"10102","properties":{"cod_mun":"10102","nombre":"Ibahernando","cod_prov":"10","cod_ccaa":"11"},"geometry":{"type":"Polygon","coordinates":[[[-5.94845,39.30255],[-5.92596,39.2864],[-5.93721,39.27832],[-5.9462,39.24277],[-5.90572,39.25893],[-5.90122,39.28478],[-5.88772,39.31709],[-5.89222,39.33971],[-5.86973,39.35264],[-5.87648,39.38172],[-5.88997,39.40272],[-5.91471,39.39949],[-5.91921,39.3898],[-5.9552,39.36395],[-5.95745,39.31225],[-5.94845,39.30255]]]}},{"type":"Feature","id":"10103","properties":{"cod_mun":"10103","nombre":"Jaraicejo","cod_prov":"10","cod_ccaa":"11"},"geometry":{"type":"Polygon","coordinates":[[[-5.9417,39.66445],[-5.83375,39.6483],[-5.80901,39.6483],[-5.75278,39.63376],[-5.72804,39.66607],[-5.72804,39.69192],[-5.73928,39.71292],[-5.77527,39.72746],[-5.818,39.76139],[-5.83824,39.75816],[-5.86973,39.77431],[-5.88772,39.71292],[-5.92146,39.72585],[-5.92371,39.71777],[-5.95745,39.70484],[-5.93721,39.68061],[-5.9417,39.66445]]]}},{"type":"Feature","id":"10104","properties":{"cod_mun":"10104","nombre":"Jaraíz de la Vera","cod_prov":"10","cod_ccaa":"11"},"geometry":{"type":"Polygon","coordinates":[[[-5.80901,39.98273],[-5.76852,39.96657],[-5.73928,39.9795],[-5.71904,39.97142],[-5.69205,39.98435],[-5.70105,39.98596],[-5.72354,40.01989],[-5.73478,40.06028],[-5.71229,40.06836],[-5.75503,40.0829],[-5.80901,40.06997],[-5.80001,40.0619],[-5.76852,40.04897],[-5.75728,40.02797],[-5.78427,40.0102],[-5.78202,39.98758],[-5.80901,39.98273]]]}},{"type":"Feature","id":"10105","properties":{"cod_mun":"10105","nombre":"Jarandilla de la Vera","cod_prov":"10","cod_ccaa":"11"},"geometry":{"type":"Polygon","coordinates":[[[-5.68755,40.08936],[-5.64257,40.05705],[-5.60658,40.04897],[-5.58859,40.05705],[-5.58184,40.04089],[-5.55036,40.05059],[-5.54586,40.06351],[-5.56835,40.0619],[-5.61558,40.10067],[-5.60434,40.10229],[-5.62233,40.1039],[-5.62458,40.13137],[-5.64707,40.14429],[-5.67631,40.14752],[-5.68755,40.08936]]]}},{"type":"Feature","id":"10106","properties":{"cod_mun":"10106","nombre":"Jarilla","cod_prov":"10","cod_ccaa":"11"},"geometry":{"type":"Polygon","coordinates":[[[-6.05641,40.18145],[-6.02717,40.1653],[-6.02267,40.17014],[-5.96644,40.14752],[-5.95295,40.1653],[-5.9507,40.16853],[-5.95745,40.17661],[-6.01143,40.20569],[-6.05641,40.18145]]]}},{"type":"Feature","id":"10114","properties":{"cod_mun":"10114","nombre":"Majadas","cod_prov":"10","cod_ccaa":"11"},"geometry":{"type":"Polygon","coordinates":[[[-5.83824,39.96173],[-5.82475,39.95203],[-5.8135,39.9278],[-5.74828,39.91326],[-5.72579,39.92941],[-5.71904,39.97142],[-5.73928,39.9795],[-5.76852,39.96657],[-5.80901,39.98273],[-5.8315,39.97627],[-5.83824,39.96173]]]}},{"type":"Feature","id":"10107","properties":{"cod_mun":"10107","nombre":"Jerte","cod_prov":"10","cod_ccaa":"11"},"geometry":{"type":"Polygon","coordinates":[[[-5.80001,40.24931],[-5.76852,40.19922],[-5.75728,40.19761],[-5.73478,40.17014],[-5.6898,40.17337],[-5.69655,40.20246],[-5.72129,40.24769],[-5.73928,40.25577],[-5.74378,40.28808],[-5.76402,40.28001],[-5.77977,40.25254],[-5.80001,40.24931]]]}},{"type":"Feature","id":"10108","properties":{"cod_mun":"10108","nombre":"Ladrillar","cod_prov":"10","cod_ccaa":"11"},"geometry":{"type":"Polygon","coordinates":[[[-6.27457,40.45773],[-6.26558,40.44642],[-6.24534,40.45126],[-6.19585,40.42703],[-6.18011,40.42541],[-6.17786,40.40764],[-6.15537,40.40118],[-6.11714,40.41572],[-6.12838,40.42057],[-6.11489,40.44157],[-6.14862,40.43672],[-6.15537,40.45773],[-6.17786,40.46257],[-6.1981,40.48196],[-6.24084,40.48519],[-6.26558,40.47065],[-6.27457,40.45773]]]}},{"type":"Feature","id":"10109","properties":{"cod_mun":"10109","nombre":"Logrosán","cod_prov":"10","cod_ccaa":"11"},"geometry":{"type":"Polygon","coordinates":[[[-5.59759,39.36879],[-5.60209,39.31871],[-5.58634,39.3074],[-5.59984,39.28963],[-5.58184,39.28478],[-5.58184,39.27024],[-5.55935,39.26539],[-5.55935,39.246],[-5.58409,39.225],[-5.57735,39.20238],[-5.55036,39.21531],[-5.52787,39.19107],[-5.51437,39.21046],[-5.49413,39.183],[-5.46489,39.16038],[-5.4289,39.16199],[-5.41316,39.15715],[-5.38392,39.17492],[-5.36818,39.21369],[-5.35018,39.23146],[-5.35468,39.27185],[-5.36818,39.2864],[-5.39967,39.29932],[-5.43115,39.30094],[-5.4424,39.33971],[-5.47164,39.3801],[-5.49863,39.37687],[-5.51212,39.39303],[-5.53236,39.39141],[-5.55261,39.3801],[-5.57285,39.38333],[-5.59759,39.36879]]]}},{"type":"Feature","id":"10110","properties":{"cod_mun":"10110","nombre":"Losar de la Vera","cod_prov":"10","cod_ccaa":"11"},"geometry":{"type":"Polygon","coordinates":[[[-5.62458,40.13137],[-5.62233,40.1039],[-5.60434,40.10229],[-5.56835,40.10067],[-5.55486,40.08936],[-5.56835,40.0619],[-5.54586,40.06351],[-5.55036,40.05059],[-5.53011,40.04897],[-5.51212,40.05705],[-5.52337,40.07321],[-5.53911,40.09421],[-5.5571,40.10067],[-5.56835,40.14268],[-5.54586,40.1653],[-5.53011,40.19438],[-5.59759,40.217],[-5.61108,40.21538],[-5.62008,40.2073],[-5.62008,40.13783],[-5.62458,40.13137]]]}},{"type":"Feature","id":"10111","properties":{"cod_mun":"10111","nombre":"Madrigal de la Vera","cod_prov":"10","cod_ccaa":"11"},"geometry":{"type":"Polygon","coordinates":[[[-5.39517,40.25092],[-5.38617,40.19276],[-5.39517,40.17822],[-5.39292,40.15883],[-5.35918,40.10875],[-5.33669,40.11521],[-5.36818,40.16368],[-5.36368,40.17822],[-5.37043,40.21538],[-5.35918,40.22507],[-5.34344,40.26385],[-5.39517,40.25092]]]}},{"type":"Feature","id":"10112","properties":{"cod_mun":"10112","nombre":"Madrigalejo","cod_prov":"10","cod_ccaa":"11"},"geometry":{"type":"Polygon","coordinates":[[[-5.72579,39.11191],[-5.70105,39.08929],[-5.67181,39.0796],[-5.64707,39.10221],[-5.60434,39.1006],[-5.58409,39.11837],[-5.60209,39.12806],[-5.5796,39.1426],[-5.57735,39.15068],[-5.61333,39.18784],[-5.57735,39.20238],[-5.58409,39.225],[-5.60209,39.225],[-5.65607,39.1733],[-5.66281,39.16199],[-5.6898,39.15715],[-5.71454,39.13453],[-5.6943,39.13937],[-5.72579,39.11191]]]}},{"type":"Feature","id":"10113","properties":{"cod_mun":"10113","nombre":"Madroñera","cod_prov":"10","cod_ccaa":"11"},"geometry":{"type":"Polygon","coordinates":[[[-5.76627,39.39303],[-5.74603,39.4011],[-5.71904,39.39303],[-5.68081,39.41403],[-5.68081,39.44311],[-5.65831,39.44473],[-5.64257,39.4625],[-5.66056,39.46735],[-5.67856,39.48189],[-5.67181,39.48996],[-5.6988,39.49966],[-5.68081,39.51581],[-5.6988,39.52712],[-5.73928,39.52228],[-5.76402,39.50774],[-5.79776,39.47219],[-5.80001,39.45442],[-5.77977,39.44796],[-5.81575,39.43019],[-5.82025,39.4108],[-5.80901,39.39787],[-5.78427,39.40272],[-5.76627,39.39303]]]}},{"type":"Feature","id":"10115","properties":{"cod_mun":"10115","nombre":"Malpartida de Cáceres","cod_prov":"10","cod_ccaa":"11"},"geometry":{"type":"Polygon","coordinates":[[[-6.52423,39.46896],[-6.54672,39.43019],[-6.51073,39.42857],[-6.50848,39.42049],[-6.47699,39.40918],[-6.45675,39.44957],[-6.47475,39.46088],[-6.50398,39.47381],[-6.52423,39.46896]]]}},{"type":"Feature","id":"10116","properties":{"cod_mun":"10116","nombre":"Malpartida de Plasencia","cod_prov":"10","cod_ccaa":"11"},"geometry":{"type":"Polygon","coordinates":[[[-6.29707,39.86964],[-6.29482,39.86802],[-6.26558,39.86641],[-6.26333,39.88418],[-6.22509,39.90195],[-6.2071,39.88741],[-6.20035,39.86317],[-6.15987,39.86317],[-6.12613,39.86641],[-6.12838,39.87771],[-6.10589,39.88902],[-6.0879,39.87771],[-6.04741,39.87125],[-6.05416,39.88418],[-6.04741,39.92941],[-6.03167,39.93588],[-6.01143,39.92941],[-6.01817,39.8971],[-6.00693,39.89226],[-6.00468,39.86317],[-5.98219,39.85186],[-5.96644,39.84217],[-5.9597,39.85671],[-5.92821,39.86641],[-5.91696,39.90033],[-5.90122,39.90356],[-5.88548,39.92295],[-5.89447,39.93911],[-5.88548,39.94396],[-5.90797,39.9585],[-5.90572,39.97304],[-5.93945,39.98111],[-5.9552,39.99242],[-5.9642,40.01343],[-5.9462,40.02151],[-5.97994,40.06513],[-6.01817,40.0312],[-6.03392,40.03282],[-6.04067,40.01504],[-6.06765,40.01504],[-6.10589,39.98596],[-6.15987,39.96496],[-6.17111,39.96334],[-6.20485,39.93911],[-6.24309,39.91972],[-6.26558,39.89387],[-6.29707,39.86964]]]}},{"type":"Feature","id":"10117","properties":{"cod_mun":"10117","nombre":"Marchagaz","cod_prov":"10","cod_ccaa":"11"},"geometry":{"type":"Polygon","coordinates":[[[-6.29707,40.26062],[-6.28132,40.25739],[-6.25883,40.27031],[-6.27008,40.28808],[-6.30381,40.27677],[-6.29707,40.26062]]]}},{"type":"Feature","id":"10118","properties":{"cod_mun":"10118","nombre":"Mata de Alcántara","cod_prov":"10","cod_ccaa":"11"},"geometry":{"type":"Polygon","coordinates":[[[-6.81886,39.68869],[-6.78288,39.68707],[-6.75589,39.70484],[-6.74464,39.72423],[-6.75589,39.742],[-6.82786,39.73392],[-6.82786,39.70807],[-6.81886,39.68869]]]}},{"type":"Feature","id":"10119","properties":{"cod_mun":"10119","nombre":"Membrío","cod_prov":"10","cod_ccaa":"11"},"geometry":{"type":"Polygon","coordinates":[[[-7.18322,39.58367],[-7.17872,39.57559],[-7.16298,39.55782],[-7.14049,39.54974],[-7.14273,39.51097],[-7.10675,39.49804],[-7.0955,39.5045],[-7.08201,39.51258],[-7.05502,39.50289],[-7.00779,39.51743],[-6.9808,39.55297],[-7.01229,39.58367],[-7.01229,39.60629],[-7.03928,39.64183],[-7.06402,39.65799],[-7.08876,39.66284],[-7.12699,39.66284],[-7.14723,39.65314],[-7.16748,39.63376],[-7.16523,39.61275],[-7.14498,39.5966],[-7.18322,39.58367]]]}},{"type":"Feature","id":"10120","properties":{"cod_mun":"10120","nombre":"Mesas de Ibor","cod_prov":"10","cod_ccaa":"11"},"geometry":{"type":"Polygon","coordinates":[[[-5.60434,39.78078],[-5.60209,39.76785],[-5.57735,39.75008],[-5.5616,39.74039],[-5.51437,39.71615],[-5.50762,39.71615],[-5.50537,39.73069],[-5.51887,39.76947],[-5.53011,39.79209],[-5.55261,39.81147],[-5.5616,39.80824],[-5.57285,39.79532],[-5.59984,39.79532],[-5.60434,39.78078]]]}},{"type":"Feature","id":"10121","properties":{"cod_mun":"10121","nombre":"Miajadas","cod_prov":"10","cod_ccaa":"11"},"geometry":{"type":"Polygon","coordinates":[[[-6.01592,39.12968],[-6.01592,39.10221],[-6.00693,39.05698],[-5.98219,39.0699],[-5.9417,39.10868],[-5.92596,39.10545],[-5.93721,39.08444],[-5.92371,39.08283],[-5.89672,39.09575],[-5.87198,39.10383],[-5.83375,39.11029],[-5.818,39.11999],[-5.81125,39.14422],[-5.84499,39.15068],[-5.86074,39.14422],[-5.89897,39.16038],[-5.93496,39.16684],[-5.9642,39.16361],[-5.98894,39.17815],[-6.00693,39.13453],[-6.01592,39.12968]]]}},{"type":"Feature","id":"10123","properties":{"cod_mun":"10123","nombre":"Mirabel","cod_prov":"10","cod_ccaa":"11"},"geometry":{"type":"Polygon","coordinates":[[[-6.29482,39.86802],[-6.28357,39.84702],[-6.26783,39.83086],[-6.1981,39.83894],[-6.14862,39.83894],[-6.16662,39.85671],[-6.15987,39.86317],[-6.20035,39.86317],[-6.2071,39.88741],[-6.22509,39.90195],[-6.26333,39.88418],[-6.26558,39.86641],[-6.29482,39.86802]]]}},{"type":"Feature","id":"10124","properties":{"cod_mun":"10124","nombre":"Mohedas de Granadilla","cod_prov":"10","cod_ccaa":"11"},"geometry":{"type":"Polygon","coordinates":[[[-6.17561,40.30586],[-6.1981,40.29455],[-6.22059,40.29616],[-6.23184,40.28001],[-6.24084,40.28485],[-6.23859,40.26385],[-6.20935,40.25577],[-6.19585,40.238],[-6.16887,40.24446],[-6.13288,40.23962],[-6.11039,40.2687],[-6.12388,40.27354],[-6.12388,40.28647],[-6.14412,40.28808],[-6.15987,40.31555],[-6.17561,40.30586]]]}},{"type":"Feature","id":"10125","properties":{"cod_mun":"10125","nombre":"Monroy","cod_prov":"10","cod_ccaa":"11"},"geometry":{"type":"MultiPolygon","coordinates":[[[[-6.18686,39.71454],[-6.23634,39.68061],[-6.23184,39.66445],[-6.25433,39.65314],[-6.25433,39.61275],[-6.18011,39.60952],[-6.11938,39.59983],[-6.0834,39.6176],[-6.04966,39.64345],[-6.02942,39.64506],[-6.00468,39.66284],[-6.02042,39.69838],[-6.03842,39.71131],[-6.05191,39.69676],[-6.0744,39.67899],[-6.11714,39.66122],[-6.12613,39.68546],[-6.12388,39.74846],[-6.14188,39.74362],[-6.17561,39.71454],[-6.18686,39.71454]]],[[[-6.23409,39.75816],[-6.27232,39.74685],[-6.25883,39.71777],[-6.23634,39.71131],[-6.20035,39.71777],[-6.23409,39.75816]]]]}},{"type":"Feature","id":"10126","properties":{"cod_mun":"10126","nombre":"Montánchez","cod_prov":"10","cod_ccaa":"11"},"geometry":{"type":"MultiPolygon","coordinates":[[[[-6.2116,39.1313],[-6.25433,39.13614],[-6.27907,39.1313],[-6.30156,39.16845],[-6.31956,39.18461],[-6.31056,39.15553],[-6.31281,39.13291],[-6.31281,39.11029],[-6.29482,39.09737],[-6.23184,39.08929],[-6.22059,39.1006],[-6.17111,39.07152],[-6.16887,39.0796],[-6.2161,39.10706],[-6.2116,39.1313]]],[[[-6.18686,39.29124],[-6.16437,39.27832],[-6.16212,39.26055],[-6.1981,39.2347],[-6.22059,39.24116],[-6.24084,39.23631],[-6.23184,39.23631],[-6.20035,39.21046],[-6.19136,39.19592],[-6.16662,39.19915],[-6.11039,39.18946],[-6.09015,39.204],[-6.07665,39.22177],[-6.0789,39.23308],[-6.10364,39.23308],[-6.11938,39.24277],[-6.13288,39.26378],[-6.16662,39.28316],[-6.16887,39.29447],[-6.18686,39.29124]]]]}},{"type":"Feature","id":"10127","properties":{"cod_mun":"10127","nombre":"Montehermoso","cod_prov":"10","cod_ccaa":"11"},"geometry":{"type":"Polygon","coordinates":[[[-6.38253,40.11037],[-6.38478,40.06351],[-6.39153,40.05382],[-6.36904,40.04412],[-6.35329,40.02635],[-6.36004,39.98435],[-6.37803,39.94234],[-6.34205,39.95365],[-6.34655,39.97788],[-6.31506,39.98758],[-6.31056,40.00535],[-6.32855,40.01666],[-6.30831,40.04251],[-6.31056,40.05543],[-6.29482,40.06513],[-6.29931,40.07482],[-6.26108,40.09259],[-6.24309,40.11037],[-6.26108,40.11198],[-6.27232,40.09906],[-6.32181,40.11683],[-6.34655,40.1136],[-6.38253,40.11037]]]}},{"type":"Feature","id":"10128","properties":{"cod_mun":"10128","nombre":"Moraleja","cod_prov":"10","cod_ccaa":"11"},"geometry":{"type":"Polygon","coordinates":[[[-6.77163,39.95526],[-6.75813,39.93588],[-6.7244,39.90356],[-6.7199,39.90518],[-6.73339,39.91811],[-6.73564,39.93103],[-6.7109,39.95042],[-6.68391,39.97788],[-6.69066,39.99081],[-6.68166,40.01504],[-6.65018,40.01666],[-6.63218,40.01827],[-6.62094,40.03605],[-6.63218,40.05705],[-6.62769,40.06836],[-6.65243,40.09421],[-6.65243,40.11037],[-6.67942,40.11198],[-6.7289,40.10229],[-6.73115,40.08128],[-6.72665,40.07321],[-6.69516,40.06513],[-6.70865,40.04736],[-6.69966,40.02635],[-6.7199,40.01181],[-6.75139,40.02151],[-6.77163,39.99081],[-6.77163,39.95526]]]}},{"type":"Feature","id":"10130","properties":{"cod_mun":"10130","nombre":"Navaconcejo","cod_prov":"10","cod_ccaa":"11"},"geometry":{"type":"Polygon","coordinates":[[[-5.91247,40.17984],[-5.92146,40.16691],[-5.88548,40.15883],[-5.87873,40.14752],[-5.86748,40.13622],[-5.81125,40.14752],[-5.79776,40.1556],[-5.82475,40.19276],[-5.86074,40.2073],[-5.88548,40.21215],[-5.88772,40.21215],[-5.90122,40.19761],[-5.91247,40.17984]]]}},{"type":"Feature","id":"10131","properties":{"cod_mun":"10131","nombre":"Navalmoral de la Mata","cod_prov":"10","cod_ccaa":"11"},"geometry":{"type":"Polygon","coordinates":[[[-5.64932,39.97465],[-5.66956,39.97788],[-5.67406,39.96173],[-5.65157,39.9585],[-5.61558,39.94072],[-5.61558,39.91972],[-5.63357,39.88741],[-5.59084,39.86802],[-5.5751,39.87933],[-5.5661,39.86964],[-5.52112,39.86156],[-5.51437,39.87448],[-5.48738,39.88256],[-5.49188,39.92295],[-5.47164,39.94396],[-5.47838,39.9585],[-5.49863,39.97142],[-5.50987,39.99566],[-5.51662,39.99727],[-5.56385,40.0005],[-5.57735,39.98273],[-5.60434,39.96819],[-5.64932,39.97465]]]}},{"type":"Feature","id":"10142","properties":{"cod_mun":"10142","nombre":"Perales del Puerto","cod_prov":"10","cod_ccaa":"11"},"geometry":{"type":"Polygon","coordinates":[[[-6.7289,40.10229],[-6.67942,40.11198],[-6.65243,40.11037],[-6.65018,40.11683],[-6.66367,40.13622],[-6.66367,40.16853],[-6.67492,40.18468],[-6.69291,40.17176],[-6.70191,40.15399],[-6.7244,40.14268],[-6.72665,40.13298],[-6.7289,40.10229]]]}},{"type":"Feature","id":"10132","properties":{"cod_mun":"10132","nombre":"Navalvillar de Ibor","cod_prov":"10","cod_ccaa":"11"},"geometry":{"type":"Polygon","coordinates":[[[-5.4469,39.5966],[-5.44465,39.59498],[-5.42216,39.56267],[-5.40191,39.53036],[-5.37043,39.55136],[-5.35018,39.57398],[-5.35468,39.59175],[-5.33669,39.60306],[-5.3232,39.63537],[-5.32994,39.65476],[-5.33894,39.63214],[-5.36593,39.62245],[-5.38842,39.60791],[-5.4469,39.5966]]]}},{"type":"Feature","id":"10144","properties":{"cod_mun":"10144","nombre":"Pesga, La","cod_prov":"10","cod_ccaa":"11"},"geometry":{"type":"Polygon","coordinates":[[[-6.20035,40.31555],[-6.19585,40.30424],[-6.17561,40.30586],[-6.15987,40.31555],[-6.14412,40.28808],[-6.12388,40.28647],[-6.12838,40.31878],[-6.13738,40.32847],[-6.18236,40.33171],[-6.20035,40.31555]]]}},{"type":"Feature","id":"10133","properties":{"cod_mun":"10133","nombre":"Navas del Madroño","cod_prov":"10","cod_ccaa":"11"},"geometry":{"type":"Polygon","coordinates":[[[-6.69291,39.70807],[-6.69741,39.61598],[-6.62319,39.57398],[-6.60969,39.59175],[-6.57146,39.61114],[-6.56471,39.61598],[-6.6007,39.64022],[-6.60744,39.66122],[-6.5962,39.69353],[-6.60295,39.70969],[-6.65468,39.70484],[-6.69291,39.70807]]]}},{"type":"Feature","id":"10145","properties":{"cod_mun":"10145","nombre":"Piedras Albas","cod_prov":"10","cod_ccaa":"11"},"geometry":{"type":"Polygon","coordinates":[[[-6.95156,39.77431],[-6.92682,39.77593],[-6.92007,39.78724],[-6.95381,39.7937],[-6.95156,39.77431]]]}},{"type":"Feature","id":"10134","properties":{"cod_mun":"10134","nombre":"Navezuelas","cod_prov":"10","cod_ccaa":"11"},"geometry":{"type":"Polygon","coordinates":[[[-5.42666,39.44957],[-5.39517,39.47058],[-5.38167,39.46735],[-5.37942,39.47542],[-5.40191,39.53036],[-5.42216,39.56267],[-5.48738,39.51905],[-5.42666,39.44957]]]}},{"type":"Feature","id":"10152","properties":{"cod_mun":"10152","nombre":"Pozuelo de Zarzón","cod_prov":"10","cod_ccaa":"11"},"geometry":{"type":"Polygon","coordinates":[[[-6.45001,40.1136],[-6.44101,40.09906],[-6.39153,40.11844],[-6.38253,40.11037],[-6.34655,40.1136],[-6.35554,40.16045],[-6.38478,40.17014],[-6.41177,40.1653],[-6.43876,40.17499],[-6.45225,40.16853],[-6.44551,40.15399],[-6.41852,40.14429],[-6.45001,40.1136]]]}},{"type":"Feature","id":"10135","properties":{"cod_mun":"10135","nombre":"Nuñomoral","cod_prov":"10","cod_ccaa":"11"},"geometry":{"type":"Polygon","coordinates":[[[-6.36229,40.40764],[-6.3308,40.38017],[-6.31056,40.38502],[-6.29931,40.37694],[-6.25883,40.36887],[-6.23409,40.37694],[-6.19136,40.3721],[-6.15537,40.40118],[-6.17786,40.40764],[-6.18011,40.42541],[-6.19585,40.42703],[-6.24534,40.45126],[-6.26558,40.44642],[-6.26333,40.43834],[-6.30381,40.42218],[-6.33305,40.42703],[-6.36229,40.41572],[-6.36229,40.40764]]]}},{"type":"Feature","id":"10153","properties":{"cod_mun":"10153","nombre":"Puerto de Santa Cruz","cod_prov":"10","cod_ccaa":"11"},"geometry":{"type":"Polygon","coordinates":[[[-5.90572,39.25893],[-5.88548,39.2557],[-5.85624,39.27347],[-5.85399,39.28316],[-5.836,39.27832],[-5.818,39.29932],[-5.86973,39.33163],[-5.88772,39.31709],[-5.90122,39.28478],[-5.90572,39.25893]]]}},{"type":"Feature","id":"10136","properties":{"cod_mun":"10136","nombre":"Oliva de Plasencia","cod_prov":"10","cod_ccaa":"11"},"geometry":{"type":"Polygon","coordinates":[[[-6.18236,40.08936],[-6.16212,40.09098],[-6.12388,40.05705],[-6.09015,40.08128],[-6.0699,40.07967],[-6.03392,40.09582],[-6.03617,40.11198],[-6.05416,40.11683],[-6.05191,40.12975],[-6.0699,40.15076],[-6.07215,40.17176],[-6.09689,40.16853],[-6.15762,40.13137],[-6.17786,40.10552],[-6.18236,40.08936]]]}},{"type":"Feature","id":"10138","properties":{"cod_mun":"10138","nombre":"Pasarón de la Vera","cod_prov":"10","cod_ccaa":"11"},"geometry":{"type":"Polygon","coordinates":[[[-5.85174,40.0312],[-5.827,40.00212],[-5.8315,39.97627],[-5.80901,39.98273],[-5.78202,39.98758],[-5.78427,40.0102],[-5.80001,40.0619],[-5.80901,40.06997],[-5.82025,40.07644],[-5.836,40.07321],[-5.82925,40.06351],[-5.85174,40.0312]]]}},{"type":"Feature","id":"10154","properties":{"cod_mun":"10154","nombre":"Rebollar","cod_prov":"10","cod_ccaa":"11"},"geometry":{"type":"Polygon","coordinates":[[[-5.9507,40.16853],[-5.91921,40.15722],[-5.89897,40.13783],[-5.87873,40.14752],[-5.88548,40.15883],[-5.92146,40.16691],[-5.91247,40.17984],[-5.9507,40.16853]]]}},{"type":"Feature","id":"10139","properties":{"cod_mun":"10139","nombre":"Pedroso de Acim","cod_prov":"10","cod_ccaa":"11"},"geometry":{"type":"Polygon","coordinates":[[[-6.43651,39.86317],[-6.41177,39.8454],[-6.42976,39.82278],[-6.42077,39.80663],[-6.38928,39.80986],[-6.38028,39.81955],[-6.39153,39.8454],[-6.37578,39.86802],[-6.39828,39.8971],[-6.42077,39.89549],[-6.43651,39.86317]]]}},{"type":"Feature","id":"10155","properties":{"cod_mun":"10155","nombre":"Riolobos","cod_prov":"10","cod_ccaa":"11"},"geometry":{"type":"Polygon","coordinates":[[[-6.40052,39.9068],[-6.35104,39.92618],[-6.35329,39.91811],[-6.32181,39.8971],[-6.30606,39.87933],[-6.27907,39.89872],[-6.27008,39.92295],[-6.28582,39.9278],[-6.29931,39.95042],[-6.34205,39.95365],[-6.37803,39.94234],[-6.39153,39.95688],[-6.39828,39.95688],[-6.40502,39.91164],[-6.40052,39.9068]]]}},{"type":"Feature","id":"10156","properties":{"cod_mun":"10156","nombre":"Robledillo de Gata","cod_prov":"10","cod_ccaa":"11"},"geometry":{"type":"Polygon","coordinates":[[[-6.51748,40.35432],[-6.49049,40.3204],[-6.4635,40.30101],[-6.45675,40.30424],[-6.459,40.31717],[-6.44326,40.34948],[-6.43426,40.35594],[-6.43876,40.3721],[-6.45001,40.37048],[-6.47475,40.37048],[-6.51748,40.35432]]]}},{"type":"Feature","id":"10140","properties":{"cod_mun":"10140","nombre":"Peraleda de la Mata","cod_prov":"10","cod_ccaa":"11"},"geometry":{"type":"Polygon","coordinates":[[[-5.52562,39.85186],[-5.51212,39.85025],[-5.48738,39.8244],[-5.49413,39.80663],[-5.44915,39.80986],[-5.4424,39.80016],[-5.40866,39.80663],[-5.41091,39.82601],[-5.43565,39.81632],[-5.4424,39.84217],[-5.40866,39.86156],[-5.40641,39.87771],[-5.40191,39.88579],[-5.44015,39.91811],[-5.44015,39.93103],[-5.46714,39.94072],[-5.47164,39.94396],[-5.49188,39.92295],[-5.48738,39.88256],[-5.51437,39.87448],[-5.52112,39.86156],[-5.52562,39.85186]]]}},{"type":"Feature","id":"10141","properties":{"cod_mun":"10141","nombre":"Peraleda de San Román","cod_prov":"10","cod_ccaa":"11"},"geometry":{"type":"Polygon","coordinates":[[[-5.4424,39.74685],[-5.4424,39.72585],[-5.40866,39.69838],[-5.37717,39.70969],[-5.35693,39.74362],[-5.32769,39.77108],[-5.35468,39.78886],[-5.35243,39.79532],[-5.37268,39.80824],[-5.41991,39.76139],[-5.4334,39.76462],[-5.4424,39.74685]]]}},{"type":"Feature","id":"10157","properties":{"cod_mun":"10157","nombre":"Robledillo de la Vera","cod_prov":"10","cod_ccaa":"11"},"geometry":{"type":"Polygon","coordinates":[[[-5.60434,40.10229],[-5.61558,40.10067],[-5.56835,40.0619],[-5.55486,40.08936],[-5.56835,40.10067],[-5.60434,40.10229]]]}},{"type":"Feature","id":"10143","properties":{"cod_mun":"10143","nombre":"Pescueza","cod_prov":"10","cod_ccaa":"11"},"geometry":{"type":"MultiPolygon","coordinates":[[[[-6.62769,39.94234],[-6.66142,39.93588],[-6.65468,39.91003],[-6.62319,39.88418],[-6.62769,39.86802],[-6.64793,39.8551],[-6.59845,39.83732],[-6.5827,39.82601],[-6.55346,39.83409],[-6.56471,39.8551],[-6.59395,39.8761],[-6.61194,39.92618],[-6.62769,39.94234]]],[[[-6.69291,39.9278],[-6.73339,39.91811],[-6.7199,39.90518],[-6.68841,39.92457],[-6.69291,39.9278]]]]}},{"type":"Feature","id":"10146","properties":{"cod_mun":"10146","nombre":"Pinofranqueado","cod_prov":"10","cod_ccaa":"11"},"geometry":{"type":"Polygon","coordinates":[[[-6.48374,40.26223],[-6.48149,40.25092],[-6.47025,40.25254],[-6.45675,40.27031],[-6.42302,40.27354],[-6.38028,40.29132],[-6.35104,40.28162],[-6.3353,40.27839],[-6.3263,40.29939],[-6.30831,40.31717],[-6.32405,40.33332],[-6.32181,40.35271],[-6.29931,40.37694],[-6.31056,40.38502],[-6.3308,40.38017],[-6.36229,40.40764],[-6.37578,40.39956],[-6.41852,40.39956],[-6.43876,40.3721],[-6.43426,40.35594],[-6.44326,40.34948],[-6.459,40.31717],[-6.45675,40.30424],[-6.48374,40.26223]]]}},{"type":"Feature","id":"10147","properties":{"cod_mun":"10147","nombre":"Piornal","cod_prov":"10","cod_ccaa":"11"},"geometry":{"type":"Polygon","coordinates":[[[-5.88772,40.09906],[-5.85624,40.09259],[-5.85624,40.08128],[-5.836,40.07321],[-5.82025,40.07644],[-5.82925,40.0829],[-5.81575,40.1039],[-5.82025,40.1136],[-5.79326,40.13783],[-5.78427,40.1556],[-5.79776,40.1556],[-5.81125,40.14752],[-5.86748,40.13622],[-5.87648,40.12491],[-5.87423,40.10552],[-5.88772,40.09906]]]}},{"type":"Feature","id":"10148","properties":{"cod_mun":"10148","nombre":"Plasencia","cod_prov":"10","cod_ccaa":"11"},"geometry":{"type":"Polygon","coordinates":[[[-6.30606,39.87933],[-6.29707,39.86964],[-6.26558,39.89387],[-6.24309,39.91972],[-6.20485,39.93911],[-6.17111,39.96334],[-6.15987,39.96496],[-6.10589,39.98596],[-6.06765,40.01504],[-6.04067,40.01504],[-6.03392,40.03282],[-6.01817,40.0312],[-5.97994,40.06513],[-5.97769,40.06997],[-6.00018,40.08452],[-6.03392,40.09582],[-6.0699,40.07967],[-6.09015,40.08128],[-6.12388,40.05705],[-6.16212,40.09098],[-6.18236,40.08936],[-6.19361,40.07482],[-6.18911,40.04574],[-6.20935,40.02312],[-6.23184,39.99404],[-6.26558,39.94719],[-6.27008,39.92295],[-6.27907,39.89872],[-6.30606,39.87933]]]}},{"type":"Feature","id":"10164","properties":{"cod_mun":"10164","nombre":"San Martín de Trevejo","cod_prov":"10","cod_ccaa":"11"},"geometry":{"type":"Polygon","coordinates":[[[-6.88633,40.19276],[-6.86609,40.17176],[-6.76938,40.20407],[-6.76488,40.23154],[-6.75589,40.23962],[-6.77838,40.24608],[-6.79637,40.22346],[-6.83461,40.19276],[-6.88633,40.19276]]]}},{"type":"Feature","id":"10149","properties":{"cod_mun":"10149","nombre":"Plasenzuela","cod_prov":"10","cod_ccaa":"11"},"geometry":{"type":"Polygon","coordinates":[[[-6.08565,39.36718],[-6.04516,39.33971],[-6.04067,39.33325],[-6.03617,39.34617],[-6.00243,39.35264],[-5.98894,39.37202],[-5.99118,39.37525],[-6.02942,39.37687],[-6.03167,39.38656],[-6.06091,39.40757],[-6.0834,39.40595],[-6.0924,39.40434],[-6.08565,39.36718]]]}},{"type":"Feature","id":"10174","properties":{"cod_mun":"10174","nombre":"Segura de Toro","cod_prov":"10","cod_ccaa":"11"},"geometry":{"type":"Polygon","coordinates":[[[-5.97994,40.22346],[-5.97094,40.21377],[-5.91022,40.20407],[-5.90122,40.19761],[-5.88772,40.21215],[-5.94845,40.23315],[-5.9642,40.22992],[-5.97994,40.22346]]]}},{"type":"Feature","id":"10175","properties":{"cod_mun":"10175","nombre":"Serradilla","cod_prov":"10","cod_ccaa":"11"},"geometry":{"type":"Polygon","coordinates":[[[-6.23409,39.75816],[-6.20035,39.71777],[-6.18686,39.71454],[-6.17561,39.71454],[-6.14188,39.74362],[-6.12388,39.74846],[-6.12613,39.68546],[-6.11714,39.66122],[-6.0744,39.67899],[-6.05191,39.69676],[-6.07665,39.72908],[-6.0834,39.75008],[-6.04067,39.76947],[-6.03392,39.8034],[-6.06091,39.8244],[-6.05191,39.83409],[-6.02267,39.83894],[-6.00918,39.8454],[-5.99118,39.83732],[-5.98219,39.85186],[-6.00468,39.86317],[-6.00693,39.89226],[-6.01817,39.8971],[-6.01143,39.92941],[-6.03167,39.93588],[-6.04741,39.92941],[-6.05416,39.88418],[-6.04741,39.87125],[-6.0879,39.87771],[-6.10589,39.88902],[-6.12838,39.87771],[-6.12613,39.86641],[-6.15987,39.86317],[-6.16662,39.85671],[-6.14862,39.83894],[-6.1981,39.83894],[-6.17336,39.81147],[-6.16437,39.78239],[-6.23409,39.75816]]]}},{"type":"Feature","id":"10150","properties":{"cod_mun":"10150","nombre":"Portaje","cod_prov":"10","cod_ccaa":"11"},"geometry":{"type":"Polygon","coordinates":[[[-6.62769,39.94234],[-6.61194,39.92618],[-6.59395,39.8761],[-6.56471,39.8551],[-6.55346,39.83409],[-6.5827,39.82601],[-6.57821,39.80824],[-6.55122,39.79532],[-6.51523,39.81471],[-6.50398,39.84702],[-6.53997,39.89064],[-6.51973,39.91487],[-6.52198,39.9278],[-6.53547,39.94072],[-6.55796,39.94234],[-6.55571,39.9585],[-6.57596,39.96173],[-6.6007,39.95688],[-6.62769,39.94234]]]}},{"type":"Feature","id":"10151","properties":{"cod_mun":"10151","nombre":"Portezuelo","cod_prov":"10","cod_ccaa":"11"},"geometry":{"type":"Polygon","coordinates":[[[-6.64793,39.76139],[-6.62769,39.73392],[-6.60519,39.721],[-6.54672,39.74039],[-6.54447,39.75493],[-6.50623,39.76301],[-6.49049,39.75816],[-6.44326,39.77108],[-6.44101,39.78724],[-6.4545,39.80501],[-6.42077,39.80663],[-6.42976,39.82278],[-6.41177,39.8454],[-6.43651,39.86317],[-6.47699,39.86479],[-6.49274,39.87448],[-6.50398,39.84702],[-6.51523,39.81471],[-6.55122,39.79532],[-6.55346,39.78724],[-6.5827,39.78078],[-6.59395,39.76462],[-6.61419,39.77593],[-6.62769,39.75977],[-6.64793,39.76139]]]}},{"type":"Feature","id":"10158","properties":{"cod_mun":"10158","nombre":"Robledillo de Trujillo","cod_prov":"10","cod_ccaa":"11"},"geometry":{"type":"Polygon","coordinates":[[[-6.00693,39.27509],[-6.02267,39.25731],[-6.00693,39.22662],[-5.98444,39.24116],[-5.95745,39.225],[-5.9462,39.24277],[-5.93721,39.27832],[-5.92596,39.2864],[-5.94845,39.30255],[-6.00018,39.28801],[-6.00693,39.27832],[-6.00693,39.27509]]]}},{"type":"Feature","id":"10159","properties":{"cod_mun":"10159","nombre":"Robledollano","cod_prov":"10","cod_ccaa":"11"},"geometry":{"type":"Polygon","coordinates":[[[-5.57285,39.61114],[-5.53236,39.58206],[-5.49188,39.59336],[-5.47389,39.5869],[-5.44465,39.59498],[-5.4469,39.5966],[-5.48063,39.62891],[-5.50088,39.62891],[-5.51212,39.64506],[-5.52787,39.64022],[-5.55261,39.66607],[-5.5661,39.67576],[-5.58184,39.65799],[-5.59309,39.63214],[-5.57285,39.61114]]]}},{"type":"Feature","id":"10160","properties":{"cod_mun":"10160","nombre":"Romangordo","cod_prov":"10","cod_ccaa":"11"},"geometry":{"type":"Polygon","coordinates":[[[-5.75503,39.77431],[-5.73254,39.75331],[-5.71904,39.73069],[-5.6943,39.71131],[-5.66956,39.75816],[-5.69655,39.78239],[-5.70555,39.80501],[-5.72804,39.80016],[-5.72354,39.79047],[-5.75503,39.77431]]]}},{"type":"Feature","id":"10161","properties":{"cod_mun":"10161","nombre":"Ruanes","cod_prov":"10","cod_ccaa":"11"},"geometry":{"type":"Polygon","coordinates":[[[-6.04067,39.33325],[-6.01817,39.31225],[-6.01368,39.29609],[-5.98894,39.32194],[-5.99118,39.34617],[-6.00243,39.35264],[-6.03617,39.34617],[-6.04067,39.33325]]]}},{"type":"Feature","id":"10162","properties":{"cod_mun":"10162","nombre":"Salorino","cod_prov":"10","cod_ccaa":"11"},"geometry":{"type":"Polygon","coordinates":[[[-7.0955,39.5045],[-7.09775,39.49481],[-7.12699,39.46573],[-7.04827,39.43665],[-6.99429,39.42534],[-6.99654,39.42049],[-6.93582,39.39626],[-6.91332,39.43826],[-6.93132,39.4625],[-6.93806,39.48512],[-6.93132,39.5045],[-6.94256,39.51258],[-6.9808,39.55297],[-7.00779,39.51743],[-7.05502,39.50289],[-7.08201,39.51258],[-7.0955,39.5045]]]}},{"type":"Feature","id":"10163","properties":{"cod_mun":"10163","nombre":"Salvatierra de Santiago","cod_prov":"10","cod_ccaa":"11"},"geometry":{"type":"Polygon","coordinates":[[[-6.09464,39.27993],[-6.0699,39.25408],[-6.04966,39.27347],[-6.03167,39.27832],[-6.00693,39.27509],[-6.00693,39.27832],[-6.01368,39.29609],[-6.01817,39.31225],[-6.04067,39.33325],[-6.04516,39.33971],[-6.06541,39.32032],[-6.07665,39.29124],[-6.0924,39.28316],[-6.09464,39.27993]]]}},{"type":"Feature","id":"10165","properties":{"cod_mun":"10165","nombre":"Santa Ana","cod_prov":"10","cod_ccaa":"11"},"geometry":{"type":"Polygon","coordinates":[[[-6.01368,39.29609],[-6.00693,39.27832],[-6.00018,39.28801],[-5.94845,39.30255],[-5.95745,39.31225],[-5.9552,39.36395],[-5.91921,39.3898],[-5.91471,39.39949],[-5.93046,39.40434],[-5.9417,39.40595],[-5.96869,39.3801],[-5.97094,39.36071],[-5.98894,39.32194],[-6.01368,39.29609]]]}},{"type":"Feature","id":"10166","properties":{"cod_mun":"10166","nombre":"Santa Cruz de la Sierra","cod_prov":"10","cod_ccaa":"11"},"geometry":{"type":"Polygon","coordinates":[[[-5.88772,39.31709],[-5.86973,39.33163],[-5.818,39.29932],[-5.8135,39.31871],[-5.79101,39.31225],[-5.77977,39.31871],[-5.78876,39.34294],[-5.818,39.36718],[-5.79551,39.3801],[-5.85849,39.36879],[-5.87648,39.38172],[-5.86973,39.35264],[-5.89222,39.33971],[-5.88772,39.31709]]]}},{"type":"Feature","id":"10167","properties":{"cod_mun":"10167","nombre":"Santa Cruz de Paniagua","cod_prov":"10","cod_ccaa":"11"},"geometry":{"type":"Polygon","coordinates":[[[-6.38478,40.17014],[-6.35554,40.16045],[-6.29482,40.15883],[-6.28807,40.14914],[-6.26333,40.15722],[-6.28132,40.18468],[-6.28132,40.19761],[-6.28132,40.22992],[-6.30606,40.22669],[-6.32405,40.25254],[-6.3353,40.27839],[-6.35104,40.28162],[-6.36904,40.26547],[-6.36229,40.25577],[-6.36904,40.22184],[-6.38028,40.21053],[-6.37803,40.17822],[-6.38478,40.17014]]]}},{"type":"Feature","id":"10168","properties":{"cod_mun":"10168","nombre":"Santa Marta de Magasca","cod_prov":"10","cod_ccaa":"11"},"geometry":{"type":"Polygon","coordinates":[[[-6.14412,39.54005],[-6.13288,39.5142],[-6.11714,39.5045],[-6.09464,39.46573],[-6.05641,39.47542],[-6.03617,39.4835],[-6.04741,39.49643],[-6.04741,39.51581],[-6.0924,39.52551],[-6.12163,39.54328],[-6.14412,39.54005]]]}},{"type":"Feature","id":"10169","properties":{"cod_mun":"10169","nombre":"Santiago de Alcántara","cod_prov":"10","cod_ccaa":"11"},"geometry":{"type":"Polygon","coordinates":[[[-7.32491,39.64506],[-7.31142,39.62245],[-7.28893,39.60467],[-7.28668,39.59336],[-7.26419,39.58529],[-7.23945,39.54974],[-7.17872,39.57559],[-7.18322,39.58367],[-7.21246,39.59983],[-7.18997,39.64345],[-7.19222,39.65961],[-7.25069,39.66768],[-7.28668,39.65961],[-7.32491,39.64506]]]}},{"type":"Feature","id":"10170","properties":{"cod_mun":"10170","nombre":"Santiago del Campo","cod_prov":"10","cod_ccaa":"11"},"geometry":{"type":"Polygon","coordinates":[[[-6.43651,39.6483],[-6.41852,39.62245],[-6.37354,39.60144],[-6.34205,39.59336],[-6.33755,39.61114],[-6.31506,39.65476],[-6.40952,39.69353],[-6.41852,39.67899],[-6.46125,39.68707],[-6.43651,39.6483]]]}},{"type":"Feature","id":"10171","properties":{"cod_mun":"10171","nombre":"Santibáñez el Alto","cod_prov":"10","cod_ccaa":"11"},"geometry":{"type":"Polygon","coordinates":[[[-6.59845,40.12975],[-6.58495,40.12167],[-6.5962,40.10875],[-6.54222,40.10229],[-6.52648,40.10713],[-6.52198,40.14429],[-6.53997,40.15237],[-6.49499,40.18145],[-6.51523,40.19761],[-6.50398,40.20569],[-6.51973,40.22507],[-6.51523,40.24608],[-6.48149,40.25092],[-6.48374,40.26223],[-6.50848,40.26708],[-6.52648,40.24769],[-6.53322,40.27193],[-6.55571,40.29132],[-6.57146,40.28001],[-6.5872,40.27031],[-6.56696,40.25739],[-6.56921,40.238],[-6.53547,40.22346],[-6.53772,40.21053],[-6.5872,40.20407],[-6.58045,40.17661],[-6.59845,40.12975]],[[-6.53772,40.22669],[-6.55346,40.238],[-6.53997,40.24769],[-6.52648,40.238],[-6.53772,40.22669]]]}},{"type":"Feature","id":"10172","properties":{"cod_mun":"10172","nombre":"Santibáñez el Bajo","cod_prov":"10","cod_ccaa":"11"},"geometry":{"type":"Polygon","coordinates":[[[-6.28807,40.14914],[-6.24758,40.11683],[-6.23859,40.11844],[-6.22734,40.12329],[-6.20485,40.14591],[-6.21385,40.1556],[-6.2071,40.17014],[-6.21835,40.19115],[-6.24084,40.19922],[-6.26783,40.20084],[-6.28132,40.19761],[-6.28132,40.18468],[-6.26333,40.15722],[-6.28807,40.14914]]]}},{"type":"Feature","id":"10179","properties":{"cod_mun":"10179","nombre":"Talaveruela de la Vera","cod_prov":"10","cod_ccaa":"11"},"geometry":{"type":"Polygon","coordinates":[[[-5.53911,40.09421],[-5.52337,40.07321],[-5.51212,40.09259],[-5.50537,40.12975],[-5.50987,40.15237],[-5.49638,40.18953],[-5.49638,40.19922],[-5.51887,40.19761],[-5.51887,40.16691],[-5.53011,40.13783],[-5.52562,40.11521],[-5.53911,40.09421]]]}},{"type":"Feature","id":"10180","properties":{"cod_mun":"10180","nombre":"Talayuela","cod_prov":"10","cod_ccaa":"11"},"geometry":{"type":"Polygon","coordinates":[[[-5.64932,39.97465],[-5.60434,39.96819],[-5.57735,39.98273],[-5.56385,40.0005],[-5.51662,39.99727],[-5.51212,40.03928],[-5.48063,40.05059],[-5.46039,40.04736],[-5.44465,40.02958],[-5.44015,40.01181],[-5.41541,39.99727],[-5.4289,39.98758],[-5.42666,39.97465],[-5.45814,39.96981],[-5.4334,39.9585],[-5.46714,39.94072],[-5.44015,39.93103],[-5.44015,39.91811],[-5.40191,39.88579],[-5.39517,39.91811],[-5.36593,39.98435],[-5.36368,40.02635],[-5.36593,40.03605],[-5.39517,40.04251],[-5.4289,40.06674],[-5.40641,40.09259],[-5.44915,40.08452],[-5.46714,40.06997],[-5.50987,40.06674],[-5.51212,40.05705],[-5.53011,40.04897],[-5.55036,40.05059],[-5.58184,40.04089],[-5.60209,40.02312],[-5.62908,40.02312],[-5.64707,40.01504],[-5.64932,39.97465]]]}},{"type":"Feature","id":"10173","properties":{"cod_mun":"10173","nombre":"Saucedilla","cod_prov":"10","cod_ccaa":"11"},"geometry":{"type":"Polygon","coordinates":[[[-5.75503,39.84863],[-5.74603,39.82601],[-5.72804,39.80016],[-5.70555,39.80501],[-5.68081,39.83409],[-5.65607,39.83894],[-5.63357,39.85186],[-5.59534,39.85348],[-5.59084,39.86802],[-5.63357,39.88741],[-5.65382,39.86964],[-5.68305,39.86641],[-5.73029,39.87448],[-5.75053,39.86802],[-5.75503,39.84863]]]}},{"type":"Feature","id":"10176","properties":{"cod_mun":"10176","nombre":"Serrejón","cod_prov":"10","cod_ccaa":"11"},"geometry":{"type":"Polygon","coordinates":[[[-5.91921,39.82278],[-5.91921,39.80501],[-5.89447,39.79047],[-5.88548,39.79693],[-5.85849,39.79209],[-5.8315,39.77593],[-5.82925,39.76301],[-5.80001,39.77108],[-5.78202,39.76462],[-5.75503,39.77431],[-5.72354,39.79047],[-5.72804,39.80016],[-5.74603,39.82601],[-5.75503,39.84863],[-5.80001,39.86964],[-5.83824,39.86802],[-5.86523,39.85671],[-5.85174,39.85025],[-5.86973,39.83086],[-5.90347,39.83732],[-5.91921,39.82278]]]}},{"type":"Feature","id":"10177","properties":{"cod_mun":"10177","nombre":"Sierra de Fuentes","cod_prov":"10","cod_ccaa":"11"},"geometry":{"type":"MultiPolygon","coordinates":[[[[-6.28807,39.32679],[-6.29707,39.31548],[-6.27232,39.28801],[-6.26783,39.30417],[-6.28807,39.32679]]],[[[-6.26108,39.41726],[-6.23859,39.41888],[-6.23184,39.44796],[-6.28357,39.45927],[-6.29931,39.44473],[-6.29032,39.42049],[-6.26108,39.41726]]]]}},{"type":"Feature","id":"10184","properties":{"cod_mun":"10184","nombre":"Torno, El","cod_prov":"10","cod_ccaa":"11"},"geometry":{"type":"Polygon","coordinates":[[[-5.99343,40.08936],[-5.95745,40.10229],[-5.91022,40.13298],[-5.93721,40.15722],[-5.95295,40.1653],[-5.96644,40.14752],[-5.9552,40.12652],[-5.97094,40.10875],[-6.00018,40.10713],[-5.99343,40.08936]]]}},{"type":"Feature","id":"10178","properties":{"cod_mun":"10178","nombre":"Talaván","cod_prov":"10","cod_ccaa":"11"},"geometry":{"type":"Polygon","coordinates":[[[-6.34205,39.59336],[-6.30606,39.59175],[-6.28357,39.60791],[-6.25433,39.61275],[-6.25433,39.65314],[-6.23184,39.66445],[-6.23634,39.68061],[-6.18686,39.71454],[-6.20035,39.71777],[-6.23634,39.71131],[-6.25883,39.71777],[-6.27232,39.74685],[-6.31056,39.742],[-6.29707,39.71454],[-6.30381,39.70646],[-6.31506,39.65476],[-6.33755,39.61114],[-6.34205,39.59336]]]}},{"type":"Feature","id":"10181","properties":{"cod_mun":"10181","nombre":"Tejeda de Tiétar","cod_prov":"10","cod_ccaa":"11"},"geometry":{"type":"Polygon","coordinates":[[[-5.91471,40.01666],[-5.88772,39.98273],[-5.90572,39.97304],[-5.90797,39.9585],[-5.88548,39.94396],[-5.83824,39.96173],[-5.8315,39.97627],[-5.827,40.00212],[-5.85174,40.0312],[-5.88323,40.03605],[-5.91471,40.01666]]]}},{"type":"Feature","id":"10182","properties":{"cod_mun":"10182","nombre":"Toril","cod_prov":"10","cod_ccaa":"11"},"geometry":{"type":"Polygon","coordinates":[[[-6.02267,39.83894],[-5.94845,39.82601],[-5.9417,39.81794],[-5.91921,39.82278],[-5.90347,39.83732],[-5.86973,39.83086],[-5.85174,39.85025],[-5.86523,39.85671],[-5.83824,39.86802],[-5.80001,39.86964],[-5.75503,39.84863],[-5.75053,39.86802],[-5.75503,39.88095],[-5.74828,39.91326],[-5.8135,39.9278],[-5.82475,39.95203],[-5.83824,39.96173],[-5.88548,39.94396],[-5.89447,39.93911],[-5.88548,39.92295],[-5.90122,39.90356],[-5.91696,39.90033],[-5.92821,39.86641],[-5.9597,39.85671],[-5.96644,39.84217],[-5.98219,39.85186],[-5.99118,39.83732],[-6.00918,39.8454],[-6.02267,39.83894]]]}},{"type":"Feature","id":"10183","properties":{"cod_mun":"10183","nombre":"Tornavacas","cod_prov":"10","cod_ccaa":"11"},"geometry":{"type":"Polygon","coordinates":[[[-5.74378,40.28808],[-5.73928,40.25577],[-5.72129,40.24769],[-5.69655,40.20246],[-5.6898,40.17337],[-5.68081,40.17661],[-5.64932,40.2073],[-5.62008,40.2073],[-5.61108,40.21538],[-5.62458,40.24769],[-5.64932,40.24931],[-5.65607,40.27031],[-5.69205,40.29132],[-5.73703,40.29455],[-5.74378,40.28808]]]}},{"type":"Feature","id":"10185","properties":{"cod_mun":"10185","nombre":"Torrecilla de los Ángeles","cod_prov":"10","cod_ccaa":"11"},"geometry":{"type":"Polygon","coordinates":[[[-6.47025,40.25254],[-6.45225,40.22669],[-6.43876,40.22023],[-6.38703,40.22346],[-6.38703,40.25092],[-6.36904,40.26547],[-6.35104,40.28162],[-6.38028,40.29132],[-6.42302,40.27354],[-6.45675,40.27031],[-6.47025,40.25254]]]}},{"type":"Feature","id":"10186","properties":{"cod_mun":"10186","nombre":"Torrecillas de la Tiesa","cod_prov":"10","cod_ccaa":"11"},"geometry":{"type":"Polygon","coordinates":[[[-5.83375,39.6483],[-5.8225,39.62891],[-5.83824,39.59821],[-5.8315,39.56428],[-5.82475,39.5659],[-5.80451,39.53843],[-5.77302,39.51581],[-5.75053,39.52712],[-5.73928,39.52228],[-5.6988,39.52712],[-5.69205,39.54166],[-5.6988,39.5659],[-5.66731,39.59336],[-5.7078,39.61598],[-5.75278,39.63376],[-5.80901,39.6483],[-5.83375,39.6483]]]}},{"type":"Feature","id":"10189","properties":{"cod_mun":"10189","nombre":"Torrejoncillo","cod_prov":"10","cod_ccaa":"11"},"geometry":{"type":"Polygon","coordinates":[[[-6.52198,39.9278],[-6.51973,39.91487],[-6.53997,39.89064],[-6.50398,39.84702],[-6.49274,39.87448],[-6.47699,39.86479],[-6.43651,39.86317],[-6.42077,39.89549],[-6.39828,39.8971],[-6.40052,39.9068],[-6.40502,39.91164],[-6.39828,39.95688],[-6.39153,39.95688],[-6.39603,39.96011],[-6.40052,39.96011],[-6.41852,39.95203],[-6.43876,39.96334],[-6.46575,39.95203],[-6.49724,39.9488],[-6.49499,39.92941],[-6.52198,39.9278]]]}},{"type":"Feature","id":"10190","properties":{"cod_mun":"10190","nombre":"Torrejón el Rubio","cod_prov":"10","cod_ccaa":"11"},"geometry":{"type":"Polygon","coordinates":[[[-6.05191,39.69676],[-6.03842,39.71131],[-6.02042,39.69838],[-6.00468,39.66284],[-5.9417,39.66445],[-5.93721,39.68061],[-5.95745,39.70484],[-5.92371,39.71777],[-5.92146,39.72585],[-5.88772,39.71292],[-5.86973,39.77431],[-5.85849,39.79209],[-5.88548,39.79693],[-5.89447,39.79047],[-5.91921,39.80501],[-5.91921,39.82278],[-5.9417,39.81794],[-5.94845,39.82601],[-6.02267,39.83894],[-6.05191,39.83409],[-6.06091,39.8244],[-6.03392,39.8034],[-6.04067,39.76947],[-6.0834,39.75008],[-6.07665,39.72908],[-6.05191,39.69676]]]}},{"type":"Feature","id":"10192","properties":{"cod_mun":"10192","nombre":"Torremocha","cod_prov":"10","cod_ccaa":"11"},"geometry":{"type":"Polygon","coordinates":[[[-6.26333,39.27993],[-6.25658,39.28155],[-6.18686,39.29124],[-6.16887,39.29447],[-6.12163,39.32355],[-6.10364,39.34456],[-6.10589,39.36395],[-6.17561,39.3591],[-6.20035,39.34779],[-6.23409,39.31548],[-6.26333,39.27993]]]}},{"type":"Feature","id":"10193","properties":{"cod_mun":"10193","nombre":"Torreorgaz","cod_prov":"10","cod_ccaa":"11"},"geometry":{"type":"Polygon","coordinates":[[[-6.28807,39.32679],[-6.26783,39.30417],[-6.27232,39.28801],[-6.27008,39.2864],[-6.24084,39.3494],[-6.24983,39.35264],[-6.22959,39.37849],[-6.23184,39.4011],[-6.25883,39.40434],[-6.28132,39.38818],[-6.26108,39.35264],[-6.28132,39.35425],[-6.28807,39.32679]]]}},{"type":"Feature","id":"10209","properties":{"cod_mun":"10209","nombre":"Villamesías","cod_prov":"10","cod_ccaa":"11"},"geometry":{"type":"Polygon","coordinates":[[[-5.95745,39.225],[-5.91921,39.21208],[-5.88323,39.22015],[-5.84274,39.21046],[-5.836,39.23954],[-5.84724,39.25731],[-5.836,39.27832],[-5.85399,39.28316],[-5.85624,39.27347],[-5.88548,39.2557],[-5.90572,39.25893],[-5.9462,39.24277],[-5.95745,39.225]]]}},{"type":"Feature","id":"10194","properties":{"cod_mun":"10194","nombre":"Torrequemada","cod_prov":"10","cod_ccaa":"11"},"geometry":{"type":"Polygon","coordinates":[[[-6.27008,39.2864],[-6.26333,39.27993],[-6.23409,39.31548],[-6.20035,39.34779],[-6.2026,39.38495],[-6.22959,39.37849],[-6.24983,39.35264],[-6.24084,39.3494],[-6.27008,39.2864]]]}},{"type":"Feature","id":"10195","properties":{"cod_mun":"10195","nombre":"Trujillo","cod_prov":"10","cod_ccaa":"11"},"geometry":{"type":"MultiPolygon","coordinates":[[[[-5.98894,39.37202],[-6.00243,39.35264],[-5.99118,39.34617],[-5.98894,39.32194],[-5.97094,39.36071],[-5.98894,39.37202]]],[[[-6.05641,39.47542],[-6.09464,39.46573],[-6.08115,39.4528],[-6.0924,39.4415],[-6.0834,39.42534],[-6.0834,39.40595],[-6.06091,39.40757],[-6.03167,39.38656],[-6.02942,39.37687],[-5.99118,39.37525],[-5.99793,39.39141],[-6.01817,39.38656],[-6.05416,39.42857],[-6.03617,39.42857],[-6.04516,39.45119],[-6.06091,39.4528],[-6.05641,39.47542]]],[[[-6.25433,39.61275],[-6.28357,39.60791],[-6.30606,39.59175],[-6.28582,39.59498],[-6.27457,39.58367],[-6.24084,39.58206],[-6.20485,39.56751],[-6.19136,39.56751],[-6.17786,39.55136],[-6.14412,39.54005],[-6.12163,39.54328],[-6.0924,39.52551],[-6.04741,39.51581],[-5.99343,39.52712],[-5.96195,39.5045],[-5.98219,39.4835],[-5.96195,39.47381],[-5.97319,39.45927],[-5.95745,39.45765],[-5.9597,39.43665],[-5.9462,39.43665],[-5.93046,39.40434],[-5.91471,39.39949],[-5.88997,39.40272],[-5.87648,39.38172],[-5.85849,39.36879],[-5.79551,39.3801],[-5.76627,39.39303],[-5.78427,39.40272],[-5.80901,39.39787],[-5.82025,39.4108],[-5.81575,39.43019],[-5.77977,39.44796],[-5.80001,39.45442],[-5.79776,39.47219],[-5.76402,39.50774],[-5.73928,39.52228],[-5.75053,39.52712],[-5.77302,39.51581],[-5.80451,39.53843],[-5.82475,39.5659],[-5.8315,39.56428],[-5.83824,39.59821],[-5.8225,39.62891],[-5.83375,39.6483],[-5.9417,39.66445],[-6.00468,39.66284],[-6.02942,39.64506],[-6.04966,39.64345],[-6.0834,39.6176],[-6.11938,39.59983],[-6.18011,39.60952],[-6.25433,39.61275]],[[-5.90797,39.52389],[-5.92146,39.5352],[-5.93945,39.5352],[-5.95295,39.55459],[-5.96195,39.5966],[-5.90122,39.60791],[-5.89222,39.59013],[-5.89672,39.57398],[-5.89222,39.53682],[-5.90797,39.52389]]]]}},{"type":"Feature","id":"10196","properties":{"cod_mun":"10196","nombre":"Valdastillas","cod_prov":"10","cod_ccaa":"11"},"geometry":{"type":"Polygon","coordinates":[[[-5.95295,40.1653],[-5.93721,40.15722],[-5.91022,40.13298],[-5.87648,40.12491],[-5.86748,40.13622],[-5.87873,40.14752],[-5.89897,40.13783],[-5.91921,40.15722],[-5.9507,40.16853],[-5.95295,40.1653]]]}},{"type":"Feature","id":"10218","properties":{"cod_mun":"10218","nombre":"Zarza la Mayor","cod_prov":"10","cod_ccaa":"11"},"geometry":{"type":"Polygon","coordinates":[[[-6.91557,39.85833],[-6.89758,39.8551],[-6.82786,39.82601],[-6.81211,39.83086],[-6.79862,39.86802],[-6.76038,39.88579],[-6.73789,39.89226],[-6.7244,39.90356],[-6.75813,39.93588],[-6.77163,39.95526],[-6.80087,39.95526],[-6.83236,39.97627],[-6.8526,40.00212],[-6.86609,40.0102],[-6.88633,39.98111],[-6.88633,39.94072],[-6.90658,39.91972],[-6.89983,39.90195],[-6.90433,39.87125],[-6.91557,39.85833]]]}},{"type":"Feature","id":"10219","properties":{"cod_mun":"10219","nombre":"Zorita","cod_prov":"10","cod_ccaa":"11"},"geometry":{"type":"Polygon","coordinates":[[[-5.77752,39.28316],[-5.76627,39.27024],[-5.74828,39.29124],[-5.72804,39.28478],[-5.73254,39.27347],[-5.6943,39.23954],[-5.65607,39.1733],[-5.60209,39.225],[-5.58409,39.225],[-5.55935,39.246],[-5.55935,39.26539],[-5.58184,39.27024],[-5.58184,39.28478],[-5.59984,39.28963],[-5.58634,39.3074],[-5.60209,39.31871],[-5.59759,39.36879],[-5.62458,39.35587],[-5.64257,39.35748],[-5.65157,39.34456],[-5.67181,39.34617],[-5.7033,39.32032],[-5.71454,39.32517],[-5.77302,39.2977],[-5.77752,39.28316]]]}},{"type":"Feature","id":"10901","properties":{"cod_mun":"10901","nombre":"Rosalejo","cod_prov":"10","cod_ccaa":"11"},"geometry":{"type":"Polygon","coordinates":[[[-5.50987,39.99566],[-5.49863,39.97142],[-5.47838,39.9585],[-5.47164,39.94396],[-5.46714,39.94072],[-5.4334,39.9585],[-5.45814,39.96981],[-5.42666,39.97465],[-5.4289,39.98758],[-5.41541,39.99727],[-5.44015,40.01181],[-5.47389,40.01504],[-5.50987,39.99566]]]}},{"type":"Feature","id":"10902","properties":{"cod_mun":"10902","nombre":"Vegaviana","cod_prov":"10","cod_ccaa":"11"},"geometry":{"type":"Polygon","coordinates":[[[-6.75139,40.02151],[-6.7199,40.01181],[-6.69966,40.02635],[-6.70865,40.04736],[-6.69516,40.06513],[-6.72665,40.07321],[-6.73115,40.08128],[-6.73339,40.06674],[-6.75813,40.03766],[-6.75139,40.02151]]]}},{"type":"Feature","id":"10903","properties":{"cod_mun":"10903","nombre":"Alagón del Río","cod_prov":"10","cod_ccaa":"11"},"geometry":{"type":"Polygon","coordinates":[[[-6.34205,39.95365],[-6.29931,39.95042],[-6.28807,39.9585],[-6.31281,39.97627],[-6.31506,39.98758],[-6.34655,39.97788],[-6.34205,39.95365]]]}},{"type":"Feature","id":"10904","properties":{"cod_mun":"10904","nombre":"Tiétar","cod_prov":"10","cod_ccaa":"11"},"geometry":{"type":"Polygon","coordinates":[[[-5.51662,39.99727],[-5.50987,39.99566],[-5.47389,40.01504],[-5.44015,40.01181],[-5.44465,40.02958],[-5.46039,40.04736],[-5.48063,40.05059],[-5.51212,40.03928],[-5.51662,39.99727]]]}},{"type":"Feature","id":"10905","properties":{"cod_mun":"10905","nombre":"Pueblonuevo de Miramontes","cod_prov":"10","cod_ccaa":"11"},"geometry":{"type":"Polygon","coordinates":[[[-5.40641,40.09259],[-5.4289,40.06674],[-5.39517,40.04251],[-5.36593,40.03605],[-5.37493,40.05867],[-5.36818,40.10067],[-5.40641,40.09259]]]}},{"type":"Feature","id":"10197","properties":{"cod_mun":"10197","nombre":"Valdecañas de Tajo","cod_prov":"10","cod_ccaa":"11"},"geometry":{"type":"Polygon","coordinates":[[[-5.64482,39.76624],[-5.64257,39.74523],[-5.62233,39.73877],[-5.62458,39.72261],[-5.59984,39.73069],[-5.57735,39.75008],[-5.60209,39.76785],[-5.60434,39.78078],[-5.62008,39.77755],[-5.64482,39.76624]]]}},{"type":"Feature","id":"10198","properties":{"cod_mun":"10198","nombre":"Valdefuentes","cod_prov":"10","cod_ccaa":"11"},"geometry":{"type":"Polygon","coordinates":[[[-6.16887,39.29447],[-6.16662,39.28316],[-6.13288,39.26378],[-6.11714,39.26216],[-6.09464,39.27993],[-6.0924,39.28316],[-6.10139,39.28963],[-6.11489,39.32032],[-6.12163,39.32355],[-6.16887,39.29447]]]}},{"type":"Feature","id":"10199","properties":{"cod_mun":"10199","nombre":"Valdehúncar","cod_prov":"10","cod_ccaa":"11"},"geometry":{"type":"Polygon","coordinates":[[[-5.5706,39.83571],[-5.5616,39.80824],[-5.55261,39.81147],[-5.51662,39.8034],[-5.49413,39.80663],[-5.48738,39.8244],[-5.51212,39.85025],[-5.52562,39.85186],[-5.5706,39.83571]]]}},{"type":"Feature","id":"10200","properties":{"cod_mun":"10200","nombre":"Valdelacasa de Tajo","cod_prov":"10","cod_ccaa":"11"},"geometry":{"type":"Polygon","coordinates":[[[-5.36143,39.67091],[-5.32994,39.65476],[-5.30295,39.67253],[-5.29396,39.6693],[-5.25572,39.68222],[-5.25122,39.71131],[-5.23998,39.721],[-5.25347,39.75331],[-5.3097,39.75977],[-5.3142,39.78886],[-5.34344,39.78724],[-5.35243,39.79532],[-5.35468,39.78886],[-5.32769,39.77108],[-5.31645,39.742],[-5.3187,39.70646],[-5.33219,39.6903],[-5.36143,39.68222],[-5.36143,39.67091]]]}},{"type":"Feature","id":"10201","properties":{"cod_mun":"10201","nombre":"Valdemorales","cod_prov":"10","cod_ccaa":"11"},"geometry":{"type":"Polygon","coordinates":[[[-6.09015,39.204],[-6.0789,39.18623],[-6.03842,39.204],[-6.07215,39.22015],[-6.07665,39.22177],[-6.09015,39.204]]]}},{"type":"Feature","id":"10202","properties":{"cod_mun":"10202","nombre":"Valdeobispo","cod_prov":"10","cod_ccaa":"11"},"geometry":{"type":"Polygon","coordinates":[[[-6.29482,40.06513],[-6.26108,40.04736],[-6.25658,40.03443],[-6.22734,40.07159],[-6.19361,40.07482],[-6.18236,40.08936],[-6.17786,40.10552],[-6.1981,40.10713],[-6.22734,40.12329],[-6.23859,40.11844],[-6.24309,40.11037],[-6.26108,40.09259],[-6.29931,40.07482],[-6.29482,40.06513]]]}},{"type":"Feature","id":"10203","properties":{"cod_mun":"10203","nombre":"Valencia de Alcántara","cod_prov":"10","cod_ccaa":"11"},"geometry":{"type":"Polygon","coordinates":[[[-7.39014,39.53036],[-7.39014,39.50289],[-7.38114,39.49158],[-7.34965,39.48835],[-7.34291,39.47865],[-7.32042,39.47381],[-7.29343,39.45604],[-7.30917,39.43019],[-7.30017,39.41726],[-7.32266,39.38495],[-7.31142,39.36879],[-7.31142,39.34133],[-7.26869,39.30901],[-7.27093,39.30417],[-7.23045,39.27832],[-7.20346,39.26539],[-7.15173,39.32194],[-7.17872,39.33163],[-7.16073,39.36071],[-7.12474,39.38172],[-7.1045,39.38656],[-7.07301,39.38172],[-7.06402,39.37202],[-7.07976,39.35102],[-7.09775,39.3591],[-7.10225,39.34617],[-7.08201,39.33486],[-7.07751,39.31063],[-7.04377,39.32679],[-7.03028,39.35102],[-7.03253,39.36718],[-7.01004,39.38818],[-7.03928,39.39626],[-7.06626,39.41403],[-7.04827,39.43665],[-7.12699,39.46573],[-7.09775,39.49481],[-7.0955,39.5045],[-7.10675,39.49804],[-7.14273,39.51097],[-7.14049,39.54974],[-7.16298,39.55782],[-7.17872,39.57559],[-7.23945,39.54974],[-7.26419,39.58529],[-7.28668,39.59336],[-7.28893,39.60467],[-7.31142,39.62245],[-7.32491,39.60952],[-7.32491,39.58206],[-7.34965,39.57236],[-7.34291,39.56105],[-7.35415,39.5449],[-7.37664,39.54166],[-7.39014,39.53036]]]}},{"type":"Feature","id":"10204","properties":{"cod_mun":"10204","nombre":"Valverde de la Vera","cod_prov":"10","cod_ccaa":"11"},"geometry":{"type":"Polygon","coordinates":[[[-5.52337,40.07321],[-5.51212,40.05705],[-5.50987,40.06674],[-5.46714,40.06997],[-5.46039,40.08128],[-5.47614,40.10713],[-5.47838,40.14591],[-5.46939,40.16207],[-5.47614,40.20407],[-5.48738,40.20407],[-5.49638,40.19922],[-5.49638,40.18953],[-5.50987,40.15237],[-5.50537,40.12975],[-5.51212,40.09259],[-5.52337,40.07321]]]}},{"type":"Feature","id":"10205","properties":{"cod_mun":"10205","nombre":"Valverde del Fresno","cod_prov":"10","cod_ccaa":"11"},"geometry":{"type":"Polygon","coordinates":[[[-6.92007,40.08452],[-6.88409,40.12167],[-6.86159,40.13137],[-6.86609,40.17176],[-6.88633,40.19276],[-6.86834,40.21215],[-6.84585,40.25416],[-6.86384,40.27031],[-6.86834,40.26385],[-6.90658,40.25416],[-6.95156,40.25739],[-6.96281,40.238],[-6.97855,40.24123],[-7.01229,40.22507],[-7.03028,40.18468],[-7.01678,40.17661],[-7.02128,40.14429],[-7.00104,40.12006],[-6.94031,40.11198],[-6.92007,40.08452]]]}},{"type":"Feature","id":"10206","properties":{"cod_mun":"10206","nombre":"Viandar de la Vera","cod_prov":"10","cod_ccaa":"11"},"geometry":{"type":"Polygon","coordinates":[[[-5.53911,40.09421],[-5.52562,40.11521],[-5.53011,40.13783],[-5.51887,40.16691],[-5.51887,40.19761],[-5.53011,40.19438],[-5.54586,40.1653],[-5.56835,40.14268],[-5.5571,40.10067],[-5.53911,40.09421]]]}},{"type":"Feature","id":"10208","properties":{"cod_mun":"10208","nombre":"Villa del Rey","cod_prov":"10","cod_ccaa":"11"},"geometry":{"type":"Polygon","coordinates":[[[-6.8571,39.59983],[-6.8526,39.60952],[-6.81436,39.6176],[-6.79637,39.6386],[-6.76038,39.65637],[-6.74914,39.67576],[-6.75589,39.70484],[-6.78288,39.68707],[-6.81886,39.68869],[-6.82336,39.67415],[-6.8481,39.67738],[-6.86159,39.65799],[-6.8571,39.59983]]]}},{"type":"Feature","id":"10207","properties":{"cod_mun":"10207","nombre":"Villa del Campo","cod_prov":"10","cod_ccaa":"11"},"geometry":{"type":"Polygon","coordinates":[[[-6.52648,40.10713],[-6.48824,40.11683],[-6.45001,40.1136],[-6.41852,40.14429],[-6.44551,40.15399],[-6.45225,40.16853],[-6.43876,40.17499],[-6.459,40.19599],[-6.49499,40.18145],[-6.53997,40.15237],[-6.52198,40.14429],[-6.52648,40.10713]]]}},{"type":"Feature","id":"10210","properties":{"cod_mun":"10210","nombre":"Villamiel","cod_prov":"10","cod_ccaa":"11"},"geometry":{"type":"Polygon","coordinates":[[[-6.86609,40.17176],[-6.86159,40.13137],[-6.8436,40.12975],[-6.84135,40.1136],[-6.80537,40.11521],[-6.74464,40.14591],[-6.74464,40.18307],[-6.76938,40.20407],[-6.86609,40.17176]]]}},{"type":"Feature","id":"10211","properties":{"cod_mun":"10211","nombre":"Villanueva de la Sierra","cod_prov":"10","cod_ccaa":"11"},"geometry":{"type":"Polygon","coordinates":[[[-6.459,40.19599],[-6.43876,40.17499],[-6.41177,40.1653],[-6.38478,40.17014],[-6.37803,40.17822],[-6.38028,40.21053],[-6.36904,40.22184],[-6.36229,40.25577],[-6.36904,40.26547],[-6.38703,40.25092],[-6.38703,40.22346],[-6.43876,40.22023],[-6.43651,40.20407],[-6.459,40.19599]]]}},{"type":"Feature","id":"10212","properties":{"cod_mun":"10212","nombre":"Villanueva de la Vera","cod_prov":"10","cod_ccaa":"11"},"geometry":{"type":"Polygon","coordinates":[[[-5.48738,40.20407],[-5.47614,40.20407],[-5.46939,40.16207],[-5.47838,40.14591],[-5.47614,40.10713],[-5.46039,40.08128],[-5.46714,40.06997],[-5.44915,40.08452],[-5.40641,40.09259],[-5.36818,40.10067],[-5.35918,40.10875],[-5.39292,40.15883],[-5.39517,40.17822],[-5.38617,40.19276],[-5.39517,40.25092],[-5.4289,40.25254],[-5.44015,40.23315],[-5.46714,40.22346],[-5.47164,40.2073],[-5.48738,40.20407]]]}},{"type":"Feature","id":"10213","properties":{"cod_mun":"10213","nombre":"Villar del Pedroso","cod_prov":"10","cod_ccaa":"11"},"geometry":{"type":"Polygon","coordinates":[[[-5.40191,39.53036],[-5.37942,39.47542],[-5.35468,39.51743],[-5.31645,39.54974],[-5.21524,39.58206],[-5.20174,39.59175],[-5.25122,39.62729],[-5.27821,39.65637],[-5.25122,39.66445],[-5.24448,39.67899],[-5.18375,39.66284],[-5.1725,39.63537],[-5.16126,39.64668],[-5.14776,39.66768],[-5.15226,39.69676],[-5.13877,39.71454],[-5.17475,39.75008],[-5.15901,39.75977],[-5.16801,39.80016],[-5.1815,39.79855],[-5.20624,39.79693],[-5.21524,39.79047],[-5.25347,39.75331],[-5.23998,39.721],[-5.25122,39.71131],[-5.25572,39.68222],[-5.29396,39.6693],[-5.30295,39.67253],[-5.32994,39.65476],[-5.3232,39.63537],[-5.33669,39.60306],[-5.35468,39.59175],[-5.35018,39.57398],[-5.37043,39.55136],[-5.40191,39.53036]]]}},{"type":"Feature","id":"10214","properties":{"cod_mun":"10214","nombre":"Villar de Plasencia","cod_prov":"10","cod_ccaa":"11"},"geometry":{"type":"Polygon","coordinates":[[[-6.07215,40.17176],[-6.0699,40.15076],[-6.05191,40.12975],[-6.05416,40.11683],[-6.03617,40.11198],[-6.01592,40.12975],[-6.00918,40.15237],[-6.02717,40.1653],[-6.05641,40.18145],[-6.06541,40.17661],[-6.07215,40.17176]]]}},{"type":"Feature","id":"10215","properties":{"cod_mun":"10215","nombre":"Villasbuenas de Gata","cod_prov":"10","cod_ccaa":"11"},"geometry":{"type":"Polygon","coordinates":[[[-6.67492,40.18468],[-6.66367,40.16853],[-6.66367,40.13622],[-6.65018,40.11683],[-6.63443,40.13298],[-6.59845,40.12975],[-6.58045,40.17661],[-6.5872,40.20407],[-6.67492,40.18468]]]}},{"type":"Feature","id":"10216","properties":{"cod_mun":"10216","nombre":"Zarza de Granadilla","cod_prov":"10","cod_ccaa":"11"},"geometry":{"type":"Polygon","coordinates":[[[-6.13288,40.23962],[-6.11264,40.23638],[-6.11714,40.22184],[-6.09464,40.22831],[-6.10139,40.18953],[-6.06541,40.17661],[-6.05641,40.18145],[-6.01143,40.20569],[-5.98894,40.21861],[-6.03842,40.25092],[-6.02942,40.25739],[-6.04741,40.27354],[-6.06316,40.30101],[-6.04741,40.31878],[-6.01592,40.31717],[-6.01592,40.33978],[-6.05416,40.3414],[-6.10589,40.35756],[-6.11938,40.34625],[-6.12838,40.31878],[-6.12388,40.28647],[-6.12388,40.27354],[-6.11039,40.2687],[-6.13288,40.23962]]]}},{"type":"Feature","id":"10217","properties":{"cod_mun":"10217","nombre":"Zarza de Montánchez","cod_prov":"10","cod_ccaa":"11"},"geometry":{"type":"Polygon","coordinates":[[[-6.07215,39.22015],[-6.03842,39.204],[-5.99118,39.20077],[-6.00693,39.22662],[-6.02267,39.25731],[-6.00693,39.27509],[-6.03167,39.27832],[-6.04966,39.27347],[-6.0699,39.25408],[-6.07215,39.22015]]]}}]}