{"type":"FeatureCollection","features":[{"type":"Feature","id":"32078","properties":{"cod_mun":"32078","nombre":"Sarreaus","cod_prov":"32","cod_ccaa":"12"},"geometry":{"type":"Polygon","coordinates":[[[-7.68252,42.12505],[-7.64879,42.10405],[-7.63304,42.10728],[-7.62405,42.06851],[-7.59706,42.06204],[-7.59481,42.05235],[-7.55882,42.04104],[-7.55657,42.07174],[-7.55207,42.09436],[-7.56332,42.12828],[-7.56107,42.14121],[-7.58581,42.15575],[-7.67128,42.13959],[-7.68252,42.12505]]]}},{"type":"Feature","id":"32079","properties":{"cod_mun":"32079","nombre":"Taboadela","cod_prov":"32","cod_ccaa":"12"},"geometry":{"type":"Polygon","coordinates":[[[-7.86245,42.23168],[-7.84671,42.23168],[-7.83771,42.21391],[-7.82197,42.21876],[-7.79273,42.25107],[-7.79273,42.264],[-7.79498,42.27854],[-7.81747,42.26561],[-7.84671,42.27369],[-7.85346,42.24946],[-7.86245,42.24461],[-7.86245,42.23168]]]}},{"type":"Feature","id":"32036","properties":{"cod_mun":"32036","nombre":"Xunqueira de Ambía","cod_prov":"32","cod_ccaa":"12"},"geometry":{"type":"Polygon","coordinates":[[[-7.77024,42.23815],[-7.75899,42.2123],[-7.7455,42.20583],[-7.7545,42.17352],[-7.76799,42.15898],[-7.741,42.14767],[-7.71401,42.14444],[-7.68702,42.12344],[-7.68252,42.12505],[-7.67128,42.13959],[-7.65553,42.1816],[-7.67128,42.19452],[-7.68477,42.18483],[-7.72976,42.21876],[-7.7365,42.24299],[-7.76349,42.24299],[-7.77024,42.23815]]]}},{"type":"Feature","id":"32037","properties":{"cod_mun":"32037","nombre":"Xunqueira de Espadanedo","cod_prov":"32","cod_ccaa":"12"},"geometry":{"type":"Polygon","coordinates":[[[-7.67128,42.31408],[-7.65329,42.29146],[-7.61955,42.29631],[-7.60605,42.30762],[-7.61055,42.34962],[-7.63304,42.35447],[-7.64654,42.36255],[-7.64429,42.35447],[-7.67128,42.31408]]]}},{"type":"Feature","id":"32038","properties":{"cod_mun":"32038","nombre":"Larouco","cod_prov":"32","cod_ccaa":"12"},"geometry":{"type":"Polygon","coordinates":[[[-7.19896,42.33347],[-7.16748,42.32862],[-7.13599,42.33508],[-7.13374,42.34478],[-7.14498,42.37709],[-7.15623,42.38355],[-7.16748,42.39325],[-7.19671,42.35286],[-7.19896,42.33347]]]}},{"type":"Feature","id":"32039","properties":{"cod_mun":"32039","nombre":"Laza","cod_prov":"32","cod_ccaa":"12"},"geometry":{"type":"Polygon","coordinates":[[[-7.56107,42.14121],[-7.56332,42.12828],[-7.55207,42.09436],[-7.55657,42.07174],[-7.52733,42.06689],[-7.52958,42.05396],[-7.50484,42.02165],[-7.46436,42.00873],[-7.39239,42.04104],[-7.39464,42.05558],[-7.3699,42.06851],[-7.38339,42.09274],[-7.3564,42.09274],[-7.35415,42.1089],[-7.3699,42.11697],[-7.38564,42.1606],[-7.37664,42.17352],[-7.38789,42.19291],[-7.41938,42.17998],[-7.43737,42.18806],[-7.45761,42.20422],[-7.46436,42.18968],[-7.46661,42.16867],[-7.48235,42.14606],[-7.51159,42.12505],[-7.53858,42.12505],[-7.56107,42.14121]]]}},{"type":"Feature","id":"32045","properties":{"cod_mun":"32045","nombre":"Maside","cod_prov":"32","cod_ccaa":"12"},"geometry":{"type":"Polygon","coordinates":[[[-8.06038,42.39971],[-8.03339,42.38678],[-8.00415,42.39648],[-7.9929,42.39002],[-7.97716,42.42717],[-7.97266,42.44333],[-7.9974,42.45464],[-8.02439,42.44172],[-8.03339,42.44333],[-8.06937,42.42394],[-8.06038,42.39971]]]}},{"type":"Feature","id":"32082","properties":{"cod_mun":"32082","nombre":"Trasmiras","cod_prov":"32","cod_ccaa":"12"},"geometry":{"type":"Polygon","coordinates":[[[-7.63529,41.98288],[-7.6038,41.97965],[-7.57682,42.00873],[-7.59481,42.02327],[-7.55882,42.04104],[-7.59481,42.05235],[-7.59706,42.06204],[-7.62405,42.06851],[-7.6263,42.06043],[-7.65104,42.06527],[-7.68252,42.05235],[-7.67578,42.03458],[-7.65778,42.0265],[-7.65553,41.99419],[-7.64204,41.99742],[-7.63529,41.98288]]]}},{"type":"Feature","id":"15001","properties":{"cod_mun":"15001","nombre":"Abegondo","cod_prov":"15","cod_ccaa":"12"},"geometry":{"type":"Polygon","coordinates":[[[-8.35951,43.14774],[-8.33477,43.14128],[-8.30103,43.15582],[-8.27854,43.18006],[-8.2583,43.18813],[-8.2628,43.20268],[-8.2493,43.20914],[-8.23131,43.19783],[-8.24031,43.23822],[-8.22681,43.24953],[-8.25605,43.25438],[-8.26954,43.28346],[-8.28529,43.29154],[-8.29653,43.28184],[-8.28754,43.25599],[-8.29878,43.23499],[-8.32352,43.22529],[-8.35276,43.22529],[-8.35501,43.20752],[-8.34601,43.20268],[-8.34826,43.15421],[-8.35726,43.15259],[-8.35951,43.14774]]]}},{"type":"Feature","id":"15002","properties":{"cod_mun":"15002","nombre":"Ames","cod_prov":"15","cod_ccaa":"12"},"geometry":{"type":"Polygon","coordinates":[[[-8.72387,42.88924],[-8.71262,42.86986],[-8.69013,42.88117],[-8.66314,42.87632],[-8.66764,42.86339],[-8.6474,42.84885],[-8.65414,42.83754],[-8.62715,42.823],[-8.59567,42.83754],[-8.56418,42.84562],[-8.60241,42.85693],[-8.6294,42.87309],[-8.62041,42.88924],[-8.61816,42.91671],[-8.58892,42.91348],[-8.60691,42.94418],[-8.61591,42.9361],[-8.63165,42.94902],[-8.66089,42.95548],[-8.66539,42.92963],[-8.67888,42.93933],[-8.69238,42.9264],[-8.69013,42.90702],[-8.71937,42.9054],[-8.72387,42.88924]]]}},{"type":"Feature","id":"15003","properties":{"cod_mun":"15003","nombre":"Aranga","cod_prov":"15","cod_ccaa":"12"},"geometry":{"type":"Polygon","coordinates":[[[-8.1166,43.21237],[-8.09411,43.18006],[-8.05363,43.17844],[-8.06487,43.16713],[-8.05363,43.16067],[-8.02889,43.16713],[-8.02439,43.18652],[-7.98166,43.17683],[-7.95917,43.18329],[-7.96141,43.18975],[-7.93218,43.24307],[-7.92093,43.26892],[-7.94792,43.28669],[-7.9884,43.27538],[-7.9974,43.25761],[-8.04913,43.25761],[-8.06038,43.2463],[-8.08287,43.25276],[-8.09636,43.24468],[-8.07387,43.21075],[-8.1166,43.21237]]]}},{"type":"Feature","id":"15004","properties":{"cod_mun":"15004","nombre":"Ares","cod_prov":"15","cod_ccaa":"12"},"geometry":{"type":"Polygon","coordinates":[[[-8.19532,43.43371],[-8.23131,43.44502],[-8.2628,43.4434],[-8.27854,43.45956],[-8.31228,43.4531],[-8.31678,43.44502],[-8.27854,43.43694],[-8.2583,43.41917],[-8.23806,43.42886],[-8.21557,43.41755],[-8.19757,43.42725],[-8.19532,43.43371]]]}},{"type":"Feature","id":"15005","properties":{"cod_mun":"15005","nombre":"Arteixo","cod_prov":"15","cod_ccaa":"12"},"geometry":{"type":"Polygon","coordinates":[[[-8.46972,43.35778],[-8.48546,43.36101],[-8.5192,43.35454],[-8.49896,43.34808],[-8.53044,43.31739],[-8.55293,43.31092],[-8.58667,43.31577],[-8.60241,43.29961],[-8.58442,43.26892],[-8.55068,43.25599],[-8.52819,43.25599],[-8.50795,43.27053],[-8.46972,43.25599],[-8.44273,43.27215],[-8.44498,43.29477],[-8.41574,43.30123],[-8.43823,43.30608],[-8.45622,43.32385],[-8.44048,43.33677],[-8.46972,43.35778]]]}},{"type":"Feature","id":"15006","properties":{"cod_mun":"15006","nombre":"Arzúa","cod_prov":"15","cod_ccaa":"12"},"geometry":{"type":"Polygon","coordinates":[[[-8.23581,43.00557],[-8.24031,42.98295],[-8.26055,42.96356],[-8.28304,42.95872],[-8.30103,42.93771],[-8.26055,42.93125],[-8.23356,42.93125],[-8.22906,42.9054],[-8.23581,42.89086],[-8.21557,42.84562],[-8.20657,42.84239],[-8.17508,42.85855],[-8.15034,42.86663],[-8.13235,42.88601],[-8.10986,42.89086],[-8.09411,42.91186],[-8.08287,42.90702],[-8.06487,42.91509],[-8.09186,42.94418],[-8.11211,42.94256],[-8.1346,42.96356],[-8.12785,42.98133],[-8.14134,42.9878],[-8.15259,42.96841],[-8.16833,42.97003],[-8.20432,42.99588],[-8.22231,43.00072],[-8.23581,43.00557]]]}},{"type":"Feature","id":"15083","properties":{"cod_mun":"15083","nombre":"Toques","cod_prov":"15","cod_ccaa":"12"},"geometry":{"type":"Polygon","coordinates":[[[-8.01314,42.99103],[-7.9974,42.94902],[-7.97266,42.93933],[-7.99065,42.91348],[-7.96591,42.9054],[-7.94342,42.91671],[-7.91643,42.93287],[-7.90744,42.97649],[-7.90519,42.98618],[-7.92768,43.03303],[-7.93892,43.02011],[-7.95242,43.02334],[-7.9884,43.0088],[-8.01314,42.99103]]]}},{"type":"Feature","id":"15084","properties":{"cod_mun":"15084","nombre":"Tordoia","cod_prov":"15","cod_ccaa":"12"},"geometry":{"type":"Polygon","coordinates":[[[-8.69688,43.11543],[-8.68788,43.08635],[-8.68563,43.07989],[-8.63615,43.09604],[-8.62715,43.07989],[-8.60241,43.07181],[-8.58667,43.07989],[-8.56868,43.05888],[-8.56418,43.02657],[-8.54394,43.03627],[-8.52819,43.03142],[-8.5147,43.05565],[-8.48321,43.05242],[-8.48321,43.02173],[-8.45622,43.02657],[-8.45397,43.03465],[-8.44498,43.04919],[-8.46297,43.05727],[-8.46747,43.07504],[-8.45622,43.09443],[-8.48321,43.08797],[-8.49446,43.09928],[-8.52594,43.10412],[-8.5192,43.12351],[-8.57318,43.14128],[-8.58217,43.15259],[-8.60916,43.13805],[-8.62266,43.11382],[-8.63615,43.10089],[-8.6519,43.11866],[-8.67664,43.12351],[-8.69688,43.11543]]]}},{"type":"Feature","id":"15085","properties":{"cod_mun":"15085","nombre":"Touro","cod_prov":"15","cod_ccaa":"12"},"geometry":{"type":"Polygon","coordinates":[[[-8.39999,42.88278],[-8.39325,42.86986],[-8.40899,42.85047],[-8.40449,42.81816],[-8.35051,42.81169],[-8.33252,42.802],[-8.33252,42.82947],[-8.34601,42.8327],[-8.31678,42.84562],[-8.29878,42.81977],[-8.27404,42.81331],[-8.27629,42.82139],[-8.2538,42.83593],[-8.21107,42.823],[-8.21557,42.84562],[-8.23581,42.89086],[-8.22906,42.9054],[-8.2538,42.89248],[-8.2673,42.89409],[-8.28079,42.91994],[-8.29653,42.91833],[-8.31003,42.90217],[-8.29653,42.89409],[-8.30778,42.87309],[-8.33252,42.89248],[-8.34601,42.88763],[-8.37076,42.89894],[-8.39999,42.88278]]]}},{"type":"Feature","id":"15086","properties":{"cod_mun":"15086","nombre":"Trazo","cod_prov":"15","cod_ccaa":"12"},"geometry":{"type":"Polygon","coordinates":[[[-8.60241,43.07181],[-8.60916,43.05888],[-8.61141,43.03142],[-8.60017,43.01042],[-8.60466,42.99103],[-8.59342,42.97972],[-8.57767,42.98618],[-8.57318,42.97003],[-8.55293,42.96195],[-8.53494,42.94256],[-8.5237,42.94902],[-8.5237,42.98133],[-8.51245,42.98941],[-8.46972,42.97649],[-8.45622,42.98618],[-8.45622,43.02657],[-8.48321,43.02173],[-8.48321,43.05242],[-8.5147,43.05565],[-8.52819,43.03142],[-8.54394,43.03627],[-8.56418,43.02657],[-8.56868,43.05888],[-8.58667,43.07989],[-8.60241,43.07181]]]}},{"type":"Feature","id":"15087","properties":{"cod_mun":"15087","nombre":"Valdoviño","cod_prov":"15","cod_ccaa":"12"},"geometry":{"type":"Polygon","coordinates":[[[-8.07162,43.64697],[-8.09411,43.66636],[-8.09411,43.65344],[-8.14134,43.63243],[-8.16609,43.61304],[-8.18858,43.62112],[-8.19307,43.60335],[-8.21557,43.59204],[-8.22456,43.5775],[-8.18858,43.57104],[-8.19307,43.5565],[-8.16833,43.55004],[-8.15484,43.56296],[-8.11885,43.56942],[-8.08961,43.59366],[-8.03564,43.59043],[-8.01989,43.60012],[-8.04013,43.61143],[-8.04238,43.62274],[-8.05138,43.63889],[-8.07162,43.64697]]]}},{"type":"Feature","id":"32046","properties":{"cod_mun":"32046","nombre":"Melón","cod_prov":"32","cod_ccaa":"12"},"geometry":{"type":"Polygon","coordinates":[[[-8.27179,42.28177],[-8.26505,42.25269],[-8.22231,42.2333],[-8.20432,42.24461],[-8.18408,42.24299],[-8.18633,42.27207],[-8.17508,42.26561],[-8.15934,42.27692],[-8.17508,42.29308],[-8.19083,42.30277],[-8.21332,42.29631],[-8.22456,42.30923],[-8.2628,42.3157],[-8.27179,42.28177]]]}},{"type":"Feature","id":"15007","properties":{"cod_mun":"15007","nombre":"Baña, A","cod_prov":"15","cod_ccaa":"12"},"geometry":{"type":"Polygon","coordinates":[[[-8.83182,42.96356],[-8.83407,42.95548],[-8.80933,42.94741],[-8.80034,42.93448],[-8.77335,42.93771],[-8.76435,42.91833],[-8.74186,42.92802],[-8.73511,42.91671],[-8.69238,42.9264],[-8.67888,42.93933],[-8.66539,42.92963],[-8.66089,42.95548],[-8.68338,42.96518],[-8.70587,42.99264],[-8.71937,42.99426],[-8.7621,43.00557],[-8.80034,43.00557],[-8.81158,42.99749],[-8.84082,42.99749],[-8.83182,42.96356]]]}},{"type":"Feature","id":"15008","properties":{"cod_mun":"15008","nombre":"Bergondo","cod_prov":"15","cod_ccaa":"12"},"geometry":{"type":"Polygon","coordinates":[[[-8.28979,43.31092],[-8.28529,43.29154],[-8.26954,43.28346],[-8.2493,43.27538],[-8.23131,43.28507],[-8.23131,43.30123],[-8.21781,43.29961],[-8.20882,43.32708],[-8.2448,43.34808],[-8.2583,43.33354],[-8.28079,43.32708],[-8.28979,43.31092]]]}},{"type":"Feature","id":"15090","properties":{"cod_mun":"15090","nombre":"Vilasantar","cod_prov":"15","cod_ccaa":"12"},"geometry":{"type":"Polygon","coordinates":[[[-8.16159,43.05242],[-8.1256,43.05404],[-8.10311,43.04273],[-8.06712,43.04596],[-8.05813,43.03303],[-8.03789,43.04273],[-8.03789,43.06373],[-8.06487,43.09766],[-8.06937,43.11705],[-8.09636,43.08797],[-8.12785,43.08797],[-8.14134,43.11705],[-8.15934,43.11866],[-8.16159,43.05242]]]}},{"type":"Feature","id":"15091","properties":{"cod_mun":"15091","nombre":"Vilarmaior","cod_prov":"15","cod_ccaa":"12"},"geometry":{"type":"Polygon","coordinates":[[[-8.15484,43.37716],[-8.14359,43.36101],[-8.16609,43.35131],[-8.15484,43.33677],[-8.13235,43.34808],[-8.13235,43.33193],[-8.14584,43.31577],[-8.10761,43.33031],[-8.08737,43.33031],[-8.08961,43.35293],[-8.11436,43.35454],[-8.1256,43.36747],[-8.08961,43.37555],[-8.10311,43.39494],[-8.13235,43.39009],[-8.15484,43.37716]]]}},{"type":"Feature","id":"15092","properties":{"cod_mun":"15092","nombre":"Vimianzo","cod_prov":"15","cod_ccaa":"12"},"geometry":{"type":"Polygon","coordinates":[[[-9.1422,43.12674],[-9.14445,43.10412],[-9.10397,43.09604],[-9.09272,43.07343],[-9.10622,43.0605],[-9.08148,43.03142],[-9.05899,43.04273],[-9.05899,43.02011],[-9.00276,43.00557],[-8.98477,43.0088],[-8.97802,43.02657],[-8.98701,43.04273],[-8.97352,43.0605],[-8.94428,43.08473],[-8.96677,43.10574],[-8.96677,43.12513],[-8.94653,43.12997],[-8.94878,43.14613],[-8.96452,43.14451],[-8.98926,43.16552],[-9.00951,43.15259],[-9.05449,43.16228],[-9.07698,43.18167],[-9.08148,43.18167],[-9.08598,43.16552],[-9.10172,43.15905],[-9.10847,43.13159],[-9.13546,43.13482],[-9.1422,43.12674]]]}},{"type":"Feature","id":"15093","properties":{"cod_mun":"15093","nombre":"Zas","cod_prov":"15","cod_ccaa":"12"},"geometry":{"type":"Polygon","coordinates":[[[-8.98926,43.16552],[-8.96452,43.14451],[-8.94878,43.14613],[-8.94653,43.12997],[-8.96677,43.12513],[-8.96677,43.10574],[-8.94428,43.08473],[-8.97352,43.0605],[-8.98701,43.04273],[-8.97802,43.02657],[-8.98477,43.0088],[-8.96902,42.99426],[-8.94428,42.9878],[-8.91279,43.01365],[-8.91504,43.03627],[-8.88805,43.06212],[-8.88355,43.07989],[-8.87006,43.08958],[-8.86556,43.10897],[-8.85207,43.10735],[-8.85657,43.12028],[-8.83857,43.13805],[-8.84082,43.1429],[-8.89705,43.15905],[-8.91504,43.15098],[-8.93304,43.16552],[-8.92629,43.1849],[-8.93978,43.18652],[-8.95103,43.16713],[-8.98252,43.18167],[-8.98926,43.16552]]]}},{"type":"Feature","id":"15901","properties":{"cod_mun":"15901","nombre":"Cariño","cod_prov":"15","cod_ccaa":"12"},"geometry":{"type":"Polygon","coordinates":[[[-7.88944,43.68413],[-7.8692,43.70675],[-7.8782,43.72129],[-7.85346,43.70837],[-7.85121,43.71806],[-7.8692,43.73099],[-7.8602,43.7633],[-7.8692,43.77461],[-7.88944,43.7633],[-7.90294,43.76815],[-7.92993,43.73906],[-7.94792,43.73422],[-7.95467,43.7116],[-7.92768,43.6906],[-7.88944,43.68413]]]}},{"type":"Feature","id":"15902","properties":{"cod_mun":"15902","nombre":"Oza-Cesuras","cod_prov":"15","cod_ccaa":"12"},"geometry":{"type":"Polygon","coordinates":[[[-8.30103,43.15582],[-8.28529,43.14774],[-8.28079,43.12513],[-8.23131,43.14128],[-8.20657,43.12513],[-8.17508,43.13643],[-8.15934,43.11866],[-8.15709,43.12997],[-8.1301,43.15421],[-8.10986,43.1639],[-8.08287,43.15421],[-8.06487,43.16713],[-8.05363,43.17844],[-8.09411,43.18006],[-8.1166,43.21237],[-8.14584,43.22691],[-8.16833,43.22853],[-8.18408,43.2463],[-8.18633,43.26407],[-8.21332,43.26084],[-8.21107,43.2463],[-8.22681,43.24953],[-8.24031,43.23822],[-8.23131,43.19783],[-8.2493,43.20914],[-8.2628,43.20268],[-8.2583,43.18813],[-8.27854,43.18006],[-8.30103,43.15582]]]}},{"type":"Feature","id":"27001","properties":{"cod_mun":"27001","nombre":"Abadín","cod_prov":"27","cod_ccaa":"12"},"geometry":{"type":"Polygon","coordinates":[[[-7.59256,43.41755],[-7.56332,43.41594],[-7.55432,43.39332],[-7.53633,43.38524],[-7.54758,43.37232],[-7.54758,43.34],[-7.55882,43.32708],[-7.54308,43.31254],[-7.52733,43.31254],[-7.51609,43.298],[-7.51609,43.28184],[-7.48685,43.27053],[-7.4801,43.25438],[-7.44862,43.26892],[-7.44637,43.30284],[-7.43737,43.31739],[-7.45536,43.34324],[-7.40363,43.35778],[-7.37664,43.38039],[-7.39014,43.3917],[-7.42837,43.38363],[-7.43737,43.4014],[-7.42387,43.41271],[-7.44862,43.42079],[-7.44862,43.45794],[-7.4756,43.4531],[-7.52284,43.45148],[-7.53858,43.46602],[-7.57232,43.46441],[-7.56332,43.45794],[-7.57682,43.44017],[-7.59481,43.43371],[-7.59256,43.41755]]]}},{"type":"Feature","id":"15009","properties":{"cod_mun":"15009","nombre":"Betanzos","cod_prov":"15","cod_ccaa":"12"},"geometry":{"type":"Polygon","coordinates":[[[-8.26954,43.28346],[-8.25605,43.25438],[-8.22681,43.24953],[-8.21107,43.2463],[-8.21332,43.26084],[-8.18633,43.26407],[-8.19532,43.28023],[-8.18408,43.30446],[-8.21781,43.29961],[-8.23131,43.30123],[-8.23131,43.28507],[-8.2493,43.27538],[-8.26954,43.28346]]]}},{"type":"Feature","id":"15010","properties":{"cod_mun":"15010","nombre":"Boimorto","cod_prov":"15","cod_ccaa":"12"},"geometry":{"type":"Polygon","coordinates":[[[-8.22231,43.00072],[-8.20432,42.99588],[-8.16833,42.97003],[-8.15259,42.96841],[-8.14134,42.9878],[-8.12785,42.98133],[-8.10986,42.98941],[-8.09861,42.9781],[-8.06712,42.97164],[-8.02664,42.98457],[-8.04013,43.00072],[-8.08512,43.01526],[-8.10311,43.02819],[-8.10311,43.04273],[-8.1256,43.05404],[-8.16159,43.05242],[-8.17283,43.05727],[-8.18858,43.04596],[-8.17508,43.03303],[-8.19532,43.02173],[-8.20207,43.00718],[-8.22231,43.00072]]]}},{"type":"Feature","id":"15011","properties":{"cod_mun":"15011","nombre":"Boiro","cod_prov":"15","cod_ccaa":"12"},"geometry":{"type":"Polygon","coordinates":[[[-8.92404,42.72122],[-8.93079,42.70345],[-8.95778,42.69537],[-8.95778,42.67437],[-8.93978,42.65336],[-8.90605,42.63236],[-8.90155,42.64044],[-8.87456,42.63236],[-8.8858,42.61459],[-8.86106,42.60651],[-8.85432,42.63074],[-8.85207,42.66467],[-8.84307,42.66144],[-8.84082,42.68567],[-8.82058,42.6986],[-8.82283,42.71314],[-8.86331,42.72768],[-8.92404,42.72122]]]}},{"type":"Feature","id":"15012","properties":{"cod_mun":"15012","nombre":"Boqueixón","cod_prov":"15","cod_ccaa":"12"},"geometry":{"type":"Polygon","coordinates":[[[-8.48771,42.82462],[-8.47646,42.81169],[-8.47871,42.79554],[-8.46522,42.78423],[-8.44498,42.80362],[-8.40899,42.78746],[-8.39325,42.78908],[-8.35726,42.781],[-8.34826,42.78423],[-8.33252,42.802],[-8.35051,42.81169],[-8.40449,42.81816],[-8.40899,42.85047],[-8.39325,42.86986],[-8.39999,42.88278],[-8.41799,42.8844],[-8.47421,42.86824],[-8.46522,42.84401],[-8.48771,42.82462]]]}},{"type":"Feature","id":"15013","properties":{"cod_mun":"15013","nombre":"Brión","cod_prov":"15","cod_ccaa":"12"},"geometry":{"type":"Polygon","coordinates":[[[-8.83182,42.84885],[-8.82958,42.84724],[-8.80034,42.83431],[-8.7756,42.82947],[-8.75086,42.84239],[-8.70363,42.83593],[-8.69463,42.81331],[-8.66764,42.80685],[-8.64515,42.81816],[-8.62715,42.81008],[-8.62715,42.823],[-8.65414,42.83754],[-8.6474,42.84885],[-8.66764,42.86339],[-8.66314,42.87632],[-8.69013,42.88117],[-8.71262,42.86986],[-8.72387,42.88924],[-8.73286,42.90217],[-8.75985,42.89571],[-8.7576,42.87309],[-8.7801,42.86178],[-8.81383,42.86339],[-8.83182,42.84885]]]}},{"type":"Feature","id":"15014","properties":{"cod_mun":"15014","nombre":"Cabana de Bergantiños","cod_prov":"15","cod_ccaa":"12"},"geometry":{"type":"Polygon","coordinates":[[[-8.94203,43.22691],[-8.98027,43.22853],[-8.99151,43.21883],[-8.97127,43.20752],[-8.99376,43.18813],[-8.98252,43.18167],[-8.95103,43.16713],[-8.93978,43.18652],[-8.92629,43.1849],[-8.93304,43.16552],[-8.91504,43.15098],[-8.89705,43.15905],[-8.84082,43.1429],[-8.83857,43.13805],[-8.81608,43.13482],[-8.83407,43.17359],[-8.83407,43.20106],[-8.81608,43.22529],[-8.85207,43.2366],[-8.89705,43.21722],[-8.8993,43.24145],[-8.91954,43.24145],[-8.93304,43.22206],[-8.94203,43.22691]]]}},{"type":"Feature","id":"15015","properties":{"cod_mun":"15015","nombre":"Cabanas","cod_prov":"15","cod_ccaa":"12"},"geometry":{"type":"Polygon","coordinates":[[[-8.18633,43.42402],[-8.17508,43.41271],[-8.15034,43.41271],[-8.1346,43.42725],[-8.11436,43.42402],[-8.10086,43.41271],[-8.07612,43.41271],[-8.10086,43.46118],[-8.1166,43.46118],[-8.14134,43.44825],[-8.16833,43.45148],[-8.18633,43.42402]]]}},{"type":"Feature","id":"15016","properties":{"cod_mun":"15016","nombre":"Camariñas","cod_prov":"15","cod_ccaa":"12"},"geometry":{"type":"Polygon","coordinates":[[[-9.08148,43.18167],[-9.11521,43.1946],[-9.1512,43.19298],[-9.16694,43.18329],[-9.17369,43.19137],[-9.18044,43.16713],[-9.19843,43.15421],[-9.21193,43.15905],[-9.20518,43.12997],[-9.18269,43.12351],[-9.16919,43.14774],[-9.15795,43.12674],[-9.1422,43.12674],[-9.13546,43.13482],[-9.10847,43.13159],[-9.10172,43.15905],[-9.08598,43.16552],[-9.08148,43.18167]]]}},{"type":"Feature","id":"15017","properties":{"cod_mun":"15017","nombre":"Cambre","cod_prov":"15","cod_ccaa":"12"},"geometry":{"type":"MultiPolygon","coordinates":[[[[-8.29653,43.31415],[-8.32577,43.30446],[-8.35276,43.30608],[-8.3541,43.30781],[-8.373,43.28669],[-8.373,43.24953],[-8.34826,43.26245],[-8.34826,43.24953],[-8.32352,43.23984],[-8.31003,43.25438],[-8.28754,43.25599],[-8.29653,43.28184],[-8.28529,43.29154],[-8.28979,43.31092],[-8.29653,43.31415]]],[[[-8.3541,43.30781],[-8.35276,43.30931],[-8.36401,43.32062],[-8.3541,43.30781]]]]}},{"type":"Feature","id":"15018","properties":{"cod_mun":"15018","nombre":"Capela, A","cod_prov":"15","cod_ccaa":"12"},"geometry":{"type":"Polygon","coordinates":[[[-8.10086,43.46118],[-8.07612,43.41271],[-8.05363,43.40301],[-8.01314,43.40948],[-7.9929,43.43371],[-7.9929,43.45794],[-7.98166,43.47733],[-8.00415,43.47249],[-8.07387,43.47572],[-8.09861,43.46925],[-8.10086,43.46118]]]}},{"type":"Feature","id":"15019","properties":{"cod_mun":"15019","nombre":"Carballo","cod_prov":"15","cod_ccaa":"12"},"geometry":{"type":"Polygon","coordinates":[[[-8.7756,43.24145],[-8.76435,43.22368],[-8.72162,43.20591],[-8.70138,43.18813],[-8.71262,43.17521],[-8.68788,43.17036],[-8.69013,43.13967],[-8.71487,43.12997],[-8.69688,43.11543],[-8.67664,43.12351],[-8.6519,43.11866],[-8.63615,43.10089],[-8.62266,43.11382],[-8.60916,43.13805],[-8.58217,43.15259],[-8.59342,43.16552],[-8.59792,43.18329],[-8.58667,43.19621],[-8.60466,43.21237],[-8.6294,43.22045],[-8.66539,43.26084],[-8.6339,43.26084],[-8.63165,43.27699],[-8.60017,43.28992],[-8.62491,43.31577],[-8.6429,43.30608],[-8.71262,43.28992],[-8.73061,43.29638],[-8.73736,43.26892],[-8.75985,43.25114],[-8.7756,43.24145]]]}},{"type":"Feature","id":"15020","properties":{"cod_mun":"15020","nombre":"Carnota","cod_prov":"15","cod_ccaa":"12"},"geometry":{"type":"Polygon","coordinates":[[[-9.10847,42.91348],[-9.12646,42.9054],[-9.13995,42.89571],[-9.14895,42.8747],[-9.12871,42.84401],[-9.11297,42.84239],[-9.10622,42.823],[-9.11521,42.81008],[-9.1512,42.79877],[-9.13546,42.78908],[-9.11521,42.75999],[-9.09722,42.77615],[-9.09947,42.78908],[-9.05224,42.83431],[-9.05224,42.85208],[-9.06798,42.86501],[-9.04549,42.88924],[-9.07923,42.87632],[-9.10847,42.91348]]]}},{"type":"Feature","id":"15021","properties":{"cod_mun":"15021","nombre":"Carral","cod_prov":"15","cod_ccaa":"12"},"geometry":{"type":"Polygon","coordinates":[[[-8.40899,43.16552],[-8.37525,43.17036],[-8.35951,43.16228],[-8.35726,43.15259],[-8.34826,43.15421],[-8.34601,43.20268],[-8.35501,43.20752],[-8.35276,43.22529],[-8.32352,43.22529],[-8.29878,43.23499],[-8.28754,43.25599],[-8.31003,43.25438],[-8.32352,43.23984],[-8.34826,43.24953],[-8.34826,43.26245],[-8.373,43.24953],[-8.40674,43.22529],[-8.3955,43.21399],[-8.39774,43.19298],[-8.40899,43.16552]]]}},{"type":"Feature","id":"15022","properties":{"cod_mun":"15022","nombre":"Cedeira","cod_prov":"15","cod_ccaa":"12"},"geometry":{"type":"Polygon","coordinates":[[[-7.94792,43.73422],[-7.96366,43.72129],[-8.0064,43.70514],[-8.04013,43.71321],[-8.06263,43.70514],[-8.07612,43.68252],[-8.07612,43.6599],[-8.05588,43.6599],[-8.07162,43.64697],[-8.05138,43.63889],[-8.04238,43.62274],[-8.03114,43.61951],[-7.99965,43.64374],[-7.95467,43.63566],[-7.92993,43.64051],[-7.96366,43.68898],[-7.92768,43.6906],[-7.95467,43.7116],[-7.94792,43.73422]]]}},{"type":"Feature","id":"15023","properties":{"cod_mun":"15023","nombre":"Cee","cod_prov":"15","cod_ccaa":"12"},"geometry":{"type":"Polygon","coordinates":[[[-9.25691,43.00234],[-9.26141,42.97649],[-9.24791,42.97649],[-9.23667,42.95872],[-9.22092,42.95872],[-9.22092,42.94256],[-9.21642,42.93448],[-9.20518,42.95064],[-9.19168,42.95064],[-9.17369,42.94418],[-9.1602,42.91186],[-9.13771,42.91025],[-9.13546,42.93771],[-9.1557,42.95548],[-9.16469,42.97649],[-9.15345,42.98457],[-9.16245,42.99911],[-9.18269,43.0088],[-9.21418,43.01203],[-9.23217,43.00234],[-9.25691,43.00234]]]}},{"type":"Feature","id":"32084","properties":{"cod_mun":"32084","nombre":"Verea","cod_prov":"32","cod_ccaa":"12"},"geometry":{"type":"Polygon","coordinates":[[[-8.10311,42.07497],[-8.08737,42.05396],[-8.06487,42.06043],[-8.02889,42.0782],[-7.99965,42.08305],[-7.97941,42.07174],[-7.91643,42.06204],[-7.89619,42.07335],[-7.88494,42.0992],[-7.89169,42.11213],[-7.91193,42.11051],[-7.93218,42.11859],[-7.95017,42.1299],[-7.97941,42.11859],[-7.99515,42.14606],[-8.0109,42.13959],[-8.0064,42.12182],[-8.06038,42.11859],[-8.07612,42.11213],[-8.10311,42.07497]]]}},{"type":"Feature","id":"15024","properties":{"cod_mun":"15024","nombre":"Cerceda","cod_prov":"15","cod_ccaa":"12"},"geometry":{"type":"Polygon","coordinates":[[[-8.59342,43.16552],[-8.58217,43.15259],[-8.57318,43.14128],[-8.5192,43.12351],[-8.52594,43.10412],[-8.49446,43.09928],[-8.46297,43.13159],[-8.45172,43.15582],[-8.41799,43.14936],[-8.40899,43.16552],[-8.39774,43.19298],[-8.3955,43.21399],[-8.40674,43.22529],[-8.44273,43.22691],[-8.46747,43.20268],[-8.5102,43.19944],[-8.52819,43.17683],[-8.53944,43.18329],[-8.56193,43.16875],[-8.59342,43.16552]]]}},{"type":"Feature","id":"15025","properties":{"cod_mun":"15025","nombre":"Cerdido","cod_prov":"15","cod_ccaa":"12"},"geometry":{"type":"Polygon","coordinates":[[[-8.04238,43.62274],[-8.04013,43.61143],[-8.01989,43.60012],[-7.96366,43.58719],[-7.92768,43.59204],[-7.91643,43.56619],[-7.90294,43.57912],[-7.90294,43.60497],[-7.92993,43.64051],[-7.95467,43.63566],[-7.99965,43.64374],[-8.03114,43.61951],[-8.04238,43.62274]]]}},{"type":"Feature","id":"15027","properties":{"cod_mun":"15027","nombre":"Coirós","cod_prov":"15","cod_ccaa":"12"},"geometry":{"type":"Polygon","coordinates":[[[-8.19532,43.28023],[-8.18633,43.26407],[-8.18408,43.2463],[-8.16833,43.22853],[-8.14584,43.22691],[-8.1166,43.21237],[-8.07387,43.21075],[-8.09636,43.24468],[-8.1166,43.25276],[-8.15484,43.26892],[-8.16384,43.26407],[-8.19532,43.28023]]]}},{"type":"Feature","id":"15028","properties":{"cod_mun":"15028","nombre":"Corcubión","cod_prov":"15","cod_ccaa":"12"},"geometry":{"type":"Polygon","coordinates":[[[-9.21642,42.93448],[-9.20968,42.91671],[-9.18269,42.91671],[-9.19168,42.95064],[-9.20518,42.95064],[-9.21642,42.93448]]]}},{"type":"Feature","id":"15029","properties":{"cod_mun":"15029","nombre":"Coristanco","cod_prov":"15","cod_ccaa":"12"},"geometry":{"type":"Polygon","coordinates":[[[-8.85207,43.10735],[-8.82283,43.09928],[-8.81383,43.11705],[-8.70363,43.09443],[-8.68788,43.08635],[-8.69688,43.11543],[-8.71487,43.12997],[-8.69013,43.13967],[-8.68788,43.17036],[-8.71262,43.17521],[-8.70138,43.18813],[-8.72162,43.20591],[-8.76435,43.22368],[-8.7756,43.24145],[-8.81608,43.22529],[-8.83407,43.20106],[-8.83407,43.17359],[-8.81608,43.13482],[-8.83857,43.13805],[-8.85657,43.12028],[-8.85207,43.10735]]]}},{"type":"Feature","id":"15030","properties":{"cod_mun":"15030","nombre":"Coruña, A","cod_prov":"15","cod_ccaa":"12"},"geometry":{"type":"Polygon","coordinates":[[[-8.38425,43.34],[-8.38425,43.35293],[-8.40449,43.36424],[-8.3865,43.36909],[-8.40674,43.38847],[-8.40449,43.37393],[-8.44273,43.38039],[-8.46972,43.35778],[-8.44048,43.33677],[-8.45622,43.32385],[-8.43823,43.30608],[-8.41574,43.30123],[-8.41349,43.32062],[-8.37975,43.33031],[-8.38425,43.34]]]}},{"type":"Feature","id":"15031","properties":{"cod_mun":"15031","nombre":"Culleredo","cod_prov":"15","cod_ccaa":"12"},"geometry":{"type":"Polygon","coordinates":[[[-8.46972,43.25599],[-8.43598,43.23337],[-8.44273,43.22691],[-8.40674,43.22529],[-8.373,43.24953],[-8.373,43.28669],[-8.35276,43.30931],[-8.36401,43.32062],[-8.37975,43.33031],[-8.41349,43.32062],[-8.41574,43.30123],[-8.44498,43.29477],[-8.44273,43.27215],[-8.46972,43.25599]]]}},{"type":"Feature","id":"15032","properties":{"cod_mun":"15032","nombre":"Curtis","cod_prov":"15","cod_ccaa":"12"},"geometry":{"type":"Polygon","coordinates":[[[-8.15934,43.11866],[-8.14134,43.11705],[-8.12785,43.08797],[-8.09636,43.08797],[-8.06937,43.11705],[-8.05138,43.09604],[-8.01539,43.08958],[-7.98391,43.11058],[-7.96141,43.1332],[-7.94117,43.12997],[-7.95917,43.18329],[-7.98166,43.17683],[-8.02439,43.18652],[-8.02889,43.16713],[-8.05363,43.16067],[-8.06487,43.16713],[-8.08287,43.15421],[-8.10986,43.1639],[-8.1301,43.15421],[-8.15709,43.12997],[-8.15934,43.11866]]]}},{"type":"Feature","id":"15033","properties":{"cod_mun":"15033","nombre":"Dodro","cod_prov":"15","cod_ccaa":"12"},"geometry":{"type":"Polygon","coordinates":[[[-8.7666,42.74384],[-8.7756,42.72768],[-8.75535,42.69698],[-8.72612,42.68891],[-8.71712,42.70668],[-8.67888,42.71152],[-8.67214,42.71799],[-8.65864,42.73091],[-8.68563,42.74545],[-8.70587,42.75353],[-8.73511,42.73414],[-8.7666,42.74384]]]}},{"type":"Feature","id":"15034","properties":{"cod_mun":"15034","nombre":"Dumbría","cod_prov":"15","cod_ccaa":"12"},"geometry":{"type":"Polygon","coordinates":[[[-9.18269,43.0088],[-9.16245,42.99911],[-9.15345,42.98457],[-9.16469,42.97649],[-9.1557,42.95548],[-9.13546,42.93771],[-9.13771,42.91025],[-9.12646,42.9054],[-9.10847,42.91348],[-9.09272,42.93771],[-9.08373,42.93448],[-9.07698,42.95548],[-9.05899,42.96195],[-9.01625,42.96356],[-9.02075,42.97649],[-9.00276,43.00557],[-9.05899,43.02011],[-9.05899,43.04273],[-9.08148,43.03142],[-9.10622,43.0605],[-9.13546,43.04758],[-9.13546,43.02334],[-9.17369,43.0298],[-9.18269,43.0088]]]}},{"type":"Feature","id":"15035","properties":{"cod_mun":"15035","nombre":"Fene","cod_prov":"15","cod_ccaa":"12"},"geometry":{"type":"Polygon","coordinates":[[[-8.20432,43.45956],[-8.19532,43.43371],[-8.19757,43.42725],[-8.18633,43.42402],[-8.16833,43.45148],[-8.14134,43.44825],[-8.1166,43.46118],[-8.10086,43.46118],[-8.09861,43.46925],[-8.11885,43.46764],[-8.12335,43.48703],[-8.16833,43.48379],[-8.20432,43.45956]]]}},{"type":"Feature","id":"15036","properties":{"cod_mun":"15036","nombre":"Ferrol","cod_prov":"15","cod_ccaa":"12"},"geometry":{"type":"Polygon","coordinates":[[[-8.19757,43.48703],[-8.20657,43.50157],[-8.19532,43.51772],[-8.22006,43.52742],[-8.23581,43.54842],[-8.2583,43.55973],[-8.30103,43.5565],[-8.31678,43.56942],[-8.32577,43.55973],[-8.29653,43.53549],[-8.30328,43.5258],[-8.32352,43.5258],[-8.33027,43.50803],[-8.32127,43.50318],[-8.32802,43.48218],[-8.34377,43.46925],[-8.34152,43.45794],[-8.31678,43.47087],[-8.29878,43.46118],[-8.2673,43.46764],[-8.24705,43.49349],[-8.2493,43.47572],[-8.19083,43.48218],[-8.19757,43.48703]]]}},{"type":"Feature","id":"15037","properties":{"cod_mun":"15037","nombre":"Fisterra","cod_prov":"15","cod_ccaa":"12"},"geometry":{"type":"Polygon","coordinates":[[[-9.22092,42.94256],[-9.22092,42.95872],[-9.23667,42.95872],[-9.24791,42.97649],[-9.26141,42.97649],[-9.2839,42.95387],[-9.29739,42.92156],[-9.2749,42.9054],[-9.28165,42.89409],[-9.2704,42.87955],[-9.25916,42.92317],[-9.23442,42.9264],[-9.22092,42.94256]]]}},{"type":"Feature","id":"15038","properties":{"cod_mun":"15038","nombre":"Frades","cod_prov":"15","cod_ccaa":"12"},"geometry":{"type":"Polygon","coordinates":[[[-8.35501,43.04596],[-8.34601,43.04434],[-8.33252,43.01203],[-8.29878,43.01526],[-8.29653,43.00557],[-8.25155,43.01688],[-8.23581,43.00557],[-8.22231,43.00072],[-8.20207,43.00718],[-8.19532,43.02173],[-8.21107,43.0298],[-8.21781,43.0605],[-8.2628,43.06858],[-8.27179,43.0912],[-8.28304,43.09928],[-8.31903,43.0912],[-8.33702,43.08958],[-8.32352,43.0605],[-8.35501,43.04596]]]}},{"type":"Feature","id":"15039","properties":{"cod_mun":"15039","nombre":"Irixoa","cod_prov":"15","cod_ccaa":"12"},"geometry":{"type":"Polygon","coordinates":[[[-8.14809,43.31577],[-8.13235,43.29477],[-8.10536,43.29315],[-8.1211,43.27376],[-8.1166,43.25276],[-8.09636,43.24468],[-8.08287,43.25276],[-8.06038,43.2463],[-8.04913,43.25761],[-7.9974,43.25761],[-7.9884,43.27538],[-7.99065,43.28992],[-8.02214,43.2883],[-8.04688,43.31415],[-8.08737,43.33031],[-8.10761,43.33031],[-8.14584,43.31577],[-8.14809,43.31577]]]}},{"type":"Feature","id":"15040","properties":{"cod_mun":"15040","nombre":"Laxe","cod_prov":"15","cod_ccaa":"12"},"geometry":{"type":"Polygon","coordinates":[[[-8.99151,43.21883],[-9.00276,43.22853],[-9.05899,43.1849],[-9.07698,43.18167],[-9.05449,43.16228],[-9.00951,43.15259],[-8.98926,43.16552],[-8.98252,43.18167],[-8.99376,43.18813],[-8.97127,43.20752],[-8.99151,43.21883]]]}},{"type":"Feature","id":"15041","properties":{"cod_mun":"15041","nombre":"Laracha, A","cod_prov":"15","cod_ccaa":"12"},"geometry":{"type":"Polygon","coordinates":[[[-8.58667,43.31577],[-8.59342,43.32062],[-8.62491,43.31577],[-8.60017,43.28992],[-8.63165,43.27699],[-8.6339,43.26084],[-8.66539,43.26084],[-8.6294,43.22045],[-8.60466,43.21237],[-8.58667,43.19621],[-8.59792,43.18329],[-8.59342,43.16552],[-8.56193,43.16875],[-8.53944,43.18329],[-8.52819,43.17683],[-8.5102,43.19944],[-8.46747,43.20268],[-8.44273,43.22691],[-8.43598,43.23337],[-8.46972,43.25599],[-8.50795,43.27053],[-8.52819,43.25599],[-8.55068,43.25599],[-8.58442,43.26892],[-8.60241,43.29961],[-8.58667,43.31577]]]}},{"type":"Feature","id":"15042","properties":{"cod_mun":"15042","nombre":"Lousame","cod_prov":"15","cod_ccaa":"12"},"geometry":{"type":"Polygon","coordinates":[[[-8.92404,42.72122],[-8.86331,42.72768],[-8.82283,42.71314],[-8.80484,42.71637],[-8.78684,42.73899],[-8.7666,42.74384],[-8.79584,42.77292],[-8.7756,42.78584],[-8.78684,42.80523],[-8.7756,42.82947],[-8.80034,42.83431],[-8.83182,42.82462],[-8.84982,42.79231],[-8.87006,42.78261],[-8.87231,42.76323],[-8.8903,42.76646],[-8.8948,42.74707],[-8.90605,42.7503],[-8.91279,42.76969],[-8.92854,42.75999],[-8.91954,42.73091],[-8.92404,42.72122]]]}},{"type":"Feature","id":"15043","properties":{"cod_mun":"15043","nombre":"Malpica de Bergantiños","cod_prov":"15","cod_ccaa":"12"},"geometry":{"type":"Polygon","coordinates":[[[-8.73061,43.29638],[-8.7711,43.29961],[-8.80259,43.31415],[-8.80708,43.32708],[-8.82508,43.32869],[-8.83182,43.34485],[-8.84757,43.33677],[-8.85881,43.31739],[-8.87456,43.32223],[-8.91054,43.32223],[-8.90605,43.30608],[-8.88805,43.29315],[-8.82733,43.28992],[-8.82958,43.27215],[-8.77335,43.26084],[-8.75985,43.25114],[-8.73736,43.26892],[-8.73061,43.29638]]]}},{"type":"Feature","id":"15044","properties":{"cod_mun":"15044","nombre":"Mañón","cod_prov":"15","cod_ccaa":"12"},"geometry":{"type":"Polygon","coordinates":[[[-7.72526,43.74714],[-7.72076,43.71645],[-7.73875,43.69867],[-7.73425,43.67767],[-7.74325,43.65505],[-7.77024,43.62112],[-7.79498,43.58396],[-7.80173,43.56134],[-7.77249,43.55004],[-7.7545,43.55488],[-7.75,43.5565],[-7.74775,43.5775],[-7.71851,43.58396],[-7.72526,43.61304],[-7.732,43.61628],[-7.71626,43.64697],[-7.69377,43.64859],[-7.69152,43.65828],[-7.71851,43.68736],[-7.70277,43.68575],[-7.70726,43.70998],[-7.69377,43.71645],[-7.70052,43.73583],[-7.68927,43.75684],[-7.66228,43.77784],[-7.68927,43.78915],[-7.68702,43.77622],[-7.71851,43.7633],[-7.72526,43.74714]]]}},{"type":"Feature","id":"15045","properties":{"cod_mun":"15045","nombre":"Mazaricos","cod_prov":"15","cod_ccaa":"12"},"geometry":{"type":"Polygon","coordinates":[[[-9.10847,42.91348],[-9.07923,42.87632],[-9.04549,42.88924],[-9.06798,42.86501],[-9.05224,42.85208],[-9.03425,42.86016],[-8.99826,42.84562],[-8.97802,42.86178],[-8.99376,42.89086],[-8.96227,42.89409],[-8.92854,42.88117],[-8.91279,42.90055],[-8.91954,42.91833],[-8.88805,42.92479],[-8.8948,42.96033],[-8.90155,42.98618],[-8.89255,42.99103],[-8.91279,43.01365],[-8.94428,42.9878],[-8.96902,42.99426],[-8.98477,43.0088],[-9.00276,43.00557],[-9.02075,42.97649],[-9.01625,42.96356],[-9.05899,42.96195],[-9.07698,42.95548],[-9.08373,42.93448],[-9.09272,42.93771],[-9.10847,42.91348]]]}},{"type":"Feature","id":"15046","properties":{"cod_mun":"15046","nombre":"Melide","cod_prov":"15","cod_ccaa":"12"},"geometry":{"type":"Polygon","coordinates":[[[-8.12785,42.98133],[-8.1346,42.96356],[-8.11211,42.94256],[-8.09186,42.94418],[-8.06487,42.91509],[-8.08287,42.90702],[-8.08062,42.89086],[-8.03789,42.88601],[-8.04013,42.8747],[-8.01989,42.87793],[-8.0064,42.89248],[-7.98166,42.88924],[-7.97716,42.87793],[-7.96366,42.87955],[-7.93443,42.90378],[-7.94342,42.91671],[-7.96591,42.9054],[-7.99065,42.91348],[-7.97266,42.93933],[-7.9974,42.94902],[-8.01314,42.99103],[-8.02664,42.98457],[-8.06712,42.97164],[-8.09861,42.9781],[-8.10986,42.98941],[-8.12785,42.98133]]]}},{"type":"Feature","id":"15047","properties":{"cod_mun":"15047","nombre":"Mesía","cod_prov":"15","cod_ccaa":"12"},"geometry":{"type":"MultiPolygon","coordinates":[[[[-8.30103,43.15582],[-8.33477,43.14128],[-8.31903,43.0912],[-8.28304,43.09928],[-8.27179,43.0912],[-8.2628,43.06858],[-8.21781,43.0605],[-8.21107,43.0298],[-8.19532,43.02173],[-8.17508,43.03303],[-8.18858,43.04596],[-8.17283,43.05727],[-8.16159,43.05242],[-8.15934,43.11866],[-8.17508,43.13643],[-8.20657,43.12513],[-8.23131,43.14128],[-8.28079,43.12513],[-8.28529,43.14774],[-8.30103,43.15582]]],[[[-8.35726,43.15259],[-8.35951,43.16228],[-8.35951,43.14774],[-8.35726,43.15259]]]]}},{"type":"Feature","id":"15048","properties":{"cod_mun":"15048","nombre":"Miño","cod_prov":"15","cod_ccaa":"12"},"geometry":{"type":"Polygon","coordinates":[[[-8.15484,43.37716],[-8.18633,43.37555],[-8.17508,43.3917],[-8.19757,43.39978],[-8.21557,43.37716],[-8.21332,43.35131],[-8.20207,43.33516],[-8.18183,43.33193],[-8.14809,43.31577],[-8.14584,43.31577],[-8.13235,43.33193],[-8.13235,43.34808],[-8.15484,43.33677],[-8.16609,43.35131],[-8.14359,43.36101],[-8.15484,43.37716]]]}},{"type":"Feature","id":"15049","properties":{"cod_mun":"15049","nombre":"Moeche","cod_prov":"15","cod_ccaa":"12"},"geometry":{"type":"Polygon","coordinates":[[[-8.03564,43.59043],[-8.01314,43.58558],[-8.02664,43.56134],[-8.02889,43.53549],[-8.0064,43.52257],[-7.98391,43.53388],[-7.97716,43.54357],[-7.94117,43.5468],[-7.91643,43.56619],[-7.92768,43.59204],[-7.96366,43.58719],[-8.01989,43.60012],[-8.03564,43.59043]]]}},{"type":"Feature","id":"15050","properties":{"cod_mun":"15050","nombre":"Monfero","cod_prov":"15","cod_ccaa":"12"},"geometry":{"type":"Polygon","coordinates":[[[-8.10311,43.39494],[-8.08961,43.37555],[-8.1256,43.36747],[-8.11436,43.35454],[-8.08961,43.35293],[-8.08737,43.33031],[-8.04688,43.31415],[-8.02214,43.2883],[-7.99065,43.28992],[-7.9884,43.27538],[-7.94792,43.28669],[-7.88719,43.33677],[-7.88494,43.37555],[-7.89844,43.38686],[-7.93443,43.38039],[-7.94342,43.3707],[-7.95692,43.37878],[-7.98391,43.37232],[-8.0064,43.39494],[-8.01314,43.40948],[-8.05363,43.40301],[-8.07612,43.41271],[-8.10086,43.41271],[-8.10311,43.39494]]]}},{"type":"Feature","id":"15051","properties":{"cod_mun":"15051","nombre":"Mugardos","cod_prov":"15","cod_ccaa":"12"},"geometry":{"type":"Polygon","coordinates":[[[-8.20432,43.45956],[-8.23131,43.45471],[-8.2538,43.46602],[-8.27854,43.45956],[-8.2628,43.4434],[-8.23131,43.44502],[-8.19532,43.43371],[-8.20432,43.45956]]]}},{"type":"Feature","id":"15052","properties":{"cod_mun":"15052","nombre":"Muxía","cod_prov":"15","cod_ccaa":"12"},"geometry":{"type":"Polygon","coordinates":[[[-9.15795,43.12674],[-9.16919,43.10412],[-9.19393,43.0912],[-9.19843,43.10412],[-9.21642,43.10412],[-9.24341,43.08473],[-9.25691,43.0912],[-9.25016,43.06858],[-9.26141,43.04919],[-9.2884,43.04434],[-9.2749,43.0088],[-9.25691,43.00234],[-9.23217,43.00234],[-9.21418,43.01203],[-9.18269,43.0088],[-9.17369,43.0298],[-9.13546,43.02334],[-9.13546,43.04758],[-9.10622,43.0605],[-9.09272,43.07343],[-9.10397,43.09604],[-9.14445,43.10412],[-9.1422,43.12674],[-9.15795,43.12674]]]}},{"type":"Feature","id":"15053","properties":{"cod_mun":"15053","nombre":"Muros","cod_prov":"15","cod_ccaa":"12"},"geometry":{"type":"Polygon","coordinates":[[[-9.05224,42.85208],[-9.05224,42.83431],[-9.09947,42.78908],[-9.09722,42.77615],[-9.11521,42.75999],[-9.08148,42.73738],[-9.07473,42.75676],[-9.04774,42.76969],[-9.06573,42.78584],[-9.01175,42.79877],[-9.01625,42.78423],[-8.98252,42.77777],[-8.97802,42.79069],[-8.95778,42.781],[-8.97127,42.81008],[-8.97577,42.84078],[-8.99826,42.84562],[-9.03425,42.86016],[-9.05224,42.85208]]]}},{"type":"Feature","id":"15054","properties":{"cod_mun":"15054","nombre":"Narón","cod_prov":"15","cod_ccaa":"12"},"geometry":{"type":"Polygon","coordinates":[[[-8.22456,43.5775],[-8.2583,43.55973],[-8.23581,43.54842],[-8.22006,43.52742],[-8.19532,43.51772],[-8.20657,43.50157],[-8.19757,43.48703],[-8.17508,43.49349],[-8.17508,43.5048],[-8.15259,43.51772],[-8.14584,43.53065],[-8.11885,43.51126],[-8.09186,43.51288],[-8.08512,43.53388],[-8.09186,43.55488],[-8.11885,43.56942],[-8.15484,43.56296],[-8.16833,43.55004],[-8.19307,43.5565],[-8.18858,43.57104],[-8.22456,43.5775]]]}},{"type":"Feature","id":"15055","properties":{"cod_mun":"15055","nombre":"Neda","cod_prov":"15","cod_ccaa":"12"},"geometry":{"type":"Polygon","coordinates":[[[-8.16833,43.48379],[-8.12335,43.48703],[-8.11885,43.46764],[-8.09861,43.46925],[-8.08961,43.5048],[-8.09186,43.51288],[-8.11885,43.51126],[-8.14584,43.53065],[-8.15259,43.51772],[-8.16833,43.48379]]]}},{"type":"Feature","id":"15056","properties":{"cod_mun":"15056","nombre":"Negreira","cod_prov":"15","cod_ccaa":"12"},"geometry":{"type":"Polygon","coordinates":[[[-8.8948,42.96033],[-8.88805,42.92479],[-8.91954,42.91833],[-8.91279,42.90055],[-8.91054,42.90863],[-8.88355,42.90217],[-8.86781,42.90863],[-8.87456,42.86986],[-8.84307,42.85047],[-8.83182,42.84885],[-8.81383,42.86339],[-8.7801,42.86178],[-8.7576,42.87309],[-8.75985,42.89571],[-8.73286,42.90217],[-8.72387,42.88924],[-8.71937,42.9054],[-8.69013,42.90702],[-8.69238,42.9264],[-8.73511,42.91671],[-8.74186,42.92802],[-8.76435,42.91833],[-8.77335,42.93771],[-8.80034,42.93448],[-8.80933,42.94741],[-8.83407,42.95548],[-8.83182,42.96356],[-8.87231,42.95872],[-8.8948,42.96033]]]}},{"type":"Feature","id":"15057","properties":{"cod_mun":"15057","nombre":"Noia","cod_prov":"15","cod_ccaa":"12"},"geometry":{"type":"Polygon","coordinates":[[[-8.93304,42.77777],[-8.91279,42.76969],[-8.90605,42.7503],[-8.8948,42.74707],[-8.8903,42.76646],[-8.87231,42.76323],[-8.87006,42.78261],[-8.84982,42.79231],[-8.83182,42.82462],[-8.80034,42.83431],[-8.82958,42.84724],[-8.85207,42.83754],[-8.85881,42.81977],[-8.87681,42.82785],[-8.87906,42.81654],[-8.9038,42.81331],[-8.8993,42.79715],[-8.92179,42.79069],[-8.93304,42.77777]]]}},{"type":"Feature","id":"15058","properties":{"cod_mun":"15058","nombre":"Oleiros","cod_prov":"15","cod_ccaa":"12"},"geometry":{"type":"Polygon","coordinates":[[[-8.29653,43.38686],[-8.30553,43.40463],[-8.35051,43.39655],[-8.35501,43.38039],[-8.33927,43.38201],[-8.34826,43.34647],[-8.38425,43.34],[-8.37975,43.33031],[-8.36401,43.32062],[-8.35276,43.30608],[-8.32577,43.30446],[-8.29653,43.31415],[-8.31003,43.34808],[-8.31003,43.37555],[-8.29653,43.38686]]]}},{"type":"Feature","id":"15059","properties":{"cod_mun":"15059","nombre":"Ordes","cod_prov":"15","cod_ccaa":"12"},"geometry":{"type":"Polygon","coordinates":[[[-8.49446,43.09928],[-8.48321,43.08797],[-8.45622,43.09443],[-8.46747,43.07504],[-8.46297,43.05727],[-8.44498,43.04919],[-8.45397,43.03465],[-8.42248,43.02334],[-8.39774,43.02657],[-8.40674,43.00557],[-8.3865,43.00072],[-8.35276,43.01365],[-8.37525,43.0395],[-8.35501,43.04596],[-8.32352,43.0605],[-8.33702,43.08958],[-8.31903,43.0912],[-8.33477,43.14128],[-8.35951,43.14774],[-8.35951,43.16228],[-8.37525,43.17036],[-8.40899,43.16552],[-8.41799,43.14936],[-8.45172,43.15582],[-8.46297,43.13159],[-8.49446,43.09928]]]}},{"type":"Feature","id":"15060","properties":{"cod_mun":"15060","nombre":"Oroso","cod_prov":"15","cod_ccaa":"12"},"geometry":{"type":"Polygon","coordinates":[[[-8.46972,42.97649],[-8.44498,42.96356],[-8.38875,42.97164],[-8.34601,42.95387],[-8.35276,42.96679],[-8.33027,42.97487],[-8.29653,43.00557],[-8.29878,43.01526],[-8.33252,43.01203],[-8.34601,43.04434],[-8.35501,43.04596],[-8.37525,43.0395],[-8.35276,43.01365],[-8.3865,43.00072],[-8.40674,43.00557],[-8.39774,43.02657],[-8.42248,43.02334],[-8.45397,43.03465],[-8.45622,43.02657],[-8.45622,42.98618],[-8.46972,42.97649]]]}},{"type":"Feature","id":"15061","properties":{"cod_mun":"15061","nombre":"Ortigueira","cod_prov":"15","cod_ccaa":"12"},"geometry":{"type":"Polygon","coordinates":[[[-7.92768,43.6906],[-7.96366,43.68898],[-7.92993,43.64051],[-7.90294,43.60497],[-7.90294,43.57912],[-7.8647,43.57427],[-7.8782,43.55488],[-7.85796,43.5565],[-7.84671,43.55327],[-7.83322,43.57104],[-7.80173,43.56134],[-7.79498,43.58396],[-7.77024,43.62112],[-7.74325,43.65505],[-7.73425,43.67767],[-7.73875,43.69867],[-7.72076,43.71645],[-7.72526,43.74714],[-7.78149,43.7326],[-7.82422,43.71483],[-7.82872,43.70029],[-7.86695,43.69867],[-7.84671,43.66798],[-7.88494,43.66313],[-7.90519,43.67121],[-7.87145,43.67929],[-7.88944,43.68413],[-7.92768,43.6906]]]}},{"type":"Feature","id":"15062","properties":{"cod_mun":"15062","nombre":"Outes","cod_prov":"15","cod_ccaa":"12"},"geometry":{"type":"Polygon","coordinates":[[[-8.91279,42.90055],[-8.92854,42.88117],[-8.96227,42.89409],[-8.99376,42.89086],[-8.97802,42.86178],[-8.99826,42.84562],[-8.97577,42.84078],[-8.97127,42.81008],[-8.95778,42.781],[-8.94203,42.802],[-8.9083,42.79715],[-8.90605,42.81816],[-8.88131,42.81816],[-8.87681,42.82785],[-8.85881,42.81977],[-8.85207,42.83754],[-8.82958,42.84724],[-8.83182,42.84885],[-8.84307,42.85047],[-8.87456,42.86986],[-8.86781,42.90863],[-8.88355,42.90217],[-8.91054,42.90863],[-8.91279,42.90055]]]}},{"type":"Feature","id":"15064","properties":{"cod_mun":"15064","nombre":"Paderne","cod_prov":"15","cod_ccaa":"12"},"geometry":{"type":"Polygon","coordinates":[[[-8.21781,43.29961],[-8.18408,43.30446],[-8.19532,43.28023],[-8.16384,43.26407],[-8.15484,43.26892],[-8.1166,43.25276],[-8.1211,43.27376],[-8.10536,43.29315],[-8.13235,43.29477],[-8.14809,43.31577],[-8.18183,43.33193],[-8.20207,43.33516],[-8.20882,43.32708],[-8.21781,43.29961]]]}},{"type":"Feature","id":"15065","properties":{"cod_mun":"15065","nombre":"Padrón","cod_prov":"15","cod_ccaa":"12"},"geometry":{"type":"Polygon","coordinates":[[[-8.68563,42.74545],[-8.65864,42.73091],[-8.67214,42.71799],[-8.66539,42.7196],[-8.64965,42.72607],[-8.60691,42.71476],[-8.60017,42.74384],[-8.57093,42.74222],[-8.58217,42.75515],[-8.57992,42.7713],[-8.62715,42.76807],[-8.62266,42.78584],[-8.60916,42.79877],[-8.62715,42.80362],[-8.64965,42.80685],[-8.66764,42.78584],[-8.65639,42.76969],[-8.68563,42.74545]]]}},{"type":"Feature","id":"15066","properties":{"cod_mun":"15066","nombre":"Pino, O","cod_prov":"15","cod_ccaa":"12"},"geometry":{"type":"Polygon","coordinates":[[[-8.41799,42.8844],[-8.39999,42.88278],[-8.37076,42.89894],[-8.34601,42.88763],[-8.33252,42.89248],[-8.30778,42.87309],[-8.29653,42.89409],[-8.31003,42.90217],[-8.29653,42.91833],[-8.28079,42.91994],[-8.2673,42.89409],[-8.2538,42.89248],[-8.22906,42.9054],[-8.23356,42.93125],[-8.26055,42.93125],[-8.30103,42.93771],[-8.28304,42.95872],[-8.26055,42.96356],[-8.24031,42.98295],[-8.23581,43.00557],[-8.25155,43.01688],[-8.29653,43.00557],[-8.33027,42.97487],[-8.35276,42.96679],[-8.34601,42.95387],[-8.38875,42.97164],[-8.42024,42.92802],[-8.41349,42.91833],[-8.41799,42.8844]]]}},{"type":"Feature","id":"15067","properties":{"cod_mun":"15067","nombre":"Pobra do Caramiñal, A","cod_prov":"15","cod_ccaa":"12"},"geometry":{"type":"Polygon","coordinates":[[[-8.95778,42.67437],[-8.97802,42.63559],[-8.96002,42.62428],[-8.98027,42.60812],[-8.98027,42.59682],[-8.95553,42.59358],[-8.95103,42.58551],[-8.92179,42.58551],[-8.93753,42.60651],[-8.90605,42.63236],[-8.93978,42.65336],[-8.95778,42.67437]]]}},{"type":"Feature","id":"15068","properties":{"cod_mun":"15068","nombre":"Ponteceso","cod_prov":"15","cod_ccaa":"12"},"geometry":{"type":"Polygon","coordinates":[[[-8.90605,43.30608],[-8.90605,43.29477],[-8.93753,43.28992],[-8.95778,43.29315],[-8.99151,43.27376],[-8.97802,43.26407],[-8.95328,43.25922],[-8.94203,43.22691],[-8.93304,43.22206],[-8.91954,43.24145],[-8.8993,43.24145],[-8.89705,43.21722],[-8.85207,43.2366],[-8.81608,43.22529],[-8.7756,43.24145],[-8.75985,43.25114],[-8.77335,43.26084],[-8.82958,43.27215],[-8.82733,43.28992],[-8.88805,43.29315],[-8.90605,43.30608]]]}},{"type":"Feature","id":"15069","properties":{"cod_mun":"15069","nombre":"Pontedeume","cod_prov":"15","cod_ccaa":"12"},"geometry":{"type":"Polygon","coordinates":[[[-8.17508,43.41271],[-8.20657,43.40948],[-8.22006,43.38524],[-8.21557,43.37716],[-8.19757,43.39978],[-8.17508,43.3917],[-8.18633,43.37555],[-8.15484,43.37716],[-8.13235,43.39009],[-8.10311,43.39494],[-8.10086,43.41271],[-8.11436,43.42402],[-8.1346,43.42725],[-8.15034,43.41271],[-8.17508,43.41271]]]}},{"type":"Feature","id":"15070","properties":{"cod_mun":"15070","nombre":"Pontes de García Rodríguez, As","cod_prov":"15","cod_ccaa":"12"},"geometry":{"type":"Polygon","coordinates":[[[-8.01314,43.40948],[-8.0064,43.39494],[-7.98391,43.37232],[-7.95692,43.37878],[-7.94342,43.3707],[-7.93443,43.38039],[-7.89844,43.38686],[-7.8827,43.40786],[-7.82422,43.4014],[-7.80623,43.42725],[-7.80623,43.43694],[-7.78373,43.44664],[-7.76799,43.48703],[-7.74775,43.50803],[-7.74325,43.5258],[-7.7545,43.55488],[-7.77249,43.55004],[-7.80173,43.56134],[-7.83322,43.57104],[-7.84671,43.55327],[-7.85796,43.5565],[-7.87145,43.54519],[-7.85121,43.51126],[-7.87145,43.49995],[-7.90069,43.51288],[-7.90969,43.4951],[-7.93892,43.48056],[-7.97941,43.47733],[-7.98166,43.47733],[-7.9929,43.45794],[-7.9929,43.43371],[-8.01314,43.40948]]]}},{"type":"Feature","id":"15071","properties":{"cod_mun":"15071","nombre":"Porto do Son","cod_prov":"15","cod_ccaa":"12"},"geometry":{"type":"Polygon","coordinates":[[[-8.93304,42.77777],[-8.95328,42.74868],[-8.99151,42.74061],[-9.00951,42.72768],[-9.00951,42.71152],[-9.02525,42.70829],[-9.0365,42.64852],[-9.04549,42.62913],[-9.06124,42.61782],[-9.06573,42.60005],[-9.00951,42.61136],[-9.01175,42.62428],[-8.97802,42.63559],[-8.95778,42.67437],[-8.95778,42.69537],[-8.93079,42.70345],[-8.92404,42.72122],[-8.91954,42.73091],[-8.92854,42.75999],[-8.91279,42.76969],[-8.93304,42.77777]]]}},{"type":"Feature","id":"15072","properties":{"cod_mun":"15072","nombre":"Rianxo","cod_prov":"15","cod_ccaa":"12"},"geometry":{"type":"Polygon","coordinates":[[[-8.82283,42.71314],[-8.82058,42.6986],[-8.84082,42.68567],[-8.82958,42.66629],[-8.81383,42.65982],[-8.82283,42.6469],[-8.79359,42.63721],[-8.7711,42.65336],[-8.75535,42.6469],[-8.72837,42.6776],[-8.72612,42.68891],[-8.75535,42.69698],[-8.7756,42.72768],[-8.7666,42.74384],[-8.78684,42.73899],[-8.80484,42.71637],[-8.82283,42.71314]]]}},{"type":"Feature","id":"15073","properties":{"cod_mun":"15073","nombre":"Ribeira","cod_prov":"15","cod_ccaa":"12"},"geometry":{"type":"MultiPolygon","coordinates":[[[[-8.97802,42.63559],[-9.01175,42.62428],[-9.00951,42.61136],[-9.06573,42.60005],[-9.07923,42.59843],[-9.08822,42.56935],[-9.06124,42.57743],[-9.04549,42.57097],[-9.02975,42.55158],[-9.04099,42.51765],[-9.0185,42.51765],[-8.98701,42.53865],[-8.98926,42.56612],[-8.96227,42.56935],[-8.95103,42.58551],[-8.95553,42.59358],[-8.98027,42.59682],[-8.98027,42.60812],[-8.96002,42.62428],[-8.97802,42.63559]]],[[[-9.01175,42.46433],[-8.99826,42.46918],[-9.01625,42.48534],[-9.01175,42.46433]]]]}},{"type":"Feature","id":"15074","properties":{"cod_mun":"15074","nombre":"Rois","cod_prov":"15","cod_ccaa":"12"},"geometry":{"type":"Polygon","coordinates":[[[-8.7756,42.82947],[-8.78684,42.80523],[-8.7756,42.78584],[-8.79584,42.77292],[-8.7666,42.74384],[-8.73511,42.73414],[-8.70587,42.75353],[-8.68563,42.74545],[-8.65639,42.76969],[-8.66764,42.78584],[-8.64965,42.80685],[-8.62715,42.80362],[-8.62715,42.81008],[-8.64515,42.81816],[-8.66764,42.80685],[-8.69463,42.81331],[-8.70363,42.83593],[-8.75086,42.84239],[-8.7756,42.82947]]]}},{"type":"Feature","id":"15075","properties":{"cod_mun":"15075","nombre":"Sada","cod_prov":"15","cod_ccaa":"12"},"geometry":{"type":"Polygon","coordinates":[[[-8.2448,43.34808],[-8.2673,43.38524],[-8.29653,43.38686],[-8.31003,43.37555],[-8.31003,43.34808],[-8.29653,43.31415],[-8.28979,43.31092],[-8.28079,43.32708],[-8.2583,43.33354],[-8.2448,43.34808]]]}},{"type":"Feature","id":"15076","properties":{"cod_mun":"15076","nombre":"San Sadurniño","cod_prov":"15","cod_ccaa":"12"},"geometry":{"type":"Polygon","coordinates":[[[-8.11885,43.56942],[-8.09186,43.55488],[-8.08512,43.53388],[-8.09186,43.51288],[-8.08961,43.5048],[-8.09861,43.46925],[-8.07387,43.47572],[-8.00415,43.47249],[-7.98166,43.47733],[-7.97941,43.47733],[-7.97491,43.52257],[-7.98391,43.53388],[-8.0064,43.52257],[-8.02889,43.53549],[-8.02664,43.56134],[-8.01314,43.58558],[-8.03564,43.59043],[-8.08961,43.59366],[-8.11885,43.56942]]]}},{"type":"Feature","id":"15077","properties":{"cod_mun":"15077","nombre":"Santa Comba","cod_prov":"15","cod_ccaa":"12"},"geometry":{"type":"Polygon","coordinates":[[[-8.91279,43.01365],[-8.89255,42.99103],[-8.90155,42.98618],[-8.8948,42.96033],[-8.87231,42.95872],[-8.83182,42.96356],[-8.84082,42.99749],[-8.81158,42.99749],[-8.80034,43.00557],[-8.7621,43.00557],[-8.71937,42.99426],[-8.71937,43.01526],[-8.70812,43.02496],[-8.71937,43.03303],[-8.71037,43.04758],[-8.68788,43.05404],[-8.68563,43.07989],[-8.68788,43.08635],[-8.70363,43.09443],[-8.81383,43.11705],[-8.82283,43.09928],[-8.85207,43.10735],[-8.86556,43.10897],[-8.87006,43.08958],[-8.88355,43.07989],[-8.88805,43.06212],[-8.91504,43.03627],[-8.91279,43.01365]]]}},{"type":"Feature","id":"15078","properties":{"cod_mun":"15078","nombre":"Santiago de Compostela","cod_prov":"15","cod_ccaa":"12"},"geometry":{"type":"Polygon","coordinates":[[[-8.63165,42.94902],[-8.61591,42.9361],[-8.60691,42.94418],[-8.58892,42.91348],[-8.61816,42.91671],[-8.62041,42.88924],[-8.6294,42.87309],[-8.60241,42.85693],[-8.56418,42.84562],[-8.53944,42.84562],[-8.5237,42.82623],[-8.48771,42.82462],[-8.46522,42.84401],[-8.47421,42.86824],[-8.41799,42.8844],[-8.41349,42.91833],[-8.42024,42.92802],[-8.38875,42.97164],[-8.44498,42.96356],[-8.46972,42.97649],[-8.51245,42.98941],[-8.5237,42.98133],[-8.5237,42.94902],[-8.53494,42.94256],[-8.55293,42.96195],[-8.57318,42.97003],[-8.57767,42.98618],[-8.59342,42.97972],[-8.61591,42.96679],[-8.63165,42.94902]]]}},{"type":"Feature","id":"15079","properties":{"cod_mun":"15079","nombre":"Santiso","cod_prov":"15","cod_ccaa":"12"},"geometry":{"type":"Polygon","coordinates":[[[-8.17508,42.85855],[-8.1391,42.84401],[-8.11885,42.84239],[-8.08961,42.8537],[-8.07162,42.85208],[-8.06263,42.83593],[-8.04463,42.8327],[-8.02664,42.84724],[-7.99965,42.84885],[-7.97716,42.87793],[-7.98166,42.88924],[-8.0064,42.89248],[-8.01989,42.87793],[-8.04013,42.8747],[-8.03789,42.88601],[-8.08062,42.89086],[-8.08287,42.90702],[-8.09411,42.91186],[-8.10986,42.89086],[-8.13235,42.88601],[-8.15034,42.86663],[-8.17508,42.85855]]]}},{"type":"Feature","id":"15080","properties":{"cod_mun":"15080","nombre":"Sobrado","cod_prov":"15","cod_ccaa":"12"},"geometry":{"type":"Polygon","coordinates":[[[-8.10311,43.04273],[-8.10311,43.02819],[-8.08512,43.01526],[-8.04013,43.00072],[-8.02664,42.98457],[-8.01314,42.99103],[-7.9884,43.0088],[-7.95242,43.02334],[-7.93892,43.02011],[-7.92768,43.03303],[-7.94342,43.06696],[-7.91868,43.09281],[-7.93667,43.1122],[-7.94117,43.12997],[-7.96141,43.1332],[-7.98391,43.11058],[-8.01539,43.08958],[-8.05138,43.09604],[-8.06937,43.11705],[-8.06487,43.09766],[-8.03789,43.06373],[-8.03789,43.04273],[-8.05813,43.03303],[-8.06712,43.04596],[-8.10311,43.04273]]]}},{"type":"Feature","id":"15081","properties":{"cod_mun":"15081","nombre":"Somozas, As","cod_prov":"15","cod_ccaa":"12"},"geometry":{"type":"Polygon","coordinates":[[[-7.98391,43.53388],[-7.97491,43.52257],[-7.97941,43.47733],[-7.93892,43.48056],[-7.90969,43.4951],[-7.90069,43.51288],[-7.87145,43.49995],[-7.85121,43.51126],[-7.87145,43.54519],[-7.85796,43.5565],[-7.8782,43.55488],[-7.8647,43.57427],[-7.90294,43.57912],[-7.91643,43.56619],[-7.94117,43.5468],[-7.97716,43.54357],[-7.98391,43.53388]]]}},{"type":"Feature","id":"15082","properties":{"cod_mun":"15082","nombre":"Teo","cod_prov":"15","cod_ccaa":"12"},"geometry":{"type":"Polygon","coordinates":[[[-8.62715,42.80362],[-8.60916,42.79877],[-8.62266,42.78584],[-8.62715,42.76807],[-8.57992,42.7713],[-8.58217,42.75515],[-8.57093,42.74222],[-8.55968,42.75515],[-8.50795,42.75676],[-8.51245,42.77777],[-8.49221,42.77777],[-8.51245,42.79392],[-8.5102,42.80362],[-8.53044,42.81169],[-8.5237,42.82623],[-8.53944,42.84562],[-8.56418,42.84562],[-8.59567,42.83754],[-8.62715,42.823],[-8.62715,42.81008],[-8.62715,42.80362]]]}},{"type":"Feature","id":"15088","properties":{"cod_mun":"15088","nombre":"Val do Dubra","cod_prov":"15","cod_ccaa":"12"},"geometry":{"type":"Polygon","coordinates":[[[-8.71937,42.99426],[-8.70587,42.99264],[-8.68338,42.96518],[-8.66089,42.95548],[-8.63165,42.94902],[-8.61591,42.96679],[-8.59342,42.97972],[-8.60466,42.99103],[-8.60017,43.01042],[-8.61141,43.03142],[-8.60916,43.05888],[-8.60241,43.07181],[-8.62715,43.07989],[-8.63615,43.09604],[-8.68563,43.07989],[-8.68788,43.05404],[-8.71037,43.04758],[-8.71937,43.03303],[-8.70812,43.02496],[-8.71937,43.01526],[-8.71937,42.99426]]]}},{"type":"Feature","id":"15089","properties":{"cod_mun":"15089","nombre":"Vedra","cod_prov":"15","cod_ccaa":"12"},"geometry":{"type":"Polygon","coordinates":[[[-8.5237,42.82623],[-8.53044,42.81169],[-8.5102,42.80362],[-8.51245,42.79392],[-8.49221,42.77777],[-8.51245,42.77777],[-8.50795,42.75676],[-8.47197,42.74384],[-8.43148,42.74545],[-8.40674,42.75676],[-8.41574,42.76484],[-8.39325,42.78908],[-8.40899,42.78746],[-8.44498,42.80362],[-8.46522,42.78423],[-8.47871,42.79554],[-8.47646,42.81169],[-8.48771,42.82462],[-8.5237,42.82623]]]}},{"type":"Feature","id":"27002","properties":{"cod_mun":"27002","nombre":"Alfoz","cod_prov":"27","cod_ccaa":"12"},"geometry":{"type":"Polygon","coordinates":[[[-7.53858,43.46602],[-7.52284,43.45148],[-7.4756,43.4531],[-7.44862,43.45794],[-7.41713,43.48703],[-7.39913,43.48703],[-7.3699,43.50318],[-7.34965,43.52742],[-7.36315,43.54519],[-7.39464,43.55811],[-7.42837,43.54842],[-7.45536,43.5258],[-7.45086,43.51611],[-7.4846,43.50641],[-7.48685,43.48541],[-7.51384,43.46925],[-7.53858,43.46602]]]}},{"type":"Feature","id":"27003","properties":{"cod_mun":"27003","nombre":"Antas de Ulla","cod_prov":"27","cod_ccaa":"12"},"geometry":{"type":"Polygon","coordinates":[[[-7.95692,42.83916],[-7.97941,42.81169],[-7.98166,42.78746],[-7.93443,42.73899],[-7.86695,42.72122],[-7.83546,42.71799],[-7.82647,42.72445],[-7.81972,42.74061],[-7.84896,42.76161],[-7.83546,42.76969],[-7.84221,42.78584],[-7.88719,42.81977],[-7.91193,42.81654],[-7.95467,42.82947],[-7.95692,42.83916]]]}},{"type":"Feature","id":"27004","properties":{"cod_mun":"27004","nombre":"Baleira","cod_prov":"27","cod_ccaa":"12"},"geometry":{"type":"Polygon","coordinates":[[[-7.29343,43.08797],[-7.28668,43.05081],[-7.26869,43.01849],[-7.26194,42.99103],[-7.24619,42.97003],[-7.21696,42.96518],[-7.19896,42.99103],[-7.18547,42.97164],[-7.16523,42.97487],[-7.15848,42.95548],[-7.13824,42.94902],[-7.0955,42.97972],[-7.091,42.9878],[-7.14498,43.00234],[-7.16073,42.99749],[-7.16972,43.01526],[-7.17422,43.04919],[-7.15173,43.05727],[-7.16523,43.07343],[-7.18097,43.06858],[-7.18997,43.08958],[-7.21246,43.10574],[-7.19896,43.1332],[-7.2192,43.13159],[-7.23495,43.15905],[-7.25969,43.14774],[-7.25294,43.13643],[-7.27768,43.1122],[-7.29343,43.08797]]]}},{"type":"Feature","id":"27005","properties":{"cod_mun":"27005","nombre":"Barreiros","cod_prov":"27","cod_ccaa":"12"},"geometry":{"type":"Polygon","coordinates":[[[-7.26194,43.55165],[-7.27093,43.52419],[-7.29343,43.52257],[-7.28443,43.49187],[-7.24844,43.46118],[-7.21471,43.48379],[-7.19896,43.47249],[-7.19446,43.50157],[-7.20796,43.51611],[-7.16972,43.52419],[-7.16523,43.55488],[-7.17872,43.56134],[-7.2372,43.56942],[-7.24395,43.55165],[-7.26194,43.55165]]]}},{"type":"Feature","id":"27008","properties":{"cod_mun":"27008","nombre":"Bóveda","cod_prov":"27","cod_ccaa":"12"},"geometry":{"type":"Polygon","coordinates":[[[-7.56107,42.66952],[-7.54983,42.65175],[-7.56782,42.63074],[-7.55432,42.61297],[-7.51384,42.60328],[-7.50484,42.58551],[-7.4801,42.57904],[-7.45536,42.58874],[-7.45086,42.60651],[-7.41488,42.61297],[-7.41938,42.62751],[-7.44187,42.63721],[-7.43512,42.6469],[-7.44862,42.66467],[-7.48235,42.67598],[-7.50934,42.69052],[-7.56107,42.66952]]]}},{"type":"Feature","id":"27006","properties":{"cod_mun":"27006","nombre":"Becerreá","cod_prov":"27","cod_ccaa":"12"},"geometry":{"type":"Polygon","coordinates":[[[-7.2282,42.80685],[-7.20346,42.78746],[-7.15848,42.802],[-7.14723,42.81331],[-7.11575,42.81654],[-7.109,42.85208],[-7.08426,42.86016],[-7.06402,42.89894],[-7.06626,42.92479],[-7.05502,42.93287],[-7.06851,42.93448],[-7.06851,42.97003],[-7.0955,42.97972],[-7.13824,42.94902],[-7.15848,42.95548],[-7.16298,42.93287],[-7.17647,42.91671],[-7.21471,42.91025],[-7.21471,42.8747],[-7.20571,42.84724],[-7.22145,42.8327],[-7.2282,42.80685]]]}},{"type":"Feature","id":"27009","properties":{"cod_mun":"27009","nombre":"Carballedo","cod_prov":"27","cod_ccaa":"12"},"geometry":{"type":"Polygon","coordinates":[[[-7.92993,42.57904],[-7.91193,42.55642],[-7.88944,42.54996],[-7.88944,42.53865],[-7.92318,42.52573],[-7.90069,42.52088],[-7.91418,42.50796],[-7.87595,42.51119],[-7.84221,42.49018],[-7.82872,42.49342],[-7.79948,42.48049],[-7.77249,42.49503],[-7.74775,42.48049],[-7.78149,42.47241],[-7.77699,42.4611],[-7.75225,42.45141],[-7.732,42.45464],[-7.70277,42.48372],[-7.72076,42.51765],[-7.70951,42.53219],[-7.7455,42.55158],[-7.76574,42.54996],[-7.80847,42.57097],[-7.84221,42.56612],[-7.84896,42.57743],[-7.86695,42.56935],[-7.91643,42.58066],[-7.89844,42.59035],[-7.90519,42.60974],[-7.91193,42.59197],[-7.92993,42.57904]]]}},{"type":"Feature","id":"27010","properties":{"cod_mun":"27010","nombre":"Castro de Rei","cod_prov":"27","cod_ccaa":"12"},"geometry":{"type":"Polygon","coordinates":[[[-7.56107,43.16552],[-7.53408,43.1332],[-7.52284,43.1429],[-7.50484,43.13643],[-7.50484,43.11058],[-7.49135,43.09928],[-7.45986,43.09443],[-7.45311,43.0815],[-7.43062,43.06696],[-7.41938,43.07343],[-7.42837,43.1122],[-7.40588,43.11866],[-7.38339,43.15098],[-7.35865,43.16228],[-7.3609,43.19621],[-7.3474,43.21237],[-7.37889,43.23822],[-7.3654,43.25114],[-7.37215,43.2673],[-7.38564,43.26407],[-7.40813,43.28346],[-7.41263,43.26569],[-7.42163,43.2463],[-7.45536,43.23337],[-7.4756,43.2366],[-7.46886,43.21399],[-7.44187,43.21075],[-7.45311,43.17844],[-7.47111,43.17521],[-7.4846,43.15905],[-7.4936,43.18813],[-7.4846,43.1946],[-7.4981,43.20914],[-7.53858,43.18329],[-7.53858,43.17359],[-7.56107,43.16552]]]}},{"type":"Feature","id":"32047","properties":{"cod_mun":"32047","nombre":"Merca, A","cod_prov":"32","cod_ccaa":"12"},"geometry":{"type":"Polygon","coordinates":[[[-7.94567,42.26723],[-7.96366,42.25269],[-7.96366,42.23168],[-7.93443,42.21553],[-7.90069,42.21068],[-7.91418,42.2026],[-7.91643,42.17998],[-7.87595,42.17514],[-7.85796,42.15252],[-7.84896,42.17191],[-7.85571,42.19129],[-7.8737,42.19776],[-7.86245,42.23168],[-7.86245,42.24461],[-7.8782,42.24946],[-7.90294,42.24299],[-7.91193,42.25915],[-7.93667,42.25592],[-7.94567,42.26723]]]}},{"type":"Feature","id":"27007","properties":{"cod_mun":"27007","nombre":"Begonte","cod_prov":"27","cod_ccaa":"12"},"geometry":{"type":"Polygon","coordinates":[[[-7.76799,43.11382],[-7.76349,43.09928],[-7.72751,43.09281],[-7.71851,43.10735],[-7.70052,43.1122],[-7.68252,43.13159],[-7.66228,43.12997],[-7.64654,43.10412],[-7.63529,43.1122],[-7.62405,43.13482],[-7.60605,43.13643],[-7.59706,43.16552],[-7.59706,43.18329],[-7.62405,43.19137],[-7.63979,43.18975],[-7.65778,43.21399],[-7.68927,43.20429],[-7.69377,43.1946],[-7.73425,43.19298],[-7.75899,43.20591],[-7.77699,43.19783],[-7.78149,43.16067],[-7.7545,43.15259],[-7.75,43.12513],[-7.76799,43.11382]]]}},{"type":"Feature","id":"27062","properties":{"cod_mun":"27062","nombre":"Triacastela","cod_prov":"27","cod_ccaa":"12"},"geometry":{"type":"Polygon","coordinates":[[[-7.27543,42.78423],[-7.26194,42.77292],[-7.25069,42.74545],[-7.22595,42.74061],[-7.2192,42.72122],[-7.18322,42.71799],[-7.16523,42.74384],[-7.16523,42.76646],[-7.18997,42.77453],[-7.20346,42.78746],[-7.2282,42.80685],[-7.27543,42.78423]]]}},{"type":"Feature","id":"27011","properties":{"cod_mun":"27011","nombre":"Castroverde","cod_prov":"27","cod_ccaa":"12"},"geometry":{"type":"Polygon","coordinates":[[[-7.43062,43.06696],[-7.43737,43.05888],[-7.42387,43.03303],[-7.40813,43.02657],[-7.42387,43.00072],[-7.40588,42.99264],[-7.37215,42.9878],[-7.3654,42.96841],[-7.34965,42.95225],[-7.32716,42.9571],[-7.31367,42.94256],[-7.28893,42.93933],[-7.24395,42.95387],[-7.24619,42.97003],[-7.26194,42.99103],[-7.26869,43.01849],[-7.28668,43.05081],[-7.29343,43.08797],[-7.30917,43.11058],[-7.34066,43.11382],[-7.3564,43.10574],[-7.35865,43.07181],[-7.38564,43.07666],[-7.41938,43.07343],[-7.43062,43.06696]]]}},{"type":"Feature","id":"27901","properties":{"cod_mun":"27901","nombre":"Baralla","cod_prov":"27","cod_ccaa":"12"},"geometry":{"type":"Polygon","coordinates":[[[-7.34965,42.92156],[-7.32266,42.88601],[-7.33166,42.85047],[-7.29568,42.83916],[-7.26869,42.85047],[-7.25969,42.84239],[-7.22145,42.8327],[-7.20571,42.84724],[-7.21471,42.8747],[-7.21471,42.91025],[-7.17647,42.91671],[-7.16298,42.93287],[-7.15848,42.95548],[-7.16523,42.97487],[-7.18547,42.97164],[-7.19896,42.99103],[-7.21696,42.96518],[-7.24619,42.97003],[-7.24395,42.95387],[-7.28893,42.93933],[-7.31367,42.94256],[-7.32266,42.92963],[-7.34965,42.92156]]]}},{"type":"Feature","id":"27902","properties":{"cod_mun":"27902","nombre":"Burela","cod_prov":"27","cod_ccaa":"12"},"geometry":{"type":"Polygon","coordinates":[[[-7.34516,43.64213],[-7.3564,43.67121],[-7.37664,43.67444],[-7.38339,43.66313],[-7.37439,43.64536],[-7.34516,43.64213]]]}},{"type":"Feature","id":"27012","properties":{"cod_mun":"27012","nombre":"Cervantes","cod_prov":"27","cod_ccaa":"12"},"geometry":{"type":"Polygon","coordinates":[[[-7.109,42.85208],[-7.08651,42.84078],[-7.04602,42.78423],[-7.02578,42.77453],[-7.01678,42.75353],[-6.99654,42.73576],[-6.98979,42.72607],[-6.96955,42.7293],[-6.9718,42.73738],[-6.95606,42.75515],[-6.93582,42.74061],[-6.90433,42.75999],[-6.89083,42.77777],[-6.86834,42.78746],[-6.86609,42.80362],[-6.85485,42.81008],[-6.84135,42.8327],[-6.85935,42.84885],[-6.87059,42.87309],[-6.83461,42.88278],[-6.86834,42.90217],[-6.91557,42.89894],[-6.96505,42.91833],[-6.97405,42.89086],[-6.94256,42.86824],[-6.96281,42.86824],[-6.97405,42.88117],[-7.00104,42.8844],[-7.01903,42.87632],[-7.03478,42.91025],[-7.05502,42.93287],[-7.06626,42.92479],[-7.06402,42.89894],[-7.08426,42.86016],[-7.109,42.85208]]]}},{"type":"Feature","id":"27013","properties":{"cod_mun":"27013","nombre":"Cervo","cod_prov":"27","cod_ccaa":"12"},"geometry":{"type":"Polygon","coordinates":[[[-7.47111,43.70675],[-7.47111,43.66798],[-7.4801,43.65344],[-7.46436,43.64213],[-7.46661,43.60658],[-7.4801,43.58558],[-7.43737,43.58558],[-7.41263,43.59527],[-7.40363,43.6082],[-7.37664,43.63243],[-7.37439,43.64536],[-7.38339,43.66313],[-7.37664,43.67444],[-7.40813,43.68898],[-7.47111,43.70675]]]}},{"type":"Feature","id":"27014","properties":{"cod_mun":"27014","nombre":"Corgo, O","cod_prov":"27","cod_ccaa":"12"},"geometry":{"type":"Polygon","coordinates":[[[-7.53633,42.87632],[-7.51609,42.86339],[-7.47336,42.85855],[-7.46436,42.8747],[-7.45311,42.87309],[-7.42612,42.8747],[-7.41038,42.89248],[-7.39464,42.88763],[-7.37215,42.9054],[-7.38789,42.91186],[-7.3654,42.92479],[-7.34965,42.92156],[-7.32266,42.92963],[-7.31367,42.94256],[-7.32716,42.9571],[-7.34965,42.95225],[-7.3654,42.96841],[-7.37215,42.9878],[-7.40588,42.99264],[-7.42387,43.00072],[-7.43512,42.99426],[-7.45536,43.00718],[-7.47111,42.9878],[-7.45536,42.97649],[-7.4846,42.96195],[-7.4891,42.93933],[-7.51384,42.93933],[-7.52733,42.90378],[-7.52059,42.89571],[-7.53633,42.87632]]]}},{"type":"Feature","id":"27015","properties":{"cod_mun":"27015","nombre":"Cospeito","cod_prov":"27","cod_ccaa":"12"},"geometry":{"type":"Polygon","coordinates":[[[-7.65778,43.21399],[-7.61955,43.20106],[-7.62405,43.19137],[-7.59706,43.18329],[-7.59706,43.16552],[-7.57906,43.15259],[-7.56107,43.16552],[-7.53858,43.17359],[-7.53858,43.18329],[-7.4981,43.20914],[-7.4846,43.1946],[-7.4936,43.18813],[-7.4846,43.15905],[-7.47111,43.17521],[-7.45311,43.17844],[-7.44187,43.21075],[-7.46886,43.21399],[-7.4756,43.2366],[-7.45536,43.23337],[-7.42163,43.2463],[-7.41263,43.26569],[-7.44862,43.26892],[-7.4801,43.25438],[-7.48685,43.27053],[-7.51609,43.28184],[-7.53858,43.25761],[-7.57682,43.27538],[-7.59931,43.26569],[-7.59706,43.25599],[-7.63079,43.23014],[-7.64204,43.23176],[-7.65778,43.21399]]]}},{"type":"Feature","id":"27016","properties":{"cod_mun":"27016","nombre":"Chantada","cod_prov":"27","cod_ccaa":"12"},"geometry":{"type":"Polygon","coordinates":[[[-7.90519,42.60974],[-7.89844,42.59035],[-7.91643,42.58066],[-7.86695,42.56935],[-7.84896,42.57743],[-7.84221,42.56612],[-7.80847,42.57097],[-7.76574,42.54996],[-7.7455,42.55158],[-7.70951,42.53219],[-7.70502,42.54996],[-7.68477,42.55966],[-7.68702,42.56612],[-7.72751,42.57097],[-7.72526,42.59358],[-7.70951,42.6259],[-7.72301,42.63559],[-7.71626,42.64852],[-7.73425,42.66144],[-7.77924,42.66144],[-7.79948,42.66952],[-7.82422,42.65982],[-7.8737,42.68891],[-7.89169,42.6776],[-7.88719,42.66144],[-7.89169,42.62913],[-7.90519,42.60974]]]}},{"type":"Feature","id":"27017","properties":{"cod_mun":"27017","nombre":"Folgoso do Courel","cod_prov":"27","cod_ccaa":"12"},"geometry":{"type":"Polygon","coordinates":[[[-7.29792,42.53542],[-7.27093,42.52411],[-7.23945,42.53057],[-7.17422,42.57581],[-7.14498,42.57904],[-7.11575,42.60166],[-7.09325,42.60489],[-7.07076,42.58712],[-7.06177,42.55319],[-7.03478,42.58712],[-7.05052,42.59843],[-7.04827,42.6259],[-7.07526,42.62751],[-7.07976,42.64528],[-7.10675,42.65821],[-7.12474,42.65659],[-7.12924,42.69052],[-7.15848,42.69698],[-7.17197,42.70829],[-7.18997,42.69052],[-7.18997,42.6776],[-7.21696,42.6679],[-7.25744,42.60651],[-7.28668,42.60812],[-7.26419,42.5742],[-7.29343,42.54673],[-7.29792,42.53542]]]}},{"type":"Feature","id":"27018","properties":{"cod_mun":"27018","nombre":"Fonsagrada, A","cod_prov":"27","cod_ccaa":"12"},"geometry":{"type":"Polygon","coordinates":[[[-7.19896,43.1332],[-7.21246,43.10574],[-7.18997,43.08958],[-7.18097,43.06858],[-7.16523,43.07343],[-7.15173,43.05727],[-7.17422,43.04919],[-7.16972,43.01526],[-7.16073,42.99749],[-7.14498,43.00234],[-7.091,42.9878],[-7.07976,43.01042],[-7.06177,43.02173],[-7.02128,43.0298],[-7.01229,43.05081],[-6.9673,43.0605],[-6.94931,43.06858],[-6.93806,43.08635],[-6.96281,43.10412],[-6.95381,43.11866],[-6.95831,43.13643],[-6.9808,43.16713],[-6.96505,43.18975],[-6.9718,43.20429],[-6.99204,43.20914],[-7.01004,43.22368],[-7.01903,43.21399],[-7.06177,43.24468],[-7.07076,43.2673],[-7.05952,43.30608],[-7.08651,43.29961],[-7.11799,43.28669],[-7.13599,43.25599],[-7.16073,43.26407],[-7.17422,43.23822],[-7.14948,43.18975],[-7.16298,43.17198],[-7.15173,43.13805],[-7.18547,43.14128],[-7.19896,43.1332]]]}},{"type":"Feature","id":"27019","properties":{"cod_mun":"27019","nombre":"Foz","cod_prov":"27","cod_ccaa":"12"},"geometry":{"type":"Polygon","coordinates":[[[-7.37439,43.64536],[-7.37664,43.63243],[-7.40363,43.6082],[-7.35865,43.58558],[-7.38339,43.5775],[-7.39464,43.55811],[-7.36315,43.54519],[-7.34965,43.52742],[-7.32941,43.52095],[-7.29343,43.52257],[-7.27093,43.52419],[-7.26194,43.55165],[-7.24619,43.57427],[-7.29343,43.59366],[-7.29792,43.60335],[-7.34516,43.64213],[-7.37439,43.64536]]]}},{"type":"Feature","id":"27020","properties":{"cod_mun":"27020","nombre":"Friol","cod_prov":"27","cod_ccaa":"12"},"geometry":{"type":"Polygon","coordinates":[[[-7.92768,43.03303],[-7.90519,42.98618],[-7.90744,42.97649],[-7.8782,42.97326],[-7.83996,42.9781],[-7.82197,42.95225],[-7.80623,42.96195],[-7.80398,42.93448],[-7.78823,42.93933],[-7.75899,42.95225],[-7.75674,42.97326],[-7.73425,42.97326],[-7.71401,42.97326],[-7.71176,43.01365],[-7.68027,43.02496],[-7.68027,43.05242],[-7.69602,43.04758],[-7.72751,43.09281],[-7.76349,43.09928],[-7.76799,43.11382],[-7.79273,43.13159],[-7.83996,43.12351],[-7.85121,43.13482],[-7.88045,43.12674],[-7.88719,43.10897],[-7.91868,43.09281],[-7.94342,43.06696],[-7.92768,43.03303]]]}},{"type":"Feature","id":"27021","properties":{"cod_mun":"27021","nombre":"Xermade","cod_prov":"27","cod_ccaa":"12"},"geometry":{"type":"Polygon","coordinates":[[[-7.89844,43.38686],[-7.88494,43.37555],[-7.88719,43.33677],[-7.88045,43.319],[-7.84671,43.31577],[-7.82647,43.28184],[-7.79273,43.29315],[-7.76799,43.28992],[-7.75899,43.29638],[-7.78823,43.32385],[-7.83097,43.31739],[-7.82872,43.33354],[-7.78823,43.33031],[-7.76124,43.34324],[-7.7455,43.37393],[-7.70502,43.37555],[-7.70726,43.39009],[-7.67803,43.43533],[-7.68027,43.4434],[-7.71176,43.44017],[-7.72976,43.42886],[-7.741,43.44179],[-7.78149,43.43694],[-7.78373,43.44664],[-7.80623,43.43694],[-7.80623,43.42725],[-7.82422,43.4014],[-7.8827,43.40786],[-7.89844,43.38686]]]}},{"type":"Feature","id":"27022","properties":{"cod_mun":"27022","nombre":"Guitiriz","cod_prov":"27","cod_ccaa":"12"},"geometry":{"type":"Polygon","coordinates":[[[-7.95917,43.18329],[-7.94117,43.12997],[-7.93667,43.1122],[-7.91868,43.09281],[-7.88719,43.10897],[-7.88045,43.12674],[-7.85121,43.13482],[-7.83996,43.12351],[-7.79273,43.13159],[-7.76799,43.11382],[-7.75,43.12513],[-7.7545,43.15259],[-7.78149,43.16067],[-7.77699,43.19783],[-7.75899,43.20591],[-7.73425,43.19298],[-7.69377,43.1946],[-7.68927,43.20429],[-7.70502,43.21722],[-7.741,43.22853],[-7.75,43.24791],[-7.78373,43.22691],[-7.80173,43.24791],[-7.79948,43.26084],[-7.82647,43.28184],[-7.84671,43.31577],[-7.88045,43.319],[-7.88719,43.33677],[-7.94792,43.28669],[-7.92093,43.26892],[-7.93218,43.24307],[-7.96141,43.18975],[-7.95917,43.18329]]]}},{"type":"Feature","id":"32001","properties":{"cod_mun":"32001","nombre":"Allariz","cod_prov":"32","cod_ccaa":"12"},"geometry":{"type":"Polygon","coordinates":[[[-7.86245,42.23168],[-7.8737,42.19776],[-7.85571,42.19129],[-7.84896,42.17191],[-7.85796,42.15252],[-7.81297,42.15252],[-7.80847,42.13798],[-7.79048,42.12667],[-7.77024,42.12505],[-7.76799,42.15898],[-7.7545,42.17352],[-7.7455,42.20583],[-7.75899,42.2123],[-7.77024,42.23815],[-7.79273,42.264],[-7.79273,42.25107],[-7.82197,42.21876],[-7.83771,42.21391],[-7.84671,42.23168],[-7.86245,42.23168]]]}},{"type":"Feature","id":"27023","properties":{"cod_mun":"27023","nombre":"Guntín","cod_prov":"27","cod_ccaa":"12"},"geometry":{"type":"Polygon","coordinates":[[[-7.78823,42.93933],[-7.77699,42.92317],[-7.73875,42.91348],[-7.73875,42.89409],[-7.71851,42.89086],[-7.73875,42.85208],[-7.68027,42.8747],[-7.67128,42.86663],[-7.64204,42.86178],[-7.61055,42.84562],[-7.61055,42.82947],[-7.59931,42.823],[-7.59031,42.83593],[-7.56557,42.83108],[-7.57232,42.86016],[-7.55207,42.8747],[-7.53633,42.87632],[-7.52059,42.89571],[-7.52733,42.90378],[-7.56107,42.90378],[-7.56557,42.88601],[-7.58131,42.88763],[-7.57682,42.90863],[-7.59931,42.91833],[-7.61955,42.9361],[-7.64879,42.9361],[-7.64879,42.95064],[-7.72301,42.95387],[-7.73425,42.97326],[-7.75674,42.97326],[-7.75899,42.95225],[-7.78823,42.93933]]]}},{"type":"Feature","id":"32055","properties":{"cod_mun":"32055","nombre":"Paderne de Allariz","cod_prov":"32","cod_ccaa":"12"},"geometry":{"type":"Polygon","coordinates":[[[-7.79498,42.27854],[-7.79273,42.264],[-7.77024,42.23815],[-7.76349,42.24299],[-7.72526,42.26238],[-7.70502,42.264],[-7.69152,42.29146],[-7.70726,42.30116],[-7.75225,42.306],[-7.76124,42.28985],[-7.79273,42.29631],[-7.79498,42.27854]]]}},{"type":"Feature","id":"27024","properties":{"cod_mun":"27024","nombre":"Incio, O","cod_prov":"27","cod_ccaa":"12"},"geometry":{"type":"Polygon","coordinates":[[[-7.51159,42.70668],[-7.50934,42.69052],[-7.48235,42.67598],[-7.44862,42.66467],[-7.43512,42.6469],[-7.44187,42.63721],[-7.41938,42.62751],[-7.39689,42.6469],[-7.37664,42.65013],[-7.3699,42.62751],[-7.34516,42.6162],[-7.31592,42.62428],[-7.28668,42.60812],[-7.29118,42.61297],[-7.27093,42.62913],[-7.27093,42.68083],[-7.28218,42.71152],[-7.30017,42.71152],[-7.31367,42.72445],[-7.3474,42.71476],[-7.37439,42.6986],[-7.39239,42.70991],[-7.42612,42.70022],[-7.47111,42.71476],[-7.4936,42.71637],[-7.51159,42.70668]]]}},{"type":"Feature","id":"27025","properties":{"cod_mun":"27025","nombre":"Xove","cod_prov":"27","cod_ccaa":"12"},"geometry":{"type":"Polygon","coordinates":[[[-7.47111,43.70675],[-7.46661,43.72291],[-7.4936,43.72775],[-7.51384,43.72291],[-7.52509,43.73745],[-7.55657,43.72937],[-7.55207,43.71645],[-7.57457,43.7116],[-7.56332,43.67121],[-7.52509,43.63243],[-7.53408,43.61304],[-7.52509,43.59527],[-7.50709,43.60497],[-7.4801,43.58558],[-7.46661,43.60658],[-7.46436,43.64213],[-7.4801,43.65344],[-7.47111,43.66798],[-7.47111,43.70675]]]}},{"type":"Feature","id":"32056","properties":{"cod_mun":"32056","nombre":"Padrenda","cod_prov":"32","cod_ccaa":"12"},"geometry":{"type":"Polygon","coordinates":[[[-8.19757,42.15413],[-8.18183,42.06527],[-8.15034,42.07981],[-8.11885,42.08305],[-8.11436,42.10566],[-8.1211,42.11697],[-8.10761,42.13636],[-8.12335,42.15736],[-8.15484,42.15575],[-8.16609,42.17352],[-8.18183,42.15736],[-8.19757,42.15413]]]}},{"type":"Feature","id":"27026","properties":{"cod_mun":"27026","nombre":"Láncara","cod_prov":"27","cod_ccaa":"12"},"geometry":{"type":"Polygon","coordinates":[[[-7.45311,42.87309],[-7.43062,42.85693],[-7.44187,42.84078],[-7.41263,42.83108],[-7.35415,42.84239],[-7.3609,42.82785],[-7.33166,42.81493],[-7.32716,42.77777],[-7.27543,42.78423],[-7.2282,42.80685],[-7.22145,42.8327],[-7.25969,42.84239],[-7.26869,42.85047],[-7.29568,42.83916],[-7.33166,42.85047],[-7.32266,42.88601],[-7.34965,42.92156],[-7.3654,42.92479],[-7.38789,42.91186],[-7.37215,42.9054],[-7.39464,42.88763],[-7.41038,42.89248],[-7.42612,42.8747],[-7.45311,42.87309]]]}},{"type":"Feature","id":"32008","properties":{"cod_mun":"32008","nombre":"Barbadás","cod_prov":"32","cod_ccaa":"12"},"geometry":{"type":"Polygon","coordinates":[[[-7.95017,42.26723],[-7.94567,42.26723],[-7.93667,42.25592],[-7.91193,42.25915],[-7.87595,42.29954],[-7.87145,42.31893],[-7.88719,42.33993],[-7.91193,42.34639],[-7.93218,42.34155],[-7.92318,42.32216],[-7.89394,42.30923],[-7.95017,42.26723]]]}},{"type":"Feature","id":"27027","properties":{"cod_mun":"27027","nombre":"Lourenzá","cod_prov":"27","cod_ccaa":"12"},"geometry":{"type":"Polygon","coordinates":[[[-7.32941,43.52095],[-7.31367,43.49026],[-7.32716,43.4531],[-7.30467,43.42886],[-7.30917,43.41432],[-7.28668,43.41594],[-7.26869,43.39494],[-7.2417,43.39978],[-7.23495,43.41432],[-7.24844,43.46118],[-7.28443,43.49187],[-7.29343,43.52257],[-7.32941,43.52095]]]}},{"type":"Feature","id":"27028","properties":{"cod_mun":"27028","nombre":"Lugo","cod_prov":"27","cod_ccaa":"12"},"geometry":{"type":"Polygon","coordinates":[[[-7.73425,42.97326],[-7.72301,42.95387],[-7.64879,42.95064],[-7.64879,42.9361],[-7.61955,42.9361],[-7.59931,42.91833],[-7.57682,42.90863],[-7.58131,42.88763],[-7.56557,42.88601],[-7.56107,42.90378],[-7.52733,42.90378],[-7.51384,42.93933],[-7.4891,42.93933],[-7.4846,42.96195],[-7.45536,42.97649],[-7.47111,42.9878],[-7.45536,43.00718],[-7.43512,42.99426],[-7.42387,43.00072],[-7.40813,43.02657],[-7.42387,43.03303],[-7.43737,43.05888],[-7.43062,43.06696],[-7.45311,43.0815],[-7.45986,43.09443],[-7.49135,43.09928],[-7.49585,43.08312],[-7.52958,43.07504],[-7.56782,43.07989],[-7.60605,43.05404],[-7.68027,43.05242],[-7.68027,43.02496],[-7.71176,43.01365],[-7.71401,42.97326],[-7.73425,42.97326]]]}},{"type":"Feature","id":"32012","properties":{"cod_mun":"32012","nombre":"Blancos, Os","cod_prov":"32","cod_ccaa":"12"},"geometry":{"type":"Polygon","coordinates":[[[-7.80847,41.98772],[-7.80847,41.95703],[-7.77699,41.94087],[-7.72526,41.97157],[-7.70052,41.97965],[-7.69827,41.99419],[-7.72076,42.01519],[-7.76349,42.00873],[-7.77024,41.9958],[-7.79273,41.9958],[-7.80847,41.98772]]]}},{"type":"Feature","id":"27029","properties":{"cod_mun":"27029","nombre":"Meira","cod_prov":"27","cod_ccaa":"12"},"geometry":{"type":"Polygon","coordinates":[[[-7.30917,43.20429],[-7.28893,43.1946],[-7.28443,43.17683],[-7.25294,43.18975],[-7.24395,43.1849],[-7.24844,43.21237],[-7.22595,43.2156],[-7.22595,43.22853],[-7.20571,43.23499],[-7.20346,43.25599],[-7.20346,43.25761],[-7.24844,43.25114],[-7.25969,43.26407],[-7.27093,43.24307],[-7.30467,43.24307],[-7.29792,43.22529],[-7.30917,43.20429]]]}},{"type":"Feature","id":"27030","properties":{"cod_mun":"27030","nombre":"Mondoñedo","cod_prov":"27","cod_ccaa":"12"},"geometry":{"type":"Polygon","coordinates":[[[-7.44862,43.45794],[-7.44862,43.42079],[-7.42387,43.41271],[-7.43737,43.4014],[-7.42837,43.38363],[-7.39014,43.3917],[-7.37664,43.38039],[-7.36765,43.38524],[-7.32042,43.37555],[-7.28893,43.39332],[-7.27768,43.38039],[-7.26869,43.39494],[-7.28668,43.41594],[-7.30917,43.41432],[-7.30467,43.42886],[-7.32716,43.4531],[-7.31367,43.49026],[-7.32941,43.52095],[-7.34965,43.52742],[-7.3699,43.50318],[-7.39913,43.48703],[-7.41713,43.48703],[-7.44862,43.45794]]]}},{"type":"Feature","id":"27031","properties":{"cod_mun":"27031","nombre":"Monforte de Lemos","cod_prov":"27","cod_ccaa":"12"},"geometry":{"type":"Polygon","coordinates":[[[-7.57682,42.59358],[-7.58356,42.55642],[-7.60605,42.5435],[-7.59706,42.53219],[-7.57007,42.52573],[-7.57232,42.51603],[-7.55432,42.49342],[-7.53183,42.48857],[-7.51609,42.45464],[-7.4981,42.43525],[-7.45311,42.43848],[-7.45761,42.42071],[-7.44862,42.40779],[-7.43512,42.41587],[-7.44862,42.43525],[-7.42837,42.44979],[-7.41263,42.42556],[-7.40363,42.43041],[-7.40813,42.44495],[-7.41263,42.45464],[-7.39014,42.48211],[-7.41263,42.49342],[-7.40588,42.50796],[-7.43287,42.55319],[-7.45986,42.56127],[-7.45536,42.58874],[-7.4801,42.57904],[-7.50484,42.58551],[-7.51384,42.60328],[-7.55432,42.61297],[-7.56557,42.59197],[-7.57682,42.59358]]]}},{"type":"Feature","id":"27032","properties":{"cod_mun":"27032","nombre":"Monterroso","cod_prov":"27","cod_ccaa":"12"},"geometry":{"type":"Polygon","coordinates":[[[-7.88719,42.81977],[-7.84221,42.78584],[-7.83546,42.76969],[-7.84896,42.76161],[-7.81972,42.74061],[-7.82647,42.72445],[-7.80173,42.72607],[-7.80398,42.75676],[-7.79498,42.76807],[-7.76799,42.76807],[-7.76349,42.78423],[-7.76124,42.83108],[-7.7545,42.84562],[-7.73875,42.85208],[-7.71851,42.89086],[-7.73875,42.89409],[-7.76349,42.88924],[-7.79948,42.87147],[-7.81297,42.85855],[-7.83546,42.86339],[-7.84446,42.83593],[-7.88719,42.84239],[-7.8692,42.823],[-7.88719,42.81977]]]}},{"type":"Feature","id":"27033","properties":{"cod_mun":"27033","nombre":"Muras","cod_prov":"27","cod_ccaa":"12"},"geometry":{"type":"Polygon","coordinates":[[[-7.78373,43.44664],[-7.78149,43.43694],[-7.741,43.44179],[-7.72976,43.42886],[-7.71176,43.44017],[-7.68027,43.4434],[-7.65329,43.44664],[-7.63079,43.41917],[-7.59256,43.41755],[-7.59481,43.43371],[-7.57682,43.44017],[-7.56332,43.45794],[-7.57232,43.46441],[-7.57232,43.48056],[-7.55207,43.49834],[-7.54308,43.51934],[-7.59031,43.54034],[-7.60156,43.52257],[-7.61955,43.5258],[-7.62855,43.49672],[-7.65553,43.49349],[-7.65104,43.52095],[-7.68027,43.52257],[-7.69827,43.50964],[-7.70277,43.52903],[-7.74775,43.54842],[-7.75,43.5565],[-7.7545,43.55488],[-7.74325,43.5258],[-7.74775,43.50803],[-7.76799,43.48703],[-7.78373,43.44664]]]}},{"type":"Feature","id":"27034","properties":{"cod_mun":"27034","nombre":"Navia de Suarna","cod_prov":"27","cod_ccaa":"12"},"geometry":{"type":"Polygon","coordinates":[[[-7.0955,42.97972],[-7.06851,42.97003],[-7.06851,42.93448],[-7.05502,42.93287],[-7.03478,42.91025],[-7.01903,42.87632],[-7.00104,42.8844],[-6.97405,42.88117],[-6.96281,42.86824],[-6.94256,42.86824],[-6.97405,42.89086],[-6.96505,42.91833],[-6.91557,42.89894],[-6.86834,42.90217],[-6.83461,42.88278],[-6.82111,42.86824],[-6.83461,42.90378],[-6.82336,42.91509],[-6.84135,42.92802],[-6.83685,42.9571],[-6.88184,42.99103],[-6.90883,42.98941],[-6.94031,43.01203],[-6.94706,43.03303],[-6.96505,43.02657],[-6.96281,42.99103],[-6.99654,43.02011],[-6.98305,43.04111],[-6.9718,43.0298],[-6.9673,43.0605],[-7.01229,43.05081],[-7.02128,43.0298],[-7.06177,43.02173],[-7.07976,43.01042],[-7.091,42.9878],[-7.0955,42.97972]]]}},{"type":"Feature","id":"27035","properties":{"cod_mun":"27035","nombre":"Negueira de Muñiz","cod_prov":"27","cod_ccaa":"12"},"geometry":{"type":"Polygon","coordinates":[[[-6.95831,43.13643],[-6.95381,43.11866],[-6.96281,43.10412],[-6.93806,43.08635],[-6.91557,43.07343],[-6.89533,43.0912],[-6.87059,43.0912],[-6.84135,43.11543],[-6.82786,43.12351],[-6.82111,43.1429],[-6.8391,43.16552],[-6.87509,43.18652],[-6.88633,43.15744],[-6.90208,43.15582],[-6.93806,43.1332],[-6.95831,43.13643]]]}},{"type":"Feature","id":"27037","properties":{"cod_mun":"27037","nombre":"Nogais, As","cod_prov":"27","cod_ccaa":"12"},"geometry":{"type":"Polygon","coordinates":[[[-7.20346,42.78746],[-7.18997,42.77453],[-7.16523,42.76646],[-7.16523,42.74384],[-7.13599,42.72122],[-7.11125,42.74868],[-7.0955,42.73899],[-7.07076,42.73899],[-7.03703,42.72283],[-7.01453,42.73899],[-6.99654,42.73576],[-7.01678,42.75353],[-7.02578,42.77453],[-7.04602,42.78423],[-7.08651,42.84078],[-7.109,42.85208],[-7.11575,42.81654],[-7.14723,42.81331],[-7.15848,42.802],[-7.20346,42.78746]]]}},{"type":"Feature","id":"27038","properties":{"cod_mun":"27038","nombre":"Ourol","cod_prov":"27","cod_ccaa":"12"},"geometry":{"type":"Polygon","coordinates":[[[-7.75,43.5565],[-7.74775,43.54842],[-7.70277,43.52903],[-7.69827,43.50964],[-7.68027,43.52257],[-7.65104,43.52095],[-7.65553,43.49349],[-7.62855,43.49672],[-7.61955,43.5258],[-7.60156,43.52257],[-7.59031,43.54034],[-7.54308,43.51934],[-7.52284,43.54196],[-7.52958,43.57427],[-7.55207,43.58558],[-7.59481,43.57912],[-7.6083,43.58719],[-7.59706,43.60497],[-7.63079,43.59527],[-7.64654,43.61143],[-7.66453,43.61143],[-7.71401,43.61951],[-7.72526,43.61304],[-7.71851,43.58396],[-7.74775,43.5775],[-7.75,43.5565]]]}},{"type":"Feature","id":"32014","properties":{"cod_mun":"32014","nombre":"Bola, A","cod_prov":"32","cod_ccaa":"12"},"geometry":{"type":"Polygon","coordinates":[[[-7.93218,42.11859],[-7.91193,42.11051],[-7.89169,42.11213],[-7.87595,42.12344],[-7.85796,42.15252],[-7.87595,42.17514],[-7.91643,42.17998],[-7.91643,42.1606],[-7.93443,42.13475],[-7.93218,42.11859]]]}},{"type":"Feature","id":"27039","properties":{"cod_mun":"27039","nombre":"Outeiro de Rei","cod_prov":"27","cod_ccaa":"12"},"geometry":{"type":"Polygon","coordinates":[[[-7.72751,43.09281],[-7.69602,43.04758],[-7.68027,43.05242],[-7.60605,43.05404],[-7.56782,43.07989],[-7.52958,43.07504],[-7.49585,43.08312],[-7.49135,43.09928],[-7.50484,43.11058],[-7.50484,43.13643],[-7.52284,43.1429],[-7.53408,43.1332],[-7.56107,43.16552],[-7.57906,43.15259],[-7.59706,43.16552],[-7.60605,43.13643],[-7.6128,43.11705],[-7.63529,43.1122],[-7.64654,43.10412],[-7.66228,43.12997],[-7.68252,43.13159],[-7.70052,43.1122],[-7.71851,43.10735],[-7.72751,43.09281]]]}},{"type":"Feature","id":"32065","properties":{"cod_mun":"32065","nombre":"Punxín","cod_prov":"32","cod_ccaa":"12"},"geometry":{"type":"Polygon","coordinates":[[[-8.03564,42.33832],[-8.0064,42.34478],[-8.00415,42.34478],[-7.9929,42.36578],[-7.97716,42.3884],[-7.9929,42.39002],[-8.00415,42.39648],[-8.03339,42.38678],[-8.02664,42.36417],[-8.03564,42.33832]]]}},{"type":"Feature","id":"27040","properties":{"cod_mun":"27040","nombre":"Palas de Rei","cod_prov":"27","cod_ccaa":"12"},"geometry":{"type":"Polygon","coordinates":[[[-7.99965,42.84885],[-7.98391,42.84239],[-7.96816,42.84885],[-7.95692,42.83916],[-7.95467,42.82947],[-7.91193,42.81654],[-7.88719,42.81977],[-7.8692,42.823],[-7.88719,42.84239],[-7.84446,42.83593],[-7.83546,42.86339],[-7.81297,42.85855],[-7.79948,42.87147],[-7.76349,42.88924],[-7.73875,42.89409],[-7.73875,42.91348],[-7.77699,42.92317],[-7.78823,42.93933],[-7.80398,42.93448],[-7.80623,42.96195],[-7.82197,42.95225],[-7.83996,42.9781],[-7.8782,42.97326],[-7.90744,42.97649],[-7.91643,42.93287],[-7.94342,42.91671],[-7.93443,42.90378],[-7.96366,42.87955],[-7.97716,42.87793],[-7.99965,42.84885]]]}},{"type":"Feature","id":"27041","properties":{"cod_mun":"27041","nombre":"Pantón","cod_prov":"27","cod_ccaa":"12"},"geometry":{"type":"Polygon","coordinates":[[[-7.732,42.45464],[-7.72976,42.45464],[-7.71176,42.45141],[-7.70052,42.43202],[-7.68252,42.42233],[-7.66228,42.42233],[-7.66228,42.43848],[-7.63304,42.44495],[-7.62855,42.46433],[-7.59931,42.48372],[-7.55432,42.49342],[-7.57232,42.51603],[-7.57007,42.52573],[-7.59706,42.53219],[-7.60605,42.5435],[-7.58356,42.55642],[-7.57682,42.59358],[-7.59256,42.5952],[-7.63529,42.56612],[-7.64429,42.54996],[-7.68252,42.55158],[-7.68477,42.55966],[-7.70502,42.54996],[-7.70951,42.53219],[-7.72076,42.51765],[-7.70277,42.48372],[-7.732,42.45464]]]}},{"type":"Feature","id":"27042","properties":{"cod_mun":"27042","nombre":"Paradela","cod_prov":"27","cod_ccaa":"12"},"geometry":{"type":"Polygon","coordinates":[[[-7.65778,42.73738],[-7.63754,42.7293],[-7.60156,42.69052],[-7.56107,42.66952],[-7.50934,42.69052],[-7.51159,42.70668],[-7.54308,42.72607],[-7.51384,42.74868],[-7.50934,42.76646],[-7.53183,42.7713],[-7.50709,42.80038],[-7.53408,42.79554],[-7.6083,42.802],[-7.64654,42.78746],[-7.63304,42.78423],[-7.63529,42.76161],[-7.65553,42.75515],[-7.65778,42.73738]]]}},{"type":"Feature","id":"32066","properties":{"cod_mun":"32066","nombre":"Quintela de Leirado","cod_prov":"32","cod_ccaa":"12"},"geometry":{"type":"Polygon","coordinates":[[[-8.12335,42.15736],[-8.10761,42.13636],[-8.1211,42.11697],[-8.11436,42.10566],[-8.11885,42.08305],[-8.10311,42.07497],[-8.07612,42.11213],[-8.06038,42.11859],[-8.05363,42.15413],[-8.06937,42.16544],[-8.10536,42.14606],[-8.11885,42.15575],[-8.12335,42.15736]]]}},{"type":"Feature","id":"27043","properties":{"cod_mun":"27043","nombre":"Páramo, O","cod_prov":"27","cod_ccaa":"12"},"geometry":{"type":"Polygon","coordinates":[[[-7.6083,42.802],[-7.53408,42.79554],[-7.50709,42.80038],[-7.45536,42.84401],[-7.44187,42.84078],[-7.43062,42.85693],[-7.45311,42.87309],[-7.46436,42.8747],[-7.47336,42.85855],[-7.51609,42.86339],[-7.53633,42.87632],[-7.55207,42.8747],[-7.57232,42.86016],[-7.56557,42.83108],[-7.59031,42.83593],[-7.59931,42.823],[-7.6083,42.802]]]}},{"type":"Feature","id":"27044","properties":{"cod_mun":"27044","nombre":"Pastoriza, A","cod_prov":"27","cod_ccaa":"12"},"geometry":{"type":"Polygon","coordinates":[[[-7.44862,43.26892],[-7.41263,43.26569],[-7.40813,43.28346],[-7.38564,43.26407],[-7.37215,43.2673],[-7.3654,43.25114],[-7.37889,43.23822],[-7.3474,43.21237],[-7.32266,43.21237],[-7.30917,43.20429],[-7.29792,43.22529],[-7.30467,43.24307],[-7.27093,43.24307],[-7.25969,43.26407],[-7.27318,43.2673],[-7.27768,43.29154],[-7.30917,43.29961],[-7.29118,43.31739],[-7.30017,43.35616],[-7.32042,43.37555],[-7.36765,43.38524],[-7.37664,43.38039],[-7.40363,43.35778],[-7.45536,43.34324],[-7.43737,43.31739],[-7.44637,43.30284],[-7.44862,43.26892]]]}},{"type":"Feature","id":"32067","properties":{"cod_mun":"32067","nombre":"Rairiz de Veiga","cod_prov":"32","cod_ccaa":"12"},"geometry":{"type":"Polygon","coordinates":[[[-7.91643,42.06204],[-7.87595,42.0265],[-7.84896,42.04589],[-7.80398,42.06204],[-7.82422,42.08951],[-7.82197,42.11536],[-7.80847,42.13798],[-7.81297,42.15252],[-7.85796,42.15252],[-7.87595,42.12344],[-7.89169,42.11213],[-7.88494,42.0992],[-7.89619,42.07335],[-7.91643,42.06204]]]}},{"type":"Feature","id":"27045","properties":{"cod_mun":"27045","nombre":"Pedrafita do Cebreiro","cod_prov":"27","cod_ccaa":"12"},"geometry":{"type":"Polygon","coordinates":[[[-7.18322,42.71799],[-7.17197,42.70829],[-7.15848,42.69698],[-7.12924,42.69052],[-7.12474,42.65659],[-7.10675,42.65821],[-7.07976,42.64528],[-7.07526,42.62751],[-7.04827,42.6259],[-7.04602,42.63236],[-7.01678,42.64528],[-7.00329,42.64367],[-7.02128,42.65175],[-7.01453,42.66467],[-7.04602,42.69537],[-7.01453,42.72283],[-6.98979,42.72607],[-6.99654,42.73576],[-7.01453,42.73899],[-7.03703,42.72283],[-7.07076,42.73899],[-7.0955,42.73899],[-7.11125,42.74868],[-7.13599,42.72122],[-7.16523,42.74384],[-7.18322,42.71799]]]}},{"type":"Feature","id":"27046","properties":{"cod_mun":"27046","nombre":"Pol","cod_prov":"27","cod_ccaa":"12"},"geometry":{"type":"Polygon","coordinates":[[[-7.41938,43.07343],[-7.38564,43.07666],[-7.35865,43.07181],[-7.3564,43.10574],[-7.34066,43.11382],[-7.30917,43.11058],[-7.29343,43.08797],[-7.27768,43.1122],[-7.25294,43.13643],[-7.25969,43.14774],[-7.23495,43.15905],[-7.24395,43.1849],[-7.25294,43.18975],[-7.28443,43.17683],[-7.28893,43.1946],[-7.30917,43.20429],[-7.32266,43.21237],[-7.3474,43.21237],[-7.3609,43.19621],[-7.35865,43.16228],[-7.38339,43.15098],[-7.40588,43.11866],[-7.42837,43.1122],[-7.41938,43.07343]]]}},{"type":"Feature","id":"32018","properties":{"cod_mun":"32018","nombre":"Carballeda de Avia","cod_prov":"32","cod_ccaa":"12"},"geometry":{"type":"Polygon","coordinates":[[[-8.2628,42.3157],[-8.22456,42.30923],[-8.21332,42.29631],[-8.19083,42.30277],[-8.17508,42.29308],[-8.13235,42.306],[-8.14359,42.34316],[-8.17508,42.35286],[-8.19982,42.37709],[-8.21557,42.36255],[-8.22456,42.32701],[-8.2628,42.3157]]]}},{"type":"Feature","id":"27047","properties":{"cod_mun":"27047","nombre":"Pobra do Brollón, A","cod_prov":"27","cod_ccaa":"12"},"geometry":{"type":"Polygon","coordinates":[[[-7.45536,42.58874],[-7.45986,42.56127],[-7.43287,42.55319],[-7.40588,42.50796],[-7.41263,42.49342],[-7.39014,42.48211],[-7.41263,42.45464],[-7.40813,42.44495],[-7.3699,42.45464],[-7.37664,42.4918],[-7.35865,42.49826],[-7.33166,42.52573],[-7.30917,42.53865],[-7.29792,42.53542],[-7.29343,42.54673],[-7.26419,42.5742],[-7.28668,42.60812],[-7.31592,42.62428],[-7.34516,42.6162],[-7.3699,42.62751],[-7.37664,42.65013],[-7.39689,42.6469],[-7.41938,42.62751],[-7.41488,42.61297],[-7.45086,42.60651],[-7.45536,42.58874]]]}},{"type":"Feature","id":"27048","properties":{"cod_mun":"27048","nombre":"Pontenova, A","cod_prov":"27","cod_ccaa":"12"},"geometry":{"type":"Polygon","coordinates":[[[-7.2372,43.39494],[-7.24844,43.39009],[-7.2372,43.37393],[-7.25069,43.3707],[-7.25294,43.32546],[-7.26419,43.28669],[-7.20346,43.28992],[-7.20346,43.25761],[-7.20346,43.25599],[-7.16073,43.26407],[-7.13599,43.25599],[-7.11799,43.28669],[-7.08651,43.29961],[-7.09775,43.30123],[-7.11575,43.32708],[-7.13149,43.33031],[-7.12699,43.37232],[-7.13374,43.37716],[-7.15848,43.37393],[-7.18097,43.39655],[-7.21471,43.38524],[-7.2372,43.39494]]]}},{"type":"Feature","id":"27049","properties":{"cod_mun":"27049","nombre":"Portomarín","cod_prov":"27","cod_ccaa":"12"},"geometry":{"type":"Polygon","coordinates":[[[-7.76349,42.78423],[-7.72301,42.77292],[-7.70052,42.78584],[-7.68252,42.77292],[-7.68027,42.75999],[-7.65553,42.75515],[-7.63529,42.76161],[-7.63304,42.78423],[-7.64654,42.78746],[-7.6083,42.802],[-7.59931,42.823],[-7.61055,42.82947],[-7.61055,42.84562],[-7.64204,42.86178],[-7.67128,42.86663],[-7.68027,42.8747],[-7.73875,42.85208],[-7.7545,42.84562],[-7.76124,42.83108],[-7.76349,42.78423]]]}},{"type":"Feature","id":"27050","properties":{"cod_mun":"27050","nombre":"Quiroga","cod_prov":"27","cod_ccaa":"12"},"geometry":{"type":"Polygon","coordinates":[[[-7.3699,42.45464],[-7.33616,42.45626],[-7.27318,42.4708],[-7.25069,42.44656],[-7.21696,42.44172],[-7.22595,42.41425],[-7.21696,42.38517],[-7.23045,42.35932],[-7.20346,42.32539],[-7.19896,42.33347],[-7.19671,42.35286],[-7.16748,42.39325],[-7.16523,42.40456],[-7.14723,42.42233],[-7.15173,42.43202],[-7.12024,42.45141],[-7.1,42.45787],[-7.07751,42.50796],[-7.05952,42.53057],[-7.07076,42.53865],[-7.06177,42.55319],[-7.07076,42.58712],[-7.09325,42.60489],[-7.11575,42.60166],[-7.14498,42.57904],[-7.17422,42.57581],[-7.23945,42.53057],[-7.27093,42.52411],[-7.29792,42.53542],[-7.30917,42.53865],[-7.33166,42.52573],[-7.35865,42.49826],[-7.37664,42.4918],[-7.3699,42.45464]]]}},{"type":"Feature","id":"27051","properties":{"cod_mun":"27051","nombre":"Ribadeo","cod_prov":"27","cod_ccaa":"12"},"geometry":{"type":"Polygon","coordinates":[[[-7.16523,43.55488],[-7.16972,43.52419],[-7.20796,43.51611],[-7.19446,43.50157],[-7.19896,43.47249],[-7.16748,43.48056],[-7.14049,43.47087],[-7.11799,43.47249],[-7.07976,43.46118],[-7.05727,43.47249],[-7.04602,43.47733],[-7.04602,43.50803],[-7.03253,43.54519],[-7.06402,43.55811],[-7.08876,43.55488],[-7.11575,43.56134],[-7.16523,43.55488]]]}},{"type":"Feature","id":"27052","properties":{"cod_mun":"27052","nombre":"Ribas de Sil","cod_prov":"27","cod_ccaa":"12"},"geometry":{"type":"Polygon","coordinates":[[[-7.40813,42.44495],[-7.40363,42.43041],[-7.38789,42.43364],[-7.3699,42.42071],[-7.34516,42.43041],[-7.30692,42.42879],[-7.29118,42.41425],[-7.26869,42.41425],[-7.25519,42.39971],[-7.24844,42.39002],[-7.21696,42.38517],[-7.22595,42.41425],[-7.21696,42.44172],[-7.25069,42.44656],[-7.27318,42.4708],[-7.33616,42.45626],[-7.3699,42.45464],[-7.40813,42.44495]]]}},{"type":"Feature","id":"27053","properties":{"cod_mun":"27053","nombre":"Ribeira de Piquín","cod_prov":"27","cod_ccaa":"12"},"geometry":{"type":"Polygon","coordinates":[[[-7.24395,43.1849],[-7.23495,43.15905],[-7.2192,43.13159],[-7.19896,43.1332],[-7.18547,43.14128],[-7.15173,43.13805],[-7.16298,43.17198],[-7.14948,43.18975],[-7.17422,43.23822],[-7.16073,43.26407],[-7.20346,43.25599],[-7.20571,43.23499],[-7.22595,43.22853],[-7.22595,43.2156],[-7.24844,43.21237],[-7.24395,43.1849]]]}},{"type":"Feature","id":"27054","properties":{"cod_mun":"27054","nombre":"Riotorto","cod_prov":"27","cod_ccaa":"12"},"geometry":{"type":"Polygon","coordinates":[[[-7.32042,43.37555],[-7.30017,43.35616],[-7.29118,43.31739],[-7.30917,43.29961],[-7.27768,43.29154],[-7.27318,43.2673],[-7.25969,43.26407],[-7.24844,43.25114],[-7.20346,43.25761],[-7.20346,43.28992],[-7.26419,43.28669],[-7.25294,43.32546],[-7.25069,43.3707],[-7.2372,43.37393],[-7.24844,43.39009],[-7.2372,43.39494],[-7.2417,43.39978],[-7.26869,43.39494],[-7.27768,43.38039],[-7.28893,43.39332],[-7.32042,43.37555]]]}},{"type":"Feature","id":"27055","properties":{"cod_mun":"27055","nombre":"Samos","cod_prov":"27","cod_ccaa":"12"},"geometry":{"type":"Polygon","coordinates":[[[-7.37439,42.6986],[-7.3474,42.71476],[-7.31367,42.72445],[-7.30017,42.71152],[-7.28218,42.71152],[-7.27093,42.68083],[-7.27093,42.62913],[-7.29118,42.61297],[-7.28668,42.60812],[-7.25744,42.60651],[-7.21696,42.6679],[-7.18997,42.6776],[-7.18997,42.69052],[-7.17197,42.70829],[-7.18322,42.71799],[-7.2192,42.72122],[-7.22595,42.74061],[-7.25069,42.74545],[-7.26194,42.77292],[-7.27543,42.78423],[-7.32716,42.77777],[-7.36765,42.75192],[-7.39239,42.75515],[-7.37889,42.73576],[-7.38339,42.71799],[-7.37439,42.6986]]]}},{"type":"Feature","id":"27056","properties":{"cod_mun":"27056","nombre":"Rábade","cod_prov":"27","cod_ccaa":"12"},"geometry":{"type":"Polygon","coordinates":[[[-7.63529,43.1122],[-7.6128,43.11705],[-7.60605,43.13643],[-7.62405,43.13482],[-7.63529,43.1122]]]}},{"type":"Feature","id":"27057","properties":{"cod_mun":"27057","nombre":"Sarria","cod_prov":"27","cod_ccaa":"12"},"geometry":{"type":"Polygon","coordinates":[[[-7.50709,42.80038],[-7.53183,42.7713],[-7.50934,42.76646],[-7.51384,42.74868],[-7.54308,42.72607],[-7.51159,42.70668],[-7.4936,42.71637],[-7.47111,42.71476],[-7.42612,42.70022],[-7.39239,42.70991],[-7.37439,42.6986],[-7.38339,42.71799],[-7.37889,42.73576],[-7.39239,42.75515],[-7.36765,42.75192],[-7.32716,42.77777],[-7.33166,42.81493],[-7.3609,42.82785],[-7.35415,42.84239],[-7.41263,42.83108],[-7.44187,42.84078],[-7.45536,42.84401],[-7.50709,42.80038]]]}},{"type":"Feature","id":"27058","properties":{"cod_mun":"27058","nombre":"Saviñao, O","cod_prov":"27","cod_ccaa":"12"},"geometry":{"type":"Polygon","coordinates":[[[-7.73425,42.66144],[-7.71626,42.64852],[-7.72301,42.63559],[-7.70951,42.6259],[-7.72526,42.59358],[-7.72751,42.57097],[-7.68702,42.56612],[-7.68477,42.55966],[-7.68252,42.55158],[-7.64429,42.54996],[-7.63529,42.56612],[-7.59256,42.5952],[-7.57682,42.59358],[-7.56557,42.59197],[-7.55432,42.61297],[-7.56782,42.63074],[-7.54983,42.65175],[-7.56107,42.66952],[-7.60156,42.69052],[-7.63754,42.7293],[-7.65778,42.73738],[-7.68702,42.73576],[-7.68927,42.71799],[-7.67353,42.70345],[-7.69152,42.69052],[-7.72526,42.68567],[-7.73425,42.66144]]]}},{"type":"Feature","id":"27059","properties":{"cod_mun":"27059","nombre":"Sober","cod_prov":"27","cod_ccaa":"12"},"geometry":{"type":"MultiPolygon","coordinates":[[[[-7.41263,42.42556],[-7.42837,42.44979],[-7.44862,42.43525],[-7.43512,42.41587],[-7.41263,42.42556]]],[[[-7.55432,42.49342],[-7.59931,42.48372],[-7.62855,42.46433],[-7.63304,42.44495],[-7.66228,42.43848],[-7.66228,42.42233],[-7.63304,42.40779],[-7.6173,42.38355],[-7.57682,42.40456],[-7.53633,42.38355],[-7.50035,42.3884],[-7.46211,42.40779],[-7.44862,42.40779],[-7.45761,42.42071],[-7.45311,42.43848],[-7.4981,42.43525],[-7.51609,42.45464],[-7.53183,42.48857],[-7.55432,42.49342]]]]}},{"type":"Feature","id":"27060","properties":{"cod_mun":"27060","nombre":"Taboada","cod_prov":"27","cod_ccaa":"12"},"geometry":{"type":"Polygon","coordinates":[[[-7.8737,42.68891],[-7.82422,42.65982],[-7.79948,42.66952],[-7.77924,42.66144],[-7.73425,42.66144],[-7.72526,42.68567],[-7.69152,42.69052],[-7.67353,42.70345],[-7.68927,42.71799],[-7.68702,42.73576],[-7.65778,42.73738],[-7.65553,42.75515],[-7.68027,42.75999],[-7.68252,42.77292],[-7.70052,42.78584],[-7.72301,42.77292],[-7.76349,42.78423],[-7.76799,42.76807],[-7.79498,42.76807],[-7.80398,42.75676],[-7.80173,42.72607],[-7.82647,42.72445],[-7.83546,42.71799],[-7.86695,42.72122],[-7.86245,42.70668],[-7.8737,42.68891]]]}},{"type":"Feature","id":"27061","properties":{"cod_mun":"27061","nombre":"Trabada","cod_prov":"27","cod_ccaa":"12"},"geometry":{"type":"Polygon","coordinates":[[[-7.24844,43.46118],[-7.23495,43.41432],[-7.2417,43.39978],[-7.2372,43.39494],[-7.21471,43.38524],[-7.18097,43.39655],[-7.16972,43.40786],[-7.17197,43.43048],[-7.14273,43.43048],[-7.12699,43.42402],[-7.1045,43.42725],[-7.07976,43.46118],[-7.11799,43.47249],[-7.14049,43.47087],[-7.16748,43.48056],[-7.19896,43.47249],[-7.21471,43.48379],[-7.24844,43.46118]]]}},{"type":"Feature","id":"27063","properties":{"cod_mun":"27063","nombre":"Valadouro, O","cod_prov":"27","cod_ccaa":"12"},"geometry":{"type":"Polygon","coordinates":[[[-7.57232,43.46441],[-7.53858,43.46602],[-7.51384,43.46925],[-7.48685,43.48541],[-7.4846,43.50641],[-7.45086,43.51611],[-7.45536,43.5258],[-7.42837,43.54842],[-7.39464,43.55811],[-7.38339,43.5775],[-7.35865,43.58558],[-7.40363,43.6082],[-7.41263,43.59527],[-7.43737,43.58558],[-7.4801,43.58558],[-7.50484,43.58235],[-7.50484,43.59366],[-7.52958,43.57427],[-7.52284,43.54196],[-7.54308,43.51934],[-7.55207,43.49834],[-7.57232,43.48056],[-7.57232,43.46441]]]}},{"type":"Feature","id":"27064","properties":{"cod_mun":"27064","nombre":"Vicedo, O","cod_prov":"27","cod_ccaa":"12"},"geometry":{"type":"Polygon","coordinates":[[[-7.70052,43.73583],[-7.69377,43.71645],[-7.70726,43.70998],[-7.70277,43.68575],[-7.71851,43.68736],[-7.69152,43.65828],[-7.69377,43.64859],[-7.71626,43.64697],[-7.732,43.61628],[-7.72526,43.61304],[-7.71401,43.61951],[-7.66453,43.61143],[-7.66003,43.63889],[-7.64879,43.65667],[-7.65553,43.66636],[-7.63754,43.69221],[-7.61055,43.69867],[-7.6083,43.71968],[-7.63079,43.72291],[-7.63754,43.7536],[-7.65104,43.74391],[-7.67353,43.74714],[-7.68252,43.72937],[-7.70052,43.73583]]]}},{"type":"Feature","id":"27065","properties":{"cod_mun":"27065","nombre":"Vilalba","cod_prov":"27","cod_ccaa":"12"},"geometry":{"type":"MultiPolygon","coordinates":[[[[-7.62405,43.19137],[-7.61955,43.20106],[-7.65778,43.21399],[-7.63979,43.18975],[-7.62405,43.19137]]],[[[-7.68027,43.4434],[-7.67803,43.43533],[-7.70726,43.39009],[-7.70502,43.37555],[-7.7455,43.37393],[-7.76124,43.34324],[-7.78823,43.33031],[-7.82872,43.33354],[-7.83097,43.31739],[-7.78823,43.32385],[-7.75899,43.29638],[-7.76799,43.28992],[-7.79273,43.29315],[-7.82647,43.28184],[-7.79948,43.26084],[-7.80173,43.24791],[-7.78373,43.22691],[-7.75,43.24791],[-7.741,43.22853],[-7.70502,43.21722],[-7.68927,43.20429],[-7.65778,43.21399],[-7.64204,43.23176],[-7.63079,43.23014],[-7.59706,43.25599],[-7.59931,43.26569],[-7.57682,43.27538],[-7.53858,43.25761],[-7.51609,43.28184],[-7.51609,43.298],[-7.52733,43.31254],[-7.54308,43.31254],[-7.55882,43.32708],[-7.54758,43.34],[-7.54758,43.37232],[-7.53633,43.38524],[-7.55432,43.39332],[-7.56332,43.41594],[-7.59256,43.41755],[-7.63079,43.41917],[-7.65329,43.44664],[-7.68027,43.4434]]]]}},{"type":"Feature","id":"27066","properties":{"cod_mun":"27066","nombre":"Viveiro","cod_prov":"27","cod_ccaa":"12"},"geometry":{"type":"Polygon","coordinates":[[[-7.61055,43.69867],[-7.63754,43.69221],[-7.65553,43.66636],[-7.64879,43.65667],[-7.66003,43.63889],[-7.66453,43.61143],[-7.64654,43.61143],[-7.63079,43.59527],[-7.59706,43.60497],[-7.6083,43.58719],[-7.59481,43.57912],[-7.55207,43.58558],[-7.52958,43.57427],[-7.50484,43.59366],[-7.50484,43.58235],[-7.4801,43.58558],[-7.50709,43.60497],[-7.52509,43.59527],[-7.53408,43.61304],[-7.52509,43.63243],[-7.56332,43.67121],[-7.57457,43.7116],[-7.58356,43.7116],[-7.57682,43.69221],[-7.59706,43.67444],[-7.6128,43.67444],[-7.61055,43.69867]]]}},{"type":"Feature","id":"32002","properties":{"cod_mun":"32002","nombre":"Amoeiro","cod_prov":"32","cod_ccaa":"12"},"geometry":{"type":"Polygon","coordinates":[[[-7.9929,42.36578],[-7.98616,42.35609],[-7.95917,42.35447],[-7.96141,42.37063],[-7.94342,42.37386],[-7.91418,42.39809],[-7.87145,42.39486],[-7.88494,42.41263],[-7.91868,42.41425],[-7.91193,42.42879],[-7.93667,42.42233],[-7.94342,42.42879],[-7.97716,42.42717],[-7.9929,42.39002],[-7.97716,42.3884],[-7.9929,42.36578]]]}},{"type":"Feature","id":"32003","properties":{"cod_mun":"32003","nombre":"Arnoia, A","cod_prov":"32","cod_ccaa":"12"},"geometry":{"type":"Polygon","coordinates":[[[-8.15934,42.24461],[-8.14359,42.22845],[-8.11885,42.22522],[-8.10986,42.22684],[-8.10311,42.24784],[-8.11436,42.26561],[-8.13235,42.28177],[-8.15034,42.27692],[-8.15934,42.24461]]]}},{"type":"Feature","id":"32004","properties":{"cod_mun":"32004","nombre":"Avión","cod_prov":"32","cod_ccaa":"12"},"geometry":{"type":"Polygon","coordinates":[[[-8.33927,42.45302],[-8.33927,42.43364],[-8.31453,42.38032],[-8.32352,42.36578],[-8.32577,42.34962],[-8.31228,42.34316],[-8.28529,42.31893],[-8.2628,42.3157],[-8.22456,42.32701],[-8.21557,42.36255],[-8.21332,42.38678],[-8.20657,42.40294],[-8.24031,42.43364],[-8.26505,42.44172],[-8.2583,42.45141],[-8.31453,42.4611],[-8.33927,42.45302]]]}},{"type":"Feature","id":"32005","properties":{"cod_mun":"32005","nombre":"Baltar","cod_prov":"32","cod_ccaa":"12"},"geometry":{"type":"Polygon","coordinates":[[[-7.80847,41.95703],[-7.83771,41.93118],[-7.82872,41.91987],[-7.80398,41.91825],[-7.80173,41.88271],[-7.77924,41.88756],[-7.76349,41.89886],[-7.73425,41.8924],[-7.70502,41.90694],[-7.68027,41.91987],[-7.67128,41.93279],[-7.64879,41.94572],[-7.66453,41.96672],[-7.66003,41.98772],[-7.70052,41.97965],[-7.72526,41.97157],[-7.77699,41.94087],[-7.80847,41.95703]]]}},{"type":"Feature","id":"36027","properties":{"cod_mun":"36027","nombre":"Meaño","cod_prov":"36","cod_ccaa":"12"},"geometry":{"type":"Polygon","coordinates":[[[-8.82283,42.45302],[-8.81833,42.43364],[-8.80034,42.43687],[-8.78684,42.41748],[-8.7576,42.4191],[-8.74861,42.4401],[-8.76435,42.44979],[-8.76885,42.47887],[-8.79809,42.48695],[-8.80034,42.46757],[-8.82058,42.45949],[-8.82283,42.45302]]]}},{"type":"Feature","id":"32006","properties":{"cod_mun":"32006","nombre":"Bande","cod_prov":"32","cod_ccaa":"12"},"geometry":{"type":"Polygon","coordinates":[[[-8.06487,42.06043],[-8.04013,42.04912],[-8.01314,42.01519],[-7.9884,42.00065],[-7.99515,41.98611],[-8.01989,41.98449],[-8.02214,41.9748],[-7.99965,41.96026],[-7.96816,41.98288],[-7.94567,41.98288],[-7.92768,42.0055],[-7.90969,42.01681],[-7.88719,42.01519],[-7.87595,42.0265],[-7.91643,42.06204],[-7.97941,42.07174],[-7.99965,42.08305],[-8.02889,42.0782],[-8.06487,42.06043]]]}},{"type":"Feature","id":"32007","properties":{"cod_mun":"32007","nombre":"Baños de Molgas","cod_prov":"32","cod_ccaa":"12"},"geometry":{"type":"Polygon","coordinates":[[[-7.76349,42.24299],[-7.7365,42.24299],[-7.72976,42.21876],[-7.68477,42.18483],[-7.67128,42.19452],[-7.65553,42.1816],[-7.6263,42.19129],[-7.6128,42.22684],[-7.64204,42.24946],[-7.67803,42.26723],[-7.70502,42.264],[-7.72526,42.26238],[-7.76349,42.24299]]]}},{"type":"Feature","id":"32009","properties":{"cod_mun":"32009","nombre":"Barco de Valdeorras, O","cod_prov":"32","cod_ccaa":"12"},"geometry":{"type":"Polygon","coordinates":[[[-7.04377,42.37871],[-7.02578,42.36417],[-6.99654,42.35447],[-6.97405,42.3577],[-6.95606,42.37063],[-6.95381,42.39002],[-6.91782,42.41425],[-6.92682,42.4191],[-6.90433,42.43041],[-6.91332,42.44495],[-6.94706,42.42879],[-6.96505,42.44495],[-6.96505,42.4611],[-6.9808,42.46918],[-6.96955,42.4918],[-6.97855,42.49342],[-7.00104,42.50634],[-6.99879,42.49665],[-7.01678,42.4401],[-7.01004,42.42879],[-7.02128,42.40456],[-7.03703,42.39809],[-7.04377,42.37871]]]}},{"type":"Feature","id":"32010","properties":{"cod_mun":"32010","nombre":"Beade","cod_prov":"32","cod_ccaa":"12"},"geometry":{"type":"Polygon","coordinates":[[[-8.14359,42.34316],[-8.13235,42.306],[-8.1211,42.30923],[-8.1211,42.32701],[-8.1211,42.3367],[-8.14359,42.34316]]]}},{"type":"Feature","id":"32011","properties":{"cod_mun":"32011","nombre":"Beariz","cod_prov":"32","cod_ccaa":"12"},"geometry":{"type":"Polygon","coordinates":[[[-8.36626,42.48695],[-8.34152,42.46595],[-8.33927,42.45302],[-8.31453,42.4611],[-8.2583,42.45141],[-8.26505,42.44172],[-8.24031,42.43364],[-8.22681,42.4611],[-8.23356,42.48695],[-8.2493,42.50472],[-8.23581,42.53865],[-8.27179,42.52088],[-8.30328,42.49018],[-8.34152,42.4918],[-8.35276,42.48049],[-8.36626,42.48695]]]}},{"type":"Feature","id":"32013","properties":{"cod_mun":"32013","nombre":"Boborás","cod_prov":"32","cod_ccaa":"12"},"geometry":{"type":"Polygon","coordinates":[[[-8.2493,42.50472],[-8.23356,42.48695],[-8.22681,42.4611],[-8.24031,42.43364],[-8.20657,42.40294],[-8.21332,42.38678],[-8.18183,42.40456],[-8.1391,42.39163],[-8.1391,42.40456],[-8.1211,42.40779],[-8.12335,42.42071],[-8.10086,42.44172],[-8.10986,42.45464],[-8.1256,42.45787],[-8.1391,42.47887],[-8.15259,42.47403],[-8.16384,42.48857],[-8.18858,42.48049],[-8.23131,42.49826],[-8.23131,42.50957],[-8.2493,42.50472]]]}},{"type":"Feature","id":"32015","properties":{"cod_mun":"32015","nombre":"Bolo, O","cod_prov":"32","cod_ccaa":"12"},"geometry":{"type":"Polygon","coordinates":[[[-7.16748,42.32862],[-7.16523,42.30762],[-7.14723,42.30762],[-7.13149,42.27369],[-7.16748,42.24622],[-7.13824,42.21876],[-7.10225,42.23815],[-7.1045,42.25269],[-7.06402,42.264],[-7.05727,42.27692],[-7.05727,42.32862],[-7.04602,42.33993],[-7.05727,42.3577],[-7.06626,42.36255],[-7.10675,42.35609],[-7.11799,42.33508],[-7.13599,42.33508],[-7.16748,42.32862]]]}},{"type":"Feature","id":"32016","properties":{"cod_mun":"32016","nombre":"Calvos de Randín","cod_prov":"32","cod_ccaa":"12"},"geometry":{"type":"Polygon","coordinates":[[[-7.90744,41.92633],[-7.88719,41.92633],[-7.88494,41.88917],[-7.89169,41.86009],[-7.8737,41.84555],[-7.86695,41.85847],[-7.84221,41.86655],[-7.84446,41.88109],[-7.80173,41.88271],[-7.80398,41.91825],[-7.82872,41.91987],[-7.83771,41.93118],[-7.80847,41.95703],[-7.80847,41.98772],[-7.82647,42.0055],[-7.84446,42.0055],[-7.90294,41.98772],[-7.89619,41.96995],[-7.90969,41.95056],[-7.90744,41.92633]]]}},{"type":"Feature","id":"32017","properties":{"cod_mun":"32017","nombre":"Carballeda de Valdeorras","cod_prov":"32","cod_ccaa":"12"},"geometry":{"type":"Polygon","coordinates":[[[-6.97405,42.3577],[-6.94706,42.33347],[-6.90208,42.31408],[-6.88409,42.31085],[-6.88409,42.29792],[-6.8571,42.28338],[-6.81661,42.27207],[-6.80537,42.24784],[-6.79412,42.24946],[-6.78512,42.2543],[-6.76713,42.25753],[-6.76488,42.27207],[-6.74014,42.29792],[-6.73564,42.31893],[-6.73339,42.35932],[-6.76713,42.36578],[-6.77388,42.37871],[-6.82111,42.38517],[-6.8436,42.40617],[-6.83011,42.4094],[-6.85035,42.41587],[-6.87059,42.43848],[-6.90433,42.43041],[-6.92682,42.4191],[-6.91782,42.41425],[-6.95381,42.39002],[-6.95606,42.37063],[-6.97405,42.3577]]]}},{"type":"Feature","id":"32019","properties":{"cod_mun":"32019","nombre":"Carballiño, O","cod_prov":"32","cod_ccaa":"12"},"geometry":{"type":"Polygon","coordinates":[[[-8.1391,42.39163],[-8.1211,42.38194],[-8.10761,42.3884],[-8.09636,42.39648],[-8.06038,42.39971],[-8.06937,42.42394],[-8.03339,42.44333],[-8.02439,42.44172],[-8.02664,42.46272],[-8.04688,42.46757],[-8.03114,42.48372],[-8.03789,42.50472],[-8.04913,42.51119],[-8.06712,42.49342],[-8.08062,42.45302],[-8.10086,42.46918],[-8.10986,42.45464],[-8.10086,42.44172],[-8.12335,42.42071],[-8.1211,42.40779],[-8.1391,42.40456],[-8.1391,42.39163]]]}},{"type":"Feature","id":"32020","properties":{"cod_mun":"32020","nombre":"Cartelle","cod_prov":"32","cod_ccaa":"12"},"geometry":{"type":"Polygon","coordinates":[[[-8.11436,42.26561],[-8.10311,42.24784],[-8.10986,42.22684],[-8.07612,42.22845],[-8.07387,42.22199],[-8.06487,42.21553],[-8.03114,42.20745],[-8.0064,42.19291],[-7.97941,42.19291],[-7.96591,42.20422],[-7.95017,42.19291],[-7.93443,42.21553],[-7.96366,42.23168],[-7.96366,42.25269],[-7.94567,42.26723],[-7.95017,42.26723],[-7.96591,42.27207],[-7.9884,42.26561],[-8.0019,42.27854],[-8.04913,42.27854],[-8.11436,42.26561]]]}},{"type":"Feature","id":"32021","properties":{"cod_mun":"32021","nombre":"Castrelo do Val","cod_prov":"32","cod_ccaa":"12"},"geometry":{"type":"Polygon","coordinates":[[[-7.46436,42.00873],[-7.43962,41.98772],[-7.44187,41.97641],[-7.41938,41.98288],[-7.36315,41.97641],[-7.36315,41.98772],[-7.34516,41.99257],[-7.31592,42.0055],[-7.32491,42.03781],[-7.29792,42.03135],[-7.27543,42.03781],[-7.26869,42.06689],[-7.29568,42.09112],[-7.29568,42.10243],[-7.35415,42.1089],[-7.3564,42.09274],[-7.38339,42.09274],[-7.3699,42.06851],[-7.39464,42.05558],[-7.39239,42.04104],[-7.46436,42.00873]]]}},{"type":"Feature","id":"32022","properties":{"cod_mun":"32022","nombre":"Castrelo de Miño","cod_prov":"32","cod_ccaa":"12"},"geometry":{"type":"Polygon","coordinates":[[[-8.13235,42.28177],[-8.11436,42.26561],[-8.04913,42.27854],[-8.0019,42.27854],[-8.02439,42.30923],[-8.01989,42.32377],[-8.06712,42.32701],[-8.07162,42.306],[-8.08737,42.30277],[-8.1166,42.29792],[-8.13235,42.28177]]]}},{"type":"Feature","id":"32026","properties":{"cod_mun":"32026","nombre":"Coles","cod_prov":"32","cod_ccaa":"12"},"geometry":{"type":"Polygon","coordinates":[[[-7.88494,42.41263],[-7.87145,42.39486],[-7.8602,42.37709],[-7.83322,42.37386],[-7.81072,42.37871],[-7.79723,42.4094],[-7.81972,42.4401],[-7.85796,42.44333],[-7.85121,42.43848],[-7.88494,42.41263]]]}},{"type":"Feature","id":"32023","properties":{"cod_mun":"32023","nombre":"Castro Caldelas","cod_prov":"32","cod_ccaa":"12"},"geometry":{"type":"Polygon","coordinates":[[[-7.45986,42.34962],[-7.45761,42.33508],[-7.43737,42.30923],[-7.43062,42.31085],[-7.40363,42.33185],[-7.3519,42.34316],[-7.36315,42.36255],[-7.3474,42.3674],[-7.33841,42.39163],[-7.3699,42.42071],[-7.38789,42.43364],[-7.40363,42.43041],[-7.41263,42.42556],[-7.43512,42.41587],[-7.44862,42.40779],[-7.43287,42.39971],[-7.43737,42.38678],[-7.45536,42.39163],[-7.45986,42.34962]]]}},{"type":"Feature","id":"32027","properties":{"cod_mun":"32027","nombre":"Cortegada","cod_prov":"32","cod_ccaa":"12"},"geometry":{"type":"Polygon","coordinates":[[[-8.16159,42.24461],[-8.16609,42.22037],[-8.19083,42.2123],[-8.17508,42.20422],[-8.17508,42.18483],[-8.16159,42.1816],[-8.12785,42.18321],[-8.1166,42.19937],[-8.11885,42.22522],[-8.14359,42.22845],[-8.15934,42.24461],[-8.16159,42.24461]]]}},{"type":"Feature","id":"32028","properties":{"cod_mun":"32028","nombre":"Cualedro","cod_prov":"32","cod_ccaa":"12"},"geometry":{"type":"Polygon","coordinates":[[[-7.70502,41.90694],[-7.65329,41.88109],[-7.58356,41.87786],[-7.58131,41.87786],[-7.59256,41.90856],[-7.61955,41.91825],[-7.59706,41.93441],[-7.59931,41.95703],[-7.56107,41.94249],[-7.53858,41.94249],[-7.52733,41.95541],[-7.53858,41.97318],[-7.52733,41.98772],[-7.54083,42.01681],[-7.50484,42.02165],[-7.52958,42.05396],[-7.52733,42.06689],[-7.55657,42.07174],[-7.55882,42.04104],[-7.59481,42.02327],[-7.57682,42.00873],[-7.6038,41.97965],[-7.63529,41.98288],[-7.62855,41.95864],[-7.64879,41.94572],[-7.67128,41.93279],[-7.68027,41.91987],[-7.70502,41.90694]]]}},{"type":"Feature","id":"32024","properties":{"cod_mun":"32024","nombre":"Celanova","cod_prov":"32","cod_ccaa":"12"},"geometry":{"type":"Polygon","coordinates":[[[-8.06038,42.11859],[-8.0064,42.12182],[-8.0109,42.13959],[-7.99515,42.14606],[-7.97941,42.11859],[-7.95017,42.1299],[-7.93218,42.11859],[-7.93443,42.13475],[-7.91643,42.1606],[-7.91643,42.17998],[-7.91418,42.2026],[-7.90069,42.21068],[-7.93443,42.21553],[-7.95017,42.19291],[-7.96591,42.20422],[-7.97941,42.19291],[-7.97491,42.17998],[-7.9884,42.16706],[-8.02439,42.16383],[-8.02889,42.14444],[-8.05363,42.15413],[-8.06038,42.11859]]]}},{"type":"Feature","id":"32031","properties":{"cod_mun":"32031","nombre":"Esgos","cod_prov":"32","cod_ccaa":"12"},"geometry":{"type":"Polygon","coordinates":[[[-7.75225,42.306],[-7.70726,42.30116],[-7.67128,42.31408],[-7.64429,42.35447],[-7.64654,42.36255],[-7.66453,42.36417],[-7.67803,42.35286],[-7.71401,42.36578],[-7.72751,42.36255],[-7.72301,42.34316],[-7.7455,42.32377],[-7.75225,42.306]]]}},{"type":"Feature","id":"32025","properties":{"cod_mun":"32025","nombre":"Cenlle","cod_prov":"32","cod_ccaa":"12"},"geometry":{"type":"Polygon","coordinates":[[[-8.1211,42.3367],[-8.1211,42.32701],[-8.09636,42.33185],[-8.09861,42.31893],[-8.07612,42.3157],[-8.08737,42.30277],[-8.07162,42.306],[-8.06712,42.32701],[-8.01989,42.32377],[-8.0064,42.34478],[-8.03564,42.33832],[-8.06263,42.33508],[-8.06263,42.3577],[-8.09411,42.36093],[-8.10086,42.38032],[-8.1211,42.35609],[-8.1211,42.3367]]]}},{"type":"Feature","id":"32033","properties":{"cod_mun":"32033","nombre":"Gomesende","cod_prov":"32","cod_ccaa":"12"},"geometry":{"type":"Polygon","coordinates":[[[-8.12785,42.18321],[-8.11885,42.15575],[-8.10536,42.14606],[-8.06937,42.16544],[-8.07612,42.17514],[-8.08287,42.21391],[-8.07387,42.22199],[-8.07612,42.22845],[-8.10986,42.22684],[-8.11885,42.22522],[-8.1166,42.19937],[-8.12785,42.18321]]]}},{"type":"Feature","id":"32029","properties":{"cod_mun":"32029","nombre":"Chandrexa de Queixa","cod_prov":"32","cod_ccaa":"12"},"geometry":{"type":"Polygon","coordinates":[[[-7.43737,42.18806],[-7.41938,42.17998],[-7.38789,42.19291],[-7.37664,42.17352],[-7.37215,42.18483],[-7.34965,42.19129],[-7.31367,42.1816],[-7.32491,42.18968],[-7.30017,42.20099],[-7.27993,42.18968],[-7.26419,42.18806],[-7.27993,42.21391],[-7.30467,42.22361],[-7.31142,42.25753],[-7.31592,42.28338],[-7.32941,42.29792],[-7.36315,42.30762],[-7.32941,42.33508],[-7.3519,42.34316],[-7.40363,42.33185],[-7.43062,42.31085],[-7.43737,42.29308],[-7.44412,42.24299],[-7.47111,42.23815],[-7.45086,42.21876],[-7.43737,42.18806]]]}},{"type":"Feature","id":"32030","properties":{"cod_mun":"32030","nombre":"Entrimo","cod_prov":"32","cod_ccaa":"12"},"geometry":{"type":"Polygon","coordinates":[[[-8.21332,41.90048],[-8.17283,41.90694],[-8.14359,41.89725],[-8.11211,41.89563],[-8.07612,41.92956],[-8.08961,41.93602],[-8.08961,41.96672],[-8.10311,41.9748],[-8.09411,42.00065],[-8.09411,42.01196],[-8.1301,42.00388],[-8.14134,41.98934],[-8.16384,41.98288],[-8.17508,41.95541],[-8.18858,41.94733],[-8.21781,41.91341],[-8.21332,41.90048]]]}},{"type":"Feature","id":"32032","properties":{"cod_mun":"32032","nombre":"Xinzo de Limia","cod_prov":"32","cod_ccaa":"12"},"geometry":{"type":"Polygon","coordinates":[[[-7.80398,42.06204],[-7.80398,42.02488],[-7.78823,42.01681],[-7.79273,41.9958],[-7.77024,41.9958],[-7.76349,42.00873],[-7.72076,42.01519],[-7.69827,41.99419],[-7.70052,41.97965],[-7.66003,41.98772],[-7.66453,41.96672],[-7.64879,41.94572],[-7.62855,41.95864],[-7.63529,41.98288],[-7.64204,41.99742],[-7.65553,41.99419],[-7.65778,42.0265],[-7.67578,42.03458],[-7.68252,42.05235],[-7.65104,42.06527],[-7.6263,42.06043],[-7.62405,42.06851],[-7.63304,42.10728],[-7.64879,42.10405],[-7.68252,42.12505],[-7.68702,42.12344],[-7.75674,42.06204],[-7.78149,42.06204],[-7.80398,42.06204]]]}},{"type":"Feature","id":"32034","properties":{"cod_mun":"32034","nombre":"Gudiña, A","cod_prov":"32","cod_ccaa":"12"},"geometry":{"type":"Polygon","coordinates":[[[-7.27543,42.03781],[-7.26419,42.01842],[-7.2417,42.01034],[-7.2282,41.99096],[-7.23495,41.98126],[-7.19671,41.98126],[-7.18547,41.97157],[-7.15848,41.97641],[-7.14049,41.99096],[-7.11575,41.98449],[-7.07976,42.00388],[-7.08426,42.02488],[-7.05952,42.06204],[-7.05952,42.07658],[-7.091,42.08466],[-7.11125,42.07174],[-7.12924,42.07658],[-7.16972,42.10243],[-7.20346,42.1089],[-7.2192,42.09436],[-7.2192,42.07981],[-7.2372,42.06689],[-7.26869,42.06689],[-7.27543,42.03781]]]}},{"type":"Feature","id":"32035","properties":{"cod_mun":"32035","nombre":"Irixo, O","cod_prov":"32","cod_ccaa":"12"},"geometry":{"type":"Polygon","coordinates":[[[-8.2493,42.50472],[-8.23131,42.50957],[-8.23131,42.49826],[-8.18858,42.48049],[-8.16384,42.48857],[-8.15259,42.47403],[-8.1391,42.47887],[-8.1256,42.45787],[-8.10986,42.45464],[-8.10086,42.46918],[-8.08062,42.45302],[-8.06712,42.49342],[-8.04913,42.51119],[-8.06712,42.51927],[-8.06038,42.54835],[-8.09186,42.55642],[-8.11211,42.55642],[-8.14584,42.54835],[-8.17283,42.57258],[-8.21781,42.53381],[-8.23581,42.53865],[-8.2493,42.50472]]]}},{"type":"Feature","id":"32040","properties":{"cod_mun":"32040","nombre":"Leiro","cod_prov":"32","cod_ccaa":"12"},"geometry":{"type":"Polygon","coordinates":[[[-8.21557,42.36255],[-8.19982,42.37709],[-8.17508,42.35286],[-8.14359,42.34316],[-8.1211,42.3367],[-8.1211,42.35609],[-8.10086,42.38032],[-8.10761,42.3884],[-8.1211,42.38194],[-8.1391,42.39163],[-8.18183,42.40456],[-8.21332,42.38678],[-8.21557,42.36255]]]}},{"type":"Feature","id":"32041","properties":{"cod_mun":"32041","nombre":"Lobeira","cod_prov":"32","cod_ccaa":"12"},"geometry":{"type":"Polygon","coordinates":[[[-8.09411,42.01196],[-8.09411,42.00065],[-8.08287,41.97318],[-8.04913,41.96026],[-8.05588,41.94249],[-8.01539,41.94895],[-7.99965,41.96026],[-8.02214,41.9748],[-8.01989,41.98449],[-7.99515,41.98611],[-7.9884,42.00065],[-8.01314,42.01519],[-8.04013,42.04912],[-8.06487,42.06043],[-8.08737,42.05396],[-8.08287,42.02811],[-8.09411,42.01196]]]}},{"type":"Feature","id":"32042","properties":{"cod_mun":"32042","nombre":"Lobios","cod_prov":"32","cod_ccaa":"12"},"geometry":{"type":"Polygon","coordinates":[[[-8.21332,41.90048],[-8.19982,41.87301],[-8.17058,41.87948],[-8.16159,41.86171],[-8.16609,41.81808],[-8.1301,41.80839],[-8.09411,41.80839],[-8.05813,41.81647],[-8.04013,41.82939],[-8.01314,41.82939],[-8.0064,41.84716],[-7.98166,41.87301],[-7.99515,41.89079],[-8.01539,41.90048],[-8.01764,41.91825],[-8.03789,41.91179],[-8.05588,41.94249],[-8.04913,41.96026],[-8.08287,41.97318],[-8.09411,42.00065],[-8.10311,41.9748],[-8.08961,41.96672],[-8.08961,41.93602],[-8.07612,41.92956],[-8.11211,41.89563],[-8.14359,41.89725],[-8.17283,41.90694],[-8.21332,41.90048]]]}},{"type":"Feature","id":"32043","properties":{"cod_mun":"32043","nombre":"Maceda","cod_prov":"32","cod_ccaa":"12"},"geometry":{"type":"Polygon","coordinates":[[[-7.70726,42.30116],[-7.69152,42.29146],[-7.70502,42.264],[-7.67803,42.26723],[-7.64204,42.24946],[-7.6128,42.22684],[-7.55882,42.2026],[-7.51834,42.19614],[-7.50035,42.21068],[-7.50934,42.23653],[-7.55657,42.25753],[-7.57457,42.27207],[-7.58131,42.29631],[-7.57232,42.30923],[-7.59481,42.3157],[-7.60605,42.30762],[-7.61955,42.29631],[-7.65329,42.29146],[-7.67128,42.31408],[-7.70726,42.30116]]]}},{"type":"Feature","id":"32044","properties":{"cod_mun":"32044","nombre":"Manzaneda","cod_prov":"32","cod_ccaa":"12"},"geometry":{"type":"Polygon","coordinates":[[[-7.31142,42.25753],[-7.30467,42.22361],[-7.27993,42.21391],[-7.24395,42.22684],[-7.21696,42.22361],[-7.18997,42.23168],[-7.16748,42.24622],[-7.13149,42.27369],[-7.14723,42.30762],[-7.16523,42.30762],[-7.16748,42.32862],[-7.19896,42.33347],[-7.20346,42.32539],[-7.24395,42.31247],[-7.26194,42.29792],[-7.26644,42.28338],[-7.28668,42.264],[-7.31142,42.25753]]]}},{"type":"Feature","id":"32048","properties":{"cod_mun":"32048","nombre":"Mezquita, A","cod_prov":"32","cod_ccaa":"12"},"geometry":{"type":"Polygon","coordinates":[[[-7.11575,41.98449],[-7.08651,41.97318],[-7.07751,41.95218],[-7.00554,41.95056],[-6.9853,41.97157],[-6.99204,41.98611],[-6.96056,42.0265],[-6.97405,42.05558],[-7.00779,42.05235],[-7.03478,42.07174],[-7.05952,42.07658],[-7.05952,42.06204],[-7.08426,42.02488],[-7.07976,42.00388],[-7.11575,41.98449]]]}},{"type":"Feature","id":"32049","properties":{"cod_mun":"32049","nombre":"Montederramo","cod_prov":"32","cod_ccaa":"12"},"geometry":{"type":"Polygon","coordinates":[[[-7.61055,42.34962],[-7.60605,42.30762],[-7.59481,42.3157],[-7.57232,42.30923],[-7.58131,42.29631],[-7.57457,42.27207],[-7.55657,42.25753],[-7.50934,42.23653],[-7.50035,42.21068],[-7.46436,42.18968],[-7.45761,42.20422],[-7.43737,42.18806],[-7.45086,42.21876],[-7.47111,42.23815],[-7.44412,42.24299],[-7.43737,42.29308],[-7.43062,42.31085],[-7.43737,42.30923],[-7.45761,42.33508],[-7.45986,42.34962],[-7.47785,42.32862],[-7.4981,42.33024],[-7.50934,42.34639],[-7.51159,42.33993],[-7.55207,42.32539],[-7.57232,42.32862],[-7.61055,42.34962]]]}},{"type":"Feature","id":"32050","properties":{"cod_mun":"32050","nombre":"Monterrei","cod_prov":"32","cod_ccaa":"12"},"geometry":{"type":"Polygon","coordinates":[[[-7.50484,42.02165],[-7.54083,42.01681],[-7.52733,41.98772],[-7.53858,41.97318],[-7.52733,41.95541],[-7.53858,41.94249],[-7.56107,41.94249],[-7.59931,41.95703],[-7.59706,41.93441],[-7.61955,41.91825],[-7.59256,41.90856],[-7.58131,41.87786],[-7.52958,41.88109],[-7.51609,41.89402],[-7.51609,41.91341],[-7.46436,41.91825],[-7.47336,41.94249],[-7.45761,41.95218],[-7.44412,41.94249],[-7.44187,41.97641],[-7.43962,41.98772],[-7.46436,42.00873],[-7.50484,42.02165]]]}},{"type":"Feature","id":"32051","properties":{"cod_mun":"32051","nombre":"Muíños","cod_prov":"32","cod_ccaa":"12"},"geometry":{"type":"Polygon","coordinates":[[[-8.05588,41.94249],[-8.03789,41.91179],[-8.01764,41.91825],[-8.01539,41.90048],[-7.99515,41.89079],[-7.98166,41.87301],[-7.94792,41.8714],[-7.92093,41.88109],[-7.90744,41.92633],[-7.90969,41.95056],[-7.89619,41.96995],[-7.90294,41.98772],[-7.90069,42.00226],[-7.92768,42.0055],[-7.94567,41.98288],[-7.96816,41.98288],[-7.99965,41.96026],[-8.01539,41.94895],[-8.05588,41.94249]]]}},{"type":"Feature","id":"32052","properties":{"cod_mun":"32052","nombre":"Nogueira de Ramuín","cod_prov":"32","cod_ccaa":"12"},"geometry":{"type":"Polygon","coordinates":[[[-7.79273,42.4094],[-7.76799,42.39971],[-7.79498,42.37871],[-7.77924,42.3577],[-7.75225,42.36578],[-7.72751,42.36255],[-7.71401,42.36578],[-7.67803,42.35286],[-7.66453,42.36417],[-7.64654,42.36255],[-7.63304,42.35447],[-7.6173,42.38355],[-7.63304,42.40779],[-7.66228,42.42233],[-7.68252,42.42233],[-7.70052,42.43202],[-7.71176,42.45141],[-7.72976,42.45464],[-7.7545,42.43202],[-7.79273,42.4094]]]}},{"type":"Feature","id":"32053","properties":{"cod_mun":"32053","nombre":"Oímbra","cod_prov":"32","cod_ccaa":"12"},"geometry":{"type":"MultiPolygon","coordinates":[[[[-7.42612,41.83262],[-7.42387,41.85686],[-7.44637,41.85686],[-7.44412,41.83909],[-7.42612,41.83262]]],[[[-7.58131,41.87786],[-7.58356,41.87786],[-7.60156,41.86655],[-7.61505,41.83101],[-7.57457,41.82939],[-7.52059,41.84232],[-7.50484,41.8504],[-7.51384,41.86171],[-7.49135,41.8714],[-7.4846,41.86171],[-7.45311,41.86494],[-7.44637,41.90694],[-7.46436,41.91825],[-7.51609,41.91341],[-7.51609,41.89402],[-7.52958,41.88109],[-7.58131,41.87786]]]]}},{"type":"Feature","id":"36037","properties":{"cod_mun":"36037","nombre":"Pazos de Borbén","cod_prov":"36","cod_ccaa":"12"},"geometry":{"type":"Polygon","coordinates":[[[-8.59567,42.24299],[-8.56868,42.24138],[-8.51695,42.26723],[-8.48321,42.28985],[-8.48546,42.32377],[-8.5237,42.33024],[-8.56643,42.30762],[-8.56418,42.28015],[-8.59117,42.264],[-8.59567,42.24299]]]}},{"type":"Feature","id":"36038","properties":{"cod_mun":"36038","nombre":"Pontevedra","cod_prov":"36","cod_ccaa":"12"},"geometry":{"type":"Polygon","coordinates":[[[-8.59792,42.5128],[-8.62491,42.51119],[-8.6384,42.49665],[-8.65864,42.49503],[-8.69238,42.47887],[-8.67214,42.46272],[-8.65414,42.43364],[-8.69238,42.39971],[-8.66764,42.37709],[-8.6294,42.39486],[-8.60916,42.39325],[-8.62041,42.36417],[-8.61816,42.34962],[-8.61141,42.34478],[-8.58442,42.34316],[-8.56868,42.37063],[-8.59567,42.39486],[-8.58217,42.41263],[-8.55518,42.43041],[-8.57767,42.44818],[-8.56418,42.4708],[-8.56868,42.48695],[-8.58442,42.50957],[-8.59792,42.5128]]]}},{"type":"Feature","id":"32054","properties":{"cod_mun":"32054","nombre":"Ourense","cod_prov":"32","cod_ccaa":"12"},"geometry":{"type":"Polygon","coordinates":[[[-8.00415,42.34478],[-7.95242,42.33508],[-7.93218,42.34155],[-7.91193,42.34639],[-7.88719,42.33993],[-7.87145,42.31893],[-7.8602,42.28985],[-7.82197,42.29631],[-7.82872,42.3157],[-7.80623,42.31408],[-7.83322,42.37386],[-7.8602,42.37709],[-7.87145,42.39486],[-7.91418,42.39809],[-7.94342,42.37386],[-7.96141,42.37063],[-7.95917,42.35447],[-7.98616,42.35609],[-7.9929,42.36578],[-8.00415,42.34478]]]}},{"type":"Feature","id":"32057","properties":{"cod_mun":"32057","nombre":"Parada de Sil","cod_prov":"32","cod_ccaa":"12"},"geometry":{"type":"Polygon","coordinates":[[[-7.63304,42.35447],[-7.61055,42.34962],[-7.57232,42.32862],[-7.55207,42.32539],[-7.51159,42.33993],[-7.50934,42.34639],[-7.49585,42.38194],[-7.50035,42.3884],[-7.53633,42.38355],[-7.57682,42.40456],[-7.6173,42.38355],[-7.63304,42.35447]]]}},{"type":"Feature","id":"36044","properties":{"cod_mun":"36044","nombre":"Pontecesures","cod_prov":"36","cod_ccaa":"12"},"geometry":{"type":"Polygon","coordinates":[[[-8.66539,42.7196],[-8.65414,42.70668],[-8.60466,42.70829],[-8.60691,42.71476],[-8.64965,42.72607],[-8.66539,42.7196]]]}},{"type":"Feature","id":"36045","properties":{"cod_mun":"36045","nombre":"Redondela","cod_prov":"36","cod_ccaa":"12"},"geometry":{"type":"Polygon","coordinates":[[[-8.61366,42.33024],[-8.62266,42.30923],[-8.61366,42.29792],[-8.6294,42.285],[-8.6474,42.28985],[-8.66764,42.27854],[-8.67664,42.264],[-8.66764,42.25107],[-8.64065,42.24946],[-8.62715,42.23007],[-8.61141,42.23007],[-8.59567,42.24299],[-8.59117,42.264],[-8.56418,42.28015],[-8.56643,42.30762],[-8.59117,42.32701],[-8.61366,42.33024]]]}},{"type":"Feature","id":"32058","properties":{"cod_mun":"32058","nombre":"Pereiro de Aguiar, O","cod_prov":"32","cod_ccaa":"12"},"geometry":{"type":"Polygon","coordinates":[[[-7.83322,42.37386],[-7.80623,42.31408],[-7.79273,42.29631],[-7.76124,42.28985],[-7.75225,42.306],[-7.7455,42.32377],[-7.72301,42.34316],[-7.72751,42.36255],[-7.75225,42.36578],[-7.77924,42.3577],[-7.79498,42.37871],[-7.76799,42.39971],[-7.79273,42.4094],[-7.79723,42.4094],[-7.81072,42.37871],[-7.83322,42.37386]]]}},{"type":"Feature","id":"32072","properties":{"cod_mun":"32072","nombre":"Rúa, A","cod_prov":"32","cod_ccaa":"12"},"geometry":{"type":"Polygon","coordinates":[[[-7.16748,42.39325],[-7.15623,42.38355],[-7.12699,42.3884],[-7.10675,42.38194],[-7.09325,42.3884],[-7.08651,42.39971],[-7.08876,42.43525],[-7.11799,42.44172],[-7.12024,42.45141],[-7.15173,42.43202],[-7.14723,42.42233],[-7.16523,42.40456],[-7.16748,42.39325]]]}},{"type":"Feature","id":"32059","properties":{"cod_mun":"32059","nombre":"Peroxa, A","cod_prov":"32","cod_ccaa":"12"},"geometry":{"type":"Polygon","coordinates":[[[-7.85796,42.44333],[-7.81972,42.4401],[-7.79723,42.4094],[-7.79273,42.4094],[-7.7545,42.43202],[-7.72976,42.45464],[-7.732,42.45464],[-7.75225,42.45141],[-7.77699,42.4611],[-7.78149,42.47241],[-7.74775,42.48049],[-7.77249,42.49503],[-7.79948,42.48049],[-7.82872,42.49342],[-7.84221,42.49018],[-7.85796,42.47403],[-7.85796,42.44333]]]}},{"type":"Feature","id":"32060","properties":{"cod_mun":"32060","nombre":"Petín","cod_prov":"32","cod_ccaa":"12"},"geometry":{"type":"Polygon","coordinates":[[[-7.15623,42.38355],[-7.14498,42.37709],[-7.13374,42.34478],[-7.13599,42.33508],[-7.11799,42.33508],[-7.10675,42.35609],[-7.06626,42.36255],[-7.05727,42.3577],[-7.02578,42.36417],[-7.04377,42.37871],[-7.05727,42.37547],[-7.09325,42.3884],[-7.10675,42.38194],[-7.12699,42.3884],[-7.15623,42.38355]]]}},{"type":"Feature","id":"32061","properties":{"cod_mun":"32061","nombre":"Piñor","cod_prov":"32","cod_ccaa":"12"},"geometry":{"type":"Polygon","coordinates":[[[-8.06038,42.54835],[-8.06712,42.51927],[-8.04913,42.51119],[-8.03789,42.50472],[-8.03114,42.48372],[-8.0064,42.47403],[-7.99065,42.47887],[-7.97041,42.49826],[-7.9884,42.50796],[-7.97491,42.54673],[-7.95017,42.57097],[-7.96591,42.56612],[-7.98616,42.57097],[-7.9884,42.57258],[-8.01764,42.54188],[-8.04913,42.55481],[-8.06038,42.54835]]]}},{"type":"Feature","id":"32074","properties":{"cod_mun":"32074","nombre":"San Amaro","cod_prov":"32","cod_ccaa":"12"},"geometry":{"type":"Polygon","coordinates":[[[-8.10761,42.3884],[-8.10086,42.38032],[-8.09411,42.36093],[-8.06263,42.3577],[-8.06263,42.33508],[-8.03564,42.33832],[-8.02664,42.36417],[-8.03339,42.38678],[-8.06038,42.39971],[-8.09636,42.39648],[-8.10761,42.3884]]]}},{"type":"Feature","id":"32062","properties":{"cod_mun":"32062","nombre":"Porqueira","cod_prov":"32","cod_ccaa":"12"},"geometry":{"type":"Polygon","coordinates":[[[-7.92768,42.0055],[-7.90069,42.00226],[-7.90294,41.98772],[-7.84446,42.0055],[-7.82647,42.0055],[-7.80847,41.98772],[-7.79273,41.9958],[-7.78823,42.01681],[-7.80398,42.02488],[-7.80398,42.06204],[-7.84896,42.04589],[-7.87595,42.0265],[-7.88719,42.01519],[-7.90969,42.01681],[-7.92768,42.0055]]]}},{"type":"Feature","id":"32075","properties":{"cod_mun":"32075","nombre":"San Cibrao das Viñas","cod_prov":"32","cod_ccaa":"12"},"geometry":{"type":"Polygon","coordinates":[[[-7.91193,42.25915],[-7.90294,42.24299],[-7.8782,42.24946],[-7.86245,42.24461],[-7.85346,42.24946],[-7.84671,42.27369],[-7.81747,42.26561],[-7.79498,42.27854],[-7.79273,42.29631],[-7.80623,42.31408],[-7.82872,42.3157],[-7.82197,42.29631],[-7.8602,42.28985],[-7.87145,42.31893],[-7.87595,42.29954],[-7.91193,42.25915]]]}},{"type":"Feature","id":"32063","properties":{"cod_mun":"32063","nombre":"Pobra de Trives, A","cod_prov":"32","cod_ccaa":"12"},"geometry":{"type":"Polygon","coordinates":[[[-7.32941,42.33508],[-7.36315,42.30762],[-7.32941,42.29792],[-7.31592,42.28338],[-7.31142,42.25753],[-7.28668,42.264],[-7.26644,42.28338],[-7.26194,42.29792],[-7.24395,42.31247],[-7.20346,42.32539],[-7.23045,42.35932],[-7.21696,42.38517],[-7.24844,42.39002],[-7.25519,42.39971],[-7.25519,42.38678],[-7.27993,42.37063],[-7.29118,42.34639],[-7.32941,42.33508]]]}},{"type":"Feature","id":"32064","properties":{"cod_mun":"32064","nombre":"Pontedeva","cod_prov":"32","cod_ccaa":"12"},"geometry":{"type":"Polygon","coordinates":[[[-8.16609,42.17352],[-8.15484,42.15575],[-8.12335,42.15736],[-8.11885,42.15575],[-8.12785,42.18321],[-8.16159,42.1816],[-8.16609,42.17352]]]}},{"type":"Feature","id":"32068","properties":{"cod_mun":"32068","nombre":"Ramirás","cod_prov":"32","cod_ccaa":"12"},"geometry":{"type":"Polygon","coordinates":[[[-8.07387,42.22199],[-8.08287,42.21391],[-8.07612,42.17514],[-8.06937,42.16544],[-8.05363,42.15413],[-8.02889,42.14444],[-8.02439,42.16383],[-7.9884,42.16706],[-7.97491,42.17998],[-7.97941,42.19291],[-8.0064,42.19291],[-8.03114,42.20745],[-8.06487,42.21553],[-8.07387,42.22199]]]}},{"type":"Feature","id":"32077","properties":{"cod_mun":"32077","nombre":"Sandiás","cod_prov":"32","cod_ccaa":"12"},"geometry":{"type":"Polygon","coordinates":[[[-7.79048,42.12667],[-7.79273,42.10243],[-7.78373,42.09436],[-7.78149,42.06204],[-7.75674,42.06204],[-7.68702,42.12344],[-7.71401,42.14444],[-7.741,42.14767],[-7.76799,42.15898],[-7.77024,42.12505],[-7.79048,42.12667]]]}},{"type":"Feature","id":"32069","properties":{"cod_mun":"32069","nombre":"Ribadavia","cod_prov":"32","cod_ccaa":"12"},"geometry":{"type":"Polygon","coordinates":[[[-8.18408,42.24299],[-8.16159,42.24461],[-8.15934,42.24461],[-8.15034,42.27692],[-8.13235,42.28177],[-8.1166,42.29792],[-8.08737,42.30277],[-8.07612,42.3157],[-8.09861,42.31893],[-8.09636,42.33185],[-8.1211,42.32701],[-8.1211,42.30923],[-8.13235,42.306],[-8.17508,42.29308],[-8.15934,42.27692],[-8.17508,42.26561],[-8.18633,42.27207],[-8.18408,42.24299]]]}},{"type":"Feature","id":"32070","properties":{"cod_mun":"32070","nombre":"San Xoán de Río","cod_prov":"32","cod_ccaa":"12"},"geometry":{"type":"Polygon","coordinates":[[[-7.3699,42.42071],[-7.33841,42.39163],[-7.3474,42.3674],[-7.36315,42.36255],[-7.3519,42.34316],[-7.32941,42.33508],[-7.29118,42.34639],[-7.27993,42.37063],[-7.25519,42.38678],[-7.25519,42.39971],[-7.26869,42.41425],[-7.29118,42.41425],[-7.30692,42.42879],[-7.34516,42.43041],[-7.3699,42.42071]]]}},{"type":"Feature","id":"32071","properties":{"cod_mun":"32071","nombre":"Riós","cod_prov":"32","cod_ccaa":"12"},"geometry":{"type":"Polygon","coordinates":[[[-7.34516,41.99257],[-7.33841,41.96672],[-7.3564,41.9538],[-7.3474,41.94087],[-7.32042,41.92633],[-7.27768,41.92148],[-7.27768,41.92795],[-7.2417,41.94249],[-7.23495,41.95218],[-7.19446,41.92633],[-7.18322,41.91179],[-7.17422,41.91987],[-7.18772,41.94733],[-7.18547,41.97157],[-7.19671,41.98126],[-7.23495,41.98126],[-7.2282,41.99096],[-7.2417,42.01034],[-7.26419,42.01842],[-7.27543,42.03781],[-7.29792,42.03135],[-7.32491,42.03781],[-7.31592,42.0055],[-7.34516,41.99257]]]}},{"type":"Feature","id":"32073","properties":{"cod_mun":"32073","nombre":"Rubiá","cod_prov":"32","cod_ccaa":"12"},"geometry":{"type":"Polygon","coordinates":[[[-6.97855,42.49342],[-6.96955,42.4918],[-6.9808,42.46918],[-6.96505,42.4611],[-6.96505,42.44495],[-6.94706,42.42879],[-6.91332,42.44495],[-6.90433,42.43041],[-6.87059,42.43848],[-6.85035,42.41587],[-6.83011,42.4094],[-6.81661,42.42717],[-6.82111,42.45464],[-6.81211,42.4611],[-6.80762,42.46918],[-6.83461,42.49342],[-6.8481,42.48695],[-6.93582,42.51927],[-6.96056,42.51765],[-6.97855,42.49342]]]}},{"type":"Feature","id":"32076","properties":{"cod_mun":"32076","nombre":"San Cristovo de Cea","cod_prov":"32","cod_ccaa":"12"},"geometry":{"type":"Polygon","coordinates":[[[-7.95017,42.57097],[-7.97491,42.54673],[-7.9884,42.50796],[-7.97041,42.49826],[-7.99065,42.47887],[-8.0064,42.47403],[-8.03114,42.48372],[-8.04688,42.46757],[-8.02664,42.46272],[-8.02439,42.44172],[-7.9974,42.45464],[-7.97266,42.44333],[-7.97716,42.42717],[-7.94342,42.42879],[-7.93443,42.44818],[-7.91418,42.45787],[-7.93218,42.49342],[-7.91418,42.50796],[-7.90069,42.52088],[-7.92318,42.52573],[-7.88944,42.53865],[-7.88944,42.54996],[-7.91193,42.55642],[-7.92993,42.57904],[-7.95017,42.57097]]]}},{"type":"Feature","id":"32080","properties":{"cod_mun":"32080","nombre":"Teixeira, A","cod_prov":"32","cod_ccaa":"12"},"geometry":{"type":"Polygon","coordinates":[[[-7.50934,42.34639],[-7.4981,42.33024],[-7.47785,42.32862],[-7.45986,42.34962],[-7.45536,42.39163],[-7.43737,42.38678],[-7.43287,42.39971],[-7.44862,42.40779],[-7.46211,42.40779],[-7.50035,42.3884],[-7.49585,42.38194],[-7.50934,42.34639]]]}},{"type":"Feature","id":"32081","properties":{"cod_mun":"32081","nombre":"Toén","cod_prov":"32","cod_ccaa":"12"},"geometry":{"type":"Polygon","coordinates":[[[-8.01989,42.32377],[-8.02439,42.30923],[-8.0019,42.27854],[-7.9884,42.26561],[-7.96591,42.27207],[-7.95017,42.26723],[-7.89394,42.30923],[-7.92318,42.32216],[-7.93218,42.34155],[-7.95242,42.33508],[-8.00415,42.34478],[-8.0064,42.34478],[-8.01989,42.32377]]]}},{"type":"Feature","id":"32083","properties":{"cod_mun":"32083","nombre":"Veiga, A","cod_prov":"32","cod_ccaa":"12"},"geometry":{"type":"Polygon","coordinates":[[[-7.10225,42.23815],[-7.09775,42.23976],[-7.01903,42.19776],[-6.98979,42.20422],[-6.97405,42.18645],[-6.94481,42.17191],[-6.91557,42.18968],[-6.89983,42.18968],[-6.88633,42.21391],[-6.85485,42.22684],[-6.83011,42.22684],[-6.78737,42.21553],[-6.80312,42.23976],[-6.79412,42.24946],[-6.80537,42.24784],[-6.81661,42.27207],[-6.8571,42.28338],[-6.88409,42.29792],[-6.88409,42.31085],[-6.90208,42.31408],[-6.94706,42.33347],[-6.97405,42.3577],[-6.99654,42.35447],[-7.02578,42.36417],[-7.05727,42.3577],[-7.04602,42.33993],[-7.05727,42.32862],[-7.05727,42.27692],[-7.06402,42.264],[-7.1045,42.25269],[-7.10225,42.23815]]]}},{"type":"Feature","id":"32085","properties":{"cod_mun":"32085","nombre":"Verín","cod_prov":"32","cod_ccaa":"12"},"geometry":{"type":"Polygon","coordinates":[[[-7.46436,41.91825],[-7.44637,41.90694],[-7.45311,41.86494],[-7.44637,41.85686],[-7.42387,41.85686],[-7.42612,41.83262],[-7.42837,41.80677],[-7.39689,41.82616],[-7.39014,41.84232],[-7.36315,41.85363],[-7.3519,41.87463],[-7.39014,41.86817],[-7.39014,41.8924],[-7.40813,41.90694],[-7.38564,41.94249],[-7.3654,41.95864],[-7.36315,41.97641],[-7.41938,41.98288],[-7.44187,41.97641],[-7.44412,41.94249],[-7.45761,41.95218],[-7.47336,41.94249],[-7.46436,41.91825]]]}},{"type":"Feature","id":"32086","properties":{"cod_mun":"32086","nombre":"Viana do Bolo","cod_prov":"32","cod_ccaa":"12"},"geometry":{"type":"Polygon","coordinates":[[[-7.18997,42.23168],[-7.17872,42.21876],[-7.21246,42.2026],[-7.16748,42.19452],[-7.15623,42.17837],[-7.20346,42.1089],[-7.16972,42.10243],[-7.12924,42.07658],[-7.11125,42.07174],[-7.091,42.08466],[-7.05952,42.07658],[-7.03478,42.07174],[-7.00329,42.08466],[-6.99204,42.0992],[-6.98979,42.12182],[-6.95606,42.1299],[-6.94481,42.14282],[-6.94481,42.17191],[-6.97405,42.18645],[-6.98979,42.20422],[-7.01903,42.19776],[-7.09775,42.23976],[-7.10225,42.23815],[-7.13824,42.21876],[-7.16748,42.24622],[-7.18997,42.23168]]]}},{"type":"Feature","id":"32087","properties":{"cod_mun":"32087","nombre":"Vilamarín","cod_prov":"32","cod_ccaa":"12"},"geometry":{"type":"Polygon","coordinates":[[[-7.94342,42.42879],[-7.93667,42.42233],[-7.91193,42.42879],[-7.91868,42.41425],[-7.88494,42.41263],[-7.85121,42.43848],[-7.85796,42.44333],[-7.85796,42.47403],[-7.84221,42.49018],[-7.87595,42.51119],[-7.91418,42.50796],[-7.93218,42.49342],[-7.91418,42.45787],[-7.93443,42.44818],[-7.94342,42.42879]]]}},{"type":"Feature","id":"32088","properties":{"cod_mun":"32088","nombre":"Vilamartín de Valdeorras","cod_prov":"32","cod_ccaa":"12"},"geometry":{"type":"Polygon","coordinates":[[[-7.12024,42.45141],[-7.11799,42.44172],[-7.08876,42.43525],[-7.08651,42.39971],[-7.09325,42.3884],[-7.05727,42.37547],[-7.04377,42.37871],[-7.03703,42.39809],[-7.02128,42.40456],[-7.01004,42.42879],[-7.01678,42.4401],[-6.99879,42.49665],[-7.00104,42.50634],[-7.02803,42.49826],[-7.05277,42.50796],[-7.07751,42.50796],[-7.1,42.45787],[-7.12024,42.45141]]]}},{"type":"Feature","id":"36056","properties":{"cod_mun":"36056","nombre":"Valga","cod_prov":"36","cod_ccaa":"12"},"geometry":{"type":"Polygon","coordinates":[[[-8.72612,42.68891],[-8.72612,42.68729],[-8.68788,42.68729],[-8.66539,42.66144],[-8.6384,42.66144],[-8.61366,42.66952],[-8.60241,42.6776],[-8.59567,42.70506],[-8.60466,42.70829],[-8.65414,42.70668],[-8.66539,42.7196],[-8.67214,42.71799],[-8.67888,42.71152],[-8.71712,42.70668],[-8.72612,42.68891]]]}},{"type":"Feature","id":"36057","properties":{"cod_mun":"36057","nombre":"Vigo","cod_prov":"36","cod_ccaa":"12"},"geometry":{"type":"MultiPolygon","coordinates":[[[[-8.91504,42.2123],[-8.8993,42.21714],[-8.9038,42.24299],[-8.91504,42.2123]]],[[[-8.67664,42.264],[-8.70363,42.25915],[-8.71262,42.24138],[-8.72612,42.24299],[-8.73961,42.22684],[-8.76435,42.23007],[-8.7801,42.20422],[-8.81608,42.18806],[-8.81833,42.16544],[-8.75311,42.17352],[-8.73736,42.16544],[-8.70363,42.15575],[-8.69688,42.13313],[-8.69013,42.13798],[-8.67214,42.15252],[-8.66539,42.20583],[-8.62715,42.23007],[-8.64065,42.24946],[-8.66764,42.25107],[-8.67664,42.264]]]]}},{"type":"Feature","id":"32089","properties":{"cod_mun":"32089","nombre":"Vilar de Barrio","cod_prov":"32","cod_ccaa":"12"},"geometry":{"type":"Polygon","coordinates":[[[-7.67128,42.13959],[-7.58581,42.15575],[-7.56107,42.14121],[-7.53858,42.12505],[-7.51159,42.12505],[-7.48235,42.14606],[-7.46661,42.16867],[-7.46436,42.18968],[-7.50035,42.21068],[-7.51834,42.19614],[-7.55882,42.2026],[-7.6128,42.22684],[-7.6263,42.19129],[-7.65553,42.1816],[-7.67128,42.13959]]]}},{"type":"Feature","id":"32090","properties":{"cod_mun":"32090","nombre":"Vilar de Santos","cod_prov":"32","cod_ccaa":"12"},"geometry":{"type":"Polygon","coordinates":[[[-7.80847,42.13798],[-7.82197,42.11536],[-7.82422,42.08951],[-7.80398,42.06204],[-7.78149,42.06204],[-7.78373,42.09436],[-7.79273,42.10243],[-7.79048,42.12667],[-7.80847,42.13798]]]}},{"type":"Feature","id":"32091","properties":{"cod_mun":"32091","nombre":"Vilardevós","cod_prov":"32","cod_ccaa":"12"},"geometry":{"type":"Polygon","coordinates":[[[-7.36315,41.97641],[-7.3654,41.95864],[-7.38564,41.94249],[-7.40813,41.90694],[-7.39014,41.8924],[-7.39014,41.86817],[-7.3519,41.87463],[-7.36315,41.85363],[-7.3564,41.8407],[-7.31592,41.84232],[-7.25744,41.86655],[-7.2327,41.86655],[-7.19671,41.87948],[-7.18322,41.91179],[-7.19446,41.92633],[-7.23495,41.95218],[-7.2417,41.94249],[-7.27768,41.92795],[-7.27768,41.92148],[-7.32042,41.92633],[-7.3474,41.94087],[-7.3564,41.9538],[-7.33841,41.96672],[-7.34516,41.99257],[-7.36315,41.98772],[-7.36315,41.97641]]]}},{"type":"Feature","id":"36058","properties":{"cod_mun":"36058","nombre":"Vilaboa","cod_prov":"36","cod_ccaa":"12"},"geometry":{"type":"Polygon","coordinates":[[[-8.66764,42.37709],[-8.67664,42.35124],[-8.69013,42.34478],[-8.68788,42.33024],[-8.65864,42.29146],[-8.66314,42.31085],[-8.63615,42.32701],[-8.63615,42.34801],[-8.61816,42.34962],[-8.62041,42.36417],[-8.60916,42.39325],[-8.6294,42.39486],[-8.66764,42.37709]]]}},{"type":"Feature","id":"36059","properties":{"cod_mun":"36059","nombre":"Vila de Cruces","cod_prov":"36","cod_ccaa":"12"},"geometry":{"type":"Polygon","coordinates":[[[-8.34826,42.78423],[-8.31453,42.76323],[-8.28754,42.77292],[-8.26055,42.75515],[-8.23581,42.75676],[-8.22231,42.72445],[-8.21332,42.72445],[-8.21557,42.74384],[-8.23131,42.75192],[-8.22231,42.76161],[-8.19307,42.7503],[-8.17958,42.75353],[-8.15709,42.73738],[-8.15934,42.76484],[-8.15034,42.77453],[-8.11885,42.781],[-8.10761,42.78423],[-8.10311,42.80846],[-8.1256,42.81331],[-8.13235,42.83593],[-8.11885,42.84239],[-8.1391,42.84401],[-8.17508,42.85855],[-8.20657,42.84239],[-8.21557,42.84562],[-8.21107,42.823],[-8.2538,42.83593],[-8.27629,42.82139],[-8.27404,42.81331],[-8.29878,42.81977],[-8.31678,42.84562],[-8.34601,42.8327],[-8.33252,42.82947],[-8.33252,42.802],[-8.34826,42.78423]]]}},{"type":"Feature","id":"36060","properties":{"cod_mun":"36060","nombre":"Vilagarcía de Arousa","cod_prov":"36","cod_ccaa":"12"},"geometry":{"type":"Polygon","coordinates":[[[-8.74636,42.64367],[-8.77785,42.61459],[-8.76885,42.60651],[-8.80034,42.58227],[-8.79809,42.55804],[-8.78459,42.56773],[-8.7576,42.56289],[-8.72387,42.57743],[-8.70587,42.62751],[-8.69913,42.63236],[-8.72612,42.6259],[-8.74636,42.64367]]]}},{"type":"Feature","id":"36061","properties":{"cod_mun":"36061","nombre":"Vilanova de Arousa","cod_prov":"36","cod_ccaa":"12"},"geometry":{"type":"Polygon","coordinates":[[[-8.80034,42.58227],[-8.82958,42.57581],[-8.83632,42.55158],[-8.82508,42.53057],[-8.79584,42.54027],[-8.78234,42.52411],[-8.76885,42.53865],[-8.75535,42.53381],[-8.73511,42.54673],[-8.70363,42.56289],[-8.68788,42.55804],[-8.70363,42.56773],[-8.72387,42.57743],[-8.7576,42.56289],[-8.78459,42.56773],[-8.79809,42.55804],[-8.80034,42.58227]]]}},{"type":"Feature","id":"36901","properties":{"cod_mun":"36901","nombre":"Illa de Arousa, A","cod_prov":"36","cod_ccaa":"12"},"geometry":{"type":"Polygon","coordinates":[[[-8.87231,42.52411],[-8.85881,42.55804],[-8.87681,42.5742],[-8.88805,42.56773],[-8.87006,42.55642],[-8.88131,42.53381],[-8.87231,42.52411]]]}},{"type":"Feature","id":"36902","properties":{"cod_mun":"36902","nombre":"Cerdedo-Cotobade","cod_prov":"36","cod_ccaa":"12"},"geometry":{"type":"Polygon","coordinates":[[[-8.56868,42.48695],[-8.56418,42.4708],[-8.57767,42.44818],[-8.55518,42.43041],[-8.52145,42.42394],[-8.49221,42.42556],[-8.46297,42.41263],[-8.44498,42.42233],[-8.42024,42.46433],[-8.40224,42.45949],[-8.38875,42.47241],[-8.38875,42.49018],[-8.36626,42.50796],[-8.35276,42.53381],[-8.33252,42.53381],[-8.33252,42.54996],[-8.35501,42.56773],[-8.36176,42.55804],[-8.382,42.56773],[-8.38875,42.5952],[-8.41574,42.58227],[-8.42473,42.59035],[-8.47197,42.57904],[-8.47421,42.57097],[-8.47871,42.56289],[-8.44723,42.52573],[-8.48546,42.51765],[-8.51245,42.51927],[-8.5192,42.53704],[-8.53944,42.5225],[-8.55293,42.4918],[-8.56868,42.48695]]]}},{"type":"Feature","id":"32092","properties":{"cod_mun":"32092","nombre":"Vilariño de Conso","cod_prov":"32","cod_ccaa":"12"},"geometry":{"type":"Polygon","coordinates":[[[-7.37664,42.17352],[-7.38564,42.1606],[-7.3699,42.11697],[-7.35415,42.1089],[-7.29568,42.10243],[-7.29568,42.09112],[-7.26869,42.06689],[-7.2372,42.06689],[-7.2192,42.07981],[-7.2192,42.09436],[-7.20346,42.1089],[-7.15623,42.17837],[-7.16748,42.19452],[-7.21246,42.2026],[-7.17872,42.21876],[-7.18997,42.23168],[-7.21696,42.22361],[-7.24395,42.22684],[-7.27993,42.21391],[-7.26419,42.18806],[-7.27993,42.18968],[-7.30017,42.20099],[-7.32491,42.18968],[-7.31367,42.1816],[-7.34965,42.19129],[-7.37215,42.18483],[-7.37664,42.17352]]]}},{"type":"Feature","id":"36001","properties":{"cod_mun":"36001","nombre":"Arbo","cod_prov":"36","cod_ccaa":"12"},"geometry":{"type":"Polygon","coordinates":[[[-8.35051,42.15252],[-8.35276,42.12505],[-8.37076,42.08789],[-8.33252,42.08305],[-8.32352,42.10082],[-8.30328,42.10405],[-8.25605,42.13475],[-8.28079,42.14929],[-8.30778,42.15736],[-8.31678,42.1509],[-8.35051,42.15252]]]}},{"type":"Feature","id":"36002","properties":{"cod_mun":"36002","nombre":"Barro","cod_prov":"36","cod_ccaa":"12"},"geometry":{"type":"Polygon","coordinates":[[[-8.69238,42.48049],[-8.69238,42.47887],[-8.65864,42.49503],[-8.6384,42.49665],[-8.62491,42.51119],[-8.59792,42.5128],[-8.60466,42.52088],[-8.61816,42.5645],[-8.6339,42.55481],[-8.66314,42.55481],[-8.67214,42.53542],[-8.66989,42.52411],[-8.68788,42.5128],[-8.69238,42.48049]]]}},{"type":"Feature","id":"36003","properties":{"cod_mun":"36003","nombre":"Baiona","cod_prov":"36","cod_ccaa":"12"},"geometry":{"type":"Polygon","coordinates":[[[-8.82508,42.11859],[-8.83407,42.11213],[-8.86331,42.12182],[-8.8993,42.10405],[-8.8903,42.10243],[-8.87681,42.07497],[-8.85207,42.0782],[-8.83182,42.07012],[-8.82733,42.04912],[-8.80933,42.05558],[-8.80708,42.0572],[-8.81158,42.11536],[-8.82508,42.11859]]]}},{"type":"Feature","id":"36004","properties":{"cod_mun":"36004","nombre":"Bueu","cod_prov":"36","cod_ccaa":"12"},"geometry":{"type":"MultiPolygon","coordinates":[[[[-8.93978,42.35609],[-8.92629,42.39002],[-8.94428,42.38032],[-8.93978,42.35609]]],[[[-8.75311,42.34316],[-8.79134,42.32701],[-8.80034,42.33832],[-8.83407,42.34155],[-8.81833,42.30277],[-8.79134,42.30439],[-8.7621,42.29308],[-8.73736,42.32054],[-8.73511,42.33024],[-8.75311,42.34316]]]]}},{"type":"Feature","id":"36005","properties":{"cod_mun":"36005","nombre":"Caldas de Reis","cod_prov":"36","cod_ccaa":"12"},"geometry":{"type":"Polygon","coordinates":[[[-8.72387,42.57743],[-8.70363,42.56773],[-8.69463,42.58227],[-8.67888,42.58389],[-8.65864,42.59843],[-8.6474,42.56773],[-8.61816,42.57258],[-8.60241,42.60166],[-8.61366,42.62105],[-8.60916,42.63397],[-8.61366,42.66952],[-8.6384,42.66144],[-8.66539,42.66144],[-8.69913,42.63236],[-8.70587,42.62751],[-8.72387,42.57743]]]}},{"type":"Feature","id":"36006","properties":{"cod_mun":"36006","nombre":"Cambados","cod_prov":"36","cod_ccaa":"12"},"geometry":{"type":"MultiPolygon","coordinates":[[[[-8.80484,42.50149],[-8.82508,42.49503],[-8.82958,42.4708],[-8.82058,42.45949],[-8.80034,42.46757],[-8.79809,42.48695],[-8.80484,42.50149]]],[[[-8.75535,42.53381],[-8.76885,42.53865],[-8.78234,42.52411],[-8.79584,42.54027],[-8.82508,42.53057],[-8.81383,42.52896],[-8.81833,42.50149],[-8.80484,42.50149],[-8.77785,42.50149],[-8.77785,42.52411],[-8.76435,42.51927],[-8.75535,42.53381]]]]}},{"type":"Feature","id":"36007","properties":{"cod_mun":"36007","nombre":"Campo Lameiro","cod_prov":"36","cod_ccaa":"12"},"geometry":{"type":"Polygon","coordinates":[[[-8.59792,42.5128],[-8.58442,42.50957],[-8.56868,42.48695],[-8.55293,42.4918],[-8.53944,42.5225],[-8.5192,42.53704],[-8.51245,42.51927],[-8.48546,42.51765],[-8.44723,42.52573],[-8.47871,42.56289],[-8.47421,42.57097],[-8.49671,42.57743],[-8.5012,42.58874],[-8.54394,42.58874],[-8.55968,42.58227],[-8.55743,42.56127],[-8.57318,42.52573],[-8.59792,42.5128]]]}},{"type":"Feature","id":"36008","properties":{"cod_mun":"36008","nombre":"Cangas","cod_prov":"36","cod_ccaa":"12"},"geometry":{"type":"Polygon","coordinates":[[[-8.7621,42.29308],[-8.79134,42.30439],[-8.81833,42.30277],[-8.82283,42.27531],[-8.85881,42.30439],[-8.86331,42.26884],[-8.82508,42.25107],[-8.81608,42.25915],[-8.78909,42.24784],[-8.78459,42.26238],[-8.75985,42.26238],[-8.7621,42.29308]]]}},{"type":"Feature","id":"36009","properties":{"cod_mun":"36009","nombre":"Cañiza, A","cod_prov":"36","cod_ccaa":"12"},"geometry":{"type":"Polygon","coordinates":[[[-8.39325,42.16867],[-8.373,42.17352],[-8.35051,42.15252],[-8.31678,42.1509],[-8.30778,42.15736],[-8.28079,42.14929],[-8.2538,42.15898],[-8.25155,42.17191],[-8.22231,42.17675],[-8.21332,42.18806],[-8.23356,42.19776],[-8.23581,42.21068],[-8.22231,42.2333],[-8.26505,42.25269],[-8.27179,42.28177],[-8.28979,42.27854],[-8.31003,42.2543],[-8.31678,42.23168],[-8.35051,42.18321],[-8.391,42.17837],[-8.39325,42.16867]]]}},{"type":"Feature","id":"36010","properties":{"cod_mun":"36010","nombre":"Catoira","cod_prov":"36","cod_ccaa":"12"},"geometry":{"type":"Polygon","coordinates":[[[-8.72612,42.68729],[-8.72837,42.66629],[-8.74636,42.64367],[-8.72612,42.6259],[-8.69913,42.63236],[-8.66539,42.66144],[-8.68788,42.68729],[-8.72612,42.68729]]]}},{"type":"Feature","id":"36013","properties":{"cod_mun":"36013","nombre":"Covelo","cod_prov":"36","cod_ccaa":"12"},"geometry":{"type":"Polygon","coordinates":[[[-8.40674,42.29469],[-8.40899,42.23976],[-8.391,42.22684],[-8.40224,42.20099],[-8.37975,42.18321],[-8.35051,42.18321],[-8.31678,42.23168],[-8.31003,42.2543],[-8.28979,42.27854],[-8.27179,42.28177],[-8.2628,42.3157],[-8.28529,42.31893],[-8.31228,42.34316],[-8.32577,42.34962],[-8.34601,42.34801],[-8.36401,42.32539],[-8.3775,42.32539],[-8.40674,42.29469]]]}},{"type":"Feature","id":"36014","properties":{"cod_mun":"36014","nombre":"Crecente","cod_prov":"36","cod_ccaa":"12"},"geometry":{"type":"Polygon","coordinates":[[[-8.28079,42.14929],[-8.25605,42.13475],[-8.22456,42.13313],[-8.19757,42.15413],[-8.18183,42.15736],[-8.16609,42.17352],[-8.16159,42.1816],[-8.17508,42.18483],[-8.17508,42.20422],[-8.19083,42.2123],[-8.16609,42.22037],[-8.16159,42.24461],[-8.18408,42.24299],[-8.20432,42.24461],[-8.22231,42.2333],[-8.23581,42.21068],[-8.23356,42.19776],[-8.21332,42.18806],[-8.22231,42.17675],[-8.25155,42.17191],[-8.2538,42.15898],[-8.28079,42.14929]]]}},{"type":"Feature","id":"36015","properties":{"cod_mun":"36015","nombre":"Cuntis","cod_prov":"36","cod_ccaa":"12"},"geometry":{"type":"Polygon","coordinates":[[[-8.61366,42.66952],[-8.60916,42.63397],[-8.61366,42.62105],[-8.60241,42.60166],[-8.56643,42.61297],[-8.54394,42.60166],[-8.54394,42.58874],[-8.5012,42.58874],[-8.5102,42.62105],[-8.50345,42.64205],[-8.5147,42.6776],[-8.53719,42.69052],[-8.57767,42.68891],[-8.58442,42.6776],[-8.60241,42.6776],[-8.61366,42.66952]]]}},{"type":"Feature","id":"36016","properties":{"cod_mun":"36016","nombre":"Dozón","cod_prov":"36","cod_ccaa":"12"},"geometry":{"type":"Polygon","coordinates":[[[-8.11211,42.55642],[-8.09186,42.55642],[-8.06038,42.54835],[-8.04913,42.55481],[-8.01764,42.54188],[-7.9884,42.57258],[-7.98616,42.57097],[-7.96591,42.56612],[-7.99065,42.5742],[-7.99965,42.59035],[-7.9884,42.59843],[-8.00865,42.61136],[-8.00865,42.62751],[-8.03789,42.64205],[-8.06487,42.64528],[-8.07837,42.62105],[-8.07837,42.60005],[-8.09411,42.60005],[-8.11211,42.55642]]]}},{"type":"Feature","id":"36017","properties":{"cod_mun":"36017","nombre":"Estrada, A","cod_prov":"36","cod_ccaa":"12"},"geometry":{"type":"Polygon","coordinates":[[[-8.60691,42.71476],[-8.60466,42.70829],[-8.59567,42.70506],[-8.60241,42.6776],[-8.58442,42.6776],[-8.57767,42.68891],[-8.53719,42.69052],[-8.5147,42.6776],[-8.50345,42.64205],[-8.5102,42.62105],[-8.5012,42.58874],[-8.49671,42.57743],[-8.47421,42.57097],[-8.47197,42.57904],[-8.42473,42.59035],[-8.41574,42.58227],[-8.38875,42.5952],[-8.3865,42.62913],[-8.3955,42.65498],[-8.36176,42.67921],[-8.35051,42.67437],[-8.34152,42.68891],[-8.35276,42.70829],[-8.33702,42.7503],[-8.37076,42.76807],[-8.35726,42.781],[-8.39325,42.78908],[-8.41574,42.76484],[-8.40674,42.75676],[-8.43148,42.74545],[-8.47197,42.74384],[-8.50795,42.75676],[-8.55968,42.75515],[-8.57093,42.74222],[-8.60017,42.74384],[-8.60691,42.71476]]]}},{"type":"Feature","id":"36018","properties":{"cod_mun":"36018","nombre":"Forcarei","cod_prov":"36","cod_ccaa":"12"},"geometry":{"type":"Polygon","coordinates":[[[-8.38875,42.47241],[-8.36626,42.48695],[-8.35276,42.48049],[-8.34152,42.4918],[-8.30328,42.49018],[-8.27179,42.52088],[-8.23581,42.53865],[-8.2538,42.5645],[-8.2493,42.57743],[-8.26505,42.59682],[-8.27629,42.64528],[-8.30778,42.65336],[-8.32127,42.65013],[-8.35051,42.67437],[-8.36176,42.67921],[-8.3955,42.65498],[-8.3865,42.62913],[-8.38875,42.5952],[-8.382,42.56773],[-8.36176,42.55804],[-8.35501,42.56773],[-8.33252,42.54996],[-8.33252,42.53381],[-8.35276,42.53381],[-8.36626,42.50796],[-8.38875,42.49018],[-8.38875,42.47241]]]}},{"type":"Feature","id":"36019","properties":{"cod_mun":"36019","nombre":"Fornelos de Montes","cod_prov":"36","cod_ccaa":"12"},"geometry":{"type":"Polygon","coordinates":[[[-8.5237,42.33024],[-8.48546,42.32377],[-8.48321,42.28985],[-8.46072,42.28338],[-8.43373,42.29792],[-8.40674,42.29469],[-8.3775,42.32539],[-8.36401,42.32539],[-8.34601,42.34801],[-8.32577,42.34962],[-8.32352,42.36578],[-8.34601,42.37224],[-8.391,42.36578],[-8.40224,42.34801],[-8.43148,42.34478],[-8.43598,42.35932],[-8.45622,42.36417],[-8.48096,42.33832],[-8.49221,42.34801],[-8.5237,42.34155],[-8.5237,42.33024]]]}},{"type":"Feature","id":"36020","properties":{"cod_mun":"36020","nombre":"Agolada","cod_prov":"36","cod_ccaa":"12"},"geometry":{"type":"Polygon","coordinates":[[[-8.11885,42.781],[-8.10761,42.76807],[-8.07612,42.76484],[-8.07612,42.75515],[-8.03564,42.74384],[-8.02439,42.71476],[-8.0109,42.70183],[-7.96141,42.73253],[-7.93443,42.73899],[-7.98166,42.78746],[-7.97941,42.81169],[-7.95692,42.83916],[-7.96816,42.84885],[-7.98391,42.84239],[-7.99965,42.84885],[-8.02664,42.84724],[-8.04463,42.8327],[-8.06263,42.83593],[-8.07162,42.85208],[-8.08961,42.8537],[-8.11885,42.84239],[-8.13235,42.83593],[-8.1256,42.81331],[-8.10311,42.80846],[-8.10761,42.78423],[-8.11885,42.781]]]}},{"type":"Feature","id":"36021","properties":{"cod_mun":"36021","nombre":"Gondomar","cod_prov":"36","cod_ccaa":"12"},"geometry":{"type":"Polygon","coordinates":[[[-8.81158,42.11536],[-8.80708,42.0572],[-8.79134,42.06527],[-8.73061,42.06043],[-8.71037,42.08628],[-8.68563,42.09112],[-8.69688,42.13313],[-8.70363,42.15575],[-8.73736,42.16544],[-8.75985,42.1299],[-8.7801,42.11213],[-8.81158,42.11536]]]}},{"type":"Feature","id":"36022","properties":{"cod_mun":"36022","nombre":"Grove, O","cod_prov":"36","cod_ccaa":"12"},"geometry":{"type":"Polygon","coordinates":[[[-8.87006,42.44818],[-8.87231,42.4611],[-8.85657,42.47241],[-8.86331,42.49826],[-8.88131,42.49988],[-8.8903,42.48211],[-8.91279,42.47564],[-8.93304,42.47887],[-8.94203,42.46433],[-8.88355,42.45464],[-8.87231,42.43848],[-8.87006,42.44818]]]}},{"type":"Feature","id":"36023","properties":{"cod_mun":"36023","nombre":"Guarda, A","cod_prov":"36","cod_ccaa":"12"},"geometry":{"type":"Polygon","coordinates":[[[-8.82958,41.89886],[-8.84082,41.92148],[-8.87231,41.92471],[-8.8858,41.94249],[-8.8858,41.91664],[-8.87456,41.89886],[-8.88131,41.88271],[-8.87231,41.86978],[-8.85657,41.87463],[-8.82958,41.89886]]]}},{"type":"Feature","id":"36024","properties":{"cod_mun":"36024","nombre":"Lalín","cod_prov":"36","cod_ccaa":"12"},"geometry":{"type":"Polygon","coordinates":[[[-8.26505,42.59682],[-8.2493,42.57743],[-8.2538,42.5645],[-8.23581,42.53865],[-8.21781,42.53381],[-8.17283,42.57258],[-8.14584,42.54835],[-8.11211,42.55642],[-8.09411,42.60005],[-8.07837,42.60005],[-8.07837,42.62105],[-8.06487,42.64528],[-8.03789,42.64205],[-8.00865,42.62751],[-7.9884,42.65336],[-7.9974,42.68406],[-8.02439,42.67113],[-8.03564,42.68406],[-8.0109,42.70183],[-8.02439,42.71476],[-8.03564,42.74384],[-8.07612,42.75515],[-8.07612,42.76484],[-8.10761,42.76807],[-8.11885,42.781],[-8.15034,42.77453],[-8.15934,42.76484],[-8.15709,42.73738],[-8.17958,42.75353],[-8.19307,42.7503],[-8.22231,42.76161],[-8.23131,42.75192],[-8.21557,42.74384],[-8.21332,42.72445],[-8.20882,42.69537],[-8.19757,42.68729],[-8.21107,42.6776],[-8.19757,42.65982],[-8.21557,42.63721],[-8.20657,42.63397],[-8.23581,42.59682],[-8.26505,42.59682]]]}},{"type":"Feature","id":"36025","properties":{"cod_mun":"36025","nombre":"Lama, A","cod_prov":"36","cod_ccaa":"12"},"geometry":{"type":"Polygon","coordinates":[[[-8.46297,42.41263],[-8.45622,42.3884],[-8.44048,42.38194],[-8.43598,42.35932],[-8.43148,42.34478],[-8.40224,42.34801],[-8.391,42.36578],[-8.34601,42.37224],[-8.32352,42.36578],[-8.31453,42.38032],[-8.33927,42.43364],[-8.33927,42.45302],[-8.34152,42.46595],[-8.36626,42.48695],[-8.38875,42.47241],[-8.40224,42.45949],[-8.42024,42.46433],[-8.44498,42.42233],[-8.46297,42.41263]]]}},{"type":"Feature","id":"36026","properties":{"cod_mun":"36026","nombre":"Marín","cod_prov":"36","cod_ccaa":"12"},"geometry":{"type":"Polygon","coordinates":[[[-8.69238,42.39971],[-8.70587,42.39809],[-8.73961,42.37386],[-8.75311,42.34316],[-8.73511,42.33024],[-8.73736,42.32054],[-8.71937,42.33185],[-8.68788,42.33024],[-8.69013,42.34478],[-8.67664,42.35124],[-8.66764,42.37709],[-8.69238,42.39971]]]}},{"type":"Feature","id":"36028","properties":{"cod_mun":"36028","nombre":"Meis","cod_prov":"36","cod_ccaa":"12"},"geometry":{"type":"Polygon","coordinates":[[[-8.76885,42.47887],[-8.76435,42.44979],[-8.74861,42.4401],[-8.73736,42.43848],[-8.72612,42.45787],[-8.69238,42.48049],[-8.68788,42.5128],[-8.66989,42.52411],[-8.67214,42.53542],[-8.70138,42.53542],[-8.68788,42.55804],[-8.70363,42.56289],[-8.73511,42.54673],[-8.71712,42.53381],[-8.73286,42.51119],[-8.7621,42.50149],[-8.76885,42.47887]]]}},{"type":"Feature","id":"36029","properties":{"cod_mun":"36029","nombre":"Moaña","cod_prov":"36","cod_ccaa":"12"},"geometry":{"type":"Polygon","coordinates":[[[-8.73736,42.32054],[-8.7621,42.29308],[-8.75985,42.26238],[-8.71937,42.28985],[-8.71262,42.27854],[-8.69013,42.28015],[-8.65864,42.29146],[-8.68788,42.33024],[-8.71937,42.33185],[-8.73736,42.32054]]]}},{"type":"Feature","id":"36030","properties":{"cod_mun":"36030","nombre":"Mondariz","cod_prov":"36","cod_ccaa":"12"},"geometry":{"type":"Polygon","coordinates":[[[-8.51695,42.26723],[-8.48546,42.22684],[-8.45847,42.22684],[-8.46972,42.21068],[-8.47421,42.20422],[-8.43598,42.19776],[-8.41574,42.18321],[-8.391,42.17837],[-8.35051,42.18321],[-8.37975,42.18321],[-8.40224,42.20099],[-8.391,42.22684],[-8.40899,42.23976],[-8.40674,42.29469],[-8.43373,42.29792],[-8.46072,42.28338],[-8.48321,42.28985],[-8.51695,42.26723]]]}},{"type":"Feature","id":"36031","properties":{"cod_mun":"36031","nombre":"Mondariz-Balneario","cod_prov":"36","cod_ccaa":"12"},"geometry":{"type":"Polygon","coordinates":[[[-8.48546,42.22684],[-8.46972,42.21068],[-8.45847,42.22684],[-8.48546,42.22684]]]}},{"type":"Feature","id":"36032","properties":{"cod_mun":"36032","nombre":"Moraña","cod_prov":"36","cod_ccaa":"12"},"geometry":{"type":"Polygon","coordinates":[[[-8.61816,42.57258],[-8.61816,42.5645],[-8.60466,42.52088],[-8.59792,42.5128],[-8.57318,42.52573],[-8.55743,42.56127],[-8.55968,42.58227],[-8.54394,42.58874],[-8.54394,42.60166],[-8.56643,42.61297],[-8.60241,42.60166],[-8.61816,42.57258]]]}},{"type":"Feature","id":"36033","properties":{"cod_mun":"36033","nombre":"Mos","cod_prov":"36","cod_ccaa":"12"},"geometry":{"type":"Polygon","coordinates":[[[-8.69013,42.13798],[-8.67214,42.13475],[-8.66989,42.1509],[-8.6429,42.16383],[-8.62041,42.16544],[-8.61366,42.18321],[-8.58892,42.17837],[-8.56643,42.22199],[-8.56868,42.24138],[-8.59567,42.24299],[-8.61141,42.23007],[-8.62715,42.23007],[-8.66539,42.20583],[-8.67214,42.15252],[-8.69013,42.13798]]]}},{"type":"Feature","id":"36034","properties":{"cod_mun":"36034","nombre":"Neves, As","cod_prov":"36","cod_ccaa":"12"},"geometry":{"type":"Polygon","coordinates":[[[-8.45397,42.08143],[-8.43148,42.07335],[-8.40449,42.07981],[-8.382,42.07658],[-8.37076,42.08789],[-8.35276,42.12505],[-8.35051,42.15252],[-8.373,42.17352],[-8.39325,42.16867],[-8.42248,42.16383],[-8.42248,42.15898],[-8.41799,42.14282],[-8.44273,42.1509],[-8.45397,42.1509],[-8.44498,42.12344],[-8.43373,42.11859],[-8.45397,42.09597],[-8.45397,42.08143]]]}},{"type":"Feature","id":"36035","properties":{"cod_mun":"36035","nombre":"Nigrán","cod_prov":"36","cod_ccaa":"12"},"geometry":{"type":"Polygon","coordinates":[[[-8.81833,42.16544],[-8.84982,42.14929],[-8.82283,42.14282],[-8.82508,42.11859],[-8.81158,42.11536],[-8.7801,42.11213],[-8.75985,42.1299],[-8.73736,42.16544],[-8.75311,42.17352],[-8.81833,42.16544]]]}},{"type":"Feature","id":"36036","properties":{"cod_mun":"36036","nombre":"Oia","cod_prov":"36","cod_ccaa":"12"},"geometry":{"type":"Polygon","coordinates":[[[-8.80933,42.05558],[-8.82733,42.04912],[-8.83182,42.07012],[-8.85207,42.0782],[-8.87681,42.07497],[-8.8903,42.10243],[-8.8993,42.10405],[-8.89255,42.08305],[-8.89705,42.06689],[-8.8858,42.05073],[-8.88805,42.01519],[-8.88131,42.00388],[-8.8858,41.96026],[-8.88355,41.96834],[-8.84982,41.97318],[-8.80484,41.96511],[-8.78684,41.99903],[-8.78684,42.01519],[-8.80933,42.03781],[-8.80933,42.05558]]]}},{"type":"Feature","id":"36039","properties":{"cod_mun":"36039","nombre":"Porriño, O","cod_prov":"36","cod_ccaa":"12"},"geometry":{"type":"Polygon","coordinates":[[[-8.69688,42.13313],[-8.68563,42.09112],[-8.66764,42.1089],[-8.6339,42.11213],[-8.63615,42.08789],[-8.61366,42.10082],[-8.58667,42.0992],[-8.57767,42.14767],[-8.58892,42.17837],[-8.61366,42.18321],[-8.62041,42.16544],[-8.6429,42.16383],[-8.66989,42.1509],[-8.67214,42.13475],[-8.69013,42.13798],[-8.69688,42.13313]]]}},{"type":"Feature","id":"36040","properties":{"cod_mun":"36040","nombre":"Portas","cod_prov":"36","cod_ccaa":"12"},"geometry":{"type":"Polygon","coordinates":[[[-8.70363,42.56773],[-8.68788,42.55804],[-8.70138,42.53542],[-8.67214,42.53542],[-8.66314,42.55481],[-8.6339,42.55481],[-8.61816,42.5645],[-8.61816,42.57258],[-8.6474,42.56773],[-8.65864,42.59843],[-8.67888,42.58389],[-8.69463,42.58227],[-8.70363,42.56773]]]}},{"type":"Feature","id":"36041","properties":{"cod_mun":"36041","nombre":"Poio","cod_prov":"36","cod_ccaa":"12"},"geometry":{"type":"Polygon","coordinates":[[[-8.74861,42.4401],[-8.7576,42.4191],[-8.7576,42.40132],[-8.71262,42.42233],[-8.69013,42.43848],[-8.68113,42.42071],[-8.65414,42.43364],[-8.67214,42.46272],[-8.69238,42.47887],[-8.69238,42.48049],[-8.72612,42.45787],[-8.73736,42.43848],[-8.74861,42.4401]]]}},{"type":"Feature","id":"36042","properties":{"cod_mun":"36042","nombre":"Ponteareas","cod_prov":"36","cod_ccaa":"12"},"geometry":{"type":"Polygon","coordinates":[[[-8.58892,42.17837],[-8.57767,42.14767],[-8.56643,42.14767],[-8.53494,42.12182],[-8.5057,42.11051],[-8.5057,42.13959],[-8.47197,42.13959],[-8.47421,42.15898],[-8.45397,42.1509],[-8.44273,42.1509],[-8.44048,42.16383],[-8.42248,42.15898],[-8.42248,42.16383],[-8.41574,42.18321],[-8.43598,42.19776],[-8.47421,42.20422],[-8.46972,42.21068],[-8.48546,42.22684],[-8.51695,42.26723],[-8.56868,42.24138],[-8.56643,42.22199],[-8.58892,42.17837]]]}},{"type":"Feature","id":"36043","properties":{"cod_mun":"36043","nombre":"Ponte Caldelas","cod_prov":"36","cod_ccaa":"12"},"geometry":{"type":"Polygon","coordinates":[[[-8.55518,42.43041],[-8.58217,42.41263],[-8.59567,42.39486],[-8.56868,42.37063],[-8.55743,42.36255],[-8.54844,42.33993],[-8.5237,42.34155],[-8.49221,42.34801],[-8.48096,42.33832],[-8.45622,42.36417],[-8.43598,42.35932],[-8.44048,42.38194],[-8.45622,42.3884],[-8.46297,42.41263],[-8.49221,42.42556],[-8.52145,42.42394],[-8.55518,42.43041]]]}},{"type":"Feature","id":"36046","properties":{"cod_mun":"36046","nombre":"Ribadumia","cod_prov":"36","cod_ccaa":"12"},"geometry":{"type":"Polygon","coordinates":[[[-8.80484,42.50149],[-8.79809,42.48695],[-8.76885,42.47887],[-8.7621,42.50149],[-8.73286,42.51119],[-8.71712,42.53381],[-8.73511,42.54673],[-8.75535,42.53381],[-8.76435,42.51927],[-8.77785,42.52411],[-8.77785,42.50149],[-8.80484,42.50149]]]}},{"type":"Feature","id":"36047","properties":{"cod_mun":"36047","nombre":"Rodeiro","cod_prov":"36","cod_ccaa":"12"},"geometry":{"type":"Polygon","coordinates":[[[-8.0109,42.70183],[-8.03564,42.68406],[-8.02439,42.67113],[-7.9974,42.68406],[-7.9884,42.65336],[-8.00865,42.62751],[-8.00865,42.61136],[-7.9884,42.59843],[-7.99965,42.59035],[-7.99065,42.5742],[-7.96591,42.56612],[-7.95017,42.57097],[-7.92993,42.57904],[-7.91193,42.59197],[-7.90519,42.60974],[-7.89169,42.62913],[-7.88719,42.66144],[-7.89169,42.6776],[-7.8737,42.68891],[-7.86245,42.70668],[-7.86695,42.72122],[-7.93443,42.73899],[-7.96141,42.73253],[-8.0109,42.70183]]]}},{"type":"Feature","id":"36048","properties":{"cod_mun":"36048","nombre":"Rosal, O","cod_prov":"36","cod_ccaa":"12"},"geometry":{"type":"Polygon","coordinates":[[[-8.8858,41.96026],[-8.8858,41.94249],[-8.87231,41.92471],[-8.84082,41.92148],[-8.82958,41.89886],[-8.7711,41.92471],[-8.7711,41.93441],[-8.81158,41.94895],[-8.80484,41.96511],[-8.84982,41.97318],[-8.88355,41.96834],[-8.8858,41.96026]]]}},{"type":"Feature","id":"36049","properties":{"cod_mun":"36049","nombre":"Salceda de Caselas","cod_prov":"36","cod_ccaa":"12"},"geometry":{"type":"Polygon","coordinates":[[[-8.63615,42.08789],[-8.60916,42.08305],[-8.61366,42.07335],[-8.59342,42.06527],[-8.57543,42.07497],[-8.55293,42.06527],[-8.53494,42.12182],[-8.56643,42.14767],[-8.57767,42.14767],[-8.58667,42.0992],[-8.61366,42.10082],[-8.63615,42.08789]]]}},{"type":"Feature","id":"36050","properties":{"cod_mun":"36050","nombre":"Salvaterra de Miño","cod_prov":"36","cod_ccaa":"12"},"geometry":{"type":"MultiPolygon","coordinates":[[[[-8.55293,42.06527],[-8.55518,42.05235],[-8.5237,42.06366],[-8.5237,42.0782],[-8.45397,42.08143],[-8.45397,42.09597],[-8.43373,42.11859],[-8.44498,42.12344],[-8.45397,42.1509],[-8.47421,42.15898],[-8.47197,42.13959],[-8.5057,42.13959],[-8.5057,42.11051],[-8.53494,42.12182],[-8.55293,42.06527]]],[[[-8.42248,42.15898],[-8.44048,42.16383],[-8.44273,42.1509],[-8.41799,42.14282],[-8.42248,42.15898]]],[[[-8.41574,42.18321],[-8.42248,42.16383],[-8.39325,42.16867],[-8.391,42.17837],[-8.41574,42.18321]]]]}},{"type":"Feature","id":"36051","properties":{"cod_mun":"36051","nombre":"Sanxenxo","cod_prov":"36","cod_ccaa":"12"},"geometry":{"type":"Polygon","coordinates":[[[-8.87006,42.44818],[-8.87231,42.43848],[-8.88131,42.41587],[-8.86556,42.41102],[-8.83857,42.38355],[-8.81608,42.39971],[-8.7711,42.39002],[-8.7576,42.40132],[-8.7576,42.4191],[-8.78684,42.41748],[-8.80034,42.43687],[-8.81833,42.43364],[-8.82283,42.45302],[-8.84757,42.45626],[-8.87006,42.44818]]]}},{"type":"Feature","id":"36052","properties":{"cod_mun":"36052","nombre":"Silleda","cod_prov":"36","cod_ccaa":"12"},"geometry":{"type":"Polygon","coordinates":[[[-8.35726,42.781],[-8.37076,42.76807],[-8.33702,42.7503],[-8.35276,42.70829],[-8.34152,42.68891],[-8.35051,42.67437],[-8.32127,42.65013],[-8.30778,42.65336],[-8.27629,42.64528],[-8.26505,42.59682],[-8.23581,42.59682],[-8.20657,42.63397],[-8.21557,42.63721],[-8.19757,42.65982],[-8.21107,42.6776],[-8.19757,42.68729],[-8.20882,42.69537],[-8.21332,42.72445],[-8.22231,42.72445],[-8.23581,42.75676],[-8.26055,42.75515],[-8.28754,42.77292],[-8.31453,42.76323],[-8.34826,42.78423],[-8.35726,42.781]]]}},{"type":"Feature","id":"36053","properties":{"cod_mun":"36053","nombre":"Soutomaior","cod_prov":"36","cod_ccaa":"12"},"geometry":{"type":"Polygon","coordinates":[[[-8.61366,42.33024],[-8.59117,42.32701],[-8.56643,42.30762],[-8.5237,42.33024],[-8.5237,42.34155],[-8.54844,42.33993],[-8.55743,42.36255],[-8.56868,42.37063],[-8.58442,42.34316],[-8.61141,42.34478],[-8.61366,42.33024]]]}},{"type":"Feature","id":"36054","properties":{"cod_mun":"36054","nombre":"Tomiño","cod_prov":"36","cod_ccaa":"12"},"geometry":{"type":"Polygon","coordinates":[[[-8.80933,42.05558],[-8.80933,42.03781],[-8.78684,42.01519],[-8.78684,41.99903],[-8.80484,41.96511],[-8.81158,41.94895],[-8.7711,41.93441],[-8.7711,41.92471],[-8.74861,41.94249],[-8.74411,41.96511],[-8.71487,41.97965],[-8.67664,41.99257],[-8.66089,42.00388],[-8.65864,42.02165],[-8.68113,42.03619],[-8.69463,42.02488],[-8.71487,42.03296],[-8.73061,42.06043],[-8.79134,42.06527],[-8.80708,42.0572],[-8.80933,42.05558]]]}},{"type":"Feature","id":"36055","properties":{"cod_mun":"36055","nombre":"Tui","cod_prov":"36","cod_ccaa":"12"},"geometry":{"type":"Polygon","coordinates":[[[-8.73061,42.06043],[-8.71487,42.03296],[-8.69463,42.02488],[-8.68113,42.03619],[-8.65864,42.02165],[-8.65864,42.02973],[-8.6294,42.05073],[-8.59342,42.0572],[-8.55518,42.05235],[-8.55293,42.06527],[-8.57543,42.07497],[-8.59342,42.06527],[-8.61366,42.07335],[-8.60916,42.08305],[-8.63615,42.08789],[-8.6339,42.11213],[-8.66764,42.1089],[-8.68563,42.09112],[-8.71037,42.08628],[-8.73061,42.06043]]]}}]}