{"type":"FeatureCollection","features":[{"type":"Feature","id":"31197","properties":{"cod_mun":"31197","nombre":"Orísoain","cod_prov":"31","cod_ccaa":"15"},"geometry":{"type":"Polygon","coordinates":[[[-1.61889,42.59843],[-1.61664,42.59197],[-1.58066,42.59197],[-1.56491,42.60489],[-1.59415,42.61136],[-1.61889,42.59843]]]}},{"type":"Feature","id":"31174","properties":{"cod_mun":"31174","nombre":"Morentin","cod_prov":"31","cod_ccaa":"15"},"geometry":{"type":"Polygon","coordinates":[[[-2.03498,42.62105],[-2.01924,42.60328],[-1.97875,42.5742],[-1.95851,42.58227],[-2.01024,42.6162],[-2.03498,42.62105]]]}},{"type":"Feature","id":"31035","properties":{"cod_mun":"31035","nombre":"Armañanzas","cod_prov":"31","cod_ccaa":"15"},"geometry":{"type":"Polygon","coordinates":[[[-2.30712,42.57743],[-2.30038,42.55158],[-2.28688,42.51765],[-2.29363,42.49018],[-2.28238,42.48695],[-2.28238,42.54835],[-2.27339,42.56935],[-2.27339,42.57097],[-2.29588,42.57904],[-2.30712,42.57743]]]}},{"type":"Feature","id":"31175","properties":{"cod_mun":"31175","nombre":"Mues","cod_prov":"31","cod_ccaa":"15"},"geometry":{"type":"Polygon","coordinates":[[[-2.25539,42.59843],[-2.23515,42.56773],[-2.23515,42.56612],[-2.20141,42.58874],[-2.2374,42.62267],[-2.25539,42.62751],[-2.25539,42.59843]]]}},{"type":"Feature","id":"31040","properties":{"cod_mun":"31040","nombre":"Atetz","cod_prov":"31","cod_ccaa":"15"},"geometry":{"type":"Polygon","coordinates":[[[-1.75159,42.97972],[-1.7336,42.92963],[-1.70886,42.93125],[-1.70661,42.90863],[-1.67737,42.92156],[-1.67287,42.94094],[-1.68187,42.94741],[-1.70211,42.95548],[-1.70211,42.97164],[-1.7156,42.98133],[-1.74259,42.97972],[-1.75159,42.97972]]]}},{"type":"Feature","id":"31041","properties":{"cod_mun":"31041","nombre":"Ayegui/Aiegi","cod_prov":"31","cod_ccaa":"15"},"geometry":{"type":"Polygon","coordinates":[[[-2.07097,42.65821],[-2.05297,42.62913],[-2.04623,42.62913],[-2.03723,42.63236],[-2.02598,42.64367],[-2.04398,42.6679],[-2.07097,42.65821]]]}},{"type":"Feature","id":"31045","properties":{"cod_mun":"31045","nombre":"Barásoain","cod_prov":"31","cod_ccaa":"15"},"geometry":{"type":"Polygon","coordinates":[[[-1.70661,42.5952],[-1.63239,42.60651],[-1.63464,42.6162],[-1.67062,42.63397],[-1.67962,42.62913],[-1.68637,42.62428],[-1.70211,42.61136],[-1.70661,42.5952]]]}},{"type":"Feature","id":"31070","properties":{"cod_mun":"31070","nombre":"Castejón","cod_prov":"31","cod_ccaa":"15"},"geometry":{"type":"Polygon","coordinates":[[[-1.7201,42.13313],[-1.69986,42.12021],[-1.67287,42.14767],[-1.64588,42.15575],[-1.64588,42.16383],[-1.68412,42.17675],[-1.67962,42.18806],[-1.69986,42.17352],[-1.67962,42.1509],[-1.7201,42.13313]]]}},{"type":"Feature","id":"31071","properties":{"cod_mun":"31071","nombre":"Castillonuevo/Gazteluberri","cod_prov":"31","cod_ccaa":"15"},"geometry":{"type":"Polygon","coordinates":[[[-1.10384,42.64528],[-1.05211,42.64205],[-1.03637,42.65175],[-1.03187,42.67598],[-1.03862,42.69214],[-1.09935,42.68729],[-1.10384,42.64528]]]}},{"type":"Feature","id":"31079","properties":{"cod_mun":"31079","nombre":"Desojo","cod_prov":"31","cod_ccaa":"15"},"geometry":{"type":"Polygon","coordinates":[[[-2.29588,42.57904],[-2.27339,42.57097],[-2.23515,42.56773],[-2.25539,42.59843],[-2.27339,42.60974],[-2.28463,42.61136],[-2.29588,42.57904]]]}},{"type":"Feature","id":"31100","properties":{"cod_mun":"31100","nombre":"Eulate","cod_prov":"31","cod_ccaa":"15"},"geometry":{"type":"Polygon","coordinates":[[[-2.22616,42.75838],[-2.19692,42.75353],[-2.18342,42.77615],[-2.22166,42.78261],[-2.22616,42.75838]]]}},{"type":"Feature","id":"31101","properties":{"cod_mun":"31101","nombre":"Ezcabarte","cod_prov":"31","cod_ccaa":"15"},"geometry":{"type":"Polygon","coordinates":[[[-1.67062,42.86339],[-1.66837,42.86016],[-1.65263,42.84724],[-1.63913,42.84078],[-1.61664,42.83916],[-1.60315,42.83593],[-1.5964,42.83916],[-1.59865,42.85532],[-1.58516,42.87309],[-1.62789,42.88278],[-1.63239,42.90863],[-1.65938,42.90378],[-1.65263,42.89571],[-1.67962,42.88278],[-1.67062,42.86339]]]}},{"type":"Feature","id":"31112","properties":{"cod_mun":"31112","nombre":"Garaioa","cod_prov":"31","cod_ccaa":"15"},"geometry":{"type":"Polygon","coordinates":[[[-1.28827,42.92317],[-1.26578,42.89409],[-1.24554,42.88924],[-1.2253,42.91994],[-1.2118,42.91833],[-1.18706,42.93287],[-1.2028,42.92802],[-1.24779,42.94094],[-1.28602,42.93125],[-1.28827,42.92317]]]}},{"type":"Feature","id":"31113","properties":{"cod_mun":"31113","nombre":"Garde","cod_prov":"31","cod_ccaa":"15"},"geometry":{"type":"Polygon","coordinates":[[[-0.94416,42.75838],[-0.92391,42.74384],[-0.90142,42.74222],[-0.90142,42.75999],[-0.87668,42.75838],[-0.86319,42.76969],[-0.84744,42.78584],[-0.86094,42.802],[-0.85419,42.823],[-0.86544,42.823],[-0.94191,42.79392],[-0.94416,42.75838]]]}},{"type":"Feature","id":"31114","properties":{"cod_mun":"31114","nombre":"Garínoain","cod_prov":"31","cod_ccaa":"15"},"geometry":{"type":"Polygon","coordinates":[[[-1.70661,42.5952],[-1.69986,42.58066],[-1.64813,42.59035],[-1.61664,42.59197],[-1.61889,42.59843],[-1.63239,42.60651],[-1.70661,42.5952]]]}},{"type":"Feature","id":"31130","properties":{"cod_mun":"31130","nombre":"Iturmendi","cod_prov":"31","cod_ccaa":"15"},"geometry":{"type":"Polygon","coordinates":[[[-2.15193,42.94256],[-2.12045,42.87147],[-2.1047,42.87309],[-2.1137,42.9054],[-2.13394,42.94094],[-2.15193,42.94256]]]}},{"type":"Feature","id":"31133","properties":{"cod_mun":"31133","nombre":"Izalzu/Itzaltzu","cod_prov":"31","cod_ccaa":"15"},"geometry":{"type":"Polygon","coordinates":[[[-1.05436,42.91025],[-1.01838,42.91994],[-1.02512,42.94418],[-1.04986,42.94418],[-1.04312,42.92156],[-1.05436,42.91025]]]}},{"type":"Feature","id":"31115","properties":{"cod_mun":"31115","nombre":"Garralda","cod_prov":"31","cod_ccaa":"15"},"geometry":{"type":"Polygon","coordinates":[[[-1.3355,42.94741],[-1.32651,42.93448],[-1.28827,42.92317],[-1.28602,42.93125],[-1.27478,42.94579],[-1.29277,42.96195],[-1.29277,42.99103],[-1.30177,42.99426],[-1.31301,42.97326],[-1.32876,42.96679],[-1.3355,42.94741]]]}},{"type":"Feature","id":"31046","properties":{"cod_mun":"31046","nombre":"Barbarin","cod_prov":"31","cod_ccaa":"15"},"geometry":{"type":"Polygon","coordinates":[[[-2.14744,42.58066],[-2.16543,42.57258],[-2.15868,42.55966],[-2.14519,42.55642],[-2.12719,42.58227],[-2.09121,42.60651],[-2.13394,42.59197],[-2.14519,42.58389],[-2.14744,42.58066]]]}},{"type":"Feature","id":"31047","properties":{"cod_mun":"31047","nombre":"Bargota","cod_prov":"31","cod_ccaa":"15"},"geometry":{"type":"Polygon","coordinates":[[[-2.33411,42.57581],[-2.32737,42.55481],[-2.31162,42.5225],[-2.30937,42.48534],[-2.30038,42.47241],[-2.28463,42.47403],[-2.28013,42.48695],[-2.28238,42.48695],[-2.29363,42.49018],[-2.28688,42.51765],[-2.30038,42.55158],[-2.30712,42.57743],[-2.32062,42.59197],[-2.32961,42.59358],[-2.33411,42.57581]]]}},{"type":"Feature","id":"31048","properties":{"cod_mun":"31048","nombre":"Barillas","cod_prov":"31","cod_ccaa":"15"},"geometry":{"type":"Polygon","coordinates":[[[-1.67737,41.97157],[-1.67512,41.96672],[-1.65713,41.96026],[-1.65488,41.96511],[-1.65263,41.98126],[-1.66612,41.97803],[-1.67737,41.97157]]]}},{"type":"Feature","id":"31053","properties":{"cod_mun":"31053","nombre":"Berbinzana","cod_prov":"31","cod_ccaa":"15"},"geometry":{"type":"Polygon","coordinates":[[[-1.88429,42.50311],[-1.85505,42.5128],[-1.79432,42.5128],[-1.78983,42.52088],[-1.8483,42.53219],[-1.87754,42.52088],[-1.88429,42.50311]]]}},{"type":"Feature","id":"31116","properties":{"cod_mun":"31116","nombre":"Genevilla","cod_prov":"31","cod_ccaa":"15"},"geometry":{"type":"Polygon","coordinates":[[[-2.43083,42.65498],[-2.39934,42.63074],[-2.38134,42.63397],[-2.37235,42.64367],[-2.38809,42.65821],[-2.41733,42.66144],[-2.43083,42.65498]]]}},{"type":"Feature","id":"31117","properties":{"cod_mun":"31117","nombre":"Goizueta","cod_prov":"31","cod_ccaa":"15"},"geometry":{"type":"Polygon","coordinates":[[[-1.91803,43.15905],[-1.90228,43.14128],[-1.86405,43.15744],[-1.85055,43.15744],[-1.84605,43.14128],[-1.83706,43.1429],[-1.81682,43.14936],[-1.78083,43.15744],[-1.76509,43.16228],[-1.77858,43.1849],[-1.76059,43.21883],[-1.76284,43.22853],[-1.79432,43.2463],[-1.85055,43.22529],[-1.85955,43.21237],[-1.87529,43.23176],[-1.87979,43.21075],[-1.8573,43.21075],[-1.88879,43.18329],[-1.91578,43.16875],[-1.91803,43.15905]]]}},{"type":"Feature","id":"31234","properties":{"cod_mun":"31234","nombre":"Ucar","cod_prov":"31","cod_ccaa":"15"},"geometry":{"type":"Polygon","coordinates":[[[-1.72235,42.68406],[-1.71785,42.6679],[-1.70661,42.66467],[-1.69986,42.66629],[-1.68187,42.67598],[-1.69986,42.69537],[-1.69761,42.70829],[-1.71785,42.71637],[-1.72235,42.68406]]]}},{"type":"Feature","id":"31056","properties":{"cod_mun":"31056","nombre":"Biurrun-Olcoz","cod_prov":"31","cod_ccaa":"15"},"geometry":{"type":"Polygon","coordinates":[[[-1.69986,42.66629],[-1.68862,42.66144],[-1.67962,42.62913],[-1.67062,42.63397],[-1.66387,42.64852],[-1.67962,42.67598],[-1.65938,42.67921],[-1.65488,42.69698],[-1.69536,42.70991],[-1.69761,42.70829],[-1.69986,42.69537],[-1.68187,42.67598],[-1.69986,42.66629]]]}},{"type":"Feature","id":"31140","properties":{"cod_mun":"31140","nombre":"Lantz","cod_prov":"31","cod_ccaa":"15"},"geometry":{"type":"Polygon","coordinates":[[[-1.63239,42.9878],[-1.62339,42.97972],[-1.6009,42.99588],[-1.5874,42.99426],[-1.58516,43.01526],[-1.59415,43.04111],[-1.6009,43.0395],[-1.63239,43.01203],[-1.63239,42.9878]]]}},{"type":"Feature","id":"31141","properties":{"cod_mun":"31141","nombre":"Lapoblación","cod_prov":"31","cod_ccaa":"15"},"geometry":{"type":"Polygon","coordinates":[[[-2.50055,42.6162],[-2.4983,42.61136],[-2.49155,42.58551],[-2.46231,42.58712],[-2.45332,42.56773],[-2.41958,42.60651],[-2.46006,42.6162],[-2.46456,42.62751],[-2.48256,42.61136],[-2.50055,42.6162]]]}},{"type":"Feature","id":"31145","properties":{"cod_mun":"31145","nombre":"Lazagurría","cod_prov":"31","cod_ccaa":"15"},"geometry":{"type":"Polygon","coordinates":[[[-2.28013,42.48695],[-2.22166,42.47241],[-2.19692,42.49503],[-2.19467,42.50149],[-2.23065,42.51442],[-2.24865,42.49826],[-2.28013,42.48695]]]}},{"type":"Feature","id":"31146","properties":{"cod_mun":"31146","nombre":"Leache/Leatxe","cod_prov":"31","cod_ccaa":"15"},"geometry":{"type":"Polygon","coordinates":[[[-1.42772,42.64205],[-1.43896,42.60328],[-1.41647,42.59682],[-1.38723,42.59197],[-1.38498,42.60328],[-1.40298,42.63074],[-1.41872,42.64205],[-1.42772,42.64205]]]}},{"type":"Feature","id":"31057","properties":{"cod_mun":"31057","nombre":"Buñuel","cod_prov":"31","cod_ccaa":"15"},"geometry":{"type":"Polygon","coordinates":[[[-1.51318,41.94895],[-1.47945,41.9538],[-1.44121,41.95056],[-1.40073,41.96349],[-1.38498,41.95703],[-1.38049,41.96026],[-1.42097,41.98772],[-1.42997,41.99903],[-1.45021,41.99419],[-1.47045,42.00065],[-1.49069,41.98934],[-1.48619,41.98126],[-1.51318,41.94895]]]}},{"type":"Feature","id":"31147","properties":{"cod_mun":"31147","nombre":"Legarda","cod_prov":"31","cod_ccaa":"15"},"geometry":{"type":"Polygon","coordinates":[[[-1.79207,42.70183],[-1.77858,42.69698],[-1.75834,42.72607],[-1.76284,42.73414],[-1.78533,42.73738],[-1.79207,42.70183]]]}},{"type":"Feature","id":"31148","properties":{"cod_mun":"31148","nombre":"Legaria","cod_prov":"31","cod_ccaa":"15"},"geometry":{"type":"Polygon","coordinates":[[[-2.19692,42.64852],[-2.18792,42.6259],[-2.17667,42.63074],[-2.16318,42.65336],[-2.19692,42.64852]]]}},{"type":"Feature","id":"31060","properties":{"cod_mun":"31060","nombre":"Burlada/Burlata","cod_prov":"31","cod_ccaa":"15"},"geometry":{"type":"Polygon","coordinates":[[[-1.61664,42.83431],[-1.62564,42.82139],[-1.60765,42.81493],[-1.60315,42.81654],[-1.60765,42.82623],[-1.61664,42.83431]]]}},{"type":"Feature","id":"31061","properties":{"cod_mun":"31061","nombre":"Busto, El","cod_prov":"31","cod_ccaa":"15"},"geometry":{"type":"Polygon","coordinates":[[[-2.2329,42.55966],[-2.2509,42.55158],[-2.25314,42.53219],[-2.23065,42.51442],[-2.2284,42.52411],[-2.22616,42.54996],[-2.2329,42.55966]]]}},{"type":"Feature","id":"31155","properties":{"cod_mun":"31155","nombre":"Liédena","cod_prov":"31","cod_ccaa":"15"},"geometry":{"type":"Polygon","coordinates":[[[-1.31076,42.61782],[-1.28377,42.60974],[-1.27253,42.59682],[-1.24554,42.60166],[-1.23879,42.59358],[-1.22755,42.5952],[-1.21855,42.61297],[-1.24104,42.61943],[-1.24104,42.63236],[-1.30402,42.6259],[-1.31076,42.61782]]]}},{"type":"Feature","id":"31161","properties":{"cod_mun":"31161","nombre":"Mañeru","cod_prov":"31","cod_ccaa":"15"},"geometry":{"type":"Polygon","coordinates":[[[-1.87304,42.69052],[-1.87529,42.63397],[-1.8618,42.62751],[-1.83256,42.64044],[-1.8483,42.65659],[-1.8438,42.6679],[-1.85955,42.68406],[-1.87304,42.69052]]]}},{"type":"Feature","id":"31162","properties":{"cod_mun":"31162","nombre":"Marañón","cod_prov":"31","cod_ccaa":"15"},"geometry":{"type":"Polygon","coordinates":[[[-2.46456,42.62751],[-2.46006,42.6162],[-2.41958,42.60651],[-2.42183,42.61297],[-2.43757,42.63397],[-2.45557,42.63559],[-2.46456,42.62751]]]}},{"type":"Feature","id":"31105","properties":{"cod_mun":"31105","nombre":"Fitero","cod_prov":"31","cod_ccaa":"15"},"geometry":{"type":"Polygon","coordinates":[[[-1.90903,42.05881],[-1.90228,42.02973],[-1.88654,42.02811],[-1.85505,42.00226],[-1.8483,42.00873],[-1.82581,41.9958],[-1.83706,42.01681],[-1.82131,42.02973],[-1.83706,42.05881],[-1.82581,42.07174],[-1.89778,42.07981],[-1.90903,42.05881]]]}},{"type":"Feature","id":"31163","properties":{"cod_mun":"31163","nombre":"Marcilla","cod_prov":"31","cod_ccaa":"15"},"geometry":{"type":"MultiPolygon","coordinates":[[[[-1.70661,42.30923],[-1.71336,42.31731],[-1.69986,42.33024],[-1.70506,42.34144],[-1.74484,42.33508],[-1.76284,42.32701],[-1.75159,42.30762],[-1.72685,42.30439],[-1.70661,42.30923]]],[[[-1.70661,42.34479],[-1.70506,42.34144],[-1.70436,42.34155],[-1.70661,42.34479]]],[[[-1.69761,42.38032],[-1.70661,42.39971],[-1.72235,42.39648],[-1.7156,42.3577],[-1.70661,42.34479],[-1.71336,42.35932],[-1.69311,42.36093],[-1.69761,42.38032]]]]}},{"type":"Feature","id":"31010","properties":{"cod_mun":"31010","nombre":"Altsasu/Alsasua","cod_prov":"31","cod_ccaa":"15"},"geometry":{"type":"Polygon","coordinates":[[[-2.23515,42.92802],[-2.21041,42.92479],[-2.20591,42.90863],[-2.18567,42.89571],[-2.16543,42.86986],[-2.15193,42.87147],[-2.15418,42.91509],[-2.17443,42.93448],[-2.19017,42.94741],[-2.21041,42.95064],[-2.23515,42.92802]]]}},{"type":"Feature","id":"31021","properties":{"cod_mun":"31021","nombre":"Aranarache/Aranaratxe","cod_prov":"31","cod_ccaa":"15"},"geometry":{"type":"Polygon","coordinates":[[[-2.2419,42.76161],[-2.22616,42.75838],[-2.22166,42.78261],[-2.2374,42.77938],[-2.2419,42.76161]]]}},{"type":"Feature","id":"31022","properties":{"cod_mun":"31022","nombre":"Arantza","cod_prov":"31","cod_ccaa":"15"},"geometry":{"type":"Polygon","coordinates":[[[-1.76509,43.16228],[-1.74934,43.15421],[-1.72685,43.16067],[-1.7156,43.18329],[-1.69536,43.19298],[-1.70436,43.20752],[-1.73135,43.22368],[-1.76059,43.21883],[-1.77858,43.1849],[-1.76509,43.16228]]]}},{"type":"Feature","id":"31026","properties":{"cod_mun":"31026","nombre":"Aras","cod_prov":"31","cod_ccaa":"15"},"geometry":{"type":"Polygon","coordinates":[[[-2.38809,42.59035],[-2.37685,42.54512],[-2.34761,42.54512],[-2.32737,42.55481],[-2.33411,42.57581],[-2.36335,42.58874],[-2.38809,42.59035]]]}},{"type":"Feature","id":"31106","properties":{"cod_mun":"31106","nombre":"Fontellas","cod_prov":"31","cod_ccaa":"15"},"geometry":{"type":"Polygon","coordinates":[[[-1.60765,42.01357],[-1.57616,41.98611],[-1.54467,41.98611],[-1.53343,42.02004],[-1.56042,42.02165],[-1.55592,42.03135],[-1.57166,42.03942],[-1.60765,42.01357]]]}},{"type":"Feature","id":"31107","properties":{"cod_mun":"31107","nombre":"Funes","cod_prov":"31","cod_ccaa":"15"},"geometry":{"type":"Polygon","coordinates":[[[-1.8573,42.32216],[-1.83706,42.27531],[-1.8438,42.25269],[-1.81906,42.24622],[-1.79882,42.23976],[-1.78308,42.26723],[-1.77183,42.26723],[-1.78758,42.29146],[-1.76733,42.28985],[-1.75159,42.30762],[-1.76284,42.32701],[-1.79207,42.32216],[-1.81682,42.32862],[-1.83031,42.3157],[-1.8573,42.32216]]]}},{"type":"Feature","id":"31176","properties":{"cod_mun":"31176","nombre":"Murchante","cod_prov":"31","cod_ccaa":"15"},"geometry":{"type":"Polygon","coordinates":[[[-1.68862,42.05235],[-1.67737,42.02004],[-1.65713,42.02165],[-1.64588,42.03296],[-1.66387,42.06366],[-1.69086,42.07174],[-1.68862,42.05235]]]}},{"type":"Feature","id":"31177","properties":{"cod_mun":"31177","nombre":"Murieta","cod_prov":"31","cod_ccaa":"15"},"geometry":{"type":"Polygon","coordinates":[[[-2.16543,42.67113],[-2.16318,42.65336],[-2.15418,42.6469],[-2.12944,42.65498],[-2.12719,42.65659],[-2.14069,42.6679],[-2.16543,42.67113]]]}},{"type":"Feature","id":"31198","properties":{"cod_mun":"31198","nombre":"Oronz/Orontze","cod_prov":"31","cod_ccaa":"15"},"geometry":{"type":"Polygon","coordinates":[[[-1.12184,42.87793],[-1.11959,42.87147],[-1.09035,42.86178],[-1.05886,42.86663],[-1.04762,42.87793],[-1.01388,42.87147],[-1.05211,42.88924],[-1.09035,42.87793],[-1.12184,42.87793]]]}},{"type":"Feature","id":"31121","properties":{"cod_mun":"31121","nombre":"Guirguillano","cod_prov":"31","cod_ccaa":"15"},"geometry":{"type":"Polygon","coordinates":[[[-1.89104,42.70991],[-1.87304,42.69052],[-1.85955,42.68406],[-1.83706,42.6986],[-1.8438,42.73738],[-1.8528,42.75515],[-1.86405,42.75999],[-1.87079,42.75353],[-1.89553,42.73091],[-1.89104,42.70991]]]}},{"type":"Feature","id":"31205","properties":{"cod_mun":"31205","nombre":"Pitillas","cod_prov":"31","cod_ccaa":"15"},"geometry":{"type":"Polygon","coordinates":[[[-1.64363,42.41263],[-1.61664,42.39971],[-1.59865,42.38032],[-1.57841,42.40779],[-1.54467,42.41748],[-1.52893,42.41587],[-1.50869,42.43525],[-1.57391,42.45626],[-1.58965,42.44495],[-1.63014,42.43687],[-1.64813,42.42233],[-1.64363,42.41263]]]}},{"type":"Feature","id":"31002","properties":{"cod_mun":"31002","nombre":"Abárzuza/Abartzuza","cod_prov":"31","cod_ccaa":"15"},"geometry":{"type":"Polygon","coordinates":[[[-2.07321,42.75353],[-2.04623,42.73899],[-2.03498,42.71637],[-2.01024,42.70991],[-2.00799,42.73091],[-2.03948,42.76484],[-2.03723,42.78746],[-2.03273,42.80685],[-2.05522,42.78584],[-2.05297,42.78584],[-2.07321,42.75353]]]}},{"type":"Feature","id":"31122","properties":{"cod_mun":"31122","nombre":"Huarte/Uharte","cod_prov":"31","cod_ccaa":"15"},"geometry":{"type":"Polygon","coordinates":[[[-1.60765,42.82623],[-1.60315,42.81654],[-1.57391,42.83593],[-1.5964,42.83916],[-1.60315,42.83593],[-1.60765,42.82623]]]}},{"type":"Feature","id":"31213","properties":{"cod_mun":"31213","nombre":"Saldías","cod_prov":"31","cod_ccaa":"15"},"geometry":{"type":"Polygon","coordinates":[[[-1.78083,43.11382],[-1.79432,43.10735],[-1.77858,43.0605],[-1.76733,43.06212],[-1.75834,43.07019],[-1.76958,43.08635],[-1.75384,43.09766],[-1.77408,43.09928],[-1.78083,43.11382]]]}},{"type":"Feature","id":"31214","properties":{"cod_mun":"31214","nombre":"Salinas de Oro/Jaitz","cod_prov":"31","cod_ccaa":"15"},"geometry":{"type":"Polygon","coordinates":[[[-1.89553,42.80038],[-1.90453,42.76484],[-1.87079,42.75353],[-1.86405,42.75999],[-1.85055,42.76969],[-1.87304,42.77938],[-1.87304,42.80685],[-1.89553,42.80038]]]}},{"type":"Feature","id":"31237","properties":{"cod_mun":"31237","nombre":"Unciti","cod_prov":"31","cod_ccaa":"15"},"geometry":{"type":"MultiPolygon","coordinates":[[[[-1.40073,42.68567],[-1.39398,42.69375],[-1.41422,42.70506],[-1.43446,42.70506],[-1.41872,42.68891],[-1.40073,42.68567]]],[[[-1.51768,42.76484],[-1.54017,42.74545],[-1.53567,42.73414],[-1.4727,42.70345],[-1.4637,42.69698],[-1.44121,42.70991],[-1.45696,42.72122],[-1.45471,42.75192],[-1.4682,42.76323],[-1.47495,42.75515],[-1.51768,42.76484]]]]}},{"type":"Feature","id":"31178","properties":{"cod_mun":"31178","nombre":"Murillo el Cuende","cod_prov":"31","cod_ccaa":"15"},"geometry":{"type":"Polygon","coordinates":[[[-1.64363,42.41263],[-1.64363,42.39486],[-1.63239,42.35932],[-1.63689,42.35124],[-1.61664,42.30277],[-1.5919,42.28823],[-1.53792,42.31731],[-1.55817,42.33508],[-1.56266,42.35124],[-1.58516,42.3674],[-1.59865,42.38032],[-1.61664,42.39971],[-1.64363,42.41263]]]}},{"type":"Feature","id":"31238","properties":{"cod_mun":"31238","nombre":"Unzué/Untzue","cod_prov":"31","cod_ccaa":"15"},"geometry":{"type":"Polygon","coordinates":[[[-1.67062,42.63397],[-1.63464,42.64044],[-1.61439,42.65175],[-1.5964,42.67437],[-1.57166,42.68244],[-1.56716,42.69214],[-1.59415,42.68567],[-1.6054,42.69375],[-1.63239,42.6679],[-1.66387,42.64852],[-1.67062,42.63397]]]}},{"type":"Feature","id":"31179","properties":{"cod_mun":"31179","nombre":"Murillo el Fruto","cod_prov":"31","cod_ccaa":"15"},"geometry":{"type":"Polygon","coordinates":[[[-1.51768,42.41263],[-1.50869,42.38194],[-1.49744,42.37063],[-1.4772,42.37224],[-1.46595,42.38355],[-1.42097,42.38678],[-1.42997,42.4094],[-1.41872,42.42233],[-1.4727,42.41587],[-1.49519,42.42071],[-1.51768,42.41263]]]}},{"type":"Feature","id":"31005","properties":{"cod_mun":"31005","nombre":"Aberin","cod_prov":"31","cod_ccaa":"15"},"geometry":{"type":"Polygon","coordinates":[[[-2.04623,42.62913],[-2.03498,42.62105],[-2.01024,42.6162],[-1.95851,42.58227],[-1.94052,42.58066],[-1.94277,42.59682],[-1.9765,42.61943],[-1.97875,42.63074],[-2.00124,42.64367],[-2.03723,42.63236],[-2.04623,42.62913]]]}},{"type":"Feature","id":"31009","properties":{"cod_mun":"31009","nombre":"Aibar/Oibar","cod_prov":"31","cod_ccaa":"15"},"geometry":{"type":"Polygon","coordinates":[[[-1.41872,42.64205],[-1.40298,42.63074],[-1.38498,42.60328],[-1.38723,42.59197],[-1.36924,42.55966],[-1.34225,42.55481],[-1.331,42.53704],[-1.31526,42.54188],[-1.30402,42.5645],[-1.32426,42.57581],[-1.32201,42.61297],[-1.35575,42.63074],[-1.38723,42.64205],[-1.41872,42.64205]]]}},{"type":"Feature","id":"31180","properties":{"cod_mun":"31180","nombre":"Muruzábal","cod_prov":"31","cod_ccaa":"15"},"geometry":{"type":"Polygon","coordinates":[[[-1.77858,42.69537],[-1.76284,42.66629],[-1.75384,42.67598],[-1.74259,42.70668],[-1.74484,42.70668],[-1.75609,42.69537],[-1.77858,42.69537]]]}},{"type":"Feature","id":"31184","properties":{"cod_mun":"31184","nombre":"Oco","cod_prov":"31","cod_ccaa":"15"},"geometry":{"type":"Polygon","coordinates":[[[-2.17667,42.63074],[-2.15418,42.63236],[-2.15193,42.63559],[-2.15418,42.6469],[-2.16318,42.65336],[-2.17667,42.63074]]]}},{"type":"Feature","id":"31185","properties":{"cod_mun":"31185","nombre":"Ochagavía/Otsagabia","cod_prov":"31","cod_ccaa":"15"},"geometry":{"type":"Polygon","coordinates":[[[-1.16907,42.95064],[-1.16457,42.94902],[-1.13308,42.94902],[-1.14208,42.93448],[-1.13083,42.91994],[-1.11059,42.91994],[-1.10384,42.90378],[-1.08585,42.89571],[-1.06336,42.90702],[-1.05211,42.90055],[-1.03862,42.91186],[-1.00263,42.9054],[-0.99813,42.92802],[-0.97115,42.96195],[-1.00038,42.9781],[-1.00713,42.99103],[-1.08585,43.00234],[-1.11509,43.02334],[-1.14208,43.00718],[-1.14658,42.9878],[-1.16907,42.97972],[-1.16907,42.95064]],[[-1.05436,42.91025],[-1.04312,42.92156],[-1.04986,42.94418],[-1.02512,42.94418],[-1.01838,42.91994],[-1.05436,42.91025]]]}},{"type":"Feature","id":"31239","properties":{"cod_mun":"31239","nombre":"Urdazubi/Urdax","cod_prov":"31","cod_ccaa":"15"},"geometry":{"type":"Polygon","coordinates":[[[-1.53118,43.27215],[-1.53118,43.27053],[-1.50644,43.25922],[-1.49069,43.28023],[-1.51543,43.29477],[-1.53118,43.27215]]]}},{"type":"Feature","id":"31253","properties":{"cod_mun":"31253","nombre":"Bidaurreta","cod_prov":"31","cod_ccaa":"15"},"geometry":{"type":"Polygon","coordinates":[[[-1.86405,42.75999],[-1.8528,42.75515],[-1.83031,42.76484],[-1.82806,42.7713],[-1.84605,42.78261],[-1.85055,42.76969],[-1.86405,42.75999]]]}},{"type":"Feature","id":"31254","properties":{"cod_mun":"31254","nombre":"Villafranca","cod_prov":"31","cod_ccaa":"15"},"geometry":{"type":"Polygon","coordinates":[[[-1.77183,42.26723],[-1.72235,42.23815],[-1.67287,42.24946],[-1.66387,42.25915],[-1.68187,42.264],[-1.67962,42.27692],[-1.70661,42.30923],[-1.72685,42.30439],[-1.75159,42.30762],[-1.76733,42.28985],[-1.78758,42.29146],[-1.77183,42.26723]]]}},{"type":"Feature","id":"31001","properties":{"cod_mun":"31001","nombre":"Abáigar","cod_prov":"31","cod_ccaa":"15"},"geometry":{"type":"Polygon","coordinates":[[[-2.15418,42.6469],[-2.15193,42.63559],[-2.12719,42.62913],[-2.1227,42.64367],[-2.12944,42.65498],[-2.15418,42.6469]]]}},{"type":"Feature","id":"31003","properties":{"cod_mun":"31003","nombre":"Abaurregaina/Abaurrea Alta","cod_prov":"31","cod_ccaa":"15"},"geometry":{"type":"Polygon","coordinates":[[[-1.23429,42.86663],[-1.2028,42.86663],[-1.19831,42.88763],[-1.16907,42.9054],[-1.15108,42.92479],[-1.16007,42.93771],[-1.19381,42.91025],[-1.2118,42.91025],[-1.2253,42.89086],[-1.23879,42.89732],[-1.23429,42.86663]]]}},{"type":"Feature","id":"31004","properties":{"cod_mun":"31004","nombre":"Abaurrepea/Abaurrea Baja","cod_prov":"31","cod_ccaa":"15"},"geometry":{"type":"Polygon","coordinates":[[[-1.24554,42.88924],[-1.24329,42.8747],[-1.23429,42.86663],[-1.23879,42.89732],[-1.2253,42.89086],[-1.2118,42.91025],[-1.19381,42.91025],[-1.16007,42.93771],[-1.18706,42.93287],[-1.2118,42.91833],[-1.2253,42.91994],[-1.24554,42.88924]]]}},{"type":"Feature","id":"31006","properties":{"cod_mun":"31006","nombre":"Ablitas","cod_prov":"31","cod_ccaa":"15"},"geometry":{"type":"Polygon","coordinates":[[[-1.65488,41.96511],[-1.61439,41.95056],[-1.5964,41.92633],[-1.58066,41.92148],[-1.52443,41.91017],[-1.50194,41.92471],[-1.51768,41.94087],[-1.55367,41.95056],[-1.53792,41.97157],[-1.54467,41.98611],[-1.57616,41.98611],[-1.60765,42.01357],[-1.63913,42.01681],[-1.66163,41.99419],[-1.65263,41.98126],[-1.65488,41.96511]]]}},{"type":"Feature","id":"31007","properties":{"cod_mun":"31007","nombre":"Adiós","cod_prov":"31","cod_ccaa":"15"},"geometry":{"type":"Polygon","coordinates":[[[-1.75384,42.67598],[-1.72235,42.68406],[-1.71785,42.71637],[-1.74259,42.70668],[-1.75384,42.67598]]]}},{"type":"Feature","id":"31008","properties":{"cod_mun":"31008","nombre":"Aguilar de Codés","cod_prov":"31","cod_ccaa":"15"},"geometry":{"type":"Polygon","coordinates":[[[-2.42183,42.61297],[-2.41958,42.60651],[-2.39709,42.59843],[-2.39709,42.58551],[-2.38809,42.59035],[-2.36335,42.58874],[-2.35211,42.60812],[-2.3701,42.62428],[-2.3656,42.63721],[-2.38134,42.63397],[-2.39934,42.63074],[-2.42183,42.61297]]]}},{"type":"Feature","id":"31011","properties":{"cod_mun":"31011","nombre":"Allín/Allin","cod_prov":"31","cod_ccaa":"15"},"geometry":{"type":"Polygon","coordinates":[[[-2.12719,42.71314],[-2.09571,42.68567],[-2.08221,42.66467],[-2.07097,42.65821],[-2.04398,42.6679],[-2.06647,42.68891],[-2.04847,42.69375],[-2.06197,42.71314],[-2.04623,42.73899],[-2.07321,42.75353],[-2.1002,42.75353],[-2.11145,42.7503],[-2.1092,42.73253],[-2.12719,42.71314]]]}},{"type":"Feature","id":"31012","properties":{"cod_mun":"31012","nombre":"Allo","cod_prov":"31","cod_ccaa":"15"},"geometry":{"type":"Polygon","coordinates":[[[-2.04623,42.50311],[-2.03498,42.49826],[-2.02598,42.49665],[-2.00799,42.51927],[-1.99,42.51603],[-1.972,42.53057],[-1.981,42.55319],[-1.97425,42.5645],[-2.00349,42.58227],[-2.02149,42.57743],[-2.03723,42.55319],[-2.04623,42.50311]]]}},{"type":"Feature","id":"31013","properties":{"cod_mun":"31013","nombre":"Améscoa Baja","cod_prov":"31","cod_ccaa":"15"},"geometry":{"type":"Polygon","coordinates":[[[-2.19692,42.75353],[-2.16093,42.75515],[-2.13169,42.76484],[-2.1002,42.75353],[-2.07321,42.75353],[-2.05297,42.78584],[-2.07771,42.77292],[-2.13394,42.80685],[-2.14069,42.78584],[-2.15868,42.77292],[-2.18342,42.77615],[-2.19692,42.75353]]]}},{"type":"Feature","id":"31014","properties":{"cod_mun":"31014","nombre":"Ancín/Antzin","cod_prov":"31","cod_ccaa":"15"},"geometry":{"type":"Polygon","coordinates":[[[-2.21941,42.68406],[-2.20816,42.66144],[-2.19692,42.64852],[-2.16318,42.65336],[-2.16543,42.67113],[-2.21041,42.67921],[-2.21491,42.68729],[-2.21941,42.68406]]]}},{"type":"Feature","id":"31015","properties":{"cod_mun":"31015","nombre":"Andosilla","cod_prov":"31","cod_ccaa":"15"},"geometry":{"type":"Polygon","coordinates":[[[-2.01924,42.36901],[-1.9945,42.36255],[-1.96976,42.34801],[-1.92927,42.35932],[-1.92252,42.35447],[-1.89778,42.37063],[-1.88204,42.39648],[-1.90678,42.41425],[-1.90903,42.43202],[-1.92927,42.42879],[-1.95851,42.3884],[-1.981,42.37386],[-2.01924,42.40132],[-2.03273,42.38517],[-2.01924,42.36901]]]}},{"type":"Feature","id":"31016","properties":{"cod_mun":"31016","nombre":"Ansoáin/Antsoain","cod_prov":"31","cod_ccaa":"15"},"geometry":{"type":"Polygon","coordinates":[[[-1.65263,42.84724],[-1.65038,42.83108],[-1.63913,42.84078],[-1.65263,42.84724]]]}},{"type":"Feature","id":"31017","properties":{"cod_mun":"31017","nombre":"Anue","cod_prov":"31","cod_ccaa":"15"},"geometry":{"type":"Polygon","coordinates":[[[-1.64138,42.96195],[-1.61889,42.93771],[-1.61889,42.92156],[-1.6054,42.91671],[-1.57841,42.91186],[-1.55367,42.91025],[-1.55142,42.93448],[-1.56491,42.95064],[-1.56266,42.99426],[-1.55142,43.03303],[-1.55592,43.04111],[-1.59415,43.04111],[-1.58516,43.01526],[-1.5874,42.99426],[-1.6009,42.99588],[-1.62339,42.97972],[-1.63913,42.98133],[-1.64138,42.96195]]]}},{"type":"Feature","id":"31110","properties":{"cod_mun":"31110","nombre":"Gallipienzo/Galipentzu","cod_prov":"31","cod_ccaa":"15"},"geometry":{"type":"Polygon","coordinates":[[[-1.45471,42.53381],[-1.45471,42.51442],[-1.43671,42.46595],[-1.41872,42.45302],[-1.41872,42.42233],[-1.42997,42.4094],[-1.40523,42.40779],[-1.40748,42.43041],[-1.39173,42.49018],[-1.39398,42.52411],[-1.37374,42.53865],[-1.37824,42.54835],[-1.40073,42.55481],[-1.43446,42.55481],[-1.44571,42.53057],[-1.45471,42.53381]]]}},{"type":"Feature","id":"31018","properties":{"cod_mun":"31018","nombre":"Añorbe","cod_prov":"31","cod_ccaa":"15"},"geometry":{"type":"Polygon","coordinates":[[[-1.77183,42.6259],[-1.74709,42.6259],[-1.70211,42.61136],[-1.68637,42.62428],[-1.70661,42.66467],[-1.71785,42.6679],[-1.74709,42.65013],[-1.76733,42.64528],[-1.77183,42.6259]]]}},{"type":"Feature","id":"31019","properties":{"cod_mun":"31019","nombre":"Aoiz/Agoitz","cod_prov":"31","cod_ccaa":"15"},"geometry":{"type":"Polygon","coordinates":[[[-1.38723,42.76161],[-1.36924,42.76323],[-1.35575,42.78746],[-1.331,42.77777],[-1.31976,42.80038],[-1.38498,42.79877],[-1.37599,42.77292],[-1.38723,42.76161]]]}},{"type":"Feature","id":"31020","properties":{"cod_mun":"31020","nombre":"Araitz","cod_prov":"31","cod_ccaa":"15"},"geometry":{"type":"Polygon","coordinates":[[[-2.04173,43.0298],[-2.02823,42.99911],[-1.9855,42.99103],[-1.981,43.00557],[-1.99225,43.02657],[-1.96526,43.03465],[-1.96076,43.05888],[-1.96976,43.06696],[-1.98775,43.07827],[-1.99,43.07989],[-2.01024,43.07343],[-2.01249,43.07343],[-2.02373,43.06535],[-2.01699,43.05404],[-2.04173,43.0298]]]}},{"type":"Feature","id":"31023","properties":{"cod_mun":"31023","nombre":"Aranguren","cod_prov":"31","cod_ccaa":"15"},"geometry":{"type":"Polygon","coordinates":[[[-1.63239,42.77777],[-1.62339,42.75838],[-1.54017,42.74545],[-1.51768,42.76484],[-1.51093,42.781],[-1.52443,42.79392],[-1.53792,42.802],[-1.57166,42.77938],[-1.60315,42.78584],[-1.6099,42.80362],[-1.63239,42.78908],[-1.63239,42.77777]]]}},{"type":"Feature","id":"31027","properties":{"cod_mun":"31027","nombre":"Arbizu","cod_prov":"31","cod_ccaa":"15"},"geometry":{"type":"Polygon","coordinates":[[[-2.05747,42.92963],[-2.04847,42.93287],[-2.04398,42.89732],[-2.00349,42.9054],[-2.00574,42.90702],[-2.02823,42.91186],[-2.03948,42.92963],[-2.03273,42.93771],[-2.02823,42.96518],[-2.03948,42.96841],[-2.05072,42.95064],[-2.06647,42.95225],[-2.05747,42.92963]]]}},{"type":"Feature","id":"31024","properties":{"cod_mun":"31024","nombre":"Arano","cod_prov":"31","cod_ccaa":"15"},"geometry":{"type":"Polygon","coordinates":[[[-1.92027,43.17198],[-1.91578,43.16875],[-1.88879,43.18329],[-1.8573,43.21075],[-1.87979,43.21075],[-1.90228,43.21075],[-1.90903,43.22368],[-1.91128,43.22691],[-1.91128,43.20429],[-1.92027,43.17198]]]}},{"type":"Feature","id":"31028","properties":{"cod_mun":"31028","nombre":"Arce/Artzi","cod_prov":"31","cod_ccaa":"15"},"geometry":{"type":"Polygon","coordinates":[[[-1.43446,42.87793],[-1.42322,42.86824],[-1.43446,42.82947],[-1.42547,42.82139],[-1.41197,42.81169],[-1.39398,42.83431],[-1.36474,42.83593],[-1.3535,42.81977],[-1.33775,42.8327],[-1.29727,42.81169],[-1.28152,42.81169],[-1.26803,42.81493],[-1.26578,42.8327],[-1.25229,42.84562],[-1.26353,42.86016],[-1.24329,42.8747],[-1.24554,42.88924],[-1.26578,42.89409],[-1.32201,42.88117],[-1.31976,42.89248],[-1.34,42.90702],[-1.32651,42.93448],[-1.3355,42.94741],[-1.35575,42.96679],[-1.36249,42.9571],[-1.38948,42.95064],[-1.40523,42.93125],[-1.39623,42.90702],[-1.41872,42.90217],[-1.43446,42.87793]]]}},{"type":"Feature","id":"31186","properties":{"cod_mun":"31186","nombre":"Odieta","cod_prov":"31","cod_ccaa":"15"},"geometry":{"type":"Polygon","coordinates":[[[-1.68187,42.94741],[-1.67287,42.94094],[-1.67737,42.92156],[-1.65938,42.90378],[-1.63239,42.90863],[-1.6054,42.91671],[-1.61889,42.92156],[-1.61889,42.93771],[-1.64138,42.96195],[-1.68187,42.94741]]]}},{"type":"Feature","id":"31025","properties":{"cod_mun":"31025","nombre":"Arakil","cod_prov":"31","cod_ccaa":"15"},"geometry":{"type":"Polygon","coordinates":[[[-1.92702,42.88763],[-1.87304,42.88601],[-1.82356,42.88278],[-1.79207,42.89086],[-1.81232,42.9054],[-1.79882,42.91994],[-1.81007,42.92802],[-1.81906,42.91025],[-1.83706,42.91348],[-1.82806,42.93771],[-1.84605,42.94094],[-1.8618,42.93287],[-1.90003,42.93771],[-1.91578,42.94094],[-1.91803,42.94094],[-1.93827,42.91671],[-1.92252,42.91671],[-1.92702,42.88763]]]}},{"type":"Feature","id":"31029","properties":{"cod_mun":"31029","nombre":"Arcos, Los","cod_prov":"31","cod_ccaa":"15"},"geometry":{"type":"Polygon","coordinates":[[[-2.23515,42.56612],[-2.2329,42.55966],[-2.22616,42.54996],[-2.21041,42.54673],[-2.2284,42.52411],[-2.23065,42.51442],[-2.19467,42.50149],[-2.19692,42.49503],[-2.16318,42.48857],[-2.14744,42.51765],[-2.15868,42.52573],[-2.15868,42.55966],[-2.16543,42.57258],[-2.15868,42.60166],[-2.18117,42.60166],[-2.20141,42.58874],[-2.23515,42.56612]]]}},{"type":"Feature","id":"31030","properties":{"cod_mun":"31030","nombre":"Arellano","cod_prov":"31","cod_ccaa":"15"},"geometry":{"type":"Polygon","coordinates":[[[-2.08446,42.52411],[-2.07771,42.52411],[-2.04847,42.59358],[-2.03498,42.60005],[-2.03723,42.6162],[-2.06197,42.62105],[-2.06872,42.60166],[-2.05747,42.57743],[-2.08671,42.54835],[-2.08446,42.52411]]]}},{"type":"Feature","id":"31031","properties":{"cod_mun":"31031","nombre":"Areso","cod_prov":"31","cod_ccaa":"15"},"geometry":{"type":"Polygon","coordinates":[[[-1.98775,43.07827],[-1.96976,43.06696],[-1.92927,43.05888],[-1.93602,43.08797],[-1.94726,43.09766],[-1.97425,43.0912],[-1.97425,43.08473],[-1.97875,43.0815],[-1.98325,43.07989],[-1.98775,43.07827]]]}},{"type":"Feature","id":"31032","properties":{"cod_mun":"31032","nombre":"Arguedas","cod_prov":"31","cod_ccaa":"15"},"geometry":{"type":"Polygon","coordinates":[[[-1.63689,42.15575],[-1.61889,42.14606],[-1.58066,42.15252],[-1.56042,42.13798],[-1.53118,42.16383],[-1.52218,42.21391],[-1.52893,42.22845],[-1.55142,42.23815],[-1.57841,42.22361],[-1.5964,42.22522],[-1.5964,42.21391],[-1.63239,42.17514],[-1.63689,42.15575]]]}},{"type":"Feature","id":"31033","properties":{"cod_mun":"31033","nombre":"Aria","cod_prov":"31","cod_ccaa":"15"},"geometry":{"type":"Polygon","coordinates":[[[-1.29277,42.99103],[-1.29277,42.96195],[-1.27478,42.94579],[-1.25453,42.94902],[-1.25903,42.95872],[-1.27253,42.9781],[-1.26803,42.99103],[-1.29277,42.99103]]]}},{"type":"Feature","id":"31034","properties":{"cod_mun":"31034","nombre":"Aribe","cod_prov":"31","cod_ccaa":"15"},"geometry":{"type":"Polygon","coordinates":[[[-1.28602,42.93125],[-1.24779,42.94094],[-1.25453,42.9571],[-1.25903,42.95872],[-1.25453,42.94902],[-1.27478,42.94579],[-1.28602,42.93125]]]}},{"type":"Feature","id":"31036","properties":{"cod_mun":"31036","nombre":"Arróniz","cod_prov":"31","cod_ccaa":"15"},"geometry":{"type":"Polygon","coordinates":[[[-2.14744,42.52896],[-2.13169,42.50634],[-2.10245,42.49826],[-2.07996,42.50311],[-2.08446,42.52411],[-2.08671,42.54835],[-2.05747,42.57743],[-2.06872,42.60166],[-2.08446,42.60974],[-2.09121,42.60651],[-2.12719,42.58227],[-2.14519,42.55642],[-2.14744,42.52896]]]}},{"type":"Feature","id":"31037","properties":{"cod_mun":"31037","nombre":"Arruazu","cod_prov":"31","cod_ccaa":"15"},"geometry":{"type":"Polygon","coordinates":[[[-2.01024,42.9571],[-2.01699,42.9361],[-2.00574,42.91186],[-1.99,42.92802],[-2.00574,42.93125],[-2.00574,42.94741],[-1.99225,42.94741],[-1.99,42.95387],[-2.01024,42.9571]]]}},{"type":"Feature","id":"31038","properties":{"cod_mun":"31038","nombre":"Artajona","cod_prov":"31","cod_ccaa":"15"},"geometry":{"type":"Polygon","coordinates":[[[-1.81682,42.59035],[-1.81232,42.55804],[-1.79432,42.5435],[-1.77183,42.54188],[-1.74484,42.54027],[-1.7201,42.55319],[-1.71111,42.57581],[-1.69986,42.57581],[-1.69986,42.58066],[-1.70661,42.5952],[-1.70211,42.61136],[-1.74709,42.6259],[-1.77183,42.6259],[-1.77858,42.62428],[-1.81682,42.59035]]]}},{"type":"Feature","id":"31039","properties":{"cod_mun":"31039","nombre":"Artazu","cod_prov":"31","cod_ccaa":"15"},"geometry":{"type":"Polygon","coordinates":[[[-1.85955,42.68406],[-1.8438,42.6679],[-1.82131,42.68891],[-1.83706,42.6986],[-1.85955,42.68406]]]}},{"type":"Feature","id":"31042","properties":{"cod_mun":"31042","nombre":"Azagra","cod_prov":"31","cod_ccaa":"15"},"geometry":{"type":"Polygon","coordinates":[[[-1.91803,42.32701],[-1.89329,42.28985],[-1.87079,42.28985],[-1.86854,42.26884],[-1.87304,42.25269],[-1.8438,42.25269],[-1.83706,42.27531],[-1.8573,42.32216],[-1.88204,42.33993],[-1.91803,42.32701]]]}},{"type":"Feature","id":"31043","properties":{"cod_mun":"31043","nombre":"Azuelo","cod_prov":"31","cod_ccaa":"15"},"geometry":{"type":"Polygon","coordinates":[[[-2.3656,42.63721],[-2.3701,42.62428],[-2.35211,42.60812],[-2.36335,42.58874],[-2.33411,42.57581],[-2.32961,42.59358],[-2.35211,42.62428],[-2.34761,42.63397],[-2.3656,42.63721]]]}},{"type":"Feature","id":"31044","properties":{"cod_mun":"31044","nombre":"Bakaiku","cod_prov":"31","cod_ccaa":"15"},"geometry":{"type":"Polygon","coordinates":[[[-2.13394,42.94094],[-2.1137,42.9054],[-2.1047,42.87309],[-2.08671,42.87632],[-2.09796,42.91509],[-2.11145,42.92156],[-2.1182,42.94256],[-2.13394,42.94094]]]}},{"type":"Feature","id":"31049","properties":{"cod_mun":"31049","nombre":"Basaburua","cod_prov":"31","cod_ccaa":"15"},"geometry":{"type":"Polygon","coordinates":[[[-1.87754,43.05565],[-1.87304,43.0395],[-1.85505,43.03303],[-1.83256,43.01526],[-1.84605,42.98618],[-1.82356,42.96679],[-1.78533,42.98618],[-1.75609,42.9781],[-1.74934,43.00718],[-1.75159,43.03303],[-1.7291,43.05404],[-1.76284,43.05565],[-1.76733,43.06212],[-1.77858,43.0605],[-1.79882,43.05565],[-1.81457,43.07019],[-1.82806,43.06373],[-1.8663,43.07989],[-1.87754,43.05565]]]}},{"type":"Feature","id":"31050","properties":{"cod_mun":"31050","nombre":"Baztan","cod_prov":"31","cod_ccaa":"15"},"geometry":{"type":"MultiPolygon","coordinates":[[[[-1.53118,43.27053],[-1.54692,43.25276],[-1.55592,43.25599],[-1.55592,43.27861],[-1.57391,43.25114],[-1.55817,43.23822],[-1.57166,43.20914],[-1.58291,43.20429],[-1.57616,43.1946],[-1.58066,43.1639],[-1.61215,43.13805],[-1.60765,43.12674],[-1.63014,43.09281],[-1.63689,43.06696],[-1.64813,43.06535],[-1.64588,43.05242],[-1.63239,43.0395],[-1.6009,43.0395],[-1.59415,43.04111],[-1.55592,43.04111],[-1.53343,43.04596],[-1.51768,43.06535],[-1.49519,43.05565],[-1.50869,43.03142],[-1.47045,43.03465],[-1.44796,43.05242],[-1.4727,43.0815],[-1.47045,43.0912],[-1.41422,43.12836],[-1.40298,43.15582],[-1.40298,43.17844],[-1.38723,43.1946],[-1.37824,43.23014],[-1.38498,43.25438],[-1.41422,43.27376],[-1.42772,43.2673],[-1.46145,43.27215],[-1.49069,43.28023],[-1.50644,43.25922],[-1.53118,43.27053]]],[[[-1.53118,43.27215],[-1.51543,43.29477],[-1.56491,43.2883],[-1.55592,43.27861],[-1.55592,43.28184],[-1.54017,43.2883],[-1.53118,43.27215]]]]}},{"type":"Feature","id":"31051","properties":{"cod_mun":"31051","nombre":"Beire","cod_prov":"31","cod_ccaa":"15"},"geometry":{"type":"Polygon","coordinates":[[[-1.63014,42.43687],[-1.58965,42.44495],[-1.57391,42.45626],[-1.55142,42.48695],[-1.59415,42.48049],[-1.62114,42.48372],[-1.63014,42.45949],[-1.63014,42.43687]]]}},{"type":"Feature","id":"31052","properties":{"cod_mun":"31052","nombre":"Belascoáin","cod_prov":"31","cod_ccaa":"15"},"geometry":{"type":"Polygon","coordinates":[[[-1.8528,42.75515],[-1.8438,42.73738],[-1.80107,42.74384],[-1.83031,42.76484],[-1.8528,42.75515]]]}},{"type":"Feature","id":"31054","properties":{"cod_mun":"31054","nombre":"Bertizarana","cod_prov":"31","cod_ccaa":"15"},"geometry":{"type":"Polygon","coordinates":[[[-1.66163,43.12351],[-1.63464,43.10897],[-1.65713,43.07181],[-1.64813,43.06535],[-1.63689,43.06696],[-1.63014,43.09281],[-1.60765,43.12674],[-1.61215,43.13805],[-1.58066,43.1639],[-1.57616,43.1946],[-1.58291,43.20429],[-1.60765,43.19621],[-1.6009,43.18975],[-1.63689,43.16713],[-1.63464,43.15259],[-1.65038,43.14774],[-1.66163,43.12351]]]}},{"type":"Feature","id":"31055","properties":{"cod_mun":"31055","nombre":"Betelu","cod_prov":"31","cod_ccaa":"15"},"geometry":{"type":"Polygon","coordinates":[[[-1.9855,42.99103],[-1.981,42.98941],[-1.96076,43.01688],[-1.96526,43.03465],[-1.99225,43.02657],[-1.981,43.00557],[-1.9855,42.99103]]]}},{"type":"Feature","id":"31058","properties":{"cod_mun":"31058","nombre":"Auritz/Burguete","cod_prov":"31","cod_ccaa":"15"},"geometry":{"type":"Polygon","coordinates":[[[-1.36024,43.0298],[-1.37599,43.01042],[-1.35575,43.00718],[-1.35799,42.99426],[-1.33775,42.98133],[-1.35575,42.96679],[-1.3355,42.94741],[-1.32876,42.96679],[-1.31301,42.97326],[-1.30177,42.99426],[-1.29727,43.00072],[-1.32876,42.99588],[-1.34,43.00234],[-1.34,43.02657],[-1.3535,43.02819],[-1.36024,43.0298]]]}},{"type":"Feature","id":"31059","properties":{"cod_mun":"31059","nombre":"Burgui/Burgi","cod_prov":"31","cod_ccaa":"15"},"geometry":{"type":"Polygon","coordinates":[[[-1.04986,42.75838],[-1.04312,42.70183],[-1.02962,42.69698],[-0.9689,42.70345],[-0.94865,42.71152],[-0.92391,42.74384],[-0.94416,42.75838],[-0.99139,42.77292],[-1.01838,42.76969],[-1.03187,42.77615],[-1.04986,42.75838]]]}},{"type":"Feature","id":"31062","properties":{"cod_mun":"31062","nombre":"Cabanillas","cod_prov":"31","cod_ccaa":"15"},"geometry":{"type":"Polygon","coordinates":[[[-1.52218,42.0782],[-1.55367,42.07012],[-1.56716,42.05396],[-1.55142,42.04427],[-1.55592,42.03135],[-1.56042,42.02165],[-1.53343,42.02004],[-1.51318,42.01196],[-1.47945,42.06689],[-1.50194,42.07981],[-1.52218,42.0782]]]}},{"type":"Feature","id":"31063","properties":{"cod_mun":"31063","nombre":"Cabredo","cod_prov":"31","cod_ccaa":"15"},"geometry":{"type":"Polygon","coordinates":[[[-2.45557,42.63559],[-2.43757,42.63397],[-2.42183,42.61297],[-2.39934,42.63074],[-2.43083,42.65498],[-2.45107,42.6469],[-2.45557,42.63559]]]}},{"type":"Feature","id":"31064","properties":{"cod_mun":"31064","nombre":"Cadreita","cod_prov":"31","cod_ccaa":"15"},"geometry":{"type":"Polygon","coordinates":[[[-1.72685,42.21391],[-1.70661,42.20745],[-1.70436,42.19129],[-1.68187,42.19291],[-1.65713,42.22361],[-1.64588,42.25107],[-1.66387,42.25915],[-1.67287,42.24946],[-1.72235,42.23815],[-1.72685,42.21391]]]}},{"type":"Feature","id":"31065","properties":{"cod_mun":"31065","nombre":"Caparroso","cod_prov":"31","cod_ccaa":"15"},"geometry":{"type":"Polygon","coordinates":[[[-1.70661,42.30923],[-1.67962,42.27692],[-1.67962,42.285],[-1.63913,42.27531],[-1.62789,42.26076],[-1.6054,42.264],[-1.5919,42.28823],[-1.61664,42.30277],[-1.63689,42.35124],[-1.63239,42.35932],[-1.64363,42.39486],[-1.65938,42.38517],[-1.69761,42.38032],[-1.69311,42.36093],[-1.71336,42.35932],[-1.69986,42.33024],[-1.71336,42.31731],[-1.70661,42.30923]]]}},{"type":"Feature","id":"31066","properties":{"cod_mun":"31066","nombre":"Cárcar","cod_prov":"31","cod_ccaa":"15"},"geometry":{"type":"Polygon","coordinates":[[[-2.03048,42.41102],[-2.01924,42.40132],[-1.981,42.37386],[-1.95851,42.3884],[-1.92927,42.42879],[-1.93602,42.43687],[-1.99,42.43848],[-2.01024,42.44818],[-2.02149,42.43848],[-2.02598,42.41748],[-2.03048,42.41102]]]}},{"type":"Feature","id":"31067","properties":{"cod_mun":"31067","nombre":"Carcastillo","cod_prov":"31","cod_ccaa":"15"},"geometry":{"type":"Polygon","coordinates":[[[-1.50194,42.36093],[-1.4817,42.33347],[-1.4682,42.32539],[-1.44571,42.31085],[-1.43222,42.3157],[-1.40748,42.306],[-1.39848,42.29308],[-1.35125,42.33993],[-1.34225,42.34316],[-1.32876,42.35609],[-1.33775,42.37224],[-1.35799,42.38194],[-1.40523,42.40779],[-1.42997,42.4094],[-1.42097,42.38678],[-1.46595,42.38355],[-1.4772,42.37224],[-1.49744,42.37063],[-1.50194,42.36093]]]}},{"type":"Feature","id":"31069","properties":{"cod_mun":"31069","nombre":"Cáseda","cod_prov":"31","cod_ccaa":"15"},"geometry":{"type":"Polygon","coordinates":[[[-1.40523,42.40779],[-1.35799,42.38194],[-1.34225,42.42394],[-1.34675,42.45949],[-1.34225,42.48372],[-1.331,42.4918],[-1.32201,42.52088],[-1.331,42.53704],[-1.34225,42.55481],[-1.36924,42.55966],[-1.37824,42.54835],[-1.37374,42.53865],[-1.39398,42.52411],[-1.39173,42.49018],[-1.40748,42.43041],[-1.40523,42.40779]]]}},{"type":"Feature","id":"31068","properties":{"cod_mun":"31068","nombre":"Cascante","cod_prov":"31","cod_ccaa":"15"},"geometry":{"type":"Polygon","coordinates":[[[-1.79882,41.99257],[-1.76733,41.9958],[-1.74034,41.96834],[-1.72685,41.97803],[-1.69761,41.97965],[-1.69536,41.99419],[-1.66612,41.97803],[-1.65263,41.98126],[-1.66163,41.99419],[-1.63913,42.01681],[-1.62564,42.03135],[-1.64588,42.03296],[-1.65713,42.02165],[-1.67737,42.02004],[-1.68862,42.05235],[-1.7336,42.05396],[-1.7336,42.03458],[-1.74934,42.02004],[-1.79882,41.99257]]]}},{"type":"Feature","id":"31072","properties":{"cod_mun":"31072","nombre":"Cintruénigo","cod_prov":"31","cod_ccaa":"15"},"geometry":{"type":"Polygon","coordinates":[[[-1.82581,42.07174],[-1.83706,42.05881],[-1.82131,42.02973],[-1.77858,42.03781],[-1.77633,42.05235],[-1.74259,42.07497],[-1.75834,42.09759],[-1.77183,42.09274],[-1.80107,42.10082],[-1.82581,42.07174]]]}},{"type":"Feature","id":"31073","properties":{"cod_mun":"31073","nombre":"Ziordia","cod_prov":"31","cod_ccaa":"15"},"geometry":{"type":"Polygon","coordinates":[[[-2.2509,42.89571],[-2.2419,42.88601],[-2.23515,42.85047],[-2.20591,42.85693],[-2.22391,42.89571],[-2.22166,42.92317],[-2.23515,42.9264],[-2.2374,42.89571],[-2.2509,42.89571]]]}},{"type":"Feature","id":"31111","properties":{"cod_mun":"31111","nombre":"Gallués/Galoze","cod_prov":"31","cod_ccaa":"15"},"geometry":{"type":"Polygon","coordinates":[[[-1.16007,42.83108],[-1.16007,42.80523],[-1.13533,42.77615],[-1.10834,42.77292],[-1.0881,42.76161],[-1.04986,42.75838],[-1.03187,42.77615],[-1.04087,42.80038],[-1.08135,42.79392],[-1.10384,42.79715],[-1.11959,42.81331],[-1.11284,42.83108],[-1.16007,42.83108]]]}},{"type":"Feature","id":"31074","properties":{"cod_mun":"31074","nombre":"Cirauqui/Zirauki","cod_prov":"31","cod_ccaa":"15"},"geometry":{"type":"Polygon","coordinates":[[[-1.93377,42.69698],[-1.93827,42.67921],[-1.92927,42.65659],[-1.91353,42.61943],[-1.90228,42.61459],[-1.89104,42.62267],[-1.85955,42.61943],[-1.8618,42.62751],[-1.87529,42.63397],[-1.87304,42.69052],[-1.89104,42.70991],[-1.89778,42.69698],[-1.93377,42.69698]]]}},{"type":"Feature","id":"31075","properties":{"cod_mun":"31075","nombre":"Ciriza/Ziritza","cod_prov":"31","cod_ccaa":"15"},"geometry":{"type":"Polygon","coordinates":[[[-1.8483,42.79554],[-1.8438,42.78908],[-1.81906,42.78584],[-1.80332,42.78261],[-1.80557,42.79554],[-1.8483,42.79554]]]}},{"type":"Feature","id":"31090","properties":{"cod_mun":"31090","nombre":"Eratsun","cod_prov":"31","cod_ccaa":"15"},"geometry":{"type":"Polygon","coordinates":[[[-1.83706,43.1429],[-1.82806,43.1429],[-1.82356,43.09928],[-1.81007,43.08635],[-1.81457,43.07019],[-1.79882,43.05565],[-1.77858,43.0605],[-1.79432,43.10735],[-1.78083,43.11382],[-1.77858,43.12351],[-1.81682,43.14936],[-1.83706,43.1429]]]}},{"type":"Feature","id":"31076","properties":{"cod_mun":"31076","nombre":"Cizur","cod_prov":"31","cod_ccaa":"15"},"geometry":{"type":"MultiPolygon","coordinates":[[[[-1.77408,42.781],[-1.77183,42.76807],[-1.79207,42.74545],[-1.78533,42.73738],[-1.76284,42.73414],[-1.72685,42.72445],[-1.7246,42.71637],[-1.74484,42.70668],[-1.74259,42.70668],[-1.71785,42.71637],[-1.69761,42.70829],[-1.69536,42.70991],[-1.68637,42.72768],[-1.71336,42.74061],[-1.69986,42.77615],[-1.71336,42.79877],[-1.74034,42.80038],[-1.76059,42.79231],[-1.77408,42.781]]],[[[-1.67737,42.79231],[-1.68862,42.77615],[-1.67737,42.7713],[-1.66163,42.79231],[-1.67737,42.79231]]]]}},{"type":"Feature","id":"31077","properties":{"cod_mun":"31077","nombre":"Corella","cod_prov":"31","cod_ccaa":"15"},"geometry":{"type":"Polygon","coordinates":[[[-1.89778,42.07981],[-1.82581,42.07174],[-1.80107,42.10082],[-1.77183,42.09274],[-1.75834,42.09759],[-1.74259,42.07497],[-1.7201,42.08951],[-1.72235,42.10405],[-1.69986,42.12021],[-1.7201,42.13313],[-1.74034,42.14929],[-1.76509,42.1509],[-1.77858,42.13798],[-1.82131,42.15413],[-1.83706,42.14121],[-1.83931,42.12828],[-1.89778,42.07981]]]}},{"type":"Feature","id":"31078","properties":{"cod_mun":"31078","nombre":"Cortes","cod_prov":"31","cod_ccaa":"15"},"geometry":{"type":"Polygon","coordinates":[[[-1.51768,41.94087],[-1.50194,41.92471],[-1.4727,41.92471],[-1.45246,41.91502],[-1.41647,41.91664],[-1.40298,41.93441],[-1.38049,41.95056],[-1.38498,41.95703],[-1.40073,41.96349],[-1.44121,41.95056],[-1.47945,41.9538],[-1.51318,41.94895],[-1.51768,41.94087]]]}},{"type":"Feature","id":"31080","properties":{"cod_mun":"31080","nombre":"Dicastillo","cod_prov":"31","cod_ccaa":"15"},"geometry":{"type":"Polygon","coordinates":[[[-2.08446,42.52411],[-2.07996,42.50311],[-2.06872,42.5128],[-2.04623,42.50311],[-2.03723,42.55319],[-2.02149,42.57743],[-2.00349,42.58227],[-1.97425,42.5645],[-1.97875,42.5742],[-2.01924,42.60328],[-2.03498,42.62105],[-2.04623,42.62913],[-2.05297,42.62913],[-2.06422,42.62267],[-2.06197,42.62105],[-2.03723,42.6162],[-2.03498,42.60005],[-2.04847,42.59358],[-2.07771,42.52411],[-2.08446,42.52411]]]}},{"type":"Feature","id":"31081","properties":{"cod_mun":"31081","nombre":"Donamaria","cod_prov":"31","cod_ccaa":"15"},"geometry":{"type":"Polygon","coordinates":[[[-1.68862,43.05888],[-1.68637,43.05565],[-1.64588,43.05242],[-1.64813,43.06535],[-1.65713,43.07181],[-1.63464,43.10897],[-1.66163,43.12351],[-1.67737,43.11705],[-1.68637,43.09281],[-1.68862,43.05888]]]}},{"type":"Feature","id":"31082","properties":{"cod_mun":"31082","nombre":"Etxalar","cod_prov":"31","cod_ccaa":"15"},"geometry":{"type":"Polygon","coordinates":[[[-1.67962,43.25761],[-1.67287,43.23984],[-1.66612,43.22206],[-1.64813,43.21399],[-1.61215,43.20429],[-1.60765,43.19621],[-1.58291,43.20429],[-1.57166,43.20914],[-1.55817,43.23822],[-1.57391,43.25114],[-1.60765,43.25276],[-1.62564,43.27053],[-1.63464,43.26407],[-1.67962,43.25761]]]}},{"type":"Feature","id":"31083","properties":{"cod_mun":"31083","nombre":"Echarri/Etxarri","cod_prov":"31","cod_ccaa":"15"},"geometry":{"type":"Polygon","coordinates":[[[-1.84605,42.78261],[-1.82806,42.7713],[-1.81906,42.78584],[-1.8438,42.78908],[-1.84605,42.78261]]]}},{"type":"Feature","id":"31084","properties":{"cod_mun":"31084","nombre":"Etxarri Aranatz","cod_prov":"31","cod_ccaa":"15"},"geometry":{"type":"Polygon","coordinates":[[[-2.1182,42.94256],[-2.11145,42.92156],[-2.09796,42.91509],[-2.08671,42.87632],[-2.07097,42.87147],[-2.07097,42.88278],[-2.04398,42.89732],[-2.04847,42.93287],[-2.05747,42.92963],[-2.07097,42.91348],[-2.07321,42.93771],[-2.08896,42.95872],[-2.05522,42.97003],[-2.05297,42.97649],[-2.09571,42.97164],[-2.10245,42.94902],[-2.1182,42.94256]]]}},{"type":"Feature","id":"31085","properties":{"cod_mun":"31085","nombre":"Etxauri","cod_prov":"31","cod_ccaa":"15"},"geometry":{"type":"Polygon","coordinates":[[[-1.8528,42.80685],[-1.8483,42.79554],[-1.80557,42.79554],[-1.80332,42.78261],[-1.77408,42.781],[-1.76059,42.79231],[-1.78083,42.80523],[-1.80782,42.80846],[-1.81682,42.81977],[-1.83931,42.82139],[-1.8528,42.80685]]]}},{"type":"Feature","id":"31086","properties":{"cod_mun":"31086","nombre":"Valle de Egüés/Eguesibar","cod_prov":"31","cod_ccaa":"15"},"geometry":{"type":"Polygon","coordinates":[[[-1.6099,42.80362],[-1.60315,42.78584],[-1.57166,42.77938],[-1.53792,42.802],[-1.52443,42.79392],[-1.49294,42.84078],[-1.50194,42.86824],[-1.54917,42.86178],[-1.57166,42.84724],[-1.57391,42.83593],[-1.60315,42.81654],[-1.60765,42.81493],[-1.6099,42.80362]]]}},{"type":"Feature","id":"31087","properties":{"cod_mun":"31087","nombre":"Elgorriaga","cod_prov":"31","cod_ccaa":"15"},"geometry":{"type":"Polygon","coordinates":[[[-1.70661,43.14613],[-1.69761,43.13805],[-1.69761,43.11866],[-1.67962,43.14774],[-1.70661,43.14613]]]}},{"type":"Feature","id":"31088","properties":{"cod_mun":"31088","nombre":"Valle de Elorz/Elortzibar","cod_prov":"31","cod_ccaa":"15"},"geometry":{"type":"Polygon","coordinates":[[[-1.63689,42.74545],[-1.63464,42.7196],[-1.6054,42.69375],[-1.59415,42.68567],[-1.56716,42.69214],[-1.54917,42.69537],[-1.54242,42.72122],[-1.55592,42.72768],[-1.53567,42.73414],[-1.54017,42.74545],[-1.62339,42.75838],[-1.63239,42.77777],[-1.64588,42.76646],[-1.63689,42.74545]]]}},{"type":"Feature","id":"31089","properties":{"cod_mun":"31089","nombre":"Enériz/Eneritz","cod_prov":"31","cod_ccaa":"15"},"geometry":{"type":"Polygon","coordinates":[[[-1.76733,42.64528],[-1.74709,42.65013],[-1.71785,42.6679],[-1.72235,42.68406],[-1.75384,42.67598],[-1.76284,42.66629],[-1.76733,42.64528]]]}},{"type":"Feature","id":"31091","properties":{"cod_mun":"31091","nombre":"Ergoiena","cod_prov":"31","cod_ccaa":"15"},"geometry":{"type":"MultiPolygon","coordinates":[[[[-2.04398,42.89732],[-2.07097,42.88278],[-2.07097,42.87147],[-2.02149,42.86178],[-1.94277,42.86663],[-1.93827,42.87632],[-1.9945,42.89248],[-2.00349,42.9054],[-2.04398,42.89732]]],[[[-2.05522,42.97003],[-2.08896,42.95872],[-2.07321,42.93771],[-2.07097,42.91348],[-2.05747,42.92963],[-2.06647,42.95225],[-2.05072,42.95064],[-2.03948,42.96841],[-2.05522,42.97003]]]]}},{"type":"Feature","id":"31097","properties":{"cod_mun":"31097","nombre":"Estella-Lizarra","cod_prov":"31","cod_ccaa":"15"},"geometry":{"type":"Polygon","coordinates":[[[-2.04847,42.69375],[-2.06647,42.68891],[-2.04398,42.6679],[-2.02598,42.64367],[-2.03723,42.63236],[-2.00124,42.64367],[-2.00799,42.67113],[-2.01249,42.68406],[-2.04847,42.69375]]]}},{"type":"Feature","id":"31092","properties":{"cod_mun":"31092","nombre":"Erro","cod_prov":"31","cod_ccaa":"15"},"geometry":{"type":"Polygon","coordinates":[[[-1.50869,43.03142],[-1.49519,43.03142],[-1.47945,43.01526],[-1.48395,42.98295],[-1.4682,42.94741],[-1.48844,42.9054],[-1.47495,42.90217],[-1.47045,42.87793],[-1.43446,42.87793],[-1.41872,42.90217],[-1.39623,42.90702],[-1.40523,42.93125],[-1.38948,42.95064],[-1.36249,42.9571],[-1.35575,42.96679],[-1.33775,42.98133],[-1.35799,42.99426],[-1.35575,43.00718],[-1.37599,43.01042],[-1.36024,43.0298],[-1.44121,43.04596],[-1.44796,43.05242],[-1.47045,43.03465],[-1.50869,43.03142]]]}},{"type":"Feature","id":"31099","properties":{"cod_mun":"31099","nombre":"Etayo","cod_prov":"31","cod_ccaa":"15"},"geometry":{"type":"Polygon","coordinates":[[[-2.20141,42.58874],[-2.18117,42.60166],[-2.15868,42.60166],[-2.14069,42.60651],[-2.15418,42.63236],[-2.17667,42.63074],[-2.18792,42.6259],[-2.19692,42.61297],[-2.20141,42.58874]]]}},{"type":"Feature","id":"31093","properties":{"cod_mun":"31093","nombre":"Ezcároz/Ezkaroze","cod_prov":"31","cod_ccaa":"15"},"geometry":{"type":"Polygon","coordinates":[[[-1.13083,42.91994],[-1.13308,42.90702],[-1.12184,42.87793],[-1.09035,42.87793],[-1.05211,42.88924],[-1.01388,42.87147],[-1.01388,42.8747],[-0.99813,42.89248],[-1.00263,42.9054],[-1.03862,42.91186],[-1.05211,42.90055],[-1.06336,42.90702],[-1.08585,42.89571],[-1.10384,42.90378],[-1.11059,42.91994],[-1.13083,42.91994]]]}},{"type":"Feature","id":"31094","properties":{"cod_mun":"31094","nombre":"Eslava","cod_prov":"31","cod_ccaa":"15"},"geometry":{"type":"Polygon","coordinates":[[[-1.50644,42.59682],[-1.47945,42.5742],[-1.4637,42.53542],[-1.45471,42.53381],[-1.44571,42.53057],[-1.43446,42.55481],[-1.43671,42.58066],[-1.47045,42.59358],[-1.50419,42.59843],[-1.50644,42.59682]]]}},{"type":"Feature","id":"31095","properties":{"cod_mun":"31095","nombre":"Esparza de Salazar/Espartza Zaraitzu","cod_prov":"31","cod_ccaa":"15"},"geometry":{"type":"Polygon","coordinates":[[[-1.17132,42.84885],[-1.0836,42.84724],[-1.06336,42.84239],[-1.01613,42.86339],[-1.01388,42.87147],[-1.04762,42.87793],[-1.05886,42.86663],[-1.09035,42.86178],[-1.11959,42.87147],[-1.16682,42.86663],[-1.17132,42.84885]]]}},{"type":"Feature","id":"31096","properties":{"cod_mun":"31096","nombre":"Espronceda","cod_prov":"31","cod_ccaa":"15"},"geometry":{"type":"Polygon","coordinates":[[[-2.32062,42.59197],[-2.30712,42.57743],[-2.29588,42.57904],[-2.28463,42.61136],[-2.29138,42.61782],[-2.31837,42.60328],[-2.32062,42.59197]]]}},{"type":"Feature","id":"31187","properties":{"cod_mun":"31187","nombre":"Oiz","cod_prov":"31","cod_ccaa":"15"},"geometry":{"type":"Polygon","coordinates":[[[-1.70436,43.10897],[-1.69311,43.09604],[-1.70436,43.07504],[-1.68862,43.05888],[-1.68637,43.09281],[-1.67737,43.11705],[-1.69536,43.11705],[-1.70436,43.10897]]]}},{"type":"Feature","id":"31098","properties":{"cod_mun":"31098","nombre":"Esteribar","cod_prov":"31","cod_ccaa":"15"},"geometry":{"type":"Polygon","coordinates":[[[-1.5964,42.83916],[-1.57391,42.83593],[-1.57166,42.84724],[-1.54917,42.86178],[-1.50194,42.86824],[-1.48395,42.88278],[-1.47045,42.87793],[-1.47495,42.90217],[-1.48844,42.9054],[-1.4682,42.94741],[-1.48395,42.98295],[-1.47945,43.01526],[-1.49519,43.03142],[-1.50869,43.03142],[-1.49519,43.05565],[-1.51768,43.06535],[-1.53343,43.04596],[-1.55592,43.04111],[-1.55142,43.03303],[-1.56266,42.99426],[-1.56491,42.95064],[-1.55142,42.93448],[-1.55367,42.91025],[-1.57841,42.91186],[-1.58516,42.87309],[-1.59865,42.85532],[-1.5964,42.83916]]]}},{"type":"Feature","id":"31102","properties":{"cod_mun":"31102","nombre":"Ezkurra","cod_prov":"31","cod_ccaa":"15"},"geometry":{"type":"Polygon","coordinates":[[[-1.8663,43.07989],[-1.82806,43.06373],[-1.81457,43.07019],[-1.81007,43.08635],[-1.82356,43.09928],[-1.82806,43.1429],[-1.83706,43.1429],[-1.84605,43.14128],[-1.8663,43.07989]]]}},{"type":"Feature","id":"31103","properties":{"cod_mun":"31103","nombre":"Ezprogui","cod_prov":"31","cod_ccaa":"15"},"geometry":{"type":"Polygon","coordinates":[[[-1.50419,42.59843],[-1.47045,42.59358],[-1.43671,42.58066],[-1.43446,42.55481],[-1.40073,42.55481],[-1.41647,42.59682],[-1.43896,42.60328],[-1.42772,42.64205],[-1.48619,42.65336],[-1.49969,42.63721],[-1.50419,42.59843]]]}},{"type":"Feature","id":"31104","properties":{"cod_mun":"31104","nombre":"Falces","cod_prov":"31","cod_ccaa":"15"},"geometry":{"type":"Polygon","coordinates":[[[-1.90903,42.43202],[-1.90678,42.41425],[-1.88204,42.39648],[-1.83706,42.37547],[-1.81232,42.38194],[-1.79207,42.37224],[-1.73135,42.39648],[-1.72235,42.39648],[-1.70661,42.39971],[-1.71336,42.42071],[-1.7381,42.44656],[-1.76059,42.4611],[-1.76733,42.46433],[-1.82356,42.45787],[-1.8528,42.44495],[-1.88429,42.45626],[-1.90003,42.45302],[-1.90903,42.43202]]]}},{"type":"Feature","id":"31108","properties":{"cod_mun":"31108","nombre":"Fustiñana","cod_prov":"31","cod_ccaa":"15"},"geometry":{"type":"Polygon","coordinates":[[[-1.51318,42.01196],[-1.50194,42.0055],[-1.49519,42.00711],[-1.4817,42.0055],[-1.49069,41.98934],[-1.47045,42.00065],[-1.45021,41.99419],[-1.42997,41.99903],[-1.37149,42.03781],[-1.39398,42.06043],[-1.42322,42.06527],[-1.47045,42.07981],[-1.47945,42.06689],[-1.51318,42.01196]]]}},{"type":"Feature","id":"31109","properties":{"cod_mun":"31109","nombre":"Galar","cod_prov":"31","cod_ccaa":"15"},"geometry":{"type":"Polygon","coordinates":[[[-1.69986,42.77615],[-1.71336,42.74061],[-1.68637,42.72768],[-1.69536,42.70991],[-1.65488,42.69698],[-1.64588,42.71799],[-1.66387,42.73414],[-1.63689,42.74545],[-1.64588,42.76646],[-1.63239,42.77777],[-1.63239,42.78908],[-1.64588,42.79715],[-1.66163,42.79231],[-1.67737,42.7713],[-1.68862,42.77615],[-1.69986,42.77615]]]}},{"type":"Feature","id":"31188","properties":{"cod_mun":"31188","nombre":"Olaibar","cod_prov":"31","cod_ccaa":"15"},"geometry":{"type":"Polygon","coordinates":[[[-1.63239,42.90863],[-1.62789,42.88278],[-1.58516,42.87309],[-1.57841,42.91186],[-1.6054,42.91671],[-1.63239,42.90863]]]}},{"type":"Feature","id":"31118","properties":{"cod_mun":"31118","nombre":"Val de Goñi/Goñerri","cod_prov":"31","cod_ccaa":"15"},"geometry":{"type":"Polygon","coordinates":[[[-1.93602,42.81816],[-1.91803,42.79877],[-1.89553,42.80038],[-1.87304,42.80685],[-1.8528,42.80685],[-1.83931,42.82139],[-1.82356,42.82785],[-1.84156,42.83916],[-1.86854,42.83754],[-1.89553,42.86501],[-1.91803,42.86663],[-1.93602,42.85855],[-1.93377,42.84401],[-1.94726,42.82462],[-1.93602,42.81816]]]}},{"type":"Feature","id":"31119","properties":{"cod_mun":"31119","nombre":"Güesa/Gorza","cod_prov":"31","cod_ccaa":"15"},"geometry":{"type":"Polygon","coordinates":[[[-1.11284,42.83108],[-1.11959,42.81331],[-1.10384,42.79715],[-1.08135,42.79392],[-1.04087,42.80038],[-1.02962,42.81816],[-1.01838,42.86178],[-1.05436,42.82947],[-1.0926,42.82623],[-1.11284,42.83108]]]}},{"type":"Feature","id":"31125","properties":{"cod_mun":"31125","nombre":"Igúzquiza","cod_prov":"31","cod_ccaa":"15"},"geometry":{"type":"MultiPolygon","coordinates":[[[[-2.09796,42.62105],[-2.1092,42.60812],[-2.09796,42.6162],[-2.09796,42.62105]]],[[[-2.12719,42.65659],[-2.12944,42.65498],[-2.1227,42.64367],[-2.09571,42.63721],[-2.08446,42.62105],[-2.06422,42.62267],[-2.05297,42.62913],[-2.07097,42.65821],[-2.08221,42.66467],[-2.12719,42.65659]]]]}},{"type":"Feature","id":"31120","properties":{"cod_mun":"31120","nombre":"Guesálaz/Gesalatz","cod_prov":"31","cod_ccaa":"15"},"geometry":{"type":"MultiPolygon","coordinates":[[[[-1.93602,42.81816],[-1.96076,42.81331],[-1.97425,42.82139],[-1.99,42.81169],[-1.9855,42.78261],[-1.97425,42.77777],[-1.94726,42.76807],[-1.94502,42.74868],[-1.93152,42.73899],[-1.93602,42.72445],[-1.95851,42.71637],[-1.93377,42.69698],[-1.89778,42.69698],[-1.89104,42.70991],[-1.89553,42.73091],[-1.87079,42.75353],[-1.90453,42.76484],[-1.89553,42.80038],[-1.91803,42.79877],[-1.93602,42.81816]]],[[[-1.8528,42.80685],[-1.87304,42.80685],[-1.87304,42.77938],[-1.85055,42.76969],[-1.84605,42.78261],[-1.8438,42.78908],[-1.8483,42.79554],[-1.8528,42.80685]]]]}},{"type":"Feature","id":"31123","properties":{"cod_mun":"31123","nombre":"Uharte Arakil","cod_prov":"31","cod_ccaa":"15"},"geometry":{"type":"Polygon","coordinates":[[[-2.00574,42.90702],[-2.00349,42.9054],[-1.9945,42.89248],[-1.94726,42.88601],[-1.94277,42.91671],[-1.94951,42.9361],[-1.91578,42.94094],[-1.90003,42.93771],[-1.90003,42.95064],[-1.94052,42.96195],[-1.96301,42.96033],[-1.99,42.95387],[-1.99225,42.94741],[-1.99,42.92802],[-2.00574,42.91186],[-2.00574,42.90702]]]}},{"type":"Feature","id":"31124","properties":{"cod_mun":"31124","nombre":"Ibargoiti","cod_prov":"31","cod_ccaa":"15"},"geometry":{"type":"Polygon","coordinates":[[[-1.54242,42.6776],[-1.54242,42.67598],[-1.48619,42.65336],[-1.42772,42.64205],[-1.41872,42.64205],[-1.40972,42.65982],[-1.39623,42.66144],[-1.37824,42.66629],[-1.37824,42.68244],[-1.40073,42.68567],[-1.41872,42.68891],[-1.43446,42.70506],[-1.44121,42.70991],[-1.4637,42.69698],[-1.4727,42.70345],[-1.49969,42.69052],[-1.53792,42.68567],[-1.54242,42.6776]]]}},{"type":"Feature","id":"31126","properties":{"cod_mun":"31126","nombre":"Imotz","cod_prov":"31","cod_ccaa":"15"},"geometry":{"type":"Polygon","coordinates":[[[-1.84605,42.98618],[-1.8438,42.97326],[-1.85955,42.97003],[-1.85955,42.95548],[-1.84605,42.94094],[-1.82806,42.93771],[-1.81457,42.93125],[-1.78533,42.93287],[-1.76509,42.94256],[-1.75159,42.92479],[-1.7336,42.92963],[-1.75159,42.97972],[-1.75609,42.9781],[-1.78533,42.98618],[-1.82356,42.96679],[-1.84605,42.98618]]]}},{"type":"Feature","id":"31127","properties":{"cod_mun":"31127","nombre":"Irañeta","cod_prov":"31","cod_ccaa":"15"},"geometry":{"type":"Polygon","coordinates":[[[-1.94951,42.9361],[-1.94277,42.91671],[-1.94726,42.88601],[-1.92702,42.88763],[-1.92252,42.91671],[-1.93827,42.91671],[-1.91803,42.94094],[-1.94951,42.9361]]]}},{"type":"Feature","id":"31128","properties":{"cod_mun":"31128","nombre":"Isaba/Izaba","cod_prov":"31","cod_ccaa":"15"},"geometry":{"type":"Polygon","coordinates":[[[-0.96665,42.86501],[-0.93066,42.84401],[-0.87218,42.8327],[-0.86544,42.823],[-0.85419,42.823],[-0.85644,42.84724],[-0.84744,42.84724],[-0.81596,42.8747],[-0.81821,42.90217],[-0.78222,42.92156],[-0.75298,42.92479],[-0.72824,42.91994],[-0.73049,42.94579],[-0.75073,42.96679],[-0.78672,42.96356],[-0.81146,42.95064],[-0.86319,42.95064],[-0.89692,42.95872],[-0.92391,42.91833],[-0.93516,42.88278],[-0.96665,42.86501]]]}},{"type":"Feature","id":"31129","properties":{"cod_mun":"31129","nombre":"Ituren","cod_prov":"31","cod_ccaa":"15"},"geometry":{"type":"Polygon","coordinates":[[[-1.74934,43.15421],[-1.7246,43.12028],[-1.73585,43.10897],[-1.7291,43.10735],[-1.70436,43.10897],[-1.69536,43.11705],[-1.69761,43.11866],[-1.69761,43.13805],[-1.70661,43.14613],[-1.72685,43.16067],[-1.74934,43.15421]]]}},{"type":"Feature","id":"31131","properties":{"cod_mun":"31131","nombre":"Iza/Itza","cod_prov":"31","cod_ccaa":"15"},"geometry":{"type":"Polygon","coordinates":[[[-1.82356,42.88278],[-1.79657,42.84885],[-1.77858,42.85693],[-1.74259,42.82947],[-1.7246,42.82785],[-1.72235,42.8327],[-1.74259,42.85855],[-1.73585,42.87955],[-1.74034,42.88924],[-1.75834,42.89571],[-1.75159,42.92479],[-1.76509,42.94256],[-1.78533,42.93287],[-1.81457,42.93125],[-1.81007,42.92802],[-1.79882,42.91994],[-1.81232,42.9054],[-1.79207,42.89086],[-1.82356,42.88278]]]}},{"type":"Feature","id":"31132","properties":{"cod_mun":"31132","nombre":"Izagaondoa","cod_prov":"31","cod_ccaa":"15"},"geometry":{"type":"Polygon","coordinates":[[[-1.51768,42.76484],[-1.47495,42.75515],[-1.4682,42.76323],[-1.45471,42.75192],[-1.45696,42.72122],[-1.44121,42.70991],[-1.43446,42.70506],[-1.41422,42.70506],[-1.39398,42.69375],[-1.40073,42.68567],[-1.37824,42.68244],[-1.35799,42.68406],[-1.35125,42.72283],[-1.38723,42.74545],[-1.43896,42.76646],[-1.4727,42.76646],[-1.48395,42.77777],[-1.51093,42.781],[-1.51768,42.76484]]]}},{"type":"Feature","id":"31134","properties":{"cod_mun":"31134","nombre":"Jaurrieta","cod_prov":"31","cod_ccaa":"15"},"geometry":{"type":"Polygon","coordinates":[[[-1.19831,42.88763],[-1.16682,42.86663],[-1.11959,42.87147],[-1.12184,42.87793],[-1.13308,42.90702],[-1.13083,42.91994],[-1.14208,42.93448],[-1.13308,42.94902],[-1.16457,42.94902],[-1.16007,42.93771],[-1.15108,42.92479],[-1.16907,42.9054],[-1.19831,42.88763]]]}},{"type":"Feature","id":"31171","properties":{"cod_mun":"31171","nombre":"Miranda de Arga","cod_prov":"31","cod_ccaa":"15"},"geometry":{"type":"Polygon","coordinates":[[[-1.88429,42.45626],[-1.8528,42.44495],[-1.82356,42.45787],[-1.76733,42.46433],[-1.76059,42.4611],[-1.76509,42.48534],[-1.79432,42.5128],[-1.85505,42.5128],[-1.88429,42.50311],[-1.89329,42.48534],[-1.88429,42.45626]]]}},{"type":"Feature","id":"31135","properties":{"cod_mun":"31135","nombre":"Javier","cod_prov":"31","cod_ccaa":"15"},"geometry":{"type":"MultiPolygon","coordinates":[[[[-1.32201,42.52088],[-1.331,42.4918],[-1.34225,42.48372],[-1.34675,42.45949],[-1.34225,42.42394],[-1.31526,42.44979],[-1.29052,42.45787],[-1.27253,42.48211],[-1.27478,42.49503],[-1.29277,42.51119],[-1.30851,42.52411],[-1.32201,42.52088]]],[[[-1.21855,42.61297],[-1.22755,42.5952],[-1.23879,42.59358],[-1.22755,42.57904],[-1.18706,42.59035],[-1.17582,42.60328],[-1.21855,42.61297]]]]}},{"type":"Feature","id":"31136","properties":{"cod_mun":"31136","nombre":"Juslapeña/Txulapain","cod_prov":"31","cod_ccaa":"15"},"geometry":{"type":"Polygon","coordinates":[[[-1.75159,42.92479],[-1.75834,42.89571],[-1.74034,42.88924],[-1.72235,42.89086],[-1.7156,42.8844],[-1.67062,42.86339],[-1.67962,42.88278],[-1.65263,42.89571],[-1.65938,42.90378],[-1.67737,42.92156],[-1.70661,42.90863],[-1.70886,42.93125],[-1.7336,42.92963],[-1.75159,42.92479]]]}},{"type":"Feature","id":"31137","properties":{"cod_mun":"31137","nombre":"Beintza-Labaien","cod_prov":"31","cod_ccaa":"15"},"geometry":{"type":"Polygon","coordinates":[[[-1.81682,43.14936],[-1.77858,43.12351],[-1.78083,43.11382],[-1.77408,43.09928],[-1.75384,43.09766],[-1.76958,43.08635],[-1.75834,43.07019],[-1.76733,43.06212],[-1.76284,43.05565],[-1.7291,43.05404],[-1.72235,43.05727],[-1.7156,43.06858],[-1.7291,43.10735],[-1.73585,43.10897],[-1.76733,43.10412],[-1.78083,43.15744],[-1.81682,43.14936]]]}},{"type":"Feature","id":"31172","properties":{"cod_mun":"31172","nombre":"Monreal/Elo","cod_prov":"31","cod_ccaa":"15"},"geometry":{"type":"Polygon","coordinates":[[[-1.57166,42.68244],[-1.54242,42.6776],[-1.53792,42.68567],[-1.49969,42.69052],[-1.4727,42.70345],[-1.53567,42.73414],[-1.55592,42.72768],[-1.54242,42.72122],[-1.54917,42.69537],[-1.56716,42.69214],[-1.57166,42.68244]]]}},{"type":"Feature","id":"31138","properties":{"cod_mun":"31138","nombre":"Lakuntza","cod_prov":"31","cod_ccaa":"15"},"geometry":{"type":"MultiPolygon","coordinates":[[[[-2.01024,42.9571],[-2.02823,42.96518],[-2.03273,42.93771],[-2.03948,42.92963],[-2.02823,42.91186],[-2.00574,42.90702],[-2.00574,42.91186],[-2.01699,42.9361],[-2.01024,42.9571]]],[[[-1.99,42.92802],[-1.99225,42.94741],[-2.00574,42.94741],[-2.00574,42.93125],[-1.99,42.92802]]]]}},{"type":"Feature","id":"31139","properties":{"cod_mun":"31139","nombre":"Lana","cod_prov":"31","cod_ccaa":"15"},"geometry":{"type":"Polygon","coordinates":[[[-2.32062,42.7293],[-2.30487,42.72283],[-2.30712,42.70829],[-2.29138,42.70829],[-2.26439,42.68083],[-2.25314,42.69052],[-2.21941,42.68406],[-2.21491,42.68729],[-2.19467,42.70506],[-2.19692,42.71637],[-2.23065,42.73414],[-2.27339,42.74222],[-2.31612,42.73899],[-2.32062,42.7293]]]}},{"type":"Feature","id":"31142","properties":{"cod_mun":"31142","nombre":"Larraga","cod_prov":"31","cod_ccaa":"15"},"geometry":{"type":"Polygon","coordinates":[[[-1.93377,42.52734],[-1.91128,42.50472],[-1.88429,42.50311],[-1.87754,42.52088],[-1.8483,42.53219],[-1.78983,42.52088],[-1.77183,42.54188],[-1.79432,42.5435],[-1.81232,42.55804],[-1.81682,42.59035],[-1.83931,42.59358],[-1.85505,42.58551],[-1.88879,42.58389],[-1.92477,42.5742],[-1.93377,42.52734]]]}},{"type":"Feature","id":"31143","properties":{"cod_mun":"31143","nombre":"Larraona","cod_prov":"31","cod_ccaa":"15"},"geometry":{"type":"Polygon","coordinates":[[[-2.28013,42.78584],[-2.27339,42.76807],[-2.2419,42.76161],[-2.2374,42.77938],[-2.27339,42.79069],[-2.28013,42.78584]]]}},{"type":"Feature","id":"31144","properties":{"cod_mun":"31144","nombre":"Larraun","cod_prov":"31","cod_ccaa":"15"},"geometry":{"type":"Polygon","coordinates":[[[-1.981,42.98941],[-1.96301,42.96033],[-1.94052,42.96195],[-1.90003,42.95064],[-1.90003,42.93771],[-1.8618,42.93287],[-1.84605,42.94094],[-1.85955,42.95548],[-1.85955,42.97003],[-1.8438,42.97326],[-1.84605,42.98618],[-1.83256,43.01526],[-1.85505,43.03303],[-1.87304,43.0395],[-1.87754,43.05565],[-1.90678,43.05081],[-1.92927,43.05888],[-1.96976,43.06696],[-1.96076,43.05888],[-1.96526,43.03465],[-1.96076,43.01688],[-1.981,42.98941]],[[-1.89329,42.99588],[-1.92477,43.00395],[-1.92702,43.01203],[-1.89329,43.0298],[-1.89329,42.99588]]]}},{"type":"Feature","id":"31149","properties":{"cod_mun":"31149","nombre":"Leitza","cod_prov":"31","cod_ccaa":"15"},"geometry":{"type":"Polygon","coordinates":[[[-1.94726,43.09766],[-1.93602,43.08797],[-1.92927,43.05888],[-1.90678,43.05081],[-1.87754,43.05565],[-1.8663,43.07989],[-1.84605,43.14128],[-1.85055,43.15744],[-1.86405,43.15744],[-1.90228,43.14128],[-1.92477,43.11543],[-1.94726,43.09766]]]}},{"type":"Feature","id":"31150","properties":{"cod_mun":"31150","nombre":"Leoz/Leotz","cod_prov":"31","cod_ccaa":"15"},"geometry":{"type":"Polygon","coordinates":[[[-1.64813,42.59035],[-1.64588,42.58066],[-1.61889,42.57743],[-1.63239,42.56612],[-1.63014,42.53865],[-1.61439,42.52734],[-1.6009,42.5435],[-1.56491,42.55481],[-1.53567,42.55319],[-1.53118,42.56773],[-1.50644,42.59682],[-1.50419,42.59843],[-1.49969,42.63721],[-1.48619,42.65336],[-1.54242,42.67598],[-1.56042,42.64205],[-1.58965,42.62751],[-1.59415,42.61136],[-1.56491,42.60489],[-1.58066,42.59197],[-1.61664,42.59197],[-1.64813,42.59035]]]}},{"type":"Feature","id":"31151","properties":{"cod_mun":"31151","nombre":"Lerga","cod_prov":"31","cod_ccaa":"15"},"geometry":{"type":"Polygon","coordinates":[[[-1.53567,42.55319],[-1.52668,42.5435],[-1.49969,42.54512],[-1.47945,42.53704],[-1.47045,42.53542],[-1.4637,42.53542],[-1.47945,42.5742],[-1.50644,42.59682],[-1.53118,42.56773],[-1.53567,42.55319]]]}},{"type":"Feature","id":"31152","properties":{"cod_mun":"31152","nombre":"Lerín","cod_prov":"31","cod_ccaa":"15"},"geometry":{"type":"Polygon","coordinates":[[[-2.03498,42.49826],[-2.03948,42.4918],[-2.02598,42.45464],[-2.01024,42.44818],[-1.99,42.43848],[-1.93602,42.43687],[-1.92927,42.42879],[-1.90903,42.43202],[-1.90003,42.45302],[-1.88429,42.45626],[-1.89329,42.48534],[-1.88429,42.50311],[-1.91128,42.50472],[-1.93377,42.52734],[-1.96751,42.5225],[-1.972,42.53057],[-1.99,42.51603],[-2.00799,42.51927],[-2.02598,42.49665],[-2.03498,42.49826]]]}},{"type":"Feature","id":"31173","properties":{"cod_mun":"31173","nombre":"Monteagudo","cod_prov":"31","cod_ccaa":"15"},"geometry":{"type":"Polygon","coordinates":[[[-1.74034,41.96834],[-1.72685,41.96187],[-1.68637,41.9538],[-1.67512,41.96672],[-1.67737,41.97157],[-1.69761,41.97965],[-1.72685,41.97803],[-1.74034,41.96834]]]}},{"type":"Feature","id":"31153","properties":{"cod_mun":"31153","nombre":"Lesaka","cod_prov":"31","cod_ccaa":"15"},"geometry":{"type":"Polygon","coordinates":[[[-1.79432,43.2463],[-1.76284,43.22853],[-1.76059,43.21883],[-1.73135,43.22368],[-1.7156,43.23337],[-1.67287,43.23984],[-1.67962,43.25761],[-1.69086,43.28184],[-1.71111,43.27861],[-1.71111,43.28992],[-1.7291,43.29315],[-1.78308,43.28669],[-1.79432,43.27699],[-1.79432,43.2463]]]}},{"type":"Feature","id":"31154","properties":{"cod_mun":"31154","nombre":"Lezaun","cod_prov":"31","cod_ccaa":"15"},"geometry":{"type":"Polygon","coordinates":[[[-2.03723,42.78746],[-2.01024,42.77938],[-1.98775,42.75838],[-1.98775,42.77615],[-1.97425,42.77777],[-1.9855,42.78261],[-1.99,42.81169],[-2.00349,42.81977],[-2.03273,42.80685],[-2.03723,42.78746]]]}},{"type":"Feature","id":"31156","properties":{"cod_mun":"31156","nombre":"Lizoain-Arriasgoiti/Lizoainibar-Arriasgoiti","cod_prov":"31","cod_ccaa":"15"},"geometry":{"type":"Polygon","coordinates":[[[-1.52443,42.79392],[-1.51093,42.781],[-1.48395,42.77777],[-1.47495,42.79231],[-1.42547,42.78908],[-1.42547,42.82139],[-1.43446,42.82947],[-1.42322,42.86824],[-1.43446,42.87793],[-1.47045,42.87793],[-1.48395,42.88278],[-1.50194,42.86824],[-1.49294,42.84078],[-1.52443,42.79392]]]}},{"type":"Feature","id":"31157","properties":{"cod_mun":"31157","nombre":"Lodosa","cod_prov":"31","cod_ccaa":"15"},"geometry":{"type":"Polygon","coordinates":[[[-2.11145,42.4191],[-2.11595,42.39971],[-2.08671,42.38355],[-2.09346,42.37547],[-2.07996,42.36578],[-2.08896,42.34639],[-2.07097,42.34316],[-2.04623,42.35932],[-2.06647,42.38194],[-2.05522,42.39971],[-2.03048,42.41102],[-2.02598,42.41748],[-2.05072,42.42879],[-2.05747,42.44495],[-2.08671,42.45464],[-2.10245,42.44818],[-2.11145,42.4191]]]}},{"type":"Feature","id":"31164","properties":{"cod_mun":"31164","nombre":"Mélida","cod_prov":"31","cod_ccaa":"15"},"geometry":{"type":"MultiPolygon","coordinates":[[[[-1.44571,42.31085],[-1.4682,42.32539],[-1.4772,42.32054],[-1.44571,42.31085]]],[[[-1.50419,42.36093],[-1.50644,42.36901],[-1.54692,42.37224],[-1.55142,42.36093],[-1.58516,42.3674],[-1.56266,42.35124],[-1.55817,42.33508],[-1.53792,42.31731],[-1.50869,42.34155],[-1.49744,42.33832],[-1.50419,42.36093]]]]}},{"type":"Feature","id":"31158","properties":{"cod_mun":"31158","nombre":"Lónguida/Longida","cod_prov":"31","cod_ccaa":"15"},"geometry":{"type":"Polygon","coordinates":[[[-1.43896,42.76646],[-1.38723,42.74545],[-1.35125,42.72283],[-1.33775,42.72283],[-1.29952,42.74061],[-1.31076,42.76484],[-1.29727,42.78584],[-1.27928,42.78908],[-1.28152,42.81169],[-1.29727,42.81169],[-1.33775,42.8327],[-1.3535,42.81977],[-1.36474,42.83593],[-1.39398,42.83431],[-1.41197,42.81169],[-1.42547,42.82139],[-1.42547,42.78908],[-1.42097,42.77938],[-1.43896,42.76646]],[[-1.38723,42.76161],[-1.37599,42.77292],[-1.38498,42.79877],[-1.31976,42.80038],[-1.331,42.77777],[-1.35575,42.78746],[-1.36924,42.76323],[-1.38723,42.76161]]]}},{"type":"Feature","id":"31159","properties":{"cod_mun":"31159","nombre":"Lumbier","cod_prov":"31","cod_ccaa":"15"},"geometry":{"type":"MultiPolygon","coordinates":[[[[-1.28152,42.68083],[-1.30626,42.6776],[-1.31976,42.68729],[-1.32201,42.65659],[-1.3445,42.65498],[-1.35575,42.63074],[-1.32201,42.61297],[-1.31076,42.61782],[-1.30402,42.6259],[-1.24104,42.63236],[-1.20955,42.64205],[-1.17132,42.6469],[-1.19381,42.66306],[-1.25903,42.65175],[-1.28152,42.68083]]],[[[-1.39623,42.66144],[-1.40972,42.65982],[-1.41872,42.64205],[-1.38723,42.64205],[-1.39623,42.66144]]]]}},{"type":"Feature","id":"31160","properties":{"cod_mun":"31160","nombre":"Luquin","cod_prov":"31","cod_ccaa":"15"},"geometry":{"type":"MultiPolygon","coordinates":[[[[-2.14519,42.55642],[-2.15868,42.55966],[-2.15868,42.52573],[-2.14744,42.51765],[-2.14744,42.52896],[-2.14519,42.55642]]],[[[-2.1092,42.60812],[-2.13394,42.59197],[-2.09121,42.60651],[-2.08446,42.60974],[-2.07996,42.61943],[-2.08671,42.62105],[-2.09796,42.6162],[-2.1092,42.60812]]]]}},{"type":"Feature","id":"31165","properties":{"cod_mun":"31165","nombre":"Mendavia","cod_prov":"31","cod_ccaa":"15"},"geometry":{"type":"Polygon","coordinates":[[[-2.28913,42.46757],[-2.27339,42.44495],[-2.25764,42.44818],[-2.23515,42.42879],[-2.21041,42.41425],[-2.18567,42.4191],[-2.17443,42.40779],[-2.13394,42.42071],[-2.1182,42.44656],[-2.14519,42.48211],[-2.16318,42.48857],[-2.19692,42.49503],[-2.22166,42.47241],[-2.28013,42.48695],[-2.28463,42.47403],[-2.28913,42.46757]]]}},{"type":"Feature","id":"31166","properties":{"cod_mun":"31166","nombre":"Mendaza","cod_prov":"31","cod_ccaa":"15"},"geometry":{"type":"Polygon","coordinates":[[[-2.28913,42.65336],[-2.25539,42.64044],[-2.26214,42.62751],[-2.27339,42.60974],[-2.25539,42.59843],[-2.25539,42.62751],[-2.2374,42.62267],[-2.20816,42.66144],[-2.21941,42.68406],[-2.25314,42.69052],[-2.26439,42.68083],[-2.28688,42.66144],[-2.28913,42.65336]]]}},{"type":"Feature","id":"31167","properties":{"cod_mun":"31167","nombre":"Mendigorria","cod_prov":"31","cod_ccaa":"15"},"geometry":{"type":"Polygon","coordinates":[[[-1.90228,42.61459],[-1.89329,42.59035],[-1.88879,42.58389],[-1.85505,42.58551],[-1.83931,42.59358],[-1.81682,42.59035],[-1.77858,42.62428],[-1.80782,42.63721],[-1.83256,42.64044],[-1.8618,42.62751],[-1.85955,42.61943],[-1.89104,42.62267],[-1.90228,42.61459]]]}},{"type":"Feature","id":"31168","properties":{"cod_mun":"31168","nombre":"Metauten","cod_prov":"31","cod_ccaa":"15"},"geometry":{"type":"Polygon","coordinates":[[[-2.12719,42.65659],[-2.08221,42.66467],[-2.09571,42.68567],[-2.12719,42.71314],[-2.14744,42.70829],[-2.14519,42.69375],[-2.15643,42.67921],[-2.12719,42.65659]]]}},{"type":"Feature","id":"31169","properties":{"cod_mun":"31169","nombre":"Milagro","cod_prov":"31","cod_ccaa":"15"},"geometry":{"type":"Polygon","coordinates":[[[-1.81906,42.24622],[-1.81682,42.23007],[-1.78083,42.22361],[-1.74034,42.2123],[-1.72685,42.21391],[-1.72235,42.23815],[-1.77183,42.26723],[-1.78308,42.26723],[-1.79882,42.23976],[-1.81906,42.24622]]]}},{"type":"Feature","id":"31170","properties":{"cod_mun":"31170","nombre":"Mirafuentes","cod_prov":"31","cod_ccaa":"15"},"geometry":{"type":"Polygon","coordinates":[[[-2.29138,42.61782],[-2.28463,42.61136],[-2.27339,42.60974],[-2.26214,42.62751],[-2.28238,42.62913],[-2.29138,42.61782]]]}},{"type":"Feature","id":"31181","properties":{"cod_mun":"31181","nombre":"Navascués/Nabaskoze","cod_prov":"31","cod_ccaa":"15"},"geometry":{"type":"Polygon","coordinates":[[[-1.20505,42.73091],[-1.19831,42.71476],[-1.17132,42.71152],[-1.12858,42.69052],[-1.09935,42.68729],[-1.03862,42.69214],[-1.02962,42.69698],[-1.04312,42.70183],[-1.04986,42.75838],[-1.0881,42.76161],[-1.10834,42.77292],[-1.13533,42.77615],[-1.16007,42.75676],[-1.19381,42.75838],[-1.20505,42.73091]]]}},{"type":"Feature","id":"31182","properties":{"cod_mun":"31182","nombre":"Nazar","cod_prov":"31","cod_ccaa":"15"},"geometry":{"type":"Polygon","coordinates":[[[-2.32287,42.64852],[-2.31387,42.63721],[-2.28238,42.62913],[-2.26214,42.62751],[-2.25539,42.64044],[-2.28913,42.65336],[-2.29363,42.65013],[-2.32287,42.64852]]]}},{"type":"Feature","id":"31183","properties":{"cod_mun":"31183","nombre":"Obanos","cod_prov":"31","cod_ccaa":"15"},"geometry":{"type":"Polygon","coordinates":[[[-1.80782,42.63721],[-1.77858,42.62428],[-1.77183,42.6259],[-1.76733,42.64528],[-1.76284,42.66629],[-1.77858,42.69537],[-1.77858,42.69698],[-1.79207,42.70183],[-1.80557,42.68567],[-1.79657,42.65821],[-1.80782,42.63721]]]}},{"type":"Feature","id":"31189","properties":{"cod_mun":"31189","nombre":"Olazti/Olazagutía","cod_prov":"31","cod_ccaa":"15"},"geometry":{"type":"Polygon","coordinates":[[[-2.23515,42.9264],[-2.22166,42.92317],[-2.22391,42.89571],[-2.20591,42.85693],[-2.18567,42.85693],[-2.16543,42.86986],[-2.18567,42.89571],[-2.20591,42.90863],[-2.21041,42.92479],[-2.23515,42.92802],[-2.23515,42.9264]]]}},{"type":"Feature","id":"31190","properties":{"cod_mun":"31190","nombre":"Olejua","cod_prov":"31","cod_ccaa":"15"},"geometry":{"type":"Polygon","coordinates":[[[-2.15418,42.63236],[-2.14069,42.60651],[-2.13619,42.60812],[-2.13619,42.6162],[-2.12719,42.62913],[-2.15193,42.63559],[-2.15418,42.63236]]]}},{"type":"Feature","id":"31192","properties":{"cod_mun":"31192","nombre":"Olóriz/Oloritz","cod_prov":"31","cod_ccaa":"15"},"geometry":{"type":"Polygon","coordinates":[[[-1.67062,42.63397],[-1.63464,42.6162],[-1.63239,42.60651],[-1.61889,42.59843],[-1.59415,42.61136],[-1.58965,42.62751],[-1.56042,42.64205],[-1.54242,42.67598],[-1.54242,42.6776],[-1.57166,42.68244],[-1.5964,42.67437],[-1.61439,42.65175],[-1.63464,42.64044],[-1.67062,42.63397]]]}},{"type":"Feature","id":"31191","properties":{"cod_mun":"31191","nombre":"Olite/Erriberri","cod_prov":"31","cod_ccaa":"15"},"geometry":{"type":"Polygon","coordinates":[[[-1.7381,42.44656],[-1.71336,42.42071],[-1.70661,42.39971],[-1.69761,42.38032],[-1.65938,42.38517],[-1.64363,42.39486],[-1.64363,42.41263],[-1.64813,42.42233],[-1.63014,42.43687],[-1.63014,42.45949],[-1.62114,42.48372],[-1.62564,42.50796],[-1.70886,42.48211],[-1.7381,42.44656]]]}},{"type":"Feature","id":"31193","properties":{"cod_mun":"31193","nombre":"Cendea de Olza/Oltza Zendea","cod_prov":"31","cod_ccaa":"15"},"geometry":{"type":"Polygon","coordinates":[[[-1.83931,42.82139],[-1.81682,42.81977],[-1.80782,42.80846],[-1.78083,42.80523],[-1.76059,42.79231],[-1.74034,42.80038],[-1.71336,42.79877],[-1.70211,42.802],[-1.69086,42.80846],[-1.69311,42.81493],[-1.7246,42.82785],[-1.74259,42.82947],[-1.77858,42.85693],[-1.79657,42.84885],[-1.79432,42.84078],[-1.82356,42.82785],[-1.83931,42.82139]]]}},{"type":"Feature","id":"31194","properties":{"cod_mun":"31194","nombre":"Valle de Ollo/Ollaran","cod_prov":"31","cod_ccaa":"15"},"geometry":{"type":"Polygon","coordinates":[[[-1.91803,42.86663],[-1.89553,42.86501],[-1.86854,42.83754],[-1.84156,42.83916],[-1.82356,42.82785],[-1.79432,42.84078],[-1.79657,42.84885],[-1.82356,42.88278],[-1.87304,42.88601],[-1.90903,42.88278],[-1.90003,42.87147],[-1.91803,42.86663]]]}},{"type":"Feature","id":"31196","properties":{"cod_mun":"31196","nombre":"Orbara","cod_prov":"31","cod_ccaa":"15"},"geometry":{"type":"Polygon","coordinates":[[[-1.26803,42.99103],[-1.27253,42.9781],[-1.25903,42.95872],[-1.25453,42.9571],[-1.2253,42.96195],[-1.24779,42.99264],[-1.26803,42.99103]]]}},{"type":"Feature","id":"31195","properties":{"cod_mun":"31195","nombre":"Orbaizeta","cod_prov":"31","cod_ccaa":"15"},"geometry":{"type":"Polygon","coordinates":[[[-1.30177,42.99426],[-1.29277,42.99103],[-1.26803,42.99103],[-1.24779,42.99264],[-1.2253,42.96195],[-1.20505,42.97487],[-1.16907,42.95064],[-1.16907,42.97972],[-1.14658,42.9878],[-1.14208,43.00718],[-1.14433,43.02334],[-1.17357,43.03788],[-1.18031,43.03303],[-1.22979,43.05565],[-1.24779,43.04273],[-1.26353,43.04434],[-1.29502,43.02657],[-1.26803,43.02819],[-1.29727,43.00072],[-1.30177,42.99426]]]}},{"type":"Feature","id":"31199","properties":{"cod_mun":"31199","nombre":"Oroz-Betelu/Orotz-Betelu","cod_prov":"31","cod_ccaa":"15"},"geometry":{"type":"Polygon","coordinates":[[[-1.32651,42.93448],[-1.34,42.90702],[-1.31976,42.89248],[-1.32201,42.88117],[-1.26578,42.89409],[-1.28827,42.92317],[-1.32651,42.93448]]]}},{"type":"Feature","id":"31219","properties":{"cod_mun":"31219","nombre":"Sansol","cod_prov":"31","cod_ccaa":"15"},"geometry":{"type":"Polygon","coordinates":[[[-2.27339,42.56935],[-2.26214,42.54188],[-2.26439,42.51119],[-2.24865,42.49826],[-2.23065,42.51442],[-2.25314,42.53219],[-2.2509,42.55158],[-2.2329,42.55966],[-2.23515,42.56612],[-2.23515,42.56773],[-2.27339,42.57097],[-2.27339,42.56935]]]}},{"type":"Feature","id":"31200","properties":{"cod_mun":"31200","nombre":"Oteiza","cod_prov":"31","cod_ccaa":"15"},"geometry":{"type":"Polygon","coordinates":[[[-1.97875,42.63074],[-1.9765,42.61943],[-1.94277,42.59682],[-1.94052,42.58066],[-1.95851,42.58227],[-1.97875,42.5742],[-1.97425,42.5645],[-1.981,42.55319],[-1.972,42.53057],[-1.96751,42.5225],[-1.93377,42.52734],[-1.92477,42.5742],[-1.88879,42.58389],[-1.89329,42.59035],[-1.90903,42.5952],[-1.91578,42.61136],[-1.95626,42.64044],[-1.97875,42.63074]]]}},{"type":"Feature","id":"31201","properties":{"cod_mun":"31201","nombre":"Pamplona/Iruña","cod_prov":"31","cod_ccaa":"15"},"geometry":{"type":"Polygon","coordinates":[[[-1.69311,42.83431],[-1.69311,42.81493],[-1.69086,42.80846],[-1.68412,42.802],[-1.67737,42.79231],[-1.66163,42.79231],[-1.64588,42.79715],[-1.63239,42.78908],[-1.6099,42.80362],[-1.60765,42.81493],[-1.62564,42.82139],[-1.61664,42.83431],[-1.61664,42.83916],[-1.63913,42.84078],[-1.65038,42.83108],[-1.66612,42.8327],[-1.67962,42.83754],[-1.69311,42.83431]]]}},{"type":"Feature","id":"31202","properties":{"cod_mun":"31202","nombre":"Peralta/Azkoien","cod_prov":"31","cod_ccaa":"15"},"geometry":{"type":"Polygon","coordinates":[[[-1.89778,42.37063],[-1.87304,42.34962],[-1.88204,42.33993],[-1.8573,42.32216],[-1.83031,42.3157],[-1.81682,42.32862],[-1.79207,42.32216],[-1.76284,42.32701],[-1.74484,42.33508],[-1.70436,42.34155],[-1.7156,42.3577],[-1.72235,42.39648],[-1.73135,42.39648],[-1.79207,42.37224],[-1.81232,42.38194],[-1.83706,42.37547],[-1.88204,42.39648],[-1.89778,42.37063]]]}},{"type":"Feature","id":"31203","properties":{"cod_mun":"31203","nombre":"Petilla de Aragón","cod_prov":"31","cod_ccaa":"15"},"geometry":{"type":"MultiPolygon","coordinates":[[[[-1.14433,42.44172],[-1.18256,42.42394],[-1.18481,42.40132],[-1.15557,42.41425],[-1.14433,42.44172]]],[[[-1.10159,42.48211],[-1.12858,42.44656],[-1.06111,42.43364],[-1.05436,42.44818],[-1.08585,42.48372],[-1.10159,42.48211]]]]}},{"type":"Feature","id":"31204","properties":{"cod_mun":"31204","nombre":"Piedramillera","cod_prov":"31","cod_ccaa":"15"},"geometry":{"type":"MultiPolygon","coordinates":[[[[-2.22616,42.54996],[-2.2284,42.52411],[-2.21041,42.54673],[-2.22616,42.54996]]],[[[-2.20816,42.66144],[-2.2374,42.62267],[-2.21041,42.62267],[-2.19692,42.61297],[-2.18792,42.6259],[-2.19692,42.64852],[-2.20816,42.66144]]]]}},{"type":"Feature","id":"31206","properties":{"cod_mun":"31206","nombre":"Puente la Reina/Gares","cod_prov":"31","cod_ccaa":"15"},"geometry":{"type":"Polygon","coordinates":[[[-1.8438,42.73738],[-1.83706,42.6986],[-1.82131,42.68891],[-1.8438,42.6679],[-1.8483,42.65659],[-1.83256,42.64044],[-1.80782,42.63721],[-1.79657,42.65821],[-1.80557,42.68567],[-1.79207,42.70183],[-1.78533,42.73738],[-1.79207,42.74545],[-1.80107,42.74384],[-1.8438,42.73738]]]}},{"type":"Feature","id":"31207","properties":{"cod_mun":"31207","nombre":"Pueyo/Puiu","cod_prov":"31","cod_ccaa":"15"},"geometry":{"type":"Polygon","coordinates":[[[-1.69986,42.57581],[-1.67962,42.56773],[-1.67062,42.54835],[-1.63014,42.53865],[-1.63239,42.56612],[-1.61889,42.57743],[-1.64588,42.58066],[-1.64813,42.59035],[-1.69986,42.58066],[-1.69986,42.57581]]]}},{"type":"Feature","id":"31208","properties":{"cod_mun":"31208","nombre":"Ribaforada","cod_prov":"31","cod_ccaa":"15"},"geometry":{"type":"Polygon","coordinates":[[[-1.54467,41.98611],[-1.53792,41.97157],[-1.55367,41.95056],[-1.51768,41.94087],[-1.51318,41.94895],[-1.48619,41.98126],[-1.49069,41.98934],[-1.4817,42.0055],[-1.49519,42.00711],[-1.50194,42.0055],[-1.51318,42.01196],[-1.53343,42.02004],[-1.54467,41.98611]]]}},{"type":"Feature","id":"31209","properties":{"cod_mun":"31209","nombre":"Romanzado/Erromantzatua","cod_prov":"31","cod_ccaa":"15"},"geometry":{"type":"Polygon","coordinates":[[[-1.28152,42.68083],[-1.25903,42.65175],[-1.19381,42.66306],[-1.17132,42.6469],[-1.15332,42.6469],[-1.10384,42.64528],[-1.09935,42.68729],[-1.12858,42.69052],[-1.17132,42.71152],[-1.19831,42.71476],[-1.20505,42.73091],[-1.22305,42.73576],[-1.24554,42.72445],[-1.26353,42.72283],[-1.26353,42.70829],[-1.27928,42.69214],[-1.28152,42.68083]]]}},{"type":"Feature","id":"31210","properties":{"cod_mun":"31210","nombre":"Roncal/Erronkari","cod_prov":"31","cod_ccaa":"15"},"geometry":{"type":"Polygon","coordinates":[[[-0.99139,42.77292],[-0.94416,42.75838],[-0.94191,42.79392],[-0.86544,42.823],[-0.87218,42.8327],[-0.88343,42.81654],[-0.89468,42.82139],[-0.94865,42.82139],[-0.97564,42.83431],[-0.96665,42.86501],[-0.97564,42.86663],[-0.99364,42.8327],[-0.98014,42.79877],[-0.99139,42.77292]]]}},{"type":"Feature","id":"31211","properties":{"cod_mun":"31211","nombre":"Orreaga/Roncesvalles","cod_prov":"31","cod_ccaa":"15"},"geometry":{"type":"Polygon","coordinates":[[[-1.34,43.02657],[-1.34,43.00234],[-1.32876,42.99588],[-1.29727,43.00072],[-1.26803,43.02819],[-1.29502,43.02657],[-1.32651,43.02011],[-1.34,43.02657]]]}},{"type":"Feature","id":"31212","properties":{"cod_mun":"31212","nombre":"Sada","cod_prov":"31","cod_ccaa":"15"},"geometry":{"type":"Polygon","coordinates":[[[-1.41647,42.59682],[-1.40073,42.55481],[-1.37824,42.54835],[-1.36924,42.55966],[-1.38723,42.59197],[-1.41647,42.59682]]]}},{"type":"Feature","id":"31215","properties":{"cod_mun":"31215","nombre":"San Adrián","cod_prov":"31","cod_ccaa":"15"},"geometry":{"type":"Polygon","coordinates":[[[-1.96976,42.34801],[-1.96526,42.33347],[-1.94052,42.33508],[-1.93377,42.32216],[-1.91803,42.32701],[-1.88204,42.33993],[-1.87304,42.34962],[-1.89778,42.37063],[-1.92252,42.35447],[-1.92927,42.35932],[-1.96976,42.34801]]]}},{"type":"Feature","id":"31217","properties":{"cod_mun":"31217","nombre":"San Martín de Unx","cod_prov":"31","cod_ccaa":"15"},"geometry":{"type":"Polygon","coordinates":[[[-1.62564,42.50796],[-1.62114,42.48372],[-1.59415,42.48049],[-1.55142,42.48695],[-1.52218,42.52734],[-1.52668,42.5435],[-1.53567,42.55319],[-1.56491,42.55481],[-1.6009,42.5435],[-1.61439,42.52734],[-1.62564,42.50796]]]}},{"type":"Feature","id":"31216","properties":{"cod_mun":"31216","nombre":"Sangüesa/Zangoza","cod_prov":"31","cod_ccaa":"15"},"geometry":{"type":"Polygon","coordinates":[[[-1.331,42.53704],[-1.32201,42.52088],[-1.30851,42.52411],[-1.29277,42.51119],[-1.26578,42.55642],[-1.2253,42.54188],[-1.20056,42.55319],[-1.2028,42.57904],[-1.16907,42.59682],[-1.17582,42.60651],[-1.17582,42.60328],[-1.18706,42.59035],[-1.22755,42.57904],[-1.23879,42.59358],[-1.24554,42.60166],[-1.27253,42.59682],[-1.28377,42.60974],[-1.31076,42.61782],[-1.32201,42.61297],[-1.32426,42.57581],[-1.30402,42.5645],[-1.31526,42.54188],[-1.331,42.53704]]]}},{"type":"Feature","id":"31229","properties":{"cod_mun":"31229","nombre":"Tirapu","cod_prov":"31","cod_ccaa":"15"},"geometry":{"type":"Polygon","coordinates":[[[-1.70661,42.66467],[-1.68637,42.62428],[-1.67962,42.62913],[-1.68862,42.66144],[-1.69986,42.66629],[-1.70661,42.66467]]]}},{"type":"Feature","id":"31220","properties":{"cod_mun":"31220","nombre":"Santacara","cod_prov":"31","cod_ccaa":"15"},"geometry":{"type":"Polygon","coordinates":[[[-1.59865,42.38032],[-1.58516,42.3674],[-1.55142,42.36093],[-1.54692,42.37224],[-1.50644,42.36901],[-1.50419,42.36093],[-1.50194,42.36093],[-1.49744,42.37063],[-1.50869,42.38194],[-1.51768,42.41263],[-1.52893,42.41587],[-1.54467,42.41748],[-1.57841,42.40779],[-1.59865,42.38032]]]}},{"type":"Feature","id":"31221","properties":{"cod_mun":"31221","nombre":"Doneztebe/Santesteban","cod_prov":"31","cod_ccaa":"15"},"geometry":{"type":"Polygon","coordinates":[[[-1.69761,43.11866],[-1.69536,43.11705],[-1.67737,43.11705],[-1.66163,43.12351],[-1.65038,43.14774],[-1.67962,43.14774],[-1.69761,43.11866]]]}},{"type":"Feature","id":"31230","properties":{"cod_mun":"31230","nombre":"Torralba del Río","cod_prov":"31","cod_ccaa":"15"},"geometry":{"type":"Polygon","coordinates":[[[-2.34761,42.63397],[-2.35211,42.62428],[-2.32961,42.59358],[-2.32062,42.59197],[-2.31837,42.60328],[-2.29138,42.61782],[-2.28238,42.62913],[-2.31387,42.63721],[-2.32287,42.64852],[-2.34761,42.63397]]]}},{"type":"Feature","id":"31222","properties":{"cod_mun":"31222","nombre":"Sarriés/Sartze","cod_prov":"31","cod_ccaa":"15"},"geometry":{"type":"Polygon","coordinates":[[[-1.17806,42.84562],[-1.16007,42.83108],[-1.11284,42.83108],[-1.0926,42.82623],[-1.05436,42.82947],[-1.01838,42.86178],[-1.01613,42.86339],[-1.06336,42.84239],[-1.0836,42.84724],[-1.17132,42.84885],[-1.17806,42.84562]]]}},{"type":"Feature","id":"31223","properties":{"cod_mun":"31223","nombre":"Sartaguda","cod_prov":"31","cod_ccaa":"15"},"geometry":{"type":"Polygon","coordinates":[[[-2.04623,42.35932],[-2.02823,42.36255],[-2.01924,42.36901],[-2.03273,42.38517],[-2.01924,42.40132],[-2.03048,42.41102],[-2.05522,42.39971],[-2.06647,42.38194],[-2.04623,42.35932]]]}},{"type":"Feature","id":"31233","properties":{"cod_mun":"31233","nombre":"Tulebras","cod_prov":"31","cod_ccaa":"15"},"geometry":{"type":"Polygon","coordinates":[[[-1.69761,41.97965],[-1.67737,41.97157],[-1.66612,41.97803],[-1.69536,41.99419],[-1.69761,41.97965]]]}},{"type":"Feature","id":"31224","properties":{"cod_mun":"31224","nombre":"Sesma","cod_prov":"31","cod_ccaa":"15"},"geometry":{"type":"Polygon","coordinates":[[[-2.16318,42.48857],[-2.14519,42.48211],[-2.1182,42.44656],[-2.13394,42.42071],[-2.11145,42.4191],[-2.10245,42.44818],[-2.08671,42.45464],[-2.05747,42.44495],[-2.05072,42.42879],[-2.02598,42.41748],[-2.02149,42.43848],[-2.01024,42.44818],[-2.02598,42.45464],[-2.03948,42.4918],[-2.03498,42.49826],[-2.04623,42.50311],[-2.06872,42.5128],[-2.07996,42.50311],[-2.10245,42.49826],[-2.13169,42.50634],[-2.14744,42.52896],[-2.14744,42.51765],[-2.16318,42.48857]]]}},{"type":"Feature","id":"31225","properties":{"cod_mun":"31225","nombre":"Sorlada","cod_prov":"31","cod_ccaa":"15"},"geometry":{"type":"Polygon","coordinates":[[[-2.2374,42.62267],[-2.20141,42.58874],[-2.19692,42.61297],[-2.21041,42.62267],[-2.2374,42.62267]]]}},{"type":"Feature","id":"31226","properties":{"cod_mun":"31226","nombre":"Sunbilla","cod_prov":"31","cod_ccaa":"15"},"geometry":{"type":"Polygon","coordinates":[[[-1.72685,43.16067],[-1.70661,43.14613],[-1.67962,43.14774],[-1.65038,43.14774],[-1.63464,43.15259],[-1.63689,43.16713],[-1.6009,43.18975],[-1.60765,43.19621],[-1.61215,43.20429],[-1.64813,43.21399],[-1.68412,43.20591],[-1.69536,43.19298],[-1.7156,43.18329],[-1.72685,43.16067]]]}},{"type":"Feature","id":"31231","properties":{"cod_mun":"31231","nombre":"Torres del Río","cod_prov":"31","cod_ccaa":"15"},"geometry":{"type":"Polygon","coordinates":[[[-2.28238,42.48695],[-2.28013,42.48695],[-2.24865,42.49826],[-2.26439,42.51119],[-2.26214,42.54188],[-2.27339,42.56935],[-2.28238,42.54835],[-2.28238,42.48695]]]}},{"type":"Feature","id":"31232","properties":{"cod_mun":"31232","nombre":"Tudela","cod_prov":"31","cod_ccaa":"15"},"geometry":{"type":"Polygon","coordinates":[[[-1.82581,41.9958],[-1.79882,41.99257],[-1.74934,42.02004],[-1.7336,42.03458],[-1.7336,42.05396],[-1.68862,42.05235],[-1.69086,42.07174],[-1.66387,42.06366],[-1.64588,42.03296],[-1.62564,42.03135],[-1.63913,42.01681],[-1.60765,42.01357],[-1.57166,42.03942],[-1.55592,42.03135],[-1.55142,42.04427],[-1.56716,42.05396],[-1.55367,42.07012],[-1.52218,42.0782],[-1.48395,42.12344],[-1.49294,42.13636],[-1.50869,42.12667],[-1.54467,42.12021],[-1.57166,42.13151],[-1.56042,42.13798],[-1.58066,42.15252],[-1.61889,42.14606],[-1.63689,42.15575],[-1.64588,42.16383],[-1.64588,42.15575],[-1.67287,42.14767],[-1.69986,42.12021],[-1.72235,42.10405],[-1.7201,42.08951],[-1.74259,42.07497],[-1.77633,42.05235],[-1.77858,42.03781],[-1.82131,42.02973],[-1.83706,42.01681],[-1.82581,41.9958]]]}},{"type":"Feature","id":"31227","properties":{"cod_mun":"31227","nombre":"Tafalla","cod_prov":"31","cod_ccaa":"15"},"geometry":{"type":"Polygon","coordinates":[[[-1.79432,42.5128],[-1.76509,42.48534],[-1.76059,42.4611],[-1.7381,42.44656],[-1.70886,42.48211],[-1.62564,42.50796],[-1.61439,42.52734],[-1.63014,42.53865],[-1.67062,42.54835],[-1.67962,42.56773],[-1.69986,42.57581],[-1.71111,42.57581],[-1.7201,42.55319],[-1.74484,42.54027],[-1.77183,42.54188],[-1.78983,42.52088],[-1.79432,42.5128]]]}},{"type":"Feature","id":"31228","properties":{"cod_mun":"31228","nombre":"Tiebas-Muruarte de Reta","cod_prov":"31","cod_ccaa":"15"},"geometry":{"type":"Polygon","coordinates":[[[-1.66387,42.64852],[-1.63239,42.6679],[-1.6054,42.69375],[-1.63464,42.7196],[-1.64588,42.71799],[-1.65488,42.69698],[-1.65938,42.67921],[-1.67962,42.67598],[-1.66387,42.64852]]]}},{"type":"Feature","id":"31235","properties":{"cod_mun":"31235","nombre":"Ujué/Uxue","cod_prov":"31","cod_ccaa":"15"},"geometry":{"type":"Polygon","coordinates":[[[-1.57391,42.45626],[-1.50869,42.43525],[-1.52893,42.41587],[-1.51768,42.41263],[-1.49519,42.42071],[-1.4727,42.41587],[-1.41872,42.42233],[-1.41872,42.45302],[-1.43671,42.46595],[-1.45471,42.51442],[-1.45471,42.53381],[-1.4637,42.53542],[-1.47045,42.53542],[-1.47945,42.53704],[-1.49969,42.54512],[-1.52668,42.5435],[-1.52218,42.52734],[-1.55142,42.48695],[-1.57391,42.45626]]]}},{"type":"Feature","id":"31236","properties":{"cod_mun":"31236","nombre":"Ultzama","cod_prov":"31","cod_ccaa":"15"},"geometry":{"type":"Polygon","coordinates":[[[-1.75609,42.9781],[-1.75159,42.97972],[-1.74259,42.97972],[-1.7156,42.98133],[-1.70211,42.97164],[-1.70211,42.95548],[-1.68187,42.94741],[-1.64138,42.96195],[-1.63913,42.98133],[-1.63239,42.9878],[-1.63239,43.01203],[-1.6009,43.0395],[-1.63239,43.0395],[-1.64588,43.05242],[-1.68637,43.05565],[-1.72235,43.05727],[-1.7291,43.05404],[-1.75159,43.03303],[-1.74934,43.00718],[-1.75609,42.9781]]]}},{"type":"Feature","id":"31240","properties":{"cod_mun":"31240","nombre":"Urdiain","cod_prov":"31","cod_ccaa":"15"},"geometry":{"type":"Polygon","coordinates":[[[-2.17443,42.93448],[-2.15418,42.91509],[-2.15193,42.87147],[-2.12045,42.87147],[-2.15193,42.94256],[-2.17443,42.93448]]]}},{"type":"Feature","id":"31241","properties":{"cod_mun":"31241","nombre":"Urraul Alto","cod_prov":"31","cod_ccaa":"15"},"geometry":{"type":"MultiPolygon","coordinates":[[[[-1.26353,42.72283],[-1.27028,42.72607],[-1.27928,42.69214],[-1.26353,42.70829],[-1.26353,42.72283]]],[[[-1.28152,42.81169],[-1.27928,42.78908],[-1.29727,42.78584],[-1.31076,42.76484],[-1.29952,42.74061],[-1.28602,42.74222],[-1.24554,42.72445],[-1.22305,42.73576],[-1.20505,42.73091],[-1.19381,42.75838],[-1.16007,42.75676],[-1.13533,42.77615],[-1.16007,42.80523],[-1.16007,42.83108],[-1.17806,42.84562],[-1.19606,42.85208],[-1.2028,42.86663],[-1.23429,42.86663],[-1.24329,42.8747],[-1.26353,42.86016],[-1.25229,42.84562],[-1.26578,42.8327],[-1.26803,42.81493],[-1.28152,42.81169]]]]}},{"type":"Feature","id":"31242","properties":{"cod_mun":"31242","nombre":"Urraul Bajo","cod_prov":"31","cod_ccaa":"15"},"geometry":{"type":"Polygon","coordinates":[[[-1.39623,42.66144],[-1.38723,42.64205],[-1.35575,42.63074],[-1.3445,42.65498],[-1.32201,42.65659],[-1.31976,42.68729],[-1.30626,42.6776],[-1.28152,42.68083],[-1.27928,42.69214],[-1.27028,42.72607],[-1.26353,42.72283],[-1.24554,42.72445],[-1.28602,42.74222],[-1.29952,42.74061],[-1.33775,42.72283],[-1.35125,42.72283],[-1.35799,42.68406],[-1.37824,42.68244],[-1.37824,42.66629],[-1.39623,42.66144]]]}},{"type":"Feature","id":"31243","properties":{"cod_mun":"31243","nombre":"Urroz-Villa","cod_prov":"31","cod_ccaa":"15"},"geometry":{"type":"Polygon","coordinates":[[[-1.48395,42.77777],[-1.4727,42.76646],[-1.43896,42.76646],[-1.42097,42.77938],[-1.42547,42.78908],[-1.47495,42.79231],[-1.48395,42.77777]]]}},{"type":"Feature","id":"31244","properties":{"cod_mun":"31244","nombre":"Urroz","cod_prov":"31","cod_ccaa":"15"},"geometry":{"type":"Polygon","coordinates":[[[-1.7291,43.10735],[-1.7156,43.06858],[-1.72235,43.05727],[-1.68637,43.05565],[-1.68862,43.05888],[-1.70436,43.07504],[-1.69311,43.09604],[-1.70436,43.10897],[-1.7291,43.10735]]]}},{"type":"Feature","id":"31245","properties":{"cod_mun":"31245","nombre":"Urzainqui/Urzainki","cod_prov":"31","cod_ccaa":"15"},"geometry":{"type":"Polygon","coordinates":[[[-0.96665,42.86501],[-0.97564,42.83431],[-0.94865,42.82139],[-0.89468,42.82139],[-0.88343,42.81654],[-0.87218,42.8327],[-0.93066,42.84401],[-0.96665,42.86501]]]}},{"type":"Feature","id":"31246","properties":{"cod_mun":"31246","nombre":"Uterga","cod_prov":"31","cod_ccaa":"15"},"geometry":{"type":"Polygon","coordinates":[[[-1.77858,42.69698],[-1.77858,42.69537],[-1.75609,42.69537],[-1.74484,42.70668],[-1.7246,42.71637],[-1.72685,42.72445],[-1.76284,42.73414],[-1.75834,42.72607],[-1.77858,42.69698]]]}},{"type":"Feature","id":"31247","properties":{"cod_mun":"31247","nombre":"Uztárroz/Uztarroze","cod_prov":"31","cod_ccaa":"15"},"geometry":{"type":"Polygon","coordinates":[[[-1.01388,42.8747],[-0.97564,42.86663],[-0.96665,42.86501],[-0.93516,42.88278],[-0.92391,42.91833],[-0.89692,42.95872],[-0.91492,42.96356],[-0.94416,42.95387],[-0.97115,42.96195],[-0.99813,42.92802],[-1.00263,42.9054],[-0.99813,42.89248],[-1.01388,42.8747]]]}},{"type":"Feature","id":"31255","properties":{"cod_mun":"31255","nombre":"Villamayor de Monjardín","cod_prov":"31","cod_ccaa":"15"},"geometry":{"type":"MultiPolygon","coordinates":[[[[-2.15868,42.60166],[-2.16543,42.57258],[-2.14744,42.58066],[-2.14519,42.58389],[-2.13619,42.60812],[-2.14069,42.60651],[-2.15868,42.60166]]],[[[-2.12719,42.62913],[-2.13619,42.6162],[-2.1182,42.62267],[-2.08896,42.62267],[-2.08671,42.62105],[-2.08446,42.62105],[-2.09571,42.63721],[-2.1227,42.64367],[-2.12719,42.62913]]]]}},{"type":"Feature","id":"31248","properties":{"cod_mun":"31248","nombre":"Luzaide/Valcarlos","cod_prov":"31","cod_ccaa":"15"},"geometry":{"type":"Polygon","coordinates":[[[-1.3535,43.02819],[-1.34,43.02657],[-1.32651,43.02011],[-1.29502,43.02657],[-1.26353,43.04434],[-1.27028,43.05565],[-1.30851,43.06858],[-1.28827,43.10412],[-1.27028,43.11866],[-1.31976,43.1122],[-1.34675,43.0912],[-1.34225,43.05404],[-1.3535,43.02819]]]}},{"type":"Feature","id":"31249","properties":{"cod_mun":"31249","nombre":"Valtierra","cod_prov":"31","cod_ccaa":"15"},"geometry":{"type":"MultiPolygon","coordinates":[[[[-1.64588,42.25107],[-1.65713,42.22361],[-1.68187,42.19291],[-1.67962,42.18806],[-1.68412,42.17675],[-1.64588,42.16383],[-1.63689,42.15575],[-1.63239,42.17514],[-1.5964,42.21391],[-1.5964,42.22522],[-1.64588,42.25107]]],[[[-1.52893,42.22845],[-1.51768,42.23168],[-1.51543,42.25753],[-1.55142,42.27369],[-1.56266,42.264],[-1.54917,42.2543],[-1.55142,42.23815],[-1.52893,42.22845]]]]}},{"type":"Feature","id":"31256","properties":{"cod_mun":"31256","nombre":"Hiriberri/Villanueva de Aezkoa","cod_prov":"31","cod_ccaa":"15"},"geometry":{"type":"Polygon","coordinates":[[[-1.25453,42.9571],[-1.24779,42.94094],[-1.2028,42.92802],[-1.18706,42.93287],[-1.16007,42.93771],[-1.16457,42.94902],[-1.16907,42.95064],[-1.20505,42.97487],[-1.2253,42.96195],[-1.25453,42.9571]]]}},{"type":"Feature","id":"31250","properties":{"cod_mun":"31250","nombre":"Bera","cod_prov":"31","cod_ccaa":"15"},"geometry":{"type":"Polygon","coordinates":[[[-1.7291,43.29477],[-1.7291,43.29315],[-1.71111,43.28992],[-1.71111,43.27861],[-1.69086,43.28184],[-1.67962,43.25761],[-1.63464,43.26407],[-1.62564,43.27053],[-1.62564,43.30608],[-1.66837,43.31415],[-1.69536,43.31254],[-1.7291,43.29477]]]}},{"type":"Feature","id":"31261","properties":{"cod_mun":"31261","nombre":"Yesa","cod_prov":"31","cod_ccaa":"15"},"geometry":{"type":"Polygon","coordinates":[[[-1.24104,42.63236],[-1.24104,42.61943],[-1.21855,42.61297],[-1.17582,42.60328],[-1.17582,42.60651],[-1.15782,42.60974],[-1.15332,42.6469],[-1.17132,42.6469],[-1.20955,42.64205],[-1.24104,42.63236]]]}},{"type":"Feature","id":"31251","properties":{"cod_mun":"31251","nombre":"Viana","cod_prov":"31","cod_ccaa":"15"},"geometry":{"type":"Polygon","coordinates":[[[-2.42183,42.51119],[-2.41958,42.48857],[-2.39934,42.4708],[-2.37685,42.47241],[-2.35211,42.46595],[-2.34311,42.45141],[-2.32512,42.46757],[-2.29813,42.45787],[-2.28913,42.46757],[-2.28463,42.47403],[-2.30038,42.47241],[-2.30937,42.48534],[-2.31162,42.5225],[-2.32737,42.55481],[-2.34761,42.54512],[-2.37685,42.54512],[-2.38809,42.59035],[-2.39709,42.58551],[-2.39034,42.54835],[-2.39934,42.5435],[-2.39259,42.51765],[-2.42183,42.51119]]]}},{"type":"Feature","id":"31252","properties":{"cod_mun":"31252","nombre":"Vidángoz/Bidankoze","cod_prov":"31","cod_ccaa":"15"},"geometry":{"type":"Polygon","coordinates":[[[-1.04087,42.80038],[-1.03187,42.77615],[-1.01838,42.76969],[-0.99139,42.77292],[-0.98014,42.79877],[-0.99364,42.8327],[-0.97564,42.86663],[-1.01388,42.8747],[-1.01388,42.87147],[-1.01613,42.86339],[-1.01838,42.86178],[-1.02962,42.81816],[-1.04087,42.80038]]]}},{"type":"Feature","id":"31257","properties":{"cod_mun":"31257","nombre":"Villatuerta","cod_prov":"31","cod_ccaa":"15"},"geometry":{"type":"Polygon","coordinates":[[[-2.00799,42.67113],[-2.00124,42.64367],[-1.97875,42.63074],[-1.95626,42.64044],[-1.91578,42.61136],[-1.90903,42.5952],[-1.89329,42.59035],[-1.90228,42.61459],[-1.91353,42.61943],[-1.92927,42.65659],[-1.95851,42.65498],[-2.00799,42.67113]]]}},{"type":"Feature","id":"31258","properties":{"cod_mun":"31258","nombre":"Villava/Atarrabia","cod_prov":"31","cod_ccaa":"15"},"geometry":{"type":"Polygon","coordinates":[[[-1.61664,42.83431],[-1.60765,42.82623],[-1.60315,42.83593],[-1.61664,42.83916],[-1.61664,42.83431]]]}},{"type":"Feature","id":"31259","properties":{"cod_mun":"31259","nombre":"Igantzi","cod_prov":"31","cod_ccaa":"15"},"geometry":{"type":"Polygon","coordinates":[[[-1.73135,43.22368],[-1.70436,43.20752],[-1.69536,43.19298],[-1.68412,43.20591],[-1.64813,43.21399],[-1.66612,43.22206],[-1.67287,43.23984],[-1.7156,43.23337],[-1.73135,43.22368]]]}},{"type":"Feature","id":"31260","properties":{"cod_mun":"31260","nombre":"Valle de Yerri/Deierri","cod_prov":"31","cod_ccaa":"15"},"geometry":{"type":"MultiPolygon","coordinates":[[[[-2.04623,42.73899],[-2.06197,42.71314],[-2.04847,42.69375],[-2.01249,42.68406],[-2.00799,42.67113],[-1.95851,42.65498],[-1.92927,42.65659],[-1.93827,42.67921],[-1.93377,42.69698],[-1.95851,42.71637],[-1.93602,42.72445],[-1.93152,42.73899],[-1.94502,42.74868],[-1.94726,42.76807],[-1.97425,42.77777],[-1.98775,42.77615],[-1.98775,42.75838],[-2.01024,42.77938],[-2.03723,42.78746],[-2.03948,42.76484],[-2.00799,42.73091],[-2.01024,42.70991],[-2.03498,42.71637],[-2.04623,42.73899]]],[[[-2.20591,42.85693],[-2.23515,42.85047],[-2.2329,42.84401],[-2.21716,42.81977],[-2.18117,42.802],[-2.16543,42.80038],[-2.1227,42.81169],[-2.05522,42.78584],[-2.03273,42.80685],[-2.00349,42.81977],[-1.99,42.81169],[-1.97425,42.82139],[-1.96076,42.81331],[-1.93602,42.81816],[-1.94726,42.82462],[-1.93377,42.84401],[-1.93602,42.85855],[-1.91803,42.86663],[-1.90003,42.87147],[-1.90903,42.88278],[-1.87304,42.88601],[-1.92702,42.88763],[-1.94726,42.88601],[-1.9945,42.89248],[-1.93827,42.87632],[-1.94277,42.86663],[-2.02149,42.86178],[-2.07097,42.87147],[-2.08671,42.87632],[-2.1047,42.87309],[-2.12045,42.87147],[-2.15193,42.87147],[-2.16543,42.86986],[-2.18567,42.85693],[-2.20591,42.85693]]]]}},{"type":"Feature","id":"31262","properties":{"cod_mun":"31262","nombre":"Zabalza/Zabaltza","cod_prov":"31","cod_ccaa":"15"},"geometry":{"type":"Polygon","coordinates":[[[-1.83031,42.76484],[-1.80107,42.74384],[-1.79207,42.74545],[-1.77183,42.76807],[-1.77408,42.781],[-1.80332,42.78261],[-1.81906,42.78584],[-1.82806,42.7713],[-1.83031,42.76484]]]}},{"type":"Feature","id":"31263","properties":{"cod_mun":"31263","nombre":"Zubieta","cod_prov":"31","cod_ccaa":"15"},"geometry":{"type":"Polygon","coordinates":[[[-1.78083,43.15744],[-1.76733,43.10412],[-1.73585,43.10897],[-1.7246,43.12028],[-1.74934,43.15421],[-1.76509,43.16228],[-1.78083,43.15744]]]}},{"type":"Feature","id":"31264","properties":{"cod_mun":"31264","nombre":"Zugarramurdi","cod_prov":"31","cod_ccaa":"15"},"geometry":{"type":"Polygon","coordinates":[[[-1.53118,43.27215],[-1.54017,43.2883],[-1.55592,43.28184],[-1.55592,43.25599],[-1.54692,43.25276],[-1.53118,43.27053],[-1.53118,43.27215]]]}},{"type":"Feature","id":"31265","properties":{"cod_mun":"31265","nombre":"Zúñiga","cod_prov":"31","cod_ccaa":"15"},"geometry":{"type":"Polygon","coordinates":[[[-2.32062,42.7293],[-2.30937,42.67113],[-2.29363,42.6776],[-2.29363,42.65013],[-2.28913,42.65336],[-2.28688,42.66144],[-2.26439,42.68083],[-2.29138,42.70829],[-2.30712,42.70829],[-2.30487,42.72283],[-2.32062,42.7293]]]}},{"type":"Feature","id":"31901","properties":{"cod_mun":"31901","nombre":"Barañáin/Barañain","cod_prov":"31","cod_ccaa":"15"},"geometry":{"type":"Polygon","coordinates":[[[-1.70211,42.802],[-1.68412,42.802],[-1.69086,42.80846],[-1.70211,42.802]]]}},{"type":"Feature","id":"31906","properties":{"cod_mun":"31906","nombre":"Orkoien","cod_prov":"31","cod_ccaa":"15"},"geometry":{"type":"Polygon","coordinates":[[[-1.7246,42.82785],[-1.69311,42.81493],[-1.69311,42.83431],[-1.72235,42.8327],[-1.7246,42.82785]]]}},{"type":"Feature","id":"31902","properties":{"cod_mun":"31902","nombre":"Berrioplano/Berriobeiti","cod_prov":"31","cod_ccaa":"15"},"geometry":{"type":"Polygon","coordinates":[[[-1.73585,42.87955],[-1.74259,42.85855],[-1.72235,42.8327],[-1.69311,42.83431],[-1.67962,42.83754],[-1.66837,42.85532],[-1.66612,42.8327],[-1.65038,42.83108],[-1.65263,42.84724],[-1.66837,42.86016],[-1.67062,42.86339],[-1.7156,42.8844],[-1.72235,42.89086],[-1.73585,42.87955]]]}},{"type":"Feature","id":"31903","properties":{"cod_mun":"31903","nombre":"Berriozar","cod_prov":"31","cod_ccaa":"15"},"geometry":{"type":"Polygon","coordinates":[[[-1.67962,42.83754],[-1.66612,42.8327],[-1.66837,42.85532],[-1.67962,42.83754]]]}},{"type":"Feature","id":"31904","properties":{"cod_mun":"31904","nombre":"Irurtzun","cod_prov":"31","cod_ccaa":"15"},"geometry":{"type":"Polygon","coordinates":[[[-1.82806,42.93771],[-1.83706,42.91348],[-1.81906,42.91025],[-1.81007,42.92802],[-1.81457,42.93125],[-1.82806,42.93771]]]}},{"type":"Feature","id":"31905","properties":{"cod_mun":"31905","nombre":"Beriáin","cod_prov":"31","cod_ccaa":"15"},"geometry":{"type":"Polygon","coordinates":[[[-1.64588,42.71799],[-1.63464,42.7196],[-1.63689,42.74545],[-1.66387,42.73414],[-1.64588,42.71799]]]}},{"type":"Feature","id":"31907","properties":{"cod_mun":"31907","nombre":"Zizur Mayor/Zizur Nagusia","cod_prov":"31","cod_ccaa":"15"},"geometry":{"type":"Polygon","coordinates":[[[-1.71336,42.79877],[-1.69986,42.77615],[-1.68862,42.77615],[-1.67737,42.79231],[-1.68412,42.802],[-1.70211,42.802],[-1.71336,42.79877]]]}},{"type":"Feature","id":"31908","properties":{"cod_mun":"31908","nombre":"Lekunberri","cod_prov":"31","cod_ccaa":"15"},"geometry":{"type":"Polygon","coordinates":[[[-1.89329,42.99588],[-1.89329,43.0298],[-1.92702,43.01203],[-1.92477,43.00395],[-1.89329,42.99588]]]}}]}