{"type":"FeatureCollection","features":[{"type":"Feature","properties":{"id":"2807901001"},"geometry":{"type":"Polygon","coordinates":[[[-3.71113,40.42075],[-3.71193,40.42064],[-3.71086,40.41969],[-3.71123,40.41949],[-3.71156,40.41949],[-3.71165,40.41878],[-3.71138,40.41857],[-3.71134,40.41826],[-3.71149,40.41794],[-3.71174,40.41781],[-3.71204,40.41599],[-3.71119,40.41597],[-3.71103,40.41543],[-3.71351,40.41506],[-3.71366,40.41389],[-3.71686,40.41386],[-3.72297,40.41398],[-3.72234,40.41711],[-3.72193,40.41752],[-3.7214,40.41868],[-3.72048,40.41978],[-3.72009,40.41967],[-3.71995,40.42025],[-3.71551,40.42034],[-3.71308,40.42197],[-3.7132,40.42209],[-3.71119,40.42321],[-3.7108,40.42269],[-3.71189,40.42218],[-3.7111,40.42087],[-3.71113,40.42075]]]}},{"type":"Feature","properties":{"id":"2807901002"},"geometry":{"type":"Polygon","coordinates":[[[-3.71015,40.42294],[-3.71067,40.42249],[-3.70933,40.42069],[-3.71031,40.4208],[-3.71113,40.42075],[-3.7111,40.42087],[-3.71189,40.42218],[-3.7108,40.42269],[-3.71119,40.42321],[-3.71087,40.42339],[-3.71015,40.42294]]]}},{"type":"Feature","properties":{"id":"2807901003"},"geometry":{"type":"Polygon","coordinates":[[[-3.71015,40.42294],[-3.70595,40.42032],[-3.70632,40.42017],[-3.70844,40.42025],[-3.70823,40.41997],[-3.70795,40.41981],[-3.70815,40.41906],[-3.70826,40.41908],[-3.70908,40.41853],[-3.70919,40.41784],[-3.70995,40.4179],[-3.70982,40.418],[-3.70976,40.41844],[-3.70925,40.41907],[-3.70918,40.41944],[-3.70926,40.41969],[-3.70937,40.41972],[-3.70928,40.41988],[-3.71025,40.42079],[-3.70933,40.42069],[-3.71067,40.42249],[-3.71015,40.42294]]]}},{"type":"Feature","properties":{"id":"2807901004"},"geometry":{"type":"Polygon","coordinates":[[[-3.71025,40.42079],[-3.70928,40.41988],[-3.70937,40.41972],[-3.70923,40.41962],[-3.70918,40.41929],[-3.7093,40.41898],[-3.70976,40.41844],[-3.70982,40.418],[-3.71055,40.41776],[-3.71052,40.41785],[-3.7114,40.41807],[-3.71136,40.41852],[-3.71148,40.41871],[-3.71165,40.41878],[-3.71156,40.41949],[-3.71123,40.41949],[-3.71086,40.41969],[-3.71193,40.42064],[-3.71025,40.42079]]]}},{"type":"Feature","properties":{"id":"2807901006"},"geometry":{"type":"Polygon","coordinates":[[[-3.70815,40.41906],[-3.70876,40.4178],[-3.70852,40.41778],[-3.70872,40.41704],[-3.70864,40.41637],[-3.70958,40.41613],[-3.70985,40.41621],[-3.70979,40.41664],[-3.71074,40.41665],[-3.71066,40.4166],[-3.71126,40.4164],[-3.71193,40.41653],[-3.71174,40.41781],[-3.71159,40.41785],[-3.7114,40.41807],[-3.71052,40.41785],[-3.71055,40.41776],[-3.70989,40.41791],[-3.70919,40.41784],[-3.70908,40.41853],[-3.70826,40.41908],[-3.70815,40.41906]]]}},{"type":"Feature","properties":{"id":"2807901007"},"geometry":{"type":"Polygon","coordinates":[[[-3.70877,40.41634],[-3.7087,40.41596],[-3.71103,40.41543],[-3.71119,40.41597],[-3.71204,40.41599],[-3.71193,40.41653],[-3.71126,40.4164],[-3.71066,40.4166],[-3.71074,40.41665],[-3.71023,40.41669],[-3.70979,40.41664],[-3.70985,40.41621],[-3.70958,40.41613],[-3.70877,40.41634]]]}},{"type":"Feature","properties":{"id":"2807901008"},"geometry":{"type":"Polygon","coordinates":[[[-3.70822,40.41384],[-3.70847,40.41383],[-3.70859,40.41392],[-3.7087,40.4138],[-3.70891,40.41381],[-3.70931,40.41403],[-3.70984,40.41415],[-3.70978,40.41517],[-3.70991,40.41534],[-3.71026,40.41532],[-3.71034,40.41556],[-3.7087,40.41596],[-3.70877,40.41555],[-3.70842,40.41526],[-3.70802,40.41455],[-3.70822,40.41384]]]}},{"type":"Feature","properties":{"id":"2807901009"},"geometry":{"type":"Polygon","coordinates":[[[-3.70822,40.41384],[-3.70817,40.41364],[-3.70769,40.41353],[-3.70835,40.41295],[-3.70858,40.413],[-3.70864,40.41292],[-3.70907,40.41288],[-3.70931,40.41339],[-3.70986,40.41321],[-3.71022,40.41351],[-3.71109,40.41365],[-3.71182,40.41389],[-3.71366,40.41389],[-3.71351,40.41506],[-3.71238,40.41518],[-3.71034,40.41556],[-3.71026,40.41532],[-3.70991,40.41534],[-3.70978,40.41517],[-3.70984,40.41415],[-3.70931,40.41403],[-3.70891,40.41381],[-3.7087,40.4138],[-3.70859,40.41392],[-3.70847,40.41383],[-3.70822,40.41384]]]}},{"type":"Feature","properties":{"id":"2807901011"},"geometry":{"type":"Polygon","coordinates":[[[-3.70835,40.41295],[-3.70847,40.41253],[-3.71031,40.41169],[-3.71042,40.41163],[-3.71038,40.4115],[-3.71055,40.41145],[-3.71064,40.41153],[-3.71125,40.4114],[-3.71146,40.41146],[-3.71147,40.41184],[-3.71192,40.41285],[-3.71165,40.41307],[-3.71166,40.41381],[-3.71022,40.41351],[-3.70986,40.41321],[-3.70931,40.41339],[-3.70907,40.41288],[-3.70864,40.41292],[-3.70858,40.413],[-3.70835,40.41295]]]}},{"type":"Feature","properties":{"id":"2807901012"},"geometry":{"type":"Polygon","coordinates":[[[-3.70747,40.41362],[-3.70758,40.41263],[-3.70846,40.41121],[-3.70862,40.41129],[-3.71038,40.4115],[-3.71042,40.41163],[-3.71031,40.41169],[-3.70847,40.41253],[-3.70839,40.4129],[-3.70776,40.41351],[-3.70747,40.41362]]]}},{"type":"Feature","properties":{"id":"2807901013"},"geometry":{"type":"Polygon","coordinates":[[[-3.70846,40.41121],[-3.71014,40.40912],[-3.71143,40.40925],[-3.71143,40.41006],[-3.71038,40.40995],[-3.71034,40.41038],[-3.71055,40.41145],[-3.71027,40.4115],[-3.70862,40.41129],[-3.70846,40.41121]]]}},{"type":"Feature","properties":{"id":"2807901014"},"geometry":{"type":"Polygon","coordinates":[[[-3.71064,40.41153],[-3.71034,40.41038],[-3.71038,40.40995],[-3.71189,40.41013],[-3.71183,40.41027],[-3.71264,40.40999],[-3.71314,40.41083],[-3.71109,40.41146],[-3.71064,40.41153]]]}},{"type":"Feature","properties":{"id":"2807901015"},"geometry":{"type":"Polygon","coordinates":[[[-3.71161,40.4121],[-3.71147,40.41184],[-3.71146,40.41146],[-3.71125,40.4114],[-3.71314,40.41083],[-3.71264,40.40999],[-3.71361,40.40961],[-3.71393,40.41024],[-3.71393,40.41035],[-3.7137,40.41051],[-3.71397,40.41106],[-3.71375,40.413],[-3.71287,40.41315],[-3.71256,40.41289],[-3.71299,40.41265],[-3.71288,40.41242],[-3.71222,40.41192],[-3.71161,40.4121]]]}},{"type":"Feature","properties":{"id":"2807901016"},"geometry":{"type":"Polygon","coordinates":[[[-3.71166,40.41381],[-3.71165,40.41307],[-3.71192,40.41285],[-3.71161,40.4121],[-3.71222,40.41192],[-3.71288,40.41242],[-3.71299,40.41265],[-3.71256,40.41289],[-3.71287,40.41315],[-3.71375,40.413],[-3.71366,40.41389],[-3.71182,40.41389],[-3.71166,40.41381]]]}},{"type":"Feature","properties":{"id":"2807901018"},"geometry":{"type":"Polygon","coordinates":[[[-3.71366,40.41389],[-3.71397,40.41106],[-3.71373,40.41067],[-3.71371,40.41045],[-3.71393,40.41035],[-3.71393,40.41024],[-3.71369,40.40977],[-3.7158,40.40888],[-3.71598,40.40898],[-3.71696,40.4105],[-3.71701,40.41122],[-3.71818,40.41114],[-3.71686,40.41386],[-3.71366,40.41389]]]}},{"type":"Feature","properties":{"id":"2807901019"},"geometry":{"type":"Polygon","coordinates":[[[-3.71545,40.40908],[-3.71342,40.40793],[-3.71367,40.40739],[-3.71664,40.40862],[-3.717,40.40907],[-3.71818,40.41114],[-3.71701,40.41122],[-3.71696,40.4105],[-3.71598,40.40898],[-3.7158,40.40888],[-3.71545,40.40908]]]}},{"type":"Feature","properties":{"id":"2807901020"},"geometry":{"type":"Polygon","coordinates":[[[-3.71143,40.41006],[-3.71143,40.40925],[-3.71253,40.40942],[-3.71292,40.40878],[-3.71351,40.40834],[-3.71392,40.40819],[-3.71545,40.40908],[-3.71388,40.40972],[-3.71369,40.40977],[-3.71361,40.40961],[-3.71193,40.41026],[-3.71183,40.41027],[-3.71189,40.41013],[-3.71143,40.41006]]]}},{"type":"Feature","properties":{"id":"2807901021"},"geometry":{"type":"Polygon","coordinates":[[[-3.71253,40.40942],[-3.71014,40.40912],[-3.71101,40.40805],[-3.71161,40.40667],[-3.71367,40.40739],[-3.71342,40.40793],[-3.71392,40.40819],[-3.71351,40.40834],[-3.71292,40.40878],[-3.71253,40.40942]]]}},{"type":"Feature","properties":{"id":"2807901022"},"geometry":{"type":"Polygon","coordinates":[[[-3.70891,40.40823],[-3.70856,40.40684],[-3.7091,40.4067],[-3.70949,40.40621],[-3.71161,40.40667],[-3.71101,40.40805],[-3.71033,40.40888],[-3.7101,40.40868],[-3.70987,40.40815],[-3.70891,40.40823]]]}},{"type":"Feature","properties":{"id":"2807901023"},"geometry":{"type":"Polygon","coordinates":[[[-3.7087,40.40957],[-3.70895,40.40949],[-3.7087,40.40892],[-3.70846,40.40901],[-3.70846,40.40829],[-3.70987,40.40815],[-3.7101,40.40868],[-3.71033,40.40888],[-3.70919,40.41035],[-3.70897,40.41015],[-3.7087,40.40957]]]}},{"type":"Feature","properties":{"id":"2807901024"},"geometry":{"type":"Polygon","coordinates":[[[-3.70726,40.41077],[-3.7073,40.40988],[-3.70758,40.40969],[-3.70863,40.4094],[-3.70897,40.41015],[-3.70919,40.41035],[-3.70846,40.41121],[-3.70726,40.41077]]]}},{"type":"Feature","properties":{"id":"2807901025"},"geometry":{"type":"Polygon","coordinates":[[[-3.70494,40.41255],[-3.70323,40.41241],[-3.70497,40.41211],[-3.70726,40.41151],[-3.70726,40.41077],[-3.70846,40.41121],[-3.70758,40.41263],[-3.70746,40.41336],[-3.70494,40.41255]]]}},{"type":"Feature","properties":{"id":"2807901026"},"geometry":{"type":"Polygon","coordinates":[[[-3.70395,40.4143],[-3.70284,40.41392],[-3.70347,40.41245],[-3.70494,40.41255],[-3.70746,40.41336],[-3.70747,40.41362],[-3.70637,40.41396],[-3.70477,40.4139],[-3.70395,40.4143]]]}},{"type":"Feature","properties":{"id":"2807901027"},"geometry":{"type":"Polygon","coordinates":[[[-3.69921,40.41241],[-3.69933,40.41234],[-3.70173,40.41235],[-3.70347,40.41245],[-3.70284,40.41392],[-3.70012,40.41288],[-3.69921,40.41241]]]}},{"type":"Feature","properties":{"id":"2807901028"},"geometry":{"type":"Polygon","coordinates":[[[-3.70292,40.41141],[-3.70365,40.41121],[-3.70393,40.41142],[-3.70442,40.41112],[-3.70538,40.41083],[-3.7056,40.41125],[-3.70726,40.41107],[-3.70726,40.41151],[-3.70497,40.41211],[-3.70323,40.41241],[-3.70292,40.41141]]]}},{"type":"Feature","properties":{"id":"2807901029"},"geometry":{"type":"Polygon","coordinates":[[[-3.70483,40.41097],[-3.70445,40.41034],[-3.7061,40.40972],[-3.70664,40.41039],[-3.70693,40.41064],[-3.70726,40.41077],[-3.70726,40.41107],[-3.7056,40.41125],[-3.70538,40.41083],[-3.70483,40.41097]]]}},{"type":"Feature","properties":{"id":"2807901030"},"geometry":{"type":"Polygon","coordinates":[[[-3.70421,40.40997],[-3.7057,40.4093],[-3.7056,40.40919],[-3.70623,40.40874],[-3.70686,40.40851],[-3.70734,40.4085],[-3.70732,40.4091],[-3.70683,40.40912],[-3.70604,40.40966],[-3.70606,40.40975],[-3.70445,40.41034],[-3.70421,40.40997]]]}},{"type":"Feature","properties":{"id":"2807901031"},"geometry":{"type":"Polygon","coordinates":[[[-3.70664,40.41039],[-3.70604,40.40966],[-3.70683,40.40912],[-3.70732,40.4091],[-3.70734,40.4085],[-3.70846,40.40829],[-3.70846,40.40901],[-3.7087,40.40892],[-3.70895,40.40949],[-3.7087,40.40957],[-3.70863,40.4094],[-3.70758,40.40969],[-3.7073,40.40988],[-3.70726,40.41077],[-3.70693,40.41064],[-3.70664,40.41039]]]}},{"type":"Feature","properties":{"id":"2807901032"},"geometry":{"type":"Polygon","coordinates":[[[-3.70616,40.40816],[-3.70601,40.40648],[-3.70715,40.4061],[-3.70705,40.40576],[-3.70949,40.40621],[-3.7091,40.4067],[-3.70856,40.40684],[-3.70891,40.40823],[-3.70734,40.4085],[-3.70736,40.40797],[-3.70679,40.40798],[-3.70616,40.40816]]]}},{"type":"Feature","properties":{"id":"2807901033"},"geometry":{"type":"Polygon","coordinates":[[[-3.70396,40.40956],[-3.70535,40.40894],[-3.70522,40.40881],[-3.70629,40.40808],[-3.70679,40.40798],[-3.70736,40.40797],[-3.70734,40.4085],[-3.70686,40.40851],[-3.70623,40.40874],[-3.7056,40.40919],[-3.7057,40.4093],[-3.70421,40.40997],[-3.70396,40.40956]]]}},{"type":"Feature","properties":{"id":"2807901034"},"geometry":{"type":"Polygon","coordinates":[[[-3.70395,40.4108],[-3.7032,40.40974],[-3.70219,40.4086],[-3.70299,40.40821],[-3.70375,40.40924],[-3.70483,40.41097],[-3.70435,40.41116],[-3.70395,40.4108]]]}},{"type":"Feature","properties":{"id":"2807901035"},"geometry":{"type":"Polygon","coordinates":[[[-3.70219,40.4086],[-3.70176,40.40812],[-3.70382,40.40722],[-3.7042,40.4078],[-3.70483,40.40847],[-3.70456,40.4086],[-3.70496,40.40912],[-3.70396,40.40956],[-3.70306,40.40822],[-3.70219,40.4086]]]}},{"type":"Feature","properties":{"id":"2807901036"},"geometry":{"type":"Polygon","coordinates":[[[-3.70432,40.40793],[-3.70546,40.40745],[-3.70607,40.40728],[-3.70616,40.40816],[-3.70522,40.40881],[-3.70535,40.40894],[-3.70496,40.40912],[-3.70456,40.4086],[-3.70483,40.40847],[-3.70432,40.40793]]]}},{"type":"Feature","properties":{"id":"2807901037"},"geometry":{"type":"Polygon","coordinates":[[[-3.70382,40.40722],[-3.70601,40.40648],[-3.70605,40.40654],[-3.70607,40.40728],[-3.70432,40.40793],[-3.70382,40.40722]]]}},{"type":"Feature","properties":{"id":"2807901038"},"geometry":{"type":"Polygon","coordinates":[[[-3.70135,40.40766],[-3.70352,40.40669],[-3.70382,40.40722],[-3.70176,40.40812],[-3.70135,40.40766]]]}},{"type":"Feature","properties":{"id":"2807901039"},"geometry":{"type":"Polygon","coordinates":[[[-3.70095,40.4072],[-3.70164,40.4063],[-3.70096,40.40544],[-3.70255,40.40506],[-3.70326,40.40503],[-3.70705,40.40576],[-3.70713,40.40594],[-3.70715,40.4061],[-3.70382,40.40722],[-3.70352,40.40669],[-3.70135,40.40766],[-3.70095,40.4072]]]}},{"type":"Feature","properties":{"id":"2807901040"},"geometry":{"type":"Polygon","coordinates":[[[-3.70005,40.40569],[-3.70096,40.40544],[-3.70164,40.4063],[-3.70095,40.4072],[-3.70005,40.40569]]]}},{"type":"Feature","properties":{"id":"2807901041"},"geometry":{"type":"Polygon","coordinates":[[[-3.69968,40.40826],[-3.70009,40.40743],[-3.70027,40.40738],[-3.69937,40.40588],[-3.70005,40.40569],[-3.70095,40.4072],[-3.70047,40.4077],[-3.70074,40.40815],[-3.70076,40.40836],[-3.70092,40.40847],[-3.69968,40.40826]]]}},{"type":"Feature","properties":{"id":"2807901042"},"geometry":{"type":"Polygon","coordinates":[[[-3.70196,40.40933],[-3.70076,40.40836],[-3.70074,40.40815],[-3.70047,40.4077],[-3.70095,40.4072],[-3.70258,40.40903],[-3.70196,40.40933]]]}},{"type":"Feature","properties":{"id":"2807901043"},"geometry":{"type":"Polygon","coordinates":[[[-3.70253,40.41021],[-3.70196,40.40933],[-3.70258,40.40903],[-3.70395,40.4108],[-3.70328,40.41095],[-3.70268,40.41024],[-3.70253,40.41021]]]}},{"type":"Feature","properties":{"id":"2807901045"},"geometry":{"type":"Polygon","coordinates":[[[-3.69957,40.41234],[-3.6994,40.41186],[-3.70024,40.41182],[-3.70031,40.41155],[-3.70225,40.4115],[-3.70292,40.41141],[-3.70329,40.41246],[-3.70173,40.41235],[-3.69957,40.41234]]]}},{"type":"Feature","properties":{"id":"2807901046"},"geometry":{"type":"Polygon","coordinates":[[[-3.69811,40.41068],[-3.69911,40.40998],[-3.69942,40.41026],[-3.69946,40.41074],[-3.70069,40.4108],[-3.70036,40.41126],[-3.70024,40.41182],[-3.6994,40.41186],[-3.69811,40.41068]]]}},{"type":"Feature","properties":{"id":"2807901047"},"geometry":{"type":"Polygon","coordinates":[[[-3.70031,40.41155],[-3.70036,40.41126],[-3.70093,40.41046],[-3.70245,40.41029],[-3.70253,40.41021],[-3.70268,40.41024],[-3.70328,40.41095],[-3.70395,40.4108],[-3.70435,40.41116],[-3.70393,40.41142],[-3.70365,40.41121],[-3.70254,40.41148],[-3.70031,40.41155]]]}},{"type":"Feature","properties":{"id":"2807901048"},"geometry":{"type":"Polygon","coordinates":[[[-3.70093,40.41046],[-3.70097,40.40907],[-3.70148,40.40894],[-3.702,40.40938],[-3.70253,40.41021],[-3.70245,40.41029],[-3.70093,40.41046]]]}},{"type":"Feature","properties":{"id":"2807901049"},"geometry":{"type":"Polygon","coordinates":[[[-3.69942,40.41028],[-3.69989,40.40986],[-3.70042,40.40988],[-3.70048,40.40924],[-3.701,40.40923],[-3.70092,40.41051],[-3.70069,40.4108],[-3.69946,40.41074],[-3.69942,40.41028]]]}},{"type":"Feature","properties":{"id":"2807901050"},"geometry":{"type":"Polygon","coordinates":[[[-3.69911,40.40998],[-3.7001,40.40901],[-3.69925,40.40891],[-3.69968,40.40826],[-3.70092,40.40847],[-3.70148,40.40894],[-3.70097,40.40907],[-3.701,40.40923],[-3.70048,40.40924],[-3.70042,40.40988],[-3.69989,40.40986],[-3.69942,40.41028],[-3.69911,40.40998]]]}},{"type":"Feature","properties":{"id":"2807901051"},"geometry":{"type":"Polygon","coordinates":[[[-3.69756,40.41027],[-3.69925,40.40891],[-3.70011,40.40898],[-3.69915,40.40996],[-3.69811,40.41068],[-3.69756,40.41027]]]}},{"type":"Feature","properties":{"id":"2807901053"},"geometry":{"type":"Polygon","coordinates":[[[-3.69756,40.41027],[-3.69535,40.40914],[-3.69646,40.40784],[-3.69663,40.40776],[-3.69776,40.40796],[-3.69779,40.40814],[-3.69925,40.40891],[-3.69756,40.41027]]]}},{"type":"Feature","properties":{"id":"2807901054"},"geometry":{"type":"Polygon","coordinates":[[[-3.69776,40.40796],[-3.69795,40.40799],[-3.70009,40.40743],[-3.69925,40.40891],[-3.69779,40.40814],[-3.69776,40.40796]]]}},{"type":"Feature","properties":{"id":"2807901055"},"geometry":{"type":"Polygon","coordinates":[[[-3.69795,40.40799],[-3.69663,40.40776],[-3.69996,40.40685],[-3.70027,40.40738],[-3.69795,40.40799]]]}},{"type":"Feature","properties":{"id":"2807901056"},"geometry":{"type":"Polygon","coordinates":[[[-3.69787,40.4063],[-3.69937,40.40588],[-3.69996,40.40685],[-3.69792,40.40739],[-3.69797,40.40648],[-3.69787,40.4063]]]}},{"type":"Feature","properties":{"id":"2807901057"},"geometry":{"type":"Polygon","coordinates":[[[-3.69289,40.40815],[-3.69324,40.40777],[-3.69399,40.40749],[-3.69408,40.40733],[-3.69787,40.4063],[-3.69797,40.40648],[-3.69792,40.40739],[-3.69646,40.40784],[-3.69535,40.40914],[-3.69499,40.40897],[-3.69426,40.40882],[-3.69289,40.40815]]]}},{"type":"Feature","properties":{"id":"2807901058"},"geometry":{"type":"Polygon","coordinates":[[[-3.69575,40.41066],[-3.6923,40.4092],[-3.6922,40.40896],[-3.69289,40.40815],[-3.69426,40.40882],[-3.69502,40.40898],[-3.6964,40.40966],[-3.69606,40.41031],[-3.69575,40.41066]]]}},{"type":"Feature","properties":{"id":"2807901059"},"geometry":{"type":"Polygon","coordinates":[[[-3.69921,40.41241],[-3.69575,40.41066],[-3.69606,40.41031],[-3.6964,40.40966],[-3.69726,40.41008],[-3.69802,40.4106],[-3.69946,40.41191],[-3.69957,40.41234],[-3.69921,40.41241]]]}},{"type":"Feature","properties":{"id":"2807901061"},"geometry":{"type":"Polygon","coordinates":[[[-3.69563,40.41162],[-3.69563,40.41125],[-3.6949,40.41114],[-3.69496,40.4108],[-3.69385,40.41042],[-3.69412,40.40995],[-3.69686,40.4112],[-3.69674,40.41165],[-3.69563,40.41162]]]}},{"type":"Feature","properties":{"id":"2807901062"},"geometry":{"type":"Polygon","coordinates":[[[-3.69266,40.41149],[-3.69231,40.40999],[-3.69208,40.40945],[-3.69241,40.40944],[-3.6923,40.4092],[-3.69412,40.40995],[-3.69385,40.41042],[-3.69496,40.4108],[-3.6949,40.41114],[-3.69563,40.41125],[-3.69563,40.41184],[-3.69382,40.41178],[-3.69381,40.41147],[-3.69319,40.41143],[-3.69266,40.41149]]]}},{"type":"Feature","properties":{"id":"2807901063"},"geometry":{"type":"Polygon","coordinates":[[[-3.69298,40.41262],[-3.69266,40.41149],[-3.69319,40.41143],[-3.69381,40.41147],[-3.69382,40.41178],[-3.69563,40.41184],[-3.69563,40.41251],[-3.6957,40.41256],[-3.69465,40.41266],[-3.69396,40.4126],[-3.69363,40.41278],[-3.69298,40.41262]]]}},{"type":"Feature","properties":{"id":"2807901064"},"geometry":{"type":"Polygon","coordinates":[[[-3.69298,40.41262],[-3.69363,40.41278],[-3.69396,40.4126],[-3.69465,40.41266],[-3.6957,40.41256],[-3.69708,40.41288],[-3.69695,40.4137],[-3.69545,40.41366],[-3.69322,40.41398],[-3.69298,40.41262]]]}},{"type":"Feature","properties":{"id":"2807901065"},"geometry":{"type":"Polygon","coordinates":[[[-3.69694,40.41432],[-3.69692,40.41355],[-3.69708,40.41288],[-3.69829,40.41316],[-3.69818,40.41348],[-3.69901,40.41364],[-3.69871,40.41435],[-3.69694,40.41432]]]}},{"type":"Feature","properties":{"id":"2807901066"},"geometry":{"type":"Polygon","coordinates":[[[-3.69829,40.41316],[-3.69563,40.41251],[-3.69563,40.41162],[-3.69674,40.41165],[-3.69686,40.4112],[-3.69873,40.41216],[-3.69858,40.41233],[-3.69829,40.41316]]]}},{"type":"Feature","properties":{"id":"2807901067"},"geometry":{"type":"Polygon","coordinates":[[[-3.70321,40.41452],[-3.69818,40.41348],[-3.69858,40.41233],[-3.69873,40.41216],[-3.70012,40.41288],[-3.70355,40.41417],[-3.70321,40.41452]]]}},{"type":"Feature","properties":{"id":"2807901068"},"geometry":{"type":"Polygon","coordinates":[[[-3.69694,40.41432],[-3.69871,40.41435],[-3.69901,40.41364],[-3.70231,40.41435],[-3.7008,40.41445],[-3.69953,40.41466],[-3.69694,40.41543],[-3.69694,40.41432]]]}},{"type":"Feature","properties":{"id":"2807901069"},"geometry":{"type":"Polygon","coordinates":[[[-3.70022,40.41454],[-3.70231,40.41435],[-3.70309,40.41452],[-3.70086,40.4162],[-3.70048,40.41661],[-3.69965,40.41658],[-3.69958,40.41516],[-3.70028,40.41513],[-3.70022,40.41454]]]}},{"type":"Feature","properties":{"id":"2807901071"},"geometry":{"type":"Polygon","coordinates":[[[-3.69344,40.41514],[-3.69322,40.41398],[-3.69545,40.41366],[-3.69699,40.41373],[-3.69694,40.41543],[-3.69594,40.41575],[-3.69344,40.41514]]]}},{"type":"Feature","properties":{"id":"2807901072"},"geometry":{"type":"Polygon","coordinates":[[[-3.69652,40.41872],[-3.69247,40.41947],[-3.69255,40.41924],[-3.69313,40.41867],[-3.69367,40.41603],[-3.69344,40.41514],[-3.69594,40.41575],[-3.69898,40.41477],[-3.70022,40.41454],[-3.70028,40.41513],[-3.69958,40.41516],[-3.69965,40.41658],[-3.70048,40.41661],[-3.6994,40.41806],[-3.69974,40.4192],[-3.69966,40.41973],[-3.69712,40.419],[-3.69652,40.41872]]]}},{"type":"Feature","properties":{"id":"2807901073"},"geometry":{"type":"Polygon","coordinates":[[[-3.69134,40.4232],[-3.69251,40.4206],[-3.69281,40.41969],[-3.69247,40.41947],[-3.69553,40.41894],[-3.6957,40.42083],[-3.69551,40.42454],[-3.6949,40.42397],[-3.69134,40.4232]]]}},{"type":"Feature","properties":{"id":"2807901074"},"geometry":{"type":"Polygon","coordinates":[[[-3.6957,40.42112],[-3.69553,40.41894],[-3.69652,40.41872],[-3.69712,40.419],[-3.69966,40.41973],[-3.70117,40.42001],[-3.70062,40.42099],[-3.69841,40.42033],[-3.69809,40.42129],[-3.6957,40.42112]]]}},{"type":"Feature","properties":{"id":"2807901075"},"geometry":{"type":"Polygon","coordinates":[[[-3.69898,40.42321],[-3.70065,40.42096],[-3.70117,40.42001],[-3.70165,40.42002],[-3.70098,40.42184],[-3.70067,40.4236],[-3.69898,40.42321]]]}},{"type":"Feature","properties":{"id":"2807901076"},"geometry":{"type":"Polygon","coordinates":[[[-3.69827,40.42233],[-3.6987,40.42147],[-3.69809,40.42129],[-3.69841,40.42033],[-3.70062,40.42099],[-3.69933,40.42272],[-3.69827,40.42233]]]}},{"type":"Feature","properties":{"id":"2807901077"},"geometry":{"type":"Polygon","coordinates":[[[-3.69564,40.42253],[-3.6957,40.42112],[-3.69814,40.42129],[-3.6987,40.42147],[-3.69827,40.42233],[-3.69775,40.42216],[-3.6974,40.42292],[-3.69658,40.42267],[-3.69564,40.42253]]]}},{"type":"Feature","properties":{"id":"2807901079"},"geometry":{"type":"Polygon","coordinates":[[[-3.69551,40.42454],[-3.69564,40.42253],[-3.69681,40.42273],[-3.6982,40.42321],[-3.69746,40.42421],[-3.69639,40.42538],[-3.69595,40.42499],[-3.69686,40.42429],[-3.69642,40.42415],[-3.69551,40.42454]]]}},{"type":"Feature","properties":{"id":"2807901081"},"geometry":{"type":"Polygon","coordinates":[[[-3.69705,40.42468],[-3.6982,40.42321],[-3.6974,40.42292],[-3.69775,40.42216],[-3.69933,40.42272],[-3.69898,40.42321],[-3.70067,40.4236],[-3.70066,40.42392],[-3.69947,40.4239],[-3.69865,40.42369],[-3.69779,40.42505],[-3.69705,40.42468]]]}},{"type":"Feature","properties":{"id":"2807901082"},"geometry":{"type":"Polygon","coordinates":[[[-3.69767,40.42631],[-3.69639,40.42538],[-3.69705,40.42468],[-3.69779,40.42505],[-3.69865,40.42369],[-3.69947,40.4239],[-3.70066,40.42392],[-3.70077,40.42495],[-3.69767,40.42631]]]}},{"type":"Feature","properties":{"id":"2807901084"},"geometry":{"type":"Polygon","coordinates":[[[-3.69038,40.42525],[-3.6906,40.42457],[-3.69134,40.4232],[-3.6949,40.42397],[-3.69551,40.42454],[-3.69642,40.42415],[-3.69686,40.42429],[-3.69595,40.42499],[-3.6972,40.42596],[-3.69668,40.42656],[-3.69656,40.42634],[-3.69499,40.42518],[-3.69385,40.42669],[-3.69196,40.42574],[-3.69105,40.42539],[-3.69038,40.42525]]]}},{"type":"Feature","properties":{"id":"2807901087"},"geometry":{"type":"Polygon","coordinates":[[[-3.69575,40.42761],[-3.69385,40.42669],[-3.69499,40.42518],[-3.69656,40.42634],[-3.69668,40.42656],[-3.6972,40.42596],[-3.69767,40.42631],[-3.70077,40.42495],[-3.70094,40.42545],[-3.70077,40.42542],[-3.69993,40.4258],[-3.69811,40.42676],[-3.69756,40.42716],[-3.69719,40.42797],[-3.69575,40.42761]]]}},{"type":"Feature","properties":{"id":"2807901088"},"geometry":{"type":"Polygon","coordinates":[[[-3.69719,40.42797],[-3.69756,40.42716],[-3.69811,40.42676],[-3.69993,40.4258],[-3.70077,40.42542],[-3.70094,40.42545],[-3.70167,40.42726],[-3.69921,40.42741],[-3.69942,40.42842],[-3.69719,40.42797]]]}},{"type":"Feature","properties":{"id":"2807901089"},"geometry":{"type":"Polygon","coordinates":[[[-3.7024,40.42904],[-3.69942,40.42842],[-3.69921,40.42741],[-3.70167,40.42726],[-3.7024,40.42904]]]}},{"type":"Feature","properties":{"id":"2807901090"},"geometry":{"type":"Polygon","coordinates":[[[-3.7024,40.42904],[-3.70225,40.42874],[-3.70167,40.42726],[-3.70396,40.42762],[-3.70366,40.42925],[-3.7024,40.42904]]]}},{"type":"Feature","properties":{"id":"2807901091"},"geometry":{"type":"Polygon","coordinates":[[[-3.70366,40.42925],[-3.70376,40.42867],[-3.70484,40.42879],[-3.70504,40.42784],[-3.70624,40.42804],[-3.70579,40.4296],[-3.70366,40.42925]]]}},{"type":"Feature","properties":{"id":"2807901092"},"geometry":{"type":"Polygon","coordinates":[[[-3.70376,40.42867],[-3.70396,40.42762],[-3.70504,40.42784],[-3.70484,40.42879],[-3.70376,40.42867]]]}},{"type":"Feature","properties":{"id":"2807901093"},"geometry":{"type":"Polygon","coordinates":[[[-3.70167,40.42726],[-3.70125,40.42606],[-3.70377,40.42631],[-3.70363,40.42718],[-3.70403,40.42722],[-3.70396,40.42762],[-3.70167,40.42726]]]}},{"type":"Feature","properties":{"id":"2807901094"},"geometry":{"type":"Polygon","coordinates":[[[-3.70122,40.42614],[-3.70075,40.42485],[-3.70067,40.42378],[-3.70231,40.42385],[-3.7025,40.42361],[-3.70306,40.42383],[-3.70253,40.42448],[-3.70325,40.42468],[-3.70282,40.42515],[-3.702,40.42496],[-3.70178,40.4261],[-3.70125,40.42606],[-3.70122,40.42614]]]}},{"type":"Feature","properties":{"id":"2807901095"},"geometry":{"type":"Polygon","coordinates":[[[-3.70067,40.42378],[-3.70074,40.42285],[-3.70117,40.42133],[-3.70192,40.42158],[-3.70179,40.42192],[-3.70263,40.42208],[-3.70216,40.42385],[-3.70067,40.42378]]]}},{"type":"Feature","properties":{"id":"2807901096"},"geometry":{"type":"Polygon","coordinates":[[[-3.70216,40.42385],[-3.70263,40.42208],[-3.70391,40.42231],[-3.70396,40.42237],[-3.70372,40.42257],[-3.70428,40.42295],[-3.70306,40.42383],[-3.7025,40.42361],[-3.70231,40.42385],[-3.70216,40.42385]]]}},{"type":"Feature","properties":{"id":"2807901097"},"geometry":{"type":"Polygon","coordinates":[[[-3.70282,40.42515],[-3.70325,40.42468],[-3.70254,40.42445],[-3.70309,40.42381],[-3.70428,40.42295],[-3.70535,40.42374],[-3.70314,40.42523],[-3.70282,40.42515]]]}},{"type":"Feature","properties":{"id":"2807901098"},"geometry":{"type":"Polygon","coordinates":[[[-3.70314,40.42523],[-3.70528,40.42375],[-3.70562,40.42385],[-3.70519,40.42423],[-3.70592,40.4249],[-3.70588,40.42501],[-3.70448,40.42513],[-3.70405,40.42524],[-3.70392,40.42544],[-3.70314,40.42523]]]}},{"type":"Feature","properties":{"id":"2807901099"},"geometry":{"type":"Polygon","coordinates":[[[-3.70597,40.42564],[-3.70592,40.4249],[-3.70519,40.42423],[-3.70562,40.42385],[-3.70678,40.42432],[-3.70739,40.42435],[-3.70737,40.42533],[-3.7072,40.42575],[-3.70597,40.42564]]]}},{"type":"Feature","properties":{"id":"2807901100"},"geometry":{"type":"Polygon","coordinates":[[[-3.70577,40.42595],[-3.70386,40.42576],[-3.70405,40.42524],[-3.70448,40.42513],[-3.70588,40.42501],[-3.70597,40.42564],[-3.7072,40.42575],[-3.70672,40.42659],[-3.70569,40.4265],[-3.70577,40.42595]]]}},{"type":"Feature","properties":{"id":"2807901101"},"geometry":{"type":"Polygon","coordinates":[[[-3.70418,40.42634],[-3.70178,40.4261],[-3.702,40.42496],[-3.70392,40.42544],[-3.70386,40.42576],[-3.70427,40.42584],[-3.70418,40.42634]]]}},{"type":"Feature","properties":{"id":"2807901102"},"geometry":{"type":"Polygon","coordinates":[[[-3.70624,40.42804],[-3.70396,40.42762],[-3.70403,40.42722],[-3.70363,40.42718],[-3.70377,40.42631],[-3.70418,40.42634],[-3.70427,40.42581],[-3.70577,40.42595],[-3.70569,40.4265],[-3.70672,40.42659],[-3.70644,40.42717],[-3.70624,40.42804]]]}},{"type":"Feature","properties":{"id":"2807901103"},"geometry":{"type":"Polygon","coordinates":[[[-3.70772,40.42978],[-3.70579,40.4296],[-3.70636,40.42746],[-3.70752,40.42742],[-3.70743,40.428],[-3.70802,40.42796],[-3.70772,40.42978]]]}},{"type":"Feature","properties":{"id":"2807901104"},"geometry":{"type":"Polygon","coordinates":[[[-3.70636,40.42746],[-3.70672,40.42659],[-3.70718,40.42665],[-3.70746,40.42613],[-3.70933,40.42629],[-3.7094,40.42686],[-3.70825,40.42675],[-3.70812,40.42739],[-3.70636,40.42746]]]}},{"type":"Feature","properties":{"id":"2807901105"},"geometry":{"type":"Polygon","coordinates":[[[-3.70796,40.42833],[-3.70802,40.42796],[-3.70743,40.428],[-3.70752,40.42742],[-3.70812,40.42739],[-3.70825,40.42675],[-3.7094,40.42686],[-3.70944,40.42726],[-3.70964,40.42689],[-3.71074,40.427],[-3.70973,40.42856],[-3.70959,40.42851],[-3.70957,40.42831],[-3.70796,40.42833]]]}},{"type":"Feature","properties":{"id":"2807901106"},"geometry":{"type":"Polygon","coordinates":[[[-3.70772,40.42978],[-3.70796,40.42833],[-3.70957,40.42831],[-3.70959,40.42851],[-3.70973,40.42856],[-3.70889,40.42988],[-3.70772,40.42978]]]}},{"type":"Feature","properties":{"id":"2807901107"},"geometry":{"type":"Polygon","coordinates":[[[-3.71624,40.43061],[-3.70903,40.4299],[-3.7089,40.42983],[-3.70953,40.42882],[-3.71243,40.4295],[-3.71379,40.42757],[-3.71399,40.42748],[-3.71624,40.43061]]]}},{"type":"Feature","properties":{"id":"2807901108"},"geometry":{"type":"Polygon","coordinates":[[[-3.70953,40.42882],[-3.71074,40.427],[-3.7103,40.42696],[-3.71065,40.42615],[-3.70982,40.42583],[-3.71025,40.42519],[-3.71031,40.42514],[-3.71197,40.42583],[-3.7122,40.42548],[-3.71252,40.42542],[-3.71399,40.42748],[-3.71379,40.42757],[-3.71243,40.4295],[-3.70953,40.42882]]]}},{"type":"Feature","properties":{"id":"2807901109"},"geometry":{"type":"Polygon","coordinates":[[[-3.70944,40.42726],[-3.70933,40.42629],[-3.70837,40.4262],[-3.7085,40.42566],[-3.70987,40.42584],[-3.71065,40.42615],[-3.7103,40.42696],[-3.70964,40.42689],[-3.70944,40.42726]]]}},{"type":"Feature","properties":{"id":"2807901110"},"geometry":{"type":"Polygon","coordinates":[[[-3.70672,40.42659],[-3.70731,40.42555],[-3.70739,40.42435],[-3.7091,40.42428],[-3.70913,40.4244],[-3.71031,40.42514],[-3.70982,40.42583],[-3.7085,40.42566],[-3.70837,40.4262],[-3.70746,40.42613],[-3.70718,40.42665],[-3.70672,40.42659]]]}},{"type":"Feature","properties":{"id":"2807901111"},"geometry":{"type":"Polygon","coordinates":[[[-3.71031,40.42514],[-3.70913,40.4244],[-3.7091,40.42428],[-3.71013,40.42386],[-3.71087,40.42339],[-3.71144,40.4239],[-3.71252,40.42542],[-3.7122,40.42548],[-3.71197,40.42583],[-3.71031,40.42514]]]}},{"type":"Feature","properties":{"id":"2807901112"},"geometry":{"type":"Polygon","coordinates":[[[-3.70739,40.42435],[-3.70749,40.42322],[-3.70794,40.42153],[-3.71087,40.42339],[-3.71013,40.42386],[-3.70919,40.42426],[-3.70739,40.42435]]]}},{"type":"Feature","properties":{"id":"2807901113"},"geometry":{"type":"Polygon","coordinates":[[[-3.70678,40.42432],[-3.70535,40.42374],[-3.70636,40.42252],[-3.70751,40.42316],[-3.70739,40.42435],[-3.70678,40.42432]]]}},{"type":"Feature","properties":{"id":"2807901114"},"geometry":{"type":"Polygon","coordinates":[[[-3.70535,40.42374],[-3.70372,40.42257],[-3.70396,40.42237],[-3.70391,40.42231],[-3.70335,40.4222],[-3.70357,40.42136],[-3.70459,40.42185],[-3.70503,40.42146],[-3.70578,40.42214],[-3.70636,40.42252],[-3.70535,40.42374]]]}},{"type":"Feature","properties":{"id":"2807901115"},"geometry":{"type":"Polygon","coordinates":[[[-3.70751,40.42316],[-3.70557,40.42198],[-3.70468,40.42114],[-3.70484,40.42024],[-3.70607,40.42035],[-3.70794,40.42153],[-3.70751,40.42316]]]}},{"type":"Feature","properties":{"id":"2807901116"},"geometry":{"type":"Polygon","coordinates":[[[-3.70335,40.4222],[-3.70179,40.42192],[-3.70192,40.42158],[-3.70117,40.42133],[-3.70165,40.42002],[-3.70484,40.42024],[-3.70468,40.42114],[-3.70503,40.42146],[-3.70459,40.42185],[-3.70357,40.42136],[-3.70335,40.4222]]]}},{"type":"Feature","properties":{"id":"2807901117"},"geometry":{"type":"Polygon","coordinates":[[[-3.70595,40.42032],[-3.70157,40.42001],[-3.70158,40.41985],[-3.70251,40.41823],[-3.70375,40.41869],[-3.70374,40.41882],[-3.70441,40.41941],[-3.70493,40.41895],[-3.70489,40.41889],[-3.70515,40.41875],[-3.70507,40.41864],[-3.70539,40.41832],[-3.70557,40.41795],[-3.70596,40.41809],[-3.70608,40.41788],[-3.70665,40.41809],[-3.70674,40.41821],[-3.70847,40.41835],[-3.70818,40.41894],[-3.70795,40.41981],[-3.70823,40.41997],[-3.70844,40.42025],[-3.70632,40.42017],[-3.70595,40.42032]]]}},{"type":"Feature","properties":{"id":"2807901118"},"geometry":{"type":"Polygon","coordinates":[[[-3.70157,40.42001],[-3.69966,40.41973],[-3.69974,40.4192],[-3.69957,40.41853],[-3.70258,40.4181],[-3.70158,40.41985],[-3.70157,40.42001]]]}},{"type":"Feature","properties":{"id":"2807901119"},"geometry":{"type":"Polygon","coordinates":[[[-3.6994,40.41806],[-3.70086,40.4162],[-3.70309,40.41452],[-3.70342,40.41465],[-3.70323,40.41526],[-3.70327,40.4167],[-3.70366,40.41758],[-3.70347,40.41769],[-3.70304,40.4184],[-3.70251,40.41823],[-3.70258,40.4181],[-3.70251,40.41807],[-3.69957,40.41853],[-3.6994,40.41806]]]}},{"type":"Feature","properties":{"id":"2807901120"},"geometry":{"type":"Polygon","coordinates":[[[-3.70321,40.41452],[-3.70355,40.41417],[-3.70559,40.41479],[-3.70552,40.41521],[-3.70579,40.41535],[-3.70569,40.41596],[-3.70578,40.41642],[-3.70452,40.41659],[-3.70456,40.41682],[-3.7034,40.41688],[-3.70327,40.4167],[-3.70323,40.41526],[-3.70342,40.41465],[-3.70321,40.41452]]]}},{"type":"Feature","properties":{"id":"2807901121"},"geometry":{"type":"Polygon","coordinates":[[[-3.70395,40.4143],[-3.70477,40.4139],[-3.70611,40.41399],[-3.70769,40.41353],[-3.70817,40.41364],[-3.70822,40.41384],[-3.70802,40.41455],[-3.70842,40.41526],[-3.70877,40.41555],[-3.7087,40.41596],[-3.70794,40.41614],[-3.70578,40.41642],[-3.70569,40.41596],[-3.70579,40.41535],[-3.70552,40.41521],[-3.70559,40.41479],[-3.70395,40.4143]]]}},{"type":"Feature","properties":{"id":"2807901123"},"geometry":{"type":"Polygon","coordinates":[[[-3.70456,40.41682],[-3.70455,40.41658],[-3.70794,40.41614],[-3.7087,40.41596],[-3.70877,40.41634],[-3.70843,40.41642],[-3.7085,40.41675],[-3.70777,40.41758],[-3.70456,40.41682]]]}},{"type":"Feature","properties":{"id":"2807901124"},"geometry":{"type":"Polygon","coordinates":[[[-3.70304,40.4184],[-3.70347,40.41769],[-3.70366,40.41758],[-3.7034,40.41688],[-3.70479,40.41684],[-3.70777,40.41758],[-3.7085,40.41675],[-3.70843,40.41642],[-3.70863,40.4164],[-3.70872,40.41704],[-3.70852,40.41778],[-3.70876,40.4178],[-3.70847,40.41835],[-3.70674,40.41821],[-3.70665,40.41809],[-3.70608,40.41788],[-3.70596,40.41809],[-3.70557,40.41795],[-3.70539,40.41832],[-3.70507,40.41864],[-3.70515,40.41875],[-3.70489,40.41889],[-3.70493,40.41895],[-3.70441,40.41941],[-3.70374,40.41882],[-3.70375,40.41869],[-3.70304,40.4184]]]}},{"type":"Feature","properties":{"id":"2807902001"},"geometry":{"type":"Polygon","coordinates":[[[-3.71686,40.41386],[-3.71772,40.41207],[-3.7181,40.41213],[-3.71836,40.41208],[-3.71837,40.41295],[-3.71943,40.41283],[-3.71939,40.4139],[-3.71686,40.41386]]]}},{"type":"Feature","properties":{"id":"2807902002"},"geometry":{"type":"Polygon","coordinates":[[[-3.71939,40.4139],[-3.71943,40.41283],[-3.71837,40.41295],[-3.71836,40.41208],[-3.72051,40.412],[-3.72044,40.41392],[-3.71939,40.4139]]]}},{"type":"Feature","properties":{"id":"2807902003"},"geometry":{"type":"Polygon","coordinates":[[[-3.72044,40.41392],[-3.72051,40.412],[-3.72122,40.41199],[-3.72128,40.41121],[-3.72123,40.40972],[-3.72068,40.40972],[-3.7207,40.40841],[-3.72179,40.40849],[-3.72239,40.41092],[-3.72291,40.41208],[-3.72297,40.41398],[-3.72044,40.41392]]]}},{"type":"Feature","properties":{"id":"2807902004"},"geometry":{"type":"Polygon","coordinates":[[[-3.72051,40.412],[-3.7206,40.40981],[-3.72068,40.40972],[-3.72123,40.40972],[-3.72122,40.41199],[-3.72051,40.412]]]}},{"type":"Feature","properties":{"id":"2807902005"},"geometry":{"type":"Polygon","coordinates":[[[-3.72053,40.41085],[-3.72051,40.412],[-3.71946,40.41202],[-3.71951,40.41082],[-3.72053,40.41085]]]}},{"type":"Feature","properties":{"id":"2807902006"},"geometry":{"type":"Polygon","coordinates":[[[-3.71772,40.41207],[-3.71904,40.40959],[-3.71958,40.40833],[-3.71955,40.40974],[-3.72068,40.40972],[-3.72053,40.41085],[-3.71951,40.41082],[-3.71946,40.41202],[-3.7181,40.41213],[-3.71772,40.41207]]]}},{"type":"Feature","properties":{"id":"2807902007"},"geometry":{"type":"Polygon","coordinates":[[[-3.71958,40.40833],[-3.7207,40.40841],[-3.72068,40.40972],[-3.71955,40.40974],[-3.71958,40.40833]]]}},{"type":"Feature","properties":{"id":"2807902008"},"geometry":{"type":"Polygon","coordinates":[[[-3.71521,40.40803],[-3.7157,40.40736],[-3.71696,40.40711],[-3.71817,40.41052],[-3.71816,40.41097],[-3.71674,40.40871],[-3.71521,40.40803]]]}},{"type":"Feature","properties":{"id":"2807902009"},"geometry":{"type":"Polygon","coordinates":[[[-3.71818,40.41114],[-3.71817,40.41052],[-3.71594,40.40453],[-3.71654,40.4044],[-3.71879,40.40416],[-3.71925,40.40673],[-3.72032,40.40661],[-3.71904,40.40959],[-3.71818,40.41114]]]}},{"type":"Feature","properties":{"id":"2807902010"},"geometry":{"type":"Polygon","coordinates":[[[-3.72179,40.40849],[-3.71958,40.40833],[-3.72052,40.40592],[-3.72058,40.40498],[-3.72036,40.40398],[-3.72257,40.40375],[-3.72262,40.40583],[-3.72179,40.40849]]]}},{"type":"Feature","properties":{"id":"2807902011"},"geometry":{"type":"Polygon","coordinates":[[[-3.7145,40.4005],[-3.71488,40.39966],[-3.71592,40.39993],[-3.71662,40.4],[-3.71921,40.39982],[-3.71993,40.39994],[-3.72092,40.40038],[-3.72176,40.40097],[-3.72239,40.40256],[-3.72257,40.40375],[-3.71938,40.40409],[-3.71841,40.40268],[-3.71699,40.40141],[-3.71561,40.40085],[-3.7145,40.4005]]]}},{"type":"Feature","properties":{"id":"2807902013"},"geometry":{"type":"Polygon","coordinates":[[[-3.71253,40.4047],[-3.7132,40.40328],[-3.71422,40.40356],[-3.71526,40.40404],[-3.71492,40.40438],[-3.71329,40.4046],[-3.71317,40.40488],[-3.71253,40.4047]]]}},{"type":"Feature","properties":{"id":"2807902014"},"geometry":{"type":"Polygon","coordinates":[[[-3.71161,40.40667],[-3.71253,40.4047],[-3.71439,40.40523],[-3.71452,40.40535],[-3.71243,40.40649],[-3.71207,40.4068],[-3.71161,40.40667]]]}},{"type":"Feature","properties":{"id":"2807902015"},"geometry":{"type":"Polygon","coordinates":[[[-3.71161,40.40667],[-3.70832,40.40599],[-3.70819,40.4049],[-3.71097,40.40562],[-3.71108,40.40559],[-3.71082,40.40426],[-3.71253,40.4047],[-3.71161,40.40667]]]}},{"type":"Feature","properties":{"id":"2807902016"},"geometry":{"type":"Polygon","coordinates":[[[-3.70981,40.4013],[-3.71123,40.39972],[-3.70677,40.39742],[-3.70382,40.39695],[-3.70317,40.39668],[-3.70463,40.39508],[-3.70888,40.39627],[-3.7103,40.39679],[-3.71136,40.39732],[-3.71406,40.39935],[-3.71488,40.39966],[-3.71451,40.40048],[-3.71136,40.40227],[-3.71085,40.40182],[-3.70981,40.4013]]]}},{"type":"Feature","properties":{"id":"2807902017"},"geometry":{"type":"Polygon","coordinates":[[[-3.7045,40.39764],[-3.70424,40.39701],[-3.70677,40.39742],[-3.70704,40.39756],[-3.70676,40.3985],[-3.70748,40.39893],[-3.70695,40.39946],[-3.70583,40.39973],[-3.7045,40.39764]]]}},{"type":"Feature","properties":{"id":"2807902018"},"geometry":{"type":"Polygon","coordinates":[[[-3.70693,40.40169],[-3.70471,40.4013],[-3.70264,40.39844],[-3.70444,40.39781],[-3.7045,40.39764],[-3.70674,40.40112],[-3.70697,40.40121],[-3.70726,40.40117],[-3.70772,40.40075],[-3.70953,40.40163],[-3.70981,40.4013],[-3.71085,40.40182],[-3.71136,40.40227],[-3.71095,40.40253],[-3.71057,40.40249],[-3.71042,40.40257],[-3.70693,40.40169]]]}},{"type":"Feature","properties":{"id":"2807902019"},"geometry":{"type":"Polygon","coordinates":[[[-3.70471,40.4013],[-3.70693,40.40169],[-3.70791,40.40349],[-3.70651,40.40389],[-3.70471,40.4013]]]}},{"type":"Feature","properties":{"id":"2807902020"},"geometry":{"type":"Polygon","coordinates":[[[-3.70705,40.40576],[-3.70326,40.40503],[-3.70255,40.40506],[-3.70651,40.40389],[-3.70705,40.40576]]]}},{"type":"Feature","properties":{"id":"2807902021"},"geometry":{"type":"Polygon","coordinates":[[[-3.70365,40.40264],[-3.70427,40.40223],[-3.70557,40.40399],[-3.70557,40.40416],[-3.70484,40.40436],[-3.70365,40.40264]]]}},{"type":"Feature","properties":{"id":"2807902022"},"geometry":{"type":"Polygon","coordinates":[[[-3.70303,40.40304],[-3.70365,40.40264],[-3.70484,40.40436],[-3.70415,40.40455],[-3.70303,40.40304]]]}},{"type":"Feature","properties":{"id":"2807902023"},"geometry":{"type":"Polygon","coordinates":[[[-3.70167,40.40392],[-3.70303,40.40304],[-3.70415,40.40455],[-3.70255,40.40506],[-3.70167,40.40392]]]}},{"type":"Feature","properties":{"id":"2807902024"},"geometry":{"type":"Polygon","coordinates":[[[-3.70059,40.40254],[-3.70198,40.40169],[-3.70303,40.40304],[-3.70167,40.40392],[-3.70059,40.40254]]]}},{"type":"Feature","properties":{"id":"2807902025"},"geometry":{"type":"Polygon","coordinates":[[[-3.70198,40.40169],[-3.70266,40.4013],[-3.70365,40.40264],[-3.70303,40.40304],[-3.70198,40.40169]]]}},{"type":"Feature","properties":{"id":"2807902026"},"geometry":{"type":"Polygon","coordinates":[[[-3.69941,40.40097],[-3.70233,40.4012],[-3.70255,40.40131],[-3.70059,40.40254],[-3.69941,40.40097]]]}},{"type":"Feature","properties":{"id":"2807902027"},"geometry":{"type":"Polygon","coordinates":[[[-3.70233,40.4012],[-3.70231,40.40079],[-3.70176,40.40001],[-3.70241,40.39959],[-3.7033,40.40082],[-3.70404,40.4004],[-3.70471,40.4013],[-3.70449,40.40135],[-3.70233,40.4012]]]}},{"type":"Feature","properties":{"id":"2807902028"},"geometry":{"type":"Polygon","coordinates":[[[-3.70241,40.39959],[-3.70315,40.39916],[-3.70404,40.4004],[-3.7033,40.40082],[-3.70241,40.39959]]]}},{"type":"Feature","properties":{"id":"2807902029"},"geometry":{"type":"Polygon","coordinates":[[[-3.70156,40.39846],[-3.70214,40.39782],[-3.70315,40.39916],[-3.70241,40.39959],[-3.70156,40.39846]]]}},{"type":"Feature","properties":{"id":"2807902030"},"geometry":{"type":"Polygon","coordinates":[[[-3.70156,40.40116],[-3.70054,40.39986],[-3.70037,40.39975],[-3.70098,40.39909],[-3.70116,40.39918],[-3.70231,40.40079],[-3.70233,40.4012],[-3.70156,40.40116]]]}},{"type":"Feature","properties":{"id":"2807902031"},"geometry":{"type":"Polygon","coordinates":[[[-3.69941,40.40097],[-3.69972,40.40047],[-3.70037,40.39975],[-3.70054,40.39986],[-3.70156,40.40116],[-3.69941,40.40097]]]}},{"type":"Feature","properties":{"id":"2807902032"},"geometry":{"type":"Polygon","coordinates":[[[-3.69835,40.39944],[-3.70024,40.39962],[-3.70037,40.39975],[-3.69972,40.40047],[-3.69941,40.40097],[-3.69835,40.39944]]]}},{"type":"Feature","properties":{"id":"2807902033"},"geometry":{"type":"Polygon","coordinates":[[[-3.69835,40.39944],[-3.69787,40.39876],[-3.70081,40.39901],[-3.70098,40.39909],[-3.70037,40.39975],[-3.70024,40.39962],[-3.69835,40.39944]]]}},{"type":"Feature","properties":{"id":"2807902034"},"geometry":{"type":"Polygon","coordinates":[[[-3.69787,40.39876],[-3.69771,40.39853],[-3.69791,40.39845],[-3.69797,40.39798],[-3.69967,40.3981],[-3.69953,40.3989],[-3.69787,40.39876]]]}},{"type":"Feature","properties":{"id":"2807902035"},"geometry":{"type":"Polygon","coordinates":[[[-3.69953,40.3989],[-3.69967,40.3981],[-3.70126,40.39825],[-3.70156,40.39846],[-3.70098,40.39909],[-3.70081,40.39901],[-3.69953,40.3989]]]}},{"type":"Feature","properties":{"id":"2807902036"},"geometry":{"type":"Polygon","coordinates":[[[-3.69967,40.3981],[-3.69973,40.39767],[-3.70039,40.39774],[-3.70049,40.39719],[-3.70175,40.39726],[-3.70171,40.39759],[-3.70214,40.39782],[-3.70156,40.39846],[-3.70126,40.39825],[-3.69967,40.3981]]]}},{"type":"Feature","properties":{"id":"2807902037"},"geometry":{"type":"Polygon","coordinates":[[[-3.70049,40.39719],[-3.70055,40.39688],[-3.7007,40.39682],[-3.70083,40.39577],[-3.701,40.39539],[-3.70189,40.396],[-3.70317,40.39668],[-3.70214,40.39782],[-3.70171,40.39759],[-3.70175,40.39726],[-3.70049,40.39719]]]}},{"type":"Feature","properties":{"id":"2807902038"},"geometry":{"type":"Polygon","coordinates":[[[-3.69973,40.39767],[-3.69994,40.39625],[-3.70016,40.39479],[-3.701,40.39539],[-3.70083,40.39577],[-3.7007,40.39682],[-3.70055,40.39688],[-3.70047,40.39705],[-3.70039,40.39774],[-3.69973,40.39767]]]}},{"type":"Feature","properties":{"id":"2807902039"},"geometry":{"type":"Polygon","coordinates":[[[-3.69797,40.39798],[-3.69807,40.39722],[-3.69978,40.39734],[-3.69967,40.3981],[-3.69797,40.39798]]]}},{"type":"Feature","properties":{"id":"2807902040"},"geometry":{"type":"Polygon","coordinates":[[[-3.69807,40.39722],[-3.69826,40.39584],[-3.69998,40.39596],[-3.69978,40.39734],[-3.69807,40.39722]]]}},{"type":"Feature","properties":{"id":"2807902041"},"geometry":{"type":"Polygon","coordinates":[[[-3.69771,40.39853],[-3.69618,40.39632],[-3.69661,40.39635],[-3.6983,40.39553],[-3.69791,40.39845],[-3.69771,40.39853]]]}},{"type":"Feature","properties":{"id":"2807902042"},"geometry":{"type":"Polygon","coordinates":[[[-3.69826,40.39584],[-3.69848,40.39405],[-3.69848,40.39358],[-3.70016,40.39479],[-3.69998,40.39596],[-3.69826,40.39584]]]}},{"type":"Feature","properties":{"id":"2807902043"},"geometry":{"type":"Polygon","coordinates":[[[-3.69618,40.39632],[-3.69587,40.39587],[-3.69816,40.39493],[-3.69837,40.39494],[-3.6983,40.39553],[-3.69661,40.39635],[-3.69618,40.39632]]]}},{"type":"Feature","properties":{"id":"2807902044"},"geometry":{"type":"Polygon","coordinates":[[[-3.69614,40.39398],[-3.69848,40.39358],[-3.69837,40.39494],[-3.69816,40.39493],[-3.69659,40.39557],[-3.69634,40.39443],[-3.69626,40.39444],[-3.69614,40.39398]]]}},{"type":"Feature","properties":{"id":"2807902045"},"geometry":{"type":"Polygon","coordinates":[[[-3.69466,40.39425],[-3.69614,40.39398],[-3.69626,40.39444],[-3.69634,40.39443],[-3.69659,40.39557],[-3.69587,40.39587],[-3.69466,40.39425]]]}},{"type":"Feature","properties":{"id":"2807902046"},"geometry":{"type":"Polygon","coordinates":[[[-3.69483,40.3931],[-3.69592,40.39319],[-3.69686,40.39242],[-3.69738,40.39279],[-3.69671,40.39336],[-3.69684,40.39387],[-3.69466,40.39425],[-3.69483,40.3931]]]}},{"type":"Feature","properties":{"id":"2807902047"},"geometry":{"type":"Polygon","coordinates":[[[-3.70189,40.396],[-3.69848,40.39358],[-3.69684,40.39387],[-3.69671,40.39336],[-3.69738,40.39279],[-3.69686,40.39242],[-3.69592,40.39319],[-3.69483,40.3931],[-3.6951,40.39115],[-3.69811,40.38907],[-3.70045,40.39163],[-3.70303,40.39417],[-3.70463,40.39508],[-3.70317,40.39668],[-3.70189,40.396]]]}},{"type":"Feature","properties":{"id":"2807902048"},"geometry":{"type":"Polygon","coordinates":[[[-3.69323,40.39174],[-3.69202,40.38966],[-3.6922,40.38953],[-3.69358,40.39033],[-3.69516,40.39109],[-3.69323,40.39174]]]}},{"type":"Feature","properties":{"id":"2807902049"},"geometry":{"type":"Polygon","coordinates":[[[-3.68637,40.38988],[-3.68845,40.3881],[-3.68886,40.3889],[-3.68791,40.38968],[-3.68754,40.39082],[-3.6884,40.39233],[-3.68666,40.39305],[-3.68633,40.39213],[-3.68637,40.38988]]]}},{"type":"Feature","properties":{"id":"2807902050"},"geometry":{"type":"Polygon","coordinates":[[[-3.69466,40.39425],[-3.69323,40.39174],[-3.6951,40.39115],[-3.69466,40.39425]]]}},{"type":"Feature","properties":{"id":"2807902051"},"geometry":{"type":"Polygon","coordinates":[[[-3.6917,40.39726],[-3.68935,40.39469],[-3.69066,40.39395],[-3.69062,40.39379],[-3.69383,40.39278],[-3.69466,40.39425],[-3.6946,40.39516],[-3.69291,40.39506],[-3.69274,40.39733],[-3.6917,40.39726]]]}},{"type":"Feature","properties":{"id":"2807902052"},"geometry":{"type":"Polygon","coordinates":[[[-3.68894,40.39337],[-3.68933,40.39405],[-3.68937,40.39473],[-3.6917,40.39726],[-3.69088,40.39761],[-3.68773,40.39418],[-3.68784,40.39378],[-3.68894,40.39337]]]}},{"type":"Feature","properties":{"id":"2807902053"},"geometry":{"type":"Polygon","coordinates":[[[-3.69088,40.39761],[-3.69158,40.39726],[-3.69434,40.39743],[-3.69406,40.39991],[-3.69312,40.40007],[-3.69288,40.39995],[-3.69268,40.39933],[-3.69088,40.39761]]]}},{"type":"Feature","properties":{"id":"2807902054"},"geometry":{"type":"Polygon","coordinates":[[[-3.69274,40.39733],[-3.69283,40.39611],[-3.69448,40.39621],[-3.69434,40.39743],[-3.69274,40.39733]]]}},{"type":"Feature","properties":{"id":"2807902055"},"geometry":{"type":"Polygon","coordinates":[[[-3.69283,40.39611],[-3.69291,40.39506],[-3.6946,40.39516],[-3.69448,40.39621],[-3.69283,40.39611]]]}},{"type":"Feature","properties":{"id":"2807902056"},"geometry":{"type":"Polygon","coordinates":[[[-3.69448,40.39621],[-3.69465,40.39467],[-3.69466,40.39425],[-3.69618,40.39632],[-3.69448,40.39621]]]}},{"type":"Feature","properties":{"id":"2807902057"},"geometry":{"type":"Polygon","coordinates":[[[-3.69434,40.39743],[-3.69448,40.39621],[-3.69618,40.39632],[-3.69677,40.39717],[-3.69658,40.39725],[-3.69652,40.39757],[-3.69434,40.39743]]]}},{"type":"Feature","properties":{"id":"2807902058"},"geometry":{"type":"Polygon","coordinates":[[[-3.69422,40.39846],[-3.69434,40.39743],[-3.69652,40.39757],[-3.6964,40.39863],[-3.69422,40.39846]]]}},{"type":"Feature","properties":{"id":"2807902059"},"geometry":{"type":"Polygon","coordinates":[[[-3.6964,40.39863],[-3.69654,40.39734],[-3.69677,40.39717],[-3.69787,40.39876],[-3.6964,40.39863]]]}},{"type":"Feature","properties":{"id":"2807902060"},"geometry":{"type":"Polygon","coordinates":[[[-3.69835,40.39944],[-3.69414,40.39915],[-3.69422,40.39846],[-3.69787,40.39876],[-3.69835,40.39944]]]}},{"type":"Feature","properties":{"id":"2807902061"},"geometry":{"type":"Polygon","coordinates":[[[-3.69406,40.39991],[-3.69414,40.39915],[-3.69632,40.39929],[-3.69624,40.40001],[-3.69406,40.39991]]]}},{"type":"Feature","properties":{"id":"2807902062"},"geometry":{"type":"Polygon","coordinates":[[[-3.69395,40.4008],[-3.69406,40.39991],[-3.69624,40.40001],[-3.69614,40.40087],[-3.69395,40.4008]]]}},{"type":"Feature","properties":{"id":"2807902063"},"geometry":{"type":"Polygon","coordinates":[[[-3.69614,40.40087],[-3.69632,40.39929],[-3.69835,40.39944],[-3.69941,40.40097],[-3.69862,40.401],[-3.69614,40.40087]]]}},{"type":"Feature","properties":{"id":"2807902064"},"geometry":{"type":"Polygon","coordinates":[[[-3.69602,40.402],[-3.69614,40.40087],[-3.69862,40.401],[-3.69941,40.40097],[-3.69893,40.40131],[-3.69814,40.40219],[-3.69798,40.40211],[-3.69602,40.402]]]}},{"type":"Feature","properties":{"id":"2807902065"},"geometry":{"type":"Polygon","coordinates":[[[-3.69235,40.4018],[-3.69245,40.40075],[-3.69614,40.40087],[-3.69607,40.40155],[-3.69388,40.40142],[-3.69383,40.40188],[-3.69235,40.4018]]]}},{"type":"Feature","properties":{"id":"2807902066"},"geometry":{"type":"Polygon","coordinates":[[[-3.69235,40.4018],[-3.68697,40.40158],[-3.68576,40.40051],[-3.68596,40.40041],[-3.69245,40.40075],[-3.69235,40.4018]]]}},{"type":"Feature","properties":{"id":"2807902067"},"geometry":{"type":"Polygon","coordinates":[[[-3.68697,40.40158],[-3.69089,40.40172],[-3.69061,40.40481],[-3.69048,40.40489],[-3.68796,40.4026],[-3.68773,40.40226],[-3.68697,40.40158]]]}},{"type":"Feature","properties":{"id":"2807902068"},"geometry":{"type":"Polygon","coordinates":[[[-3.69079,40.40284],[-3.69089,40.40172],[-3.69235,40.4018],[-3.69225,40.40292],[-3.69079,40.40284]]]}},{"type":"Feature","properties":{"id":"2807902069"},"geometry":{"type":"Polygon","coordinates":[[[-3.69225,40.40292],[-3.69235,40.4018],[-3.69383,40.40188],[-3.6937,40.40301],[-3.69225,40.40292]]]}},{"type":"Feature","properties":{"id":"2807902070"},"geometry":{"type":"Polygon","coordinates":[[[-3.6937,40.40301],[-3.69388,40.40142],[-3.69607,40.40155],[-3.69602,40.402],[-3.69798,40.40211],[-3.69814,40.40219],[-3.69768,40.4027],[-3.6975,40.4026],[-3.69597,40.40249],[-3.69589,40.40315],[-3.6937,40.40301]]]}},{"type":"Feature","properties":{"id":"2807902071"},"geometry":{"type":"Polygon","coordinates":[[[-3.69748,40.40292],[-3.69893,40.40131],[-3.69941,40.40097],[-3.70059,40.40254],[-3.69917,40.40293],[-3.69977,40.40378],[-3.69834,40.40419],[-3.69748,40.40292]]]}},{"type":"Feature","properties":{"id":"2807902072"},"geometry":{"type":"Polygon","coordinates":[[[-3.69834,40.40419],[-3.69977,40.40378],[-3.69917,40.40293],[-3.70059,40.40254],[-3.70255,40.40506],[-3.69937,40.40588],[-3.69834,40.40419]]]}},{"type":"Feature","properties":{"id":"2807902073"},"geometry":{"type":"Polygon","coordinates":[[[-3.69528,40.40534],[-3.69748,40.40292],[-3.69937,40.40588],[-3.69787,40.4063],[-3.69711,40.40509],[-3.69528,40.40534]]]}},{"type":"Feature","properties":{"id":"2807902074"},"geometry":{"type":"Polygon","coordinates":[[[-3.69358,40.40411],[-3.6937,40.40301],[-3.69589,40.40315],[-3.69597,40.40249],[-3.6975,40.4026],[-3.69768,40.4027],[-3.69621,40.40432],[-3.69606,40.40424],[-3.69358,40.40411]]]}},{"type":"Feature","properties":{"id":"2807902075"},"geometry":{"type":"Polygon","coordinates":[[[-3.69358,40.40411],[-3.69069,40.40396],[-3.69079,40.40284],[-3.6937,40.40301],[-3.69358,40.40411]]]}},{"type":"Feature","properties":{"id":"2807902077"},"geometry":{"type":"Polygon","coordinates":[[[-3.69075,40.40514],[-3.69048,40.40489],[-3.69061,40.40481],[-3.69069,40.40396],[-3.69215,40.40404],[-3.69205,40.40514],[-3.69088,40.40506],[-3.69075,40.40514]]]}},{"type":"Feature","properties":{"id":"2807902078"},"geometry":{"type":"Polygon","coordinates":[[[-3.69205,40.40514],[-3.69215,40.40404],[-3.69358,40.40411],[-3.69344,40.40523],[-3.69205,40.40514]]]}},{"type":"Feature","properties":{"id":"2807902079"},"geometry":{"type":"Polygon","coordinates":[[[-3.69344,40.40523],[-3.69358,40.40411],[-3.69606,40.40424],[-3.69621,40.40432],[-3.69528,40.40534],[-3.69344,40.40523]]]}},{"type":"Feature","properties":{"id":"2807902080"},"geometry":{"type":"Polygon","coordinates":[[[-3.69528,40.40534],[-3.69711,40.40509],[-3.69787,40.4063],[-3.69408,40.40733],[-3.69399,40.40749],[-3.69349,40.40765],[-3.69368,40.40713],[-3.69528,40.40534]]]}},{"type":"Feature","properties":{"id":"2807902081"},"geometry":{"type":"Polygon","coordinates":[[[-3.69344,40.40523],[-3.69528,40.40534],[-3.69368,40.40713],[-3.69349,40.40765],[-3.69323,40.40698],[-3.69344,40.40523]]]}},{"type":"Feature","properties":{"id":"2807902082"},"geometry":{"type":"Polygon","coordinates":[[[-3.69075,40.40514],[-3.69088,40.40506],[-3.69344,40.40523],[-3.69323,40.40698],[-3.69349,40.40765],[-3.69308,40.40745],[-3.69287,40.40708],[-3.69075,40.40514]]]}},{"type":"Feature","properties":{"id":"2807902083"},"geometry":{"type":"Polygon","coordinates":[[[-3.69152,40.40853],[-3.68837,40.40646],[-3.68347,40.40514],[-3.68458,40.4033],[-3.68445,40.40318],[-3.68112,40.40192],[-3.67915,40.401],[-3.67902,40.40098],[-3.6788,40.40115],[-3.67831,40.40029],[-3.67658,40.39928],[-3.67511,40.39795],[-3.67441,40.39703],[-3.67351,40.39435],[-3.67522,40.39328],[-3.67647,40.39236],[-3.67823,40.39378],[-3.68746,40.40201],[-3.68796,40.4026],[-3.69287,40.40708],[-3.69308,40.40745],[-3.69349,40.40765],[-3.69308,40.4079],[-3.6922,40.40896],[-3.69241,40.40944],[-3.69208,40.40945],[-3.69152,40.40853]]]}},{"type":"Feature","properties":{"id":"2807902085"},"geometry":{"type":"Polygon","coordinates":[[[-3.70583,40.39973],[-3.70695,40.39946],[-3.70743,40.39963],[-3.70767,40.39938],[-3.70856,40.39985],[-3.70741,40.40109],[-3.70702,40.40121],[-3.70665,40.40104],[-3.70583,40.39973]]]}},{"type":"Feature","properties":{"id":"2807902086"},"geometry":{"type":"Polygon","coordinates":[[[-3.70695,40.39946],[-3.70748,40.39893],[-3.70676,40.3985],[-3.70704,40.39756],[-3.70953,40.39885],[-3.70856,40.39985],[-3.70767,40.39938],[-3.70743,40.39963],[-3.70695,40.39946]]]}},{"type":"Feature","properties":{"id":"2807902087"},"geometry":{"type":"Polygon","coordinates":[[[-3.71253,40.4047],[-3.7079,40.40349],[-3.71035,40.40282],[-3.71042,40.40257],[-3.71057,40.40249],[-3.71095,40.40253],[-3.71451,40.40048],[-3.71253,40.4047]]]}},{"type":"Feature","properties":{"id":"2807902088"},"geometry":{"type":"Polygon","coordinates":[[[-3.70098,40.39909],[-3.70156,40.39846],[-3.70241,40.39959],[-3.70176,40.40001],[-3.70116,40.39918],[-3.70098,40.39909]]]}},{"type":"Feature","properties":{"id":"2807902089"},"geometry":{"type":"Polygon","coordinates":[[[-3.71317,40.40488],[-3.71329,40.4046],[-3.71492,40.40438],[-3.71526,40.40404],[-3.71604,40.40448],[-3.71452,40.40535],[-3.71439,40.40523],[-3.71317,40.40488]]]}},{"type":"Feature","properties":{"id":"2807902090"},"geometry":{"type":"Polygon","coordinates":[[[-3.71879,40.40416],[-3.72036,40.40398],[-3.7206,40.40528],[-3.72032,40.40661],[-3.71925,40.40673],[-3.71879,40.40416]]]}},{"type":"Feature","properties":{"id":"2807902091"},"geometry":{"type":"Polygon","coordinates":[[[-3.70214,40.39782],[-3.70317,40.39668],[-3.70365,40.3969],[-3.70424,40.39701],[-3.7045,40.39764],[-3.70444,40.39781],[-3.70264,40.39844],[-3.70214,40.39782]]]}},{"type":"Feature","properties":{"id":"2807902092"},"geometry":{"type":"Polygon","coordinates":[[[-3.70365,40.40264],[-3.70271,40.40133],[-3.70233,40.4012],[-3.70449,40.40135],[-3.70471,40.4013],[-3.70651,40.40389],[-3.70557,40.40416],[-3.70557,40.40399],[-3.70427,40.40223],[-3.70365,40.40264]]]}},{"type":"Feature","properties":{"id":"2807902093"},"geometry":{"type":"Polygon","coordinates":[[[-3.68572,40.38711],[-3.68859,40.38524],[-3.6894,40.38608],[-3.69017,40.3867],[-3.69,40.38693],[-3.6894,40.38728],[-3.68636,40.38989],[-3.68629,40.38863],[-3.68572,40.38711]]]}},{"type":"Feature","properties":{"id":"2807902094"},"geometry":{"type":"Polygon","coordinates":[[[-3.70819,40.4049],[-3.7079,40.40349],[-3.71082,40.40426],[-3.71108,40.40559],[-3.70819,40.4049]]]}},{"type":"Feature","properties":{"id":"2807902095"},"geometry":{"type":"Polygon","coordinates":[[[-3.71521,40.40803],[-3.71207,40.4068],[-3.71243,40.40649],[-3.71594,40.40453],[-3.71696,40.40711],[-3.7157,40.40736],[-3.71521,40.40803]]]}},{"type":"Feature","properties":{"id":"2807902096"},"geometry":{"type":"Polygon","coordinates":[[[-3.70772,40.40075],[-3.70953,40.39885],[-3.71123,40.39972],[-3.70953,40.40163],[-3.70772,40.40075]]]}},{"type":"Feature","properties":{"id":"2807902097"},"geometry":{"type":"Polygon","coordinates":[[[-3.69081,40.39255],[-3.69136,40.39355],[-3.69062,40.39379],[-3.69066,40.39395],[-3.68935,40.39469],[-3.68933,40.39405],[-3.68884,40.3932],[-3.69081,40.39255]]]}},{"type":"Feature","properties":{"id":"2807902098"},"geometry":{"type":"Polygon","coordinates":[[[-3.67989,40.39526],[-3.68073,40.39522],[-3.68181,40.39536],[-3.68276,40.39566],[-3.68438,40.39644],[-3.68251,40.39759],[-3.67989,40.39526]]]}},{"type":"Feature","properties":{"id":"2807902099"},"geometry":{"type":"Polygon","coordinates":[[[-3.69459,40.38616],[-3.69136,40.38852],[-3.6905,40.38703],[-3.68817,40.38486],[-3.68699,40.38333],[-3.68914,40.38266],[-3.68976,40.38232],[-3.69459,40.38616]]]}},{"type":"Feature","properties":{"id":"2807902100"},"geometry":{"type":"Polygon","coordinates":[[[-3.6922,40.38953],[-3.69563,40.38702],[-3.69811,40.38907],[-3.69516,40.39109],[-3.69358,40.39033],[-3.6922,40.38953]]]}},{"type":"Feature","properties":{"id":"2807902101"},"geometry":{"type":"Polygon","coordinates":[[[-3.68884,40.3932],[-3.68815,40.3919],[-3.69248,40.39044],[-3.69323,40.39174],[-3.68884,40.3932]]]}},{"type":"Feature","properties":{"id":"2807902102"},"geometry":{"type":"Polygon","coordinates":[[[-3.68487,40.38374],[-3.68699,40.38333],[-3.68806,40.38474],[-3.68859,40.38524],[-3.68572,40.38711],[-3.68542,40.38628],[-3.68487,40.38374]]]}},{"type":"Feature","properties":{"id":"2807902103"},"geometry":{"type":"Polygon","coordinates":[[[-3.67647,40.39236],[-3.6781,40.3911],[-3.67881,40.3904],[-3.68245,40.3849],[-3.68384,40.384],[-3.68487,40.38374],[-3.68542,40.38628],[-3.68632,40.38878],[-3.6863,40.39179],[-3.68666,40.39305],[-3.68462,40.3941],[-3.68396,40.39301],[-3.68108,40.39459],[-3.67971,40.3951],[-3.67707,40.39277],[-3.67647,40.39236]]]}},{"type":"Feature","properties":{"id":"2807902104"},"geometry":{"type":"Polygon","coordinates":[[[-3.68812,40.38951],[-3.68886,40.3889],[-3.68845,40.3881],[-3.6894,40.38728],[-3.69,40.38693],[-3.69017,40.3867],[-3.69054,40.38709],[-3.69152,40.38879],[-3.68836,40.38987],[-3.68812,40.38951]]]}},{"type":"Feature","properties":{"id":"2807902105"},"geometry":{"type":"Polygon","coordinates":[[[-3.68442,40.39646],[-3.6852,40.39591],[-3.6842,40.39501],[-3.68516,40.39457],[-3.68465,40.39409],[-3.68713,40.3928],[-3.68839,40.39238],[-3.68894,40.39337],[-3.68784,40.39378],[-3.68773,40.39418],[-3.6907,40.3975],[-3.69136,40.39799],[-3.69268,40.39933],[-3.69288,40.39995],[-3.69312,40.40007],[-3.69406,40.39991],[-3.69395,40.4008],[-3.69099,40.40068],[-3.69108,40.39964],[-3.68442,40.39646]]]}},{"type":"Feature","properties":{"id":"2807902106"},"geometry":{"type":"Polygon","coordinates":[[[-3.68576,40.40051],[-3.68251,40.39759],[-3.68438,40.39644],[-3.69108,40.39964],[-3.69099,40.40068],[-3.68596,40.40041],[-3.68576,40.40051]]]}},{"type":"Feature","properties":{"id":"2807902107"},"geometry":{"type":"Polygon","coordinates":[[[-3.71604,40.40448],[-3.71422,40.40356],[-3.7132,40.40328],[-3.7145,40.4005],[-3.71561,40.40085],[-3.71699,40.40141],[-3.71841,40.40268],[-3.71938,40.40409],[-3.71604,40.40448]]]}},{"type":"Feature","properties":{"id":"2807902108"},"geometry":{"type":"Polygon","coordinates":[[[-3.70693,40.40169],[-3.71042,40.40257],[-3.71035,40.40282],[-3.70791,40.40349],[-3.70693,40.40169]]]}},{"type":"Feature","properties":{"id":"2807902109"},"geometry":{"type":"Polygon","coordinates":[[[-3.70708,40.40576],[-3.70651,40.40389],[-3.7079,40.40349],[-3.70832,40.40599],[-3.70708,40.40576]]]}},{"type":"Feature","properties":{"id":"2807902110"},"geometry":{"type":"Polygon","coordinates":[[[-3.68772,40.39114],[-3.69202,40.38966],[-3.69248,40.39044],[-3.68815,40.3919],[-3.68772,40.39114]]]}},{"type":"Feature","properties":{"id":"2807902111"},"geometry":{"type":"Polygon","coordinates":[[[-3.69202,40.38966],[-3.69136,40.38852],[-3.69459,40.38616],[-3.69563,40.38702],[-3.69202,40.38966]]]}},{"type":"Feature","properties":{"id":"2807902112"},"geometry":{"type":"Polygon","coordinates":[[[-3.69081,40.39255],[-3.69323,40.39174],[-3.69383,40.39278],[-3.69136,40.39355],[-3.69081,40.39255]]]}},{"type":"Feature","properties":{"id":"2807902113"},"geometry":{"type":"Polygon","coordinates":[[[-3.68465,40.39409],[-3.68516,40.39457],[-3.6842,40.39501],[-3.6852,40.39591],[-3.68442,40.39646],[-3.68276,40.39566],[-3.68181,40.39536],[-3.68073,40.39522],[-3.67989,40.39526],[-3.67971,40.3951],[-3.68108,40.39459],[-3.68396,40.39301],[-3.68465,40.39409]]]}},{"type":"Feature","properties":{"id":"2807902114"},"geometry":{"type":"Polygon","coordinates":[[[-3.68812,40.38951],[-3.68836,40.38987],[-3.69152,40.38879],[-3.69202,40.38966],[-3.68772,40.39114],[-3.68754,40.39082],[-3.68791,40.38968],[-3.68812,40.38951]]]}},{"type":"Feature","properties":{"id":"2807903001"},"geometry":{"type":"Polygon","coordinates":[[[-3.6805,40.4028],[-3.67826,40.4018],[-3.67902,40.40098],[-3.68112,40.40191],[-3.6805,40.4028]]]}},{"type":"Feature","properties":{"id":"2807903002"},"geometry":{"type":"Polygon","coordinates":[[[-3.68561,40.40637],[-3.68203,40.40698],[-3.68161,40.40554],[-3.68136,40.40531],[-3.6818,40.40462],[-3.68235,40.40483],[-3.68837,40.40646],[-3.68876,40.40671],[-3.68868,40.40714],[-3.6875,40.40661],[-3.68624,40.40636],[-3.68561,40.40637]]]}},{"type":"Feature","properties":{"id":"2807903003"},"geometry":{"type":"Polygon","coordinates":[[[-3.68005,40.40731],[-3.68136,40.40531],[-3.68161,40.40554],[-3.68203,40.40698],[-3.68005,40.40731]]]}},{"type":"Feature","properties":{"id":"2807903004"},"geometry":{"type":"Polygon","coordinates":[[[-3.67884,40.40752],[-3.6803,40.40523],[-3.68118,40.40558],[-3.68005,40.40731],[-3.67884,40.40752]]]}},{"type":"Feature","properties":{"id":"2807903005"},"geometry":{"type":"Polygon","coordinates":[[[-3.6803,40.40523],[-3.68093,40.40428],[-3.6818,40.40462],[-3.68118,40.40558],[-3.6803,40.40523]]]}},{"type":"Feature","properties":{"id":"2807903006"},"geometry":{"type":"Polygon","coordinates":[[[-3.68347,40.40514],[-3.68093,40.40428],[-3.68159,40.40327],[-3.684,40.40423],[-3.68347,40.40514]]]}},{"type":"Feature","properties":{"id":"2807903007"},"geometry":{"type":"Polygon","coordinates":[[[-3.67906,40.40472],[-3.67973,40.40381],[-3.68093,40.40428],[-3.6803,40.40523],[-3.67906,40.40472]]]}},{"type":"Feature","properties":{"id":"2807903008"},"geometry":{"type":"Polygon","coordinates":[[[-3.67832,40.40571],[-3.67906,40.40472],[-3.6803,40.40523],[-3.67963,40.40626],[-3.67832,40.40571]]]}},{"type":"Feature","properties":{"id":"2807903009"},"geometry":{"type":"Polygon","coordinates":[[[-3.67755,40.40675],[-3.67832,40.40571],[-3.67963,40.40626],[-3.67884,40.40752],[-3.67856,40.40721],[-3.67755,40.40675]]]}},{"type":"Feature","properties":{"id":"2807903010"},"geometry":{"type":"Polygon","coordinates":[[[-3.67884,40.40752],[-3.67549,40.40721],[-3.67528,40.4072],[-3.67616,40.40615],[-3.67822,40.40703],[-3.67856,40.40721],[-3.67884,40.40752]]]}},{"type":"Feature","properties":{"id":"2807903011"},"geometry":{"type":"Polygon","coordinates":[[[-3.67616,40.40615],[-3.677,40.40515],[-3.67832,40.40571],[-3.67755,40.40675],[-3.67616,40.40615]]]}},{"type":"Feature","properties":{"id":"2807903012"},"geometry":{"type":"Polygon","coordinates":[[[-3.677,40.40515],[-3.67781,40.40419],[-3.67906,40.40472],[-3.67832,40.40571],[-3.677,40.40515]]]}},{"type":"Feature","properties":{"id":"2807903013"},"geometry":{"type":"Polygon","coordinates":[[[-3.67781,40.40419],[-3.6786,40.40325],[-3.67973,40.40381],[-3.67906,40.40472],[-3.67781,40.40419]]]}},{"type":"Feature","properties":{"id":"2807903014"},"geometry":{"type":"Polygon","coordinates":[[[-3.67781,40.40419],[-3.67618,40.4034],[-3.67702,40.40241],[-3.6786,40.40325],[-3.67781,40.40419]]]}},{"type":"Feature","properties":{"id":"2807903015"},"geometry":{"type":"Polygon","coordinates":[[[-3.67586,40.4046],[-3.67666,40.40363],[-3.67781,40.40419],[-3.677,40.40515],[-3.67586,40.4046]]]}},{"type":"Feature","properties":{"id":"2807903016"},"geometry":{"type":"Polygon","coordinates":[[[-3.67503,40.40561],[-3.67586,40.4046],[-3.677,40.40515],[-3.67616,40.40615],[-3.67503,40.40561]]]}},{"type":"Feature","properties":{"id":"2807903017"},"geometry":{"type":"Polygon","coordinates":[[[-3.6738,40.40707],[-3.67503,40.40561],[-3.67616,40.40615],[-3.67528,40.4072],[-3.6738,40.40707]]]}},{"type":"Feature","properties":{"id":"2807903018"},"geometry":{"type":"Polygon","coordinates":[[[-3.67225,40.40692],[-3.67382,40.40501],[-3.67503,40.40561],[-3.6738,40.40707],[-3.67225,40.40692]]]}},{"type":"Feature","properties":{"id":"2807903019"},"geometry":{"type":"Polygon","coordinates":[[[-3.6702,40.40666],[-3.67038,40.4062],[-3.67215,40.4042],[-3.67382,40.40501],[-3.67225,40.40692],[-3.6702,40.40666]]]}},{"type":"Feature","properties":{"id":"2807903020"},"geometry":{"type":"Polygon","coordinates":[[[-3.67503,40.40561],[-3.67215,40.4042],[-3.67306,40.4032],[-3.67586,40.4046],[-3.67503,40.40561]]]}},{"type":"Feature","properties":{"id":"2807903021"},"geometry":{"type":"Polygon","coordinates":[[[-3.67306,40.4032],[-3.67391,40.40227],[-3.67666,40.40363],[-3.67586,40.4046],[-3.67306,40.4032]]]}},{"type":"Feature","properties":{"id":"2807903022"},"geometry":{"type":"Polygon","coordinates":[[[-3.67547,40.40305],[-3.67635,40.40205],[-3.67702,40.40241],[-3.67618,40.4034],[-3.67547,40.40305]]]}},{"type":"Feature","properties":{"id":"2807903023"},"geometry":{"type":"Polygon","coordinates":[[[-3.67391,40.40227],[-3.67482,40.40126],[-3.67635,40.40205],[-3.67547,40.40305],[-3.67391,40.40227]]]}},{"type":"Feature","properties":{"id":"2807903024"},"geometry":{"type":"Polygon","coordinates":[[[-3.67154,40.39952],[-3.67271,40.39819],[-3.67377,40.39877],[-3.67265,40.4001],[-3.67154,40.39952]]]}},{"type":"Feature","properties":{"id":"2807903025"},"geometry":{"type":"Polygon","coordinates":[[[-3.67094,40.39641],[-3.67316,40.39765],[-3.67228,40.39868],[-3.67052,40.39778],[-3.67028,40.39781],[-3.66933,40.39835],[-3.67094,40.39641]]]}},{"type":"Feature","properties":{"id":"2807903026"},"geometry":{"type":"Polygon","coordinates":[[[-3.66834,40.39962],[-3.66933,40.39835],[-3.67035,40.39779],[-3.67074,40.39785],[-3.67228,40.39868],[-3.67154,40.39952],[-3.6702,40.39882],[-3.66944,40.4006],[-3.66858,40.40039],[-3.66896,40.39985],[-3.66834,40.39962]]]}},{"type":"Feature","properties":{"id":"2807903027"},"geometry":{"type":"Polygon","coordinates":[[[-3.66944,40.4006],[-3.6702,40.39882],[-3.67143,40.39946],[-3.67044,40.40089],[-3.66944,40.4006]]]}},{"type":"Feature","properties":{"id":"2807903028"},"geometry":{"type":"Polygon","coordinates":[[[-3.67005,40.40201],[-3.6704,40.40093],[-3.67143,40.39946],[-3.67275,40.40016],[-3.67094,40.40231],[-3.67005,40.40201]]]}},{"type":"Feature","properties":{"id":"2807903029"},"geometry":{"type":"Polygon","coordinates":[[[-3.66897,40.40389],[-3.66948,40.40361],[-3.67005,40.40201],[-3.67176,40.40258],[-3.67306,40.4032],[-3.67103,40.40545],[-3.66969,40.40478],[-3.66897,40.40389]]]}},{"type":"Feature","properties":{"id":"2807903030"},"geometry":{"type":"Polygon","coordinates":[[[-3.66815,40.40424],[-3.66898,40.40389],[-3.66969,40.40478],[-3.67103,40.40545],[-3.67038,40.4062],[-3.6702,40.40666],[-3.66815,40.40424]]]}},{"type":"Feature","properties":{"id":"2807903031"},"geometry":{"type":"Polygon","coordinates":[[[-3.66882,40.40839],[-3.66893,40.40656],[-3.6702,40.40666],[-3.67006,40.40845],[-3.66882,40.40839]]]}},{"type":"Feature","properties":{"id":"2807903032"},"geometry":{"type":"Polygon","coordinates":[[[-3.66823,40.41284],[-3.66831,40.41143],[-3.66854,40.41119],[-3.66859,40.41096],[-3.66882,40.40839],[-3.67006,40.40845],[-3.66968,40.41288],[-3.66823,40.41284]]]}},{"type":"Feature","properties":{"id":"2807903033"},"geometry":{"type":"Polygon","coordinates":[[[-3.66331,40.41012],[-3.66544,40.40594],[-3.66894,40.40641],[-3.66951,40.40659],[-3.66893,40.40656],[-3.66882,40.40839],[-3.66588,40.40829],[-3.66459,40.40946],[-3.66427,40.40955],[-3.66381,40.40989],[-3.66331,40.41012]]]}},{"type":"Feature","properties":{"id":"2807903034"},"geometry":{"type":"Polygon","coordinates":[[[-3.667,40.40925],[-3.66658,40.40886],[-3.6659,40.40864],[-3.66566,40.40847],[-3.66574,40.40838],[-3.66615,40.40825],[-3.66882,40.40839],[-3.6687,40.40977],[-3.66785,40.40999],[-3.66672,40.41098],[-3.66666,40.4108],[-3.66611,40.41043],[-3.66733,40.40968],[-3.66702,40.40943],[-3.667,40.40925]]]}},{"type":"Feature","properties":{"id":"2807903035"},"geometry":{"type":"Polygon","coordinates":[[[-3.66588,40.41139],[-3.66587,40.41117],[-3.66634,40.41114],[-3.66672,40.41098],[-3.66789,40.40997],[-3.6687,40.40977],[-3.66854,40.41119],[-3.66831,40.41143],[-3.66823,40.41284],[-3.66802,40.41293],[-3.66771,40.41258],[-3.66708,40.41302],[-3.66691,40.41293],[-3.6665,40.4126],[-3.66701,40.41224],[-3.66588,40.41139]]]}},{"type":"Feature","properties":{"id":"2807903036"},"geometry":{"type":"Polygon","coordinates":[[[-3.66634,40.41114],[-3.66475,40.41109],[-3.66477,40.4109],[-3.66539,40.41054],[-3.66523,40.41038],[-3.667,40.40925],[-3.66702,40.40943],[-3.66733,40.40968],[-3.66611,40.41043],[-3.66666,40.4108],[-3.66672,40.41098],[-3.66634,40.41114]]]}},{"type":"Feature","properties":{"id":"2807903037"},"geometry":{"type":"Polygon","coordinates":[[[-3.66288,40.41096],[-3.66331,40.41012],[-3.66381,40.40989],[-3.66427,40.40955],[-3.66459,40.40946],[-3.66529,40.4089],[-3.66566,40.40847],[-3.6659,40.40864],[-3.66658,40.40886],[-3.667,40.40925],[-3.66523,40.41038],[-3.66539,40.41054],[-3.66477,40.4109],[-3.66475,40.41109],[-3.66288,40.41096]]]}},{"type":"Feature","properties":{"id":"2807903038"},"geometry":{"type":"Polygon","coordinates":[[[-3.66141,40.41329],[-3.66233,40.41184],[-3.66312,40.41218],[-3.66359,40.41252],[-3.66393,40.41237],[-3.6642,40.41261],[-3.66362,40.41295],[-3.66386,40.41316],[-3.66293,40.41405],[-3.6622,40.41397],[-3.6618,40.41345],[-3.66141,40.41329]]]}},{"type":"Feature","properties":{"id":"2807903039"},"geometry":{"type":"Polygon","coordinates":[[[-3.66358,40.41334],[-3.66386,40.41316],[-3.66362,40.41295],[-3.6642,40.41261],[-3.66393,40.41237],[-3.66451,40.41201],[-3.66429,40.4118],[-3.66487,40.41142],[-3.66475,40.41109],[-3.66587,40.41117],[-3.66612,40.41394],[-3.66564,40.41376],[-3.66524,40.41348],[-3.66469,40.41375],[-3.66461,40.41391],[-3.66358,40.41334]]]}},{"type":"Feature","properties":{"id":"2807903040"},"geometry":{"type":"Polygon","coordinates":[[[-3.66293,40.41405],[-3.66358,40.41334],[-3.66461,40.41391],[-3.66469,40.41375],[-3.66524,40.41348],[-3.66564,40.41376],[-3.66612,40.41394],[-3.66616,40.41432],[-3.66585,40.41423],[-3.66293,40.41405]]]}},{"type":"Feature","properties":{"id":"2807903041"},"geometry":{"type":"Polygon","coordinates":[[[-3.66616,40.41432],[-3.66596,40.41287],[-3.66588,40.41139],[-3.66701,40.41224],[-3.6665,40.4126],[-3.66691,40.41293],[-3.66708,40.41302],[-3.66771,40.41258],[-3.66802,40.41293],[-3.66665,40.41421],[-3.66644,40.41431],[-3.66616,40.41432]]]}},{"type":"Feature","properties":{"id":"2807903042"},"geometry":{"type":"Polygon","coordinates":[[[-3.6665,40.41428],[-3.66815,40.41286],[-3.66968,40.41288],[-3.66956,40.41441],[-3.6684,40.41435],[-3.66813,40.41442],[-3.6665,40.41428]]]}},{"type":"Feature","properties":{"id":"2807903044"},"geometry":{"type":"Polygon","coordinates":[[[-3.66557,40.41604],[-3.66586,40.41591],[-3.66596,40.41575],[-3.66616,40.41432],[-3.66956,40.41441],[-3.66939,40.41638],[-3.66877,40.41651],[-3.66695,40.41663],[-3.66602,40.41678],[-3.66574,40.41673],[-3.66557,40.41659],[-3.66557,40.41604]]]}},{"type":"Feature","properties":{"id":"2807903045"},"geometry":{"type":"Polygon","coordinates":[[[-3.66284,40.41968],[-3.6629,40.41921],[-3.66369,40.41925],[-3.66424,40.41906],[-3.66382,40.41878],[-3.66376,40.41855],[-3.66439,40.41727],[-3.66482,40.41706],[-3.66531,40.41705],[-3.66539,40.41675],[-3.66531,40.41661],[-3.66513,40.41655],[-3.66462,40.4166],[-3.66458,40.41646],[-3.66466,40.41633],[-3.66506,40.41629],[-3.66511,40.41603],[-3.66557,40.41604],[-3.66557,40.41659],[-3.66574,40.41673],[-3.66602,40.41678],[-3.66695,40.41663],[-3.66877,40.41651],[-3.66939,40.41638],[-3.66938,40.41653],[-3.6685,40.41685],[-3.66609,40.41806],[-3.66604,40.41813],[-3.66698,40.41846],[-3.66638,40.41964],[-3.66536,40.41933],[-3.665,40.42019],[-3.66284,40.41968]]]}},{"type":"Feature","properties":{"id":"2807903046"},"geometry":{"type":"Polygon","coordinates":[[[-3.665,40.42019],[-3.66536,40.41933],[-3.66638,40.41964],[-3.66698,40.41846],[-3.6678,40.41874],[-3.66723,40.41988],[-3.66845,40.42024],[-3.66852,40.42063],[-3.66838,40.42106],[-3.665,40.42019]]]}},{"type":"Feature","properties":{"id":"2807903047"},"geometry":{"type":"Polygon","coordinates":[[[-3.66838,40.42106],[-3.66851,40.42029],[-3.66723,40.41988],[-3.6678,40.41874],[-3.66604,40.41813],[-3.66695,40.41759],[-3.6685,40.41685],[-3.66938,40.41653],[-3.66901,40.4212],[-3.66838,40.42106]]]}},{"type":"Feature","properties":{"id":"2807903048"},"geometry":{"type":"Polygon","coordinates":[[[-3.66901,40.4212],[-3.66927,40.41794],[-3.67464,40.41819],[-3.67456,40.41935],[-3.67302,40.41928],[-3.67285,40.42139],[-3.66901,40.4212]]]}},{"type":"Feature","properties":{"id":"2807903049"},"geometry":{"type":"Polygon","coordinates":[[[-3.66927,40.41794],[-3.66938,40.41653],[-3.67157,40.41667],[-3.67146,40.41804],[-3.66927,40.41794]]]}},{"type":"Feature","properties":{"id":"2807903050"},"geometry":{"type":"Polygon","coordinates":[[[-3.67146,40.41804],[-3.67157,40.41667],[-3.67323,40.41676],[-3.67312,40.41812],[-3.67146,40.41804]]]}},{"type":"Feature","properties":{"id":"2807903051"},"geometry":{"type":"Polygon","coordinates":[[[-3.67312,40.41812],[-3.67323,40.41676],[-3.67474,40.41685],[-3.67464,40.41819],[-3.67312,40.41812]]]}},{"type":"Feature","properties":{"id":"2807903052"},"geometry":{"type":"Polygon","coordinates":[[[-3.67474,40.41685],[-3.67157,40.41667],[-3.67159,40.41638],[-3.6748,40.41594],[-3.67474,40.41685]]]}},{"type":"Feature","properties":{"id":"2807903053"},"geometry":{"type":"Polygon","coordinates":[[[-3.67474,40.41685],[-3.6748,40.41594],[-3.6764,40.41572],[-3.67634,40.41694],[-3.67474,40.41685]]]}},{"type":"Feature","properties":{"id":"2807903054"},"geometry":{"type":"Polygon","coordinates":[[[-3.67832,40.41701],[-3.67634,40.41694],[-3.6764,40.41572],[-3.67776,40.41546],[-3.67832,40.41701]]]}},{"type":"Feature","properties":{"id":"2807903055"},"geometry":{"type":"Polygon","coordinates":[[[-3.67625,40.41825],[-3.67634,40.41694],[-3.67796,40.41704],[-3.67783,40.41835],[-3.67625,40.41825]]]}},{"type":"Feature","properties":{"id":"2807903056"},"geometry":{"type":"Polygon","coordinates":[[[-3.67464,40.41819],[-3.67474,40.41685],[-3.67634,40.41694],[-3.67625,40.41825],[-3.67464,40.41819]]]}},{"type":"Feature","properties":{"id":"2807903057"},"geometry":{"type":"Polygon","coordinates":[[[-3.67456,40.41935],[-3.67464,40.41819],[-3.67625,40.41825],[-3.67616,40.41944],[-3.67456,40.41935]]]}},{"type":"Feature","properties":{"id":"2807903058"},"geometry":{"type":"Polygon","coordinates":[[[-3.67616,40.41944],[-3.67625,40.41825],[-3.67783,40.41835],[-3.67771,40.41951],[-3.67616,40.41944]]]}},{"type":"Feature","properties":{"id":"2807903059"},"geometry":{"type":"Polygon","coordinates":[[[-3.67771,40.41951],[-3.67796,40.41704],[-3.67832,40.41701],[-3.67922,40.41952],[-3.67771,40.41951]]]}},{"type":"Feature","properties":{"id":"2807903060"},"geometry":{"type":"Polygon","coordinates":[[[-3.67762,40.42044],[-3.67771,40.41951],[-3.67922,40.41952],[-3.67956,40.42048],[-3.67762,40.42044]]]}},{"type":"Feature","properties":{"id":"2807903061"},"geometry":{"type":"Polygon","coordinates":[[[-3.67609,40.42037],[-3.67616,40.41944],[-3.67771,40.41951],[-3.67762,40.42044],[-3.67609,40.42037]]]}},{"type":"Feature","properties":{"id":"2807903063"},"geometry":{"type":"Polygon","coordinates":[[[-3.67295,40.42021],[-3.67302,40.41928],[-3.67456,40.41935],[-3.6745,40.42029],[-3.67295,40.42021]]]}},{"type":"Feature","properties":{"id":"2807903064"},"geometry":{"type":"Polygon","coordinates":[[[-3.67285,40.42139],[-3.67295,40.42021],[-3.6745,40.42029],[-3.67441,40.42146],[-3.67285,40.42139]]]}},{"type":"Feature","properties":{"id":"2807903065"},"geometry":{"type":"Polygon","coordinates":[[[-3.67441,40.42146],[-3.67456,40.41935],[-3.67616,40.41944],[-3.676,40.42153],[-3.67441,40.42146]]]}},{"type":"Feature","properties":{"id":"2807903066"},"geometry":{"type":"Polygon","coordinates":[[[-3.676,40.42153],[-3.67609,40.42037],[-3.67762,40.42044],[-3.67752,40.42161],[-3.676,40.42153]]]}},{"type":"Feature","properties":{"id":"2807903067"},"geometry":{"type":"Polygon","coordinates":[[[-3.67893,40.42168],[-3.67752,40.42161],[-3.67762,40.42044],[-3.67956,40.42048],[-3.67998,40.42164],[-3.67893,40.42168]]]}},{"type":"Feature","properties":{"id":"2807903069"},"geometry":{"type":"Polygon","coordinates":[[[-3.68902,40.41662],[-3.69202,40.41645],[-3.69356,40.41651],[-3.69313,40.41867],[-3.69255,40.41924],[-3.69247,40.41947],[-3.68871,40.42001],[-3.68902,40.41662]]]}},{"type":"Feature","properties":{"id":"2807903070"},"geometry":{"type":"Polygon","coordinates":[[[-3.68902,40.41662],[-3.68892,40.41396],[-3.69147,40.41393],[-3.69159,40.41443],[-3.6915,40.41521],[-3.69344,40.41514],[-3.69367,40.41603],[-3.69356,40.41651],[-3.69202,40.41645],[-3.68902,40.41662]]]}},{"type":"Feature","properties":{"id":"2807903071"},"geometry":{"type":"Polygon","coordinates":[[[-3.68892,40.41396],[-3.68864,40.40778],[-3.68876,40.40671],[-3.69152,40.40853],[-3.69208,40.40945],[-3.69231,40.40999],[-3.69298,40.41262],[-3.69344,40.41514],[-3.6915,40.41521],[-3.69159,40.41443],[-3.69147,40.41393],[-3.68892,40.41396]]]}},{"type":"Feature","properties":{"id":"2807903073"},"geometry":{"type":"Polygon","coordinates":[[[-3.67637,40.41107],[-3.67837,40.40821],[-3.68182,40.40875],[-3.68155,40.40781],[-3.68362,40.40746],[-3.68341,40.40674],[-3.68561,40.40637],[-3.68624,40.40636],[-3.6875,40.40661],[-3.68868,40.40714],[-3.68902,40.41662],[-3.68871,40.42001],[-3.68586,40.4206],[-3.67998,40.42164],[-3.67632,40.41136],[-3.67637,40.41107]]]}},{"type":"Feature","properties":{"id":"2807903074"},"geometry":{"type":"Polygon","coordinates":[[[-3.68005,40.40731],[-3.68341,40.40674],[-3.68362,40.40746],[-3.68069,40.40796],[-3.68015,40.40794],[-3.67958,40.40804],[-3.68005,40.40731]]]}},{"type":"Feature","properties":{"id":"2807903076"},"geometry":{"type":"Polygon","coordinates":[[[-3.67837,40.40821],[-3.67884,40.40752],[-3.68005,40.40731],[-3.67958,40.40804],[-3.68155,40.40781],[-3.68182,40.40875],[-3.67837,40.40821]]]}},{"type":"Feature","properties":{"id":"2807903077"},"geometry":{"type":"Polygon","coordinates":[[[-3.67584,40.40986],[-3.67756,40.40741],[-3.67884,40.40752],[-3.6769,40.4103],[-3.67584,40.40986]]]}},{"type":"Feature","properties":{"id":"2807903078"},"geometry":{"type":"Polygon","coordinates":[[[-3.67378,40.40898],[-3.67528,40.4072],[-3.67756,40.40741],[-3.67584,40.40986],[-3.67378,40.40898]]]}},{"type":"Feature","properties":{"id":"2807903079"},"geometry":{"type":"Polygon","coordinates":[[[-3.67006,40.40845],[-3.6702,40.40666],[-3.67225,40.40692],[-3.67096,40.4085],[-3.67006,40.40845]]]}},{"type":"Feature","properties":{"id":"2807903080"},"geometry":{"type":"Polygon","coordinates":[[[-3.66995,40.40979],[-3.67006,40.40845],[-3.67096,40.4085],[-3.67225,40.40692],[-3.67528,40.4072],[-3.67349,40.4094],[-3.6731,40.41031],[-3.67308,40.41064],[-3.67321,40.41075],[-3.67301,40.41088],[-3.67266,40.41097],[-3.67205,40.41094],[-3.6723,40.41059],[-3.67164,40.40992],[-3.66995,40.40979]]]}},{"type":"Feature","properties":{"id":"2807903081"},"geometry":{"type":"Polygon","coordinates":[[[-3.66939,40.41632],[-3.66981,40.41137],[-3.67344,40.41155],[-3.67379,40.41144],[-3.67422,40.41093],[-3.67444,40.41081],[-3.67472,40.41081],[-3.67508,40.41095],[-3.67432,40.41203],[-3.67546,40.41257],[-3.67401,40.41337],[-3.67087,40.41554],[-3.66939,40.41632]]]}},{"type":"Feature","properties":{"id":"2807903082"},"geometry":{"type":"Polygon","coordinates":[[[-3.66981,40.41137],[-3.66995,40.40979],[-3.67164,40.40992],[-3.6723,40.41059],[-3.67205,40.41094],[-3.67256,40.41097],[-3.67282,40.41094],[-3.67321,40.41075],[-3.67308,40.41055],[-3.67322,40.40994],[-3.67378,40.40898],[-3.67584,40.40986],[-3.67508,40.41095],[-3.67472,40.41081],[-3.67444,40.41081],[-3.67422,40.41093],[-3.67384,40.4114],[-3.6735,40.41155],[-3.66981,40.41137]]]}},{"type":"Feature","properties":{"id":"2807903084"},"geometry":{"type":"Polygon","coordinates":[[[-3.67432,40.41203],[-3.67584,40.40986],[-3.6769,40.4103],[-3.67634,40.41112],[-3.67632,40.41136],[-3.67607,40.41135],[-3.67529,40.41244],[-3.67432,40.41203]]]}},{"type":"Feature","properties":{"id":"2807903085"},"geometry":{"type":"Polygon","coordinates":[[[-3.67173,40.41495],[-3.67401,40.41337],[-3.67546,40.41257],[-3.67529,40.41244],[-3.67607,40.41135],[-3.67632,40.41136],[-3.67687,40.41293],[-3.67622,40.41304],[-3.67558,40.41302],[-3.67551,40.41338],[-3.6748,40.41396],[-3.67481,40.41419],[-3.67411,40.41418],[-3.67407,40.41509],[-3.67234,40.41506],[-3.67229,40.41499],[-3.67173,40.41495]]]}},{"type":"Feature","properties":{"id":"2807903086"},"geometry":{"type":"Polygon","coordinates":[[[-3.67407,40.41509],[-3.67411,40.41418],[-3.67481,40.41419],[-3.6748,40.41396],[-3.67551,40.41338],[-3.67558,40.41302],[-3.67622,40.41304],[-3.67687,40.41293],[-3.67776,40.41546],[-3.6748,40.41594],[-3.67486,40.41577],[-3.67458,40.41548],[-3.67457,40.41509],[-3.67407,40.41509]]]}},{"type":"Feature","properties":{"id":"2807903087"},"geometry":{"type":"Polygon","coordinates":[[[-3.66939,40.41638],[-3.67173,40.41495],[-3.67229,40.41499],[-3.67234,40.41506],[-3.67457,40.41509],[-3.67458,40.41548],[-3.67486,40.41577],[-3.6748,40.41594],[-3.67159,40.41638],[-3.67162,40.41593],[-3.6705,40.41594],[-3.66939,40.41638]]]}},{"type":"Feature","properties":{"id":"2807903088"},"geometry":{"type":"Polygon","coordinates":[[[-3.66938,40.41653],[-3.66939,40.41638],[-3.67024,40.416],[-3.67162,40.41593],[-3.67157,40.41667],[-3.66938,40.41653]]]}},{"type":"Feature","properties":{"id":"2807903089"},"geometry":{"type":"Polygon","coordinates":[[[-3.68093,40.40428],[-3.6786,40.40325],[-3.6794,40.4023],[-3.68159,40.40327],[-3.68093,40.40428]]]}},{"type":"Feature","properties":{"id":"2807903090"},"geometry":{"type":"Polygon","coordinates":[[[-3.66511,40.41603],[-3.66506,40.41629],[-3.66466,40.41633],[-3.66462,40.4166],[-3.66409,40.41681],[-3.66375,40.41713],[-3.66332,40.41809],[-3.6629,40.4186],[-3.6629,40.41921],[-3.66231,40.41901],[-3.662,40.41876],[-3.66221,40.41841],[-3.66272,40.41794],[-3.66311,40.41703],[-3.66336,40.41671],[-3.66404,40.41623],[-3.66464,40.41606],[-3.66511,40.41603]]]}},{"type":"Feature","properties":{"id":"2807903091"},"geometry":{"type":"Polygon","coordinates":[[[-3.65871,40.41862],[-3.65888,40.41777],[-3.65928,40.41678],[-3.66141,40.41329],[-3.6618,40.41345],[-3.66207,40.41388],[-3.66232,40.414],[-3.66585,40.41423],[-3.66616,40.41432],[-3.66586,40.41591],[-3.66564,40.41604],[-3.66493,40.41603],[-3.66434,40.41613],[-3.66363,40.41649],[-3.66313,40.417],[-3.66268,40.41799],[-3.66217,40.41846],[-3.662,40.41876],[-3.66231,40.41901],[-3.6629,40.41921],[-3.66284,40.41968],[-3.65871,40.41862]]]}},{"type":"Feature","properties":{"id":"2807903092"},"geometry":{"type":"Polygon","coordinates":[[[-3.66951,40.40659],[-3.66894,40.40641],[-3.66544,40.40594],[-3.66607,40.4047],[-3.66693,40.40336],[-3.66753,40.40136],[-3.66781,40.40143],[-3.66768,40.40295],[-3.66815,40.40424],[-3.6702,40.40666],[-3.66951,40.40659]]]}},{"type":"Feature","properties":{"id":"2807903093"},"geometry":{"type":"Polygon","coordinates":[[[-3.6629,40.41921],[-3.6629,40.4186],[-3.66332,40.41809],[-3.66379,40.41707],[-3.66404,40.41685],[-3.66452,40.41662],[-3.66526,40.41658],[-3.66539,40.41673],[-3.66531,40.41705],[-3.66482,40.41706],[-3.66439,40.41727],[-3.66377,40.41851],[-3.66382,40.41878],[-3.66424,40.41906],[-3.66369,40.41925],[-3.6629,40.41921]]]}},{"type":"Feature","properties":{"id":"2807903094"},"geometry":{"type":"Polygon","coordinates":[[[-3.66233,40.41184],[-3.66288,40.41096],[-3.66475,40.41109],[-3.66487,40.41142],[-3.66429,40.4118],[-3.66451,40.41201],[-3.66359,40.41252],[-3.66312,40.41218],[-3.66233,40.41184]]]}},{"type":"Feature","properties":{"id":"2807903095"},"geometry":{"type":"Polygon","coordinates":[[[-3.6786,40.40325],[-3.67482,40.40126],[-3.67658,40.39928],[-3.67831,40.40029],[-3.6788,40.40115],[-3.67826,40.4018],[-3.6794,40.4023],[-3.6786,40.40325]]]}},{"type":"Feature","properties":{"id":"2807903096"},"geometry":{"type":"Polygon","coordinates":[[[-3.684,40.40423],[-3.6805,40.4028],[-3.68112,40.40192],[-3.68445,40.40318],[-3.68458,40.4033],[-3.684,40.40423]]]}},{"type":"Feature","properties":{"id":"2807903097"},"geometry":{"type":"Polygon","coordinates":[[[-3.67377,40.39877],[-3.67449,40.39791],[-3.67491,40.39769],[-3.67658,40.39928],[-3.67579,40.40018],[-3.67522,40.39976],[-3.67535,40.39961],[-3.67377,40.39877]]]}},{"type":"Feature","properties":{"id":"2807903098"},"geometry":{"type":"Polygon","coordinates":[[[-3.66753,40.40136],[-3.66795,40.40021],[-3.66834,40.39962],[-3.66896,40.39985],[-3.66858,40.40039],[-3.67044,40.40089],[-3.66948,40.40361],[-3.66815,40.40424],[-3.66768,40.40295],[-3.66781,40.40143],[-3.66753,40.40136]]]}},{"type":"Feature","properties":{"id":"2807903099"},"geometry":{"type":"Polygon","coordinates":[[[-3.67094,40.40231],[-3.67275,40.40016],[-3.67482,40.40126],[-3.67306,40.4032],[-3.67176,40.40258],[-3.67094,40.40231]]]}},{"type":"Feature","properties":{"id":"2807903100"},"geometry":{"type":"Polygon","coordinates":[[[-3.67377,40.39877],[-3.67535,40.39961],[-3.67522,40.39976],[-3.67579,40.40018],[-3.67482,40.40126],[-3.67265,40.4001],[-3.67377,40.39877]]]}},{"type":"Feature","properties":{"id":"2807903101"},"geometry":{"type":"Polygon","coordinates":[[[-3.67272,40.3982],[-3.67316,40.39765],[-3.67094,40.39641],[-3.67234,40.39515],[-3.67351,40.39435],[-3.67441,40.39703],[-3.67491,40.39769],[-3.67449,40.39791],[-3.67377,40.39877],[-3.67272,40.3982]]]}},{"type":"Feature","properties":{"id":"2807904001"},"geometry":{"type":"Polygon","coordinates":[[[-3.68834,40.42256],[-3.68871,40.42001],[-3.69247,40.41947],[-3.69281,40.41969],[-3.69251,40.4206],[-3.69134,40.4232],[-3.68834,40.42256]]]}},{"type":"Feature","properties":{"id":"2807904002"},"geometry":{"type":"Polygon","coordinates":[[[-3.68834,40.42256],[-3.68571,40.42242],[-3.68586,40.4206],[-3.68871,40.42001],[-3.68834,40.42256]]]}},{"type":"Feature","properties":{"id":"2807904003"},"geometry":{"type":"Polygon","coordinates":[[[-3.6843,40.42308],[-3.68446,40.42085],[-3.68586,40.4206],[-3.68563,40.42313],[-3.6843,40.42308]]]}},{"type":"Feature","properties":{"id":"2807904004"},"geometry":{"type":"Polygon","coordinates":[[[-3.68413,40.42521],[-3.6843,40.42308],[-3.68563,40.42313],[-3.68571,40.42242],[-3.68698,40.42248],[-3.68658,40.42533],[-3.68413,40.42521]]]}},{"type":"Feature","properties":{"id":"2807904005"},"geometry":{"type":"Polygon","coordinates":[[[-3.6864,40.42645],[-3.68698,40.42248],[-3.68852,40.42258],[-3.69134,40.4232],[-3.6906,40.42457],[-3.69013,40.4266],[-3.6864,40.42645]]]}},{"type":"Feature","properties":{"id":"2807904006"},"geometry":{"type":"Polygon","coordinates":[[[-3.68599,40.42922],[-3.6864,40.42645],[-3.69013,40.4266],[-3.68936,40.42938],[-3.68599,40.42922]]]}},{"type":"Feature","properties":{"id":"2807904007"},"geometry":{"type":"Polygon","coordinates":[[[-3.68392,40.42773],[-3.68413,40.42521],[-3.68658,40.42533],[-3.68619,40.42783],[-3.68392,40.42773]]]}},{"type":"Feature","properties":{"id":"2807904008"},"geometry":{"type":"Polygon","coordinates":[[[-3.68599,40.42922],[-3.68381,40.42912],[-3.68392,40.42773],[-3.68619,40.42783],[-3.68599,40.42922]]]}},{"type":"Feature","properties":{"id":"2807904009"},"geometry":{"type":"Polygon","coordinates":[[[-3.67985,40.42892],[-3.67998,40.42753],[-3.68134,40.4276],[-3.68144,40.42621],[-3.6827,40.42627],[-3.6826,40.42767],[-3.68392,40.42773],[-3.68381,40.42912],[-3.67985,40.42892]]]}},{"type":"Feature","properties":{"id":"2807904010"},"geometry":{"type":"Polygon","coordinates":[[[-3.6826,40.42767],[-3.68278,40.42515],[-3.68413,40.42521],[-3.68392,40.42773],[-3.6826,40.42767]]]}},{"type":"Feature","properties":{"id":"2807904011"},"geometry":{"type":"Polygon","coordinates":[[[-3.67998,40.42753],[-3.68019,40.42502],[-3.68278,40.42515],[-3.6827,40.42627],[-3.68144,40.42621],[-3.68134,40.4276],[-3.67998,40.42753]]]}},{"type":"Feature","properties":{"id":"2807904012"},"geometry":{"type":"Polygon","coordinates":[[[-3.68413,40.42521],[-3.68153,40.42509],[-3.68165,40.42366],[-3.68291,40.42373],[-3.68307,40.42168],[-3.68292,40.42148],[-3.68252,40.42132],[-3.68189,40.42128],[-3.68446,40.42085],[-3.68413,40.42521]]]}},{"type":"Feature","properties":{"id":"2807904013"},"geometry":{"type":"Polygon","coordinates":[[[-3.68165,40.42366],[-3.68175,40.42233],[-3.68174,40.4222],[-3.6816,40.42216],[-3.68292,40.42148],[-3.68307,40.42168],[-3.68291,40.42373],[-3.68165,40.42366]]]}},{"type":"Feature","properties":{"id":"2807904014"},"geometry":{"type":"Polygon","coordinates":[[[-3.68019,40.42502],[-3.68034,40.42291],[-3.67998,40.42164],[-3.68189,40.42128],[-3.68252,40.42132],[-3.68292,40.42148],[-3.6816,40.42216],[-3.68174,40.4222],[-3.68175,40.42233],[-3.68153,40.42509],[-3.68019,40.42502]]]}},{"type":"Feature","properties":{"id":"2807904015"},"geometry":{"type":"Polygon","coordinates":[[[-3.67861,40.42351],[-3.67891,40.42338],[-3.67879,40.42324],[-3.67893,40.42168],[-3.67998,40.42164],[-3.68034,40.42291],[-3.68022,40.42464],[-3.67873,40.42419],[-3.67877,40.42368],[-3.67861,40.42351]]]}},{"type":"Feature","properties":{"id":"2807904016"},"geometry":{"type":"Polygon","coordinates":[[[-3.67858,40.42607],[-3.67867,40.42494],[-3.67788,40.4249],[-3.67797,40.42397],[-3.67787,40.42384],[-3.67861,40.42351],[-3.67877,40.42368],[-3.67873,40.42419],[-3.68022,40.42464],[-3.68009,40.42615],[-3.67858,40.42607]]]}},{"type":"Feature","properties":{"id":"2807904017"},"geometry":{"type":"Polygon","coordinates":[[[-3.67736,40.42345],[-3.67752,40.42161],[-3.67893,40.42168],[-3.67879,40.42324],[-3.67891,40.42338],[-3.67861,40.42351],[-3.67736,40.42345]]]}},{"type":"Feature","properties":{"id":"2807904018"},"geometry":{"type":"Polygon","coordinates":[[[-3.67585,40.42338],[-3.676,40.42153],[-3.67752,40.42161],[-3.67736,40.42345],[-3.67585,40.42338]]]}},{"type":"Feature","properties":{"id":"2807904019"},"geometry":{"type":"Polygon","coordinates":[[[-3.67788,40.4249],[-3.67574,40.42479],[-3.67585,40.42338],[-3.67861,40.42351],[-3.67787,40.42384],[-3.67797,40.42397],[-3.67788,40.4249]]]}},{"type":"Feature","properties":{"id":"2807904020"},"geometry":{"type":"Polygon","coordinates":[[[-3.67715,40.426],[-3.67389,40.42583],[-3.67347,40.42581],[-3.67574,40.42479],[-3.67725,40.42487],[-3.67715,40.426]]]}},{"type":"Feature","properties":{"id":"2807904021"},"geometry":{"type":"Polygon","coordinates":[[[-3.67715,40.426],[-3.67725,40.42487],[-3.67867,40.42494],[-3.67858,40.42607],[-3.67715,40.426]]]}},{"type":"Feature","properties":{"id":"2807904023"},"geometry":{"type":"Polygon","coordinates":[[[-3.67834,40.42884],[-3.67858,40.42607],[-3.68009,40.42615],[-3.67985,40.42892],[-3.67834,40.42884]]]}},{"type":"Feature","properties":{"id":"2807904024"},"geometry":{"type":"Polygon","coordinates":[[[-3.67691,40.42876],[-3.67703,40.42738],[-3.67846,40.42745],[-3.67834,40.42884],[-3.67691,40.42876]]]}},{"type":"Feature","properties":{"id":"2807904025"},"geometry":{"type":"Polygon","coordinates":[[[-3.67703,40.42738],[-3.67715,40.426],[-3.67858,40.42607],[-3.67846,40.42745],[-3.67703,40.42738]]]}},{"type":"Feature","properties":{"id":"2807904026"},"geometry":{"type":"Polygon","coordinates":[[[-3.67552,40.4273],[-3.67564,40.42592],[-3.67715,40.426],[-3.67703,40.42738],[-3.67552,40.4273]]]}},{"type":"Feature","properties":{"id":"2807904027"},"geometry":{"type":"Polygon","coordinates":[[[-3.6754,40.42869],[-3.67552,40.4273],[-3.67703,40.42738],[-3.67691,40.42876],[-3.6754,40.42869]]]}},{"type":"Feature","properties":{"id":"2807904028"},"geometry":{"type":"Polygon","coordinates":[[[-3.6738,40.42861],[-3.67391,40.42723],[-3.67552,40.4273],[-3.6754,40.42869],[-3.6738,40.42861]]]}},{"type":"Feature","properties":{"id":"2807904029"},"geometry":{"type":"Polygon","coordinates":[[[-3.6738,40.42861],[-3.6717,40.42852],[-3.6718,40.42714],[-3.6724,40.42716],[-3.67244,40.42664],[-3.67396,40.42671],[-3.6738,40.42861]]]}},{"type":"Feature","properties":{"id":"2807904030"},"geometry":{"type":"Polygon","coordinates":[[[-3.67391,40.42723],[-3.67396,40.42671],[-3.67244,40.42664],[-3.67248,40.42628],[-3.67347,40.42581],[-3.67564,40.42592],[-3.67552,40.4273],[-3.67391,40.42723]]]}},{"type":"Feature","properties":{"id":"2807904031"},"geometry":{"type":"Polygon","coordinates":[[[-3.67251,40.42577],[-3.6726,40.42464],[-3.67574,40.42479],[-3.67347,40.42581],[-3.67251,40.42577]]]}},{"type":"Feature","properties":{"id":"2807904032"},"geometry":{"type":"Polygon","coordinates":[[[-3.67084,40.42568],[-3.67094,40.42453],[-3.6726,40.42464],[-3.67251,40.42577],[-3.67084,40.42568]]]}},{"type":"Feature","properties":{"id":"2807904033"},"geometry":{"type":"Polygon","coordinates":[[[-3.6724,40.42716],[-3.67081,40.42709],[-3.67074,40.42696],[-3.67084,40.42568],[-3.67347,40.42581],[-3.67248,40.42628],[-3.6724,40.42716]]]}},{"type":"Feature","properties":{"id":"2807904034"},"geometry":{"type":"Polygon","coordinates":[[[-3.66874,40.42809],[-3.66847,40.42749],[-3.66851,40.42697],[-3.6718,40.42714],[-3.6717,40.42852],[-3.6695,40.42842],[-3.66874,40.42809]]]}},{"type":"Feature","properties":{"id":"2807904035"},"geometry":{"type":"Polygon","coordinates":[[[-3.66851,40.42697],[-3.66863,40.42555],[-3.67084,40.42568],[-3.67074,40.42696],[-3.67081,40.42709],[-3.66851,40.42697]]]}},{"type":"Feature","properties":{"id":"2807904036"},"geometry":{"type":"Polygon","coordinates":[[[-3.66863,40.42555],[-3.66872,40.42446],[-3.67094,40.42453],[-3.67084,40.42568],[-3.66863,40.42555]]]}},{"type":"Feature","properties":{"id":"2807904037"},"geometry":{"type":"Polygon","coordinates":[[[-3.66877,40.42371],[-3.66884,40.42304],[-3.67106,40.42314],[-3.67099,40.42382],[-3.66877,40.42371]]]}},{"type":"Feature","properties":{"id":"2807904038"},"geometry":{"type":"Polygon","coordinates":[[[-3.67308,40.42466],[-3.66872,40.42446],[-3.66877,40.42371],[-3.67099,40.42382],[-3.67106,40.42314],[-3.67319,40.42324],[-3.67348,40.42401],[-3.67338,40.42405],[-3.67308,40.42466]]]}},{"type":"Feature","properties":{"id":"2807904039"},"geometry":{"type":"Polygon","coordinates":[[[-3.67308,40.42466],[-3.67338,40.42405],[-3.67348,40.42401],[-3.67319,40.42324],[-3.67585,40.42338],[-3.67574,40.42479],[-3.67308,40.42466]]]}},{"type":"Feature","properties":{"id":"2807904040"},"geometry":{"type":"Polygon","coordinates":[[[-3.67427,40.4233],[-3.67434,40.42242],[-3.67592,40.42249],[-3.67585,40.42338],[-3.67427,40.4233]]]}},{"type":"Feature","properties":{"id":"2807904041"},"geometry":{"type":"Polygon","coordinates":[[[-3.67427,40.4233],[-3.6727,40.42322],[-3.67278,40.42234],[-3.67434,40.42242],[-3.67427,40.4233]]]}},{"type":"Feature","properties":{"id":"2807904042"},"geometry":{"type":"Polygon","coordinates":[[[-3.6727,40.42322],[-3.66884,40.42304],[-3.66901,40.4212],[-3.676,40.42153],[-3.67592,40.42249],[-3.67278,40.42234],[-3.6727,40.42322]]]}},{"type":"Feature","properties":{"id":"2807904043"},"geometry":{"type":"Polygon","coordinates":[[[-3.66884,40.42304],[-3.66305,40.42262],[-3.66297,40.42163],[-3.66279,40.42124],[-3.66392,40.42101],[-3.6645,40.42079],[-3.66482,40.42054],[-3.665,40.42019],[-3.66901,40.4212],[-3.66884,40.42304]]]}},{"type":"Feature","properties":{"id":"2807904044"},"geometry":{"type":"Polygon","coordinates":[[[-3.66478,40.42587],[-3.6617,40.42493],[-3.66087,40.42478],[-3.66,40.42437],[-3.65957,40.42442],[-3.65875,40.41947],[-3.65871,40.41862],[-3.665,40.42019],[-3.66482,40.42054],[-3.6645,40.42079],[-3.66392,40.42101],[-3.66279,40.42124],[-3.66308,40.4223],[-3.66286,40.42311],[-3.66355,40.42355],[-3.66529,40.4239],[-3.6655,40.42541],[-3.6643,40.42508],[-3.66424,40.42523],[-3.66478,40.42587]]]}},{"type":"Feature","properties":{"id":"2807904045"},"geometry":{"type":"Polygon","coordinates":[[[-3.66529,40.4239],[-3.66355,40.42355],[-3.66286,40.42311],[-3.66295,40.42267],[-3.66305,40.42262],[-3.66702,40.42287],[-3.66687,40.42405],[-3.66529,40.4239]]]}},{"type":"Feature","properties":{"id":"2807904046"},"geometry":{"type":"Polygon","coordinates":[[[-3.66691,40.42374],[-3.66702,40.42287],[-3.66884,40.42304],[-3.66876,40.42382],[-3.66691,40.42374]]]}},{"type":"Feature","properties":{"id":"2807904047"},"geometry":{"type":"Polygon","coordinates":[[[-3.6655,40.42541],[-3.66529,40.4239],[-3.66687,40.42405],[-3.66681,40.42465],[-3.66623,40.42464],[-3.66607,40.42543],[-3.6655,40.42541]]]}},{"type":"Feature","properties":{"id":"2807904048"},"geometry":{"type":"Polygon","coordinates":[[[-3.66681,40.42465],[-3.66691,40.42374],[-3.66876,40.42382],[-3.6687,40.42472],[-3.66681,40.42465]]]}},{"type":"Feature","properties":{"id":"2807904049"},"geometry":{"type":"Polygon","coordinates":[[[-3.66863,40.42555],[-3.66607,40.42543],[-3.66623,40.42464],[-3.6687,40.42472],[-3.66863,40.42555]]]}},{"type":"Feature","properties":{"id":"2807904050"},"geometry":{"type":"Polygon","coordinates":[[[-3.66762,40.42673],[-3.66767,40.42551],[-3.66863,40.42555],[-3.66851,40.42697],[-3.66762,40.42673]]]}},{"type":"Feature","properties":{"id":"2807904051"},"geometry":{"type":"Polygon","coordinates":[[[-3.66762,40.42673],[-3.66478,40.42587],[-3.66424,40.42523],[-3.6643,40.42508],[-3.6655,40.42541],[-3.66767,40.42551],[-3.66766,40.42663],[-3.66762,40.42673]]]}},{"type":"Feature","properties":{"id":"2807904052"},"geometry":{"type":"Polygon","coordinates":[[[-3.66562,40.42688],[-3.665,40.42681],[-3.66502,40.42657],[-3.66292,40.42595],[-3.66315,40.4254],[-3.66745,40.42667],[-3.66656,40.42719],[-3.66595,40.42647],[-3.66547,40.4267],[-3.66562,40.42688]]]}},{"type":"Feature","properties":{"id":"2807904053"},"geometry":{"type":"Polygon","coordinates":[[[-3.66173,40.42498],[-3.66315,40.4254],[-3.66259,40.42649],[-3.66255,40.42669],[-3.66264,40.42674],[-3.66245,40.4268],[-3.66188,40.42685],[-3.66161,40.42501],[-3.66173,40.42498]]]}},{"type":"Feature","properties":{"id":"2807904054"},"geometry":{"type":"Polygon","coordinates":[[[-3.66021,40.42696],[-3.65957,40.42442],[-3.66,40.42437],[-3.66087,40.42478],[-3.66172,40.42495],[-3.66161,40.42501],[-3.66221,40.42914],[-3.66219,40.42954],[-3.66054,40.42971],[-3.66021,40.42696]]]}},{"type":"Feature","properties":{"id":"2807904055"},"geometry":{"type":"Polygon","coordinates":[[[-3.66188,40.42685],[-3.66293,40.42667],[-3.66363,40.42678],[-3.66353,40.42791],[-3.66396,40.42844],[-3.6622,40.4293],[-3.66188,40.42685]]]}},{"type":"Feature","properties":{"id":"2807904056"},"geometry":{"type":"Polygon","coordinates":[[[-3.66327,40.42878],[-3.66396,40.42844],[-3.66353,40.42791],[-3.66363,40.42678],[-3.66255,40.42669],[-3.66288,40.42592],[-3.66502,40.42657],[-3.665,40.42681],[-3.66562,40.42688],[-3.66607,40.42742],[-3.66445,40.4282],[-3.665,40.42887],[-3.66386,40.42945],[-3.66327,40.42878]]]}},{"type":"Feature","properties":{"id":"2807904057"},"geometry":{"type":"Polygon","coordinates":[[[-3.66723,40.42882],[-3.66547,40.4267],[-3.66595,40.42647],[-3.66656,40.42719],[-3.66745,40.42667],[-3.66851,40.42697],[-3.66847,40.42749],[-3.66874,40.42809],[-3.66723,40.42882]]]}},{"type":"Feature","properties":{"id":"2807904058"},"geometry":{"type":"Polygon","coordinates":[[[-3.66454,40.42911],[-3.665,40.42887],[-3.66445,40.4282],[-3.66607,40.42742],[-3.66723,40.42882],[-3.66514,40.42984],[-3.66454,40.42911]]]}},{"type":"Feature","properties":{"id":"2807904060"},"geometry":{"type":"Polygon","coordinates":[[[-3.66054,40.42971],[-3.66219,40.42954],[-3.6622,40.4293],[-3.66327,40.42878],[-3.66386,40.42945],[-3.66454,40.42911],[-3.66514,40.42984],[-3.66271,40.43098],[-3.66071,40.43138],[-3.66054,40.42971]]]}},{"type":"Feature","properties":{"id":"2807904061"},"geometry":{"type":"Polygon","coordinates":[[[-3.66501,40.4299],[-3.66822,40.42835],[-3.66874,40.42809],[-3.66777,40.42992],[-3.6674,40.42981],[-3.66516,40.43029],[-3.66501,40.4299]]]}},{"type":"Feature","properties":{"id":"2807904062"},"geometry":{"type":"Polygon","coordinates":[[[-3.66405,40.43035],[-3.66501,40.4299],[-3.66516,40.43029],[-3.6674,40.42981],[-3.66777,40.42992],[-3.66874,40.42809],[-3.67071,40.43035],[-3.67007,40.43055],[-3.66426,40.43123],[-3.66405,40.43035]]]}},{"type":"Feature","properties":{"id":"2807904063"},"geometry":{"type":"Polygon","coordinates":[[[-3.66721,40.43088],[-3.67039,40.4305],[-3.67071,40.43035],[-3.67056,40.43062],[-3.67053,40.43128],[-3.66725,40.43165],[-3.66712,40.43108],[-3.66721,40.43088]]]}},{"type":"Feature","properties":{"id":"2807904064"},"geometry":{"type":"Polygon","coordinates":[[[-3.66426,40.43123],[-3.66721,40.43088],[-3.66713,40.43112],[-3.66738,40.43226],[-3.66515,40.43245],[-3.66437,40.43155],[-3.66426,40.43123]]]}},{"type":"Feature","properties":{"id":"2807904065"},"geometry":{"type":"Polygon","coordinates":[[[-3.66751,40.43296],[-3.66725,40.43165],[-3.67053,40.43128],[-3.67056,40.43062],[-3.67071,40.43035],[-3.6718,40.43165],[-3.67149,40.43179],[-3.66877,40.43211],[-3.66889,40.43279],[-3.66751,40.43296]]]}},{"type":"Feature","properties":{"id":"2807904067"},"geometry":{"type":"Polygon","coordinates":[[[-3.66975,40.43409],[-3.67131,40.43334],[-3.67089,40.43284],[-3.67045,40.43305],[-3.67052,40.4319],[-3.67149,40.43179],[-3.6718,40.43165],[-3.67306,40.43317],[-3.67028,40.43458],[-3.66975,40.43409]]]}},{"type":"Feature","properties":{"id":"2807904068"},"geometry":{"type":"Polygon","coordinates":[[[-3.66975,40.43409],[-3.66894,40.43308],[-3.66877,40.43211],[-3.67052,40.4319],[-3.67045,40.43305],[-3.67089,40.43284],[-3.67131,40.43334],[-3.66975,40.43409]]]}},{"type":"Feature","properties":{"id":"2807904069"},"geometry":{"type":"Polygon","coordinates":[[[-3.66592,40.43238],[-3.66738,40.43226],[-3.66751,40.43296],[-3.66889,40.43279],[-3.66901,40.43325],[-3.66932,40.43361],[-3.66656,40.43499],[-3.66553,40.43516],[-3.66547,40.43485],[-3.66655,40.43395],[-3.66592,40.43238]]]}},{"type":"Feature","properties":{"id":"2807904070"},"geometry":{"type":"Polygon","coordinates":[[[-3.66404,40.43528],[-3.66364,40.43354],[-3.66448,40.4334],[-3.66485,40.43321],[-3.6652,40.43275],[-3.66515,40.43245],[-3.66592,40.43238],[-3.66655,40.43395],[-3.66547,40.43485],[-3.66553,40.43516],[-3.66471,40.4353],[-3.66404,40.43528]]]}},{"type":"Feature","properties":{"id":"2807904071"},"geometry":{"type":"Polygon","coordinates":[[[-3.66404,40.43528],[-3.66091,40.43525],[-3.65998,40.43512],[-3.66071,40.43138],[-3.66246,40.43105],[-3.66405,40.43035],[-3.66435,40.43152],[-3.66497,40.43215],[-3.66522,40.43261],[-3.66509,40.43296],[-3.66473,40.43329],[-3.66364,40.43354],[-3.66404,40.43528]]]}},{"type":"Feature","properties":{"id":"2807904072"},"geometry":{"type":"Polygon","coordinates":[[[-3.66091,40.43525],[-3.66316,40.43523],[-3.6632,40.43646],[-3.66111,40.43647],[-3.6611,40.43558],[-3.66091,40.43525]]]}},{"type":"Feature","properties":{"id":"2807904073"},"geometry":{"type":"Polygon","coordinates":[[[-3.6632,40.43646],[-3.66316,40.43523],[-3.66471,40.4353],[-3.66638,40.43505],[-3.66718,40.43468],[-3.6676,40.43516],[-3.66448,40.43674],[-3.66409,40.43645],[-3.6632,40.43646]]]}},{"type":"Feature","properties":{"id":"2807904074"},"geometry":{"type":"Polygon","coordinates":[[[-3.65918,40.44082],[-3.65911,40.43992],[-3.65923,40.43873],[-3.65998,40.43512],[-3.66091,40.43525],[-3.6611,40.43558],[-3.66111,40.43647],[-3.6632,40.43646],[-3.66313,40.43682],[-3.66356,40.43706],[-3.66244,40.43874],[-3.66184,40.43853],[-3.66109,40.43846],[-3.66115,40.44082],[-3.65918,40.44082]]]}},{"type":"Feature","properties":{"id":"2807904075"},"geometry":{"type":"Polygon","coordinates":[[[-3.66244,40.43874],[-3.66356,40.43706],[-3.66313,40.43682],[-3.6632,40.43646],[-3.66409,40.43645],[-3.66448,40.43674],[-3.66296,40.43895],[-3.66244,40.43874]]]}},{"type":"Feature","properties":{"id":"2807904076"},"geometry":{"type":"Polygon","coordinates":[[[-3.6611,40.43963],[-3.66109,40.43846],[-3.66184,40.43853],[-3.66296,40.43895],[-3.66294,40.43962],[-3.6611,40.43963]]]}},{"type":"Feature","properties":{"id":"2807904077"},"geometry":{"type":"Polygon","coordinates":[[[-3.66115,40.44082],[-3.6611,40.43963],[-3.66294,40.43962],[-3.66293,40.44111],[-3.66223,40.44086],[-3.66115,40.44082]]]}},{"type":"Feature","properties":{"id":"2807904078"},"geometry":{"type":"Polygon","coordinates":[[[-3.66116,40.44192],[-3.66115,40.44082],[-3.66223,40.44086],[-3.66293,40.44111],[-3.66301,40.44152],[-3.66234,40.44189],[-3.66116,40.44192]]]}},{"type":"Feature","properties":{"id":"2807904079"},"geometry":{"type":"Polygon","coordinates":[[[-3.66116,40.44192],[-3.66234,40.44189],[-3.66301,40.44152],[-3.66293,40.44111],[-3.66367,40.4412],[-3.66421,40.44188],[-3.66182,40.44291],[-3.66116,40.44289],[-3.66116,40.44192]]]}},{"type":"Feature","properties":{"id":"2807904080"},"geometry":{"type":"Polygon","coordinates":[[[-3.65918,40.44082],[-3.66115,40.44082],[-3.66118,40.44291],[-3.66182,40.44291],[-3.6635,40.44218],[-3.66433,40.4433],[-3.66055,40.44463],[-3.65998,40.44374],[-3.6595,40.44259],[-3.65918,40.44082]]]}},{"type":"Feature","properties":{"id":"2807904081"},"geometry":{"type":"Polygon","coordinates":[[[-3.6635,40.44218],[-3.66421,40.44188],[-3.66367,40.4412],[-3.66491,40.44092],[-3.66647,40.44074],[-3.66682,40.44196],[-3.66506,40.44296],[-3.66433,40.4433],[-3.6635,40.44218]]]}},{"type":"Feature","properties":{"id":"2807904082"},"geometry":{"type":"Polygon","coordinates":[[[-3.66293,40.44111],[-3.66294,40.43906],[-3.66296,40.43895],[-3.66464,40.43959],[-3.66422,40.43994],[-3.66399,40.44094],[-3.66367,40.4412],[-3.66293,40.44111]]]}},{"type":"Feature","properties":{"id":"2807904083"},"geometry":{"type":"Polygon","coordinates":[[[-3.66351,40.43916],[-3.66431,40.43797],[-3.66466,40.43807],[-3.66474,40.43834],[-3.66524,40.43875],[-3.66549,40.43916],[-3.66464,40.43959],[-3.66351,40.43916]]]}},{"type":"Feature","properties":{"id":"2807904084"},"geometry":{"type":"Polygon","coordinates":[[[-3.66296,40.43895],[-3.66448,40.43674],[-3.66506,40.43642],[-3.66531,40.43672],[-3.66556,40.43734],[-3.66549,40.43759],[-3.66482,40.4379],[-3.66466,40.43807],[-3.66431,40.43797],[-3.66351,40.43916],[-3.66296,40.43895]]]}},{"type":"Feature","properties":{"id":"2807904085"},"geometry":{"type":"Polygon","coordinates":[[[-3.66466,40.43807],[-3.66482,40.4379],[-3.66549,40.43759],[-3.66557,40.43743],[-3.66531,40.43672],[-3.66506,40.43642],[-3.6676,40.43516],[-3.66802,40.43564],[-3.66839,40.43647],[-3.66862,40.43804],[-3.66754,40.43817],[-3.66524,40.43875],[-3.66476,40.43837],[-3.66466,40.43807]]]}},{"type":"Feature","properties":{"id":"2807904086"},"geometry":{"type":"Polygon","coordinates":[[[-3.66648,40.44078],[-3.66755,40.43905],[-3.67009,40.43824],[-3.66976,40.43774],[-3.66921,40.43589],[-3.66996,40.43568],[-3.66987,40.43617],[-3.67006,40.43656],[-3.67263,40.43818],[-3.67333,40.43907],[-3.67187,40.43938],[-3.67035,40.43992],[-3.66682,40.44196],[-3.66648,40.44078]]]}},{"type":"Feature","properties":{"id":"2807904087"},"geometry":{"type":"Polygon","coordinates":[[[-3.66996,40.43568],[-3.66826,40.43616],[-3.66802,40.43564],[-3.66718,40.43468],[-3.66932,40.43361],[-3.67028,40.43458],[-3.67306,40.43317],[-3.67333,40.43348],[-3.66996,40.43612],[-3.66987,40.43617],[-3.66996,40.43568]]]}},{"type":"Feature","properties":{"id":"2807904088"},"geometry":{"type":"Polygon","coordinates":[[[-3.67146,40.43489],[-3.67333,40.43348],[-3.67478,40.43489],[-3.67314,40.43617],[-3.67146,40.43489]]]}},{"type":"Feature","properties":{"id":"2807904089"},"geometry":{"type":"Polygon","coordinates":[[[-3.67089,40.43537],[-3.67146,40.43489],[-3.67314,40.43617],[-3.67256,40.43663],[-3.67089,40.43537]]]}},{"type":"Feature","properties":{"id":"2807904090"},"geometry":{"type":"Polygon","coordinates":[[[-3.66987,40.43617],[-3.67089,40.43537],[-3.67256,40.43663],[-3.6715,40.43747],[-3.67012,40.43661],[-3.66987,40.43617]]]}},{"type":"Feature","properties":{"id":"2807904091"},"geometry":{"type":"Polygon","coordinates":[[[-3.6715,40.43747],[-3.67384,40.43562],[-3.67448,40.43608],[-3.67379,40.43666],[-3.67436,40.4371],[-3.67379,40.43755],[-3.67426,40.43788],[-3.67292,40.43848],[-3.67263,40.43818],[-3.6715,40.43747]]]}},{"type":"Feature","properties":{"id":"2807904092"},"geometry":{"type":"Polygon","coordinates":[[[-3.67448,40.43608],[-3.67584,40.43708],[-3.67426,40.43788],[-3.67379,40.43755],[-3.67436,40.4371],[-3.67379,40.43666],[-3.67448,40.43608]]]}},{"type":"Feature","properties":{"id":"2807904093"},"geometry":{"type":"Polygon","coordinates":[[[-3.67584,40.43708],[-3.67384,40.43562],[-3.67478,40.43489],[-3.67661,40.43667],[-3.67584,40.43708]]]}},{"type":"Feature","properties":{"id":"2807904094"},"geometry":{"type":"Polygon","coordinates":[[[-3.67292,40.43848],[-3.67661,40.43667],[-3.67741,40.43743],[-3.67539,40.43856],[-3.67463,40.43884],[-3.67333,40.43907],[-3.67292,40.43848]]]}},{"type":"Feature","properties":{"id":"2807904096"},"geometry":{"type":"Polygon","coordinates":[[[-3.67912,40.43745],[-3.67741,40.43743],[-3.67582,40.4359],[-3.676,40.43578],[-3.67924,40.43595],[-3.67912,40.43745]]]}},{"type":"Feature","properties":{"id":"2807904097"},"geometry":{"type":"Polygon","coordinates":[[[-3.67772,40.43587],[-3.67792,40.43362],[-3.67944,40.43369],[-3.67924,40.43595],[-3.67772,40.43587]]]}},{"type":"Feature","properties":{"id":"2807904098"},"geometry":{"type":"Polygon","coordinates":[[[-3.67633,40.4358],[-3.67651,40.43355],[-3.67792,40.43362],[-3.67772,40.43587],[-3.67633,40.4358]]]}},{"type":"Feature","properties":{"id":"2807904099"},"geometry":{"type":"Polygon","coordinates":[[[-3.67582,40.4359],[-3.67333,40.43348],[-3.67359,40.4334],[-3.67651,40.43355],[-3.67633,40.4358],[-3.676,40.43578],[-3.67582,40.4359]]]}},{"type":"Feature","properties":{"id":"2807904100"},"geometry":{"type":"Polygon","coordinates":[[[-3.675,40.43347],[-3.67507,40.4324],[-3.6766,40.43249],[-3.67651,40.43355],[-3.675,40.43347]]]}},{"type":"Feature","properties":{"id":"2807904101"},"geometry":{"type":"Polygon","coordinates":[[[-3.67333,40.43348],[-3.67348,40.43233],[-3.67507,40.4324],[-3.675,40.43347],[-3.67359,40.4334],[-3.67333,40.43348]]]}},{"type":"Feature","properties":{"id":"2807904102"},"geometry":{"type":"Polygon","coordinates":[[[-3.6766,40.43249],[-3.67348,40.43233],[-3.67359,40.43107],[-3.6767,40.43122],[-3.6766,40.43249]]]}},{"type":"Feature","properties":{"id":"2807904103"},"geometry":{"type":"Polygon","coordinates":[[[-3.67333,40.43348],[-3.6718,40.43165],[-3.67204,40.43155],[-3.67208,40.43099],[-3.67359,40.43107],[-3.67333,40.43348]]]}},{"type":"Feature","properties":{"id":"2807904104"},"geometry":{"type":"Polygon","coordinates":[[[-3.6718,40.43165],[-3.67021,40.4298],[-3.6706,40.42968],[-3.67219,40.42975],[-3.67204,40.43155],[-3.6718,40.43165]]]}},{"type":"Feature","properties":{"id":"2807904105"},"geometry":{"type":"Polygon","coordinates":[[[-3.66874,40.42809],[-3.6695,40.42842],[-3.67229,40.42855],[-3.67219,40.42975],[-3.6706,40.42968],[-3.67021,40.4298],[-3.66874,40.42809]]]}},{"type":"Feature","properties":{"id":"2807904106"},"geometry":{"type":"Polygon","coordinates":[[[-3.67219,40.42975],[-3.67229,40.42855],[-3.6738,40.42861],[-3.6737,40.42981],[-3.67219,40.42975]]]}},{"type":"Feature","properties":{"id":"2807904107"},"geometry":{"type":"Polygon","coordinates":[[[-3.67208,40.43099],[-3.67219,40.42975],[-3.6737,40.42981],[-3.67359,40.43107],[-3.67208,40.43099]]]}},{"type":"Feature","properties":{"id":"2807904108"},"geometry":{"type":"Polygon","coordinates":[[[-3.67359,40.43107],[-3.6737,40.42981],[-3.67681,40.42995],[-3.6767,40.43122],[-3.67359,40.43107]]]}},{"type":"Feature","properties":{"id":"2807904109"},"geometry":{"type":"Polygon","coordinates":[[[-3.6737,40.42981],[-3.6738,40.42861],[-3.67691,40.42876],[-3.67681,40.42995],[-3.6737,40.42981]]]}},{"type":"Feature","properties":{"id":"2807904110"},"geometry":{"type":"Polygon","coordinates":[[[-3.67681,40.42995],[-3.67691,40.42876],[-3.67834,40.42884],[-3.67823,40.43003],[-3.67681,40.42995]]]}},{"type":"Feature","properties":{"id":"2807904111"},"geometry":{"type":"Polygon","coordinates":[[[-3.67963,40.43136],[-3.6767,40.43122],[-3.67681,40.42995],[-3.67823,40.43003],[-3.67834,40.42884],[-3.67985,40.42892],[-3.67963,40.43136]]]}},{"type":"Feature","properties":{"id":"2807904112"},"geometry":{"type":"Polygon","coordinates":[[[-3.67651,40.43355],[-3.6767,40.43122],[-3.67812,40.4313],[-3.67792,40.43362],[-3.67651,40.43355]]]}},{"type":"Feature","properties":{"id":"2807904113"},"geometry":{"type":"Polygon","coordinates":[[[-3.67792,40.43362],[-3.67812,40.4313],[-3.67963,40.43136],[-3.67944,40.43369],[-3.67792,40.43362]]]}},{"type":"Feature","properties":{"id":"2807904114"},"geometry":{"type":"Polygon","coordinates":[[[-3.67963,40.43136],[-3.67985,40.42892],[-3.68381,40.42912],[-3.6836,40.43156],[-3.67963,40.43136]]]}},{"type":"Feature","properties":{"id":"2807904115"},"geometry":{"type":"Polygon","coordinates":[[[-3.6856,40.43293],[-3.67953,40.43264],[-3.67963,40.43136],[-3.6836,40.43156],[-3.68381,40.42912],[-3.68494,40.42918],[-3.68469,40.43162],[-3.6857,40.43167],[-3.6856,40.43293]]]}},{"type":"Feature","properties":{"id":"2807904116"},"geometry":{"type":"Polygon","coordinates":[[[-3.68679,40.43173],[-3.68469,40.43162],[-3.68481,40.43037],[-3.6869,40.43046],[-3.68679,40.43173]]]}},{"type":"Feature","properties":{"id":"2807904117"},"geometry":{"type":"Polygon","coordinates":[[[-3.68669,40.43299],[-3.6869,40.43046],[-3.68481,40.43037],[-3.68494,40.42918],[-3.68936,40.42938],[-3.68842,40.43303],[-3.68669,40.43299]]]}},{"type":"Feature","properties":{"id":"2807904118"},"geometry":{"type":"Polygon","coordinates":[[[-3.68641,40.43631],[-3.68651,40.4351],[-3.68441,40.43501],[-3.6845,40.43394],[-3.6866,40.43404],[-3.68669,40.43299],[-3.68842,40.43303],[-3.68871,40.43496],[-3.68907,40.43522],[-3.68899,40.43553],[-3.6894,40.43612],[-3.68788,40.43673],[-3.68746,40.43624],[-3.68731,40.43636],[-3.68641,40.43631]]]}},{"type":"Feature","properties":{"id":"2807904119"},"geometry":{"type":"Polygon","coordinates":[[[-3.68331,40.43496],[-3.68341,40.4339],[-3.68207,40.43382],[-3.68215,40.43277],[-3.6856,40.43293],[-3.6857,40.43167],[-3.68679,40.43173],[-3.6866,40.43404],[-3.6845,40.43394],[-3.68441,40.43501],[-3.68331,40.43496]]]}},{"type":"Feature","properties":{"id":"2807904120"},"geometry":{"type":"Polygon","coordinates":[[[-3.67944,40.43369],[-3.67953,40.43264],[-3.68215,40.43277],[-3.68207,40.43382],[-3.67944,40.43369]]]}},{"type":"Feature","properties":{"id":"2807904121"},"geometry":{"type":"Polygon","coordinates":[[[-3.68198,40.43488],[-3.67935,40.43476],[-3.67944,40.43369],[-3.68207,40.43382],[-3.68198,40.43488]]]}},{"type":"Feature","properties":{"id":"2807904123"},"geometry":{"type":"Polygon","coordinates":[[[-3.67912,40.43745],[-3.67935,40.43476],[-3.68071,40.43482],[-3.68048,40.43752],[-3.67912,40.43745]]]}},{"type":"Feature","properties":{"id":"2807904124"},"geometry":{"type":"Polygon","coordinates":[[[-3.68048,40.43752],[-3.68071,40.43482],[-3.68198,40.43488],[-3.68174,40.43759],[-3.68048,40.43752]]]}},{"type":"Feature","properties":{"id":"2807904126"},"geometry":{"type":"Polygon","coordinates":[[[-3.68174,40.43759],[-3.68207,40.43382],[-3.68341,40.4339],[-3.68308,40.43764],[-3.68174,40.43759]]]}},{"type":"Feature","properties":{"id":"2807904127"},"geometry":{"type":"Polygon","coordinates":[[[-3.68641,40.43631],[-3.68322,40.43616],[-3.68331,40.43496],[-3.68651,40.4351],[-3.68641,40.43631]]]}},{"type":"Feature","properties":{"id":"2807904128"},"geometry":{"type":"Polygon","coordinates":[[[-3.68308,40.43764],[-3.68322,40.43616],[-3.68531,40.43626],[-3.68515,40.43773],[-3.68308,40.43764]]]}},{"type":"Feature","properties":{"id":"2807904130"},"geometry":{"type":"Polygon","coordinates":[[[-3.69067,40.43799],[-3.68515,40.43773],[-3.68531,40.43626],[-3.68731,40.43636],[-3.68746,40.43624],[-3.68788,40.43673],[-3.6894,40.43612],[-3.69067,40.43799]]]}},{"type":"Feature","properties":{"id":"2807904131"},"geometry":{"type":"Polygon","coordinates":[[[-3.66921,40.43589],[-3.66976,40.43774],[-3.67009,40.43824],[-3.66755,40.43905],[-3.66648,40.44078],[-3.66644,40.44072],[-3.66522,40.44088],[-3.66367,40.4412],[-3.66399,40.44094],[-3.66422,40.43994],[-3.66464,40.43959],[-3.66549,40.43916],[-3.66524,40.43875],[-3.66754,40.43817],[-3.66862,40.43804],[-3.66846,40.43666],[-3.66826,40.43616],[-3.66921,40.43589]]]}},{"type":"Feature","properties":{"id":"2807905001"},"geometry":{"type":"Polygon","coordinates":[[[-3.68549,40.44514],[-3.67897,40.43892],[-3.67912,40.43745],[-3.6863,40.43779],[-3.68568,40.44488],[-3.68549,40.44514]]]}},{"type":"Feature","properties":{"id":"2807905002"},"geometry":{"type":"Polygon","coordinates":[[[-3.68549,40.44514],[-3.68568,40.44488],[-3.6863,40.43779],[-3.69067,40.43799],[-3.69171,40.44133],[-3.69127,40.44622],[-3.68644,40.44597],[-3.68614,40.4458],[-3.68549,40.44514]]]}},{"type":"Feature","properties":{"id":"2807905003"},"geometry":{"type":"Polygon","coordinates":[[[-3.68609,40.44843],[-3.68314,40.44732],[-3.6817,40.44663],[-3.68242,40.4461],[-3.68549,40.44514],[-3.68614,40.4458],[-3.68644,40.44597],[-3.69127,40.44622],[-3.69114,40.44745],[-3.69049,40.4474],[-3.68925,40.44888],[-3.68819,40.44967],[-3.68797,40.44937],[-3.68804,40.44884],[-3.68669,40.44849],[-3.68609,40.44843]]]}},{"type":"Feature","properties":{"id":"2807905004"},"geometry":{"type":"Polygon","coordinates":[[[-3.68925,40.45202],[-3.68937,40.45073],[-3.68949,40.45063],[-3.68819,40.44967],[-3.68925,40.44888],[-3.69049,40.4474],[-3.69114,40.44745],[-3.6907,40.4521],[-3.68925,40.45202]]]}},{"type":"Feature","properties":{"id":"2807905005"},"geometry":{"type":"Polygon","coordinates":[[[-3.68594,40.45184],[-3.68614,40.45154],[-3.68819,40.44967],[-3.68949,40.45063],[-3.68937,40.45073],[-3.68925,40.45202],[-3.68594,40.45184]]]}},{"type":"Feature","properties":{"id":"2807905006"},"geometry":{"type":"Polygon","coordinates":[[[-3.68493,40.45124],[-3.68518,40.44806],[-3.68609,40.44843],[-3.68669,40.44849],[-3.68804,40.44884],[-3.68797,40.44937],[-3.68819,40.44967],[-3.68614,40.45154],[-3.68594,40.45184],[-3.68573,40.45157],[-3.68493,40.45124]]]}},{"type":"Feature","properties":{"id":"2807905007"},"geometry":{"type":"Polygon","coordinates":[[[-3.68141,40.45169],[-3.67758,40.45167],[-3.67791,40.44873],[-3.67885,40.44874],[-3.67883,40.449],[-3.67915,40.44905],[-3.68493,40.45124],[-3.68573,40.45157],[-3.68594,40.45184],[-3.68141,40.45169]]]}},{"type":"Feature","properties":{"id":"2807905008"},"geometry":{"type":"Polygon","coordinates":[[[-3.67885,40.44874],[-3.67933,40.44839],[-3.67926,40.44819],[-3.67975,40.44733],[-3.68193,40.44493],[-3.68369,40.44343],[-3.68549,40.44514],[-3.68242,40.4461],[-3.6817,40.44663],[-3.68314,40.44732],[-3.68518,40.44806],[-3.68493,40.45124],[-3.67915,40.44905],[-3.67883,40.449],[-3.67885,40.44874]]]}},{"type":"Feature","properties":{"id":"2807905009"},"geometry":{"type":"Polygon","coordinates":[[[-3.67791,40.44873],[-3.67841,40.44424],[-3.67902,40.44428],[-3.67985,40.44357],[-3.681,40.44442],[-3.68128,40.44426],[-3.68193,40.44493],[-3.67975,40.44733],[-3.67926,40.44819],[-3.67933,40.44839],[-3.67885,40.44874],[-3.67791,40.44873]]]}},{"type":"Feature","properties":{"id":"2807905010"},"geometry":{"type":"Polygon","coordinates":[[[-3.67985,40.44357],[-3.68207,40.44185],[-3.68369,40.44343],[-3.68193,40.44493],[-3.68128,40.44426],[-3.681,40.44442],[-3.67985,40.44357]]]}},{"type":"Feature","properties":{"id":"2807905011"},"geometry":{"type":"Polygon","coordinates":[[[-3.67975,40.44156],[-3.68105,40.4409],[-3.68207,40.44185],[-3.68111,40.44258],[-3.67975,40.44156]]]}},{"type":"Feature","properties":{"id":"2807905012"},"geometry":{"type":"Polygon","coordinates":[[[-3.67841,40.44424],[-3.67869,40.44171],[-3.6793,40.44176],[-3.67975,40.44156],[-3.68111,40.44258],[-3.67902,40.44428],[-3.67841,40.44424]]]}},{"type":"Feature","properties":{"id":"2807905013"},"geometry":{"type":"Polygon","coordinates":[[[-3.67869,40.44171],[-3.67871,40.44135],[-3.67897,40.43892],[-3.68105,40.4409],[-3.6793,40.44176],[-3.67869,40.44171]]]}},{"type":"Feature","properties":{"id":"2807905014"},"geometry":{"type":"Polygon","coordinates":[[[-3.67764,40.44034],[-3.67648,40.43919],[-3.67819,40.43817],[-3.67741,40.43743],[-3.67912,40.43745],[-3.67877,40.44074],[-3.67824,40.44071],[-3.67784,40.44023],[-3.67764,40.44034]]]}},{"type":"Feature","properties":{"id":"2807905015"},"geometry":{"type":"Polygon","coordinates":[[[-3.67619,40.44121],[-3.67784,40.44023],[-3.67824,40.44071],[-3.67877,40.44074],[-3.67871,40.44135],[-3.67708,40.44211],[-3.67619,40.44121]]]}},{"type":"Feature","properties":{"id":"2807905016"},"geometry":{"type":"Polygon","coordinates":[[[-3.67522,40.44179],[-3.67619,40.44121],[-3.67708,40.44211],[-3.6759,40.44281],[-3.67522,40.44179]]]}},{"type":"Feature","properties":{"id":"2807905017"},"geometry":{"type":"Polygon","coordinates":[[[-3.67344,40.44319],[-3.67515,40.44184],[-3.67522,40.44179],[-3.6759,40.44281],[-3.67516,40.4434],[-3.67446,40.44395],[-3.67344,40.44319]]]}},{"type":"Feature","properties":{"id":"2807905018"},"geometry":{"type":"Polygon","coordinates":[[[-3.67181,40.44369],[-3.67459,40.44145],[-3.67482,40.44125],[-3.67522,40.44179],[-3.67271,40.44377],[-3.67179,40.44392],[-3.67166,40.44385],[-3.67168,40.44368],[-3.67181,40.44369]]]}},{"type":"Feature","properties":{"id":"2807905019"},"geometry":{"type":"Polygon","coordinates":[[[-3.6726,40.44519],[-3.67179,40.44392],[-3.67271,40.44377],[-3.67344,40.44319],[-3.67446,40.44395],[-3.6726,40.44519]]]}},{"type":"Feature","properties":{"id":"2807905020"},"geometry":{"type":"Polygon","coordinates":[[[-3.66985,40.44539],[-3.67084,40.44487],[-3.67213,40.44444],[-3.6726,40.44519],[-3.6707,40.44641],[-3.66985,40.44539]]]}},{"type":"Feature","properties":{"id":"2807905021"},"geometry":{"type":"Polygon","coordinates":[[[-3.66799,40.44644],[-3.66821,40.44558],[-3.66833,40.4457],[-3.66895,40.4458],[-3.66985,40.44539],[-3.6707,40.44641],[-3.66967,40.44713],[-3.66878,40.44647],[-3.66816,40.44637],[-3.66799,40.44644]]]}},{"type":"Feature","properties":{"id":"2807905022"},"geometry":{"type":"Polygon","coordinates":[[[-3.66799,40.44644],[-3.66816,40.44637],[-3.66878,40.44647],[-3.66967,40.44713],[-3.66855,40.44798],[-3.6679,40.44835],[-3.66758,40.44802],[-3.66799,40.44644]]]}},{"type":"Feature","properties":{"id":"2807905023"},"geometry":{"type":"Polygon","coordinates":[[[-3.66614,40.44856],[-3.66668,40.44633],[-3.66783,40.4465],[-3.66799,40.44644],[-3.66758,40.44802],[-3.6679,40.44835],[-3.66645,40.44913],[-3.66614,40.44856]]]}},{"type":"Feature","properties":{"id":"2807905024"},"geometry":{"type":"Polygon","coordinates":[[[-3.66668,40.44633],[-3.66695,40.44529],[-3.6681,40.44547],[-3.66821,40.44558],[-3.66799,40.44644],[-3.66783,40.4465],[-3.66668,40.44633]]]}},{"type":"Feature","properties":{"id":"2807905025"},"geometry":{"type":"Polygon","coordinates":[[[-3.66695,40.44529],[-3.66731,40.4439],[-3.66725,40.44354],[-3.66868,40.44378],[-3.66821,40.44558],[-3.6681,40.44547],[-3.66695,40.44529]]]}},{"type":"Feature","properties":{"id":"2807905026"},"geometry":{"type":"Polygon","coordinates":[[[-3.66821,40.44558],[-3.66874,40.44361],[-3.66902,40.44323],[-3.66946,40.44293],[-3.67019,40.44362],[-3.67014,40.44396],[-3.66925,40.44387],[-3.66908,40.44448],[-3.66985,40.44539],[-3.66895,40.4458],[-3.66833,40.4457],[-3.66821,40.44558]]]}},{"type":"Feature","properties":{"id":"2807905027"},"geometry":{"type":"Polygon","coordinates":[[[-3.67014,40.44396],[-3.67179,40.44392],[-3.67213,40.44444],[-3.67084,40.44487],[-3.66985,40.44539],[-3.66908,40.44448],[-3.66925,40.44387],[-3.67014,40.44396]]]}},{"type":"Feature","properties":{"id":"2807905028"},"geometry":{"type":"Polygon","coordinates":[[[-3.67014,40.44396],[-3.67019,40.44362],[-3.66982,40.44327],[-3.67187,40.44199],[-3.67292,40.4428],[-3.67181,40.44369],[-3.67168,40.44368],[-3.67166,40.44385],[-3.67179,40.44392],[-3.67014,40.44396]]]}},{"type":"Feature","properties":{"id":"2807905029"},"geometry":{"type":"Polygon","coordinates":[[[-3.67292,40.4428],[-3.67181,40.44192],[-3.67304,40.441],[-3.67266,40.44072],[-3.67308,40.44042],[-3.67399,40.44003],[-3.67482,40.44125],[-3.67292,40.4428]]]}},{"type":"Feature","properties":{"id":"2807905030"},"geometry":{"type":"Polygon","coordinates":[[[-3.67482,40.44125],[-3.67563,40.44065],[-3.67503,40.44005],[-3.67648,40.43919],[-3.67764,40.44034],[-3.67522,40.44179],[-3.67482,40.44125]]]}},{"type":"Feature","properties":{"id":"2807905031"},"geometry":{"type":"Polygon","coordinates":[[[-3.67539,40.43856],[-3.67741,40.43743],[-3.67819,40.43817],[-3.67587,40.43955],[-3.67541,40.43916],[-3.67539,40.43856]]]}},{"type":"Feature","properties":{"id":"2807905032"},"geometry":{"type":"Polygon","coordinates":[[[-3.67308,40.44042],[-3.67258,40.43994],[-3.67244,40.43924],[-3.67463,40.43884],[-3.67539,40.43856],[-3.67541,40.43916],[-3.67587,40.43955],[-3.67503,40.44005],[-3.67563,40.44065],[-3.67482,40.44125],[-3.67399,40.44003],[-3.67308,40.44042]]]}},{"type":"Feature","properties":{"id":"2807905033"},"geometry":{"type":"Polygon","coordinates":[[[-3.66845,40.441],[-3.67043,40.43989],[-3.67244,40.43924],[-3.67258,40.43994],[-3.67308,40.44042],[-3.67266,40.44072],[-3.67304,40.441],[-3.67181,40.44192],[-3.67187,40.44199],[-3.67106,40.44249],[-3.66998,40.44146],[-3.66931,40.44185],[-3.66845,40.441]]]}},{"type":"Feature","properties":{"id":"2807905034"},"geometry":{"type":"Polygon","coordinates":[[[-3.66682,40.44196],[-3.66845,40.441],[-3.66931,40.44185],[-3.66998,40.44146],[-3.67106,40.44249],[-3.66982,40.44327],[-3.66871,40.4422],[-3.66761,40.44307],[-3.66725,40.44354],[-3.66682,40.44196]]]}},{"type":"Feature","properties":{"id":"2807905035"},"geometry":{"type":"Polygon","coordinates":[[[-3.66725,40.44354],[-3.66761,40.44307],[-3.66871,40.4422],[-3.66946,40.44293],[-3.66891,40.44335],[-3.66868,40.44378],[-3.66725,40.44354]]]}},{"type":"Feature","properties":{"id":"2807905036"},"geometry":{"type":"Polygon","coordinates":[[[-3.66055,40.44463],[-3.6643,40.44331],[-3.66682,40.44196],[-3.66726,40.44357],[-3.66725,40.44421],[-3.66516,40.44392],[-3.66522,40.44421],[-3.66446,40.4471],[-3.66395,40.44707],[-3.66382,40.44687],[-3.6624,40.44744],[-3.66192,40.44751],[-3.66144,40.44617],[-3.66055,40.44463]]]}},{"type":"Feature","properties":{"id":"2807905037"},"geometry":{"type":"Polygon","coordinates":[[[-3.66446,40.4471],[-3.66639,40.44739],[-3.66614,40.44856],[-3.66645,40.44913],[-3.66493,40.45042],[-3.66432,40.44962],[-3.66413,40.44905],[-3.66446,40.4471]]]}},{"type":"Feature","properties":{"id":"2807905038"},"geometry":{"type":"Polygon","coordinates":[[[-3.66493,40.45042],[-3.66645,40.44913],[-3.66736,40.45062],[-3.67013,40.44922],[-3.67386,40.44875],[-3.67419,40.44959],[-3.67459,40.45166],[-3.67349,40.45169],[-3.67009,40.45244],[-3.66936,40.45247],[-3.66672,40.4523],[-3.66559,40.4525],[-3.66562,40.45215],[-3.66493,40.45042]]]}},{"type":"Feature","properties":{"id":"2807905039"},"geometry":{"type":"Polygon","coordinates":[[[-3.66645,40.44913],[-3.66855,40.44798],[-3.67058,40.44649],[-3.67319,40.44882],[-3.67013,40.44922],[-3.66736,40.45062],[-3.66645,40.44913]]]}},{"type":"Feature","properties":{"id":"2807905040"},"geometry":{"type":"Polygon","coordinates":[[[-3.67058,40.44649],[-3.67148,40.44589],[-3.67229,40.44759],[-3.6719,40.44767],[-3.67058,40.44649]]]}},{"type":"Feature","properties":{"id":"2807905041"},"geometry":{"type":"Polygon","coordinates":[[[-3.67148,40.44589],[-3.67385,40.4444],[-3.67464,40.44523],[-3.67407,40.44555],[-3.67246,40.44588],[-3.6717,40.44634],[-3.67148,40.44589]]]}},{"type":"Feature","properties":{"id":"2807905042"},"geometry":{"type":"Polygon","coordinates":[[[-3.67464,40.44523],[-3.67385,40.4444],[-3.6759,40.44281],[-3.67684,40.44357],[-3.67568,40.4445],[-3.67644,40.44507],[-3.67581,40.44556],[-3.67519,40.4449],[-3.67464,40.44523]]]}},{"type":"Feature","properties":{"id":"2807905043"},"geometry":{"type":"Polygon","coordinates":[[[-3.67722,40.44668],[-3.67673,40.4453],[-3.6774,40.44478],[-3.67632,40.44399],[-3.67684,40.44357],[-3.6759,40.44281],[-3.67713,40.44209],[-3.67871,40.44135],[-3.67815,40.44659],[-3.67722,40.44668]]]}},{"type":"Feature","properties":{"id":"2807905044"},"geometry":{"type":"Polygon","coordinates":[[[-3.67611,40.44873],[-3.67618,40.44784],[-3.67586,40.44687],[-3.67523,40.44695],[-3.67471,40.44622],[-3.6769,40.44578],[-3.67722,40.44668],[-3.67815,40.44659],[-3.67791,40.44873],[-3.67611,40.44873]]]}},{"type":"Feature","properties":{"id":"2807905045"},"geometry":{"type":"Polygon","coordinates":[[[-3.6718,40.44656],[-3.6717,40.44634],[-3.67246,40.44588],[-3.67407,40.44555],[-3.67471,40.44622],[-3.67523,40.44695],[-3.67339,40.44736],[-3.67311,40.44655],[-3.67263,40.44665],[-3.67255,40.44621],[-3.6718,40.44656]]]}},{"type":"Feature","properties":{"id":"2807905046"},"geometry":{"type":"Polygon","coordinates":[[[-3.67319,40.44882],[-3.6719,40.44767],[-3.67229,40.44759],[-3.6718,40.44656],[-3.67255,40.44621],[-3.67263,40.44665],[-3.67311,40.44655],[-3.67386,40.44875],[-3.67319,40.44882]]]}},{"type":"Feature","properties":{"id":"2807905047"},"geometry":{"type":"Polygon","coordinates":[[[-3.67339,40.44736],[-3.67523,40.44695],[-3.67556,40.44791],[-3.67548,40.44865],[-3.67427,40.44865],[-3.67386,40.44875],[-3.67339,40.44736]]]}},{"type":"Feature","properties":{"id":"2807905048"},"geometry":{"type":"Polygon","coordinates":[[[-3.67406,40.44928],[-3.67386,40.44875],[-3.67396,40.44869],[-3.67548,40.44865],[-3.67556,40.44791],[-3.67523,40.44695],[-3.67586,40.44687],[-3.67618,40.44788],[-3.67611,40.44873],[-3.67582,40.44866],[-3.67583,40.44928],[-3.67406,40.44928]]]}},{"type":"Feature","properties":{"id":"2807905049"},"geometry":{"type":"Polygon","coordinates":[[[-3.67459,40.45166],[-3.67406,40.44928],[-3.67583,40.44928],[-3.67582,40.44866],[-3.67611,40.44873],[-3.67791,40.44873],[-3.67758,40.45167],[-3.67459,40.45166]]]}},{"type":"Feature","properties":{"id":"2807905051"},"geometry":{"type":"Polygon","coordinates":[[[-3.67145,40.45467],[-3.67159,40.45406],[-3.67189,40.45362],[-3.67459,40.45166],[-3.67449,40.45338],[-3.67417,40.45423],[-3.67413,40.45512],[-3.67213,40.45509],[-3.67176,40.45494],[-3.67145,40.45467]]]}},{"type":"Feature","properties":{"id":"2807905052"},"geometry":{"type":"Polygon","coordinates":[[[-3.67145,40.45467],[-3.66726,40.45337],[-3.66747,40.45235],[-3.67009,40.45244],[-3.67349,40.45169],[-3.67459,40.45166],[-3.67189,40.45362],[-3.67159,40.45406],[-3.67145,40.45467]]]}},{"type":"Feature","properties":{"id":"2807905053"},"geometry":{"type":"Polygon","coordinates":[[[-3.66337,40.45473],[-3.66317,40.45314],[-3.66655,40.45231],[-3.66747,40.45235],[-3.66726,40.45337],[-3.66972,40.45412],[-3.66942,40.4547],[-3.66922,40.45485],[-3.66889,40.45492],[-3.66909,40.45607],[-3.66885,40.45703],[-3.66718,40.45684],[-3.66706,40.45806],[-3.66825,40.45909],[-3.66501,40.46004],[-3.66395,40.45745],[-3.66337,40.45473]]]}},{"type":"Feature","properties":{"id":"2807905054"},"geometry":{"type":"Polygon","coordinates":[[[-3.66885,40.45703],[-3.66909,40.45607],[-3.66889,40.45492],[-3.66922,40.45485],[-3.66942,40.4547],[-3.66972,40.45412],[-3.67145,40.45467],[-3.67137,40.45536],[-3.67199,40.45694],[-3.67094,40.45696],[-3.67002,40.4572],[-3.66885,40.45703]]]}},{"type":"Feature","properties":{"id":"2807905055"},"geometry":{"type":"Polygon","coordinates":[[[-3.66718,40.45684],[-3.67002,40.4572],[-3.67094,40.45696],[-3.67199,40.45694],[-3.67192,40.45846],[-3.67094,40.45846],[-3.67013,40.45857],[-3.66825,40.45909],[-3.66706,40.45806],[-3.66718,40.45684]]]}},{"type":"Feature","properties":{"id":"2807905056"},"geometry":{"type":"Polygon","coordinates":[[[-3.67192,40.45846],[-3.67199,40.45694],[-3.6744,40.45703],[-3.67441,40.45767],[-3.67582,40.45772],[-3.67572,40.45858],[-3.67192,40.45846]]]}},{"type":"Feature","properties":{"id":"2807905057"},"geometry":{"type":"Polygon","coordinates":[[[-3.67199,40.45694],[-3.67137,40.45536],[-3.67145,40.45467],[-3.67176,40.45494],[-3.67213,40.45509],[-3.67413,40.45512],[-3.6744,40.45703],[-3.67199,40.45694]]]}},{"type":"Feature","properties":{"id":"2807905058"},"geometry":{"type":"Polygon","coordinates":[[[-3.67441,40.45767],[-3.67414,40.45525],[-3.67414,40.45447],[-3.67449,40.45338],[-3.67459,40.45166],[-3.67758,40.45167],[-3.67717,40.45525],[-3.67611,40.45521],[-3.67582,40.45772],[-3.67441,40.45767]]]}},{"type":"Feature","properties":{"id":"2807905059"},"geometry":{"type":"Polygon","coordinates":[[[-3.67572,40.45858],[-3.6759,40.45709],[-3.67699,40.45714],[-3.67681,40.45864],[-3.67572,40.45858]]]}},{"type":"Feature","properties":{"id":"2807905060"},"geometry":{"type":"Polygon","coordinates":[[[-3.67681,40.45864],[-3.67715,40.4557],[-3.67717,40.45525],[-3.67726,40.4554],[-3.67747,40.45542],[-3.67767,40.4556],[-3.67812,40.45567],[-3.67812,40.45577],[-3.67778,40.45871],[-3.67681,40.45864]]]}},{"type":"Feature","properties":{"id":"2807905061"},"geometry":{"type":"Polygon","coordinates":[[[-3.67812,40.45567],[-3.6795,40.45535],[-3.68052,40.4586],[-3.67778,40.45871],[-3.67812,40.45567]]]}},{"type":"Feature","properties":{"id":"2807905062"},"geometry":{"type":"Polygon","coordinates":[[[-3.67717,40.45525],[-3.67758,40.45167],[-3.67877,40.45167],[-3.67902,40.45417],[-3.6795,40.45535],[-3.67797,40.45568],[-3.67726,40.4554],[-3.67717,40.45525]]]}},{"type":"Feature","properties":{"id":"2807905063"},"geometry":{"type":"Polygon","coordinates":[[[-3.67877,40.45167],[-3.68141,40.45169],[-3.68075,40.45277],[-3.67898,40.45391],[-3.67877,40.45167]]]}},{"type":"Feature","properties":{"id":"2807905064"},"geometry":{"type":"Polygon","coordinates":[[[-3.68341,40.45424],[-3.67927,40.45402],[-3.67906,40.45385],[-3.68075,40.45277],[-3.68141,40.45169],[-3.68594,40.45184],[-3.68419,40.45381],[-3.68354,40.45434],[-3.68341,40.45424]]]}},{"type":"Feature","properties":{"id":"2807905065"},"geometry":{"type":"Polygon","coordinates":[[[-3.67996,40.45672],[-3.67902,40.45417],[-3.67898,40.45391],[-3.67906,40.45385],[-3.67927,40.45402],[-3.68036,40.45408],[-3.67993,40.45454],[-3.68069,40.4564],[-3.68093,40.45655],[-3.67996,40.45672]]]}},{"type":"Feature","properties":{"id":"2807905066"},"geometry":{"type":"Polygon","coordinates":[[[-3.68292,40.45859],[-3.68052,40.4586],[-3.67996,40.45672],[-3.68093,40.45655],[-3.68119,40.45618],[-3.68393,40.45402],[-3.68402,40.45409],[-3.68328,40.45676],[-3.68292,40.45859]]]}},{"type":"Feature","properties":{"id":"2807905067"},"geometry":{"type":"Polygon","coordinates":[[[-3.68676,40.45886],[-3.68292,40.45859],[-3.68328,40.45676],[-3.68402,40.45409],[-3.68393,40.45402],[-3.68594,40.45184],[-3.68715,40.45409],[-3.68696,40.45595],[-3.68836,40.45603],[-3.68821,40.45754],[-3.6869,40.45747],[-3.68676,40.45886]]]}},{"type":"Feature","properties":{"id":"2807905068"},"geometry":{"type":"Polygon","coordinates":[[[-3.6903,40.45614],[-3.68696,40.45595],[-3.68715,40.45409],[-3.68594,40.45184],[-3.6907,40.4521],[-3.6903,40.45614]]]}},{"type":"Feature","properties":{"id":"2807905069"},"geometry":{"type":"Polygon","coordinates":[[[-3.69001,40.45903],[-3.68676,40.45886],[-3.6869,40.45747],[-3.68821,40.45754],[-3.68836,40.45603],[-3.6903,40.45614],[-3.69001,40.45903]]]}},{"type":"Feature","properties":{"id":"2807905070"},"geometry":{"type":"Polygon","coordinates":[[[-3.68777,40.46333],[-3.68767,40.46317],[-3.68808,40.45892],[-3.69001,40.45903],[-3.68958,40.46344],[-3.68777,40.46333]]]}},{"type":"Feature","properties":{"id":"2807905072"},"geometry":{"type":"Polygon","coordinates":[[[-3.6852,40.46318],[-3.68523,40.4622],[-3.68603,40.46225],[-3.68645,40.46199],[-3.68713,40.46193],[-3.68659,40.46079],[-3.68676,40.45886],[-3.68808,40.45892],[-3.68767,40.46317],[-3.68777,40.46333],[-3.6852,40.46318]]]}},{"type":"Feature","properties":{"id":"2807905073"},"geometry":{"type":"Polygon","coordinates":[[[-3.68523,40.4622],[-3.68556,40.45879],[-3.68676,40.45886],[-3.68659,40.46079],[-3.68713,40.46193],[-3.68645,40.46199],[-3.68603,40.46225],[-3.68523,40.4622]]]}},{"type":"Feature","properties":{"id":"2807905074"},"geometry":{"type":"Polygon","coordinates":[[[-3.68092,40.46026],[-3.68194,40.45856],[-3.68556,40.45879],[-3.6852,40.46229],[-3.68522,40.46342],[-3.68282,40.46333],[-3.68123,40.46362],[-3.68132,40.46254],[-3.68206,40.46095],[-3.68113,40.46047],[-3.68092,40.46026]]]}},{"type":"Feature","properties":{"id":"2807905075"},"geometry":{"type":"Polygon","coordinates":[[[-3.67975,40.4644],[-3.68092,40.46026],[-3.68113,40.46047],[-3.68206,40.46095],[-3.68132,40.46254],[-3.68123,40.46362],[-3.68282,40.46333],[-3.68522,40.46342],[-3.68553,40.465],[-3.67975,40.4644]]]}},{"type":"Feature","properties":{"id":"2807905076"},"geometry":{"type":"Polygon","coordinates":[[[-3.67906,40.46754],[-3.67975,40.4644],[-3.68553,40.465],[-3.6852,40.46318],[-3.68958,40.46344],[-3.68937,40.46605],[-3.68311,40.46732],[-3.67948,40.46762],[-3.67906,40.46754]]]}},{"type":"Feature","properties":{"id":"2807905077"},"geometry":{"type":"Polygon","coordinates":[[[-3.67664,40.46777],[-3.67674,40.46712],[-3.67655,40.46557],[-3.67549,40.46568],[-3.67586,40.46399],[-3.67722,40.46412],[-3.67784,40.46177],[-3.68036,40.46216],[-3.67959,40.4649],[-3.67906,40.46754],[-3.67821,40.46752],[-3.67712,40.46779],[-3.67664,40.46777]]]}},{"type":"Feature","properties":{"id":"2807905078"},"geometry":{"type":"Polygon","coordinates":[[[-3.67586,40.46399],[-3.67658,40.46034],[-3.68092,40.46026],[-3.68036,40.46216],[-3.67784,40.46177],[-3.67722,40.46412],[-3.67586,40.46399]]]}},{"type":"Feature","properties":{"id":"2807905079"},"geometry":{"type":"Polygon","coordinates":[[[-3.67658,40.46034],[-3.67681,40.45864],[-3.67778,40.45871],[-3.68194,40.45856],[-3.68092,40.46026],[-3.67658,40.46034]]]}},{"type":"Feature","properties":{"id":"2807905080"},"geometry":{"type":"Polygon","coordinates":[[[-3.67572,40.45858],[-3.67681,40.45864],[-3.67658,40.46034],[-3.67544,40.46038],[-3.67553,40.46026],[-3.67572,40.45858]]]}},{"type":"Feature","properties":{"id":"2807905081"},"geometry":{"type":"Polygon","coordinates":[[[-3.67544,40.46038],[-3.66991,40.46008],[-3.66918,40.45981],[-3.66825,40.45909],[-3.67013,40.45857],[-3.67094,40.45846],[-3.67572,40.45858],[-3.67553,40.46026],[-3.67544,40.46038]]]}},{"type":"Feature","properties":{"id":"2807905082"},"geometry":{"type":"Polygon","coordinates":[[[-3.67181,40.46615],[-3.67176,40.46596],[-3.67112,40.4651],[-3.67092,40.46386],[-3.67137,40.46382],[-3.67205,40.46316],[-3.67392,40.4603],[-3.67544,40.46038],[-3.67658,40.46034],[-3.67549,40.46568],[-3.67655,40.46557],[-3.67674,40.46712],[-3.67664,40.46777],[-3.67421,40.46716],[-3.67238,40.46647],[-3.67181,40.46615]]]}},{"type":"Feature","properties":{"id":"2807905083"},"geometry":{"type":"Polygon","coordinates":[[[-3.66966,40.46001],[-3.67034,40.46015],[-3.67392,40.4603],[-3.67205,40.46316],[-3.67137,40.46382],[-3.67092,40.46386],[-3.67036,40.46266],[-3.67021,40.46135],[-3.66953,40.46037],[-3.66966,40.46001]]]}},{"type":"Feature","properties":{"id":"2807905084"},"geometry":{"type":"Polygon","coordinates":[[[-3.66501,40.46004],[-3.66825,40.45909],[-3.66918,40.45981],[-3.66966,40.46001],[-3.66954,40.4604],[-3.67022,40.46137],[-3.67028,40.46245],[-3.67088,40.46367],[-3.67111,40.46508],[-3.67176,40.46596],[-3.67181,40.46615],[-3.66848,40.46669],[-3.667,40.464],[-3.66501,40.46004]]]}},{"type":"Feature","properties":{"id":"2807905085"},"geometry":{"type":"Polygon","coordinates":[[[-3.67321,40.47297],[-3.6719,40.47114],[-3.66998,40.46887],[-3.66848,40.46669],[-3.67181,40.46615],[-3.67238,40.46647],[-3.67421,40.46716],[-3.67482,40.46726],[-3.67635,40.46772],[-3.67712,40.46779],[-3.67821,40.46752],[-3.67906,40.46754],[-3.67888,40.46795],[-3.6786,40.46805],[-3.67823,40.46801],[-3.67806,40.46821],[-3.6775,40.46842],[-3.67703,40.46896],[-3.67637,40.4695],[-3.67586,40.47231],[-3.67551,40.47283],[-3.67391,40.47306],[-3.67321,40.47297]]]}},{"type":"Feature","properties":{"id":"2807905086"},"geometry":{"type":"Polygon","coordinates":[[[-3.68396,40.46714],[-3.68449,40.46703],[-3.68449,40.46768],[-3.68543,40.46769],[-3.68539,40.46922],[-3.68608,40.46957],[-3.68515,40.47058],[-3.68432,40.47012],[-3.68398,40.4701],[-3.68396,40.46714]]]}},{"type":"Feature","properties":{"id":"2807905087"},"geometry":{"type":"Polygon","coordinates":[[[-3.68449,40.46703],[-3.68796,40.46631],[-3.68937,40.46605],[-3.68876,40.46655],[-3.68608,40.46957],[-3.68539,40.46922],[-3.68543,40.46769],[-3.68449,40.46768],[-3.68449,40.46703]]]}},{"type":"Feature","properties":{"id":"2807905088"},"geometry":{"type":"Polygon","coordinates":[[[-3.68662,40.46966],[-3.68684,40.46875],[-3.68876,40.46655],[-3.68937,40.46605],[-3.68833,40.46992],[-3.68662,40.46966]]]}},{"type":"Feature","properties":{"id":"2807905089"},"geometry":{"type":"Polygon","coordinates":[[[-3.68623,40.47099],[-3.68662,40.46966],[-3.68833,40.46992],[-3.68794,40.47126],[-3.68623,40.47099]]]}},{"type":"Feature","properties":{"id":"2807905090"},"geometry":{"type":"Polygon","coordinates":[[[-3.68509,40.4739],[-3.68594,40.4724],[-3.68623,40.47099],[-3.68794,40.47126],[-3.68713,40.47418],[-3.68663,40.47417],[-3.68509,40.4739]]]}},{"type":"Feature","properties":{"id":"2807905091"},"geometry":{"type":"Polygon","coordinates":[[[-3.68428,40.47633],[-3.68268,40.4759],[-3.68375,40.47361],[-3.68402,40.47351],[-3.68418,40.47365],[-3.68516,40.47394],[-3.68713,40.47418],[-3.68645,40.47669],[-3.68428,40.47633]]]}},{"type":"Feature","properties":{"id":"2807905092"},"geometry":{"type":"Polygon","coordinates":[[[-3.68428,40.47633],[-3.68645,40.47669],[-3.68542,40.48054],[-3.68338,40.48022],[-3.68417,40.47643],[-3.68428,40.47633]]]}},{"type":"Feature","properties":{"id":"2807905094"},"geometry":{"type":"Polygon","coordinates":[[[-3.67368,40.48246],[-3.67585,40.48271],[-3.67582,40.4809],[-3.67405,40.48048],[-3.67412,40.47998],[-3.67501,40.47987],[-3.6752,40.47954],[-3.6757,40.4795],[-3.67556,40.47862],[-3.67762,40.47348],[-3.67832,40.47381],[-3.67851,40.47379],[-3.67985,40.47126],[-3.68028,40.47103],[-3.68152,40.47085],[-3.68198,40.4705],[-3.68298,40.4675],[-3.68296,40.46733],[-3.68396,40.46714],[-3.68398,40.4701],[-3.68432,40.47012],[-3.68515,40.47058],[-3.68684,40.46875],[-3.68594,40.4724],[-3.68564,40.47302],[-3.68509,40.4739],[-3.68418,40.47365],[-3.68402,40.47351],[-3.68375,40.47361],[-3.68268,40.4759],[-3.68428,40.47633],[-3.68417,40.47643],[-3.68338,40.48022],[-3.68542,40.48054],[-3.68514,40.48166],[-3.68512,40.48229],[-3.68446,40.48293],[-3.68271,40.48291],[-3.67976,40.4836],[-3.67847,40.48382],[-3.67347,40.48405],[-3.67368,40.48246]]]}},{"type":"Feature","properties":{"id":"2807905095"},"geometry":{"type":"Polygon","coordinates":[[[-3.66489,40.44551],[-3.66522,40.44421],[-3.66516,40.44392],[-3.66725,40.44421],[-3.66662,40.44652],[-3.66527,40.44634],[-3.66547,40.44564],[-3.66489,40.44551]]]}},{"type":"Feature","properties":{"id":"2807905096"},"geometry":{"type":"Polygon","coordinates":[[[-3.67407,40.44555],[-3.67519,40.4449],[-3.67581,40.44556],[-3.67588,40.44551],[-3.67644,40.44507],[-3.67568,40.4445],[-3.67632,40.44399],[-3.6774,40.44478],[-3.67673,40.4453],[-3.67689,40.44572],[-3.67681,40.44581],[-3.67471,40.44622],[-3.67407,40.44555]]]}},{"type":"Feature","properties":{"id":"2807905097"},"geometry":{"type":"Polygon","coordinates":[[[-3.68036,40.45408],[-3.68341,40.45424],[-3.68354,40.45434],[-3.68119,40.45618],[-3.68093,40.45655],[-3.68069,40.4564],[-3.67993,40.45454],[-3.68036,40.45408]]]}},{"type":"Feature","properties":{"id":"2807905098"},"geometry":{"type":"Polygon","coordinates":[[[-3.6759,40.45709],[-3.67611,40.45521],[-3.67717,40.45525],[-3.67699,40.45714],[-3.6759,40.45709]]]}},{"type":"Feature","properties":{"id":"2807905099"},"geometry":{"type":"Polygon","coordinates":[[[-3.66317,40.45314],[-3.66271,40.45046],[-3.66192,40.44751],[-3.6624,40.44744],[-3.66382,40.44687],[-3.66395,40.44707],[-3.66446,40.4471],[-3.66413,40.44862],[-3.66414,40.44914],[-3.66432,40.44962],[-3.66496,40.45045],[-3.6652,40.45093],[-3.66562,40.45215],[-3.66559,40.4525],[-3.66317,40.45314]]]}},{"type":"Feature","properties":{"id":"2807905100"},"geometry":{"type":"Polygon","coordinates":[[[-3.67832,40.47381],[-3.67571,40.4726],[-3.67586,40.47231],[-3.67628,40.46972],[-3.67645,40.4694],[-3.67703,40.46896],[-3.6775,40.46842],[-3.67806,40.46821],[-3.67823,40.46801],[-3.6786,40.46805],[-3.67888,40.46795],[-3.67906,40.46754],[-3.67948,40.46762],[-3.68296,40.46733],[-3.68298,40.4675],[-3.68201,40.47045],[-3.68152,40.47085],[-3.68028,40.47103],[-3.67985,40.47126],[-3.67851,40.47379],[-3.67832,40.47381]]]}},{"type":"Feature","properties":{"id":"2807905101"},"geometry":{"type":"Polygon","coordinates":[[[-3.6757,40.47261],[-3.67592,40.47481],[-3.67552,40.4774],[-3.67542,40.4774],[-3.6754,40.47803],[-3.67439,40.47828],[-3.67441,40.4769],[-3.67421,40.47554],[-3.6738,40.47423],[-3.67321,40.47297],[-3.67391,40.47306],[-3.6748,40.47296],[-3.67551,40.47283],[-3.6757,40.47261]]]}},{"type":"Feature","properties":{"id":"2807905102"},"geometry":{"type":"Polygon","coordinates":[[[-3.66446,40.4471],[-3.66489,40.44551],[-3.66547,40.44564],[-3.66527,40.44634],[-3.66662,40.44652],[-3.66639,40.44739],[-3.66446,40.4471]]]}},{"type":"Feature","properties":{"id":"2807905103"},"geometry":{"type":"Polygon","coordinates":[[[-3.67439,40.47828],[-3.6754,40.47803],[-3.67542,40.4774],[-3.67552,40.4774],[-3.67592,40.47481],[-3.67571,40.4726],[-3.67762,40.47348],[-3.67556,40.47862],[-3.6757,40.4795],[-3.6752,40.47954],[-3.67501,40.47987],[-3.67412,40.47998],[-3.67439,40.47828]]]}},{"type":"Feature","properties":{"id":"2807905104"},"geometry":{"type":"Polygon","coordinates":[[[-3.67368,40.48246],[-3.67405,40.48048],[-3.67582,40.4809],[-3.67585,40.48271],[-3.67368,40.48246]]]}},{"type":"Feature","properties":{"id":"2807906001"},"geometry":{"type":"Polygon","coordinates":[[[-3.70921,40.44939],[-3.7079,40.44893],[-3.70595,40.44877],[-3.70603,40.44765],[-3.70698,40.44763],[-3.70686,40.44701],[-3.70835,40.4471],[-3.70984,40.44952],[-3.70921,40.44939]]]}},{"type":"Feature","properties":{"id":"2807906002"},"geometry":{"type":"Polygon","coordinates":[[[-3.70742,40.44994],[-3.70703,40.44985],[-3.70586,40.45014],[-3.70546,40.44902],[-3.70549,40.44875],[-3.70824,40.44901],[-3.70867,40.44925],[-3.70921,40.44939],[-3.70942,40.45018],[-3.70754,40.44936],[-3.70742,40.44994]]]}},{"type":"Feature","properties":{"id":"2807906003"},"geometry":{"type":"Polygon","coordinates":[[[-3.70937,40.45173],[-3.70957,40.45095],[-3.70742,40.44994],[-3.70754,40.44936],[-3.70942,40.45018],[-3.70921,40.44939],[-3.70984,40.44952],[-3.71091,40.4511],[-3.7106,40.45129],[-3.71045,40.45171],[-3.71011,40.45188],[-3.70998,40.45171],[-3.70937,40.45173]]]}},{"type":"Feature","properties":{"id":"2807906004"},"geometry":{"type":"Polygon","coordinates":[[[-3.70937,40.45173],[-3.70744,40.45171],[-3.7077,40.45073],[-3.70733,40.45055],[-3.70742,40.44994],[-3.70957,40.45095],[-3.70937,40.45173]]]}},{"type":"Feature","properties":{"id":"2807906005"},"geometry":{"type":"Polygon","coordinates":[[[-3.70632,40.45144],[-3.70586,40.45014],[-3.70703,40.44985],[-3.70742,40.44994],[-3.70733,40.45055],[-3.7077,40.45073],[-3.70744,40.45171],[-3.70626,40.45177],[-3.70632,40.45144]]]}},{"type":"Feature","properties":{"id":"2807906006"},"geometry":{"type":"Polygon","coordinates":[[[-3.70879,40.45239],[-3.70539,40.45243],[-3.70549,40.45181],[-3.70882,40.45172],[-3.70883,40.45235],[-3.70894,40.45247],[-3.70879,40.45239]]]}},{"type":"Feature","properties":{"id":"2807906007"},"geometry":{"type":"Polygon","coordinates":[[[-3.7082,40.45412],[-3.70723,40.45328],[-3.7068,40.45319],[-3.70693,40.45239],[-3.70879,40.45239],[-3.70894,40.45247],[-3.70838,40.45323],[-3.70884,40.45365],[-3.7082,40.45412]]]}},{"type":"Feature","properties":{"id":"2807906008"},"geometry":{"type":"Polygon","coordinates":[[[-3.70894,40.45247],[-3.70883,40.45235],[-3.70882,40.45172],[-3.70998,40.45171],[-3.71011,40.45188],[-3.71045,40.45171],[-3.7106,40.45129],[-3.71091,40.4511],[-3.71177,40.45244],[-3.71103,40.45256],[-3.71016,40.45241],[-3.70838,40.45323],[-3.70894,40.45247]]]}},{"type":"Feature","properties":{"id":"2807906009"},"geometry":{"type":"Polygon","coordinates":[[[-3.70884,40.45365],[-3.70838,40.45323],[-3.71016,40.45241],[-3.71103,40.45256],[-3.71138,40.45251],[-3.71137,40.45268],[-3.71094,40.45284],[-3.71149,40.45377],[-3.7104,40.45421],[-3.70985,40.45324],[-3.70884,40.45365]]]}},{"type":"Feature","properties":{"id":"2807906010"},"geometry":{"type":"Polygon","coordinates":[[[-3.71046,40.45759],[-3.70955,40.45706],[-3.70867,40.4568],[-3.70873,40.45668],[-3.70851,40.45503],[-3.70952,40.45436],[-3.70884,40.45365],[-3.70985,40.45324],[-3.71045,40.45429],[-3.71095,40.45592],[-3.71222,40.45648],[-3.71152,40.45751],[-3.7108,40.45767],[-3.71046,40.45759]]]}},{"type":"Feature","properties":{"id":"2807906011"},"geometry":{"type":"Polygon","coordinates":[[[-3.70791,40.45666],[-3.70788,40.45648],[-3.70741,40.45607],[-3.708,40.45589],[-3.70802,40.4552],[-3.70702,40.45457],[-3.70782,40.45383],[-3.7082,40.45412],[-3.70884,40.45365],[-3.70952,40.45436],[-3.70851,40.45503],[-3.70873,40.45668],[-3.70867,40.4568],[-3.70791,40.45666]]]}},{"type":"Feature","properties":{"id":"2807906012"},"geometry":{"type":"Polygon","coordinates":[[[-3.70635,40.45516],[-3.70702,40.45457],[-3.70801,40.45517],[-3.708,40.45589],[-3.70741,40.45607],[-3.70635,40.45516]]]}},{"type":"Feature","properties":{"id":"2807906013"},"geometry":{"type":"Polygon","coordinates":[[[-3.70791,40.45666],[-3.70498,40.45655],[-3.70499,40.45638],[-3.70635,40.45516],[-3.70788,40.45648],[-3.70791,40.45666]]]}},{"type":"Feature","properties":{"id":"2807906014"},"geometry":{"type":"Polygon","coordinates":[[[-3.70498,40.45655],[-3.7031,40.45423],[-3.70289,40.45421],[-3.703,40.4535],[-3.70382,40.45356],[-3.70373,40.45409],[-3.70517,40.45428],[-3.70635,40.45516],[-3.70499,40.45638],[-3.70498,40.45655]]]}},{"type":"Feature","properties":{"id":"2807906015"},"geometry":{"type":"Polygon","coordinates":[[[-3.70571,40.45474],[-3.70635,40.45415],[-3.70587,40.45383],[-3.70629,40.45337],[-3.70591,40.4531],[-3.70723,40.45328],[-3.70782,40.45383],[-3.70635,40.45516],[-3.70571,40.45474]]]}},{"type":"Feature","properties":{"id":"2807906016"},"geometry":{"type":"Polygon","coordinates":[[[-3.703,40.4535],[-3.70317,40.45234],[-3.70403,40.45239],[-3.70394,40.4529],[-3.70586,40.45309],[-3.70629,40.45337],[-3.70587,40.45383],[-3.70635,40.45415],[-3.70571,40.45474],[-3.70517,40.45428],[-3.70373,40.45409],[-3.70382,40.45356],[-3.703,40.4535]]]}},{"type":"Feature","properties":{"id":"2807906017"},"geometry":{"type":"Polygon","coordinates":[[[-3.7068,40.45319],[-3.70394,40.4529],[-3.70403,40.45239],[-3.70693,40.45239],[-3.7068,40.45319]]]}},{"type":"Feature","properties":{"id":"2807906018"},"geometry":{"type":"Polygon","coordinates":[[[-3.70539,40.45243],[-3.70317,40.45234],[-3.70336,40.45107],[-3.70476,40.45119],[-3.70623,40.45119],[-3.70632,40.45144],[-3.70626,40.45177],[-3.70549,40.45181],[-3.70539,40.45243]]]}},{"type":"Feature","properties":{"id":"2807906019"},"geometry":{"type":"Polygon","coordinates":[[[-3.70336,40.45107],[-3.70361,40.44943],[-3.70567,40.44959],[-3.70623,40.45119],[-3.70476,40.45119],[-3.70336,40.45107]]]}},{"type":"Feature","properties":{"id":"2807906021"},"geometry":{"type":"Polygon","coordinates":[[[-3.70361,40.44943],[-3.70386,40.44767],[-3.70603,40.44765],[-3.70597,40.44874],[-3.70549,40.44875],[-3.70546,40.44902],[-3.70567,40.44959],[-3.70361,40.44943]]]}},{"type":"Feature","properties":{"id":"2807906023"},"geometry":{"type":"Polygon","coordinates":[[[-3.70386,40.44767],[-3.70394,40.44686],[-3.70686,40.44701],[-3.70698,40.44763],[-3.70386,40.44767]]]}},{"type":"Feature","properties":{"id":"2807906024"},"geometry":{"type":"Polygon","coordinates":[[[-3.70088,40.44746],[-3.70094,40.4467],[-3.70394,40.44686],[-3.70357,40.4472],[-3.70296,40.44735],[-3.7026,40.44739],[-3.70165,40.44731],[-3.70126,40.44745],[-3.70088,40.44746]]]}},{"type":"Feature","properties":{"id":"2807906025"},"geometry":{"type":"Polygon","coordinates":[[[-3.7022,40.44833],[-3.70001,40.44823],[-3.70004,40.44741],[-3.70094,40.44746],[-3.70126,40.44745],[-3.70165,40.44731],[-3.7023,40.44736],[-3.7022,40.44833]]]}},{"type":"Feature","properties":{"id":"2807906026"},"geometry":{"type":"Polygon","coordinates":[[[-3.69919,40.4482],[-3.69935,40.44663],[-3.70094,40.4467],[-3.70088,40.44746],[-3.70004,40.44741],[-3.70001,40.44823],[-3.69919,40.4482]]]}},{"type":"Feature","properties":{"id":"2807906027"},"geometry":{"type":"Polygon","coordinates":[[[-3.69699,40.44801],[-3.69712,40.44652],[-3.69935,40.44663],[-3.69919,40.4482],[-3.69699,40.44801]]]}},{"type":"Feature","properties":{"id":"2807906028"},"geometry":{"type":"Polygon","coordinates":[[[-3.69513,40.45083],[-3.69561,40.44644],[-3.69712,40.44652],[-3.69669,40.45091],[-3.69513,40.45083]]]}},{"type":"Feature","properties":{"id":"2807906029"},"geometry":{"type":"Polygon","coordinates":[[[-3.6907,40.4521],[-3.69127,40.44622],[-3.69561,40.44644],[-3.69501,40.45235],[-3.6907,40.4521]]]}},{"type":"Feature","properties":{"id":"2807906031"},"geometry":{"type":"Polygon","coordinates":[[[-3.6968,40.44972],[-3.69699,40.44801],[-3.69919,40.4482],[-3.69907,40.44957],[-3.69838,40.44953],[-3.69835,40.44981],[-3.6968,40.44972]]]}},{"type":"Feature","properties":{"id":"2807906032"},"geometry":{"type":"Polygon","coordinates":[[[-3.69912,40.4489],[-3.69919,40.4482],[-3.70173,40.44833],[-3.70162,40.44903],[-3.69912,40.4489]]]}},{"type":"Feature","properties":{"id":"2807906033"},"geometry":{"type":"Polygon","coordinates":[[[-3.70152,40.44975],[-3.70173,40.44833],[-3.7022,40.44833],[-3.7023,40.44736],[-3.7026,40.44739],[-3.7034,40.44725],[-3.70394,40.44686],[-3.70352,40.44997],[-3.70152,40.44975]]]}},{"type":"Feature","properties":{"id":"2807906034"},"geometry":{"type":"Polygon","coordinates":[[[-3.70152,40.44975],[-3.69907,40.44957],[-3.69912,40.4489],[-3.70162,40.44903],[-3.70152,40.44975]]]}},{"type":"Feature","properties":{"id":"2807906035"},"geometry":{"type":"Polygon","coordinates":[[[-3.69981,40.4503],[-3.69991,40.44961],[-3.70352,40.44997],[-3.70345,40.45048],[-3.69981,40.4503]]]}},{"type":"Feature","properties":{"id":"2807906036"},"geometry":{"type":"Polygon","coordinates":[[[-3.69965,40.45113],[-3.69981,40.4503],[-3.70345,40.45048],[-3.70325,40.45184],[-3.69965,40.45113]]]}},{"type":"Feature","properties":{"id":"2807906037"},"geometry":{"type":"Polygon","coordinates":[[[-3.69822,40.451],[-3.69838,40.44953],[-3.69987,40.44961],[-3.69965,40.45113],[-3.69822,40.451]]]}},{"type":"Feature","properties":{"id":"2807906038"},"geometry":{"type":"Polygon","coordinates":[[[-3.69669,40.45091],[-3.6968,40.44972],[-3.69835,40.44981],[-3.69822,40.451],[-3.69669,40.45091]]]}},{"type":"Feature","properties":{"id":"2807906039"},"geometry":{"type":"Polygon","coordinates":[[[-3.69501,40.45235],[-3.69513,40.45083],[-3.69669,40.45091],[-3.69653,40.45243],[-3.69501,40.45235]]]}},{"type":"Feature","properties":{"id":"2807906040"},"geometry":{"type":"Polygon","coordinates":[[[-3.69806,40.45253],[-3.69653,40.45243],[-3.69669,40.45091],[-3.69822,40.451],[-3.69806,40.45253]]]}},{"type":"Feature","properties":{"id":"2807906041"},"geometry":{"type":"Polygon","coordinates":[[[-3.70114,40.45272],[-3.69806,40.45253],[-3.69822,40.451],[-3.69951,40.45108],[-3.69965,40.45113],[-3.69954,40.45164],[-3.70141,40.45192],[-3.70114,40.45272]]]}},{"type":"Feature","properties":{"id":"2807906042"},"geometry":{"type":"Polygon","coordinates":[[[-3.70093,40.45334],[-3.70141,40.45192],[-3.69954,40.45164],[-3.69965,40.45113],[-3.70325,40.45184],[-3.703,40.4535],[-3.70093,40.45334]]]}},{"type":"Feature","properties":{"id":"2807906043"},"geometry":{"type":"Polygon","coordinates":[[[-3.69918,40.4538],[-3.69938,40.45257],[-3.70114,40.45272],[-3.70093,40.45334],[-3.703,40.4535],[-3.70282,40.45452],[-3.70153,40.45438],[-3.70138,40.45481],[-3.70053,40.45469],[-3.70075,40.45397],[-3.69918,40.4538]]]}},{"type":"Feature","properties":{"id":"2807906044"},"geometry":{"type":"Polygon","coordinates":[[[-3.69899,40.45431],[-3.69715,40.45412],[-3.6973,40.45248],[-3.69938,40.45257],[-3.69918,40.45386],[-3.69899,40.45431]]]}},{"type":"Feature","properties":{"id":"2807906045"},"geometry":{"type":"Polygon","coordinates":[[[-3.69715,40.45412],[-3.69486,40.454],[-3.69501,40.45235],[-3.6973,40.45248],[-3.69715,40.45412]]]}},{"type":"Feature","properties":{"id":"2807906046"},"geometry":{"type":"Polygon","coordinates":[[[-3.6903,40.45614],[-3.6907,40.4521],[-3.69501,40.45235],[-3.69475,40.45513],[-3.69239,40.455],[-3.69227,40.45625],[-3.6903,40.45614]]]}},{"type":"Feature","properties":{"id":"2807906048"},"geometry":{"type":"Polygon","coordinates":[[[-3.69227,40.45625],[-3.69239,40.455],[-3.69475,40.45513],[-3.69463,40.45638],[-3.69227,40.45625]]]}},{"type":"Feature","properties":{"id":"2807906049"},"geometry":{"type":"Polygon","coordinates":[[[-3.69594,40.45646],[-3.69463,40.45638],[-3.69475,40.45513],[-3.69606,40.45521],[-3.69594,40.45646]]]}},{"type":"Feature","properties":{"id":"2807906050"},"geometry":{"type":"Polygon","coordinates":[[[-3.69475,40.45513],[-3.69486,40.454],[-3.69616,40.45407],[-3.69606,40.45521],[-3.69475,40.45513]]]}},{"type":"Feature","properties":{"id":"2807906051"},"geometry":{"type":"Polygon","coordinates":[[[-3.69594,40.45646],[-3.69616,40.45407],[-3.69798,40.45417],[-3.69778,40.45624],[-3.69763,40.45662],[-3.69594,40.45646]]]}},{"type":"Feature","properties":{"id":"2807906052"},"geometry":{"type":"Polygon","coordinates":[[[-3.69889,40.45691],[-3.69763,40.45662],[-3.69778,40.45624],[-3.69798,40.45417],[-3.69899,40.45431],[-3.69838,40.45583],[-3.69924,40.45594],[-3.69889,40.45691]]]}},{"type":"Feature","properties":{"id":"2807906053"},"geometry":{"type":"Polygon","coordinates":[[[-3.69869,40.45509],[-3.69918,40.4538],[-3.70075,40.45397],[-3.70053,40.45469],[-3.70138,40.45481],[-3.70153,40.45438],[-3.70282,40.45452],[-3.7027,40.45512],[-3.7022,40.45632],[-3.7009,40.45613],[-3.70115,40.45546],[-3.69869,40.45509]]]}},{"type":"Feature","properties":{"id":"2807906054"},"geometry":{"type":"Polygon","coordinates":[[[-3.69889,40.45691],[-3.69924,40.45594],[-3.69838,40.45583],[-3.69869,40.45509],[-3.70115,40.45546],[-3.7009,40.45613],[-3.7022,40.45632],[-3.70146,40.45749],[-3.69889,40.45691]]]}},{"type":"Feature","properties":{"id":"2807906056"},"geometry":{"type":"Polygon","coordinates":[[[-3.69732,40.45842],[-3.69803,40.45671],[-3.70146,40.45749],[-3.70064,40.45848],[-3.69936,40.45804],[-3.69896,40.45915],[-3.69834,40.45901],[-3.69732,40.45842]]]}},{"type":"Feature","properties":{"id":"2807906057"},"geometry":{"type":"Polygon","coordinates":[[[-3.69924,40.45973],[-3.69634,40.45896],[-3.69678,40.45793],[-3.69752,40.45796],[-3.69732,40.45842],[-3.69834,40.45901],[-3.6989,40.45914],[-3.69936,40.45804],[-3.70064,40.45848],[-3.69924,40.45973]]]}},{"type":"Feature","properties":{"id":"2807906058"},"geometry":{"type":"Polygon","coordinates":[[[-3.69627,40.46076],[-3.69698,40.45915],[-3.69924,40.45973],[-3.6984,40.4606],[-3.69809,40.46125],[-3.69627,40.46076]]]}},{"type":"Feature","properties":{"id":"2807906059"},"geometry":{"type":"Polygon","coordinates":[[[-3.69431,40.4593],[-3.69448,40.45781],[-3.69678,40.45793],[-3.69634,40.45896],[-3.69698,40.45915],[-3.69659,40.46],[-3.69431,40.4593]]]}},{"type":"Feature","properties":{"id":"2807906060"},"geometry":{"type":"Polygon","coordinates":[[[-3.69678,40.45793],[-3.69683,40.45753],[-3.69513,40.45743],[-3.69523,40.45642],[-3.69718,40.45654],[-3.69803,40.45671],[-3.69752,40.45796],[-3.69678,40.45793]]]}},{"type":"Feature","properties":{"id":"2807906061"},"geometry":{"type":"Polygon","coordinates":[[[-3.69448,40.45781],[-3.69463,40.45638],[-3.69523,40.45642],[-3.69513,40.45743],[-3.69683,40.45753],[-3.69678,40.45793],[-3.69448,40.45781]]]}},{"type":"Feature","properties":{"id":"2807906062"},"geometry":{"type":"Polygon","coordinates":[[[-3.69199,40.45916],[-3.69227,40.45625],[-3.69463,40.45638],[-3.69431,40.4593],[-3.69199,40.45916]]]}},{"type":"Feature","properties":{"id":"2807906063"},"geometry":{"type":"Polygon","coordinates":[[[-3.69001,40.45903],[-3.6903,40.45614],[-3.69227,40.45625],[-3.69199,40.45916],[-3.69001,40.45903]]]}},{"type":"Feature","properties":{"id":"2807906064"},"geometry":{"type":"Polygon","coordinates":[[[-3.68987,40.46057],[-3.69001,40.45903],[-3.69431,40.4593],[-3.69409,40.4609],[-3.68987,40.46057]]]}},{"type":"Feature","properties":{"id":"2807906065"},"geometry":{"type":"Polygon","coordinates":[[[-3.69391,40.46223],[-3.68973,40.46199],[-3.68987,40.46057],[-3.69409,40.4609],[-3.69391,40.46223]]]}},{"type":"Feature","properties":{"id":"2807906066"},"geometry":{"type":"Polygon","coordinates":[[[-3.69409,40.4609],[-3.69431,40.4593],[-3.69659,40.46],[-3.69623,40.46085],[-3.69586,40.46122],[-3.69409,40.4609]]]}},{"type":"Feature","properties":{"id":"2807906067"},"geometry":{"type":"Polygon","coordinates":[[[-3.69541,40.46169],[-3.69627,40.46076],[-3.69809,40.46125],[-3.69771,40.46204],[-3.69705,40.46286],[-3.69541,40.46169]]]}},{"type":"Feature","properties":{"id":"2807906068"},"geometry":{"type":"Polygon","coordinates":[[[-3.69441,40.46266],[-3.69391,40.46223],[-3.69409,40.4609],[-3.69586,40.46122],[-3.69541,40.46169],[-3.69705,40.46286],[-3.69633,40.46366],[-3.69441,40.46266]]]}},{"type":"Feature","properties":{"id":"2807906069"},"geometry":{"type":"Polygon","coordinates":[[[-3.69441,40.46266],[-3.69633,40.46366],[-3.69568,40.46431],[-3.69321,40.46516],[-3.69269,40.46425],[-3.69284,40.46421],[-3.69441,40.46266]]]}},{"type":"Feature","properties":{"id":"2807906070"},"geometry":{"type":"Polygon","coordinates":[[[-3.69171,40.46209],[-3.69391,40.46223],[-3.69441,40.46266],[-3.69284,40.46421],[-3.69269,40.46425],[-3.69321,40.46516],[-3.69174,40.46545],[-3.69146,40.46487],[-3.69171,40.46209]]]}},{"type":"Feature","properties":{"id":"2807906071"},"geometry":{"type":"Polygon","coordinates":[[[-3.68937,40.46605],[-3.68973,40.46199],[-3.69171,40.46209],[-3.69146,40.46487],[-3.69174,40.46545],[-3.69089,40.46554],[-3.68937,40.46605]]]}},{"type":"Feature","properties":{"id":"2807906072"},"geometry":{"type":"Polygon","coordinates":[[[-3.68937,40.46605],[-3.69089,40.46554],[-3.6929,40.46526],[-3.69452,40.46471],[-3.69537,40.46534],[-3.69445,40.467],[-3.69226,40.46697],[-3.69198,40.46738],[-3.68937,40.46605]]]}},{"type":"Feature","properties":{"id":"2807906073"},"geometry":{"type":"Polygon","coordinates":[[[-3.69652,40.47012],[-3.69569,40.46939],[-3.6977,40.46776],[-3.6986,40.46842],[-3.69924,40.46929],[-3.69745,40.47075],[-3.69652,40.47012]]]}},{"type":"Feature","properties":{"id":"2807906074"},"geometry":{"type":"Polygon","coordinates":[[[-3.69498,40.46887],[-3.6929,40.46775],[-3.69198,40.46738],[-3.69224,40.46697],[-3.69445,40.467],[-3.6942,40.46748],[-3.69524,40.46786],[-3.69558,40.46746],[-3.6965,40.46809],[-3.69561,40.46889],[-3.69523,40.46863],[-3.69498,40.46887]]]}},{"type":"Feature","properties":{"id":"2807906075"},"geometry":{"type":"Polygon","coordinates":[[[-3.6906,40.47048],[-3.69168,40.46869],[-3.69314,40.46913],[-3.69201,40.47096],[-3.6906,40.47048]]]}},{"type":"Feature","properties":{"id":"2807906076"},"geometry":{"type":"Polygon","coordinates":[[[-3.68857,40.46905],[-3.68937,40.46605],[-3.69289,40.46776],[-3.69224,40.46886],[-3.69168,40.46869],[-3.69118,40.46954],[-3.68857,40.46905]]]}},{"type":"Feature","properties":{"id":"2807906077"},"geometry":{"type":"Polygon","coordinates":[[[-3.68794,40.47126],[-3.68857,40.46905],[-3.69118,40.46954],[-3.6906,40.47048],[-3.69001,40.47027],[-3.68999,40.4702],[-3.68957,40.47012],[-3.68919,40.47147],[-3.68794,40.47126]]]}},{"type":"Feature","properties":{"id":"2807906078"},"geometry":{"type":"Polygon","coordinates":[[[-3.68755,40.47267],[-3.68794,40.47126],[-3.68919,40.47147],[-3.68957,40.47012],[-3.68999,40.4702],[-3.69001,40.47027],[-3.6906,40.47048],[-3.68916,40.47292],[-3.68755,40.47267]]]}},{"type":"Feature","properties":{"id":"2807906079"},"geometry":{"type":"Polygon","coordinates":[[[-3.68713,40.47418],[-3.68755,40.47267],[-3.68967,40.47306],[-3.68892,40.47445],[-3.6876,40.47419],[-3.68713,40.47418]]]}},{"type":"Feature","properties":{"id":"2807906080"},"geometry":{"type":"Polygon","coordinates":[[[-3.69029,40.47326],[-3.68916,40.47292],[-3.68918,40.47287],[-3.6906,40.47048],[-3.69201,40.47096],[-3.69153,40.47178],[-3.6911,40.47208],[-3.69156,40.47224],[-3.69155,40.47337],[-3.69051,40.47321],[-3.69029,40.47326]]]}},{"type":"Feature","properties":{"id":"2807906081"},"geometry":{"type":"Polygon","coordinates":[[[-3.69155,40.47337],[-3.69156,40.47224],[-3.6911,40.47208],[-3.69153,40.47178],[-3.69201,40.47096],[-3.69641,40.47255],[-3.69613,40.47301],[-3.69627,40.47323],[-3.69542,40.47352],[-3.69375,40.47355],[-3.69155,40.47337]]]}},{"type":"Feature","properties":{"id":"2807906084"},"geometry":{"type":"Polygon","coordinates":[[[-3.69893,40.47488],[-3.69824,40.47461],[-3.69774,40.47453],[-3.696,40.4748],[-3.69419,40.47456],[-3.69253,40.47473],[-3.69127,40.4745],[-3.68943,40.47472],[-3.68892,40.47445],[-3.68967,40.47306],[-3.69029,40.47326],[-3.69051,40.47321],[-3.69155,40.47337],[-3.69375,40.47355],[-3.69542,40.47352],[-3.69627,40.47323],[-3.69613,40.47301],[-3.6964,40.47252],[-3.69473,40.47192],[-3.69523,40.47102],[-3.69541,40.47101],[-3.69652,40.47012],[-3.69904,40.47194],[-3.69968,40.47149],[-3.70061,40.47208],[-3.7009,40.47189],[-3.70161,40.47165],[-3.702,40.47134],[-3.70215,40.47109],[-3.70205,40.47224],[-3.70182,40.47231],[-3.70206,40.47379],[-3.70122,40.47456],[-3.70055,40.47487],[-3.69986,40.47499],[-3.69893,40.47488]]]}},{"type":"Feature","properties":{"id":"2807906085"},"geometry":{"type":"Polygon","coordinates":[[[-3.69201,40.47096],[-3.69315,40.4691],[-3.6947,40.47019],[-3.69438,40.47064],[-3.69527,40.47092],[-3.69529,40.47098],[-3.69473,40.47192],[-3.69201,40.47096]]]}},{"type":"Feature","properties":{"id":"2807906089"},"geometry":{"type":"Polygon","coordinates":[[[-3.69968,40.47149],[-3.70003,40.47115],[-3.69938,40.47068],[-3.70016,40.47003],[-3.70215,40.47109],[-3.702,40.47134],[-3.70161,40.47165],[-3.70058,40.47209],[-3.69968,40.47149]]]}},{"type":"Feature","properties":{"id":"2807906090"},"geometry":{"type":"Polygon","coordinates":[[[-3.70215,40.47109],[-3.69956,40.46971],[-3.69888,40.46875],[-3.69818,40.4681],[-3.69979,40.46761],[-3.70072,40.4684],[-3.70062,40.46855],[-3.70116,40.46901],[-3.70267,40.46997],[-3.70239,40.47022],[-3.70215,40.47109]]]}},{"type":"Feature","properties":{"id":"2807906091"},"geometry":{"type":"Polygon","coordinates":[[[-3.6977,40.46776],[-3.69642,40.46647],[-3.69563,40.46554],[-3.6957,40.46549],[-3.69874,40.4665],[-3.69857,40.46671],[-3.69979,40.46761],[-3.69818,40.4681],[-3.6977,40.46776]]]}},{"type":"Feature","properties":{"id":"2807906092"},"geometry":{"type":"Polygon","coordinates":[[[-3.69561,40.46433],[-3.69597,40.46406],[-3.69705,40.46286],[-3.69756,40.46316],[-3.69936,40.46362],[-3.69835,40.4653],[-3.69641,40.4649],[-3.69561,40.46433]]]}},{"type":"Feature","properties":{"id":"2807906093"},"geometry":{"type":"Polygon","coordinates":[[[-3.70072,40.4684],[-3.69857,40.46671],[-3.69934,40.4655],[-3.70009,40.46568],[-3.69949,40.46646],[-3.7015,40.46736],[-3.70072,40.4684]]]}},{"type":"Feature","properties":{"id":"2807906094"},"geometry":{"type":"Polygon","coordinates":[[[-3.69934,40.4655],[-3.69986,40.46475],[-3.70184,40.46509],[-3.70324,40.46508],[-3.70303,40.46593],[-3.70218,40.46582],[-3.70197,40.46629],[-3.70222,40.46637],[-3.7015,40.46736],[-3.69949,40.46646],[-3.70009,40.46568],[-3.69934,40.4655]]]}},{"type":"Feature","properties":{"id":"2807906095"},"geometry":{"type":"Polygon","coordinates":[[[-3.70062,40.46855],[-3.70222,40.46637],[-3.70425,40.46707],[-3.70368,40.46761],[-3.70277,40.46707],[-3.70164,40.46863],[-3.70119,40.46903],[-3.70062,40.46855]]]}},{"type":"Feature","properties":{"id":"2807906096"},"geometry":{"type":"Polygon","coordinates":[[[-3.70119,40.46903],[-3.70164,40.46863],[-3.70277,40.46707],[-3.70368,40.46761],[-3.70355,40.46773],[-3.70387,40.46792],[-3.70306,40.46875],[-3.70271,40.46855],[-3.70236,40.46888],[-3.70274,40.46913],[-3.70216,40.46965],[-3.70119,40.46903]]]}},{"type":"Feature","properties":{"id":"2807906097"},"geometry":{"type":"Polygon","coordinates":[[[-3.70267,40.46997],[-3.70216,40.46965],[-3.70274,40.46913],[-3.70236,40.46888],[-3.70271,40.46855],[-3.70306,40.46875],[-3.70387,40.46792],[-3.70432,40.46816],[-3.70351,40.46899],[-3.70395,40.46921],[-3.70483,40.46917],[-3.70497,40.46951],[-3.7046,40.46999],[-3.70395,40.47015],[-3.70296,40.46993],[-3.70267,40.46997]]]}},{"type":"Feature","properties":{"id":"2807906099"},"geometry":{"type":"Polygon","coordinates":[[[-3.70215,40.47109],[-3.70238,40.47023],[-3.70255,40.47003],[-3.70291,40.46993],[-3.70395,40.47015],[-3.7046,40.46999],[-3.70497,40.46951],[-3.70563,40.46936],[-3.70592,40.4685],[-3.70531,40.46835],[-3.70562,40.46755],[-3.70784,40.46807],[-3.70813,40.46739],[-3.708,40.46718],[-3.70818,40.46695],[-3.70826,40.46662],[-3.70877,40.46647],[-3.7088,40.46626],[-3.70769,40.4656],[-3.70724,40.46511],[-3.70586,40.46488],[-3.70569,40.46472],[-3.70539,40.46394],[-3.70577,40.46358],[-3.70648,40.4637],[-3.70681,40.46364],[-3.70737,40.46327],[-3.7085,40.46206],[-3.70854,40.46247],[-3.7091,40.46348],[-3.70937,40.46433],[-3.71087,40.46594],[-3.71154,40.4664],[-3.71262,40.46785],[-3.71328,40.46853],[-3.7129,40.46914],[-3.71249,40.4703],[-3.71174,40.47096],[-3.71094,40.47125],[-3.70517,40.47181],[-3.7043,40.47197],[-3.70366,40.47233],[-3.70206,40.47379],[-3.70182,40.47231],[-3.70205,40.47224],[-3.70215,40.47109]]]}},{"type":"Feature","properties":{"id":"2807906101"},"geometry":{"type":"Polygon","coordinates":[[[-3.70497,40.46951],[-3.70483,40.46917],[-3.70395,40.46921],[-3.70351,40.46899],[-3.70432,40.46816],[-3.70355,40.46773],[-3.7049,40.46645],[-3.70584,40.46587],[-3.70626,40.46637],[-3.70677,40.46593],[-3.70642,40.46552],[-3.70709,40.46507],[-3.7072,40.4651],[-3.70795,40.46578],[-3.70873,40.46617],[-3.70881,40.46644],[-3.70826,40.46662],[-3.70818,40.46695],[-3.708,40.46718],[-3.70813,40.46739],[-3.70784,40.46807],[-3.70562,40.46755],[-3.70531,40.46835],[-3.70592,40.4685],[-3.70563,40.46936],[-3.70497,40.46951]]]}},{"type":"Feature","properties":{"id":"2807906102"},"geometry":{"type":"Polygon","coordinates":[[[-3.70425,40.46707],[-3.70197,40.46629],[-3.70218,40.46582],[-3.70303,40.46593],[-3.70311,40.4656],[-3.70494,40.46574],[-3.70608,40.46497],[-3.70709,40.46507],[-3.70642,40.46552],[-3.70677,40.46593],[-3.70626,40.46637],[-3.70584,40.46587],[-3.7049,40.46645],[-3.70425,40.46707]]]}},{"type":"Feature","properties":{"id":"2807906103"},"geometry":{"type":"Polygon","coordinates":[[[-3.70311,40.4656],[-3.70344,40.46431],[-3.70389,40.46346],[-3.70429,40.46369],[-3.70542,40.46404],[-3.70569,40.46472],[-3.70609,40.46497],[-3.70494,40.46574],[-3.70311,40.4656]]]}},{"type":"Feature","properties":{"id":"2807906104"},"geometry":{"type":"Polygon","coordinates":[[[-3.7008,40.46491],[-3.70087,40.46464],[-3.70166,40.46476],[-3.70186,40.46362],[-3.70228,40.46267],[-3.70389,40.46346],[-3.70344,40.46431],[-3.70321,40.46503],[-3.70184,40.46509],[-3.7008,40.46491]]]}},{"type":"Feature","properties":{"id":"2807906105"},"geometry":{"type":"Polygon","coordinates":[[[-3.69986,40.46475],[-3.70065,40.46339],[-3.70088,40.46319],[-3.69918,40.46253],[-3.69998,40.46141],[-3.70228,40.46267],[-3.70186,40.46362],[-3.70166,40.46476],[-3.70087,40.46464],[-3.7008,40.46491],[-3.69986,40.46475]]]}},{"type":"Feature","properties":{"id":"2807906106"},"geometry":{"type":"Polygon","coordinates":[[[-3.69835,40.4653],[-3.69936,40.46362],[-3.69825,40.46334],[-3.69839,40.46287],[-3.69885,40.463],[-3.69918,40.46253],[-3.70086,40.46318],[-3.69941,40.46545],[-3.69934,40.4655],[-3.69835,40.4653]]]}},{"type":"Feature","properties":{"id":"2807906107"},"geometry":{"type":"Polygon","coordinates":[[[-3.69705,40.46286],[-3.69771,40.46204],[-3.69838,40.46063],[-3.69998,40.46141],[-3.69885,40.463],[-3.69839,40.46287],[-3.69825,40.46334],[-3.69756,40.46316],[-3.69705,40.46286]]]}},{"type":"Feature","properties":{"id":"2807906108"},"geometry":{"type":"Polygon","coordinates":[[[-3.70063,40.46177],[-3.69838,40.46063],[-3.69921,40.45976],[-3.70028,40.45884],[-3.70134,40.45949],[-3.70033,40.46094],[-3.70099,40.46121],[-3.70063,40.46177]]]}},{"type":"Feature","properties":{"id":"2807906109"},"geometry":{"type":"Polygon","coordinates":[[[-3.70063,40.46177],[-3.70099,40.46121],[-3.70033,40.46094],[-3.70134,40.45949],[-3.70261,40.46018],[-3.70338,40.46037],[-3.70372,40.46079],[-3.70374,40.4611],[-3.70353,40.46167],[-3.70293,40.4614],[-3.70195,40.46249],[-3.70063,40.46177]]]}},{"type":"Feature","properties":{"id":"2807906110"},"geometry":{"type":"Polygon","coordinates":[[[-3.70468,40.46381],[-3.70195,40.46249],[-3.70293,40.4614],[-3.70353,40.46167],[-3.70374,40.46094],[-3.70478,40.46153],[-3.70499,40.46184],[-3.70468,40.46381]]]}},{"type":"Feature","properties":{"id":"2807906111"},"geometry":{"type":"Polygon","coordinates":[[[-3.70468,40.46381],[-3.70499,40.46184],[-3.70478,40.46153],[-3.70374,40.46094],[-3.70382,40.46084],[-3.70559,40.46048],[-3.7068,40.46249],[-3.70701,40.46344],[-3.70667,40.46369],[-3.7057,40.4636],[-3.70542,40.46388],[-3.70542,40.46404],[-3.70468,40.46381]]]}},{"type":"Feature","properties":{"id":"2807906112"},"geometry":{"type":"Polygon","coordinates":[[[-3.7061,40.46136],[-3.70807,40.46092],[-3.7085,40.46206],[-3.70737,40.46327],[-3.70698,40.4635],[-3.70701,40.46322],[-3.7068,40.46249],[-3.7061,40.46136]]]}},{"type":"Feature","properties":{"id":"2807906113"},"geometry":{"type":"Polygon","coordinates":[[[-3.70545,40.46051],[-3.70525,40.45996],[-3.70635,40.45955],[-3.70654,40.46019],[-3.7068,40.4602],[-3.70715,40.46036],[-3.70768,40.46033],[-3.7079,40.46044],[-3.70807,40.46092],[-3.7061,40.46136],[-3.70568,40.46052],[-3.70545,40.46051]]]}},{"type":"Feature","properties":{"id":"2807906114"},"geometry":{"type":"Polygon","coordinates":[[[-3.7085,40.46206],[-3.7079,40.46044],[-3.70763,40.46032],[-3.70715,40.46036],[-3.7068,40.4602],[-3.70654,40.46019],[-3.70644,40.45978],[-3.70821,40.45964],[-3.70812,40.45917],[-3.70771,40.45858],[-3.70941,40.45849],[-3.70953,40.45998],[-3.70974,40.46006],[-3.7086,40.46172],[-3.7085,40.46206]]]}},{"type":"Feature","properties":{"id":"2807906115"},"geometry":{"type":"Polygon","coordinates":[[[-3.70599,40.45969],[-3.70586,40.45871],[-3.70771,40.45858],[-3.70812,40.45917],[-3.70821,40.45964],[-3.70644,40.45978],[-3.70635,40.45955],[-3.70599,40.45969]]]}},{"type":"Feature","properties":{"id":"2807906116"},"geometry":{"type":"Polygon","coordinates":[[[-3.70368,40.46072],[-3.70295,40.45977],[-3.70427,40.45938],[-3.70378,40.45844],[-3.70329,40.45796],[-3.70443,40.45766],[-3.70484,40.4588],[-3.70586,40.45871],[-3.70599,40.45969],[-3.70525,40.45996],[-3.70545,40.46051],[-3.70382,40.46084],[-3.70374,40.46094],[-3.70368,40.46072]]]}},{"type":"Feature","properties":{"id":"2807906117"},"geometry":{"type":"Polygon","coordinates":[[[-3.70261,40.46018],[-3.70028,40.45884],[-3.70152,40.45741],[-3.70182,40.45743],[-3.70259,40.45721],[-3.70378,40.45844],[-3.70427,40.45938],[-3.70295,40.45977],[-3.70333,40.46039],[-3.70261,40.46018]]]}},{"type":"Feature","properties":{"id":"2807906118"},"geometry":{"type":"Polygon","coordinates":[[[-3.70152,40.45741],[-3.70231,40.45604],[-3.70373,40.45609],[-3.70406,40.4568],[-3.70182,40.45743],[-3.70152,40.45741]]]}},{"type":"Feature","properties":{"id":"2807906119"},"geometry":{"type":"Polygon","coordinates":[[[-3.70231,40.45604],[-3.7027,40.45512],[-3.70289,40.45421],[-3.7031,40.45423],[-3.7038,40.45509],[-3.70337,40.45532],[-3.70373,40.45609],[-3.70231,40.45604]]]}},{"type":"Feature","properties":{"id":"2807906120"},"geometry":{"type":"Polygon","coordinates":[[[-3.70259,40.45721],[-3.70406,40.4568],[-3.70337,40.45532],[-3.7038,40.45509],[-3.70498,40.45655],[-3.70413,40.45678],[-3.70443,40.45766],[-3.70329,40.45796],[-3.70259,40.45721]]]}},{"type":"Feature","properties":{"id":"2807906121"},"geometry":{"type":"Polygon","coordinates":[[[-3.70484,40.4588],[-3.70413,40.45678],[-3.70498,40.45655],[-3.70534,40.45704],[-3.70693,40.45864],[-3.70484,40.4588]]]}},{"type":"Feature","properties":{"id":"2807906122"},"geometry":{"type":"Polygon","coordinates":[[[-3.70498,40.45655],[-3.70761,40.45667],[-3.70838,40.45853],[-3.70693,40.45864],[-3.70534,40.45704],[-3.70498,40.45655]]]}},{"type":"Feature","properties":{"id":"2807906123"},"geometry":{"type":"Polygon","coordinates":[[[-3.70761,40.45667],[-3.7081,40.45666],[-3.70955,40.45706],[-3.71046,40.45759],[-3.71037,40.45767],[-3.70932,40.45784],[-3.70883,40.4581],[-3.70874,40.45852],[-3.70838,40.45853],[-3.70761,40.45667]]]}},{"type":"Feature","properties":{"id":"2807906124"},"geometry":{"type":"Polygon","coordinates":[[[-3.70874,40.45852],[-3.70883,40.4581],[-3.70935,40.45783],[-3.71037,40.45767],[-3.71046,40.45759],[-3.7108,40.45767],[-3.71152,40.45751],[-3.70974,40.46006],[-3.70953,40.45998],[-3.70941,40.45849],[-3.70874,40.45852]]]}},{"type":"Feature","properties":{"id":"2807906125"},"geometry":{"type":"Polygon","coordinates":[[[-3.7104,40.45421],[-3.71149,40.45377],[-3.71094,40.45284],[-3.71137,40.45268],[-3.71138,40.45251],[-3.71215,40.45248],[-3.71329,40.45305],[-3.71269,40.45396],[-3.71319,40.45498],[-3.71222,40.45648],[-3.71095,40.45592],[-3.7104,40.45421]]]}},{"type":"Feature","properties":{"id":"2807906126"},"geometry":{"type":"Polygon","coordinates":[[[-3.69563,40.46554],[-3.69452,40.46471],[-3.69561,40.46433],[-3.69644,40.46491],[-3.69934,40.4655],[-3.69874,40.4665],[-3.6958,40.4655],[-3.69563,40.46554]]]}},{"type":"Feature","properties":{"id":"2807906127"},"geometry":{"type":"Polygon","coordinates":[[[-3.69541,40.47101],[-3.69438,40.47064],[-3.6947,40.47019],[-3.69419,40.46979],[-3.69315,40.4691],[-3.69224,40.46886],[-3.6929,40.46775],[-3.69497,40.46884],[-3.69657,40.47008],[-3.69541,40.47101]]]}},{"type":"Feature","properties":{"id":"2807906128"},"geometry":{"type":"Polygon","coordinates":[[[-3.69745,40.47075],[-3.69924,40.46929],[-3.69956,40.46971],[-3.70016,40.47003],[-3.69938,40.47068],[-3.70003,40.47115],[-3.69904,40.47194],[-3.69745,40.47075]]]}},{"type":"Feature","properties":{"id":"2807906129"},"geometry":{"type":"Polygon","coordinates":[[[-3.69498,40.46887],[-3.69523,40.46863],[-3.69561,40.46889],[-3.6965,40.46809],[-3.69558,40.46746],[-3.69524,40.46786],[-3.6942,40.46748],[-3.69537,40.46534],[-3.6977,40.46776],[-3.69569,40.46939],[-3.69498,40.46887]]]}},{"type":"Feature","properties":{"id":"2807907001"},"geometry":{"type":"Polygon","coordinates":[[[-3.71685,40.43193],[-3.71455,40.43184],[-3.71466,40.43048],[-3.71624,40.43061],[-3.71712,40.43182],[-3.71685,40.43193]]]}},{"type":"Feature","properties":{"id":"2807907002"},"geometry":{"type":"Polygon","coordinates":[[[-3.7134,40.4318],[-3.7135,40.43053],[-3.71376,40.43038],[-3.71466,40.43048],[-3.71455,40.43184],[-3.7134,40.4318]]]}},{"type":"Feature","properties":{"id":"2807907003"},"geometry":{"type":"Polygon","coordinates":[[[-3.7117,40.43173],[-3.71183,40.43036],[-3.71193,40.43019],[-3.71376,40.43038],[-3.7135,40.43053],[-3.7134,40.4318],[-3.7117,40.43173]]]}},{"type":"Feature","properties":{"id":"2807907004"},"geometry":{"type":"Polygon","coordinates":[[[-3.7116,40.43296],[-3.7117,40.43173],[-3.71455,40.43184],[-3.71447,40.43305],[-3.7116,40.43296]]]}},{"type":"Feature","properties":{"id":"2807907006"},"geometry":{"type":"Polygon","coordinates":[[[-3.71439,40.43433],[-3.71455,40.43184],[-3.7157,40.43189],[-3.71554,40.4344],[-3.71439,40.43433]]]}},{"type":"Feature","properties":{"id":"2807907007"},"geometry":{"type":"Polygon","coordinates":[[[-3.71733,40.43312],[-3.71561,40.43308],[-3.7157,40.43189],[-3.71685,40.43193],[-3.71712,40.43182],[-3.71795,40.43299],[-3.71733,40.43312]]]}},{"type":"Feature","properties":{"id":"2807907008"},"geometry":{"type":"Polygon","coordinates":[[[-3.71663,40.43546],[-3.71677,40.43311],[-3.71733,40.43312],[-3.71837,40.43472],[-3.71826,40.43554],[-3.71663,40.43546]]]}},{"type":"Feature","properties":{"id":"2807907009"},"geometry":{"type":"Polygon","coordinates":[[[-3.71554,40.4344],[-3.71561,40.43308],[-3.71677,40.43311],[-3.71669,40.43446],[-3.71554,40.4344]]]}},{"type":"Feature","properties":{"id":"2807907010"},"geometry":{"type":"Polygon","coordinates":[[[-3.71439,40.43433],[-3.71151,40.43415],[-3.7116,40.43296],[-3.71447,40.43305],[-3.71439,40.43433]]]}},{"type":"Feature","properties":{"id":"2807907011"},"geometry":{"type":"Polygon","coordinates":[[[-3.71142,40.43525],[-3.71151,40.43415],[-3.71321,40.43425],[-3.71317,40.43479],[-3.71436,40.43483],[-3.71433,40.43536],[-3.71142,40.43525]]]}},{"type":"Feature","properties":{"id":"2807907012"},"geometry":{"type":"Polygon","coordinates":[[[-3.71433,40.43536],[-3.71436,40.43483],[-3.71317,40.43479],[-3.71321,40.43425],[-3.71669,40.43446],[-3.71663,40.43546],[-3.71433,40.43536]]]}},{"type":"Feature","properties":{"id":"2807907013"},"geometry":{"type":"Polygon","coordinates":[[[-3.71656,40.43657],[-3.71663,40.43546],[-3.71826,40.43554],[-3.71808,40.43665],[-3.71656,40.43657]]]}},{"type":"Feature","properties":{"id":"2807907014"},"geometry":{"type":"Polygon","coordinates":[[[-3.71426,40.43645],[-3.71433,40.43536],[-3.71663,40.43546],[-3.71656,40.43657],[-3.71426,40.43645]]]}},{"type":"Feature","properties":{"id":"2807907016"},"geometry":{"type":"Polygon","coordinates":[[[-3.71426,40.43645],[-3.71133,40.43631],[-3.71142,40.43525],[-3.71433,40.43536],[-3.71426,40.43645]]]}},{"type":"Feature","properties":{"id":"2807907017"},"geometry":{"type":"Polygon","coordinates":[[[-3.71124,40.43757],[-3.71133,40.43631],[-3.71306,40.43639],[-3.71299,40.43765],[-3.71124,40.43757]]]}},{"type":"Feature","properties":{"id":"2807907018"},"geometry":{"type":"Polygon","coordinates":[[[-3.71285,40.43904],[-3.71306,40.43639],[-3.71426,40.43645],[-3.71411,40.43908],[-3.71285,40.43904]]]}},{"type":"Feature","properties":{"id":"2807907019"},"geometry":{"type":"Polygon","coordinates":[[[-3.7142,40.43771],[-3.71426,40.43645],[-3.71656,40.43657],[-3.71649,40.4378],[-3.7142,40.43771]]]}},{"type":"Feature","properties":{"id":"2807907021"},"geometry":{"type":"Polygon","coordinates":[[[-3.71765,40.43918],[-3.71411,40.43908],[-3.7142,40.43771],[-3.71649,40.4378],[-3.71656,40.43657],[-3.71808,40.43665],[-3.71765,40.43918]]]}},{"type":"Feature","properties":{"id":"2807907023"},"geometry":{"type":"Polygon","coordinates":[[[-3.71113,40.43891],[-3.71124,40.43757],[-3.71299,40.43765],[-3.71285,40.43904],[-3.71278,40.43898],[-3.71113,40.43891]]]}},{"type":"Feature","properties":{"id":"2807907024"},"geometry":{"type":"Polygon","coordinates":[[[-3.70996,40.43887],[-3.71006,40.43751],[-3.71124,40.43757],[-3.71113,40.43891],[-3.70996,40.43887]]]}},{"type":"Feature","properties":{"id":"2807907025"},"geometry":{"type":"Polygon","coordinates":[[[-3.70831,40.4388],[-3.70841,40.43744],[-3.71006,40.43751],[-3.70996,40.43887],[-3.70831,40.4388]]]}},{"type":"Feature","properties":{"id":"2807907026"},"geometry":{"type":"Polygon","coordinates":[[[-3.70831,40.4388],[-3.70421,40.43866],[-3.70426,40.43712],[-3.70439,40.43705],[-3.70511,40.43705],[-3.70512,40.4368],[-3.70554,40.43679],[-3.70554,40.43713],[-3.70657,40.43713],[-3.70676,40.43612],[-3.7085,40.43617],[-3.70831,40.4388]]]}},{"type":"Feature","properties":{"id":"2807907028"},"geometry":{"type":"Polygon","coordinates":[[[-3.70426,40.43712],[-3.70428,40.43603],[-3.70676,40.43612],[-3.70657,40.43713],[-3.70554,40.43713],[-3.70554,40.43679],[-3.70512,40.4368],[-3.70511,40.43705],[-3.70439,40.43705],[-3.70426,40.43712]]]}},{"type":"Feature","properties":{"id":"2807907030"},"geometry":{"type":"Polygon","coordinates":[[[-3.70841,40.43744],[-3.7085,40.43617],[-3.71013,40.43625],[-3.71006,40.43751],[-3.70841,40.43744]]]}},{"type":"Feature","properties":{"id":"2807907031"},"geometry":{"type":"Polygon","coordinates":[[[-3.71006,40.43751],[-3.71013,40.43625],[-3.71133,40.43631],[-3.71124,40.43757],[-3.71006,40.43751]]]}},{"type":"Feature","properties":{"id":"2807907032"},"geometry":{"type":"Polygon","coordinates":[[[-3.71133,40.43631],[-3.7085,40.43617],[-3.70859,40.4351],[-3.71142,40.43525],[-3.71133,40.43631]]]}},{"type":"Feature","properties":{"id":"2807907034"},"geometry":{"type":"Polygon","coordinates":[[[-3.70676,40.43612],[-3.70685,40.43502],[-3.70859,40.4351],[-3.7085,40.43617],[-3.70676,40.43612]]]}},{"type":"Feature","properties":{"id":"2807907035"},"geometry":{"type":"Polygon","coordinates":[[[-3.70557,40.43607],[-3.70566,40.43497],[-3.70685,40.43502],[-3.70676,40.43612],[-3.70557,40.43607]]]}},{"type":"Feature","properties":{"id":"2807907036"},"geometry":{"type":"Polygon","coordinates":[[[-3.70428,40.43603],[-3.70436,40.43361],[-3.70549,40.43327],[-3.7057,40.43454],[-3.70557,40.43607],[-3.70428,40.43603]]]}},{"type":"Feature","properties":{"id":"2807907038"},"geometry":{"type":"Polygon","coordinates":[[[-3.70566,40.43497],[-3.70556,40.43364],[-3.7058,40.43378],[-3.70695,40.43385],[-3.70685,40.43502],[-3.70566,40.43497]]]}},{"type":"Feature","properties":{"id":"2807907039"},"geometry":{"type":"Polygon","coordinates":[[[-3.70685,40.43502],[-3.70695,40.43385],[-3.70868,40.43395],[-3.70859,40.4351],[-3.70685,40.43502]]]}},{"type":"Feature","properties":{"id":"2807907040"},"geometry":{"type":"Polygon","coordinates":[[[-3.70859,40.4351],[-3.70868,40.43395],[-3.71151,40.43415],[-3.71142,40.43525],[-3.70859,40.4351]]]}},{"type":"Feature","properties":{"id":"2807907041"},"geometry":{"type":"Polygon","coordinates":[[[-3.70868,40.43395],[-3.70877,40.43286],[-3.7116,40.43296],[-3.71151,40.43415],[-3.70868,40.43395]]]}},{"type":"Feature","properties":{"id":"2807907042"},"geometry":{"type":"Polygon","coordinates":[[[-3.70868,40.43395],[-3.7058,40.43378],[-3.70556,40.43364],[-3.70549,40.43327],[-3.70708,40.43272],[-3.70877,40.43286],[-3.70868,40.43395]]]}},{"type":"Feature","properties":{"id":"2807907043"},"geometry":{"type":"Polygon","coordinates":[[[-3.70512,40.43142],[-3.70722,40.43152],[-3.70708,40.43272],[-3.70436,40.43361],[-3.70512,40.43142]]]}},{"type":"Feature","properties":{"id":"2807907044"},"geometry":{"type":"Polygon","coordinates":[[[-3.70708,40.43272],[-3.70722,40.43152],[-3.70888,40.4316],[-3.70877,40.43286],[-3.70708,40.43272]]]}},{"type":"Feature","properties":{"id":"2807907045"},"geometry":{"type":"Polygon","coordinates":[[[-3.70877,40.43286],[-3.70888,40.4316],[-3.71041,40.43168],[-3.71035,40.43292],[-3.70877,40.43286]]]}},{"type":"Feature","properties":{"id":"2807907046"},"geometry":{"type":"Polygon","coordinates":[[[-3.71035,40.43292],[-3.71041,40.43168],[-3.7117,40.43173],[-3.7116,40.43296],[-3.71035,40.43292]]]}},{"type":"Feature","properties":{"id":"2807907047"},"geometry":{"type":"Polygon","coordinates":[[[-3.71041,40.43168],[-3.71052,40.43005],[-3.71193,40.43019],[-3.71183,40.43036],[-3.7117,40.43173],[-3.71041,40.43168]]]}},{"type":"Feature","properties":{"id":"2807907048"},"geometry":{"type":"Polygon","coordinates":[[[-3.71041,40.43168],[-3.70722,40.43152],[-3.70752,40.42977],[-3.71052,40.43005],[-3.71041,40.43168]]]}},{"type":"Feature","properties":{"id":"2807907049"},"geometry":{"type":"Polygon","coordinates":[[[-3.70512,40.43142],[-3.70579,40.4296],[-3.70752,40.42977],[-3.70722,40.43152],[-3.70512,40.43142]]]}},{"type":"Feature","properties":{"id":"2807907050"},"geometry":{"type":"Polygon","coordinates":[[[-3.70286,40.43017],[-3.7024,40.42904],[-3.70579,40.4296],[-3.70553,40.43031],[-3.70363,40.42996],[-3.70286,40.43017]]]}},{"type":"Feature","properties":{"id":"2807907051"},"geometry":{"type":"Polygon","coordinates":[[[-3.70074,40.43],[-3.70181,40.42911],[-3.70175,40.42902],[-3.70187,40.42895],[-3.7024,40.42904],[-3.70286,40.43017],[-3.70096,40.4306],[-3.70074,40.43]]]}},{"type":"Feature","properties":{"id":"2807907052"},"geometry":{"type":"Polygon","coordinates":[[[-3.70119,40.43115],[-3.70096,40.4306],[-3.70286,40.43017],[-3.70328,40.43114],[-3.70187,40.43109],[-3.70119,40.43115]]]}},{"type":"Feature","properties":{"id":"2807907053"},"geometry":{"type":"Polygon","coordinates":[[[-3.70338,40.43137],[-3.70286,40.43017],[-3.70363,40.42996],[-3.70553,40.43031],[-3.70512,40.43142],[-3.70338,40.43137]]]}},{"type":"Feature","properties":{"id":"2807907055"},"geometry":{"type":"Polygon","coordinates":[[[-3.70436,40.43361],[-3.70338,40.43137],[-3.70512,40.43142],[-3.70436,40.43361]]]}},{"type":"Feature","properties":{"id":"2807907056"},"geometry":{"type":"Polygon","coordinates":[[[-3.70119,40.43115],[-3.70187,40.43109],[-3.70328,40.43114],[-3.70346,40.43156],[-3.70155,40.43204],[-3.70119,40.43115]]]}},{"type":"Feature","properties":{"id":"2807907057"},"geometry":{"type":"Polygon","coordinates":[[[-3.69887,40.43157],[-3.69992,40.43068],[-3.70074,40.43],[-3.70155,40.43204],[-3.70105,40.43276],[-3.70006,40.43244],[-3.69939,40.43261],[-3.69902,40.43168],[-3.69887,40.43157]]]}},{"type":"Feature","properties":{"id":"2807907058"},"geometry":{"type":"Polygon","coordinates":[[[-3.70105,40.43276],[-3.70155,40.43204],[-3.70346,40.43156],[-3.70393,40.43265],[-3.70201,40.43312],[-3.70105,40.43276]]]}},{"type":"Feature","properties":{"id":"2807907059"},"geometry":{"type":"Polygon","coordinates":[[[-3.70105,40.43276],[-3.70201,40.43312],[-3.70393,40.43265],[-3.70436,40.43361],[-3.70167,40.43423],[-3.70105,40.43276]]]}},{"type":"Feature","properties":{"id":"2807907060"},"geometry":{"type":"Polygon","coordinates":[[[-3.70194,40.43484],[-3.70167,40.43423],[-3.70436,40.43361],[-3.70431,40.4349],[-3.70194,40.43484]]]}},{"type":"Feature","properties":{"id":"2807907061"},"geometry":{"type":"Polygon","coordinates":[[[-3.70243,40.43594],[-3.70194,40.43484],[-3.70431,40.4349],[-3.70428,40.43603],[-3.70243,40.43594]]]}},{"type":"Feature","properties":{"id":"2807907062"},"geometry":{"type":"Polygon","coordinates":[[[-3.70275,40.43705],[-3.70278,40.43678],[-3.70243,40.43594],[-3.70428,40.43603],[-3.70426,40.43712],[-3.70275,40.43705]]]}},{"type":"Feature","properties":{"id":"2807907063"},"geometry":{"type":"Polygon","coordinates":[[[-3.70109,40.43852],[-3.70111,40.43689],[-3.70426,40.43712],[-3.70421,40.43866],[-3.70109,40.43852]]]}},{"type":"Feature","properties":{"id":"2807907064"},"geometry":{"type":"Polygon","coordinates":[[[-3.70029,40.43848],[-3.69953,40.43675],[-3.69911,40.43578],[-3.69995,40.43583],[-3.70011,40.4368],[-3.70111,40.43689],[-3.70114,40.43697],[-3.70109,40.43852],[-3.70029,40.43848]]]}},{"type":"Feature","properties":{"id":"2807907065"},"geometry":{"type":"Polygon","coordinates":[[[-3.69911,40.43578],[-3.69875,40.43495],[-3.70023,40.43459],[-3.70111,40.43689],[-3.70011,40.4368],[-3.69995,40.43583],[-3.69911,40.43578]]]}},{"type":"Feature","properties":{"id":"2807907066"},"geometry":{"type":"Polygon","coordinates":[[[-3.70111,40.43689],[-3.70071,40.43587],[-3.70243,40.43594],[-3.70278,40.43678],[-3.70275,40.43705],[-3.70111,40.43689]]]}},{"type":"Feature","properties":{"id":"2807907067"},"geometry":{"type":"Polygon","coordinates":[[[-3.70071,40.43587],[-3.70023,40.43459],[-3.70167,40.43423],[-3.70243,40.43594],[-3.70071,40.43587]]]}},{"type":"Feature","properties":{"id":"2807907068"},"geometry":{"type":"Polygon","coordinates":[[[-3.69811,40.4335],[-3.6996,40.43314],[-3.70023,40.43459],[-3.69875,40.43495],[-3.69811,40.4335]]]}},{"type":"Feature","properties":{"id":"2807907069"},"geometry":{"type":"Polygon","coordinates":[[[-3.6996,40.43314],[-3.70105,40.43276],[-3.70167,40.43423],[-3.70023,40.43459],[-3.6996,40.43314]]]}},{"type":"Feature","properties":{"id":"2807907070"},"geometry":{"type":"Polygon","coordinates":[[[-3.69759,40.43232],[-3.69777,40.4324],[-3.69793,40.43237],[-3.69887,40.43157],[-3.69902,40.43168],[-3.69939,40.43261],[-3.70006,40.43244],[-3.70105,40.43276],[-3.69811,40.4335],[-3.69759,40.43232]]]}},{"type":"Feature","properties":{"id":"2807907071"},"geometry":{"type":"Polygon","coordinates":[[[-3.69759,40.43232],[-3.69696,40.43085],[-3.70005,40.43058],[-3.69793,40.43237],[-3.69777,40.4324],[-3.69759,40.43232]]]}},{"type":"Feature","properties":{"id":"2807907072"},"geometry":{"type":"Polygon","coordinates":[[[-3.69696,40.43085],[-3.69579,40.42813],[-3.69575,40.42761],[-3.69719,40.42797],[-3.69713,40.42814],[-3.69754,40.42964],[-3.7006,40.42937],[-3.70074,40.43],[-3.70005,40.43058],[-3.69696,40.43085]]]}},{"type":"Feature","properties":{"id":"2807907073"},"geometry":{"type":"Polygon","coordinates":[[[-3.69719,40.42797],[-3.69942,40.42842],[-3.70187,40.42895],[-3.70175,40.42902],[-3.70181,40.42911],[-3.70074,40.43],[-3.7006,40.42937],[-3.69754,40.42964],[-3.69713,40.42814],[-3.69719,40.42797]]]}},{"type":"Feature","properties":{"id":"2807907075"},"geometry":{"type":"Polygon","coordinates":[[[-3.69483,40.42826],[-3.68973,40.428],[-3.69038,40.42525],[-3.69105,40.42539],[-3.69196,40.42574],[-3.69575,40.42761],[-3.69498,40.42835],[-3.69483,40.42826]]]}},{"type":"Feature","properties":{"id":"2807907076"},"geometry":{"type":"Polygon","coordinates":[[[-3.69647,40.42971],[-3.69368,40.42957],[-3.6936,40.42965],[-3.69197,40.42951],[-3.6921,40.42812],[-3.69483,40.42826],[-3.69498,40.42835],[-3.69575,40.42761],[-3.69579,40.42813],[-3.69647,40.42971]]]}},{"type":"Feature","properties":{"id":"2807907078"},"geometry":{"type":"Polygon","coordinates":[[[-3.69517,40.43075],[-3.69182,40.43058],[-3.69197,40.42951],[-3.6936,40.42965],[-3.69368,40.42957],[-3.69526,40.42967],[-3.69517,40.43075]]]}},{"type":"Feature","properties":{"id":"2807907079"},"geometry":{"type":"Polygon","coordinates":[[[-3.69509,40.43174],[-3.69526,40.42967],[-3.69647,40.42971],[-3.6973,40.43166],[-3.69509,40.43174]]]}},{"type":"Feature","properties":{"id":"2807907080"},"geometry":{"type":"Polygon","coordinates":[[[-3.69352,40.43063],[-3.69517,40.43075],[-3.69509,40.43174],[-3.6973,40.43166],[-3.69759,40.43232],[-3.69659,40.43268],[-3.69333,40.43289],[-3.69352,40.43063]]]}},{"type":"Feature","properties":{"id":"2807907081"},"geometry":{"type":"Polygon","coordinates":[[[-3.68842,40.43303],[-3.68973,40.428],[-3.6921,40.42812],[-3.69182,40.43058],[-3.69352,40.43063],[-3.69333,40.43289],[-3.68842,40.43303]]]}},{"type":"Feature","properties":{"id":"2807907082"},"geometry":{"type":"Polygon","coordinates":[[[-3.68907,40.43522],[-3.68871,40.43496],[-3.68842,40.43303],[-3.69129,40.43296],[-3.69128,40.43406],[-3.69325,40.434],[-3.69316,40.43511],[-3.68907,40.43522]]]}},{"type":"Feature","properties":{"id":"2807907083"},"geometry":{"type":"Polygon","coordinates":[[[-3.69129,40.43296],[-3.69333,40.43289],[-3.69325,40.434],[-3.69128,40.43406],[-3.69129,40.43296]]]}},{"type":"Feature","properties":{"id":"2807907084"},"geometry":{"type":"Polygon","coordinates":[[[-3.69316,40.43511],[-3.69333,40.43289],[-3.695,40.43282],[-3.69482,40.43507],[-3.69316,40.43511]]]}},{"type":"Feature","properties":{"id":"2807907085"},"geometry":{"type":"Polygon","coordinates":[[[-3.69482,40.43507],[-3.695,40.43282],[-3.69659,40.43268],[-3.69759,40.43232],[-3.69875,40.43495],[-3.69482,40.43507]]]}},{"type":"Feature","properties":{"id":"2807907086"},"geometry":{"type":"Polygon","coordinates":[[[-3.69647,40.43565],[-3.69652,40.43503],[-3.69875,40.43495],[-3.69911,40.43578],[-3.69647,40.43565]]]}},{"type":"Feature","properties":{"id":"2807907087"},"geometry":{"type":"Polygon","coordinates":[[[-3.69302,40.43662],[-3.69316,40.43511],[-3.69652,40.43503],[-3.69647,40.43565],[-3.69477,40.43556],[-3.69467,40.43665],[-3.69302,40.43662]]]}},{"type":"Feature","properties":{"id":"2807907088"},"geometry":{"type":"Polygon","coordinates":[[[-3.69467,40.43665],[-3.69477,40.43556],[-3.69647,40.43565],[-3.6964,40.43668],[-3.69467,40.43665]]]}},{"type":"Feature","properties":{"id":"2807907089"},"geometry":{"type":"Polygon","coordinates":[[[-3.69953,40.43675],[-3.6964,40.43668],[-3.69647,40.43565],[-3.69911,40.43578],[-3.69953,40.43675]]]}},{"type":"Feature","properties":{"id":"2807907090"},"geometry":{"type":"Polygon","coordinates":[[[-3.70029,40.43848],[-3.69857,40.4384],[-3.69883,40.43672],[-3.69953,40.43675],[-3.70029,40.43848]]]}},{"type":"Feature","properties":{"id":"2807907091"},"geometry":{"type":"Polygon","coordinates":[[[-3.69857,40.4384],[-3.69629,40.4383],[-3.6964,40.43668],[-3.69883,40.43672],[-3.69857,40.4384]]]}},{"type":"Feature","properties":{"id":"2807907092"},"geometry":{"type":"Polygon","coordinates":[[[-3.6929,40.43813],[-3.69302,40.43662],[-3.6964,40.43668],[-3.69629,40.4383],[-3.6929,40.43813]]]}},{"type":"Feature","properties":{"id":"2807907093"},"geometry":{"type":"Polygon","coordinates":[[[-3.69067,40.43799],[-3.68901,40.43557],[-3.68896,40.43541],[-3.68907,40.43522],[-3.69316,40.43511],[-3.6929,40.43813],[-3.69067,40.43799]]]}},{"type":"Feature","properties":{"id":"2807907094"},"geometry":{"type":"Polygon","coordinates":[[[-3.6962,40.43946],[-3.69109,40.43921],[-3.69067,40.43799],[-3.69629,40.4383],[-3.6962,40.43946]]]}},{"type":"Feature","properties":{"id":"2807907095"},"geometry":{"type":"Polygon","coordinates":[[[-3.69127,40.44622],[-3.69173,40.44166],[-3.69109,40.43921],[-3.69446,40.43938],[-3.69428,40.44135],[-3.69493,40.44167],[-3.6948,40.44291],[-3.69523,40.44373],[-3.69502,40.4464],[-3.69127,40.44622]]]}},{"type":"Feature","properties":{"id":"2807907096"},"geometry":{"type":"Polygon","coordinates":[[[-3.69493,40.44167],[-3.69428,40.44135],[-3.69446,40.43938],[-3.6962,40.43946],[-3.696,40.44174],[-3.69493,40.44167]]]}},{"type":"Feature","properties":{"id":"2807907097"},"geometry":{"type":"Polygon","coordinates":[[[-3.6961,40.44056],[-3.69629,40.4383],[-3.69779,40.43836],[-3.69761,40.44063],[-3.6961,40.44056]]]}},{"type":"Feature","properties":{"id":"2807907098"},"geometry":{"type":"Polygon","coordinates":[[[-3.696,40.44174],[-3.6961,40.44056],[-3.69761,40.44063],[-3.6975,40.44181],[-3.696,40.44174]]]}},{"type":"Feature","properties":{"id":"2807907099"},"geometry":{"type":"Polygon","coordinates":[[[-3.6975,40.44181],[-3.69761,40.44063],[-3.69916,40.4407],[-3.69907,40.44188],[-3.6975,40.44181]]]}},{"type":"Feature","properties":{"id":"2807907100"},"geometry":{"type":"Polygon","coordinates":[[[-3.69761,40.44063],[-3.69769,40.43953],[-3.69924,40.4396],[-3.69916,40.4407],[-3.69761,40.44063]]]}},{"type":"Feature","properties":{"id":"2807907101"},"geometry":{"type":"Polygon","coordinates":[[[-3.69769,40.43953],[-3.69779,40.43836],[-3.69934,40.43844],[-3.69924,40.4396],[-3.69769,40.43953]]]}},{"type":"Feature","properties":{"id":"2807907102"},"geometry":{"type":"Polygon","coordinates":[[[-3.7018,40.44201],[-3.70078,40.43963],[-3.69924,40.4396],[-3.69934,40.43844],[-3.70421,40.43866],[-3.70409,40.44213],[-3.7018,40.44201]]]}},{"type":"Feature","properties":{"id":"2807907103"},"geometry":{"type":"Polygon","coordinates":[[[-3.7018,40.44201],[-3.69907,40.44188],[-3.69924,40.4396],[-3.70078,40.43963],[-3.7018,40.44201]]]}},{"type":"Feature","properties":{"id":"2807907105"},"geometry":{"type":"Polygon","coordinates":[[[-3.7023,40.4432],[-3.7018,40.44201],[-3.70409,40.44213],[-3.70407,40.44327],[-3.7023,40.4432]]]}},{"type":"Feature","properties":{"id":"2807907106"},"geometry":{"type":"Polygon","coordinates":[[[-3.70325,40.44541],[-3.70283,40.4444],[-3.7023,40.4432],[-3.70407,40.44327],[-3.704,40.44544],[-3.70325,40.44541]]]}},{"type":"Feature","properties":{"id":"2807907107"},"geometry":{"type":"Polygon","coordinates":[[[-3.70055,40.44419],[-3.70074,40.44196],[-3.7018,40.44201],[-3.70278,40.44431],[-3.70055,40.44419]]]}},{"type":"Feature","properties":{"id":"2807907108"},"geometry":{"type":"Polygon","coordinates":[[[-3.69887,40.4441],[-3.69907,40.44188],[-3.70074,40.44196],[-3.70055,40.44419],[-3.69887,40.4441]]]}},{"type":"Feature","properties":{"id":"2807907109"},"geometry":{"type":"Polygon","coordinates":[[[-3.69732,40.44403],[-3.6975,40.44181],[-3.69907,40.44188],[-3.69887,40.4441],[-3.69732,40.44403]]]}},{"type":"Feature","properties":{"id":"2807907110"},"geometry":{"type":"Polygon","coordinates":[[[-3.6948,40.44283],[-3.69493,40.44167],[-3.6975,40.44181],[-3.69741,40.44296],[-3.6948,40.44283]]]}},{"type":"Feature","properties":{"id":"2807907111"},"geometry":{"type":"Polygon","coordinates":[[[-3.69521,40.44407],[-3.69521,40.44361],[-3.69486,40.44309],[-3.6948,40.44283],[-3.69741,40.44296],[-3.69732,40.44403],[-3.69595,40.44396],[-3.69573,40.44408],[-3.69521,40.44407]]]}},{"type":"Feature","properties":{"id":"2807907113"},"geometry":{"type":"Polygon","coordinates":[[[-3.69712,40.44652],[-3.69502,40.4464],[-3.69521,40.44407],[-3.69573,40.44408],[-3.69595,40.44396],[-3.69732,40.44403],[-3.69712,40.44652]]]}},{"type":"Feature","properties":{"id":"2807907114"},"geometry":{"type":"Polygon","coordinates":[[[-3.69712,40.44652],[-3.69732,40.44403],[-3.69887,40.4441],[-3.69864,40.44659],[-3.69712,40.44652]]]}},{"type":"Feature","properties":{"id":"2807907115"},"geometry":{"type":"Polygon","coordinates":[[[-3.70035,40.44666],[-3.69864,40.44659],[-3.69887,40.4441],[-3.70055,40.44419],[-3.70035,40.44666]]]}},{"type":"Feature","properties":{"id":"2807907116"},"geometry":{"type":"Polygon","coordinates":[[[-3.70046,40.44526],[-3.70055,40.44419],[-3.70256,40.44429],[-3.70278,40.44431],[-3.70325,40.44541],[-3.70046,40.44526]]]}},{"type":"Feature","properties":{"id":"2807907117"},"geometry":{"type":"Polygon","coordinates":[[[-3.70394,40.44686],[-3.70035,40.44666],[-3.70046,40.44526],[-3.704,40.44544],[-3.70394,40.44686]]]}},{"type":"Feature","properties":{"id":"2807907118"},"geometry":{"type":"Polygon","coordinates":[[[-3.70394,40.44686],[-3.70409,40.44213],[-3.70463,40.44213],[-3.70508,40.44192],[-3.70498,40.44233],[-3.70688,40.4453],[-3.7062,40.44553],[-3.70606,40.44696],[-3.70394,40.44686]]]}},{"type":"Feature","properties":{"id":"2807907119"},"geometry":{"type":"Polygon","coordinates":[[[-3.70835,40.4471],[-3.70606,40.44696],[-3.7062,40.44553],[-3.70688,40.4453],[-3.70746,40.44584],[-3.70835,40.4471]]]}},{"type":"Feature","properties":{"id":"2807907120"},"geometry":{"type":"Polygon","coordinates":[[[-3.70835,40.4471],[-3.70746,40.44584],[-3.70688,40.4453],[-3.70498,40.44233],[-3.70508,40.44192],[-3.70813,40.4408],[-3.70825,40.44147],[-3.70853,40.44188],[-3.71045,40.44358],[-3.71062,40.44393],[-3.71257,40.44264],[-3.71235,40.44564],[-3.71046,40.446],[-3.71043,40.44686],[-3.70917,40.44713],[-3.70835,40.4471]]]}},{"type":"Feature","properties":{"id":"2807907121"},"geometry":{"type":"Polygon","coordinates":[[[-3.70409,40.44213],[-3.70421,40.43866],[-3.70652,40.43874],[-3.70644,40.43997],[-3.70819,40.44004],[-3.70813,40.4408],[-3.70463,40.44213],[-3.70409,40.44213]]]}},{"type":"Feature","properties":{"id":"2807907122"},"geometry":{"type":"Polygon","coordinates":[[[-3.70652,40.43874],[-3.70831,40.4388],[-3.70819,40.44004],[-3.70644,40.43997],[-3.70652,40.43874]]]}},{"type":"Feature","properties":{"id":"2807907123"},"geometry":{"type":"Polygon","coordinates":[[[-3.70813,40.4408],[-3.70831,40.4388],[-3.70996,40.43887],[-3.70987,40.43996],[-3.70997,40.44012],[-3.70813,40.4408]]]}},{"type":"Feature","properties":{"id":"2807907124"},"geometry":{"type":"Polygon","coordinates":[[[-3.70996,40.43887],[-3.71278,40.43898],[-3.71285,40.43904],[-3.70997,40.44012],[-3.70987,40.43996],[-3.70996,40.43887]]]}},{"type":"Feature","properties":{"id":"2807907125"},"geometry":{"type":"Polygon","coordinates":[[[-3.70813,40.4408],[-3.71267,40.43913],[-3.71285,40.43904],[-3.71257,40.44264],[-3.71062,40.44393],[-3.71045,40.44358],[-3.70853,40.44188],[-3.70825,40.44147],[-3.70813,40.4408]]]}},{"type":"Feature","properties":{"id":"2807907126"},"geometry":{"type":"Polygon","coordinates":[[[-3.71268,40.44127],[-3.71278,40.44002],[-3.71405,40.44008],[-3.71398,40.44109],[-3.71375,40.44114],[-3.71365,40.4413],[-3.71268,40.44127]]]}},{"type":"Feature","properties":{"id":"2807907127"},"geometry":{"type":"Polygon","coordinates":[[[-3.71398,40.44109],[-3.71405,40.44008],[-3.71278,40.44002],[-3.71285,40.43904],[-3.71522,40.43912],[-3.71516,40.44008],[-3.71564,40.44054],[-3.71437,40.44142],[-3.71398,40.44109]]]}},{"type":"Feature","properties":{"id":"2807907128"},"geometry":{"type":"Polygon","coordinates":[[[-3.71522,40.43912],[-3.71638,40.43916],[-3.71765,40.43918],[-3.71564,40.44054],[-3.71516,40.44008],[-3.71522,40.43912]]]}},{"type":"Feature","properties":{"id":"2807907129"},"geometry":{"type":"Polygon","coordinates":[[[-3.71564,40.44054],[-3.71739,40.43938],[-3.71765,40.43918],[-3.71767,40.43998],[-3.71818,40.44097],[-3.71721,40.44126],[-3.71671,40.44132],[-3.71648,40.44126],[-3.71564,40.44054]]]}},{"type":"Feature","properties":{"id":"2807907130"},"geometry":{"type":"Polygon","coordinates":[[[-3.7155,40.44273],[-3.7155,40.44264],[-3.71421,40.44153],[-3.71564,40.44054],[-3.71648,40.44126],[-3.71671,40.44132],[-3.71721,40.44126],[-3.71818,40.44097],[-3.71916,40.44278],[-3.71894,40.44285],[-3.7155,40.44273]]]}},{"type":"Feature","properties":{"id":"2807907131"},"geometry":{"type":"Polygon","coordinates":[[[-3.7155,40.44273],[-3.713,40.44264],[-3.71272,40.44254],[-3.71257,40.44264],[-3.71268,40.44127],[-3.71365,40.4413],[-3.71375,40.44114],[-3.71399,40.44109],[-3.71437,40.44142],[-3.71421,40.44153],[-3.7155,40.44264],[-3.7155,40.44273]]]}},{"type":"Feature","properties":{"id":"2807907132"},"geometry":{"type":"Polygon","coordinates":[[[-3.71413,40.44376],[-3.71421,40.44268],[-3.71894,40.44285],[-3.71916,40.44278],[-3.71981,40.44378],[-3.71994,40.44502],[-3.7194,40.44537],[-3.71678,40.44496],[-3.71601,40.44492],[-3.71608,40.4435],[-3.71516,40.44381],[-3.71413,40.44376]]]}},{"type":"Feature","properties":{"id":"2807907133"},"geometry":{"type":"Polygon","coordinates":[[[-3.71241,40.44479],[-3.71257,40.44264],[-3.71272,40.44254],[-3.713,40.44264],[-3.71421,40.44268],[-3.71405,40.44485],[-3.71241,40.44479]]]}},{"type":"Feature","properties":{"id":"2807907135"},"geometry":{"type":"Polygon","coordinates":[[[-3.71046,40.446],[-3.71235,40.44564],[-3.71241,40.44479],[-3.71405,40.44485],[-3.71413,40.44376],[-3.71516,40.44381],[-3.71608,40.4435],[-3.71601,40.44492],[-3.71678,40.44496],[-3.7194,40.44537],[-3.71933,40.44563],[-3.71817,40.44674],[-3.71719,40.44665],[-3.71503,40.44584],[-3.71501,40.44575],[-3.71478,40.44567],[-3.71458,40.44569],[-3.71455,40.44582],[-3.71043,40.44686],[-3.71046,40.446]]]}},{"type":"Feature","properties":{"id":"2807908001"},"geometry":{"type":"Polygon","coordinates":[[[-3.77767,40.52663],[-3.78104,40.53068],[-3.78354,40.53428],[-3.78127,40.53488],[-3.78092,40.53454],[-3.78021,40.53355],[-3.77974,40.53243],[-3.77867,40.53255],[-3.77796,40.53077],[-3.77531,40.53005],[-3.77442,40.52871],[-3.77679,40.527],[-3.777,40.52717],[-3.77767,40.52663]]]}},{"type":"Feature","properties":{"id":"2807908002"},"geometry":{"type":"Polygon","coordinates":[[[-3.80357,40.59901],[-3.80318,40.59866],[-3.80227,40.59834],[-3.80148,40.59823],[-3.79792,40.59846],[-3.7968,40.59806],[-3.79594,40.59757],[-3.79549,40.59716],[-3.79523,40.5967],[-3.79505,40.59595],[-3.79541,40.59482],[-3.79595,40.59381],[-3.79617,40.59294],[-3.7962,40.59231],[-3.79591,40.59146],[-3.7943,40.58892],[-3.79341,40.58772],[-3.79075,40.58494],[-3.79026,40.58395],[-3.78999,40.58228],[-3.78933,40.58143],[-3.78714,40.57951],[-3.78684,40.57893],[-3.78682,40.57794],[-3.78767,40.57582],[-3.78725,40.57292],[-3.7856,40.56881],[-3.78607,40.55902],[-3.78381,40.54805],[-3.78272,40.54611],[-3.78251,40.54526],[-3.78315,40.54319],[-3.78278,40.54116],[-3.78282,40.54053],[-3.78327,40.53967],[-3.78441,40.53871],[-3.78488,40.53803],[-3.78504,40.53712],[-3.78501,40.53659],[-3.78463,40.53585],[-3.78104,40.53068],[-3.77719,40.52605],[-3.7739,40.52252],[-3.77335,40.52173],[-3.77328,40.52122],[-3.77355,40.51828],[-3.77563,40.51899],[-3.77591,40.519],[-3.77666,40.51995],[-3.77853,40.51946],[-3.77782,40.51802],[-3.7769,40.51572],[-3.77686,40.51535],[-3.77429,40.51115],[-3.77189,40.50832],[-3.77116,40.5071],[-3.77029,40.50469],[-3.76981,40.50376],[-3.76765,40.50087],[-3.76603,40.49891],[-3.7637,40.49647],[-3.76242,40.49628],[-3.76167,40.49685],[-3.76108,40.49689],[-3.75998,40.49656],[-3.75872,40.49533],[-3.75845,40.49475],[-3.75867,40.49351],[-3.75895,40.49287],[-3.75889,40.49248],[-3.75867,40.49208],[-3.7589,40.49064],[-3.75867,40.49015],[-3.75817,40.48978],[-3.75803,40.48939],[-3.75579,40.48797],[-3.75525,40.4872],[-3.75509,40.48608],[-3.75521,40.48489],[-3.7551,40.48432],[-3.7548,40.48368],[-3.75487,40.48219],[-3.75479,40.48188],[-3.7545,40.48164],[-3.75433,40.47888],[-3.75663,40.47884],[-3.75751,40.47902],[-3.75773,40.47845],[-3.75827,40.47433],[-3.75828,40.47353],[-3.7603,40.47276],[-3.76165,40.47266],[-3.76321,40.47279],[-3.76898,40.47421],[-3.76993,40.47431],[-3.77286,40.47446],[-3.78026,40.47441],[-3.78091,40.47474],[-3.78985,40.4721],[-3.7923,40.47078],[-3.79436,40.4701],[-3.79784,40.46939],[-3.79932,40.4693],[-3.80016,40.46912],[-3.80146,40.46941],[-3.80245,40.4698],[-3.81003,40.47212],[-3.8263,40.47673],[-3.83266,40.47845],[-3.83669,40.47938],[-3.83648,40.48055],[-3.83675,40.48083],[-3.83634,40.48112],[-3.83631,40.48163],[-3.83609,40.48194],[-3.8351,40.48254],[-3.83428,40.48393],[-3.83361,40.48548],[-3.83332,40.48591],[-3.8332,40.48763],[-3.83351,40.48998],[-3.83373,40.49077],[-3.83423,40.49186],[-3.83446,40.49405],[-3.83571,40.49526],[-3.83787,40.49778],[-3.83946,40.49937],[-3.83867,40.50275],[-3.83788,40.50391],[-3.83713,40.50589],[-3.84921,40.50898],[-3.84974,40.50878],[-3.85224,40.50953],[-3.85259,40.50975],[-3.85261,40.50991],[-3.85402,40.51203],[-3.85337,40.51456],[-3.85227,40.5155],[-3.85191,40.51679],[-3.85165,40.51702],[-3.85135,40.51767],[-3.8518,40.51827],[-3.85326,40.51944],[-3.85444,40.52137],[-3.85438,40.52276],[-3.85427,40.52303],[-3.85426,40.52497],[-3.85481,40.52552],[-3.85501,40.52559],[-3.85623,40.52693],[-3.85779,40.52791],[-3.85785,40.52835],[-3.85837,40.52957],[-3.85814,40.53006],[-3.85965,40.53143],[-3.86057,40.53283],[-3.86133,40.53334],[-3.86229,40.53419],[-3.86305,40.53464],[-3.86385,40.53754],[-3.86391,40.53924],[-3.8643,40.53973],[-3.86516,40.5421],[-3.86556,40.5425],[-3.86571,40.54344],[-3.8674,40.54553],[-3.86945,40.54741],[-3.86906,40.54827],[-3.87074,40.55104],[-3.87203,40.55213],[-3.87265,40.55303],[-3.8731,40.5547],[-3.873,40.55533],[-3.87387,40.55754],[-3.87409,40.55774],[-3.87516,40.55814],[-3.87544,40.55883],[-3.87888,40.55956],[-3.88208,40.55962],[-3.88406,40.56043],[-3.88477,40.56081],[-3.88499,40.56106],[-3.88494,40.56185],[-3.88391,40.56311],[-3.88382,40.56384],[-3.88708,40.56642],[-3.88792,40.56823],[-3.88797,40.56887],[-3.88893,40.57078],[-3.8884,40.57223],[-3.88579,40.57411],[-3.88521,40.57518],[-3.8838,40.57895],[-3.88383,40.58025],[-3.88421,40.58126],[-3.88348,40.58254],[-3.88389,40.58338],[-3.88372,40.58528],[-3.88353,40.58527],[-3.87995,40.58707],[-3.87829,40.58805],[-3.87685,40.58864],[-3.87615,40.58926],[-3.87621,40.58998],[-3.87394,40.59116],[-3.8721,40.59134],[-3.86889,40.59201],[-3.86731,40.59218],[-3.86603,40.59183],[-3.86544,40.59131],[-3.86489,40.59043],[-3.86354,40.58952],[-3.86115,40.58884],[-3.85994,40.58822],[-3.85886,40.58801],[-3.85809,40.58795],[-3.85544,40.58826],[-3.85495,40.58805],[-3.85416,40.58846],[-3.85376,40.58881],[-3.85299,40.58906],[-3.85056,40.59031],[-3.84933,40.59077],[-3.84888,40.59091],[-3.84813,40.59095],[-3.8458,40.59133],[-3.84425,40.5921],[-3.84305,40.59246],[-3.84167,40.59266],[-3.84045,40.59238],[-3.83773,40.59133],[-3.83668,40.59157],[-3.83545,40.5921],[-3.83335,40.59351],[-3.83185,40.59386],[-3.83011,40.59403],[-3.82782,40.59467],[-3.82646,40.59473],[-3.82334,40.59461],[-3.82282,40.59451],[-3.8203,40.595],[-3.81619,40.59496],[-3.81444,40.59539],[-3.81394,40.59612],[-3.81259,40.59684],[-3.80606,40.59986],[-3.80939,40.60505],[-3.80987,40.60593],[-3.80975,40.60601],[-3.81009,40.60662],[-3.81061,40.60699],[-3.8115,40.60729],[-3.81252,40.60798],[-3.81282,40.60828],[-3.81183,40.60869],[-3.81152,40.60874],[-3.81086,40.60941],[-3.81028,40.60951],[-3.81004,40.60946],[-3.80963,40.60988],[-3.80942,40.60987],[-3.80926,40.60941],[-3.80899,40.60927],[-3.80745,40.6092],[-3.80621,40.60951],[-3.80606,40.60926],[-3.80639,40.60865],[-3.80625,40.60805],[-3.80612,40.60793],[-3.80506,40.60727],[-3.80429,40.60697],[-3.80227,40.6063],[-3.80168,40.6063],[-3.80049,40.60586],[-3.80032,40.60485],[-3.80357,40.59901]]]}},{"type":"Feature","properties":{"id":"2807908003"},"geometry":{"type":"Polygon","coordinates":[[[-3.77591,40.519],[-3.77386,40.51703],[-3.77545,40.51605],[-3.77579,40.51653],[-3.77709,40.51616],[-3.77803,40.51851],[-3.77853,40.51946],[-3.77666,40.51995],[-3.77591,40.519]]]}},{"type":"Feature","properties":{"id":"2807908004"},"geometry":{"type":"Polygon","coordinates":[[[-3.62693,40.61688],[-3.62387,40.61651],[-3.62266,40.61598],[-3.62186,40.61521],[-3.6205,40.61263],[-3.61977,40.61195],[-3.618,40.61127],[-3.61785,40.61019],[-3.61831,40.60902],[-3.61676,40.60699],[-3.617,40.60642],[-3.6171,40.60578],[-3.61675,40.60429],[-3.61613,40.60299],[-3.61656,40.6021],[-3.61636,40.60153],[-3.61534,40.60067],[-3.61441,40.60059],[-3.61306,40.5999],[-3.61175,40.5995],[-3.61064,40.59875],[-3.60884,40.59844],[-3.60796,40.59755],[-3.60694,40.59679],[-3.60534,40.59645],[-3.60472,40.59579],[-3.60492,40.59516],[-3.60482,40.59429],[-3.60332,40.59297],[-3.60212,40.5925],[-3.60187,40.59228],[-3.60179,40.59198],[-3.60199,40.59095],[-3.60229,40.59016],[-3.60298,40.58901],[-3.60336,40.58875],[-3.60429,40.58841],[-3.60506,40.58777],[-3.60634,40.58518],[-3.6119,40.58191],[-3.61636,40.58048],[-3.62131,40.57658],[-3.6221,40.57582],[-3.625,40.5736],[-3.6263,40.57352],[-3.62792,40.57359],[-3.62877,40.57378],[-3.62983,40.57434],[-3.6311,40.57487],[-3.63251,40.57451],[-3.63438,40.57445],[-3.63719,40.57476],[-3.63961,40.57513],[-3.64014,40.57528],[-3.64139,40.57573],[-3.64267,40.57645],[-3.64339,40.57661],[-3.6448,40.57686],[-3.64749,40.57694],[-3.6496,40.57717],[-3.65017,40.57731],[-3.65103,40.57808],[-3.65276,40.5811],[-3.65448,40.58607],[-3.6553,40.58771],[-3.65625,40.58886],[-3.65895,40.59052],[-3.6604,40.59167],[-3.66179,40.59209],[-3.66269,40.59225],[-3.66526,40.59231],[-3.66732,40.59209],[-3.67414,40.58886],[-3.67309,40.58691],[-3.67414,40.58886],[-3.68203,40.58496],[-3.68452,40.58349],[-3.68589,40.58287],[-3.68717,40.58254],[-3.68865,40.58255],[-3.69059,40.58101],[-3.69163,40.5805],[-3.69242,40.58026],[-3.69374,40.57992],[-3.69585,40.57961],[-3.69942,40.5786],[-3.70581,40.57872],[-3.70743,40.5785],[-3.70963,40.57848],[-3.71207,40.5721],[-3.71337,40.56977],[-3.71449,40.56809],[-3.71546,40.56696],[-3.7158,40.56642],[-3.71609,40.56546],[-3.71608,40.56445],[-3.71583,40.5624],[-3.71537,40.5612],[-3.71551,40.5607],[-3.71436,40.55834],[-3.71233,40.55495],[-3.71023,40.55257],[-3.70967,40.55145],[-3.70911,40.54789],[-3.70892,40.54786],[-3.70853,40.5476],[-3.70874,40.54489],[-3.70864,40.54412],[-3.70825,40.54317],[-3.70751,40.54191],[-3.70586,40.54009],[-3.70888,40.53545],[-3.71146,40.53228],[-3.717,40.53083],[-3.72106,40.52959],[-3.72587,40.52776],[-3.72684,40.52461],[-3.72775,40.52475],[-3.72884,40.5245],[-3.73241,40.52137],[-3.73949,40.51388],[-3.73966,40.51332],[-3.74004,40.51319],[-3.74025,40.513],[-3.74038,40.51265],[-3.74047,40.51154],[-3.74217,40.50902],[-3.73518,40.50677],[-3.73473,40.50755],[-3.73278,40.507],[-3.73323,40.50618],[-3.73265,40.50601],[-3.73224,40.50386],[-3.73263,40.5034],[-3.73445,40.5021],[-3.7363,40.49716],[-3.73919,40.49136],[-3.74027,40.49015],[-3.74043,40.48973],[-3.74273,40.48762],[-3.74488,40.48532],[-3.74525,40.48472],[-3.74535,40.48424],[-3.74523,40.48379],[-3.7448,40.4833],[-3.74162,40.48118],[-3.74665,40.47771],[-3.74736,40.47816],[-3.74803,40.47837],[-3.75138,40.47844],[-3.75357,40.4783],[-3.75433,40.47888],[-3.7545,40.48164],[-3.75479,40.48188],[-3.75487,40.48219],[-3.7548,40.48368],[-3.7551,40.48432],[-3.75521,40.48489],[-3.75509,40.48608],[-3.75516,40.48691],[-3.75535,40.48742],[-3.75579,40.48797],[-3.75803,40.48939],[-3.75817,40.48978],[-3.75867,40.49015],[-3.7589,40.49064],[-3.75867,40.49208],[-3.75889,40.49248],[-3.75895,40.49287],[-3.75867,40.49351],[-3.75845,40.49475],[-3.75872,40.49533],[-3.75998,40.49656],[-3.76108,40.49689],[-3.76167,40.49685],[-3.76242,40.49628],[-3.7637,40.49647],[-3.76603,40.49891],[-3.76765,40.50087],[-3.76981,40.50376],[-3.77029,40.50469],[-3.77116,40.5071],[-3.77189,40.50832],[-3.77429,40.51115],[-3.77686,40.51535],[-3.77709,40.51616],[-3.77579,40.51653],[-3.77545,40.51605],[-3.77386,40.51703],[-3.77591,40.519],[-3.77563,40.51899],[-3.77355,40.51828],[-3.7733,40.5215],[-3.77354,40.52206],[-3.7739,40.52252],[-3.77767,40.52663],[-3.777,40.52717],[-3.77679,40.527],[-3.77442,40.52871],[-3.77531,40.53005],[-3.77796,40.53077],[-3.77867,40.53255],[-3.77974,40.53243],[-3.78021,40.53355],[-3.78121,40.53484],[-3.78182,40.53478],[-3.78354,40.53428],[-3.78496,40.53642],[-3.78504,40.53712],[-3.78488,40.53803],[-3.78441,40.53871],[-3.78327,40.53967],[-3.78282,40.54053],[-3.78278,40.54116],[-3.78315,40.54319],[-3.78251,40.54526],[-3.78272,40.54611],[-3.78381,40.54805],[-3.78607,40.55902],[-3.7856,40.56881],[-3.78725,40.57292],[-3.78767,40.57582],[-3.78682,40.57794],[-3.78684,40.57893],[-3.78714,40.57951],[-3.78933,40.58143],[-3.78999,40.58228],[-3.79026,40.58395],[-3.79075,40.58494],[-3.79341,40.58772],[-3.7943,40.58892],[-3.79591,40.59146],[-3.7962,40.59231],[-3.79617,40.59294],[-3.79595,40.59381],[-3.79541,40.59482],[-3.79505,40.59595],[-3.79523,40.5967],[-3.79549,40.59716],[-3.79594,40.59757],[-3.7968,40.59806],[-3.79792,40.59846],[-3.80148,40.59823],[-3.80227,40.59834],[-3.80318,40.59866],[-3.80336,40.59888],[-3.80111,40.59893],[-3.79918,40.59851],[-3.79733,40.59971],[-3.79677,40.59991],[-3.79504,40.59991],[-3.79168,40.59926],[-3.78991,40.599],[-3.78912,40.59912],[-3.78645,40.6004],[-3.78516,40.60047],[-3.78358,40.60178],[-3.78297,40.60176],[-3.7825,40.60156],[-3.78172,40.60086],[-3.77994,40.60118],[-3.77893,40.60174],[-3.77827,40.60178],[-3.77432,40.60054],[-3.76813,40.59965],[-3.7653,40.59841],[-3.76421,40.59832],[-3.75975,40.59703],[-3.75839,40.59613],[-3.7573,40.59609],[-3.75377,40.59483],[-3.75295,40.59477],[-3.75251,40.59456],[-3.75224,40.59442],[-3.75012,40.59248],[-3.74921,40.59275],[-3.74575,40.59224],[-3.7453,40.59187],[-3.74082,40.59065],[-3.73963,40.5893],[-3.7387,40.58716],[-3.73817,40.58647],[-3.73723,40.58612],[-3.73577,40.58575],[-3.73354,40.58536],[-3.73207,40.5854],[-3.73,40.58518],[-3.72827,40.58455],[-3.72145,40.5826],[-3.7207,40.58221],[-3.71944,40.5821],[-3.71723,40.58289],[-3.71455,40.58265],[-3.713,40.58329],[-3.71155,40.5831],[-3.71084,40.58312],[-3.70859,40.58352],[-3.70789,40.58376],[-3.70763,40.58315],[-3.7054,40.58298],[-3.70539,40.5847],[-3.70484,40.58491],[-3.7021,40.58687],[-3.69648,40.58976],[-3.69627,40.58994],[-3.69192,40.59752],[-3.69064,40.60128],[-3.6875,40.6067],[-3.68501,40.60867],[-3.67966,40.61092],[-3.67888,40.61163],[-3.6747,40.61635],[-3.67401,40.6167],[-3.67125,40.61747],[-3.6668,40.61964],[-3.66654,40.62011],[-3.66703,40.62258],[-3.66731,40.62341],[-3.66851,40.62598],[-3.66858,40.62702],[-3.66839,40.62885],[-3.66734,40.63104],[-3.66552,40.63404],[-3.6644,40.63553],[-3.66228,40.63791],[-3.66178,40.63942],[-3.65826,40.64217],[-3.65613,40.64296],[-3.65592,40.64325],[-3.65568,40.64333],[-3.65206,40.64266],[-3.64876,40.64146],[-3.64454,40.63802],[-3.64243,40.63808],[-3.64021,40.63848],[-3.63889,40.6384],[-3.63772,40.6377],[-3.6368,40.63672],[-3.63631,40.63507],[-3.63468,40.63353],[-3.63297,40.63064],[-3.63093,40.62886],[-3.63019,40.62833],[-3.62972,40.62736],[-3.62965,40.6268],[-3.63024,40.62584],[-3.62885,40.62234],[-3.6295,40.62061],[-3.62864,40.61936],[-3.62861,40.61812],[-3.62823,40.61758],[-3.62693,40.61688]]]}},{"type":"Feature","properties":{"id":"2807908005"},"geometry":{"type":"Polygon","coordinates":[[[-3.73355,40.49013],[-3.7338,40.48946],[-3.7341,40.48913],[-3.73492,40.48858],[-3.73559,40.48786],[-3.73571,40.48757],[-3.73585,40.48688],[-3.73543,40.4863],[-3.73585,40.48601],[-3.73609,40.48556],[-3.73589,40.48496],[-3.736,40.48368],[-3.73673,40.4812],[-3.73745,40.48006],[-3.73769,40.47986],[-3.73794,40.47978],[-3.73854,40.47995],[-3.73975,40.47889],[-3.74021,40.47924],[-3.74299,40.47714],[-3.74307,40.47669],[-3.74292,40.47652],[-3.74295,40.47633],[-3.74378,40.47529],[-3.74359,40.47494],[-3.74293,40.47464],[-3.74323,40.47442],[-3.74702,40.47447],[-3.74801,40.47442],[-3.74858,40.47432],[-3.74964,40.47377],[-3.7501,40.47336],[-3.75067,40.47248],[-3.75073,40.47175],[-3.75056,40.4709],[-3.75146,40.47356],[-3.75172,40.47541],[-3.75159,40.47751],[-3.75138,40.47844],[-3.74803,40.47837],[-3.74736,40.47816],[-3.74665,40.47771],[-3.74162,40.48118],[-3.7448,40.4833],[-3.74523,40.48379],[-3.74535,40.48424],[-3.74525,40.48472],[-3.74488,40.48532],[-3.74273,40.48762],[-3.74043,40.48973],[-3.74027,40.49015],[-3.73919,40.49136],[-3.73832,40.49314],[-3.7349,40.49289],[-3.73508,40.49235],[-3.73498,40.49184],[-3.73355,40.49013]]]}},{"type":"Feature","properties":{"id":"2807908006"},"geometry":{"type":"Polygon","coordinates":[[[-3.74021,40.47924],[-3.73922,40.47838],[-3.73876,40.47706],[-3.74057,40.47679],[-3.74139,40.47692],[-3.74232,40.4752],[-3.74273,40.47478],[-3.74293,40.47464],[-3.74359,40.47494],[-3.74378,40.47529],[-3.74295,40.47633],[-3.74292,40.47652],[-3.74307,40.47669],[-3.74299,40.47714],[-3.74021,40.47924]]]}},{"type":"Feature","properties":{"id":"2807908007"},"geometry":{"type":"Polygon","coordinates":[[[-3.7357,40.4731],[-3.74013,40.47421],[-3.74112,40.47433],[-3.74323,40.47442],[-3.74232,40.4752],[-3.74139,40.47692],[-3.74057,40.47679],[-3.73876,40.47706],[-3.73821,40.4757],[-3.73751,40.47438],[-3.73631,40.47419],[-3.7357,40.4731]]]}},{"type":"Feature","properties":{"id":"2807908008"},"geometry":{"type":"Polygon","coordinates":[[[-3.72889,40.47792],[-3.72935,40.47482],[-3.72933,40.47458],[-3.72902,40.47453],[-3.72904,40.47446],[-3.72916,40.4738],[-3.72963,40.4734],[-3.72926,40.47307],[-3.72848,40.47285],[-3.73126,40.47263],[-3.73336,40.47269],[-3.73496,40.47297],[-3.73493,40.47311],[-3.73532,40.47332],[-3.7356,40.47325],[-3.7357,40.4731],[-3.73631,40.47419],[-3.73751,40.47438],[-3.73821,40.4757],[-3.73876,40.47706],[-3.73704,40.47725],[-3.73585,40.47716],[-3.73381,40.47678],[-3.7328,40.47678],[-3.72889,40.47792]]]}},{"type":"Feature","properties":{"id":"2807908009"},"geometry":{"type":"Polygon","coordinates":[[[-3.72142,40.47577],[-3.72381,40.47434],[-3.72687,40.47323],[-3.72848,40.47285],[-3.72926,40.47307],[-3.72963,40.4734],[-3.72916,40.4738],[-3.72904,40.47446],[-3.72902,40.47453],[-3.72933,40.47458],[-3.72935,40.47482],[-3.72916,40.47617],[-3.72161,40.47622],[-3.72142,40.47577]]]}},{"type":"Feature","properties":{"id":"2807908010"},"geometry":{"type":"Polygon","coordinates":[[[-3.72216,40.47781],[-3.72161,40.47622],[-3.72916,40.47617],[-3.72889,40.47792],[-3.72584,40.47896],[-3.72553,40.47779],[-3.72216,40.47781]]]}},{"type":"Feature","properties":{"id":"2807908011"},"geometry":{"type":"Polygon","coordinates":[[[-3.72262,40.47905],[-3.72216,40.47781],[-3.72553,40.47779],[-3.72584,40.47896],[-3.72356,40.47992],[-3.72262,40.47905]]]}},{"type":"Feature","properties":{"id":"2807908012"},"geometry":{"type":"Polygon","coordinates":[[[-3.72771,40.48237],[-3.72402,40.48067],[-3.72356,40.47992],[-3.7269,40.47854],[-3.73002,40.47756],[-3.72978,40.47955],[-3.72771,40.48237]]]}},{"type":"Feature","properties":{"id":"2807908013"},"geometry":{"type":"Polygon","coordinates":[[[-3.73305,40.47677],[-3.733,40.47695],[-3.73419,40.47721],[-3.73411,40.47916],[-3.73394,40.47921],[-3.73388,40.48013],[-3.73287,40.48146],[-3.73113,40.48071],[-3.72973,40.48256],[-3.72911,40.48228],[-3.72968,40.48155],[-3.72864,40.48111],[-3.72978,40.47955],[-3.73002,40.47756],[-3.73225,40.47689],[-3.73305,40.47677]]]}},{"type":"Feature","properties":{"id":"2807908014"},"geometry":{"type":"Polygon","coordinates":[[[-3.72267,40.4842],[-3.72254,40.484],[-3.72248,40.48316],[-3.72309,40.4831],[-3.72334,40.48284],[-3.7237,40.48301],[-3.72333,40.48351],[-3.72424,40.48391],[-3.72376,40.48453],[-3.72329,40.4845],[-3.72267,40.4842]]]}},{"type":"Feature","properties":{"id":"2807908015"},"geometry":{"type":"Polygon","coordinates":[[[-3.7225,40.48265],[-3.72242,40.48261],[-3.72219,40.4805],[-3.72356,40.47992],[-3.72402,40.48067],[-3.72398,40.48082],[-3.7229,40.48213],[-3.72416,40.4827],[-3.72388,40.4831],[-3.72334,40.48284],[-3.72309,40.4831],[-3.72248,40.48316],[-3.7225,40.48265]]]}},{"type":"Feature","properties":{"id":"2807908016"},"geometry":{"type":"Polygon","coordinates":[[[-3.72125,40.48218],[-3.72071,40.48228],[-3.72073,40.48135],[-3.7206,40.48118],[-3.72219,40.4805],[-3.72242,40.48261],[-3.7225,40.48265],[-3.72177,40.48265],[-3.72178,40.4822],[-3.72125,40.48218]]]}},{"type":"Feature","properties":{"id":"2807908017"},"geometry":{"type":"Polygon","coordinates":[[[-3.72045,40.48413],[-3.7214,40.48416],[-3.72152,40.48356],[-3.72092,40.48339],[-3.72094,40.48229],[-3.72125,40.48218],[-3.72178,40.4822],[-3.72177,40.48265],[-3.7225,40.48265],[-3.72254,40.484],[-3.72267,40.4842],[-3.72274,40.4855],[-3.72003,40.4856],[-3.72014,40.48549],[-3.72021,40.48467],[-3.72045,40.48413]]]}},{"type":"Feature","properties":{"id":"2807908018"},"geometry":{"type":"Polygon","coordinates":[[[-3.72045,40.48413],[-3.72045,40.48314],[-3.72008,40.48314],[-3.72009,40.48228],[-3.72094,40.48229],[-3.72092,40.48339],[-3.72152,40.48356],[-3.7214,40.48416],[-3.72045,40.48413]]]}},{"type":"Feature","properties":{"id":"2807908019"},"geometry":{"type":"Polygon","coordinates":[[[-3.71657,40.48555],[-3.71597,40.48442],[-3.71515,40.48366],[-3.71422,40.48315],[-3.71797,40.48229],[-3.7206,40.48118],[-3.72073,40.48135],[-3.72071,40.48228],[-3.72009,40.48228],[-3.72008,40.48314],[-3.72045,40.48314],[-3.72046,40.48378],[-3.72045,40.48413],[-3.72021,40.48467],[-3.72014,40.48549],[-3.72003,40.4856],[-3.71692,40.48571],[-3.71682,40.4856],[-3.71657,40.48555]]]}},{"type":"Feature","properties":{"id":"2807908020"},"geometry":{"type":"Polygon","coordinates":[[[-3.7168,40.4815],[-3.71821,40.4809],[-3.71906,40.48184],[-3.7174,40.48244],[-3.7168,40.4815]]]}},{"type":"Feature","properties":{"id":"2807908021"},"geometry":{"type":"Polygon","coordinates":[[[-3.71821,40.4809],[-3.7202,40.48005],[-3.72061,40.48058],[-3.72039,40.48068],[-3.7206,40.48118],[-3.71906,40.48184],[-3.71821,40.4809]]]}},{"type":"Feature","properties":{"id":"2807908022"},"geometry":{"type":"Polygon","coordinates":[[[-3.7202,40.48005],[-3.72123,40.47962],[-3.72186,40.48064],[-3.7206,40.48118],[-3.72039,40.48068],[-3.72061,40.48058],[-3.7202,40.48005]]]}},{"type":"Feature","properties":{"id":"2807908023"},"geometry":{"type":"Polygon","coordinates":[[[-3.72123,40.47962],[-3.72262,40.47905],[-3.72356,40.47992],[-3.72186,40.48064],[-3.72123,40.47962]]]}},{"type":"Feature","properties":{"id":"2807908024"},"geometry":{"type":"Polygon","coordinates":[[[-3.71647,40.47887],[-3.71669,40.47878],[-3.72142,40.47577],[-3.72216,40.47781],[-3.71743,40.48003],[-3.71647,40.47887]]]}},{"type":"Feature","properties":{"id":"2807908025"},"geometry":{"type":"Polygon","coordinates":[[[-3.71528,40.47938],[-3.71647,40.47887],[-3.71743,40.48003],[-3.71615,40.4806],[-3.71528,40.47938]]]}},{"type":"Feature","properties":{"id":"2807908026"},"geometry":{"type":"Polygon","coordinates":[[[-3.71806,40.47973],[-3.71995,40.47881],[-3.72069,40.47985],[-3.71876,40.48067],[-3.71806,40.47973]]]}},{"type":"Feature","properties":{"id":"2807908027"},"geometry":{"type":"Polygon","coordinates":[[[-3.7168,40.4815],[-3.71615,40.4806],[-3.71806,40.47973],[-3.71876,40.48067],[-3.7168,40.4815]]]}},{"type":"Feature","properties":{"id":"2807908028"},"geometry":{"type":"Polygon","coordinates":[[[-3.71341,40.48188],[-3.71575,40.48112],[-3.71651,40.48111],[-3.7174,40.48244],[-3.71422,40.48315],[-3.7139,40.48249],[-3.71372,40.48253],[-3.71341,40.48188]]]}},{"type":"Feature","properties":{"id":"2807908029"},"geometry":{"type":"Polygon","coordinates":[[[-3.71265,40.48038],[-3.71528,40.47938],[-3.71651,40.48111],[-3.71575,40.48112],[-3.71341,40.48188],[-3.71329,40.48183],[-3.71265,40.48038]]]}},{"type":"Feature","properties":{"id":"2807908030"},"geometry":{"type":"Polygon","coordinates":[[[-3.71105,40.4807],[-3.71265,40.48038],[-3.71329,40.48183],[-3.71341,40.48188],[-3.71189,40.4823],[-3.71176,40.48183],[-3.71149,40.48187],[-3.71105,40.4807]]]}},{"type":"Feature","properties":{"id":"2807908031"},"geometry":{"type":"Polygon","coordinates":[[[-3.70829,40.48126],[-3.71105,40.4807],[-3.71149,40.48187],[-3.71176,40.48183],[-3.71189,40.4823],[-3.70887,40.48291],[-3.70829,40.48126]]]}},{"type":"Feature","properties":{"id":"2807908032"},"geometry":{"type":"Polygon","coordinates":[[[-3.71202,40.48387],[-3.71021,40.48264],[-3.71341,40.48188],[-3.71372,40.48253],[-3.7139,40.48249],[-3.71422,40.48315],[-3.71315,40.48337],[-3.71202,40.48387]]]}},{"type":"Feature","properties":{"id":"2807908033"},"geometry":{"type":"Polygon","coordinates":[[[-3.71091,40.48311],[-3.71202,40.48387],[-3.70966,40.48543],[-3.70948,40.48465],[-3.71044,40.48389],[-3.71064,40.484],[-3.71094,40.48378],[-3.71048,40.48347],[-3.71091,40.48311]]]}},{"type":"Feature","properties":{"id":"2807908034"},"geometry":{"type":"Polygon","coordinates":[[[-3.70755,40.48445],[-3.70583,40.4832],[-3.7051,40.48193],[-3.70829,40.48126],[-3.70887,40.48291],[-3.71021,40.48264],[-3.71091,40.48311],[-3.71048,40.48347],[-3.71094,40.48378],[-3.71064,40.484],[-3.71044,40.48389],[-3.70948,40.48465],[-3.70966,40.48543],[-3.70912,40.48574],[-3.709,40.48546],[-3.7086,40.48508],[-3.70755,40.48445]]]}},{"type":"Feature","properties":{"id":"2807908035"},"geometry":{"type":"Polygon","coordinates":[[[-3.69689,40.48751],[-3.6973,40.4873],[-3.69745,40.48746],[-3.69808,40.48725],[-3.69867,40.48725],[-3.69866,40.48814],[-3.70141,40.4873],[-3.70377,40.48681],[-3.70695,40.48585],[-3.70702,40.48577],[-3.70666,40.48511],[-3.70755,40.48445],[-3.7086,40.48508],[-3.709,40.48546],[-3.70912,40.48574],[-3.70834,40.48633],[-3.70751,40.48672],[-3.70349,40.48792],[-3.70283,40.4882],[-3.70116,40.4892],[-3.69804,40.49014],[-3.69756,40.48856],[-3.69689,40.48751]]]}},{"type":"Feature","properties":{"id":"2807908036"},"geometry":{"type":"Polygon","coordinates":[[[-3.69867,40.48725],[-3.69921,40.48714],[-3.70355,40.48528],[-3.70387,40.48585],[-3.70161,40.48649],[-3.70113,40.48738],[-3.69866,40.48814],[-3.69867,40.48725]]]}},{"type":"Feature","properties":{"id":"2807908037"},"geometry":{"type":"Polygon","coordinates":[[[-3.70355,40.48528],[-3.70682,40.48433],[-3.70712,40.48413],[-3.70755,40.48445],[-3.70666,40.48511],[-3.70387,40.48585],[-3.70355,40.48528]]]}},{"type":"Feature","properties":{"id":"2807908038"},"geometry":{"type":"Polygon","coordinates":[[[-3.70457,40.48359],[-3.70583,40.4832],[-3.70712,40.48413],[-3.70682,40.48433],[-3.70552,40.48467],[-3.70524,40.48408],[-3.70482,40.48419],[-3.70457,40.48359]]]}},{"type":"Feature","properties":{"id":"2807908039"},"geometry":{"type":"Polygon","coordinates":[[[-3.70286,40.48414],[-3.70457,40.48359],[-3.70482,40.48419],[-3.70524,40.48408],[-3.70552,40.48467],[-3.70355,40.48528],[-3.70286,40.48414]]]}},{"type":"Feature","properties":{"id":"2807908040"},"geometry":{"type":"Polygon","coordinates":[[[-3.70024,40.48523],[-3.70286,40.48414],[-3.70355,40.48528],[-3.70104,40.48633],[-3.70024,40.48523]]]}},{"type":"Feature","properties":{"id":"2807908041"},"geometry":{"type":"Polygon","coordinates":[[[-3.69867,40.48725],[-3.69867,40.48604],[-3.69887,40.48584],[-3.70024,40.48523],[-3.70104,40.48633],[-3.69921,40.48714],[-3.69867,40.48725]]]}},{"type":"Feature","properties":{"id":"2807908042"},"geometry":{"type":"Polygon","coordinates":[[[-3.6973,40.48476],[-3.69949,40.48387],[-3.70046,40.48512],[-3.69887,40.48584],[-3.69867,40.48604],[-3.69867,40.48621],[-3.69773,40.485],[-3.6973,40.48476]]]}},{"type":"Feature","properties":{"id":"2807908043"},"geometry":{"type":"Polygon","coordinates":[[[-3.69949,40.48387],[-3.7021,40.48296],[-3.70286,40.48414],[-3.70046,40.48512],[-3.69949,40.48387]]]}},{"type":"Feature","properties":{"id":"2807908044"},"geometry":{"type":"Polygon","coordinates":[[[-3.7021,40.48296],[-3.7051,40.48193],[-3.70583,40.4832],[-3.70286,40.48414],[-3.7021,40.48296]]]}},{"type":"Feature","properties":{"id":"2807908045"},"geometry":{"type":"Polygon","coordinates":[[[-3.70423,40.47939],[-3.71097,40.47805],[-3.7127,40.47762],[-3.71318,40.47883],[-3.71337,40.47879],[-3.71386,40.47996],[-3.71265,40.48038],[-3.7051,40.48193],[-3.70423,40.47939]]]}},{"type":"Feature","properties":{"id":"2807908046"},"geometry":{"type":"Polygon","coordinates":[[[-3.7127,40.47762],[-3.71368,40.4774],[-3.7145,40.47971],[-3.71386,40.47996],[-3.71337,40.47879],[-3.71318,40.47883],[-3.7127,40.47762]]]}},{"type":"Feature","properties":{"id":"2807908047"},"geometry":{"type":"Polygon","coordinates":[[[-3.71401,40.4783],[-3.71457,40.47819],[-3.7147,40.47857],[-3.71558,40.47839],[-3.71544,40.47802],[-3.71583,40.47794],[-3.7155,40.47702],[-3.71625,40.47687],[-3.71633,40.47867],[-3.71647,40.47887],[-3.7145,40.47971],[-3.71401,40.4783]]]}},{"type":"Feature","properties":{"id":"2807908048"},"geometry":{"type":"Polygon","coordinates":[[[-3.71401,40.4783],[-3.71368,40.4774],[-3.7155,40.47702],[-3.71583,40.47794],[-3.71544,40.47802],[-3.71558,40.47839],[-3.7147,40.47857],[-3.71457,40.47819],[-3.71401,40.4783]]]}},{"type":"Feature","properties":{"id":"2807908049"},"geometry":{"type":"Polygon","coordinates":[[[-3.71625,40.47687],[-3.71588,40.47581],[-3.71865,40.4752],[-3.71895,40.47492],[-3.71982,40.47459],[-3.72086,40.47432],[-3.72142,40.47577],[-3.71647,40.47887],[-3.71633,40.47867],[-3.71625,40.47687]]]}},{"type":"Feature","properties":{"id":"2807908050"},"geometry":{"type":"Polygon","coordinates":[[[-3.7155,40.47464],[-3.71621,40.4745],[-3.71653,40.47377],[-3.71746,40.47394],[-3.71775,40.47313],[-3.71889,40.47496],[-3.71865,40.4752],[-3.7182,40.47533],[-3.71588,40.47581],[-3.7155,40.47464]]]}},{"type":"Feature","properties":{"id":"2807908051"},"geometry":{"type":"Polygon","coordinates":[[[-3.71775,40.47313],[-3.71933,40.47345],[-3.71963,40.47241],[-3.72032,40.47255],[-3.72086,40.47432],[-3.71982,40.47459],[-3.71889,40.47496],[-3.71775,40.47313]]]}},{"type":"Feature","properties":{"id":"2807908052"},"geometry":{"type":"Polygon","coordinates":[[[-3.7155,40.47464],[-3.71477,40.47203],[-3.71445,40.47128],[-3.71455,40.46996],[-3.71423,40.46964],[-3.71431,40.46959],[-3.71453,40.46961],[-3.71469,40.46977],[-3.71812,40.47062],[-3.71814,40.47082],[-3.71748,40.47194],[-3.71717,40.47285],[-3.71653,40.47377],[-3.71621,40.4745],[-3.7155,40.47464]]]}},{"type":"Feature","properties":{"id":"2807908053"},"geometry":{"type":"Polygon","coordinates":[[[-3.71213,40.47266],[-3.71237,40.4717],[-3.7121,40.47161],[-3.71197,40.47135],[-3.71156,40.47106],[-3.71217,40.47066],[-3.71249,40.4703],[-3.7129,40.46914],[-3.71328,40.46853],[-3.71455,40.46996],[-3.71445,40.47128],[-3.71477,40.47203],[-3.71486,40.47258],[-3.71213,40.47266]]]}},{"type":"Feature","properties":{"id":"2807908054"},"geometry":{"type":"Polygon","coordinates":[[[-3.70899,40.47146],[-3.71094,40.47125],[-3.71156,40.47106],[-3.71197,40.47135],[-3.7121,40.47161],[-3.71238,40.47174],[-3.71226,40.4721],[-3.70905,40.47244],[-3.70899,40.47146]]]}},{"type":"Feature","properties":{"id":"2807908055"},"geometry":{"type":"Polygon","coordinates":[[[-3.70316,40.47278],[-3.70395,40.47214],[-3.70473,40.47186],[-3.70899,40.47146],[-3.70905,40.47244],[-3.70394,40.4729],[-3.70316,40.47278]]]}},{"type":"Feature","properties":{"id":"2807908056"},"geometry":{"type":"Polygon","coordinates":[[[-3.70206,40.47379],[-3.70316,40.47278],[-3.70394,40.4729],[-3.7049,40.4728],[-3.7051,40.47424],[-3.70255,40.47467],[-3.70228,40.47398],[-3.70206,40.47379]]]}},{"type":"Feature","properties":{"id":"2807908057"},"geometry":{"type":"Polygon","coordinates":[[[-3.70255,40.47467],[-3.70402,40.47439],[-3.70415,40.47525],[-3.7047,40.47668],[-3.70336,40.47697],[-3.70255,40.47467]]]}},{"type":"Feature","properties":{"id":"2807908058"},"geometry":{"type":"Polygon","coordinates":[[[-3.70402,40.47439],[-3.70577,40.4742],[-3.70576,40.47466],[-3.70551,40.47466],[-3.70555,40.47502],[-3.70415,40.47525],[-3.70402,40.47439]]]}},{"type":"Feature","properties":{"id":"2807908059"},"geometry":{"type":"Polygon","coordinates":[[[-3.70415,40.47525],[-3.70555,40.47502],[-3.70551,40.47466],[-3.70576,40.47466],[-3.70577,40.4742],[-3.70896,40.4742],[-3.70936,40.4743],[-3.71059,40.47351],[-3.71125,40.47371],[-3.711,40.47428],[-3.71137,40.47436],[-3.71118,40.47488],[-3.71123,40.47526],[-3.70976,40.47563],[-3.7047,40.47668],[-3.70415,40.47525]]]}},{"type":"Feature","properties":{"id":"2807908060"},"geometry":{"type":"Polygon","coordinates":[[[-3.7049,40.4728],[-3.70767,40.4726],[-3.70793,40.47281],[-3.7081,40.47318],[-3.70813,40.47419],[-3.7051,40.47424],[-3.7049,40.4728]]]}},{"type":"Feature","properties":{"id":"2807908061"},"geometry":{"type":"Polygon","coordinates":[[[-3.70813,40.47419],[-3.7081,40.47318],[-3.70793,40.47281],[-3.70754,40.47256],[-3.71014,40.47233],[-3.71113,40.47291],[-3.71082,40.47357],[-3.71059,40.47351],[-3.70936,40.4743],[-3.70896,40.4742],[-3.70813,40.47419]]]}},{"type":"Feature","properties":{"id":"2807908062"},"geometry":{"type":"Polygon","coordinates":[[[-3.71187,40.47327],[-3.71014,40.47233],[-3.71226,40.4721],[-3.71187,40.47327]]]}},{"type":"Feature","properties":{"id":"2807908063"},"geometry":{"type":"Polygon","coordinates":[[[-3.71173,40.47447],[-3.711,40.47428],[-3.71125,40.47371],[-3.71082,40.47357],[-3.71113,40.47291],[-3.71174,40.47323],[-3.71226,40.47332],[-3.71173,40.47447]]]}},{"type":"Feature","properties":{"id":"2807908064"},"geometry":{"type":"Polygon","coordinates":[[[-3.71226,40.47332],[-3.71187,40.47327],[-3.71213,40.47266],[-3.71486,40.47258],[-3.71503,40.47318],[-3.71226,40.47332]]]}},{"type":"Feature","properties":{"id":"2807908065"},"geometry":{"type":"Polygon","coordinates":[[[-3.71379,40.47328],[-3.71503,40.47318],[-3.7154,40.47433],[-3.71425,40.47457],[-3.71379,40.47328]]]}},{"type":"Feature","properties":{"id":"2807908066"},"geometry":{"type":"Polygon","coordinates":[[[-3.71317,40.47473],[-3.71351,40.47485],[-3.71429,40.47468],[-3.71455,40.47542],[-3.71343,40.47566],[-3.71317,40.47473]]]}},{"type":"Feature","properties":{"id":"2807908067"},"geometry":{"type":"Polygon","coordinates":[[[-3.71274,40.47645],[-3.71217,40.47489],[-3.71317,40.47473],[-3.71368,40.47626],[-3.71274,40.47645]]]}},{"type":"Feature","properties":{"id":"2807908068"},"geometry":{"type":"Polygon","coordinates":[[[-3.71132,40.47549],[-3.71118,40.47488],[-3.71137,40.47436],[-3.71173,40.47447],[-3.71226,40.47332],[-3.71379,40.47328],[-3.71429,40.47468],[-3.71351,40.47485],[-3.71309,40.4747],[-3.71217,40.47489],[-3.7123,40.47524],[-3.71132,40.47549]]]}},{"type":"Feature","properties":{"id":"2807908069"},"geometry":{"type":"Polygon","coordinates":[[[-3.71132,40.47549],[-3.7123,40.47524],[-3.71274,40.47645],[-3.71175,40.47666],[-3.71132,40.47549]]]}},{"type":"Feature","properties":{"id":"2807908071"},"geometry":{"type":"Polygon","coordinates":[[[-3.71343,40.47566],[-3.71455,40.47542],[-3.71425,40.47457],[-3.7154,40.47433],[-3.71588,40.47581],[-3.71368,40.47626],[-3.71343,40.47566]]]}},{"type":"Feature","properties":{"id":"2807908072"},"geometry":{"type":"Polygon","coordinates":[[[-3.71477,40.47603],[-3.71588,40.47581],[-3.71625,40.47687],[-3.71519,40.47709],[-3.71477,40.47603]]]}},{"type":"Feature","properties":{"id":"2807908073"},"geometry":{"type":"Polygon","coordinates":[[[-3.71368,40.47626],[-3.71477,40.47603],[-3.71519,40.47709],[-3.71411,40.47731],[-3.71368,40.47626]]]}},{"type":"Feature","properties":{"id":"2807908074"},"geometry":{"type":"Polygon","coordinates":[[[-3.71274,40.47645],[-3.71368,40.47626],[-3.71411,40.47731],[-3.71309,40.47753],[-3.71274,40.47645]]]}},{"type":"Feature","properties":{"id":"2807908075"},"geometry":{"type":"Polygon","coordinates":[[[-3.71211,40.47775],[-3.71175,40.47666],[-3.71274,40.47645],[-3.71309,40.47753],[-3.71211,40.47775]]]}},{"type":"Feature","properties":{"id":"2807908076"},"geometry":{"type":"Polygon","coordinates":[[[-3.70963,40.4776],[-3.71034,40.47739],[-3.71039,40.47749],[-3.71074,40.47741],[-3.71066,40.47716],[-3.71101,40.47709],[-3.71108,40.47727],[-3.71188,40.47709],[-3.71211,40.47775],[-3.70987,40.47825],[-3.70963,40.4776]]]}},{"type":"Feature","properties":{"id":"2807908077"},"geometry":{"type":"Polygon","coordinates":[[[-3.70669,40.4789],[-3.70637,40.47804],[-3.7067,40.47797],[-3.70679,40.47818],[-3.70929,40.47766],[-3.70925,40.47758],[-3.70959,40.47751],[-3.70987,40.47825],[-3.70669,40.4789]]]}},{"type":"Feature","properties":{"id":"2807908078"},"geometry":{"type":"Polygon","coordinates":[[[-3.70368,40.47786],[-3.70435,40.47777],[-3.70469,40.47862],[-3.70501,40.47856],[-3.70492,40.47833],[-3.70528,40.47826],[-3.70536,40.47848],[-3.70645,40.47825],[-3.70669,40.4789],[-3.70423,40.47939],[-3.70368,40.47786]]]}},{"type":"Feature","properties":{"id":"2807908079"},"geometry":{"type":"Polygon","coordinates":[[[-3.70435,40.47777],[-3.70553,40.47757],[-3.70582,40.47835],[-3.70536,40.47848],[-3.70528,40.47826],[-3.70492,40.47833],[-3.70501,40.47856],[-3.70469,40.47862],[-3.70435,40.47777]]]}},{"type":"Feature","properties":{"id":"2807908080"},"geometry":{"type":"Polygon","coordinates":[[[-3.70553,40.47757],[-3.70703,40.47723],[-3.70733,40.47804],[-3.70679,40.47818],[-3.7067,40.47797],[-3.70637,40.47804],[-3.70645,40.47825],[-3.70582,40.47835],[-3.70553,40.47757]]]}},{"type":"Feature","properties":{"id":"2807908081"},"geometry":{"type":"Polygon","coordinates":[[[-3.70703,40.47723],[-3.70849,40.47691],[-3.70874,40.47774],[-3.70733,40.47804],[-3.70703,40.47723]]]}},{"type":"Feature","properties":{"id":"2807908082"},"geometry":{"type":"Polygon","coordinates":[[[-3.70849,40.47691],[-3.70934,40.47668],[-3.70936,40.47674],[-3.70988,40.47663],[-3.71018,40.47744],[-3.70874,40.47774],[-3.70849,40.47691]]]}},{"type":"Feature","properties":{"id":"2807908083"},"geometry":{"type":"Polygon","coordinates":[[[-3.71018,40.47744],[-3.70988,40.47663],[-3.71077,40.47634],[-3.71093,40.47683],[-3.71175,40.47666],[-3.71188,40.47709],[-3.71108,40.47727],[-3.71101,40.47709],[-3.71066,40.47716],[-3.71074,40.47741],[-3.71039,40.47749],[-3.71034,40.47739],[-3.71018,40.47744]]]}},{"type":"Feature","properties":{"id":"2807908084"},"geometry":{"type":"Polygon","coordinates":[[[-3.71039,40.47642],[-3.71007,40.47552],[-3.71123,40.47526],[-3.71175,40.47666],[-3.71093,40.47683],[-3.71077,40.47634],[-3.71039,40.47642]]]}},{"type":"Feature","properties":{"id":"2807908085"},"geometry":{"type":"Polygon","coordinates":[[[-3.70865,40.47586],[-3.71007,40.47552],[-3.71042,40.47651],[-3.70898,40.47676],[-3.70865,40.47586]]]}},{"type":"Feature","properties":{"id":"2807908086"},"geometry":{"type":"Polygon","coordinates":[[[-3.70719,40.47616],[-3.70865,40.47586],[-3.709,40.47681],[-3.70752,40.47708],[-3.70719,40.47616]]]}},{"type":"Feature","properties":{"id":"2807908087"},"geometry":{"type":"Polygon","coordinates":[[[-3.70648,40.4773],[-3.70613,40.47639],[-3.70719,40.47616],[-3.70753,40.47712],[-3.70648,40.4773]]]}},{"type":"Feature","properties":{"id":"2807908088"},"geometry":{"type":"Polygon","coordinates":[[[-3.70503,40.47761],[-3.7047,40.47668],[-3.70613,40.47639],[-3.70648,40.4773],[-3.70553,40.47757],[-3.70503,40.47761]]]}},{"type":"Feature","properties":{"id":"2807908089"},"geometry":{"type":"Polygon","coordinates":[[[-3.70336,40.47697],[-3.7047,40.47668],[-3.70503,40.47761],[-3.70368,40.47786],[-3.70336,40.47697]]]}},{"type":"Feature","properties":{"id":"2807908090"},"geometry":{"type":"Polygon","coordinates":[[[-3.70036,40.47548],[-3.69893,40.47488],[-3.69986,40.47499],[-3.70055,40.47487],[-3.70122,40.47456],[-3.70206,40.47379],[-3.70228,40.47398],[-3.70336,40.47697],[-3.70185,40.47729],[-3.70074,40.47582],[-3.70036,40.47548]]]}},{"type":"Feature","properties":{"id":"2807908091"},"geometry":{"type":"Polygon","coordinates":[[[-3.70185,40.47729],[-3.70336,40.47697],[-3.70368,40.47786],[-3.70217,40.47822],[-3.70185,40.47729]]]}},{"type":"Feature","properties":{"id":"2807908092"},"geometry":{"type":"Polygon","coordinates":[[[-3.70268,40.4797],[-3.70217,40.47822],[-3.70368,40.47786],[-3.70423,40.47939],[-3.70268,40.4797]]]}},{"type":"Feature","properties":{"id":"2807908093"},"geometry":{"type":"Polygon","coordinates":[[[-3.70033,40.47998],[-3.70045,40.4793],[-3.7006,40.47928],[-3.70069,40.4789],[-3.70205,40.47905],[-3.70244,40.47899],[-3.70268,40.4797],[-3.70147,40.47993],[-3.70033,40.47998]]]}},{"type":"Feature","properties":{"id":"2807908094"},"geometry":{"type":"Polygon","coordinates":[[[-3.699,40.47985],[-3.69907,40.47938],[-3.69932,40.47898],[-3.70138,40.47787],[-3.70185,40.47729],[-3.70244,40.47899],[-3.70205,40.47905],[-3.70069,40.4789],[-3.7006,40.47928],[-3.70045,40.4793],[-3.70033,40.47998],[-3.699,40.47985]]]}},{"type":"Feature","properties":{"id":"2807908095"},"geometry":{"type":"Polygon","coordinates":[[[-3.69664,40.47963],[-3.6969,40.47776],[-3.69795,40.47785],[-3.69892,40.4778],[-3.70185,40.47729],[-3.70138,40.47787],[-3.69932,40.47898],[-3.69907,40.47938],[-3.699,40.47985],[-3.69664,40.47963]]]}},{"type":"Feature","properties":{"id":"2807908096"},"geometry":{"type":"Polygon","coordinates":[[[-3.69936,40.47619],[-3.70036,40.47548],[-3.70074,40.47582],[-3.70185,40.47729],[-3.69905,40.47779],[-3.69899,40.47673],[-3.69936,40.47619]]]}},{"type":"Feature","properties":{"id":"2807908097"},"geometry":{"type":"Polygon","coordinates":[[[-3.69774,40.47453],[-3.69824,40.47461],[-3.70036,40.47548],[-3.69936,40.47619],[-3.69777,40.47558],[-3.69792,40.47531],[-3.69791,40.4747],[-3.69774,40.47453]]]}},{"type":"Feature","properties":{"id":"2807908098"},"geometry":{"type":"Polygon","coordinates":[[[-3.68557,40.47993],[-3.68713,40.47418],[-3.68883,40.47439],[-3.68943,40.47472],[-3.69127,40.4745],[-3.69253,40.47473],[-3.69419,40.47456],[-3.696,40.4748],[-3.69774,40.47453],[-3.69791,40.4747],[-3.69792,40.47531],[-3.69777,40.47558],[-3.69936,40.47619],[-3.69899,40.47673],[-3.69905,40.47779],[-3.69795,40.47785],[-3.6969,40.47776],[-3.69664,40.47963],[-3.69177,40.47916],[-3.69123,40.47882],[-3.69026,40.47915],[-3.68976,40.47944],[-3.68929,40.48013],[-3.68924,40.48042],[-3.68813,40.47998],[-3.68752,40.47986],[-3.68685,40.47995],[-3.68594,40.47979],[-3.68557,40.47993]]]}},{"type":"Feature","properties":{"id":"2807908099"},"geometry":{"type":"Polygon","coordinates":[[[-3.6948,40.4815],[-3.69394,40.48157],[-3.692,40.48115],[-3.69071,40.48074],[-3.68965,40.48059],[-3.68924,40.48042],[-3.68929,40.48013],[-3.68976,40.47944],[-3.69026,40.47915],[-3.69123,40.47882],[-3.69161,40.47911],[-3.69199,40.47919],[-3.70055,40.47999],[-3.7018,40.47988],[-3.70423,40.47939],[-3.7051,40.48193],[-3.69949,40.48387],[-3.69796,40.48196],[-3.69736,40.48148],[-3.69693,40.48129],[-3.69596,40.48118],[-3.6948,40.4815]]]}},{"type":"Feature","properties":{"id":"2807908100"},"geometry":{"type":"Polygon","coordinates":[[[-3.69565,40.4832],[-3.69613,40.48204],[-3.69492,40.48167],[-3.6948,40.4815],[-3.69566,40.48122],[-3.69649,40.4812],[-3.69736,40.48148],[-3.69776,40.48176],[-3.69949,40.48387],[-3.6973,40.48476],[-3.69649,40.48342],[-3.69565,40.4832]]]}},{"type":"Feature","properties":{"id":"2807908102"},"geometry":{"type":"Polygon","coordinates":[[[-3.69383,40.48566],[-3.69371,40.48487],[-3.69378,40.48374],[-3.6953,40.48354],[-3.69543,40.48317],[-3.69649,40.48342],[-3.6973,40.48476],[-3.6951,40.48561],[-3.69463,40.48571],[-3.69383,40.48566]]]}},{"type":"Feature","properties":{"id":"2807908103"},"geometry":{"type":"Polygon","coordinates":[[[-3.68918,40.48373],[-3.68911,40.48359],[-3.68636,40.48261],[-3.68512,40.48229],[-3.68514,40.48166],[-3.68557,40.47993],[-3.68594,40.47979],[-3.68685,40.47995],[-3.68752,40.47986],[-3.68813,40.47998],[-3.68965,40.48059],[-3.69071,40.48074],[-3.692,40.48115],[-3.69394,40.48157],[-3.69373,40.48221],[-3.69381,40.48261],[-3.69371,40.48487],[-3.69383,40.48566],[-3.68918,40.48373]]]}},{"type":"Feature","properties":{"id":"2807908104"},"geometry":{"type":"Polygon","coordinates":[[[-3.68413,40.48446],[-3.68446,40.48293],[-3.68512,40.48229],[-3.68636,40.48261],[-3.68911,40.48359],[-3.68918,40.48373],[-3.68891,40.48412],[-3.6889,40.4843],[-3.68825,40.48368],[-3.6876,40.48451],[-3.68744,40.48449],[-3.68693,40.48511],[-3.68658,40.48514],[-3.68661,40.48504],[-3.68645,40.48489],[-3.68553,40.4845],[-3.68447,40.48433],[-3.68413,40.48446]]]}},{"type":"Feature","properties":{"id":"2807908105"},"geometry":{"type":"Polygon","coordinates":[[[-3.68412,40.48562],[-3.68401,40.48477],[-3.68413,40.48446],[-3.68447,40.48433],[-3.68553,40.4845],[-3.68656,40.48496],[-3.68658,40.48514],[-3.68612,40.48571],[-3.68678,40.48604],[-3.68635,40.48663],[-3.68412,40.48562]]]}},{"type":"Feature","properties":{"id":"2807908106"},"geometry":{"type":"Polygon","coordinates":[[[-3.68694,40.4862],[-3.68612,40.48571],[-3.68658,40.48514],[-3.68706,40.48503],[-3.68759,40.48525],[-3.68769,40.48513],[-3.68848,40.4855],[-3.68851,40.48559],[-3.68775,40.48656],[-3.68694,40.4862]]]}},{"type":"Feature","properties":{"id":"2807908107"},"geometry":{"type":"Polygon","coordinates":[[[-3.68693,40.48511],[-3.68744,40.48449],[-3.6876,40.48451],[-3.68825,40.48368],[-3.6889,40.4843],[-3.68884,40.4846],[-3.68829,40.48528],[-3.68832,40.48536],[-3.68824,40.4854],[-3.68769,40.48513],[-3.68759,40.48525],[-3.68706,40.48503],[-3.68693,40.48511]]]}},{"type":"Feature","properties":{"id":"2807908108"},"geometry":{"type":"Polygon","coordinates":[[[-3.68989,40.48613],[-3.68931,40.48588],[-3.68923,40.48596],[-3.68908,40.48587],[-3.68914,40.4858],[-3.6885,40.48554],[-3.68831,40.48535],[-3.68884,40.4846],[-3.6889,40.4843],[-3.68957,40.48455],[-3.68957,40.48537],[-3.69091,40.48584],[-3.69077,40.48638],[-3.68995,40.48602],[-3.68989,40.48613]]]}},{"type":"Feature","properties":{"id":"2807908109"},"geometry":{"type":"Polygon","coordinates":[[[-3.68635,40.48663],[-3.68678,40.48604],[-3.68694,40.4862],[-3.68775,40.48656],[-3.6885,40.48554],[-3.68914,40.4858],[-3.68908,40.48587],[-3.68923,40.48596],[-3.68931,40.48588],[-3.68989,40.48613],[-3.68961,40.48652],[-3.68969,40.48665],[-3.6894,40.48711],[-3.6895,40.48717],[-3.68927,40.48727],[-3.68902,40.48716],[-3.68869,40.48766],[-3.68635,40.48663]]]}},{"type":"Feature","properties":{"id":"2807908110"},"geometry":{"type":"Polygon","coordinates":[[[-3.68869,40.48766],[-3.68902,40.48716],[-3.68927,40.48727],[-3.6895,40.48717],[-3.6894,40.48711],[-3.68969,40.48665],[-3.68961,40.48652],[-3.68995,40.48602],[-3.69077,40.48638],[-3.69075,40.48694],[-3.69036,40.48746],[-3.69101,40.48774],[-3.69121,40.48831],[-3.69013,40.48827],[-3.68869,40.48766]]]}},{"type":"Feature","properties":{"id":"2807908111"},"geometry":{"type":"Polygon","coordinates":[[[-3.68989,40.49132],[-3.68872,40.49112],[-3.68618,40.49103],[-3.68412,40.48562],[-3.69013,40.48827],[-3.69121,40.48831],[-3.69101,40.48774],[-3.69036,40.48746],[-3.69075,40.48694],[-3.69091,40.48584],[-3.68957,40.48537],[-3.68957,40.48455],[-3.6889,40.4843],[-3.68891,40.48412],[-3.68918,40.48373],[-3.69467,40.486],[-3.69593,40.48667],[-3.69689,40.48751],[-3.69741,40.48827],[-3.69804,40.49014],[-3.69286,40.49065],[-3.6906,40.49128],[-3.68989,40.49132]]]}},{"type":"Feature","properties":{"id":"2807908112"},"geometry":{"type":"Polygon","coordinates":[[[-3.67783,40.48387],[-3.67951,40.48365],[-3.68271,40.48291],[-3.68446,40.48293],[-3.68443,40.4834],[-3.68401,40.48477],[-3.68404,40.48542],[-3.68618,40.49103],[-3.68532,40.49111],[-3.68499,40.49099],[-3.68458,40.49125],[-3.68471,40.49151],[-3.68487,40.49273],[-3.68477,40.49316],[-3.6849,40.495],[-3.68402,40.49532],[-3.68181,40.49553],[-3.67994,40.48942],[-3.67756,40.48427],[-3.67759,40.48408],[-3.67783,40.48387]]]}},{"type":"Feature","properties":{"id":"2807908113"},"geometry":{"type":"Polygon","coordinates":[[[-3.68618,40.49103],[-3.68668,40.49258],[-3.68634,40.4926],[-3.68557,40.4931],[-3.68477,40.49316],[-3.68487,40.49273],[-3.68471,40.49151],[-3.68458,40.49125],[-3.68499,40.49099],[-3.68532,40.49111],[-3.68618,40.49103]]]}},{"type":"Feature","properties":{"id":"2807908114"},"geometry":{"type":"Polygon","coordinates":[[[-3.68668,40.49258],[-3.68618,40.49103],[-3.68872,40.49112],[-3.68989,40.49132],[-3.68908,40.4928],[-3.68708,40.49249],[-3.68668,40.49258]]]}},{"type":"Feature","properties":{"id":"2807908115"},"geometry":{"type":"Polygon","coordinates":[[[-3.68908,40.4928],[-3.68989,40.49132],[-3.69008,40.49159],[-3.69028,40.49168],[-3.69106,40.49187],[-3.69102,40.49285],[-3.69128,40.49353],[-3.68908,40.4928]]]}},{"type":"Feature","properties":{"id":"2807908116"},"geometry":{"type":"Polygon","coordinates":[[[-3.69284,40.49427],[-3.69276,40.49403],[-3.69173,40.49396],[-3.6918,40.49379],[-3.69128,40.49353],[-3.69102,40.49285],[-3.69106,40.49187],[-3.69174,40.49187],[-3.69179,40.49228],[-3.69302,40.49379],[-3.69324,40.49397],[-3.69378,40.49399],[-3.69379,40.49426],[-3.69284,40.49427]]]}},{"type":"Feature","properties":{"id":"2807908117"},"geometry":{"type":"Polygon","coordinates":[[[-3.69174,40.49187],[-3.69414,40.49186],[-3.69417,40.49236],[-3.69403,40.49236],[-3.69411,40.49399],[-3.6934,40.494],[-3.69316,40.49392],[-3.69179,40.49228],[-3.69174,40.49187]]]}},{"type":"Feature","properties":{"id":"2807908119"},"geometry":{"type":"Polygon","coordinates":[[[-3.69773,40.49351],[-3.69792,40.49264],[-3.69731,40.49261],[-3.6971,40.4929],[-3.69623,40.49291],[-3.69623,40.49253],[-3.69424,40.49255],[-3.69414,40.49186],[-3.69094,40.49186],[-3.69008,40.49159],[-3.68989,40.49132],[-3.6906,40.49128],[-3.69286,40.49065],[-3.69804,40.49014],[-3.69839,40.49167],[-3.69897,40.49293],[-3.69773,40.49351]]]}},{"type":"Feature","properties":{"id":"2807908120"},"geometry":{"type":"Polygon","coordinates":[[[-3.69379,40.49418],[-3.69378,40.49399],[-3.69411,40.49399],[-3.69403,40.49236],[-3.69417,40.49236],[-3.69424,40.49255],[-3.69623,40.49253],[-3.69623,40.49291],[-3.6971,40.4929],[-3.69731,40.49261],[-3.69792,40.49264],[-3.69773,40.49351],[-3.69679,40.49347],[-3.6968,40.4937],[-3.69583,40.49371],[-3.69583,40.49396],[-3.69545,40.49397],[-3.69545,40.4941],[-3.69379,40.49418]]]}},{"type":"Feature","properties":{"id":"2807908121"},"geometry":{"type":"Polygon","coordinates":[[[-3.69259,40.49807],[-3.69321,40.49748],[-3.69208,40.49653],[-3.69184,40.49612],[-3.69383,40.49568],[-3.69528,40.49567],[-3.69519,40.49492],[-3.69458,40.49485],[-3.69443,40.49432],[-3.69379,40.49426],[-3.69379,40.49418],[-3.69545,40.4941],[-3.69545,40.49397],[-3.69583,40.49396],[-3.69583,40.49371],[-3.6968,40.4937],[-3.69679,40.49347],[-3.69778,40.49352],[-3.69897,40.49293],[-3.7002,40.49438],[-3.70064,40.49517],[-3.70084,40.49606],[-3.70074,40.49692],[-3.70031,40.49785],[-3.69985,40.4984],[-3.69747,40.5001],[-3.69692,40.5006],[-3.69616,40.50151],[-3.69413,40.49999],[-3.69309,40.49853],[-3.69259,40.49807]]]}},{"type":"Feature","properties":{"id":"2807908122"},"geometry":{"type":"Polygon","coordinates":[[[-3.69153,40.49473],[-3.69167,40.49466],[-3.69284,40.49464],[-3.69284,40.49427],[-3.69437,40.49428],[-3.69449,40.49443],[-3.69453,40.49481],[-3.69519,40.49492],[-3.69526,40.49501],[-3.69528,40.49567],[-3.69383,40.49568],[-3.69184,40.49612],[-3.69138,40.49585],[-3.69153,40.49473]]]}},{"type":"Feature","properties":{"id":"2807908123"},"geometry":{"type":"Polygon","coordinates":[[[-3.68753,40.49446],[-3.68668,40.49258],[-3.68708,40.49249],[-3.68899,40.49278],[-3.6916,40.49364],[-3.6918,40.49379],[-3.69173,40.49396],[-3.69276,40.49403],[-3.69284,40.49427],[-3.69284,40.49464],[-3.69167,40.49466],[-3.69153,40.49473],[-3.68999,40.49426],[-3.68922,40.49418],[-3.68894,40.49431],[-3.68839,40.49433],[-3.68833,40.4942],[-3.68753,40.49446]]]}},{"type":"Feature","properties":{"id":"2807908124"},"geometry":{"type":"Polygon","coordinates":[[[-3.68987,40.49742],[-3.68986,40.49685],[-3.69006,40.49661],[-3.68948,40.496],[-3.68866,40.49545],[-3.68839,40.49504],[-3.68816,40.49491],[-3.68764,40.49485],[-3.68753,40.49446],[-3.68833,40.4942],[-3.68839,40.49433],[-3.68894,40.49431],[-3.68922,40.49418],[-3.68999,40.49426],[-3.69153,40.49473],[-3.69138,40.49585],[-3.69184,40.49612],[-3.69208,40.49653],[-3.69321,40.49748],[-3.69255,40.49804],[-3.69189,40.49758],[-3.69132,40.49739],[-3.68987,40.49742]]]}},{"type":"Feature","properties":{"id":"2807908125"},"geometry":{"type":"Polygon","coordinates":[[[-3.68635,40.49908],[-3.68704,40.49713],[-3.68773,40.49582],[-3.68764,40.49485],[-3.68816,40.49491],[-3.68839,40.49504],[-3.68886,40.49564],[-3.68948,40.496],[-3.69006,40.49661],[-3.68986,40.49685],[-3.68987,40.49742],[-3.68843,40.49758],[-3.68801,40.49793],[-3.68747,40.49866],[-3.68707,40.49888],[-3.68635,40.49908]]]}},{"type":"Feature","properties":{"id":"2807908126"},"geometry":{"type":"Polygon","coordinates":[[[-3.6849,40.495],[-3.68477,40.49316],[-3.68557,40.4931],[-3.68634,40.4926],[-3.68668,40.49258],[-3.68745,40.49415],[-3.6877,40.49557],[-3.68547,40.49533],[-3.6849,40.495]]]}},{"type":"Feature","properties":{"id":"2807908128"},"geometry":{"type":"Polygon","coordinates":[[[-3.66824,40.51006],[-3.67035,40.50819],[-3.67157,40.50881],[-3.6736,40.50892],[-3.67661,40.50861],[-3.67785,40.508],[-3.68054,40.5074],[-3.68126,40.50902],[-3.67352,40.51204],[-3.67265,40.51082],[-3.67065,40.50942],[-3.6692,40.51065],[-3.66824,40.51006]]]}},{"type":"Feature","properties":{"id":"2807908129"},"geometry":{"type":"Polygon","coordinates":[[[-3.70006,40.57866],[-3.69999,40.57859],[-3.7016,40.57859],[-3.7016,40.57831],[-3.70019,40.5783],[-3.6982,40.57682],[-3.69734,40.57604],[-3.69726,40.57517],[-3.69706,40.57483],[-3.69606,40.57414],[-3.69488,40.57365],[-3.69366,40.57217],[-3.69343,40.57195],[-3.69269,40.57156],[-3.69242,40.5707],[-3.6918,40.56983],[-3.6912,40.56957],[-3.69076,40.56913],[-3.69046,40.56961],[-3.68953,40.57024],[-3.68963,40.56958],[-3.68955,40.56859],[-3.68899,40.56742],[-3.68893,40.56703],[-3.68694,40.56315],[-3.6858,40.55975],[-3.68497,40.55811],[-3.68243,40.55377],[-3.68221,40.55275],[-3.68262,40.55135],[-3.68251,40.55086],[-3.68206,40.55041],[-3.6818,40.54987],[-3.68115,40.54925],[-3.68014,40.54867],[-3.67983,40.54813],[-3.67852,40.54654],[-3.67872,40.54533],[-3.67822,40.54335],[-3.67688,40.54183],[-3.67635,40.5414],[-3.67576,40.54109],[-3.67476,40.5397],[-3.67425,40.5386],[-3.67394,40.53817],[-3.67319,40.53775],[-3.67222,40.53749],[-3.67178,40.53724],[-3.67112,40.53643],[-3.67047,40.5354],[-3.66988,40.53484],[-3.6693,40.53444],[-3.671,40.53211],[-3.67238,40.53081],[-3.67579,40.5284],[-3.67664,40.5272],[-3.67726,40.52698],[-3.67565,40.5261],[-3.67513,40.52555],[-3.67207,40.52435],[-3.67007,40.52472],[-3.6677,40.52501],[-3.66592,40.52447],[-3.66591,40.52388],[-3.66565,40.52297],[-3.66593,40.52179],[-3.66622,40.5211],[-3.66297,40.52006],[-3.6662,40.51883],[-3.66874,40.51712],[-3.67506,40.51427],[-3.68272,40.51242],[-3.68495,40.5116],[-3.6863,40.5109],[-3.68564,40.51129],[-3.68516,40.5118],[-3.68471,40.51285],[-3.68466,40.51356],[-3.68474,40.51414],[-3.68514,40.51463],[-3.68557,40.51486],[-3.68646,40.51506],[-3.68739,40.51517],[-3.68814,40.51515],[-3.69698,40.51291],[-3.6968,40.51275],[-3.69881,40.5117],[-3.70382,40.50937],[-3.70398,40.50918],[-3.71192,40.50528],[-3.71287,40.50475],[-3.71377,40.50403],[-3.71424,40.50344],[-3.71855,40.50495],[-3.72118,40.50622],[-3.72283,40.50658],[-3.72442,40.50677],[-3.72571,40.50749],[-3.72677,40.5083],[-3.73224,40.50944],[-3.73667,40.51234],[-3.73908,40.51322],[-3.73966,40.51332],[-3.73949,40.51388],[-3.73241,40.52137],[-3.72884,40.5245],[-3.72775,40.52475],[-3.72684,40.52461],[-3.72587,40.52776],[-3.72106,40.52959],[-3.717,40.53083],[-3.71146,40.53228],[-3.70888,40.53545],[-3.70586,40.54009],[-3.70751,40.54191],[-3.70825,40.54317],[-3.70864,40.54412],[-3.70873,40.54559],[-3.70853,40.5476],[-3.70892,40.54786],[-3.70911,40.54789],[-3.70967,40.55145],[-3.71023,40.55257],[-3.71233,40.55495],[-3.71418,40.55798],[-3.71551,40.5607],[-3.71537,40.5612],[-3.71583,40.5624],[-3.71608,40.56445],[-3.71609,40.56546],[-3.7158,40.56642],[-3.71546,40.56696],[-3.71449,40.56809],[-3.71337,40.56977],[-3.71207,40.5721],[-3.70963,40.57848],[-3.70743,40.5785],[-3.70581,40.57872],[-3.70006,40.57866]]]}},{"type":"Feature","properties":{"id":"2807908131"},"geometry":{"type":"Polygon","coordinates":[[[-3.70692,40.50354],[-3.70698,40.50244],[-3.7004,40.5021],[-3.69767,40.50262],[-3.69718,40.50212],[-3.69616,40.50151],[-3.69692,40.5006],[-3.69747,40.5001],[-3.69985,40.4984],[-3.70057,40.49739],[-3.70414,40.49988],[-3.70473,40.50014],[-3.70614,40.50045],[-3.70687,40.50046],[-3.70839,40.50023],[-3.71388,40.49813],[-3.71497,40.49787],[-3.71614,40.49782],[-3.71972,40.49825],[-3.72007,40.49904],[-3.71852,40.49931],[-3.71762,40.49965],[-3.71688,40.50009],[-3.71594,40.50105],[-3.71449,40.50353],[-3.71336,40.50317],[-3.71141,40.50372],[-3.70692,40.50354]]]}},{"type":"Feature","properties":{"id":"2807908132"},"geometry":{"type":"Polygon","coordinates":[[[-3.70231,40.49601],[-3.70068,40.49431],[-3.70189,40.49398],[-3.70255,40.49354],[-3.70303,40.49393],[-3.70431,40.49413],[-3.70468,40.49427],[-3.70623,40.49586],[-3.70559,40.49626],[-3.70416,40.49672],[-3.70296,40.49633],[-3.70231,40.49601]]]}},{"type":"Feature","properties":{"id":"2807908133"},"geometry":{"type":"Polygon","coordinates":[[[-3.69897,40.49293],[-3.69839,40.49167],[-3.69804,40.49014],[-3.69913,40.48983],[-3.69929,40.49041],[-3.69973,40.4907],[-3.69978,40.49159],[-3.70004,40.49173],[-3.70055,40.49169],[-3.70083,40.49176],[-3.70239,40.49298],[-3.70255,40.49354],[-3.70189,40.49398],[-3.70068,40.49431],[-3.70138,40.49496],[-3.70065,40.4952],[-3.7002,40.49438],[-3.69897,40.49293]]]}},{"type":"Feature","properties":{"id":"2807908134"},"geometry":{"type":"Polygon","coordinates":[[[-3.70255,40.49354],[-3.70239,40.49298],[-3.70083,40.49176],[-3.70055,40.49169],[-3.70004,40.49173],[-3.69978,40.49159],[-3.69973,40.4907],[-3.69929,40.49041],[-3.69913,40.48983],[-3.70116,40.4892],[-3.70283,40.4882],[-3.70412,40.48773],[-3.70423,40.48794],[-3.70418,40.48856],[-3.70481,40.48904],[-3.70498,40.48971],[-3.70569,40.48997],[-3.70677,40.49073],[-3.70702,40.49141],[-3.70705,40.49186],[-3.70845,40.49269],[-3.70872,40.49298],[-3.70889,40.49352],[-3.70851,40.49392],[-3.70974,40.49448],[-3.70702,40.49521],[-3.70623,40.49586],[-3.70468,40.49427],[-3.70431,40.49413],[-3.70303,40.49393],[-3.70255,40.49354]]]}},{"type":"Feature","properties":{"id":"2807908135"},"geometry":{"type":"Polygon","coordinates":[[[-3.70846,40.49854],[-3.70911,40.49835],[-3.71077,40.49745],[-3.7115,40.49718],[-3.71143,40.49656],[-3.71186,40.49634],[-3.71213,40.49657],[-3.71301,40.49651],[-3.71327,40.49623],[-3.71397,40.49674],[-3.71445,40.49797],[-3.70888,40.50003],[-3.70846,40.49854]]]}},{"type":"Feature","properties":{"id":"2807908136"},"geometry":{"type":"Polygon","coordinates":[[[-3.71369,40.4943],[-3.71377,40.49406],[-3.71366,40.49245],[-3.71486,40.49222],[-3.71506,40.4926],[-3.71629,40.49221],[-3.71718,40.49378],[-3.71781,40.49433],[-3.7149,40.4954],[-3.71369,40.4943]]]}},{"type":"Feature","properties":{"id":"2807908137"},"geometry":{"type":"Polygon","coordinates":[[[-3.70569,40.48997],[-3.70814,40.48937],[-3.70978,40.48884],[-3.71014,40.48863],[-3.7112,40.48941],[-3.7137,40.48791],[-3.71382,40.48791],[-3.71409,40.48928],[-3.71635,40.48905],[-3.71614,40.4908],[-3.71629,40.49221],[-3.71506,40.4926],[-3.71486,40.49222],[-3.71366,40.49245],[-3.71377,40.49406],[-3.71369,40.4943],[-3.71057,40.49314],[-3.70974,40.49448],[-3.70851,40.49392],[-3.70889,40.49352],[-3.70872,40.49298],[-3.70845,40.49269],[-3.70705,40.49186],[-3.70702,40.49141],[-3.70677,40.49073],[-3.70569,40.48997]]]}},{"type":"Feature","properties":{"id":"2807908138"},"geometry":{"type":"Polygon","coordinates":[[[-3.70412,40.48773],[-3.70798,40.48652],[-3.71239,40.48366],[-3.71315,40.48337],[-3.7142,40.48315],[-3.71515,40.48366],[-3.71561,40.48405],[-3.71616,40.4847],[-3.71657,40.48555],[-3.71662,40.48596],[-3.71635,40.48905],[-3.71409,40.48928],[-3.71382,40.48791],[-3.7137,40.48791],[-3.7112,40.48941],[-3.71014,40.48863],[-3.70978,40.48884],[-3.70814,40.48937],[-3.70569,40.48997],[-3.70498,40.48971],[-3.70481,40.48904],[-3.70418,40.48856],[-3.70423,40.48794],[-3.70412,40.48773]]]}},{"type":"Feature","properties":{"id":"2807908139"},"geometry":{"type":"Polygon","coordinates":[[[-3.71969,40.49589],[-3.71958,40.49539],[-3.72239,40.49283],[-3.72386,40.49379],[-3.72271,40.49479],[-3.721,40.49677],[-3.71969,40.49589]]]}},{"type":"Feature","properties":{"id":"2807908140"},"geometry":{"type":"Polygon","coordinates":[[[-3.72376,40.48453],[-3.72424,40.48391],[-3.72333,40.48351],[-3.7237,40.48301],[-3.72388,40.4831],[-3.72407,40.48285],[-3.72463,40.48308],[-3.72542,40.48231],[-3.72611,40.48262],[-3.72592,40.48289],[-3.72619,40.48305],[-3.72536,40.48388],[-3.72595,40.48414],[-3.72575,40.4845],[-3.72376,40.48453]]]}},{"type":"Feature","properties":{"id":"2807908141"},"geometry":{"type":"Polygon","coordinates":[[[-3.72542,40.48231],[-3.72564,40.48203],[-3.72517,40.48178],[-3.72552,40.48136],[-3.72827,40.48266],[-3.72722,40.48404],[-3.72637,40.48372],[-3.72595,40.48414],[-3.72536,40.48388],[-3.72619,40.48305],[-3.72592,40.48289],[-3.72611,40.48262],[-3.72542,40.48231]]]}},{"type":"Feature","properties":{"id":"2807908142"},"geometry":{"type":"Polygon","coordinates":[[[-3.72802,40.4856],[-3.7273,40.48551],[-3.72274,40.4855],[-3.72267,40.4842],[-3.72339,40.48453],[-3.72575,40.4845],[-3.72595,40.48414],[-3.72637,40.48372],[-3.72722,40.48404],[-3.72821,40.48282],[-3.72827,40.48266],[-3.72771,40.48237],[-3.72864,40.48111],[-3.72968,40.48155],[-3.72911,40.48228],[-3.72973,40.48256],[-3.7297,40.48316],[-3.7285,40.48471],[-3.72902,40.48569],[-3.7289,40.48596],[-3.72802,40.4856]]]}},{"type":"Feature","properties":{"id":"2807908143"},"geometry":{"type":"Polygon","coordinates":[[[-3.73355,40.49013],[-3.73062,40.48658],[-3.7289,40.48596],[-3.72902,40.48569],[-3.7285,40.48471],[-3.72967,40.48324],[-3.73301,40.48485],[-3.73364,40.48411],[-3.73427,40.48213],[-3.73467,40.48009],[-3.73722,40.48037],[-3.73651,40.48176],[-3.736,40.48368],[-3.73589,40.48496],[-3.73609,40.48556],[-3.73585,40.48601],[-3.73543,40.4863],[-3.73585,40.48688],[-3.73571,40.48757],[-3.73559,40.48786],[-3.73492,40.48858],[-3.7341,40.48913],[-3.7338,40.48946],[-3.73355,40.49013]]]}},{"type":"Feature","properties":{"id":"2807908144"},"geometry":{"type":"Polygon","coordinates":[[[-3.70161,40.48649],[-3.70666,40.48511],[-3.70702,40.48577],[-3.70377,40.48681],[-3.70113,40.48738],[-3.70161,40.48649]]]}},{"type":"Feature","properties":{"id":"2807908145"},"geometry":{"type":"Polygon","coordinates":[[[-3.72967,40.48324],[-3.72973,40.48256],[-3.73113,40.48071],[-3.73287,40.48146],[-3.73393,40.48008],[-3.73467,40.48009],[-3.73427,40.48213],[-3.73364,40.48411],[-3.73301,40.48485],[-3.72967,40.48324]]]}},{"type":"Feature","properties":{"id":"2807908146"},"geometry":{"type":"Polygon","coordinates":[[[-3.69383,40.48566],[-3.69463,40.48571],[-3.6951,40.48561],[-3.6973,40.48476],[-3.69773,40.485],[-3.69867,40.48621],[-3.69867,40.48725],[-3.69808,40.48725],[-3.69745,40.48746],[-3.6973,40.4873],[-3.69689,40.48751],[-3.69564,40.48649],[-3.69383,40.48566]]]}},{"type":"Feature","properties":{"id":"2807908147"},"geometry":{"type":"Polygon","coordinates":[[[-3.71972,40.49825],[-3.71614,40.49782],[-3.7155,40.49782],[-3.71445,40.49797],[-3.71388,40.49665],[-3.71246,40.49572],[-3.70974,40.49448],[-3.71052,40.49318],[-3.71057,40.49314],[-3.71364,40.49427],[-3.7149,40.4954],[-3.71781,40.49433],[-3.71917,40.49549],[-3.71939,40.49555],[-3.71958,40.49539],[-3.71984,40.49656],[-3.71967,40.49748],[-3.71972,40.49825]]]}},{"type":"Feature","properties":{"id":"2807908148"},"geometry":{"type":"Polygon","coordinates":[[[-3.72086,40.47432],[-3.72011,40.47175],[-3.72017,40.47152],[-3.72047,40.47131],[-3.72022,40.47097],[-3.72172,40.47129],[-3.72304,40.47176],[-3.72391,40.47232],[-3.72715,40.47255],[-3.72792,40.47269],[-3.72862,40.47254],[-3.72848,40.47285],[-3.72581,40.47355],[-3.72381,40.47434],[-3.72142,40.47577],[-3.72086,40.47432]]]}},{"type":"Feature","properties":{"id":"2807908149"},"geometry":{"type":"Polygon","coordinates":[[[-3.71995,40.47881],[-3.72216,40.47781],[-3.72262,40.47905],[-3.72069,40.47985],[-3.71995,40.47881]]]}},{"type":"Feature","properties":{"id":"2807908150"},"geometry":{"type":"Polygon","coordinates":[[[-3.69394,40.48157],[-3.6948,40.4815],[-3.69492,40.48167],[-3.69613,40.48204],[-3.69565,40.4832],[-3.69543,40.48317],[-3.6953,40.48354],[-3.69378,40.48374],[-3.69373,40.48221],[-3.69394,40.48157]]]}},{"type":"Feature","properties":{"id":"2807908151"},"geometry":{"type":"Polygon","coordinates":[[[-3.72407,40.48285],[-3.72416,40.4827],[-3.7229,40.48213],[-3.72402,40.48067],[-3.72552,40.48136],[-3.72517,40.48178],[-3.72564,40.48203],[-3.72509,40.48272],[-3.72463,40.48308],[-3.72407,40.48285]]]}},{"type":"Feature","properties":{"id":"2807908152"},"geometry":{"type":"Polygon","coordinates":[[[-3.70416,40.49672],[-3.70559,40.49626],[-3.70691,40.4953],[-3.70772,40.496],[-3.70823,40.49631],[-3.70997,40.49693],[-3.71091,40.49739],[-3.70897,40.49841],[-3.70811,40.49855],[-3.70749,40.49843],[-3.7058,40.4974],[-3.70416,40.49672]]]}},{"type":"Feature","properties":{"id":"2807908153"},"geometry":{"type":"Polygon","coordinates":[[[-3.6876,40.4985],[-3.68822,40.4977],[-3.68877,40.49749],[-3.69132,40.49739],[-3.69189,40.49758],[-3.69259,40.49807],[-3.69074,40.50006],[-3.69103,40.50038],[-3.69098,40.50055],[-3.68823,40.50072],[-3.68818,40.50046],[-3.68835,40.49991],[-3.68876,40.49942],[-3.6876,40.4985]]]}},{"type":"Feature","properties":{"id":"2807908154"},"geometry":{"type":"Polygon","coordinates":[[[-3.71866,40.4883],[-3.71642,40.48826],[-3.71657,40.48555],[-3.71682,40.4856],[-3.71692,40.48571],[-3.71902,40.48562],[-3.71902,40.48811],[-3.71885,40.48813],[-3.71866,40.4883]]]}},{"type":"Feature","properties":{"id":"2807908155"},"geometry":{"type":"Polygon","coordinates":[[[-3.71917,40.49549],[-3.71718,40.49378],[-3.71684,40.49327],[-3.71629,40.49221],[-3.71614,40.4908],[-3.71617,40.49062],[-3.71798,40.49058],[-3.71799,40.48829],[-3.71866,40.4883],[-3.71901,40.48811],[-3.71923,40.48821],[-3.71921,40.48847],[-3.72169,40.49042],[-3.72201,40.49038],[-3.72214,40.4905],[-3.72212,40.49073],[-3.7235,40.49183],[-3.71939,40.49555],[-3.71917,40.49549]]]}},{"type":"Feature","properties":{"id":"2807908156"},"geometry":{"type":"Polygon","coordinates":[[[-3.72271,40.48833],[-3.72274,40.4855],[-3.72526,40.48551],[-3.72525,40.48835],[-3.72271,40.48833]]]}},{"type":"Feature","properties":{"id":"2807908157"},"geometry":{"type":"Polygon","coordinates":[[[-3.71653,40.47377],[-3.71717,40.47285],[-3.71748,40.47194],[-3.71814,40.47082],[-3.71812,40.47062],[-3.72034,40.47114],[-3.72047,40.47131],[-3.72017,40.47152],[-3.72011,40.47175],[-3.72032,40.47255],[-3.71963,40.47241],[-3.71933,40.47345],[-3.71775,40.47313],[-3.71746,40.47394],[-3.71653,40.47377]]]}},{"type":"Feature","properties":{"id":"2807908158"},"geometry":{"type":"Polygon","coordinates":[[[-3.70691,40.4953],[-3.70741,40.49509],[-3.70942,40.49462],[-3.70974,40.49448],[-3.7122,40.49558],[-3.71327,40.49623],[-3.71301,40.49651],[-3.71213,40.49657],[-3.71186,40.49634],[-3.71143,40.49656],[-3.7115,40.49718],[-3.71091,40.49739],[-3.70997,40.49693],[-3.70823,40.49631],[-3.70772,40.496],[-3.70691,40.4953]]]}},{"type":"Feature","properties":{"id":"2807908159"},"geometry":{"type":"Polygon","coordinates":[[[-3.68635,40.49908],[-3.68723,40.49881],[-3.6876,40.4985],[-3.68876,40.49942],[-3.68835,40.49991],[-3.68818,40.50046],[-3.68823,40.50072],[-3.69166,40.50051],[-3.69182,40.5025],[-3.69123,40.50311],[-3.69053,40.5033],[-3.69066,40.5047],[-3.69102,40.50523],[-3.69044,40.50653],[-3.69071,40.50693],[-3.69074,40.50769],[-3.68974,40.50783],[-3.68887,40.5077],[-3.68698,40.50618],[-3.68659,40.50565],[-3.68614,40.5053],[-3.6859,40.5049],[-3.68546,40.5048],[-3.68578,40.50085],[-3.68635,40.49908]]]}},{"type":"Feature","properties":{"id":"2807908160"},"geometry":{"type":"Polygon","coordinates":[[[-3.67048,40.50272],[-3.67206,40.50136],[-3.67027,40.50015],[-3.67383,40.49713],[-3.67462,40.49961],[-3.67315,40.50463],[-3.67048,40.50272]]]}},{"type":"Feature","properties":{"id":"2807908161"},"geometry":{"type":"Polygon","coordinates":[[[-3.67315,40.50463],[-3.67416,40.5053],[-3.6745,40.50592],[-3.6745,40.50648],[-3.67413,40.5071],[-3.67609,40.50866],[-3.6736,40.50892],[-3.67157,40.50881],[-3.67035,40.50819],[-3.67269,40.50621],[-3.67315,40.50463]]]}},{"type":"Feature","properties":{"id":"2807908162"},"geometry":{"type":"Polygon","coordinates":[[[-3.69074,40.50769],[-3.69071,40.50693],[-3.69044,40.50653],[-3.69102,40.50523],[-3.69066,40.5047],[-3.69053,40.5033],[-3.69123,40.50311],[-3.6915,40.50291],[-3.69182,40.5025],[-3.69185,40.50213],[-3.69166,40.50051],[-3.69098,40.50055],[-3.69103,40.50038],[-3.69074,40.50006],[-3.69259,40.49807],[-3.69309,40.49853],[-3.69413,40.49999],[-3.69616,40.50151],[-3.69099,40.50771],[-3.69074,40.50769]]]}},{"type":"Feature","properties":{"id":"2807908163"},"geometry":{"type":"Polygon","coordinates":[[[-3.71925,40.48831],[-3.71918,40.48815],[-3.71902,40.48811],[-3.71902,40.48562],[-3.72274,40.4855],[-3.72271,40.48833],[-3.71925,40.48831]]]}},{"type":"Feature","properties":{"id":"2807908164"},"geometry":{"type":"Polygon","coordinates":[[[-3.70398,40.50918],[-3.70118,40.50601],[-3.70084,40.50587],[-3.69996,40.50578],[-3.69934,40.50555],[-3.69982,40.5054],[-3.70064,40.50531],[-3.70671,40.5056],[-3.70692,40.50354],[-3.71141,40.50372],[-3.71336,40.50317],[-3.71424,40.50344],[-3.71377,40.50403],[-3.71287,40.50475],[-3.70398,40.50918]]]}},{"type":"Feature","properties":{"id":"2807908165"},"geometry":{"type":"Polygon","coordinates":[[[-3.69244,40.50596],[-3.69473,40.50318],[-3.69616,40.50151],[-3.69718,40.50212],[-3.69774,40.50261],[-3.69813,40.50359],[-3.69871,40.50453],[-3.69759,40.50504],[-3.69679,40.50565],[-3.69532,40.50742],[-3.69244,40.50596]]]}},{"type":"Feature","properties":{"id":"2807908166"},"geometry":{"type":"Polygon","coordinates":[[[-3.68277,40.5124],[-3.68049,40.50741],[-3.68055,40.50731],[-3.67953,40.50372],[-3.6764,40.49694],[-3.67602,40.49541],[-3.6755,40.4954],[-3.67338,40.49572],[-3.67188,40.49573],[-3.66985,40.49559],[-3.66858,40.49548],[-3.66759,40.49486],[-3.67121,40.49193],[-3.67214,40.4907],[-3.67254,40.48984],[-3.67305,40.48796],[-3.67347,40.48405],[-3.67783,40.48387],[-3.67759,40.48408],[-3.67756,40.48427],[-3.67994,40.48942],[-3.68181,40.49553],[-3.68385,40.49536],[-3.6849,40.495],[-3.68547,40.49533],[-3.68764,40.49557],[-3.68775,40.49565],[-3.68753,40.49628],[-3.68704,40.49713],[-3.68578,40.50085],[-3.68546,40.5048],[-3.6859,40.5049],[-3.68614,40.5053],[-3.68659,40.50565],[-3.68698,40.50618],[-3.68887,40.5077],[-3.68974,40.50783],[-3.69099,40.50771],[-3.68994,40.50889],[-3.68865,40.50975],[-3.68495,40.5116],[-3.68277,40.5124]]]}},{"type":"Feature","properties":{"id":"2807908167"},"geometry":{"type":"Polygon","coordinates":[[[-3.66351,40.50352],[-3.67033,40.50821],[-3.66824,40.51006],[-3.66141,40.50526],[-3.66351,40.50352]]]}},{"type":"Feature","properties":{"id":"2807908168"},"geometry":{"type":"Polygon","coordinates":[[[-3.67686,40.50512],[-3.67974,40.50446],[-3.68055,40.50731],[-3.68049,40.50741],[-3.6779,40.50798],[-3.67686,40.50512]]]}},{"type":"Feature","properties":{"id":"2807908169"},"geometry":{"type":"Polygon","coordinates":[[[-3.6968,40.51275],[-3.69504,40.51188],[-3.69681,40.50975],[-3.6944,40.50853],[-3.69679,40.50565],[-3.69759,40.50504],[-3.69871,40.50453],[-3.69939,40.50562],[-3.69996,40.50578],[-3.70084,40.50587],[-3.70118,40.50601],[-3.70398,40.50918],[-3.70382,40.50937],[-3.69881,40.5117],[-3.6968,40.51275]]]}},{"type":"Feature","properties":{"id":"2807908170"},"geometry":{"type":"Polygon","coordinates":[[[-3.66687,40.50581],[-3.66899,40.504],[-3.67248,40.50639],[-3.67033,40.50821],[-3.66687,40.50581]]]}},{"type":"Feature","properties":{"id":"2807908171"},"geometry":{"type":"Polygon","coordinates":[[[-3.66511,40.50461],[-3.66041,40.50141],[-3.66241,40.4991],[-3.66601,40.49608],[-3.66759,40.49486],[-3.66858,40.49548],[-3.67188,40.49573],[-3.67337,40.49569],[-3.67383,40.49713],[-3.67027,40.50015],[-3.67206,40.50136],[-3.66898,40.504],[-3.66725,40.50275],[-3.66511,40.50461]]]}},{"type":"Feature","properties":{"id":"2807908172"},"geometry":{"type":"Polygon","coordinates":[[[-3.67444,40.49904],[-3.67338,40.49572],[-3.6755,40.4954],[-3.67602,40.49541],[-3.6764,40.49694],[-3.67712,40.49848],[-3.67444,40.49904]]]}},{"type":"Feature","properties":{"id":"2807908173"},"geometry":{"type":"Polygon","coordinates":[[[-3.70472,40.50342],[-3.70464,40.50436],[-3.70252,40.50421],[-3.70244,40.50539],[-3.70064,40.50531],[-3.69982,40.5054],[-3.69934,40.50555],[-3.69816,40.50364],[-3.69896,40.50343],[-3.7005,40.5032],[-3.70472,40.50342]]]}},{"type":"Feature","properties":{"id":"2807908174"},"geometry":{"type":"Polygon","coordinates":[[[-3.67163,40.51283],[-3.68126,40.50902],[-3.68277,40.5124],[-3.67506,40.51427],[-3.6714,40.51591],[-3.67163,40.51283]]]}},{"type":"Feature","properties":{"id":"2807908175"},"geometry":{"type":"Polygon","coordinates":[[[-3.70057,40.49739],[-3.70084,40.49628],[-3.70065,40.4952],[-3.70138,40.49496],[-3.70231,40.49601],[-3.70296,40.49633],[-3.70416,40.49672],[-3.7058,40.4974],[-3.70749,40.49843],[-3.70846,40.49854],[-3.70889,40.50002],[-3.7077,40.50038],[-3.70687,40.50046],[-3.70614,40.50045],[-3.70473,40.50014],[-3.70364,40.49959],[-3.70057,40.49739]]]}},{"type":"Feature","properties":{"id":"2807908176"},"geometry":{"type":"Polygon","coordinates":[[[-3.68564,40.51129],[-3.68865,40.50975],[-3.6895,40.50915],[-3.69258,40.51068],[-3.6944,40.50853],[-3.69681,40.50975],[-3.69504,40.51188],[-3.6968,40.51275],[-3.69698,40.51291],[-3.68814,40.51515],[-3.68739,40.51517],[-3.68646,40.51506],[-3.68557,40.51486],[-3.68514,40.51463],[-3.68474,40.51414],[-3.68466,40.51356],[-3.68471,40.51285],[-3.68516,40.5118],[-3.68564,40.51129]]]}},{"type":"Feature","properties":{"id":"2807908177"},"geometry":{"type":"Polygon","coordinates":[[[-3.71617,40.49062],[-3.71642,40.48826],[-3.71799,40.48829],[-3.71798,40.49058],[-3.71617,40.49062]]]}},{"type":"Feature","properties":{"id":"2807908178"},"geometry":{"type":"Polygon","coordinates":[[[-3.6895,40.50915],[-3.6902,40.50865],[-3.69244,40.50596],[-3.69532,40.50742],[-3.69258,40.51068],[-3.6895,40.50915]]]}},{"type":"Feature","properties":{"id":"2807908179"},"geometry":{"type":"Polygon","coordinates":[[[-3.67455,40.49986],[-3.67462,40.49961],[-3.67444,40.49904],[-3.67712,40.49848],[-3.67853,40.5015],[-3.67577,40.50207],[-3.67505,40.50003],[-3.67455,40.49986]]]}},{"type":"Feature","properties":{"id":"2807908180"},"geometry":{"type":"Polygon","coordinates":[[[-3.72525,40.48835],[-3.72526,40.48551],[-3.72758,40.48552],[-3.72802,40.4856],[-3.72788,40.48575],[-3.72788,40.48699],[-3.72608,40.48836],[-3.72525,40.48835]]]}},{"type":"Feature","properties":{"id":"2807908181"},"geometry":{"type":"Polygon","coordinates":[[[-3.72349,40.49183],[-3.72212,40.49073],[-3.72214,40.4905],[-3.72201,40.49038],[-3.72169,40.49042],[-3.71921,40.48847],[-3.71925,40.48831],[-3.72608,40.48836],[-3.72788,40.48699],[-3.72788,40.48575],[-3.72802,40.4856],[-3.73062,40.48658],[-3.73167,40.48779],[-3.72931,40.48973],[-3.72628,40.4916],[-3.72499,40.49281],[-3.72349,40.49183]]]}},{"type":"Feature","properties":{"id":"2807908182"},"geometry":{"type":"Polygon","coordinates":[[[-3.73388,40.48013],[-3.73394,40.47921],[-3.73411,40.47916],[-3.73419,40.47721],[-3.733,40.47695],[-3.73305,40.47677],[-3.73381,40.47678],[-3.73585,40.47716],[-3.73704,40.47725],[-3.73876,40.47706],[-3.73922,40.47838],[-3.73975,40.47889],[-3.73854,40.47995],[-3.73812,40.47979],[-3.73777,40.47982],[-3.73722,40.48037],[-3.7341,40.48003],[-3.73388,40.48013]]]}},{"type":"Feature","properties":{"id":"2807908183"},"geometry":{"type":"Polygon","coordinates":[[[-3.69774,40.50261],[-3.7004,40.5021],[-3.70698,40.50244],[-3.70692,40.50354],[-3.7005,40.5032],[-3.69896,40.50343],[-3.69816,40.50364],[-3.69774,40.50261]]]}},{"type":"Feature","properties":{"id":"2807908184"},"geometry":{"type":"Polygon","coordinates":[[[-3.70244,40.50539],[-3.70252,40.50421],[-3.70464,40.50436],[-3.70472,40.50342],[-3.70692,40.50354],[-3.70671,40.5056],[-3.70244,40.50539]]]}},{"type":"Feature","properties":{"id":"2807908185"},"geometry":{"type":"Polygon","coordinates":[[[-3.66511,40.50461],[-3.66725,40.50275],[-3.66898,40.504],[-3.66687,40.50581],[-3.66511,40.50461]]]}},{"type":"Feature","properties":{"id":"2807908186"},"geometry":{"type":"Polygon","coordinates":[[[-3.66899,40.504],[-3.67048,40.50272],[-3.67315,40.50463],[-3.67269,40.50621],[-3.67248,40.50639],[-3.66899,40.504]]]}},{"type":"Feature","properties":{"id":"2807908187"},"geometry":{"type":"Polygon","coordinates":[[[-3.67315,40.50463],[-3.67455,40.49986],[-3.67508,40.50011],[-3.6779,40.50798],[-3.67661,40.50861],[-3.67609,40.50866],[-3.67413,40.5071],[-3.6745,40.50648],[-3.6745,40.50592],[-3.67416,40.5053],[-3.67315,40.50463]]]}},{"type":"Feature","properties":{"id":"2807908188"},"geometry":{"type":"Polygon","coordinates":[[[-3.67974,40.50446],[-3.67686,40.50512],[-3.67577,40.50207],[-3.67853,40.5015],[-3.67953,40.50372],[-3.67974,40.50446]]]}},{"type":"Feature","properties":{"id":"2807908189"},"geometry":{"type":"Polygon","coordinates":[[[-3.71969,40.49589],[-3.721,40.49677],[-3.72271,40.49479],[-3.72386,40.49379],[-3.72239,40.49283],[-3.72349,40.49183],[-3.72499,40.49281],[-3.72628,40.4916],[-3.72931,40.48973],[-3.73167,40.48779],[-3.73498,40.49184],[-3.73508,40.49235],[-3.7349,40.49289],[-3.73832,40.49314],[-3.7363,40.49716],[-3.73445,40.5021],[-3.73263,40.5034],[-3.73224,40.50386],[-3.73265,40.50601],[-3.73323,40.50618],[-3.73278,40.507],[-3.73473,40.50755],[-3.73518,40.50677],[-3.74217,40.50902],[-3.74047,40.51154],[-3.74038,40.51265],[-3.74025,40.513],[-3.74004,40.51319],[-3.73966,40.51332],[-3.73908,40.51322],[-3.73667,40.51234],[-3.73224,40.50944],[-3.72677,40.5083],[-3.72571,40.50749],[-3.72442,40.50677],[-3.72283,40.50658],[-3.72118,40.50622],[-3.71855,40.50495],[-3.71449,40.50353],[-3.71594,40.50105],[-3.71688,40.50009],[-3.71762,40.49965],[-3.71852,40.49931],[-3.72007,40.49904],[-3.71973,40.49828],[-3.71967,40.49748],[-3.71984,40.49656],[-3.71969,40.49589]]]}},{"type":"Feature","properties":{"id":"2807908190"},"geometry":{"type":"Polygon","coordinates":[[[-3.66351,40.50352],[-3.66141,40.50526],[-3.66824,40.51006],[-3.66442,40.51342],[-3.66421,40.51342],[-3.66171,40.51168],[-3.66147,40.51164],[-3.65955,40.51323],[-3.65934,40.51369],[-3.65942,40.5141],[-3.65913,40.51366],[-3.6586,40.51163],[-3.65811,40.51149],[-3.65827,40.50864],[-3.65809,40.5059],[-3.6583,40.50455],[-3.65893,40.50327],[-3.66041,40.50141],[-3.66351,40.50352]]]}},{"type":"Feature","properties":{"id":"2807908191"},"geometry":{"type":"Polygon","coordinates":[[[-3.65942,40.5141],[-3.65934,40.51369],[-3.65955,40.51323],[-3.66138,40.51167],[-3.66171,40.51168],[-3.66421,40.51342],[-3.66442,40.51342],[-3.66824,40.51006],[-3.6692,40.51065],[-3.67065,40.50942],[-3.67265,40.51082],[-3.67352,40.51204],[-3.67163,40.51283],[-3.6714,40.51591],[-3.66874,40.51712],[-3.6662,40.51883],[-3.66297,40.52006],[-3.66132,40.51703],[-3.65942,40.5141]]]}},{"type":"Feature","properties":{"id":"2807909001"},"geometry":{"type":"Polygon","coordinates":[[[-3.72604,40.42534],[-3.72358,40.42325],[-3.724,40.423],[-3.72279,40.42193],[-3.72357,40.42118],[-3.72463,40.4219],[-3.72795,40.42313],[-3.72754,40.42362],[-3.72741,40.42411],[-3.72604,40.42534]]]}},{"type":"Feature","properties":{"id":"2807909002"},"geometry":{"type":"Polygon","coordinates":[[[-3.73828,40.43462],[-3.73684,40.43018],[-3.73421,40.42693],[-3.73252,40.4258],[-3.73218,40.42614],[-3.73271,40.42635],[-3.73294,40.42665],[-3.73203,40.427],[-3.72751,40.42393],[-3.72754,40.42362],[-3.72795,40.42313],[-3.72463,40.4219],[-3.72357,40.42118],[-3.72311,40.42163],[-3.7227,40.42118],[-3.72237,40.42077],[-3.72191,40.41978],[-3.72186,40.41905],[-3.72234,40.41711],[-3.72279,40.41691],[-3.72384,40.41668],[-3.72675,40.41565],[-3.73784,40.41153],[-3.74188,40.4092],[-3.74284,40.40955],[-3.74356,40.40958],[-3.7446,40.40928],[-3.74482,40.40931],[-3.74941,40.40863],[-3.75216,40.40778],[-3.75579,40.4059],[-3.75699,40.40565],[-3.75969,40.40411],[-3.76098,40.40311],[-3.76259,40.40079],[-3.76498,40.39891],[-3.76605,40.39896],[-3.76606,40.39909],[-3.76669,40.39913],[-3.76782,40.39949],[-3.76884,40.39966],[-3.76998,40.3997],[-3.77039,40.39961],[-3.77429,40.40051],[-3.77461,40.40031],[-3.77437,40.40208],[-3.77641,40.40403],[-3.77691,40.4052],[-3.7778,40.40653],[-3.77858,40.40803],[-3.77903,40.40977],[-3.77946,40.4121],[-3.78062,40.4143],[-3.7814,40.41759],[-3.78038,40.42191],[-3.77913,40.42427],[-3.77094,40.42932],[-3.77085,40.44405],[-3.77153,40.444],[-3.76726,40.44761],[-3.76508,40.44869],[-3.76276,40.44957],[-3.76187,40.44901],[-3.75057,40.44395],[-3.74876,40.44305],[-3.74187,40.43787],[-3.73962,40.43522],[-3.73892,40.43482],[-3.73828,40.43462]]]}},{"type":"Feature","properties":{"id":"2807909004"},"geometry":{"type":"Polygon","coordinates":[[[-3.731,40.4276],[-3.72787,40.42508],[-3.72699,40.42448],[-3.72751,40.42393],[-3.73203,40.427],[-3.73145,40.42723],[-3.731,40.4276]]]}},{"type":"Feature","properties":{"id":"2807909005"},"geometry":{"type":"Polygon","coordinates":[[[-3.731,40.4276],[-3.73145,40.42723],[-3.7323,40.42687],[-3.7328,40.42745],[-3.73297,40.42738],[-3.73357,40.4281],[-3.7332,40.42832],[-3.73399,40.42914],[-3.73335,40.42949],[-3.731,40.4276]]]}},{"type":"Feature","properties":{"id":"2807909006"},"geometry":{"type":"Polygon","coordinates":[[[-3.7323,40.42687],[-3.73294,40.42665],[-3.73271,40.42635],[-3.73218,40.42614],[-3.73252,40.4258],[-3.73421,40.42693],[-3.73543,40.4284],[-3.73399,40.42914],[-3.7332,40.42832],[-3.73357,40.4281],[-3.73297,40.42738],[-3.7328,40.42745],[-3.7323,40.42687]]]}},{"type":"Feature","properties":{"id":"2807909007"},"geometry":{"type":"Polygon","coordinates":[[[-3.7365,40.4344],[-3.73602,40.43412],[-3.73577,40.43368],[-3.73576,40.43245],[-3.73526,40.43161],[-3.73504,40.431],[-3.73452,40.43043],[-3.73335,40.42949],[-3.73543,40.4284],[-3.73688,40.43028],[-3.73828,40.43462],[-3.73734,40.43444],[-3.7365,40.4344]]]}},{"type":"Feature","properties":{"id":"2807909008"},"geometry":{"type":"Polygon","coordinates":[[[-3.73453,40.43416],[-3.73183,40.43127],[-3.73239,40.43099],[-3.73227,40.4307],[-3.73397,40.42998],[-3.73504,40.431],[-3.73526,40.43161],[-3.73576,40.43245],[-3.73577,40.43368],[-3.73602,40.43412],[-3.7365,40.4344],[-3.73505,40.43432],[-3.73453,40.43416]]]}},{"type":"Feature","properties":{"id":"2807909009"},"geometry":{"type":"Polygon","coordinates":[[[-3.72604,40.42534],[-3.72699,40.42448],[-3.72787,40.42508],[-3.73083,40.42746],[-3.72937,40.42853],[-3.72753,40.42665],[-3.72604,40.42534]]]}},{"type":"Feature","properties":{"id":"2807909010"},"geometry":{"type":"Polygon","coordinates":[[[-3.72237,40.42227],[-3.72168,40.42274],[-3.72445,40.425],[-3.72514,40.42455],[-3.72745,40.42657],[-3.73081,40.42994],[-3.73211,40.43164],[-3.73453,40.43416],[-3.73359,40.43431],[-3.72664,40.43603],[-3.72343,40.43731],[-3.72324,40.43752],[-3.71947,40.43553],[-3.71956,40.43528],[-3.71942,40.435],[-3.72517,40.43259],[-3.72518,40.43251],[-3.71853,40.42563],[-3.71826,40.42546],[-3.71623,40.425],[-3.71459,40.42329],[-3.71521,40.42293],[-3.71653,40.42191],[-3.7171,40.42197],[-3.71775,40.42243],[-3.71851,40.42279],[-3.71952,40.42266],[-3.71806,40.42121],[-3.71806,40.42029],[-3.71995,40.42025],[-3.72237,40.42227]]]}},{"type":"Feature","properties":{"id":"2807909011"},"geometry":{"type":"Polygon","coordinates":[[[-3.71642,40.42194],[-3.71605,40.42126],[-3.71806,40.42121],[-3.71952,40.42266],[-3.71851,40.42279],[-3.71775,40.42243],[-3.71706,40.42195],[-3.71674,40.42189],[-3.71642,40.42194]]]}},{"type":"Feature","properties":{"id":"2807909012"},"geometry":{"type":"Polygon","coordinates":[[[-3.71551,40.42034],[-3.71806,40.42029],[-3.71806,40.42121],[-3.71605,40.42126],[-3.71551,40.42034]]]}},{"type":"Feature","properties":{"id":"2807909013"},"geometry":{"type":"Polygon","coordinates":[[[-3.7139,40.42142],[-3.71551,40.42034],[-3.71642,40.42194],[-3.71571,40.42252],[-3.7139,40.42142]]]}},{"type":"Feature","properties":{"id":"2807909014"},"geometry":{"type":"Polygon","coordinates":[[[-3.71311,40.42626],[-3.71144,40.4239],[-3.71087,40.42339],[-3.7132,40.42209],[-3.71308,40.42197],[-3.7139,40.42142],[-3.71571,40.42252],[-3.71521,40.42293],[-3.71459,40.42329],[-3.71493,40.42363],[-3.71476,40.42373],[-3.71331,40.42619],[-3.71311,40.42626]]]}},{"type":"Feature","properties":{"id":"2807909015"},"geometry":{"type":"Polygon","coordinates":[[[-3.71403,40.42498],[-3.71476,40.42373],[-3.71493,40.42363],[-3.71623,40.425],[-3.71714,40.42523],[-3.71709,40.42536],[-3.7155,40.42667],[-3.71403,40.42498]]]}},{"type":"Feature","properties":{"id":"2807909016"},"geometry":{"type":"Polygon","coordinates":[[[-3.71415,40.4277],[-3.71311,40.42626],[-3.71331,40.42619],[-3.71403,40.42498],[-3.7155,40.42667],[-3.71435,40.42763],[-3.71415,40.4277]]]}},{"type":"Feature","properties":{"id":"2807909017"},"geometry":{"type":"Polygon","coordinates":[[[-3.71415,40.4277],[-3.71435,40.42763],[-3.71679,40.42561],[-3.71761,40.42646],[-3.71473,40.42823],[-3.71457,40.42828],[-3.71415,40.4277]]]}},{"type":"Feature","properties":{"id":"2807909018"},"geometry":{"type":"Polygon","coordinates":[[[-3.71686,40.42693],[-3.71761,40.42646],[-3.71679,40.42561],[-3.71714,40.42523],[-3.71839,40.42552],[-3.71973,40.42684],[-3.71765,40.42778],[-3.71686,40.42693]]]}},{"type":"Feature","properties":{"id":"2807909019"},"geometry":{"type":"Polygon","coordinates":[[[-3.71457,40.42828],[-3.71686,40.42693],[-3.71839,40.42858],[-3.71562,40.42976],[-3.71457,40.42828]]]}},{"type":"Feature","properties":{"id":"2807909020"},"geometry":{"type":"Polygon","coordinates":[[[-3.71765,40.42778],[-3.71973,40.42684],[-3.7205,40.42762],[-3.71839,40.42858],[-3.71765,40.42778]]]}},{"type":"Feature","properties":{"id":"2807909021"},"geometry":{"type":"Polygon","coordinates":[[[-3.71839,40.42858],[-3.7205,40.42762],[-3.72173,40.42891],[-3.71939,40.42965],[-3.71839,40.42858]]]}},{"type":"Feature","properties":{"id":"2807909022"},"geometry":{"type":"Polygon","coordinates":[[[-3.71562,40.42976],[-3.71839,40.42858],[-3.71939,40.42965],[-3.71624,40.43061],[-3.71562,40.42976]]]}},{"type":"Feature","properties":{"id":"2807909023"},"geometry":{"type":"Polygon","coordinates":[[[-3.71749,40.43233],[-3.71624,40.43061],[-3.71939,40.42965],[-3.72009,40.4304],[-3.71816,40.4312],[-3.71866,40.43185],[-3.71749,40.43233]]]}},{"type":"Feature","properties":{"id":"2807909024"},"geometry":{"type":"Polygon","coordinates":[[[-3.71939,40.42965],[-3.72173,40.42891],[-3.72227,40.42947],[-3.72009,40.4304],[-3.71939,40.42965]]]}},{"type":"Feature","properties":{"id":"2807909025"},"geometry":{"type":"Polygon","coordinates":[[[-3.72009,40.4304],[-3.72227,40.42947],[-3.72285,40.43007],[-3.72066,40.43102],[-3.72009,40.4304]]]}},{"type":"Feature","properties":{"id":"2807909026"},"geometry":{"type":"Polygon","coordinates":[[[-3.72009,40.4304],[-3.72066,40.43102],[-3.71866,40.43185],[-3.71816,40.4312],[-3.72009,40.4304]]]}},{"type":"Feature","properties":{"id":"2807909028"},"geometry":{"type":"Polygon","coordinates":[[[-3.71826,40.43554],[-3.71837,40.43472],[-3.71735,40.43325],[-3.71733,40.43312],[-3.71795,40.43299],[-3.71749,40.43233],[-3.71968,40.43143],[-3.72033,40.43215],[-3.72168,40.43406],[-3.71942,40.435],[-3.71956,40.43533],[-3.71933,40.43562],[-3.71826,40.43554]]]}},{"type":"Feature","properties":{"id":"2807909029"},"geometry":{"type":"Polygon","coordinates":[[[-3.71968,40.43143],[-3.72164,40.43061],[-3.72279,40.4318],[-3.72065,40.43261],[-3.71968,40.43143]]]}},{"type":"Feature","properties":{"id":"2807909030"},"geometry":{"type":"Polygon","coordinates":[[[-3.724,40.43308],[-3.72164,40.43061],[-3.72285,40.43007],[-3.72517,40.43259],[-3.724,40.43308]]]}},{"type":"Feature","properties":{"id":"2807909031"},"geometry":{"type":"Polygon","coordinates":[[[-3.72065,40.43261],[-3.72279,40.4318],[-3.724,40.43308],[-3.72168,40.43406],[-3.72065,40.43261]]]}},{"type":"Feature","properties":{"id":"2807909033"},"geometry":{"type":"Polygon","coordinates":[[[-3.71586,40.45868],[-3.71699,40.45618],[-3.7186,40.45364],[-3.71764,40.45336],[-3.71721,40.45341],[-3.71579,40.45451],[-3.7154,40.45459],[-3.71517,40.45404],[-3.71369,40.45466],[-3.71319,40.45498],[-3.71269,40.45396],[-3.71329,40.45305],[-3.71366,40.45328],[-3.71498,40.45261],[-3.71533,40.45252],[-3.71472,40.4517],[-3.7141,40.45045],[-3.71565,40.44981],[-3.71607,40.4495],[-3.71621,40.44935],[-3.7162,40.44912],[-3.71644,40.44902],[-3.71745,40.44744],[-3.71933,40.44563],[-3.71948,40.44525],[-3.71982,40.44516],[-3.71994,40.44499],[-3.71978,40.44371],[-3.71946,40.44334],[-3.71764,40.43989],[-3.71761,40.43945],[-3.71826,40.43554],[-3.71919,40.43565],[-3.71947,40.43553],[-3.72324,40.43752],[-3.72343,40.43731],[-3.72664,40.43603],[-3.73359,40.43431],[-3.73453,40.43416],[-3.73505,40.43432],[-3.73798,40.43452],[-3.73892,40.43482],[-3.73962,40.43522],[-3.74187,40.43787],[-3.74876,40.44305],[-3.75057,40.44395],[-3.76187,40.44901],[-3.76276,40.44957],[-3.76201,40.4498],[-3.76138,40.44972],[-3.76087,40.44948],[-3.76025,40.44998],[-3.75902,40.4505],[-3.75695,40.45126],[-3.7559,40.45138],[-3.75702,40.45384],[-3.74507,40.45527],[-3.74356,40.45362],[-3.74157,40.45416],[-3.7329,40.45494],[-3.73211,40.45519],[-3.73076,40.45614],[-3.73009,40.4565],[-3.72949,40.45644],[-3.72969,40.45766],[-3.72941,40.45901],[-3.72951,40.46014],[-3.72885,40.46036],[-3.72438,40.46108],[-3.72146,40.46166],[-3.7195,40.46227],[-3.71899,40.46153],[-3.71895,40.4613],[-3.71912,40.46094],[-3.71958,40.46046],[-3.7196,40.46001],[-3.71943,40.45984],[-3.71918,40.45966],[-3.71586,40.45868]]]}},{"type":"Feature","properties":{"id":"2807909034"},"geometry":{"type":"Polygon","coordinates":[[[-3.71394,40.44673],[-3.71542,40.44635],[-3.71572,40.44608],[-3.71729,40.44667],[-3.71817,40.44674],[-3.71745,40.44744],[-3.71661,40.44876],[-3.71444,40.44789],[-3.71394,40.44673]]]}},{"type":"Feature","properties":{"id":"2807909035"},"geometry":{"type":"Polygon","coordinates":[[[-3.71231,40.44639],[-3.71455,40.44582],[-3.71458,40.44569],[-3.71478,40.44567],[-3.71501,40.44575],[-3.71503,40.44584],[-3.71572,40.44608],[-3.71542,40.44635],[-3.71256,40.44708],[-3.71231,40.44639]]]}},{"type":"Feature","properties":{"id":"2807909036"},"geometry":{"type":"Polygon","coordinates":[[[-3.70835,40.4471],[-3.70941,40.4471],[-3.71231,40.44639],[-3.71256,40.44708],[-3.70888,40.44801],[-3.70835,40.4471]]]}},{"type":"Feature","properties":{"id":"2807909037"},"geometry":{"type":"Polygon","coordinates":[[[-3.71366,40.45328],[-3.71215,40.45248],[-3.71177,40.45244],[-3.70888,40.44801],[-3.71394,40.44673],[-3.71444,40.44789],[-3.71661,40.44876],[-3.71644,40.44902],[-3.71624,40.44907],[-3.71621,40.44935],[-3.71581,40.44971],[-3.7141,40.45045],[-3.71472,40.4517],[-3.71533,40.45252],[-3.71498,40.45261],[-3.71366,40.45328]]]}},{"type":"Feature","properties":{"id":"2807909038"},"geometry":{"type":"Polygon","coordinates":[[[-3.71467,40.45494],[-3.71443,40.45436],[-3.71517,40.45404],[-3.7154,40.45459],[-3.71601,40.45439],[-3.71721,40.45341],[-3.71764,40.45336],[-3.7186,40.45364],[-3.71699,40.45618],[-3.71644,40.45736],[-3.71548,40.45629],[-3.71467,40.45494]]]}},{"type":"Feature","properties":{"id":"2807909039"},"geometry":{"type":"Polygon","coordinates":[[[-3.71152,40.45751],[-3.71319,40.45498],[-3.71349,40.45476],[-3.71443,40.45436],[-3.71467,40.45494],[-3.71416,40.45606],[-3.71333,40.45698],[-3.71308,40.45785],[-3.71152,40.45751]]]}},{"type":"Feature","properties":{"id":"2807909040"},"geometry":{"type":"Polygon","coordinates":[[[-3.71308,40.45785],[-3.71333,40.45698],[-3.71416,40.45606],[-3.71473,40.45495],[-3.71514,40.45583],[-3.71612,40.4571],[-3.71644,40.45736],[-3.71586,40.45868],[-3.71308,40.45785]]]}},{"type":"Feature","properties":{"id":"2807909041"},"geometry":{"type":"Polygon","coordinates":[[[-3.73164,40.46544],[-3.72436,40.46468],[-3.72214,40.46402],[-3.72145,40.4639],[-3.72113,40.46374],[-3.72074,40.46324],[-3.72019,40.46292],[-3.72002,40.46296],[-3.7195,40.46227],[-3.72146,40.46166],[-3.72261,40.46142],[-3.72885,40.46036],[-3.72951,40.46014],[-3.72948,40.45952],[-3.7299,40.46002],[-3.73172,40.4636],[-3.73222,40.46576],[-3.73164,40.46544]]]}},{"type":"Feature","properties":{"id":"2807909043"},"geometry":{"type":"Polygon","coordinates":[[[-3.75433,40.47888],[-3.75357,40.4783],[-3.75138,40.47844],[-3.75159,40.47751],[-3.75172,40.47541],[-3.75146,40.47356],[-3.75056,40.4709],[-3.75073,40.47175],[-3.75067,40.47248],[-3.7505,40.47284],[-3.74964,40.47377],[-3.74858,40.47432],[-3.74801,40.47442],[-3.74407,40.47444],[-3.74112,40.47433],[-3.74013,40.47421],[-3.7357,40.4731],[-3.7356,40.47325],[-3.73532,40.47332],[-3.73493,40.47311],[-3.73496,40.47297],[-3.73336,40.47269],[-3.73126,40.47263],[-3.72848,40.47285],[-3.72862,40.47254],[-3.72703,40.47075],[-3.72771,40.47105],[-3.72806,40.47102],[-3.72881,40.47077],[-3.72837,40.46952],[-3.72765,40.46887],[-3.7274,40.46844],[-3.72748,40.46673],[-3.72699,40.46494],[-3.73164,40.46544],[-3.73222,40.46576],[-3.73172,40.4636],[-3.7299,40.46002],[-3.72948,40.45952],[-3.72944,40.45867],[-3.72969,40.45766],[-3.72949,40.45644],[-3.73009,40.4565],[-3.73076,40.45614],[-3.73211,40.45519],[-3.73311,40.45489],[-3.74157,40.45416],[-3.74356,40.45362],[-3.74507,40.45527],[-3.75702,40.45384],[-3.75822,40.45364],[-3.75886,40.45419],[-3.75951,40.456],[-3.75996,40.45777],[-3.76244,40.46022],[-3.76205,40.46111],[-3.76713,40.46171],[-3.76707,40.46177],[-3.76344,40.46135],[-3.76199,40.46318],[-3.76248,40.46515],[-3.76562,40.47337],[-3.76321,40.47279],[-3.76165,40.47266],[-3.7603,40.47276],[-3.75828,40.47353],[-3.75827,40.47433],[-3.75773,40.47845],[-3.75751,40.47902],[-3.75663,40.47884],[-3.75433,40.47888]]]}},{"type":"Feature","properties":{"id":"2807909044"},"geometry":{"type":"Polygon","coordinates":[[[-3.72446,40.46789],[-3.72386,40.46591],[-3.72371,40.46451],[-3.72436,40.46468],[-3.72699,40.46494],[-3.72748,40.46673],[-3.72736,40.46821],[-3.72675,40.4682],[-3.72674,40.46834],[-3.72644,40.46829],[-3.7263,40.46918],[-3.72589,40.46941],[-3.72446,40.46789]]]}},{"type":"Feature","properties":{"id":"2807909045"},"geometry":{"type":"Polygon","coordinates":[[[-3.72703,40.47075],[-3.72589,40.46941],[-3.7263,40.46918],[-3.72644,40.46829],[-3.72674,40.46834],[-3.72675,40.4682],[-3.72736,40.46821],[-3.72765,40.46887],[-3.72837,40.46952],[-3.72881,40.47077],[-3.72806,40.47102],[-3.72771,40.47105],[-3.72703,40.47075]]]}},{"type":"Feature","properties":{"id":"2807909046"},"geometry":{"type":"Polygon","coordinates":[[[-3.72022,40.47097],[-3.71996,40.47064],[-3.72027,40.47067],[-3.72045,40.47044],[-3.72137,40.4707],[-3.72146,40.47095],[-3.72259,40.47114],[-3.72272,40.47137],[-3.723,40.47138],[-3.723,40.47034],[-3.72455,40.47129],[-3.72452,40.47062],[-3.72675,40.47043],[-3.72862,40.47254],[-3.72792,40.47269],[-3.72715,40.47255],[-3.72391,40.47232],[-3.72304,40.47176],[-3.72172,40.47129],[-3.72022,40.47097]]]}},{"type":"Feature","properties":{"id":"2807909047"},"geometry":{"type":"Polygon","coordinates":[[[-3.72272,40.47137],[-3.72198,40.46972],[-3.72268,40.46926],[-3.72287,40.46923],[-3.72282,40.46834],[-3.72312,40.46704],[-3.72418,40.467],[-3.72446,40.46789],[-3.72501,40.4684],[-3.72675,40.47043],[-3.72452,40.47062],[-3.72455,40.47129],[-3.723,40.47034],[-3.723,40.47138],[-3.72272,40.47137]]]}},{"type":"Feature","properties":{"id":"2807909049"},"geometry":{"type":"Polygon","coordinates":[[[-3.7207,40.46955],[-3.7209,40.46894],[-3.72063,40.46889],[-3.72086,40.4684],[-3.72084,40.46816],[-3.72172,40.46761],[-3.72283,40.46841],[-3.72287,40.46923],[-3.72268,40.46926],[-3.72196,40.46972],[-3.7207,40.46955]]]}},{"type":"Feature","properties":{"id":"2807909050"},"geometry":{"type":"Polygon","coordinates":[[[-3.71943,40.46993],[-3.719,40.46924],[-3.71946,40.46788],[-3.72084,40.46816],[-3.72086,40.4684],[-3.72063,40.46889],[-3.7209,40.46894],[-3.7207,40.46955],[-3.72,40.46999],[-3.71943,40.46993]]]}},{"type":"Feature","properties":{"id":"2807909051"},"geometry":{"type":"Polygon","coordinates":[[[-3.7173,40.46822],[-3.71709,40.46722],[-3.71791,40.46685],[-3.71887,40.46707],[-3.71913,40.46771],[-3.71946,40.46788],[-3.719,40.46924],[-3.71943,40.46993],[-3.71862,40.46976],[-3.7184,40.46864],[-3.71826,40.46844],[-3.7173,40.46822]]]}},{"type":"Feature","properties":{"id":"2807909052"},"geometry":{"type":"Polygon","coordinates":[[[-3.72034,40.47114],[-3.71469,40.46977],[-3.71453,40.46961],[-3.71423,40.46964],[-3.71417,40.46957],[-3.71584,40.46951],[-3.71615,40.46928],[-3.71624,40.46872],[-3.7173,40.46822],[-3.71819,40.4684],[-3.7184,40.46864],[-3.71862,40.46976],[-3.71943,40.46993],[-3.72034,40.47114]]]}},{"type":"Feature","properties":{"id":"2807909053"},"geometry":{"type":"Polygon","coordinates":[[[-3.71328,40.46853],[-3.71275,40.46801],[-3.71379,40.467],[-3.71478,40.46496],[-3.71613,40.46496],[-3.71652,40.46506],[-3.71697,40.46554],[-3.71727,40.46632],[-3.71563,40.46661],[-3.71469,40.46691],[-3.71376,40.46783],[-3.71328,40.46853]]]}},{"type":"Feature","properties":{"id":"2807909054"},"geometry":{"type":"Polygon","coordinates":[[[-3.71775,40.46344],[-3.71876,40.46346],[-3.71872,40.46477],[-3.7192,40.4653],[-3.71851,40.46581],[-3.71793,40.46612],[-3.7176,40.46559],[-3.71775,40.46344]]]}},{"type":"Feature","properties":{"id":"2807909055"},"geometry":{"type":"Polygon","coordinates":[[[-3.71946,40.46788],[-3.71978,40.4668],[-3.71966,40.46647],[-3.7193,40.466],[-3.7192,40.4653],[-3.72058,40.46458],[-3.72099,40.46459],[-3.72148,40.46589],[-3.72127,40.46598],[-3.72172,40.46761],[-3.72084,40.46816],[-3.71946,40.46788]]]}},{"type":"Feature","properties":{"id":"2807909056"},"geometry":{"type":"Polygon","coordinates":[[[-3.72172,40.46761],[-3.72127,40.46598],[-3.72148,40.46589],[-3.72099,40.46459],[-3.72058,40.46458],[-3.7192,40.4653],[-3.72,40.46409],[-3.72013,40.46349],[-3.72002,40.46296],[-3.72019,40.46292],[-3.72086,40.46333],[-3.72128,40.46383],[-3.72371,40.46451],[-3.72386,40.46591],[-3.72418,40.467],[-3.72312,40.46704],[-3.72283,40.46841],[-3.72172,40.46761]]]}},{"type":"Feature","properties":{"id":"2807909057"},"geometry":{"type":"Polygon","coordinates":[[[-3.71876,40.46346],[-3.71899,40.46346],[-3.71907,40.46245],[-3.7195,40.46227],[-3.72002,40.46296],[-3.72013,40.46356],[-3.71995,40.4642],[-3.7192,40.4653],[-3.71872,40.46477],[-3.71876,40.46346]]]}},{"type":"Feature","properties":{"id":"2807909058"},"geometry":{"type":"Polygon","coordinates":[[[-3.71899,40.46346],[-3.71635,40.46339],[-3.71633,40.46308],[-3.71907,40.46245],[-3.71899,40.46346]]]}},{"type":"Feature","properties":{"id":"2807909060"},"geometry":{"type":"Polygon","coordinates":[[[-3.71727,40.46632],[-3.71697,40.46554],[-3.71652,40.46506],[-3.71613,40.46496],[-3.71478,40.46496],[-3.71386,40.46525],[-3.71378,40.46466],[-3.71438,40.46466],[-3.71469,40.46444],[-3.71603,40.46438],[-3.71611,40.46454],[-3.7163,40.46454],[-3.71635,40.46339],[-3.71775,40.46344],[-3.7176,40.46559],[-3.71793,40.46612],[-3.71727,40.46632]]]}},{"type":"Feature","properties":{"id":"2807909061"},"geometry":{"type":"Polygon","coordinates":[[[-3.71469,40.46444],[-3.71404,40.46438],[-3.7139,40.46428],[-3.71402,40.46335],[-3.71633,40.46308],[-3.7163,40.46454],[-3.71611,40.46454],[-3.71603,40.46438],[-3.71469,40.46444]]]}},{"type":"Feature","properties":{"id":"2807909063"},"geometry":{"type":"Polygon","coordinates":[[[-3.70937,40.46433],[-3.71079,40.46461],[-3.71327,40.46529],[-3.71386,40.46525],[-3.71478,40.46496],[-3.71379,40.467],[-3.71282,40.46798],[-3.71275,40.46801],[-3.71139,40.46624],[-3.71087,40.46594],[-3.70937,40.46433]]]}},{"type":"Feature","properties":{"id":"2807909064"},"geometry":{"type":"Polygon","coordinates":[[[-3.71004,40.46444],[-3.71124,40.46185],[-3.71166,40.46193],[-3.7122,40.4619],[-3.71242,40.46228],[-3.71305,40.46284],[-3.71402,40.46335],[-3.71393,40.46432],[-3.71469,40.46444],[-3.71438,40.46466],[-3.71378,40.46466],[-3.71386,40.46525],[-3.71344,40.4653],[-3.71004,40.46444]]]}},{"type":"Feature","properties":{"id":"2807909065"},"geometry":{"type":"Polygon","coordinates":[[[-3.70937,40.46433],[-3.70922,40.46399],[-3.70992,40.4624],[-3.71027,40.46248],[-3.71037,40.46236],[-3.7109,40.46252],[-3.71004,40.46444],[-3.70937,40.46433]]]}},{"type":"Feature","properties":{"id":"2807909066"},"geometry":{"type":"Polygon","coordinates":[[[-3.7085,40.46206],[-3.7086,40.46172],[-3.70897,40.4612],[-3.70995,40.46165],[-3.71009,40.46147],[-3.71045,40.46159],[-3.70992,40.4624],[-3.70922,40.46399],[-3.7091,40.46348],[-3.70854,40.46247],[-3.7085,40.46206]]]}},{"type":"Feature","properties":{"id":"2807909067"},"geometry":{"type":"Polygon","coordinates":[[[-3.70992,40.4624],[-3.71037,40.46163],[-3.71103,40.4611],[-3.71105,40.46014],[-3.71237,40.46018],[-3.7122,40.4619],[-3.71166,40.46193],[-3.71124,40.46185],[-3.7109,40.46252],[-3.71037,40.46236],[-3.71027,40.46248],[-3.70992,40.4624]]]}},{"type":"Feature","properties":{"id":"2807909068"},"geometry":{"type":"Polygon","coordinates":[[[-3.70897,40.4612],[-3.71049,40.45899],[-3.71132,40.45925],[-3.71107,40.45984],[-3.71104,40.46108],[-3.71055,40.46154],[-3.71045,40.46159],[-3.71009,40.46147],[-3.70995,40.46165],[-3.70897,40.4612]]]}},{"type":"Feature","properties":{"id":"2807909069"},"geometry":{"type":"Polygon","coordinates":[[[-3.71105,40.46014],[-3.71132,40.45925],[-3.71049,40.45899],[-3.71152,40.45751],[-3.71308,40.45785],[-3.71245,40.45949],[-3.71237,40.46018],[-3.71105,40.46014]]]}},{"type":"Feature","properties":{"id":"2807909070"},"geometry":{"type":"Polygon","coordinates":[[[-3.7122,40.4619],[-3.71245,40.45949],[-3.71308,40.45785],[-3.71918,40.45966],[-3.7196,40.46001],[-3.71958,40.46046],[-3.71912,40.46094],[-3.71895,40.4613],[-3.71899,40.46153],[-3.7195,40.46227],[-3.71823,40.46267],[-3.71591,40.46317],[-3.71402,40.46335],[-3.71305,40.46284],[-3.71242,40.46228],[-3.7122,40.4619]]]}},{"type":"Feature","properties":{"id":"2807909071"},"geometry":{"type":"Polygon","coordinates":[[[-3.78251,40.46994],[-3.7827,40.47193],[-3.78497,40.47153],[-3.78596,40.47326],[-3.78091,40.47474],[-3.78026,40.47441],[-3.77286,40.47446],[-3.76898,40.47421],[-3.76562,40.47337],[-3.76249,40.46517],[-3.76568,40.46444],[-3.76713,40.4683],[-3.76818,40.46807],[-3.77067,40.46986],[-3.77304,40.47051],[-3.78251,40.46994]]]}},{"type":"Feature","properties":{"id":"2807909072"},"geometry":{"type":"Polygon","coordinates":[[[-3.82787,40.4662],[-3.8264,40.46887],[-3.82538,40.46922],[-3.82318,40.47202],[-3.82267,40.47188],[-3.82226,40.47257],[-3.82073,40.47201],[-3.8192,40.47269],[-3.81925,40.47297],[-3.81967,40.47311],[-3.81887,40.47463],[-3.81003,40.47212],[-3.80245,40.4698],[-3.80146,40.46941],[-3.80016,40.46912],[-3.8021,40.46855],[-3.80005,40.4666],[-3.8,40.46637],[-3.80016,40.4655],[-3.80104,40.46559],[-3.80131,40.46415],[-3.80151,40.46389],[-3.80021,40.46282],[-3.79939,40.46166],[-3.79898,40.46044],[-3.79901,40.45907],[-3.80059,40.46028],[-3.80255,40.46208],[-3.80421,40.46298],[-3.80739,40.46346],[-3.81012,40.46423],[-3.81287,40.46364],[-3.81521,40.46364],[-3.81745,40.4643],[-3.82094,40.46439],[-3.82223,40.4647],[-3.82366,40.4646],[-3.82485,40.4648],[-3.82712,40.46609],[-3.82787,40.4662]]]}},{"type":"Feature","properties":{"id":"2807909073"},"geometry":{"type":"Polygon","coordinates":[[[-3.79576,40.45782],[-3.79514,40.45812],[-3.79369,40.45825],[-3.79192,40.45889],[-3.7918,40.45929],[-3.79187,40.45992],[-3.79062,40.46092],[-3.78936,40.46016],[-3.78882,40.46007],[-3.78705,40.45952],[-3.7922,40.45642],[-3.79378,40.45473],[-3.79406,40.45498],[-3.79439,40.45565],[-3.79534,40.4563],[-3.79549,40.4566],[-3.79528,40.45698],[-3.79576,40.45782]]]}},{"type":"Feature","properties":{"id":"2807909074"},"geometry":{"type":"Polygon","coordinates":[[[-3.78327,40.45906],[-3.78272,40.45794],[-3.78254,40.45653],[-3.78466,40.45654],[-3.78525,40.4567],[-3.78567,40.457],[-3.7863,40.45668],[-3.78641,40.45673],[-3.78671,40.45734],[-3.78709,40.45923],[-3.78699,40.45931],[-3.78705,40.45953],[-3.78505,40.45922],[-3.78327,40.45906]]]}},{"type":"Feature","properties":{"id":"2807909075"},"geometry":{"type":"Polygon","coordinates":[[[-3.79807,40.46526],[-3.77212,40.46228],[-3.77214,40.46217],[-3.77416,40.46128],[-3.78025,40.4592],[-3.78125,40.45924],[-3.78268,40.45905],[-3.78505,40.45922],[-3.78705,40.45953],[-3.78882,40.46007],[-3.78936,40.46016],[-3.79175,40.46155],[-3.79361,40.46248],[-3.79729,40.46368],[-3.79752,40.46396],[-3.79756,40.4642],[-3.79786,40.46436],[-3.79803,40.46464],[-3.79807,40.46526]]]}},{"type":"Feature","properties":{"id":"2807909076"},"geometry":{"type":"Polygon","coordinates":[[[-3.77904,40.45868],[-3.78025,40.45821],[-3.78168,40.45803],[-3.78189,40.45791],[-3.78248,40.45871],[-3.78309,40.45863],[-3.78327,40.45906],[-3.78241,40.45907],[-3.78125,40.45924],[-3.78025,40.4592],[-3.77912,40.45959],[-3.77904,40.45868]]]}},{"type":"Feature","properties":{"id":"2807909077"},"geometry":{"type":"Polygon","coordinates":[[[-3.77904,40.45868],[-3.77908,40.45794],[-3.78021,40.45648],[-3.78066,40.4566],[-3.78254,40.45653],[-3.78272,40.45794],[-3.78309,40.45863],[-3.78248,40.45871],[-3.78189,40.45791],[-3.78168,40.45803],[-3.78025,40.45821],[-3.77904,40.45868]]]}},{"type":"Feature","properties":{"id":"2807909078"},"geometry":{"type":"Polygon","coordinates":[[[-3.77212,40.46228],[-3.76205,40.46111],[-3.76244,40.46022],[-3.75996,40.45777],[-3.75951,40.456],[-3.75886,40.45419],[-3.75822,40.45364],[-3.75702,40.45384],[-3.7559,40.45138],[-3.75695,40.45126],[-3.75902,40.4505],[-3.76025,40.44998],[-3.76087,40.44948],[-3.76138,40.44972],[-3.76201,40.4498],[-3.76276,40.44957],[-3.76327,40.45024],[-3.76368,40.45007],[-3.76449,40.45029],[-3.76561,40.45114],[-3.76699,40.45144],[-3.76816,40.45151],[-3.77317,40.45144],[-3.77403,40.45166],[-3.77583,40.45244],[-3.77924,40.45245],[-3.77942,40.45363],[-3.77112,40.45376],[-3.76833,40.45495],[-3.76999,40.45512],[-3.77051,40.45549],[-3.77094,40.4561],[-3.7705,40.45619],[-3.77055,40.45648],[-3.77423,40.46126],[-3.77214,40.46217],[-3.77212,40.46228]]]}},{"type":"Feature","properties":{"id":"2807909079"},"geometry":{"type":"Polygon","coordinates":[[[-3.76276,40.44957],[-3.76508,40.44869],[-3.76726,40.44761],[-3.77153,40.444],[-3.77604,40.44368],[-3.77753,40.44366],[-3.77859,40.44377],[-3.77946,40.44417],[-3.77967,40.44418],[-3.77768,40.4459],[-3.77732,40.44647],[-3.77717,40.44706],[-3.7774,40.45007],[-3.77776,40.45046],[-3.77874,40.45097],[-3.77899,40.45123],[-3.77924,40.45245],[-3.77583,40.45244],[-3.77403,40.45166],[-3.77317,40.45144],[-3.76816,40.45151],[-3.76699,40.45144],[-3.76561,40.45114],[-3.76449,40.45029],[-3.76368,40.45007],[-3.76327,40.45024],[-3.76276,40.44957]]]}},{"type":"Feature","properties":{"id":"2807909080"},"geometry":{"type":"Polygon","coordinates":[[[-3.77924,40.45245],[-3.77911,40.45151],[-3.77894,40.45118],[-3.77867,40.45093],[-3.77776,40.45046],[-3.77742,40.45012],[-3.77729,40.44877],[-3.78508,40.44861],[-3.78515,40.45184],[-3.78531,40.45191],[-3.78233,40.45239],[-3.77924,40.45245]]]}},{"type":"Feature","properties":{"id":"2807909081"},"geometry":{"type":"Polygon","coordinates":[[[-3.72937,40.42853],[-3.73083,40.42746],[-3.73397,40.42998],[-3.73227,40.4307],[-3.73239,40.43099],[-3.73183,40.43127],[-3.73128,40.43045],[-3.72937,40.42853]]]}},{"type":"Feature","properties":{"id":"2807909082"},"geometry":{"type":"Polygon","coordinates":[[[-3.71996,40.47064],[-3.71943,40.46993],[-3.72,40.46999],[-3.7208,40.46953],[-3.72198,40.46972],[-3.72259,40.47114],[-3.72146,40.47095],[-3.72137,40.4707],[-3.72097,40.47053],[-3.72045,40.47044],[-3.72027,40.47067],[-3.71996,40.47064]]]}},{"type":"Feature","properties":{"id":"2807909083"},"geometry":{"type":"Polygon","coordinates":[[[-3.78314,40.44432],[-3.78241,40.44697],[-3.78241,40.44867],[-3.77729,40.44877],[-3.77717,40.44706],[-3.77737,40.44636],[-3.77775,40.44582],[-3.77967,40.44418],[-3.78314,40.44432]]]}},{"type":"Feature","properties":{"id":"2807909084"},"geometry":{"type":"Polygon","coordinates":[[[-3.72358,40.42325],[-3.71995,40.42025],[-3.72009,40.41967],[-3.72048,40.41978],[-3.7214,40.41868],[-3.72193,40.41752],[-3.72234,40.41711],[-3.72186,40.41905],[-3.72191,40.41978],[-3.72237,40.42077],[-3.72311,40.42163],[-3.72279,40.42193],[-3.724,40.423],[-3.72358,40.42325]]]}},{"type":"Feature","properties":{"id":"2807909085"},"geometry":{"type":"Polygon","coordinates":[[[-3.78531,40.45191],[-3.78515,40.45184],[-3.78508,40.44861],[-3.78654,40.44857],[-3.78809,40.44838],[-3.79023,40.44789],[-3.79102,40.4476],[-3.79138,40.44935],[-3.79214,40.45083],[-3.79188,40.45075],[-3.78982,40.45107],[-3.78926,40.45099],[-3.78876,40.45069],[-3.78798,40.45057],[-3.78729,40.45079],[-3.78633,40.45165],[-3.78531,40.45191]]]}},{"type":"Feature","properties":{"id":"2807909086"},"geometry":{"type":"Polygon","coordinates":[[[-3.76249,40.46517],[-3.76199,40.46318],[-3.76344,40.46135],[-3.779,40.46307],[-3.77844,40.46614],[-3.78086,40.46601],[-3.7837,40.46627],[-3.78461,40.46654],[-3.78515,40.46683],[-3.78639,40.4681],[-3.78321,40.46989],[-3.77304,40.47051],[-3.77067,40.46986],[-3.76818,40.46807],[-3.76713,40.4683],[-3.76568,40.46444],[-3.76249,40.46517]]]}},{"type":"Feature","properties":{"id":"2807909087"},"geometry":{"type":"Polygon","coordinates":[[[-3.77942,40.45363],[-3.77965,40.45399],[-3.78052,40.45485],[-3.78071,40.45548],[-3.78052,40.45608],[-3.77906,40.45797],[-3.77912,40.45959],[-3.77423,40.46126],[-3.77055,40.45648],[-3.7705,40.45619],[-3.77094,40.4561],[-3.77051,40.45549],[-3.76999,40.45512],[-3.76833,40.45495],[-3.77112,40.45376],[-3.77942,40.45363]]]}},{"type":"Feature","properties":{"id":"2807909088"},"geometry":{"type":"Polygon","coordinates":[[[-3.78452,40.44658],[-3.7848,40.4461],[-3.78272,40.44586],[-3.78314,40.44432],[-3.78457,40.44438],[-3.78724,40.44316],[-3.7901,40.44234],[-3.78886,40.44577],[-3.79018,40.44585],[-3.79039,40.44765],[-3.79099,40.44748],[-3.79102,40.4476],[-3.79023,40.44789],[-3.78809,40.44838],[-3.78654,40.44857],[-3.78508,40.44861],[-3.78501,40.44727],[-3.78447,40.44721],[-3.78452,40.44658]]]}},{"type":"Feature","properties":{"id":"2807909089"},"geometry":{"type":"Polygon","coordinates":[[[-3.78444,40.45654],[-3.7845,40.45583],[-3.78501,40.4556],[-3.78551,40.45475],[-3.78547,40.45466],[-3.79207,40.45305],[-3.79278,40.45299],[-3.79337,40.45325],[-3.7929,40.45379],[-3.79378,40.45473],[-3.7922,40.45642],[-3.78705,40.45952],[-3.78699,40.45931],[-3.78709,40.45923],[-3.78671,40.45734],[-3.78641,40.45673],[-3.7863,40.45668],[-3.78567,40.457],[-3.78512,40.45664],[-3.78444,40.45654]]]}},{"type":"Feature","properties":{"id":"2807909090"},"geometry":{"type":"Polygon","coordinates":[[[-3.71417,40.46957],[-3.71328,40.46854],[-3.71376,40.46783],[-3.71469,40.46691],[-3.71563,40.46661],[-3.71764,40.46623],[-3.71851,40.46581],[-3.7192,40.4653],[-3.7193,40.466],[-3.71966,40.46647],[-3.71978,40.4668],[-3.71946,40.46788],[-3.71916,40.46775],[-3.71885,40.46706],[-3.71781,40.46686],[-3.71705,40.46725],[-3.7173,40.46822],[-3.71624,40.46872],[-3.71609,40.46935],[-3.71581,40.46953],[-3.71417,40.46957]]]}},{"type":"Feature","properties":{"id":"2807909091"},"geometry":{"type":"Polygon","coordinates":[[[-3.78639,40.4681],[-3.78515,40.46683],[-3.78461,40.46654],[-3.7837,40.46627],[-3.78086,40.46601],[-3.77844,40.46614],[-3.779,40.46307],[-3.80016,40.4655],[-3.8,40.46637],[-3.80005,40.4666],[-3.8021,40.46855],[-3.79993,40.46919],[-3.79784,40.46939],[-3.79551,40.46982],[-3.79332,40.47043],[-3.79247,40.46986],[-3.79028,40.46815],[-3.7893,40.46716],[-3.78796,40.46746],[-3.78639,40.4681]]]}},{"type":"Feature","properties":{"id":"2807909092"},"geometry":{"type":"Polygon","coordinates":[[[-3.77924,40.45246],[-3.78233,40.45239],[-3.78588,40.45181],[-3.78633,40.45165],[-3.78729,40.45079],[-3.78798,40.45057],[-3.78876,40.45069],[-3.78926,40.45099],[-3.78982,40.45107],[-3.79188,40.45075],[-3.79214,40.45083],[-3.79242,40.45169],[-3.79337,40.45324],[-3.79278,40.45299],[-3.79207,40.45305],[-3.78547,40.45466],[-3.78551,40.45475],[-3.78501,40.4556],[-3.7845,40.45583],[-3.78444,40.45654],[-3.78056,40.4566],[-3.78021,40.45648],[-3.78064,40.45584],[-3.78065,40.45513],[-3.78045,40.45477],[-3.77948,40.45375],[-3.77924,40.45246]]]}},{"type":"Feature","properties":{"id":"2807909093"},"geometry":{"type":"Polygon","coordinates":[[[-3.81887,40.47463],[-3.81967,40.47311],[-3.81925,40.47297],[-3.8192,40.47269],[-3.82073,40.47201],[-3.82226,40.47257],[-3.82267,40.47188],[-3.82318,40.47202],[-3.82538,40.46922],[-3.8264,40.46887],[-3.82787,40.4662],[-3.82892,40.46635],[-3.83078,40.46589],[-3.83435,40.46442],[-3.83564,40.46583],[-3.83692,40.46697],[-3.83826,40.46777],[-3.83813,40.47092],[-3.83734,40.47295],[-3.83612,40.47489],[-3.83673,40.47512],[-3.83755,40.47563],[-3.83736,40.47586],[-3.83669,40.47938],[-3.83266,40.47845],[-3.81887,40.47463]]]}},{"type":"Feature","properties":{"id":"2807909094"},"geometry":{"type":"Polygon","coordinates":[[[-3.78241,40.44697],[-3.78272,40.44586],[-3.7848,40.4461],[-3.78452,40.44658],[-3.78447,40.44721],[-3.78501,40.44727],[-3.78508,40.44861],[-3.78241,40.44867],[-3.78241,40.44697]]]}},{"type":"Feature","properties":{"id":"2807909095"},"geometry":{"type":"Polygon","coordinates":[[[-3.72237,40.42227],[-3.72514,40.42455],[-3.72445,40.425],[-3.72168,40.42274],[-3.72237,40.42227]]]}},{"type":"Feature","properties":{"id":"2807909096"},"geometry":{"type":"Polygon","coordinates":[[[-3.79062,40.46092],[-3.79187,40.45992],[-3.7918,40.45929],[-3.79192,40.45889],[-3.79369,40.45825],[-3.79514,40.45812],[-3.79576,40.45782],[-3.79885,40.45895],[-3.79901,40.45907],[-3.79899,40.46052],[-3.79939,40.46166],[-3.80021,40.46282],[-3.80151,40.46389],[-3.80131,40.46415],[-3.80104,40.46559],[-3.79807,40.46526],[-3.79803,40.46464],[-3.79786,40.46436],[-3.79756,40.4642],[-3.79752,40.46396],[-3.79729,40.46368],[-3.79361,40.46248],[-3.79062,40.46092]]]}},{"type":"Feature","properties":{"id":"2807909097"},"geometry":{"type":"Polygon","coordinates":[[[-3.78251,40.46994],[-3.78321,40.46989],[-3.78647,40.46806],[-3.78796,40.46746],[-3.7893,40.46716],[-3.79028,40.46815],[-3.79247,40.46986],[-3.79332,40.47043],[-3.79179,40.47102],[-3.78985,40.4721],[-3.78596,40.47326],[-3.78497,40.47153],[-3.7827,40.47193],[-3.78251,40.46994]]]}},{"type":"Feature","properties":{"id":"2807910001"},"geometry":{"type":"Polygon","coordinates":[[[-3.73939,40.3957],[-3.73971,40.39523],[-3.74056,40.39552],[-3.74099,40.39456],[-3.74033,40.39429],[-3.73977,40.39384],[-3.74086,40.39302],[-3.74321,40.39481],[-3.74354,40.39521],[-3.74359,40.39547],[-3.74219,40.3958],[-3.7415,40.3956],[-3.74068,40.39624],[-3.74042,40.39631],[-3.73974,40.39627],[-3.73967,40.39576],[-3.73939,40.3957]]]}},{"type":"Feature","properties":{"id":"2807910002"},"geometry":{"type":"Polygon","coordinates":[[[-3.74054,40.39554],[-3.73864,40.39478],[-3.73977,40.39384],[-3.74033,40.39429],[-3.74099,40.39456],[-3.74054,40.39554]]]}},{"type":"Feature","properties":{"id":"2807910003"},"geometry":{"type":"Polygon","coordinates":[[[-3.73708,40.39676],[-3.7379,40.39589],[-3.73864,40.39478],[-3.73971,40.39523],[-3.73841,40.3971],[-3.73773,40.39709],[-3.73708,40.39676]]]}},{"type":"Feature","properties":{"id":"2807910004"},"geometry":{"type":"Polygon","coordinates":[[[-3.73708,40.39676],[-3.73773,40.39709],[-3.73895,40.39713],[-3.73892,40.39784],[-3.73845,40.39783],[-3.7385,40.39827],[-3.73489,40.39847],[-3.73708,40.39676]]]}},{"type":"Feature","properties":{"id":"2807910005"},"geometry":{"type":"Polygon","coordinates":[[[-3.73841,40.3971],[-3.73939,40.3957],[-3.73967,40.39576],[-3.73968,40.39618],[-3.7398,40.3963],[-3.7406,40.39628],[-3.74153,40.39559],[-3.74219,40.3958],[-3.74164,40.39735],[-3.73992,40.39809],[-3.7385,40.39827],[-3.73845,40.39783],[-3.73892,40.39784],[-3.73895,40.39713],[-3.73841,40.3971]]]}},{"type":"Feature","properties":{"id":"2807910006"},"geometry":{"type":"Polygon","coordinates":[[[-3.72376,40.40876],[-3.72433,40.40718],[-3.72466,40.40554],[-3.72541,40.4055],[-3.72616,40.40505],[-3.72678,40.40438],[-3.72795,40.40362],[-3.72861,40.40292],[-3.72983,40.40233],[-3.73297,40.39985],[-3.73489,40.39847],[-3.73887,40.39824],[-3.73992,40.39809],[-3.74164,40.39735],[-3.74224,40.39576],[-3.74359,40.39547],[-3.74456,40.39986],[-3.74465,40.40071],[-3.7337,40.40217],[-3.73235,40.40255],[-3.7329,40.40472],[-3.73312,40.40496],[-3.73063,40.40637],[-3.72715,40.4071],[-3.72664,40.40728],[-3.72604,40.40764],[-3.72535,40.40848],[-3.725,40.4087],[-3.72376,40.40876]]]}},{"type":"Feature","properties":{"id":"2807910007"},"geometry":{"type":"Polygon","coordinates":[[[-3.74084,40.40331],[-3.74144,40.40291],[-3.74186,40.40277],[-3.74484,40.40293],[-3.74436,40.40375],[-3.74107,40.40353],[-3.74084,40.40331]]]}},{"type":"Feature","properties":{"id":"2807910008"},"geometry":{"type":"Polygon","coordinates":[[[-3.74289,40.40452],[-3.74288,40.40406],[-3.73985,40.40398],[-3.73985,40.4039],[-3.74084,40.40331],[-3.74107,40.40353],[-3.74443,40.40373],[-3.7441,40.4045],[-3.74289,40.40452]]]}},{"type":"Feature","properties":{"id":"2807910009"},"geometry":{"type":"Polygon","coordinates":[[[-3.74289,40.40452],[-3.73915,40.40427],[-3.738,40.40405],[-3.73803,40.40372],[-3.7396,40.40397],[-3.74288,40.40406],[-3.74289,40.40452]]]}},{"type":"Feature","properties":{"id":"2807910010"},"geometry":{"type":"Polygon","coordinates":[[[-3.73803,40.40372],[-3.73817,40.40306],[-3.73892,40.40324],[-3.73905,40.40298],[-3.73978,40.40311],[-3.73969,40.40338],[-3.7404,40.40356],[-3.73991,40.40384],[-3.73985,40.40398],[-3.73803,40.40372]]]}},{"type":"Feature","properties":{"id":"2807910011"},"geometry":{"type":"Polygon","coordinates":[[[-3.72227,40.40697],[-3.72262,40.40583],[-3.72455,40.40602],[-3.7242,40.40754],[-3.72227,40.40697]]]}},{"type":"Feature","properties":{"id":"2807910012"},"geometry":{"type":"Polygon","coordinates":[[[-3.72179,40.40849],[-3.72227,40.40697],[-3.7242,40.40754],[-3.72376,40.40876],[-3.72231,40.40849],[-3.72179,40.40849]]]}},{"type":"Feature","properties":{"id":"2807910013"},"geometry":{"type":"Polygon","coordinates":[[[-3.72297,40.41398],[-3.72291,40.41208],[-3.72239,40.41092],[-3.72179,40.40849],[-3.72231,40.40849],[-3.72376,40.40876],[-3.7232,40.41127],[-3.72411,40.41286],[-3.72424,40.41339],[-3.72422,40.41403],[-3.72297,40.41398]]]}},{"type":"Feature","properties":{"id":"2807910014"},"geometry":{"type":"Polygon","coordinates":[[[-3.7252,40.4086],[-3.72568,40.40887],[-3.72578,40.40935],[-3.72534,40.41044],[-3.72536,40.41081],[-3.72519,40.41098],[-3.72489,40.41179],[-3.72469,40.41197],[-3.72422,40.41176],[-3.72527,40.40879],[-3.7252,40.4086]]]}},{"type":"Feature","properties":{"id":"2807910015"},"geometry":{"type":"Polygon","coordinates":[[[-3.7257,40.40967],[-3.72629,40.40999],[-3.72705,40.41057],[-3.72739,40.41026],[-3.72773,40.41048],[-3.72795,40.41158],[-3.72469,40.41197],[-3.72489,40.41179],[-3.72519,40.41098],[-3.72536,40.41081],[-3.72534,40.41044],[-3.7257,40.40967]]]}},{"type":"Feature","properties":{"id":"2807910016"},"geometry":{"type":"Polygon","coordinates":[[[-3.72422,40.41403],[-3.72422,40.41324],[-3.72397,40.41255],[-3.72464,40.41245],[-3.72457,40.41206],[-3.72469,40.41197],[-3.72582,40.41184],[-3.72599,40.41266],[-3.72626,40.41267],[-3.72632,40.413],[-3.72607,40.41303],[-3.72625,40.41391],[-3.72508,40.41404],[-3.72422,40.41403]]]}},{"type":"Feature","properties":{"id":"2807910017"},"geometry":{"type":"Polygon","coordinates":[[[-3.72297,40.41398],[-3.72508,40.41404],[-3.72581,40.41396],[-3.72597,40.41455],[-3.72494,40.41465],[-3.7249,40.41596],[-3.72507,40.41624],[-3.72366,40.41674],[-3.72279,40.41691],[-3.72234,40.41711],[-3.72297,40.41398]]]}},{"type":"Feature","properties":{"id":"2807910018"},"geometry":{"type":"Polygon","coordinates":[[[-3.72582,40.41184],[-3.72677,40.41172],[-3.72721,40.4138],[-3.72625,40.41391],[-3.72607,40.41303],[-3.72632,40.413],[-3.72626,40.41267],[-3.72599,40.41266],[-3.72582,40.41184]]]}},{"type":"Feature","properties":{"id":"2807910020"},"geometry":{"type":"Polygon","coordinates":[[[-3.7257,40.40967],[-3.72578,40.40935],[-3.72568,40.40887],[-3.7252,40.4086],[-3.72612,40.40758],[-3.72715,40.4071],[-3.73019,40.40648],[-3.73024,40.40699],[-3.7295,40.40833],[-3.72705,40.41057],[-3.72629,40.40999],[-3.7257,40.40967]]]}},{"type":"Feature","properties":{"id":"2807910021"},"geometry":{"type":"Polygon","coordinates":[[[-3.72739,40.41026],[-3.7295,40.40833],[-3.72966,40.40841],[-3.72945,40.40902],[-3.72958,40.41065],[-3.72975,40.41081],[-3.72878,40.41122],[-3.7279,40.41133],[-3.72773,40.41048],[-3.72739,40.41026]]]}},{"type":"Feature","properties":{"id":"2807910022"},"geometry":{"type":"Polygon","coordinates":[[[-3.72677,40.41172],[-3.72795,40.41158],[-3.72836,40.41365],[-3.72721,40.4138],[-3.72677,40.41172]]]}},{"type":"Feature","properties":{"id":"2807910023"},"geometry":{"type":"Polygon","coordinates":[[[-3.72811,40.41241],[-3.72888,40.41231],[-3.73056,40.41168],[-3.73046,40.4126],[-3.73053,40.41292],[-3.72836,40.41365],[-3.72811,40.41241]]]}},{"type":"Feature","properties":{"id":"2807910024"},"geometry":{"type":"Polygon","coordinates":[[[-3.72811,40.41241],[-3.7279,40.41133],[-3.72878,40.41122],[-3.72978,40.41078],[-3.73,40.41091],[-3.73027,40.41085],[-3.73056,40.41168],[-3.72888,40.41231],[-3.72811,40.41241]]]}},{"type":"Feature","properties":{"id":"2807910025"},"geometry":{"type":"Polygon","coordinates":[[[-3.73056,40.41168],[-3.73026,40.41075],[-3.73009,40.4107],[-3.73003,40.40976],[-3.73197,40.40964],[-3.73208,40.40971],[-3.73165,40.41014],[-3.73075,40.41054],[-3.73196,40.4124],[-3.73053,40.41292],[-3.73046,40.4126],[-3.73056,40.41168]]]}},{"type":"Feature","properties":{"id":"2807910026"},"geometry":{"type":"Polygon","coordinates":[[[-3.72836,40.41365],[-3.73358,40.4118],[-3.7343,40.41285],[-3.72971,40.41455],[-3.72836,40.41365]]]}},{"type":"Feature","properties":{"id":"2807910027"},"geometry":{"type":"Polygon","coordinates":[[[-3.73154,40.41176],[-3.73339,40.41108],[-3.7337,40.41083],[-3.73528,40.41026],[-3.73573,40.411],[-3.73196,40.4124],[-3.73154,40.41176]]]}},{"type":"Feature","properties":{"id":"2807910028"},"geometry":{"type":"Polygon","coordinates":[[[-3.73075,40.41054],[-3.73287,40.40989],[-3.73289,40.40974],[-3.73298,40.40981],[-3.73296,40.41061],[-3.73356,40.41048],[-3.73376,40.41081],[-3.73339,40.41108],[-3.73154,40.41176],[-3.73075,40.41054]]]}},{"type":"Feature","properties":{"id":"2807910029"},"geometry":{"type":"Polygon","coordinates":[[[-3.73,40.41091],[-3.72958,40.41065],[-3.72949,40.40892],[-3.73071,40.40914],[-3.73175,40.40913],[-3.73255,40.40906],[-3.73416,40.40856],[-3.73426,40.40861],[-3.73436,40.40893],[-3.734,40.40903],[-3.73289,40.40968],[-3.73287,40.40989],[-3.73146,40.41035],[-3.73103,40.41043],[-3.73165,40.41014],[-3.73208,40.40971],[-3.73197,40.40964],[-3.73005,40.40975],[-3.73009,40.4107],[-3.73026,40.41075],[-3.73027,40.41085],[-3.73,40.41091]]]}},{"type":"Feature","properties":{"id":"2807910030"},"geometry":{"type":"Polygon","coordinates":[[[-3.72949,40.40892],[-3.72968,40.40845],[-3.7295,40.40833],[-3.73025,40.40688],[-3.73097,40.40672],[-3.7318,40.40699],[-3.73143,40.40772],[-3.73128,40.40916],[-3.73071,40.40914],[-3.72949,40.40892]]]}},{"type":"Feature","properties":{"id":"2807910031"},"geometry":{"type":"Polygon","coordinates":[[[-3.73246,40.40719],[-3.73097,40.40672],[-3.73025,40.40688],[-3.73019,40.40648],[-3.73063,40.40637],[-3.73312,40.40496],[-3.73334,40.40511],[-3.73403,40.40474],[-3.73483,40.40472],[-3.73495,40.40552],[-3.73417,40.40559],[-3.7329,40.40604],[-3.73294,40.4063],[-3.73246,40.40719]]]}},{"type":"Feature","properties":{"id":"2807910032"},"geometry":{"type":"Polygon","coordinates":[[[-3.73128,40.40916],[-3.73143,40.40772],[-3.7318,40.40699],[-3.73352,40.40747],[-3.73364,40.40774],[-3.73487,40.40746],[-3.73526,40.40748],[-3.73493,40.40831],[-3.73472,40.40845],[-3.73255,40.40906],[-3.73128,40.40916]]]}},{"type":"Feature","properties":{"id":"2807910033"},"geometry":{"type":"Polygon","coordinates":[[[-3.73246,40.40719],[-3.73294,40.4063],[-3.7329,40.40604],[-3.7341,40.40561],[-3.7342,40.40577],[-3.73426,40.4076],[-3.73364,40.40774],[-3.73352,40.40747],[-3.73246,40.40719]]]}},{"type":"Feature","properties":{"id":"2807910035"},"geometry":{"type":"Polygon","coordinates":[[[-3.73376,40.41081],[-3.73356,40.41048],[-3.73296,40.41061],[-3.73298,40.40981],[-3.73289,40.40968],[-3.734,40.40903],[-3.73436,40.40893],[-3.73416,40.40856],[-3.73472,40.40845],[-3.73493,40.40831],[-3.73519,40.4087],[-3.7354,40.4087],[-3.73647,40.41072],[-3.73573,40.411],[-3.73528,40.41026],[-3.73376,40.41081]]]}},{"type":"Feature","properties":{"id":"2807910036"},"geometry":{"type":"Polygon","coordinates":[[[-3.73358,40.4118],[-3.73798,40.41016],[-3.73852,40.4112],[-3.73784,40.41153],[-3.7343,40.41285],[-3.73358,40.4118]]]}},{"type":"Feature","properties":{"id":"2807910037"},"geometry":{"type":"Polygon","coordinates":[[[-3.73493,40.40831],[-3.73715,40.40782],[-3.73849,40.40997],[-3.73647,40.41072],[-3.7354,40.4087],[-3.73519,40.4087],[-3.73493,40.40831]]]}},{"type":"Feature","properties":{"id":"2807910038"},"geometry":{"type":"Polygon","coordinates":[[[-3.73493,40.40831],[-3.73548,40.40686],[-3.73566,40.40558],[-3.73609,40.40564],[-3.73746,40.40774],[-3.73523,40.4083],[-3.73493,40.40831]]]}},{"type":"Feature","properties":{"id":"2807910039"},"geometry":{"type":"Polygon","coordinates":[[[-3.7341,40.40561],[-3.73475,40.40551],[-3.73566,40.40558],[-3.73548,40.40686],[-3.73526,40.40748],[-3.73487,40.40746],[-3.73426,40.4076],[-3.7342,40.40577],[-3.7341,40.40561]]]}},{"type":"Feature","properties":{"id":"2807910040"},"geometry":{"type":"Polygon","coordinates":[[[-3.73609,40.40564],[-3.73495,40.40552],[-3.73489,40.40478],[-3.7348,40.40471],[-3.73403,40.40474],[-3.73334,40.40511],[-3.73312,40.40496],[-3.7344,40.4043],[-3.73545,40.40396],[-3.73663,40.40386],[-3.738,40.40405],[-3.73781,40.40558],[-3.73609,40.40564]]]}},{"type":"Feature","properties":{"id":"2807910041"},"geometry":{"type":"Polygon","coordinates":[[[-3.73655,40.40637],[-3.73609,40.40564],[-3.73799,40.40557],[-3.73979,40.40561],[-3.73947,40.40684],[-3.73706,40.40625],[-3.73655,40.40637]]]}},{"type":"Feature","properties":{"id":"2807910042"},"geometry":{"type":"Polygon","coordinates":[[[-3.73746,40.40774],[-3.73655,40.40637],[-3.73662,40.40634],[-3.73706,40.40625],[-3.73947,40.40684],[-3.73918,40.4075],[-3.73902,40.40746],[-3.73878,40.408],[-3.73762,40.40771],[-3.73746,40.40774]]]}},{"type":"Feature","properties":{"id":"2807910043"},"geometry":{"type":"Polygon","coordinates":[[[-3.73715,40.40782],[-3.73762,40.40771],[-3.74109,40.40854],[-3.74149,40.4088],[-3.74103,40.40904],[-3.73849,40.40997],[-3.73715,40.40782]]]}},{"type":"Feature","properties":{"id":"2807910044"},"geometry":{"type":"Polygon","coordinates":[[[-3.73798,40.41016],[-3.74078,40.40908],[-3.74139,40.40904],[-3.74188,40.4092],[-3.73852,40.4112],[-3.73798,40.41016]]]}},{"type":"Feature","properties":{"id":"2807910046"},"geometry":{"type":"Polygon","coordinates":[[[-3.73878,40.408],[-3.73902,40.40746],[-3.73918,40.4075],[-3.7396,40.4064],[-3.74178,40.40694],[-3.74149,40.4088],[-3.74109,40.40854],[-3.73878,40.408]]]}},{"type":"Feature","properties":{"id":"2807910047"},"geometry":{"type":"Polygon","coordinates":[[[-3.7396,40.4064],[-3.73979,40.40561],[-3.74214,40.40574],[-3.74192,40.40617],[-3.74178,40.40694],[-3.7396,40.4064]]]}},{"type":"Feature","properties":{"id":"2807910048"},"geometry":{"type":"Polygon","coordinates":[[[-3.74214,40.40574],[-3.73781,40.40558],[-3.73787,40.40494],[-3.74229,40.40511],[-3.74214,40.40574]]]}},{"type":"Feature","properties":{"id":"2807910049"},"geometry":{"type":"Polygon","coordinates":[[[-3.73787,40.40494],[-3.738,40.40405],[-3.73963,40.40434],[-3.74232,40.40453],[-3.74229,40.40511],[-3.73787,40.40494]]]}},{"type":"Feature","properties":{"id":"2807910050"},"geometry":{"type":"Polygon","coordinates":[[[-3.74226,40.40542],[-3.74232,40.40453],[-3.74527,40.40441],[-3.7452,40.40542],[-3.74226,40.40542]]]}},{"type":"Feature","properties":{"id":"2807910051"},"geometry":{"type":"Polygon","coordinates":[[[-3.74204,40.4059],[-3.74226,40.40542],[-3.7452,40.40542],[-3.74513,40.40654],[-3.74448,40.40671],[-3.74326,40.40595],[-3.74204,40.4059]]]}},{"type":"Feature","properties":{"id":"2807910052"},"geometry":{"type":"Polygon","coordinates":[[[-3.74188,40.40633],[-3.74204,40.4059],[-3.74326,40.40595],[-3.74448,40.40671],[-3.74513,40.40654],[-3.74509,40.40694],[-3.74493,40.40707],[-3.74361,40.40734],[-3.74357,40.40723],[-3.74188,40.40633]]]}},{"type":"Feature","properties":{"id":"2807910053"},"geometry":{"type":"Polygon","coordinates":[[[-3.74149,40.4088],[-3.74188,40.40633],[-3.74357,40.40723],[-3.74361,40.40734],[-3.74483,40.40709],[-3.74506,40.40758],[-3.74149,40.4088]]]}},{"type":"Feature","properties":{"id":"2807910054"},"geometry":{"type":"Polygon","coordinates":[[[-3.74483,40.40709],[-3.7451,40.40692],[-3.74518,40.40567],[-3.74674,40.40572],[-3.74808,40.40559],[-3.74815,40.40539],[-3.74881,40.40505],[-3.74867,40.40441],[-3.74958,40.40422],[-3.75005,40.40499],[-3.7506,40.40478],[-3.751,40.40536],[-3.74506,40.40758],[-3.74483,40.40709]]]}},{"type":"Feature","properties":{"id":"2807910055"},"geometry":{"type":"Polygon","coordinates":[[[-3.74518,40.40567],[-3.74527,40.40441],[-3.74779,40.40406],[-3.7493,40.40365],[-3.74958,40.40422],[-3.74867,40.40441],[-3.74881,40.40505],[-3.74815,40.40539],[-3.74808,40.40559],[-3.74674,40.40572],[-3.74518,40.40567]]]}},{"type":"Feature","properties":{"id":"2807910056"},"geometry":{"type":"Polygon","coordinates":[[[-3.7441,40.4045],[-3.74484,40.40293],[-3.74677,40.40331],[-3.74655,40.40392],[-3.74664,40.40424],[-3.74657,40.40425],[-3.7441,40.4045]]]}},{"type":"Feature","properties":{"id":"2807910057"},"geometry":{"type":"Polygon","coordinates":[[[-3.74484,40.40293],[-3.74468,40.40114],[-3.74603,40.40112],[-3.74613,40.40119],[-3.74655,40.40111],[-3.747,40.40219],[-3.74696,40.40284],[-3.74677,40.40331],[-3.74484,40.40293]]]}},{"type":"Feature","properties":{"id":"2807910058"},"geometry":{"type":"Polygon","coordinates":[[[-3.74655,40.40392],[-3.74696,40.40284],[-3.747,40.4022],[-3.74678,40.40166],[-3.74759,40.40135],[-3.74781,40.40282],[-3.74768,40.40407],[-3.74664,40.40424],[-3.74655,40.40392]]]}},{"type":"Feature","properties":{"id":"2807910059"},"geometry":{"type":"Polygon","coordinates":[[[-3.74768,40.40407],[-3.74781,40.40282],[-3.74759,40.40135],[-3.74848,40.40093],[-3.7497,40.40354],[-3.74768,40.40407]]]}},{"type":"Feature","properties":{"id":"2807910060"},"geometry":{"type":"Polygon","coordinates":[[[-3.74468,40.40114],[-3.74438,40.39907],[-3.74557,40.39877],[-3.74755,40.39789],[-3.75008,40.3972],[-3.75096,40.39687],[-3.75167,40.39646],[-3.7518,40.3959],[-3.75302,40.39601],[-3.75371,40.39581],[-3.75465,40.39706],[-3.75637,40.39803],[-3.7557,40.39878],[-3.75481,40.40026],[-3.75369,40.39973],[-3.75291,40.39961],[-3.74993,40.40002],[-3.75022,40.40123],[-3.74873,40.40144],[-3.74848,40.40093],[-3.747,40.40164],[-3.74678,40.40166],[-3.74655,40.40111],[-3.74613,40.40119],[-3.74603,40.40112],[-3.74468,40.40114]]]}},{"type":"Feature","properties":{"id":"2807910061"},"geometry":{"type":"Polygon","coordinates":[[[-3.74424,40.39847],[-3.74566,40.39807],[-3.74555,40.39785],[-3.7465,40.39758],[-3.7471,40.39723],[-3.7473,40.39728],[-3.74797,40.39706],[-3.74774,40.39635],[-3.74794,40.39627],[-3.7486,40.39644],[-3.75121,40.39675],[-3.75031,40.39714],[-3.74742,40.39794],[-3.74572,40.39871],[-3.74486,40.39899],[-3.74438,40.39907],[-3.74424,40.39847]]]}},{"type":"Feature","properties":{"id":"2807910062"},"geometry":{"type":"Polygon","coordinates":[[[-3.74395,40.39723],[-3.74603,40.39663],[-3.74651,40.39674],[-3.74774,40.39635],[-3.74797,40.39706],[-3.7473,40.39728],[-3.7471,40.39723],[-3.7465,40.39758],[-3.74555,40.39785],[-3.74566,40.39807],[-3.74424,40.39847],[-3.74395,40.39723]]]}},{"type":"Feature","properties":{"id":"2807910063"},"geometry":{"type":"Polygon","coordinates":[[[-3.74359,40.39547],[-3.74479,40.39508],[-3.74743,40.39539],[-3.74794,40.39627],[-3.74651,40.39674],[-3.74603,40.39663],[-3.74395,40.39723],[-3.74359,40.39547]]]}},{"type":"Feature","properties":{"id":"2807910065"},"geometry":{"type":"Polygon","coordinates":[[[-3.74794,40.39627],[-3.74743,40.39539],[-3.7518,40.3959],[-3.75167,40.39646],[-3.75121,40.39675],[-3.7486,40.39644],[-3.74794,40.39627]]]}},{"type":"Feature","properties":{"id":"2807910067"},"geometry":{"type":"Polygon","coordinates":[[[-3.75063,40.40321],[-3.75198,40.40265],[-3.75262,40.40313],[-3.75337,40.40337],[-3.75333,40.40391],[-3.75363,40.40437],[-3.75263,40.40474],[-3.75213,40.40443],[-3.75184,40.40443],[-3.75167,40.40457],[-3.75087,40.40423],[-3.75066,40.40386],[-3.75099,40.40374],[-3.75063,40.40321]]]}},{"type":"Feature","properties":{"id":"2807910068"},"geometry":{"type":"Polygon","coordinates":[[[-3.75005,40.40499],[-3.7493,40.40365],[-3.75063,40.40321],[-3.75099,40.40374],[-3.75066,40.40386],[-3.75087,40.40423],[-3.75167,40.40457],[-3.75184,40.40443],[-3.75213,40.40443],[-3.75263,40.40474],[-3.751,40.40536],[-3.7506,40.40478],[-3.75005,40.40499]]]}},{"type":"Feature","properties":{"id":"2807910069"},"geometry":{"type":"Polygon","coordinates":[[[-3.74898,40.40612],[-3.75263,40.40474],[-3.75307,40.40515],[-3.75335,40.40562],[-3.74948,40.40702],[-3.74898,40.40612]]]}},{"type":"Feature","properties":{"id":"2807910070"},"geometry":{"type":"Polygon","coordinates":[[[-3.74948,40.40702],[-3.75305,40.40568],[-3.75335,40.40562],[-3.7535,40.40608],[-3.75201,40.40671],[-3.75216,40.40697],[-3.75188,40.40708],[-3.75125,40.40694],[-3.75111,40.40679],[-3.74958,40.40735],[-3.74948,40.40702]]]}},{"type":"Feature","properties":{"id":"2807910072"},"geometry":{"type":"Polygon","coordinates":[[[-3.7428,40.40954],[-3.74154,40.40907],[-3.74103,40.40904],[-3.74149,40.4088],[-3.74338,40.40812],[-3.74401,40.40798],[-3.74898,40.40612],[-3.74948,40.4069],[-3.7499,40.4085],[-3.74482,40.40931],[-3.7446,40.40928],[-3.74346,40.40959],[-3.7428,40.40954]]]}},{"type":"Feature","properties":{"id":"2807910073"},"geometry":{"type":"Polygon","coordinates":[[[-3.74958,40.40735],[-3.75111,40.40679],[-3.75125,40.40694],[-3.75188,40.40708],[-3.75212,40.40746],[-3.7525,40.40726],[-3.75269,40.40749],[-3.75216,40.40778],[-3.7499,40.4085],[-3.74958,40.40735]]]}},{"type":"Feature","properties":{"id":"2807910074"},"geometry":{"type":"Polygon","coordinates":[[[-3.75188,40.40708],[-3.75216,40.40697],[-3.75201,40.40671],[-3.75433,40.40574],[-3.75501,40.4063],[-3.75269,40.40749],[-3.7525,40.40726],[-3.75212,40.40746],[-3.75188,40.40708]]]}},{"type":"Feature","properties":{"id":"2807910075"},"geometry":{"type":"Polygon","coordinates":[[[-3.7535,40.40608],[-3.75317,40.40528],[-3.75263,40.40474],[-3.75411,40.4042],[-3.75445,40.40471],[-3.7558,40.4059],[-3.75501,40.4063],[-3.75433,40.40574],[-3.7535,40.40608]]]}},{"type":"Feature","properties":{"id":"2807910076"},"geometry":{"type":"Polygon","coordinates":[[[-3.75411,40.4042],[-3.75511,40.40383],[-3.7562,40.4038],[-3.75694,40.40365],[-3.757,40.40384],[-3.75635,40.40419],[-3.75628,40.4044],[-3.75653,40.40465],[-3.75708,40.40462],[-3.75764,40.40529],[-3.75692,40.40568],[-3.7558,40.4059],[-3.75445,40.40471],[-3.75411,40.4042]]]}},{"type":"Feature","properties":{"id":"2807910077"},"geometry":{"type":"Polygon","coordinates":[[[-3.75511,40.40383],[-3.7575,40.40295],[-3.75793,40.40338],[-3.75786,40.40361],[-3.75819,40.40394],[-3.75855,40.40381],[-3.75976,40.40388],[-3.76014,40.40375],[-3.75963,40.40415],[-3.75764,40.40529],[-3.75708,40.40462],[-3.75653,40.40465],[-3.75628,40.4044],[-3.75635,40.40419],[-3.757,40.40384],[-3.75694,40.40365],[-3.7562,40.4038],[-3.75511,40.40383]]]}},{"type":"Feature","properties":{"id":"2807910078"},"geometry":{"type":"Polygon","coordinates":[[[-3.7575,40.40295],[-3.76017,40.40195],[-3.76098,40.40311],[-3.76014,40.40375],[-3.75976,40.40388],[-3.75855,40.40381],[-3.75819,40.40394],[-3.75786,40.40361],[-3.75793,40.40338],[-3.7575,40.40295]]]}},{"type":"Feature","properties":{"id":"2807910081"},"geometry":{"type":"Polygon","coordinates":[[[-3.75298,40.39601],[-3.74479,40.39508],[-3.74455,40.39495],[-3.74463,40.3932],[-3.74407,40.39267],[-3.74642,40.39122],[-3.74836,40.39269],[-3.74955,40.39238],[-3.74992,40.39291],[-3.75028,40.39406],[-3.75063,40.39396],[-3.75048,40.39354],[-3.7508,40.39343],[-3.75087,40.39352],[-3.75195,40.39313],[-3.75371,40.39581],[-3.75298,40.39601]]]}},{"type":"Feature","properties":{"id":"2807910082"},"geometry":{"type":"Polygon","coordinates":[[[-3.74086,40.39302],[-3.74227,40.3919],[-3.74259,40.39265],[-3.74264,40.39345],[-3.74333,40.39372],[-3.74371,40.39373],[-3.74393,40.39352],[-3.74462,40.39354],[-3.74455,40.39495],[-3.74479,40.39508],[-3.74359,40.39547],[-3.74354,40.39521],[-3.74321,40.39481],[-3.74086,40.39302]]]}},{"type":"Feature","properties":{"id":"2807910083"},"geometry":{"type":"Polygon","coordinates":[[[-3.74227,40.3919],[-3.74407,40.39267],[-3.7446,40.39315],[-3.74462,40.39354],[-3.74393,40.39352],[-3.74371,40.39373],[-3.74333,40.39372],[-3.74264,40.39345],[-3.74259,40.39265],[-3.74227,40.3919]]]}},{"type":"Feature","properties":{"id":"2807910084"},"geometry":{"type":"Polygon","coordinates":[[[-3.74227,40.3919],[-3.74292,40.3913],[-3.74363,40.39038],[-3.74382,40.38998],[-3.74478,40.39028],[-3.74432,40.39086],[-3.74492,40.39124],[-3.74446,40.39162],[-3.74506,40.39206],[-3.74407,40.39267],[-3.74227,40.3919]]]}},{"type":"Feature","properties":{"id":"2807910086"},"geometry":{"type":"Polygon","coordinates":[[[-3.74478,40.39028],[-3.74684,40.3909],[-3.74506,40.39206],[-3.74446,40.39162],[-3.74492,40.39124],[-3.74432,40.39086],[-3.74478,40.39028]]]}},{"type":"Feature","properties":{"id":"2807910087"},"geometry":{"type":"Polygon","coordinates":[[[-3.74642,40.39122],[-3.74684,40.3909],[-3.74382,40.38998],[-3.74474,40.388],[-3.7454,40.38784],[-3.74939,40.38542],[-3.74976,40.38545],[-3.75015,40.38561],[-3.75156,40.38633],[-3.75221,40.3868],[-3.75256,40.38687],[-3.75186,40.38941],[-3.75132,40.389],[-3.75117,40.38946],[-3.75068,40.38981],[-3.75022,40.39033],[-3.74947,40.3906],[-3.74931,40.39171],[-3.74955,40.39238],[-3.74836,40.39269],[-3.74642,40.39122]]]}},{"type":"Feature","properties":{"id":"2807910088"},"geometry":{"type":"Polygon","coordinates":[[[-3.74954,40.38542],[-3.75171,40.38424],[-3.75177,40.38453],[-3.75336,40.38529],[-3.75288,40.38599],[-3.75256,40.38687],[-3.75221,40.3868],[-3.75156,40.38633],[-3.75015,40.38561],[-3.74954,40.38542]]]}},{"type":"Feature","properties":{"id":"2807910089"},"geometry":{"type":"Polygon","coordinates":[[[-3.75171,40.38424],[-3.75238,40.3839],[-3.75324,40.38369],[-3.7541,40.38367],[-3.75541,40.38384],[-3.7554,40.38402],[-3.75428,40.38449],[-3.75336,40.38529],[-3.75177,40.38453],[-3.75171,40.38424]]]}},{"type":"Feature","properties":{"id":"2807910090"},"geometry":{"type":"Polygon","coordinates":[[[-3.75265,40.38662],[-3.75291,40.38593],[-3.75353,40.38507],[-3.75428,40.38449],[-3.75491,40.38418],[-3.75521,40.38465],[-3.75474,40.38495],[-3.75439,40.38531],[-3.75493,40.38552],[-3.75482,40.38572],[-3.75471,40.38567],[-3.75384,40.38703],[-3.75265,40.38662]]]}},{"type":"Feature","properties":{"id":"2807910091"},"geometry":{"type":"Polygon","coordinates":[[[-3.76031,40.38634],[-3.75882,40.38488],[-3.75794,40.38536],[-3.75753,40.38585],[-3.75648,40.38534],[-3.75679,40.38489],[-3.75593,40.38485],[-3.75544,40.38493],[-3.75491,40.38418],[-3.7554,40.38402],[-3.75541,40.38384],[-3.75848,40.38403],[-3.75881,40.38394],[-3.75917,40.38369],[-3.75923,40.38353],[-3.76179,40.38566],[-3.76108,40.3861],[-3.76031,40.38634]]]}},{"type":"Feature","properties":{"id":"2807910092"},"geometry":{"type":"Polygon","coordinates":[[[-3.75392,40.3869],[-3.75471,40.38567],[-3.75482,40.38572],[-3.75493,40.38552],[-3.75439,40.38531],[-3.75474,40.38495],[-3.75521,40.38465],[-3.75549,40.38495],[-3.75593,40.38485],[-3.75679,40.38489],[-3.75517,40.38736],[-3.75392,40.3869]]]}},{"type":"Feature","properties":{"id":"2807910093"},"geometry":{"type":"Polygon","coordinates":[[[-3.75532,40.38714],[-3.75648,40.38534],[-3.75753,40.38585],[-3.75643,40.38751],[-3.75532,40.38714]]]}},{"type":"Feature","properties":{"id":"2807910094"},"geometry":{"type":"Polygon","coordinates":[[[-3.75703,40.3866],[-3.75778,40.38551],[-3.75882,40.38488],[-3.75941,40.38538],[-3.75859,40.38588],[-3.75837,40.38589],[-3.75779,40.38676],[-3.75703,40.3866]]]}},{"type":"Feature","properties":{"id":"2807910095"},"geometry":{"type":"Polygon","coordinates":[[[-3.75779,40.38676],[-3.75837,40.38589],[-3.75859,40.38588],[-3.75941,40.38538],[-3.76031,40.38634],[-3.75979,40.38661],[-3.75914,40.38756],[-3.7581,40.38726],[-3.75834,40.38682],[-3.75794,40.38672],[-3.75779,40.38676]]]}},{"type":"Feature","properties":{"id":"2807910096"},"geometry":{"type":"Polygon","coordinates":[[[-3.75718,40.38875],[-3.75779,40.38676],[-3.75794,40.38672],[-3.75834,40.38682],[-3.7581,40.38726],[-3.75914,40.38756],[-3.75884,40.38825],[-3.75875,40.38874],[-3.75718,40.38875]]]}},{"type":"Feature","properties":{"id":"2807910098"},"geometry":{"type":"Polygon","coordinates":[[[-3.7557,40.38875],[-3.75703,40.3866],[-3.75779,40.38676],[-3.75718,40.38875],[-3.7557,40.38875]]]}},{"type":"Feature","properties":{"id":"2807910099"},"geometry":{"type":"Polygon","coordinates":[[[-3.75363,40.3887],[-3.75361,40.38815],[-3.75222,40.38815],[-3.75265,40.38662],[-3.75384,40.38703],[-3.75392,40.3869],[-3.75517,40.38736],[-3.75532,40.38714],[-3.75643,40.38751],[-3.7557,40.38875],[-3.75461,40.38838],[-3.75375,40.38839],[-3.75363,40.3887]]]}},{"type":"Feature","properties":{"id":"2807910100"},"geometry":{"type":"Polygon","coordinates":[[[-3.75186,40.38941],[-3.75222,40.38815],[-3.75361,40.38815],[-3.75368,40.38935],[-3.7534,40.38936],[-3.75342,40.38998],[-3.75311,40.39023],[-3.75304,40.39028],[-3.75186,40.38941]]]}},{"type":"Feature","properties":{"id":"2807910101"},"geometry":{"type":"Polygon","coordinates":[[[-3.75186,40.38941],[-3.75324,40.39043],[-3.75334,40.39161],[-3.75142,40.39167],[-3.75143,40.39102],[-3.75186,40.38941]]]}},{"type":"Feature","properties":{"id":"2807910102"},"geometry":{"type":"Polygon","coordinates":[[[-3.75186,40.38941],[-3.75143,40.39102],[-3.75146,40.39198],[-3.74955,40.39238],[-3.74931,40.39171],[-3.74947,40.3906],[-3.75022,40.39033],[-3.75068,40.38981],[-3.75117,40.38946],[-3.75132,40.389],[-3.75186,40.38941]]]}},{"type":"Feature","properties":{"id":"2807910103"},"geometry":{"type":"Polygon","coordinates":[[[-3.74955,40.39238],[-3.75146,40.39198],[-3.75163,40.39259],[-3.75195,40.39313],[-3.75087,40.39352],[-3.7508,40.39343],[-3.75048,40.39354],[-3.75063,40.39396],[-3.75028,40.39406],[-3.74992,40.39291],[-3.74955,40.39238]]]}},{"type":"Feature","properties":{"id":"2807910106"},"geometry":{"type":"Polygon","coordinates":[[[-3.75371,40.39581],[-3.75195,40.39313],[-3.75235,40.39287],[-3.75569,40.39282],[-3.75563,40.39491],[-3.75523,40.39535],[-3.75469,40.39562],[-3.75371,40.39581]]]}},{"type":"Feature","properties":{"id":"2807910107"},"geometry":{"type":"Polygon","coordinates":[[[-3.75163,40.39259],[-3.75142,40.39167],[-3.75155,40.39163],[-3.75364,40.39161],[-3.75388,40.39195],[-3.75421,40.39194],[-3.75422,40.39245],[-3.75444,40.39244],[-3.75443,40.39283],[-3.75242,40.39285],[-3.75195,40.39313],[-3.75163,40.39259]]]}},{"type":"Feature","properties":{"id":"2807910108"},"geometry":{"type":"Polygon","coordinates":[[[-3.75443,40.39283],[-3.75444,40.39244],[-3.75422,40.39245],[-3.75421,40.39194],[-3.75388,40.39195],[-3.75364,40.39161],[-3.75334,40.39161],[-3.75324,40.39043],[-3.75473,40.39148],[-3.75567,40.39193],[-3.75569,40.39282],[-3.75443,40.39283]]]}},{"type":"Feature","properties":{"id":"2807910109"},"geometry":{"type":"Polygon","coordinates":[[[-3.75473,40.39148],[-3.75304,40.39028],[-3.75342,40.38998],[-3.7534,40.38936],[-3.75368,40.38935],[-3.75363,40.3887],[-3.75371,40.38841],[-3.75477,40.38839],[-3.7557,40.38875],[-3.75567,40.39193],[-3.75473,40.39148]]]}},{"type":"Feature","properties":{"id":"2807910110"},"geometry":{"type":"Polygon","coordinates":[[[-3.75565,40.3902],[-3.7557,40.38875],[-3.75875,40.38874],[-3.75862,40.38973],[-3.75725,40.3897],[-3.75724,40.3895],[-3.75606,40.38953],[-3.75607,40.39019],[-3.75565,40.3902]]]}},{"type":"Feature","properties":{"id":"2807910112"},"geometry":{"type":"Polygon","coordinates":[[[-3.75683,40.39105],[-3.75681,40.39074],[-3.75758,40.39078],[-3.75769,40.3897],[-3.75862,40.38973],[-3.75843,40.39117],[-3.75683,40.39105]]]}},{"type":"Feature","properties":{"id":"2807910113"},"geometry":{"type":"Polygon","coordinates":[[[-3.75681,40.39074],[-3.75682,40.39052],[-3.75609,40.39053],[-3.75606,40.38953],[-3.75724,40.3895],[-3.75725,40.3897],[-3.75769,40.3897],[-3.75758,40.39078],[-3.75681,40.39074]]]}},{"type":"Feature","properties":{"id":"2807910114"},"geometry":{"type":"Polygon","coordinates":[[[-3.75567,40.39193],[-3.75565,40.3902],[-3.75607,40.39019],[-3.75609,40.39053],[-3.75682,40.39052],[-3.75686,40.39183],[-3.7565,40.3917],[-3.75613,40.39171],[-3.75611,40.39207],[-3.75567,40.39193]]]}},{"type":"Feature","properties":{"id":"2807910115"},"geometry":{"type":"Polygon","coordinates":[[[-3.75825,40.39243],[-3.75611,40.39207],[-3.75613,40.39171],[-3.7565,40.3917],[-3.75686,40.39183],[-3.75683,40.39105],[-3.75843,40.39117],[-3.75825,40.39243]]]}},{"type":"Feature","properties":{"id":"2807910116"},"geometry":{"type":"Polygon","coordinates":[[[-3.7557,40.39376],[-3.75567,40.39193],[-3.75728,40.3923],[-3.75708,40.39386],[-3.7557,40.39376]]]}},{"type":"Feature","properties":{"id":"2807910117"},"geometry":{"type":"Polygon","coordinates":[[[-3.75684,40.3956],[-3.75728,40.3923],[-3.75825,40.39243],[-3.7577,40.39588],[-3.75684,40.3956]]]}},{"type":"Feature","properties":{"id":"2807910118"},"geometry":{"type":"Polygon","coordinates":[[[-3.75554,40.39503],[-3.7557,40.39462],[-3.7557,40.39376],[-3.75708,40.39386],[-3.75689,40.3953],[-3.75576,40.3952],[-3.75554,40.39503]]]}},{"type":"Feature","properties":{"id":"2807910119"},"geometry":{"type":"Polygon","coordinates":[[[-3.75371,40.39581],[-3.75484,40.39556],[-3.75523,40.39535],[-3.75554,40.39503],[-3.75576,40.3952],[-3.75689,40.3953],[-3.75684,40.3956],[-3.7577,40.39588],[-3.75637,40.39803],[-3.75465,40.39706],[-3.75371,40.39581]]]}},{"type":"Feature","properties":{"id":"2807910120"},"geometry":{"type":"Polygon","coordinates":[[[-3.75687,40.39729],[-3.75772,40.39581],[-3.75825,40.39243],[-3.76043,40.39274],[-3.76126,40.39307],[-3.76239,40.394],[-3.76107,40.39482],[-3.76094,40.39481],[-3.76095,40.39417],[-3.75954,40.39415],[-3.75945,40.3961],[-3.75918,40.39673],[-3.75879,40.39712],[-3.75806,40.39754],[-3.758,40.39766],[-3.75687,40.39729]]]}},{"type":"Feature","properties":{"id":"2807910121"},"geometry":{"type":"Polygon","coordinates":[[[-3.75825,40.39243],[-3.75884,40.38825],[-3.75948,40.38696],[-3.75979,40.38661],[-3.76031,40.38634],[-3.76126,40.38719],[-3.76088,40.38743],[-3.76067,40.38768],[-3.76046,40.3886],[-3.76126,40.38858],[-3.76111,40.3907],[-3.76101,40.39057],[-3.76023,40.39053],[-3.76011,40.39269],[-3.75825,40.39243]]]}},{"type":"Feature","properties":{"id":"2807910122"},"geometry":{"type":"Polygon","coordinates":[[[-3.76197,40.38858],[-3.76046,40.3886],[-3.76067,40.38768],[-3.76088,40.38743],[-3.76126,40.38719],[-3.76031,40.38634],[-3.76108,40.3861],[-3.7644,40.38961],[-3.76208,40.38965],[-3.76185,40.3891],[-3.76197,40.38858]]]}},{"type":"Feature","properties":{"id":"2807910123"},"geometry":{"type":"Polygon","coordinates":[[[-3.76572,40.39098],[-3.76108,40.3861],[-3.76179,40.38566],[-3.76264,40.38649],[-3.76744,40.39048],[-3.76572,40.39098]]]}},{"type":"Feature","properties":{"id":"2807910124"},"geometry":{"type":"Polygon","coordinates":[[[-3.76335,40.39173],[-3.76208,40.38965],[-3.7644,40.38961],[-3.76572,40.39098],[-3.76335,40.39173]]]}},{"type":"Feature","properties":{"id":"2807910125"},"geometry":{"type":"Polygon","coordinates":[[[-3.76111,40.3907],[-3.76126,40.38858],[-3.76197,40.38858],[-3.76185,40.3889],[-3.7619,40.38929],[-3.76275,40.39075],[-3.76111,40.3907]]]}},{"type":"Feature","properties":{"id":"2807910126"},"geometry":{"type":"Polygon","coordinates":[[[-3.76111,40.3907],[-3.76275,40.39075],[-3.76335,40.39173],[-3.76107,40.39247],[-3.76099,40.3924],[-3.76111,40.3907]]]}},{"type":"Feature","properties":{"id":"2807910127"},"geometry":{"type":"Polygon","coordinates":[[[-3.76011,40.39269],[-3.76023,40.39053],[-3.76101,40.39057],[-3.76111,40.3907],[-3.76099,40.3924],[-3.76107,40.39247],[-3.7606,40.39279],[-3.76011,40.39269]]]}},{"type":"Feature","properties":{"id":"2807910128"},"geometry":{"type":"Polygon","coordinates":[[[-3.7606,40.39279],[-3.76125,40.39238],[-3.76335,40.39173],[-3.76467,40.39389],[-3.7626,40.39393],[-3.76239,40.394],[-3.76126,40.39307],[-3.7606,40.39279]]]}},{"type":"Feature","properties":{"id":"2807910129"},"geometry":{"type":"Polygon","coordinates":[[[-3.76548,40.39525],[-3.76335,40.39173],[-3.76445,40.39138],[-3.76553,40.39316],[-3.76572,40.39308],[-3.76649,40.39415],[-3.76775,40.39378],[-3.76792,40.39383],[-3.76789,40.39402],[-3.76805,40.39432],[-3.76632,40.39485],[-3.7661,40.39514],[-3.76548,40.39525]]]}},{"type":"Feature","properties":{"id":"2807910130"},"geometry":{"type":"Polygon","coordinates":[[[-3.76553,40.39316],[-3.76445,40.39138],[-3.76572,40.39098],[-3.76695,40.39235],[-3.76775,40.39378],[-3.76649,40.39415],[-3.76572,40.39308],[-3.76553,40.39316]]]}},{"type":"Feature","properties":{"id":"2807910131"},"geometry":{"type":"Polygon","coordinates":[[[-3.76775,40.39378],[-3.76695,40.39235],[-3.76572,40.39098],[-3.76744,40.39048],[-3.7702,40.3928],[-3.76921,40.39359],[-3.76896,40.39286],[-3.76786,40.39314],[-3.76797,40.39368],[-3.76792,40.39383],[-3.76775,40.39378]]]}},{"type":"Feature","properties":{"id":"2807910132"},"geometry":{"type":"Polygon","coordinates":[[[-3.76875,40.39587],[-3.76789,40.39399],[-3.76798,40.39363],[-3.76786,40.39314],[-3.76896,40.39286],[-3.76915,40.39359],[-3.7702,40.3928],[-3.77154,40.39386],[-3.76868,40.39606],[-3.76875,40.39587]]]}},{"type":"Feature","properties":{"id":"2807910133"},"geometry":{"type":"Polygon","coordinates":[[[-3.76424,40.39561],[-3.7661,40.39514],[-3.76632,40.39485],[-3.76805,40.39432],[-3.76875,40.39587],[-3.76868,40.39606],[-3.76662,40.39765],[-3.76424,40.39561]]]}},{"type":"Feature","properties":{"id":"2807910135"},"geometry":{"type":"Polygon","coordinates":[[[-3.76424,40.39561],[-3.76239,40.394],[-3.7626,40.39393],[-3.76467,40.39389],[-3.76548,40.39525],[-3.76424,40.39561]]]}},{"type":"Feature","properties":{"id":"2807910136"},"geometry":{"type":"Polygon","coordinates":[[[-3.76239,40.394],[-3.76304,40.39457],[-3.76202,40.39533],[-3.7595,40.39542],[-3.75954,40.39415],[-3.76095,40.39417],[-3.76094,40.39481],[-3.76107,40.39482],[-3.76239,40.394]]]}},{"type":"Feature","properties":{"id":"2807910137"},"geometry":{"type":"Polygon","coordinates":[[[-3.76095,40.39646],[-3.75936,40.39646],[-3.7595,40.39542],[-3.76097,40.39539],[-3.76095,40.39646]]]}},{"type":"Feature","properties":{"id":"2807910138"},"geometry":{"type":"Polygon","coordinates":[[[-3.758,40.39766],[-3.75806,40.39754],[-3.75893,40.397],[-3.75936,40.39646],[-3.76049,40.39647],[-3.76042,40.39702],[-3.76006,40.39712],[-3.75982,40.39737],[-3.76007,40.39859],[-3.75893,40.39797],[-3.758,40.39766]]]}},{"type":"Feature","properties":{"id":"2807910139"},"geometry":{"type":"Polygon","coordinates":[[[-3.76007,40.39859],[-3.75982,40.39749],[-3.75986,40.3973],[-3.76006,40.39712],[-3.76042,40.39702],[-3.76096,40.39729],[-3.7613,40.3972],[-3.7619,40.39847],[-3.76086,40.39866],[-3.76007,40.39859]]]}},{"type":"Feature","properties":{"id":"2807910140"},"geometry":{"type":"Polygon","coordinates":[[[-3.76042,40.39702],[-3.76049,40.39647],[-3.76095,40.39646],[-3.76097,40.39539],[-3.76202,40.39533],[-3.76304,40.39457],[-3.76424,40.39561],[-3.76263,40.3961],[-3.76165,40.39697],[-3.76116,40.39725],[-3.76076,40.39723],[-3.76042,40.39702]]]}},{"type":"Feature","properties":{"id":"2807910142"},"geometry":{"type":"Polygon","coordinates":[[[-3.7613,40.3972],[-3.76237,40.39626],[-3.76316,40.39592],[-3.76358,40.397],[-3.76437,40.39769],[-3.76404,40.39787],[-3.7619,40.39847],[-3.7613,40.3972]]]}},{"type":"Feature","properties":{"id":"2807910143"},"geometry":{"type":"Polygon","coordinates":[[[-3.76355,40.39801],[-3.76437,40.39769],[-3.76358,40.397],[-3.76316,40.39592],[-3.76424,40.39561],[-3.76662,40.39765],[-3.76498,40.39891],[-3.76426,40.39885],[-3.76386,40.39891],[-3.76355,40.39801]]]}},{"type":"Feature","properties":{"id":"2807910144"},"geometry":{"type":"Polygon","coordinates":[[[-3.76498,40.39891],[-3.76868,40.39606],[-3.76933,40.39655],[-3.76905,40.39731],[-3.76922,40.39769],[-3.76732,40.39828],[-3.76606,40.39885],[-3.76605,40.39896],[-3.76498,40.39891]]]}},{"type":"Feature","properties":{"id":"2807910145"},"geometry":{"type":"Polygon","coordinates":[[[-3.76606,40.39909],[-3.76606,40.39885],[-3.76732,40.39828],[-3.76922,40.39769],[-3.77008,40.3986],[-3.76998,40.3997],[-3.76884,40.39966],[-3.76782,40.39949],[-3.76669,40.39913],[-3.76606,40.39909]]]}},{"type":"Feature","properties":{"id":"2807910146"},"geometry":{"type":"Polygon","coordinates":[[[-3.76998,40.3997],[-3.77007,40.39859],[-3.76922,40.39769],[-3.77022,40.39738],[-3.77072,40.39709],[-3.77104,40.39759],[-3.77232,40.39824],[-3.77257,40.39849],[-3.77293,40.40022],[-3.77039,40.39961],[-3.76998,40.3997]]]}},{"type":"Feature","properties":{"id":"2807910147"},"geometry":{"type":"Polygon","coordinates":[[[-3.76868,40.39606],[-3.77035,40.39478],[-3.77085,40.39513],[-3.7709,40.3953],[-3.77148,40.39537],[-3.77183,40.39598],[-3.77137,40.39603],[-3.77051,40.39666],[-3.77072,40.39709],[-3.77022,40.39738],[-3.76922,40.39769],[-3.76905,40.39731],[-3.76933,40.39655],[-3.76868,40.39606]]]}},{"type":"Feature","properties":{"id":"2807910148"},"geometry":{"type":"Polygon","coordinates":[[[-3.77035,40.39478],[-3.77154,40.39386],[-3.77291,40.39508],[-3.77385,40.39645],[-3.77291,40.39646],[-3.77072,40.39709],[-3.77051,40.39666],[-3.77137,40.39603],[-3.77183,40.39592],[-3.77148,40.39537],[-3.7709,40.3953],[-3.77085,40.39513],[-3.77035,40.39478]]]}},{"type":"Feature","properties":{"id":"2807910149"},"geometry":{"type":"Polygon","coordinates":[[[-3.77072,40.39709],[-3.77291,40.39646],[-3.77385,40.39645],[-3.77481,40.39788],[-3.7726,40.39853],[-3.77232,40.39824],[-3.77104,40.39759],[-3.77072,40.39709]]]}},{"type":"Feature","properties":{"id":"2807910151"},"geometry":{"type":"Polygon","coordinates":[[[-3.77293,40.40022],[-3.7726,40.39853],[-3.77481,40.39788],[-3.77456,40.39743],[-3.77541,40.39806],[-3.77761,40.3991],[-3.77582,40.40006],[-3.77461,40.40031],[-3.77429,40.40051],[-3.77293,40.40022]]]}},{"type":"Feature","properties":{"id":"2807910152"},"geometry":{"type":"Polygon","coordinates":[[[-3.77456,40.39743],[-3.77421,40.39699],[-3.77564,40.39639],[-3.77706,40.3954],[-3.77642,40.39485],[-3.77793,40.39391],[-3.77921,40.39334],[-3.78007,40.39463],[-3.78035,40.39526],[-3.77945,40.39694],[-3.77913,40.3972],[-3.77805,40.39764],[-3.77817,40.39798],[-3.77761,40.3991],[-3.77541,40.39806],[-3.77456,40.39743]]]}},{"type":"Feature","properties":{"id":"2807910153"},"geometry":{"type":"Polygon","coordinates":[[[-3.77421,40.39699],[-3.77291,40.39508],[-3.77154,40.39386],[-3.77337,40.39246],[-3.77493,40.39356],[-3.77706,40.3954],[-3.77564,40.39639],[-3.77421,40.39699]]]}},{"type":"Feature","properties":{"id":"2807910154"},"geometry":{"type":"Polygon","coordinates":[[[-3.77921,40.39334],[-3.78092,40.39255],[-3.78171,40.39379],[-3.78179,40.39405],[-3.78152,40.39413],[-3.78076,40.39528],[-3.78009,40.39574],[-3.78035,40.39526],[-3.78028,40.39502],[-3.77921,40.39334]]]}},{"type":"Feature","properties":{"id":"2807910156"},"geometry":{"type":"Polygon","coordinates":[[[-3.78853,40.38099],[-3.79216,40.3782],[-3.79327,40.37909],[-3.79328,40.37947],[-3.79061,40.38129],[-3.7902,40.38098],[-3.78936,40.38163],[-3.78853,40.38099]]]}},{"type":"Feature","properties":{"id":"2807910157"},"geometry":{"type":"Polygon","coordinates":[[[-3.78936,40.38163],[-3.7902,40.38098],[-3.79061,40.38129],[-3.79328,40.37947],[-3.79327,40.37909],[-3.79467,40.38019],[-3.79107,40.38294],[-3.78936,40.38163]]]}},{"type":"Feature","properties":{"id":"2807910158"},"geometry":{"type":"Polygon","coordinates":[[[-3.80429,40.39202],[-3.7965,40.3922],[-3.79379,40.39358],[-3.78917,40.39389],[-3.7894,40.39234],[-3.78685,40.39276],[-3.78179,40.39405],[-3.78092,40.39255],[-3.77798,40.39388],[-3.77642,40.39485],[-3.7749,40.39355],[-3.77337,40.39246],[-3.78393,40.38433],[-3.78853,40.38099],[-3.79107,40.38294],[-3.79467,40.38019],[-3.79327,40.37909],[-3.79472,40.37797],[-3.79514,40.37825],[-3.79567,40.37784],[-3.79602,40.37814],[-3.79645,40.37781],[-3.79713,40.37835],[-3.79828,40.37749],[-3.79825,40.37737],[-3.797,40.37642],[-3.79681,40.37637],[-3.79744,40.37582],[-3.79626,40.37489],[-3.80649,40.36703],[-3.80694,40.36645],[-3.81054,40.36386],[-3.81223,40.36746],[-3.81291,40.3692],[-3.81358,40.3702],[-3.82087,40.37867],[-3.82306,40.38074],[-3.824,40.38236],[-3.82628,40.38582],[-3.82866,40.38811],[-3.82936,40.38892],[-3.82982,40.38951],[-3.83111,40.39179],[-3.83401,40.39552],[-3.83523,40.39627],[-3.83437,40.39603],[-3.83364,40.39615],[-3.83211,40.3959],[-3.82901,40.39645],[-3.82709,40.39644],[-3.82525,40.3966],[-3.82379,40.39655],[-3.82224,40.39668],[-3.82041,40.39661],[-3.81938,40.39641],[-3.81935,40.39628],[-3.81829,40.39592],[-3.81489,40.394],[-3.81087,40.39279],[-3.80781,40.39235],[-3.80429,40.39202]]]}},{"type":"Feature","properties":{"id":"2807910159"},"geometry":{"type":"Polygon","coordinates":[[[-3.79216,40.3782],[-3.79626,40.37489],[-3.79744,40.37582],[-3.79681,40.37637],[-3.797,40.37642],[-3.79829,40.37743],[-3.79713,40.37835],[-3.79645,40.37781],[-3.79602,40.37814],[-3.79567,40.37784],[-3.79514,40.37825],[-3.79472,40.37797],[-3.79327,40.37909],[-3.79216,40.3782]]]}},{"type":"Feature","properties":{"id":"2807910161"},"geometry":{"type":"Polygon","coordinates":[[[-3.78317,40.38493],[-3.78097,40.38378],[-3.78175,40.38285],[-3.78057,40.38227],[-3.78222,40.38156],[-3.78445,40.38078],[-3.78518,40.38049],[-3.78524,40.38038],[-3.78762,40.38168],[-3.78317,40.38493]]]}},{"type":"Feature","properties":{"id":"2807910162"},"geometry":{"type":"Polygon","coordinates":[[[-3.78097,40.38378],[-3.78006,40.38333],[-3.77924,40.38281],[-3.78057,40.38227],[-3.78175,40.38285],[-3.78097,40.38378]]]}},{"type":"Feature","properties":{"id":"2807910163"},"geometry":{"type":"Polygon","coordinates":[[[-3.77671,40.38387],[-3.77924,40.38281],[-3.78072,40.38366],[-3.78048,40.38393],[-3.78031,40.38384],[-3.77927,40.38511],[-3.77671,40.38387]]]}},{"type":"Feature","properties":{"id":"2807910164"},"geometry":{"type":"Polygon","coordinates":[[[-3.77927,40.38511],[-3.78031,40.38384],[-3.78048,40.38393],[-3.78072,40.38366],[-3.78168,40.38409],[-3.78032,40.38565],[-3.77927,40.38511]]]}},{"type":"Feature","properties":{"id":"2807910165"},"geometry":{"type":"Polygon","coordinates":[[[-3.77155,40.39386],[-3.76744,40.39048],[-3.77083,40.38809],[-3.77343,40.38641],[-3.77267,40.38559],[-3.77671,40.38387],[-3.78032,40.38565],[-3.78168,40.38409],[-3.78317,40.38493],[-3.77155,40.39386]]]}},{"type":"Feature","properties":{"id":"2807910167"},"geometry":{"type":"Polygon","coordinates":[[[-3.76455,40.38421],[-3.76543,40.38423],[-3.77788,40.38157],[-3.7787,40.38177],[-3.77924,40.38281],[-3.77267,40.38559],[-3.77343,40.38641],[-3.76981,40.38883],[-3.76784,40.38716],[-3.76675,40.38794],[-3.76537,40.38678],[-3.76455,40.38421]]]}},{"type":"Feature","properties":{"id":"2807910168"},"geometry":{"type":"Polygon","coordinates":[[[-3.7787,40.38177],[-3.78019,40.38147],[-3.78034,40.38186],[-3.78151,40.38151],[-3.78162,40.38182],[-3.77924,40.38281],[-3.7787,40.38177]]]}},{"type":"Feature","properties":{"id":"2807910169"},"geometry":{"type":"Polygon","coordinates":[[[-3.78019,40.38147],[-3.78179,40.38109],[-3.78202,40.38084],[-3.78208,40.38053],[-3.78238,40.38046],[-3.7848,40.37999],[-3.78524,40.38038],[-3.78518,40.38049],[-3.78162,40.38182],[-3.78151,40.38151],[-3.78034,40.38186],[-3.78019,40.38147]]]}},{"type":"Feature","properties":{"id":"2807910170"},"geometry":{"type":"Polygon","coordinates":[[[-3.78253,40.37852],[-3.78228,40.3778],[-3.78264,40.37773],[-3.78274,40.37794],[-3.78341,40.37778],[-3.78329,40.37749],[-3.7834,40.37742],[-3.78403,40.37841],[-3.78445,40.3795],[-3.7848,40.37999],[-3.78314,40.3803],[-3.78301,40.3799],[-3.78319,40.37986],[-3.7828,40.37847],[-3.78253,40.37852]]]}},{"type":"Feature","properties":{"id":"2807910171"},"geometry":{"type":"Polygon","coordinates":[[[-3.78098,40.37704],[-3.7814,40.37566],[-3.7821,40.37596],[-3.78262,40.37639],[-3.7834,40.37742],[-3.78329,40.37749],[-3.78341,40.37778],[-3.78274,40.37794],[-3.78264,40.37773],[-3.78228,40.3778],[-3.78253,40.37852],[-3.78189,40.37864],[-3.78162,40.37789],[-3.78195,40.37782],[-3.78189,40.37761],[-3.78173,40.37763],[-3.78153,40.37712],[-3.78098,40.37704]]]}},{"type":"Feature","properties":{"id":"2807910172"},"geometry":{"type":"Polygon","coordinates":[[[-3.78007,40.37828],[-3.78098,40.37704],[-3.78153,40.37712],[-3.78173,40.37763],[-3.78189,40.37761],[-3.78195,40.37782],[-3.78162,40.37789],[-3.78189,40.37864],[-3.78176,40.37867],[-3.78181,40.37881],[-3.78034,40.37913],[-3.78007,40.37828]]]}},{"type":"Feature","properties":{"id":"2807910173"},"geometry":{"type":"Polygon","coordinates":[[[-3.78034,40.37913],[-3.78181,40.37881],[-3.78176,40.37867],[-3.7828,40.37847],[-3.78319,40.37986],[-3.78301,40.3799],[-3.78314,40.3803],[-3.78094,40.38076],[-3.78034,40.37913]]]}},{"type":"Feature","properties":{"id":"2807910174"},"geometry":{"type":"Polygon","coordinates":[[[-3.7787,40.38177],[-3.77796,40.38158],[-3.778,40.38138],[-3.77952,40.38106],[-3.77915,40.38006],[-3.77903,40.37997],[-3.77703,40.37964],[-3.77715,40.37905],[-3.77769,40.37866],[-3.78007,40.37828],[-3.78094,40.38076],[-3.78208,40.38053],[-3.78205,40.38076],[-3.78188,40.38103],[-3.78163,40.38116],[-3.7787,40.38177]]]}},{"type":"Feature","properties":{"id":"2807910175"},"geometry":{"type":"Polygon","coordinates":[[[-3.77782,40.37978],[-3.77909,40.38001],[-3.77952,40.38106],[-3.778,40.38138],[-3.77802,40.3811],[-3.77784,40.38082],[-3.7779,40.38061],[-3.77762,40.38056],[-3.77782,40.37978]]]}},{"type":"Feature","properties":{"id":"2807910176"},"geometry":{"type":"Polygon","coordinates":[[[-3.77671,40.37922],[-3.77715,40.37905],[-3.77703,40.37964],[-3.77782,40.37978],[-3.77762,40.38056],[-3.7779,40.38061],[-3.77784,40.38082],[-3.77802,40.3811],[-3.77796,40.38158],[-3.77664,40.38184],[-3.7763,40.38072],[-3.77671,40.37922]]]}},{"type":"Feature","properties":{"id":"2807910178"},"geometry":{"type":"Polygon","coordinates":[[[-3.77443,40.37915],[-3.77419,40.37887],[-3.77338,40.37837],[-3.77448,40.3773],[-3.77473,40.37673],[-3.77636,40.37696],[-3.77622,40.37808],[-3.7777,40.37828],[-3.77769,40.37866],[-3.77715,40.37905],[-3.77671,40.37922],[-3.7759,40.37934],[-3.77473,40.37907],[-3.77443,40.37915]]]}},{"type":"Feature","properties":{"id":"2807910179"},"geometry":{"type":"Polygon","coordinates":[[[-3.77769,40.37866],[-3.77802,40.37703],[-3.77943,40.37728],[-3.7794,40.3776],[-3.77995,40.3777],[-3.77999,40.37779],[-3.78036,40.37788],[-3.78007,40.37828],[-3.77769,40.37866]]]}},{"type":"Feature","properties":{"id":"2807910180"},"geometry":{"type":"Polygon","coordinates":[[[-3.7794,40.3776],[-3.77967,40.37637],[-3.78001,40.3759],[-3.7802,40.37544],[-3.7814,40.37566],[-3.78102,40.37697],[-3.78036,40.37788],[-3.77999,40.37779],[-3.77995,40.3777],[-3.7794,40.3776]]]}},{"type":"Feature","properties":{"id":"2807910181"},"geometry":{"type":"Polygon","coordinates":[[[-3.77943,40.37728],[-3.77751,40.37699],[-3.77802,40.3751],[-3.7802,40.37544],[-3.78001,40.3759],[-3.77967,40.37637],[-3.77943,40.37728]]]}},{"type":"Feature","properties":{"id":"2807910182"},"geometry":{"type":"Polygon","coordinates":[[[-3.77636,40.37696],[-3.77689,40.37493],[-3.77802,40.3751],[-3.77751,40.37699],[-3.77802,40.37703],[-3.7777,40.37828],[-3.77622,40.37808],[-3.77636,40.37696]]]}},{"type":"Feature","properties":{"id":"2807910183"},"geometry":{"type":"Polygon","coordinates":[[[-3.77473,40.37673],[-3.77524,40.37467],[-3.77689,40.37493],[-3.77636,40.37696],[-3.77473,40.37673]]]}},{"type":"Feature","properties":{"id":"2807910184"},"geometry":{"type":"Polygon","coordinates":[[[-3.77263,40.37639],[-3.77318,40.37434],[-3.77524,40.37467],[-3.77473,40.37673],[-3.77263,40.37639]]]}},{"type":"Feature","properties":{"id":"2807910185"},"geometry":{"type":"Polygon","coordinates":[[[-3.77193,40.37754],[-3.77232,40.37708],[-3.77263,40.37639],[-3.77473,40.37673],[-3.77448,40.3773],[-3.77338,40.37837],[-3.77193,40.37754]]]}},{"type":"Feature","properties":{"id":"2807910187"},"geometry":{"type":"Polygon","coordinates":[[[-3.77372,40.38087],[-3.77357,40.38013],[-3.77477,40.37989],[-3.77443,40.37915],[-3.77473,40.37907],[-3.7759,40.37934],[-3.77671,40.37922],[-3.7763,40.38072],[-3.77664,40.38184],[-3.77419,40.38236],[-3.77402,40.38191],[-3.77382,40.38195],[-3.77371,40.38161],[-3.77379,40.38159],[-3.774,40.38092],[-3.77372,40.38087]]]}},{"type":"Feature","properties":{"id":"2807910188"},"geometry":{"type":"Polygon","coordinates":[[[-3.77176,40.38113],[-3.7733,40.38082],[-3.774,40.38092],[-3.77379,40.38159],[-3.77371,40.38161],[-3.77382,40.38195],[-3.77402,40.38191],[-3.77419,40.38236],[-3.77204,40.38282],[-3.77176,40.38113]]]}},{"type":"Feature","properties":{"id":"2807910189"},"geometry":{"type":"Polygon","coordinates":[[[-3.77125,40.38023],[-3.77199,40.37979],[-3.77338,40.37837],[-3.77429,40.37895],[-3.77477,40.37989],[-3.77357,40.38013],[-3.77372,40.38087],[-3.7733,40.38082],[-3.77176,40.38113],[-3.77156,40.38063],[-3.77125,40.38023]]]}},{"type":"Feature","properties":{"id":"2807910190"},"geometry":{"type":"Polygon","coordinates":[[[-3.76995,40.37936],[-3.77023,40.37926],[-3.77193,40.37754],[-3.77338,40.37837],[-3.77199,40.37979],[-3.77125,40.38023],[-3.77091,40.37992],[-3.76995,40.37936]]]}},{"type":"Feature","properties":{"id":"2807910191"},"geometry":{"type":"Polygon","coordinates":[[[-3.76849,40.37742],[-3.77051,40.37699],[-3.77116,40.37712],[-3.77193,40.37754],[-3.77023,40.37926],[-3.76995,40.37936],[-3.76947,40.37906],[-3.76908,40.37867],[-3.76849,40.37742]]]}},{"type":"Feature","properties":{"id":"2807910192"},"geometry":{"type":"Polygon","coordinates":[[[-3.76808,40.37638],[-3.76813,40.37354],[-3.77022,40.37388],[-3.77002,40.3746],[-3.77094,40.37477],[-3.77072,40.3756],[-3.77101,40.37576],[-3.77092,40.37648],[-3.76898,40.37693],[-3.76889,40.37699],[-3.76895,40.3773],[-3.76849,40.37742],[-3.76808,40.37638]]]}},{"type":"Feature","properties":{"id":"2807910193"},"geometry":{"type":"Polygon","coordinates":[[[-3.76895,40.3773],[-3.76889,40.37699],[-3.76898,40.37693],[-3.77092,40.37648],[-3.77101,40.37576],[-3.77182,40.37621],[-3.77263,40.37639],[-3.77232,40.37708],[-3.77193,40.37754],[-3.77116,40.37712],[-3.77051,40.37699],[-3.76895,40.3773]]]}},{"type":"Feature","properties":{"id":"2807910194"},"geometry":{"type":"Polygon","coordinates":[[[-3.77182,40.37621],[-3.77072,40.3756],[-3.77094,40.37477],[-3.77002,40.3746],[-3.77022,40.37388],[-3.77318,40.37434],[-3.77263,40.37639],[-3.77182,40.37621]]]}},{"type":"Feature","properties":{"id":"2807910197"},"geometry":{"type":"Polygon","coordinates":[[[-3.76191,40.37446],[-3.76225,40.37263],[-3.76559,40.37314],[-3.76529,40.37433],[-3.76533,40.37506],[-3.76249,40.37577],[-3.76191,40.37446]]]}},{"type":"Feature","properties":{"id":"2807910198"},"geometry":{"type":"Polygon","coordinates":[[[-3.76249,40.37577],[-3.76533,40.37506],[-3.76529,40.37433],[-3.76559,40.37314],[-3.76813,40.37354],[-3.76807,40.37568],[-3.7676,40.37576],[-3.76587,40.37634],[-3.76653,40.37791],[-3.76272,40.37886],[-3.76295,40.37839],[-3.7634,40.37781],[-3.76249,40.37577]]]}},{"type":"Feature","properties":{"id":"2807910199"},"geometry":{"type":"Polygon","coordinates":[[[-3.76744,40.37982],[-3.76587,40.37634],[-3.7676,40.37576],[-3.76807,40.37568],[-3.7681,40.37646],[-3.76892,40.37842],[-3.7693,40.37891],[-3.76995,40.37936],[-3.76955,40.37949],[-3.76843,40.38062],[-3.76786,40.38024],[-3.76744,40.37982]]]}},{"type":"Feature","properties":{"id":"2807910201"},"geometry":{"type":"Polygon","coordinates":[[[-3.76843,40.38062],[-3.76955,40.37949],[-3.76995,40.37936],[-3.77115,40.38012],[-3.77156,40.38063],[-3.77176,40.38113],[-3.7713,40.38122],[-3.77114,40.38116],[-3.76961,40.38154],[-3.76953,40.38094],[-3.7694,40.38075],[-3.76886,40.38082],[-3.76843,40.38062]]]}},{"type":"Feature","properties":{"id":"2807910202"},"geometry":{"type":"Polygon","coordinates":[[[-3.76961,40.38154],[-3.77114,40.38116],[-3.7713,40.38122],[-3.77176,40.38113],[-3.77204,40.38282],[-3.76973,40.3833],[-3.76961,40.38154]]]}},{"type":"Feature","properties":{"id":"2807910203"},"geometry":{"type":"Polygon","coordinates":[[[-3.76689,40.38219],[-3.76843,40.38062],[-3.76886,40.38082],[-3.7694,40.38075],[-3.76953,40.38094],[-3.76966,40.38195],[-3.76973,40.3833],[-3.76784,40.38371],[-3.76738,40.38258],[-3.76689,40.38219]]]}},{"type":"Feature","properties":{"id":"2807910204"},"geometry":{"type":"Polygon","coordinates":[[[-3.76455,40.38421],[-3.76488,40.38368],[-3.76639,40.38268],[-3.76689,40.38219],[-3.76716,40.38235],[-3.76748,40.38274],[-3.76784,40.38371],[-3.76543,40.38423],[-3.76455,40.38421]]]}},{"type":"Feature","properties":{"id":"2807910205"},"geometry":{"type":"Polygon","coordinates":[[[-3.76179,40.38566],[-3.75835,40.38281],[-3.75787,40.38217],[-3.75681,40.38046],[-3.75611,40.37889],[-3.75744,40.37714],[-3.75784,40.37622],[-3.75798,40.37548],[-3.76026,40.37482],[-3.76191,40.37446],[-3.7634,40.37781],[-3.76295,40.37839],[-3.76272,40.37886],[-3.76215,40.37901],[-3.76196,40.37935],[-3.76216,40.3796],[-3.76291,40.38133],[-3.76394,40.38103],[-3.76481,40.3799],[-3.76562,40.3793],[-3.76575,40.37956],[-3.76565,40.37987],[-3.76513,40.38021],[-3.76556,40.38067],[-3.7653,40.38091],[-3.76527,40.38118],[-3.76541,40.38139],[-3.76564,40.38148],[-3.76576,40.38227],[-3.76639,40.38268],[-3.76488,40.38368],[-3.76455,40.38421],[-3.76179,40.38566]]]}},{"type":"Feature","properties":{"id":"2807910206"},"geometry":{"type":"Polygon","coordinates":[[[-3.72581,40.41396],[-3.72836,40.41365],[-3.72971,40.41455],[-3.72507,40.41624],[-3.7249,40.41596],[-3.72494,40.41465],[-3.72597,40.41455],[-3.72581,40.41396]]]}},{"type":"Feature","properties":{"id":"2807910207"},"geometry":{"type":"Polygon","coordinates":[[[-3.76098,40.40311],[-3.75845,40.39924],[-3.75789,40.39879],[-3.75637,40.39803],[-3.75687,40.39729],[-3.75893,40.39797],[-3.75974,40.39847],[-3.76012,40.3986],[-3.76057,40.39866],[-3.76133,40.3986],[-3.76355,40.39801],[-3.76386,40.39891],[-3.76426,40.39885],[-3.76498,40.39891],[-3.76259,40.40079],[-3.76098,40.40311]]]}},{"type":"Feature","properties":{"id":"2807910209"},"geometry":{"type":"Polygon","coordinates":[[[-3.76562,40.3793],[-3.76646,40.37862],[-3.76678,40.37852],[-3.76744,40.37982],[-3.76786,40.38024],[-3.76843,40.38062],[-3.76639,40.38268],[-3.76576,40.38227],[-3.76564,40.38148],[-3.76541,40.38139],[-3.76527,40.38118],[-3.7653,40.38091],[-3.76556,40.38067],[-3.76513,40.38021],[-3.76565,40.37987],[-3.76575,40.37956],[-3.76562,40.3793]]]}},{"type":"Feature","properties":{"id":"2807910210"},"geometry":{"type":"Polygon","coordinates":[[[-3.76215,40.37901],[-3.76653,40.37791],[-3.76678,40.37852],[-3.76646,40.37862],[-3.76495,40.37976],[-3.76414,40.38068],[-3.76394,40.38103],[-3.76291,40.38133],[-3.76216,40.3796],[-3.76196,40.37935],[-3.76215,40.37901]]]}},{"type":"Feature","properties":{"id":"2807910211"},"geometry":{"type":"Polygon","coordinates":[[[-3.72376,40.40876],[-3.72477,40.40874],[-3.7252,40.4086],[-3.72527,40.40879],[-3.72422,40.41176],[-3.72469,40.41197],[-3.72457,40.41206],[-3.72464,40.41245],[-3.72397,40.41255],[-3.7232,40.41127],[-3.72376,40.40876]]]}},{"type":"Feature","properties":{"id":"2807910212"},"geometry":{"type":"Polygon","coordinates":[[[-3.75198,40.40265],[-3.75371,40.40175],[-3.75435,40.40108],[-3.755,40.40146],[-3.75497,40.40166],[-3.75537,40.40193],[-3.75492,40.40202],[-3.75511,40.40383],[-3.75363,40.40437],[-3.75333,40.40391],[-3.75337,40.40337],[-3.75262,40.40313],[-3.75198,40.40265]]]}},{"type":"Feature","properties":{"id":"2807910213"},"geometry":{"type":"Polygon","coordinates":[[[-3.74873,40.40144],[-3.75022,40.40123],[-3.74993,40.40002],[-3.75291,40.39961],[-3.75333,40.39962],[-3.75481,40.40026],[-3.75424,40.40123],[-3.75371,40.40175],[-3.75175,40.40276],[-3.7497,40.40354],[-3.74873,40.40144]]]}},{"type":"Feature","properties":{"id":"2807910214"},"geometry":{"type":"Polygon","coordinates":[[[-3.76179,40.38566],[-3.76455,40.38421],[-3.76537,40.38678],[-3.76675,40.38794],[-3.76784,40.38716],[-3.76981,40.38883],[-3.76744,40.39048],[-3.76264,40.38649],[-3.76179,40.38566]]]}},{"type":"Feature","properties":{"id":"2807910215"},"geometry":{"type":"Polygon","coordinates":[[[-3.73893,40.40146],[-3.73919,40.40255],[-3.73905,40.40298],[-3.73892,40.40324],[-3.73817,40.40306],[-3.738,40.40405],[-3.73663,40.40386],[-3.73545,40.40396],[-3.7344,40.4043],[-3.73312,40.40496],[-3.7329,40.40472],[-3.73235,40.40255],[-3.7337,40.40217],[-3.73893,40.40146]]]}},{"type":"Feature","properties":{"id":"2807910216"},"geometry":{"type":"Polygon","coordinates":[[[-3.76559,40.37314],[-3.76618,40.36996],[-3.76892,40.37052],[-3.76812,40.37354],[-3.76559,40.37314]]]}},{"type":"Feature","properties":{"id":"2807910217"},"geometry":{"type":"Polygon","coordinates":[[[-3.72262,40.40583],[-3.72257,40.40375],[-3.72471,40.40353],[-3.72477,40.40496],[-3.72455,40.40602],[-3.72262,40.40583]]]}},{"type":"Feature","properties":{"id":"2807910218"},"geometry":{"type":"Polygon","coordinates":[[[-3.75435,40.40108],[-3.7557,40.39878],[-3.75637,40.39803],[-3.75789,40.39879],[-3.75845,40.39924],[-3.76017,40.40195],[-3.75511,40.40383],[-3.75492,40.40202],[-3.75537,40.40193],[-3.75497,40.40166],[-3.755,40.40146],[-3.75435,40.40108]]]}},{"type":"Feature","properties":{"id":"2807910219"},"geometry":{"type":"Polygon","coordinates":[[[-3.73905,40.40298],[-3.73919,40.40255],[-3.73893,40.40146],[-3.74465,40.40071],[-3.74484,40.40293],[-3.74186,40.40277],[-3.74144,40.40291],[-3.7404,40.40356],[-3.73969,40.40338],[-3.73978,40.40311],[-3.73905,40.40298]]]}},{"type":"Feature","properties":{"id":"2807910220"},"geometry":{"type":"Polygon","coordinates":[[[-3.76261,40.37087],[-3.76291,40.36885],[-3.76166,40.36685],[-3.76192,40.36683],[-3.76391,40.36617],[-3.76619,40.36998],[-3.76585,40.37177],[-3.7639,40.37153],[-3.764,40.37103],[-3.76261,40.37087]]]}},{"type":"Feature","properties":{"id":"2807910221"},"geometry":{"type":"Polygon","coordinates":[[[-3.76812,40.37354],[-3.76892,40.37052],[-3.76618,40.36996],[-3.76391,40.36617],[-3.76447,40.36558],[-3.7653,40.36493],[-3.76683,40.36396],[-3.77074,40.36045],[-3.77122,40.35986],[-3.77236,40.35976],[-3.77343,40.36055],[-3.77675,40.36128],[-3.78032,40.36186],[-3.78114,40.36165],[-3.78269,40.36106],[-3.78631,40.35914],[-3.78702,40.35882],[-3.78777,40.3587],[-3.79144,40.36017],[-3.79375,40.36134],[-3.79508,40.36184],[-3.79611,40.3621],[-3.80282,40.36338],[-3.80417,40.36448],[-3.80694,40.36645],[-3.80649,40.36703],[-3.79474,40.37606],[-3.79207,40.37828],[-3.78762,40.38168],[-3.78555,40.38058],[-3.78473,40.37992],[-3.78445,40.3795],[-3.78403,40.37841],[-3.78322,40.37715],[-3.78232,40.37613],[-3.78171,40.37576],[-3.78114,40.37558],[-3.76812,40.37354]]]}},{"type":"Feature","properties":{"id":"2807910222"},"geometry":{"type":"Polygon","coordinates":[[[-3.76261,40.37087],[-3.764,40.37103],[-3.7639,40.37153],[-3.76585,40.37177],[-3.76559,40.37314],[-3.76225,40.37263],[-3.76261,40.37087]]]}},{"type":"Feature","properties":{"id":"2807911001"},"geometry":{"type":"Polygon","coordinates":[[[-3.7103,40.39679],[-3.71123,40.39562],[-3.71577,40.39776],[-3.71488,40.39966],[-3.71406,40.39935],[-3.71136,40.39732],[-3.7103,40.39679]]]}},{"type":"Feature","properties":{"id":"2807911002"},"geometry":{"type":"Polygon","coordinates":[[[-3.70888,40.39627],[-3.70985,40.39497],[-3.71123,40.39562],[-3.7103,40.39679],[-3.70888,40.39627]]]}},{"type":"Feature","properties":{"id":"2807911003"},"geometry":{"type":"Polygon","coordinates":[[[-3.70728,40.39584],[-3.70755,40.3955],[-3.70818,40.39418],[-3.70985,40.39497],[-3.70888,40.39627],[-3.70728,40.39584]]]}},{"type":"Feature","properties":{"id":"2807911004"},"geometry":{"type":"Polygon","coordinates":[[[-3.70463,40.39508],[-3.70632,40.39327],[-3.70818,40.39418],[-3.70755,40.3955],[-3.70728,40.39584],[-3.70463,40.39508]]]}},{"type":"Feature","properties":{"id":"2807911005"},"geometry":{"type":"Polygon","coordinates":[[[-3.70632,40.39327],[-3.70767,40.39186],[-3.70807,40.39164],[-3.70859,40.39201],[-3.70872,40.39196],[-3.70887,40.39204],[-3.70879,40.39221],[-3.70938,40.39248],[-3.709,40.39293],[-3.70841,40.39332],[-3.70784,40.39401],[-3.70632,40.39327]]]}},{"type":"Feature","properties":{"id":"2807911006"},"geometry":{"type":"Polygon","coordinates":[[[-3.70863,40.3944],[-3.70784,40.39401],[-3.70841,40.39332],[-3.709,40.39293],[-3.71013,40.39162],[-3.71112,40.39113],[-3.71125,40.39131],[-3.70863,40.3944]]]}},{"type":"Feature","properties":{"id":"2807911007"},"geometry":{"type":"Polygon","coordinates":[[[-3.71157,40.39578],[-3.70863,40.3944],[-3.70999,40.39277],[-3.71203,40.39374],[-3.71165,40.39568],[-3.71157,40.39578]]]}},{"type":"Feature","properties":{"id":"2807911010"},"geometry":{"type":"Polygon","coordinates":[[[-3.71362,40.39677],[-3.71365,40.39625],[-3.71512,40.39603],[-3.71577,40.39776],[-3.71362,40.39677]]]}},{"type":"Feature","properties":{"id":"2807911011"},"geometry":{"type":"Polygon","coordinates":[[[-3.71495,40.39519],[-3.71531,40.39527],[-3.71508,40.3959],[-3.71512,40.39603],[-3.71365,40.39625],[-3.71362,40.39551],[-3.71495,40.39519]]]}},{"type":"Feature","properties":{"id":"2807911012"},"geometry":{"type":"Polygon","coordinates":[[[-3.71157,40.39578],[-3.71203,40.39374],[-3.7132,40.39424],[-3.71336,40.39462],[-3.71348,40.39459],[-3.71495,40.39519],[-3.71362,40.39551],[-3.71362,40.39677],[-3.71157,40.39578]]]}},{"type":"Feature","properties":{"id":"2807911013"},"geometry":{"type":"Polygon","coordinates":[[[-3.71531,40.39527],[-3.71348,40.39459],[-3.71336,40.39462],[-3.7132,40.39424],[-3.71203,40.39374],[-3.71256,40.391],[-3.71235,40.39063],[-3.71276,40.39054],[-3.71294,40.39178],[-3.71434,40.39188],[-3.71535,40.39177],[-3.71521,40.3926],[-3.71561,40.39444],[-3.71531,40.39527]]]}},{"type":"Feature","properties":{"id":"2807911015"},"geometry":{"type":"Polygon","coordinates":[[[-3.70999,40.39277],[-3.71125,40.39131],[-3.71112,40.39113],[-3.71235,40.39063],[-3.71256,40.391],[-3.71203,40.39374],[-3.70999,40.39277]]]}},{"type":"Feature","properties":{"id":"2807911016"},"geometry":{"type":"Polygon","coordinates":[[[-3.70807,40.39164],[-3.7093,40.39101],[-3.71279,40.38956],[-3.71301,40.3898],[-3.71276,40.39054],[-3.71235,40.39063],[-3.71034,40.39146],[-3.70938,40.39248],[-3.70879,40.39221],[-3.70887,40.39204],[-3.70872,40.39196],[-3.70859,40.39201],[-3.70807,40.39164]]]}},{"type":"Feature","properties":{"id":"2807911017"},"geometry":{"type":"Polygon","coordinates":[[[-3.71283,40.39092],[-3.71517,40.39071],[-3.71527,40.39009],[-3.71565,40.39012],[-3.71565,40.3903],[-3.71583,40.39032],[-3.71535,40.39177],[-3.71434,40.39188],[-3.71294,40.39178],[-3.71283,40.39092]]]}},{"type":"Feature","properties":{"id":"2807911018"},"geometry":{"type":"Polygon","coordinates":[[[-3.71276,40.39054],[-3.71301,40.3898],[-3.7131,40.38989],[-3.71527,40.39009],[-3.71517,40.39071],[-3.71283,40.39092],[-3.71276,40.39054]]]}},{"type":"Feature","properties":{"id":"2807911019"},"geometry":{"type":"Polygon","coordinates":[[[-3.71565,40.39012],[-3.7131,40.38989],[-3.71279,40.38956],[-3.7138,40.38881],[-3.7141,40.38899],[-3.71467,40.3891],[-3.71503,40.38894],[-3.71622,40.38918],[-3.71583,40.39032],[-3.71565,40.3903],[-3.71565,40.39012]]]}},{"type":"Feature","properties":{"id":"2807911021"},"geometry":{"type":"Polygon","coordinates":[[[-3.7138,40.38881],[-3.71711,40.38557],[-3.71722,40.3852],[-3.7174,40.38564],[-3.71622,40.38918],[-3.71503,40.38894],[-3.71467,40.3891],[-3.7141,40.38899],[-3.7138,40.38881]]]}},{"type":"Feature","properties":{"id":"2807911022"},"geometry":{"type":"Polygon","coordinates":[[[-3.71627,40.38908],[-3.71704,40.38668],[-3.71825,40.38687],[-3.71816,40.38781],[-3.71961,40.38732],[-3.72012,40.38817],[-3.71935,40.38842],[-3.71937,40.38883],[-3.72036,40.38969],[-3.72033,40.38978],[-3.71627,40.38908]]]}},{"type":"Feature","properties":{"id":"2807911023"},"geometry":{"type":"Polygon","coordinates":[[[-3.72033,40.38978],[-3.72036,40.38969],[-3.71937,40.38883],[-3.71935,40.38842],[-3.72012,40.38817],[-3.72028,40.38845],[-3.72113,40.38799],[-3.72203,40.38889],[-3.72193,40.38905],[-3.721,40.3896],[-3.72095,40.38989],[-3.72033,40.38978]]]}},{"type":"Feature","properties":{"id":"2807911024"},"geometry":{"type":"Polygon","coordinates":[[[-3.72343,40.39031],[-3.72095,40.38989],[-3.721,40.3896],[-3.72193,40.38905],[-3.72203,40.38889],[-3.72113,40.38799],[-3.72138,40.38785],[-3.72139,40.3877],[-3.72302,40.38916],[-3.72372,40.3893],[-3.72343,40.39031]]]}},{"type":"Feature","properties":{"id":"2807911025"},"geometry":{"type":"Polygon","coordinates":[[[-3.72139,40.3877],[-3.7215,40.38666],[-3.7232,40.38699],[-3.72323,40.38737],[-3.72389,40.38847],[-3.72372,40.3893],[-3.72302,40.38916],[-3.72139,40.3877]]]}},{"type":"Feature","properties":{"id":"2807911026"},"geometry":{"type":"Polygon","coordinates":[[[-3.7215,40.38666],[-3.71888,40.38573],[-3.71722,40.3852],[-3.72179,40.38523],[-3.72358,40.38542],[-3.7232,40.38699],[-3.7215,40.38666]]]}},{"type":"Feature","properties":{"id":"2807911028"},"geometry":{"type":"Polygon","coordinates":[[[-3.7232,40.38699],[-3.72358,40.38542],[-3.72596,40.38577],[-3.72558,40.38723],[-3.7232,40.38699]]]}},{"type":"Feature","properties":{"id":"2807911029"},"geometry":{"type":"Polygon","coordinates":[[[-3.72343,40.39031],[-3.72389,40.38849],[-3.72483,40.3882],[-3.72512,40.38848],[-3.72486,40.38942],[-3.72609,40.3896],[-3.7252,40.39061],[-3.72343,40.39031]]]}},{"type":"Feature","properties":{"id":"2807911030"},"geometry":{"type":"Polygon","coordinates":[[[-3.72389,40.38849],[-3.72323,40.38737],[-3.7232,40.38699],[-3.72558,40.38723],[-3.7271,40.38762],[-3.72701,40.38838],[-3.72665,40.38902],[-3.72609,40.3896],[-3.72486,40.38942],[-3.72512,40.38848],[-3.72483,40.3882],[-3.72389,40.38849]]]}},{"type":"Feature","properties":{"id":"2807911031"},"geometry":{"type":"Polygon","coordinates":[[[-3.72558,40.38723],[-3.72596,40.38577],[-3.72769,40.38625],[-3.7271,40.38762],[-3.72558,40.38723]]]}},{"type":"Feature","properties":{"id":"2807911032"},"geometry":{"type":"Polygon","coordinates":[[[-3.7271,40.38762],[-3.72769,40.38625],[-3.73215,40.38824],[-3.73143,40.38872],[-3.73077,40.38812],[-3.73056,40.38827],[-3.7302,40.38824],[-3.7271,40.38762]]]}},{"type":"Feature","properties":{"id":"2807911033"},"geometry":{"type":"Polygon","coordinates":[[[-3.72834,40.38852],[-3.72704,40.38823],[-3.7271,40.38762],[-3.7302,40.38824],[-3.73056,40.38827],[-3.73077,40.38812],[-3.73143,40.38872],[-3.73008,40.38961],[-3.72925,40.38891],[-3.72834,40.38852]]]}},{"type":"Feature","properties":{"id":"2807911034"},"geometry":{"type":"Polygon","coordinates":[[[-3.72705,40.39117],[-3.72834,40.38852],[-3.72844,40.38855],[-3.72925,40.38891],[-3.73008,40.38961],[-3.72729,40.39144],[-3.72705,40.39117]]]}},{"type":"Feature","properties":{"id":"2807911035"},"geometry":{"type":"Polygon","coordinates":[[[-3.7252,40.39061],[-3.72664,40.38903],[-3.72704,40.38823],[-3.72834,40.38852],[-3.72705,40.39117],[-3.7252,40.39061]]]}},{"type":"Feature","properties":{"id":"2807911036"},"geometry":{"type":"Polygon","coordinates":[[[-3.72388,40.39263],[-3.72448,40.39146],[-3.7252,40.39061],[-3.72705,40.39117],[-3.72729,40.39144],[-3.72463,40.39294],[-3.72451,40.39282],[-3.72388,40.39263]]]}},{"type":"Feature","properties":{"id":"2807911037"},"geometry":{"type":"Polygon","coordinates":[[[-3.72252,40.39223],[-3.72343,40.39031],[-3.7252,40.39061],[-3.72448,40.39146],[-3.72388,40.39263],[-3.72252,40.39223]]]}},{"type":"Feature","properties":{"id":"2807911038"},"geometry":{"type":"Polygon","coordinates":[[[-3.72142,40.39189],[-3.7218,40.39003],[-3.72343,40.39031],[-3.72252,40.39223],[-3.72142,40.39189]]]}},{"type":"Feature","properties":{"id":"2807911039"},"geometry":{"type":"Polygon","coordinates":[[[-3.72139,40.392],[-3.71903,40.39164],[-3.7183,40.39138],[-3.71583,40.39032],[-3.71627,40.38908],[-3.7218,40.39003],[-3.72139,40.392]]]}},{"type":"Feature","properties":{"id":"2807911040"},"geometry":{"type":"Polygon","coordinates":[[[-3.72113,40.39373],[-3.72117,40.39305],[-3.72142,40.39189],[-3.72252,40.39223],[-3.72145,40.39369],[-3.72113,40.39373]]]}},{"type":"Feature","properties":{"id":"2807911041"},"geometry":{"type":"Polygon","coordinates":[[[-3.72113,40.39373],[-3.72145,40.39369],[-3.72252,40.39223],[-3.72451,40.39282],[-3.72463,40.39294],[-3.72147,40.39468],[-3.72104,40.39425],[-3.72113,40.39373]]]}},{"type":"Feature","properties":{"id":"2807911042"},"geometry":{"type":"Polygon","coordinates":[[[-3.72052,40.39466],[-3.72022,40.39392],[-3.71963,40.39396],[-3.71988,40.39182],[-3.72139,40.392],[-3.72104,40.39425],[-3.72147,40.39468],[-3.7209,40.39499],[-3.72052,40.39466]]]}},{"type":"Feature","properties":{"id":"2807911043"},"geometry":{"type":"Polygon","coordinates":[[[-3.71755,40.39551],[-3.71966,40.39502],[-3.72052,40.39466],[-3.7209,40.39499],[-3.71834,40.3964],[-3.71755,40.39551]]]}},{"type":"Feature","properties":{"id":"2807911044"},"geometry":{"type":"Polygon","coordinates":[[[-3.71525,40.39299],[-3.71526,40.39205],[-3.71583,40.39032],[-3.71595,40.39033],[-3.7183,40.39138],[-3.71903,40.39164],[-3.71988,40.39182],[-3.71963,40.39396],[-3.72022,40.39392],[-3.72052,40.39466],[-3.71966,40.39502],[-3.71622,40.39582],[-3.71611,40.39518],[-3.71673,40.39319],[-3.71556,40.39296],[-3.71525,40.39299]]]}},{"type":"Feature","properties":{"id":"2807911045"},"geometry":{"type":"Polygon","coordinates":[[[-3.71508,40.3959],[-3.71561,40.39442],[-3.71525,40.39299],[-3.71556,40.39296],[-3.71673,40.39319],[-3.71611,40.39518],[-3.71622,40.39582],[-3.71512,40.39603],[-3.71508,40.3959]]]}},{"type":"Feature","properties":{"id":"2807911046"},"geometry":{"type":"Polygon","coordinates":[[[-3.71622,40.39582],[-3.71755,40.39551],[-3.71834,40.3964],[-3.71723,40.39701],[-3.71622,40.39582]]]}},{"type":"Feature","properties":{"id":"2807911047"},"geometry":{"type":"Polygon","coordinates":[[[-3.718,40.39658],[-3.72039,40.39527],[-3.72051,40.39541],[-3.72061,40.3961],[-3.72057,40.39655],[-3.7199,40.3968],[-3.71902,40.39687],[-3.71851,40.39683],[-3.718,40.39658]]]}},{"type":"Feature","properties":{"id":"2807911048"},"geometry":{"type":"Polygon","coordinates":[[[-3.72146,40.39901],[-3.71697,40.3973],[-3.71688,40.3972],[-3.718,40.39658],[-3.71851,40.39683],[-3.71902,40.39687],[-3.7199,40.3968],[-3.72027,40.39664],[-3.72048,40.39714],[-3.72105,40.39788],[-3.72095,40.39844],[-3.72153,40.3989],[-3.72146,40.39901]]]}},{"type":"Feature","properties":{"id":"2807911049"},"geometry":{"type":"Polygon","coordinates":[[[-3.71488,40.39966],[-3.71577,40.39776],[-3.71688,40.3972],[-3.71955,40.39828],[-3.71901,40.39906],[-3.71896,40.39984],[-3.71662,40.4],[-3.71592,40.39993],[-3.71488,40.39966]]]}},{"type":"Feature","properties":{"id":"2807911050"},"geometry":{"type":"Polygon","coordinates":[[[-3.71896,40.39984],[-3.71898,40.39928],[-3.71986,40.39903],[-3.72035,40.39901],[-3.72131,40.39926],[-3.72324,40.40026],[-3.72232,40.40078],[-3.72176,40.40097],[-3.72092,40.40038],[-3.71993,40.39994],[-3.71896,40.39984]]]}},{"type":"Feature","properties":{"id":"2807911051"},"geometry":{"type":"Polygon","coordinates":[[[-3.72176,40.40097],[-3.72232,40.40078],[-3.72324,40.40026],[-3.72378,40.40071],[-3.72426,40.40145],[-3.72462,40.40258],[-3.72471,40.40353],[-3.72257,40.40375],[-3.72239,40.40256],[-3.72176,40.40097]]]}},{"type":"Feature","properties":{"id":"2807911054"},"geometry":{"type":"Polygon","coordinates":[[[-3.72477,40.40496],[-3.72462,40.40258],[-3.72421,40.40134],[-3.72384,40.40078],[-3.72317,40.4002],[-3.72093,40.39912],[-3.72011,40.399],[-3.71906,40.39924],[-3.71901,40.39906],[-3.71955,40.39828],[-3.72146,40.39901],[-3.72153,40.3989],[-3.72095,40.39844],[-3.72105,40.39788],[-3.72048,40.39714],[-3.72027,40.39664],[-3.72102,40.39651],[-3.72292,40.39674],[-3.72316,40.39522],[-3.7238,40.39518],[-3.72437,40.39526],[-3.72753,40.39478],[-3.72773,40.3956],[-3.72768,40.39602],[-3.72781,40.39611],[-3.72998,40.39628],[-3.72855,40.39742],[-3.72854,40.39775],[-3.72871,40.39826],[-3.72869,40.3991],[-3.73017,40.39899],[-3.73293,40.39936],[-3.73339,40.39956],[-3.72983,40.40233],[-3.72861,40.40292],[-3.72795,40.40362],[-3.72678,40.40438],[-3.72616,40.40505],[-3.72541,40.4055],[-3.72466,40.40554],[-3.72477,40.40496]]]}},{"type":"Feature","properties":{"id":"2807911055"},"geometry":{"type":"Polygon","coordinates":[[[-3.72998,40.39628],[-3.72993,40.39667],[-3.73137,40.39736],[-3.73159,40.39706],[-3.73201,40.39731],[-3.7328,40.39671],[-3.7342,40.39776],[-3.73385,40.39837],[-3.73465,40.39867],[-3.73339,40.39956],[-3.73293,40.39936],[-3.73017,40.39899],[-3.72869,40.3991],[-3.72871,40.39826],[-3.72854,40.39775],[-3.72855,40.39742],[-3.72998,40.39628]]]}},{"type":"Feature","properties":{"id":"2807911056"},"geometry":{"type":"Polygon","coordinates":[[[-3.73385,40.39837],[-3.7356,40.39521],[-3.73582,40.39571],[-3.73643,40.39547],[-3.73674,40.39581],[-3.73753,40.39632],[-3.73465,40.39867],[-3.73385,40.39837]]]}},{"type":"Feature","properties":{"id":"2807911057"},"geometry":{"type":"Polygon","coordinates":[[[-3.7342,40.39776],[-3.73242,40.3964],[-3.73359,40.39553],[-3.73496,40.39647],[-3.7342,40.39776]]]}},{"type":"Feature","properties":{"id":"2807911058"},"geometry":{"type":"Polygon","coordinates":[[[-3.72998,40.39628],[-3.73242,40.3964],[-3.7328,40.39671],[-3.73201,40.39731],[-3.73159,40.39706],[-3.73137,40.39736],[-3.72993,40.39667],[-3.72998,40.39628]]]}},{"type":"Feature","properties":{"id":"2807911059"},"geometry":{"type":"Polygon","coordinates":[[[-3.72998,40.39628],[-3.73124,40.39532],[-3.73134,40.395],[-3.73281,40.39502],[-3.73359,40.39553],[-3.73236,40.39644],[-3.72998,40.39628]]]}},{"type":"Feature","properties":{"id":"2807911060"},"geometry":{"type":"Polygon","coordinates":[[[-3.72773,40.3956],[-3.72743,40.39458],[-3.72787,40.39409],[-3.72804,40.39342],[-3.73162,40.39396],[-3.73124,40.39532],[-3.72998,40.39628],[-3.72781,40.39611],[-3.72768,40.39602],[-3.72773,40.3956]]]}},{"type":"Feature","properties":{"id":"2807911061"},"geometry":{"type":"Polygon","coordinates":[[[-3.7209,40.39499],[-3.72286,40.39391],[-3.72293,40.39398],[-3.725,40.39413],[-3.7255,40.39507],[-3.72437,40.39526],[-3.7238,40.39518],[-3.72223,40.3953],[-3.72126,40.39516],[-3.7209,40.39499]]]}},{"type":"Feature","properties":{"id":"2807911062"},"geometry":{"type":"Polygon","coordinates":[[[-3.72286,40.39391],[-3.72407,40.39325],[-3.72454,40.39346],[-3.72482,40.39346],[-3.726,40.39311],[-3.72677,40.39378],[-3.72753,40.39478],[-3.7255,40.39507],[-3.725,40.39413],[-3.72293,40.39398],[-3.72286,40.39391]]]}},{"type":"Feature","properties":{"id":"2807911063"},"geometry":{"type":"Polygon","coordinates":[[[-3.72407,40.39325],[-3.72668,40.3918],[-3.72722,40.39238],[-3.72744,40.39244],[-3.73183,40.39309],[-3.73183,40.39315],[-3.73162,40.39396],[-3.72804,40.39342],[-3.72787,40.39409],[-3.72743,40.39458],[-3.72671,40.39371],[-3.726,40.39311],[-3.72482,40.39346],[-3.72454,40.39346],[-3.72407,40.39325]]]}},{"type":"Feature","properties":{"id":"2807911065"},"geometry":{"type":"Polygon","coordinates":[[[-3.72668,40.3918],[-3.72864,40.39056],[-3.73098,40.39137],[-3.73092,40.39222],[-3.72972,40.39201],[-3.72952,40.39275],[-3.72722,40.39238],[-3.72668,40.3918]]]}},{"type":"Feature","properties":{"id":"2807911067"},"geometry":{"type":"Polygon","coordinates":[[[-3.73383,40.39089],[-3.73097,40.39077],[-3.73108,40.39027],[-3.73074,40.39025],[-3.73006,40.38963],[-3.73175,40.38851],[-3.73488,40.38987],[-3.73509,40.38983],[-3.73521,40.39002],[-3.73602,40.39043],[-3.73593,40.39053],[-3.73473,40.39084],[-3.73383,40.39089]]]}},{"type":"Feature","properties":{"id":"2807911068"},"geometry":{"type":"Polygon","coordinates":[[[-3.73504,40.39076],[-3.73593,40.39053],[-3.73602,40.39043],[-3.73737,40.3911],[-3.73662,40.39198],[-3.73573,40.39238],[-3.73504,40.39076]]]}},{"type":"Feature","properties":{"id":"2807911069"},"geometry":{"type":"Polygon","coordinates":[[[-3.73573,40.39238],[-3.73662,40.39198],[-3.73737,40.3911],[-3.74021,40.39253],[-3.73997,40.39275],[-3.73745,40.3927],[-3.73594,40.39317],[-3.73573,40.39238]]]}},{"type":"Feature","properties":{"id":"2807911070"},"geometry":{"type":"Polygon","coordinates":[[[-3.73597,40.394],[-3.73299,40.39348],[-3.73384,40.39086],[-3.73394,40.39093],[-3.73504,40.39076],[-3.73584,40.39266],[-3.73597,40.394]]]}},{"type":"Feature","properties":{"id":"2807911071"},"geometry":{"type":"Polygon","coordinates":[[[-3.73496,40.39647],[-3.73281,40.39502],[-3.73134,40.395],[-3.73183,40.39309],[-3.73313,40.39302],[-3.73299,40.39348],[-3.73329,40.39355],[-3.73311,40.39405],[-3.73543,40.3956],[-3.73496,40.39647]]]}},{"type":"Feature","properties":{"id":"2807911072"},"geometry":{"type":"Polygon","coordinates":[[[-3.73329,40.39355],[-3.73597,40.394],[-3.73543,40.3956],[-3.73311,40.39405],[-3.73329,40.39355]]]}},{"type":"Feature","properties":{"id":"2807911073"},"geometry":{"type":"Polygon","coordinates":[[[-3.7356,40.39521],[-3.73597,40.394],[-3.7373,40.39433],[-3.73843,40.39509],[-3.73753,40.39632],[-3.73674,40.39581],[-3.73643,40.39547],[-3.73582,40.39571],[-3.7356,40.39521]]]}},{"type":"Feature","properties":{"id":"2807911074"},"geometry":{"type":"Polygon","coordinates":[[[-3.7372,40.39429],[-3.73856,40.39375],[-3.73921,40.39376],[-3.73929,40.39382],[-3.73943,40.39376],[-3.73979,40.39349],[-3.73967,40.3933],[-3.74021,40.39297],[-3.73999,40.39274],[-3.74021,40.39253],[-3.74086,40.39302],[-3.73873,40.39465],[-3.73843,40.39509],[-3.7372,40.39429]]]}},{"type":"Feature","properties":{"id":"2807911075"},"geometry":{"type":"Polygon","coordinates":[[[-3.73597,40.394],[-3.73594,40.39317],[-3.73736,40.39272],[-3.73878,40.39267],[-3.73999,40.39274],[-3.74021,40.39297],[-3.73967,40.3933],[-3.73979,40.39349],[-3.73929,40.39382],[-3.73921,40.39376],[-3.73856,40.39375],[-3.7372,40.39429],[-3.73597,40.394]]]}},{"type":"Feature","properties":{"id":"2807911078"},"geometry":{"type":"Polygon","coordinates":[[[-3.73851,40.39169],[-3.73521,40.39002],[-3.73509,40.38983],[-3.73742,40.38937],[-3.73755,40.39019],[-3.73794,40.39038],[-3.73781,40.39059],[-3.73896,40.39116],[-3.73851,40.39169]]]}},{"type":"Feature","properties":{"id":"2807911079"},"geometry":{"type":"Polygon","coordinates":[[[-3.73742,40.38937],[-3.73906,40.38904],[-3.73915,40.38964],[-3.7394,40.3896],[-3.73947,40.39018],[-3.73786,40.39036],[-3.73755,40.39019],[-3.73742,40.38937]]]}},{"type":"Feature","properties":{"id":"2807911080"},"geometry":{"type":"Polygon","coordinates":[[[-3.73854,40.39165],[-3.73896,40.39116],[-3.73781,40.39059],[-3.73794,40.39038],[-3.74002,40.39012],[-3.74032,40.39153],[-3.7401,40.39161],[-3.74029,40.3919],[-3.7404,40.39189],[-3.74045,40.39219],[-3.74021,40.39253],[-3.73854,40.39165]]]}},{"type":"Feature","properties":{"id":"2807911081"},"geometry":{"type":"Polygon","coordinates":[[[-3.74021,40.39253],[-3.74045,40.39219],[-3.7404,40.39189],[-3.74029,40.3919],[-3.7401,40.39161],[-3.74032,40.39153],[-3.74002,40.39012],[-3.7414,40.38994],[-3.74214,40.38995],[-3.74227,40.3919],[-3.74086,40.39302],[-3.74021,40.39253]]]}},{"type":"Feature","properties":{"id":"2807911082"},"geometry":{"type":"Polygon","coordinates":[[[-3.73906,40.38904],[-3.7413,40.38859],[-3.7414,40.38994],[-3.73947,40.39018],[-3.7394,40.3896],[-3.73915,40.38964],[-3.73906,40.38904]]]}},{"type":"Feature","properties":{"id":"2807911083"},"geometry":{"type":"Polygon","coordinates":[[[-3.7414,40.38994],[-3.7413,40.38859],[-3.74275,40.38831],[-3.74262,40.38991],[-3.7414,40.38994]]]}},{"type":"Feature","properties":{"id":"2807911085"},"geometry":{"type":"Polygon","coordinates":[[[-3.74275,40.38831],[-3.74474,40.388],[-3.74363,40.39038],[-3.74292,40.3913],[-3.74227,40.3919],[-3.74214,40.38995],[-3.74262,40.38991],[-3.74275,40.38831]]]}},{"type":"Feature","properties":{"id":"2807911086"},"geometry":{"type":"Polygon","coordinates":[[[-3.74223,40.388],[-3.74201,40.38716],[-3.74174,40.38665],[-3.74183,40.38652],[-3.74403,40.38738],[-3.74474,40.388],[-3.74442,40.38799],[-3.74195,40.38847],[-3.74192,40.38836],[-3.74223,40.388]]]}},{"type":"Feature","properties":{"id":"2807911087"},"geometry":{"type":"Polygon","coordinates":[[[-3.74012,40.38803],[-3.74009,40.38714],[-3.74047,40.38691],[-3.74076,40.3864],[-3.74113,40.38609],[-3.74183,40.38652],[-3.74174,40.38665],[-3.74201,40.38716],[-3.74223,40.388],[-3.74012,40.38803]]]}},{"type":"Feature","properties":{"id":"2807911088"},"geometry":{"type":"Polygon","coordinates":[[[-3.74183,40.38652],[-3.7427,40.38514],[-3.74097,40.38444],[-3.74096,40.38425],[-3.74421,40.38482],[-3.74404,40.38568],[-3.74384,40.38544],[-3.74286,40.38692],[-3.74183,40.38652]]]}},{"type":"Feature","properties":{"id":"2807911089"},"geometry":{"type":"Polygon","coordinates":[[[-3.74286,40.38692],[-3.74384,40.38544],[-3.74467,40.38651],[-3.74473,40.38643],[-3.74687,40.38696],[-3.7454,40.38784],[-3.74474,40.388],[-3.74403,40.38738],[-3.74286,40.38692]]]}},{"type":"Feature","properties":{"id":"2807911091"},"geometry":{"type":"Polygon","coordinates":[[[-3.74404,40.38568],[-3.74421,40.38482],[-3.74555,40.38508],[-3.74571,40.38526],[-3.74623,40.38502],[-3.74575,40.38579],[-3.74544,40.38659],[-3.74473,40.38643],[-3.74467,40.38651],[-3.74404,40.38568]]]}},{"type":"Feature","properties":{"id":"2807911092"},"geometry":{"type":"Polygon","coordinates":[[[-3.74421,40.38482],[-3.74479,40.38356],[-3.74568,40.38375],[-3.74693,40.38421],[-3.74623,40.38502],[-3.74571,40.38526],[-3.74555,40.38508],[-3.74421,40.38482]]]}},{"type":"Feature","properties":{"id":"2807911093"},"geometry":{"type":"Polygon","coordinates":[[[-3.74544,40.38659],[-3.74575,40.38579],[-3.74623,40.38502],[-3.74693,40.38421],[-3.74954,40.38542],[-3.74916,40.38553],[-3.74687,40.38696],[-3.74544,40.38659]]]}},{"type":"Feature","properties":{"id":"2807911094"},"geometry":{"type":"Polygon","coordinates":[[[-3.74693,40.38421],[-3.74763,40.38286],[-3.74793,40.38289],[-3.74854,40.38277],[-3.7497,40.38236],[-3.75028,40.38235],[-3.75035,40.38299],[-3.74954,40.38542],[-3.74693,40.38421]]]}},{"type":"Feature","properties":{"id":"2807911095"},"geometry":{"type":"Polygon","coordinates":[[[-3.74763,40.38286],[-3.74836,40.38062],[-3.75016,40.38118],[-3.7503,40.38092],[-3.75161,40.38127],[-3.75223,40.38135],[-3.75228,40.38237],[-3.7497,40.38236],[-3.74854,40.38277],[-3.74793,40.38289],[-3.74763,40.38286]]]}},{"type":"Feature","properties":{"id":"2807911096"},"geometry":{"type":"Polygon","coordinates":[[[-3.75028,40.38235],[-3.75207,40.38242],[-3.75231,40.38236],[-3.75223,40.38135],[-3.75161,40.38127],[-3.7503,40.38092],[-3.75016,40.38118],[-3.74836,40.38062],[-3.74893,40.3795],[-3.74995,40.37987],[-3.75234,40.38041],[-3.7551,40.37922],[-3.75611,40.37889],[-3.75681,40.38046],[-3.75787,40.38217],[-3.75835,40.38281],[-3.75923,40.38353],[-3.75917,40.38369],[-3.75881,40.38394],[-3.75822,40.38405],[-3.75668,40.38386],[-3.75478,40.38379],[-3.7541,40.38367],[-3.75324,40.38369],[-3.75203,40.38404],[-3.74954,40.38542],[-3.75035,40.38299],[-3.75028,40.38235]]]}},{"type":"Feature","properties":{"id":"2807911097"},"geometry":{"type":"Polygon","coordinates":[[[-3.74893,40.3795],[-3.74894,40.37914],[-3.74861,40.37802],[-3.74841,40.37791],[-3.74947,40.37691],[-3.75058,40.3777],[-3.7507,40.37812],[-3.75104,40.37794],[-3.7515,40.3784],[-3.75178,40.37826],[-3.75204,40.37854],[-3.75224,40.37844],[-3.7529,40.3792],[-3.75117,40.38008],[-3.75119,40.38017],[-3.74995,40.37987],[-3.74893,40.3795]]]}},{"type":"Feature","properties":{"id":"2807911098"},"geometry":{"type":"Polygon","coordinates":[[[-3.75119,40.38017],[-3.75117,40.38008],[-3.7529,40.3792],[-3.75224,40.37844],[-3.75204,40.37854],[-3.75178,40.37826],[-3.7515,40.3784],[-3.75124,40.37809],[-3.75231,40.3775],[-3.75221,40.37732],[-3.75319,40.37693],[-3.75461,40.3775],[-3.75546,40.37798],[-3.75611,40.37889],[-3.7551,40.37922],[-3.75234,40.38041],[-3.75119,40.38017]]]}},{"type":"Feature","properties":{"id":"2807911099"},"geometry":{"type":"Polygon","coordinates":[[[-3.74947,40.37691],[-3.7507,40.37577],[-3.75297,40.37672],[-3.75319,40.37693],[-3.75221,40.37732],[-3.75231,40.3775],[-3.75124,40.37809],[-3.75104,40.37794],[-3.7507,40.37812],[-3.75058,40.3777],[-3.74947,40.37691]]]}},{"type":"Feature","properties":{"id":"2807911100"},"geometry":{"type":"Polygon","coordinates":[[[-3.74369,40.38145],[-3.74463,40.38081],[-3.74589,40.38022],[-3.74706,40.37918],[-3.74863,40.38011],[-3.74821,40.38097],[-3.74763,40.38286],[-3.74369,40.38145]]]}},{"type":"Feature","properties":{"id":"2807911101"},"geometry":{"type":"Polygon","coordinates":[[[-3.74479,40.38356],[-3.74304,40.38299],[-3.74174,40.38286],[-3.74138,40.38236],[-3.7429,40.38195],[-3.74369,40.38145],[-3.74763,40.38286],[-3.74693,40.38421],[-3.74568,40.38375],[-3.74479,40.38356]]]}},{"type":"Feature","properties":{"id":"2807911102"},"geometry":{"type":"Polygon","coordinates":[[[-3.74096,40.38425],[-3.74101,40.38358],[-3.74185,40.38289],[-3.74234,40.38287],[-3.74304,40.38299],[-3.74479,40.38356],[-3.74421,40.38482],[-3.74096,40.38425]]]}},{"type":"Feature","properties":{"id":"2807911103"},"geometry":{"type":"Polygon","coordinates":[[[-3.74113,40.38609],[-3.73959,40.38475],[-3.73952,40.3846],[-3.73978,40.3845],[-3.74101,40.38358],[-3.74097,40.38444],[-3.7427,40.38514],[-3.74183,40.38652],[-3.74113,40.38609]]]}},{"type":"Feature","properties":{"id":"2807911104"},"geometry":{"type":"Polygon","coordinates":[[[-3.73809,40.38595],[-3.73714,40.38535],[-3.73708,40.38523],[-3.73952,40.3846],[-3.73959,40.38475],[-3.74113,40.38609],[-3.74076,40.3864],[-3.74047,40.38691],[-3.74009,40.38714],[-3.73951,40.38674],[-3.74012,40.38622],[-3.73883,40.38533],[-3.73809,40.38595]]]}},{"type":"Feature","properties":{"id":"2807911105"},"geometry":{"type":"Polygon","coordinates":[[[-3.73576,40.38587],[-3.73646,40.38543],[-3.73708,40.38523],[-3.73714,40.38535],[-3.73809,40.38595],[-3.73703,40.38683],[-3.73576,40.38587]]]}},{"type":"Feature","properties":{"id":"2807911106"},"geometry":{"type":"Polygon","coordinates":[[[-3.73825,40.38774],[-3.73703,40.38683],[-3.73883,40.38533],[-3.74012,40.38622],[-3.73951,40.38674],[-3.74009,40.38714],[-3.7401,40.38759],[-3.73893,40.38761],[-3.73862,40.38745],[-3.73825,40.38774]]]}},{"type":"Feature","properties":{"id":"2807911107"},"geometry":{"type":"Polygon","coordinates":[[[-3.73825,40.38774],[-3.73862,40.38745],[-3.73893,40.38761],[-3.7401,40.38759],[-3.74012,40.38803],[-3.74022,40.38805],[-3.74223,40.388],[-3.74192,40.38836],[-3.74195,40.38847],[-3.73979,40.38888],[-3.73825,40.38774]]]}},{"type":"Feature","properties":{"id":"2807911108"},"geometry":{"type":"Polygon","coordinates":[[[-3.73742,40.38937],[-3.73728,40.38754],[-3.73754,40.38723],[-3.73979,40.38888],[-3.73742,40.38937]]]}},{"type":"Feature","properties":{"id":"2807911109"},"geometry":{"type":"Polygon","coordinates":[[[-3.73502,40.38905],[-3.7357,40.38811],[-3.73703,40.38683],[-3.73754,40.38723],[-3.73728,40.38754],[-3.7374,40.38905],[-3.73508,40.38915],[-3.73502,40.38905]]]}},{"type":"Feature","properties":{"id":"2807911110"},"geometry":{"type":"Polygon","coordinates":[[[-3.73487,40.38646],[-3.73576,40.38587],[-3.73703,40.38683],[-3.73621,40.38761],[-3.73487,40.38646]]]}},{"type":"Feature","properties":{"id":"2807911111"},"geometry":{"type":"Polygon","coordinates":[[[-3.73354,40.38732],[-3.73487,40.38646],[-3.73621,40.38761],[-3.73563,40.38818],[-3.73533,40.38864],[-3.73354,40.38732]]]}},{"type":"Feature","properties":{"id":"2807911112"},"geometry":{"type":"Polygon","coordinates":[[[-3.73175,40.38851],[-3.73354,40.38732],[-3.73533,40.38864],[-3.735,40.38911],[-3.7374,40.38905],[-3.73742,40.38937],[-3.73488,40.38987],[-3.73175,40.38851]]]}},{"type":"Feature","properties":{"id":"2807911113"},"geometry":{"type":"Polygon","coordinates":[[[-3.72962,40.38709],[-3.73071,40.38622],[-3.73168,40.38566],[-3.7337,40.38722],[-3.73215,40.38824],[-3.72962,40.38709]]]}},{"type":"Feature","properties":{"id":"2807911114"},"geometry":{"type":"Polygon","coordinates":[[[-3.73168,40.38566],[-3.73251,40.3854],[-3.73262,40.38515],[-3.73346,40.38536],[-3.7336,40.3853],[-3.73446,40.38607],[-3.73407,40.38644],[-3.73447,40.38672],[-3.7337,40.38722],[-3.73168,40.38566]]]}},{"type":"Feature","properties":{"id":"2807911115"},"geometry":{"type":"Polygon","coordinates":[[[-3.72769,40.38625],[-3.72829,40.3851],[-3.73168,40.38566],[-3.73071,40.38622],[-3.72962,40.38709],[-3.72769,40.38625]]]}},{"type":"Feature","properties":{"id":"2807911116"},"geometry":{"type":"Polygon","coordinates":[[[-3.72829,40.3851],[-3.72858,40.38467],[-3.72885,40.38472],[-3.72887,40.38465],[-3.73038,40.38399],[-3.73078,40.38498],[-3.73083,40.38549],[-3.72829,40.3851]]]}},{"type":"Feature","properties":{"id":"2807911117"},"geometry":{"type":"Polygon","coordinates":[[[-3.73083,40.38549],[-3.73078,40.38498],[-3.73038,40.38399],[-3.73187,40.38352],[-3.73229,40.3845],[-3.73283,40.38459],[-3.73254,40.38537],[-3.73168,40.38566],[-3.73083,40.38549]]]}},{"type":"Feature","properties":{"id":"2807911118"},"geometry":{"type":"Polygon","coordinates":[[[-3.73262,40.38515],[-3.73283,40.38459],[-3.73229,40.3845],[-3.73187,40.38352],[-3.73327,40.38321],[-3.7336,40.3853],[-3.73346,40.38536],[-3.73262,40.38515]]]}},{"type":"Feature","properties":{"id":"2807911119"},"geometry":{"type":"Polygon","coordinates":[[[-3.72858,40.38467],[-3.72985,40.38279],[-3.73006,40.38289],[-3.73262,40.3832],[-3.73264,40.38333],[-3.7306,40.38389],[-3.72887,40.38465],[-3.72885,40.38472],[-3.72858,40.38467]]]}},{"type":"Feature","properties":{"id":"2807911120"},"geometry":{"type":"Polygon","coordinates":[[[-3.72985,40.38279],[-3.7304,40.38214],[-3.7332,40.38262],[-3.73327,40.38321],[-3.73264,40.38333],[-3.73258,40.38319],[-3.73006,40.38289],[-3.72985,40.38279]]]}},{"type":"Feature","properties":{"id":"2807911121"},"geometry":{"type":"Polygon","coordinates":[[[-3.7304,40.38214],[-3.7313,40.38105],[-3.73268,40.38165],[-3.73306,40.38167],[-3.7332,40.38262],[-3.7304,40.38214]]]}},{"type":"Feature","properties":{"id":"2807911122"},"geometry":{"type":"Polygon","coordinates":[[[-3.7313,40.38105],[-3.73203,40.38012],[-3.73263,40.37931],[-3.73273,40.37946],[-3.73306,40.38167],[-3.73268,40.38165],[-3.7313,40.38105]]]}},{"type":"Feature","properties":{"id":"2807911123"},"geometry":{"type":"Polygon","coordinates":[[[-3.7336,40.3853],[-3.73273,40.37946],[-3.73263,40.37931],[-3.73928,40.37713],[-3.73977,40.37958],[-3.73991,40.37968],[-3.74067,40.37985],[-3.74097,40.38087],[-3.74003,40.38289],[-3.74013,40.383],[-3.74028,40.38291],[-3.74101,40.38358],[-3.7397,40.38454],[-3.73652,40.38541],[-3.73447,40.38672],[-3.73407,40.38644],[-3.73446,40.38607],[-3.7336,40.3853]]]}},{"type":"Feature","properties":{"id":"2807911124"},"geometry":{"type":"Polygon","coordinates":[[[-3.74079,40.38027],[-3.74157,40.38024],[-3.74369,40.38145],[-3.7429,40.38195],[-3.74138,40.38236],[-3.74185,40.38289],[-3.74101,40.38358],[-3.74028,40.38291],[-3.74013,40.383],[-3.74003,40.38289],[-3.74097,40.38087],[-3.74079,40.38027]]]}},{"type":"Feature","properties":{"id":"2807911125"},"geometry":{"type":"Polygon","coordinates":[[[-3.74079,40.38027],[-3.74067,40.37985],[-3.73989,40.37967],[-3.73974,40.37943],[-3.74158,40.37893],[-3.74265,40.37826],[-3.7429,40.37784],[-3.74353,40.37801],[-3.74341,40.37815],[-3.74533,40.37846],[-3.74501,40.37913],[-3.74664,40.37956],[-3.74589,40.38022],[-3.74463,40.38081],[-3.74369,40.38145],[-3.74157,40.38024],[-3.74079,40.38027]]]}},{"type":"Feature","properties":{"id":"2807911126"},"geometry":{"type":"Polygon","coordinates":[[[-3.73961,40.3772],[-3.74131,40.37729],[-3.74246,40.37838],[-3.7415,40.37897],[-3.73974,40.37943],[-3.73936,40.3773],[-3.73961,40.3772]]]}},{"type":"Feature","properties":{"id":"2807911128"},"geometry":{"type":"Polygon","coordinates":[[[-3.73438,40.37588],[-3.73562,40.37478],[-3.73575,40.37489],[-3.73597,40.37572],[-3.73754,40.3769],[-3.7392,40.37666],[-3.73928,40.37713],[-3.73717,40.37782],[-3.73438,40.37588]]]}},{"type":"Feature","properties":{"id":"2807911129"},"geometry":{"type":"Polygon","coordinates":[[[-3.73562,40.37478],[-3.73641,40.37389],[-3.7387,40.37383],[-3.7392,40.37666],[-3.73754,40.3769],[-3.73597,40.37572],[-3.73575,40.37489],[-3.73562,40.37478]]]}},{"type":"Feature","properties":{"id":"2807911130"},"geometry":{"type":"Polygon","coordinates":[[[-3.73936,40.3773],[-3.73885,40.37466],[-3.74032,40.3745],[-3.74043,40.37479],[-3.74104,40.37467],[-3.74136,40.37536],[-3.73994,40.37698],[-3.73952,40.37729],[-3.73936,40.3773]]]}},{"type":"Feature","properties":{"id":"2807911131"},"geometry":{"type":"Polygon","coordinates":[[[-3.7387,40.37383],[-3.74014,40.37369],[-3.74204,40.37326],[-3.74213,40.37351],[-3.74265,40.37345],[-3.74303,40.37373],[-3.74238,40.37424],[-3.74212,40.37412],[-3.74032,40.3745],[-3.73885,40.37466],[-3.7387,40.37383]]]}},{"type":"Feature","properties":{"id":"2807911132"},"geometry":{"type":"Polygon","coordinates":[[[-3.74136,40.37536],[-3.74104,40.37467],[-3.74043,40.37479],[-3.74032,40.3745],[-3.74212,40.37412],[-3.74238,40.37424],[-3.74268,40.37524],[-3.74232,40.37573],[-3.74136,40.37536]]]}},{"type":"Feature","properties":{"id":"2807911133"},"geometry":{"type":"Polygon","coordinates":[[[-3.74328,40.37717],[-3.74346,40.3768],[-3.7426,40.37665],[-3.74188,40.37634],[-3.74268,40.37522],[-3.74498,40.3763],[-3.74416,40.3774],[-3.74328,40.37717]]]}},{"type":"Feature","properties":{"id":"2807911134"},"geometry":{"type":"Polygon","coordinates":[[[-3.74268,40.37522],[-3.74238,40.37424],[-3.74552,40.37576],[-3.74498,40.3763],[-3.74268,40.37522]]]}},{"type":"Feature","properties":{"id":"2807911135"},"geometry":{"type":"Polygon","coordinates":[[[-3.74238,40.37424],[-3.74303,40.37373],[-3.7434,40.37401],[-3.74478,40.37456],[-3.74604,40.37529],[-3.74552,40.37576],[-3.74238,40.37424]]]}},{"type":"Feature","properties":{"id":"2807911136"},"geometry":{"type":"Polygon","coordinates":[[[-3.74498,40.3763],[-3.74604,40.37529],[-3.74947,40.37691],[-3.74841,40.37791],[-3.74498,40.3763]]]}},{"type":"Feature","properties":{"id":"2807911137"},"geometry":{"type":"Polygon","coordinates":[[[-3.74604,40.37529],[-3.74478,40.37456],[-3.7434,40.37401],[-3.74268,40.37346],[-3.74213,40.37351],[-3.74204,40.37326],[-3.74382,40.37285],[-3.74529,40.37294],[-3.74693,40.3729],[-3.7477,40.37322],[-3.74909,40.37362],[-3.74975,40.37412],[-3.75035,40.37415],[-3.75018,40.3747],[-3.75071,40.37544],[-3.75088,40.37549],[-3.75082,40.37567],[-3.74947,40.37691],[-3.74604,40.37529]]]}},{"type":"Feature","properties":{"id":"2807911138"},"geometry":{"type":"Polygon","coordinates":[[[-3.74714,40.37298],[-3.7473,40.37213],[-3.74771,40.3717],[-3.7471,40.37128],[-3.74906,40.37069],[-3.74943,40.37124],[-3.74995,40.37319],[-3.74996,40.37345],[-3.74974,40.37352],[-3.74981,40.37357],[-3.74971,40.37397],[-3.74909,40.37362],[-3.74714,40.37298]]]}},{"type":"Feature","properties":{"id":"2807911139"},"geometry":{"type":"Polygon","coordinates":[[[-3.74968,40.374],[-3.74981,40.37357],[-3.74974,40.37352],[-3.74996,40.37345],[-3.74995,40.37319],[-3.74962,40.37181],[-3.74924,40.37095],[-3.75154,40.37045],[-3.75163,40.37081],[-3.75253,40.37038],[-3.75316,40.37022],[-3.7529,40.37097],[-3.75239,40.37168],[-3.75177,40.37233],[-3.75127,40.37385],[-3.75078,40.37377],[-3.75035,40.37415],[-3.74975,40.37412],[-3.74968,40.374]]]}},{"type":"Feature","properties":{"id":"2807911140"},"geometry":{"type":"Polygon","coordinates":[[[-3.75316,40.37022],[-3.75458,40.36985],[-3.75395,40.37164],[-3.75433,40.37173],[-3.75425,40.37198],[-3.75301,40.37249],[-3.75166,40.37337],[-3.75136,40.37367],[-3.75177,40.37233],[-3.75239,40.37168],[-3.7529,40.37097],[-3.75316,40.37022]]]}},{"type":"Feature","properties":{"id":"2807911141"},"geometry":{"type":"Polygon","coordinates":[[[-3.7507,40.37577],[-3.75088,40.37549],[-3.75071,40.37544],[-3.75018,40.3747],[-3.75034,40.37416],[-3.75078,40.37377],[-3.75127,40.37385],[-3.75166,40.37337],[-3.75262,40.37273],[-3.75339,40.37228],[-3.75425,40.37198],[-3.75326,40.37367],[-3.75326,40.37476],[-3.75309,40.37503],[-3.7522,40.37565],[-3.75232,40.37581],[-3.75204,40.37634],[-3.7507,40.37577]]]}},{"type":"Feature","properties":{"id":"2807911142"},"geometry":{"type":"Polygon","coordinates":[[[-3.75204,40.37634],[-3.75232,40.37581],[-3.7522,40.37565],[-3.75315,40.37495],[-3.75408,40.37533],[-3.7538,40.3762],[-3.75319,40.37693],[-3.75297,40.37672],[-3.75204,40.37634]]]}},{"type":"Feature","properties":{"id":"2807911143"},"geometry":{"type":"Polygon","coordinates":[[[-3.75408,40.37533],[-3.75315,40.37495],[-3.75331,40.37422],[-3.75326,40.37367],[-3.75369,40.37287],[-3.75453,40.37342],[-3.75468,40.37338],[-3.75483,40.37352],[-3.75544,40.37361],[-3.75575,40.37385],[-3.75589,40.37374],[-3.7562,40.37395],[-3.75451,40.37522],[-3.75408,40.37533]]]}},{"type":"Feature","properties":{"id":"2807911145"},"geometry":{"type":"Polygon","coordinates":[[[-3.75369,40.37287],[-3.75425,40.37198],[-3.75471,40.37188],[-3.75594,40.37179],[-3.7579,40.372],[-3.7562,40.37395],[-3.75589,40.37374],[-3.75575,40.37385],[-3.75544,40.37361],[-3.75483,40.37352],[-3.75468,40.37338],[-3.75453,40.37342],[-3.75369,40.37287]]]}},{"type":"Feature","properties":{"id":"2807911146"},"geometry":{"type":"Polygon","coordinates":[[[-3.75608,40.37407],[-3.7579,40.372],[-3.75928,40.37216],[-3.75874,40.37427],[-3.75674,40.37427],[-3.75608,40.37407]]]}},{"type":"Feature","properties":{"id":"2807911147"},"geometry":{"type":"Polygon","coordinates":[[[-3.75319,40.37693],[-3.7538,40.3762],[-3.75408,40.37533],[-3.75451,40.37522],[-3.75608,40.37407],[-3.75674,40.37427],[-3.75874,40.37427],[-3.75928,40.37216],[-3.76225,40.37263],[-3.76191,40.37446],[-3.76026,40.37482],[-3.75798,40.37548],[-3.75784,40.37622],[-3.75744,40.37714],[-3.75611,40.37889],[-3.75546,40.37798],[-3.75461,40.3775],[-3.75319,40.37693]]]}},{"type":"Feature","properties":{"id":"2807911148"},"geometry":{"type":"Polygon","coordinates":[[[-3.75959,40.37221],[-3.76043,40.37084],[-3.75941,40.37053],[-3.75934,40.37042],[-3.7597,40.3699],[-3.75949,40.36981],[-3.76004,40.36927],[-3.7608,40.36879],[-3.76209,40.36751],[-3.76269,40.36841],[-3.76291,40.36885],[-3.76292,40.36912],[-3.76225,40.37263],[-3.75959,40.37221]]]}},{"type":"Feature","properties":{"id":"2807911149"},"geometry":{"type":"Polygon","coordinates":[[[-3.75959,40.37221],[-3.7579,40.372],[-3.75949,40.36981],[-3.7597,40.3699],[-3.75934,40.37042],[-3.75941,40.37053],[-3.76043,40.37084],[-3.75959,40.37221]]]}},{"type":"Feature","properties":{"id":"2807911150"},"geometry":{"type":"Polygon","coordinates":[[[-3.75425,40.37198],[-3.75433,40.37173],[-3.75395,40.37164],[-3.75455,40.36981],[-3.75708,40.3685],[-3.75852,40.36806],[-3.75856,40.36793],[-3.75906,40.36786],[-3.75951,40.36768],[-3.76084,40.36875],[-3.76004,40.36927],[-3.75942,40.36986],[-3.7579,40.372],[-3.75594,40.37179],[-3.75425,40.37198]]]}},{"type":"Feature","properties":{"id":"2807911151"},"geometry":{"type":"Polygon","coordinates":[[[-3.75951,40.36768],[-3.76166,40.36685],[-3.76209,40.36751],[-3.76084,40.36875],[-3.75951,40.36768]]]}},{"type":"Feature","properties":{"id":"2807911152"},"geometry":{"type":"Polygon","coordinates":[[[-3.75561,40.36742],[-3.75556,40.36635],[-3.75568,40.36618],[-3.75706,40.36682],[-3.75749,40.36603],[-3.75836,40.36623],[-3.75873,40.36617],[-3.76166,40.36685],[-3.75906,40.36786],[-3.7559,40.3684],[-3.75561,40.36742]]]}},{"type":"Feature","properties":{"id":"2807911153"},"geometry":{"type":"Polygon","coordinates":[[[-3.75329,40.36884],[-3.75341,40.36885],[-3.75856,40.36793],[-3.75852,40.36806],[-3.75708,40.3685],[-3.75455,40.36981],[-3.75316,40.37022],[-3.75329,40.36884]]]}},{"type":"Feature","properties":{"id":"2807911154"},"geometry":{"type":"Polygon","coordinates":[[[-3.75329,40.36884],[-3.75341,40.36746],[-3.75501,40.36752],[-3.75561,40.36742],[-3.7559,40.3684],[-3.75329,40.36884]]]}},{"type":"Feature","properties":{"id":"2807911155"},"geometry":{"type":"Polygon","coordinates":[[[-3.75341,40.36746],[-3.7539,40.36224],[-3.75783,40.36242],[-3.75749,40.36603],[-3.75706,40.36682],[-3.75568,40.36618],[-3.75556,40.36635],[-3.75561,40.36742],[-3.75501,40.36752],[-3.75341,40.36746]]]}},{"type":"Feature","properties":{"id":"2807911156"},"geometry":{"type":"Polygon","coordinates":[[[-3.74136,40.37082],[-3.74061,40.3714],[-3.74039,40.37171],[-3.74035,40.37214],[-3.74062,40.37358],[-3.7387,40.37383],[-3.73641,40.37389],[-3.7339,40.37367],[-3.73935,40.36923],[-3.74103,40.36771],[-3.74137,40.36783],[-3.74189,40.3682],[-3.73997,40.36983],[-3.74136,40.37082]]]}},{"type":"Feature","properties":{"id":"2807911157"},"geometry":{"type":"Polygon","coordinates":[[[-3.73283,40.37484],[-3.7339,40.37367],[-3.73641,40.37389],[-3.7357,40.37472],[-3.73438,40.37588],[-3.73283,40.37484]]]}},{"type":"Feature","properties":{"id":"2807911158"},"geometry":{"type":"Polygon","coordinates":[[[-3.73148,40.37594],[-3.73283,40.37484],[-3.73438,40.37588],[-3.73298,40.377],[-3.73286,40.37676],[-3.73148,40.37594]]]}},{"type":"Feature","properties":{"id":"2807911160"},"geometry":{"type":"Polygon","coordinates":[[[-3.73367,40.37649],[-3.73438,40.37588],[-3.73449,40.37594],[-3.73717,40.37782],[-3.73263,40.37931],[-3.73435,40.37696],[-3.73367,40.37649]]]}},{"type":"Feature","properties":{"id":"2807911161"},"geometry":{"type":"Polygon","coordinates":[[[-3.73145,40.37823],[-3.73367,40.37649],[-3.73435,40.37696],[-3.73275,40.37913],[-3.73215,40.37894],[-3.73222,40.37876],[-3.73145,40.37823]]]}},{"type":"Feature","properties":{"id":"2807911162"},"geometry":{"type":"Polygon","coordinates":[[[-3.73044,40.37684],[-3.73148,40.37594],[-3.73286,40.37676],[-3.73298,40.377],[-3.73201,40.37778],[-3.73044,40.37684]]]}},{"type":"Feature","properties":{"id":"2807911163"},"geometry":{"type":"Polygon","coordinates":[[[-3.72965,40.37975],[-3.72935,40.37973],[-3.72944,40.37952],[-3.72825,40.3787],[-3.73044,40.37684],[-3.73201,40.37778],[-3.72965,40.37975]]]}},{"type":"Feature","properties":{"id":"2807911165"},"geometry":{"type":"Polygon","coordinates":[[[-3.72965,40.37975],[-3.73145,40.37823],[-3.73222,40.37876],[-3.73215,40.37894],[-3.73275,40.37913],[-3.7313,40.38105],[-3.73088,40.38088],[-3.72966,40.38001],[-3.72965,40.37975]]]}},{"type":"Feature","properties":{"id":"2807911167"},"geometry":{"type":"Polygon","coordinates":[[[-3.72703,40.37969],[-3.72825,40.3787],[-3.72944,40.37952],[-3.72935,40.37973],[-3.72835,40.38057],[-3.72703,40.37969]]]}},{"type":"Feature","properties":{"id":"2807911168"},"geometry":{"type":"Polygon","coordinates":[[[-3.72566,40.38083],[-3.72703,40.37969],[-3.72835,40.38057],[-3.72694,40.38172],[-3.72566,40.38083]]]}},{"type":"Feature","properties":{"id":"2807911169"},"geometry":{"type":"Polygon","coordinates":[[[-3.7303,40.38225],[-3.72733,40.38164],[-3.72718,40.38154],[-3.72935,40.37973],[-3.72965,40.37975],[-3.72966,40.38001],[-3.73088,40.38088],[-3.7313,40.38105],[-3.7303,40.38225]]]}},{"type":"Feature","properties":{"id":"2807911170"},"geometry":{"type":"Polygon","coordinates":[[[-3.72801,40.38284],[-3.72829,40.38183],[-3.7303,40.38225],[-3.72961,40.38316],[-3.72801,40.38284]]]}},{"type":"Feature","properties":{"id":"2807911171"},"geometry":{"type":"Polygon","coordinates":[[[-3.72649,40.38255],[-3.72632,40.38224],[-3.72718,40.38154],[-3.72733,40.38164],[-3.72829,40.38183],[-3.72801,40.38284],[-3.72649,40.38255]]]}},{"type":"Feature","properties":{"id":"2807911173"},"geometry":{"type":"Polygon","coordinates":[[[-3.72929,40.38363],[-3.72649,40.38363],[-3.72649,40.38255],[-3.72961,40.38316],[-3.72929,40.38363]]]}},{"type":"Feature","properties":{"id":"2807911174"},"geometry":{"type":"Polygon","coordinates":[[[-3.72717,40.38364],[-3.72918,40.3836],[-3.72929,40.38363],[-3.72867,40.38453],[-3.72856,40.38449],[-3.72729,40.3848],[-3.72717,40.38364]]]}},{"type":"Feature","properties":{"id":"2807911175"},"geometry":{"type":"Polygon","coordinates":[[[-3.72596,40.38577],[-3.72505,40.38563],[-3.72554,40.38356],[-3.72717,40.38364],[-3.72729,40.3848],[-3.72856,40.38449],[-3.72867,40.38453],[-3.72797,40.38556],[-3.72769,40.38625],[-3.72596,40.38577]]]}},{"type":"Feature","properties":{"id":"2807911176"},"geometry":{"type":"Polygon","coordinates":[[[-3.72505,40.38563],[-3.72251,40.38526],[-3.72152,40.38523],[-3.72154,40.38506],[-3.72493,40.38339],[-3.72511,40.38353],[-3.72554,40.38356],[-3.72505,40.38563]]]}},{"type":"Feature","properties":{"id":"2807911177"},"geometry":{"type":"Polygon","coordinates":[[[-3.72072,40.38393],[-3.72363,40.38246],[-3.72566,40.38083],[-3.72694,40.38172],[-3.72632,40.38224],[-3.72649,40.38243],[-3.72649,40.38363],[-3.72511,40.38353],[-3.72493,40.38339],[-3.72288,40.38441],[-3.72233,40.38377],[-3.72109,40.38438],[-3.72072,40.38393]]]}},{"type":"Feature","properties":{"id":"2807911178"},"geometry":{"type":"Polygon","coordinates":[[[-3.71722,40.3852],[-3.71847,40.38502],[-3.72072,40.38393],[-3.72109,40.38438],[-3.72233,40.38377],[-3.72288,40.38441],[-3.72154,40.38506],[-3.72152,40.38523],[-3.71722,40.3852]]]}},{"type":"Feature","properties":{"id":"2807911179"},"geometry":{"type":"Polygon","coordinates":[[[-3.74706,40.37918],[-3.74841,40.37791],[-3.74861,40.37802],[-3.74896,40.37933],[-3.74863,40.38011],[-3.74706,40.37918]]]}},{"type":"Feature","properties":{"id":"2807911180"},"geometry":{"type":"Polygon","coordinates":[[[-3.72057,40.39655],[-3.7206,40.39596],[-3.72051,40.39541],[-3.72039,40.39527],[-3.7209,40.39499],[-3.72126,40.39516],[-3.72223,40.3953],[-3.72316,40.39522],[-3.72292,40.39674],[-3.72102,40.39651],[-3.72057,40.39655]]]}},{"type":"Feature","properties":{"id":"2807911181"},"geometry":{"type":"Polygon","coordinates":[[[-3.71512,40.39603],[-3.71622,40.39582],[-3.71723,40.39701],[-3.71577,40.39776],[-3.71512,40.39603]]]}},{"type":"Feature","properties":{"id":"2807911182"},"geometry":{"type":"Polygon","coordinates":[[[-3.72769,40.37532],[-3.7292,40.37441],[-3.72919,40.37411],[-3.72945,40.37328],[-3.7339,40.37367],[-3.73283,40.37484],[-3.73148,40.37594],[-3.72769,40.37532]]]}},{"type":"Feature","properties":{"id":"2807911183"},"geometry":{"type":"Polygon","coordinates":[[[-3.71754,40.38492],[-3.71874,40.38138],[-3.71972,40.37372],[-3.72763,40.37327],[-3.72767,40.37533],[-3.73148,40.37594],[-3.72438,40.38194],[-3.72363,40.38246],[-3.7186,40.38496],[-3.71814,40.38511],[-3.71722,40.3852],[-3.71754,40.38492]]]}},{"type":"Feature","properties":{"id":"2807911184"},"geometry":{"type":"Polygon","coordinates":[[[-3.72028,40.38845],[-3.71961,40.38732],[-3.71816,40.38781],[-3.71825,40.38687],[-3.71704,40.38668],[-3.7174,40.38564],[-3.71722,40.3852],[-3.7215,40.38666],[-3.72138,40.38785],[-3.72028,40.38845]]]}},{"type":"Feature","properties":{"id":"2807911185"},"geometry":{"type":"Polygon","coordinates":[[[-3.7429,40.37784],[-3.74328,40.37717],[-3.74416,40.3774],[-3.74498,40.3763],[-3.74841,40.37791],[-3.74664,40.37956],[-3.74501,40.37913],[-3.74533,40.37846],[-3.74341,40.37815],[-3.74353,40.37801],[-3.7429,40.37784]]]}},{"type":"Feature","properties":{"id":"2807911186"},"geometry":{"type":"Polygon","coordinates":[[[-3.75751,40.36579],[-3.75783,40.36242],[-3.75861,40.36246],[-3.75855,40.36318],[-3.75989,40.36326],[-3.75965,40.3659],[-3.75751,40.36579]]]}},{"type":"Feature","properties":{"id":"2807911187"},"geometry":{"type":"Polygon","coordinates":[[[-3.76113,40.36276],[-3.76182,40.36144],[-3.76203,40.3614],[-3.76271,40.36173],[-3.76419,40.3601],[-3.76623,40.36046],[-3.76662,40.36061],[-3.76787,40.3614],[-3.76615,40.36277],[-3.76265,40.36399],[-3.76203,40.36316],[-3.76113,40.36276]]]}},{"type":"Feature","properties":{"id":"2807911188"},"geometry":{"type":"Polygon","coordinates":[[[-3.75783,40.36242],[-3.75797,40.36096],[-3.76028,40.36108],[-3.76138,40.36123],[-3.76185,40.36138],[-3.76113,40.36276],[-3.75994,40.36263],[-3.75988,40.36326],[-3.75855,40.36318],[-3.75861,40.36246],[-3.75783,40.36242]]]}},{"type":"Feature","properties":{"id":"2807911189"},"geometry":{"type":"Polygon","coordinates":[[[-3.75749,40.36603],[-3.75751,40.36579],[-3.75965,40.3659],[-3.75994,40.36263],[-3.76113,40.36276],[-3.76203,40.36316],[-3.76271,40.36407],[-3.76391,40.36617],[-3.76192,40.36683],[-3.76166,40.36685],[-3.75873,40.36617],[-3.75836,40.36623],[-3.75749,40.36603]]]}},{"type":"Feature","properties":{"id":"2807911190"},"geometry":{"type":"Polygon","coordinates":[[[-3.75797,40.36096],[-3.75806,40.35979],[-3.75979,40.35956],[-3.76119,40.35967],[-3.76418,40.36011],[-3.76271,40.36173],[-3.76203,40.3614],[-3.76182,40.36144],[-3.76185,40.36138],[-3.76138,40.36123],[-3.76028,40.36108],[-3.75797,40.36096]]]}},{"type":"Feature","properties":{"id":"2807911191"},"geometry":{"type":"Polygon","coordinates":[[[-3.7505,40.3647],[-3.75053,40.36405],[-3.74852,40.36446],[-3.7479,40.36281],[-3.75132,40.36207],[-3.7539,40.36224],[-3.7537,40.36448],[-3.75212,40.36438],[-3.75211,40.36481],[-3.7505,40.3647]]]}},{"type":"Feature","properties":{"id":"2807911192"},"geometry":{"type":"Polygon","coordinates":[[[-3.7479,40.36281],[-3.74852,40.36446],[-3.75053,40.36405],[-3.75045,40.36508],[-3.74992,40.36533],[-3.74692,40.36514],[-3.74664,40.36519],[-3.74655,40.36491],[-3.74444,40.36537],[-3.74389,40.36374],[-3.7479,40.36281]]]}},{"type":"Feature","properties":{"id":"2807911193"},"geometry":{"type":"Polygon","coordinates":[[[-3.74245,40.37157],[-3.73997,40.36983],[-3.74002,40.36975],[-3.74189,40.3682],[-3.74196,40.36825],[-3.7434,40.36747],[-3.74499,40.36756],[-3.74547,40.36751],[-3.74594,40.36733],[-3.74627,40.36686],[-3.74646,40.3654],[-3.74663,40.36519],[-3.74692,40.36514],[-3.74992,40.36533],[-3.75045,40.36508],[-3.7505,40.3647],[-3.75211,40.36481],[-3.75212,40.36438],[-3.7537,40.36448],[-3.75316,40.37022],[-3.75253,40.37038],[-3.75163,40.37081],[-3.75154,40.37045],[-3.74924,40.37095],[-3.74906,40.37069],[-3.7471,40.37128],[-3.74771,40.3717],[-3.7473,40.37213],[-3.74714,40.37298],[-3.74658,40.37288],[-3.74529,40.37294],[-3.74382,40.37285],[-3.74204,40.37326],[-3.74195,40.37255],[-3.74245,40.37157]]]}},{"type":"Feature","properties":{"id":"2807911194"},"geometry":{"type":"Polygon","coordinates":[[[-3.72763,40.37327],[-3.72852,40.37322],[-3.72945,40.37328],[-3.72919,40.37411],[-3.7292,40.37441],[-3.72769,40.37532],[-3.72763,40.37327]]]}},{"type":"Feature","properties":{"id":"2807911195"},"geometry":{"type":"Polygon","coordinates":[[[-3.73162,40.39306],[-3.72952,40.39275],[-3.72972,40.39201],[-3.73092,40.39222],[-3.73098,40.39137],[-3.72864,40.39056],[-3.73006,40.38963],[-3.73074,40.39025],[-3.73108,40.39027],[-3.73097,40.39077],[-3.73383,40.39089],[-3.73313,40.39302],[-3.73162,40.39306]]]}},{"type":"Feature","properties":{"id":"2807911196"},"geometry":{"type":"Polygon","coordinates":[[[-3.76265,40.36399],[-3.76615,40.36277],[-3.76787,40.3614],[-3.76893,40.36207],[-3.76683,40.36396],[-3.7653,40.36493],[-3.76447,40.36558],[-3.76391,40.36617],[-3.76265,40.36399]]]}},{"type":"Feature","properties":{"id":"2807911197"},"geometry":{"type":"Polygon","coordinates":[[[-3.7539,40.36224],[-3.75428,40.35867],[-3.75444,40.35798],[-3.75771,40.35726],[-3.76625,40.35876],[-3.77122,40.35986],[-3.7711,40.36011],[-3.76893,40.36207],[-3.76662,40.36061],[-3.76623,40.36046],[-3.76119,40.35967],[-3.75979,40.35956],[-3.75806,40.35979],[-3.75783,40.36242],[-3.7539,40.36224]]]}},{"type":"Feature","properties":{"id":"2807911198"},"geometry":{"type":"Polygon","coordinates":[[[-3.75132,40.36207],[-3.74389,40.36374],[-3.74444,40.36537],[-3.74655,40.36491],[-3.74664,40.36519],[-3.74646,40.3654],[-3.74627,40.36686],[-3.74594,40.36733],[-3.74547,40.36751],[-3.74499,40.36756],[-3.7434,40.36747],[-3.74196,40.36825],[-3.74137,40.36783],[-3.74103,40.36771],[-3.73935,40.36923],[-3.7339,40.37367],[-3.72852,40.37322],[-3.71972,40.37372],[-3.72021,40.3702],[-3.72035,40.36789],[-3.72071,40.36489],[-3.72093,40.3652],[-3.72089,40.36555],[-3.72346,40.36537],[-3.72712,40.36454],[-3.73056,40.36334],[-3.75037,40.35896],[-3.75444,40.35798],[-3.75428,40.35867],[-3.7539,40.36224],[-3.75132,40.36207]]]}},{"type":"Feature","properties":{"id":"2807911199"},"geometry":{"type":"Polygon","coordinates":[[[-3.73961,40.3772],[-3.73994,40.37698],[-3.74136,40.37536],[-3.74232,40.37573],[-3.74188,40.37634],[-3.7426,40.37665],[-3.74346,40.3768],[-3.74265,40.37826],[-3.74246,40.37838],[-3.74131,40.37729],[-3.73961,40.3772]]]}},{"type":"Feature","properties":{"id":"2807911200"},"geometry":{"type":"Polygon","coordinates":[[[-3.74136,40.37082],[-3.74245,40.37157],[-3.74195,40.37255],[-3.74204,40.37326],[-3.74062,40.37358],[-3.74035,40.37214],[-3.74039,40.37171],[-3.74061,40.3714],[-3.74136,40.37082]]]}},{"type":"Feature","properties":{"id":"2807912001"},"geometry":{"type":"Polygon","coordinates":[[[-3.7123,40.3733],[-3.7123,40.37318],[-3.7156,40.37317],[-3.7156,40.37233],[-3.71711,40.37231],[-3.71711,40.37061],[-3.717,40.37052],[-3.71883,40.3705],[-3.71874,40.3697],[-3.71884,40.36785],[-3.72035,40.36789],[-3.72021,40.3702],[-3.71972,40.37372],[-3.71771,40.37384],[-3.71429,40.37379],[-3.7123,40.3733]]]}},{"type":"Feature","properties":{"id":"2807912002"},"geometry":{"type":"Polygon","coordinates":[[[-3.7156,40.37233],[-3.71561,40.37053],[-3.717,40.37052],[-3.71711,40.37061],[-3.71711,40.37231],[-3.7156,40.37233]]]}},{"type":"Feature","properties":{"id":"2807912003"},"geometry":{"type":"Polygon","coordinates":[[[-3.71883,40.3705],[-3.71561,40.37053],[-3.71559,40.36874],[-3.71884,40.36874],[-3.71874,40.3697],[-3.71883,40.3705]]]}},{"type":"Feature","properties":{"id":"2807912005"},"geometry":{"type":"Polygon","coordinates":[[[-3.71231,40.36899],[-3.71231,40.36807],[-3.71559,40.36808],[-3.71568,40.36784],[-3.71884,40.36785],[-3.71884,40.36874],[-3.71559,40.36874],[-3.71559,40.369],[-3.71231,40.36899]]]}},{"type":"Feature","properties":{"id":"2807912006"},"geometry":{"type":"Polygon","coordinates":[[[-3.71231,40.36989],[-3.71231,40.36899],[-3.71559,40.369],[-3.7156,40.36989],[-3.71231,40.36989]]]}},{"type":"Feature","properties":{"id":"2807912007"},"geometry":{"type":"Polygon","coordinates":[[[-3.71231,40.37165],[-3.71231,40.36989],[-3.7156,40.36989],[-3.7156,40.37176],[-3.71231,40.37165]]]}},{"type":"Feature","properties":{"id":"2807912008"},"geometry":{"type":"Polygon","coordinates":[[[-3.7123,40.37318],[-3.71231,40.37165],[-3.7156,40.37176],[-3.7156,40.37317],[-3.7123,40.37318]]]}},{"type":"Feature","properties":{"id":"2807912009"},"geometry":{"type":"Polygon","coordinates":[[[-3.71053,40.37281],[-3.71062,40.37264],[-3.71063,40.37147],[-3.71082,40.37126],[-3.71073,40.37115],[-3.71074,40.36988],[-3.71231,40.36989],[-3.7123,40.3733],[-3.71053,40.37281]]]}},{"type":"Feature","properties":{"id":"2807912010"},"geometry":{"type":"Polygon","coordinates":[[[-3.70849,40.37225],[-3.70885,40.37139],[-3.7088,40.36991],[-3.70946,40.3695],[-3.71086,40.36952],[-3.71074,40.3698],[-3.71073,40.37115],[-3.71082,40.37126],[-3.71063,40.37147],[-3.71062,40.37264],[-3.71053,40.37281],[-3.70849,40.37225]]]}},{"type":"Feature","properties":{"id":"2807912011"},"geometry":{"type":"Polygon","coordinates":[[[-3.70679,40.3718],[-3.7068,40.36991],[-3.7088,40.36991],[-3.70885,40.37139],[-3.70849,40.37225],[-3.70679,40.3718]]]}},{"type":"Feature","properties":{"id":"2807912012"},"geometry":{"type":"Polygon","coordinates":[[[-3.70337,40.37107],[-3.70378,40.36949],[-3.70647,40.3695],[-3.70645,40.36964],[-3.7068,40.36991],[-3.70679,40.3718],[-3.70467,40.37122],[-3.70337,40.37107]]]}},{"type":"Feature","properties":{"id":"2807912013"},"geometry":{"type":"Polygon","coordinates":[[[-3.70378,40.36949],[-3.70426,40.36764],[-3.7071,40.36764],[-3.70713,40.36908],[-3.70664,40.36944],[-3.70647,40.3695],[-3.70378,40.36949]]]}},{"type":"Feature","properties":{"id":"2807912014"},"geometry":{"type":"Polygon","coordinates":[[[-3.7068,40.36991],[-3.70645,40.36964],[-3.70647,40.3695],[-3.70713,40.36908],[-3.70716,40.36754],[-3.70728,40.36747],[-3.70906,40.3675],[-3.7091,40.36905],[-3.70943,40.36936],[-3.70946,40.3695],[-3.7088,40.36991],[-3.7068,40.36991]]]}},{"type":"Feature","properties":{"id":"2807912015"},"geometry":{"type":"Polygon","coordinates":[[[-3.71074,40.36988],[-3.71086,40.36952],[-3.70946,40.3695],[-3.70943,40.36936],[-3.7091,40.36905],[-3.70906,40.3675],[-3.70728,40.36747],[-3.7071,40.36764],[-3.70426,40.36764],[-3.70459,40.36638],[-3.70766,40.36648],[-3.71266,40.36651],[-3.71238,40.36679],[-3.7123,40.36711],[-3.71231,40.36989],[-3.71074,40.36988]]]}},{"type":"Feature","properties":{"id":"2807912016"},"geometry":{"type":"Polygon","coordinates":[[[-3.71231,40.36807],[-3.7123,40.36711],[-3.71238,40.36679],[-3.71254,40.36664],[-3.71555,40.36663],[-3.71559,40.36808],[-3.71231,40.36807]]]}},{"type":"Feature","properties":{"id":"2807912018"},"geometry":{"type":"Polygon","coordinates":[[[-3.70112,40.36895],[-3.70204,40.36519],[-3.70428,40.36551],[-3.70475,40.3655],[-3.70378,40.36949],[-3.70344,40.36927],[-3.70112,40.36895]]]}},{"type":"Feature","properties":{"id":"2807912019"},"geometry":{"type":"Polygon","coordinates":[[[-3.70064,40.37097],[-3.70112,40.36895],[-3.70344,40.36927],[-3.70378,40.36949],[-3.70337,40.37106],[-3.70064,40.37097]]]}},{"type":"Feature","properties":{"id":"2807912020"},"geometry":{"type":"Polygon","coordinates":[[[-3.69958,40.37093],[-3.69977,40.37018],[-3.69844,40.36993],[-3.69821,40.36945],[-3.69817,40.36902],[-3.69864,40.36907],[-3.699,40.36736],[-3.6995,40.36743],[-3.69969,40.36662],[-3.70057,40.36674],[-3.70055,40.36687],[-3.70159,40.36702],[-3.70064,40.37097],[-3.69958,40.37093]]]}},{"type":"Feature","properties":{"id":"2807912022"},"geometry":{"type":"Polygon","coordinates":[[[-3.69615,40.3708],[-3.69628,40.36945],[-3.69756,40.36963],[-3.6977,40.36918],[-3.69819,40.36927],[-3.69846,40.36995],[-3.69977,40.37018],[-3.69958,40.37093],[-3.69893,40.3709],[-3.69615,40.3708]]]}},{"type":"Feature","properties":{"id":"2807912023"},"geometry":{"type":"Polygon","coordinates":[[[-3.69628,40.36945],[-3.69647,40.36773],[-3.69743,40.3664],[-3.69822,40.3664],[-3.69969,40.36662],[-3.6995,40.36743],[-3.699,40.36736],[-3.69864,40.36907],[-3.69817,40.36902],[-3.69819,40.36927],[-3.6977,40.36918],[-3.69756,40.36963],[-3.69628,40.36945]]]}},{"type":"Feature","properties":{"id":"2807912024"},"geometry":{"type":"Polygon","coordinates":[[[-3.69458,40.37084],[-3.69392,40.36454],[-3.69705,40.36444],[-3.6991,40.36417],[-3.69647,40.36773],[-3.69615,40.3708],[-3.69498,40.37075],[-3.69458,40.37084]]]}},{"type":"Feature","properties":{"id":"2807912027"},"geometry":{"type":"Polygon","coordinates":[[[-3.68752,40.37401],[-3.68903,40.37358],[-3.68978,40.37668],[-3.69054,40.37657],[-3.69041,40.37592],[-3.69151,40.37581],[-3.69255,40.37512],[-3.69251,40.37476],[-3.69412,40.37467],[-3.69475,40.3743],[-3.69493,40.37429],[-3.69497,40.37519],[-3.69475,40.37591],[-3.69148,40.38082],[-3.69075,40.38162],[-3.68976,40.38232],[-3.68924,40.38142],[-3.68886,40.37981],[-3.6884,40.37872],[-3.68771,40.37787],[-3.68731,40.37699],[-3.68725,40.37622],[-3.6878,40.37462],[-3.68771,40.37426],[-3.68752,40.37401]]]}},{"type":"Feature","properties":{"id":"2807912028"},"geometry":{"type":"Polygon","coordinates":[[[-3.68945,40.37512],[-3.69023,40.37503],[-3.69054,40.37657],[-3.68978,40.37668],[-3.68945,40.37512]]]}},{"type":"Feature","properties":{"id":"2807912029"},"geometry":{"type":"Polygon","coordinates":[[[-3.69023,40.37503],[-3.69251,40.37476],[-3.69255,40.37512],[-3.69151,40.37581],[-3.69041,40.37592],[-3.69023,40.37503]]]}},{"type":"Feature","properties":{"id":"2807912030"},"geometry":{"type":"Polygon","coordinates":[[[-3.68911,40.3738],[-3.69103,40.37363],[-3.69109,40.37492],[-3.68945,40.37512],[-3.68911,40.3738]]]}},{"type":"Feature","properties":{"id":"2807912031"},"geometry":{"type":"Polygon","coordinates":[[[-3.69103,40.37363],[-3.69234,40.37355],[-3.69251,40.37476],[-3.69109,40.37492],[-3.69103,40.37363]]]}},{"type":"Feature","properties":{"id":"2807912032"},"geometry":{"type":"Polygon","coordinates":[[[-3.69234,40.37355],[-3.69071,40.37366],[-3.69064,40.37304],[-3.6906,40.37299],[-3.69041,40.37307],[-3.69026,40.3729],[-3.69021,40.37246],[-3.69221,40.37235],[-3.69211,40.37129],[-3.69461,40.37115],[-3.69493,40.37429],[-3.69475,40.3743],[-3.69412,40.37467],[-3.69251,40.37476],[-3.69234,40.37355]]]}},{"type":"Feature","properties":{"id":"2807912033"},"geometry":{"type":"Polygon","coordinates":[[[-3.68911,40.3738],[-3.68879,40.373],[-3.68906,40.37298],[-3.68897,40.37201],[-3.68838,40.37204],[-3.68814,40.37153],[-3.69211,40.37129],[-3.69221,40.37235],[-3.69021,40.37246],[-3.69026,40.3729],[-3.69041,40.37307],[-3.6906,40.37299],[-3.69064,40.37304],[-3.69071,40.37366],[-3.68911,40.3738]]]}},{"type":"Feature","properties":{"id":"2807912034"},"geometry":{"type":"Polygon","coordinates":[[[-3.68814,40.37153],[-3.68689,40.3696],[-3.68791,40.36937],[-3.69029,40.36902],[-3.69038,40.37005],[-3.69024,40.37012],[-3.69027,40.37034],[-3.69407,40.37012],[-3.69443,40.36998],[-3.69461,40.37115],[-3.68814,40.37153]]]}},{"type":"Feature","properties":{"id":"2807912037"},"geometry":{"type":"Polygon","coordinates":[[[-3.68631,40.36869],[-3.6892,40.36806],[-3.69194,40.36783],[-3.69027,40.36903],[-3.68791,40.36937],[-3.68689,40.3696],[-3.68631,40.36869]]]}},{"type":"Feature","properties":{"id":"2807912039"},"geometry":{"type":"Polygon","coordinates":[[[-3.69678,40.37998],[-3.69853,40.37926],[-3.69998,40.37854],[-3.70021,40.37877],[-3.70026,40.37946],[-3.69945,40.38004],[-3.69834,40.3816],[-3.69809,40.38176],[-3.69784,40.38231],[-3.69756,40.3824],[-3.69678,40.37998]]]}},{"type":"Feature","properties":{"id":"2807912041"},"geometry":{"type":"Polygon","coordinates":[[[-3.69784,40.38231],[-3.69809,40.38176],[-3.69834,40.3816],[-3.69945,40.38004],[-3.70026,40.37946],[-3.7016,40.37945],[-3.70217,40.38028],[-3.69948,40.38168],[-3.69975,40.38337],[-3.6996,40.38338],[-3.69796,40.38263],[-3.69784,40.38231]]]}},{"type":"Feature","properties":{"id":"2807912042"},"geometry":{"type":"Polygon","coordinates":[[[-3.70217,40.38028],[-3.70273,40.38083],[-3.6996,40.38252],[-3.69948,40.38168],[-3.70217,40.38028]]]}},{"type":"Feature","properties":{"id":"2807912043"},"geometry":{"type":"Polygon","coordinates":[[[-3.6996,40.38252],[-3.70273,40.38083],[-3.70317,40.38129],[-3.70334,40.38223],[-3.70247,40.38232],[-3.70244,40.38323],[-3.70145,40.38307],[-3.69973,40.38325],[-3.6996,40.38252]]]}},{"type":"Feature","properties":{"id":"2807912044"},"geometry":{"type":"Polygon","coordinates":[[[-3.70307,40.38118],[-3.70474,40.38022],[-3.70505,40.38205],[-3.70334,40.38223],[-3.70317,40.38129],[-3.70307,40.38118]]]}},{"type":"Feature","properties":{"id":"2807912045"},"geometry":{"type":"Polygon","coordinates":[[[-3.70347,40.38351],[-3.70244,40.38323],[-3.70247,40.38232],[-3.70505,40.38205],[-3.70528,40.38333],[-3.70347,40.38351]]]}},{"type":"Feature","properties":{"id":"2807912046"},"geometry":{"type":"Polygon","coordinates":[[[-3.703,40.38341],[-3.70347,40.38351],[-3.70528,40.38333],[-3.70555,40.3848],[-3.70316,40.38507],[-3.70296,40.38383],[-3.703,40.38341]]]}},{"type":"Feature","properties":{"id":"2807912047"},"geometry":{"type":"Polygon","coordinates":[[[-3.70316,40.38507],[-3.70555,40.3848],[-3.70574,40.38586],[-3.70334,40.38612],[-3.70316,40.38507]]]}},{"type":"Feature","properties":{"id":"2807912048"},"geometry":{"type":"Polygon","coordinates":[[[-3.70085,40.38313],[-3.70157,40.38307],[-3.703,40.38341],[-3.70296,40.38383],[-3.70334,40.38612],[-3.70246,40.38622],[-3.7008,40.38469],[-3.70127,40.38437],[-3.70105,40.38417],[-3.70085,40.38313]]]}},{"type":"Feature","properties":{"id":"2807912049"},"geometry":{"type":"Polygon","coordinates":[[[-3.70037,40.38606],[-3.69973,40.38325],[-3.70085,40.38313],[-3.70105,40.38417],[-3.70127,40.38437],[-3.7008,40.38469],[-3.70246,40.38622],[-3.70052,40.38747],[-3.70037,40.38606]]]}},{"type":"Feature","properties":{"id":"2807912050"},"geometry":{"type":"Polygon","coordinates":[[[-3.69913,40.38788],[-3.69926,40.38784],[-3.69863,40.38582],[-3.69926,40.38571],[-3.7001,40.38516],[-3.70037,40.38606],[-3.70052,40.38747],[-3.69961,40.38808],[-3.69954,40.38826],[-3.69913,40.38788]]]}},{"type":"Feature","properties":{"id":"2807912051"},"geometry":{"type":"Polygon","coordinates":[[[-3.69756,40.3824],[-3.69784,40.38231],[-3.69796,40.38263],[-3.6996,40.38338],[-3.69975,40.38337],[-3.7001,40.38516],[-3.69926,40.38571],[-3.69863,40.38582],[-3.69756,40.3824]]]}},{"type":"Feature","properties":{"id":"2807912052"},"geometry":{"type":"Polygon","coordinates":[[[-3.69811,40.38907],[-3.69212,40.38413],[-3.69554,40.38073],[-3.69599,40.38508],[-3.69611,40.38532],[-3.69954,40.38826],[-3.69922,40.38832],[-3.69811,40.38907]]]}},{"type":"Feature","properties":{"id":"2807912053"},"geometry":{"type":"Polygon","coordinates":[[[-3.69956,40.39062],[-3.70124,40.38974],[-3.70378,40.39194],[-3.70632,40.39327],[-3.70463,40.39508],[-3.70303,40.39417],[-3.70045,40.39163],[-3.69956,40.39062]]]}},{"type":"Feature","properties":{"id":"2807912054"},"geometry":{"type":"Polygon","coordinates":[[[-3.69811,40.38907],[-3.69922,40.38832],[-3.69954,40.38826],[-3.70124,40.38974],[-3.69956,40.39062],[-3.69811,40.38907]]]}},{"type":"Feature","properties":{"id":"2807912055"},"geometry":{"type":"Polygon","coordinates":[[[-3.69991,40.38859],[-3.70063,40.38823],[-3.70356,40.3875],[-3.70374,40.38804],[-3.70099,40.38952],[-3.69991,40.38859]]]}},{"type":"Feature","properties":{"id":"2807912056"},"geometry":{"type":"Polygon","coordinates":[[[-3.69954,40.38826],[-3.69961,40.38808],[-3.70229,40.38626],[-3.70334,40.38612],[-3.70356,40.3875],[-3.70063,40.38823],[-3.69991,40.38859],[-3.69954,40.38826]]]}},{"type":"Feature","properties":{"id":"2807912057"},"geometry":{"type":"Polygon","coordinates":[[[-3.70334,40.38612],[-3.70574,40.38586],[-3.70597,40.38706],[-3.70356,40.3875],[-3.70334,40.38612]]]}},{"type":"Feature","properties":{"id":"2807912059"},"geometry":{"type":"Polygon","coordinates":[[[-3.70377,40.39193],[-3.70099,40.38952],[-3.70223,40.38886],[-3.70371,40.39013],[-3.70411,40.39015],[-3.70491,40.39081],[-3.7048,40.39109],[-3.70493,40.39161],[-3.70377,40.39193]]]}},{"type":"Feature","properties":{"id":"2807912061"},"geometry":{"type":"Polygon","coordinates":[[[-3.70377,40.39193],[-3.70493,40.39161],[-3.7048,40.39109],[-3.70491,40.39081],[-3.70411,40.39015],[-3.70371,40.39013],[-3.70223,40.38886],[-3.70374,40.38804],[-3.70356,40.3875],[-3.70717,40.3869],[-3.70666,40.38827],[-3.70595,40.38954],[-3.70573,40.38966],[-3.70955,40.3909],[-3.70864,40.3913],[-3.70767,40.39186],[-3.70632,40.39327],[-3.70377,40.39193]]]}},{"type":"Feature","properties":{"id":"2807912062"},"geometry":{"type":"Polygon","coordinates":[[[-3.70676,40.38802],[-3.71156,40.38954],[-3.71192,40.38998],[-3.70955,40.3909],[-3.70591,40.38974],[-3.70573,40.38966],[-3.70595,40.38954],[-3.7062,40.38916],[-3.70676,40.38802]]]}},{"type":"Feature","properties":{"id":"2807912064"},"geometry":{"type":"Polygon","coordinates":[[[-3.70676,40.38802],[-3.70717,40.3869],[-3.70728,40.38689],[-3.71127,40.3878],[-3.7107,40.38891],[-3.71176,40.38924],[-3.71156,40.38954],[-3.71125,40.38949],[-3.70676,40.38802]]]}},{"type":"Feature","properties":{"id":"2807912065"},"geometry":{"type":"Polygon","coordinates":[[[-3.70717,40.3869],[-3.7073,40.3866],[-3.70988,40.38661],[-3.70981,40.387],[-3.71153,40.38717],[-3.71133,40.38782],[-3.70717,40.3869]]]}},{"type":"Feature","properties":{"id":"2807912066"},"geometry":{"type":"Polygon","coordinates":[[[-3.70574,40.38586],[-3.70881,40.38551],[-3.70895,40.38661],[-3.7073,40.3866],[-3.70717,40.3869],[-3.70597,40.38706],[-3.70574,40.38586]]]}},{"type":"Feature","properties":{"id":"2807912067"},"geometry":{"type":"Polygon","coordinates":[[[-3.70895,40.38661],[-3.70881,40.38551],[-3.71183,40.38518],[-3.71248,40.38605],[-3.7122,40.38613],[-3.71096,40.38613],[-3.70975,40.38665],[-3.70895,40.38661]]]}},{"type":"Feature","properties":{"id":"2807912069"},"geometry":{"type":"Polygon","coordinates":[[[-3.71248,40.38727],[-3.70981,40.387],[-3.70988,40.38661],[-3.71096,40.38613],[-3.7122,40.38613],[-3.71248,40.38605],[-3.71258,40.38637],[-3.71248,40.38727]]]}},{"type":"Feature","properties":{"id":"2807912070"},"geometry":{"type":"Polygon","coordinates":[[[-3.71133,40.38782],[-3.71153,40.38717],[-3.71248,40.38727],[-3.71258,40.38637],[-3.71423,40.38637],[-3.71426,40.38648],[-3.71355,40.38721],[-3.71211,40.38853],[-3.71176,40.38924],[-3.7107,40.38891],[-3.71133,40.38782]]]}},{"type":"Feature","properties":{"id":"2807912071"},"geometry":{"type":"Polygon","coordinates":[[[-3.71156,40.38954],[-3.71211,40.38853],[-3.71355,40.38721],[-3.71426,40.38648],[-3.71423,40.38637],[-3.71585,40.38639],[-3.71603,40.38667],[-3.7138,40.38881],[-3.71315,40.38932],[-3.71192,40.38998],[-3.71156,40.38954]]]}},{"type":"Feature","properties":{"id":"2807912073"},"geometry":{"type":"Polygon","coordinates":[[[-3.71578,40.38638],[-3.71258,40.38637],[-3.71257,40.38619],[-3.71222,40.38568],[-3.71697,40.38572],[-3.71603,40.38667],[-3.71578,40.38638]]]}},{"type":"Feature","properties":{"id":"2807912074"},"geometry":{"type":"Polygon","coordinates":[[[-3.71222,40.38568],[-3.71183,40.38518],[-3.71722,40.3852],[-3.71697,40.38572],[-3.71222,40.38568]]]}},{"type":"Feature","properties":{"id":"2807912075"},"geometry":{"type":"Polygon","coordinates":[[[-3.71183,40.38518],[-3.71149,40.38465],[-3.71133,40.38407],[-3.71126,40.3827],[-3.71514,40.38264],[-3.71565,40.38303],[-3.71691,40.38329],[-3.71708,40.38307],[-3.71813,40.38331],[-3.71754,40.38492],[-3.71722,40.3852],[-3.71183,40.38518]]]}},{"type":"Feature","properties":{"id":"2807912077"},"geometry":{"type":"Polygon","coordinates":[[[-3.71514,40.38264],[-3.71557,40.3819],[-3.71607,40.38136],[-3.71622,40.38095],[-3.71621,40.38037],[-3.71591,40.37972],[-3.71775,40.37972],[-3.7179,40.37985],[-3.71783,40.38039],[-3.71887,40.38038],[-3.71874,40.38138],[-3.71813,40.38331],[-3.71708,40.38307],[-3.71691,40.38329],[-3.71565,40.38303],[-3.71514,40.38264]]]}},{"type":"Feature","properties":{"id":"2807912078"},"geometry":{"type":"Polygon","coordinates":[[[-3.71126,40.38269],[-3.71126,40.3818],[-3.71568,40.3818],[-3.71514,40.38264],[-3.71126,40.38269]]]}},{"type":"Feature","properties":{"id":"2807912079"},"geometry":{"type":"Polygon","coordinates":[[[-3.71388,40.38178],[-3.71387,40.38053],[-3.71621,40.38052],[-3.71622,40.38095],[-3.71608,40.38132],[-3.71568,40.3818],[-3.71388,40.38178]]]}},{"type":"Feature","properties":{"id":"2807912080"},"geometry":{"type":"Polygon","coordinates":[[[-3.71126,40.3818],[-3.71133,40.38055],[-3.71387,40.38053],[-3.71388,40.38178],[-3.71126,40.3818]]]}},{"type":"Feature","properties":{"id":"2807912081"},"geometry":{"type":"Polygon","coordinates":[[[-3.71621,40.38052],[-3.71313,40.38054],[-3.71281,40.37967],[-3.71516,40.37963],[-3.71585,40.37942],[-3.71621,40.38052]]]}},{"type":"Feature","properties":{"id":"2807912082"},"geometry":{"type":"Polygon","coordinates":[[[-3.71133,40.38055],[-3.71207,40.37793],[-3.71313,40.38054],[-3.71133,40.38055]]]}},{"type":"Feature","properties":{"id":"2807912083"},"geometry":{"type":"Polygon","coordinates":[[[-3.71281,40.37967],[-3.71234,40.37843],[-3.71207,40.37793],[-3.71375,40.37825],[-3.71395,40.37887],[-3.71381,40.37892],[-3.71399,40.37953],[-3.71387,40.37968],[-3.71281,40.37967]]]}},{"type":"Feature","properties":{"id":"2807912084"},"geometry":{"type":"Polygon","coordinates":[[[-3.71375,40.37825],[-3.71498,40.37843],[-3.71553,40.37862],[-3.71585,40.37942],[-3.71516,40.37963],[-3.71387,40.37968],[-3.71401,40.37943],[-3.71381,40.37892],[-3.71395,40.37887],[-3.71375,40.37825]]]}},{"type":"Feature","properties":{"id":"2807912086"},"geometry":{"type":"Polygon","coordinates":[[[-3.70307,40.38118],[-3.70217,40.38028],[-3.7016,40.37945],[-3.70026,40.37946],[-3.70021,40.37877],[-3.69998,40.37854],[-3.7011,40.37779],[-3.70153,40.37731],[-3.7025,40.3755],[-3.70266,40.37464],[-3.70269,40.3732],[-3.70286,40.37253],[-3.70331,40.37153],[-3.70337,40.37107],[-3.70467,40.37122],[-3.7123,40.3733],[-3.71219,40.37552],[-3.71223,40.37749],[-3.71181,40.37873],[-3.70779,40.37905],[-3.70714,40.37834],[-3.70541,40.37803],[-3.70432,40.37812],[-3.70347,40.37878],[-3.70474,40.38022],[-3.70307,40.38118]]]}},{"type":"Feature","properties":{"id":"2807912087"},"geometry":{"type":"Polygon","coordinates":[[[-3.70779,40.37905],[-3.70765,40.37908],[-3.70773,40.37952],[-3.70573,40.37972],[-3.70474,40.38022],[-3.70347,40.37876],[-3.70397,40.37847],[-3.70432,40.37812],[-3.70541,40.37803],[-3.70714,40.37834],[-3.70779,40.37905]]]}},{"type":"Feature","properties":{"id":"2807912088"},"geometry":{"type":"Polygon","coordinates":[[[-3.70528,40.38333],[-3.70474,40.38022],[-3.70582,40.37971],[-3.70644,40.3832],[-3.70528,40.38333]]]}},{"type":"Feature","properties":{"id":"2807912089"},"geometry":{"type":"Polygon","coordinates":[[[-3.70613,40.38144],[-3.70744,40.3813],[-3.70776,40.38306],[-3.70644,40.3832],[-3.70613,40.38144]]]}},{"type":"Feature","properties":{"id":"2807912090"},"geometry":{"type":"Polygon","coordinates":[[[-3.70582,40.37971],[-3.70712,40.37959],[-3.70744,40.3813],[-3.70613,40.38144],[-3.70582,40.37971]]]}},{"type":"Feature","properties":{"id":"2807912091"},"geometry":{"type":"Polygon","coordinates":[[[-3.70749,40.38158],[-3.70712,40.37959],[-3.70773,40.37952],[-3.70765,40.37908],[-3.71181,40.37873],[-3.71146,40.37982],[-3.71126,40.38096],[-3.71126,40.38269],[-3.71012,40.38282],[-3.70957,40.38124],[-3.70749,40.38158]]]}},{"type":"Feature","properties":{"id":"2807912092"},"geometry":{"type":"Polygon","coordinates":[[[-3.70749,40.38158],[-3.70957,40.38124],[-3.71012,40.38282],[-3.70776,40.38306],[-3.70749,40.38158]]]}},{"type":"Feature","properties":{"id":"2807912093"},"geometry":{"type":"Polygon","coordinates":[[[-3.70776,40.38306],[-3.71126,40.38269],[-3.71131,40.38371],[-3.71035,40.38383],[-3.71036,40.3841],[-3.70799,40.38435],[-3.70776,40.38306]]]}},{"type":"Feature","properties":{"id":"2807912094"},"geometry":{"type":"Polygon","coordinates":[[[-3.70799,40.38435],[-3.71036,40.3841],[-3.71035,40.38383],[-3.71131,40.38371],[-3.71149,40.38465],[-3.71183,40.38518],[-3.70822,40.38558],[-3.70799,40.38435]]]}},{"type":"Feature","properties":{"id":"2807912096"},"geometry":{"type":"Polygon","coordinates":[[[-3.70528,40.38333],[-3.70776,40.38306],[-3.70799,40.38435],[-3.7061,40.38456],[-3.70614,40.38473],[-3.70555,40.3848],[-3.70528,40.38333]]]}},{"type":"Feature","properties":{"id":"2807912097"},"geometry":{"type":"Polygon","coordinates":[[[-3.70555,40.3848],[-3.70614,40.38473],[-3.7061,40.38456],[-3.70799,40.38435],[-3.70822,40.38558],[-3.70574,40.38586],[-3.70555,40.3848]]]}},{"type":"Feature","properties":{"id":"2807912098"},"geometry":{"type":"Polygon","coordinates":[[[-3.71591,40.37972],[-3.71577,40.37907],[-3.71553,40.37862],[-3.71498,40.37843],[-3.71248,40.37806],[-3.71207,40.37793],[-3.71223,40.37749],[-3.71219,40.37552],[-3.7123,40.3733],[-3.71429,40.37379],[-3.71771,40.37384],[-3.71972,40.37372],[-3.71887,40.38038],[-3.71783,40.38039],[-3.7179,40.37985],[-3.71775,40.37972],[-3.71591,40.37972]]]}},{"type":"Feature","properties":{"id":"2807912099"},"geometry":{"type":"Polygon","coordinates":[[[-3.70057,40.36674],[-3.69822,40.3664],[-3.69743,40.3664],[-3.6991,40.36417],[-3.7024,40.36356],[-3.70343,40.36354],[-3.70517,40.36364],[-3.70475,40.3655],[-3.70428,40.36551],[-3.70204,40.36519],[-3.70159,40.36702],[-3.70055,40.36687],[-3.70057,40.36674]]]}},{"type":"Feature","properties":{"id":"2807912100"},"geometry":{"type":"Polygon","coordinates":[[[-3.69029,40.36902],[-3.69194,40.36783],[-3.69429,40.36876],[-3.69443,40.36998],[-3.69407,40.37012],[-3.69027,40.37034],[-3.69024,40.37012],[-3.69038,40.37005],[-3.69029,40.36902]]]}},{"type":"Feature","properties":{"id":"2807912101"},"geometry":{"type":"Polygon","coordinates":[[[-3.7087,40.36649],[-3.7087,40.36558],[-3.70975,40.36557],[-3.70975,40.36397],[-3.7142,40.36439],[-3.7138,40.36574],[-3.71357,40.366],[-3.71266,40.36651],[-3.7087,40.36649]]]}},{"type":"Feature","properties":{"id":"2807912102"},"geometry":{"type":"Polygon","coordinates":[[[-3.70459,40.36638],[-3.70517,40.36364],[-3.70777,40.36391],[-3.70975,40.36397],[-3.70975,40.36557],[-3.7087,40.36558],[-3.7087,40.36649],[-3.70459,40.36638]]]}},{"type":"Feature","properties":{"id":"2807912103"},"geometry":{"type":"Polygon","coordinates":[[[-3.68331,40.36472],[-3.68491,40.3646],[-3.68487,40.36395],[-3.68718,40.36525],[-3.6874,40.36594],[-3.68597,40.36629],[-3.68657,40.36788],[-3.68589,40.36803],[-3.68814,40.37153],[-3.68838,40.37204],[-3.68897,40.37201],[-3.68906,40.37298],[-3.68879,40.373],[-3.68903,40.37358],[-3.68752,40.37401],[-3.6871,40.37366],[-3.6863,40.37205],[-3.68587,40.3718],[-3.68393,40.37113],[-3.68307,40.37043],[-3.68261,40.3698],[-3.68219,40.36875],[-3.6817,40.36697],[-3.68178,40.36661],[-3.68205,40.36621],[-3.68295,40.36552],[-3.68331,40.36472]]]}},{"type":"Feature","properties":{"id":"2807912104"},"geometry":{"type":"Polygon","coordinates":[[[-3.69194,40.36783],[-3.68487,40.36395],[-3.68491,40.3646],[-3.68331,40.36472],[-3.68308,40.36366],[-3.68245,40.36248],[-3.68213,40.36212],[-3.68213,40.36173],[-3.68193,40.36118],[-3.6835,40.36188],[-3.68899,40.36377],[-3.69125,40.36427],[-3.69392,40.36454],[-3.69429,40.36876],[-3.69194,40.36783]]]}},{"type":"Feature","properties":{"id":"2807912105"},"geometry":{"type":"Polygon","coordinates":[[[-3.6874,40.36594],[-3.68805,40.36756],[-3.68657,40.36788],[-3.68597,40.36629],[-3.6874,40.36594]]]}},{"type":"Feature","properties":{"id":"2807912106"},"geometry":{"type":"Polygon","coordinates":[[[-3.72035,40.36789],[-3.7156,40.3679],[-3.71555,40.36663],[-3.71254,40.36664],[-3.71357,40.366],[-3.7138,40.36574],[-3.7142,40.36439],[-3.71778,40.36475],[-3.72071,40.36489],[-3.72035,40.36789]]]}},{"type":"Feature","properties":{"id":"2807912107"},"geometry":{"type":"Polygon","coordinates":[[[-3.69554,40.38073],[-3.69678,40.37998],[-3.69926,40.38784],[-3.69913,40.38788],[-3.69611,40.38532],[-3.69599,40.38508],[-3.69554,40.38073]]]}},{"type":"Feature","properties":{"id":"2807912108"},"geometry":{"type":"Polygon","coordinates":[[[-3.69485,40.37342],[-3.69578,40.37335],[-3.69727,40.37369],[-3.70265,40.37409],[-3.7025,40.3755],[-3.7017,40.37707],[-3.7011,40.37779],[-3.69998,40.37854],[-3.69853,40.37926],[-3.69661,40.38006],[-3.69579,40.38054],[-3.69535,40.38088],[-3.69212,40.38413],[-3.68976,40.38232],[-3.69075,40.38162],[-3.69148,40.38082],[-3.69475,40.37591],[-3.69498,40.37505],[-3.69485,40.37342]]]}},{"type":"Feature","properties":{"id":"2807912109"},"geometry":{"type":"Polygon","coordinates":[[[-3.68589,40.36803],[-3.68805,40.36756],[-3.68718,40.36525],[-3.69189,40.36784],[-3.6892,40.36806],[-3.68631,40.36869],[-3.68589,40.36803]]]}},{"type":"Feature","properties":{"id":"2807912110"},"geometry":{"type":"Polygon","coordinates":[[[-3.69485,40.37342],[-3.69458,40.37084],[-3.69498,40.37075],[-3.70337,40.37106],[-3.70331,40.37153],[-3.70286,40.37253],[-3.70269,40.3732],[-3.70265,40.37409],[-3.69727,40.37369],[-3.69578,40.37335],[-3.69485,40.37342]]]}},{"type":"Feature","properties":{"id":"2807913002"},"geometry":{"type":"Polygon","coordinates":[[[-3.65401,40.37601],[-3.65475,40.37525],[-3.65492,40.37536],[-3.65515,40.37537],[-3.65541,40.37526],[-3.65551,40.37484],[-3.65581,40.37482],[-3.6571,40.37256],[-3.6567,40.37244],[-3.65785,40.37011],[-3.658,40.37004],[-3.65944,40.37034],[-3.65639,40.37621],[-3.65401,40.37601]]]}},{"type":"Feature","properties":{"id":"2807913003"},"geometry":{"type":"Polygon","coordinates":[[[-3.65895,40.37133],[-3.65991,40.3695],[-3.66199,40.37063],[-3.66115,40.37205],[-3.65895,40.37133]]]}},{"type":"Feature","properties":{"id":"2807913004"},"geometry":{"type":"Polygon","coordinates":[[[-3.66033,40.37347],[-3.66191,40.37072],[-3.66199,40.37063],[-3.6623,40.37095],[-3.66239,40.37213],[-3.66194,40.37331],[-3.66207,40.37351],[-3.66255,40.37375],[-3.66223,40.37413],[-3.66033,40.37347]]]}},{"type":"Feature","properties":{"id":"2807913005"},"geometry":{"type":"Polygon","coordinates":[[[-3.66033,40.37347],[-3.65821,40.37282],[-3.65895,40.37133],[-3.66115,40.37205],[-3.66033,40.37347]]]}},{"type":"Feature","properties":{"id":"2807913006"},"geometry":{"type":"Polygon","coordinates":[[[-3.65639,40.37621],[-3.65821,40.37282],[-3.65962,40.37323],[-3.65904,40.37424],[-3.65935,40.37434],[-3.65814,40.3765],[-3.65639,40.37621]]]}},{"type":"Feature","properties":{"id":"2807913007"},"geometry":{"type":"Polygon","coordinates":[[[-3.65814,40.3765],[-3.65935,40.37434],[-3.65904,40.37424],[-3.65962,40.37323],[-3.66223,40.37413],[-3.65973,40.37664],[-3.6595,40.37666],[-3.6593,40.37679],[-3.65814,40.3765]]]}},{"type":"Feature","properties":{"id":"2807913008"},"geometry":{"type":"Polygon","coordinates":[[[-3.6593,40.37679],[-3.65991,40.37651],[-3.66,40.37628],[-3.66041,40.37604],[-3.66302,40.37333],[-3.66377,40.37303],[-3.66453,40.37307],[-3.66451,40.37327],[-3.66516,40.37388],[-3.66402,40.37464],[-3.66542,40.37593],[-3.66299,40.37748],[-3.66266,40.37801],[-3.66137,40.37745],[-3.6593,40.37679]]]}},{"type":"Feature","properties":{"id":"2807913010"},"geometry":{"type":"Polygon","coordinates":[[[-3.66266,40.37801],[-3.66299,40.37748],[-3.66431,40.37664],[-3.66631,40.3785],[-3.6651,40.37933],[-3.66266,40.37801]]]}},{"type":"Feature","properties":{"id":"2807913011"},"geometry":{"type":"Polygon","coordinates":[[[-3.66431,40.37664],[-3.66542,40.37593],[-3.6651,40.37563],[-3.66627,40.37489],[-3.66725,40.3758],[-3.66608,40.37653],[-3.66629,40.37673],[-3.66514,40.37746],[-3.66431,40.37664]]]}},{"type":"Feature","properties":{"id":"2807913012"},"geometry":{"type":"Polygon","coordinates":[[[-3.6651,40.37563],[-3.66402,40.37464],[-3.66516,40.37388],[-3.66451,40.37327],[-3.66453,40.37307],[-3.66658,40.37349],[-3.66721,40.37351],[-3.66874,40.375],[-3.66797,40.37551],[-3.66775,40.37548],[-3.66725,40.3758],[-3.66627,40.37489],[-3.6651,40.37563]]]}},{"type":"Feature","properties":{"id":"2807913013"},"geometry":{"type":"Polygon","coordinates":[[[-3.66721,40.37351],[-3.66985,40.37266],[-3.67035,40.37273],[-3.67073,40.37291],[-3.67107,40.37322],[-3.67118,40.37353],[-3.66874,40.375],[-3.66721,40.37351]]]}},{"type":"Feature","properties":{"id":"2807913014"},"geometry":{"type":"Polygon","coordinates":[[[-3.67726,40.37813],[-3.67667,40.37817],[-3.67504,40.37859],[-3.67398,40.3785],[-3.67346,40.3783],[-3.6727,40.37735],[-3.67229,40.37707],[-3.67059,40.37687],[-3.67017,40.37665],[-3.66985,40.37628],[-3.66915,40.37665],[-3.66797,40.37551],[-3.67118,40.37353],[-3.67094,40.37307],[-3.67035,40.37273],[-3.66959,40.3727],[-3.66721,40.37351],[-3.66658,40.37349],[-3.66392,40.37301],[-3.66317,40.37324],[-3.66255,40.37375],[-3.66224,40.3736],[-3.66201,40.37346],[-3.66193,40.37324],[-3.66238,40.37226],[-3.66227,40.37087],[-3.66199,40.37063],[-3.65991,40.3695],[-3.65944,40.37034],[-3.658,40.37004],[-3.65785,40.37011],[-3.6567,40.37244],[-3.6571,40.37256],[-3.65581,40.37482],[-3.65551,40.37484],[-3.65541,40.37526],[-3.65515,40.37537],[-3.65492,40.37536],[-3.65475,40.37525],[-3.65401,40.37601],[-3.65261,40.37602],[-3.65319,40.37477],[-3.65437,40.37096],[-3.65478,40.37031],[-3.65527,40.36983],[-3.65592,40.3694],[-3.65807,40.36824],[-3.66076,40.36638],[-3.66333,40.36482],[-3.66704,40.36273],[-3.66971,40.36175],[-3.67218,40.36124],[-3.67526,40.36077],[-3.67938,40.36064],[-3.68076,40.3608],[-3.68193,40.36118],[-3.68213,40.36173],[-3.68213,40.36212],[-3.68245,40.36248],[-3.68308,40.36366],[-3.68331,40.36472],[-3.68295,40.36552],[-3.68205,40.36621],[-3.68178,40.36661],[-3.6817,40.36697],[-3.68245,40.3695],[-3.68307,40.37043],[-3.68378,40.37103],[-3.68415,40.37124],[-3.68587,40.3718],[-3.6863,40.37205],[-3.6871,40.37366],[-3.6877,40.37424],[-3.68778,40.37474],[-3.68725,40.37622],[-3.68731,40.37699],[-3.68771,40.37787],[-3.6884,40.37872],[-3.68886,40.37981],[-3.68924,40.38142],[-3.68976,40.38232],[-3.68914,40.38266],[-3.68699,40.38333],[-3.68412,40.38389],[-3.68347,40.38418],[-3.68245,40.3849],[-3.68083,40.38743],[-3.67848,40.39076],[-3.67522,40.39328],[-3.67351,40.39435],[-3.67306,40.39278],[-3.6731,40.39105],[-3.67251,40.39055],[-3.6717,40.38816],[-3.67201,40.38799],[-3.67257,40.38732],[-3.67449,40.38563],[-3.67542,40.38429],[-3.67538,40.38409],[-3.67461,40.3834],[-3.67525,40.3832],[-3.67561,40.38288],[-3.67618,40.38109],[-3.6767,40.38074],[-3.67824,40.3803],[-3.67795,40.38005],[-3.67815,40.3799],[-3.67726,40.37911],[-3.67825,40.37844],[-3.67726,40.37813]]]}},{"type":"Feature","properties":{"id":"2807913016"},"geometry":{"type":"Polygon","coordinates":[[[-3.66742,40.37778],[-3.66608,40.37653],[-3.66775,40.37548],[-3.66797,40.37551],[-3.66915,40.37665],[-3.66742,40.37778]]]}},{"type":"Feature","properties":{"id":"2807913017"},"geometry":{"type":"Polygon","coordinates":[[[-3.6651,40.37933],[-3.66631,40.3785],[-3.66514,40.37746],[-3.66629,40.37673],[-3.66742,40.37778],[-3.66824,40.37725],[-3.66867,40.37764],[-3.66558,40.37965],[-3.6651,40.37933]]]}},{"type":"Feature","properties":{"id":"2807913018"},"geometry":{"type":"Polygon","coordinates":[[[-3.66691,40.38065],[-3.66558,40.37965],[-3.66867,40.37764],[-3.66905,40.37798],[-3.66932,40.37782],[-3.67017,40.37857],[-3.66691,40.38065]]]}},{"type":"Feature","properties":{"id":"2807913019"},"geometry":{"type":"Polygon","coordinates":[[[-3.66905,40.37798],[-3.66824,40.37725],[-3.66985,40.37628],[-3.67013,40.37662],[-3.67054,40.37685],[-3.67219,40.37703],[-3.67277,40.37744],[-3.67209,40.37789],[-3.67171,40.37758],[-3.67017,40.37857],[-3.66932,40.37782],[-3.66905,40.37798]]]}},{"type":"Feature","properties":{"id":"2807913021"},"geometry":{"type":"Polygon","coordinates":[[[-3.6699,40.37874],[-3.67171,40.37758],[-3.67209,40.37789],[-3.67277,40.37744],[-3.67352,40.37835],[-3.67116,40.37988],[-3.6699,40.37874]]]}},{"type":"Feature","properties":{"id":"2807913022"},"geometry":{"type":"Polygon","coordinates":[[[-3.6682,40.37982],[-3.6699,40.37874],[-3.67116,40.37988],[-3.66951,40.381],[-3.6682,40.37982]]]}},{"type":"Feature","properties":{"id":"2807913023"},"geometry":{"type":"Polygon","coordinates":[[[-3.66823,40.38193],[-3.66691,40.38065],[-3.6682,40.37982],[-3.66951,40.381],[-3.66823,40.38193]]]}},{"type":"Feature","properties":{"id":"2807913024"},"geometry":{"type":"Polygon","coordinates":[[[-3.66921,40.38312],[-3.66823,40.38193],[-3.67097,40.38001],[-3.67145,40.38044],[-3.67112,40.38066],[-3.66957,40.38306],[-3.66921,40.38312]]]}},{"type":"Feature","properties":{"id":"2807913026"},"geometry":{"type":"Polygon","coordinates":[[[-3.67621,40.37983],[-3.67496,40.3787],[-3.67507,40.37858],[-3.67701,40.37812],[-3.67748,40.37818],[-3.67825,40.37844],[-3.67621,40.37983]]]}},{"type":"Feature","properties":{"id":"2807913028"},"geometry":{"type":"Polygon","coordinates":[[[-3.67504,40.38035],[-3.67607,40.37967],[-3.67621,40.37983],[-3.67726,40.37911],[-3.67815,40.3799],[-3.67795,40.38005],[-3.67824,40.3803],[-3.67654,40.38081],[-3.67606,40.38129],[-3.67504,40.38035]]]}},{"type":"Feature","properties":{"id":"2807913029"},"geometry":{"type":"Polygon","coordinates":[[[-3.67461,40.3834],[-3.67286,40.38175],[-3.67504,40.38035],[-3.67606,40.38129],[-3.67563,40.38285],[-3.67525,40.3832],[-3.67461,40.3834]]]}},{"type":"Feature","properties":{"id":"2807913030"},"geometry":{"type":"Polygon","coordinates":[[[-3.67286,40.38175],[-3.67097,40.38001],[-3.67352,40.37835],[-3.67432,40.37855],[-3.67507,40.37858],[-3.67496,40.3787],[-3.67607,40.37967],[-3.67286,40.38175]]]}},{"type":"Feature","properties":{"id":"2807913031"},"geometry":{"type":"Polygon","coordinates":[[[-3.67013,40.38219],[-3.67112,40.38066],[-3.67145,40.38044],[-3.67219,40.38111],[-3.6711,40.38274],[-3.67013,40.38219]]]}},{"type":"Feature","properties":{"id":"2807913032"},"geometry":{"type":"Polygon","coordinates":[[[-3.67296,40.38379],[-3.6711,40.38274],[-3.67219,40.38111],[-3.67378,40.38264],[-3.67296,40.38379]]]}},{"type":"Feature","properties":{"id":"2807913033"},"geometry":{"type":"Polygon","coordinates":[[[-3.66984,40.38397],[-3.66921,40.38312],[-3.66957,40.38306],[-3.67013,40.38219],[-3.67201,40.38326],[-3.67148,40.38409],[-3.67059,40.38489],[-3.67035,40.3849],[-3.66984,40.38397]]]}},{"type":"Feature","properties":{"id":"2807913034"},"geometry":{"type":"Polygon","coordinates":[[[-3.67073,40.38575],[-3.67035,40.3849],[-3.67059,40.38489],[-3.67132,40.38427],[-3.67201,40.38326],[-3.67296,40.38379],[-3.67223,40.38483],[-3.67122,40.38569],[-3.671,40.38578],[-3.67073,40.38575]]]}},{"type":"Feature","properties":{"id":"2807913035"},"geometry":{"type":"Polygon","coordinates":[[[-3.6717,40.38816],[-3.67096,40.38578],[-3.67122,40.38569],[-3.67235,40.38471],[-3.67378,40.38264],[-3.67523,40.38393],[-3.67541,40.38413],[-3.67542,40.38429],[-3.67449,40.38563],[-3.67257,40.38732],[-3.67201,40.38799],[-3.6717,40.38816]]]}},{"type":"Feature","properties":{"id":"2807913036"},"geometry":{"type":"Polygon","coordinates":[[[-3.66863,40.38715],[-3.67028,40.38571],[-3.67096,40.38578],[-3.67133,40.38688],[-3.67089,40.38681],[-3.66943,40.38782],[-3.66863,40.38715]]]}},{"type":"Feature","properties":{"id":"2807913037"},"geometry":{"type":"Polygon","coordinates":[[[-3.67134,40.38989],[-3.66872,40.38853],[-3.66947,40.38776],[-3.67089,40.38681],[-3.67133,40.38688],[-3.67219,40.38963],[-3.67152,40.38968],[-3.67134,40.38989]]]}},{"type":"Feature","properties":{"id":"2807913038"},"geometry":{"type":"Polygon","coordinates":[[[-3.6718,40.39154],[-3.6694,40.39087],[-3.66996,40.38962],[-3.66999,40.38946],[-3.66988,40.38939],[-3.67002,40.38921],[-3.67134,40.38989],[-3.67152,40.38968],[-3.67219,40.38963],[-3.67255,40.39062],[-3.6731,40.39105],[-3.67208,40.39152],[-3.6718,40.39154]]]}},{"type":"Feature","properties":{"id":"2807913039"},"geometry":{"type":"Polygon","coordinates":[[[-3.67009,40.39253],[-3.6706,40.39121],[-3.6718,40.39154],[-3.67208,40.39152],[-3.6731,40.39105],[-3.67302,40.39191],[-3.67316,40.39324],[-3.67233,40.39328],[-3.67009,40.39253]]]}},{"type":"Feature","properties":{"id":"2807913040"},"geometry":{"type":"Polygon","coordinates":[[[-3.66959,40.39381],[-3.67009,40.39253],[-3.67233,40.39328],[-3.67316,40.39324],[-3.67351,40.39435],[-3.67311,40.39461],[-3.67197,40.39441],[-3.66959,40.39381]]]}},{"type":"Feature","properties":{"id":"2807913041"},"geometry":{"type":"Polygon","coordinates":[[[-3.66867,40.39577],[-3.66959,40.39381],[-3.67197,40.39441],[-3.67311,40.39461],[-3.6714,40.39593],[-3.6708,40.39657],[-3.66867,40.39577]]]}},{"type":"Feature","properties":{"id":"2807913042"},"geometry":{"type":"Polygon","coordinates":[[[-3.66748,40.3974],[-3.66829,40.39641],[-3.66867,40.39577],[-3.6708,40.39657],[-3.66933,40.39835],[-3.66748,40.3974]]]}},{"type":"Feature","properties":{"id":"2807913043"},"geometry":{"type":"Polygon","coordinates":[[[-3.66532,40.39625],[-3.66674,40.39453],[-3.66809,40.39566],[-3.66843,40.39616],[-3.66748,40.3974],[-3.66532,40.39625]]]}},{"type":"Feature","properties":{"id":"2807913044"},"geometry":{"type":"Polygon","coordinates":[[[-3.66674,40.39453],[-3.66623,40.39362],[-3.6667,40.3931],[-3.66959,40.39381],[-3.66909,40.39502],[-3.66843,40.39616],[-3.66809,40.39566],[-3.66674,40.39453]]]}},{"type":"Feature","properties":{"id":"2807913045"},"geometry":{"type":"Polygon","coordinates":[[[-3.6667,40.3931],[-3.667,40.39266],[-3.6675,40.39235],[-3.668,40.39166],[-3.66913,40.39238],[-3.67004,40.39267],[-3.66959,40.39381],[-3.6667,40.3931]]]}},{"type":"Feature","properties":{"id":"2807913046"},"geometry":{"type":"Polygon","coordinates":[[[-3.668,40.39166],[-3.66813,40.39145],[-3.66673,40.39095],[-3.66713,40.39023],[-3.6706,40.39121],[-3.67004,40.39267],[-3.66913,40.39238],[-3.668,40.39166]]]}},{"type":"Feature","properties":{"id":"2807913047"},"geometry":{"type":"Polygon","coordinates":[[[-3.66713,40.39023],[-3.66758,40.38942],[-3.66773,40.38946],[-3.66872,40.38853],[-3.67002,40.38921],[-3.66988,40.38939],[-3.66999,40.38946],[-3.66996,40.38962],[-3.6694,40.39087],[-3.66713,40.39023]]]}},{"type":"Feature","properties":{"id":"2807913048"},"geometry":{"type":"Polygon","coordinates":[[[-3.66773,40.38946],[-3.66647,40.38922],[-3.66649,40.38916],[-3.66863,40.38715],[-3.66943,40.38782],[-3.66773,40.38946]]]}},{"type":"Feature","properties":{"id":"2807913049"},"geometry":{"type":"Polygon","coordinates":[[[-3.66582,40.39243],[-3.66464,40.38901],[-3.66758,40.38942],[-3.66582,40.39243]]]}},{"type":"Feature","properties":{"id":"2807913050"},"geometry":{"type":"Polygon","coordinates":[[[-3.66582,40.39243],[-3.66673,40.39095],[-3.66817,40.39149],[-3.6675,40.39235],[-3.667,40.39266],[-3.66653,40.39336],[-3.66623,40.39362],[-3.66582,40.39243]]]}},{"type":"Feature","properties":{"id":"2807913052"},"geometry":{"type":"Polygon","coordinates":[[[-3.66405,40.39559],[-3.6648,40.39477],[-3.66538,40.39385],[-3.66568,40.39377],[-3.66593,40.39386],[-3.66651,40.39425],[-3.66674,40.39453],[-3.66532,40.39625],[-3.66405,40.39559]]]}},{"type":"Feature","properties":{"id":"2807913053"},"geometry":{"type":"Polygon","coordinates":[[[-3.66405,40.39559],[-3.66236,40.39471],[-3.66379,40.39307],[-3.66568,40.39377],[-3.66538,40.39385],[-3.6648,40.39477],[-3.66405,40.39559]]]}},{"type":"Feature","properties":{"id":"2807913054"},"geometry":{"type":"Polygon","coordinates":[[[-3.66568,40.39377],[-3.66379,40.39307],[-3.66433,40.39164],[-3.66509,40.3903],[-3.66651,40.39425],[-3.66568,40.39377]]]}},{"type":"Feature","properties":{"id":"2807913055"},"geometry":{"type":"Polygon","coordinates":[[[-3.66472,40.389],[-3.66655,40.38723],[-3.66777,40.38793],[-3.66647,40.38922],[-3.66496,40.3891],[-3.66472,40.389]]]}},{"type":"Feature","properties":{"id":"2807913056"},"geometry":{"type":"Polygon","coordinates":[[[-3.66427,40.38751],[-3.66344,40.3831],[-3.66393,40.38247],[-3.66434,40.38287],[-3.66518,40.38408],[-3.66618,40.38518],[-3.66519,40.38636],[-3.66615,40.3869],[-3.66655,40.38723],[-3.66479,40.38897],[-3.66464,40.38901],[-3.66427,40.38751]]]}},{"type":"Feature","properties":{"id":"2807913057"},"geometry":{"type":"Polygon","coordinates":[[[-3.66655,40.38723],[-3.66615,40.3869],[-3.66519,40.38636],[-3.66618,40.38518],[-3.66721,40.38591],[-3.66863,40.38715],[-3.66777,40.38793],[-3.66655,40.38723]]]}},{"type":"Feature","properties":{"id":"2807913058"},"geometry":{"type":"Polygon","coordinates":[[[-3.66795,40.38656],[-3.66901,40.3855],[-3.67028,40.38571],[-3.66863,40.38715],[-3.66795,40.38656]]]}},{"type":"Feature","properties":{"id":"2807913059"},"geometry":{"type":"Polygon","coordinates":[[[-3.67073,40.38575],[-3.66832,40.3854],[-3.66945,40.38415],[-3.66984,40.38397],[-3.67073,40.38575]]]}},{"type":"Feature","properties":{"id":"2807913060"},"geometry":{"type":"Polygon","coordinates":[[[-3.66716,40.38587],[-3.66914,40.38369],[-3.66946,40.38345],[-3.66984,40.38397],[-3.66945,40.38415],[-3.66832,40.3854],[-3.66901,40.3855],[-3.66896,40.38556],[-3.66795,40.38656],[-3.66716,40.38587]]]}},{"type":"Feature","properties":{"id":"2807913061"},"geometry":{"type":"Polygon","coordinates":[[[-3.66672,40.38555],[-3.66883,40.38325],[-3.66921,40.38312],[-3.66946,40.38345],[-3.66914,40.38369],[-3.66716,40.38587],[-3.66672,40.38555]]]}},{"type":"Feature","properties":{"id":"2807913062"},"geometry":{"type":"Polygon","coordinates":[[[-3.66618,40.38518],[-3.66842,40.38275],[-3.66879,40.38255],[-3.66921,40.38312],[-3.66883,40.38325],[-3.66672,40.38555],[-3.66618,40.38518]]]}},{"type":"Feature","properties":{"id":"2807913063"},"geometry":{"type":"Polygon","coordinates":[[[-3.66583,40.38485],[-3.66707,40.38359],[-3.66669,40.38336],[-3.66783,40.38218],[-3.66823,40.38193],[-3.66879,40.38255],[-3.66842,40.38275],[-3.66626,40.38512],[-3.66618,40.38518],[-3.66583,40.38485]]]}},{"type":"Feature","properties":{"id":"2807913065"},"geometry":{"type":"Polygon","coordinates":[[[-3.66556,40.3827],[-3.66727,40.38098],[-3.66823,40.38193],[-3.66783,40.38218],[-3.66669,40.38336],[-3.66556,40.3827]]]}},{"type":"Feature","properties":{"id":"2807913066"},"geometry":{"type":"Polygon","coordinates":[[[-3.66478,40.38352],[-3.66556,40.3827],[-3.66707,40.38359],[-3.66583,40.38485],[-3.66478,40.38352]]]}},{"type":"Feature","properties":{"id":"2807913069"},"geometry":{"type":"Polygon","coordinates":[[[-3.66418,40.38267],[-3.66668,40.38077],[-3.66691,40.38065],[-3.66727,40.38098],[-3.66478,40.38352],[-3.66418,40.38267]]]}},{"type":"Feature","properties":{"id":"2807913074"},"geometry":{"type":"Polygon","coordinates":[[[-3.66021,40.38759],[-3.66042,40.38748],[-3.66081,40.38693],[-3.66082,40.38581],[-3.66324,40.3826],[-3.6637,40.38244],[-3.66374,40.3823],[-3.66365,40.3822],[-3.66634,40.3802],[-3.66691,40.38065],[-3.66418,40.38267],[-3.66393,40.38247],[-3.66387,40.38251],[-3.66344,40.3831],[-3.66374,40.3844],[-3.66364,40.38441],[-3.66099,40.38787],[-3.66021,40.38759]]]}},{"type":"Feature","properties":{"id":"2807913077"},"geometry":{"type":"Polygon","coordinates":[[[-3.66017,40.39124],[-3.66028,40.39033],[-3.65996,40.38847],[-3.65998,40.38809],[-3.66021,40.38759],[-3.66149,40.38805],[-3.66124,40.3886],[-3.66155,40.39035],[-3.66119,40.39175],[-3.66017,40.39124]]]}},{"type":"Feature","properties":{"id":"2807913078"},"geometry":{"type":"Polygon","coordinates":[[[-3.66119,40.39175],[-3.66155,40.39035],[-3.66124,40.3886],[-3.66149,40.38805],[-3.664,40.38904],[-3.66141,40.39187],[-3.66119,40.39175]]]}},{"type":"Feature","properties":{"id":"2807913079"},"geometry":{"type":"Polygon","coordinates":[[[-3.66218,40.39229],[-3.66141,40.39187],[-3.66358,40.38949],[-3.66385,40.38988],[-3.66418,40.39],[-3.6629,40.39234],[-3.66235,40.39223],[-3.66218,40.39229]]]}},{"type":"Feature","properties":{"id":"2807913080"},"geometry":{"type":"Polygon","coordinates":[[[-3.66218,40.39229],[-3.66235,40.39223],[-3.6629,40.39234],[-3.66418,40.39],[-3.66385,40.38988],[-3.66358,40.38949],[-3.664,40.38904],[-3.66472,40.38923],[-3.66509,40.3903],[-3.66433,40.39164],[-3.66379,40.39307],[-3.66263,40.39264],[-3.66218,40.39229]]]}},{"type":"Feature","properties":{"id":"2807913083"},"geometry":{"type":"Polygon","coordinates":[[[-3.66,40.39346],[-3.66141,40.39187],[-3.66263,40.39264],[-3.66379,40.39307],[-3.66236,40.39471],[-3.66,40.39346]]]}},{"type":"Feature","properties":{"id":"2807913084"},"geometry":{"type":"Polygon","coordinates":[[[-3.65885,40.39286],[-3.6602,40.39135],[-3.66017,40.39124],[-3.66141,40.39187],[-3.66,40.39346],[-3.65885,40.39286]]]}},{"type":"Feature","properties":{"id":"2807913086"},"geometry":{"type":"Polygon","coordinates":[[[-3.65724,40.392],[-3.65667,40.39181],[-3.65527,40.39167],[-3.65536,40.3914],[-3.65572,40.39113],[-3.65847,40.39058],[-3.65815,40.38924],[-3.65817,40.38859],[-3.65907,40.3891],[-3.66007,40.38904],[-3.66028,40.39033],[-3.6602,40.39135],[-3.65885,40.39286],[-3.65724,40.392]]]}},{"type":"Feature","properties":{"id":"2807913087"},"geometry":{"type":"Polygon","coordinates":[[[-3.65638,40.38972],[-3.65678,40.38937],[-3.65746,40.38916],[-3.65741,40.38859],[-3.65764,40.38826],[-3.65817,40.38859],[-3.65815,40.38924],[-3.65847,40.39058],[-3.65822,40.39065],[-3.65775,40.39048],[-3.65638,40.38972]]]}},{"type":"Feature","properties":{"id":"2807913088"},"geometry":{"type":"Polygon","coordinates":[[[-3.65527,40.39167],[-3.65369,40.39154],[-3.6536,40.39085],[-3.65303,40.38934],[-3.65296,40.38828],[-3.65412,40.38847],[-3.65775,40.39048],[-3.65822,40.39065],[-3.65572,40.39113],[-3.6554,40.39134],[-3.65527,40.39167]]]}},{"type":"Feature","properties":{"id":"2807913089"},"geometry":{"type":"Polygon","coordinates":[[[-3.65502,40.38896],[-3.65561,40.38837],[-3.65574,40.38748],[-3.65651,40.38767],[-3.65764,40.38826],[-3.65741,40.38859],[-3.65746,40.38916],[-3.65678,40.38937],[-3.65638,40.38972],[-3.65502,40.38896]]]}},{"type":"Feature","properties":{"id":"2807913090"},"geometry":{"type":"Polygon","coordinates":[[[-3.65296,40.38828],[-3.65307,40.38694],[-3.65574,40.38748],[-3.65561,40.38837],[-3.65502,40.38896],[-3.65412,40.38847],[-3.65296,40.38828]]]}},{"type":"Feature","properties":{"id":"2807913091"},"geometry":{"type":"Polygon","coordinates":[[[-3.65307,40.38694],[-3.6531,40.38492],[-3.6541,40.38491],[-3.65397,40.38707],[-3.65392,40.38712],[-3.65307,40.38694]]]}},{"type":"Feature","properties":{"id":"2807913092"},"geometry":{"type":"Polygon","coordinates":[[[-3.65907,40.3891],[-3.65651,40.38767],[-3.65392,40.38712],[-3.65403,40.38693],[-3.65398,40.38587],[-3.65411,40.38573],[-3.6541,40.38491],[-3.65518,40.3849],[-3.65517,40.38575],[-3.65644,40.38576],[-3.65664,40.38569],[-3.65736,40.38648],[-3.65867,40.38685],[-3.66021,40.38759],[-3.65998,40.38809],[-3.66007,40.38904],[-3.65907,40.3891]]]}},{"type":"Feature","properties":{"id":"2807913094"},"geometry":{"type":"Polygon","coordinates":[[[-3.65518,40.3849],[-3.6531,40.38492],[-3.65306,40.38407],[-3.65504,40.38408],[-3.65536,40.38425],[-3.65555,40.38406],[-3.65564,40.38316],[-3.65938,40.38316],[-3.65961,40.38304],[-3.65984,40.38319],[-3.66286,40.38318],[-3.66082,40.38581],[-3.66081,40.38693],[-3.66042,40.38748],[-3.66021,40.38759],[-3.65867,40.38685],[-3.65736,40.38648],[-3.65664,40.38569],[-3.65644,40.38576],[-3.65517,40.38575],[-3.65518,40.3849]]]}},{"type":"Feature","properties":{"id":"2807913103"},"geometry":{"type":"Polygon","coordinates":[[[-3.66035,40.38016],[-3.65908,40.37965],[-3.65766,40.37861],[-3.65786,40.37849],[-3.65887,40.37905],[-3.65954,40.37806],[-3.66055,40.37833],[-3.66232,40.37857],[-3.66191,40.37969],[-3.66189,40.38019],[-3.66035,40.38016]]]}},{"type":"Feature","properties":{"id":"2807913104"},"geometry":{"type":"Polygon","coordinates":[[[-3.66192,40.38142],[-3.66191,40.37969],[-3.66232,40.37857],[-3.66055,40.37833],[-3.65954,40.37806],[-3.65887,40.37905],[-3.65786,40.37849],[-3.6593,40.37679],[-3.66137,40.37745],[-3.66348,40.37839],[-3.66491,40.37921],[-3.66634,40.3802],[-3.66365,40.3822],[-3.66331,40.38216],[-3.6629,40.38179],[-3.66247,40.38155],[-3.66192,40.38142]]]}},{"type":"Feature","properties":{"id":"2807913108"},"geometry":{"type":"Polygon","coordinates":[[[-3.6502,40.37929],[-3.65133,40.37878],[-3.65189,40.37952],[-3.65189,40.38069],[-3.65156,40.38097],[-3.64928,40.38156],[-3.65041,40.37968],[-3.6502,40.37929]]]}},{"type":"Feature","properties":{"id":"2807913109"},"geometry":{"type":"Polygon","coordinates":[[[-3.64805,40.38332],[-3.64746,40.38202],[-3.64808,40.38186],[-3.64804,40.38177],[-3.649,40.38033],[-3.64871,40.37992],[-3.6502,40.37929],[-3.65041,40.37968],[-3.64928,40.38156],[-3.6505,40.38125],[-3.6508,40.3819],[-3.649,40.38283],[-3.64833,40.38344],[-3.64805,40.38332]]]}},{"type":"Feature","properties":{"id":"2807913110"},"geometry":{"type":"Polygon","coordinates":[[[-3.64685,40.38064],[-3.64871,40.37992],[-3.649,40.38033],[-3.64804,40.38177],[-3.64808,40.38186],[-3.64746,40.38202],[-3.64685,40.38064]]]}},{"type":"Feature","properties":{"id":"2807913111"},"geometry":{"type":"Polygon","coordinates":[[[-3.64362,40.3811],[-3.646,40.38085],[-3.64623,40.38139],[-3.64395,40.38198],[-3.64362,40.3811]]]}},{"type":"Feature","properties":{"id":"2807913112"},"geometry":{"type":"Polygon","coordinates":[[[-3.64395,40.38198],[-3.64623,40.38139],[-3.646,40.38085],[-3.64685,40.38064],[-3.64746,40.38202],[-3.64433,40.38284],[-3.64395,40.38198]]]}},{"type":"Feature","properties":{"id":"2807913115"},"geometry":{"type":"Polygon","coordinates":[[[-3.64389,40.38298],[-3.64746,40.38202],[-3.64805,40.38332],[-3.64833,40.38344],[-3.64647,40.38564],[-3.64296,40.38411],[-3.64389,40.38298]]]}},{"type":"Feature","properties":{"id":"2807913116"},"geometry":{"type":"Polygon","coordinates":[[[-3.64257,40.38334],[-3.64209,40.38257],[-3.64109,40.38298],[-3.6403,40.38212],[-3.64194,40.3814],[-3.64362,40.3811],[-3.64433,40.38284],[-3.64389,40.38298],[-3.64331,40.38366],[-3.64257,40.38334]]]}},{"type":"Feature","properties":{"id":"2807913117"},"geometry":{"type":"Polygon","coordinates":[[[-3.63904,40.38301],[-3.6403,40.38212],[-3.64074,40.38264],[-3.63985,40.38328],[-3.63982,40.38344],[-3.64076,40.38392],[-3.63985,40.38501],[-3.63798,40.3842],[-3.63904,40.38301]]]}},{"type":"Feature","properties":{"id":"2807913118"},"geometry":{"type":"Polygon","coordinates":[[[-3.64074,40.38264],[-3.64109,40.38298],[-3.64209,40.38257],[-3.64239,40.38316],[-3.64136,40.38355],[-3.64076,40.38392],[-3.63988,40.3835],[-3.6398,40.38337],[-3.64074,40.38264]]]}},{"type":"Feature","properties":{"id":"2807913119"},"geometry":{"type":"Polygon","coordinates":[[[-3.6404,40.38429],[-3.64104,40.38372],[-3.64239,40.38316],[-3.64257,40.38334],[-3.64331,40.38366],[-3.64221,40.3851],[-3.6404,40.38429]]]}},{"type":"Feature","properties":{"id":"2807913120"},"geometry":{"type":"Polygon","coordinates":[[[-3.64146,40.38608],[-3.64296,40.38411],[-3.64445,40.38479],[-3.64294,40.38677],[-3.64146,40.38608]]]}},{"type":"Feature","properties":{"id":"2807913121"},"geometry":{"type":"Polygon","coordinates":[[[-3.64294,40.38677],[-3.64445,40.38479],[-3.64647,40.38564],[-3.64488,40.38762],[-3.64294,40.38677]]]}},{"type":"Feature","properties":{"id":"2807913122"},"geometry":{"type":"Polygon","coordinates":[[[-3.64196,40.38814],[-3.64294,40.38677],[-3.64488,40.38762],[-3.64389,40.38886],[-3.64389,40.38898],[-3.64196,40.38814]]]}},{"type":"Feature","properties":{"id":"2807913123"},"geometry":{"type":"Polygon","coordinates":[[[-3.64041,40.38747],[-3.64146,40.38608],[-3.64294,40.38677],[-3.64196,40.38814],[-3.64041,40.38747]]]}},{"type":"Feature","properties":{"id":"2807913124"},"geometry":{"type":"Polygon","coordinates":[[[-3.63867,40.38669],[-3.63965,40.38527],[-3.64146,40.38608],[-3.64041,40.38747],[-3.63867,40.38669]]]}},{"type":"Feature","properties":{"id":"2807913125"},"geometry":{"type":"Polygon","coordinates":[[[-3.63965,40.38527],[-3.6404,40.38429],[-3.64221,40.3851],[-3.64146,40.38608],[-3.63965,40.38527]]]}},{"type":"Feature","properties":{"id":"2807913127"},"geometry":{"type":"Polygon","coordinates":[[[-3.62714,40.38148],[-3.63301,40.3801],[-3.63376,40.38205],[-3.6324,40.38209],[-3.6313,40.38224],[-3.62972,40.38264],[-3.62714,40.38148]]]}},{"type":"Feature","properties":{"id":"2807913128"},"geometry":{"type":"Polygon","coordinates":[[[-3.63998,40.39475],[-3.62188,40.39077],[-3.62425,40.38508],[-3.62478,40.38416],[-3.62542,40.38351],[-3.62512,40.38277],[-3.62445,40.38211],[-3.62714,40.38148],[-3.63299,40.38411],[-3.63511,40.38526],[-3.63648,40.3857],[-3.63762,40.38622],[-3.63643,40.38771],[-3.63925,40.38898],[-3.63852,40.38995],[-3.63645,40.38906],[-3.63625,40.3891],[-3.63597,40.38944],[-3.63453,40.3888],[-3.63426,40.38934],[-3.63408,40.39028],[-3.63455,40.39145],[-3.63524,40.39217],[-3.63603,40.39266],[-3.63696,40.39295],[-3.64049,40.39365],[-3.63998,40.39475]]]}},{"type":"Feature","properties":{"id":"2807913129"},"geometry":{"type":"Polygon","coordinates":[[[-3.63597,40.38944],[-3.63625,40.3891],[-3.63645,40.38906],[-3.63852,40.38995],[-3.63844,40.39038],[-3.63794,40.39036],[-3.63597,40.38944]]]}},{"type":"Feature","properties":{"id":"2807913131"},"geometry":{"type":"Polygon","coordinates":[[[-3.63414,40.38989],[-3.63426,40.38934],[-3.63453,40.3888],[-3.63597,40.38944],[-3.63574,40.39001],[-3.63414,40.38989]]]}},{"type":"Feature","properties":{"id":"2807913132"},"geometry":{"type":"Polygon","coordinates":[[[-3.63414,40.38989],[-3.63574,40.39001],[-3.63598,40.39085],[-3.63527,40.39109],[-3.63596,40.39179],[-3.63538,40.39228],[-3.63455,40.39145],[-3.63415,40.39059],[-3.63414,40.38989]]]}},{"type":"Feature","properties":{"id":"2807913133"},"geometry":{"type":"Polygon","coordinates":[[[-3.63538,40.39228],[-3.63596,40.39179],[-3.63527,40.39109],[-3.63598,40.39085],[-3.63656,40.39139],[-3.63758,40.39185],[-3.6368,40.39291],[-3.63603,40.39266],[-3.63538,40.39228]]]}},{"type":"Feature","properties":{"id":"2807913134"},"geometry":{"type":"Polygon","coordinates":[[[-3.6368,40.39291],[-3.63758,40.39185],[-3.63656,40.39139],[-3.63598,40.39085],[-3.63574,40.3899],[-3.63597,40.38944],[-3.63794,40.39036],[-3.6389,40.39037],[-3.64018,40.39093],[-3.63845,40.39326],[-3.6368,40.39291]]]}},{"type":"Feature","properties":{"id":"2807913135"},"geometry":{"type":"Polygon","coordinates":[[[-3.63845,40.39326],[-3.63938,40.39198],[-3.64025,40.39235],[-3.64032,40.39261],[-3.64085,40.39282],[-3.64108,40.39283],[-3.64049,40.39365],[-3.63845,40.39326]]]}},{"type":"Feature","properties":{"id":"2807913136"},"geometry":{"type":"Polygon","coordinates":[[[-3.63938,40.39198],[-3.64018,40.39093],[-3.64193,40.39171],[-3.64108,40.39283],[-3.64085,40.39282],[-3.64032,40.39261],[-3.64025,40.39235],[-3.63938,40.39198]]]}},{"type":"Feature","properties":{"id":"2807913137"},"geometry":{"type":"Polygon","coordinates":[[[-3.64193,40.39171],[-3.6396,40.39067],[-3.64047,40.38954],[-3.64275,40.39059],[-3.64193,40.39171]]]}},{"type":"Feature","properties":{"id":"2807913138"},"geometry":{"type":"Polygon","coordinates":[[[-3.63844,40.39038],[-3.63852,40.38995],[-3.63925,40.38898],[-3.64047,40.38954],[-3.6396,40.39067],[-3.6389,40.39037],[-3.63844,40.39038]]]}},{"type":"Feature","properties":{"id":"2807913139"},"geometry":{"type":"Polygon","coordinates":[[[-3.64275,40.39059],[-3.64014,40.3894],[-3.64066,40.38871],[-3.64334,40.38982],[-3.64275,40.39059]]]}},{"type":"Feature","properties":{"id":"2807913140"},"geometry":{"type":"Polygon","coordinates":[[[-3.64014,40.3894],[-3.63925,40.38898],[-3.64041,40.38747],[-3.64389,40.38898],[-3.64334,40.38982],[-3.64066,40.38871],[-3.64014,40.3894]]]}},{"type":"Feature","properties":{"id":"2807913142"},"geometry":{"type":"Polygon","coordinates":[[[-3.64049,40.39365],[-3.64193,40.39171],[-3.64398,40.39265],[-3.64311,40.39373],[-3.6442,40.39425],[-3.64421,40.3944],[-3.64271,40.39436],[-3.64236,40.39449],[-3.64049,40.39365]]]}},{"type":"Feature","properties":{"id":"2807913143"},"geometry":{"type":"Polygon","coordinates":[[[-3.64421,40.3944],[-3.6442,40.39425],[-3.64311,40.39373],[-3.64398,40.39265],[-3.64464,40.39287],[-3.64539,40.39287],[-3.64555,40.39412],[-3.64539,40.39425],[-3.64539,40.39442],[-3.64421,40.3944]]]}},{"type":"Feature","properties":{"id":"2807913144"},"geometry":{"type":"Polygon","coordinates":[[[-3.64464,40.39287],[-3.64193,40.39171],[-3.64389,40.38898],[-3.64472,40.38933],[-3.64388,40.3906],[-3.64489,40.39085],[-3.64601,40.3914],[-3.64539,40.39287],[-3.64464,40.39287]]]}},{"type":"Feature","properties":{"id":"2807913145"},"geometry":{"type":"Polygon","coordinates":[[[-3.64601,40.3914],[-3.64489,40.39085],[-3.64388,40.3906],[-3.64472,40.38933],[-3.64768,40.39065],[-3.6476,40.39184],[-3.64601,40.3914]]]}},{"type":"Feature","properties":{"id":"2807913146"},"geometry":{"type":"Polygon","coordinates":[[[-3.64513,40.38951],[-3.64389,40.38898],[-3.64389,40.38886],[-3.64579,40.38643],[-3.64704,40.38697],[-3.64513,40.38951]]]}},{"type":"Feature","properties":{"id":"2807913147"},"geometry":{"type":"Polygon","coordinates":[[[-3.64513,40.38951],[-3.64653,40.38764],[-3.64822,40.38835],[-3.64675,40.39023],[-3.64513,40.38951]]]}},{"type":"Feature","properties":{"id":"2807913148"},"geometry":{"type":"Polygon","coordinates":[[[-3.64653,40.38764],[-3.64704,40.38697],[-3.64878,40.38766],[-3.64822,40.38835],[-3.64653,40.38764]]]}},{"type":"Feature","properties":{"id":"2807913150"},"geometry":{"type":"Polygon","coordinates":[[[-3.64703,40.38497],[-3.64789,40.38394],[-3.64885,40.38433],[-3.6493,40.38384],[-3.65114,40.38471],[-3.64991,40.38626],[-3.64787,40.38542],[-3.64703,40.38497]]]}},{"type":"Feature","properties":{"id":"2807913153"},"geometry":{"type":"Polygon","coordinates":[[[-3.65307,40.38694],[-3.64991,40.38626],[-3.65139,40.38449],[-3.65231,40.38414],[-3.65306,40.38407],[-3.65307,40.38694]]]}},{"type":"Feature","properties":{"id":"2807913154"},"geometry":{"type":"Polygon","coordinates":[[[-3.64976,40.38914],[-3.65043,40.38827],[-3.65051,40.38797],[-3.65183,40.38798],[-3.65133,40.38674],[-3.65139,40.38655],[-3.65307,40.38694],[-3.65296,40.38828],[-3.65305,40.3894],[-3.64976,40.38914]]]}},{"type":"Feature","properties":{"id":"2807913155"},"geometry":{"type":"Polygon","coordinates":[[[-3.64878,40.38766],[-3.64579,40.38643],[-3.64703,40.38497],[-3.64787,40.38542],[-3.64991,40.38626],[-3.65139,40.38655],[-3.65133,40.38674],[-3.65183,40.38798],[-3.65051,40.38797],[-3.65043,40.38827],[-3.64931,40.38796],[-3.64878,40.38766]]]}},{"type":"Feature","properties":{"id":"2807913156"},"geometry":{"type":"Polygon","coordinates":[[[-3.64976,40.38914],[-3.64875,40.38882],[-3.64892,40.38861],[-3.64822,40.38835],[-3.64878,40.38766],[-3.64931,40.38796],[-3.65043,40.38827],[-3.64976,40.38914]]]}},{"type":"Feature","properties":{"id":"2807913157"},"geometry":{"type":"Polygon","coordinates":[[[-3.64853,40.39102],[-3.64675,40.39023],[-3.64822,40.38835],[-3.64892,40.38861],[-3.64875,40.38882],[-3.64925,40.389],[-3.6487,40.38967],[-3.64853,40.39102]]]}},{"type":"Feature","properties":{"id":"2807913158"},"geometry":{"type":"Polygon","coordinates":[[[-3.64853,40.39102],[-3.6487,40.38967],[-3.64925,40.389],[-3.65049,40.38923],[-3.65305,40.3894],[-3.6536,40.39085],[-3.65369,40.39154],[-3.64853,40.39102]]]}},{"type":"Feature","properties":{"id":"2807913160"},"geometry":{"type":"Polygon","coordinates":[[[-3.6473,40.39448],[-3.64539,40.39442],[-3.64539,40.39425],[-3.64555,40.39412],[-3.64539,40.39287],[-3.64601,40.3914],[-3.64749,40.39183],[-3.65124,40.39224],[-3.65181,40.39265],[-3.65185,40.39292],[-3.65171,40.39327],[-3.6535,40.39379],[-3.65267,40.39465],[-3.65169,40.39545],[-3.65107,40.39532],[-3.64948,40.39473],[-3.6473,40.39448]]]}},{"type":"Feature","properties":{"id":"2807913161"},"geometry":{"type":"Polygon","coordinates":[[[-3.64697,40.39571],[-3.6473,40.39448],[-3.64948,40.39473],[-3.65107,40.39532],[-3.65169,40.39545],[-3.64917,40.39712],[-3.64779,40.3959],[-3.64778,40.39575],[-3.64697,40.39571]]]}},{"type":"Feature","properties":{"id":"2807913162"},"geometry":{"type":"Polygon","coordinates":[[[-3.64388,40.39592],[-3.6421,40.39522],[-3.63998,40.39475],[-3.64049,40.39365],[-3.64236,40.39449],[-3.64271,40.39436],[-3.6473,40.39448],[-3.64697,40.39571],[-3.64652,40.39566],[-3.64619,40.39536],[-3.64486,40.39655],[-3.64388,40.39592]]]}},{"type":"Feature","properties":{"id":"2807913163"},"geometry":{"type":"Polygon","coordinates":[[[-3.64656,40.39568],[-3.64778,40.39575],[-3.64779,40.3959],[-3.64917,40.39712],[-3.64833,40.39767],[-3.64648,40.39607],[-3.64656,40.39568]]]}},{"type":"Feature","properties":{"id":"2807913164"},"geometry":{"type":"Polygon","coordinates":[[[-3.6472,40.39861],[-3.64486,40.39655],[-3.64619,40.39536],[-3.64656,40.39568],[-3.64648,40.39607],[-3.64833,40.39767],[-3.64771,40.39807],[-3.6472,40.39861]]]}},{"type":"Feature","properties":{"id":"2807913166"},"geometry":{"type":"Polygon","coordinates":[[[-3.65492,40.39695],[-3.65169,40.39545],[-3.65267,40.39465],[-3.6535,40.39379],[-3.65391,40.39274],[-3.65403,40.39156],[-3.65644,40.39177],[-3.65724,40.392],[-3.65681,40.39248],[-3.65755,40.39287],[-3.6572,40.39322],[-3.65716,40.39342],[-3.65721,40.39422],[-3.65743,40.39422],[-3.65733,40.39455],[-3.6574,40.39471],[-3.65776,40.39473],[-3.65871,40.39506],[-3.65809,40.39633],[-3.6579,40.39626],[-3.65718,40.39763],[-3.65492,40.39695]]]}},{"type":"Feature","properties":{"id":"2807913168"},"geometry":{"type":"Polygon","coordinates":[[[-3.66114,40.39518],[-3.66135,40.39479],[-3.65859,40.39392],[-3.65801,40.39421],[-3.65721,40.39422],[-3.6572,40.39322],[-3.65755,40.39287],[-3.65681,40.39248],[-3.65724,40.392],[-3.6629,40.39499],[-3.66247,40.39543],[-3.66114,40.39518]]]}},{"type":"Feature","properties":{"id":"2807913169"},"geometry":{"type":"Polygon","coordinates":[[[-3.6606,40.39572],[-3.65776,40.39473],[-3.6574,40.39471],[-3.65733,40.39455],[-3.65743,40.39422],[-3.65801,40.39421],[-3.65859,40.39392],[-3.66135,40.39479],[-3.66114,40.39518],[-3.66094,40.39512],[-3.6606,40.39572]]]}},{"type":"Feature","properties":{"id":"2807913170"},"geometry":{"type":"Polygon","coordinates":[[[-3.663,40.39628],[-3.6606,40.39572],[-3.66094,40.39512],[-3.66247,40.39543],[-3.6629,40.39499],[-3.66357,40.39534],[-3.66319,40.39582],[-3.663,40.39628]]]}},{"type":"Feature","properties":{"id":"2807913171"},"geometry":{"type":"Polygon","coordinates":[[[-3.6604,40.39648],[-3.6608,40.39578],[-3.66362,40.39647],[-3.66319,40.39719],[-3.6604,40.39648]]]}},{"type":"Feature","properties":{"id":"2807913172"},"geometry":{"type":"Polygon","coordinates":[[[-3.65809,40.39633],[-3.65871,40.39506],[-3.6608,40.39578],[-3.66024,40.39675],[-3.65882,40.39628],[-3.65861,40.39648],[-3.65809,40.39633]]]}},{"type":"Feature","properties":{"id":"2807913173"},"geometry":{"type":"Polygon","coordinates":[[[-3.65991,40.39739],[-3.65766,40.39673],[-3.6579,40.39626],[-3.65861,40.39648],[-3.65882,40.39628],[-3.66024,40.39675],[-3.65991,40.39739]]]}},{"type":"Feature","properties":{"id":"2807913174"},"geometry":{"type":"Polygon","coordinates":[[[-3.65991,40.39739],[-3.6604,40.39648],[-3.66319,40.39719],[-3.66272,40.39826],[-3.65991,40.39739]]]}},{"type":"Feature","properties":{"id":"2807913175"},"geometry":{"type":"Polygon","coordinates":[[[-3.66132,40.39915],[-3.66003,40.39882],[-3.66048,40.39796],[-3.65973,40.39774],[-3.65991,40.39739],[-3.66272,40.39826],[-3.66158,40.39909],[-3.66132,40.39915]]]}},{"type":"Feature","properties":{"id":"2807913176"},"geometry":{"type":"Polygon","coordinates":[[[-3.66003,40.39882],[-3.65831,40.39829],[-3.65842,40.39809],[-3.65861,40.39817],[-3.65909,40.39716],[-3.65991,40.39739],[-3.65973,40.39774],[-3.66048,40.39796],[-3.66003,40.39882]]]}},{"type":"Feature","properties":{"id":"2807913177"},"geometry":{"type":"Polygon","coordinates":[[[-3.65831,40.39829],[-3.65727,40.39789],[-3.65718,40.39763],[-3.65766,40.39673],[-3.65909,40.39716],[-3.65861,40.39817],[-3.65842,40.39809],[-3.65831,40.39829]]]}},{"type":"Feature","properties":{"id":"2807913178"},"geometry":{"type":"Polygon","coordinates":[[[-3.6472,40.39861],[-3.64771,40.39807],[-3.65169,40.39545],[-3.6547,40.39681],[-3.65507,40.39716],[-3.65502,40.39747],[-3.65455,40.39793],[-3.65454,40.39766],[-3.65213,40.3992],[-3.65153,40.39865],[-3.65018,40.39954],[-3.64914,40.40037],[-3.6472,40.39861]]]}},{"type":"Feature","properties":{"id":"2807913179"},"geometry":{"type":"Polygon","coordinates":[[[-3.65361,40.40053],[-3.65213,40.3992],[-3.65454,40.39766],[-3.65426,40.39922],[-3.65361,40.40053]]]}},{"type":"Feature","properties":{"id":"2807913180"},"geometry":{"type":"Polygon","coordinates":[[[-3.65271,40.39972],[-3.65361,40.40053],[-3.6523,40.40179],[-3.65108,40.40071],[-3.65154,40.40042],[-3.65181,40.40065],[-3.65202,40.40052],[-3.65184,40.40032],[-3.65271,40.39972]]]}},{"type":"Feature","properties":{"id":"2807913181"},"geometry":{"type":"Polygon","coordinates":[[[-3.65134,40.40235],[-3.65247,40.40167],[-3.65361,40.40053],[-3.65601,40.40139],[-3.65634,40.40178],[-3.65619,40.40236],[-3.65577,40.40299],[-3.65391,40.40455],[-3.6532,40.40403],[-3.65134,40.40235]]]}},{"type":"Feature","properties":{"id":"2807913182"},"geometry":{"type":"Polygon","coordinates":[[[-3.65629,40.40162],[-3.65594,40.40136],[-3.65361,40.40053],[-3.65426,40.39922],[-3.65455,40.39793],[-3.65506,40.39741],[-3.65507,40.39716],[-3.65492,40.39695],[-3.65718,40.39763],[-3.65727,40.39789],[-3.65768,40.39805],[-3.65675,40.39986],[-3.65776,40.40017],[-3.65689,40.40187],[-3.65629,40.40162]]]}},{"type":"Feature","properties":{"id":"2807913183"},"geometry":{"type":"Polygon","coordinates":[[[-3.65776,40.40017],[-3.65868,40.3984],[-3.66084,40.39905],[-3.66042,40.40093],[-3.65776,40.40017]]]}},{"type":"Feature","properties":{"id":"2807913184"},"geometry":{"type":"Polygon","coordinates":[[[-3.65391,40.40455],[-3.65582,40.40293],[-3.6563,40.40209],[-3.65629,40.40162],[-3.65689,40.40187],[-3.65961,40.40258],[-3.65992,40.40273],[-3.6601,40.40301],[-3.65992,40.40351],[-3.65889,40.40532],[-3.65884,40.40586],[-3.657,40.40569],[-3.65619,40.40552],[-3.65494,40.40509],[-3.65391,40.40455]]]}},{"type":"Feature","properties":{"id":"2807913185"},"geometry":{"type":"Polygon","coordinates":[[[-3.6592,40.40476],[-3.65992,40.40351],[-3.6601,40.40301],[-3.66165,40.40335],[-3.66113,40.40507],[-3.6592,40.40476]]]}},{"type":"Feature","properties":{"id":"2807913186"},"geometry":{"type":"Polygon","coordinates":[[[-3.65884,40.40586],[-3.65889,40.40532],[-3.6592,40.40476],[-3.66113,40.40507],[-3.66165,40.40335],[-3.66082,40.40314],[-3.66109,40.40206],[-3.66379,40.40269],[-3.66319,40.40312],[-3.66337,40.4045],[-3.66399,40.40507],[-3.66549,40.40415],[-3.66592,40.40375],[-3.66633,40.40314],[-3.66693,40.40336],[-3.66607,40.4047],[-3.66523,40.40634],[-3.65884,40.40586]]]}},{"type":"Feature","properties":{"id":"2807913187"},"geometry":{"type":"Polygon","coordinates":[[[-3.66319,40.40312],[-3.66453,40.40213],[-3.66573,40.4029],[-3.66603,40.40292],[-3.66633,40.40314],[-3.66592,40.40375],[-3.66549,40.40415],[-3.66399,40.40507],[-3.66337,40.4045],[-3.66319,40.40312]]]}},{"type":"Feature","properties":{"id":"2807913189"},"geometry":{"type":"Polygon","coordinates":[[[-3.66181,40.40228],[-3.6619,40.40169],[-3.66226,40.40124],[-3.66485,40.40184],[-3.66379,40.40269],[-3.66181,40.40228]]]}},{"type":"Feature","properties":{"id":"2807913190"},"geometry":{"type":"Polygon","coordinates":[[[-3.66604,40.40076],[-3.66485,40.40184],[-3.66234,40.40128],[-3.66171,40.40098],[-3.66261,40.39969],[-3.66488,40.40061],[-3.66604,40.40076]]]}},{"type":"Feature","properties":{"id":"2807913191"},"geometry":{"type":"Polygon","coordinates":[[[-3.6601,40.40301],[-3.66014,40.40235],[-3.66084,40.39905],[-3.66144,40.39919],[-3.66261,40.39969],[-3.66173,40.40088],[-3.66171,40.40098],[-3.66226,40.40124],[-3.6619,40.40169],[-3.66181,40.40228],[-3.66109,40.40206],[-3.66082,40.40314],[-3.6601,40.40301]]]}},{"type":"Feature","properties":{"id":"2807913192"},"geometry":{"type":"Polygon","coordinates":[[[-3.66301,40.39987],[-3.66132,40.39915],[-3.66158,40.39909],[-3.66272,40.39826],[-3.66301,40.39758],[-3.66426,40.39788],[-3.66301,40.39987]]]}},{"type":"Feature","properties":{"id":"2807913193"},"geometry":{"type":"Polygon","coordinates":[[[-3.66301,40.39987],[-3.66346,40.39912],[-3.66682,40.40009],[-3.66606,40.40076],[-3.66593,40.40076],[-3.66495,40.40063],[-3.66301,40.39987]]]}},{"type":"Feature","properties":{"id":"2807913194"},"geometry":{"type":"Polygon","coordinates":[[[-3.66346,40.39912],[-3.66408,40.39815],[-3.66538,40.39849],[-3.66773,40.39931],[-3.66682,40.40009],[-3.66346,40.39912]]]}},{"type":"Feature","properties":{"id":"2807913195"},"geometry":{"type":"Polygon","coordinates":[[[-3.66408,40.39815],[-3.66449,40.39749],[-3.66838,40.39877],[-3.66773,40.39931],[-3.66538,40.39849],[-3.66408,40.39815]]]}},{"type":"Feature","properties":{"id":"2807913196"},"geometry":{"type":"Polygon","coordinates":[[[-3.66301,40.39758],[-3.66362,40.39647],[-3.663,40.39628],[-3.66319,40.39582],[-3.66357,40.39534],[-3.66532,40.39625],[-3.66426,40.39788],[-3.66301,40.39758]]]}},{"type":"Feature","properties":{"id":"2807913197"},"geometry":{"type":"Polygon","coordinates":[[[-3.6675,40.3995],[-3.66838,40.39877],[-3.66449,40.39749],[-3.66526,40.39628],[-3.66933,40.39835],[-3.66834,40.39962],[-3.6681,40.39948],[-3.6675,40.3995]]]}},{"type":"Feature","properties":{"id":"2807913198"},"geometry":{"type":"Polygon","coordinates":[[[-3.6476,40.39184],[-3.64768,40.39065],[-3.64871,40.39106],[-3.65403,40.39156],[-3.65391,40.39274],[-3.65371,40.39343],[-3.6535,40.39379],[-3.65171,40.39327],[-3.65185,40.39292],[-3.65181,40.39265],[-3.65124,40.39224],[-3.6476,40.39184]]]}},{"type":"Feature","properties":{"id":"2807913199"},"geometry":{"type":"Polygon","coordinates":[[[-3.63762,40.38622],[-3.64041,40.38747],[-3.63925,40.38898],[-3.63643,40.38771],[-3.63762,40.38622]]]}},{"type":"Feature","properties":{"id":"2807913200"},"geometry":{"type":"Polygon","coordinates":[[[-3.64789,40.38394],[-3.64859,40.38313],[-3.65,40.38226],[-3.6508,40.3819],[-3.6517,40.38164],[-3.6529,40.38144],[-3.65288,40.38233],[-3.65208,40.38245],[-3.65058,40.38292],[-3.64965,40.3835],[-3.64885,40.38433],[-3.64789,40.38394]]]}},{"type":"Feature","properties":{"id":"2807913201"},"geometry":{"type":"Polygon","coordinates":[[[-3.64914,40.40037],[-3.65018,40.39954],[-3.65153,40.39865],[-3.65271,40.39972],[-3.65184,40.40032],[-3.65202,40.40052],[-3.65181,40.40065],[-3.65154,40.40042],[-3.65108,40.40071],[-3.6523,40.40179],[-3.65134,40.40235],[-3.64914,40.40037]]]}},{"type":"Feature","properties":{"id":"2807913202"},"geometry":{"type":"Polygon","coordinates":[[[-3.65689,40.40187],[-3.65776,40.40017],[-3.66042,40.40093],[-3.6601,40.40301],[-3.65992,40.40273],[-3.65961,40.40258],[-3.65689,40.40187]]]}},{"type":"Feature","properties":{"id":"2807913203"},"geometry":{"type":"Polygon","coordinates":[[[-3.6552,40.37965],[-3.65522,40.378],[-3.65689,40.37801],[-3.65908,40.37965],[-3.6552,40.37965]]]}},{"type":"Feature","properties":{"id":"2807913204"},"geometry":{"type":"Polygon","coordinates":[[[-3.6552,40.38141],[-3.6552,40.38048],[-3.65628,40.38047],[-3.6552,40.37965],[-3.6585,40.37968],[-3.65847,40.38143],[-3.6552,40.38141]]]}},{"type":"Feature","properties":{"id":"2807913205"},"geometry":{"type":"Polygon","coordinates":[[[-3.65738,40.38315],[-3.65738,40.38231],[-3.6552,40.38228],[-3.6552,40.38141],[-3.65847,40.38143],[-3.65848,40.38316],[-3.65738,40.38315]]]}},{"type":"Feature","properties":{"id":"2807913206"},"geometry":{"type":"Polygon","coordinates":[[[-3.664,40.38904],[-3.66099,40.38787],[-3.66364,40.38441],[-3.66374,40.3844],[-3.66427,40.38751],[-3.66472,40.38923],[-3.664,40.38904]]]}},{"type":"Feature","properties":{"id":"2807913207"},"geometry":{"type":"Polygon","coordinates":[[[-3.65961,40.38304],[-3.65966,40.3816],[-3.65994,40.38142],[-3.65985,40.38125],[-3.65965,40.38117],[-3.65967,40.38005],[-3.65946,40.37983],[-3.66035,40.38016],[-3.66189,40.38019],[-3.66192,40.38142],[-3.66247,40.38155],[-3.6629,40.38179],[-3.66331,40.38216],[-3.66365,40.3822],[-3.66374,40.3823],[-3.6637,40.38244],[-3.66324,40.3826],[-3.66286,40.38318],[-3.65984,40.38319],[-3.65961,40.38304]]]}},{"type":"Feature","properties":{"id":"2807913208"},"geometry":{"type":"Polygon","coordinates":[[[-3.65286,40.37966],[-3.65298,40.37732],[-3.6532,40.37689],[-3.6529,40.37687],[-3.65283,40.37668],[-3.65358,40.37636],[-3.65401,40.37601],[-3.6569,40.37627],[-3.6593,40.37679],[-3.65848,40.37769],[-3.65801,40.37837],[-3.65766,40.37861],[-3.65689,40.37801],[-3.65522,40.378],[-3.6552,40.37965],[-3.65286,40.37966]]]}},{"type":"Feature","properties":{"id":"2807913209"},"geometry":{"type":"Polygon","coordinates":[[[-3.6529,40.38144],[-3.65286,40.37966],[-3.6552,40.37965],[-3.65628,40.38047],[-3.6552,40.38048],[-3.6552,40.38141],[-3.6529,40.38144]]]}},{"type":"Feature","properties":{"id":"2807913210"},"geometry":{"type":"Polygon","coordinates":[[[-3.65306,40.38407],[-3.65288,40.38233],[-3.6529,40.38144],[-3.6552,40.38141],[-3.6552,40.38228],[-3.65738,40.38231],[-3.65738,40.38315],[-3.65564,40.38316],[-3.65555,40.38406],[-3.65536,40.38425],[-3.65504,40.38408],[-3.65306,40.38407]]]}},{"type":"Feature","properties":{"id":"2807913211"},"geometry":{"type":"Polygon","coordinates":[[[-3.6505,40.38125],[-3.65156,40.38097],[-3.6519,40.38066],[-3.65189,40.37952],[-3.65133,40.37878],[-3.6529,40.378],[-3.6529,40.38144],[-3.65211,40.38154],[-3.6508,40.3819],[-3.6505,40.38125]]]}},{"type":"Feature","properties":{"id":"2807913212"},"geometry":{"type":"Polygon","coordinates":[[[-3.65768,40.39805],[-3.65868,40.3984],[-3.65776,40.40017],[-3.65675,40.39986],[-3.65768,40.39805]]]}},{"type":"Feature","properties":{"id":"2807913213"},"geometry":{"type":"Polygon","coordinates":[[[-3.65848,40.38316],[-3.6585,40.37968],[-3.65908,40.37965],[-3.65946,40.37983],[-3.65967,40.38005],[-3.65965,40.38117],[-3.65985,40.38125],[-3.65994,40.38142],[-3.65966,40.3816],[-3.65961,40.38304],[-3.65938,40.38316],[-3.65848,40.38316]]]}},{"type":"Feature","properties":{"id":"2807913214"},"geometry":{"type":"Polygon","coordinates":[[[-3.6493,40.38384],[-3.64965,40.3835],[-3.65058,40.38292],[-3.65208,40.38245],[-3.65288,40.38233],[-3.65306,40.38407],[-3.65198,40.38422],[-3.65139,40.38449],[-3.65114,40.38471],[-3.6493,40.38384]]]}},{"type":"Feature","properties":{"id":"2807913215"},"geometry":{"type":"Polygon","coordinates":[[[-3.63867,40.38669],[-3.63674,40.38582],[-3.63798,40.3842],[-3.63985,40.38501],[-3.63867,40.38669]]]}},{"type":"Feature","properties":{"id":"2807913216"},"geometry":{"type":"Polygon","coordinates":[[[-3.62972,40.38264],[-3.6313,40.38224],[-3.6324,40.38209],[-3.63376,40.38205],[-3.63301,40.3801],[-3.64936,40.37638],[-3.65161,40.37607],[-3.65401,40.37601],[-3.65358,40.37636],[-3.65283,40.37668],[-3.6529,40.37687],[-3.6532,40.37689],[-3.65298,40.37732],[-3.6529,40.378],[-3.6502,40.37929],[-3.64685,40.38064],[-3.64565,40.38091],[-3.6424,40.38129],[-3.64102,40.38176],[-3.6403,40.38212],[-3.63947,40.38264],[-3.63872,40.38334],[-3.63674,40.38582],[-3.63511,40.38526],[-3.63299,40.38411],[-3.62972,40.38264]]]}},{"type":"Feature","properties":{"id":"2807913217"},"geometry":{"type":"Polygon","coordinates":[[[-3.66453,40.40213],[-3.6675,40.3995],[-3.6681,40.39948],[-3.66834,40.39962],[-3.66773,40.40071],[-3.66693,40.40336],[-3.66633,40.40314],[-3.66603,40.40292],[-3.66573,40.4029],[-3.66453,40.40213]]]}},{"type":"Feature","properties":{"id":"2807914002"},"geometry":{"type":"Polygon","coordinates":[[[-3.63517,40.39734],[-3.63375,40.39683],[-3.63326,40.39646],[-3.6326,40.3953],[-3.63235,40.39436],[-3.63252,40.39395],[-3.63282,40.3937],[-3.63379,40.39339],[-3.63894,40.39452],[-3.63884,40.39496],[-3.63852,40.39551],[-3.63767,40.39523],[-3.63586,40.39651],[-3.63607,40.39671],[-3.63517,40.39734]]]}},{"type":"Feature","properties":{"id":"2807914003"},"geometry":{"type":"Polygon","coordinates":[[[-3.63366,40.39745],[-3.6342,40.39702],[-3.63517,40.39734],[-3.63607,40.39671],[-3.63586,40.39651],[-3.63767,40.39523],[-3.63852,40.39551],[-3.63884,40.39496],[-3.63894,40.39452],[-3.63998,40.39475],[-3.63958,40.39585],[-3.6362,40.40094],[-3.63227,40.39984],[-3.63283,40.39854],[-3.63366,40.39745]]]}},{"type":"Feature","properties":{"id":"2807914004"},"geometry":{"type":"Polygon","coordinates":[[[-3.63184,40.4012],[-3.63227,40.39984],[-3.63395,40.40027],[-3.63271,40.40202],[-3.63328,40.40228],[-3.63228,40.40379],[-3.63162,40.4038],[-3.63164,40.40242],[-3.63184,40.4012]]]}},{"type":"Feature","properties":{"id":"2807914005"},"geometry":{"type":"Polygon","coordinates":[[[-3.63487,40.40294],[-3.63271,40.40202],[-3.63395,40.40027],[-3.6362,40.40094],[-3.63487,40.40294]]]}},{"type":"Feature","properties":{"id":"2807914006"},"geometry":{"type":"Polygon","coordinates":[[[-3.63328,40.40228],[-3.63487,40.40294],[-3.63432,40.40376],[-3.63228,40.40379],[-3.63328,40.40228]]]}},{"type":"Feature","properties":{"id":"2807914010"},"geometry":{"type":"Polygon","coordinates":[[[-3.63816,40.41176],[-3.63727,40.41048],[-3.63786,40.41013],[-3.63756,40.40952],[-3.63769,40.40921],[-3.63748,40.40882],[-3.63833,40.40904],[-3.63843,40.40936],[-3.6389,40.41158],[-3.63872,40.41177],[-3.63816,40.41176]]]}},{"type":"Feature","properties":{"id":"2807914012"},"geometry":{"type":"Polygon","coordinates":[[[-3.63833,40.40904],[-3.63515,40.40823],[-3.63503,40.40682],[-3.63589,40.40713],[-3.63768,40.40651],[-3.63833,40.40904]]]}},{"type":"Feature","properties":{"id":"2807914013"},"geometry":{"type":"Polygon","coordinates":[[[-3.63833,40.40904],[-3.63768,40.40651],[-3.63908,40.40591],[-3.63945,40.40589],[-3.6397,40.40735],[-3.64036,40.40865],[-3.64122,40.40978],[-3.63833,40.40904]]]}},{"type":"Feature","properties":{"id":"2807914014"},"geometry":{"type":"Polygon","coordinates":[[[-3.64122,40.40978],[-3.64363,40.40878],[-3.64391,40.40918],[-3.64237,40.40981],[-3.64185,40.41039],[-3.64122,40.40978]]]}},{"type":"Feature","properties":{"id":"2807914015"},"geometry":{"type":"Polygon","coordinates":[[[-3.64185,40.41039],[-3.64237,40.40981],[-3.64391,40.40918],[-3.64363,40.40878],[-3.64578,40.4079],[-3.64766,40.40886],[-3.64715,40.40946],[-3.64618,40.40898],[-3.64427,40.41136],[-3.64298,40.411],[-3.64185,40.41039]]]}},{"type":"Feature","properties":{"id":"2807914016"},"geometry":{"type":"Polygon","coordinates":[[[-3.64427,40.41136],[-3.64618,40.40898],[-3.64664,40.40922],[-3.64478,40.41146],[-3.64427,40.41136]]]}},{"type":"Feature","properties":{"id":"2807914017"},"geometry":{"type":"Polygon","coordinates":[[[-3.64478,40.41146],[-3.64664,40.40922],[-3.64715,40.40946],[-3.64535,40.41158],[-3.64478,40.41146]]]}},{"type":"Feature","properties":{"id":"2807914018"},"geometry":{"type":"Polygon","coordinates":[[[-3.64535,40.41158],[-3.64715,40.40946],[-3.64804,40.40998],[-3.64649,40.41181],[-3.64535,40.41158]]]}},{"type":"Feature","properties":{"id":"2807914020"},"geometry":{"type":"Polygon","coordinates":[[[-3.64649,40.41181],[-3.64804,40.40998],[-3.6484,40.41017],[-3.64852,40.41011],[-3.64973,40.41067],[-3.64912,40.41155],[-3.64905,40.41236],[-3.64649,40.41181]]]}},{"type":"Feature","properties":{"id":"2807914021"},"geometry":{"type":"Polygon","coordinates":[[[-3.6484,40.41017],[-3.64715,40.40946],[-3.64766,40.40886],[-3.64979,40.40959],[-3.64914,40.41027],[-3.64913,40.41038],[-3.64852,40.41011],[-3.6484,40.41017]]]}},{"type":"Feature","properties":{"id":"2807914022"},"geometry":{"type":"Polygon","coordinates":[[[-3.64578,40.4079],[-3.64761,40.40714],[-3.64795,40.40764],[-3.6483,40.40749],[-3.64852,40.40789],[-3.64766,40.40886],[-3.64578,40.4079]]]}},{"type":"Feature","properties":{"id":"2807914024"},"geometry":{"type":"Polygon","coordinates":[[[-3.64852,40.40789],[-3.6483,40.40749],[-3.64795,40.40764],[-3.64761,40.40714],[-3.651,40.40575],[-3.65161,40.40653],[-3.6489,40.40764],[-3.64852,40.40789]]]}},{"type":"Feature","properties":{"id":"2807914025"},"geometry":{"type":"Polygon","coordinates":[[[-3.64766,40.40886],[-3.64868,40.40776],[-3.65161,40.40653],[-3.65211,40.40716],[-3.65158,40.40738],[-3.65091,40.40887],[-3.64959,40.40833],[-3.64934,40.40835],[-3.64919,40.40859],[-3.64927,40.40862],[-3.64918,40.4094],[-3.64766,40.40886]]]}},{"type":"Feature","properties":{"id":"2807914026"},"geometry":{"type":"Polygon","coordinates":[[[-3.6508,40.40908],[-3.65158,40.40738],[-3.65211,40.40716],[-3.65278,40.40821],[-3.65239,40.40837],[-3.65212,40.4089],[-3.65201,40.40892],[-3.65191,40.40915],[-3.65181,40.40905],[-3.65154,40.40958],[-3.65106,40.40944],[-3.6512,40.40915],[-3.6508,40.40908]]]}},{"type":"Feature","properties":{"id":"2807914027"},"geometry":{"type":"Polygon","coordinates":[[[-3.65248,40.41033],[-3.64918,40.4094],[-3.64927,40.40862],[-3.64919,40.40859],[-3.64934,40.40835],[-3.64959,40.40833],[-3.65091,40.40887],[-3.6508,40.40908],[-3.6512,40.40915],[-3.65106,40.40944],[-3.65154,40.40958],[-3.65181,40.40905],[-3.65191,40.40915],[-3.65201,40.40892],[-3.65212,40.4089],[-3.65239,40.40837],[-3.65278,40.40821],[-3.6531,40.40891],[-3.65248,40.41033]]]}},{"type":"Feature","properties":{"id":"2807914028"},"geometry":{"type":"Polygon","coordinates":[[[-3.6491,40.41178],[-3.64918,40.41145],[-3.64973,40.41071],[-3.64911,40.41032],[-3.64979,40.40959],[-3.65152,40.41008],[-3.65111,40.41088],[-3.65069,40.41082],[-3.65013,40.41184],[-3.64968,40.41171],[-3.64959,40.41186],[-3.6491,40.41178]]]}},{"type":"Feature","properties":{"id":"2807914029"},"geometry":{"type":"Polygon","coordinates":[[[-3.6491,40.41178],[-3.64959,40.41186],[-3.64968,40.41171],[-3.65013,40.41184],[-3.65069,40.41082],[-3.65111,40.41088],[-3.65152,40.41008],[-3.65248,40.41033],[-3.65162,40.41228],[-3.64905,40.41236],[-3.6491,40.41178]]]}},{"type":"Feature","properties":{"id":"2807914030"},"geometry":{"type":"Polygon","coordinates":[[[-3.65162,40.41228],[-3.65308,40.40896],[-3.65347,40.40897],[-3.65452,40.40965],[-3.65604,40.41012],[-3.65397,40.4123],[-3.65314,40.4122],[-3.65162,40.41228]]]}},{"type":"Feature","properties":{"id":"2807914031"},"geometry":{"type":"Polygon","coordinates":[[[-3.65474,40.40974],[-3.6549,40.40948],[-3.65473,40.40927],[-3.65483,40.40909],[-3.6541,40.40881],[-3.65437,40.40837],[-3.65452,40.40843],[-3.65482,40.40807],[-3.65525,40.40841],[-3.65586,40.40869],[-3.65651,40.4088],[-3.65717,40.4088],[-3.65667,40.40952],[-3.65604,40.41012],[-3.65474,40.40974]]]}},{"type":"Feature","properties":{"id":"2807914032"},"geometry":{"type":"Polygon","coordinates":[[[-3.65308,40.40896],[-3.65309,40.4088],[-3.65252,40.40774],[-3.65328,40.40758],[-3.65378,40.40757],[-3.65442,40.40776],[-3.65482,40.40807],[-3.65452,40.40843],[-3.65437,40.40837],[-3.6541,40.40881],[-3.65483,40.40909],[-3.65473,40.40927],[-3.6549,40.40948],[-3.65474,40.40974],[-3.65423,40.4095],[-3.65347,40.40897],[-3.65308,40.40896]]]}},{"type":"Feature","properties":{"id":"2807914033"},"geometry":{"type":"Polygon","coordinates":[[[-3.65252,40.40774],[-3.65161,40.40653],[-3.65237,40.40614],[-3.65464,40.40662],[-3.65457,40.40676],[-3.65434,40.40676],[-3.65405,40.40763],[-3.65352,40.40756],[-3.65252,40.40774]]]}},{"type":"Feature","properties":{"id":"2807914034"},"geometry":{"type":"Polygon","coordinates":[[[-3.65161,40.40653],[-3.65115,40.40592],[-3.65195,40.4056],[-3.65291,40.40571],[-3.65515,40.40625],[-3.65501,40.40651],[-3.65464,40.40662],[-3.65247,40.40614],[-3.65161,40.40653]]]}},{"type":"Feature","properties":{"id":"2807914035"},"geometry":{"type":"Polygon","coordinates":[[[-3.65565,40.40862],[-3.65442,40.40776],[-3.65405,40.40763],[-3.65434,40.40676],[-3.65457,40.40676],[-3.65567,40.40712],[-3.65595,40.40752],[-3.65565,40.40862]]]}},{"type":"Feature","properties":{"id":"2807914036"},"geometry":{"type":"Polygon","coordinates":[[[-3.65565,40.40862],[-3.65595,40.40752],[-3.65567,40.40712],[-3.65457,40.40676],[-3.65464,40.40662],[-3.65501,40.40651],[-3.65515,40.40625],[-3.65845,40.40694],[-3.65717,40.4088],[-3.65651,40.4088],[-3.65565,40.40862]]]}},{"type":"Feature","properties":{"id":"2807914037"},"geometry":{"type":"Polygon","coordinates":[[[-3.65814,40.4082],[-3.65767,40.40807],[-3.65845,40.40694],[-3.65885,40.40711],[-3.66202,40.40792],[-3.66122,40.40864],[-3.66057,40.40909],[-3.66049,40.40865],[-3.66035,40.40857],[-3.65992,40.40852],[-3.65861,40.40814],[-3.65814,40.4082]]]}},{"type":"Feature","properties":{"id":"2807914038"},"geometry":{"type":"Polygon","coordinates":[[[-3.65814,40.4082],[-3.65861,40.40814],[-3.65992,40.40852],[-3.66035,40.40857],[-3.66049,40.40865],[-3.66057,40.40909],[-3.65852,40.41007],[-3.65814,40.40987],[-3.65821,40.40953],[-3.65807,40.4095],[-3.65817,40.40897],[-3.65797,40.40893],[-3.65814,40.4082]]]}},{"type":"Feature","properties":{"id":"2807914039"},"geometry":{"type":"Polygon","coordinates":[[[-3.65548,40.41066],[-3.65667,40.40952],[-3.65767,40.40807],[-3.65814,40.4082],[-3.65797,40.40893],[-3.65817,40.40897],[-3.65807,40.4095],[-3.65821,40.40953],[-3.65814,40.40987],[-3.65852,40.41007],[-3.65825,40.41063],[-3.65548,40.41066]]]}},{"type":"Feature","properties":{"id":"2807914040"},"geometry":{"type":"Polygon","coordinates":[[[-3.65864,40.41397],[-3.65504,40.41264],[-3.65544,40.41206],[-3.65699,40.41204],[-3.65723,40.41225],[-3.65803,40.41227],[-3.65825,40.41063],[-3.66288,40.41096],[-3.66141,40.41329],[-3.66038,40.41388],[-3.66,40.41401],[-3.65928,40.41409],[-3.65864,40.41397]]]}},{"type":"Feature","properties":{"id":"2807914041"},"geometry":{"type":"Polygon","coordinates":[[[-3.65825,40.41063],[-3.65856,40.41004],[-3.66057,40.40909],[-3.6607,40.40922],[-3.66134,40.4094],[-3.66118,40.41081],[-3.65825,40.41063]]]}},{"type":"Feature","properties":{"id":"2807914042"},"geometry":{"type":"Polygon","coordinates":[[[-3.66118,40.41081],[-3.66134,40.4094],[-3.6607,40.40922],[-3.66057,40.40909],[-3.66122,40.40864],[-3.66202,40.40792],[-3.66294,40.40813],[-3.66295,40.40774],[-3.66303,40.40772],[-3.66333,40.40841],[-3.6639,40.40883],[-3.66288,40.41096],[-3.66118,40.41081]]]}},{"type":"Feature","properties":{"id":"2807914043"},"geometry":{"type":"Polygon","coordinates":[[[-3.66294,40.40813],[-3.65885,40.40711],[-3.65845,40.40694],[-3.65642,40.40656],[-3.65291,40.40571],[-3.65195,40.4056],[-3.65155,40.40518],[-3.65152,40.4049],[-3.65012,40.40454],[-3.65016,40.40445],[-3.64972,40.40434],[-3.65022,40.4034],[-3.65122,40.40366],[-3.65048,40.40279],[-3.65134,40.40235],[-3.65374,40.40444],[-3.65494,40.40509],[-3.65619,40.40552],[-3.65737,40.40573],[-3.66523,40.40634],[-3.6639,40.40883],[-3.66333,40.40841],[-3.66303,40.40772],[-3.66295,40.40774],[-3.66294,40.40813]]]}},{"type":"Feature","properties":{"id":"2807914044"},"geometry":{"type":"Polygon","coordinates":[[[-3.65115,40.40592],[-3.65082,40.40534],[-3.64825,40.40417],[-3.64881,40.40285],[-3.6494,40.40315],[-3.65022,40.4034],[-3.64972,40.40434],[-3.65016,40.40445],[-3.65012,40.40454],[-3.65152,40.4049],[-3.65155,40.40518],[-3.65195,40.4056],[-3.65115,40.40592]]]}},{"type":"Feature","properties":{"id":"2807914045"},"geometry":{"type":"Polygon","coordinates":[[[-3.65122,40.40366],[-3.64902,40.40298],[-3.64825,40.4024],[-3.64725,40.40197],[-3.64722,40.40105],[-3.64786,40.40119],[-3.64846,40.40153],[-3.64965,40.40272],[-3.65005,40.40282],[-3.65048,40.40279],[-3.65122,40.40366]]]}},{"type":"Feature","properties":{"id":"2807914046"},"geometry":{"type":"Polygon","coordinates":[[[-3.64725,40.40197],[-3.64617,40.40179],[-3.64588,40.40182],[-3.64548,40.40197],[-3.64518,40.4024],[-3.64473,40.40225],[-3.64459,40.40211],[-3.64453,40.4017],[-3.6448,40.40132],[-3.64533,40.40117],[-3.64528,40.40075],[-3.64754,40.40029],[-3.6482,40.4003],[-3.64877,40.40059],[-3.64914,40.40037],[-3.65134,40.40235],[-3.65048,40.40279],[-3.65005,40.40282],[-3.64965,40.40272],[-3.64846,40.40153],[-3.64786,40.40119],[-3.64722,40.40105],[-3.64725,40.40197]]]}},{"type":"Feature","properties":{"id":"2807914047"},"geometry":{"type":"Polygon","coordinates":[[[-3.64783,40.40398],[-3.64744,40.4033],[-3.64718,40.403],[-3.64707,40.40302],[-3.64677,40.40274],[-3.64656,40.40281],[-3.6462,40.40257],[-3.64518,40.4024],[-3.64548,40.40197],[-3.64613,40.40179],[-3.64725,40.40197],[-3.64825,40.4024],[-3.64881,40.40285],[-3.64825,40.40417],[-3.64783,40.40398]]]}},{"type":"Feature","properties":{"id":"2807914048"},"geometry":{"type":"Polygon","coordinates":[[[-3.64441,40.40348],[-3.64385,40.40326],[-3.64477,40.40285],[-3.64462,40.40261],[-3.64518,40.4024],[-3.64579,40.40249],[-3.6462,40.40257],[-3.64656,40.40281],[-3.64677,40.40274],[-3.64707,40.40302],[-3.64718,40.403],[-3.64783,40.40398],[-3.64678,40.40366],[-3.64441,40.40348]]]}},{"type":"Feature","properties":{"id":"2807914049"},"geometry":{"type":"Polygon","coordinates":[[[-3.64316,40.40302],[-3.64311,40.4008],[-3.64402,40.40084],[-3.64528,40.40075],[-3.64533,40.40117],[-3.6448,40.40132],[-3.64453,40.4017],[-3.64459,40.40211],[-3.64473,40.40225],[-3.64518,40.4024],[-3.64462,40.40261],[-3.64477,40.40285],[-3.64385,40.40326],[-3.64316,40.40302]]]}},{"type":"Feature","properties":{"id":"2807914050"},"geometry":{"type":"Polygon","coordinates":[[[-3.64015,40.40248],[-3.64174,40.40129],[-3.64162,40.40119],[-3.64233,40.4007],[-3.64186,40.40032],[-3.64216,40.40013],[-3.64311,40.4008],[-3.64316,40.40302],[-3.64224,40.40265],[-3.64015,40.40248]]]}},{"type":"Feature","properties":{"id":"2807914051"},"geometry":{"type":"Polygon","coordinates":[[[-3.64311,40.4008],[-3.64157,40.39973],[-3.64214,40.39936],[-3.64254,40.39959],[-3.64381,40.39887],[-3.64493,40.39992],[-3.64511,40.39996],[-3.64477,40.40018],[-3.64463,40.39998],[-3.6443,40.40014],[-3.64405,40.39991],[-3.64362,40.40018],[-3.64399,40.40059],[-3.64402,40.40084],[-3.64311,40.4008]]]}},{"type":"Feature","properties":{"id":"2807914052"},"geometry":{"type":"Polygon","coordinates":[[[-3.64477,40.40018],[-3.64644,40.39908],[-3.64668,40.39929],[-3.64672,40.39908],[-3.6472,40.39861],[-3.64914,40.40037],[-3.64877,40.40059],[-3.6482,40.4003],[-3.64754,40.40029],[-3.64583,40.40067],[-3.64402,40.40084],[-3.64399,40.40059],[-3.64362,40.40018],[-3.64405,40.39991],[-3.6443,40.40014],[-3.64463,40.39998],[-3.64477,40.40018]]]}},{"type":"Feature","properties":{"id":"2807914053"},"geometry":{"type":"Polygon","coordinates":[[[-3.64381,40.39887],[-3.64417,40.39865],[-3.64381,40.39828],[-3.6439,40.39793],[-3.64538,40.39699],[-3.6472,40.39861],[-3.64672,40.39908],[-3.64668,40.39929],[-3.64644,40.39908],[-3.64511,40.39996],[-3.64493,40.39992],[-3.64381,40.39887]]]}},{"type":"Feature","properties":{"id":"2807914054"},"geometry":{"type":"Polygon","coordinates":[[[-3.64109,40.39944],[-3.64233,40.39854],[-3.64232,40.39839],[-3.64191,40.39807],[-3.64213,40.39794],[-3.64189,40.3977],[-3.64176,40.39778],[-3.64152,40.39755],[-3.64206,40.39724],[-3.64205,40.39715],[-3.64231,40.39691],[-3.64388,40.39592],[-3.64465,40.39638],[-3.64538,40.39699],[-3.6439,40.39793],[-3.64381,40.39828],[-3.64417,40.39865],[-3.64254,40.39959],[-3.64214,40.39936],[-3.64157,40.39973],[-3.64109,40.39944]]]}},{"type":"Feature","properties":{"id":"2807914055"},"geometry":{"type":"Polygon","coordinates":[[[-3.63796,40.39826],[-3.63958,40.39585],[-3.63998,40.39475],[-3.6421,40.39522],[-3.64388,40.39592],[-3.64231,40.39691],[-3.64205,40.39715],[-3.64206,40.39724],[-3.64152,40.39755],[-3.64176,40.39778],[-3.64159,40.39789],[-3.64149,40.39781],[-3.6412,40.39801],[-3.64146,40.39826],[-3.641,40.39836],[-3.64043,40.39786],[-3.64019,40.39779],[-3.63954,40.39878],[-3.63796,40.39826]]]}},{"type":"Feature","properties":{"id":"2807914056"},"geometry":{"type":"Polygon","coordinates":[[[-3.64109,40.39944],[-3.63954,40.39878],[-3.64019,40.39779],[-3.64043,40.39786],[-3.641,40.39836],[-3.64146,40.39826],[-3.6412,40.39801],[-3.64149,40.39781],[-3.64159,40.39789],[-3.64189,40.3977],[-3.64213,40.39794],[-3.64191,40.39807],[-3.64232,40.39839],[-3.64225,40.39864],[-3.64109,40.39944]]]}},{"type":"Feature","properties":{"id":"2807914057"},"geometry":{"type":"Polygon","coordinates":[[[-3.63987,40.40094],[-3.639,40.40031],[-3.63911,40.4002],[-3.63908,40.40005],[-3.64035,40.39909],[-3.64109,40.39944],[-3.64216,40.40013],[-3.64186,40.40032],[-3.64233,40.4007],[-3.64162,40.40119],[-3.64174,40.40129],[-3.6415,40.40146],[-3.64043,40.40045],[-3.63987,40.40094]]]}},{"type":"Feature","properties":{"id":"2807914058"},"geometry":{"type":"Polygon","coordinates":[[[-3.63963,40.40234],[-3.63787,40.4016],[-3.63927,40.4005],[-3.63987,40.40094],[-3.64043,40.40045],[-3.6415,40.40146],[-3.64015,40.40248],[-3.63963,40.40234]]]}},{"type":"Feature","properties":{"id":"2807914059"},"geometry":{"type":"Polygon","coordinates":[[[-3.6362,40.40094],[-3.63796,40.39826],[-3.64035,40.39909],[-3.6392,40.39991],[-3.639,40.40031],[-3.63927,40.4005],[-3.63787,40.4016],[-3.6362,40.40094]]]}},{"type":"Feature","properties":{"id":"2807914060"},"geometry":{"type":"Polygon","coordinates":[[[-3.63432,40.40376],[-3.6362,40.40094],[-3.6385,40.40187],[-3.6374,40.40243],[-3.63797,40.40293],[-3.63642,40.4039],[-3.63531,40.40374],[-3.63432,40.40376]]]}},{"type":"Feature","properties":{"id":"2807914061"},"geometry":{"type":"Polygon","coordinates":[[[-3.63908,40.40591],[-3.63774,40.40458],[-3.63719,40.40422],[-3.63642,40.4039],[-3.63797,40.40293],[-3.63962,40.4045],[-3.64007,40.40423],[-3.64123,40.40535],[-3.63945,40.40589],[-3.63908,40.40591]]]}},{"type":"Feature","properties":{"id":"2807914062"},"geometry":{"type":"Polygon","coordinates":[[[-3.63962,40.4045],[-3.6374,40.40243],[-3.6385,40.40187],[-3.63963,40.40234],[-3.63933,40.40259],[-3.64113,40.40429],[-3.64053,40.40466],[-3.64007,40.40423],[-3.63962,40.4045]]]}},{"type":"Feature","properties":{"id":"2807914063"},"geometry":{"type":"Polygon","coordinates":[[[-3.64053,40.40466],[-3.64113,40.40429],[-3.63933,40.40259],[-3.63963,40.40234],[-3.6403,40.40251],[-3.64224,40.40265],[-3.64316,40.40302],[-3.64169,40.40519],[-3.64123,40.40535],[-3.64053,40.40466]]]}},{"type":"Feature","properties":{"id":"2807914064"},"geometry":{"type":"Polygon","coordinates":[[[-3.64166,40.40675],[-3.64134,40.40622],[-3.6412,40.40626],[-3.64067,40.40552],[-3.64169,40.40519],[-3.64216,40.40452],[-3.64321,40.4051],[-3.64405,40.40445],[-3.64452,40.4047],[-3.64457,40.40526],[-3.64448,40.40554],[-3.64357,40.40644],[-3.64309,40.40613],[-3.64166,40.40675]]]}},{"type":"Feature","properties":{"id":"2807914065"},"geometry":{"type":"Polygon","coordinates":[[[-3.64216,40.40452],[-3.64316,40.40302],[-3.64441,40.40348],[-3.64452,40.4047],[-3.64405,40.40445],[-3.64321,40.4051],[-3.64216,40.40452]]]}},{"type":"Feature","properties":{"id":"2807914067"},"geometry":{"type":"Polygon","coordinates":[[[-3.64589,40.40545],[-3.64473,40.40514],[-3.64455,40.40494],[-3.64441,40.40348],[-3.64678,40.40366],[-3.64734,40.40378],[-3.64825,40.40417],[-3.64792,40.40506],[-3.64746,40.40484],[-3.64721,40.4051],[-3.64685,40.40507],[-3.64661,40.40542],[-3.64598,40.40525],[-3.64589,40.40545]]]}},{"type":"Feature","properties":{"id":"2807914069"},"geometry":{"type":"Polygon","coordinates":[[[-3.64774,40.40557],[-3.64825,40.40417],[-3.65082,40.40534],[-3.651,40.40575],[-3.64761,40.40714],[-3.64834,40.40577],[-3.64774,40.40557]]]}},{"type":"Feature","properties":{"id":"2807914070"},"geometry":{"type":"Polygon","coordinates":[[[-3.64527,40.40753],[-3.64619,40.40707],[-3.64663,40.40627],[-3.64567,40.40594],[-3.64598,40.40525],[-3.64661,40.40542],[-3.64685,40.40507],[-3.64721,40.4051],[-3.64746,40.40484],[-3.64792,40.40506],[-3.64774,40.40557],[-3.64834,40.40577],[-3.64761,40.40714],[-3.64578,40.4079],[-3.64527,40.40753]]]}},{"type":"Feature","properties":{"id":"2807914071"},"geometry":{"type":"Polygon","coordinates":[[[-3.64527,40.40753],[-3.64357,40.40644],[-3.64448,40.40554],[-3.64455,40.40494],[-3.64473,40.40514],[-3.64589,40.40545],[-3.64567,40.40594],[-3.64663,40.40627],[-3.64619,40.40707],[-3.64527,40.40753]]]}},{"type":"Feature","properties":{"id":"2807914072"},"geometry":{"type":"Polygon","coordinates":[[[-3.6432,40.40895],[-3.64255,40.40795],[-3.64365,40.4075],[-3.64434,40.40694],[-3.64578,40.4079],[-3.6432,40.40895]]]}},{"type":"Feature","properties":{"id":"2807914073"},"geometry":{"type":"Polygon","coordinates":[[[-3.64255,40.40795],[-3.64166,40.40675],[-3.64309,40.40613],[-3.64434,40.40694],[-3.64365,40.4075],[-3.64255,40.40795]]]}},{"type":"Feature","properties":{"id":"2807914075"},"geometry":{"type":"Polygon","coordinates":[[[-3.63945,40.40589],[-3.64067,40.40552],[-3.6412,40.40626],[-3.64134,40.40622],[-3.64166,40.40675],[-3.63978,40.40751],[-3.63956,40.40692],[-3.63945,40.40589]]]}},{"type":"Feature","properties":{"id":"2807914076"},"geometry":{"type":"Polygon","coordinates":[[[-3.63978,40.40751],[-3.64166,40.40675],[-3.64231,40.40759],[-3.64025,40.40846],[-3.63978,40.40751]]]}},{"type":"Feature","properties":{"id":"2807914077"},"geometry":{"type":"Polygon","coordinates":[[[-3.64025,40.40846],[-3.64231,40.40759],[-3.6432,40.40895],[-3.64122,40.40978],[-3.64025,40.40846]]]}},{"type":"Feature","properties":{"id":"2807914079"},"geometry":{"type":"Polygon","coordinates":[[[-3.62818,40.40384],[-3.62771,40.40365],[-3.62761,40.40345],[-3.62972,40.3994],[-3.62693,40.39867],[-3.62773,40.39643],[-3.62979,40.39252],[-3.63379,40.39339],[-3.63282,40.3937],[-3.63252,40.39395],[-3.63235,40.39436],[-3.63244,40.39484],[-3.63296,40.39606],[-3.63342,40.3966],[-3.6342,40.39702],[-3.63348,40.39765],[-3.63275,40.39868],[-3.63184,40.4012],[-3.63069,40.40093],[-3.62924,40.40383],[-3.62818,40.40384]]]}},{"type":"Feature","properties":{"id":"2807914080"},"geometry":{"type":"Polygon","coordinates":[[[-3.6365,40.4102],[-3.63672,40.41004],[-3.63653,40.4096],[-3.63682,40.40867],[-3.63748,40.40882],[-3.63769,40.40921],[-3.63756,40.40952],[-3.63786,40.41013],[-3.63727,40.41048],[-3.63767,40.41102],[-3.63716,40.41117],[-3.6365,40.4102]]]}},{"type":"Feature","properties":{"id":"2807914081"},"geometry":{"type":"Polygon","coordinates":[[[-3.62968,40.41047],[-3.63039,40.40919],[-3.63258,40.4099],[-3.63196,40.41049],[-3.6315,40.41117],[-3.62968,40.41047]]]}},{"type":"Feature","properties":{"id":"2807914082"},"geometry":{"type":"Polygon","coordinates":[[[-3.65629,40.41812],[-3.65649,40.41757],[-3.65767,40.41672],[-3.6578,40.41653],[-3.65782,40.4164],[-3.6575,40.41596],[-3.65775,40.41483],[-3.65762,40.41396],[-3.65787,40.41367],[-3.65864,40.41397],[-3.65961,40.41408],[-3.66025,40.41394],[-3.66141,40.41329],[-3.65928,40.41678],[-3.65888,40.41777],[-3.65871,40.41862],[-3.65792,40.41838],[-3.65629,40.41812]]]}},{"type":"Feature","properties":{"id":"2807914083"},"geometry":{"type":"Polygon","coordinates":[[[-3.65003,40.41614],[-3.65067,40.41532],[-3.65397,40.4123],[-3.65787,40.41367],[-3.65762,40.41396],[-3.65775,40.41483],[-3.6575,40.41596],[-3.65782,40.4164],[-3.6578,40.41653],[-3.65767,40.41672],[-3.65649,40.41757],[-3.65629,40.41812],[-3.6553,40.41795],[-3.65003,40.41614]]]}},{"type":"Feature","properties":{"id":"2807914084"},"geometry":{"type":"Polygon","coordinates":[[[-3.65397,40.4123],[-3.65548,40.41066],[-3.65825,40.41063],[-3.65803,40.41227],[-3.65723,40.41225],[-3.65699,40.41204],[-3.65544,40.41206],[-3.65504,40.41264],[-3.65397,40.4123]]]}},{"type":"Feature","properties":{"id":"2807914085"},"geometry":{"type":"Polygon","coordinates":[[[-3.63439,40.40969],[-3.63515,40.40823],[-3.63682,40.40867],[-3.63653,40.4096],[-3.63672,40.41004],[-3.6365,40.4102],[-3.63542,40.41063],[-3.63518,40.41028],[-3.63503,40.41032],[-3.63478,40.40985],[-3.63439,40.40969]]]}},{"type":"Feature","properties":{"id":"2807914086"},"geometry":{"type":"Polygon","coordinates":[[[-3.63126,40.40761],[-3.63432,40.40376],[-3.63597,40.4038],[-3.63688,40.40407],[-3.63799,40.40478],[-3.63908,40.40591],[-3.63785,40.40647],[-3.63592,40.40712],[-3.6356,40.40707],[-3.63503,40.40682],[-3.63515,40.40823],[-3.63126,40.40761]]]}},{"type":"Feature","properties":{"id":"2807914087"},"geometry":{"type":"Polygon","coordinates":[[[-3.635,40.41138],[-3.63513,40.41078],[-3.6365,40.4102],[-3.63716,40.41117],[-3.63767,40.41102],[-3.63816,40.41176],[-3.635,40.41138]]]}},{"type":"Feature","properties":{"id":"2807914088"},"geometry":{"type":"Polygon","coordinates":[[[-3.63184,40.4012],[-3.63164,40.40242],[-3.63162,40.4038],[-3.62924,40.40383],[-3.63069,40.40093],[-3.63184,40.4012]]]}},{"type":"Feature","properties":{"id":"2807914089"},"geometry":{"type":"Polygon","coordinates":[[[-3.62871,40.40706],[-3.62584,40.40642],[-3.62395,40.40626],[-3.62545,40.40336],[-3.6258,40.40383],[-3.62698,40.40442],[-3.6279,40.40374],[-3.62826,40.40411],[-3.62869,40.40479],[-3.62891,40.40547],[-3.62897,40.40623],[-3.62871,40.40706]]]}},{"type":"Feature","properties":{"id":"2807914090"},"geometry":{"type":"Polygon","coordinates":[[[-3.62073,40.41248],[-3.62395,40.40626],[-3.62584,40.40642],[-3.62759,40.40681],[-3.62682,40.4087],[-3.62889,40.40938],[-3.62921,40.40878],[-3.63039,40.40919],[-3.62764,40.41437],[-3.6249,40.41344],[-3.62339,40.4131],[-3.62116,40.41303],[-3.6211,40.41282],[-3.62073,40.41248]]]}},{"type":"Feature","properties":{"id":"2807914091"},"geometry":{"type":"Polygon","coordinates":[[[-3.62871,40.40706],[-3.62897,40.40623],[-3.62891,40.40547],[-3.62869,40.40479],[-3.62826,40.40411],[-3.6279,40.40374],[-3.62828,40.40384],[-3.63432,40.40376],[-3.63126,40.40761],[-3.62871,40.40706]]]}},{"type":"Feature","properties":{"id":"2807914092"},"geometry":{"type":"Polygon","coordinates":[[[-3.62545,40.40336],[-3.62611,40.40204],[-3.62693,40.39867],[-3.62972,40.3994],[-3.62761,40.40345],[-3.62771,40.40365],[-3.6279,40.40374],[-3.62698,40.40442],[-3.6258,40.40383],[-3.62545,40.40336]]]}},{"type":"Feature","properties":{"id":"2807914093"},"geometry":{"type":"Polygon","coordinates":[[[-3.62759,40.40681],[-3.63126,40.40761],[-3.63039,40.40919],[-3.62921,40.40878],[-3.62889,40.40938],[-3.62682,40.4087],[-3.62759,40.40681]]]}},{"type":"Feature","properties":{"id":"2807914094"},"geometry":{"type":"Polygon","coordinates":[[[-3.62764,40.41437],[-3.62968,40.41047],[-3.6315,40.41117],[-3.63196,40.41049],[-3.63258,40.4099],[-3.63039,40.40919],[-3.63126,40.40761],[-3.63515,40.40823],[-3.63353,40.41131],[-3.63561,40.41143],[-3.63855,40.41181],[-3.63872,40.41177],[-3.6389,40.41158],[-3.63833,40.40904],[-3.64122,40.40978],[-3.64163,40.41022],[-3.64238,40.41071],[-3.6431,40.41105],[-3.64402,40.41132],[-3.64905,40.41236],[-3.65285,40.4122],[-3.65397,40.4123],[-3.65067,40.41532],[-3.65003,40.41614],[-3.64768,40.41526],[-3.64473,40.41468],[-3.64305,40.41451],[-3.64009,40.41444],[-3.63831,40.4145],[-3.63309,40.41521],[-3.63069,40.41515],[-3.62856,40.41473],[-3.62764,40.41437]]]}},{"type":"Feature","properties":{"id":"2807914095"},"geometry":{"type":"Polygon","coordinates":[[[-3.63439,40.40969],[-3.63478,40.40985],[-3.63503,40.41032],[-3.63518,40.41028],[-3.63542,40.41063],[-3.63513,40.41078],[-3.635,40.41138],[-3.63353,40.41131],[-3.63439,40.40969]]]}},{"type":"Feature","properties":{"id":"2807915001"},"geometry":{"type":"Polygon","coordinates":[[[-3.65768,40.43032],[-3.65789,40.43004],[-3.65908,40.43005],[-3.65907,40.427],[-3.66021,40.42696],[-3.66071,40.43138],[-3.65962,40.43153],[-3.65959,40.43072],[-3.6591,40.43072],[-3.65768,40.43032]]]}},{"type":"Feature","properties":{"id":"2807915002"},"geometry":{"type":"Polygon","coordinates":[[[-3.658,40.42615],[-3.65747,40.42401],[-3.65814,40.42399],[-3.65892,40.42364],[-3.6594,40.42357],[-3.66021,40.42696],[-3.65907,40.427],[-3.65905,40.42673],[-3.65843,40.42616],[-3.658,40.42615]]]}},{"type":"Feature","properties":{"id":"2807915003"},"geometry":{"type":"Polygon","coordinates":[[[-3.65747,40.42401],[-3.65704,40.4233],[-3.65622,40.42257],[-3.65711,40.42191],[-3.65766,40.42162],[-3.65833,40.42147],[-3.65908,40.42148],[-3.6594,40.42357],[-3.65892,40.42364],[-3.65814,40.42399],[-3.65747,40.42401]]]}},{"type":"Feature","properties":{"id":"2807915005"},"geometry":{"type":"Polygon","coordinates":[[[-3.64574,40.42657],[-3.6407,40.42389],[-3.63939,40.42338],[-3.63878,40.42279],[-3.62966,40.41785],[-3.62681,40.41582],[-3.62764,40.41437],[-3.62856,40.41473],[-3.63069,40.41515],[-3.63309,40.41521],[-3.63831,40.4145],[-3.64009,40.41444],[-3.64305,40.41451],[-3.64473,40.41468],[-3.64768,40.41526],[-3.65003,40.41614],[-3.64933,40.41838],[-3.65079,40.41865],[-3.65102,40.41899],[-3.65193,40.41935],[-3.65116,40.42214],[-3.64992,40.42246],[-3.64922,40.42298],[-3.64814,40.42591],[-3.64731,40.42727],[-3.64574,40.42657]]]}},{"type":"Feature","properties":{"id":"2807915006"},"geometry":{"type":"Polygon","coordinates":[[[-3.65049,40.42231],[-3.65116,40.42214],[-3.65193,40.41935],[-3.65241,40.41967],[-3.65294,40.42057],[-3.65246,40.42073],[-3.65211,40.42104],[-3.6518,40.42208],[-3.65137,40.42303],[-3.65111,40.42255],[-3.65079,40.42236],[-3.65049,40.42231]]]}},{"type":"Feature","properties":{"id":"2807915008"},"geometry":{"type":"Polygon","coordinates":[[[-3.65622,40.42257],[-3.65502,40.42172],[-3.65287,40.42139],[-3.65204,40.42116],[-3.65241,40.42076],[-3.65294,40.42057],[-3.65236,40.4196],[-3.65205,40.4194],[-3.65102,40.41899],[-3.65079,40.41865],[-3.64933,40.41838],[-3.65003,40.41614],[-3.6553,40.41795],[-3.65792,40.41838],[-3.65871,40.41862],[-3.65908,40.42148],[-3.65833,40.42147],[-3.65766,40.42162],[-3.65711,40.42191],[-3.65622,40.42257]]]}},{"type":"Feature","properties":{"id":"2807915009"},"geometry":{"type":"Polygon","coordinates":[[[-3.65185,40.42185],[-3.65204,40.42116],[-3.65287,40.42139],[-3.65502,40.42172],[-3.65566,40.42216],[-3.6535,40.42371],[-3.65379,40.4227],[-3.65419,40.42236],[-3.65387,40.42211],[-3.65362,40.42204],[-3.65196,40.42177],[-3.65185,40.42185]]]}},{"type":"Feature","properties":{"id":"2807915010"},"geometry":{"type":"Polygon","coordinates":[[[-3.65155,40.42267],[-3.65196,40.42177],[-3.65375,40.42207],[-3.65419,40.42236],[-3.65379,40.4227],[-3.65349,40.42377],[-3.65312,40.42408],[-3.65214,40.42326],[-3.65231,40.42311],[-3.65223,40.42296],[-3.65228,40.42275],[-3.65155,40.42267]]]}},{"type":"Feature","properties":{"id":"2807915011"},"geometry":{"type":"Polygon","coordinates":[[[-3.65066,40.42431],[-3.65155,40.42267],[-3.65228,40.42275],[-3.65223,40.42296],[-3.65231,40.42311],[-3.65214,40.42326],[-3.65312,40.42408],[-3.65171,40.42512],[-3.65066,40.42431]]]}},{"type":"Feature","properties":{"id":"2807915012"},"geometry":{"type":"Polygon","coordinates":[[[-3.64903,40.42337],[-3.64922,40.42298],[-3.64961,40.42262],[-3.65049,40.42231],[-3.65079,40.42236],[-3.65111,40.42255],[-3.65137,40.42303],[-3.65042,40.42474],[-3.64982,40.42453],[-3.65003,40.42435],[-3.65029,40.42375],[-3.64903,40.42337]]]}},{"type":"Feature","properties":{"id":"2807915013"},"geometry":{"type":"Polygon","coordinates":[[[-3.64903,40.42337],[-3.65029,40.42375],[-3.65003,40.42435],[-3.64982,40.42453],[-3.65042,40.42474],[-3.65008,40.42523],[-3.64918,40.42597],[-3.6492,40.42619],[-3.64943,40.42635],[-3.64868,40.42653],[-3.64774,40.42661],[-3.64834,40.42542],[-3.64903,40.42337]]]}},{"type":"Feature","properties":{"id":"2807915014"},"geometry":{"type":"Polygon","coordinates":[[[-3.64916,40.42808],[-3.64731,40.42727],[-3.64774,40.42661],[-3.64868,40.42653],[-3.64943,40.42635],[-3.64913,40.42605],[-3.65012,40.4252],[-3.65066,40.42431],[-3.65171,40.42512],[-3.64975,40.42651],[-3.65044,40.4268],[-3.64976,40.42733],[-3.64916,40.42808]]]}},{"type":"Feature","properties":{"id":"2807915015"},"geometry":{"type":"Polygon","coordinates":[[[-3.64975,40.42651],[-3.65221,40.42476],[-3.65273,40.42514],[-3.65044,40.4268],[-3.64975,40.42651]]]}},{"type":"Feature","properties":{"id":"2807915016"},"geometry":{"type":"Polygon","coordinates":[[[-3.65221,40.42476],[-3.65566,40.42216],[-3.65622,40.42257],[-3.65273,40.42514],[-3.65221,40.42476]]]}},{"type":"Feature","properties":{"id":"2807915017"},"geometry":{"type":"Polygon","coordinates":[[[-3.65557,40.42444],[-3.65658,40.42371],[-3.65572,40.42294],[-3.65622,40.42257],[-3.65704,40.4233],[-3.65747,40.42401],[-3.65649,40.42425],[-3.65588,40.42463],[-3.65557,40.42444]]]}},{"type":"Feature","properties":{"id":"2807915018"},"geometry":{"type":"Polygon","coordinates":[[[-3.65478,40.42408],[-3.65449,40.42385],[-3.65572,40.42294],[-3.65658,40.42371],[-3.65557,40.42444],[-3.65497,40.42395],[-3.65478,40.42408]]]}},{"type":"Feature","properties":{"id":"2807915019"},"geometry":{"type":"Polygon","coordinates":[[[-3.65384,40.42476],[-3.65497,40.42395],[-3.65588,40.42463],[-3.65472,40.42551],[-3.65384,40.42476]]]}},{"type":"Feature","properties":{"id":"2807915020"},"geometry":{"type":"Polygon","coordinates":[[[-3.65153,40.42599],[-3.65449,40.42385],[-3.65478,40.42408],[-3.65384,40.42476],[-3.65472,40.42551],[-3.65386,40.42611],[-3.65298,40.42538],[-3.65183,40.42623],[-3.65153,40.42599]]]}},{"type":"Feature","properties":{"id":"2807915021"},"geometry":{"type":"Polygon","coordinates":[[[-3.65183,40.42623],[-3.65298,40.42538],[-3.65386,40.42611],[-3.65268,40.42691],[-3.65183,40.42623]]]}},{"type":"Feature","properties":{"id":"2807915022"},"geometry":{"type":"Polygon","coordinates":[[[-3.65072,40.42661],[-3.65153,40.42599],[-3.65297,40.42708],[-3.65257,40.42752],[-3.65303,40.42796],[-3.65276,40.42817],[-3.65203,40.42783],[-3.65202,40.42764],[-3.65072,40.42661]]]}},{"type":"Feature","properties":{"id":"2807915023"},"geometry":{"type":"Polygon","coordinates":[[[-3.64916,40.42808],[-3.64976,40.42733],[-3.65072,40.42661],[-3.65202,40.42764],[-3.65203,40.42783],[-3.65276,40.42817],[-3.65174,40.4292],[-3.64916,40.42808]]]}},{"type":"Feature","properties":{"id":"2807915024"},"geometry":{"type":"Polygon","coordinates":[[[-3.65174,40.4292],[-3.65265,40.4282],[-3.65303,40.42796],[-3.65257,40.42752],[-3.65297,40.42708],[-3.65337,40.42706],[-3.65391,40.42669],[-3.65455,40.42712],[-3.65461,40.42727],[-3.65472,40.42905],[-3.65464,40.42953],[-3.65454,40.42959],[-3.65174,40.4292]]]}},{"type":"Feature","properties":{"id":"2807915025"},"geometry":{"type":"Polygon","coordinates":[[[-3.65473,40.42724],[-3.65391,40.42669],[-3.65323,40.4271],[-3.65291,40.42706],[-3.65268,40.42691],[-3.65518,40.42518],[-3.65559,40.42557],[-3.65516,40.42582],[-3.65581,40.42638],[-3.65473,40.42724]]]}},{"type":"Feature","properties":{"id":"2807915026"},"geometry":{"type":"Polygon","coordinates":[[[-3.65518,40.42518],[-3.65635,40.42432],[-3.65747,40.42401],[-3.65776,40.42494],[-3.65559,40.42557],[-3.65518,40.42518]]]}},{"type":"Feature","properties":{"id":"2807915027"},"geometry":{"type":"Polygon","coordinates":[[[-3.65559,40.42557],[-3.65776,40.42494],[-3.658,40.42615],[-3.6564,40.42618],[-3.65581,40.42638],[-3.65516,40.42582],[-3.65559,40.42557]]]}},{"type":"Feature","properties":{"id":"2807915028"},"geometry":{"type":"Polygon","coordinates":[[[-3.65907,40.427],[-3.65718,40.42701],[-3.65715,40.42616],[-3.65843,40.42616],[-3.65905,40.42673],[-3.65907,40.427]]]}},{"type":"Feature","properties":{"id":"2807915029"},"geometry":{"type":"Polygon","coordinates":[[[-3.65473,40.42724],[-3.65598,40.4263],[-3.6564,40.42618],[-3.65715,40.42616],[-3.65718,40.42701],[-3.65671,40.42709],[-3.65552,40.42781],[-3.65473,40.42724]]]}},{"type":"Feature","properties":{"id":"2807915030"},"geometry":{"type":"Polygon","coordinates":[[[-3.65536,40.42973],[-3.65454,40.42959],[-3.65464,40.42953],[-3.65472,40.42905],[-3.65455,40.42712],[-3.65596,40.42813],[-3.65596,40.42849],[-3.65675,40.42856],[-3.657,40.42869],[-3.65705,40.42882],[-3.65688,40.42968],[-3.65651,40.4302],[-3.65536,40.42973]]]}},{"type":"Feature","properties":{"id":"2807915031"},"geometry":{"type":"Polygon","coordinates":[[[-3.65651,40.4302],[-3.65688,40.42968],[-3.657,40.42869],[-3.65675,40.42856],[-3.65596,40.42849],[-3.65596,40.42813],[-3.65552,40.42781],[-3.65691,40.42702],[-3.65803,40.42701],[-3.65799,40.42989],[-3.6575,40.43055],[-3.65736,40.43057],[-3.65651,40.4302]]]}},{"type":"Feature","properties":{"id":"2807915032"},"geometry":{"type":"Polygon","coordinates":[[[-3.65789,40.43004],[-3.65805,40.42966],[-3.65803,40.42701],[-3.65907,40.427],[-3.65908,40.43005],[-3.65789,40.43004]]]}},{"type":"Feature","properties":{"id":"2807915033"},"geometry":{"type":"Polygon","coordinates":[[[-3.65475,40.43111],[-3.6575,40.43055],[-3.65768,40.43032],[-3.6591,40.43072],[-3.65959,40.43072],[-3.65962,40.43153],[-3.65501,40.43216],[-3.65475,40.43111]]]}},{"type":"Feature","properties":{"id":"2807915034"},"geometry":{"type":"Polygon","coordinates":[[[-3.6537,40.43043],[-3.65547,40.43032],[-3.65536,40.42973],[-3.65736,40.43057],[-3.65475,40.43111],[-3.65501,40.43216],[-3.65417,40.43226],[-3.6537,40.43043]]]}},{"type":"Feature","properties":{"id":"2807915035"},"geometry":{"type":"Polygon","coordinates":[[[-3.6537,40.43043],[-3.65361,40.43005],[-3.65235,40.42999],[-3.65114,40.42976],[-3.65174,40.4292],[-3.65536,40.42973],[-3.65547,40.43032],[-3.6537,40.43043]]]}},{"type":"Feature","properties":{"id":"2807915036"},"geometry":{"type":"Polygon","coordinates":[[[-3.65269,40.43],[-3.65361,40.43005],[-3.65417,40.43226],[-3.65328,40.43241],[-3.65269,40.43]]]}},{"type":"Feature","properties":{"id":"2807915037"},"geometry":{"type":"Polygon","coordinates":[[[-3.65061,40.43105],[-3.65184,40.4299],[-3.65269,40.43],[-3.65328,40.43241],[-3.65242,40.43253],[-3.65202,40.43096],[-3.65061,40.43105]]]}},{"type":"Feature","properties":{"id":"2807915038"},"geometry":{"type":"Polygon","coordinates":[[[-3.64989,40.43105],[-3.64938,40.42874],[-3.64886,40.42847],[-3.64916,40.42808],[-3.65174,40.4292],[-3.65114,40.42976],[-3.65184,40.4299],[-3.65061,40.43105],[-3.64989,40.43105]]]}},{"type":"Feature","properties":{"id":"2807915039"},"geometry":{"type":"Polygon","coordinates":[[[-3.64989,40.43105],[-3.65115,40.43106],[-3.65202,40.43096],[-3.65242,40.43253],[-3.65031,40.43282],[-3.64989,40.43105]]]}},{"type":"Feature","properties":{"id":"2807915040"},"geometry":{"type":"Polygon","coordinates":[[[-3.64802,40.43069],[-3.64976,40.43047],[-3.65031,40.43282],[-3.64871,40.43304],[-3.64832,40.43205],[-3.64802,40.43069]]]}},{"type":"Feature","properties":{"id":"2807915041"},"geometry":{"type":"Polygon","coordinates":[[[-3.64802,40.43069],[-3.64741,40.42787],[-3.64761,40.42739],[-3.64916,40.42808],[-3.64886,40.42847],[-3.64938,40.42874],[-3.64976,40.43047],[-3.64802,40.43069]]]}},{"type":"Feature","properties":{"id":"2807915042"},"geometry":{"type":"Polygon","coordinates":[[[-3.64609,40.43033],[-3.64553,40.42742],[-3.64574,40.42657],[-3.64761,40.42739],[-3.64741,40.42787],[-3.6479,40.43016],[-3.64625,40.43038],[-3.64609,40.43033]]]}},{"type":"Feature","properties":{"id":"2807915043"},"geometry":{"type":"Polygon","coordinates":[[[-3.64609,40.43033],[-3.64625,40.43038],[-3.6479,40.43016],[-3.64832,40.43205],[-3.64871,40.43304],[-3.64819,40.43312],[-3.64609,40.43033]]]}},{"type":"Feature","properties":{"id":"2807915044"},"geometry":{"type":"Polygon","coordinates":[[[-3.64498,40.43073],[-3.64594,40.43027],[-3.64609,40.43033],[-3.64819,40.43312],[-3.64719,40.43355],[-3.64498,40.43073]]]}},{"type":"Feature","properties":{"id":"2807915045"},"geometry":{"type":"Polygon","coordinates":[[[-3.64407,40.43115],[-3.64498,40.43073],[-3.64719,40.43355],[-3.64632,40.43396],[-3.64407,40.43115]]]}},{"type":"Feature","properties":{"id":"2807915046"},"geometry":{"type":"Polygon","coordinates":[[[-3.64304,40.43224],[-3.64264,40.43174],[-3.64407,40.43115],[-3.64632,40.43396],[-3.64557,40.43432],[-3.64385,40.43184],[-3.64377,40.43181],[-3.64304,40.43224]]]}},{"type":"Feature","properties":{"id":"2807915047"},"geometry":{"type":"Polygon","coordinates":[[[-3.64304,40.43224],[-3.64377,40.43181],[-3.64385,40.43184],[-3.64557,40.43432],[-3.6449,40.43465],[-3.64304,40.43224]]]}},{"type":"Feature","properties":{"id":"2807915048"},"geometry":{"type":"Polygon","coordinates":[[[-3.64415,40.43501],[-3.64182,40.43208],[-3.64264,40.43174],[-3.6449,40.43465],[-3.64415,40.43501]]]}},{"type":"Feature","properties":{"id":"2807915049"},"geometry":{"type":"Polygon","coordinates":[[[-3.64121,40.4313],[-3.64443,40.43003],[-3.64498,40.43073],[-3.64182,40.43208],[-3.64121,40.4313]]]}},{"type":"Feature","properties":{"id":"2807915050"},"geometry":{"type":"Polygon","coordinates":[[[-3.64048,40.43038],[-3.64195,40.42968],[-3.64393,40.42939],[-3.64443,40.43003],[-3.64121,40.4313],[-3.64048,40.43038]]]}},{"type":"Feature","properties":{"id":"2807915051"},"geometry":{"type":"Polygon","coordinates":[[[-3.64498,40.43073],[-3.64349,40.42884],[-3.64404,40.42873],[-3.64386,40.42793],[-3.6447,40.42782],[-3.64488,40.42862],[-3.64575,40.42851],[-3.64609,40.43033],[-3.64594,40.43027],[-3.64498,40.43073]]]}},{"type":"Feature","properties":{"id":"2807915052"},"geometry":{"type":"Polygon","coordinates":[[[-3.64488,40.42862],[-3.64451,40.42694],[-3.64459,40.42687],[-3.64555,40.42734],[-3.64575,40.42851],[-3.64488,40.42862]]]}},{"type":"Feature","properties":{"id":"2807915053"},"geometry":{"type":"Polygon","coordinates":[[[-3.64233,40.42737],[-3.64399,40.42655],[-3.64459,40.42687],[-3.64451,40.42694],[-3.6447,40.42782],[-3.64386,40.42793],[-3.64404,40.42873],[-3.64349,40.42884],[-3.64233,40.42737]]]}},{"type":"Feature","properties":{"id":"2807915054"},"geometry":{"type":"Polygon","coordinates":[[[-3.64001,40.42842],[-3.64233,40.42737],[-3.64393,40.42939],[-3.64195,40.42968],[-3.64124,40.43],[-3.64001,40.42842]]]}},{"type":"Feature","properties":{"id":"2807915056"},"geometry":{"type":"Polygon","coordinates":[[[-3.63927,40.43211],[-3.6374,40.42965],[-3.64001,40.42842],[-3.64124,40.43],[-3.64048,40.43038],[-3.64121,40.4313],[-3.63927,40.43211]]]}},{"type":"Feature","properties":{"id":"2807915057"},"geometry":{"type":"Polygon","coordinates":[[[-3.63737,40.42805],[-3.6391,40.42727],[-3.64001,40.42842],[-3.63841,40.42917],[-3.63737,40.42805]]]}},{"type":"Feature","properties":{"id":"2807915058"},"geometry":{"type":"Polygon","coordinates":[[[-3.6394,40.42765],[-3.64171,40.4266],[-3.64233,40.42737],[-3.64001,40.42842],[-3.6394,40.42765]]]}},{"type":"Feature","properties":{"id":"2807915059"},"geometry":{"type":"Polygon","coordinates":[[[-3.6391,40.42727],[-3.64025,40.42674],[-3.63994,40.42634],[-3.64109,40.42581],[-3.64171,40.4266],[-3.6394,40.42765],[-3.6391,40.42727]]]}},{"type":"Feature","properties":{"id":"2807915060"},"geometry":{"type":"Polygon","coordinates":[[[-3.64233,40.42737],[-3.6414,40.42621],[-3.64239,40.42571],[-3.64399,40.42655],[-3.64233,40.42737]]]}},{"type":"Feature","properties":{"id":"2807915061"},"geometry":{"type":"Polygon","coordinates":[[[-3.64555,40.42734],[-3.64239,40.42571],[-3.6414,40.42621],[-3.64109,40.42581],[-3.63994,40.42634],[-3.63888,40.42513],[-3.63886,40.42467],[-3.63934,40.42461],[-3.6398,40.42427],[-3.63939,40.42338],[-3.6407,40.42389],[-3.64574,40.42657],[-3.64555,40.42734]]]}},{"type":"Feature","properties":{"id":"2807915062"},"geometry":{"type":"Polygon","coordinates":[[[-3.63679,40.42539],[-3.63596,40.42464],[-3.63548,40.42502],[-3.63512,40.42469],[-3.63556,40.42432],[-3.635,40.42379],[-3.63524,40.42362],[-3.6355,40.42357],[-3.63612,40.42362],[-3.63789,40.42471],[-3.63886,40.42467],[-3.63888,40.42513],[-3.64025,40.42674],[-3.63833,40.42762],[-3.63738,40.42642],[-3.63679,40.42539]]]}},{"type":"Feature","properties":{"id":"2807915065"},"geometry":{"type":"Polygon","coordinates":[[[-3.62824,40.42449],[-3.62999,40.42383],[-3.63131,40.4235],[-3.63297,40.42323],[-3.63283,40.42247],[-3.63358,40.42259],[-3.63409,40.42165],[-3.63386,40.42152],[-3.63469,40.42059],[-3.63892,40.42288],[-3.63939,40.42338],[-3.6398,40.42427],[-3.63928,40.42463],[-3.63789,40.42471],[-3.63612,40.42362],[-3.63533,40.42359],[-3.63443,40.42414],[-3.62951,40.42619],[-3.62824,40.42449]]]}},{"type":"Feature","properties":{"id":"2807915066"},"geometry":{"type":"Polygon","coordinates":[[[-3.63358,40.42259],[-3.63251,40.42237],[-3.63217,40.422],[-3.63269,40.42087],[-3.63409,40.42165],[-3.63358,40.42259]]]}},{"type":"Feature","properties":{"id":"2807915067"},"geometry":{"type":"Polygon","coordinates":[[[-3.62737,40.42324],[-3.62833,40.42285],[-3.6295,40.42146],[-3.6301,40.42065],[-3.62934,40.42021],[-3.63005,40.41993],[-3.63033,40.41962],[-3.63269,40.42087],[-3.63217,40.422],[-3.63251,40.42237],[-3.63283,40.42247],[-3.63297,40.42323],[-3.63131,40.4235],[-3.62999,40.42383],[-3.62824,40.42449],[-3.62737,40.42324]]]}},{"type":"Feature","properties":{"id":"2807915068"},"geometry":{"type":"Polygon","coordinates":[[[-3.62737,40.42324],[-3.62619,40.4215],[-3.62713,40.42109],[-3.62934,40.42021],[-3.6301,40.42065],[-3.62833,40.42285],[-3.62737,40.42324]]]}},{"type":"Feature","properties":{"id":"2807915069"},"geometry":{"type":"Polygon","coordinates":[[[-3.61995,40.41368],[-3.62073,40.41248],[-3.6211,40.41282],[-3.62116,40.41303],[-3.62339,40.4131],[-3.6249,40.41344],[-3.62764,40.41437],[-3.62681,40.41582],[-3.62598,40.41654],[-3.62416,40.41729],[-3.62413,40.41786],[-3.62407,40.41797],[-3.62376,40.41812],[-3.62063,40.41385],[-3.62042,40.41371],[-3.61995,40.41368]]]}},{"type":"Feature","properties":{"id":"2807915070"},"geometry":{"type":"Polygon","coordinates":[[[-3.63326,40.42718],[-3.63185,40.42523],[-3.63443,40.42414],[-3.635,40.42379],[-3.63556,40.42432],[-3.63512,40.42469],[-3.63548,40.42502],[-3.63596,40.42464],[-3.63679,40.42539],[-3.63488,40.42661],[-3.63326,40.42718]]]}},{"type":"Feature","properties":{"id":"2807915071"},"geometry":{"type":"Polygon","coordinates":[[[-3.63003,40.42687],[-3.62951,40.42619],[-3.63185,40.42523],[-3.63326,40.42718],[-3.63233,40.42739],[-3.63188,40.4276],[-3.6316,40.42742],[-3.6315,40.42695],[-3.63087,40.42664],[-3.63062,40.42662],[-3.63003,40.42687]]]}},{"type":"Feature","properties":{"id":"2807915073"},"geometry":{"type":"Polygon","coordinates":[[[-3.63304,40.43107],[-3.63003,40.42687],[-3.63062,40.42662],[-3.63087,40.42664],[-3.63148,40.42693],[-3.6316,40.42742],[-3.63188,40.4276],[-3.63233,40.42739],[-3.63326,40.42718],[-3.63532,40.43011],[-3.63304,40.43107]]]}},{"type":"Feature","properties":{"id":"2807915074"},"geometry":{"type":"Polygon","coordinates":[[[-3.63326,40.42718],[-3.63488,40.42661],[-3.63679,40.42539],[-3.63738,40.42642],[-3.63833,40.42762],[-3.63737,40.42805],[-3.63704,40.42758],[-3.63611,40.42797],[-3.6359,40.42768],[-3.63414,40.42841],[-3.63326,40.42718]]]}},{"type":"Feature","properties":{"id":"2807915075"},"geometry":{"type":"Polygon","coordinates":[[[-3.6374,40.42965],[-3.6364,40.42835],[-3.63573,40.42865],[-3.6357,40.42885],[-3.63527,40.42887],[-3.63466,40.42912],[-3.63414,40.42841],[-3.6359,40.42768],[-3.63611,40.42797],[-3.63704,40.42758],[-3.63757,40.42831],[-3.63841,40.42917],[-3.6374,40.42965]]]}},{"type":"Feature","properties":{"id":"2807915076"},"geometry":{"type":"Polygon","coordinates":[[[-3.63539,40.4302],[-3.63466,40.42912],[-3.63527,40.42887],[-3.6357,40.42885],[-3.63573,40.42865],[-3.6364,40.42835],[-3.63719,40.42938],[-3.63682,40.42953],[-3.63689,40.42965],[-3.63675,40.42973],[-3.63692,40.42997],[-3.63615,40.43031],[-3.63588,40.43001],[-3.63539,40.4302]]]}},{"type":"Feature","properties":{"id":"2807915077"},"geometry":{"type":"Polygon","coordinates":[[[-3.63611,40.43113],[-3.63661,40.43096],[-3.63615,40.43031],[-3.63692,40.42997],[-3.63675,40.42973],[-3.63689,40.42965],[-3.63682,40.42953],[-3.63719,40.42938],[-3.63856,40.43117],[-3.63672,40.43196],[-3.63611,40.43113]]]}},{"type":"Feature","properties":{"id":"2807915078"},"geometry":{"type":"Polygon","coordinates":[[[-3.63304,40.43107],[-3.63517,40.43015],[-3.63532,40.43011],[-3.63539,40.4302],[-3.63585,40.43001],[-3.63596,40.43004],[-3.63661,40.43096],[-3.63487,40.43162],[-3.6343,40.43166],[-3.63445,40.43187],[-3.63383,40.4321],[-3.63304,40.43107]]]}},{"type":"Feature","properties":{"id":"2807915079"},"geometry":{"type":"Polygon","coordinates":[[[-3.63383,40.4321],[-3.63445,40.43187],[-3.6343,40.43166],[-3.63487,40.43162],[-3.63607,40.43113],[-3.63672,40.43196],[-3.6344,40.43295],[-3.63383,40.4321]]]}},{"type":"Feature","properties":{"id":"2807915080"},"geometry":{"type":"Polygon","coordinates":[[[-3.6344,40.43295],[-3.63672,40.43196],[-3.63767,40.43327],[-3.63654,40.43375],[-3.63637,40.43373],[-3.63616,40.4335],[-3.63516,40.43394],[-3.6344,40.43295]]]}},{"type":"Feature","properties":{"id":"2807915081"},"geometry":{"type":"Polygon","coordinates":[[[-3.63672,40.43196],[-3.63856,40.43117],[-3.63927,40.43211],[-3.63741,40.43292],[-3.63672,40.43196]]]}},{"type":"Feature","properties":{"id":"2807915082"},"geometry":{"type":"Polygon","coordinates":[[[-3.63516,40.43394],[-3.63616,40.4335],[-3.63637,40.43373],[-3.63654,40.43375],[-3.63767,40.43327],[-3.63741,40.43292],[-3.63927,40.43211],[-3.63987,40.4329],[-3.63565,40.43466],[-3.63516,40.43394]]]}},{"type":"Feature","properties":{"id":"2807915083"},"geometry":{"type":"Polygon","coordinates":[[[-3.64021,40.43342],[-3.63927,40.43211],[-3.64121,40.4313],[-3.64226,40.43264],[-3.64061,40.43342],[-3.64046,40.43331],[-3.64021,40.43342]]]}},{"type":"Feature","properties":{"id":"2807915084"},"geometry":{"type":"Polygon","coordinates":[[[-3.641,40.43457],[-3.64114,40.43316],[-3.64226,40.43264],[-3.64303,40.43361],[-3.641,40.43457]]]}},{"type":"Feature","properties":{"id":"2807915085"},"geometry":{"type":"Polygon","coordinates":[[[-3.641,40.43457],[-3.64303,40.43361],[-3.6437,40.43445],[-3.64109,40.43571],[-3.641,40.43457]]]}},{"type":"Feature","properties":{"id":"2807915086"},"geometry":{"type":"Polygon","coordinates":[[[-3.63972,40.43635],[-3.6437,40.43445],[-3.64415,40.43501],[-3.6399,40.43708],[-3.63972,40.43635]]]}},{"type":"Feature","properties":{"id":"2807915087"},"geometry":{"type":"Polygon","coordinates":[[[-3.63932,40.43486],[-3.64105,40.4341],[-3.64101,40.43522],[-3.64109,40.43571],[-3.63972,40.43635],[-3.63932,40.43486]]]}},{"type":"Feature","properties":{"id":"2807915088"},"geometry":{"type":"Polygon","coordinates":[[[-3.63871,40.43339],[-3.63987,40.4329],[-3.64021,40.43342],[-3.64046,40.43331],[-3.64061,40.43342],[-3.64114,40.43316],[-3.64105,40.4341],[-3.63932,40.43486],[-3.63871,40.43339]]]}},{"type":"Feature","properties":{"id":"2807915089"},"geometry":{"type":"Polygon","coordinates":[[[-3.63797,40.43369],[-3.63871,40.43339],[-3.63897,40.43391],[-3.63942,40.43518],[-3.6399,40.43708],[-3.63943,40.43731],[-3.63858,40.43488],[-3.63797,40.43369]]]}},{"type":"Feature","properties":{"id":"2807915090"},"geometry":{"type":"Polygon","coordinates":[[[-3.63565,40.43466],[-3.63797,40.43369],[-3.63858,40.43488],[-3.63943,40.43731],[-3.63853,40.43774],[-3.63799,40.43789],[-3.63565,40.43466]]]}},{"type":"Feature","properties":{"id":"2807915092"},"geometry":{"type":"Polygon","coordinates":[[[-3.63836,40.4426],[-3.63543,40.43857],[-3.63799,40.43789],[-3.63883,40.43889],[-3.64071,40.44161],[-3.63836,40.4426]]]}},{"type":"Feature","properties":{"id":"2807915093"},"geometry":{"type":"Polygon","coordinates":[[[-3.63897,40.43909],[-3.63799,40.43789],[-3.63853,40.43774],[-3.6402,40.43694],[-3.64134,40.43829],[-3.64155,40.43833],[-3.64195,40.4388],[-3.64052,40.43951],[-3.64012,40.43901],[-3.63958,40.43878],[-3.63897,40.43909]]]}},{"type":"Feature","properties":{"id":"2807915094"},"geometry":{"type":"Polygon","coordinates":[[[-3.63897,40.43909],[-3.63958,40.43878],[-3.64012,40.43901],[-3.64052,40.43951],[-3.64195,40.4388],[-3.64335,40.44048],[-3.64071,40.44161],[-3.63897,40.43909]]]}},{"type":"Feature","properties":{"id":"2807915095"},"geometry":{"type":"Polygon","coordinates":[[[-3.64236,40.43928],[-3.64339,40.43879],[-3.6444,40.44004],[-3.64335,40.44048],[-3.64236,40.43928]]]}},{"type":"Feature","properties":{"id":"2807915096"},"geometry":{"type":"Polygon","coordinates":[[[-3.64339,40.43879],[-3.6453,40.43786],[-3.64574,40.43837],[-3.64655,40.43804],[-3.6459,40.4394],[-3.6444,40.44004],[-3.64339,40.43879]]]}},{"type":"Feature","properties":{"id":"2807915097"},"geometry":{"type":"Polygon","coordinates":[[[-3.64236,40.43928],[-3.64155,40.43833],[-3.64134,40.43829],[-3.6411,40.438],[-3.64254,40.43731],[-3.64309,40.43803],[-3.64317,40.43821],[-3.64299,40.4383],[-3.64339,40.43879],[-3.64236,40.43928]]]}},{"type":"Feature","properties":{"id":"2807915098"},"geometry":{"type":"Polygon","coordinates":[[[-3.64254,40.43731],[-3.64365,40.43675],[-3.6448,40.4381],[-3.64339,40.43879],[-3.64299,40.4383],[-3.64317,40.43821],[-3.64309,40.43803],[-3.64254,40.43731]]]}},{"type":"Feature","properties":{"id":"2807915099"},"geometry":{"type":"Polygon","coordinates":[[[-3.6402,40.43694],[-3.64275,40.43569],[-3.64365,40.43675],[-3.6411,40.438],[-3.6402,40.43694]]]}},{"type":"Feature","properties":{"id":"2807915100"},"geometry":{"type":"Polygon","coordinates":[[[-3.64275,40.43569],[-3.64415,40.43501],[-3.645,40.43609],[-3.64365,40.43675],[-3.64275,40.43569]]]}},{"type":"Feature","properties":{"id":"2807915101"},"geometry":{"type":"Polygon","coordinates":[[[-3.64365,40.43675],[-3.645,40.43609],[-3.6461,40.43748],[-3.6448,40.4381],[-3.64365,40.43675]]]}},{"type":"Feature","properties":{"id":"2807915102"},"geometry":{"type":"Polygon","coordinates":[[[-3.6453,40.43786],[-3.64796,40.43658],[-3.64842,40.43712],[-3.64574,40.43837],[-3.6453,40.43786]]]}},{"type":"Feature","properties":{"id":"2807915103"},"geometry":{"type":"Polygon","coordinates":[[[-3.64527,40.43644],[-3.64699,40.43567],[-3.64758,40.43612],[-3.64796,40.43658],[-3.6461,40.43748],[-3.64527,40.43644]]]}},{"type":"Feature","properties":{"id":"2807915105"},"geometry":{"type":"Polygon","coordinates":[[[-3.64699,40.43567],[-3.6457,40.43473],[-3.64542,40.43439],[-3.64719,40.43355],[-3.64844,40.43504],[-3.64712,40.43568],[-3.64699,40.43567]]]}},{"type":"Feature","properties":{"id":"2807915106"},"geometry":{"type":"Polygon","coordinates":[[[-3.64527,40.43644],[-3.64415,40.43501],[-3.64542,40.43439],[-3.6457,40.43473],[-3.64699,40.43567],[-3.64527,40.43644]]]}},{"type":"Feature","properties":{"id":"2807915108"},"geometry":{"type":"Polygon","coordinates":[[[-3.64881,40.43548],[-3.64719,40.43355],[-3.6481,40.43314],[-3.64871,40.43304],[-3.64882,40.43315],[-3.64932,40.43527],[-3.64881,40.43548]]]}},{"type":"Feature","properties":{"id":"2807915109"},"geometry":{"type":"Polygon","coordinates":[[[-3.64871,40.43304],[-3.65222,40.43255],[-3.65249,40.43369],[-3.64906,40.43416],[-3.64882,40.43315],[-3.64871,40.43304]]]}},{"type":"Feature","properties":{"id":"2807915110"},"geometry":{"type":"Polygon","coordinates":[[[-3.64842,40.43712],[-3.64758,40.43612],[-3.64699,40.43567],[-3.64712,40.43568],[-3.64844,40.43504],[-3.64881,40.43548],[-3.64932,40.43527],[-3.64906,40.43416],[-3.65126,40.43386],[-3.6515,40.43495],[-3.653,40.43473],[-3.65303,40.43485],[-3.65291,40.43496],[-3.64842,40.43712]]]}},{"type":"Feature","properties":{"id":"2807915111"},"geometry":{"type":"Polygon","coordinates":[[[-3.65126,40.43386],[-3.65249,40.43369],[-3.65276,40.43477],[-3.6515,40.43495],[-3.65126,40.43386]]]}},{"type":"Feature","properties":{"id":"2807915112"},"geometry":{"type":"Polygon","coordinates":[[[-3.65249,40.43369],[-3.65563,40.43325],[-3.65592,40.43439],[-3.65584,40.43459],[-3.65487,40.43448],[-3.65276,40.43477],[-3.65249,40.43369]]]}},{"type":"Feature","properties":{"id":"2807915113"},"geometry":{"type":"Polygon","coordinates":[[[-3.65222,40.43255],[-3.65537,40.43211],[-3.65563,40.43325],[-3.65249,40.43369],[-3.65222,40.43255]]]}},{"type":"Feature","properties":{"id":"2807915114"},"geometry":{"type":"Polygon","coordinates":[[[-3.65592,40.43439],[-3.65537,40.43211],[-3.65681,40.43191],[-3.65693,40.43197],[-3.65718,40.43303],[-3.65778,40.43294],[-3.65793,40.43303],[-3.65612,40.43433],[-3.65592,40.43439]]]}},{"type":"Feature","properties":{"id":"2807915115"},"geometry":{"type":"Polygon","coordinates":[[[-3.65731,40.43348],[-3.65793,40.43303],[-3.65778,40.43294],[-3.65718,40.43303],[-3.65693,40.43197],[-3.65681,40.43191],[-3.66071,40.43138],[-3.66025,40.4339],[-3.65744,40.43359],[-3.65731,40.43348]]]}},{"type":"Feature","properties":{"id":"2807915116"},"geometry":{"type":"Polygon","coordinates":[[[-3.65961,40.43461],[-3.65633,40.43418],[-3.65731,40.43348],[-3.65744,40.43359],[-3.66025,40.4339],[-3.6601,40.43458],[-3.65961,40.43461]]]}},{"type":"Feature","properties":{"id":"2807915117"},"geometry":{"type":"Polygon","coordinates":[[[-3.65789,40.43531],[-3.65818,40.43441],[-3.65961,40.43461],[-3.6601,40.43458],[-3.65987,40.4356],[-3.65789,40.43531]]]}},{"type":"Feature","properties":{"id":"2807915118"},"geometry":{"type":"Polygon","coordinates":[[[-3.65769,40.43612],[-3.65789,40.43531],[-3.65987,40.4356],[-3.65971,40.43634],[-3.65769,40.43612]]]}},{"type":"Feature","properties":{"id":"2807915119"},"geometry":{"type":"Polygon","coordinates":[[[-3.65769,40.43612],[-3.65601,40.43582],[-3.6556,40.4354],[-3.65564,40.43498],[-3.65789,40.43531],[-3.65769,40.43612]]]}},{"type":"Feature","properties":{"id":"2807915120"},"geometry":{"type":"Polygon","coordinates":[[[-3.65564,40.43498],[-3.65584,40.43459],[-3.658,40.43486],[-3.65789,40.43531],[-3.65564,40.43498]]]}},{"type":"Feature","properties":{"id":"2807915121"},"geometry":{"type":"Polygon","coordinates":[[[-3.65584,40.43459],[-3.65592,40.43439],[-3.65633,40.43418],[-3.65818,40.43441],[-3.658,40.43486],[-3.65584,40.43459]]]}},{"type":"Feature","properties":{"id":"2807915122"},"geometry":{"type":"Polygon","coordinates":[[[-3.65248,40.43802],[-3.65077,40.43599],[-3.65291,40.43496],[-3.65303,40.43485],[-3.653,40.43473],[-3.65487,40.43448],[-3.65584,40.43459],[-3.65568,40.43482],[-3.65557,40.43533],[-3.65267,40.43667],[-3.65341,40.43756],[-3.65248,40.43802]]]}},{"type":"Feature","properties":{"id":"2807915123"},"geometry":{"type":"Polygon","coordinates":[[[-3.65145,40.43679],[-3.65248,40.43802],[-3.65026,40.4391],[-3.64977,40.4385],[-3.65087,40.43796],[-3.65035,40.43734],[-3.65145,40.43679]]]}},{"type":"Feature","properties":{"id":"2807915124"},"geometry":{"type":"Polygon","coordinates":[[[-3.64749,40.43915],[-3.6459,40.4394],[-3.64658,40.43801],[-3.65077,40.43599],[-3.65145,40.43679],[-3.65035,40.43734],[-3.65087,40.43796],[-3.64977,40.4385],[-3.65026,40.4391],[-3.64932,40.43954],[-3.64906,40.43925],[-3.64839,40.43959],[-3.64749,40.43915]]]}},{"type":"Feature","properties":{"id":"2807915125"},"geometry":{"type":"Polygon","coordinates":[[[-3.64552,40.44242],[-3.64622,40.44157],[-3.64561,40.44087],[-3.64543,40.44098],[-3.64536,40.44093],[-3.64465,40.43993],[-3.6459,40.4394],[-3.64749,40.43915],[-3.64777,40.43948],[-3.64787,40.44158],[-3.64673,40.44297],[-3.64552,40.44242]]]}},{"type":"Feature","properties":{"id":"2807915126"},"geometry":{"type":"Polygon","coordinates":[[[-3.64314,40.44056],[-3.64465,40.43993],[-3.64543,40.44098],[-3.64397,40.44164],[-3.64314,40.44056]]]}},{"type":"Feature","properties":{"id":"2807915127"},"geometry":{"type":"Polygon","coordinates":[[[-3.64071,40.44161],[-3.64314,40.44056],[-3.64397,40.44164],[-3.64561,40.44087],[-3.64622,40.44157],[-3.64408,40.4442],[-3.64318,40.44376],[-3.64181,40.44288],[-3.64071,40.44161]]]}},{"type":"Feature","properties":{"id":"2807915128"},"geometry":{"type":"Polygon","coordinates":[[[-3.63836,40.4426],[-3.64071,40.44161],[-3.64181,40.44288],[-3.64318,40.44376],[-3.64408,40.4442],[-3.64552,40.44242],[-3.64673,40.44297],[-3.64648,40.44327],[-3.64709,40.44419],[-3.64489,40.44694],[-3.64395,40.44642],[-3.6417,40.44543],[-3.64025,40.44464],[-3.63916,40.44367],[-3.63836,40.4426]]]}},{"type":"Feature","properties":{"id":"2807915129"},"geometry":{"type":"Polygon","coordinates":[[[-3.64648,40.44327],[-3.64787,40.44158],[-3.64777,40.43948],[-3.64749,40.43915],[-3.64839,40.43959],[-3.64906,40.43925],[-3.64932,40.43954],[-3.65026,40.4391],[-3.65067,40.4396],[-3.64976,40.44023],[-3.64941,40.44142],[-3.64709,40.44419],[-3.64648,40.44327]]]}},{"type":"Feature","properties":{"id":"2807915130"},"geometry":{"type":"Polygon","coordinates":[[[-3.65026,40.4391],[-3.65341,40.43756],[-3.65385,40.43806],[-3.65067,40.4396],[-3.65026,40.4391]]]}},{"type":"Feature","properties":{"id":"2807915131"},"geometry":{"type":"Polygon","coordinates":[[[-3.65385,40.43806],[-3.65267,40.43667],[-3.65557,40.43533],[-3.65601,40.43582],[-3.65626,40.43591],[-3.65594,40.43623],[-3.65499,40.43683],[-3.65448,40.43663],[-3.65402,40.4379],[-3.65385,40.43806]]]}},{"type":"Feature","properties":{"id":"2807915132"},"geometry":{"type":"Polygon","coordinates":[[[-3.65692,40.44077],[-3.65694,40.43971],[-3.65593,40.43995],[-3.6554,40.43834],[-3.65437,40.43861],[-3.65385,40.43806],[-3.65402,40.4379],[-3.65448,40.43663],[-3.65499,40.43683],[-3.65594,40.43623],[-3.65626,40.43591],[-3.65971,40.43634],[-3.65915,40.43932],[-3.65918,40.44082],[-3.65692,40.44077]]]}},{"type":"Feature","properties":{"id":"2807915133"},"geometry":{"type":"Polygon","coordinates":[[[-3.65549,40.44129],[-3.65504,40.44023],[-3.65436,40.4405],[-3.65357,40.43955],[-3.65454,40.43909],[-3.65467,40.4391],[-3.65437,40.43861],[-3.6554,40.43834],[-3.65593,40.43995],[-3.65694,40.43971],[-3.65698,40.44034],[-3.65692,40.44077],[-3.65614,40.44097],[-3.65549,40.44129]]]}},{"type":"Feature","properties":{"id":"2807915134"},"geometry":{"type":"Polygon","coordinates":[[[-3.65357,40.43955],[-3.65436,40.4405],[-3.65504,40.44023],[-3.65522,40.44073],[-3.65421,40.44108],[-3.65397,40.44097],[-3.65387,40.44113],[-3.65365,40.44103],[-3.65347,40.44114],[-3.65329,40.44097],[-3.65303,40.44111],[-3.65224,40.44043],[-3.65278,40.44024],[-3.65262,40.44002],[-3.65357,40.43955]]]}},{"type":"Feature","properties":{"id":"2807915135"},"geometry":{"type":"Polygon","coordinates":[[[-3.65236,40.44161],[-3.65112,40.44142],[-3.65134,40.44092],[-3.65016,40.4401],[-3.64995,40.44005],[-3.65181,40.43905],[-3.65234,40.43968],[-3.65437,40.43861],[-3.65467,40.4391],[-3.65454,40.43909],[-3.65262,40.44002],[-3.65278,40.44024],[-3.65224,40.44043],[-3.65303,40.44111],[-3.65329,40.44097],[-3.65347,40.44114],[-3.65365,40.44103],[-3.65387,40.44113],[-3.65397,40.44097],[-3.65421,40.44108],[-3.65522,40.44073],[-3.65549,40.44129],[-3.65347,40.44261],[-3.65236,40.44161]]]}},{"type":"Feature","properties":{"id":"2807915136"},"geometry":{"type":"Polygon","coordinates":[[[-3.65181,40.43905],[-3.65385,40.43806],[-3.65437,40.43861],[-3.65234,40.43968],[-3.65181,40.43905]]]}},{"type":"Feature","properties":{"id":"2807915138"},"geometry":{"type":"Polygon","coordinates":[[[-3.65124,40.44235],[-3.64941,40.44142],[-3.64969,40.4406],[-3.64967,40.44037],[-3.64995,40.44005],[-3.65016,40.4401],[-3.65134,40.44092],[-3.65112,40.44142],[-3.65236,40.44161],[-3.65124,40.44235]]]}},{"type":"Feature","properties":{"id":"2807915140"},"geometry":{"type":"Polygon","coordinates":[[[-3.6477,40.44342],[-3.64941,40.44142],[-3.65124,40.44235],[-3.64887,40.44401],[-3.6477,40.44342]]]}},{"type":"Feature","properties":{"id":"2807915141"},"geometry":{"type":"Polygon","coordinates":[[[-3.64945,40.44354],[-3.65236,40.44161],[-3.65347,40.44261],[-3.65189,40.44363],[-3.65069,40.44361],[-3.64905,40.4439],[-3.64945,40.44354]]]}},{"type":"Feature","properties":{"id":"2807915142"},"geometry":{"type":"Polygon","coordinates":[[[-3.64887,40.44401],[-3.64905,40.4439],[-3.65021,40.44367],[-3.65192,40.44362],[-3.65148,40.44543],[-3.65157,40.44558],[-3.65132,40.44571],[-3.65011,40.44475],[-3.64887,40.44401]]]}},{"type":"Feature","properties":{"id":"2807915143"},"geometry":{"type":"Polygon","coordinates":[[[-3.64489,40.44694],[-3.6477,40.44342],[-3.64878,40.44394],[-3.65011,40.44475],[-3.65132,40.44571],[-3.65291,40.44742],[-3.64806,40.44946],[-3.64748,40.44862],[-3.64732,40.4486],[-3.64636,40.44767],[-3.64489,40.44694]]]}},{"type":"Feature","properties":{"id":"2807915144"},"geometry":{"type":"Polygon","coordinates":[[[-3.65132,40.44571],[-3.65157,40.44558],[-3.65148,40.44543],[-3.65192,40.44362],[-3.65347,40.44261],[-3.65441,40.44378],[-3.65585,40.44626],[-3.65291,40.44742],[-3.65132,40.44571]]]}},{"type":"Feature","properties":{"id":"2807915146"},"geometry":{"type":"Polygon","coordinates":[[[-3.65477,40.44176],[-3.65595,40.44105],[-3.65692,40.44077],[-3.65691,40.44139],[-3.65713,40.44208],[-3.65497,40.44284],[-3.65477,40.44176]]]}},{"type":"Feature","properties":{"id":"2807915147"},"geometry":{"type":"Polygon","coordinates":[[[-3.65441,40.44378],[-3.65347,40.44261],[-3.65477,40.44176],[-3.65497,40.44284],[-3.65713,40.44208],[-3.65691,40.44139],[-3.65692,40.44077],[-3.65918,40.44082],[-3.6595,40.44259],[-3.65998,40.44374],[-3.66055,40.44463],[-3.65585,40.44626],[-3.65441,40.44378]]]}},{"type":"Feature","properties":{"id":"2807915148"},"geometry":{"type":"Polygon","coordinates":[[[-3.65828,40.45033],[-3.65585,40.44626],[-3.65749,40.44569],[-3.65756,40.44578],[-3.65877,40.44583],[-3.65878,40.44681],[-3.65929,40.44655],[-3.65971,40.44654],[-3.66051,40.44708],[-3.65941,40.4477],[-3.6596,40.4479],[-3.6597,40.44828],[-3.65964,40.44849],[-3.65929,40.44874],[-3.65968,40.44895],[-3.65969,40.44923],[-3.65994,40.44975],[-3.66018,40.45069],[-3.65912,40.4509],[-3.65863,40.45045],[-3.65828,40.45033]]]}},{"type":"Feature","properties":{"id":"2807915149"},"geometry":{"type":"Polygon","coordinates":[[[-3.65291,40.44742],[-3.65585,40.44626],[-3.65828,40.45033],[-3.65589,40.45161],[-3.6535,40.44842],[-3.65291,40.44742]]]}},{"type":"Feature","properties":{"id":"2807915150"},"geometry":{"type":"Polygon","coordinates":[[[-3.65133,40.45371],[-3.64806,40.44946],[-3.65291,40.44742],[-3.6535,40.44842],[-3.65589,40.45161],[-3.65384,40.45264],[-3.65133,40.45371]]]}},{"type":"Feature","properties":{"id":"2807915151"},"geometry":{"type":"Polygon","coordinates":[[[-3.65368,40.45271],[-3.656,40.45157],[-3.65828,40.45033],[-3.65865,40.45046],[-3.65902,40.45086],[-3.65954,40.45104],[-3.66036,40.45192],[-3.65989,40.45201],[-3.65939,40.45196],[-3.65718,40.45311],[-3.65865,40.45473],[-3.65642,40.45586],[-3.65368,40.45271]]]}},{"type":"Feature","properties":{"id":"2807915153"},"geometry":{"type":"Polygon","coordinates":[[[-3.66036,40.45192],[-3.66295,40.45175],[-3.66317,40.45314],[-3.66065,40.45383],[-3.66054,40.45242],[-3.66036,40.45192]]]}},{"type":"Feature","properties":{"id":"2807915154"},"geometry":{"type":"Polygon","coordinates":[[[-3.66065,40.45383],[-3.66317,40.45314],[-3.66337,40.45473],[-3.66286,40.45476],[-3.66217,40.45548],[-3.66113,40.45631],[-3.66065,40.45514],[-3.66065,40.45383]]]}},{"type":"Feature","properties":{"id":"2807915155"},"geometry":{"type":"Polygon","coordinates":[[[-3.65544,40.4584],[-3.6542,40.45692],[-3.65959,40.45425],[-3.66065,40.45383],[-3.66065,40.45514],[-3.66113,40.45631],[-3.661,40.45668],[-3.66081,40.45663],[-3.66,40.45677],[-3.65955,40.45639],[-3.65544,40.4584]]]}},{"type":"Feature","properties":{"id":"2807915156"},"geometry":{"type":"Polygon","coordinates":[[[-3.65778,40.45727],[-3.65955,40.45639],[-3.66,40.45677],[-3.66081,40.45663],[-3.661,40.45668],[-3.66014,40.45848],[-3.65992,40.45921],[-3.65861,40.4582],[-3.65778,40.45727]]]}},{"type":"Feature","properties":{"id":"2807915157"},"geometry":{"type":"Polygon","coordinates":[[[-3.65992,40.45921],[-3.66014,40.45848],[-3.66113,40.45631],[-3.66217,40.45548],[-3.66286,40.45476],[-3.66337,40.45473],[-3.66395,40.45745],[-3.66501,40.46004],[-3.66435,40.46032],[-3.6637,40.46084],[-3.66362,40.46128],[-3.66382,40.46184],[-3.65992,40.45921]]]}},{"type":"Feature","properties":{"id":"2807915158"},"geometry":{"type":"Polygon","coordinates":[[[-3.66206,40.46337],[-3.65688,40.45987],[-3.65628,40.4594],[-3.65544,40.4584],[-3.65778,40.45727],[-3.6591,40.4586],[-3.66382,40.46184],[-3.66206,40.46337]]]}},{"type":"Feature","properties":{"id":"2807915159"},"geometry":{"type":"Polygon","coordinates":[[[-3.66206,40.46337],[-3.66382,40.46184],[-3.66361,40.46117],[-3.6638,40.46071],[-3.66435,40.46032],[-3.66501,40.46004],[-3.667,40.464],[-3.66848,40.46669],[-3.66346,40.46751],[-3.6625,40.4641],[-3.66206,40.46337]]]}},{"type":"Feature","properties":{"id":"2807915160"},"geometry":{"type":"Polygon","coordinates":[[[-3.66346,40.46751],[-3.66848,40.46669],[-3.66998,40.46887],[-3.67112,40.47023],[-3.67076,40.47061],[-3.67052,40.47051],[-3.67017,40.47058],[-3.66924,40.47126],[-3.66465,40.47197],[-3.66346,40.46751]]]}},{"type":"Feature","properties":{"id":"2807915161"},"geometry":{"type":"Polygon","coordinates":[[[-3.66849,40.47595],[-3.66729,40.47154],[-3.66924,40.47126],[-3.67017,40.47058],[-3.67052,40.47051],[-3.67076,40.47061],[-3.67112,40.47023],[-3.67321,40.47297],[-3.6738,40.47423],[-3.67433,40.47616],[-3.67443,40.47747],[-3.67437,40.47849],[-3.67334,40.47875],[-3.67202,40.47923],[-3.6713,40.47817],[-3.6703,40.47697],[-3.66849,40.47595]]]}},{"type":"Feature","properties":{"id":"2807915162"},"geometry":{"type":"Polygon","coordinates":[[[-3.66576,40.47643],[-3.66541,40.47468],[-3.66465,40.47197],[-3.66729,40.47154],[-3.66849,40.47595],[-3.66777,40.47555],[-3.66678,40.47683],[-3.66576,40.47643]]]}},{"type":"Feature","properties":{"id":"2807915163"},"geometry":{"type":"Polygon","coordinates":[[[-3.66525,40.47804],[-3.66562,40.47729],[-3.66576,40.47643],[-3.66678,40.47683],[-3.66777,40.47555],[-3.66849,40.47595],[-3.66879,40.47719],[-3.66809,40.47731],[-3.66766,40.47747],[-3.66743,40.47819],[-3.66671,40.47901],[-3.66525,40.47804]]]}},{"type":"Feature","properties":{"id":"2807915164"},"geometry":{"type":"Polygon","coordinates":[[[-3.66469,40.48078],[-3.66687,40.47884],[-3.66745,40.47815],[-3.66766,40.47747],[-3.66809,40.47731],[-3.66879,40.47719],[-3.66879,40.47806],[-3.66841,40.47899],[-3.66784,40.47966],[-3.66597,40.48134],[-3.66578,40.48115],[-3.6651,40.48115],[-3.66514,40.48085],[-3.66469,40.48078]]]}},{"type":"Feature","properties":{"id":"2807915165"},"geometry":{"type":"Polygon","coordinates":[[[-3.66735,40.4801],[-3.66841,40.47899],[-3.66879,40.47806],[-3.66879,40.47719],[-3.66915,40.47716],[-3.66996,40.47778],[-3.67024,40.47812],[-3.66956,40.47843],[-3.66944,40.4786],[-3.66965,40.4788],[-3.66938,40.47933],[-3.66948,40.4794],[-3.66924,40.47973],[-3.66933,40.4801],[-3.66807,40.48053],[-3.66735,40.4801]]]}},{"type":"Feature","properties":{"id":"2807915166"},"geometry":{"type":"Polygon","coordinates":[[[-3.67024,40.47812],[-3.67094,40.47928],[-3.67095,40.47954],[-3.66933,40.4801],[-3.66924,40.47973],[-3.66948,40.4794],[-3.66938,40.47933],[-3.66965,40.4788],[-3.66944,40.4786],[-3.66956,40.47843],[-3.67024,40.47812]]]}},{"type":"Feature","properties":{"id":"2807915167"},"geometry":{"type":"Polygon","coordinates":[[[-3.67174,40.48102],[-3.67158,40.48063],[-3.67097,40.47982],[-3.67095,40.47954],[-3.67229,40.47917],[-3.67334,40.47875],[-3.67437,40.47849],[-3.67393,40.48107],[-3.67334,40.48104],[-3.67288,40.48126],[-3.67253,40.48096],[-3.67174,40.48102]]]}},{"type":"Feature","properties":{"id":"2807915168"},"geometry":{"type":"Polygon","coordinates":[[[-3.66807,40.48053],[-3.67095,40.47954],[-3.67097,40.47982],[-3.67171,40.4809],[-3.67165,40.48161],[-3.6713,40.48204],[-3.6705,40.48241],[-3.67022,40.48204],[-3.66999,40.48195],[-3.66936,40.48196],[-3.66866,40.48221],[-3.6686,40.48206],[-3.66832,40.48207],[-3.66806,40.48181],[-3.66861,40.48122],[-3.66839,40.48075],[-3.66807,40.48053]]]}},{"type":"Feature","properties":{"id":"2807915170"},"geometry":{"type":"Polygon","coordinates":[[[-3.66347,40.48367],[-3.66735,40.4801],[-3.66839,40.48075],[-3.66856,40.48102],[-3.66861,40.48122],[-3.66806,40.48181],[-3.66832,40.48207],[-3.6686,40.48206],[-3.66866,40.48221],[-3.66936,40.48196],[-3.66999,40.48195],[-3.67022,40.48204],[-3.6705,40.48241],[-3.66883,40.48315],[-3.66806,40.4832],[-3.66756,40.48304],[-3.66742,40.48287],[-3.66703,40.48292],[-3.66687,40.4831],[-3.66658,40.48405],[-3.66347,40.48367]]]}},{"type":"Feature","properties":{"id":"2807915171"},"geometry":{"type":"Polygon","coordinates":[[[-3.66002,40.48313],[-3.66121,40.48203],[-3.66251,40.48231],[-3.66302,40.48227],[-3.66322,40.4825],[-3.66457,40.48259],[-3.66347,40.48367],[-3.66002,40.48313]]]}},{"type":"Feature","properties":{"id":"2807915172"},"geometry":{"type":"Polygon","coordinates":[[[-3.67094,40.47928],[-3.66996,40.47778],[-3.66919,40.47718],[-3.66879,40.47719],[-3.66849,40.47595],[-3.6703,40.47697],[-3.6713,40.47817],[-3.67202,40.47923],[-3.67095,40.47954],[-3.67094,40.47928]]]}},{"type":"Feature","properties":{"id":"2807915173"},"geometry":{"type":"Polygon","coordinates":[[[-3.66658,40.48405],[-3.66687,40.4831],[-3.66703,40.48292],[-3.66742,40.48287],[-3.66756,40.48304],[-3.66806,40.4832],[-3.66883,40.48315],[-3.6713,40.48204],[-3.67168,40.48155],[-3.67174,40.48102],[-3.67253,40.48096],[-3.67288,40.48126],[-3.67334,40.48104],[-3.67393,40.48107],[-3.67347,40.48405],[-3.66817,40.48415],[-3.66658,40.48405]]]}},{"type":"Feature","properties":{"id":"2807915174"},"geometry":{"type":"Polygon","coordinates":[[[-3.65133,40.45371],[-3.65368,40.45271],[-3.65642,40.45586],[-3.6542,40.45692],[-3.65133,40.45371]]]}},{"type":"Feature","properties":{"id":"2807915175"},"geometry":{"type":"Polygon","coordinates":[[[-3.66036,40.45192],[-3.66054,40.45242],[-3.66065,40.45383],[-3.65865,40.45473],[-3.65718,40.45311],[-3.65939,40.45196],[-3.65989,40.45201],[-3.66036,40.45192]]]}},{"type":"Feature","properties":{"id":"2807915176"},"geometry":{"type":"Polygon","coordinates":[[[-3.66121,40.48203],[-3.66525,40.47804],[-3.66671,40.47901],[-3.66414,40.48127],[-3.66327,40.48216],[-3.66288,40.4823],[-3.66251,40.48231],[-3.66121,40.48203]]]}},{"type":"Feature","properties":{"id":"2807915177"},"geometry":{"type":"Polygon","coordinates":[[[-3.6254,40.42041],[-3.62676,40.41985],[-3.6274,40.41972],[-3.62836,40.41855],[-3.63033,40.41962],[-3.63005,40.41993],[-3.62619,40.4215],[-3.6254,40.42041]]]}},{"type":"Feature","properties":{"id":"2807915178"},"geometry":{"type":"Polygon","coordinates":[[[-3.65749,40.44569],[-3.66055,40.44463],[-3.66144,40.44617],[-3.66231,40.44896],[-3.66152,40.44917],[-3.66132,40.44843],[-3.66017,40.44861],[-3.66065,40.45062],[-3.66018,40.45069],[-3.65994,40.44975],[-3.65969,40.44923],[-3.65968,40.44895],[-3.65929,40.44874],[-3.65964,40.44849],[-3.6597,40.44828],[-3.6596,40.4479],[-3.65941,40.4477],[-3.66051,40.44708],[-3.65971,40.44654],[-3.65929,40.44655],[-3.65878,40.44681],[-3.65877,40.44583],[-3.65756,40.44578],[-3.65749,40.44569]]]}},{"type":"Feature","properties":{"id":"2807915179"},"geometry":{"type":"Polygon","coordinates":[[[-3.6254,40.42041],[-3.62376,40.41812],[-3.62407,40.41797],[-3.62416,40.41774],[-3.625,40.41804],[-3.6257,40.41879],[-3.62671,40.41835],[-3.62688,40.41789],[-3.62736,40.41801],[-3.62836,40.41855],[-3.6274,40.41972],[-3.62676,40.41985],[-3.6254,40.42041]]]}},{"type":"Feature","properties":{"id":"2807915180"},"geometry":{"type":"Polygon","coordinates":[[[-3.65912,40.4509],[-3.66065,40.45062],[-3.66017,40.44861],[-3.66132,40.44843],[-3.66152,40.44917],[-3.66231,40.44896],[-3.66295,40.45175],[-3.66036,40.45192],[-3.65954,40.45104],[-3.65912,40.4509]]]}},{"type":"Feature","properties":{"id":"2807915181"},"geometry":{"type":"Polygon","coordinates":[[[-3.63386,40.42152],[-3.62736,40.41801],[-3.62688,40.41789],[-3.62671,40.41835],[-3.6257,40.41879],[-3.625,40.41804],[-3.62416,40.41774],[-3.62416,40.41729],[-3.62598,40.41654],[-3.62681,40.41582],[-3.62975,40.4179],[-3.63469,40.42059],[-3.63386,40.42152]]]}},{"type":"Feature","properties":{"id":"2807915182"},"geometry":{"type":"Polygon","coordinates":[[[-3.66302,40.48227],[-3.6634,40.48205],[-3.66469,40.48078],[-3.66514,40.48085],[-3.6651,40.48115],[-3.66578,40.48115],[-3.66597,40.48134],[-3.66457,40.48259],[-3.66322,40.4825],[-3.66302,40.48227]]]}},{"type":"Feature","properties":{"id":"2807916001"},"geometry":{"type":"Polygon","coordinates":[[[-3.60471,40.45343],[-3.60419,40.45277],[-3.60385,40.4521],[-3.60338,40.4499],[-3.60568,40.44966],[-3.61478,40.4497],[-3.61494,40.45099],[-3.61505,40.4544],[-3.61497,40.4549],[-3.61463,40.45548],[-3.61324,40.45534],[-3.61274,40.45536],[-3.6124,40.45553],[-3.60728,40.45374],[-3.60623,40.45333],[-3.6054,40.4528],[-3.60471,40.45343]]]}},{"type":"Feature","properties":{"id":"2807916002"},"geometry":{"type":"Polygon","coordinates":[[[-3.61922,40.45378],[-3.61778,40.45201],[-3.61702,40.45213],[-3.61674,40.45156],[-3.6167,40.45073],[-3.61489,40.45079],[-3.61478,40.4497],[-3.61898,40.44973],[-3.62631,40.44954],[-3.62661,40.45206],[-3.6263,40.4528],[-3.62585,40.45322],[-3.62265,40.45444],[-3.62164,40.45285],[-3.61922,40.45378]]]}},{"type":"Feature","properties":{"id":"2807916003"},"geometry":{"type":"Polygon","coordinates":[[[-3.61734,40.45825],[-3.61893,40.45632],[-3.61968,40.45569],[-3.6206,40.45523],[-3.62264,40.45445],[-3.62426,40.4569],[-3.62528,40.45811],[-3.62658,40.45918],[-3.6272,40.45956],[-3.62843,40.46013],[-3.62994,40.46057],[-3.63109,40.46075],[-3.63344,40.4608],[-3.63435,40.46103],[-3.63382,40.46155],[-3.63344,40.46174],[-3.62514,40.46167],[-3.62499,40.4617],[-3.62459,40.46223],[-3.62458,40.4626],[-3.62402,40.46261],[-3.6234,40.46279],[-3.62204,40.46119],[-3.62144,40.46068],[-3.61997,40.45969],[-3.61734,40.45825]]]}},{"type":"Feature","properties":{"id":"2807916004"},"geometry":{"type":"Polygon","coordinates":[[[-3.63719,40.45774],[-3.63706,40.45601],[-3.63755,40.45517],[-3.63741,40.45421],[-3.63752,40.45366],[-3.63787,40.45309],[-3.63875,40.45223],[-3.639,40.45184],[-3.63986,40.44886],[-3.64563,40.44979],[-3.6469,40.44977],[-3.64806,40.44946],[-3.65004,40.45204],[-3.64968,40.45226],[-3.64813,40.45386],[-3.64731,40.45437],[-3.64542,40.45597],[-3.6421,40.46],[-3.64162,40.45971],[-3.64151,40.45977],[-3.63933,40.45867],[-3.63742,40.45799],[-3.63719,40.45774]]]}},{"type":"Feature","properties":{"id":"2807916005"},"geometry":{"type":"Polygon","coordinates":[[[-3.64434,40.45728],[-3.64545,40.45595],[-3.64731,40.45437],[-3.64813,40.45386],[-3.64968,40.45226],[-3.65004,40.45204],[-3.65216,40.4547],[-3.6542,40.45692],[-3.65364,40.45706],[-3.65137,40.45717],[-3.64848,40.45712],[-3.64434,40.45728]]]}},{"type":"Feature","properties":{"id":"2807916006"},"geometry":{"type":"Polygon","coordinates":[[[-3.64405,40.45889],[-3.64435,40.45811],[-3.64377,40.45794],[-3.64434,40.45728],[-3.64848,40.45712],[-3.65137,40.45717],[-3.65364,40.45706],[-3.6542,40.45692],[-3.6552,40.45812],[-3.65511,40.45815],[-3.65473,40.45944],[-3.65459,40.45941],[-3.65332,40.46003],[-3.65277,40.45964],[-3.64897,40.45985],[-3.64605,40.46018],[-3.64593,40.45944],[-3.64552,40.45907],[-3.64497,40.45892],[-3.64428,40.45884],[-3.64405,40.45889]]]}},{"type":"Feature","properties":{"id":"2807916007"},"geometry":{"type":"Polygon","coordinates":[[[-3.65219,40.46331],[-3.65298,40.46128],[-3.65298,40.46087],[-3.65279,40.46031],[-3.65459,40.45941],[-3.65473,40.45944],[-3.65511,40.45815],[-3.6552,40.45812],[-3.65628,40.4594],[-3.66034,40.4622],[-3.65883,40.4635],[-3.65827,40.46322],[-3.65809,40.463],[-3.65331,40.46362],[-3.65219,40.46331]]]}},{"type":"Feature","properties":{"id":"2807916008"},"geometry":{"type":"Polygon","coordinates":[[[-3.65155,40.46313],[-3.65162,40.46299],[-3.65134,40.46261],[-3.65017,40.46145],[-3.64999,40.46093],[-3.65188,40.46065],[-3.65254,40.46049],[-3.65279,40.46031],[-3.65299,40.46125],[-3.65224,40.4632],[-3.65219,40.46331],[-3.65155,40.46313]]]}},{"type":"Feature","properties":{"id":"2807916009"},"geometry":{"type":"Polygon","coordinates":[[[-3.64875,40.45987],[-3.65277,40.45964],[-3.65332,40.46003],[-3.65263,40.46045],[-3.65211,40.4606],[-3.65006,40.46093],[-3.64947,40.46094],[-3.64879,40.46063],[-3.64875,40.45987]]]}},{"type":"Feature","properties":{"id":"2807916011"},"geometry":{"type":"Polygon","coordinates":[[[-3.64744,40.46002],[-3.64875,40.45987],[-3.64879,40.46063],[-3.64941,40.46093],[-3.64999,40.46093],[-3.65017,40.46145],[-3.65134,40.46261],[-3.65162,40.46299],[-3.65155,40.46313],[-3.65066,40.46292],[-3.64894,40.46294],[-3.64746,40.46322],[-3.64736,40.46265],[-3.64781,40.46248],[-3.64771,40.46181],[-3.647,40.46127],[-3.64692,40.46087],[-3.64703,40.46077],[-3.64755,40.46073],[-3.64744,40.46002]]]}},{"type":"Feature","properties":{"id":"2807916012"},"geometry":{"type":"Polygon","coordinates":[[[-3.64581,40.46176],[-3.64568,40.46127],[-3.64612,40.46067],[-3.64605,40.46018],[-3.64744,40.46002],[-3.64755,40.46073],[-3.64703,40.46077],[-3.64692,40.46087],[-3.647,40.46127],[-3.64771,40.46181],[-3.64781,40.46248],[-3.64736,40.46265],[-3.64746,40.46322],[-3.64684,40.46333],[-3.64657,40.46222],[-3.64581,40.46176]]]}},{"type":"Feature","properties":{"id":"2807916013"},"geometry":{"type":"Polygon","coordinates":[[[-3.64464,40.46284],[-3.64485,40.46262],[-3.64479,40.46249],[-3.64496,40.46237],[-3.64475,40.46221],[-3.64568,40.4615],[-3.64581,40.46176],[-3.64657,40.46222],[-3.64684,40.46333],[-3.64553,40.46371],[-3.64526,40.46328],[-3.64464,40.46284]]]}},{"type":"Feature","properties":{"id":"2807916014"},"geometry":{"type":"Polygon","coordinates":[[[-3.64272,40.46226],[-3.64387,40.46183],[-3.64431,40.46107],[-3.64451,40.46093],[-3.64522,40.4609],[-3.64575,40.46118],[-3.64568,40.4615],[-3.64475,40.46221],[-3.64496,40.46237],[-3.64479,40.46249],[-3.64485,40.46262],[-3.64464,40.46284],[-3.6442,40.46271],[-3.64319,40.4627],[-3.64289,40.46253],[-3.64272,40.46226]]]}},{"type":"Feature","properties":{"id":"2807916015"},"geometry":{"type":"Polygon","coordinates":[[[-3.64438,40.461],[-3.64385,40.46057],[-3.64435,40.46021],[-3.64342,40.45947],[-3.64376,40.45906],[-3.64418,40.45884],[-3.64543,40.45903],[-3.64586,40.45934],[-3.64612,40.4606],[-3.64575,40.46118],[-3.64522,40.4609],[-3.64483,40.46087],[-3.64438,40.461]]]}},{"type":"Feature","properties":{"id":"2807916016"},"geometry":{"type":"Polygon","coordinates":[[[-3.63977,40.46173],[-3.64191,40.46022],[-3.64377,40.45794],[-3.64435,40.45811],[-3.64405,40.45889],[-3.64376,40.45906],[-3.64342,40.45947],[-3.64435,40.46021],[-3.64385,40.46057],[-3.64438,40.461],[-3.64391,40.46179],[-3.64287,40.46224],[-3.64134,40.46262],[-3.64117,40.4623],[-3.64086,40.46205],[-3.63996,40.46186],[-3.63977,40.46173]]]}},{"type":"Feature","properties":{"id":"2807916017"},"geometry":{"type":"Polygon","coordinates":[[[-3.64166,40.46335],[-3.64134,40.46262],[-3.64272,40.46226],[-3.64289,40.46253],[-3.64319,40.4627],[-3.6442,40.46271],[-3.64474,40.46289],[-3.6453,40.46331],[-3.64553,40.46371],[-3.644,40.46423],[-3.64266,40.46309],[-3.6422,40.46338],[-3.64166,40.46335]]]}},{"type":"Feature","properties":{"id":"2807916018"},"geometry":{"type":"Polygon","coordinates":[[[-3.64134,40.46459],[-3.64166,40.46335],[-3.6422,40.46338],[-3.64266,40.46309],[-3.644,40.46423],[-3.6424,40.46474],[-3.64187,40.46481],[-3.64134,40.46459]]]}},{"type":"Feature","properties":{"id":"2807916019"},"geometry":{"type":"Polygon","coordinates":[[[-3.63943,40.46397],[-3.64014,40.46347],[-3.63982,40.46324],[-3.64012,40.46298],[-3.64065,40.46332],[-3.64166,40.46335],[-3.64134,40.46459],[-3.63993,40.46464],[-3.63943,40.46397]]]}},{"type":"Feature","properties":{"id":"2807916020"},"geometry":{"type":"Polygon","coordinates":[[[-3.63811,40.46255],[-3.63908,40.46221],[-3.63977,40.46173],[-3.63996,40.46186],[-3.64071,40.46198],[-3.6411,40.46222],[-3.64166,40.46335],[-3.64065,40.46332],[-3.64012,40.46298],[-3.63982,40.46324],[-3.64014,40.46347],[-3.63943,40.46397],[-3.63917,40.4636],[-3.63861,40.46321],[-3.63811,40.46255]]]}},{"type":"Feature","properties":{"id":"2807916021"},"geometry":{"type":"Polygon","coordinates":[[[-3.63687,40.46709],[-3.63557,40.46473],[-3.63537,40.46392],[-3.63537,40.46266],[-3.63695,40.46266],[-3.63811,40.46255],[-3.63863,40.46323],[-3.63925,40.46368],[-3.6396,40.46429],[-3.63993,40.46464],[-3.64134,40.46459],[-3.64187,40.46481],[-3.64066,40.46524],[-3.63989,40.46531],[-3.63714,40.46521],[-3.63713,40.46539],[-3.63772,40.46691],[-3.63687,40.46709]]]}},{"type":"Feature","properties":{"id":"2807916022"},"geometry":{"type":"Polygon","coordinates":[[[-3.6331,40.46472],[-3.63314,40.46402],[-3.63305,40.46393],[-3.63325,40.46359],[-3.63325,40.46267],[-3.63537,40.46266],[-3.63537,40.46392],[-3.63557,40.46473],[-3.63586,40.46525],[-3.63551,40.46531],[-3.63514,40.46525],[-3.6343,40.46475],[-3.6331,40.46472]]]}},{"type":"Feature","properties":{"id":"2807916024"},"geometry":{"type":"Polygon","coordinates":[[[-3.62965,40.46263],[-3.63325,40.46267],[-3.63325,40.46359],[-3.63305,40.46393],[-3.63314,40.46402],[-3.6331,40.46472],[-3.6321,40.46471],[-3.63115,40.46509],[-3.63039,40.46513],[-3.62964,40.46323],[-3.62965,40.46263]]]}},{"type":"Feature","properties":{"id":"2807916025"},"geometry":{"type":"Polygon","coordinates":[[[-3.62799,40.46847],[-3.62561,40.46543],[-3.62421,40.46392],[-3.6234,40.46279],[-3.62402,40.46261],[-3.62965,40.46263],[-3.62964,40.46323],[-3.63039,40.46513],[-3.62919,40.46515],[-3.62907,40.46598],[-3.62968,40.46598],[-3.62974,40.46687],[-3.62966,40.46739],[-3.63084,40.4679],[-3.63142,40.46793],[-3.63153,40.46804],[-3.63224,40.46825],[-3.63274,40.46821],[-3.63323,40.46833],[-3.63298,40.46889],[-3.62854,40.46843],[-3.62799,40.46847]]]}},{"type":"Feature","properties":{"id":"2807916026"},"geometry":{"type":"Polygon","coordinates":[[[-3.62974,40.46652],[-3.62968,40.46598],[-3.62907,40.46598],[-3.62919,40.46515],[-3.63039,40.46513],[-3.63089,40.4665],[-3.62974,40.46652]]]}},{"type":"Feature","properties":{"id":"2807916027"},"geometry":{"type":"Polygon","coordinates":[[[-3.62974,40.46652],[-3.63089,40.4665],[-3.63142,40.46793],[-3.63084,40.4679],[-3.62966,40.46739],[-3.62974,40.46652]]]}},{"type":"Feature","properties":{"id":"2807916028"},"geometry":{"type":"Polygon","coordinates":[[[-3.63153,40.46804],[-3.63113,40.46724],[-3.6322,40.46703],[-3.63247,40.46711],[-3.63309,40.46769],[-3.63358,40.46772],[-3.63323,40.46833],[-3.63274,40.46821],[-3.63224,40.46825],[-3.63153,40.46804]]]}},{"type":"Feature","properties":{"id":"2807916029"},"geometry":{"type":"Polygon","coordinates":[[[-3.63113,40.46724],[-3.63079,40.46622],[-3.63308,40.46629],[-3.63401,40.4662],[-3.63446,40.46689],[-3.63388,40.46724],[-3.63358,40.46772],[-3.63309,40.46769],[-3.63247,40.46711],[-3.63226,40.46703],[-3.63113,40.46724]]]}},{"type":"Feature","properties":{"id":"2807916030"},"geometry":{"type":"Polygon","coordinates":[[[-3.63079,40.46622],[-3.63039,40.46513],[-3.63115,40.46509],[-3.6321,40.46471],[-3.6343,40.46475],[-3.63514,40.46525],[-3.63551,40.46531],[-3.63586,40.46525],[-3.636,40.46558],[-3.63583,40.46564],[-3.63446,40.46689],[-3.63401,40.4662],[-3.63308,40.46629],[-3.63079,40.46622]]]}},{"type":"Feature","properties":{"id":"2807916031"},"geometry":{"type":"Polygon","coordinates":[[[-3.63358,40.46772],[-3.63388,40.46724],[-3.63455,40.46684],[-3.63583,40.46564],[-3.636,40.46558],[-3.63687,40.46709],[-3.63497,40.46769],[-3.63358,40.46772]]]}},{"type":"Feature","properties":{"id":"2807916032"},"geometry":{"type":"Polygon","coordinates":[[[-3.6381,40.46899],[-3.63687,40.46709],[-3.63772,40.46691],[-3.63713,40.46539],[-3.63714,40.46521],[-3.63879,40.46526],[-3.63879,40.46598],[-3.63909,40.46599],[-3.63965,40.46652],[-3.63996,40.46716],[-3.63881,40.46716],[-3.63882,40.46903],[-3.6381,40.46899]]]}},{"type":"Feature","properties":{"id":"2807916033"},"geometry":{"type":"Polygon","coordinates":[[[-3.64187,40.46904],[-3.64156,40.46819],[-3.64109,40.4684],[-3.64036,40.46842],[-3.64034,40.46819],[-3.64054,40.46803],[-3.64057,40.46684],[-3.64054,40.46661],[-3.64034,40.46637],[-3.64238,40.46637],[-3.6424,40.46474],[-3.6433,40.4645],[-3.64472,40.46393],[-3.64729,40.46325],[-3.64763,40.46548],[-3.64827,40.46542],[-3.64864,40.46786],[-3.64258,40.46949],[-3.64236,40.46907],[-3.64187,40.46904]]]}},{"type":"Feature","properties":{"id":"2807916034"},"geometry":{"type":"Polygon","coordinates":[[[-3.64729,40.46325],[-3.64894,40.46294],[-3.64973,40.46293],[-3.65008,40.46557],[-3.65013,40.467],[-3.65002,40.46751],[-3.64864,40.46786],[-3.64827,40.46542],[-3.64763,40.46548],[-3.64729,40.46325]]]}},{"type":"Feature","properties":{"id":"2807916035"},"geometry":{"type":"Polygon","coordinates":[[[-3.64973,40.46293],[-3.65097,40.46296],[-3.65331,40.46362],[-3.65752,40.4631],[-3.65775,40.463],[-3.65809,40.463],[-3.65827,40.46322],[-3.65883,40.4635],[-3.65927,40.46312],[-3.65918,40.46343],[-3.65933,40.46412],[-3.65909,40.46454],[-3.65759,40.46587],[-3.65636,40.4665],[-3.65582,40.46666],[-3.65077,40.46731],[-3.65002,40.46751],[-3.65013,40.467],[-3.65008,40.46557],[-3.64973,40.46293]]]}},{"type":"Feature","properties":{"id":"2807916036"},"geometry":{"type":"Polygon","coordinates":[[[-3.65765,40.47103],[-3.65723,40.46946],[-3.6565,40.46828],[-3.65582,40.46666],[-3.65724,40.4661],[-3.65909,40.46454],[-3.65935,40.46398],[-3.65918,40.46343],[-3.65927,40.46312],[-3.66034,40.4622],[-3.66206,40.46337],[-3.66226,40.46364],[-3.6625,40.4641],[-3.66346,40.46751],[-3.66289,40.46764],[-3.66224,40.46792],[-3.65983,40.46984],[-3.65853,40.47107],[-3.65765,40.47103]]]}},{"type":"Feature","properties":{"id":"2807916037"},"geometry":{"type":"Polygon","coordinates":[[[-3.65331,40.46786],[-3.65413,40.4669],[-3.65582,40.46666],[-3.6565,40.46828],[-3.65427,40.46884],[-3.654,40.46821],[-3.65331,40.46786]]]}},{"type":"Feature","properties":{"id":"2807916038"},"geometry":{"type":"Polygon","coordinates":[[[-3.65199,40.46936],[-3.65331,40.46786],[-3.654,40.46821],[-3.65427,40.46884],[-3.6565,40.46828],[-3.65723,40.46946],[-3.65765,40.47103],[-3.65518,40.47156],[-3.65489,40.47086],[-3.65199,40.46936]]]}},{"type":"Feature","properties":{"id":"2807916039"},"geometry":{"type":"Polygon","coordinates":[[[-3.65114,40.47032],[-3.65199,40.46936],[-3.65489,40.47086],[-3.65518,40.47156],[-3.65376,40.47183],[-3.653,40.47208],[-3.65243,40.47057],[-3.65175,40.47064],[-3.65114,40.47032]]]}},{"type":"Feature","properties":{"id":"2807916040"},"geometry":{"type":"Polygon","coordinates":[[[-3.6487,40.47308],[-3.65114,40.47032],[-3.65175,40.47064],[-3.65243,40.47057],[-3.653,40.47208],[-3.65133,40.47257],[-3.6493,40.47291],[-3.649,40.47312],[-3.6487,40.47308]]]}},{"type":"Feature","properties":{"id":"2807916042"},"geometry":{"type":"Polygon","coordinates":[[[-3.64853,40.47259],[-3.64519,40.4711],[-3.64835,40.47039],[-3.64824,40.47052],[-3.64818,40.47131],[-3.64902,40.47135],[-3.6494,40.47095],[-3.64937,40.47086],[-3.65007,40.47071],[-3.65051,40.47071],[-3.65065,40.47088],[-3.64888,40.47287],[-3.64853,40.47259]]]}},{"type":"Feature","properties":{"id":"2807916043"},"geometry":{"type":"Polygon","coordinates":[[[-3.64818,40.47131],[-3.64824,40.47052],[-3.64835,40.47039],[-3.65115,40.46978],[-3.65155,40.46985],[-3.65065,40.47088],[-3.65051,40.47071],[-3.65007,40.47071],[-3.64937,40.47086],[-3.6494,40.47095],[-3.64902,40.47135],[-3.64818,40.47131]]]}},{"type":"Feature","properties":{"id":"2807916044"},"geometry":{"type":"Polygon","coordinates":[[[-3.65249,40.46711],[-3.65413,40.4669],[-3.65155,40.46985],[-3.65115,40.46978],[-3.64794,40.47047],[-3.64843,40.47003],[-3.64949,40.46937],[-3.6513,40.46864],[-3.6526,40.46727],[-3.65249,40.46711]]]}},{"type":"Feature","properties":{"id":"2807916045"},"geometry":{"type":"Polygon","coordinates":[[[-3.64577,40.46864],[-3.65077,40.46731],[-3.65249,40.46711],[-3.6526,40.46727],[-3.65126,40.46866],[-3.64949,40.46937],[-3.64843,40.47003],[-3.64794,40.47047],[-3.64705,40.47067],[-3.6462,40.46953],[-3.64577,40.46864]]]}},{"type":"Feature","properties":{"id":"2807916046"},"geometry":{"type":"Polygon","coordinates":[[[-3.64258,40.46949],[-3.64577,40.46864],[-3.6462,40.46953],[-3.64705,40.47067],[-3.64519,40.4711],[-3.64246,40.46989],[-3.64258,40.46949]]]}},{"type":"Feature","properties":{"id":"2807916048"},"geometry":{"type":"Polygon","coordinates":[[[-3.64539,40.47366],[-3.64242,40.47306],[-3.64095,40.47286],[-3.6404,40.47287],[-3.64007,40.47255],[-3.63987,40.47249],[-3.63993,40.47236],[-3.63975,40.472],[-3.6381,40.46899],[-3.64236,40.46907],[-3.64258,40.46949],[-3.64246,40.46989],[-3.64653,40.47166],[-3.64853,40.47259],[-3.64888,40.47287],[-3.64849,40.47327],[-3.64791,40.47354],[-3.64662,40.47374],[-3.64539,40.47366]]]}},{"type":"Feature","properties":{"id":"2807916049"},"geometry":{"type":"Polygon","coordinates":[[[-3.63368,40.47062],[-3.63379,40.47057],[-3.63385,40.4703],[-3.63325,40.47014],[-3.6333,40.46988],[-3.63391,40.46994],[-3.63399,40.46942],[-3.63863,40.46987],[-3.63925,40.4711],[-3.63887,40.47112],[-3.63368,40.47062]]]}},{"type":"Feature","properties":{"id":"2807916050"},"geometry":{"type":"Polygon","coordinates":[[[-3.63053,40.47109],[-3.62799,40.46847],[-3.62854,40.46843],[-3.63341,40.46893],[-3.6337,40.46864],[-3.63401,40.46861],[-3.6381,40.46899],[-3.63863,40.46987],[-3.63399,40.46942],[-3.63391,40.46994],[-3.6333,40.46988],[-3.63325,40.47014],[-3.63385,40.4703],[-3.63354,40.47123],[-3.6343,40.47135],[-3.63429,40.47148],[-3.63053,40.47109]]]}},{"type":"Feature","properties":{"id":"2807916051"},"geometry":{"type":"Polygon","coordinates":[[[-3.63053,40.47109],[-3.63444,40.47149],[-3.63434,40.47207],[-3.63356,40.47201],[-3.63352,40.47227],[-3.63342,40.47307],[-3.63417,40.47319],[-3.6341,40.47365],[-3.63377,40.47379],[-3.63053,40.47109]]]}},{"type":"Feature","properties":{"id":"2807916052"},"geometry":{"type":"Polygon","coordinates":[[[-3.63692,40.47346],[-3.63342,40.47307],[-3.63356,40.47201],[-3.63707,40.47234],[-3.63692,40.47346]]]}},{"type":"Feature","properties":{"id":"2807916053"},"geometry":{"type":"Polygon","coordinates":[[[-3.6341,40.47365],[-3.63417,40.47319],[-3.63692,40.47346],[-3.63681,40.4741],[-3.63649,40.47407],[-3.63647,40.47419],[-3.63492,40.47403],[-3.6349,40.47413],[-3.63463,40.47409],[-3.63469,40.47374],[-3.6341,40.47365]]]}},{"type":"Feature","properties":{"id":"2807916054"},"geometry":{"type":"Polygon","coordinates":[[[-3.63377,40.47379],[-3.6341,40.47365],[-3.63469,40.47374],[-3.63463,40.47409],[-3.6349,40.47413],[-3.63492,40.47403],[-3.63647,40.47419],[-3.63649,40.47407],[-3.63681,40.4741],[-3.63671,40.47465],[-3.63759,40.47474],[-3.6373,40.47633],[-3.63377,40.47379]]]}},{"type":"Feature","properties":{"id":"2807916055"},"geometry":{"type":"Polygon","coordinates":[[[-3.63671,40.47465],[-3.63693,40.47338],[-3.63963,40.47365],[-3.63932,40.47559],[-3.63937,40.47576],[-3.63797,40.47679],[-3.6373,40.47633],[-3.63759,40.47474],[-3.63671,40.47465]]]}},{"type":"Feature","properties":{"id":"2807916057"},"geometry":{"type":"Polygon","coordinates":[[[-3.63693,40.47338],[-3.63707,40.47234],[-3.63887,40.47251],[-3.63987,40.47249],[-3.63963,40.47365],[-3.63693,40.47338]]]}},{"type":"Feature","properties":{"id":"2807916058"},"geometry":{"type":"Polygon","coordinates":[[[-3.63942,40.47498],[-3.63987,40.47249],[-3.64007,40.47255],[-3.6404,40.47287],[-3.64095,40.47286],[-3.64242,40.47306],[-3.64391,40.47337],[-3.64355,40.47385],[-3.64276,40.4739],[-3.64182,40.47413],[-3.64127,40.47452],[-3.64057,40.4748],[-3.64006,40.47514],[-3.63942,40.47498]]]}},{"type":"Feature","properties":{"id":"2807916059"},"geometry":{"type":"Polygon","coordinates":[[[-3.6409,40.47466],[-3.64127,40.47452],[-3.64182,40.47413],[-3.64276,40.4739],[-3.64369,40.47385],[-3.64384,40.47627],[-3.64223,40.47626],[-3.6407,40.4759],[-3.64049,40.47514],[-3.6409,40.47466]]]}},{"type":"Feature","properties":{"id":"2807916060"},"geometry":{"type":"Polygon","coordinates":[[[-3.64508,40.47709],[-3.6452,40.47629],[-3.64384,40.47627],[-3.64369,40.47385],[-3.64354,40.4738],[-3.64391,40.47337],[-3.64539,40.47366],[-3.6453,40.47416],[-3.64543,40.47453],[-3.64598,40.47507],[-3.64709,40.47569],[-3.64691,40.47581],[-3.6466,40.47654],[-3.64596,40.47717],[-3.64508,40.47709]]]}},{"type":"Feature","properties":{"id":"2807916061"},"geometry":{"type":"Polygon","coordinates":[[[-3.64508,40.47709],[-3.64067,40.4766],[-3.63967,40.47618],[-3.63932,40.47559],[-3.63942,40.47498],[-3.64006,40.47514],[-3.6409,40.47466],[-3.64049,40.47514],[-3.6407,40.4759],[-3.64144,40.47611],[-3.64223,40.47626],[-3.6452,40.47629],[-3.64508,40.47709]]]}},{"type":"Feature","properties":{"id":"2807916063"},"geometry":{"type":"Polygon","coordinates":[[[-3.64191,40.47972],[-3.63797,40.47679],[-3.63937,40.47576],[-3.63967,40.47618],[-3.64067,40.4766],[-3.64372,40.47695],[-3.64345,40.47781],[-3.64414,40.47814],[-3.64409,40.47859],[-3.64293,40.47804],[-3.64244,40.47981],[-3.64191,40.47972]]]}},{"type":"Feature","properties":{"id":"2807916064"},"geometry":{"type":"Polygon","coordinates":[[[-3.64409,40.47859],[-3.64414,40.47814],[-3.64345,40.47781],[-3.64372,40.47695],[-3.64596,40.47717],[-3.64585,40.47725],[-3.64529,40.47925],[-3.64409,40.47859]]]}},{"type":"Feature","properties":{"id":"2807916065"},"geometry":{"type":"Polygon","coordinates":[[[-3.64244,40.47981],[-3.64293,40.47804],[-3.64529,40.47925],[-3.64654,40.48004],[-3.64668,40.4791],[-3.64722,40.47903],[-3.64702,40.47861],[-3.64764,40.47853],[-3.64872,40.48092],[-3.64244,40.47981]]]}},{"type":"Feature","properties":{"id":"2807916066"},"geometry":{"type":"Polygon","coordinates":[[[-3.64529,40.47925],[-3.64585,40.47725],[-3.64596,40.47717],[-3.646,40.47732],[-3.64677,40.47813],[-3.64722,40.47903],[-3.64668,40.4791],[-3.64654,40.48004],[-3.64529,40.47925]]]}},{"type":"Feature","properties":{"id":"2807916067"},"geometry":{"type":"Polygon","coordinates":[[[-3.64596,40.47717],[-3.6466,40.47654],[-3.64691,40.47581],[-3.64709,40.47569],[-3.64797,40.47618],[-3.64911,40.47744],[-3.64937,40.478],[-3.64764,40.47853],[-3.64702,40.47861],[-3.64671,40.47805],[-3.646,40.47732],[-3.64596,40.47717]]]}},{"type":"Feature","properties":{"id":"2807916069"},"geometry":{"type":"Polygon","coordinates":[[[-3.64872,40.48092],[-3.64764,40.47853],[-3.65333,40.47678],[-3.65407,40.47699],[-3.65049,40.48066],[-3.65007,40.48133],[-3.64872,40.48092]]]}},{"type":"Feature","properties":{"id":"2807916070"},"geometry":{"type":"Polygon","coordinates":[[[-3.65333,40.47678],[-3.65233,40.47452],[-3.65298,40.47432],[-3.65485,40.47348],[-3.65604,40.47315],[-3.65627,40.47317],[-3.65588,40.47381],[-3.65536,40.47508],[-3.65407,40.47699],[-3.65333,40.47678]]]}},{"type":"Feature","properties":{"id":"2807916071"},"geometry":{"type":"Polygon","coordinates":[[[-3.64815,40.47636],[-3.651,40.47554],[-3.65139,40.47479],[-3.65233,40.47452],[-3.65335,40.47676],[-3.64937,40.478],[-3.64911,40.47744],[-3.64815,40.47636]]]}},{"type":"Feature","properties":{"id":"2807916073"},"geometry":{"type":"Polygon","coordinates":[[[-3.64709,40.47569],[-3.64736,40.47551],[-3.64838,40.47531],[-3.64831,40.47489],[-3.64969,40.47464],[-3.64963,40.47444],[-3.65122,40.47415],[-3.65139,40.47479],[-3.651,40.47554],[-3.64815,40.47636],[-3.64797,40.47618],[-3.64709,40.47569]]]}},{"type":"Feature","properties":{"id":"2807916074"},"geometry":{"type":"Polygon","coordinates":[[[-3.64539,40.47366],[-3.64662,40.47374],[-3.64811,40.47348],[-3.64838,40.47531],[-3.64736,40.47551],[-3.64709,40.47569],[-3.6468,40.47557],[-3.64598,40.47507],[-3.6454,40.4745],[-3.6453,40.47416],[-3.64539,40.47366]]]}},{"type":"Feature","properties":{"id":"2807916075"},"geometry":{"type":"Polygon","coordinates":[[[-3.64811,40.47348],[-3.6487,40.47308],[-3.649,40.47312],[-3.6493,40.47291],[-3.65076,40.47268],[-3.65122,40.47415],[-3.64963,40.47444],[-3.64969,40.47464],[-3.64831,40.47489],[-3.64811,40.47348]]]}},{"type":"Feature","properties":{"id":"2807916076"},"geometry":{"type":"Polygon","coordinates":[[[-3.65139,40.47479],[-3.65076,40.47268],[-3.653,40.47208],[-3.65323,40.47418],[-3.65298,40.47432],[-3.65139,40.47479]]]}},{"type":"Feature","properties":{"id":"2807916077"},"geometry":{"type":"Polygon","coordinates":[[[-3.653,40.47208],[-3.65406,40.47259],[-3.65566,40.47223],[-3.65596,40.47291],[-3.65646,40.4728],[-3.65627,40.47317],[-3.65604,40.47315],[-3.65485,40.47348],[-3.65323,40.47418],[-3.653,40.47208]]]}},{"type":"Feature","properties":{"id":"2807916078"},"geometry":{"type":"Polygon","coordinates":[[[-3.653,40.47208],[-3.65376,40.47183],[-3.65765,40.47103],[-3.65646,40.4728],[-3.65596,40.47291],[-3.65566,40.47223],[-3.65406,40.47259],[-3.653,40.47208]]]}},{"type":"Feature","properties":{"id":"2807916079"},"geometry":{"type":"Polygon","coordinates":[[[-3.65536,40.47508],[-3.65588,40.47381],[-3.65765,40.47103],[-3.65853,40.47107],[-3.66184,40.4723],[-3.65959,40.47376],[-3.66036,40.47451],[-3.6602,40.47463],[-3.66106,40.47533],[-3.65941,40.47652],[-3.65904,40.47622],[-3.65872,40.47646],[-3.65751,40.47546],[-3.65695,40.47525],[-3.65659,40.4753],[-3.65536,40.47508]]]}},{"type":"Feature","properties":{"id":"2807916080"},"geometry":{"type":"Polygon","coordinates":[[[-3.66253,40.47262],[-3.65853,40.47107],[-3.65983,40.46984],[-3.6613,40.46866],[-3.66213,40.46925],[-3.66265,40.46976],[-3.66297,40.47034],[-3.66312,40.47103],[-3.66309,40.47163],[-3.66271,40.4725],[-3.66253,40.47262]]]}},{"type":"Feature","properties":{"id":"2807916081"},"geometry":{"type":"Polygon","coordinates":[[[-3.6643,40.47444],[-3.66253,40.47262],[-3.66281,40.4723],[-3.66312,40.47149],[-3.6631,40.47092],[-3.6629,40.47019],[-3.66241,40.46948],[-3.6613,40.46866],[-3.66228,40.4679],[-3.66289,40.46764],[-3.66346,40.46751],[-3.66541,40.47476],[-3.66482,40.47467],[-3.6643,40.47444]]]}},{"type":"Feature","properties":{"id":"2807916082"},"geometry":{"type":"Polygon","coordinates":[[[-3.66184,40.4723],[-3.66264,40.47271],[-3.66353,40.47367],[-3.66291,40.47399],[-3.66203,40.47331],[-3.66036,40.47451],[-3.65959,40.47376],[-3.66184,40.4723]]]}},{"type":"Feature","properties":{"id":"2807916083"},"geometry":{"type":"Polygon","coordinates":[[[-3.66489,40.47838],[-3.6602,40.47463],[-3.66203,40.47331],[-3.66291,40.47399],[-3.66353,40.47367],[-3.6643,40.47444],[-3.66482,40.47467],[-3.66541,40.47476],[-3.66576,40.47617],[-3.66562,40.47729],[-3.66547,40.47769],[-3.66489,40.47838]]]}},{"type":"Feature","properties":{"id":"2807916085"},"geometry":{"type":"Polygon","coordinates":[[[-3.66133,40.47791],[-3.66286,40.47677],[-3.66489,40.47838],[-3.6634,40.47986],[-3.6624,40.47962],[-3.66306,40.47901],[-3.66208,40.47851],[-3.66133,40.47791]]]}},{"type":"Feature","properties":{"id":"2807916086"},"geometry":{"type":"Polygon","coordinates":[[[-3.6598,40.48052],[-3.66055,40.47853],[-3.66133,40.47791],[-3.66208,40.47851],[-3.66306,40.47901],[-3.6624,40.47962],[-3.6634,40.47986],[-3.66121,40.48203],[-3.66017,40.48169],[-3.66106,40.48089],[-3.66087,40.48076],[-3.6598,40.48052]]]}},{"type":"Feature","properties":{"id":"2807916087"},"geometry":{"type":"Polygon","coordinates":[[[-3.65785,40.47871],[-3.6603,40.4792],[-3.65986,40.48035],[-3.65746,40.47978],[-3.65785,40.47871]]]}},{"type":"Feature","properties":{"id":"2807916088"},"geometry":{"type":"Polygon","coordinates":[[[-3.65785,40.47871],[-3.65835,40.47729],[-3.66106,40.47533],[-3.66286,40.47677],[-3.66063,40.47843],[-3.6603,40.4792],[-3.65785,40.47871]]]}},{"type":"Feature","properties":{"id":"2807916089"},"geometry":{"type":"Polygon","coordinates":[[[-3.65423,40.47677],[-3.65536,40.47508],[-3.65659,40.4753],[-3.65695,40.47525],[-3.65751,40.47546],[-3.65872,40.47646],[-3.65904,40.47622],[-3.65941,40.47652],[-3.65835,40.47729],[-3.65819,40.4777],[-3.65771,40.47742],[-3.65724,40.47739],[-3.65701,40.47721],[-3.65644,40.4773],[-3.65423,40.47677]]]}},{"type":"Feature","properties":{"id":"2807916090"},"geometry":{"type":"Polygon","coordinates":[[[-3.65007,40.48133],[-3.65049,40.48066],[-3.65423,40.47677],[-3.65644,40.4773],[-3.65701,40.47721],[-3.65724,40.47739],[-3.65771,40.47742],[-3.65819,40.4777],[-3.65746,40.47978],[-3.65983,40.48031],[-3.6598,40.48052],[-3.66087,40.48076],[-3.66106,40.48089],[-3.66017,40.48169],[-3.66121,40.48203],[-3.66002,40.48313],[-3.65621,40.48252],[-3.65007,40.48133]]]}},{"type":"Feature","properties":{"id":"2807916091"},"geometry":{"type":"Polygon","coordinates":[[[-3.63956,40.5079],[-3.63366,40.50779],[-3.6332,40.50756],[-3.63342,40.50719],[-3.63362,40.50581],[-3.63422,40.50483],[-3.63434,40.5043],[-3.63425,40.50351],[-3.63512,40.50169],[-3.63601,40.50207],[-3.63634,40.50231],[-3.63664,40.50297],[-3.63685,40.50317],[-3.63784,40.50379],[-3.63847,40.50408],[-3.63981,40.5045],[-3.64193,40.50545],[-3.64308,40.50512],[-3.64382,40.50503],[-3.64659,40.50605],[-3.646,40.50701],[-3.64492,40.50787],[-3.64443,40.50807],[-3.64354,40.50794],[-3.64203,40.50821],[-3.63956,40.5079]]]}},{"type":"Feature","properties":{"id":"2807916092"},"geometry":{"type":"Polygon","coordinates":[[[-3.66327,40.48766],[-3.66474,40.48788],[-3.66724,40.48827],[-3.66669,40.48888],[-3.66669,40.48914],[-3.6637,40.48951],[-3.66366,40.48886],[-3.66338,40.48879],[-3.66333,40.48852],[-3.66364,40.48837],[-3.66342,40.48817],[-3.66316,40.48811],[-3.66327,40.48766]]]}},{"type":"Feature","properties":{"id":"2807916093"},"geometry":{"type":"Polygon","coordinates":[[[-3.66176,40.48954],[-3.66165,40.48921],[-3.6618,40.48894],[-3.66205,40.48902],[-3.66231,40.48888],[-3.66239,40.48844],[-3.66231,40.48788],[-3.66248,40.48754],[-3.66327,40.48766],[-3.66316,40.48811],[-3.66342,40.48817],[-3.66364,40.48837],[-3.66333,40.48852],[-3.66338,40.48879],[-3.66366,40.48886],[-3.6637,40.48951],[-3.66303,40.4896],[-3.66176,40.48954]]]}},{"type":"Feature","properties":{"id":"2807916096"},"geometry":{"type":"Polygon","coordinates":[[[-3.62343,40.47247],[-3.62429,40.47164],[-3.62466,40.47095],[-3.62477,40.46999],[-3.62453,40.46892],[-3.62469,40.4687],[-3.62799,40.46847],[-3.63053,40.47109],[-3.63268,40.47291],[-3.63386,40.47386],[-3.63797,40.47679],[-3.63684,40.47768],[-3.63551,40.47804],[-3.63406,40.47923],[-3.6308,40.47919],[-3.63081,40.47958],[-3.62886,40.47958],[-3.6269,40.47936],[-3.62674,40.47925],[-3.62679,40.47773],[-3.62711,40.47754],[-3.62712,40.47688],[-3.6275,40.47606],[-3.62657,40.47512],[-3.62638,40.47528],[-3.62579,40.47544],[-3.62578,40.47519],[-3.62536,40.4748],[-3.6253,40.47461],[-3.62512,40.47458],[-3.62456,40.47297],[-3.62343,40.47247]]]}},{"type":"Feature","properties":{"id":"2807916097"},"geometry":{"type":"Polygon","coordinates":[[[-3.63895,40.47252],[-3.63434,40.47207],[-3.63444,40.47149],[-3.63429,40.47148],[-3.6343,40.47135],[-3.63354,40.47123],[-3.63368,40.47062],[-3.63887,40.47112],[-3.63925,40.4711],[-3.63993,40.47236],[-3.63987,40.47249],[-3.63895,40.47252]]]}},{"type":"Feature","properties":{"id":"2807916098"},"geometry":{"type":"Polygon","coordinates":[[[-3.63996,40.46716],[-3.63965,40.46652],[-3.63909,40.46599],[-3.63879,40.46598],[-3.63879,40.46526],[-3.63989,40.46531],[-3.64066,40.46524],[-3.64187,40.46481],[-3.6424,40.46474],[-3.64238,40.46637],[-3.64034,40.46637],[-3.64056,40.46666],[-3.64056,40.46721],[-3.63996,40.46716]]]}},{"type":"Feature","properties":{"id":"2807916099"},"geometry":{"type":"Polygon","coordinates":[[[-3.65926,40.48701],[-3.66248,40.48754],[-3.66231,40.48788],[-3.66239,40.48844],[-3.66231,40.48888],[-3.66205,40.48902],[-3.6618,40.48894],[-3.66165,40.48921],[-3.66176,40.48954],[-3.66088,40.48968],[-3.66033,40.48967],[-3.65982,40.48934],[-3.65922,40.48715],[-3.65926,40.48701]]]}},{"type":"Feature","properties":{"id":"2807916100"},"geometry":{"type":"Polygon","coordinates":[[[-3.63298,40.46889],[-3.63358,40.46772],[-3.63497,40.46769],[-3.63687,40.46709],[-3.6381,40.46899],[-3.63401,40.46861],[-3.6337,40.46864],[-3.63341,40.46893],[-3.63298,40.46889]]]}},{"type":"Feature","properties":{"id":"2807916101"},"geometry":{"type":"Polygon","coordinates":[[[-3.63882,40.46903],[-3.63881,40.46716],[-3.63987,40.46715],[-3.64056,40.46721],[-3.64054,40.46803],[-3.64034,40.46819],[-3.64036,40.46842],[-3.64109,40.4684],[-3.64156,40.46819],[-3.64187,40.46904],[-3.63882,40.46903]]]}},{"type":"Feature","properties":{"id":"2807916102"},"geometry":{"type":"Polygon","coordinates":[[[-3.63537,40.46266],[-3.63521,40.46181],[-3.63467,40.46121],[-3.63388,40.46087],[-3.63263,40.46078],[-3.63262,40.46021],[-3.63232,40.46021],[-3.63234,40.45942],[-3.63213,40.45801],[-3.63226,40.45775],[-3.63302,40.45711],[-3.63329,40.45634],[-3.63711,40.457],[-3.63719,40.45774],[-3.63742,40.45799],[-3.63933,40.45867],[-3.64151,40.45977],[-3.64162,40.45971],[-3.6421,40.46],[-3.64162,40.46048],[-3.63908,40.46221],[-3.63811,40.46255],[-3.63695,40.46266],[-3.63537,40.46266]]]}},{"type":"Feature","properties":{"id":"2807916103"},"geometry":{"type":"Polygon","coordinates":[[[-3.62264,40.45445],[-3.62585,40.45322],[-3.6263,40.4528],[-3.62653,40.45239],[-3.62662,40.45184],[-3.62631,40.44954],[-3.63131,40.44934],[-3.63618,40.44861],[-3.63803,40.44861],[-3.63986,40.44886],[-3.639,40.45184],[-3.63875,40.45223],[-3.63787,40.45309],[-3.63752,40.45366],[-3.63741,40.45421],[-3.63755,40.45517],[-3.63706,40.45601],[-3.63711,40.457],[-3.62961,40.45573],[-3.62797,40.45654],[-3.62632,40.45756],[-3.62587,40.45815],[-3.62556,40.45836],[-3.62426,40.4569],[-3.62264,40.45445]]]}},{"type":"Feature","properties":{"id":"2807916104"},"geometry":{"type":"Polygon","coordinates":[[[-3.63537,40.46266],[-3.62458,40.4626],[-3.62459,40.46223],[-3.62499,40.4617],[-3.62514,40.46167],[-3.63344,40.46174],[-3.63382,40.46155],[-3.63435,40.46103],[-3.63467,40.46121],[-3.63514,40.46168],[-3.63537,40.46266]]]}},{"type":"Feature","properties":{"id":"2807916105"},"geometry":{"type":"Polygon","coordinates":[[[-3.61489,40.45079],[-3.6167,40.45073],[-3.61674,40.45156],[-3.61702,40.45213],[-3.61778,40.45201],[-3.61865,40.45302],[-3.61505,40.4542],[-3.61489,40.45079]]]}},{"type":"Feature","properties":{"id":"2807916106"},"geometry":{"type":"Polygon","coordinates":[[[-3.66669,40.48914],[-3.66669,40.48888],[-3.66724,40.48827],[-3.65946,40.48708],[-3.65926,40.48701],[-3.65918,40.48674],[-3.66041,40.48605],[-3.66154,40.48437],[-3.66189,40.48419],[-3.6629,40.48419],[-3.66347,40.48367],[-3.66687,40.48408],[-3.66817,40.48415],[-3.67347,40.48405],[-3.6731,40.48766],[-3.67275,40.48913],[-3.67014,40.48871],[-3.67012,40.48883],[-3.66839,40.48896],[-3.66758,40.48917],[-3.66669,40.48914]]]}},{"type":"Feature","properties":{"id":"2807916107"},"geometry":{"type":"Polygon","coordinates":[[[-3.62833,40.48366],[-3.62995,40.48256],[-3.63113,40.482],[-3.63203,40.4814],[-3.63242,40.48102],[-3.63272,40.48047],[-3.63551,40.47804],[-3.63684,40.47768],[-3.63797,40.47679],[-3.64191,40.47972],[-3.64244,40.47981],[-3.6428,40.48054],[-3.64355,40.48144],[-3.64426,40.48298],[-3.64438,40.4843],[-3.6443,40.48491],[-3.64249,40.48449],[-3.64106,40.48483],[-3.63918,40.48507],[-3.63695,40.48571],[-3.63446,40.48665],[-3.63384,40.48674],[-3.63332,40.48666],[-3.63253,40.48622],[-3.62833,40.48366]]]}},{"type":"Feature","properties":{"id":"2807916108"},"geometry":{"type":"Polygon","coordinates":[[[-3.65231,40.4963],[-3.65555,40.49324],[-3.65744,40.49437],[-3.65413,40.49742],[-3.65231,40.4963]]]}},{"type":"Feature","properties":{"id":"2807916109"},"geometry":{"type":"Polygon","coordinates":[[[-3.64685,40.48565],[-3.6443,40.48486],[-3.64438,40.4843],[-3.64426,40.48298],[-3.64355,40.48144],[-3.6428,40.48054],[-3.64244,40.47981],[-3.64872,40.48092],[-3.65007,40.48133],[-3.65621,40.48252],[-3.66347,40.48367],[-3.6629,40.48419],[-3.66189,40.48419],[-3.66154,40.48437],[-3.66102,40.48516],[-3.66014,40.48524],[-3.65654,40.48469],[-3.65502,40.4848],[-3.65427,40.48492],[-3.6534,40.48529],[-3.65235,40.48607],[-3.64908,40.48393],[-3.64847,40.48382],[-3.64801,40.48405],[-3.64685,40.48565]]]}},{"type":"Feature","properties":{"id":"2807916110"},"geometry":{"type":"Polygon","coordinates":[[[-3.64914,40.48636],[-3.65623,40.48855],[-3.6513,40.49311],[-3.65015,40.49224],[-3.64956,40.49157],[-3.6488,40.49015],[-3.64854,40.48874],[-3.64857,40.488],[-3.64894,40.48668],[-3.64914,40.48636]]]}},{"type":"Feature","properties":{"id":"2807916111"},"geometry":{"type":"Polygon","coordinates":[[[-3.65705,40.4906],[-3.65791,40.49114],[-3.65719,40.49183],[-3.65896,40.49292],[-3.65736,40.49432],[-3.65474,40.49275],[-3.65705,40.4906]]]}},{"type":"Feature","properties":{"id":"2807916112"},"geometry":{"type":"Polygon","coordinates":[[[-3.65384,40.48781],[-3.6542,40.48735],[-3.65455,40.48708],[-3.65529,40.48674],[-3.65597,40.48662],[-3.65715,40.48673],[-3.65822,40.48734],[-3.65623,40.48855],[-3.65384,40.48781]]]}},{"type":"Feature","properties":{"id":"2807916113"},"geometry":{"type":"Polygon","coordinates":[[[-3.62559,40.45834],[-3.62587,40.45815],[-3.62632,40.45756],[-3.62797,40.45654],[-3.62961,40.45573],[-3.63329,40.45634],[-3.63302,40.45711],[-3.63226,40.45775],[-3.63213,40.45801],[-3.63234,40.45942],[-3.63232,40.46021],[-3.63262,40.46021],[-3.63256,40.46079],[-3.63058,40.46069],[-3.62902,40.46035],[-3.6272,40.45956],[-3.62658,40.45918],[-3.62559,40.45834]]]}},{"type":"Feature","properties":{"id":"2807916114"},"geometry":{"type":"Polygon","coordinates":[[[-3.64684,40.49632],[-3.64831,40.4958],[-3.6499,40.49472],[-3.65409,40.49741],[-3.65349,40.49814],[-3.6533,40.4987],[-3.65335,40.49931],[-3.65374,40.50012],[-3.65448,40.50076],[-3.65546,40.50119],[-3.65659,40.50129],[-3.65767,40.50111],[-3.65888,40.50035],[-3.66048,40.50132],[-3.65893,40.50327],[-3.65827,40.50463],[-3.65809,40.5059],[-3.65827,40.50848],[-3.65819,40.50935],[-3.65656,40.5093],[-3.65286,40.50836],[-3.65145,40.50754],[-3.6501,40.50646],[-3.64908,40.50496],[-3.64844,40.50357],[-3.64765,40.4991],[-3.64684,40.49632]]]}},{"type":"Feature","properties":{"id":"2807916115"},"geometry":{"type":"Polygon","coordinates":[[[-3.65737,40.49444],[-3.65744,40.49437],[-3.65736,40.49432],[-3.66061,40.4914],[-3.66295,40.4929],[-3.66223,40.49351],[-3.66183,40.49343],[-3.66137,40.49356],[-3.65917,40.49557],[-3.65737,40.49444]]]}},{"type":"Feature","properties":{"id":"2807916116"},"geometry":{"type":"Polygon","coordinates":[[[-3.65146,40.48707],[-3.64685,40.48565],[-3.64801,40.48405],[-3.64847,40.48382],[-3.64908,40.48393],[-3.65235,40.48607],[-3.65146,40.48707]]]}},{"type":"Feature","properties":{"id":"2807916117"},"geometry":{"type":"Polygon","coordinates":[[[-3.6499,40.49472],[-3.64994,40.49437],[-3.65625,40.48854],[-3.65632,40.48872],[-3.65791,40.48981],[-3.65142,40.49572],[-3.6499,40.49472]]]}},{"type":"Feature","properties":{"id":"2807916118"},"geometry":{"type":"Polygon","coordinates":[[[-3.65146,40.48707],[-3.65203,40.48636],[-3.65285,40.48563],[-3.65427,40.48492],[-3.65654,40.48469],[-3.66014,40.48524],[-3.66102,40.48516],[-3.66041,40.48605],[-3.65822,40.48734],[-3.65715,40.48673],[-3.65628,40.4866],[-3.65564,40.48666],[-3.65488,40.48691],[-3.6542,40.48735],[-3.65384,40.48781],[-3.65146,40.48707]]]}},{"type":"Feature","properties":{"id":"2807916119"},"geometry":{"type":"Polygon","coordinates":[[[-3.66688,40.49542],[-3.66079,40.49147],[-3.6582,40.4899],[-3.6579,40.48981],[-3.65632,40.48872],[-3.65625,40.48854],[-3.65918,40.48674],[-3.65982,40.48934],[-3.66033,40.48967],[-3.66088,40.48968],[-3.66185,40.48953],[-3.66303,40.4896],[-3.66637,40.48915],[-3.66754,40.48918],[-3.66839,40.48896],[-3.67012,40.48883],[-3.67014,40.48871],[-3.67275,40.48913],[-3.67216,40.49067],[-3.67132,40.49181],[-3.67013,40.49287],[-3.66688,40.49542]]]}},{"type":"Feature","properties":{"id":"2807916120"},"geometry":{"type":"Polygon","coordinates":[[[-3.6443,40.48491],[-3.64914,40.48636],[-3.64894,40.48668],[-3.64857,40.488],[-3.64854,40.48874],[-3.6488,40.49015],[-3.64956,40.49157],[-3.65015,40.49224],[-3.6513,40.49311],[-3.64994,40.49437],[-3.6499,40.49472],[-3.64831,40.4958],[-3.64683,40.49627],[-3.64424,40.48985],[-3.64407,40.48723],[-3.64431,40.48576],[-3.6443,40.48491]]]}},{"type":"Feature","properties":{"id":"2807916121"},"geometry":{"type":"Polygon","coordinates":[[[-3.6124,40.45553],[-3.61274,40.45536],[-3.61324,40.45534],[-3.61463,40.45548],[-3.61497,40.4549],[-3.61505,40.4542],[-3.61863,40.45303],[-3.61922,40.45378],[-3.62164,40.45285],[-3.62265,40.45444],[-3.6206,40.45523],[-3.61968,40.45569],[-3.61893,40.45632],[-3.61734,40.45825],[-3.61361,40.45611],[-3.6124,40.45553]]]}},{"type":"Feature","properties":{"id":"2807916122"},"geometry":{"type":"Polygon","coordinates":[[[-3.65349,40.49814],[-3.6541,40.49745],[-3.65888,40.50035],[-3.65767,40.50111],[-3.65659,40.50129],[-3.65546,40.50119],[-3.65448,40.50076],[-3.65374,40.50012],[-3.65335,40.49931],[-3.6533,40.4987],[-3.65349,40.49814]]]}},{"type":"Feature","properties":{"id":"2807916123"},"geometry":{"type":"Polygon","coordinates":[[[-3.64492,40.50787],[-3.646,40.50701],[-3.64659,40.50605],[-3.64382,40.50503],[-3.64308,40.50512],[-3.64193,40.50545],[-3.63981,40.5045],[-3.63847,40.50408],[-3.63784,40.50379],[-3.63685,40.50317],[-3.63664,40.50297],[-3.63634,40.50231],[-3.63601,40.50207],[-3.63512,40.50169],[-3.63559,40.50072],[-3.63606,40.50022],[-3.63617,40.4997],[-3.63645,40.49926],[-3.63914,40.49912],[-3.64193,40.49798],[-3.64684,40.49632],[-3.64765,40.4991],[-3.64844,40.50357],[-3.64908,40.50496],[-3.6501,40.50646],[-3.65145,40.50754],[-3.65286,40.50836],[-3.65656,40.5093],[-3.65819,40.50935],[-3.65824,40.51015],[-3.65811,40.51149],[-3.65793,40.51144],[-3.6562,40.5131],[-3.65453,40.51276],[-3.65239,40.51141],[-3.6524,40.51117],[-3.6493,40.51085],[-3.64797,40.5104],[-3.64753,40.51008],[-3.64592,40.50853],[-3.64492,40.50787]]]}},{"type":"Feature","properties":{"id":"2807916124"},"geometry":{"type":"Polygon","coordinates":[[[-3.62363,40.49882],[-3.62365,40.49314],[-3.6142,40.49294],[-3.61418,40.49103],[-3.61054,40.489],[-3.60848,40.48901],[-3.6085,40.49125],[-3.60206,40.49135],[-3.60199,40.48499],[-3.61548,40.48504],[-3.61821,40.48213],[-3.62586,40.48218],[-3.63253,40.48622],[-3.63332,40.48666],[-3.63384,40.48674],[-3.63446,40.48665],[-3.63695,40.48571],[-3.63918,40.48507],[-3.64106,40.48483],[-3.64249,40.48449],[-3.6443,40.48491],[-3.64431,40.48576],[-3.64407,40.48723],[-3.64424,40.48985],[-3.64684,40.49632],[-3.64193,40.49798],[-3.63914,40.49912],[-3.63645,40.49927],[-3.63469,40.49906],[-3.63216,40.49833],[-3.62939,40.49812],[-3.62637,40.49867],[-3.62363,40.49882]]]}},{"type":"Feature","properties":{"id":"2807916125"},"geometry":{"type":"Polygon","coordinates":[[[-3.66048,40.50132],[-3.6541,40.49745],[-3.65737,40.49444],[-3.65917,40.49557],[-3.66137,40.49356],[-3.66183,40.49343],[-3.66223,40.49351],[-3.66295,40.4929],[-3.66688,40.49542],[-3.66272,40.49882],[-3.66048,40.50132]]]}},{"type":"Feature","properties":{"id":"2807916126"},"geometry":{"type":"Polygon","coordinates":[[[-3.62585,40.48218],[-3.62588,40.47654],[-3.62564,40.47638],[-3.62564,40.47625],[-3.62586,40.47604],[-3.62579,40.47544],[-3.62638,40.47528],[-3.62657,40.47512],[-3.6275,40.47606],[-3.62712,40.47688],[-3.62711,40.47754],[-3.62679,40.47773],[-3.62674,40.47925],[-3.6269,40.47936],[-3.62886,40.47958],[-3.63081,40.47958],[-3.6308,40.47919],[-3.63406,40.47923],[-3.63272,40.48047],[-3.63242,40.48102],[-3.63203,40.4814],[-3.63113,40.482],[-3.62995,40.48256],[-3.62833,40.48366],[-3.62585,40.48218]]]}},{"type":"Feature","properties":{"id":"2807916127"},"geometry":{"type":"Polygon","coordinates":[[[-3.65555,40.49324],[-3.65231,40.4963],[-3.65151,40.4958],[-3.65143,40.49571],[-3.65474,40.49275],[-3.65555,40.49324]]]}},{"type":"Feature","properties":{"id":"2807916128"},"geometry":{"type":"Polygon","coordinates":[[[-3.61806,40.49555],[-3.618,40.49298],[-3.62365,40.49314],[-3.62364,40.4941],[-3.62185,40.49411],[-3.62186,40.49552],[-3.61806,40.49555]]]}},{"type":"Feature","properties":{"id":"2807916129"},"geometry":{"type":"Polygon","coordinates":[[[-3.61423,40.49691],[-3.61622,40.4969],[-3.61622,40.49464],[-3.61804,40.49464],[-3.61813,40.49908],[-3.61427,40.50026],[-3.61423,40.49691]]]}},{"type":"Feature","properties":{"id":"2807916130"},"geometry":{"type":"Polygon","coordinates":[[[-3.60229,40.50127],[-3.60215,40.49496],[-3.61101,40.49495],[-3.61246,40.49536],[-3.61421,40.49557],[-3.61427,40.50026],[-3.60545,40.50371],[-3.60425,40.50281],[-3.60298,40.50138],[-3.60229,40.50127]]]}},{"type":"Feature","properties":{"id":"2807916131"},"geometry":{"type":"Polygon","coordinates":[[[-3.60206,40.49135],[-3.6085,40.49125],[-3.60848,40.48901],[-3.61054,40.489],[-3.61418,40.49103],[-3.61421,40.49557],[-3.61246,40.49536],[-3.61101,40.49495],[-3.60215,40.49496],[-3.60206,40.49135]]]}},{"type":"Feature","properties":{"id":"2807916132"},"geometry":{"type":"Polygon","coordinates":[[[-3.61423,40.49691],[-3.61418,40.49294],[-3.618,40.49301],[-3.61804,40.49464],[-3.61622,40.49464],[-3.61622,40.4969],[-3.61423,40.49691]]]}},{"type":"Feature","properties":{"id":"2807916133"},"geometry":{"type":"Polygon","coordinates":[[[-3.65705,40.4906],[-3.6579,40.48981],[-3.6582,40.4899],[-3.66061,40.4914],[-3.65896,40.49292],[-3.65719,40.49183],[-3.65791,40.49114],[-3.65705,40.4906]]]}},{"type":"Feature","properties":{"id":"2807916134"},"geometry":{"type":"Polygon","coordinates":[[[-3.61806,40.49555],[-3.62186,40.49552],[-3.62185,40.49411],[-3.62364,40.4941],[-3.62363,40.49882],[-3.62637,40.49867],[-3.62939,40.49812],[-3.63216,40.49833],[-3.63469,40.49906],[-3.63645,40.49927],[-3.63617,40.4997],[-3.63606,40.50022],[-3.63559,40.50072],[-3.63425,40.50351],[-3.63434,40.5043],[-3.63422,40.50483],[-3.63362,40.50581],[-3.63342,40.50719],[-3.6332,40.50756],[-3.63037,40.5084],[-3.62843,40.50822],[-3.62542,40.5093],[-3.62509,40.5093],[-3.62344,40.50894],[-3.62263,40.50897],[-3.6214,40.50979],[-3.62086,40.50997],[-3.62008,40.51006],[-3.61776,40.51008],[-3.61697,40.51043],[-3.61503,40.5108],[-3.61415,40.5106],[-3.61422,40.51031],[-3.6141,40.5101],[-3.61276,40.50921],[-3.6117,40.50897],[-3.61124,40.50903],[-3.60913,40.50724],[-3.60821,40.50668],[-3.60664,40.50593],[-3.60625,40.50557],[-3.60588,40.50422],[-3.60545,40.50371],[-3.61151,40.5014],[-3.6142,40.50028],[-3.61813,40.49908],[-3.61806,40.49555]]]}},{"type":"Feature","properties":{"id":"2807917002"},"geometry":{"type":"Polygon","coordinates":[[[-3.71514,40.34155],[-3.71558,40.34157],[-3.71671,40.3414],[-3.71777,40.34104],[-3.71799,40.34168],[-3.7178,40.34191],[-3.71787,40.34268],[-3.71777,40.34297],[-3.71765,40.34307],[-3.71509,40.34365],[-3.71474,40.34309],[-3.71513,40.34225],[-3.71514,40.34155]]]}},{"type":"Feature","properties":{"id":"2807917003"},"geometry":{"type":"Polygon","coordinates":[[[-3.71257,40.34371],[-3.71226,40.3421],[-3.71224,40.34137],[-3.71514,40.34155],[-3.71513,40.34225],[-3.71474,40.34309],[-3.71509,40.34365],[-3.71365,40.344],[-3.71344,40.34419],[-3.71327,40.34408],[-3.71317,40.34352],[-3.71257,40.34371]]]}},{"type":"Feature","properties":{"id":"2807917004"},"geometry":{"type":"Polygon","coordinates":[[[-3.70944,40.345],[-3.70994,40.34373],[-3.71118,40.34393],[-3.71263,40.3437],[-3.71317,40.34352],[-3.71327,40.34408],[-3.71344,40.34419],[-3.71282,40.34497],[-3.71266,40.3449],[-3.71099,40.34528],[-3.71094,40.34536],[-3.71001,40.34522],[-3.70944,40.345]]]}},{"type":"Feature","properties":{"id":"2807917006"},"geometry":{"type":"Polygon","coordinates":[[[-3.70994,40.34373],[-3.71056,40.34204],[-3.71071,40.34128],[-3.71224,40.34137],[-3.71226,40.3421],[-3.71257,40.34371],[-3.71118,40.34393],[-3.70994,40.34373]]]}},{"type":"Feature","properties":{"id":"2807917007"},"geometry":{"type":"Polygon","coordinates":[[[-3.70879,40.34348],[-3.70928,40.34228],[-3.70874,40.34216],[-3.70867,40.34188],[-3.70945,40.34185],[-3.70954,40.34121],[-3.71071,40.34128],[-3.71056,40.34204],[-3.70994,40.34373],[-3.70879,40.34348]]]}},{"type":"Feature","properties":{"id":"2807917008"},"geometry":{"type":"Polygon","coordinates":[[[-3.70721,40.34324],[-3.70708,40.34241],[-3.70661,40.34147],[-3.7066,40.34104],[-3.70954,40.34121],[-3.70945,40.34185],[-3.70867,40.34188],[-3.70874,40.34216],[-3.70928,40.34228],[-3.70866,40.34377],[-3.70721,40.34324]]]}},{"type":"Feature","properties":{"id":"2807917009"},"geometry":{"type":"Polygon","coordinates":[[[-3.70701,40.34413],[-3.70721,40.34324],[-3.70866,40.34377],[-3.70879,40.34348],[-3.70994,40.34373],[-3.70962,40.34453],[-3.70871,40.34432],[-3.70701,40.34413]]]}},{"type":"Feature","properties":{"id":"2807917010"},"geometry":{"type":"Polygon","coordinates":[[[-3.70678,40.34483],[-3.70701,40.34413],[-3.70871,40.34432],[-3.70962,40.34453],[-3.70923,40.34555],[-3.70814,40.34536],[-3.70712,40.34535],[-3.70706,40.34489],[-3.70678,40.34483]]]}},{"type":"Feature","properties":{"id":"2807917011"},"geometry":{"type":"Polygon","coordinates":[[[-3.70637,40.34701],[-3.70617,40.3462],[-3.70678,40.34483],[-3.70706,40.34489],[-3.70712,40.34535],[-3.70814,40.34536],[-3.70923,40.34555],[-3.70891,40.34643],[-3.70664,40.34698],[-3.70661,40.34704],[-3.70637,40.34701]]]}},{"type":"Feature","properties":{"id":"2807917012"},"geometry":{"type":"Polygon","coordinates":[[[-3.70891,40.34643],[-3.70944,40.345],[-3.71001,40.34522],[-3.71094,40.34536],[-3.71099,40.34528],[-3.71266,40.3449],[-3.71282,40.34497],[-3.7123,40.34582],[-3.71212,40.34595],[-3.70911,40.34655],[-3.70891,40.34643]]]}},{"type":"Feature","properties":{"id":"2807917013"},"geometry":{"type":"Polygon","coordinates":[[[-3.71212,40.34595],[-3.7134,40.34422],[-3.71375,40.34397],[-3.7136,40.3462],[-3.7122,40.34606],[-3.71212,40.34595]]]}},{"type":"Feature","properties":{"id":"2807917014"},"geometry":{"type":"Polygon","coordinates":[[[-3.71375,40.34397],[-3.71509,40.34365],[-3.71519,40.34433],[-3.71497,40.34547],[-3.71426,40.34542],[-3.71366,40.34549],[-3.71375,40.34397]]]}},{"type":"Feature","properties":{"id":"2807917015"},"geometry":{"type":"Polygon","coordinates":[[[-3.71497,40.34547],[-3.71519,40.34433],[-3.71509,40.34365],[-3.71679,40.34327],[-3.71684,40.34336],[-3.71595,40.34557],[-3.71497,40.34547]]]}},{"type":"Feature","properties":{"id":"2807917016"},"geometry":{"type":"Polygon","coordinates":[[[-3.71595,40.34557],[-3.71684,40.34336],[-3.71679,40.34327],[-3.71765,40.34307],[-3.71651,40.34565],[-3.71595,40.34557]]]}},{"type":"Feature","properties":{"id":"2807917017"},"geometry":{"type":"Polygon","coordinates":[[[-3.71436,40.34797],[-3.71456,40.34781],[-3.71497,40.34547],[-3.71651,40.34565],[-3.71508,40.3486],[-3.71436,40.34797]]]}},{"type":"Feature","properties":{"id":"2807917018"},"geometry":{"type":"Polygon","coordinates":[[[-3.71349,40.34717],[-3.71366,40.34549],[-3.71426,40.34542],[-3.71497,40.34547],[-3.71456,40.34783],[-3.71436,40.34797],[-3.71349,40.34717]]]}},{"type":"Feature","properties":{"id":"2807917019"},"geometry":{"type":"Polygon","coordinates":[[[-3.71088,40.34716],[-3.71061,40.34626],[-3.71212,40.34595],[-3.7122,40.34606],[-3.7136,40.3462],[-3.71349,40.34717],[-3.71335,40.347],[-3.7124,40.34689],[-3.71088,40.34716]]]}},{"type":"Feature","properties":{"id":"2807917020"},"geometry":{"type":"Polygon","coordinates":[[[-3.71161,40.34977],[-3.71169,40.34927],[-3.71077,40.34912],[-3.71088,40.34716],[-3.7123,40.3469],[-3.71335,40.347],[-3.71349,40.34717],[-3.71343,40.34918],[-3.71305,40.3492],[-3.71308,40.34994],[-3.71231,40.35043],[-3.71161,40.34977]]]}},{"type":"Feature","properties":{"id":"2807917021"},"geometry":{"type":"Polygon","coordinates":[[[-3.72071,40.36489],[-3.71778,40.36475],[-3.71008,40.36398],[-3.70777,40.36391],[-3.70517,40.36364],[-3.70707,40.35576],[-3.70699,40.3546],[-3.70673,40.35379],[-3.70855,40.35266],[-3.70936,40.3532],[-3.71212,40.3542],[-3.71272,40.35453],[-3.71324,40.3544],[-3.71764,40.35436],[-3.71764,40.35193],[-3.7138,40.35195],[-3.71178,40.35153],[-3.71129,40.351],[-3.71305,40.34997],[-3.71305,40.3492],[-3.7145,40.34912],[-3.71458,40.34898],[-3.71478,40.34895],[-3.7151,40.34857],[-3.71787,40.34268],[-3.7178,40.34191],[-3.71799,40.34168],[-3.71777,40.34104],[-3.71863,40.34046],[-3.71937,40.33965],[-3.72253,40.33304],[-3.72282,40.33289],[-3.72367,40.33355],[-3.72493,40.33498],[-3.72093,40.3652],[-3.72071,40.36489]]]}},{"type":"Feature","properties":{"id":"2807917022"},"geometry":{"type":"Polygon","coordinates":[[[-3.70596,40.34976],[-3.70619,40.349],[-3.70929,40.34885],[-3.71169,40.34927],[-3.71163,40.34975],[-3.71058,40.35039],[-3.70915,40.35044],[-3.70801,40.35071],[-3.70713,40.3497],[-3.70713,40.34952],[-3.70656,40.34957],[-3.70596,40.34976]]]}},{"type":"Feature","properties":{"id":"2807917023"},"geometry":{"type":"Polygon","coordinates":[[[-3.70929,40.34885],[-3.70878,40.34736],[-3.70829,40.34658],[-3.70891,40.34643],[-3.70911,40.34655],[-3.71061,40.34626],[-3.7109,40.34723],[-3.71077,40.34912],[-3.70929,40.34885]]]}},{"type":"Feature","properties":{"id":"2807917024"},"geometry":{"type":"Polygon","coordinates":[[[-3.70619,40.349],[-3.70637,40.34701],[-3.70661,40.34704],[-3.70664,40.34698],[-3.70829,40.34658],[-3.70878,40.34736],[-3.70929,40.34885],[-3.70619,40.349]]]}},{"type":"Feature","properties":{"id":"2807917025"},"geometry":{"type":"Polygon","coordinates":[[[-3.70481,40.3486],[-3.70475,40.34793],[-3.70515,40.34791],[-3.70505,40.34722],[-3.70559,40.34716],[-3.7058,40.34696],[-3.70637,40.34701],[-3.70619,40.349],[-3.70524,40.34864],[-3.70481,40.3486]]]}},{"type":"Feature","properties":{"id":"2807917026"},"geometry":{"type":"Polygon","coordinates":[[[-3.70408,40.3486],[-3.70283,40.34685],[-3.70453,40.34674],[-3.7058,40.34696],[-3.70559,40.34716],[-3.70505,40.34722],[-3.70515,40.34791],[-3.70475,40.34793],[-3.70481,40.3486],[-3.70408,40.3486]]]}},{"type":"Feature","properties":{"id":"2807917027"},"geometry":{"type":"Polygon","coordinates":[[[-3.70637,40.34701],[-3.70453,40.34674],[-3.70283,40.34685],[-3.70208,40.3456],[-3.70182,40.34451],[-3.70435,40.34393],[-3.70424,40.34529],[-3.70651,40.34542],[-3.70617,40.3462],[-3.70637,40.34701]]]}},{"type":"Feature","properties":{"id":"2807917028"},"geometry":{"type":"Polygon","coordinates":[[[-3.70435,40.34393],[-3.70712,40.3432],[-3.70721,40.34324],[-3.70692,40.3445],[-3.70651,40.34542],[-3.70424,40.34529],[-3.70435,40.34393]]]}},{"type":"Feature","properties":{"id":"2807917029"},"geometry":{"type":"Polygon","coordinates":[[[-3.69318,40.34582],[-3.69584,40.34518],[-3.69679,40.34478],[-3.69736,40.34442],[-3.70018,40.34207],[-3.70157,40.34133],[-3.70251,40.34104],[-3.70364,40.34089],[-3.70534,40.34091],[-3.7066,40.34104],[-3.70662,40.3415],[-3.70711,40.34255],[-3.70602,40.34279],[-3.70597,40.34261],[-3.70402,40.34314],[-3.70437,40.34393],[-3.70182,40.34451],[-3.70189,40.34505],[-3.70216,40.34578],[-3.70323,40.34741],[-3.70196,40.34763],[-3.70073,40.34857],[-3.69852,40.34684],[-3.69703,40.34606],[-3.69585,40.34576],[-3.69516,40.34569],[-3.69318,40.34582]]]}},{"type":"Feature","properties":{"id":"2807917031"},"geometry":{"type":"Polygon","coordinates":[[[-3.68375,40.34356],[-3.68686,40.34356],[-3.68702,40.34375],[-3.68703,40.34483],[-3.68734,40.34514],[-3.69293,40.34509],[-3.69296,40.34587],[-3.69213,40.34601],[-3.68885,40.3469],[-3.68707,40.34751],[-3.68611,40.34797],[-3.68532,40.34856],[-3.68462,40.34942],[-3.68388,40.35143],[-3.68338,40.35008],[-3.68339,40.34631],[-3.68377,40.34424],[-3.68375,40.34356]]]}},{"type":"Feature","properties":{"id":"2807917032"},"geometry":{"type":"Polygon","coordinates":[[[-3.68702,40.34375],[-3.68694,40.3436],[-3.68675,40.34355],[-3.68375,40.34356],[-3.68377,40.34272],[-3.68906,40.34259],[-3.6891,40.34371],[-3.68702,40.34375]]]}},{"type":"Feature","properties":{"id":"2807917033"},"geometry":{"type":"Polygon","coordinates":[[[-3.68811,40.34158],[-3.68848,40.34141],[-3.68905,40.34139],[-3.68906,40.34259],[-3.68586,40.34265],[-3.68593,40.34163],[-3.68811,40.34158]]]}},{"type":"Feature","properties":{"id":"2807917035"},"geometry":{"type":"Polygon","coordinates":[[[-3.68702,40.34375],[-3.68875,40.34373],[-3.68884,40.34393],[-3.68886,40.34517],[-3.68754,40.34519],[-3.68723,40.34509],[-3.68703,40.34483],[-3.68702,40.34375]]]}},{"type":"Feature","properties":{"id":"2807917036"},"geometry":{"type":"Polygon","coordinates":[[[-3.68875,40.34373],[-3.68983,40.34372],[-3.68987,40.34453],[-3.69092,40.34454],[-3.69094,40.34514],[-3.68886,40.34517],[-3.68884,40.34393],[-3.68875,40.34373]]]}},{"type":"Feature","properties":{"id":"2807917037"},"geometry":{"type":"Polygon","coordinates":[[[-3.68983,40.34372],[-3.69088,40.34369],[-3.69092,40.34422],[-3.69291,40.34423],[-3.69293,40.34509],[-3.69094,40.34514],[-3.69092,40.34454],[-3.68987,40.34453],[-3.68983,40.34372]]]}},{"type":"Feature","properties":{"id":"2807917038"},"geometry":{"type":"Polygon","coordinates":[[[-3.69088,40.34369],[-3.6891,40.34371],[-3.68905,40.34139],[-3.69049,40.34137],[-3.69077,40.3415],[-3.69097,40.34177],[-3.69126,40.34188],[-3.69283,40.34186],[-3.69291,40.34423],[-3.69092,40.34422],[-3.69088,40.34369]]]}},{"type":"Feature","properties":{"id":"2807917039"},"geometry":{"type":"Polygon","coordinates":[[[-3.68999,40.34137],[-3.68996,40.34045],[-3.69079,40.34044],[-3.69073,40.33961],[-3.69276,40.33964],[-3.69283,40.34186],[-3.69118,40.34187],[-3.6906,40.34141],[-3.68999,40.34137]]]}},{"type":"Feature","properties":{"id":"2807917041"},"geometry":{"type":"Polygon","coordinates":[[[-3.68826,40.34152],[-3.6881,40.33963],[-3.68717,40.33966],[-3.68561,40.34072],[-3.68481,40.34039],[-3.68417,40.34042],[-3.6838,40.34027],[-3.68403,40.33871],[-3.68459,40.33731],[-3.68607,40.33529],[-3.68695,40.33458],[-3.68775,40.33406],[-3.68885,40.33349],[-3.68999,40.33314],[-3.69255,40.33266],[-3.69276,40.33964],[-3.69073,40.33961],[-3.69079,40.34044],[-3.68996,40.34045],[-3.68999,40.34137],[-3.68853,40.3414],[-3.68826,40.34152]]]}},{"type":"Feature","properties":{"id":"2807917042"},"geometry":{"type":"Polygon","coordinates":[[[-3.68561,40.34072],[-3.68717,40.33966],[-3.6881,40.33963],[-3.68818,40.34097],[-3.68656,40.34106],[-3.68611,40.34083],[-3.68561,40.34072]]]}},{"type":"Feature","properties":{"id":"2807917043"},"geometry":{"type":"Polygon","coordinates":[[[-3.68377,40.34272],[-3.6838,40.34027],[-3.68417,40.34042],[-3.68481,40.34039],[-3.68585,40.34083],[-3.68611,40.34083],[-3.68656,40.34106],[-3.68818,40.34097],[-3.68826,40.34152],[-3.68816,40.34157],[-3.68592,40.34164],[-3.68586,40.34265],[-3.68377,40.34272]]]}},{"type":"Feature","properties":{"id":"2807917045"},"geometry":{"type":"Polygon","coordinates":[[[-3.66941,40.34576],[-3.67207,40.34449],[-3.67241,40.34542],[-3.67347,40.3465],[-3.67524,40.34517],[-3.67592,40.34818],[-3.67862,40.34783],[-3.67861,40.34841],[-3.67841,40.34869],[-3.67777,40.34893],[-3.67703,40.34905],[-3.67551,40.34899],[-3.67585,40.34938],[-3.67686,40.35015],[-3.67773,40.35105],[-3.67846,40.35237],[-3.68064,40.35429],[-3.68135,40.35517],[-3.68138,40.3559],[-3.68115,40.35734],[-3.68135,40.35847],[-3.68116,40.35902],[-3.68133,40.35926],[-3.68087,40.35975],[-3.67986,40.35909],[-3.67941,40.35821],[-3.67816,40.35765],[-3.67726,40.35735],[-3.6771,40.35717],[-3.6767,40.35646],[-3.6767,40.35549],[-3.67618,40.35394],[-3.67558,40.35367],[-3.67472,40.35355],[-3.67387,40.35303],[-3.67341,40.35117],[-3.67305,40.35059],[-3.67232,40.35016],[-3.67119,40.3499],[-3.67026,40.3495],[-3.66973,40.34908],[-3.66923,40.34827],[-3.66904,40.34711],[-3.66908,40.3466],[-3.66941,40.34576]]]}},{"type":"Feature","properties":{"id":"2807917046"},"geometry":{"type":"Polygon","coordinates":[[[-3.67921,40.35305],[-3.68151,40.35183],[-3.68199,40.35217],[-3.68266,40.3529],[-3.68034,40.35404],[-3.67921,40.35305]]]}},{"type":"Feature","properties":{"id":"2807917047"},"geometry":{"type":"Polygon","coordinates":[[[-3.68034,40.35404],[-3.68317,40.35266],[-3.68386,40.35265],[-3.68388,40.35449],[-3.68177,40.35458],[-3.6812,40.35493],[-3.68034,40.35404]]]}},{"type":"Feature","properties":{"id":"2807917048"},"geometry":{"type":"Polygon","coordinates":[[[-3.68193,40.36118],[-3.68347,40.35921],[-3.68768,40.35912],[-3.68791,40.35939],[-3.68815,40.35939],[-3.68825,40.36146],[-3.68975,40.36141],[-3.68987,40.36247],[-3.69125,40.36427],[-3.68899,40.36377],[-3.6835,40.36188],[-3.68193,40.36118]]]}},{"type":"Feature","properties":{"id":"2807917049"},"geometry":{"type":"Polygon","coordinates":[[[-3.68946,40.35572],[-3.6911,40.35564],[-3.69116,40.35659],[-3.68953,40.35663],[-3.68946,40.35572]]]}},{"type":"Feature","properties":{"id":"2807917050"},"geometry":{"type":"Polygon","coordinates":[[[-3.6911,40.35564],[-3.69209,40.35556],[-3.69207,40.35509],[-3.69311,40.35507],[-3.69316,40.35655],[-3.69116,40.35659],[-3.6911,40.35564]]]}},{"type":"Feature","properties":{"id":"2807917051"},"geometry":{"type":"Polygon","coordinates":[[[-3.6911,40.35564],[-3.69106,40.3544],[-3.69116,40.35428],[-3.69205,40.3542],[-3.69203,40.35382],[-3.69305,40.35381],[-3.69311,40.35507],[-3.69207,40.35509],[-3.69209,40.35556],[-3.6911,40.35564]]]}},{"type":"Feature","properties":{"id":"2807917052"},"geometry":{"type":"Polygon","coordinates":[[[-3.68941,40.35489],[-3.69106,40.35486],[-3.6911,40.35564],[-3.68946,40.35572],[-3.68941,40.35489]]]}},{"type":"Feature","properties":{"id":"2807917053"},"geometry":{"type":"Polygon","coordinates":[[[-3.68906,40.35411],[-3.68957,40.3537],[-3.6908,40.35291],[-3.69098,40.35334],[-3.69106,40.35486],[-3.68941,40.35489],[-3.68938,40.35435],[-3.68906,40.35411]]]}},{"type":"Feature","properties":{"id":"2807917054"},"geometry":{"type":"Polygon","coordinates":[[[-3.6908,40.35291],[-3.69216,40.352],[-3.69222,40.35167],[-3.69302,40.35171],[-3.69305,40.35381],[-3.69203,40.35382],[-3.69205,40.3542],[-3.69116,40.35428],[-3.69106,40.3544],[-3.69098,40.35334],[-3.6908,40.35291]]]}},{"type":"Feature","properties":{"id":"2807917055"},"geometry":{"type":"Polygon","coordinates":[[[-3.68765,40.35304],[-3.68869,40.35223],[-3.68867,40.35168],[-3.69222,40.35167],[-3.69211,40.35205],[-3.68906,40.35411],[-3.68765,40.35304]]]}},{"type":"Feature","properties":{"id":"2807917057"},"geometry":{"type":"Polygon","coordinates":[[[-3.68387,40.35396],[-3.68386,40.35265],[-3.68464,40.35251],[-3.68474,40.35282],[-3.68597,40.35245],[-3.68589,40.35183],[-3.68654,40.35171],[-3.68867,40.35168],[-3.68869,40.35223],[-3.68765,40.35304],[-3.68612,40.35289],[-3.68641,40.35349],[-3.68433,40.35396],[-3.68387,40.35396]]]}},{"type":"Feature","properties":{"id":"2807917058"},"geometry":{"type":"Polygon","coordinates":[[[-3.68386,40.35265],[-3.68386,40.35151],[-3.68425,40.35034],[-3.68497,40.35012],[-3.68524,40.35091],[-3.68549,40.35087],[-3.68587,40.35189],[-3.68597,40.35245],[-3.68474,40.35282],[-3.68464,40.35251],[-3.68386,40.35265]]]}},{"type":"Feature","properties":{"id":"2807917059"},"geometry":{"type":"Polygon","coordinates":[[[-3.68497,40.35012],[-3.68687,40.34965],[-3.68754,40.35169],[-3.68654,40.35171],[-3.68583,40.35184],[-3.68549,40.35087],[-3.68524,40.35091],[-3.68497,40.35012]]]}},{"type":"Feature","properties":{"id":"2807917060"},"geometry":{"type":"Polygon","coordinates":[[[-3.68803,40.34719],[-3.68819,40.34756],[-3.6889,40.34747],[-3.68912,40.34843],[-3.68651,40.34867],[-3.68687,40.34965],[-3.68425,40.35034],[-3.68462,40.34942],[-3.68532,40.34856],[-3.68643,40.3478],[-3.68803,40.34719]]]}},{"type":"Feature","properties":{"id":"2807917061"},"geometry":{"type":"Polygon","coordinates":[[[-3.6889,40.34747],[-3.69128,40.3475],[-3.6915,40.34756],[-3.69095,40.34807],[-3.69086,40.34835],[-3.68912,40.34843],[-3.6889,40.34747]]]}},{"type":"Feature","properties":{"id":"2807917062"},"geometry":{"type":"Polygon","coordinates":[[[-3.68687,40.34965],[-3.68651,40.34867],[-3.68912,40.34843],[-3.68942,40.34985],[-3.68827,40.34997],[-3.68818,40.34957],[-3.68687,40.34965]]]}},{"type":"Feature","properties":{"id":"2807917063"},"geometry":{"type":"Polygon","coordinates":[[[-3.68754,40.35169],[-3.68687,40.34965],[-3.68818,40.34957],[-3.68867,40.35168],[-3.68754,40.35169]]]}},{"type":"Feature","properties":{"id":"2807917064"},"geometry":{"type":"Polygon","coordinates":[[[-3.68827,40.34997],[-3.69038,40.34981],[-3.69083,40.35166],[-3.68867,40.35168],[-3.68827,40.34997]]]}},{"type":"Feature","properties":{"id":"2807917065"},"geometry":{"type":"Polygon","coordinates":[[[-3.69083,40.35166],[-3.69038,40.34981],[-3.6922,40.34971],[-3.69222,40.35167],[-3.69083,40.35166]]]}},{"type":"Feature","properties":{"id":"2807917066"},"geometry":{"type":"Polygon","coordinates":[[[-3.69222,40.35167],[-3.6922,40.34971],[-3.68942,40.34985],[-3.68911,40.34848],[-3.69086,40.34835],[-3.69093,40.34809],[-3.69148,40.34753],[-3.68891,40.34747],[-3.68819,40.34756],[-3.68803,40.34719],[-3.69213,40.34601],[-3.69296,40.34587],[-3.69308,40.34933],[-3.69302,40.35171],[-3.69222,40.35167]]]}},{"type":"Feature","properties":{"id":"2807917068"},"geometry":{"type":"Polygon","coordinates":[[[-3.69296,40.34587],[-3.69392,40.34573],[-3.69516,40.34569],[-3.69585,40.34576],[-3.69703,40.34606],[-3.69852,40.34684],[-3.70073,40.34857],[-3.70011,40.34899],[-3.69678,40.35036],[-3.69381,40.3513],[-3.69302,40.35171],[-3.69308,40.34933],[-3.69296,40.34587]]]}},{"type":"Feature","properties":{"id":"2807917069"},"geometry":{"type":"Polygon","coordinates":[[[-3.69857,40.34961],[-3.70017,40.34896],[-3.70073,40.34857],[-3.70252,40.34998],[-3.70092,40.34968],[-3.70055,40.35061],[-3.70003,40.35048],[-3.69901,40.35108],[-3.69878,40.35109],[-3.69868,40.3498],[-3.69857,40.34961]]]}},{"type":"Feature","properties":{"id":"2807917070"},"geometry":{"type":"Polygon","coordinates":[[[-3.69878,40.35109],[-3.69901,40.35108],[-3.70003,40.35048],[-3.70055,40.35061],[-3.70092,40.34968],[-3.70252,40.34998],[-3.70314,40.35045],[-3.70288,40.35086],[-3.70228,40.35117],[-3.6988,40.35268],[-3.69891,40.35247],[-3.69878,40.35109]]]}},{"type":"Feature","properties":{"id":"2807917071"},"geometry":{"type":"Polygon","coordinates":[[[-3.6988,40.35268],[-3.69695,40.35265],[-3.69692,40.35184],[-3.69606,40.35157],[-3.69572,40.35157],[-3.69561,40.35074],[-3.69678,40.35036],[-3.69857,40.34961],[-3.69868,40.3498],[-3.69891,40.35247],[-3.6988,40.35268]]]}},{"type":"Feature","properties":{"id":"2807917072"},"geometry":{"type":"Polygon","coordinates":[[[-3.69501,40.35271],[-3.69488,40.35096],[-3.69561,40.35074],[-3.69572,40.35157],[-3.69606,40.35157],[-3.69692,40.35184],[-3.69695,40.35265],[-3.69501,40.35271]]]}},{"type":"Feature","properties":{"id":"2807917073"},"geometry":{"type":"Polygon","coordinates":[[[-3.69302,40.35272],[-3.69302,40.35171],[-3.69381,40.3513],[-3.69488,40.35096],[-3.69501,40.35271],[-3.69302,40.35272]]]}},{"type":"Feature","properties":{"id":"2807917074"},"geometry":{"type":"Polygon","coordinates":[[[-3.69316,40.35655],[-3.69302,40.35272],[-3.69422,40.35272],[-3.69458,40.35649],[-3.69316,40.35655]]]}},{"type":"Feature","properties":{"id":"2807917075"},"geometry":{"type":"Polygon","coordinates":[[[-3.69439,40.35454],[-3.69687,40.35438],[-3.69664,40.35493],[-3.69707,40.3551],[-3.69679,40.35585],[-3.69735,40.35605],[-3.69711,40.35635],[-3.69458,40.35649],[-3.69439,40.35454]]]}},{"type":"Feature","properties":{"id":"2807917076"},"geometry":{"type":"Polygon","coordinates":[[[-3.69422,40.35272],[-3.69746,40.35264],[-3.69754,40.35282],[-3.69687,40.35438],[-3.69439,40.35454],[-3.69422,40.35272]]]}},{"type":"Feature","properties":{"id":"2807917078"},"geometry":{"type":"Polygon","coordinates":[[[-3.69664,40.35493],[-3.69754,40.35282],[-3.69746,40.35264],[-3.6988,40.35268],[-3.69735,40.35605],[-3.69679,40.35585],[-3.69707,40.3551],[-3.69664,40.35493]]]}},{"type":"Feature","properties":{"id":"2807917079"},"geometry":{"type":"Polygon","coordinates":[[[-3.69801,40.35457],[-3.69882,40.3528],[-3.6988,40.35268],[-3.699,40.353],[-3.69973,40.35325],[-3.69908,40.35484],[-3.69801,40.35457]]]}},{"type":"Feature","properties":{"id":"2807917080"},"geometry":{"type":"Polygon","coordinates":[[[-3.70088,40.35538],[-3.70415,40.35623],[-3.70483,40.35508],[-3.7055,40.35232],[-3.70616,40.35292],[-3.70662,40.35358],[-3.70699,40.3546],[-3.70707,40.35576],[-3.70517,40.36364],[-3.70343,40.36354],[-3.7024,40.36356],[-3.6991,40.36417],[-3.70128,40.36077],[-3.69872,40.36012],[-3.70088,40.35538]]]}},{"type":"Feature","properties":{"id":"2807917082"},"geometry":{"type":"Polygon","coordinates":[[[-3.69729,40.35613],[-3.69801,40.35457],[-3.70088,40.35536],[-3.70016,40.35691],[-3.69729,40.35613]]]}},{"type":"Feature","properties":{"id":"2807917083"},"geometry":{"type":"Polygon","coordinates":[[[-3.69718,40.35759],[-3.69707,40.35656],[-3.69729,40.35613],[-3.70016,40.35691],[-3.69944,40.35849],[-3.69743,40.35762],[-3.69718,40.35759]]]}},{"type":"Feature","properties":{"id":"2807917084"},"geometry":{"type":"Polygon","coordinates":[[[-3.69442,40.35649],[-3.69711,40.35635],[-3.69718,40.35759],[-3.69455,40.35775],[-3.69442,40.35649]]]}},{"type":"Feature","properties":{"id":"2807917085"},"geometry":{"type":"Polygon","coordinates":[[[-3.69316,40.35655],[-3.69442,40.35649],[-3.69464,40.35878],[-3.69333,40.35893],[-3.69316,40.35655]]]}},{"type":"Feature","properties":{"id":"2807917086"},"geometry":{"type":"Polygon","coordinates":[[[-3.69333,40.35893],[-3.69464,40.35878],[-3.69485,40.36078],[-3.69396,40.36126],[-3.69357,40.36128],[-3.69333,40.35893]]]}},{"type":"Feature","properties":{"id":"2807917087"},"geometry":{"type":"Polygon","coordinates":[[[-3.69485,40.36078],[-3.69455,40.35775],[-3.69718,40.35759],[-3.69741,40.36008],[-3.69614,40.36016],[-3.696,40.36008],[-3.69485,40.36078]]]}},{"type":"Feature","properties":{"id":"2807917089"},"geometry":{"type":"Polygon","coordinates":[[[-3.69746,40.36055],[-3.69728,40.35834],[-3.69718,40.35759],[-3.69743,40.35762],[-3.69944,40.35849],[-3.69814,40.36141],[-3.69746,40.36055]]]}},{"type":"Feature","properties":{"id":"2807917090"},"geometry":{"type":"Polygon","coordinates":[[[-3.70015,40.36256],[-3.69749,40.36156],[-3.69748,40.36146],[-3.69814,40.36141],[-3.69872,40.36012],[-3.70128,40.36077],[-3.70015,40.36256]]]}},{"type":"Feature","properties":{"id":"2807917091"},"geometry":{"type":"Polygon","coordinates":[[[-3.69357,40.36128],[-3.69414,40.36118],[-3.696,40.36008],[-3.69614,40.36016],[-3.69741,40.36008],[-3.69746,40.36055],[-3.69814,40.36141],[-3.69363,40.36175],[-3.69357,40.36128]]]}},{"type":"Feature","properties":{"id":"2807917092"},"geometry":{"type":"Polygon","coordinates":[[[-3.69363,40.36175],[-3.69531,40.36161],[-3.69551,40.36217],[-3.69558,40.36278],[-3.69586,40.3631],[-3.697,40.36319],[-3.69705,40.36444],[-3.69392,40.36454],[-3.69363,40.36175]]]}},{"type":"Feature","properties":{"id":"2807917093"},"geometry":{"type":"Polygon","coordinates":[[[-3.69738,40.36322],[-3.69586,40.3631],[-3.69558,40.36278],[-3.69551,40.36217],[-3.69531,40.36161],[-3.69748,40.36146],[-3.69749,40.36156],[-3.69822,40.36184],[-3.69738,40.36322]]]}},{"type":"Feature","properties":{"id":"2807917094"},"geometry":{"type":"Polygon","coordinates":[[[-3.697,40.36319],[-3.69738,40.36322],[-3.69822,40.36184],[-3.69904,40.36216],[-3.69878,40.36261],[-3.699,40.36269],[-3.69851,40.36332],[-3.69804,40.36315],[-3.6977,40.36367],[-3.69701,40.36368],[-3.697,40.36319]]]}},{"type":"Feature","properties":{"id":"2807917095"},"geometry":{"type":"Polygon","coordinates":[[[-3.69701,40.36368],[-3.6977,40.36367],[-3.69804,40.36315],[-3.69851,40.36332],[-3.699,40.36269],[-3.69878,40.36261],[-3.69904,40.36216],[-3.70015,40.36256],[-3.6991,40.36417],[-3.69705,40.36444],[-3.69701,40.36368]]]}},{"type":"Feature","properties":{"id":"2807917096"},"geometry":{"type":"Polygon","coordinates":[[[-3.68948,40.35758],[-3.68953,40.35663],[-3.69316,40.35655],[-3.69333,40.35893],[-3.69271,40.359],[-3.69277,40.35979],[-3.69099,40.35983],[-3.69082,40.3576],[-3.68948,40.35758]]]}},{"type":"Feature","properties":{"id":"2807917097"},"geometry":{"type":"Polygon","coordinates":[[[-3.68505,40.35762],[-3.68611,40.35659],[-3.68906,40.35411],[-3.68934,40.35427],[-3.68955,40.35758],[-3.6852,40.35775],[-3.68505,40.35762]]]}},{"type":"Feature","properties":{"id":"2807917098"},"geometry":{"type":"Polygon","coordinates":[[[-3.70801,40.35071],[-3.70915,40.35044],[-3.71058,40.35039],[-3.71161,40.34977],[-3.71231,40.35043],[-3.70976,40.35197],[-3.70942,40.35206],[-3.7091,40.35193],[-3.70801,40.35071]]]}},{"type":"Feature","properties":{"id":"2807917099"},"geometry":{"type":"Polygon","coordinates":[[[-3.70855,40.35266],[-3.70596,40.34976],[-3.70656,40.34957],[-3.70713,40.34952],[-3.70713,40.3497],[-3.70882,40.35164],[-3.7091,40.35193],[-3.70942,40.35206],[-3.70976,40.35197],[-3.71129,40.351],[-3.71178,40.35153],[-3.7138,40.35195],[-3.71764,40.35193],[-3.71765,40.35433],[-3.71758,40.3544],[-3.71324,40.3544],[-3.71272,40.35453],[-3.71212,40.3542],[-3.70936,40.3532],[-3.70855,40.35266]]]}},{"type":"Feature","properties":{"id":"2807917100"},"geometry":{"type":"Polygon","coordinates":[[[-3.71349,40.34717],[-3.71508,40.3486],[-3.71478,40.34895],[-3.71458,40.34898],[-3.7145,40.34912],[-3.71343,40.34918],[-3.71349,40.34717]]]}},{"type":"Feature","properties":{"id":"2807917101"},"geometry":{"type":"Polygon","coordinates":[[[-3.67817,40.35184],[-3.67955,40.35142],[-3.68091,40.35134],[-3.68157,40.3507],[-3.6827,40.35117],[-3.68325,40.35158],[-3.68321,40.3526],[-3.68266,40.3529],[-3.68199,40.35217],[-3.68151,40.35183],[-3.67921,40.35305],[-3.67846,40.35237],[-3.67817,40.35184]]]}},{"type":"Feature","properties":{"id":"2807917102"},"geometry":{"type":"Polygon","coordinates":[[[-3.69971,40.3533],[-3.69947,40.35312],[-3.699,40.353],[-3.6988,40.35268],[-3.70288,40.35086],[-3.70184,40.35311],[-3.70125,40.35293],[-3.70119,40.35304],[-3.70052,40.35287],[-3.70038,40.35315],[-3.69991,40.35301],[-3.69971,40.3533]]]}},{"type":"Feature","properties":{"id":"2807917103"},"geometry":{"type":"Polygon","coordinates":[[[-3.6858,40.35363],[-3.68641,40.35349],[-3.68612,40.35289],[-3.68765,40.35304],[-3.68906,40.35411],[-3.68764,40.35532],[-3.68594,40.35507],[-3.68622,40.35483],[-3.6858,40.35363]]]}},{"type":"Feature","properties":{"id":"2807917104"},"geometry":{"type":"Polygon","coordinates":[[[-3.69125,40.36427],[-3.68987,40.36247],[-3.68975,40.36141],[-3.68825,40.36146],[-3.68819,40.36067],[-3.68972,40.36062],[-3.68967,40.3599],[-3.69277,40.35979],[-3.69271,40.359],[-3.69333,40.35893],[-3.69392,40.36454],[-3.69125,40.36427]]]}},{"type":"Feature","properties":{"id":"2807917105"},"geometry":{"type":"Polygon","coordinates":[[[-3.68347,40.35921],[-3.68505,40.35762],[-3.6852,40.35775],[-3.68805,40.35764],[-3.68815,40.35939],[-3.68791,40.35939],[-3.68768,40.35912],[-3.68347,40.35921]]]}},{"type":"Feature","properties":{"id":"2807917106"},"geometry":{"type":"Polygon","coordinates":[[[-3.69296,40.34587],[-3.6922,40.32053],[-3.69302,40.32011],[-3.69616,40.32222],[-3.69963,40.32235],[-3.70313,40.32212],[-3.71008,40.3234],[-3.71254,40.32349],[-3.71291,40.32563],[-3.71445,40.32806],[-3.72017,40.33081],[-3.72282,40.33289],[-3.72253,40.33304],[-3.71956,40.33934],[-3.71888,40.34024],[-3.71777,40.34104],[-3.71671,40.3414],[-3.71558,40.34157],[-3.70485,40.34089],[-3.70364,40.34089],[-3.70279,40.34099],[-3.70157,40.34133],[-3.70061,40.34179],[-3.69736,40.34442],[-3.69618,40.34505],[-3.69296,40.34587]]]}},{"type":"Feature","properties":{"id":"2807917107"},"geometry":{"type":"Polygon","coordinates":[[[-3.67524,40.34517],[-3.67434,40.34322],[-3.6766,40.34265],[-3.67773,40.34184],[-3.67808,40.34216],[-3.67811,40.34241],[-3.67819,40.34566],[-3.67854,40.34569],[-3.67853,40.34588],[-3.67766,40.34589],[-3.67553,40.34619],[-3.67524,40.34517]]]}},{"type":"Feature","properties":{"id":"2807917108"},"geometry":{"type":"Polygon","coordinates":[[[-3.68386,40.35479],[-3.68387,40.35396],[-3.68433,40.35396],[-3.6858,40.35363],[-3.68622,40.35483],[-3.68594,40.35507],[-3.68764,40.35532],[-3.68611,40.35659],[-3.68504,40.35763],[-3.68415,40.35709],[-3.68598,40.35527],[-3.68595,40.35518],[-3.68576,40.35504],[-3.68386,40.35479]]]}},{"type":"Feature","properties":{"id":"2807917109"},"geometry":{"type":"Polygon","coordinates":[[[-3.70711,40.34255],[-3.70721,40.34324],[-3.70712,40.3432],[-3.70437,40.34393],[-3.70402,40.34314],[-3.70597,40.34261],[-3.70602,40.34279],[-3.70711,40.34255]]]}},{"type":"Feature","properties":{"id":"2807917110"},"geometry":{"type":"Polygon","coordinates":[[[-3.67553,40.34619],[-3.67766,40.34589],[-3.67853,40.34588],[-3.67862,40.34783],[-3.67592,40.34818],[-3.67548,40.34638],[-3.67553,40.34619]]]}},{"type":"Feature","properties":{"id":"2807917111"},"geometry":{"type":"Polygon","coordinates":[[[-3.66404,40.34266],[-3.6699,40.34021],[-3.67039,40.3402],[-3.67176,40.34041],[-3.6748,40.34057],[-3.67549,40.34032],[-3.67657,40.34025],[-3.67764,40.3403],[-3.6791,40.34051],[-3.68,40.33974],[-3.68065,40.3402],[-3.6814,40.33963],[-3.6824,40.34034],[-3.6838,40.34028],[-3.68377,40.34424],[-3.68339,40.34631],[-3.68338,40.35008],[-3.68388,40.35143],[-3.68386,40.35265],[-3.68317,40.35266],[-3.68325,40.35158],[-3.6827,40.35117],[-3.68157,40.3507],[-3.68091,40.35134],[-3.681,40.35116],[-3.68058,40.35048],[-3.67999,40.35063],[-3.67991,40.34988],[-3.67913,40.34902],[-3.67775,40.34894],[-3.67841,40.34869],[-3.67861,40.34841],[-3.67863,40.34808],[-3.67854,40.34569],[-3.67819,40.34566],[-3.67808,40.34216],[-3.67773,40.34184],[-3.6766,40.34265],[-3.67434,40.34322],[-3.67524,40.34517],[-3.67347,40.3465],[-3.67241,40.34542],[-3.67207,40.34449],[-3.66941,40.34576],[-3.66946,40.34536],[-3.66887,40.34493],[-3.6673,40.34447],[-3.66598,40.34432],[-3.66535,40.34412],[-3.66404,40.34266]]]}},{"type":"Feature","properties":{"id":"2807917112"},"geometry":{"type":"Polygon","coordinates":[[[-3.68087,40.35975],[-3.68257,40.35794],[-3.68313,40.35719],[-3.68362,40.3562],[-3.68386,40.35479],[-3.68576,40.35504],[-3.68598,40.35527],[-3.68415,40.35709],[-3.68504,40.35763],[-3.68353,40.35914],[-3.68193,40.36118],[-3.68153,40.36041],[-3.68087,40.35975]]]}},{"type":"Feature","properties":{"id":"2807917113"},"geometry":{"type":"Polygon","coordinates":[[[-3.7055,40.35232],[-3.70073,40.34857],[-3.70196,40.34763],[-3.70323,40.34741],[-3.70408,40.3486],[-3.70516,40.34862],[-3.70619,40.349],[-3.70596,40.34976],[-3.70604,40.3499],[-3.70855,40.35266],[-3.70673,40.35379],[-3.70634,40.35313],[-3.7055,40.35232]]]}},{"type":"Feature","properties":{"id":"2807917114"},"geometry":{"type":"Polygon","coordinates":[[[-3.6812,40.35493],[-3.68177,40.35458],[-3.68388,40.35449],[-3.68362,40.3562],[-3.6833,40.35688],[-3.68271,40.35778],[-3.68133,40.35926],[-3.68116,40.35902],[-3.68135,40.35847],[-3.68115,40.35734],[-3.68141,40.35552],[-3.6812,40.35493]]]}},{"type":"Feature","properties":{"id":"2807917115"},"geometry":{"type":"Polygon","coordinates":[[[-3.67777,40.34893],[-3.67913,40.34902],[-3.67991,40.34988],[-3.67999,40.35063],[-3.68058,40.35048],[-3.681,40.35116],[-3.68091,40.35134],[-3.67955,40.35142],[-3.67817,40.35184],[-3.67773,40.35105],[-3.67686,40.35015],[-3.67585,40.34938],[-3.67551,40.34899],[-3.67703,40.34905],[-3.67777,40.34893]]]}},{"type":"Feature","properties":{"id":"2807917116"},"geometry":{"type":"Polygon","coordinates":[[[-3.68805,40.35764],[-3.69082,40.3576],[-3.69099,40.35983],[-3.68967,40.3599],[-3.68972,40.36062],[-3.68819,40.36067],[-3.68805,40.35764]]]}},{"type":"Feature","properties":{"id":"2807917117"},"geometry":{"type":"Polygon","coordinates":[[[-3.6838,40.34028],[-3.6824,40.34034],[-3.6814,40.33963],[-3.68065,40.3402],[-3.68,40.33974],[-3.6791,40.34051],[-3.67764,40.3403],[-3.67657,40.34025],[-3.67549,40.34032],[-3.6748,40.34057],[-3.67176,40.34041],[-3.67039,40.3402],[-3.6699,40.34021],[-3.66404,40.34266],[-3.66371,40.34219],[-3.66342,40.34139],[-3.66335,40.33955],[-3.66296,40.3391],[-3.66178,40.33815],[-3.66136,40.33688],[-3.66098,40.33612],[-3.66054,40.33551],[-3.65953,40.33454],[-3.65866,40.33284],[-3.65818,40.33231],[-3.6581,40.3311],[-3.65791,40.33063],[-3.65812,40.32992],[-3.65867,40.32924],[-3.65863,40.32843],[-3.65991,40.32786],[-3.66106,40.32782],[-3.6616,40.32794],[-3.66333,40.32895],[-3.6639,40.32898],[-3.66505,40.32846],[-3.66522,40.3282],[-3.66626,40.32756],[-3.66673,40.32717],[-3.66722,40.32642],[-3.66875,40.32537],[-3.6691,40.32516],[-3.67012,40.32496],[-3.67086,40.32504],[-3.67299,40.3257],[-3.6741,40.32593],[-3.67608,40.32601],[-3.67709,40.32633],[-3.67921,40.32639],[-3.67997,40.32608],[-3.68037,40.32581],[-3.6807,40.32535],[-3.68094,40.32469],[-3.68129,40.3244],[-3.68235,40.32367],[-3.6836,40.32326],[-3.68462,40.32251],[-3.68761,40.32206],[-3.69106,40.32111],[-3.6922,40.32053],[-3.69255,40.33266],[-3.68999,40.33314],[-3.68885,40.33349],[-3.68775,40.33406],[-3.68617,40.33519],[-3.68508,40.33652],[-3.68442,40.33763],[-3.68396,40.33899],[-3.6838,40.34028]]]}},{"type":"Feature","properties":{"id":"2807917118"},"geometry":{"type":"Polygon","coordinates":[[[-3.70088,40.35538],[-3.70084,40.3553],[-3.69908,40.35484],[-3.69971,40.3533],[-3.69991,40.35301],[-3.70038,40.35315],[-3.70052,40.35287],[-3.70119,40.35304],[-3.70125,40.35293],[-3.70184,40.35311],[-3.70314,40.35045],[-3.7055,40.35232],[-3.70476,40.35525],[-3.70415,40.35623],[-3.70088,40.35538]]]}},{"type":"Feature","properties":{"id":"2807918002"},"geometry":{"type":"Polygon","coordinates":[[[-3.62687,40.37904],[-3.62627,40.37858],[-3.62753,40.37814],[-3.62663,40.37736],[-3.63026,40.37711],[-3.6278,40.37914],[-3.62762,40.37923],[-3.62687,40.37904]]]}},{"type":"Feature","properties":{"id":"2807918003"},"geometry":{"type":"Polygon","coordinates":[[[-3.6255,40.37763],[-3.62663,40.37736],[-3.62753,40.37814],[-3.62627,40.37858],[-3.62589,40.37824],[-3.6255,40.37763]]]}},{"type":"Feature","properties":{"id":"2807918004"},"geometry":{"type":"Polygon","coordinates":[[[-3.62471,40.37949],[-3.62413,40.37837],[-3.6255,40.37763],[-3.62589,40.37824],[-3.62687,40.37904],[-3.62685,40.3791],[-3.62522,40.37948],[-3.62471,40.37949]]]}},{"type":"Feature","properties":{"id":"2807918005"},"geometry":{"type":"Polygon","coordinates":[[[-3.62471,40.37949],[-3.62522,40.37948],[-3.62687,40.37904],[-3.62767,40.37924],[-3.62563,40.38077],[-3.62534,40.38064],[-3.62471,40.37949]]]}},{"type":"Feature","properties":{"id":"2807918006"},"geometry":{"type":"Polygon","coordinates":[[[-3.62164,40.37983],[-3.6233,40.3787],[-3.62413,40.37837],[-3.6251,40.3803],[-3.62534,40.38064],[-3.62563,40.38077],[-3.62533,40.38085],[-3.62504,40.38083],[-3.62368,40.38058],[-3.62164,40.37983]]]}},{"type":"Feature","properties":{"id":"2807918007"},"geometry":{"type":"Polygon","coordinates":[[[-3.62131,40.38035],[-3.62164,40.37983],[-3.62368,40.38058],[-3.62584,40.38093],[-3.62714,40.38148],[-3.62445,40.38211],[-3.62435,40.38184],[-3.62375,40.38141],[-3.62279,40.38134],[-3.62131,40.38035]]]}},{"type":"Feature","properties":{"id":"2807918008"},"geometry":{"type":"Polygon","coordinates":[[[-3.62147,40.3828],[-3.62105,40.38158],[-3.62124,40.38144],[-3.62139,40.38098],[-3.62131,40.38035],[-3.62279,40.38134],[-3.62375,40.38141],[-3.62435,40.38184],[-3.62445,40.38211],[-3.62147,40.3828]]]}},{"type":"Feature","properties":{"id":"2807918009"},"geometry":{"type":"Polygon","coordinates":[[[-3.61838,40.38082],[-3.61836,40.38072],[-3.61893,40.38051],[-3.62021,40.38022],[-3.62122,40.38016],[-3.62141,40.38064],[-3.62139,40.38098],[-3.62124,40.38144],[-3.62105,40.38158],[-3.62134,40.38255],[-3.62077,40.38266],[-3.62014,40.38251],[-3.6201,40.38237],[-3.62027,40.38203],[-3.61838,40.38082]]]}},{"type":"Feature","properties":{"id":"2807918010"},"geometry":{"type":"Polygon","coordinates":[[[-3.61838,40.38082],[-3.62027,40.38203],[-3.6201,40.38237],[-3.62014,40.38251],[-3.62077,40.38266],[-3.62134,40.38255],[-3.62147,40.3828],[-3.6192,40.38332],[-3.6188,40.38258],[-3.61737,40.3814],[-3.61838,40.38082]]]}},{"type":"Feature","properties":{"id":"2807918011"},"geometry":{"type":"Polygon","coordinates":[[[-3.61726,40.37947],[-3.62037,40.37959],[-3.62164,40.37983],[-3.62131,40.38035],[-3.62122,40.38016],[-3.62044,40.38018],[-3.61893,40.38051],[-3.6185,40.38071],[-3.61756,40.38085],[-3.61729,40.38012],[-3.61726,40.37947]]]}},{"type":"Feature","properties":{"id":"2807918012"},"geometry":{"type":"Polygon","coordinates":[[[-3.61945,40.37955],[-3.61524,40.3794],[-3.61527,40.3788],[-3.61613,40.37879],[-3.61754,40.37847],[-3.61786,40.37794],[-3.61901,40.37835],[-3.61901,40.37802],[-3.62003,40.37627],[-3.62039,40.37613],[-3.62066,40.37624],[-3.62085,40.37686],[-3.62056,40.37688],[-3.62037,40.37704],[-3.61945,40.37866],[-3.61945,40.37955]]]}},{"type":"Feature","properties":{"id":"2807918013"},"geometry":{"type":"Polygon","coordinates":[[[-3.61945,40.37955],[-3.61945,40.37866],[-3.62037,40.37704],[-3.62056,40.37688],[-3.62085,40.37686],[-3.62111,40.37771],[-3.62136,40.37946],[-3.62109,40.37968],[-3.61945,40.37955]]]}},{"type":"Feature","properties":{"id":"2807918014"},"geometry":{"type":"Polygon","coordinates":[[[-3.62109,40.37968],[-3.62136,40.37946],[-3.62111,40.37771],[-3.62066,40.37624],[-3.62136,40.37673],[-3.62171,40.37711],[-3.62227,40.37669],[-3.62281,40.37717],[-3.62297,40.37764],[-3.6238,40.37766],[-3.62337,40.37841],[-3.62319,40.37846],[-3.62335,40.37868],[-3.62164,40.37983],[-3.62109,40.37968]]]}},{"type":"Feature","properties":{"id":"2807918015"},"geometry":{"type":"Polygon","coordinates":[[[-3.62236,40.37675],[-3.62425,40.37676],[-3.62466,40.37595],[-3.62515,40.37609],[-3.62664,40.37736],[-3.6255,40.37763],[-3.62388,40.37851],[-3.62335,40.37868],[-3.62319,40.37846],[-3.62337,40.37841],[-3.6238,40.37766],[-3.62297,40.37764],[-3.62281,40.37717],[-3.62236,40.37675]]]}},{"type":"Feature","properties":{"id":"2807918016"},"geometry":{"type":"Polygon","coordinates":[[[-3.62136,40.37673],[-3.62306,40.37544],[-3.62348,40.37465],[-3.62417,40.3758],[-3.62467,40.37595],[-3.62425,40.37676],[-3.62236,40.37675],[-3.62227,40.37669],[-3.62171,40.37711],[-3.62136,40.37673]]]}},{"type":"Feature","properties":{"id":"2807918017"},"geometry":{"type":"Polygon","coordinates":[[[-3.62066,40.37624],[-3.62068,40.3761],[-3.62322,40.37415],[-3.62348,40.37465],[-3.62306,40.37544],[-3.62136,40.37673],[-3.62066,40.37624]]]}},{"type":"Feature","properties":{"id":"2807918018"},"geometry":{"type":"Polygon","coordinates":[[[-3.62039,40.37613],[-3.61985,40.37402],[-3.6209,40.37386],[-3.62274,40.37335],[-3.62318,40.37421],[-3.62068,40.3761],[-3.62066,40.37624],[-3.62039,40.37613]]]}},{"type":"Feature","properties":{"id":"2807918019"},"geometry":{"type":"Polygon","coordinates":[[[-3.61923,40.37283],[-3.62218,40.3724],[-3.62274,40.37335],[-3.6209,40.37386],[-3.61985,40.37402],[-3.61923,40.37283]]]}},{"type":"Feature","properties":{"id":"2807918020"},"geometry":{"type":"Polygon","coordinates":[[[-3.61802,40.37079],[-3.62157,40.37017],[-3.62183,40.37112],[-3.62033,40.37133],[-3.6204,40.37165],[-3.61868,40.37189],[-3.61802,40.37079]]]}},{"type":"Feature","properties":{"id":"2807918021"},"geometry":{"type":"Polygon","coordinates":[[[-3.61533,40.37497],[-3.61563,40.37417],[-3.61572,40.37353],[-3.61564,40.37274],[-3.61534,40.37197],[-3.61802,40.37079],[-3.61917,40.37273],[-3.61774,40.37321],[-3.61792,40.37361],[-3.61755,40.37377],[-3.61775,40.37423],[-3.61727,40.37414],[-3.61683,40.3755],[-3.6162,40.37536],[-3.61533,40.37497]]]}},{"type":"Feature","properties":{"id":"2807918022"},"geometry":{"type":"Polygon","coordinates":[[[-3.61775,40.37423],[-3.61755,40.37377],[-3.61792,40.37361],[-3.61774,40.37321],[-3.61917,40.37273],[-3.61978,40.37376],[-3.62,40.37464],[-3.61846,40.37481],[-3.61852,40.37502],[-3.61823,40.37507],[-3.61794,40.37434],[-3.61775,40.37423]]]}},{"type":"Feature","properties":{"id":"2807918023"},"geometry":{"type":"Polygon","coordinates":[[[-3.61369,40.37935],[-3.61533,40.37497],[-3.6162,40.37536],[-3.61683,40.3755],[-3.61727,40.37414],[-3.61786,40.37425],[-3.61823,40.37507],[-3.61852,40.37502],[-3.61846,40.37481],[-3.62,40.37464],[-3.62039,40.37613],[-3.61997,40.37628],[-3.61884,40.37599],[-3.61849,40.37674],[-3.61823,40.37686],[-3.61808,40.37715],[-3.61812,40.37747],[-3.61754,40.37847],[-3.61613,40.37879],[-3.61527,40.3788],[-3.61524,40.3794],[-3.61369,40.37935]]]}},{"type":"Feature","properties":{"id":"2807918024"},"geometry":{"type":"Polygon","coordinates":[[[-3.61786,40.37794],[-3.61812,40.37747],[-3.61808,40.37715],[-3.61823,40.37686],[-3.61849,40.37674],[-3.61884,40.37599],[-3.62003,40.37627],[-3.61901,40.37802],[-3.61901,40.37835],[-3.61786,40.37794]]]}},{"type":"Feature","properties":{"id":"2807918025"},"geometry":{"type":"Polygon","coordinates":[[[-3.62162,40.36911],[-3.62157,40.37017],[-3.61832,40.37071],[-3.61616,40.37159],[-3.61546,40.37063],[-3.61724,40.36984],[-3.61769,40.36972],[-3.61926,40.36941],[-3.62162,40.36911]]]}},{"type":"Feature","properties":{"id":"2807918026"},"geometry":{"type":"Polygon","coordinates":[[[-3.61263,40.38158],[-3.61201,40.37953],[-3.61358,40.37972],[-3.61369,40.37935],[-3.61726,40.37947],[-3.61729,40.38012],[-3.61756,40.38085],[-3.61453,40.38145],[-3.61443,40.38115],[-3.61263,40.38158]]]}},{"type":"Feature","properties":{"id":"2807918027"},"geometry":{"type":"Polygon","coordinates":[[[-3.62188,40.39077],[-3.61092,40.38835],[-3.60858,40.38748],[-3.60975,40.38645],[-3.61091,40.38577],[-3.61201,40.38521],[-3.61355,40.38466],[-3.61337,40.38437],[-3.61311,40.38428],[-3.61347,40.38417],[-3.61293,40.38259],[-3.61481,40.3822],[-3.61453,40.38145],[-3.61836,40.38072],[-3.61838,40.38082],[-3.61737,40.3814],[-3.6188,40.38258],[-3.6192,40.38332],[-3.62445,40.38211],[-3.62512,40.38277],[-3.62542,40.38351],[-3.62478,40.38416],[-3.62425,40.38508],[-3.62188,40.39077]]]}},{"type":"Feature","properties":{"id":"2807918028"},"geometry":{"type":"Polygon","coordinates":[[[-3.60501,40.38477],[-3.60769,40.38336],[-3.60895,40.38464],[-3.60722,40.38566],[-3.60652,40.3862],[-3.60501,40.38477]]]}},{"type":"Feature","properties":{"id":"2807918029"},"geometry":{"type":"Polygon","coordinates":[[[-3.60819,40.38386],[-3.60911,40.38333],[-3.60929,40.38351],[-3.61093,40.38267],[-3.61155,40.38311],[-3.60895,40.38464],[-3.60819,40.38386]]]}},{"type":"Feature","properties":{"id":"2807918030"},"geometry":{"type":"Polygon","coordinates":[[[-3.60706,40.38225],[-3.60846,40.38167],[-3.60796,40.38064],[-3.60926,40.38026],[-3.61021,40.382],[-3.60769,40.38336],[-3.60706,40.38225]]]}},{"type":"Feature","properties":{"id":"2807918031"},"geometry":{"type":"Polygon","coordinates":[[[-3.60406,40.38337],[-3.60706,40.38225],[-3.60769,40.38336],[-3.60501,40.38477],[-3.60406,40.38337]]]}},{"type":"Feature","properties":{"id":"2807918032"},"geometry":{"type":"Polygon","coordinates":[[[-3.60334,40.38194],[-3.60796,40.38064],[-3.60847,40.38164],[-3.60475,40.38316],[-3.60406,40.38337],[-3.60334,40.38194]]]}},{"type":"Feature","properties":{"id":"2807918033"},"geometry":{"type":"Polygon","coordinates":[[[-3.60559,40.3798],[-3.60625,40.38113],[-3.60334,40.38194],[-3.60269,40.38063],[-3.60559,40.3798]]]}},{"type":"Feature","properties":{"id":"2807918034"},"geometry":{"type":"Polygon","coordinates":[[[-3.60559,40.3798],[-3.60723,40.37932],[-3.60796,40.38064],[-3.60625,40.38113],[-3.60559,40.3798]]]}},{"type":"Feature","properties":{"id":"2807918035"},"geometry":{"type":"Polygon","coordinates":[[[-3.60725,40.37935],[-3.6086,40.37896],[-3.60926,40.38026],[-3.60796,40.38064],[-3.60725,40.37935]]]}},{"type":"Feature","properties":{"id":"2807918036"},"geometry":{"type":"Polygon","coordinates":[[[-3.60926,40.38026],[-3.60821,40.3783],[-3.60844,40.37812],[-3.61029,40.37875],[-3.61277,40.37925],[-3.61369,40.37935],[-3.61358,40.37972],[-3.61201,40.37953],[-3.61222,40.38022],[-3.61132,40.38094],[-3.60989,40.38002],[-3.60926,40.38026]]]}},{"type":"Feature","properties":{"id":"2807918037"},"geometry":{"type":"Polygon","coordinates":[[[-3.61009,40.38188],[-3.60926,40.38026],[-3.60989,40.38002],[-3.61132,40.38094],[-3.61222,40.38022],[-3.61347,40.38417],[-3.61311,40.38428],[-3.61303,40.38406],[-3.61269,40.38375],[-3.61093,40.38267],[-3.61009,40.38188]]]}},{"type":"Feature","properties":{"id":"2807918038"},"geometry":{"type":"Polygon","coordinates":[[[-3.61263,40.38158],[-3.61443,40.38115],[-3.61481,40.3822],[-3.61293,40.38259],[-3.61263,40.38158]]]}},{"type":"Feature","properties":{"id":"2807918039"},"geometry":{"type":"Polygon","coordinates":[[[-3.60652,40.3862],[-3.60722,40.38566],[-3.6097,40.3842],[-3.61025,40.3848],[-3.61006,40.38494],[-3.61091,40.38577],[-3.60975,40.38645],[-3.60858,40.38748],[-3.6076,40.38695],[-3.60652,40.3862]]]}},{"type":"Feature","properties":{"id":"2807918040"},"geometry":{"type":"Polygon","coordinates":[[[-3.59983,40.37681],[-3.60218,40.37608],[-3.60298,40.37604],[-3.60716,40.37761],[-3.60701,40.37787],[-3.60506,40.37842],[-3.60559,40.3798],[-3.60269,40.38063],[-3.60411,40.38346],[-3.60465,40.38432],[-3.60545,40.38525],[-3.60652,40.3862],[-3.60607,40.38646],[-3.60583,40.38643],[-3.60528,40.38599],[-3.605,40.38629],[-3.60454,40.38656],[-3.60411,40.38672],[-3.60376,40.38674],[-3.60248,40.3864],[-3.60217,40.38616],[-3.60194,40.38596],[-3.60044,40.38342],[-3.60115,40.38323],[-3.60112,40.38299],[-3.60085,40.38271],[-3.6003,40.38242],[-3.59936,40.3823],[-3.5977,40.37968],[-3.59917,40.3788],[-3.59972,40.37829],[-3.6001,40.37784],[-3.59973,40.3775],[-3.59963,40.37725],[-3.59968,40.37701],[-3.59983,40.37681]]]}},{"type":"Feature","properties":{"id":"2807918041"},"geometry":{"type":"Polygon","coordinates":[[[-3.60769,40.38336],[-3.61021,40.382],[-3.61093,40.38267],[-3.60929,40.38351],[-3.60911,40.38333],[-3.60819,40.38386],[-3.60769,40.38336]]]}},{"type":"Feature","properties":{"id":"2807918042"},"geometry":{"type":"Polygon","coordinates":[[[-3.62387,40.36868],[-3.6238,40.3689],[-3.62521,40.37174],[-3.62576,40.37224],[-3.62486,40.37304],[-3.62657,40.37429],[-3.62491,40.37564],[-3.62467,40.37595],[-3.62417,40.3758],[-3.62219,40.37243],[-3.62157,40.37017],[-3.6216,40.36902],[-3.62387,40.36868]]]}},{"type":"Feature","properties":{"id":"2807918043"},"geometry":{"type":"Polygon","coordinates":[[[-3.61923,40.37283],[-3.61868,40.37189],[-3.6204,40.37165],[-3.62033,40.37133],[-3.62183,40.37112],[-3.62218,40.3724],[-3.61923,40.37283]]]}},{"type":"Feature","properties":{"id":"2807918044"},"geometry":{"type":"Polygon","coordinates":[[[-3.6097,40.3842],[-3.61155,40.38311],[-3.61269,40.38375],[-3.61303,40.38406],[-3.61311,40.38428],[-3.61337,40.38437],[-3.61355,40.38466],[-3.61201,40.38521],[-3.61091,40.38577],[-3.61006,40.38494],[-3.61025,40.3848],[-3.6097,40.3842]]]}},{"type":"Feature","properties":{"id":"2807918045"},"geometry":{"type":"Polygon","coordinates":[[[-3.55342,40.35586],[-3.55473,40.35431],[-3.55664,40.3531],[-3.55769,40.35267],[-3.55891,40.35027],[-3.56074,40.34918],[-3.56216,40.3471],[-3.56536,40.34438],[-3.56825,40.3409],[-3.56995,40.33763],[-3.57188,40.33462],[-3.57274,40.33366],[-3.57528,40.33186],[-3.57676,40.33025],[-3.57952,40.32795],[-3.58249,40.32626],[-3.58436,40.32256],[-3.58507,40.32041],[-3.58507,40.31836],[-3.58382,40.31581],[-3.58241,40.31614],[-3.58189,40.31588],[-3.58049,40.31597],[-3.57928,40.31587],[-3.5778,40.31465],[-3.57613,40.31488],[-3.57797,40.31389],[-3.58066,40.31379],[-3.58165,40.31359],[-3.58253,40.31353],[-3.58347,40.31331],[-3.58744,40.31279],[-3.59534,40.31235],[-3.59826,40.31206],[-3.60213,40.31267],[-3.60639,40.31347],[-3.60812,40.31367],[-3.61115,40.31431],[-3.61388,40.31559],[-3.61597,40.31776],[-3.61745,40.31819],[-3.61999,40.31911],[-3.62353,40.31985],[-3.62469,40.32042],[-3.62598,40.31924],[-3.62822,40.3199],[-3.63058,40.32087],[-3.63184,40.32158],[-3.63399,40.32309],[-3.63517,40.32402],[-3.635,40.32415],[-3.63568,40.32476],[-3.63783,40.32615],[-3.64028,40.32789],[-3.6415,40.3284],[-3.64187,40.32865],[-3.64203,40.3289],[-3.6422,40.33005],[-3.64215,40.33045],[-3.64158,40.3313],[-3.64191,40.33233],[-3.6415,40.33457],[-3.64159,40.33511],[-3.64149,40.33549],[-3.64014,40.33823],[-3.63994,40.33909],[-3.63926,40.34069],[-3.63702,40.34365],[-3.63617,40.34654],[-3.63749,40.34898],[-3.63826,40.35151],[-3.63514,40.35272],[-3.63229,40.35344],[-3.63086,40.35363],[-3.63085,40.35342],[-3.62925,40.35362],[-3.62647,40.3538],[-3.62381,40.35471],[-3.61932,40.35547],[-3.61454,40.3582],[-3.60915,40.36392],[-3.60379,40.36128],[-3.60162,40.35905],[-3.60061,40.3583],[-3.59937,40.35762],[-3.59793,40.35713],[-3.59213,40.35563],[-3.59263,40.35357],[-3.59002,40.35305],[-3.58861,40.35253],[-3.58753,40.35228],[-3.58633,40.35172],[-3.58435,40.35193],[-3.58359,40.35194],[-3.58144,40.35817],[-3.58058,40.36018],[-3.57973,40.36136],[-3.57964,40.36201],[-3.58051,40.3628],[-3.58045,40.36302],[-3.57822,40.36385],[-3.57801,40.36422],[-3.57618,40.36579],[-3.57027,40.36183],[-3.56955,40.36144],[-3.56551,40.35999],[-3.55853,40.35851],[-3.55561,40.35765],[-3.55463,40.35697],[-3.55342,40.35586]]]}},{"type":"Feature","properties":{"id":"2807918046"},"geometry":{"type":"Polygon","coordinates":[[[-3.62533,40.38085],[-3.62578,40.38071],[-3.62762,40.3793],[-3.63026,40.37711],[-3.6306,40.3767],[-3.63167,40.37587],[-3.63258,40.37533],[-3.63247,40.37022],[-3.61247,40.36036],[-3.61454,40.3582],[-3.61932,40.35547],[-3.62381,40.35471],[-3.62647,40.3538],[-3.62925,40.35362],[-3.63085,40.35342],[-3.63086,40.35363],[-3.63229,40.35344],[-3.63514,40.35272],[-3.63826,40.35151],[-3.63749,40.34898],[-3.63617,40.34654],[-3.63702,40.34365],[-3.63926,40.34069],[-3.63994,40.33909],[-3.64014,40.33823],[-3.64149,40.33549],[-3.64159,40.33511],[-3.6415,40.33457],[-3.64191,40.33233],[-3.64158,40.3313],[-3.64215,40.33045],[-3.6422,40.33005],[-3.64206,40.32899],[-3.64187,40.32865],[-3.64312,40.32932],[-3.6441,40.3304],[-3.64463,40.33083],[-3.64919,40.33337],[-3.64946,40.33272],[-3.64966,40.33253],[-3.65005,40.33234],[-3.65028,40.3324],[-3.65504,40.33002],[-3.65863,40.32843],[-3.65867,40.32924],[-3.65812,40.32992],[-3.65791,40.33063],[-3.6581,40.3311],[-3.65818,40.33231],[-3.65866,40.33284],[-3.65953,40.33454],[-3.66054,40.33551],[-3.66098,40.33612],[-3.66136,40.33688],[-3.66178,40.33815],[-3.66296,40.3391],[-3.66335,40.33955],[-3.66341,40.34132],[-3.66381,40.34236],[-3.66508,40.3439],[-3.66543,40.34416],[-3.66598,40.34432],[-3.6673,40.34447],[-3.66887,40.34493],[-3.66943,40.34531],[-3.6695,40.34556],[-3.66908,40.3466],[-3.66904,40.34711],[-3.66923,40.34827],[-3.66973,40.34908],[-3.67026,40.3495],[-3.67119,40.3499],[-3.67232,40.35016],[-3.67305,40.35059],[-3.67341,40.35117],[-3.67387,40.35303],[-3.67472,40.35355],[-3.67558,40.35367],[-3.67618,40.35394],[-3.6767,40.35549],[-3.6767,40.35646],[-3.6771,40.35717],[-3.67726,40.35735],[-3.67816,40.35765],[-3.67941,40.35821],[-3.67986,40.35909],[-3.6808,40.35965],[-3.68153,40.36041],[-3.68193,40.36118],[-3.68076,40.3608],[-3.67938,40.36064],[-3.67526,40.36077],[-3.67055,40.36155],[-3.66909,40.36193],[-3.66704,40.36273],[-3.66171,40.36576],[-3.65848,40.36799],[-3.65527,40.36983],[-3.65478,40.37031],[-3.65437,40.37096],[-3.65319,40.37477],[-3.65261,40.37602],[-3.65083,40.37615],[-3.64851,40.37655],[-3.62714,40.38148],[-3.62584,40.38093],[-3.62533,40.38085]]]}},{"type":"Feature","properties":{"id":"2807918047"},"geometry":{"type":"Polygon","coordinates":[[[-3.61363,40.37067],[-3.61782,40.36572],[-3.62383,40.36868],[-3.6216,40.36902],[-3.62162,40.36911],[-3.61926,40.36941],[-3.61724,40.36984],[-3.61546,40.37063],[-3.61616,40.37159],[-3.61534,40.37197],[-3.61463,40.37126],[-3.61363,40.37067]]]}},{"type":"Feature","properties":{"id":"2807918048"},"geometry":{"type":"Polygon","coordinates":[[[-3.60716,40.37761],[-3.60844,40.37812],[-3.60821,40.3783],[-3.6086,40.37896],[-3.60559,40.3798],[-3.60506,40.37842],[-3.60701,40.37787],[-3.60716,40.37761]]]}},{"type":"Feature","properties":{"id":"2807918049"},"geometry":{"type":"Polygon","coordinates":[[[-3.60388,40.36346],[-3.60326,40.36421],[-3.60222,40.36372],[-3.60145,40.36462],[-3.59812,40.36298],[-3.59958,40.36132],[-3.60388,40.36346]]]}},{"type":"Feature","properties":{"id":"2807918050"},"geometry":{"type":"Polygon","coordinates":[[[-3.62466,40.37595],[-3.62491,40.37564],[-3.62656,40.3743],[-3.63042,40.37692],[-3.63026,40.37711],[-3.62664,40.37736],[-3.62515,40.37609],[-3.62466,40.37595]]]}},{"type":"Feature","properties":{"id":"2807918051"},"geometry":{"type":"Polygon","coordinates":[[[-3.61029,40.37875],[-3.60768,40.37782],[-3.6116,40.37311],[-3.61507,40.37487],[-3.61533,40.37493],[-3.61363,40.37934],[-3.61277,40.37925],[-3.61029,40.37875]]]}},{"type":"Feature","properties":{"id":"2807918052"},"geometry":{"type":"Polygon","coordinates":[[[-3.59615,40.36201],[-3.59757,40.36035],[-3.59958,40.36132],[-3.59812,40.36298],[-3.59615,40.36201]]]}},{"type":"Feature","properties":{"id":"2807918053"},"geometry":{"type":"Polygon","coordinates":[[[-3.58542,40.36763],[-3.58854,40.36388],[-3.59278,40.36599],[-3.58966,40.36984],[-3.58542,40.36763]]]}},{"type":"Feature","properties":{"id":"2807918054"},"geometry":{"type":"Polygon","coordinates":[[[-3.61363,40.37067],[-3.60964,40.36868],[-3.61105,40.36701],[-3.61509,40.36899],[-3.61363,40.37067]]]}},{"type":"Feature","properties":{"id":"2807918055"},"geometry":{"type":"Polygon","coordinates":[[[-3.59894,40.37441],[-3.60616,40.36695],[-3.6116,40.36965],[-3.60955,40.3721],[-3.60756,40.37109],[-3.60444,40.37484],[-3.60341,40.3759],[-3.60367,40.37625],[-3.60298,40.37604],[-3.60243,40.37603],[-3.60066,40.3765],[-3.59994,40.37532],[-3.59894,40.37441]]]}},{"type":"Feature","properties":{"id":"2807918056"},"geometry":{"type":"Polygon","coordinates":[[[-3.59939,40.36709],[-3.60144,40.36462],[-3.60616,40.36695],[-3.60388,40.36932],[-3.59939,40.36709]]]}},{"type":"Feature","properties":{"id":"2807918057"},"geometry":{"type":"Polygon","coordinates":[[[-3.57618,40.36579],[-3.57801,40.36422],[-3.57822,40.36385],[-3.58045,40.36302],[-3.58051,40.3628],[-3.57964,40.36201],[-3.57973,40.36136],[-3.58058,40.36018],[-3.58144,40.35817],[-3.58359,40.35194],[-3.58435,40.35193],[-3.58633,40.35172],[-3.58753,40.35228],[-3.58861,40.35253],[-3.59002,40.35305],[-3.59263,40.35357],[-3.59213,40.35563],[-3.59016,40.3552],[-3.58882,40.35519],[-3.58815,40.35532],[-3.58727,40.35557],[-3.58652,40.35596],[-3.5858,40.35652],[-3.58523,40.35715],[-3.58464,40.35875],[-3.59047,40.36161],[-3.58542,40.36763],[-3.58474,40.36731],[-3.58405,40.36719],[-3.57848,40.36694],[-3.5774,40.36658],[-3.57618,40.36579]]]}},{"type":"Feature","properties":{"id":"2807918058"},"geometry":{"type":"Polygon","coordinates":[[[-3.60344,40.36561],[-3.60482,40.36393],[-3.59332,40.35823],[-3.59047,40.36161],[-3.58464,40.35875],[-3.58523,40.35715],[-3.58616,40.35622],[-3.58727,40.35557],[-3.58815,40.35532],[-3.58945,40.35516],[-3.59089,40.35532],[-3.59793,40.35713],[-3.59937,40.35762],[-3.60061,40.3583],[-3.60162,40.35905],[-3.60379,40.36128],[-3.60915,40.36392],[-3.60616,40.36695],[-3.60344,40.36561]]]}},{"type":"Feature","properties":{"id":"2807918059"},"geometry":{"type":"Polygon","coordinates":[[[-3.62766,40.37105],[-3.62745,40.3709],[-3.62575,40.37223],[-3.62521,40.37174],[-3.6238,40.3689],[-3.62387,40.36868],[-3.62554,40.36684],[-3.63247,40.37022],[-3.63255,40.37282],[-3.6277,40.37285],[-3.62766,40.37105]]]}},{"type":"Feature","properties":{"id":"2807918060"},"geometry":{"type":"Polygon","coordinates":[[[-3.62097,40.36727],[-3.62257,40.36535],[-3.62555,40.36683],[-3.62388,40.36868],[-3.62097,40.36727]]]}},{"type":"Feature","properties":{"id":"2807918061"},"geometry":{"type":"Polygon","coordinates":[[[-3.60498,40.37417],[-3.60599,40.37468],[-3.60665,40.37391],[-3.60969,40.37541],[-3.60768,40.37782],[-3.60367,40.37625],[-3.60341,40.3759],[-3.60498,40.37417]]]}},{"type":"Feature","properties":{"id":"2807918062"},"geometry":{"type":"Polygon","coordinates":[[[-3.58986,40.36233],[-3.5919,40.35993],[-3.59615,40.36201],[-3.59405,40.36452],[-3.58986,40.36233]]]}},{"type":"Feature","properties":{"id":"2807918063"},"geometry":{"type":"Polygon","coordinates":[[[-3.61542,40.36184],[-3.60964,40.36868],[-3.60616,40.36695],[-3.60881,40.36428],[-3.61247,40.36036],[-3.61542,40.36184]]]}},{"type":"Feature","properties":{"id":"2807918064"},"geometry":{"type":"Polygon","coordinates":[[[-3.59405,40.36452],[-3.59615,40.36201],[-3.60144,40.36462],[-3.59939,40.36709],[-3.59405,40.36452]]]}},{"type":"Feature","properties":{"id":"2807918065"},"geometry":{"type":"Polygon","coordinates":[[[-3.63042,40.37692],[-3.62486,40.37304],[-3.62745,40.3709],[-3.62766,40.37102],[-3.6277,40.37285],[-3.63256,40.37282],[-3.63258,40.37533],[-3.63167,40.37587],[-3.63042,40.37692]]]}},{"type":"Feature","properties":{"id":"2807918066"},"geometry":{"type":"Polygon","coordinates":[[[-3.60955,40.3721],[-3.6116,40.36965],[-3.61419,40.37096],[-3.61476,40.37137],[-3.61534,40.37197],[-3.61564,40.37274],[-3.61572,40.37337],[-3.61563,40.37417],[-3.61533,40.37493],[-3.61507,40.37487],[-3.60955,40.3721]]]}},{"type":"Feature","properties":{"id":"2807918067"},"geometry":{"type":"Polygon","coordinates":[[[-3.58986,40.36233],[-3.59405,40.36452],[-3.59278,40.36599],[-3.58854,40.36388],[-3.58986,40.36233]]]}},{"type":"Feature","properties":{"id":"2807918068"},"geometry":{"type":"Polygon","coordinates":[[[-3.58966,40.36984],[-3.59405,40.36452],[-3.60388,40.36932],[-3.59894,40.37441],[-3.59756,40.37367],[-3.59291,40.37154],[-3.58966,40.36984]]]}},{"type":"Feature","properties":{"id":"2807918069"},"geometry":{"type":"Polygon","coordinates":[[[-3.60498,40.37417],[-3.60756,40.37109],[-3.6116,40.37311],[-3.60969,40.37541],[-3.60665,40.37391],[-3.60599,40.37468],[-3.60498,40.37417]]]}},{"type":"Feature","properties":{"id":"2807918070"},"geometry":{"type":"Polygon","coordinates":[[[-3.60145,40.36462],[-3.60222,40.36372],[-3.60326,40.36421],[-3.60388,40.36346],[-3.60482,40.36393],[-3.60344,40.36561],[-3.60145,40.36462]]]}},{"type":"Feature","properties":{"id":"2807918071"},"geometry":{"type":"Polygon","coordinates":[[[-3.59757,40.36035],[-3.59615,40.36201],[-3.5919,40.35993],[-3.59332,40.35823],[-3.59757,40.36035]]]}},{"type":"Feature","properties":{"id":"2807918072"},"geometry":{"type":"Polygon","coordinates":[[[-3.61782,40.36572],[-3.61929,40.36397],[-3.6195,40.36384],[-3.62257,40.36535],[-3.62097,40.36727],[-3.61782,40.36572]]]}},{"type":"Feature","properties":{"id":"2807918073"},"geometry":{"type":"Polygon","coordinates":[[[-3.61106,40.36701],[-3.61542,40.36184],[-3.61946,40.36387],[-3.61509,40.36899],[-3.61106,40.36701]]]}},{"type":"Feature","properties":{"id":"2807919001"},"geometry":{"type":"Polygon","coordinates":[[[-3.5765,40.42882],[-3.57749,40.42601],[-3.57526,40.42557],[-3.57652,40.42332],[-3.57691,40.42203],[-3.57684,40.42198],[-3.57765,40.42025],[-3.57879,40.41831],[-3.57954,40.41734],[-3.57806,40.41499],[-3.57819,40.41484],[-3.57764,40.41366],[-3.57633,40.41314],[-3.58568,40.40717],[-3.57466,40.40234],[-3.55959,40.39532],[-3.55598,40.39355],[-3.55163,40.39277],[-3.54858,40.39293],[-3.54246,40.39398],[-3.54246,40.39312],[-3.54329,40.39039],[-3.54413,40.38826],[-3.54477,40.38714],[-3.54516,40.38684],[-3.54551,40.38624],[-3.54584,40.3851],[-3.54627,40.38439],[-3.54797,40.38212],[-3.54876,40.38142],[-3.54925,40.38055],[-3.54913,40.37864],[-3.54876,40.37749],[-3.54873,40.37695],[-3.54887,40.37671],[-3.55005,40.37597],[-3.55048,40.37554],[-3.5508,40.37502],[-3.55114,40.37405],[-3.55127,40.37232],[-3.55114,40.37176],[-3.55123,40.3713],[-3.55119,40.37041],[-3.55126,40.37021],[-3.55146,40.37017],[-3.55177,40.36831],[-3.55242,40.36591],[-3.55278,40.36538],[-3.55366,40.36462],[-3.55446,40.36452],[-3.55525,40.36384],[-3.55545,40.36282],[-3.55581,40.36226],[-3.55591,40.36164],[-3.55556,40.36075],[-3.55567,40.36035],[-3.55562,40.35998],[-3.55534,40.35979],[-3.555,40.35986],[-3.55486,40.36012],[-3.55464,40.36018],[-3.55329,40.36127],[-3.55279,40.36157],[-3.55291,40.35768],[-3.55329,40.35601],[-3.55342,40.35586],[-3.55463,40.35697],[-3.55561,40.35765],[-3.55853,40.35851],[-3.56551,40.35999],[-3.56955,40.36144],[-3.57027,40.36183],[-3.57704,40.36637],[-3.57795,40.36681],[-3.57899,40.36701],[-3.58405,40.36719],[-3.58496,40.3674],[-3.59291,40.37154],[-3.5986,40.37419],[-3.5998,40.37516],[-3.60066,40.3765],[-3.59983,40.37681],[-3.59968,40.37701],[-3.59963,40.37725],[-3.59973,40.3775],[-3.6001,40.37784],[-3.59972,40.37829],[-3.59917,40.3788],[-3.5977,40.37968],[-3.59936,40.3823],[-3.6003,40.38242],[-3.60085,40.38271],[-3.60112,40.38299],[-3.60115,40.38323],[-3.60044,40.38342],[-3.60194,40.38596],[-3.60248,40.3864],[-3.60376,40.38674],[-3.60411,40.38672],[-3.60454,40.38656],[-3.605,40.38629],[-3.60528,40.38599],[-3.60583,40.38643],[-3.60607,40.38646],[-3.60652,40.3862],[-3.6076,40.38695],[-3.60866,40.38752],[-3.60732,40.38917],[-3.60455,40.39434],[-3.6036,40.39574],[-3.60299,40.39635],[-3.60193,40.39723],[-3.59358,40.40224],[-3.59357,40.40231],[-3.5949,40.40343],[-3.59525,40.40355],[-3.5948,40.4038],[-3.5943,40.40394],[-3.59289,40.40372],[-3.59247,40.4038],[-3.59196,40.40415],[-3.5907,40.40534],[-3.58964,40.4065],[-3.58875,40.40797],[-3.58813,40.40944],[-3.58395,40.41423],[-3.58336,40.41523],[-3.58305,40.41602],[-3.58292,40.41797],[-3.58268,40.41875],[-3.58063,40.42204],[-3.57916,40.42411],[-3.5779,40.4256],[-3.57678,40.42873],[-3.57684,40.4298],[-3.57633,40.42966],[-3.5765,40.42882]]]}},{"type":"Feature","properties":{"id":"2807919002"},"geometry":{"type":"Polygon","coordinates":[[[-3.6149,40.40478],[-3.60997,40.40416],[-3.60876,40.40327],[-3.60694,40.40242],[-3.60734,40.40153],[-3.60769,40.40129],[-3.60684,40.40125],[-3.60623,40.4011],[-3.60666,40.39987],[-3.6066,40.39971],[-3.61165,40.40196],[-3.61307,40.40241],[-3.61621,40.40307],[-3.61671,40.40334],[-3.61684,40.40368],[-3.6149,40.40478]]]}},{"type":"Feature","properties":{"id":"2807919003"},"geometry":{"type":"Polygon","coordinates":[[[-3.60645,40.40412],[-3.6066,40.40326],[-3.60694,40.40242],[-3.60876,40.40327],[-3.60915,40.40359],[-3.60893,40.40384],[-3.60896,40.40423],[-3.60645,40.40412]]]}},{"type":"Feature","properties":{"id":"2807919004"},"geometry":{"type":"Polygon","coordinates":[[[-3.60414,40.40404],[-3.60468,40.40321],[-3.60504,40.40232],[-3.60534,40.40224],[-3.6058,40.40229],[-3.60601,40.40214],[-3.60694,40.40242],[-3.6066,40.40326],[-3.60645,40.40412],[-3.60414,40.40404]]]}},{"type":"Feature","properties":{"id":"2807919005"},"geometry":{"type":"Polygon","coordinates":[[[-3.60694,40.40242],[-3.60601,40.40214],[-3.6058,40.40229],[-3.60534,40.40224],[-3.60504,40.40232],[-3.60525,40.40212],[-3.60389,40.40128],[-3.60309,40.40031],[-3.60465,40.40028],[-3.60553,40.40039],[-3.60635,40.4007],[-3.60623,40.4011],[-3.60684,40.40125],[-3.60769,40.40129],[-3.60734,40.40153],[-3.60694,40.40242]]]}},{"type":"Feature","properties":{"id":"2807919006"},"geometry":{"type":"Polygon","coordinates":[[[-3.60183,40.40019],[-3.60309,40.40031],[-3.60389,40.40128],[-3.60473,40.4018],[-3.60443,40.40211],[-3.60259,40.40275],[-3.6025,40.40263],[-3.6007,40.4017],[-3.60183,40.40019]]]}},{"type":"Feature","properties":{"id":"2807919007"},"geometry":{"type":"Polygon","coordinates":[[[-3.60224,40.40392],[-3.60226,40.40377],[-3.60166,40.40289],[-3.60168,40.40275],[-3.60256,40.40289],[-3.60259,40.40275],[-3.60435,40.40216],[-3.60473,40.4018],[-3.60525,40.40212],[-3.60504,40.40232],[-3.60468,40.40321],[-3.60414,40.40404],[-3.60224,40.40392]]]}},{"type":"Feature","properties":{"id":"2807919008"},"geometry":{"type":"Polygon","coordinates":[[[-3.60306,40.40551],[-3.59854,40.40359],[-3.59976,40.4024],[-3.60036,40.40279],[-3.60168,40.40275],[-3.60166,40.40289],[-3.60226,40.40377],[-3.60224,40.40392],[-3.60414,40.40404],[-3.60306,40.40551]]]}},{"type":"Feature","properties":{"id":"2807919009"},"geometry":{"type":"Polygon","coordinates":[[[-3.60306,40.40551],[-3.60414,40.40404],[-3.60645,40.40412],[-3.60625,40.40503],[-3.60642,40.4052],[-3.60641,40.40536],[-3.60549,40.40526],[-3.60518,40.40583],[-3.60358,40.4057],[-3.60306,40.40551]]]}},{"type":"Feature","properties":{"id":"2807919011"},"geometry":{"type":"Polygon","coordinates":[[[-3.60506,40.40617],[-3.60549,40.40526],[-3.60582,40.40535],[-3.60819,40.40538],[-3.60827,40.40604],[-3.60815,40.40623],[-3.60506,40.40617]]]}},{"type":"Feature","properties":{"id":"2807919012"},"geometry":{"type":"Polygon","coordinates":[[[-3.60641,40.40536],[-3.60642,40.4052],[-3.60625,40.40503],[-3.60645,40.40412],[-3.60896,40.40423],[-3.60918,40.40602],[-3.60839,40.40607],[-3.60825,40.40617],[-3.60819,40.40538],[-3.60641,40.40536]]]}},{"type":"Feature","properties":{"id":"2807919014"},"geometry":{"type":"Polygon","coordinates":[[[-3.60122,40.40604],[-3.60236,40.40649],[-3.60306,40.40551],[-3.60358,40.4057],[-3.60518,40.40583],[-3.60493,40.40644],[-3.60535,40.4066],[-3.60475,40.40747],[-3.60572,40.40788],[-3.60459,40.40942],[-3.60012,40.40763],[-3.60122,40.40604]]]}},{"type":"Feature","properties":{"id":"2807919015"},"geometry":{"type":"Polygon","coordinates":[[[-3.59805,40.40415],[-3.59854,40.40359],[-3.60134,40.40482],[-3.60067,40.40581],[-3.5998,40.40545],[-3.60009,40.40505],[-3.59805,40.40415]]]}},{"type":"Feature","properties":{"id":"2807919016"},"geometry":{"type":"Polygon","coordinates":[[[-3.60236,40.40649],[-3.60067,40.40581],[-3.60134,40.40482],[-3.60306,40.40551],[-3.60236,40.40649]]]}},{"type":"Feature","properties":{"id":"2807919018"},"geometry":{"type":"Polygon","coordinates":[[[-3.60706,40.40842],[-3.60475,40.40747],[-3.60535,40.4066],[-3.60664,40.40709],[-3.60774,40.40741],[-3.60706,40.40842]]]}},{"type":"Feature","properties":{"id":"2807919019"},"geometry":{"type":"Polygon","coordinates":[[[-3.60774,40.40741],[-3.60664,40.40709],[-3.60493,40.40644],[-3.60506,40.40617],[-3.60815,40.40623],[-3.60825,40.40617],[-3.60826,40.40735],[-3.60821,40.40745],[-3.60774,40.40741]]]}},{"type":"Feature","properties":{"id":"2807919020"},"geometry":{"type":"Polygon","coordinates":[[[-3.60706,40.40842],[-3.60774,40.40741],[-3.60907,40.4075],[-3.6082,40.40889],[-3.60706,40.40842]]]}},{"type":"Feature","properties":{"id":"2807919021"},"geometry":{"type":"Polygon","coordinates":[[[-3.6082,40.40889],[-3.60907,40.4075],[-3.60821,40.40745],[-3.60825,40.40617],[-3.60839,40.40607],[-3.60918,40.40602],[-3.6097,40.40962],[-3.60934,40.40937],[-3.6082,40.40889]]]}},{"type":"Feature","properties":{"id":"2807919022"},"geometry":{"type":"Polygon","coordinates":[[[-3.60944,40.40771],[-3.61147,40.40779],[-3.61165,40.40932],[-3.61175,40.40945],[-3.6097,40.40962],[-3.60944,40.40771]]]}},{"type":"Feature","properties":{"id":"2807919023"},"geometry":{"type":"Polygon","coordinates":[[[-3.6097,40.40962],[-3.61156,40.40945],[-3.61189,40.4095],[-3.61229,40.411],[-3.61143,40.41123],[-3.61148,40.41153],[-3.61002,40.41175],[-3.60989,40.41039],[-3.6097,40.40962]]]}},{"type":"Feature","properties":{"id":"2807919024"},"geometry":{"type":"Polygon","coordinates":[[[-3.61147,40.40779],[-3.61204,40.4078],[-3.61374,40.40907],[-3.61334,40.40924],[-3.61175,40.40945],[-3.61165,40.40932],[-3.61147,40.40779]]]}},{"type":"Feature","properties":{"id":"2807919025"},"geometry":{"type":"Polygon","coordinates":[[[-3.61204,40.4078],[-3.60944,40.40771],[-3.60893,40.40385],[-3.60915,40.40359],[-3.61517,40.40791],[-3.61374,40.40907],[-3.61204,40.4078]]]}},{"type":"Feature","properties":{"id":"2807919026"},"geometry":{"type":"Polygon","coordinates":[[[-3.60997,40.40416],[-3.61233,40.40446],[-3.61453,40.40587],[-3.61463,40.40595],[-3.6141,40.40639],[-3.61506,40.40705],[-3.61531,40.40707],[-3.61481,40.40767],[-3.60997,40.40416]]]}},{"type":"Feature","properties":{"id":"2807919027"},"geometry":{"type":"Polygon","coordinates":[[[-3.61481,40.40767],[-3.61531,40.40707],[-3.61506,40.40705],[-3.6141,40.40639],[-3.61463,40.40595],[-3.61498,40.40614],[-3.61638,40.40651],[-3.61665,40.40667],[-3.61517,40.40791],[-3.61481,40.40767]]]}},{"type":"Feature","properties":{"id":"2807919028"},"geometry":{"type":"Polygon","coordinates":[[[-3.61498,40.40614],[-3.61251,40.40461],[-3.61233,40.40446],[-3.6149,40.40478],[-3.61702,40.40567],[-3.61665,40.40667],[-3.61638,40.40651],[-3.61498,40.40614]]]}},{"type":"Feature","properties":{"id":"2807919029"},"geometry":{"type":"Polygon","coordinates":[[[-3.6108,40.41798],[-3.61002,40.41175],[-3.61148,40.41153],[-3.61143,40.41123],[-3.61229,40.411],[-3.61203,40.40981],[-3.61189,40.4095],[-3.61175,40.40945],[-3.61334,40.40924],[-3.61383,40.40901],[-3.61665,40.40667],[-3.61702,40.40567],[-3.61839,40.4057],[-3.62395,40.40626],[-3.62073,40.41248],[-3.61995,40.41368],[-3.61935,40.41445],[-3.61745,40.41564],[-3.6108,40.41798]]]}},{"type":"Feature","properties":{"id":"2807919032"},"geometry":{"type":"Polygon","coordinates":[[[-3.58813,40.40944],[-3.58875,40.40797],[-3.58964,40.4065],[-3.59012,40.40592],[-3.59196,40.40415],[-3.59247,40.4038],[-3.59289,40.40372],[-3.5943,40.40394],[-3.5948,40.4038],[-3.59525,40.40355],[-3.59775,40.40461],[-3.59805,40.40415],[-3.60009,40.40505],[-3.5998,40.40545],[-3.60122,40.40604],[-3.60012,40.40763],[-3.60138,40.40815],[-3.60459,40.40942],[-3.60572,40.40788],[-3.60934,40.40937],[-3.6097,40.40962],[-3.60989,40.41039],[-3.61025,40.41374],[-3.5999,40.4115],[-3.59204,40.40922],[-3.59042,40.40883],[-3.58919,40.40861],[-3.58813,40.40944]]]}},{"type":"Feature","properties":{"id":"2807919033"},"geometry":{"type":"Polygon","coordinates":[[[-3.61702,40.40567],[-3.6149,40.40478],[-3.61684,40.40368],[-3.61674,40.40339],[-3.61737,40.40322],[-3.61807,40.40158],[-3.62545,40.40336],[-3.62395,40.40626],[-3.61839,40.4057],[-3.61702,40.40567]]]}},{"type":"Feature","properties":{"id":"2807919034"},"geometry":{"type":"Polygon","coordinates":[[[-3.62073,40.4022],[-3.62152,40.40021],[-3.62408,40.40082],[-3.6233,40.40282],[-3.62073,40.4022]]]}},{"type":"Feature","properties":{"id":"2807919035"},"geometry":{"type":"Polygon","coordinates":[[[-3.61593,40.39894],[-3.61669,40.39673],[-3.61733,40.39665],[-3.61983,40.39725],[-3.61969,40.39757],[-3.62233,40.39821],[-3.62152,40.40021],[-3.61593,40.39894]]]}},{"type":"Feature","properties":{"id":"2807919036"},"geometry":{"type":"Polygon","coordinates":[[[-3.62203,40.39893],[-3.62233,40.39821],[-3.61969,40.39757],[-3.61983,40.39725],[-3.61733,40.39665],[-3.61752,40.39644],[-3.61756,40.39614],[-3.62001,40.39669],[-3.62015,40.39633],[-3.62713,40.39799],[-3.62664,40.39996],[-3.62203,40.39893]]]}},{"type":"Feature","properties":{"id":"2807919037"},"geometry":{"type":"Polygon","coordinates":[[[-3.61756,40.39614],[-3.61709,40.3958],[-3.61736,40.39498],[-3.62305,40.39627],[-3.62343,40.39532],[-3.62777,40.39636],[-3.62713,40.39799],[-3.62015,40.39633],[-3.62001,40.39669],[-3.61756,40.39614]]]}},{"type":"Feature","properties":{"id":"2807919038"},"geometry":{"type":"Polygon","coordinates":[[[-3.61671,40.40334],[-3.61635,40.40275],[-3.61575,40.40088],[-3.61578,40.39961],[-3.61593,40.39894],[-3.62152,40.40021],[-3.62073,40.4022],[-3.61807,40.40158],[-3.61737,40.40322],[-3.61699,40.40337],[-3.61671,40.40334]]]}},{"type":"Feature","properties":{"id":"2807919039"},"geometry":{"type":"Polygon","coordinates":[[[-3.62041,40.39567],[-3.62109,40.394],[-3.62634,40.39522],[-3.62604,40.39595],[-3.62343,40.39532],[-3.62305,40.39627],[-3.62041,40.39567]]]}},{"type":"Feature","properties":{"id":"2807919040"},"geometry":{"type":"Polygon","coordinates":[[[-3.59976,40.4024],[-3.59882,40.40325],[-3.59775,40.40461],[-3.59525,40.40355],[-3.59627,40.40259],[-3.59734,40.40245],[-3.59843,40.40154],[-3.59976,40.4024]]]}},{"type":"Feature","properties":{"id":"2807919041"},"geometry":{"type":"Polygon","coordinates":[[[-3.60507,40.39939],[-3.60318,40.39908],[-3.60555,40.39698],[-3.60685,40.39785],[-3.60507,40.39939]]]}},{"type":"Feature","properties":{"id":"2807919042"},"geometry":{"type":"Polygon","coordinates":[[[-3.6036,40.39574],[-3.60455,40.39434],[-3.60551,40.39254],[-3.60881,40.39411],[-3.60555,40.39698],[-3.6036,40.39574]]]}},{"type":"Feature","properties":{"id":"2807919043"},"geometry":{"type":"Polygon","coordinates":[[[-3.62632,40.40133],[-3.62152,40.40021],[-3.62203,40.39893],[-3.62664,40.39996],[-3.62632,40.40133]]]}},{"type":"Feature","properties":{"id":"2807919044"},"geometry":{"type":"Polygon","coordinates":[[[-3.61307,40.40241],[-3.61165,40.40196],[-3.6066,40.3997],[-3.60695,40.39956],[-3.61002,40.39678],[-3.60885,40.39603],[-3.60973,40.39528],[-3.6084,40.39445],[-3.60881,40.39411],[-3.60551,40.39254],[-3.60732,40.38917],[-3.60866,40.38752],[-3.60997,40.38806],[-3.6112,40.38843],[-3.62979,40.39252],[-3.62777,40.39636],[-3.62604,40.39595],[-3.62634,40.39522],[-3.62109,40.394],[-3.62041,40.39567],[-3.61736,40.39498],[-3.61709,40.3958],[-3.61756,40.39614],[-3.61752,40.39644],[-3.61733,40.39665],[-3.61669,40.39673],[-3.61578,40.39961],[-3.61575,40.40088],[-3.61635,40.40275],[-3.61671,40.40334],[-3.61621,40.40307],[-3.61307,40.40241]]]}},{"type":"Feature","properties":{"id":"2807919045"},"geometry":{"type":"Polygon","coordinates":[[[-3.60168,40.40275],[-3.60036,40.40279],[-3.59846,40.40155],[-3.60026,40.39994],[-3.60183,40.40019],[-3.6007,40.4017],[-3.6025,40.40263],[-3.60259,40.40275],[-3.60256,40.40289],[-3.60168,40.40275]]]}},{"type":"Feature","properties":{"id":"2807919046"},"geometry":{"type":"Polygon","coordinates":[[[-3.60507,40.39939],[-3.60685,40.39785],[-3.60555,40.39698],[-3.60653,40.39612],[-3.60901,40.39773],[-3.60695,40.39956],[-3.6066,40.3997],[-3.60507,40.39939]]]}},{"type":"Feature","properties":{"id":"2807919047"},"geometry":{"type":"Polygon","coordinates":[[[-3.59525,40.40355],[-3.5949,40.40343],[-3.59357,40.40231],[-3.59358,40.40224],[-3.5996,40.39866],[-3.60068,40.39862],[-3.6035,40.39915],[-3.60309,40.40031],[-3.60026,40.39994],[-3.59734,40.40245],[-3.59627,40.40259],[-3.59525,40.40355]]]}},{"type":"Feature","properties":{"id":"2807919048"},"geometry":{"type":"Polygon","coordinates":[[[-3.60309,40.40031],[-3.6035,40.39915],[-3.6066,40.3997],[-3.60666,40.39987],[-3.60635,40.4007],[-3.60553,40.40039],[-3.60465,40.40028],[-3.60309,40.40031]]]}},{"type":"Feature","properties":{"id":"2807919049"},"geometry":{"type":"Polygon","coordinates":[[[-3.6084,40.39445],[-3.60973,40.39528],[-3.60885,40.39603],[-3.61002,40.39678],[-3.60901,40.39773],[-3.60653,40.39612],[-3.6084,40.39445]]]}},{"type":"Feature","properties":{"id":"2807919050"},"geometry":{"type":"Polygon","coordinates":[[[-3.6233,40.40282],[-3.62408,40.40082],[-3.62632,40.40133],[-3.62611,40.40204],[-3.62545,40.40336],[-3.6233,40.40282]]]}},{"type":"Feature","properties":{"id":"2807919051"},"geometry":{"type":"Polygon","coordinates":[[[-3.59963,40.39866],[-3.60193,40.39723],[-3.6036,40.39574],[-3.60555,40.39698],[-3.60318,40.39908],[-3.60068,40.39862],[-3.59963,40.39866]]]}},{"type":"Feature","properties":{"id":"2807919052"},"geometry":{"type":"Polygon","coordinates":[[[-3.57285,40.41182],[-3.55939,40.4047],[-3.56053,40.40342],[-3.56129,40.40384],[-3.56613,40.39837],[-3.57466,40.40234],[-3.58568,40.40717],[-3.57633,40.41314],[-3.57285,40.41182]]]}},{"type":"Feature","properties":{"id":"2807919053"},"geometry":{"type":"Polygon","coordinates":[[[-3.54246,40.39312],[-3.54246,40.39398],[-3.54858,40.39293],[-3.54871,40.4055],[-3.55276,40.40556],[-3.55279,40.41179],[-3.55041,40.41195],[-3.54929,40.41233],[-3.54513,40.41147],[-3.54339,40.41122],[-3.54096,40.41058],[-3.54002,40.41055],[-3.53977,40.41043],[-3.53975,40.41152],[-3.53937,40.4116],[-3.53848,40.41136],[-3.53806,40.4115],[-3.53793,40.41211],[-3.53775,40.41234],[-3.53729,40.41253],[-3.53622,40.41252],[-3.53617,40.4129],[-3.53563,40.41315],[-3.53517,40.41441],[-3.53473,40.41409],[-3.53334,40.41376],[-3.53181,40.41374],[-3.53097,40.41391],[-3.52932,40.41399],[-3.53119,40.42009],[-3.52761,40.41767],[-3.52506,40.41629],[-3.52451,40.41536],[-3.52243,40.41399],[-3.52093,40.41209],[-3.52031,40.4106],[-3.51926,40.40889],[-3.51934,40.40603],[-3.51907,40.40464],[-3.51831,40.40314],[-3.51824,40.40218],[-3.51857,40.40046],[-3.51956,40.39803],[-3.52032,40.39378],[-3.52041,40.3921],[-3.52259,40.39186],[-3.52434,40.39084],[-3.52689,40.38979],[-3.52915,40.38938],[-3.53209,40.39142],[-3.53286,40.39169],[-3.53734,40.39131],[-3.54246,40.39312]]]}},{"type":"Feature","properties":{"id":"2807919054"},"geometry":{"type":"Polygon","coordinates":[[[-3.54858,40.39293],[-3.55163,40.39277],[-3.55598,40.39355],[-3.56303,40.39693],[-3.5553,40.40546],[-3.55276,40.40556],[-3.54871,40.4055],[-3.54858,40.39293]]]}},{"type":"Feature","properties":{"id":"2807919055"},"geometry":{"type":"Polygon","coordinates":[[[-3.55279,40.41179],[-3.55276,40.40551],[-3.5553,40.40546],[-3.55709,40.40357],[-3.55939,40.4047],[-3.57285,40.41182],[-3.57078,40.41202],[-3.56854,40.41291],[-3.5666,40.41328],[-3.56459,40.41353],[-3.55887,40.41316],[-3.55828,40.41303],[-3.55661,40.41237],[-3.5557,40.41213],[-3.55386,40.41184],[-3.55341,40.41169],[-3.55279,40.41179]]]}},{"type":"Feature","properties":{"id":"2807919056"},"geometry":{"type":"Polygon","coordinates":[[[-3.55709,40.40357],[-3.56303,40.39693],[-3.56613,40.39837],[-3.56129,40.40384],[-3.56053,40.40342],[-3.55937,40.40472],[-3.55709,40.40357]]]}},{"type":"Feature","properties":{"id":"2807920001"},"geometry":{"type":"Polygon","coordinates":[[[-3.62942,40.43451],[-3.62734,40.43159],[-3.632,40.42962],[-3.63233,40.43009],[-3.62965,40.43119],[-3.63087,40.43208],[-3.63543,40.43857],[-3.63282,40.43928],[-3.63087,40.43669],[-3.63074,40.43674],[-3.62942,40.43451]]]}},{"type":"Feature","properties":{"id":"2807920002"},"geometry":{"type":"Polygon","coordinates":[[[-3.61456,40.43948],[-3.61248,40.43576],[-3.61219,40.43452],[-3.6148,40.43399],[-3.61645,40.43691],[-3.61886,40.43613],[-3.62077,40.43626],[-3.62004,40.43756],[-3.61738,40.43859],[-3.61456,40.43948]]]}},{"type":"Feature","properties":{"id":"2807920003"},"geometry":{"type":"Polygon","coordinates":[[[-3.62255,40.43363],[-3.62734,40.43159],[-3.62767,40.43205],[-3.62304,40.4343],[-3.62255,40.43363]]]}},{"type":"Feature","properties":{"id":"2807920006"},"geometry":{"type":"Polygon","coordinates":[[[-3.62837,40.42968],[-3.62859,40.42902],[-3.6291,40.42846],[-3.63068,40.42778],[-3.63125,40.42855],[-3.62884,40.42964],[-3.62837,40.42968]]]}},{"type":"Feature","properties":{"id":"2807920007"},"geometry":{"type":"Polygon","coordinates":[[[-3.62837,40.42968],[-3.62884,40.42964],[-3.63125,40.42855],[-3.632,40.42962],[-3.62846,40.43112],[-3.62836,40.43096],[-3.62837,40.42968]]]}},{"type":"Feature","properties":{"id":"2807920008"},"geometry":{"type":"Polygon","coordinates":[[[-3.62566,40.4308],[-3.62697,40.43022],[-3.62674,40.4299],[-3.62685,40.42971],[-3.62837,40.42968],[-3.62836,40.43096],[-3.62846,40.43112],[-3.62649,40.43196],[-3.62566,40.4308]]]}},{"type":"Feature","properties":{"id":"2807920009"},"geometry":{"type":"Polygon","coordinates":[[[-3.62388,40.43158],[-3.62566,40.4308],[-3.62649,40.43196],[-3.62476,40.4327],[-3.62388,40.43158]]]}},{"type":"Feature","properties":{"id":"2807920010"},"geometry":{"type":"Polygon","coordinates":[[[-3.62296,40.43139],[-3.62388,40.43158],[-3.62476,40.4327],[-3.62255,40.43363],[-3.62243,40.43347],[-3.62296,40.43139]]]}},{"type":"Feature","properties":{"id":"2807920011"},"geometry":{"type":"Polygon","coordinates":[[[-3.62296,40.43139],[-3.62329,40.43014],[-3.62541,40.43044],[-3.62566,40.4308],[-3.62388,40.43158],[-3.62296,40.43139]]]}},{"type":"Feature","properties":{"id":"2807920012"},"geometry":{"type":"Polygon","coordinates":[[[-3.62566,40.4308],[-3.62487,40.42962],[-3.62549,40.42937],[-3.62551,40.42926],[-3.62692,40.42942],[-3.62674,40.4299],[-3.62697,40.43022],[-3.62566,40.4308]]]}},{"type":"Feature","properties":{"id":"2807920013"},"geometry":{"type":"Polygon","coordinates":[[[-3.62685,40.42971],[-3.62715,40.42848],[-3.62802,40.42853],[-3.6291,40.42846],[-3.62859,40.42902],[-3.62837,40.42968],[-3.62685,40.42971]]]}},{"type":"Feature","properties":{"id":"2807920015"},"geometry":{"type":"Polygon","coordinates":[[[-3.62779,40.42853],[-3.62715,40.42848],[-3.62737,40.42761],[-3.6272,40.42713],[-3.62841,40.42663],[-3.62836,40.427],[-3.62852,40.42707],[-3.62878,40.42686],[-3.62938,40.42713],[-3.62926,40.4273],[-3.62957,40.42743],[-3.6294,40.42767],[-3.6298,40.42784],[-3.62995,40.42806],[-3.6291,40.42846],[-3.62779,40.42853]]]}},{"type":"Feature","properties":{"id":"2807920016"},"geometry":{"type":"Polygon","coordinates":[[[-3.62836,40.427],[-3.62841,40.42663],[-3.62951,40.42619],[-3.63068,40.42778],[-3.62995,40.42806],[-3.6298,40.42784],[-3.6294,40.42767],[-3.62957,40.42743],[-3.62926,40.4273],[-3.62938,40.42713],[-3.62878,40.42686],[-3.62852,40.42707],[-3.62836,40.427]]]}},{"type":"Feature","properties":{"id":"2807920017"},"geometry":{"type":"Polygon","coordinates":[[[-3.6216,40.43306],[-3.62249,40.42957],[-3.62283,40.42878],[-3.62356,40.42807],[-3.62824,40.42449],[-3.62951,40.42619],[-3.6272,40.42713],[-3.62737,40.42761],[-3.62715,40.42848],[-3.62579,40.42817],[-3.6254,40.4279],[-3.62441,40.42845],[-3.62364,40.42922],[-3.62341,40.42969],[-3.62243,40.43347],[-3.62304,40.4343],[-3.62254,40.43458],[-3.6216,40.43306]]]}},{"type":"Feature","properties":{"id":"2807920018"},"geometry":{"type":"Polygon","coordinates":[[[-3.62551,40.42926],[-3.62579,40.42817],[-3.62715,40.42848],[-3.62692,40.42942],[-3.62551,40.42926]]]}},{"type":"Feature","properties":{"id":"2807920020"},"geometry":{"type":"Polygon","coordinates":[[[-3.62536,40.42791],[-3.62579,40.42817],[-3.62551,40.4293],[-3.62487,40.42967],[-3.62541,40.43044],[-3.62329,40.43014],[-3.62345,40.42955],[-3.62376,40.42908],[-3.62441,40.42845],[-3.62536,40.42791]]]}},{"type":"Feature","properties":{"id":"2807920021"},"geometry":{"type":"Polygon","coordinates":[[[-3.61206,40.434],[-3.61622,40.43334],[-3.61924,40.43334],[-3.61952,40.43328],[-3.61968,40.43308],[-3.61991,40.43165],[-3.61938,40.4315],[-3.61954,40.43119],[-3.61902,40.43018],[-3.61871,40.43008],[-3.61876,40.42999],[-3.61783,40.42973],[-3.61785,40.42933],[-3.62032,40.42906],[-3.62231,40.42818],[-3.62282,40.42788],[-3.62435,40.42623],[-3.62524,40.42575],[-3.62569,40.42643],[-3.62321,40.42835],[-3.62283,40.42878],[-3.62249,40.42957],[-3.6216,40.43306],[-3.61989,40.4337],[-3.61926,40.43378],[-3.61575,40.43381],[-3.61219,40.43452],[-3.61206,40.434]]]}},{"type":"Feature","properties":{"id":"2807920022"},"geometry":{"type":"Polygon","coordinates":[[[-3.61849,40.43333],[-3.61858,40.43306],[-3.61842,40.433],[-3.61865,40.43263],[-3.61838,40.43209],[-3.61844,40.43198],[-3.61814,40.43188],[-3.61824,40.4317],[-3.61795,40.43161],[-3.61808,40.43138],[-3.61793,40.43132],[-3.61747,40.43042],[-3.61783,40.42973],[-3.61876,40.42999],[-3.61871,40.43008],[-3.61902,40.43018],[-3.61954,40.43119],[-3.61938,40.4315],[-3.61991,40.43165],[-3.6196,40.43321],[-3.61932,40.43333],[-3.61849,40.43333]]]}},{"type":"Feature","properties":{"id":"2807920023"},"geometry":{"type":"Polygon","coordinates":[[[-3.61672,40.43241],[-3.61612,40.43228],[-3.61561,40.42954],[-3.61785,40.42933],[-3.61786,40.42966],[-3.61747,40.43042],[-3.61793,40.43132],[-3.61808,40.43138],[-3.6179,40.4317],[-3.61775,40.43164],[-3.61744,40.43217],[-3.61703,40.43203],[-3.61672,40.43241]]]}},{"type":"Feature","properties":{"id":"2807920025"},"geometry":{"type":"Polygon","coordinates":[[[-3.61633,40.43333],[-3.61612,40.43228],[-3.61672,40.43241],[-3.61703,40.43203],[-3.61744,40.43217],[-3.61775,40.43164],[-3.6179,40.4317],[-3.61795,40.43161],[-3.61824,40.4317],[-3.61814,40.43188],[-3.61844,40.43198],[-3.61838,40.43209],[-3.61865,40.43263],[-3.61842,40.433],[-3.61858,40.43306],[-3.61849,40.43333],[-3.61633,40.43333]]]}},{"type":"Feature","properties":{"id":"2807920026"},"geometry":{"type":"Polygon","coordinates":[[[-3.61206,40.434],[-3.61105,40.42971],[-3.61099,40.42902],[-3.61205,40.42956],[-3.61263,40.43213],[-3.61373,40.43198],[-3.61395,40.43185],[-3.61599,40.43158],[-3.61633,40.43333],[-3.61206,40.434]]]}},{"type":"Feature","properties":{"id":"2807920027"},"geometry":{"type":"Polygon","coordinates":[[[-3.61248,40.43129],[-3.61586,40.43083],[-3.61599,40.43158],[-3.61395,40.43185],[-3.61373,40.43198],[-3.61263,40.43213],[-3.61248,40.43129]]]}},{"type":"Feature","properties":{"id":"2807920028"},"geometry":{"type":"Polygon","coordinates":[[[-3.61205,40.42956],[-3.61325,40.42944],[-3.61363,40.43114],[-3.61248,40.43129],[-3.61205,40.42956]]]}},{"type":"Feature","properties":{"id":"2807920029"},"geometry":{"type":"Polygon","coordinates":[[[-3.61205,40.42956],[-3.61099,40.42902],[-3.61145,40.4284],[-3.61248,40.42747],[-3.61327,40.42797],[-3.61505,40.428],[-3.61562,40.42955],[-3.61586,40.43083],[-3.61363,40.43114],[-3.61325,40.42944],[-3.61205,40.42956]]]}},{"type":"Feature","properties":{"id":"2807920031"},"geometry":{"type":"Polygon","coordinates":[[[-3.61505,40.428],[-3.61803,40.42689],[-3.6181,40.42729],[-3.61779,40.42781],[-3.61801,40.42783],[-3.61894,40.42753],[-3.61922,40.42782],[-3.61901,40.42798],[-3.61955,40.42874],[-3.6224,40.42752],[-3.62275,40.42793],[-3.62028,40.42907],[-3.61561,40.42954],[-3.61505,40.428]]]}},{"type":"Feature","properties":{"id":"2807920032"},"geometry":{"type":"Polygon","coordinates":[[[-3.61803,40.42689],[-3.62079,40.42533],[-3.62146,40.42625],[-3.61998,40.42688],[-3.62083,40.42819],[-3.61955,40.42874],[-3.61901,40.42798],[-3.61922,40.42782],[-3.61894,40.42753],[-3.61801,40.42783],[-3.61779,40.42781],[-3.6181,40.42729],[-3.61803,40.42689]]]}},{"type":"Feature","properties":{"id":"2807920033"},"geometry":{"type":"Polygon","coordinates":[[[-3.62146,40.42625],[-3.6224,40.42752],[-3.62083,40.42819],[-3.61998,40.42688],[-3.62146,40.42625]]]}},{"type":"Feature","properties":{"id":"2807920034"},"geometry":{"type":"Polygon","coordinates":[[[-3.62275,40.42793],[-3.62136,40.42611],[-3.62321,40.42538],[-3.62372,40.426],[-3.623,40.4263],[-3.62342,40.42682],[-3.62366,40.42695],[-3.62275,40.42793]]]}},{"type":"Feature","properties":{"id":"2807920035"},"geometry":{"type":"Polygon","coordinates":[[[-3.62136,40.42611],[-3.62036,40.42475],[-3.62351,40.4234],[-3.62402,40.42408],[-3.62369,40.42424],[-3.62373,40.42446],[-3.62275,40.42487],[-3.62259,40.42559],[-3.62136,40.42611]]]}},{"type":"Feature","properties":{"id":"2807920036"},"geometry":{"type":"Polygon","coordinates":[[[-3.62259,40.42559],[-3.62275,40.42487],[-3.62373,40.42446],[-3.62369,40.42424],[-3.62402,40.42408],[-3.62524,40.42575],[-3.62441,40.42618],[-3.62366,40.42695],[-3.62342,40.42682],[-3.623,40.4263],[-3.62372,40.426],[-3.62352,40.42574],[-3.62321,40.42538],[-3.62259,40.42559]]]}},{"type":"Feature","properties":{"id":"2807920037"},"geometry":{"type":"Polygon","coordinates":[[[-3.62413,40.42423],[-3.62457,40.42402],[-3.62488,40.42348],[-3.62543,40.42363],[-3.62528,40.42406],[-3.62535,40.42416],[-3.62603,40.42436],[-3.62541,40.4256],[-3.62524,40.42575],[-3.62413,40.42423]]]}},{"type":"Feature","properties":{"id":"2807920038"},"geometry":{"type":"Polygon","coordinates":[[[-3.62524,40.42575],[-3.62541,40.4256],[-3.62603,40.42436],[-3.62535,40.42416],[-3.62528,40.42406],[-3.62543,40.42363],[-3.62526,40.42357],[-3.62562,40.42294],[-3.62584,40.42301],[-3.62599,40.42275],[-3.62573,40.42246],[-3.62656,40.4221],[-3.62824,40.42449],[-3.62569,40.42643],[-3.62524,40.42575]]]}},{"type":"Feature","properties":{"id":"2807920039"},"geometry":{"type":"Polygon","coordinates":[[[-3.62413,40.42423],[-3.62351,40.4234],[-3.62573,40.42246],[-3.62599,40.42275],[-3.62584,40.42301],[-3.62562,40.42294],[-3.62526,40.42357],[-3.62488,40.42348],[-3.62457,40.42402],[-3.62413,40.42423]]]}},{"type":"Feature","properties":{"id":"2807920040"},"geometry":{"type":"Polygon","coordinates":[[[-3.62248,40.42197],[-3.62165,40.42081],[-3.62244,40.42038],[-3.62322,40.42036],[-3.62373,40.42065],[-3.62441,40.42126],[-3.62408,40.42147],[-3.62401,40.42191],[-3.62428,40.42194],[-3.62419,40.42251],[-3.62517,40.4227],[-3.62351,40.4234],[-3.62275,40.42219],[-3.62248,40.42197]]]}},{"type":"Feature","properties":{"id":"2807920041"},"geometry":{"type":"Polygon","coordinates":[[[-3.62412,40.421],[-3.6254,40.42041],[-3.62656,40.4221],[-3.62517,40.4227],[-3.62419,40.42251],[-3.62428,40.42194],[-3.62401,40.42191],[-3.62408,40.42147],[-3.62441,40.42126],[-3.62412,40.421]]]}},{"type":"Feature","properties":{"id":"2807920042"},"geometry":{"type":"Polygon","coordinates":[[[-3.62359,40.42055],[-3.62407,40.42033],[-3.62356,40.41959],[-3.62453,40.41912],[-3.6254,40.42041],[-3.62412,40.421],[-3.62359,40.42055]]]}},{"type":"Feature","properties":{"id":"2807920043"},"geometry":{"type":"Polygon","coordinates":[[[-3.62062,40.41933],[-3.62295,40.4185],[-3.62328,40.41823],[-3.62376,40.41812],[-3.62453,40.41912],[-3.62356,40.41959],[-3.62407,40.42033],[-3.62359,40.42055],[-3.62314,40.42034],[-3.62256,40.42035],[-3.62165,40.42081],[-3.62062,40.41933]]]}},{"type":"Feature","properties":{"id":"2807920044"},"geometry":{"type":"Polygon","coordinates":[[[-3.61683,40.42161],[-3.61634,40.42087],[-3.62062,40.41933],[-3.62165,40.42081],[-3.61875,40.42251],[-3.61826,40.42187],[-3.61683,40.42161]]]}},{"type":"Feature","properties":{"id":"2807920046"},"geometry":{"type":"Polygon","coordinates":[[[-3.62248,40.42197],[-3.62275,40.42219],[-3.62351,40.4234],[-3.62202,40.42404],[-3.62104,40.42275],[-3.62145,40.42257],[-3.62148,40.42238],[-3.62248,40.42197]]]}},{"type":"Feature","properties":{"id":"2807920047"},"geometry":{"type":"Polygon","coordinates":[[[-3.62036,40.42475],[-3.61875,40.42251],[-3.62165,40.42081],[-3.62248,40.42197],[-3.62148,40.42238],[-3.62145,40.42257],[-3.62104,40.42275],[-3.62202,40.42404],[-3.62036,40.42475]]]}},{"type":"Feature","properties":{"id":"2807920048"},"geometry":{"type":"Polygon","coordinates":[[[-3.61803,40.42689],[-3.61787,40.42602],[-3.62029,40.42465],[-3.62079,40.42533],[-3.61803,40.42689]]]}},{"type":"Feature","properties":{"id":"2807920049"},"geometry":{"type":"Polygon","coordinates":[[[-3.61607,40.42633],[-3.61801,40.42487],[-3.61787,40.4232],[-3.61778,40.4231],[-3.61875,40.42251],[-3.62029,40.42465],[-3.61787,40.42602],[-3.61793,40.42668],[-3.61727,40.4267],[-3.61725,40.42632],[-3.61607,40.42633]]]}},{"type":"Feature","properties":{"id":"2807920050"},"geometry":{"type":"Polygon","coordinates":[[[-3.61646,40.42403],[-3.61778,40.4231],[-3.61787,40.4232],[-3.61801,40.42487],[-3.61679,40.42579],[-3.61661,40.42414],[-3.61646,40.42403]]]}},{"type":"Feature","properties":{"id":"2807920051"},"geometry":{"type":"Polygon","coordinates":[[[-3.61507,40.42518],[-3.61646,40.42403],[-3.61661,40.42414],[-3.61679,40.42579],[-3.61602,40.42637],[-3.61579,40.42637],[-3.61576,40.42678],[-3.61532,40.42679],[-3.61518,40.42529],[-3.61507,40.42518]]]}},{"type":"Feature","properties":{"id":"2807920053"},"geometry":{"type":"Polygon","coordinates":[[[-3.61248,40.42747],[-3.61507,40.42518],[-3.61518,40.42529],[-3.61532,40.42679],[-3.61576,40.42678],[-3.61579,40.42637],[-3.61725,40.42632],[-3.61727,40.4267],[-3.61793,40.42668],[-3.61803,40.42689],[-3.61505,40.428],[-3.61327,40.42797],[-3.61248,40.42747]]]}},{"type":"Feature","properties":{"id":"2807920055"},"geometry":{"type":"Polygon","coordinates":[[[-3.6112,40.42124],[-3.6108,40.41798],[-3.61385,40.41693],[-3.61557,40.41962],[-3.6112,40.42124]]]}},{"type":"Feature","properties":{"id":"2807920056"},"geometry":{"type":"Polygon","coordinates":[[[-3.61449,40.42211],[-3.61524,40.42192],[-3.61606,40.42208],[-3.61649,40.42246],[-3.61636,40.42269],[-3.6171,40.42359],[-3.61565,40.42469],[-3.61363,40.42322],[-3.61449,40.42211]]]}},{"type":"Feature","properties":{"id":"2807920058"},"geometry":{"type":"Polygon","coordinates":[[[-3.61606,40.42208],[-3.61683,40.42161],[-3.61826,40.42187],[-3.61875,40.42251],[-3.6171,40.42359],[-3.61636,40.42269],[-3.61649,40.42246],[-3.61606,40.42208]]]}},{"type":"Feature","properties":{"id":"2807920059"},"geometry":{"type":"Polygon","coordinates":[[[-3.61482,40.42199],[-3.61424,40.42176],[-3.61389,40.42179],[-3.61634,40.42087],[-3.61683,40.42161],[-3.61671,40.42175],[-3.61606,40.42208],[-3.61524,40.42192],[-3.61482,40.42199]]]}},{"type":"Feature","properties":{"id":"2807920062"},"geometry":{"type":"Polygon","coordinates":[[[-3.60917,40.42761],[-3.60929,40.42654],[-3.6103,40.42543],[-3.61033,40.42514],[-3.61156,40.42519],[-3.61156,40.4258],[-3.61123,40.42754],[-3.60917,40.42761]]]}},{"type":"Feature","properties":{"id":"2807920063"},"geometry":{"type":"Polygon","coordinates":[[[-3.60705,40.43007],[-3.60633,40.4269],[-3.60699,40.42684],[-3.60709,40.42723],[-3.60918,40.42694],[-3.60918,40.42866],[-3.60939,40.42961],[-3.60931,40.42976],[-3.60705,40.43007]]]}},{"type":"Feature","properties":{"id":"2807920064"},"geometry":{"type":"Polygon","coordinates":[[[-3.60917,40.42761],[-3.61123,40.42754],[-3.61097,40.42875],[-3.61102,40.42954],[-3.60931,40.42976],[-3.60939,40.42961],[-3.6092,40.42878],[-3.60917,40.42761]]]}},{"type":"Feature","properties":{"id":"2807920065"},"geometry":{"type":"Polygon","coordinates":[[[-3.60931,40.42976],[-3.61102,40.42954],[-3.61176,40.43266],[-3.60982,40.43291],[-3.60914,40.43004],[-3.60931,40.42976]]]}},{"type":"Feature","properties":{"id":"2807920066"},"geometry":{"type":"Polygon","coordinates":[[[-3.60705,40.43007],[-3.60931,40.42976],[-3.60914,40.43004],[-3.60982,40.43291],[-3.60775,40.43319],[-3.60705,40.43007]]]}},{"type":"Feature","properties":{"id":"2807920067"},"geometry":{"type":"Polygon","coordinates":[[[-3.60338,40.4499],[-3.60296,40.44832],[-3.60247,40.44757],[-3.60191,40.44701],[-3.60073,40.44612],[-3.5964,40.44343],[-3.59507,40.44286],[-3.59408,40.44265],[-3.58552,40.4419],[-3.58006,40.44132],[-3.57833,40.44064],[-3.5755,40.43903],[-3.57409,40.43863],[-3.56388,40.43804],[-3.56338,40.43794],[-3.56445,40.43796],[-3.56611,40.43761],[-3.56714,40.43711],[-3.56854,40.43622],[-3.57381,40.43767],[-3.57595,40.43674],[-3.57541,40.43566],[-3.57511,40.4341],[-3.57913,40.43362],[-3.57914,40.43316],[-3.57723,40.43048],[-3.57698,40.42984],[-3.57684,40.4298],[-3.57678,40.42873],[-3.5779,40.4256],[-3.57916,40.42411],[-3.58063,40.42204],[-3.58268,40.41875],[-3.58292,40.41797],[-3.58305,40.41602],[-3.58336,40.41523],[-3.58395,40.41423],[-3.58813,40.40944],[-3.58919,40.40861],[-3.59204,40.40922],[-3.5999,40.4115],[-3.61025,40.41374],[-3.61085,40.41819],[-3.61044,40.41807],[-3.6022,40.42092],[-3.60092,40.42148],[-3.60019,40.42201],[-3.59946,40.42278],[-3.59863,40.42435],[-3.59769,40.42762],[-3.59701,40.42956],[-3.59741,40.4299],[-3.59751,40.43035],[-3.59804,40.43027],[-3.6002,40.43033],[-3.60069,40.43238],[-3.60101,40.43285],[-3.60364,40.43376],[-3.61176,40.43266],[-3.61226,40.4348],[-3.60958,40.43527],[-3.60692,40.43664],[-3.60571,40.43695],[-3.60532,40.43626],[-3.60255,40.43981],[-3.60242,40.44085],[-3.60248,40.44119],[-3.60531,40.44623],[-3.6056,40.44704],[-3.60576,40.44719],[-3.60516,40.44799],[-3.60571,40.44938],[-3.60568,40.44966],[-3.60338,40.4499]]]}},{"type":"Feature","properties":{"id":"2807920068"},"geometry":{"type":"Polygon","coordinates":[[[-3.57373,40.44971],[-3.57377,40.44752],[-3.57405,40.44665],[-3.57395,40.44651],[-3.57551,40.44341],[-3.57587,40.44348],[-3.57947,40.44354],[-3.58115,40.4435],[-3.58291,40.44469],[-3.5823,40.44873],[-3.58234,40.44982],[-3.57373,40.44971]]]}},{"type":"Feature","properties":{"id":"2807920069"},"geometry":{"type":"Polygon","coordinates":[[[-3.59341,40.44821],[-3.59357,40.44442],[-3.59624,40.44464],[-3.59667,40.44513],[-3.59656,40.44625],[-3.59432,40.44614],[-3.59412,40.44825],[-3.59341,40.44821]]]}},{"type":"Feature","properties":{"id":"2807920070"},"geometry":{"type":"Polygon","coordinates":[[[-3.59334,40.45003],[-3.5936,40.44981],[-3.59333,40.44966],[-3.59341,40.44821],[-3.59412,40.44825],[-3.59432,40.44614],[-3.59656,40.44625],[-3.59636,40.44837],[-3.59577,40.44834],[-3.59565,40.45007],[-3.59334,40.45003]]]}},{"type":"Feature","properties":{"id":"2807920071"},"geometry":{"type":"Polygon","coordinates":[[[-3.59636,40.44837],[-3.59667,40.44516],[-3.5963,40.44467],[-3.59599,40.44462],[-3.59655,40.44392],[-3.59686,40.44372],[-3.60128,40.4465],[-3.60232,40.4474],[-3.60292,40.44825],[-3.60165,40.44843],[-3.60162,40.44853],[-3.60112,40.44858],[-3.60112,40.4485],[-3.60023,40.44859],[-3.6002,40.44825],[-3.59971,40.44842],[-3.59958,40.4486],[-3.59843,40.44858],[-3.59833,40.44845],[-3.5978,40.44857],[-3.59748,40.44844],[-3.59636,40.44837]]]}},{"type":"Feature","properties":{"id":"2807920072"},"geometry":{"type":"Polygon","coordinates":[[[-3.60568,40.44966],[-3.60571,40.44938],[-3.60516,40.44799],[-3.60576,40.44719],[-3.6056,40.44704],[-3.60531,40.44623],[-3.60248,40.44119],[-3.60242,40.44085],[-3.60255,40.43981],[-3.60532,40.43626],[-3.60675,40.43904],[-3.60616,40.43928],[-3.60804,40.44271],[-3.60874,40.44455],[-3.60659,40.4456],[-3.60782,40.44721],[-3.60816,40.44837],[-3.60872,40.4489],[-3.60825,40.44965],[-3.60568,40.44966]]]}},{"type":"Feature","properties":{"id":"2807920073"},"geometry":{"type":"Polygon","coordinates":[[[-3.61007,40.43516],[-3.61226,40.4348],[-3.61246,40.4357],[-3.61067,40.43624],[-3.61007,40.43516]]]}},{"type":"Feature","properties":{"id":"2807920074"},"geometry":{"type":"Polygon","coordinates":[[[-3.60864,40.43572],[-3.60958,40.43527],[-3.61007,40.43516],[-3.61067,40.43624],[-3.60924,40.43673],[-3.60864,40.43572]]]}},{"type":"Feature","properties":{"id":"2807920075"},"geometry":{"type":"Polygon","coordinates":[[[-3.60571,40.43695],[-3.60692,40.43664],[-3.60864,40.43572],[-3.60924,40.43673],[-3.60857,40.43712],[-3.60622,40.43792],[-3.60571,40.43695]]]}},{"type":"Feature","properties":{"id":"2807920076"},"geometry":{"type":"Polygon","coordinates":[[[-3.60622,40.43792],[-3.60857,40.43712],[-3.60924,40.43673],[-3.60989,40.43652],[-3.61059,40.43778],[-3.60782,40.43861],[-3.60675,40.43904],[-3.60622,40.43792]]]}},{"type":"Feature","properties":{"id":"2807920077"},"geometry":{"type":"Polygon","coordinates":[[[-3.61132,40.43906],[-3.60989,40.43652],[-3.61246,40.4357],[-3.61387,40.43823],[-3.61132,40.43906]]]}},{"type":"Feature","properties":{"id":"2807920078"},"geometry":{"type":"Polygon","coordinates":[[[-3.61132,40.43906],[-3.61387,40.43823],[-3.61456,40.43948],[-3.61201,40.44029],[-3.61132,40.43906]]]}},{"type":"Feature","properties":{"id":"2807920079"},"geometry":{"type":"Polygon","coordinates":[[[-3.60936,40.43811],[-3.61059,40.43778],[-3.61201,40.44029],[-3.61072,40.44072],[-3.61011,40.43923],[-3.60986,40.43905],[-3.60936,40.43811]]]}},{"type":"Feature","properties":{"id":"2807920080"},"geometry":{"type":"Polygon","coordinates":[[[-3.60699,40.43897],[-3.60782,40.43861],[-3.60936,40.43811],[-3.60986,40.43905],[-3.61011,40.43923],[-3.61072,40.44072],[-3.60832,40.44149],[-3.60699,40.43897]]]}},{"type":"Feature","properties":{"id":"2807920082"},"geometry":{"type":"Polygon","coordinates":[[[-3.60616,40.43928],[-3.60699,40.43897],[-3.60832,40.44149],[-3.6104,40.44082],[-3.61094,40.44178],[-3.60804,40.44271],[-3.60616,40.43928]]]}},{"type":"Feature","properties":{"id":"2807920083"},"geometry":{"type":"Polygon","coordinates":[[[-3.6104,40.44082],[-3.61456,40.43948],[-3.61512,40.44047],[-3.61094,40.44178],[-3.6104,40.44082]]]}},{"type":"Feature","properties":{"id":"2807920085"},"geometry":{"type":"Polygon","coordinates":[[[-3.61335,40.44424],[-3.61249,40.44282],[-3.61057,40.4439],[-3.60976,40.44417],[-3.60892,40.44472],[-3.60874,40.44455],[-3.60804,40.44271],[-3.61512,40.44047],[-3.61693,40.44368],[-3.61433,40.4453],[-3.61335,40.44424]]]}},{"type":"Feature","properties":{"id":"2807920086"},"geometry":{"type":"Polygon","coordinates":[[[-3.61065,40.44386],[-3.61255,40.44279],[-3.61325,40.44406],[-3.61116,40.44506],[-3.61107,40.44456],[-3.61065,40.44386]]]}},{"type":"Feature","properties":{"id":"2807920087"},"geometry":{"type":"Polygon","coordinates":[[[-3.61116,40.44506],[-3.61325,40.44406],[-3.61369,40.44461],[-3.61211,40.44614],[-3.61128,40.44536],[-3.61116,40.44506]]]}},{"type":"Feature","properties":{"id":"2807920088"},"geometry":{"type":"Polygon","coordinates":[[[-3.60976,40.44519],[-3.60724,40.44644],[-3.60659,40.4456],[-3.60868,40.44457],[-3.60902,40.4447],[-3.60976,40.44417],[-3.61065,40.44386],[-3.61107,40.44456],[-3.61118,40.44522],[-3.61211,40.44614],[-3.61128,40.44652],[-3.61109,40.4465],[-3.61038,40.44576],[-3.61021,40.44577],[-3.60976,40.44519]]]}},{"type":"Feature","properties":{"id":"2807920090"},"geometry":{"type":"Polygon","coordinates":[[[-3.60893,40.44564],[-3.60976,40.44519],[-3.61021,40.44577],[-3.61038,40.44576],[-3.61109,40.4465],[-3.61128,40.44652],[-3.60942,40.44774],[-3.60898,40.44727],[-3.60893,40.44564]]]}},{"type":"Feature","properties":{"id":"2807920091"},"geometry":{"type":"Polygon","coordinates":[[[-3.60724,40.44644],[-3.60893,40.44564],[-3.60898,40.44727],[-3.60942,40.44774],[-3.60828,40.44851],[-3.60816,40.44837],[-3.60786,40.44728],[-3.60724,40.44644]]]}},{"type":"Feature","properties":{"id":"2807920092"},"geometry":{"type":"Polygon","coordinates":[[[-3.60828,40.44851],[-3.61109,40.44661],[-3.61205,40.4462],[-3.61369,40.44461],[-3.61433,40.4453],[-3.60872,40.4489],[-3.60828,40.44851]]]}},{"type":"Feature","properties":{"id":"2807920093"},"geometry":{"type":"Polygon","coordinates":[[[-3.61671,40.44971],[-3.61486,40.44744],[-3.61462,40.44692],[-3.61323,40.446],[-3.6162,40.4441],[-3.61656,40.44448],[-3.61734,40.44489],[-3.61802,40.44494],[-3.61846,40.44619],[-3.61918,40.44691],[-3.61953,40.44779],[-3.61971,40.44878],[-3.6197,40.44971],[-3.61671,40.44971]]]}},{"type":"Feature","properties":{"id":"2807920095"},"geometry":{"type":"Polygon","coordinates":[[[-3.6162,40.4441],[-3.61693,40.44368],[-3.6234,40.44185],[-3.62485,40.44392],[-3.62559,40.44515],[-3.62602,40.44709],[-3.62632,40.44954],[-3.6197,40.44971],[-3.61971,40.44878],[-3.61953,40.44779],[-3.61918,40.44691],[-3.61846,40.44619],[-3.61802,40.44494],[-3.61734,40.44489],[-3.61656,40.44448],[-3.6162,40.4441]]]}},{"type":"Feature","properties":{"id":"2807920096"},"geometry":{"type":"Polygon","coordinates":[[[-3.63215,40.43947],[-3.63402,40.43895],[-3.63434,40.43976],[-3.63418,40.43982],[-3.6345,40.44099],[-3.63515,40.44241],[-3.63411,40.4429],[-3.63296,40.44127],[-3.63215,40.43947]]]}},{"type":"Feature","properties":{"id":"2807920097"},"geometry":{"type":"Polygon","coordinates":[[[-3.63402,40.43895],[-3.63543,40.43857],[-3.63749,40.44142],[-3.63515,40.44241],[-3.6345,40.44099],[-3.63418,40.43982],[-3.63434,40.43976],[-3.63402,40.43895]]]}},{"type":"Feature","properties":{"id":"2807920098"},"geometry":{"type":"Polygon","coordinates":[[[-3.63515,40.44241],[-3.63749,40.44142],[-3.63836,40.4426],[-3.63606,40.44354],[-3.63515,40.44241]]]}},{"type":"Feature","properties":{"id":"2807920099"},"geometry":{"type":"Polygon","coordinates":[[[-3.6234,40.44185],[-3.62809,40.44057],[-3.6287,40.44184],[-3.62968,40.44157],[-3.63227,40.44522],[-3.63493,40.44404],[-3.63711,40.44697],[-3.63703,40.44717],[-3.63723,40.44731],[-3.63676,40.4479],[-3.63662,40.44835],[-3.63593,40.44864],[-3.63153,40.44932],[-3.62632,40.44954],[-3.62602,40.44709],[-3.62559,40.44515],[-3.62485,40.44392],[-3.6234,40.44185]]]}},{"type":"Feature","properties":{"id":"2807920100"},"geometry":{"type":"Polygon","coordinates":[[[-3.63233,40.43009],[-3.63649,40.43577],[-3.63799,40.43789],[-3.63543,40.43857],[-3.63087,40.43208],[-3.62965,40.43119],[-3.63233,40.43009]]]}},{"type":"Feature","properties":{"id":"2807920101"},"geometry":{"type":"Polygon","coordinates":[[[-3.61671,40.44971],[-3.61149,40.44968],[-3.60825,40.44965],[-3.60872,40.4489],[-3.61323,40.446],[-3.61462,40.44692],[-3.61486,40.44744],[-3.61671,40.44971]]]}},{"type":"Feature","properties":{"id":"2807920102"},"geometry":{"type":"Polygon","coordinates":[[[-3.60699,40.42684],[-3.60717,40.42586],[-3.60845,40.42444],[-3.60814,40.42392],[-3.61135,40.42277],[-3.61156,40.42519],[-3.61033,40.42514],[-3.6103,40.42543],[-3.60929,40.42654],[-3.60918,40.42694],[-3.60709,40.42723],[-3.60699,40.42684]]]}},{"type":"Feature","properties":{"id":"2807920103"},"geometry":{"type":"Polygon","coordinates":[[[-3.60691,40.4252],[-3.60684,40.42475],[-3.6065,40.4245],[-3.60706,40.42429],[-3.60631,40.42298],[-3.6112,40.42124],[-3.61135,40.42277],[-3.60814,40.42392],[-3.60845,40.42444],[-3.60748,40.42546],[-3.60691,40.4252]]]}},{"type":"Feature","properties":{"id":"2807920104"},"geometry":{"type":"Polygon","coordinates":[[[-3.60052,40.42319],[-3.60395,40.42453],[-3.60444,40.42675],[-3.60227,40.42707],[-3.60175,40.42498],[-3.60062,40.42513],[-3.60038,40.42391],[-3.60052,40.42319]]]}},{"type":"Feature","properties":{"id":"2807920105"},"geometry":{"type":"Polygon","coordinates":[[[-3.62809,40.44057],[-3.63063,40.43988],[-3.63142,40.44166],[-3.63357,40.44466],[-3.63227,40.44522],[-3.62968,40.44157],[-3.6287,40.44184],[-3.62809,40.44057]]]}},{"type":"Feature","properties":{"id":"2807920106"},"geometry":{"type":"Polygon","coordinates":[[[-3.60195,40.42101],[-3.6033,40.42322],[-3.60437,40.42368],[-3.60631,40.42298],[-3.60706,40.42429],[-3.6065,40.4245],[-3.60684,40.42475],[-3.60691,40.4249],[-3.60691,40.4252],[-3.60681,40.42529],[-3.60648,40.42542],[-3.60621,40.42543],[-3.60101,40.42334],[-3.59942,40.42285],[-3.60019,40.42201],[-3.60092,40.42148],[-3.60195,40.42101]]]}},{"type":"Feature","properties":{"id":"2807920107"},"geometry":{"type":"Polygon","coordinates":[[[-3.59769,40.42762],[-3.60227,40.42707],[-3.6029,40.42986],[-3.6004,40.43017],[-3.6002,40.43033],[-3.59804,40.43027],[-3.59751,40.43035],[-3.59741,40.4299],[-3.59701,40.42956],[-3.59769,40.42762]]]}},{"type":"Feature","properties":{"id":"2807920108"},"geometry":{"type":"Polygon","coordinates":[[[-3.63986,40.44886],[-3.63749,40.44858],[-3.63593,40.44864],[-3.63662,40.44835],[-3.63676,40.4479],[-3.63723,40.44731],[-3.63703,40.44717],[-3.63711,40.44697],[-3.6341,40.44291],[-3.63515,40.44241],[-3.63606,40.44354],[-3.63836,40.4426],[-3.63916,40.44367],[-3.64025,40.44464],[-3.6417,40.44543],[-3.64395,40.44642],[-3.64636,40.44767],[-3.64732,40.4486],[-3.64748,40.44862],[-3.64806,40.44946],[-3.6469,40.44977],[-3.64563,40.44979],[-3.63986,40.44886]]]}},{"type":"Feature","properties":{"id":"2807920109"},"geometry":{"type":"Polygon","coordinates":[[[-3.61099,40.42902],[-3.61159,40.42547],[-3.6112,40.42124],[-3.61311,40.42057],[-3.61389,40.42179],[-3.61424,40.42176],[-3.61482,40.42199],[-3.61449,40.42211],[-3.61363,40.42322],[-3.61565,40.42469],[-3.6115,40.42835],[-3.61099,40.42902]]]}},{"type":"Feature","properties":{"id":"2807920110"},"geometry":{"type":"Polygon","coordinates":[[[-3.6051,40.42953],[-3.60395,40.42453],[-3.60621,40.42543],[-3.60668,40.42537],[-3.60691,40.4252],[-3.60748,40.42546],[-3.60717,40.42586],[-3.60699,40.42684],[-3.60633,40.4269],[-3.60688,40.4293],[-3.6051,40.42953]]]}},{"type":"Feature","properties":{"id":"2807920111"},"geometry":{"type":"Polygon","coordinates":[[[-3.61311,40.42057],[-3.61557,40.41962],[-3.6146,40.4181],[-3.61548,40.41776],[-3.61717,40.42057],[-3.61389,40.42179],[-3.61311,40.42057]]]}},{"type":"Feature","properties":{"id":"2807920112"},"geometry":{"type":"Polygon","coordinates":[[[-3.61594,40.41852],[-3.6193,40.41729],[-3.62062,40.41933],[-3.61717,40.42057],[-3.61594,40.41852]]]}},{"type":"Feature","properties":{"id":"2807920113"},"geometry":{"type":"Polygon","coordinates":[[[-3.60175,40.43003],[-3.6029,40.42986],[-3.60227,40.42707],[-3.60444,40.42675],[-3.60548,40.43108],[-3.60324,40.43139],[-3.60303,40.43058],[-3.60193,40.43073],[-3.60175,40.43003]]]}},{"type":"Feature","properties":{"id":"2807920114"},"geometry":{"type":"Polygon","coordinates":[[[-3.60448,40.42172],[-3.60362,40.42043],[-3.61044,40.41807],[-3.61085,40.41819],[-3.6112,40.42124],[-3.60713,40.42269],[-3.60614,40.4211],[-3.60448,40.42172]]]}},{"type":"Feature","properties":{"id":"2807920115"},"geometry":{"type":"Polygon","coordinates":[[[-3.59942,40.42285],[-3.60052,40.42319],[-3.60038,40.42391],[-3.60062,40.42513],[-3.60175,40.42498],[-3.60227,40.42707],[-3.59769,40.42762],[-3.59863,40.42435],[-3.59942,40.42285]]]}},{"type":"Feature","properties":{"id":"2807920116"},"geometry":{"type":"Polygon","coordinates":[[[-3.58747,40.44993],[-3.58927,40.44711],[-3.59081,40.44442],[-3.59179,40.44245],[-3.59467,40.44275],[-3.59582,40.44313],[-3.59686,40.44372],[-3.59655,40.44392],[-3.59599,40.44462],[-3.59357,40.44442],[-3.59333,40.44966],[-3.5936,40.44981],[-3.59334,40.45003],[-3.58747,40.44993]]]}},{"type":"Feature","properties":{"id":"2807920117"},"geometry":{"type":"Polygon","coordinates":[[[-3.6002,40.43033],[-3.6004,40.43017],[-3.60173,40.42997],[-3.60193,40.43073],[-3.60303,40.43058],[-3.60324,40.43139],[-3.60548,40.43108],[-3.6051,40.42953],[-3.60688,40.4293],[-3.60775,40.43319],[-3.60364,40.43376],[-3.60127,40.43296],[-3.60101,40.43285],[-3.60069,40.43238],[-3.6002,40.43033]]]}},{"type":"Feature","properties":{"id":"2807920118"},"geometry":{"type":"Polygon","coordinates":[[[-3.6148,40.43399],[-3.61599,40.43378],[-3.61949,40.43375],[-3.61975,40.43418],[-3.61756,40.4343],[-3.61862,40.43623],[-3.61645,40.43691],[-3.6148,40.43399]]]}},{"type":"Feature","properties":{"id":"2807920119"},"geometry":{"type":"Polygon","coordinates":[[[-3.62254,40.43458],[-3.62767,40.43205],[-3.62942,40.43451],[-3.63074,40.43674],[-3.63087,40.43669],[-3.63282,40.43928],[-3.62559,40.44123],[-3.62254,40.43458]]]}},{"type":"Feature","properties":{"id":"2807920120"},"geometry":{"type":"Polygon","coordinates":[[[-3.5755,40.44341],[-3.57382,40.44255],[-3.57179,40.44169],[-3.57167,40.44275],[-3.56502,40.44759],[-3.56503,40.44856],[-3.56485,40.44963],[-3.55768,40.44946],[-3.5554,40.44931],[-3.53728,40.44722],[-3.53491,40.44663],[-3.53366,40.44659],[-3.53255,40.44674],[-3.53196,40.44697],[-3.53151,40.44726],[-3.53115,40.44687],[-3.53217,40.44655],[-3.53316,40.44634],[-3.53409,40.4463],[-3.5355,40.44648],[-3.53499,40.44496],[-3.53558,40.44471],[-3.53839,40.445],[-3.53796,40.4443],[-3.54091,40.44464],[-3.54135,40.44362],[-3.54521,40.44262],[-3.55021,40.44202],[-3.55228,40.44155],[-3.55457,40.44064],[-3.55962,40.43826],[-3.5609,40.43795],[-3.56338,40.43794],[-3.56388,40.43804],[-3.57341,40.43856],[-3.57436,40.43867],[-3.57576,40.43914],[-3.57833,40.44064],[-3.57974,40.44124],[-3.58054,40.4414],[-3.5835,40.44168],[-3.58291,40.44469],[-3.58115,40.4435],[-3.57947,40.44354],[-3.5755,40.44341]]]}},{"type":"Feature","properties":{"id":"2807920121"},"geometry":{"type":"Polygon","coordinates":[[[-3.58234,40.44982],[-3.5823,40.44873],[-3.58249,40.44715],[-3.5835,40.44168],[-3.59179,40.44245],[-3.59081,40.44442],[-3.58927,40.44711],[-3.58747,40.44993],[-3.58234,40.44982]]]}},{"type":"Feature","properties":{"id":"2807920122"},"geometry":{"type":"Polygon","coordinates":[[[-3.62077,40.43626],[-3.61886,40.43613],[-3.61862,40.43623],[-3.61756,40.4343],[-3.61975,40.43418],[-3.61949,40.43375],[-3.62008,40.43364],[-3.6216,40.43306],[-3.62254,40.43458],[-3.62077,40.43626]]]}},{"type":"Feature","properties":{"id":"2807920123"},"geometry":{"type":"Polygon","coordinates":[[[-3.59577,40.44834],[-3.59748,40.44844],[-3.5978,40.44857],[-3.59833,40.44845],[-3.59843,40.44858],[-3.59958,40.4486],[-3.59971,40.44842],[-3.6002,40.44825],[-3.60023,40.44859],[-3.60112,40.4485],[-3.60112,40.44858],[-3.60162,40.44853],[-3.60165,40.44843],[-3.60292,40.44825],[-3.6032,40.44894],[-3.60338,40.4499],[-3.60092,40.45014],[-3.59565,40.45007],[-3.59577,40.44834]]]}},{"type":"Feature","properties":{"id":"2807920124"},"geometry":{"type":"Polygon","coordinates":[[[-3.63215,40.43947],[-3.63296,40.44127],[-3.63493,40.44404],[-3.63357,40.44466],[-3.63142,40.44166],[-3.63063,40.43988],[-3.63215,40.43947]]]}},{"type":"Feature","properties":{"id":"2807920125"},"geometry":{"type":"Polygon","coordinates":[[[-3.62254,40.43458],[-3.62559,40.44123],[-3.61693,40.44368],[-3.61457,40.43949],[-3.61738,40.43859],[-3.62004,40.43756],[-3.62077,40.43626],[-3.62254,40.43458]]]}},{"type":"Feature","properties":{"id":"2807920126"},"geometry":{"type":"Polygon","coordinates":[[[-3.56485,40.44963],[-3.56503,40.44856],[-3.56502,40.44759],[-3.57167,40.44275],[-3.57179,40.44169],[-3.57382,40.44255],[-3.5755,40.44341],[-3.57395,40.44651],[-3.57405,40.44665],[-3.57377,40.44752],[-3.57373,40.44971],[-3.56485,40.44963]]]}},{"type":"Feature","properties":{"id":"2807920127"},"geometry":{"type":"Polygon","coordinates":[[[-3.61594,40.41852],[-3.61548,40.41776],[-3.6146,40.4181],[-3.61385,40.41693],[-3.61745,40.41564],[-3.61935,40.41445],[-3.61995,40.41368],[-3.62042,40.41371],[-3.62063,40.41385],[-3.62376,40.41812],[-3.62328,40.41823],[-3.62295,40.4185],[-3.62062,40.41933],[-3.6193,40.41729],[-3.61594,40.41852]]]}},{"type":"Feature","properties":{"id":"2807920128"},"geometry":{"type":"Polygon","coordinates":[[[-3.60195,40.42101],[-3.60362,40.42043],[-3.60448,40.42172],[-3.60614,40.4211],[-3.60713,40.42269],[-3.60437,40.42368],[-3.6033,40.42322],[-3.60195,40.42101]]]}},{"type":"Feature","properties":{"id":"2807921001"},"geometry":{"type":"Polygon","coordinates":[[[-3.58979,40.4594],[-3.5912,40.45833],[-3.59186,40.45812],[-3.59184,40.45749],[-3.594,40.45706],[-3.59321,40.45584],[-3.5921,40.45469],[-3.59597,40.45205],[-3.5967,40.45117],[-3.59705,40.4501],[-3.60092,40.45014],[-3.60338,40.4499],[-3.60385,40.4521],[-3.60419,40.45277],[-3.60471,40.45343],[-3.60063,40.45705],[-3.5975,40.45859],[-3.59252,40.46078],[-3.59243,40.46056],[-3.59179,40.4605],[-3.59041,40.4599],[-3.58979,40.4594]]]}},{"type":"Feature","properties":{"id":"2807921002"},"geometry":{"type":"Polygon","coordinates":[[[-3.58904,40.45856],[-3.59145,40.45674],[-3.59044,40.45581],[-3.5921,40.45469],[-3.59321,40.45584],[-3.594,40.45706],[-3.59184,40.45749],[-3.59186,40.45812],[-3.5912,40.45833],[-3.58979,40.4594],[-3.58904,40.45856]]]}},{"type":"Feature","properties":{"id":"2807921003"},"geometry":{"type":"Polygon","coordinates":[[[-3.58817,40.45732],[-3.59044,40.45581],[-3.59145,40.45674],[-3.58904,40.45856],[-3.58817,40.45732]]]}},{"type":"Feature","properties":{"id":"2807921004"},"geometry":{"type":"Polygon","coordinates":[[[-3.58593,40.45882],[-3.58817,40.45732],[-3.58904,40.45856],[-3.58732,40.45987],[-3.58593,40.45882]]]}},{"type":"Feature","properties":{"id":"2807921005"},"geometry":{"type":"Polygon","coordinates":[[[-3.58082,40.46223],[-3.58593,40.45882],[-3.58732,40.45987],[-3.58904,40.45856],[-3.59027,40.45982],[-3.59179,40.4605],[-3.59243,40.46056],[-3.59252,40.46078],[-3.58859,40.46259],[-3.58453,40.46538],[-3.5835,40.46478],[-3.58082,40.46223]]]}},{"type":"Feature","properties":{"id":"2807921006"},"geometry":{"type":"Polygon","coordinates":[[[-3.58007,40.45878],[-3.5804,40.45902],[-3.58131,40.46012],[-3.58208,40.46076],[-3.5824,40.46117],[-3.58047,40.46246],[-3.57785,40.46062],[-3.58007,40.45878]]]}},{"type":"Feature","properties":{"id":"2807921007"},"geometry":{"type":"Polygon","coordinates":[[[-3.58007,40.45878],[-3.5843,40.45529],[-3.5847,40.45556],[-3.58593,40.45555],[-3.58559,40.45585],[-3.58565,40.45607],[-3.58625,40.45617],[-3.58688,40.45616],[-3.58736,40.45662],[-3.58663,40.45706],[-3.58525,40.45746],[-3.58351,40.45862],[-3.58309,40.4591],[-3.58288,40.45963],[-3.58235,40.46018],[-3.58182,40.46053],[-3.58131,40.46012],[-3.5804,40.45902],[-3.58007,40.45878]]]}},{"type":"Feature","properties":{"id":"2807921008"},"geometry":{"type":"Polygon","coordinates":[[[-3.58654,40.45708],[-3.58659,40.45721],[-3.58639,40.45765],[-3.58582,40.4582],[-3.5839,40.45946],[-3.58349,40.45959],[-3.58288,40.45963],[-3.58309,40.4591],[-3.58351,40.45862],[-3.58525,40.45746],[-3.58654,40.45708]]]}},{"type":"Feature","properties":{"id":"2807921009"},"geometry":{"type":"Polygon","coordinates":[[[-3.58182,40.46053],[-3.58235,40.46018],[-3.58288,40.45963],[-3.58349,40.45959],[-3.5839,40.45946],[-3.58582,40.4582],[-3.58639,40.45765],[-3.58659,40.45721],[-3.58654,40.45708],[-3.58736,40.45662],[-3.58817,40.45732],[-3.5824,40.46117],[-3.58182,40.46053]]]}},{"type":"Feature","properties":{"id":"2807921010"},"geometry":{"type":"Polygon","coordinates":[[[-3.58817,40.45732],[-3.58688,40.45616],[-3.58574,40.45612],[-3.58559,40.45585],[-3.58593,40.45555],[-3.58795,40.45561],[-3.58922,40.45546],[-3.58988,40.45551],[-3.59044,40.45581],[-3.58817,40.45732]]]}},{"type":"Feature","properties":{"id":"2807921011"},"geometry":{"type":"Polygon","coordinates":[[[-3.58795,40.45561],[-3.5847,40.45556],[-3.5843,40.45529],[-3.58639,40.45363],[-3.58759,40.45248],[-3.58828,40.45278],[-3.58993,40.45394],[-3.58991,40.45419],[-3.59022,40.45444],[-3.58939,40.45496],[-3.58899,40.45547],[-3.58795,40.45561]]]}},{"type":"Feature","properties":{"id":"2807921012"},"geometry":{"type":"Polygon","coordinates":[[[-3.58828,40.45278],[-3.58829,40.45266],[-3.58908,40.45257],[-3.58944,40.45227],[-3.58994,40.45223],[-3.59065,40.45256],[-3.59148,40.45338],[-3.59022,40.45444],[-3.58991,40.45419],[-3.58993,40.45394],[-3.58828,40.45278]]]}},{"type":"Feature","properties":{"id":"2807921013"},"geometry":{"type":"Polygon","coordinates":[[[-3.58899,40.45547],[-3.58939,40.45496],[-3.59003,40.45459],[-3.59264,40.45246],[-3.59342,40.45381],[-3.59044,40.45581],[-3.58988,40.45551],[-3.58899,40.45547]]]}},{"type":"Feature","properties":{"id":"2807921014"},"geometry":{"type":"Polygon","coordinates":[[[-3.59148,40.45338],[-3.59065,40.45256],[-3.59002,40.45225],[-3.58953,40.45225],[-3.58908,40.45257],[-3.58829,40.45266],[-3.58828,40.45278],[-3.58759,40.45248],[-3.5885,40.45162],[-3.5892,40.45113],[-3.59007,40.4507],[-3.59099,40.4504],[-3.59198,40.45022],[-3.59289,40.45016],[-3.59334,40.45003],[-3.59705,40.4501],[-3.5968,40.45098],[-3.59614,40.45188],[-3.59565,40.4523],[-3.59342,40.45381],[-3.59264,40.45246],[-3.59148,40.45338]]]}},{"type":"Feature","properties":{"id":"2807921015"},"geometry":{"type":"Polygon","coordinates":[[[-3.56163,40.51072],[-3.5585,40.51123],[-3.55426,40.51133],[-3.55513,40.50857],[-3.55495,40.50546],[-3.55521,40.50315],[-3.55341,40.50246],[-3.55361,40.50195],[-3.5533,40.49999],[-3.55295,40.49945],[-3.55241,40.49901],[-3.55109,40.49817],[-3.55024,40.49778],[-3.54686,40.49672],[-3.54555,40.49612],[-3.54416,40.49568],[-3.54178,40.49409],[-3.5417,40.4938],[-3.54179,40.49277],[-3.54167,40.4923],[-3.54126,40.4916],[-3.54122,40.49015],[-3.54099,40.48859],[-3.54083,40.48842],[-3.54001,40.48816],[-3.53755,40.48692],[-3.53695,40.48644],[-3.53692,40.48619],[-3.53724,40.48517],[-3.53728,40.48439],[-3.53683,40.48354],[-3.53581,40.48223],[-3.53488,40.47993],[-3.53493,40.4793],[-3.53474,40.47873],[-3.53479,40.47811],[-3.53458,40.47695],[-3.53434,40.47295],[-3.53395,40.472],[-3.53344,40.47162],[-3.53288,40.47142],[-3.53084,40.47128],[-3.52853,40.47069],[-3.52695,40.47043],[-3.52579,40.46985],[-3.52521,40.46941],[-3.52497,40.46911],[-3.52496,40.4682],[-3.52519,40.46748],[-3.52633,40.46614],[-3.52779,40.46482],[-3.52869,40.46359],[-3.52896,40.46296],[-3.52955,40.46074],[-3.52951,40.46005],[-3.52903,40.45838],[-3.52702,40.45668],[-3.52656,40.45598],[-3.52649,40.45537],[-3.52674,40.45504],[-3.52709,40.45482],[-3.52779,40.45454],[-3.52844,40.45441],[-3.5299,40.45434],[-3.53048,40.45444],[-3.53115,40.45473],[-3.53187,40.45474],[-3.53216,40.45466],[-3.53266,40.45443],[-3.53316,40.45403],[-3.534,40.45315],[-3.53455,40.4524],[-3.53444,40.45181],[-3.53345,40.45058],[-3.53232,40.44839],[-3.53151,40.44726],[-3.53196,40.44697],[-3.53255,40.44674],[-3.53366,40.44659],[-3.53491,40.44663],[-3.53728,40.44722],[-3.54025,40.44759],[-3.5554,40.44931],[-3.55768,40.44946],[-3.5649,40.44963],[-3.59334,40.45003],[-3.59289,40.45016],[-3.59198,40.45022],[-3.59099,40.4504],[-3.59007,40.4507],[-3.58909,40.4512],[-3.58825,40.45185],[-3.58639,40.45363],[-3.57785,40.46062],[-3.58047,40.46246],[-3.58082,40.46223],[-3.5835,40.46478],[-3.58453,40.46538],[-3.58308,40.4664],[-3.58258,40.46702],[-3.58215,40.46712],[-3.58193,40.4673],[-3.5814,40.4674],[-3.58062,40.46783],[-3.58024,40.46821],[-3.57919,40.46987],[-3.57694,40.47166],[-3.57605,40.47133],[-3.57484,40.47159],[-3.57441,40.47351],[-3.57442,40.47429],[-3.57466,40.47496],[-3.5751,40.47562],[-3.57497,40.4757],[-3.57794,40.47842],[-3.57891,40.47911],[-3.58047,40.47978],[-3.581,40.4801],[-3.60165,40.47976],[-3.60199,40.48499],[-3.60229,40.50127],[-3.60208,40.50148],[-3.60168,40.50145],[-3.60131,40.50172],[-3.60079,40.50165],[-3.60021,40.50179],[-3.59982,40.50163],[-3.59943,40.5017],[-3.59886,40.50142],[-3.5978,40.50123],[-3.59628,40.50119],[-3.59558,40.50133],[-3.59479,40.50117],[-3.59426,40.50124],[-3.59389,40.50145],[-3.59332,40.50142],[-3.59327,40.50158],[-3.58917,40.5045],[-3.58692,40.50534],[-3.58472,40.50673],[-3.58299,40.50849],[-3.57794,40.51037],[-3.57595,40.51036],[-3.57213,40.51237],[-3.56496,40.51206],[-3.56171,40.51115],[-3.56163,40.51072]]]}},{"type":"Feature","properties":{"id":"2807921017"},"geometry":{"type":"Polygon","coordinates":[[[-3.57694,40.47166],[-3.57919,40.46987],[-3.58024,40.46821],[-3.58062,40.46783],[-3.5814,40.4674],[-3.58193,40.4673],[-3.58215,40.46712],[-3.58258,40.46702],[-3.58137,40.46925],[-3.58053,40.47047],[-3.57841,40.47278],[-3.57775,40.47236],[-3.57694,40.47166]]]}},{"type":"Feature","properties":{"id":"2807921018"},"geometry":{"type":"Polygon","coordinates":[[[-3.57694,40.47166],[-3.57775,40.47236],[-3.57841,40.47278],[-3.57774,40.47346],[-3.578,40.47368],[-3.57754,40.47402],[-3.57761,40.47424],[-3.5751,40.47562],[-3.5746,40.47485],[-3.57439,40.474],[-3.57452,40.47283],[-3.57484,40.47159],[-3.57605,40.47133],[-3.57694,40.47166]]]}},{"type":"Feature","properties":{"id":"2807921019"},"geometry":{"type":"Polygon","coordinates":[[[-3.57814,40.47858],[-3.57497,40.4757],[-3.57761,40.47424],[-3.57754,40.47402],[-3.57783,40.47381],[-3.57983,40.47502],[-3.5803,40.47543],[-3.58062,40.47612],[-3.5804,40.47675],[-3.58187,40.47706],[-3.58108,40.47929],[-3.581,40.48009],[-3.57891,40.47911],[-3.57814,40.47858]]]}},{"type":"Feature","properties":{"id":"2807921020"},"geometry":{"type":"Polygon","coordinates":[[[-3.57783,40.47381],[-3.578,40.47368],[-3.57774,40.47346],[-3.57872,40.47246],[-3.57957,40.47294],[-3.57966,40.47276],[-3.58183,40.4725],[-3.58238,40.47516],[-3.58229,40.47587],[-3.58187,40.47706],[-3.5804,40.47675],[-3.58062,40.47612],[-3.5803,40.47543],[-3.57983,40.47502],[-3.57783,40.47381]]]}},{"type":"Feature","properties":{"id":"2807921021"},"geometry":{"type":"Polygon","coordinates":[[[-3.57872,40.47246],[-3.58039,40.47066],[-3.58137,40.46925],[-3.58144,40.47078],[-3.58183,40.4725],[-3.57966,40.47276],[-3.57957,40.47294],[-3.57872,40.47246]]]}},{"type":"Feature","properties":{"id":"2807921022"},"geometry":{"type":"Polygon","coordinates":[[[-3.58183,40.4725],[-3.58346,40.47227],[-3.58331,40.47161],[-3.58534,40.47107],[-3.5864,40.47342],[-3.58607,40.47349],[-3.58419,40.47466],[-3.58237,40.47492],[-3.58183,40.4725]]]}},{"type":"Feature","properties":{"id":"2807921023"},"geometry":{"type":"Polygon","coordinates":[[[-3.58534,40.47108],[-3.58638,40.4708],[-3.58794,40.4708],[-3.58795,40.47045],[-3.58867,40.47045],[-3.5887,40.47218],[-3.58745,40.47247],[-3.58698,40.47242],[-3.58604,40.47261],[-3.58534,40.47108]]]}},{"type":"Feature","properties":{"id":"2807921025"},"geometry":{"type":"Polygon","coordinates":[[[-3.5824,40.46733],[-3.58284,40.46664],[-3.58342,40.46615],[-3.58831,40.46276],[-3.59022,40.46185],[-3.59165,40.46363],[-3.59187,40.4638],[-3.59216,40.46388],[-3.59207,40.46414],[-3.59223,40.46456],[-3.59186,40.46475],[-3.59208,40.46509],[-3.59041,40.4658],[-3.5898,40.46617],[-3.59121,40.46749],[-3.5824,40.46733]]]}},{"type":"Feature","properties":{"id":"2807921026"},"geometry":{"type":"Polygon","coordinates":[[[-3.58137,40.46925],[-3.58224,40.46762],[-3.58326,40.46824],[-3.58468,40.46855],[-3.58471,40.46971],[-3.58534,40.47107],[-3.58331,40.47161],[-3.58346,40.47227],[-3.58183,40.4725],[-3.58144,40.47078],[-3.58137,40.46925]]]}},{"type":"Feature","properties":{"id":"2807921027"},"geometry":{"type":"Polygon","coordinates":[[[-3.59223,40.46456],[-3.59207,40.46414],[-3.59216,40.46388],[-3.59187,40.4638],[-3.59165,40.46363],[-3.59022,40.46185],[-3.59324,40.46047],[-3.59484,40.46255],[-3.59496,40.46359],[-3.59448,40.46393],[-3.59283,40.46469],[-3.59257,40.46443],[-3.59223,40.46456]]]}},{"type":"Feature","properties":{"id":"2807921028"},"geometry":{"type":"Polygon","coordinates":[[[-3.59213,40.47232],[-3.58869,40.47229],[-3.58872,40.46862],[-3.59164,40.46873],[-3.59855,40.46858],[-3.59983,40.46871],[-3.60119,40.46902],[-3.60247,40.46952],[-3.60163,40.47163],[-3.60168,40.47581],[-3.59324,40.47576],[-3.59329,40.47319],[-3.59213,40.47232]]]}},{"type":"Feature","properties":{"id":"2807921029"},"geometry":{"type":"Polygon","coordinates":[[[-3.61197,40.47199],[-3.6094,40.4718],[-3.60849,40.47181],[-3.6065,40.47145],[-3.60426,40.47057],[-3.60217,40.46935],[-3.60119,40.46902],[-3.59983,40.46871],[-3.59855,40.46858],[-3.5972,40.46633],[-3.59453,40.46754],[-3.59313,40.46574],[-3.59348,40.46553],[-3.59283,40.46469],[-3.59483,40.46372],[-3.59496,40.46359],[-3.59496,40.46334],[-3.59484,40.46255],[-3.59324,40.46047],[-3.5975,40.45859],[-3.60051,40.45714],[-3.6054,40.4528],[-3.60623,40.45333],[-3.60728,40.45374],[-3.61261,40.45561],[-3.62062,40.4601],[-3.62144,40.46068],[-3.62242,40.46161],[-3.62421,40.46392],[-3.62561,40.46543],[-3.62799,40.46847],[-3.62469,40.4687],[-3.62453,40.46892],[-3.62477,40.46999],[-3.62466,40.47095],[-3.62429,40.47164],[-3.62343,40.47247],[-3.62327,40.47239],[-3.61197,40.47199]]]}},{"type":"Feature","properties":{"id":"2807921030"},"geometry":{"type":"Polygon","coordinates":[[[-3.58534,40.47107],[-3.58471,40.46971],[-3.58468,40.46855],[-3.58571,40.46864],[-3.58872,40.46862],[-3.58867,40.47045],[-3.58795,40.47045],[-3.58794,40.4708],[-3.58638,40.4708],[-3.58534,40.47107]]]}},{"type":"Feature","properties":{"id":"2807921031"},"geometry":{"type":"Polygon","coordinates":[[[-3.58513,40.47571],[-3.58868,40.47251],[-3.58869,40.47228],[-3.59101,40.47231],[-3.59085,40.47578],[-3.58513,40.47571]]]}},{"type":"Feature","properties":{"id":"2807921032"},"geometry":{"type":"Polygon","coordinates":[[[-3.58872,40.46862],[-3.58571,40.46864],[-3.58468,40.46855],[-3.58326,40.46824],[-3.58224,40.46762],[-3.5824,40.46733],[-3.59121,40.46749],[-3.5898,40.46617],[-3.59041,40.4658],[-3.59208,40.46509],[-3.59186,40.46475],[-3.59257,40.46443],[-3.59348,40.46553],[-3.59313,40.46574],[-3.59453,40.46754],[-3.5972,40.46633],[-3.59855,40.46858],[-3.59164,40.46873],[-3.58872,40.46862]]]}},{"type":"Feature","properties":{"id":"2807921033"},"geometry":{"type":"Polygon","coordinates":[[[-3.60199,40.48499],[-3.60165,40.47976],[-3.581,40.4801],[-3.58108,40.47929],[-3.58233,40.47568],[-3.59085,40.47578],[-3.59101,40.47231],[-3.59213,40.47232],[-3.59329,40.47319],[-3.59324,40.47576],[-3.60168,40.47581],[-3.60163,40.47163],[-3.60247,40.46952],[-3.60426,40.47057],[-3.60501,40.47088],[-3.6065,40.47145],[-3.60849,40.47181],[-3.62327,40.47239],[-3.62456,40.47297],[-3.62512,40.47458],[-3.6253,40.47461],[-3.62536,40.4748],[-3.62578,40.47519],[-3.62586,40.47604],[-3.62564,40.47625],[-3.62564,40.47638],[-3.62588,40.47654],[-3.62585,40.48218],[-3.61821,40.48213],[-3.61548,40.48504],[-3.60199,40.48499]]]}},{"type":"Feature","properties":{"id":"2807921034"},"geometry":{"type":"Polygon","coordinates":[[[-3.58869,40.47218],[-3.58868,40.47251],[-3.58513,40.47571],[-3.58233,40.47568],[-3.58237,40.47492],[-3.58419,40.47466],[-3.58607,40.47349],[-3.5864,40.47342],[-3.58604,40.47261],[-3.58698,40.47242],[-3.58745,40.47247],[-3.58869,40.47218]]]}}]}