{"type":"FeatureCollection","features":[{"type":"Feature","properties":{"id":"2906701001"},"geometry":{"type":"Polygon","coordinates":[[[-4.42445,36.72139],[-4.42156,36.72125],[-4.42009,36.72073],[-4.42011,36.72016],[-4.41991,36.71942],[-4.41981,36.71835],[-4.42465,36.71702],[-4.42595,36.71676],[-4.42585,36.71805],[-4.42542,36.71979],[-4.42547,36.72127],[-4.42445,36.72139]]]}},{"type":"Feature","properties":{"id":"2906701003"},"geometry":{"type":"Polygon","coordinates":[[[-4.42601,36.71475],[-4.42595,36.71676],[-4.42524,36.71687],[-4.42398,36.71322],[-4.4259,36.71131],[-4.42601,36.71475]]]}},{"type":"Feature","properties":{"id":"2906701004"},"geometry":{"type":"Polygon","coordinates":[[[-4.41206,36.71986],[-4.41239,36.71742],[-4.41441,36.71428],[-4.41437,36.71417],[-4.41465,36.71422],[-4.41473,36.71353],[-4.41491,36.7135],[-4.41471,36.71322],[-4.41486,36.71319],[-4.41469,36.71271],[-4.41374,36.71288],[-4.41413,36.71244],[-4.41309,36.71014],[-4.41305,36.7098],[-4.41309,36.70925],[-4.41332,36.70849],[-4.41426,36.70749],[-4.41508,36.70699],[-4.4154,36.70701],[-4.41549,36.70712],[-4.41544,36.70733],[-4.41434,36.70784],[-4.41375,36.70864],[-4.4135,36.70957],[-4.41355,36.71002],[-4.4138,36.71064],[-4.41406,36.71058],[-4.41402,36.71048],[-4.41428,36.7104],[-4.41468,36.71136],[-4.41443,36.71144],[-4.41439,36.71135],[-4.41411,36.71142],[-4.41437,36.71206],[-4.41532,36.71246],[-4.41602,36.71229],[-4.41621,36.7128],[-4.41602,36.71323],[-4.41591,36.71318],[-4.41609,36.71295],[-4.41606,36.71263],[-4.41592,36.71267],[-4.41588,36.7126],[-4.41484,36.71284],[-4.41504,36.71336],[-4.41526,36.71361],[-4.41554,36.71373],[-4.41584,36.7134],[-4.41591,36.71343],[-4.41327,36.71763],[-4.41381,36.7184],[-4.41852,36.71711],[-4.41879,36.71693],[-4.41798,36.71608],[-4.41829,36.71598],[-4.41774,36.7147],[-4.41801,36.71447],[-4.41935,36.71511],[-4.41953,36.71489],[-4.41979,36.71506],[-4.42327,36.71205],[-4.42301,36.71115],[-4.41765,36.71241],[-4.41729,36.71233],[-4.41711,36.7118],[-4.41733,36.7116],[-4.42096,36.71073],[-4.42054,36.70956],[-4.42072,36.70953],[-4.4212,36.71082],[-4.42287,36.71043],[-4.42289,36.71035],[-4.42246,36.70922],[-4.42114,36.70859],[-4.42043,36.70874],[-4.42058,36.70917],[-4.42041,36.70921],[-4.4202,36.70865],[-4.41881,36.70894],[-4.41887,36.70919],[-4.41863,36.70923],[-4.41856,36.70892],[-4.41755,36.70909],[-4.41744,36.709],[-4.4175,36.70883],[-4.4177,36.7088],[-4.41791,36.7089],[-4.4247,36.70759],[-4.42497,36.70761],[-4.42531,36.70778],[-4.42548,36.70804],[-4.42566,36.7093],[-4.42581,36.70934],[-4.4259,36.71131],[-4.42398,36.71322],[-4.42524,36.71687],[-4.41981,36.71835],[-4.41974,36.71763],[-4.41217,36.7197],[-4.41206,36.71986]]]}},{"type":"Feature","properties":{"id":"2906702002"},"geometry":{"type":"Polygon","coordinates":[[[-4.41206,36.71986],[-4.41013,36.7183],[-4.41108,36.71841],[-4.41122,36.71761],[-4.41149,36.71731],[-4.41178,36.7171],[-4.41205,36.71713],[-4.41215,36.71693],[-4.4126,36.71709],[-4.41239,36.71742],[-4.41206,36.71986]]]}},{"type":"Feature","properties":{"id":"2906702003"},"geometry":{"type":"Polygon","coordinates":[[[-4.3767,36.75036],[-4.37722,36.74994],[-4.37908,36.74955],[-4.38016,36.74961],[-4.38094,36.74977],[-4.38139,36.74974],[-4.38273,36.74862],[-4.38322,36.74833],[-4.38421,36.74821],[-4.38436,36.74805],[-4.38415,36.74762],[-4.38411,36.74725],[-4.38476,36.74697],[-4.38566,36.74691],[-4.38604,36.74669],[-4.38624,36.74606],[-4.38658,36.7459],[-4.38703,36.74581],[-4.38731,36.74606],[-4.38798,36.74634],[-4.39005,36.74684],[-4.39071,36.74687],[-4.39171,36.74545],[-4.3929,36.74444],[-4.39339,36.74453],[-4.39394,36.74406],[-4.39414,36.74399],[-4.39485,36.74402],[-4.39513,36.74389],[-4.39599,36.74337],[-4.39643,36.74283],[-4.39657,36.7428],[-4.3968,36.74255],[-4.39859,36.74177],[-4.39993,36.74082],[-4.40101,36.74024],[-4.40169,36.73946],[-4.40215,36.73917],[-4.40278,36.73916],[-4.40446,36.73861],[-4.40467,36.73825],[-4.40452,36.73741],[-4.40462,36.73722],[-4.40506,36.7369],[-4.40521,36.73621],[-4.40561,36.73594],[-4.40473,36.73505],[-4.40511,36.73478],[-4.40528,36.73508],[-4.40557,36.73493],[-4.40601,36.7352],[-4.40639,36.73482],[-4.40663,36.73288],[-4.40649,36.73247],[-4.40673,36.73149],[-4.40719,36.73142],[-4.40735,36.73124],[-4.40784,36.73035],[-4.40863,36.72926],[-4.40893,36.72978],[-4.40968,36.72986],[-4.41005,36.7303],[-4.4101,36.73067],[-4.41072,36.73066],[-4.41137,36.72978],[-4.41171,36.72956],[-4.41196,36.72977],[-4.41241,36.72987],[-4.41241,36.73002],[-4.41286,36.73032],[-4.41336,36.73032],[-4.41339,36.73063],[-4.41302,36.73189],[-4.41307,36.73239],[-4.41331,36.7325],[-4.41379,36.73387],[-4.41337,36.73411],[-4.41305,36.7347],[-4.41478,36.73504],[-4.41584,36.735],[-4.41592,36.73625],[-4.41425,36.73697],[-4.41397,36.73744],[-4.41371,36.73739],[-4.41328,36.73651],[-4.41311,36.73642],[-4.4127,36.73654],[-4.41183,36.73702],[-4.41172,36.73723],[-4.41189,36.73741],[-4.41206,36.73745],[-4.41249,36.73719],[-4.41281,36.73714],[-4.41294,36.73734],[-4.41251,36.73831],[-4.41246,36.73879],[-4.41198,36.73956],[-4.41235,36.741],[-4.41224,36.74127],[-4.41151,36.74259],[-4.41033,36.74375],[-4.41031,36.74388],[-4.41092,36.74436],[-4.41096,36.74476],[-4.41075,36.74561],[-4.41015,36.74592],[-4.40954,36.74564],[-4.40938,36.74565],[-4.40808,36.74645],[-4.408,36.74681],[-4.40773,36.7471],[-4.40796,36.74769],[-4.40777,36.74832],[-4.40748,36.74871],[-4.40741,36.74922],[-4.40704,36.74925],[-4.40659,36.74941],[-4.4066,36.75001],[-4.40644,36.75056],[-4.40614,36.75063],[-4.40597,36.75038],[-4.40567,36.75023],[-4.40536,36.75029],[-4.40476,36.75069],[-4.40445,36.75076],[-4.40417,36.75068],[-4.40399,36.75038],[-4.40383,36.75041],[-4.4037,36.75059],[-4.40354,36.7517],[-4.40344,36.75179],[-4.40308,36.75183],[-4.40299,36.75166],[-4.40298,36.75208],[-4.40269,36.75225],[-4.40215,36.75206],[-4.40144,36.75231],[-4.40135,36.75289],[-4.40114,36.75323],[-4.40008,36.75351],[-4.40018,36.75365],[-4.39959,36.7539],[-4.39967,36.75425],[-4.39949,36.75477],[-4.3992,36.75513],[-4.39858,36.75557],[-4.39874,36.75639],[-4.39818,36.75689],[-4.38898,36.7567],[-4.38873,36.75733],[-4.3887,36.75778],[-4.38833,36.75816],[-4.38803,36.75831],[-4.38764,36.75827],[-4.38726,36.75856],[-4.38659,36.75881],[-4.38615,36.75883],[-4.386,36.75896],[-4.38516,36.75926],[-4.38445,36.75976],[-4.38406,36.75983],[-4.38305,36.75917],[-4.38272,36.75905],[-4.38222,36.75923],[-4.38146,36.75997],[-4.38043,36.76067],[-4.37962,36.76136],[-4.37956,36.76166],[-4.37932,36.76195],[-4.37819,36.76248],[-4.37812,36.76283],[-4.3778,36.76303],[-4.37786,36.76286],[-4.37774,36.76084],[-4.37754,36.76026],[-4.37763,36.7595],[-4.37739,36.75868],[-4.37735,36.75747],[-4.3768,36.7556],[-4.37686,36.75435],[-4.37671,36.75341],[-4.37668,36.75211],[-4.37682,36.75109],[-4.3767,36.75036]]]}},{"type":"Feature","properties":{"id":"2906702004"},"geometry":{"type":"Polygon","coordinates":[[[-4.40205,36.72503],[-4.40134,36.72506],[-4.40077,36.72484],[-4.40078,36.72469],[-4.40096,36.72453],[-4.40048,36.72426],[-4.40023,36.72375],[-4.40027,36.72348],[-4.40064,36.72305],[-4.40097,36.72286],[-4.40172,36.7229],[-4.40279,36.72279],[-4.40321,36.72256],[-4.40357,36.7225],[-4.40485,36.72293],[-4.40529,36.7225],[-4.40597,36.72233],[-4.40627,36.72244],[-4.40655,36.72291],[-4.40669,36.72293],[-4.40671,36.7224],[-4.40654,36.72206],[-4.4057,36.72127],[-4.40743,36.72092],[-4.40886,36.72084],[-4.41219,36.72093],[-4.4127,36.721],[-4.4127,36.7211],[-4.41335,36.72136],[-4.4146,36.72136],[-4.41482,36.7217],[-4.41462,36.72154],[-4.41447,36.72162],[-4.41423,36.72156],[-4.41323,36.72164],[-4.41272,36.72177],[-4.41228,36.72153],[-4.41219,36.72179],[-4.41205,36.72187],[-4.41158,36.72181],[-4.41153,36.72201],[-4.40997,36.72197],[-4.40996,36.72187],[-4.40812,36.722],[-4.40782,36.72226],[-4.40739,36.72238],[-4.40728,36.72285],[-4.40748,36.72338],[-4.40725,36.72366],[-4.40677,36.72399],[-4.40619,36.7241],[-4.40622,36.72423],[-4.40604,36.72456],[-4.40546,36.72429],[-4.40505,36.72466],[-4.40519,36.7251],[-4.40577,36.7254],[-4.40606,36.72599],[-4.40611,36.72622],[-4.40583,36.72705],[-4.40546,36.72647],[-4.40493,36.72608],[-4.4046,36.72569],[-4.40389,36.7255],[-4.40325,36.72547],[-4.40205,36.72503]]]}},{"type":"Feature","properties":{"id":"2906702005"},"geometry":{"type":"Polygon","coordinates":[[[-4.40837,36.72087],[-4.40785,36.71952],[-4.40989,36.71974],[-4.40997,36.71909],[-4.4111,36.71908],[-4.41206,36.71986],[-4.41184,36.72092],[-4.40837,36.72087]]]}},{"type":"Feature","properties":{"id":"2906702006"},"geometry":{"type":"Polygon","coordinates":[[[-4.41013,36.7183],[-4.40999,36.71835],[-4.40928,36.7182],[-4.40823,36.71764],[-4.40937,36.71697],[-4.41084,36.7158],[-4.41374,36.71288],[-4.41469,36.71271],[-4.41486,36.71319],[-4.41471,36.71322],[-4.41491,36.7135],[-4.41473,36.71353],[-4.41465,36.71422],[-4.41437,36.71417],[-4.41441,36.71428],[-4.4126,36.71709],[-4.41215,36.71693],[-4.41205,36.71713],[-4.41178,36.7171],[-4.41149,36.71731],[-4.41122,36.71761],[-4.41108,36.71841],[-4.41013,36.7183]]]}},{"type":"Feature","properties":{"id":"2906702007"},"geometry":{"type":"Polygon","coordinates":[[[-4.40027,36.72497],[-4.39934,36.72358],[-4.39958,36.72239],[-4.399,36.72094],[-4.40035,36.72058],[-4.40082,36.72036],[-4.40266,36.71922],[-4.40298,36.71916],[-4.40363,36.71936],[-4.40378,36.72107],[-4.40413,36.72108],[-4.40417,36.72157],[-4.4057,36.72127],[-4.40654,36.72206],[-4.40671,36.7224],[-4.40669,36.72293],[-4.40655,36.72291],[-4.40627,36.72244],[-4.40597,36.72233],[-4.40529,36.7225],[-4.40495,36.72288],[-4.40476,36.72294],[-4.40357,36.7225],[-4.40321,36.72256],[-4.40279,36.72279],[-4.40172,36.7229],[-4.40097,36.72286],[-4.40064,36.72305],[-4.40027,36.72348],[-4.40023,36.72375],[-4.40048,36.72426],[-4.40096,36.72453],[-4.40078,36.72469],[-4.40077,36.72484],[-4.40134,36.72506],[-4.40083,36.72511],[-4.40027,36.72497]]]}},{"type":"Feature","properties":{"id":"2906702008"},"geometry":{"type":"Polygon","coordinates":[[[-4.39882,36.72953],[-4.39888,36.72863],[-4.39937,36.72683],[-4.39956,36.72551],[-4.39987,36.72557],[-4.4001,36.72528],[-4.40005,36.72483],[-4.4001,36.72476],[-4.40027,36.72497],[-4.40083,36.72511],[-4.40205,36.72503],[-4.40249,36.72634],[-4.40234,36.72708],[-4.40262,36.72883],[-4.40212,36.72919],[-4.4016,36.729],[-4.40084,36.72889],[-4.40064,36.72908],[-4.4001,36.72906],[-4.39882,36.72953]]]}},{"type":"Feature","properties":{"id":"2906702009"},"geometry":{"type":"Polygon","coordinates":[[[-4.35175,36.7197],[-4.35259,36.7201],[-4.35344,36.7202],[-4.3533,36.72039],[-4.35247,36.72081],[-4.35106,36.72105],[-4.35093,36.72115],[-4.35056,36.72231],[-4.35064,36.72274],[-4.35035,36.7235],[-4.35039,36.72394],[-4.35067,36.72441],[-4.35126,36.72504],[-4.35135,36.72571],[-4.35217,36.72649],[-4.35259,36.72633],[-4.35229,36.72661],[-4.3523,36.72702],[-4.35163,36.72683],[-4.35075,36.72724],[-4.35063,36.72762],[-4.35046,36.72778],[-4.35038,36.7284],[-4.35058,36.72913],[-4.35044,36.72934],[-4.35143,36.73067],[-4.35205,36.7312],[-4.35333,36.73176],[-4.35465,36.73201],[-4.35663,36.73168],[-4.35806,36.7308],[-4.35868,36.73026],[-4.3584,36.72992],[-4.35822,36.7295],[-4.35827,36.72918],[-4.35854,36.72893],[-4.35924,36.72893],[-4.35958,36.72873],[-4.35979,36.72891],[-4.35998,36.72868],[-4.3604,36.72845],[-4.36075,36.72903],[-4.35917,36.73015],[-4.35846,36.73105],[-4.36016,36.73151],[-4.36037,36.73189],[-4.36009,36.73254],[-4.36031,36.73342],[-4.35881,36.73627],[-4.35803,36.73604],[-4.35679,36.73612],[-4.35671,36.73667],[-4.35529,36.73767],[-4.35401,36.73884],[-4.3542,36.73967],[-4.35344,36.74064],[-4.35423,36.74154],[-4.35419,36.74284],[-4.35496,36.74348],[-4.35518,36.74449],[-4.35513,36.7452],[-4.35482,36.74592],[-4.35503,36.74654],[-4.35493,36.74674],[-4.35379,36.74793],[-4.3529,36.74856],[-4.35212,36.74883],[-4.35209,36.74949],[-4.3515,36.7502],[-4.35161,36.75045],[-4.35146,36.75071],[-4.35103,36.75095],[-4.35034,36.75204],[-4.35024,36.75147],[-4.35006,36.75124],[-4.35012,36.75101],[-4.35027,36.75092],[-4.35027,36.75045],[-4.3504,36.75028],[-4.3501,36.75019],[-4.35,36.74997],[-4.34977,36.7499],[-4.34936,36.75019],[-4.34905,36.75022],[-4.34883,36.74986],[-4.34828,36.74978],[-4.34795,36.7496],[-4.34666,36.74866],[-4.34621,36.74852],[-4.34506,36.74773],[-4.344,36.74789],[-4.34338,36.74782],[-4.34308,36.7479],[-4.34282,36.74835],[-4.34253,36.74832],[-4.34214,36.7486],[-4.34136,36.74865],[-4.34101,36.74857],[-4.34064,36.74863],[-4.34032,36.74842],[-4.34019,36.74811],[-4.33973,36.74798],[-4.33949,36.74782],[-4.33923,36.74781],[-4.33909,36.74868],[-4.33846,36.74872],[-4.33729,36.74897],[-4.33629,36.74949],[-4.3356,36.74933],[-4.33481,36.74969],[-4.33431,36.74957],[-4.33397,36.74913],[-4.33371,36.74902],[-4.33342,36.74898],[-4.33298,36.74918],[-4.33116,36.74907],[-4.33106,36.74866],[-4.33148,36.74819],[-4.33066,36.74804],[-4.33039,36.74771],[-4.33055,36.74732],[-4.33033,36.74689],[-4.33051,36.74637],[-4.33033,36.74603],[-4.3305,36.74568],[-4.33035,36.74554],[-4.33004,36.74546],[-4.32987,36.74507],[-4.32956,36.74498],[-4.32922,36.74468],[-4.32933,36.7442],[-4.32914,36.74397],[-4.32965,36.74348],[-4.32978,36.74309],[-4.33014,36.7429],[-4.33011,36.74276],[-4.32988,36.74267],[-4.32985,36.74248],[-4.33046,36.74227],[-4.33097,36.74232],[-4.33119,36.74225],[-4.33126,36.74212],[-4.33075,36.74153],[-4.33033,36.74133],[-4.3303,36.74121],[-4.33046,36.74095],[-4.33073,36.74067],[-4.33118,36.74051],[-4.33141,36.74054],[-4.33178,36.74037],[-4.33215,36.73992],[-4.3322,36.73975],[-4.33202,36.73942],[-4.3315,36.73889],[-4.3315,36.73795],[-4.33163,36.73774],[-4.33216,36.73739],[-4.3324,36.73754],[-4.33198,36.73786],[-4.33202,36.73823],[-4.33222,36.73861],[-4.33249,36.7386],[-4.33233,36.73792],[-4.33311,36.73765],[-4.33355,36.73726],[-4.33368,36.73678],[-4.33474,36.73638],[-4.33584,36.73448],[-4.3366,36.73397],[-4.33727,36.73289],[-4.33797,36.73264],[-4.33837,36.73307],[-4.33833,36.73362],[-4.33801,36.73383],[-4.33772,36.73389],[-4.33781,36.73406],[-4.33863,36.73392],[-4.33935,36.73345],[-4.3395,36.73312],[-4.33957,36.73233],[-4.33969,36.73211],[-4.34014,36.73195],[-4.34029,36.73164],[-4.34028,36.73147],[-4.33995,36.73113],[-4.33967,36.73052],[-4.34014,36.73016],[-4.3421,36.72935],[-4.34225,36.72886],[-4.34275,36.72861],[-4.34323,36.72794],[-4.34317,36.72782],[-4.3428,36.72788],[-4.34279,36.72777],[-4.34314,36.72722],[-4.34343,36.72704],[-4.34348,36.72667],[-4.34368,36.72633],[-4.34391,36.72616],[-4.34473,36.72598],[-4.34485,36.72586],[-4.34485,36.72543],[-4.34518,36.72525],[-4.34524,36.72443],[-4.34569,36.72379],[-4.34785,36.72208],[-4.34881,36.72167],[-4.35092,36.72045],[-4.35164,36.71994],[-4.35175,36.7197]]]}},{"type":"Feature","properties":{"id":"2906702010"},"geometry":{"type":"Polygon","coordinates":[[[-4.39329,36.72428],[-4.39338,36.72346],[-4.3929,36.7233],[-4.39168,36.72262],[-4.39167,36.72206],[-4.39213,36.72171],[-4.39257,36.721],[-4.39267,36.72104],[-4.39217,36.72191],[-4.39264,36.72221],[-4.39316,36.72231],[-4.39445,36.72226],[-4.3956,36.72201],[-4.3972,36.72149],[-4.39803,36.72356],[-4.39772,36.72521],[-4.39511,36.72477],[-4.39474,36.72441],[-4.39431,36.72421],[-4.39329,36.72428]]]}},{"type":"Feature","properties":{"id":"2906702011"},"geometry":{"type":"Polygon","coordinates":[[[-4.3743,36.72232],[-4.37471,36.72144],[-4.37482,36.72056],[-4.37528,36.72035],[-4.37538,36.72009],[-4.37514,36.72001],[-4.37512,36.71988],[-4.3757,36.72009],[-4.37628,36.71992],[-4.37614,36.72024],[-4.37633,36.72046],[-4.37716,36.72051],[-4.37754,36.72041],[-4.37775,36.72024],[-4.37778,36.71997],[-4.37756,36.71993],[-4.37762,36.71982],[-4.37792,36.71989],[-4.37814,36.72036],[-4.37839,36.72056],[-4.37891,36.72067],[-4.38025,36.72023],[-4.38071,36.72019],[-4.38133,36.72028],[-4.38234,36.72105],[-4.3835,36.72125],[-4.38426,36.72127],[-4.38426,36.72137],[-4.3828,36.72142],[-4.38282,36.72191],[-4.38265,36.72194],[-4.38092,36.72179],[-4.37698,36.7223],[-4.37452,36.72238],[-4.3743,36.72232]]]}},{"type":"Feature","properties":{"id":"2906702012"},"geometry":{"type":"Polygon","coordinates":[[[-4.3572,36.72413],[-4.35725,36.72418],[-4.35801,36.72371],[-4.35779,36.72346],[-4.35735,36.72376],[-4.35727,36.72371],[-4.35748,36.72348],[-4.35748,36.7228],[-4.35764,36.7227],[-4.35822,36.72271],[-4.35848,36.72196],[-4.35872,36.72176],[-4.35902,36.72186],[-4.35862,36.72255],[-4.35851,36.72299],[-4.36054,36.72303],[-4.36057,36.72297],[-4.36049,36.72374],[-4.35969,36.7238],[-4.35858,36.72481],[-4.358,36.72548],[-4.35761,36.72531],[-4.35706,36.72488],[-4.3572,36.72413]]]}},{"type":"Feature","properties":{"id":"2906702013"},"geometry":{"type":"Polygon","coordinates":[[[-4.38643,36.73266],[-4.38554,36.73269],[-4.38535,36.73256],[-4.38474,36.73264],[-4.38438,36.73294],[-4.38412,36.73295],[-4.38393,36.7328],[-4.38362,36.73223],[-4.38391,36.73186],[-4.38386,36.7316],[-4.38357,36.73149],[-4.38324,36.73149],[-4.38311,36.73072],[-4.38265,36.7307],[-4.38255,36.73094],[-4.38229,36.73096],[-4.38217,36.73072],[-4.38179,36.73039],[-4.38193,36.73066],[-4.38187,36.73081],[-4.38139,36.73098],[-4.38132,36.73123],[-4.38159,36.73178],[-4.38243,36.73203],[-4.38269,36.73258],[-4.38238,36.73246],[-4.38042,36.73275],[-4.37996,36.73303],[-4.37843,36.73357],[-4.37821,36.73387],[-4.37826,36.73405],[-4.37845,36.73421],[-4.37899,36.73429],[-4.37923,36.73492],[-4.37905,36.73562],[-4.37831,36.73537],[-4.3779,36.73509],[-4.37786,36.73488],[-4.37808,36.73446],[-4.37804,36.73429],[-4.3778,36.73408],[-4.37726,36.73323],[-4.37728,36.73287],[-4.37765,36.73253],[-4.37717,36.73142],[-4.37676,36.73124],[-4.37668,36.7303],[-4.37731,36.73031],[-4.37724,36.72995],[-4.37742,36.72906],[-4.37725,36.72861],[-4.37804,36.72826],[-4.37825,36.72833],[-4.37862,36.72871],[-4.37871,36.72872],[-4.37864,36.72859],[-4.37893,36.72823],[-4.3794,36.72847],[-4.38019,36.72738],[-4.38032,36.72702],[-4.381,36.72664],[-4.38136,36.7267],[-4.38151,36.72655],[-4.38166,36.72624],[-4.38148,36.72569],[-4.3817,36.72518],[-4.38288,36.72547],[-4.38341,36.72533],[-4.38452,36.7254],[-4.38548,36.72607],[-4.38548,36.72706],[-4.3866,36.72721],[-4.38664,36.72742],[-4.38608,36.72753],[-4.38606,36.728],[-4.38627,36.72862],[-4.38674,36.72899],[-4.38741,36.72879],[-4.38759,36.72888],[-4.38764,36.72912],[-4.3872,36.73023],[-4.38741,36.73064],[-4.38709,36.73102],[-4.38686,36.73111],[-4.38696,36.73125],[-4.38684,36.7314],[-4.38657,36.73159],[-4.38636,36.73163],[-4.38621,36.73205],[-4.38643,36.73266]]]}},{"type":"Feature","properties":{"id":"2906702014"},"geometry":{"type":"Polygon","coordinates":[[[-4.36999,36.72721],[-4.36931,36.72626],[-4.36928,36.72241],[-4.37249,36.7224],[-4.37249,36.72448],[-4.37326,36.72449],[-4.37296,36.72556],[-4.37226,36.72627],[-4.37124,36.72678],[-4.37114,36.72698],[-4.37129,36.72741],[-4.37088,36.72748],[-4.37049,36.72739],[-4.36999,36.72721]]]}},{"type":"Feature","properties":{"id":"2906702015"},"geometry":{"type":"Polygon","coordinates":[[[-4.36965,36.7224],[-4.36963,36.72034],[-4.36971,36.72024],[-4.371,36.72051],[-4.3713,36.7201],[-4.37176,36.7202],[-4.37187,36.72009],[-4.37204,36.72011],[-4.37203,36.72035],[-4.3727,36.72034],[-4.3732,36.72006],[-4.37323,36.71968],[-4.3728,36.71957],[-4.3728,36.71945],[-4.37381,36.71968],[-4.37371,36.71978],[-4.37348,36.71973],[-4.37356,36.72027],[-4.3737,36.72042],[-4.37392,36.7205],[-4.3742,36.72042],[-4.37482,36.72056],[-4.37471,36.72144],[-4.37427,36.72232],[-4.37432,36.7224],[-4.36965,36.7224]]]}},{"type":"Feature","properties":{"id":"2906702016"},"geometry":{"type":"Polygon","coordinates":[[[-4.36632,36.72219],[-4.36743,36.72239],[-4.36928,36.72241],[-4.36931,36.72626],[-4.3698,36.727],[-4.36919,36.72707],[-4.36924,36.72735],[-4.36854,36.72737],[-4.3685,36.72747],[-4.36802,36.72737],[-4.36716,36.72693],[-4.36654,36.72627],[-4.36628,36.72552],[-4.36632,36.72219]]]}},{"type":"Feature","properties":{"id":"2906702017"},"geometry":{"type":"Polygon","coordinates":[[[-4.35537,36.74383],[-4.35419,36.74284],[-4.35423,36.74154],[-4.35344,36.74064],[-4.3542,36.73967],[-4.35401,36.73884],[-4.35529,36.73767],[-4.35671,36.73667],[-4.35679,36.73612],[-4.35803,36.73604],[-4.35881,36.73627],[-4.36031,36.73342],[-4.36009,36.73254],[-4.36037,36.73189],[-4.36016,36.73151],[-4.35846,36.73105],[-4.35917,36.73015],[-4.3609,36.72891],[-4.36218,36.7287],[-4.36361,36.72871],[-4.36439,36.72886],[-4.36526,36.72915],[-4.3656,36.72933],[-4.36375,36.73079],[-4.36324,36.73073],[-4.36308,36.73186],[-4.36355,36.73279],[-4.36332,36.73355],[-4.36282,36.73378],[-4.3626,36.73517],[-4.3628,36.73584],[-4.36239,36.73666],[-4.3625,36.73781],[-4.36377,36.73899],[-4.36446,36.74066],[-4.36467,36.74265],[-4.36405,36.74479],[-4.35868,36.7459],[-4.35606,36.74404],[-4.35537,36.74383]]]}},{"type":"Feature","properties":{"id":"2906702018"},"geometry":{"type":"Polygon","coordinates":[[[-4.36632,36.72567],[-4.36545,36.72565],[-4.36447,36.72584],[-4.36408,36.72616],[-4.36299,36.72673],[-4.36178,36.72799],[-4.36116,36.72845],[-4.36075,36.72903],[-4.3604,36.72845],[-4.35998,36.72868],[-4.35979,36.72891],[-4.35958,36.72873],[-4.35939,36.72881],[-4.35906,36.72841],[-4.35869,36.72845],[-4.35837,36.72838],[-4.35815,36.7282],[-4.35799,36.72748],[-4.35913,36.72729],[-4.35925,36.72718],[-4.3594,36.72724],[-4.36018,36.7271],[-4.36192,36.72354],[-4.36576,36.72429],[-4.36629,36.72427],[-4.36632,36.72567]]]}},{"type":"Feature","properties":{"id":"2906702019"},"geometry":{"type":"Polygon","coordinates":[[[-4.36636,36.71985],[-4.36012,36.71942],[-4.35694,36.719],[-4.35286,36.71799],[-4.35319,36.71688],[-4.35375,36.71662],[-4.35416,36.71658],[-4.35395,36.71688],[-4.35413,36.7173],[-4.35489,36.71762],[-4.35564,36.71754],[-4.35592,36.71737],[-4.35589,36.7169],[-4.35655,36.71703],[-4.35646,36.71726],[-4.35624,36.71734],[-4.35626,36.71755],[-4.3564,36.71773],[-4.3569,36.718],[-4.35761,36.71803],[-4.35807,36.71788],[-4.3582,36.71776],[-4.35802,36.71759],[-4.35815,36.71737],[-4.35896,36.71778],[-4.35931,36.71787],[-4.35971,36.71788],[-4.36073,36.71771],[-4.36078,36.71792],[-4.36065,36.71794],[-4.36061,36.71811],[-4.36111,36.71857],[-4.36138,36.71862],[-4.36188,36.71862],[-4.36244,36.71845],[-4.36263,36.71826],[-4.36264,36.71806],[-4.36246,36.71801],[-4.36249,36.71777],[-4.36316,36.71782],[-4.3631,36.71808],[-4.36296,36.71811],[-4.36299,36.71826],[-4.36348,36.71866],[-4.36459,36.71862],[-4.36486,36.71843],[-4.36485,36.71824],[-4.3647,36.71818],[-4.3647,36.71792],[-4.36542,36.71793],[-4.36538,36.7182],[-4.36526,36.71826],[-4.3656,36.71853],[-4.3665,36.71857],[-4.36636,36.71985]]]}},{"type":"Feature","properties":{"id":"2906702020"},"geometry":{"type":"Polygon","coordinates":[[[-4.35923,36.72103],[-4.35912,36.71923],[-4.36012,36.71942],[-4.3619,36.71952],[-4.3615,36.7198],[-4.36129,36.72107],[-4.36083,36.72105],[-4.36043,36.72113],[-4.35923,36.72103]]]}},{"type":"Feature","properties":{"id":"2906702021"},"geometry":{"type":"Polygon","coordinates":[[[-4.36083,36.72105],[-4.36054,36.72303],[-4.35851,36.72299],[-4.35862,36.72255],[-4.35902,36.72186],[-4.35872,36.72176],[-4.35917,36.72095],[-4.35923,36.72103],[-4.36043,36.72113],[-4.36083,36.72105]]]}},{"type":"Feature","properties":{"id":"2906702022"},"geometry":{"type":"Polygon","coordinates":[[[-4.35259,36.72633],[-4.35293,36.72561],[-4.35276,36.72407],[-4.35299,36.72341],[-4.35297,36.72323],[-4.35237,36.72265],[-4.3524,36.72243],[-4.35279,36.72211],[-4.35374,36.72172],[-4.35428,36.7212],[-4.35453,36.72111],[-4.35514,36.72112],[-4.35516,36.72105],[-4.35519,36.72113],[-4.3562,36.72144],[-4.35682,36.72193],[-4.35691,36.72216],[-4.35661,36.72249],[-4.35658,36.72267],[-4.35697,36.72289],[-4.35693,36.72387],[-4.3572,36.72413],[-4.35706,36.72488],[-4.35761,36.72531],[-4.358,36.72548],[-4.35859,36.72482],[-4.35899,36.72516],[-4.35953,36.72623],[-4.35951,36.72671],[-4.35935,36.72708],[-4.35913,36.72729],[-4.35799,36.72748],[-4.35815,36.7282],[-4.35837,36.72838],[-4.35869,36.72845],[-4.35906,36.72841],[-4.3594,36.72876],[-4.35924,36.72893],[-4.35854,36.72893],[-4.35827,36.72918],[-4.35822,36.7295],[-4.3584,36.72992],[-4.35868,36.73026],[-4.35859,36.73036],[-4.35806,36.7308],[-4.35663,36.73168],[-4.35465,36.73201],[-4.35333,36.73176],[-4.35205,36.7312],[-4.35143,36.73067],[-4.35044,36.72934],[-4.35058,36.72913],[-4.35038,36.7284],[-4.35046,36.72778],[-4.35063,36.72762],[-4.35075,36.72724],[-4.35163,36.72683],[-4.3523,36.72702],[-4.35229,36.72661],[-4.35259,36.72633]]]}},{"type":"Feature","properties":{"id":"2906702023"},"geometry":{"type":"Polygon","coordinates":[[[-4.35679,36.72072],[-4.35807,36.72091],[-4.35917,36.72095],[-4.35896,36.72143],[-4.35848,36.72196],[-4.35822,36.72271],[-4.35764,36.7227],[-4.35748,36.7228],[-4.35748,36.72348],[-4.35727,36.72371],[-4.35735,36.72376],[-4.35779,36.72346],[-4.35801,36.72371],[-4.35725,36.72418],[-4.35693,36.72387],[-4.35697,36.72289],[-4.35658,36.72267],[-4.35661,36.72249],[-4.35691,36.72216],[-4.35682,36.72193],[-4.3562,36.72144],[-4.35519,36.72113],[-4.35516,36.72105],[-4.35522,36.72073],[-4.35664,36.72124],[-4.35679,36.72072]]]}},{"type":"Feature","properties":{"id":"2906702024"},"geometry":{"type":"Polygon","coordinates":[[[-4.35911,36.72099],[-4.35632,36.72061],[-4.35687,36.71899],[-4.35883,36.71926],[-4.35912,36.71923],[-4.35911,36.72099]]]}},{"type":"Feature","properties":{"id":"2906702025"},"geometry":{"type":"Polygon","coordinates":[[[-4.35529,36.72045],[-4.35259,36.7201],[-4.35188,36.71976],[-4.35246,36.71897],[-4.35286,36.71799],[-4.3558,36.71876],[-4.35529,36.72045]]]}},{"type":"Feature","properties":{"id":"2906702026"},"geometry":{"type":"Polygon","coordinates":[[[-4.35344,36.7202],[-4.35679,36.72072],[-4.35664,36.72124],[-4.35522,36.72073],[-4.35514,36.72112],[-4.35453,36.72111],[-4.35428,36.7212],[-4.35374,36.72172],[-4.35279,36.72211],[-4.3524,36.72243],[-4.35237,36.72265],[-4.35297,36.72323],[-4.35276,36.72407],[-4.35293,36.72561],[-4.35259,36.72633],[-4.35217,36.72649],[-4.35135,36.72571],[-4.35126,36.72504],[-4.35067,36.72441],[-4.35039,36.72394],[-4.35035,36.7235],[-4.35064,36.72274],[-4.35056,36.72231],[-4.35093,36.72115],[-4.35106,36.72105],[-4.35247,36.72081],[-4.3533,36.72039],[-4.35344,36.7202]]]}},{"type":"Feature","properties":{"id":"2906702027"},"geometry":{"type":"Polygon","coordinates":[[[-4.31609,36.71794],[-4.31725,36.71694],[-4.31761,36.71634],[-4.3182,36.71593],[-4.31926,36.71469],[-4.32158,36.71485],[-4.32478,36.71577],[-4.32586,36.71564],[-4.32633,36.71575],[-4.32667,36.71572],[-4.32715,36.71667],[-4.32748,36.7169],[-4.32781,36.71704],[-4.32886,36.7172],[-4.32948,36.71773],[-4.33024,36.71807],[-4.33059,36.71809],[-4.3323,36.71868],[-4.33288,36.719],[-4.33302,36.71934],[-4.33343,36.71961],[-4.33346,36.72],[-4.33378,36.72059],[-4.33429,36.72098],[-4.33858,36.72132],[-4.33903,36.72118],[-4.33877,36.72107],[-4.33873,36.72085],[-4.3389,36.72075],[-4.33899,36.71985],[-4.33942,36.71938],[-4.33954,36.71878],[-4.33979,36.71861],[-4.33988,36.71782],[-4.34005,36.71763],[-4.34036,36.71765],[-4.341,36.71722],[-4.34086,36.71668],[-4.3409,36.71637],[-4.34218,36.71587],[-4.34258,36.71562],[-4.34255,36.71546],[-4.34271,36.71524],[-4.34266,36.71497],[-4.34316,36.7144],[-4.34368,36.71482],[-4.34424,36.71509],[-4.34572,36.71528],[-4.34618,36.71554],[-4.34687,36.71673],[-4.34711,36.71758],[-4.34734,36.71778],[-4.35009,36.71844],[-4.35043,36.71868],[-4.3507,36.71914],[-4.35175,36.7197],[-4.35164,36.71994],[-4.35092,36.72045],[-4.34881,36.72167],[-4.34785,36.72208],[-4.34569,36.72379],[-4.34524,36.72443],[-4.34518,36.72525],[-4.34485,36.72543],[-4.34485,36.72586],[-4.34473,36.72598],[-4.34391,36.72616],[-4.34368,36.72633],[-4.34348,36.72667],[-4.34343,36.72704],[-4.34314,36.72722],[-4.34279,36.72777],[-4.3428,36.72788],[-4.34317,36.72782],[-4.34323,36.72794],[-4.34275,36.72861],[-4.34225,36.72886],[-4.3421,36.72935],[-4.34014,36.73016],[-4.33967,36.73052],[-4.33995,36.73113],[-4.34028,36.73147],[-4.34029,36.73164],[-4.34014,36.73195],[-4.33969,36.73211],[-4.33957,36.73233],[-4.3395,36.73312],[-4.33935,36.73345],[-4.33863,36.73392],[-4.33781,36.73406],[-4.33772,36.73389],[-4.33801,36.73383],[-4.33833,36.73362],[-4.33837,36.73307],[-4.33797,36.73264],[-4.33727,36.73289],[-4.3366,36.73397],[-4.33584,36.73448],[-4.33474,36.73638],[-4.33368,36.73678],[-4.33355,36.73726],[-4.33311,36.73765],[-4.33233,36.73792],[-4.33249,36.7386],[-4.33222,36.73861],[-4.33202,36.73823],[-4.33198,36.73786],[-4.3324,36.73754],[-4.33216,36.73739],[-4.33163,36.73774],[-4.3315,36.73795],[-4.3315,36.73889],[-4.33202,36.73942],[-4.3322,36.73975],[-4.33215,36.73992],[-4.33178,36.74037],[-4.33141,36.74054],[-4.33118,36.74051],[-4.33073,36.74067],[-4.33046,36.74095],[-4.3303,36.74121],[-4.33033,36.74133],[-4.33075,36.74153],[-4.33126,36.74212],[-4.33119,36.74225],[-4.33097,36.74232],[-4.33046,36.74227],[-4.32985,36.74248],[-4.32988,36.74267],[-4.33011,36.74276],[-4.33014,36.7429],[-4.32978,36.74309],[-4.32965,36.74348],[-4.32914,36.74397],[-4.32933,36.7442],[-4.32922,36.74468],[-4.32956,36.74498],[-4.32987,36.74507],[-4.33004,36.74546],[-4.33035,36.74554],[-4.3305,36.74568],[-4.33033,36.74603],[-4.33051,36.74637],[-4.33033,36.74689],[-4.32939,36.74673],[-4.32842,36.7464],[-4.32732,36.74622],[-4.32672,36.74586],[-4.32587,36.74559],[-4.32503,36.74549],[-4.32368,36.74545],[-4.323,36.74562],[-4.32243,36.74543],[-4.32215,36.74563],[-4.32165,36.74563],[-4.3211,36.74546],[-4.32041,36.74594],[-4.32007,36.74579],[-4.31989,36.74546],[-4.31879,36.74484],[-4.31837,36.74475],[-4.31799,36.74514],[-4.31781,36.74511],[-4.31754,36.74475],[-4.31721,36.74461],[-4.31644,36.74459],[-4.31633,36.74431],[-4.31636,36.74329],[-4.31613,36.74294],[-4.31542,36.74238],[-4.31528,36.74197],[-4.31558,36.74126],[-4.31598,36.74079],[-4.31737,36.73976],[-4.31785,36.73913],[-4.31778,36.73884],[-4.31743,36.73875],[-4.31695,36.73877],[-4.31636,36.73895],[-4.31567,36.73896],[-4.31489,36.73886],[-4.31387,36.73819],[-4.31234,36.73838],[-4.31146,36.73864],[-4.31053,36.73876],[-4.30874,36.7385],[-4.30736,36.73862],[-4.3067,36.73851],[-4.30605,36.73853],[-4.30549,36.73866],[-4.30429,36.73868],[-4.30416,36.73842],[-4.30423,36.73757],[-4.30453,36.73709],[-4.30495,36.73669],[-4.30523,36.73602],[-4.30583,36.73549],[-4.30661,36.73527],[-4.30882,36.73536],[-4.31069,36.73495],[-4.31157,36.73457],[-4.31196,36.73456],[-4.3125,36.7347],[-4.31545,36.73309],[-4.31611,36.73177],[-4.31646,36.73132],[-4.3168,36.73107],[-4.31704,36.73101],[-4.31877,36.73147],[-4.31881,36.73093],[-4.31686,36.72853],[-4.31564,36.72669],[-4.3155,36.72615],[-4.31563,36.72492],[-4.31535,36.7242],[-4.31496,36.7236],[-4.31412,36.72301],[-4.31397,36.72276],[-4.31397,36.72107],[-4.31422,36.71991],[-4.31454,36.71948],[-4.31596,36.71829],[-4.31609,36.71794]]]}},{"type":"Feature","properties":{"id":"2906702028"},"geometry":{"type":"Polygon","coordinates":[[[-4.362,36.71953],[-4.36194,36.72015],[-4.36446,36.72034],[-4.3643,36.72185],[-4.36129,36.72107],[-4.3615,36.7198],[-4.362,36.71953]]]}},{"type":"Feature","properties":{"id":"2906702029"},"geometry":{"type":"Polygon","coordinates":[[[-4.31609,36.71794],[-4.31627,36.71674],[-4.31604,36.71519],[-4.3154,36.71375],[-4.31465,36.71278],[-4.31542,36.71263],[-4.31791,36.71259],[-4.32025,36.7124],[-4.32073,36.71234],[-4.32087,36.71209],[-4.3211,36.71203],[-4.32174,36.71223],[-4.32249,36.71224],[-4.32306,36.71235],[-4.3238,36.71236],[-4.32524,36.7122],[-4.32637,36.71193],[-4.32653,36.71158],[-4.32694,36.71136],[-4.32719,36.71134],[-4.32762,36.71145],[-4.32766,36.7118],[-4.32833,36.71198],[-4.3287,36.71269],[-4.32949,36.71293],[-4.33036,36.71307],[-4.33159,36.71302],[-4.33242,36.71287],[-4.33313,36.71259],[-4.33313,36.71235],[-4.33323,36.71231],[-4.33341,36.71258],[-4.3347,36.71258],[-4.33491,36.71233],[-4.33474,36.71231],[-4.33478,36.71222],[-4.3352,36.71203],[-4.33524,36.71229],[-4.33512,36.71246],[-4.33547,36.71261],[-4.33666,36.71272],[-4.33693,36.71265],[-4.33692,36.71246],[-4.33701,36.71242],[-4.33712,36.71259],[-4.33801,36.71264],[-4.33972,36.71257],[-4.34124,36.71312],[-4.34358,36.71369],[-4.34446,36.71382],[-4.34471,36.7136],[-4.34478,36.71367],[-4.34602,36.71369],[-4.34669,36.71419],[-4.34667,36.71433],[-4.34646,36.71428],[-4.3459,36.71387],[-4.34478,36.71383],[-4.34424,36.71459],[-4.3443,36.71473],[-4.34488,36.7149],[-4.34516,36.71424],[-4.34523,36.71427],[-4.34498,36.71489],[-4.34529,36.71501],[-4.34549,36.71456],[-4.34556,36.71459],[-4.34537,36.71504],[-4.34598,36.71519],[-4.34595,36.71441],[-4.34608,36.71441],[-4.34639,36.71529],[-4.34679,36.71585],[-4.34714,36.71601],[-4.34766,36.71612],[-4.34828,36.71645],[-4.35,36.7167],[-4.35079,36.71702],[-4.35201,36.71723],[-4.35259,36.71716],[-4.35319,36.71688],[-4.35266,36.71856],[-4.35188,36.71976],[-4.3507,36.71914],[-4.35043,36.71868],[-4.35009,36.71844],[-4.34734,36.71778],[-4.34711,36.71758],[-4.34687,36.71673],[-4.34618,36.71554],[-4.34572,36.71528],[-4.34424,36.71509],[-4.34368,36.71482],[-4.34316,36.7144],[-4.34266,36.71497],[-4.34271,36.71524],[-4.34255,36.71546],[-4.34258,36.71562],[-4.34218,36.71587],[-4.3409,36.71637],[-4.34086,36.71668],[-4.341,36.71722],[-4.34036,36.71765],[-4.34005,36.71763],[-4.33988,36.71782],[-4.33979,36.71861],[-4.33954,36.71878],[-4.33942,36.71938],[-4.33899,36.71985],[-4.3389,36.72075],[-4.33873,36.72085],[-4.33877,36.72107],[-4.33903,36.72118],[-4.33858,36.72132],[-4.33429,36.72098],[-4.33378,36.72059],[-4.33346,36.72],[-4.33343,36.71961],[-4.33302,36.71934],[-4.33288,36.719],[-4.3323,36.71868],[-4.33059,36.71809],[-4.33024,36.71807],[-4.32948,36.71773],[-4.32886,36.7172],[-4.32781,36.71704],[-4.32748,36.7169],[-4.32715,36.71667],[-4.32667,36.71572],[-4.32633,36.71575],[-4.32586,36.71564],[-4.32478,36.71577],[-4.32158,36.71485],[-4.31926,36.71469],[-4.3182,36.71593],[-4.31761,36.71634],[-4.31725,36.71694],[-4.31609,36.71794]]]}},{"type":"Feature","properties":{"id":"2906702030"},"geometry":{"type":"Polygon","coordinates":[[[-4.37127,36.72732],[-4.37141,36.72745],[-4.37163,36.72726],[-4.3719,36.72722],[-4.37204,36.72733],[-4.37212,36.72767],[-4.37252,36.7278],[-4.37251,36.72804],[-4.37265,36.7281],[-4.37291,36.72798],[-4.37301,36.7283],[-4.37331,36.7286],[-4.37435,36.72941],[-4.37465,36.72903],[-4.3743,36.72827],[-4.37416,36.72822],[-4.37394,36.72838],[-4.37394,36.72792],[-4.37478,36.72791],[-4.37509,36.72779],[-4.37541,36.72723],[-4.37572,36.7272],[-4.37645,36.72678],[-4.37707,36.7262],[-4.37731,36.72638],[-4.37772,36.7264],[-4.37752,36.72694],[-4.37776,36.72771],[-4.37803,36.72818],[-4.37804,36.72826],[-4.37725,36.72861],[-4.37742,36.72906],[-4.37724,36.72995],[-4.37731,36.73031],[-4.37668,36.7303],[-4.37676,36.73124],[-4.37717,36.73142],[-4.37765,36.73253],[-4.37724,36.7329],[-4.3763,36.73343],[-4.37669,36.73407],[-4.37697,36.73485],[-4.3766,36.73515],[-4.37537,36.73557],[-4.37537,36.73608],[-4.37592,36.73689],[-4.37661,36.73747],[-4.37735,36.74009],[-4.37678,36.74028],[-4.3773,36.74103],[-4.37748,36.74355],[-4.3778,36.74381],[-4.37706,36.74382],[-4.3767,36.74367],[-4.37617,36.74384],[-4.37449,36.74505],[-4.37425,36.74595],[-4.37449,36.74667],[-4.37423,36.74684],[-4.37403,36.74715],[-4.37389,36.74719],[-4.37389,36.74734],[-4.37407,36.74758],[-4.374,36.74778],[-4.37408,36.74858],[-4.37434,36.74868],[-4.37475,36.74902],[-4.37481,36.74938],[-4.37467,36.74979],[-4.37456,36.74992],[-4.37416,36.75009],[-4.37424,36.74976],[-4.37412,36.74968],[-4.37322,36.74932],[-4.37289,36.7493],[-4.37154,36.7501],[-4.37022,36.75112],[-4.36978,36.75168],[-4.36904,36.75219],[-4.36875,36.75215],[-4.36858,36.75203],[-4.36832,36.7515],[-4.36792,36.75141],[-4.36698,36.75184],[-4.36489,36.75248],[-4.36429,36.7528],[-4.36284,36.7526],[-4.36228,36.75276],[-4.36182,36.75306],[-4.36173,36.75335],[-4.36189,36.75512],[-4.3615,36.75615],[-4.36149,36.75643],[-4.36195,36.7569],[-4.36297,36.75746],[-4.36335,36.75789],[-4.36343,36.75813],[-4.36306,36.75826],[-4.3622,36.75825],[-4.36192,36.75839],[-4.36161,36.75919],[-4.36142,36.76031],[-4.36092,36.76078],[-4.36032,36.76102],[-4.35991,36.76065],[-4.35973,36.76061],[-4.35959,36.76059],[-4.35922,36.76095],[-4.35864,36.76076],[-4.35754,36.76169],[-4.35654,36.76224],[-4.35637,36.76243],[-4.35665,36.76272],[-4.35665,36.76286],[-4.35602,36.76302],[-4.35622,36.76347],[-4.35614,36.76361],[-4.35586,36.76372],[-4.35582,36.76416],[-4.35543,36.76443],[-4.35519,36.76499],[-4.3545,36.76533],[-4.35345,36.76635],[-4.35263,36.76644],[-4.35189,36.76667],[-4.34816,36.76587],[-4.34667,36.76534],[-4.34648,36.7652],[-4.3464,36.76437],[-4.34653,36.76358],[-4.34816,36.76263],[-4.34857,36.76195],[-4.34908,36.76164],[-4.34921,36.76136],[-4.34912,36.76093],[-4.3488,36.76028],[-4.34877,36.75966],[-4.34849,36.75893],[-4.34852,36.75793],[-4.34832,36.75743],[-4.34882,36.75666],[-4.34852,36.75555],[-4.34857,36.75449],[-4.34952,36.75339],[-4.34937,36.75274],[-4.34974,36.7524],[-4.35027,36.75215],[-4.35103,36.75095],[-4.35146,36.75071],[-4.35161,36.75045],[-4.3515,36.7502],[-4.35157,36.75003],[-4.35209,36.74949],[-4.35212,36.74883],[-4.3529,36.74856],[-4.35379,36.74793],[-4.35493,36.74674],[-4.35503,36.74654],[-4.35482,36.74592],[-4.35513,36.7452],[-4.35518,36.74449],[-4.35496,36.74348],[-4.35537,36.74383],[-4.35606,36.74404],[-4.35868,36.7459],[-4.36405,36.74479],[-4.36467,36.74265],[-4.36446,36.74066],[-4.36377,36.73899],[-4.3625,36.73781],[-4.36239,36.73666],[-4.3628,36.73584],[-4.3626,36.73517],[-4.36282,36.73378],[-4.36332,36.73355],[-4.36355,36.73279],[-4.36308,36.73186],[-4.36324,36.73073],[-4.36375,36.73079],[-4.36563,36.72931],[-4.3686,36.73103],[-4.37007,36.73151],[-4.37057,36.73144],[-4.36962,36.72861],[-4.36898,36.72789],[-4.36823,36.72745],[-4.36924,36.72735],[-4.36919,36.72707],[-4.3698,36.727],[-4.36999,36.72721],[-4.37073,36.72745],[-4.37129,36.72741],[-4.37127,36.72732]]]}},{"type":"Feature","properties":{"id":"2906702031"},"geometry":{"type":"MultiPolygon","coordinates":[[[[-4.34273,36.87826],[-4.34147,36.87823],[-4.34064,36.87803],[-4.33987,36.87764],[-4.33621,36.87667],[-4.33499,36.87613],[-4.3316,36.8753],[-4.33058,36.87529],[-4.33013,36.87515],[-4.32976,36.8749],[-4.32909,36.87413],[-4.32754,36.87186],[-4.32732,36.87168],[-4.32621,36.87126],[-4.32571,36.87096],[-4.32537,36.87045],[-4.32471,36.86898],[-4.32434,36.86839],[-4.32453,36.86798],[-4.32448,36.8678],[-4.32402,36.86733],[-4.32374,36.86686],[-4.32366,36.86627],[-4.32378,36.86426],[-4.32361,36.8641],[-4.32158,36.86408],[-4.32162,36.86236],[-4.32154,36.86194],[-4.32031,36.86107],[-4.31995,36.861],[-4.31966,36.86082],[-4.31925,36.86079],[-4.3188,36.86089],[-4.31794,36.86155],[-4.31722,36.86144],[-4.31698,36.86149],[-4.31639,36.86204],[-4.31583,36.86213],[-4.315,36.86186],[-4.31446,36.86198],[-4.31407,36.86197],[-4.3123,36.86136],[-4.31137,36.86122],[-4.31011,36.86077],[-4.30948,36.86071],[-4.30865,36.86092],[-4.30839,36.8613],[-4.30815,36.86215],[-4.30796,36.86234],[-4.30775,36.86237],[-4.30679,36.86188],[-4.30641,36.86159],[-4.30633,36.86207],[-4.30597,36.86261],[-4.30374,36.86257],[-4.30337,36.86247],[-4.30319,36.86162],[-4.30305,36.86157],[-4.30202,36.86167],[-4.30131,36.86164],[-4.30081,36.86146],[-4.30031,36.8611],[-4.29956,36.86201],[-4.2985,36.86189],[-4.29847,36.86069],[-4.29709,36.85964],[-4.29622,36.85995],[-4.29447,36.85996],[-4.29272,36.85973],[-4.29104,36.85993],[-4.29054,36.8598],[-4.28889,36.85899],[-4.28807,36.85869],[-4.28724,36.85864],[-4.28697,36.85845],[-4.28795,36.85631],[-4.28826,36.85613],[-4.28962,36.85598],[-4.28949,36.85548],[-4.28852,36.85394],[-4.28987,36.85342],[-4.28992,36.85315],[-4.28927,36.85228],[-4.28992,36.85193],[-4.2904,36.85154],[-4.291,36.84981],[-4.29154,36.84936],[-4.2916,36.84823],[-4.29181,36.84762],[-4.29175,36.84702],[-4.29192,36.84629],[-4.29174,36.84588],[-4.29075,36.84511],[-4.29014,36.84402],[-4.28994,36.84339],[-4.28952,36.84282],[-4.28952,36.84239],[-4.28924,36.8422],[-4.289,36.84218],[-4.28867,36.84242],[-4.28844,36.84242],[-4.28827,36.84231],[-4.28816,36.84195],[-4.28789,36.84167],[-4.28868,36.84127],[-4.28865,36.84112],[-4.28812,36.84065],[-4.28806,36.83981],[-4.28779,36.83957],[-4.28749,36.83955],[-4.28681,36.83978],[-4.28639,36.83979],[-4.286,36.83963],[-4.28571,36.83924],[-4.28537,36.83915],[-4.28438,36.8386],[-4.28379,36.8387],[-4.2836,36.83858],[-4.28331,36.83785],[-4.28252,36.83739],[-4.28237,36.83717],[-4.28318,36.83562],[-4.28273,36.83545],[-4.28277,36.83522],[-4.28353,36.83409],[-4.28281,36.83372],[-4.28136,36.83328],[-4.28003,36.83215],[-4.27956,36.83199],[-4.27866,36.83195],[-4.27686,36.83209],[-4.27663,36.83284],[-4.27306,36.83298],[-4.27243,36.83309],[-4.27173,36.8335],[-4.26993,36.83523],[-4.26978,36.8355],[-4.27007,36.83701],[-4.26875,36.83767],[-4.26779,36.83791],[-4.26683,36.83833],[-4.26612,36.83878],[-4.26549,36.83774],[-4.2654,36.83717],[-4.26548,36.83687],[-4.2658,36.83649],[-4.26549,36.83543],[-4.266,36.83484],[-4.26588,36.83383],[-4.26549,36.83349],[-4.26544,36.83269],[-4.26568,36.83208],[-4.26543,36.83162],[-4.26518,36.83154],[-4.26441,36.83155],[-4.26265,36.83202],[-4.26233,36.83199],[-4.26131,36.83134],[-4.26105,36.83093],[-4.26058,36.8297],[-4.26051,36.82782],[-4.26077,36.82724],[-4.26174,36.82595],[-4.26206,36.82483],[-4.26194,36.82129],[-4.26263,36.82059],[-4.26342,36.82014],[-4.26697,36.81925],[-4.26746,36.82],[-4.26904,36.8201],[-4.26939,36.82002],[-4.27063,36.81927],[-4.27109,36.81922],[-4.27202,36.81964],[-4.27289,36.81948],[-4.27351,36.82059],[-4.27398,36.8209],[-4.27413,36.82065],[-4.2739,36.81821],[-4.27399,36.8176],[-4.27501,36.81566],[-4.27548,36.81505],[-4.27558,36.81426],[-4.27589,36.81339],[-4.27639,36.81245],[-4.27697,36.81162],[-4.27922,36.8093],[-4.28059,36.80768],[-4.28099,36.80701],[-4.28147,36.80571],[-4.28171,36.80533],[-4.28213,36.80502],[-4.28281,36.8047],[-4.2853,36.80385],[-4.28427,36.80301],[-4.28314,36.80246],[-4.28137,36.80097],[-4.28062,36.80072],[-4.28039,36.80039],[-4.28036,36.80005],[-4.28086,36.79927],[-4.27982,36.79889],[-4.279,36.79843],[-4.27759,36.79809],[-4.27728,36.79755],[-4.27638,36.79795],[-4.27587,36.79774],[-4.27533,36.79736],[-4.27495,36.79688],[-4.27457,36.79555],[-4.27455,36.79517],[-4.27479,36.79496],[-4.27525,36.79498],[-4.27571,36.79523],[-4.27674,36.79557],[-4.27759,36.79575],[-4.27826,36.79598],[-4.2798,36.79736],[-4.28034,36.79763],[-4.28404,36.79847],[-4.28406,36.79758],[-4.28458,36.79728],[-4.28506,36.79726],[-4.28546,36.79737],[-4.28597,36.79711],[-4.28651,36.79703],[-4.28698,36.79708],[-4.28735,36.79669],[-4.28785,36.79649],[-4.29027,36.79682],[-4.29015,36.7956],[-4.29016,36.79522],[-4.29034,36.795],[-4.29087,36.79517],[-4.29229,36.79629],[-4.29293,36.79662],[-4.29327,36.79623],[-4.29433,36.79562],[-4.29546,36.79541],[-4.29634,36.79553],[-4.2964,36.7949],[-4.29755,36.79326],[-4.29703,36.79267],[-4.29659,36.79255],[-4.2958,36.79251],[-4.29279,36.79209],[-4.29244,36.79187],[-4.29195,36.79137],[-4.29163,36.79079],[-4.29126,36.78889],[-4.29132,36.78751],[-4.29125,36.78716],[-4.29087,36.7865],[-4.29017,36.78575],[-4.29028,36.78537],[-4.29053,36.7851],[-4.29036,36.78445],[-4.29081,36.7832],[-4.29052,36.78233],[-4.2905,36.78176],[-4.29239,36.78221],[-4.29361,36.78092],[-4.29489,36.7798],[-4.29497,36.77958],[-4.29474,36.77933],[-4.29497,36.77916],[-4.29617,36.77888],[-4.29567,36.77794],[-4.29941,36.77909],[-4.2997,36.77857],[-4.30162,36.77596],[-4.30312,36.77461],[-4.30372,36.7724],[-4.30435,36.77103],[-4.30482,36.7683],[-4.30479,36.76782],[-4.30406,36.76645],[-4.30383,36.76574],[-4.30358,36.76423],[-4.30363,36.76267],[-4.30386,36.76214],[-4.30539,36.76068],[-4.30572,36.7601],[-4.30584,36.75955],[-4.30576,36.7586],[-4.30537,36.7577],[-4.30499,36.75564],[-4.30499,36.75461],[-4.30515,36.75416],[-4.30548,36.75373],[-4.3061,36.75332],[-4.30658,36.75319],[-4.30935,36.75311],[-4.31027,36.75297],[-4.31077,36.75266],[-4.31301,36.75056],[-4.31489,36.74939],[-4.31542,36.74892],[-4.31572,36.74844],[-4.31598,36.74759],[-4.31693,36.74547],[-4.31683,36.74515],[-4.31644,36.74459],[-4.31721,36.74461],[-4.31754,36.74475],[-4.31781,36.74511],[-4.31799,36.74514],[-4.31837,36.74475],[-4.31879,36.74484],[-4.31989,36.74546],[-4.32007,36.74579],[-4.32041,36.74594],[-4.3211,36.74546],[-4.32165,36.74563],[-4.32215,36.74563],[-4.32243,36.74543],[-4.323,36.74562],[-4.32368,36.74545],[-4.32427,36.74543],[-4.32587,36.74559],[-4.32672,36.74586],[-4.32732,36.74622],[-4.32842,36.7464],[-4.32939,36.74673],[-4.33033,36.74689],[-4.33055,36.74732],[-4.33039,36.74771],[-4.33052,36.74795],[-4.33089,36.74812],[-4.33148,36.74819],[-4.33106,36.74866],[-4.33116,36.74907],[-4.33298,36.74918],[-4.33342,36.74898],[-4.33371,36.74902],[-4.33397,36.74913],[-4.33431,36.74957],[-4.33466,36.7497],[-4.33508,36.74962],[-4.3356,36.74933],[-4.33629,36.74949],[-4.33729,36.74897],[-4.33846,36.74872],[-4.33909,36.74868],[-4.33923,36.74781],[-4.33949,36.74782],[-4.33973,36.74798],[-4.34019,36.74811],[-4.34032,36.74842],[-4.34064,36.74863],[-4.34101,36.74857],[-4.34136,36.74865],[-4.34214,36.7486],[-4.34253,36.74832],[-4.34282,36.74835],[-4.34308,36.7479],[-4.34338,36.74782],[-4.344,36.74789],[-4.34506,36.74773],[-4.34621,36.74852],[-4.34666,36.74866],[-4.34795,36.7496],[-4.34828,36.74978],[-4.34883,36.74986],[-4.34905,36.75022],[-4.34936,36.75019],[-4.34977,36.7499],[-4.35,36.74997],[-4.3501,36.75019],[-4.3504,36.75028],[-4.35027,36.75045],[-4.35027,36.75092],[-4.35012,36.75101],[-4.35006,36.75124],[-4.35024,36.75147],[-4.35034,36.75204],[-4.34952,36.75255],[-4.34937,36.75274],[-4.34952,36.75339],[-4.34857,36.75449],[-4.34852,36.75555],[-4.34882,36.75666],[-4.34832,36.75743],[-4.34852,36.75793],[-4.34849,36.75893],[-4.34877,36.75966],[-4.34889,36.7606],[-4.34918,36.76111],[-4.34919,36.76147],[-4.34908,36.76164],[-4.34857,36.76195],[-4.34816,36.76263],[-4.34653,36.76358],[-4.3464,36.76437],[-4.34648,36.7652],[-4.34667,36.76534],[-4.34816,36.76587],[-4.35189,36.76667],[-4.35263,36.76644],[-4.35345,36.76635],[-4.3545,36.76533],[-4.35519,36.76499],[-4.35543,36.76443],[-4.35582,36.76416],[-4.35586,36.76372],[-4.35614,36.76361],[-4.35622,36.76347],[-4.35602,36.76302],[-4.35665,36.76286],[-4.35665,36.76272],[-4.35637,36.76243],[-4.35654,36.76224],[-4.35754,36.76169],[-4.35864,36.76076],[-4.35922,36.76095],[-4.35959,36.76059],[-4.35973,36.76061],[-4.35991,36.76065],[-4.36032,36.76102],[-4.36092,36.76078],[-4.36142,36.76031],[-4.36161,36.75919],[-4.36192,36.75839],[-4.3622,36.75825],[-4.36306,36.75826],[-4.36343,36.75813],[-4.36335,36.75789],[-4.36297,36.75746],[-4.36195,36.7569],[-4.36149,36.75643],[-4.3615,36.75615],[-4.36189,36.75512],[-4.36173,36.75335],[-4.36182,36.75306],[-4.36228,36.75276],[-4.36284,36.7526],[-4.36429,36.7528],[-4.36489,36.75248],[-4.36698,36.75184],[-4.36792,36.75141],[-4.36832,36.7515],[-4.36858,36.75203],[-4.36875,36.75215],[-4.36904,36.75219],[-4.36978,36.75168],[-4.37022,36.75112],[-4.37154,36.7501],[-4.37289,36.7493],[-4.37322,36.74932],[-4.37424,36.74976],[-4.37416,36.75009],[-4.3744,36.75046],[-4.37449,36.75109],[-4.3747,36.75127],[-4.37499,36.75096],[-4.3763,36.75075],[-4.3767,36.75036],[-4.37682,36.75109],[-4.37668,36.75211],[-4.37671,36.75341],[-4.37686,36.75435],[-4.3768,36.7556],[-4.37735,36.75747],[-4.37739,36.75868],[-4.37763,36.7595],[-4.37754,36.76026],[-4.37774,36.76084],[-4.37786,36.76286],[-4.3778,36.76303],[-4.37812,36.76283],[-4.37819,36.76248],[-4.37932,36.76195],[-4.37956,36.76166],[-4.37962,36.76136],[-4.38043,36.76067],[-4.38146,36.75997],[-4.38222,36.75923],[-4.38272,36.75905],[-4.38305,36.75917],[-4.38406,36.75983],[-4.38445,36.75976],[-4.38516,36.75926],[-4.386,36.75896],[-4.38615,36.75883],[-4.38659,36.75881],[-4.38726,36.75856],[-4.38764,36.75827],[-4.38803,36.75831],[-4.38833,36.75816],[-4.3887,36.75778],[-4.38873,36.75733],[-4.38898,36.7567],[-4.39818,36.75689],[-4.39874,36.75639],[-4.39858,36.75557],[-4.3992,36.75513],[-4.39949,36.75477],[-4.39967,36.75425],[-4.39959,36.7539],[-4.40018,36.75365],[-4.40008,36.75351],[-4.40114,36.75323],[-4.40135,36.75289],[-4.40144,36.75231],[-4.40215,36.75206],[-4.40269,36.75225],[-4.40298,36.75208],[-4.40299,36.75166],[-4.40308,36.75183],[-4.40344,36.75179],[-4.40354,36.7517],[-4.4037,36.75059],[-4.40383,36.75041],[-4.40399,36.75038],[-4.40417,36.75068],[-4.40445,36.75076],[-4.40476,36.75069],[-4.40536,36.75029],[-4.40567,36.75023],[-4.40597,36.75038],[-4.40614,36.75063],[-4.40644,36.75056],[-4.4066,36.75001],[-4.40659,36.74941],[-4.40704,36.74925],[-4.40741,36.74922],[-4.40805,36.74999],[-4.40796,36.75042],[-4.40807,36.75084],[-4.40817,36.75258],[-4.40801,36.75322],[-4.40815,36.75455],[-4.40789,36.75589],[-4.40837,36.7567],[-4.40811,36.75776],[-4.40766,36.75845],[-4.40811,36.75885],[-4.40758,36.75987],[-4.40755,36.7604],[-4.4077,36.76083],[-4.40761,36.76087],[-4.40749,36.7608],[-4.40732,36.76053],[-4.40707,36.76037],[-4.40668,36.76053],[-4.40645,36.76073],[-4.40658,36.76109],[-4.40724,36.76202],[-4.40734,36.76238],[-4.40702,36.76332],[-4.40679,36.76369],[-4.4066,36.76381],[-4.40615,36.76383],[-4.40605,36.76398],[-4.40609,36.76502],[-4.40563,36.76542],[-4.40466,36.76701],[-4.40395,36.76765],[-4.40361,36.76772],[-4.403,36.7676],[-4.40167,36.76699],[-4.40003,36.76676],[-4.39932,36.76678],[-4.39859,36.76692],[-4.39835,36.76708],[-4.39832,36.76754],[-4.39874,36.76799],[-4.39871,36.76818],[-4.39851,36.76831],[-4.39796,36.7684],[-4.39711,36.76826],[-4.39611,36.76855],[-4.39513,36.76836],[-4.39487,36.7684],[-4.39386,36.7691],[-4.39354,36.76915],[-4.39301,36.76888],[-4.39231,36.76879],[-4.39047,36.76927],[-4.38946,36.76957],[-4.38875,36.76991],[-4.38842,36.77021],[-4.38795,36.77101],[-4.38757,36.77118],[-4.38649,36.77074],[-4.38555,36.77091],[-4.38448,36.77095],[-4.38135,36.77072],[-4.38082,36.77087],[-4.38018,36.77132],[-4.37947,36.77147],[-4.37772,36.7708],[-4.37712,36.77041],[-4.37704,36.76975],[-4.37648,36.7692],[-4.37638,36.76886],[-4.37655,36.76811],[-4.37703,36.7674],[-4.37713,36.7669],[-4.37689,36.76652],[-4.37663,36.76642],[-4.37632,36.76642],[-4.37611,36.76653],[-4.37581,36.76684],[-4.37579,36.76732],[-4.37592,36.76773],[-4.37581,36.7696],[-4.37594,36.77074],[-4.37621,36.77131],[-4.37786,36.77354],[-4.37813,36.77491],[-4.37844,36.77534],[-4.37822,36.77597],[-4.37828,36.77616],[-4.37898,36.77666],[-4.37922,36.77735],[-4.37966,36.77748],[-4.37994,36.77824],[-4.38013,36.77897],[-4.38016,36.78],[-4.38049,36.78052],[-4.38014,36.78125],[-4.38015,36.78141],[-4.38043,36.78168],[-4.38024,36.7822],[-4.38093,36.78294],[-4.3807,36.78323],[-4.38075,36.78345],[-4.38158,36.78383],[-4.38156,36.78414],[-4.38138,36.78439],[-4.38146,36.78479],[-4.38125,36.78544],[-4.3813,36.78567],[-4.38144,36.78581],[-4.38226,36.78612],[-4.38281,36.78617],[-4.38325,36.78736],[-4.38379,36.78804],[-4.38376,36.78821],[-4.38337,36.78871],[-4.38324,36.78927],[-4.38277,36.78963],[-4.38271,36.7905],[-4.38246,36.79107],[-4.38251,36.79134],[-4.38308,36.792],[-4.38303,36.79216],[-4.38267,36.79256],[-4.38246,36.79323],[-4.38193,36.79366],[-4.38185,36.79441],[-4.38112,36.79573],[-4.38086,36.79681],[-4.38037,36.7974],[-4.3807,36.79782],[-4.38048,36.79862],[-4.38077,36.79917],[-4.38153,36.79953],[-4.38198,36.79962],[-4.38214,36.79986],[-4.38186,36.8],[-4.38102,36.80001],[-4.38043,36.80025],[-4.37969,36.80128],[-4.37865,36.80198],[-4.37878,36.8024],[-4.37934,36.80326],[-4.37936,36.80416],[-4.37985,36.8049],[-4.37986,36.80532],[-4.37964,36.80558],[-4.37864,36.80625],[-4.37773,36.80715],[-4.37763,36.8073],[-4.37763,36.80783],[-4.37732,36.80823],[-4.37727,36.80867],[-4.37684,36.80916],[-4.3768,36.8096],[-4.3761,36.8104],[-4.37588,36.8111],[-4.37539,36.81153],[-4.37472,36.81192],[-4.37334,36.8125],[-4.37264,36.81294],[-4.37226,36.81304],[-4.37201,36.81302],[-4.37178,36.81275],[-4.37163,36.81164],[-4.3714,36.81141],[-4.37121,36.81139],[-4.37075,36.81161],[-4.36996,36.81141],[-4.36933,36.81143],[-4.36912,36.81161],[-4.36881,36.81219],[-4.36804,36.8125],[-4.36754,36.81291],[-4.36649,36.81418],[-4.36347,36.81625],[-4.36046,36.81713],[-4.35976,36.81717],[-4.35836,36.81694],[-4.35723,36.81711],[-4.35639,36.81707],[-4.35529,36.81724],[-4.35486,36.81749],[-4.35431,36.8181],[-4.35416,36.81881],[-4.35361,36.81956],[-4.35345,36.82011],[-4.35345,36.82102],[-4.35378,36.82283],[-4.35383,36.82415],[-4.35353,36.82532],[-4.35373,36.82608],[-4.35392,36.82785],[-4.3538,36.82873],[-4.35392,36.83104],[-4.3538,36.83167],[-4.354,36.83211],[-4.35505,36.83348],[-4.35507,36.83395],[-4.35454,36.83527],[-4.35418,36.83564],[-4.35373,36.83633],[-4.35346,36.8372],[-4.35354,36.83794],[-4.35312,36.83844],[-4.3531,36.83896],[-4.35288,36.83924],[-4.35137,36.83971],[-4.3507,36.83961],[-4.34996,36.83973],[-4.34723,36.83984],[-4.34677,36.84004],[-4.34677,36.84017],[-4.34743,36.84082],[-4.34768,36.84151],[-4.34848,36.84206],[-4.34872,36.8425],[-4.34884,36.8431],[-4.34927,36.84373],[-4.3493,36.84416],[-4.34888,36.84463],[-4.34886,36.84505],[-4.34904,36.84544],[-4.34966,36.84618],[-4.34957,36.84698],[-4.34982,36.84803],[-4.34977,36.84899],[-4.35024,36.85033],[-4.3503,36.85247],[-4.35007,36.85293],[-4.35003,36.85334],[-4.35015,36.8539],[-4.35057,36.85461],[-4.35003,36.85625],[-4.34931,36.85723],[-4.34901,36.85847],[-4.34848,36.85942],[-4.34852,36.86074],[-4.3489,36.86164],[-4.34897,36.86249],[-4.34858,36.86339],[-4.34858,36.86399],[-4.34773,36.86524],[-4.34767,36.86551],[-4.34759,36.86622],[-4.34796,36.86683],[-4.34754,36.86738],[-4.34748,36.86788],[-4.34685,36.86887],[-4.34696,36.86972],[-4.34687,36.87024],[-4.34693,36.87104],[-4.34731,36.87161],[-4.34754,36.8723],[-4.34775,36.87335],[-4.34759,36.8741],[-4.34799,36.87473],[-4.34797,36.87507],[-4.34766,36.87542],[-4.34708,36.87563],[-4.3464,36.87614],[-4.34564,36.87637],[-4.34548,36.87672],[-4.34409,36.87755],[-4.34397,36.87771],[-4.34288,36.87834],[-4.34273,36.87826]]],[[[-4.27531,36.78466],[-4.27405,36.7847],[-4.27344,36.78412],[-4.27346,36.78388],[-4.27399,36.7835],[-4.27598,36.78244],[-4.27637,36.78212],[-4.27655,36.78179],[-4.27641,36.78087],[-4.27646,36.78003],[-4.27637,36.77973],[-4.27608,36.77946],[-4.27509,36.77913],[-4.27449,36.77859],[-4.27431,36.77817],[-4.27433,36.77769],[-4.27447,36.77742],[-4.27477,36.77722],[-4.27618,36.77712],[-4.27668,36.77696],[-4.27812,36.77611],[-4.27799,36.77567],[-4.27827,36.77543],[-4.28062,36.77448],[-4.28147,36.77398],[-4.28234,36.77375],[-4.28265,36.77349],[-4.28303,36.77275],[-4.28349,36.77252],[-4.28454,36.77251],[-4.28424,36.7749],[-4.28712,36.77513],[-4.28917,36.77553],[-4.29148,36.77625],[-4.29338,36.77717],[-4.29367,36.77789],[-4.2918,36.77792],[-4.28876,36.77861],[-4.28776,36.77891],[-4.28806,36.7795],[-4.28808,36.77979],[-4.28775,36.78031],[-4.2873,36.78076],[-4.28717,36.7811],[-4.28719,36.78153],[-4.28788,36.78156],[-4.28786,36.78198],[-4.28729,36.78265],[-4.28719,36.78305],[-4.28728,36.78426],[-4.28721,36.7844],[-4.28664,36.78433],[-4.28522,36.78385],[-4.28486,36.78382],[-4.28259,36.78437],[-4.28182,36.78403],[-4.28162,36.78465],[-4.28082,36.78469],[-4.28052,36.78491],[-4.28028,36.78544],[-4.2789,36.78627],[-4.27776,36.78648],[-4.27723,36.78648],[-4.27741,36.78578],[-4.27531,36.78466]]]]}},{"type":"Feature","properties":{"id":"2906702032"},"geometry":{"type":"Polygon","coordinates":[[[-4.36051,36.72376],[-4.36083,36.72105],[-4.36193,36.7212],[-4.36449,36.72194],[-4.36581,36.72218],[-4.36632,36.72219],[-4.36629,36.72427],[-4.36576,36.72429],[-4.36192,36.72354],[-4.36157,36.7241],[-4.36051,36.72376]]]}},{"type":"Feature","properties":{"id":"2906702033"},"geometry":{"type":"Polygon","coordinates":[[[-4.3817,36.72518],[-4.38204,36.72476],[-4.38234,36.72376],[-4.38282,36.7234],[-4.38275,36.72295],[-4.38291,36.72237],[-4.3828,36.72142],[-4.38426,36.72137],[-4.38426,36.72127],[-4.3847,36.72124],[-4.38483,36.72116],[-4.38584,36.72117],[-4.38611,36.72092],[-4.38635,36.72096],[-4.38696,36.72123],[-4.38712,36.72157],[-4.38797,36.72194],[-4.39092,36.72226],[-4.39167,36.72206],[-4.39168,36.72262],[-4.39266,36.72316],[-4.39255,36.72369],[-4.39271,36.72442],[-4.3925,36.72452],[-4.39209,36.72398],[-4.39188,36.7239],[-4.39128,36.72521],[-4.39139,36.72579],[-4.39081,36.72595],[-4.39064,36.72596],[-4.39062,36.72555],[-4.38937,36.72537],[-4.38901,36.72523],[-4.38867,36.72492],[-4.38839,36.72491],[-4.38774,36.72511],[-4.38698,36.72594],[-4.38646,36.72619],[-4.38556,36.72612],[-4.38452,36.7254],[-4.38341,36.72533],[-4.38288,36.72547],[-4.3817,36.72518]]]}},{"type":"Feature","properties":{"id":"2906702034"},"geometry":{"type":"Polygon","coordinates":[[[-4.40785,36.71952],[-4.40732,36.71817],[-4.40823,36.71764],[-4.40928,36.7182],[-4.40999,36.71835],[-4.41013,36.7183],[-4.4111,36.71908],[-4.40997,36.71909],[-4.40989,36.71974],[-4.40785,36.71952]]]}},{"type":"Feature","properties":{"id":"2906702035"},"geometry":{"type":"Polygon","coordinates":[[[-4.40363,36.71936],[-4.40439,36.71933],[-4.40473,36.71918],[-4.4052,36.71916],[-4.40593,36.71894],[-4.40732,36.71817],[-4.40837,36.72087],[-4.40743,36.72092],[-4.40417,36.72157],[-4.40413,36.72108],[-4.40378,36.72107],[-4.40363,36.71936]]]}},{"type":"Feature","properties":{"id":"2906702036"},"geometry":{"type":"Polygon","coordinates":[[[-4.39737,36.72839],[-4.39742,36.72655],[-4.39803,36.72356],[-4.3972,36.72149],[-4.399,36.72094],[-4.39958,36.72239],[-4.39934,36.72358],[-4.4001,36.72476],[-4.40011,36.72513],[-4.39987,36.72557],[-4.39956,36.72551],[-4.39937,36.72683],[-4.39888,36.72863],[-4.39882,36.72953],[-4.39838,36.72952],[-4.39803,36.72928],[-4.39759,36.72879],[-4.39737,36.72839]]]}},{"type":"Feature","properties":{"id":"2906702037"},"geometry":{"type":"Polygon","coordinates":[[[-4.38101,36.72663],[-4.38051,36.72562],[-4.37994,36.72553],[-4.37968,36.72537],[-4.37939,36.72499],[-4.37882,36.72462],[-4.37857,36.72424],[-4.37829,36.72407],[-4.3773,36.72399],[-4.37681,36.72408],[-4.37625,36.72436],[-4.37611,36.72425],[-4.3761,36.72413],[-4.37656,36.72389],[-4.37857,36.72341],[-4.37856,36.72325],[-4.37843,36.7232],[-4.37785,36.72321],[-4.37768,36.72216],[-4.37785,36.7222],[-4.38092,36.72179],[-4.38282,36.72191],[-4.38291,36.72237],[-4.38275,36.72295],[-4.38282,36.7234],[-4.38234,36.72376],[-4.38204,36.72476],[-4.3817,36.72518],[-4.38148,36.72569],[-4.38166,36.72624],[-4.38161,36.72638],[-4.38136,36.7267],[-4.38101,36.72663]]]}},{"type":"Feature","properties":{"id":"2906702038"},"geometry":{"type":"Polygon","coordinates":[[[-4.36632,36.72219],[-4.36636,36.71985],[-4.3665,36.71857],[-4.36732,36.71896],[-4.36762,36.71901],[-4.36809,36.71889],[-4.36822,36.71873],[-4.36811,36.71835],[-4.36922,36.71869],[-4.36899,36.71892],[-4.36891,36.71924],[-4.36908,36.71947],[-4.36929,36.71956],[-4.37,36.71954],[-4.37011,36.71943],[-4.37,36.71923],[-4.37006,36.7191],[-4.37056,36.71945],[-4.37121,36.71942],[-4.37104,36.71966],[-4.3713,36.7201],[-4.371,36.72051],[-4.36971,36.72024],[-4.36963,36.72034],[-4.36965,36.7224],[-4.36743,36.72239],[-4.36632,36.72219]]]}},{"type":"Feature","properties":{"id":"2906702039"},"geometry":{"type":"Polygon","coordinates":[[[-4.35858,36.72481],[-4.35969,36.7238],[-4.36049,36.72374],[-4.36049,36.72368],[-4.36051,36.72376],[-4.36163,36.7241],[-4.36018,36.7271],[-4.3594,36.72724],[-4.35925,36.72718],[-4.35951,36.72671],[-4.35953,36.72623],[-4.35899,36.72516],[-4.35858,36.72481]]]}},{"type":"Feature","properties":{"id":"2906702040"},"geometry":{"type":"Polygon","coordinates":[[[-4.3643,36.72185],[-4.36446,36.72034],[-4.36194,36.72015],[-4.362,36.71953],[-4.36636,36.71985],[-4.36632,36.72219],[-4.36581,36.72218],[-4.3643,36.72185]]]}},{"type":"Feature","properties":{"id":"2906702041"},"geometry":{"type":"Polygon","coordinates":[[[-4.40473,36.73505],[-4.40561,36.73594],[-4.40521,36.73621],[-4.40506,36.7369],[-4.40462,36.73722],[-4.40452,36.73741],[-4.40467,36.73825],[-4.40446,36.73861],[-4.40278,36.73916],[-4.40215,36.73917],[-4.40169,36.73946],[-4.40101,36.74024],[-4.39993,36.74082],[-4.39859,36.74177],[-4.3968,36.74255],[-4.39657,36.7428],[-4.39643,36.74283],[-4.39599,36.74337],[-4.39513,36.74389],[-4.39485,36.74402],[-4.39414,36.74399],[-4.39394,36.74406],[-4.39339,36.74453],[-4.3929,36.74444],[-4.39171,36.74545],[-4.39071,36.74687],[-4.39005,36.74684],[-4.38798,36.74634],[-4.38731,36.74606],[-4.38703,36.74581],[-4.38658,36.7459],[-4.38624,36.74606],[-4.38604,36.74669],[-4.38566,36.74691],[-4.38476,36.74697],[-4.38411,36.74725],[-4.38415,36.74762],[-4.38436,36.74805],[-4.38421,36.74821],[-4.38322,36.74833],[-4.38273,36.74862],[-4.38139,36.74974],[-4.38094,36.74977],[-4.38016,36.74961],[-4.37908,36.74955],[-4.3781,36.74972],[-4.37722,36.74994],[-4.37691,36.75012],[-4.3763,36.75075],[-4.37499,36.75096],[-4.3747,36.75127],[-4.37457,36.75121],[-4.3744,36.75046],[-4.37416,36.75009],[-4.37456,36.74992],[-4.37481,36.74938],[-4.37475,36.74902],[-4.37434,36.74868],[-4.37408,36.74858],[-4.374,36.74778],[-4.37407,36.74758],[-4.37389,36.74719],[-4.37403,36.74715],[-4.37423,36.74684],[-4.37449,36.74667],[-4.37425,36.74595],[-4.37436,36.74529],[-4.37464,36.74488],[-4.37514,36.74452],[-4.37533,36.74451],[-4.37617,36.74384],[-4.3767,36.74367],[-4.37706,36.74382],[-4.3778,36.74381],[-4.37931,36.74485],[-4.37997,36.74435],[-4.38038,36.74374],[-4.38094,36.74345],[-4.38108,36.74307],[-4.38108,36.7424],[-4.3812,36.74234],[-4.38151,36.7424],[-4.38177,36.74223],[-4.38215,36.74109],[-4.38245,36.74079],[-4.38402,36.73986],[-4.38494,36.73909],[-4.38565,36.73895],[-4.38686,36.73902],[-4.38626,36.73846],[-4.386,36.73778],[-4.38687,36.73704],[-4.3861,36.73634],[-4.38606,36.73593],[-4.38677,36.73518],[-4.38726,36.73496],[-4.38717,36.73462],[-4.38676,36.73405],[-4.3866,36.73311],[-4.38621,36.73205],[-4.38636,36.73163],[-4.38657,36.73159],[-4.38684,36.7314],[-4.38696,36.73125],[-4.38686,36.73111],[-4.38709,36.73102],[-4.38741,36.73063],[-4.38912,36.73053],[-4.39023,36.73063],[-4.39074,36.73094],[-4.39083,36.73116],[-4.39117,36.73147],[-4.3916,36.73154],[-4.39197,36.73111],[-4.39265,36.73109],[-4.39323,36.73079],[-4.39344,36.73036],[-4.39414,36.72957],[-4.39416,36.72916],[-4.39573,36.72925],[-4.39637,36.72938],[-4.39679,36.72879],[-4.39673,36.72842],[-4.39731,36.72845],[-4.39737,36.72839],[-4.39759,36.72879],[-4.39803,36.72928],[-4.39838,36.72952],[-4.39883,36.72953],[-4.39885,36.72979],[-4.39987,36.72997],[-4.40027,36.73016],[-4.40118,36.73106],[-4.40124,36.73207],[-4.40042,36.73284],[-4.40033,36.7337],[-4.40045,36.73373],[-4.40065,36.73425],[-4.40092,36.7342],[-4.40171,36.73511],[-4.40204,36.73568],[-4.40315,36.735],[-4.40408,36.73488],[-4.40473,36.73505]]]}},{"type":"Feature","properties":{"id":"2906702042"},"geometry":{"type":"Polygon","coordinates":[[[-4.39416,36.72916],[-4.39394,36.72823],[-4.39398,36.72729],[-4.39333,36.72735],[-4.39336,36.72694],[-4.39364,36.72655],[-4.39279,36.72633],[-4.3928,36.72624],[-4.39346,36.72612],[-4.3936,36.7258],[-4.39362,36.72542],[-4.393,36.72487],[-4.39329,36.72428],[-4.39431,36.72421],[-4.39474,36.72441],[-4.39511,36.72477],[-4.39772,36.72521],[-4.39742,36.72655],[-4.39737,36.72839],[-4.39731,36.72845],[-4.39673,36.72842],[-4.39679,36.72879],[-4.39637,36.72938],[-4.39573,36.72925],[-4.39416,36.72916]]]}},{"type":"Feature","properties":{"id":"2906702043"},"geometry":{"type":"Polygon","coordinates":[[[-4.37432,36.7224],[-4.374,36.72392],[-4.37409,36.7245],[-4.3744,36.72478],[-4.37458,36.72489],[-4.37466,36.72484],[-4.3751,36.72525],[-4.37545,36.72514],[-4.37556,36.7254],[-4.37673,36.72612],[-4.37688,36.72608],[-4.37707,36.7262],[-4.37645,36.72678],[-4.37572,36.7272],[-4.37541,36.72723],[-4.37509,36.72779],[-4.37478,36.72791],[-4.37394,36.72792],[-4.37394,36.72838],[-4.37416,36.72822],[-4.3743,36.72827],[-4.37465,36.72903],[-4.37435,36.72941],[-4.37331,36.7286],[-4.37301,36.7283],[-4.37291,36.72798],[-4.37265,36.7281],[-4.37251,36.72804],[-4.37252,36.7278],[-4.37212,36.72767],[-4.37204,36.72733],[-4.37186,36.7272],[-4.37163,36.72726],[-4.37141,36.72745],[-4.37114,36.72698],[-4.37124,36.72678],[-4.37205,36.72641],[-4.37241,36.72615],[-4.37301,36.72545],[-4.37326,36.72449],[-4.37249,36.72448],[-4.37249,36.72241],[-4.37432,36.7224]]]}},{"type":"Feature","properties":{"id":"2906702044"},"geometry":{"type":"Polygon","coordinates":[[[-4.38269,36.73258],[-4.38243,36.73203],[-4.38159,36.73178],[-4.38132,36.73123],[-4.38139,36.73098],[-4.38187,36.73081],[-4.38193,36.73066],[-4.38179,36.73039],[-4.38217,36.73072],[-4.38229,36.73096],[-4.38255,36.73094],[-4.38265,36.7307],[-4.38311,36.73072],[-4.38324,36.73149],[-4.38357,36.73149],[-4.38386,36.7316],[-4.38391,36.73186],[-4.38362,36.73223],[-4.38393,36.7328],[-4.38412,36.73295],[-4.38438,36.73294],[-4.38474,36.73264],[-4.38535,36.73256],[-4.38554,36.73269],[-4.38643,36.73266],[-4.38676,36.73405],[-4.38717,36.73462],[-4.38726,36.73496],[-4.38677,36.73518],[-4.38606,36.73593],[-4.3861,36.73634],[-4.38687,36.73704],[-4.386,36.73778],[-4.38626,36.73846],[-4.38686,36.73902],[-4.38565,36.73895],[-4.38494,36.73909],[-4.38402,36.73986],[-4.38264,36.74069],[-4.38269,36.74011],[-4.38311,36.73981],[-4.38335,36.7384],[-4.38315,36.73844],[-4.38272,36.73833],[-4.38137,36.73762],[-4.3805,36.73727],[-4.38055,36.7369],[-4.38096,36.73624],[-4.38099,36.73586],[-4.3817,36.73526],[-4.38186,36.73437],[-4.38185,36.73405],[-4.38102,36.73378],[-4.38096,36.73366],[-4.38262,36.73283],[-4.38269,36.73258]]]}},{"type":"Feature","properties":{"id":"2906702045"},"geometry":{"type":"Polygon","coordinates":[[[-4.35529,36.72045],[-4.3558,36.71876],[-4.35687,36.71899],[-4.35632,36.72061],[-4.35529,36.72045]]]}},{"type":"Feature","properties":{"id":"2906702046"},"geometry":{"type":"Polygon","coordinates":[[[-4.37768,36.72216],[-4.37785,36.72321],[-4.37843,36.7232],[-4.37856,36.72325],[-4.37857,36.72341],[-4.37656,36.72389],[-4.3761,36.72413],[-4.37611,36.72425],[-4.37625,36.72436],[-4.37681,36.72408],[-4.3773,36.72399],[-4.37829,36.72407],[-4.37857,36.72424],[-4.37882,36.72462],[-4.37939,36.72499],[-4.37968,36.72537],[-4.37994,36.72553],[-4.38051,36.72562],[-4.38105,36.72661],[-4.38032,36.72702],[-4.38019,36.72738],[-4.3794,36.72847],[-4.37893,36.72823],[-4.37864,36.72859],[-4.37871,36.72872],[-4.37854,36.72867],[-4.37825,36.72833],[-4.37809,36.72831],[-4.37787,36.72796],[-4.37752,36.72694],[-4.37772,36.7264],[-4.37731,36.72638],[-4.37688,36.72608],[-4.37673,36.72612],[-4.37556,36.7254],[-4.37545,36.72514],[-4.3751,36.72525],[-4.37466,36.72484],[-4.37458,36.72489],[-4.37418,36.72462],[-4.374,36.7243],[-4.3743,36.72232],[-4.37452,36.72238],[-4.37698,36.7223],[-4.37768,36.72216]]]}},{"type":"Feature","properties":{"id":"2906702047"},"geometry":{"type":"Polygon","coordinates":[[[-4.4067,36.73157],[-4.40581,36.7311],[-4.40535,36.731],[-4.40404,36.72998],[-4.40284,36.73011],[-4.4015,36.73043],[-4.40112,36.72952],[-4.40064,36.72908],[-4.40084,36.72889],[-4.4016,36.729],[-4.40212,36.72919],[-4.40262,36.72883],[-4.40234,36.72708],[-4.40249,36.72634],[-4.40205,36.72503],[-4.40325,36.72547],[-4.40389,36.7255],[-4.4046,36.72569],[-4.40493,36.72608],[-4.40546,36.72647],[-4.40583,36.72705],[-4.40634,36.72729],[-4.40682,36.72733],[-4.40818,36.72715],[-4.40819,36.7275],[-4.40794,36.7277],[-4.40793,36.72791],[-4.40828,36.72846],[-4.40863,36.72926],[-4.40858,36.7294],[-4.40784,36.73035],[-4.40735,36.73124],[-4.40719,36.73142],[-4.40673,36.73149],[-4.4067,36.73157]]]}},{"type":"Feature","properties":{"id":"2906702048"},"geometry":{"type":"Polygon","coordinates":[[[-4.40064,36.72908],[-4.40112,36.72952],[-4.4015,36.73043],[-4.40284,36.73011],[-4.40404,36.72998],[-4.40535,36.731],[-4.40581,36.7311],[-4.4067,36.73157],[-4.40649,36.73247],[-4.40663,36.73288],[-4.40639,36.73482],[-4.40601,36.7352],[-4.40557,36.73493],[-4.40528,36.73508],[-4.40511,36.73478],[-4.40473,36.73505],[-4.40408,36.73488],[-4.40315,36.735],[-4.40204,36.73568],[-4.40171,36.73511],[-4.40092,36.7342],[-4.40065,36.73425],[-4.40045,36.73373],[-4.40033,36.7337],[-4.40042,36.73284],[-4.40124,36.73207],[-4.40118,36.73106],[-4.40027,36.73016],[-4.39987,36.72997],[-4.39885,36.72979],[-4.39883,36.72953],[-4.4001,36.72906],[-4.40064,36.72908]]]}},{"type":"Feature","properties":{"id":"2906702049"},"geometry":{"type":"Polygon","coordinates":[[[-4.38269,36.73258],[-4.38262,36.73283],[-4.38096,36.73366],[-4.38102,36.73378],[-4.38185,36.73405],[-4.38186,36.73437],[-4.3817,36.73526],[-4.38099,36.73586],[-4.38096,36.73624],[-4.38055,36.7369],[-4.3805,36.73727],[-4.38137,36.73762],[-4.38272,36.73833],[-4.38315,36.73844],[-4.38335,36.7384],[-4.38311,36.73981],[-4.38269,36.74011],[-4.38264,36.74069],[-4.38217,36.74104],[-4.38177,36.74223],[-4.38151,36.7424],[-4.3812,36.74234],[-4.38108,36.7424],[-4.38108,36.74307],[-4.38094,36.74345],[-4.38038,36.74374],[-4.37997,36.74435],[-4.37931,36.74485],[-4.37748,36.74355],[-4.3773,36.74103],[-4.37678,36.74028],[-4.37735,36.74009],[-4.37661,36.73747],[-4.37592,36.73689],[-4.37537,36.73608],[-4.37537,36.73557],[-4.3766,36.73515],[-4.37697,36.73485],[-4.37669,36.73407],[-4.3763,36.73343],[-4.37728,36.73287],[-4.37726,36.73323],[-4.3778,36.73408],[-4.37804,36.73429],[-4.37808,36.73446],[-4.37786,36.73488],[-4.3779,36.73509],[-4.37831,36.73537],[-4.37905,36.73562],[-4.37921,36.73478],[-4.37899,36.73429],[-4.37845,36.73421],[-4.37826,36.73405],[-4.37821,36.73387],[-4.37843,36.73357],[-4.37996,36.73303],[-4.38042,36.73275],[-4.38238,36.73246],[-4.38269,36.73258]]]}},{"type":"Feature","properties":{"id":"2906702050"},"geometry":{"type":"Polygon","coordinates":[[[-4.38741,36.73063],[-4.3872,36.73023],[-4.38764,36.72912],[-4.38759,36.72888],[-4.38741,36.72879],[-4.38674,36.72899],[-4.38627,36.72862],[-4.38606,36.728],[-4.38608,36.72753],[-4.38664,36.72742],[-4.38662,36.7273],[-4.3866,36.72721],[-4.38548,36.72706],[-4.38548,36.72608],[-4.38596,36.72619],[-4.38646,36.72619],[-4.38672,36.72609],[-4.38698,36.72594],[-4.38774,36.72511],[-4.38839,36.72491],[-4.38867,36.72492],[-4.38901,36.72523],[-4.38937,36.72537],[-4.39062,36.72555],[-4.39064,36.72596],[-4.39139,36.72579],[-4.39128,36.72521],[-4.39181,36.72396],[-4.39188,36.7239],[-4.39209,36.72398],[-4.39241,36.72444],[-4.39263,36.72452],[-4.39271,36.72429],[-4.39255,36.72369],[-4.39266,36.72316],[-4.39338,36.72346],[-4.39329,36.72428],[-4.393,36.72487],[-4.39362,36.72542],[-4.3936,36.7258],[-4.39346,36.72612],[-4.3928,36.72624],[-4.39279,36.72633],[-4.39364,36.72655],[-4.39336,36.72694],[-4.39333,36.72735],[-4.39398,36.72729],[-4.39394,36.72823],[-4.39416,36.72916],[-4.39414,36.72957],[-4.39344,36.73036],[-4.39323,36.73079],[-4.39265,36.73109],[-4.39197,36.73111],[-4.3916,36.73154],[-4.39134,36.73154],[-4.39083,36.73116],[-4.39074,36.73094],[-4.39023,36.73063],[-4.38912,36.73053],[-4.38741,36.73063]]]}},{"type":"Feature","properties":{"id":"2906702051"},"geometry":{"type":"Polygon","coordinates":[[[-4.3609,36.72891],[-4.36116,36.72845],[-4.36178,36.72799],[-4.36299,36.72673],[-4.36408,36.72616],[-4.36447,36.72584],[-4.36545,36.72565],[-4.36632,36.72567],[-4.36654,36.72627],[-4.36716,36.72693],[-4.36855,36.72757],[-4.36937,36.72823],[-4.36962,36.72861],[-4.37057,36.73144],[-4.37007,36.73151],[-4.3686,36.73103],[-4.36563,36.72931],[-4.36439,36.72886],[-4.36361,36.72871],[-4.36256,36.72868],[-4.3609,36.72891]]]}},{"type":"Feature","properties":{"id":"2906703001"},"geometry":{"type":"Polygon","coordinates":[[[-4.41896,36.72344],[-4.41705,36.72263],[-4.41694,36.72282],[-4.41671,36.7229],[-4.41495,36.72179],[-4.4146,36.72136],[-4.41335,36.72136],[-4.4127,36.7211],[-4.4127,36.721],[-4.41184,36.72092],[-4.41202,36.71992],[-4.41217,36.7197],[-4.41974,36.71763],[-4.41991,36.71942],[-4.42011,36.72016],[-4.42009,36.72073],[-4.42156,36.72125],[-4.42339,36.72138],[-4.42463,36.72139],[-4.4252,36.7213],[-4.42409,36.72286],[-4.42388,36.72272],[-4.42415,36.72233],[-4.42395,36.7222],[-4.42341,36.7221],[-4.42329,36.72226],[-4.42283,36.72199],[-4.42252,36.72247],[-4.42222,36.72236],[-4.42141,36.72289],[-4.42108,36.72328],[-4.4198,36.72226],[-4.41917,36.72273],[-4.41942,36.72294],[-4.41896,36.72344]]]}},{"type":"Feature","properties":{"id":"2906703002"},"geometry":{"type":"Polygon","coordinates":[[[-4.42245,36.72246],[-4.42198,36.72285],[-4.42267,36.72349],[-4.42292,36.72417],[-4.42228,36.72438],[-4.42185,36.72449],[-4.4217,36.72407],[-4.42078,36.72436],[-4.41896,36.72344],[-4.41942,36.72294],[-4.41917,36.72273],[-4.4198,36.72226],[-4.42108,36.72328],[-4.42141,36.72289],[-4.42222,36.72236],[-4.42245,36.72246]]]}},{"type":"Feature","properties":{"id":"2906703003"},"geometry":{"type":"Polygon","coordinates":[[[-4.42302,36.72442],[-4.42267,36.72349],[-4.42198,36.72285],[-4.42252,36.72247],[-4.42283,36.72199],[-4.42329,36.72226],[-4.42341,36.7221],[-4.42395,36.7222],[-4.42415,36.72233],[-4.42388,36.72272],[-4.42409,36.72286],[-4.4252,36.7213],[-4.42547,36.72127],[-4.42587,36.72438],[-4.42545,36.7245],[-4.424,36.72456],[-4.42387,36.72428],[-4.42302,36.72442]]]}},{"type":"Feature","properties":{"id":"2906704001"},"geometry":{"type":"Polygon","coordinates":[[[-4.4139,36.72668],[-4.41457,36.72588],[-4.41366,36.72549],[-4.41323,36.72506],[-4.41371,36.72471],[-4.41412,36.7246],[-4.41467,36.72427],[-4.41459,36.72421],[-4.41466,36.724],[-4.41489,36.72395],[-4.41508,36.72377],[-4.41509,36.72342],[-4.41495,36.72322],[-4.41511,36.72299],[-4.41558,36.72284],[-4.41578,36.72254],[-4.4157,36.72226],[-4.41629,36.72268],[-4.41681,36.72288],[-4.41685,36.72297],[-4.41556,36.7246],[-4.41625,36.72512],[-4.41459,36.72681],[-4.4139,36.72668]]]}},{"type":"Feature","properties":{"id":"2906704003"},"geometry":{"type":"Polygon","coordinates":[[[-4.41647,36.72345],[-4.41751,36.72423],[-4.41733,36.72441],[-4.41691,36.72452],[-4.41832,36.72577],[-4.41648,36.72635],[-4.41528,36.72689],[-4.4146,36.72683],[-4.41625,36.72512],[-4.41556,36.7246],[-4.41647,36.72345]]]}},{"type":"Feature","properties":{"id":"2906704004"},"geometry":{"type":"Polygon","coordinates":[[[-4.40583,36.72705],[-4.40611,36.72622],[-4.40606,36.72599],[-4.40577,36.7254],[-4.40519,36.7251],[-4.40505,36.72466],[-4.40546,36.72429],[-4.40604,36.72456],[-4.40622,36.72423],[-4.40619,36.7241],[-4.40677,36.72399],[-4.40725,36.72366],[-4.40748,36.72338],[-4.40728,36.72285],[-4.40733,36.72247],[-4.40739,36.72238],[-4.40782,36.72226],[-4.40812,36.722],[-4.40996,36.72187],[-4.40997,36.72197],[-4.41153,36.72201],[-4.41158,36.72181],[-4.41205,36.72187],[-4.41219,36.72179],[-4.41228,36.72153],[-4.41272,36.72177],[-4.41323,36.72164],[-4.41423,36.72156],[-4.41447,36.72162],[-4.41462,36.72154],[-4.41482,36.7217],[-4.41472,36.72151],[-4.41495,36.72179],[-4.4157,36.72227],[-4.41578,36.72254],[-4.41558,36.72284],[-4.41511,36.72299],[-4.41495,36.72322],[-4.41509,36.72342],[-4.41508,36.72377],[-4.41489,36.72395],[-4.41466,36.724],[-4.41459,36.72421],[-4.41467,36.72427],[-4.41412,36.7246],[-4.41371,36.72471],[-4.41312,36.72513],[-4.41303,36.72547],[-4.41267,36.7258],[-4.41181,36.72603],[-4.41151,36.72651],[-4.41119,36.72678],[-4.41111,36.72722],[-4.41102,36.72727],[-4.4079,36.72716],[-4.40664,36.72733],[-4.40583,36.72705]]]}},{"type":"Feature","properties":{"id":"2906704006"},"geometry":{"type":"Polygon","coordinates":[[[-4.40893,36.72978],[-4.40793,36.72791],[-4.40794,36.7277],[-4.40819,36.7275],[-4.40818,36.72715],[-4.4103,36.7272],[-4.41002,36.72836],[-4.41056,36.72844],[-4.41074,36.72855],[-4.41085,36.72887],[-4.41068,36.72923],[-4.41007,36.72962],[-4.41033,36.72985],[-4.41054,36.73038],[-4.41049,36.73067],[-4.4101,36.73067],[-4.41005,36.7303],[-4.40968,36.72986],[-4.40893,36.72978]]]}},{"type":"Feature","properties":{"id":"2906704007"},"geometry":{"type":"Polygon","coordinates":[[[-4.41111,36.72722],[-4.41119,36.72678],[-4.41151,36.72651],[-4.41181,36.72603],[-4.41267,36.7258],[-4.41303,36.72547],[-4.41323,36.72506],[-4.41366,36.72549],[-4.41457,36.72588],[-4.41369,36.72688],[-4.41222,36.72725],[-4.4116,36.7273],[-4.41111,36.72722]]]}},{"type":"Feature","properties":{"id":"2906704008"},"geometry":{"type":"Polygon","coordinates":[[[-4.41434,36.72871],[-4.41196,36.72824],[-4.41189,36.72813],[-4.41239,36.72723],[-4.41369,36.72688],[-4.41423,36.72708],[-4.41434,36.72871]]]}},{"type":"Feature","properties":{"id":"2906704009"},"geometry":{"type":"Polygon","coordinates":[[[-4.41371,36.73152],[-4.41353,36.73173],[-4.41372,36.73237],[-4.41348,36.73262],[-4.41343,36.73284],[-4.41331,36.7325],[-4.41307,36.73239],[-4.41302,36.73189],[-4.41339,36.73063],[-4.41336,36.73032],[-4.41286,36.73032],[-4.41241,36.73002],[-4.41241,36.72987],[-4.41196,36.72977],[-4.41171,36.72957],[-4.41253,36.72837],[-4.41434,36.72871],[-4.41439,36.72863],[-4.41475,36.72946],[-4.41519,36.73128],[-4.41445,36.73147],[-4.41371,36.73152]]]}},{"type":"Feature","properties":{"id":"2906704010"},"geometry":{"type":"Polygon","coordinates":[[[-4.41343,36.73284],[-4.41348,36.73262],[-4.41372,36.73237],[-4.41353,36.73173],[-4.41371,36.73152],[-4.41438,36.73367],[-4.41578,36.73333],[-4.41584,36.735],[-4.41478,36.73504],[-4.41305,36.7347],[-4.41337,36.73411],[-4.41379,36.73387],[-4.41343,36.73284]]]}},{"type":"Feature","properties":{"id":"2906704011"},"geometry":{"type":"Polygon","coordinates":[[[-4.4139,36.72668],[-4.41476,36.72688],[-4.41532,36.72685],[-4.41542,36.72793],[-4.41492,36.72797],[-4.41492,36.72825],[-4.41501,36.72879],[-4.41561,36.72989],[-4.41554,36.72998],[-4.41487,36.72999],[-4.41439,36.72863],[-4.41423,36.72708],[-4.41369,36.72688],[-4.4139,36.72668]]]}},{"type":"Feature","properties":{"id":"2906704012"},"geometry":{"type":"Polygon","coordinates":[[[-4.41555,36.73247],[-4.41487,36.72999],[-4.41554,36.72998],[-4.41561,36.72989],[-4.41621,36.73117],[-4.41646,36.73117],[-4.41634,36.73193],[-4.41583,36.73242],[-4.41555,36.73247]]]}},{"type":"Feature","properties":{"id":"2906704013"},"geometry":{"type":"Polygon","coordinates":[[[-4.41604,36.73315],[-4.41578,36.73333],[-4.41438,36.73367],[-4.4137,36.73152],[-4.41445,36.73147],[-4.41519,36.73128],[-4.4156,36.73293],[-4.41604,36.73315]]]}},{"type":"Feature","properties":{"id":"2906704014"},"geometry":{"type":"Polygon","coordinates":[[[-4.41547,36.73241],[-4.41555,36.73247],[-4.41583,36.73242],[-4.41634,36.73193],[-4.41646,36.73117],[-4.417,36.73136],[-4.41743,36.73188],[-4.41604,36.73315],[-4.4156,36.73293],[-4.41547,36.73241]]]}},{"type":"Feature","properties":{"id":"2906704015"},"geometry":{"type":"Polygon","coordinates":[[[-4.41049,36.73067],[-4.41054,36.73038],[-4.41033,36.72985],[-4.41007,36.72962],[-4.41068,36.72923],[-4.41085,36.72887],[-4.41074,36.72855],[-4.41056,36.72844],[-4.41002,36.72836],[-4.4103,36.7272],[-4.4116,36.7273],[-4.41239,36.72723],[-4.41189,36.72813],[-4.41196,36.72824],[-4.41253,36.72837],[-4.41249,36.72847],[-4.41171,36.72956],[-4.41137,36.72978],[-4.41072,36.73066],[-4.41049,36.73067]]]}},{"type":"Feature","properties":{"id":"2906705001"},"geometry":{"type":"Polygon","coordinates":[[[-4.42038,36.72641],[-4.41922,36.72596],[-4.41864,36.72553],[-4.41858,36.72565],[-4.41831,36.72576],[-4.41704,36.72467],[-4.41691,36.72452],[-4.41733,36.72441],[-4.41751,36.72423],[-4.41647,36.72345],[-4.41705,36.72263],[-4.41895,36.72344],[-4.42062,36.72432],[-4.42078,36.72436],[-4.4217,36.72407],[-4.42189,36.72464],[-4.4222,36.72512],[-4.42141,36.72544],[-4.4215,36.72562],[-4.42124,36.7257],[-4.42115,36.72549],[-4.4206,36.72542],[-4.42059,36.72582],[-4.42038,36.72641]]]}},{"type":"Feature","properties":{"id":"2906705002"},"geometry":{"type":"Polygon","coordinates":[[[-4.42452,36.72703],[-4.42352,36.7267],[-4.4229,36.72697],[-4.42295,36.72688],[-4.42253,36.7262],[-4.4222,36.7259],[-4.42149,36.72562],[-4.42141,36.72544],[-4.4222,36.72512],[-4.42185,36.72449],[-4.42291,36.72418],[-4.42302,36.72442],[-4.42387,36.72428],[-4.424,36.72456],[-4.42545,36.7245],[-4.42587,36.72438],[-4.42611,36.72666],[-4.42574,36.72667],[-4.42506,36.72694],[-4.42452,36.72703]]]}},{"type":"Feature","properties":{"id":"2906706001"},"geometry":{"type":"Polygon","coordinates":[[[-4.4212,36.75178],[-4.42129,36.7519],[-4.42156,36.75195],[-4.42193,36.7516],[-4.42246,36.75187],[-4.4236,36.75398],[-4.4229,36.75438],[-4.42209,36.75525],[-4.4215,36.75534],[-4.42022,36.75594],[-4.41912,36.75611],[-4.41843,36.75606],[-4.41744,36.75571],[-4.41694,36.75536],[-4.41641,36.7548],[-4.41608,36.75431],[-4.41518,36.75246],[-4.41573,36.75198],[-4.41665,36.75149],[-4.4171,36.75131],[-4.41755,36.75128],[-4.41765,36.75104],[-4.41827,36.75109],[-4.41858,36.75097],[-4.4187,36.75078],[-4.41878,36.75082],[-4.41878,36.75173],[-4.41924,36.75195],[-4.42117,36.75241],[-4.4212,36.75178]]]}},{"type":"Feature","properties":{"id":"2906706002"},"geometry":{"type":"Polygon","coordinates":[[[-4.42038,36.74688],[-4.42088,36.74664],[-4.42175,36.74675],[-4.42178,36.7465],[-4.42254,36.74649],[-4.42265,36.74697],[-4.42313,36.74792],[-4.42163,36.7485],[-4.42193,36.74923],[-4.42145,36.7493],[-4.42054,36.74926],[-4.42042,36.74922],[-4.42043,36.74912],[-4.4199,36.74901],[-4.41693,36.74932],[-4.41499,36.74977],[-4.41485,36.7496],[-4.415,36.74914],[-4.41621,36.74892],[-4.41566,36.74852],[-4.41587,36.74789],[-4.41606,36.74815],[-4.41785,36.74866],[-4.41854,36.74819],[-4.41923,36.74813],[-4.42054,36.74751],[-4.42038,36.74688]]]}},{"type":"Feature","properties":{"id":"2906706003"},"geometry":{"type":"Polygon","coordinates":[[[-4.42284,36.74439],[-4.42313,36.74241],[-4.42322,36.74229],[-4.42483,36.74244],[-4.42504,36.7424],[-4.42486,36.7446],[-4.42427,36.74465],[-4.42284,36.74439]]]}},{"type":"Feature","properties":{"id":"2906706004"},"geometry":{"type":"Polygon","coordinates":[[[-4.42234,36.7424],[-4.42268,36.73987],[-4.42277,36.73775],[-4.42294,36.73733],[-4.42532,36.73746],[-4.42503,36.7404],[-4.42504,36.7424],[-4.42483,36.74244],[-4.42322,36.74229],[-4.42312,36.74248],[-4.42234,36.7424]]]}},{"type":"Feature","properties":{"id":"2906706005"},"geometry":{"type":"Polygon","coordinates":[[[-4.42067,36.74207],[-4.42073,36.74151],[-4.42029,36.74141],[-4.42019,36.74117],[-4.42041,36.73948],[-4.42098,36.73951],[-4.42142,36.73941],[-4.42247,36.73958],[-4.42271,36.73953],[-4.42239,36.74217],[-4.42067,36.74207]]]}},{"type":"Feature","properties":{"id":"2906706006"},"geometry":{"type":"Polygon","coordinates":[[[-4.41853,36.74037],[-4.41863,36.74043],[-4.41888,36.74026],[-4.41883,36.74018],[-4.41978,36.73991],[-4.42002,36.73974],[-4.42026,36.73983],[-4.42033,36.73993],[-4.42019,36.74117],[-4.42029,36.74141],[-4.42073,36.74151],[-4.42065,36.74211],[-4.41921,36.74205],[-4.41919,36.7419],[-4.41878,36.74194],[-4.41817,36.74234],[-4.41788,36.74219],[-4.41785,36.74206],[-4.41811,36.74187],[-4.41857,36.74107],[-4.41901,36.7407],[-4.41853,36.74037]]]}},{"type":"Feature","properties":{"id":"2906706007"},"geometry":{"type":"Polygon","coordinates":[[[-4.41447,36.74393],[-4.41325,36.74348],[-4.41248,36.74338],[-4.41174,36.74357],[-4.41084,36.7432],[-4.41175,36.74226],[-4.41235,36.741],[-4.41198,36.73968],[-4.41255,36.73974],[-4.41336,36.73963],[-4.41647,36.7385],[-4.41714,36.73873],[-4.41731,36.73868],[-4.41807,36.73977],[-4.41801,36.73992],[-4.41901,36.7407],[-4.41857,36.74107],[-4.41811,36.74187],[-4.41785,36.74206],[-4.41788,36.74219],[-4.41817,36.74234],[-4.41738,36.7429],[-4.4159,36.74346],[-4.41515,36.74402],[-4.41447,36.74393]]]}},{"type":"Feature","properties":{"id":"2906706008"},"geometry":{"type":"Polygon","coordinates":[[[-4.41863,36.74043],[-4.41801,36.73992],[-4.41965,36.73897],[-4.41951,36.73875],[-4.41984,36.7385],[-4.42105,36.73884],[-4.421,36.73908],[-4.42144,36.73907],[-4.42142,36.73941],[-4.42098,36.73951],[-4.42041,36.73948],[-4.42033,36.7399],[-4.42002,36.73974],[-4.41978,36.73991],[-4.41883,36.74018],[-4.41888,36.74026],[-4.41863,36.74043]]]}},{"type":"Feature","properties":{"id":"2906706009"},"geometry":{"type":"Polygon","coordinates":[[[-4.42532,36.73746],[-4.42253,36.73732],[-4.42282,36.73562],[-4.42291,36.7357],[-4.42352,36.73561],[-4.42365,36.73504],[-4.42376,36.73322],[-4.42505,36.73025],[-4.42574,36.73094],[-4.42577,36.7311],[-4.42532,36.73746]]]}},{"type":"Feature","properties":{"id":"2906706010"},"geometry":{"type":"Polygon","coordinates":[[[-4.42272,36.73504],[-4.42282,36.73562],[-4.42211,36.73585],[-4.4216,36.73587],[-4.42144,36.73579],[-4.42043,36.73595],[-4.42009,36.73581],[-4.4199,36.7356],[-4.41979,36.73525],[-4.41981,36.73502],[-4.42013,36.73492],[-4.4209,36.7352],[-4.42217,36.73515],[-4.42272,36.73504]]]}},{"type":"Feature","properties":{"id":"2906706011"},"geometry":{"type":"Polygon","coordinates":[[[-4.41925,36.73658],[-4.41849,36.73613],[-4.41814,36.73611],[-4.41713,36.73581],[-4.41703,36.7357],[-4.41731,36.7357],[-4.41761,36.73515],[-4.41857,36.73479],[-4.42011,36.73454],[-4.4208,36.73481],[-4.4212,36.73484],[-4.42125,36.73494],[-4.42255,36.73465],[-4.42272,36.73504],[-4.4226,36.73508],[-4.4209,36.7352],[-4.42013,36.73492],[-4.41981,36.73502],[-4.41979,36.73525],[-4.4199,36.7356],[-4.42009,36.73581],[-4.42043,36.73595],[-4.42144,36.73579],[-4.4216,36.73587],[-4.42211,36.73585],[-4.42282,36.73562],[-4.42274,36.73624],[-4.4217,36.73626],[-4.41959,36.7366],[-4.41925,36.73658]]]}},{"type":"Feature","properties":{"id":"2906706012"},"geometry":{"type":"Polygon","coordinates":[[[-4.41589,36.73584],[-4.41578,36.73333],[-4.41744,36.73188],[-4.4182,36.73241],[-4.41855,36.73278],[-4.42072,36.73375],[-4.4212,36.73484],[-4.4208,36.73481],[-4.42011,36.73454],[-4.41857,36.73479],[-4.41761,36.73515],[-4.41731,36.7357],[-4.41589,36.73584]]]}},{"type":"Feature","properties":{"id":"2906706013"},"geometry":{"type":"Polygon","coordinates":[[[-4.41767,36.73204],[-4.42072,36.73115],[-4.42115,36.73116],[-4.42162,36.73129],[-4.42175,36.73256],[-4.42255,36.73465],[-4.42125,36.73494],[-4.42072,36.73375],[-4.41855,36.73278],[-4.4182,36.73241],[-4.41767,36.73204]]]}},{"type":"Feature","properties":{"id":"2906706015"},"geometry":{"type":"Polygon","coordinates":[[[-4.42291,36.7357],[-4.4227,36.73498],[-4.42175,36.73256],[-4.42162,36.73129],[-4.42173,36.73136],[-4.42413,36.73117],[-4.42417,36.73035],[-4.42505,36.73025],[-4.42376,36.73322],[-4.42365,36.73504],[-4.42352,36.73561],[-4.42291,36.7357]]]}},{"type":"Feature","properties":{"id":"2906706016"},"geometry":{"type":"Polygon","coordinates":[[[-4.4214,36.72995],[-4.42147,36.73002],[-4.42253,36.73005],[-4.42278,36.73022],[-4.42324,36.72982],[-4.42343,36.72977],[-4.42498,36.72969],[-4.425,36.72963],[-4.42508,36.73004],[-4.42505,36.73025],[-4.42417,36.73035],[-4.42413,36.73117],[-4.42173,36.73136],[-4.42162,36.73129],[-4.4214,36.72995]]]}},{"type":"Feature","properties":{"id":"2906706017"},"geometry":{"type":"Polygon","coordinates":[[[-4.42162,36.73129],[-4.42115,36.73116],[-4.42072,36.73115],[-4.41767,36.73204],[-4.41744,36.73188],[-4.42094,36.72921],[-4.42131,36.72937],[-4.42162,36.73129]]]}},{"type":"Feature","properties":{"id":"2906706018"},"geometry":{"type":"Polygon","coordinates":[[[-4.41977,36.75028],[-4.41878,36.75082],[-4.41859,36.75064],[-4.41906,36.75031],[-4.41899,36.75022],[-4.41853,36.75041],[-4.41822,36.74992],[-4.41982,36.74941],[-4.4198,36.74984],[-4.42173,36.74993],[-4.42215,36.75054],[-4.42154,36.7508],[-4.42133,36.75035],[-4.42105,36.75017],[-4.42042,36.75017],[-4.41977,36.75028]]]}},{"type":"Feature","properties":{"id":"2906706019"},"geometry":{"type":"Polygon","coordinates":[[[-4.4217,36.72879],[-4.42293,36.72891],[-4.42278,36.72864],[-4.42214,36.72829],[-4.42217,36.72816],[-4.42337,36.72827],[-4.42302,36.7274],[-4.42344,36.7273],[-4.42335,36.72676],[-4.42352,36.7267],[-4.42452,36.72703],[-4.42501,36.72969],[-4.42343,36.72977],[-4.42324,36.72982],[-4.42278,36.73022],[-4.42243,36.73003],[-4.42147,36.73002],[-4.4213,36.72939],[-4.4216,36.72938],[-4.4217,36.72879]]]}},{"type":"Feature","properties":{"id":"2906706020"},"geometry":{"type":"Polygon","coordinates":[[[-4.42452,36.72703],[-4.42506,36.72694],[-4.42574,36.72667],[-4.42611,36.72666],[-4.42574,36.73094],[-4.42505,36.73025],[-4.42452,36.72703]]]}},{"type":"Feature","properties":{"id":"2906706021"},"geometry":{"type":"Polygon","coordinates":[[[-4.42293,36.72891],[-4.42134,36.72871],[-4.42196,36.72771],[-4.42222,36.72757],[-4.42251,36.72716],[-4.42332,36.7268],[-4.42344,36.7273],[-4.42302,36.7274],[-4.42337,36.72827],[-4.42217,36.72816],[-4.42214,36.72829],[-4.42278,36.72864],[-4.42293,36.72891]]]}},{"type":"Feature","properties":{"id":"2906706022"},"geometry":{"type":"Polygon","coordinates":[[[-4.42038,36.72641],[-4.42059,36.72582],[-4.4206,36.72542],[-4.42074,36.72541],[-4.42115,36.72549],[-4.42124,36.7257],[-4.4215,36.72562],[-4.4222,36.7259],[-4.42259,36.72628],[-4.42295,36.72688],[-4.42251,36.72716],[-4.42222,36.72757],[-4.42196,36.72771],[-4.42134,36.72871],[-4.42112,36.72869],[-4.42103,36.72753],[-4.42086,36.72676],[-4.42038,36.72641]]]}},{"type":"Feature","properties":{"id":"2906706023"},"geometry":{"type":"Polygon","coordinates":[[[-4.42043,36.74912],[-4.42041,36.74945],[-4.41982,36.74941],[-4.41822,36.74992],[-4.41725,36.74993],[-4.41692,36.74985],[-4.41683,36.74958],[-4.41692,36.74934],[-4.41871,36.74912],[-4.42005,36.749],[-4.42043,36.74912]]]}},{"type":"Feature","properties":{"id":"2906706024"},"geometry":{"type":"Polygon","coordinates":[[[-4.41561,36.72989],[-4.41657,36.72982],[-4.41624,36.72874],[-4.41634,36.72867],[-4.41808,36.72934],[-4.41871,36.72942],[-4.4196,36.73023],[-4.41743,36.73188],[-4.417,36.73136],[-4.41646,36.73117],[-4.41621,36.73117],[-4.41561,36.72989]]]}},{"type":"Feature","properties":{"id":"2906706025"},"geometry":{"type":"Polygon","coordinates":[[[-4.41548,36.745],[-4.41522,36.74477],[-4.41422,36.7445],[-4.41447,36.74393],[-4.41515,36.74402],[-4.416,36.7434],[-4.4177,36.74274],[-4.41878,36.74194],[-4.41919,36.7419],[-4.41921,36.74205],[-4.41936,36.74207],[-4.42121,36.74212],[-4.42103,36.74265],[-4.42061,36.74315],[-4.42004,36.74316],[-4.41925,36.74359],[-4.41869,36.74343],[-4.41938,36.74411],[-4.41905,36.74431],[-4.41791,36.74439],[-4.41777,36.74434],[-4.4176,36.7445],[-4.41699,36.74436],[-4.41646,36.74437],[-4.41622,36.74461],[-4.41615,36.74492],[-4.41577,36.74496],[-4.41565,36.74487],[-4.41548,36.745]]]}},{"type":"Feature","properties":{"id":"2906706026"},"geometry":{"type":"Polygon","coordinates":[[[-4.41861,36.72938],[-4.41875,36.72924],[-4.41834,36.7291],[-4.41808,36.72873],[-4.41793,36.72831],[-4.418,36.72791],[-4.41865,36.72795],[-4.41876,36.72713],[-4.41891,36.72713],[-4.41898,36.72681],[-4.41918,36.72674],[-4.41958,36.72611],[-4.42038,36.72641],[-4.42086,36.72676],[-4.42103,36.72753],[-4.42112,36.72869],[-4.4217,36.72879],[-4.4216,36.72938],[-4.42131,36.72937],[-4.42094,36.72921],[-4.4196,36.73023],[-4.41861,36.72938]]]}},{"type":"Feature","properties":{"id":"2906706027"},"geometry":{"type":"Polygon","coordinates":[[[-4.41648,36.72635],[-4.41858,36.72565],[-4.41864,36.72553],[-4.41885,36.72575],[-4.41958,36.72612],[-4.41918,36.72674],[-4.41898,36.72681],[-4.41891,36.72713],[-4.41876,36.72713],[-4.41865,36.72795],[-4.418,36.72791],[-4.41793,36.72831],[-4.41808,36.72873],[-4.41834,36.7291],[-4.41875,36.72924],[-4.41861,36.72938],[-4.41808,36.72934],[-4.41581,36.72844],[-4.41492,36.72825],[-4.41492,36.72797],[-4.41542,36.72793],[-4.41532,36.72685],[-4.41648,36.72635]]]}},{"type":"Feature","properties":{"id":"2906706028"},"geometry":{"type":"Polygon","coordinates":[[[-4.41492,36.72825],[-4.41581,36.72844],[-4.41634,36.72867],[-4.41624,36.72874],[-4.41657,36.72982],[-4.41561,36.72989],[-4.41501,36.72879],[-4.41492,36.72825]]]}},{"type":"Feature","properties":{"id":"2906706029"},"geometry":{"type":"Polygon","coordinates":[[[-4.34288,36.87834],[-4.34548,36.87672],[-4.34564,36.87637],[-4.3464,36.87614],[-4.34708,36.87563],[-4.34766,36.87542],[-4.34797,36.87507],[-4.34799,36.87473],[-4.34759,36.8741],[-4.34775,36.87335],[-4.34754,36.8723],[-4.34731,36.87161],[-4.34693,36.87104],[-4.34687,36.87024],[-4.34696,36.86972],[-4.34685,36.86887],[-4.34748,36.86788],[-4.34754,36.86738],[-4.34796,36.86683],[-4.34759,36.86622],[-4.34767,36.86551],[-4.34773,36.86524],[-4.34858,36.86399],[-4.34858,36.86339],[-4.34897,36.86249],[-4.3489,36.86164],[-4.34852,36.86074],[-4.34848,36.85942],[-4.34901,36.85847],[-4.34931,36.85723],[-4.35003,36.85625],[-4.35057,36.85461],[-4.35015,36.8539],[-4.35003,36.85334],[-4.35007,36.85293],[-4.3503,36.85247],[-4.35024,36.85033],[-4.34977,36.84899],[-4.34982,36.84803],[-4.34957,36.84698],[-4.34966,36.84618],[-4.34904,36.84544],[-4.34886,36.84505],[-4.34888,36.84463],[-4.3493,36.84416],[-4.34927,36.84373],[-4.34884,36.8431],[-4.34872,36.8425],[-4.34848,36.84206],[-4.34768,36.84151],[-4.34743,36.84082],[-4.34677,36.84017],[-4.34677,36.84004],[-4.34723,36.83984],[-4.34996,36.83973],[-4.3507,36.83961],[-4.35137,36.83971],[-4.35288,36.83924],[-4.3531,36.83896],[-4.35312,36.83844],[-4.35354,36.83794],[-4.35346,36.8372],[-4.35373,36.83633],[-4.35418,36.83564],[-4.35454,36.83527],[-4.35507,36.83395],[-4.35505,36.83348],[-4.354,36.83211],[-4.3538,36.83167],[-4.35392,36.83104],[-4.3538,36.82873],[-4.35392,36.82785],[-4.35373,36.82608],[-4.35353,36.82532],[-4.35383,36.82415],[-4.35378,36.82283],[-4.35345,36.82102],[-4.35345,36.82011],[-4.35361,36.81956],[-4.35416,36.81881],[-4.35431,36.8181],[-4.35486,36.81749],[-4.35529,36.81724],[-4.35639,36.81707],[-4.35723,36.81711],[-4.35836,36.81694],[-4.35976,36.81717],[-4.36046,36.81713],[-4.36347,36.81625],[-4.36649,36.81418],[-4.36754,36.81291],[-4.36804,36.8125],[-4.36881,36.81219],[-4.36912,36.81161],[-4.36933,36.81143],[-4.36996,36.81141],[-4.37075,36.81161],[-4.37121,36.81139],[-4.3714,36.81141],[-4.37163,36.81164],[-4.37178,36.81275],[-4.37201,36.81302],[-4.37226,36.81304],[-4.37264,36.81294],[-4.37334,36.8125],[-4.37472,36.81192],[-4.37539,36.81153],[-4.37588,36.8111],[-4.3761,36.8104],[-4.3768,36.8096],[-4.37684,36.80916],[-4.37727,36.80867],[-4.37732,36.80823],[-4.37763,36.80783],[-4.37763,36.8073],[-4.37773,36.80715],[-4.37864,36.80625],[-4.37964,36.80558],[-4.37986,36.80532],[-4.37985,36.8049],[-4.37936,36.80416],[-4.37934,36.80326],[-4.37878,36.8024],[-4.37865,36.80198],[-4.37969,36.80128],[-4.38043,36.80025],[-4.38102,36.80001],[-4.38186,36.8],[-4.38214,36.79986],[-4.38198,36.79962],[-4.38153,36.79953],[-4.38077,36.79917],[-4.38048,36.79862],[-4.3807,36.79782],[-4.38037,36.7974],[-4.38086,36.79681],[-4.38112,36.79573],[-4.38185,36.79441],[-4.38193,36.79366],[-4.38246,36.79323],[-4.38267,36.79256],[-4.38303,36.79216],[-4.38308,36.792],[-4.38251,36.79134],[-4.38246,36.79107],[-4.38271,36.7905],[-4.38277,36.78963],[-4.38324,36.78927],[-4.38337,36.78871],[-4.38376,36.78821],[-4.38379,36.78804],[-4.38325,36.78736],[-4.38281,36.78617],[-4.38226,36.78612],[-4.38144,36.78581],[-4.3813,36.78567],[-4.38125,36.78544],[-4.38146,36.78479],[-4.38138,36.78439],[-4.38156,36.78414],[-4.38158,36.78383],[-4.38075,36.78345],[-4.3807,36.78323],[-4.38093,36.78294],[-4.38024,36.7822],[-4.38043,36.78168],[-4.38015,36.78141],[-4.38014,36.78125],[-4.38049,36.78052],[-4.38016,36.78],[-4.38013,36.77897],[-4.37994,36.77824],[-4.37966,36.77748],[-4.37922,36.77735],[-4.37898,36.77666],[-4.37828,36.77616],[-4.37822,36.77597],[-4.37844,36.77534],[-4.37813,36.77491],[-4.37786,36.77354],[-4.37621,36.77131],[-4.37594,36.77074],[-4.37581,36.7696],[-4.37592,36.76773],[-4.37579,36.76732],[-4.37581,36.76684],[-4.37611,36.76653],[-4.37632,36.76642],[-4.37663,36.76642],[-4.37689,36.76652],[-4.37713,36.7669],[-4.37703,36.7674],[-4.37655,36.76811],[-4.37638,36.76886],[-4.37648,36.7692],[-4.37704,36.76975],[-4.37712,36.77041],[-4.37772,36.7708],[-4.37947,36.77147],[-4.38018,36.77132],[-4.38082,36.77087],[-4.38135,36.77072],[-4.38448,36.77095],[-4.38555,36.77091],[-4.38649,36.77074],[-4.38757,36.77118],[-4.38795,36.77101],[-4.38842,36.77021],[-4.38875,36.76991],[-4.38946,36.76957],[-4.39047,36.76927],[-4.39231,36.76879],[-4.39301,36.76888],[-4.39354,36.76915],[-4.39386,36.7691],[-4.39487,36.7684],[-4.39513,36.76836],[-4.39611,36.76855],[-4.39711,36.76826],[-4.39796,36.7684],[-4.39851,36.76831],[-4.39871,36.76818],[-4.39874,36.76799],[-4.39832,36.76754],[-4.39835,36.76708],[-4.39859,36.76692],[-4.39932,36.76678],[-4.40003,36.76676],[-4.40167,36.76699],[-4.403,36.7676],[-4.40361,36.76772],[-4.40395,36.76765],[-4.40466,36.76701],[-4.40563,36.76542],[-4.40609,36.76502],[-4.40605,36.76398],[-4.40615,36.76383],[-4.4066,36.76381],[-4.40679,36.76369],[-4.40702,36.76332],[-4.40734,36.76238],[-4.40724,36.76202],[-4.40658,36.76109],[-4.40645,36.76073],[-4.40668,36.76053],[-4.40707,36.76037],[-4.40732,36.76053],[-4.40749,36.7608],[-4.40761,36.76087],[-4.4077,36.76083],[-4.40755,36.7604],[-4.40758,36.75987],[-4.40811,36.75885],[-4.40766,36.75845],[-4.40811,36.75776],[-4.40837,36.7567],[-4.40789,36.75589],[-4.40815,36.75455],[-4.40801,36.75322],[-4.40817,36.75258],[-4.40807,36.75084],[-4.40796,36.75042],[-4.40805,36.74999],[-4.40741,36.74922],[-4.40748,36.74871],[-4.40777,36.74832],[-4.40796,36.74769],[-4.40773,36.7471],[-4.408,36.74681],[-4.40808,36.74645],[-4.40938,36.74565],[-4.40954,36.74564],[-4.41015,36.74592],[-4.41055,36.74575],[-4.41075,36.74561],[-4.41071,36.74554],[-4.41135,36.7457],[-4.41192,36.74605],[-4.41208,36.74634],[-4.41231,36.7463],[-4.41234,36.74642],[-4.41298,36.74629],[-4.4132,36.74706],[-4.41289,36.74766],[-4.41378,36.74781],[-4.41415,36.74762],[-4.41497,36.74766],[-4.41552,36.74781],[-4.41537,36.74841],[-4.41619,36.74886],[-4.41621,36.74892],[-4.415,36.74914],[-4.41478,36.74963],[-4.41421,36.74901],[-4.41402,36.74893],[-4.41349,36.74895],[-4.41305,36.74909],[-4.41244,36.74947],[-4.41286,36.7495],[-4.4129,36.74975],[-4.41347,36.75005],[-4.41386,36.74997],[-4.41392,36.75022],[-4.41422,36.75026],[-4.41437,36.75041],[-4.41446,36.75115],[-4.41471,36.75123],[-4.41477,36.75144],[-4.41503,36.75152],[-4.41573,36.75198],[-4.41518,36.75246],[-4.41608,36.75431],[-4.41641,36.7548],[-4.41694,36.75536],[-4.41744,36.75571],[-4.41843,36.75606],[-4.41912,36.75611],[-4.42022,36.75594],[-4.4215,36.75534],[-4.42209,36.75525],[-4.4229,36.75438],[-4.42332,36.75409],[-4.4245,36.75365],[-4.42505,36.75462],[-4.42526,36.7554],[-4.42566,36.7555],[-4.42609,36.7555],[-4.42696,36.75507],[-4.42759,36.75459],[-4.42769,36.75433],[-4.42824,36.75581],[-4.42895,36.75678],[-4.42904,36.75779],[-4.42975,36.75881],[-4.42946,36.75951],[-4.42938,36.76022],[-4.42972,36.76032],[-4.43007,36.76068],[-4.43086,36.76048],[-4.43211,36.75964],[-4.43267,36.76104],[-4.4328,36.76181],[-4.43239,36.76282],[-4.43203,36.76332],[-4.43125,36.76404],[-4.43073,36.76482],[-4.43105,36.76557],[-4.43132,36.76591],[-4.43248,36.76621],[-4.43314,36.7665],[-4.4332,36.76675],[-4.43287,36.76735],[-4.43139,36.76828],[-4.43106,36.76869],[-4.43084,36.76931],[-4.43096,36.76965],[-4.43142,36.77026],[-4.43285,36.7709],[-4.43342,36.7711],[-4.43399,36.77112],[-4.43572,36.77144],[-4.43647,36.77195],[-4.43662,36.77231],[-4.43529,36.77272],[-4.4343,36.77275],[-4.43403,36.77305],[-4.43398,36.77346],[-4.43427,36.77383],[-4.43439,36.77439],[-4.43402,36.77583],[-4.43372,36.77638],[-4.43341,36.77668],[-4.43299,36.77657],[-4.43261,36.77621],[-4.43288,36.77557],[-4.43273,36.77498],[-4.43256,36.7748],[-4.43225,36.77478],[-4.43202,36.77488],[-4.43174,36.7752],[-4.43164,36.77593],[-4.43143,36.7765],[-4.4312,36.77673],[-4.43101,36.77671],[-4.4305,36.77694],[-4.42989,36.77748],[-4.4303,36.77799],[-4.43044,36.77842],[-4.43004,36.77892],[-4.42949,36.77913],[-4.42965,36.77973],[-4.42976,36.77984],[-4.43022,36.78019],[-4.43076,36.78027],[-4.43139,36.78063],[-4.43211,36.7815],[-4.43283,36.78175],[-4.43428,36.7819],[-4.43457,36.78207],[-4.43467,36.78243],[-4.43465,36.78262],[-4.43417,36.78312],[-4.43282,36.78338],[-4.43207,36.78372],[-4.43147,36.7843],[-4.4324,36.78448],[-4.43296,36.78438],[-4.43315,36.78449],[-4.43321,36.78477],[-4.43314,36.785],[-4.432,36.7852],[-4.43168,36.78551],[-4.43272,36.78663],[-4.4328,36.78685],[-4.43209,36.78787],[-4.43178,36.78857],[-4.43193,36.7887],[-4.43224,36.78874],[-4.43499,36.78864],[-4.43525,36.78873],[-4.43525,36.78902],[-4.43491,36.78927],[-4.43212,36.79004],[-4.43188,36.79045],[-4.43302,36.79109],[-4.4332,36.79131],[-4.43319,36.79159],[-4.43307,36.79176],[-4.4328,36.79187],[-4.43176,36.79177],[-4.43142,36.79191],[-4.43065,36.79294],[-4.43073,36.79315],[-4.43096,36.79323],[-4.43225,36.79309],[-4.43256,36.79312],[-4.43273,36.79329],[-4.43287,36.79368],[-4.43281,36.79478],[-4.4325,36.79575],[-4.43282,36.79629],[-4.4338,36.79687],[-4.43391,36.79784],[-4.43328,36.79855],[-4.43301,36.79914],[-4.43302,36.79965],[-4.43374,36.80145],[-4.43374,36.80218],[-4.43311,36.80389],[-4.43298,36.80455],[-4.43304,36.80501],[-4.43322,36.80535],[-4.43367,36.80575],[-4.43441,36.80616],[-4.4354,36.80554],[-4.43586,36.80491],[-4.43639,36.80488],[-4.43672,36.80527],[-4.4367,36.80549],[-4.43651,36.80573],[-4.4365,36.80618],[-4.43678,36.80643],[-4.43872,36.80731],[-4.43929,36.80774],[-4.43954,36.80809],[-4.43957,36.80867],[-4.43938,36.809],[-4.43944,36.80951],[-4.43964,36.80998],[-4.44009,36.81062],[-4.44064,36.8111],[-4.44094,36.81168],[-4.44146,36.81195],[-4.44175,36.81209],[-4.44297,36.81216],[-4.44439,36.81253],[-4.44605,36.81274],[-4.44704,36.81306],[-4.44746,36.81339],[-4.44835,36.81442],[-4.4489,36.81482],[-4.44948,36.81457],[-4.44974,36.81416],[-4.45021,36.81388],[-4.45097,36.81378],[-4.45147,36.81384],[-4.45185,36.81396],[-4.45202,36.81414],[-4.45205,36.81428],[-4.45075,36.81581],[-4.45069,36.81601],[-4.45071,36.81622],[-4.45087,36.81636],[-4.45229,36.81669],[-4.45287,36.81731],[-4.45286,36.81791],[-4.45263,36.81838],[-4.4523,36.81858],[-4.45189,36.81878],[-4.45159,36.81882],[-4.45078,36.81883],[-4.45054,36.81874],[-4.45034,36.81724],[-4.45016,36.81703],[-4.44961,36.8169],[-4.44896,36.81711],[-4.44877,36.81731],[-4.44827,36.81823],[-4.44775,36.81874],[-4.44744,36.81924],[-4.44707,36.81952],[-4.44642,36.81966],[-4.44513,36.81978],[-4.44494,36.81948],[-4.44481,36.81879],[-4.4443,36.81822],[-4.44407,36.81817],[-4.44295,36.81858],[-4.44213,36.81899],[-4.44134,36.82005],[-4.44131,36.82038],[-4.44157,36.82068],[-4.44265,36.821],[-4.44385,36.82067],[-4.44437,36.82061],[-4.44472,36.82089],[-4.44465,36.82152],[-4.44442,36.82187],[-4.44354,36.82265],[-4.44294,36.82334],[-4.4419,36.82505],[-4.44179,36.826],[-4.44202,36.82637],[-4.4423,36.82652],[-4.44287,36.8266],[-4.44349,36.82694],[-4.44371,36.82741],[-4.444,36.82765],[-4.4444,36.82826],[-4.44445,36.82878],[-4.44412,36.82993],[-4.44431,36.83041],[-4.44458,36.83055],[-4.44495,36.83057],[-4.44625,36.83023],[-4.44653,36.83043],[-4.44668,36.83154],[-4.44738,36.83258],[-4.44762,36.83328],[-4.44787,36.83364],[-4.44792,36.83535],[-4.44828,36.8362],[-4.44867,36.83643],[-4.4492,36.8363],[-4.44962,36.83549],[-4.44949,36.83502],[-4.4487,36.83449],[-4.44868,36.8339],[-4.44885,36.83354],[-4.44914,36.83346],[-4.45057,36.83357],[-4.45106,36.83374],[-4.45132,36.83407],[-4.45144,36.83454],[-4.45139,36.8351],[-4.45151,36.83542],[-4.45171,36.83563],[-4.45207,36.83572],[-4.4525,36.83561],[-4.45314,36.83529],[-4.45353,36.83538],[-4.45542,36.83677],[-4.45537,36.83714],[-4.45467,36.83779],[-4.454,36.83787],[-4.45285,36.8374],[-4.45234,36.837],[-4.45205,36.83655],[-4.45184,36.83644],[-4.45157,36.83664],[-4.45113,36.83748],[-4.45126,36.83821],[-4.45117,36.83878],[-4.45073,36.83906],[-4.44948,36.83958],[-4.44922,36.8399],[-4.44843,36.84039],[-4.44831,36.84027],[-4.44626,36.84138],[-4.44621,36.84208],[-4.44595,36.84238],[-4.44579,36.84231],[-4.44529,36.84159],[-4.44455,36.84103],[-4.44437,36.84105],[-4.44434,36.84122],[-4.44465,36.84181],[-4.44301,36.8429],[-4.44256,36.84297],[-4.44159,36.84257],[-4.44115,36.8425],[-4.44093,36.84264],[-4.44078,36.84291],[-4.44084,36.84323],[-4.44181,36.84432],[-4.44193,36.84471],[-4.44174,36.84481],[-4.43952,36.84428],[-4.43923,36.84413],[-4.43872,36.84407],[-4.43844,36.8442],[-4.43829,36.84516],[-4.43788,36.84573],[-4.43653,36.84655],[-4.43571,36.84612],[-4.43487,36.84595],[-4.4344,36.84562],[-4.43411,36.84553],[-4.43302,36.8458],[-4.43271,36.84621],[-4.43293,36.84668],[-4.43283,36.84693],[-4.43106,36.84677],[-4.43112,36.84762],[-4.43089,36.84804],[-4.43045,36.84828],[-4.42986,36.84902],[-4.42955,36.84924],[-4.4284,36.84975],[-4.42809,36.84983],[-4.42786,36.84978],[-4.42749,36.849],[-4.42716,36.84865],[-4.42668,36.84853],[-4.42601,36.84941],[-4.42636,36.85043],[-4.42585,36.85084],[-4.42572,36.85108],[-4.425,36.8508],[-4.42285,36.85047],[-4.42268,36.85091],[-4.42249,36.85109],[-4.42222,36.85097],[-4.42185,36.85053],[-4.42174,36.84999],[-4.4218,36.84898],[-4.42157,36.84854],[-4.42108,36.84811],[-4.42049,36.84804],[-4.41989,36.84776],[-4.41952,36.84771],[-4.41925,36.84774],[-4.41909,36.84799],[-4.41907,36.84836],[-4.41933,36.84848],[-4.42006,36.84845],[-4.42013,36.84884],[-4.41936,36.84959],[-4.41902,36.84979],[-4.41821,36.84998],[-4.41775,36.85031],[-4.41733,36.85046],[-4.41698,36.85039],[-4.41683,36.85016],[-4.41711,36.84966],[-4.41711,36.84946],[-4.41696,36.84932],[-4.41632,36.84929],[-4.41594,36.84936],[-4.41502,36.84918],[-4.41448,36.84926],[-4.41403,36.84951],[-4.41377,36.84987],[-4.41383,36.85079],[-4.41336,36.85088],[-4.41303,36.8503],[-4.41271,36.85016],[-4.41245,36.85021],[-4.41179,36.85101],[-4.41146,36.85164],[-4.41126,36.85171],[-4.41106,36.85154],[-4.41088,36.85054],[-4.41072,36.85043],[-4.41027,36.85056],[-4.4091,36.85166],[-4.40868,36.85058],[-4.40857,36.8505],[-4.40794,36.85059],[-4.40734,36.85026],[-4.4068,36.84949],[-4.40624,36.84935],[-4.40614,36.84879],[-4.40599,36.84866],[-4.40525,36.84885],[-4.40494,36.84879],[-4.40484,36.84847],[-4.40493,36.84783],[-4.40473,36.84742],[-4.40434,36.84725],[-4.40384,36.84719],[-4.40362,36.84727],[-4.40359,36.84745],[-4.40402,36.84767],[-4.40411,36.84785],[-4.40398,36.84795],[-4.4033,36.84769],[-4.40278,36.8476],[-4.40232,36.84711],[-4.40212,36.84698],[-4.40161,36.84693],[-4.40128,36.84654],[-4.40105,36.84654],[-4.40069,36.84669],[-4.40036,36.84664],[-4.39989,36.84615],[-4.39908,36.84561],[-4.39902,36.8453],[-4.39946,36.8453],[-4.39966,36.84519],[-4.39969,36.84499],[-4.39904,36.84412],[-4.39846,36.84394],[-4.39857,36.84443],[-4.39847,36.84458],[-4.39719,36.84459],[-4.39678,36.8447],[-4.39613,36.84541],[-4.39525,36.84698],[-4.39463,36.84735],[-4.39451,36.84768],[-4.39455,36.84793],[-4.39373,36.849],[-4.39331,36.84939],[-4.39249,36.85069],[-4.39222,36.85126],[-4.39243,36.85193],[-4.39139,36.85255],[-4.38909,36.85356],[-4.38762,36.85447],[-4.38667,36.85523],[-4.3834,36.85687],[-4.38272,36.85808],[-4.38319,36.85942],[-4.38456,36.86042],[-4.38324,36.86188],[-4.38246,36.86297],[-4.38239,36.86343],[-4.38301,36.86429],[-4.38419,36.86498],[-4.38427,36.86519],[-4.38445,36.8653],[-4.38396,36.86607],[-4.38236,36.86965],[-4.3825,36.87098],[-4.38241,36.87135],[-4.38153,36.87239],[-4.38147,36.87381],[-4.38118,36.87494],[-4.38125,36.87574],[-4.38115,36.87773],[-4.38077,36.87935],[-4.38031,36.88023],[-4.37995,36.88053],[-4.37877,36.88111],[-4.37685,36.88228],[-4.37664,36.88252],[-4.37637,36.883],[-4.3761,36.88416],[-4.37529,36.88648],[-4.37484,36.88626],[-4.37416,36.88643],[-4.37226,36.8881],[-4.37162,36.88891],[-4.37146,36.8894],[-4.37153,36.89027],[-4.37179,36.89052],[-4.37249,36.89071],[-4.37217,36.89117],[-4.3719,36.89222],[-4.37154,36.89234],[-4.37131,36.89254],[-4.37115,36.89328],[-4.37,36.89328],[-4.36932,36.89348],[-4.36832,36.89347],[-4.36855,36.89374],[-4.36716,36.89369],[-4.3666,36.89379],[-4.36617,36.89404],[-4.36549,36.8938],[-4.36432,36.89387],[-4.36323,36.89355],[-4.36239,36.89319],[-4.36193,36.89289],[-4.36162,36.8925],[-4.36127,36.8914],[-4.361,36.89127],[-4.35989,36.89146],[-4.3594,36.89147],[-4.35876,36.89112],[-4.35873,36.89082],[-4.35955,36.88947],[-4.35943,36.88908],[-4.35884,36.88848],[-4.35862,36.88805],[-4.35733,36.88767],[-4.35664,36.88784],[-4.35623,36.88771],[-4.35561,36.88792],[-4.35499,36.88792],[-4.35434,36.88822],[-4.35387,36.88816],[-4.35362,36.88801],[-4.35313,36.88789],[-4.3523,36.88739],[-4.35171,36.88625],[-4.35135,36.88586],[-4.35068,36.88482],[-4.35021,36.88453],[-4.34972,36.88438],[-4.34922,36.88439],[-4.34807,36.88411],[-4.34725,36.88376],[-4.34441,36.88218],[-4.34412,36.8819],[-4.34316,36.87876],[-4.34288,36.87834]]]}},{"type":"Feature","properties":{"id":"2906706030"},"geometry":{"type":"Polygon","coordinates":[[[-4.41982,36.74941],[-4.42041,36.74945],[-4.42042,36.74922],[-4.42145,36.7493],[-4.42193,36.74923],[-4.42163,36.7485],[-4.42313,36.74792],[-4.42265,36.74697],[-4.42254,36.74649],[-4.42258,36.74618],[-4.42264,36.74626],[-4.42296,36.7463],[-4.42467,36.74639],[-4.42469,36.74805],[-4.42501,36.74906],[-4.42472,36.74928],[-4.42245,36.75014],[-4.42259,36.75037],[-4.42224,36.75055],[-4.42173,36.74993],[-4.4198,36.74984],[-4.41982,36.74941]]]}},{"type":"Feature","properties":{"id":"2906706031"},"geometry":{"type":"Polygon","coordinates":[[[-4.41807,36.74436],[-4.41895,36.74433],[-4.41938,36.74411],[-4.41869,36.74343],[-4.41925,36.74359],[-4.42004,36.74316],[-4.42061,36.74315],[-4.42103,36.74265],[-4.42121,36.74212],[-4.42239,36.74217],[-4.42199,36.74461],[-4.421,36.7445],[-4.42086,36.7448],[-4.42043,36.74473],[-4.42014,36.74536],[-4.41807,36.74436]]]}},{"type":"Feature","properties":{"id":"2906706032"},"geometry":{"type":"Polygon","coordinates":[[[-4.41071,36.74554],[-4.41096,36.74476],[-4.41092,36.74436],[-4.41031,36.74388],[-4.41033,36.74375],[-4.41084,36.7432],[-4.41174,36.74357],[-4.41248,36.74338],[-4.41325,36.74348],[-4.41445,36.74388],[-4.41422,36.7445],[-4.41447,36.74461],[-4.41522,36.74477],[-4.41548,36.745],[-4.41565,36.74487],[-4.41577,36.74496],[-4.41615,36.74492],[-4.41622,36.74461],[-4.4163,36.74471],[-4.41765,36.74521],[-4.41752,36.74537],[-4.4171,36.74524],[-4.41704,36.74602],[-4.41666,36.74605],[-4.41635,36.74621],[-4.4159,36.74601],[-4.41502,36.74586],[-4.41442,36.74543],[-4.41392,36.7458],[-4.41348,36.74654],[-4.41298,36.74629],[-4.41234,36.74642],[-4.41231,36.7463],[-4.41208,36.74634],[-4.41192,36.74605],[-4.41135,36.7457],[-4.41071,36.74554]]]}},{"type":"Feature","properties":{"id":"2906706033"},"geometry":{"type":"Polygon","coordinates":[[[-4.42129,36.7519],[-4.4199,36.75093],[-4.41977,36.75028],[-4.42042,36.75017],[-4.42105,36.75017],[-4.42133,36.75035],[-4.42154,36.7508],[-4.42259,36.75037],[-4.42328,36.75158],[-4.42246,36.75188],[-4.42193,36.7516],[-4.42156,36.75195],[-4.42129,36.7519]]]}},{"type":"Feature","properties":{"id":"2906706034"},"geometry":{"type":"Polygon","coordinates":[[[-4.42038,36.74484],[-4.42043,36.74473],[-4.42086,36.7448],[-4.421,36.7445],[-4.42199,36.74461],[-4.42234,36.7424],[-4.42312,36.74248],[-4.42254,36.74649],[-4.42178,36.7465],[-4.42175,36.74675],[-4.42107,36.74672],[-4.42089,36.74664],[-4.42089,36.74646],[-4.42036,36.74628],[-4.42072,36.74565],[-4.42052,36.74555],[-4.42055,36.74514],[-4.42038,36.74484]]]}},{"type":"Feature","properties":{"id":"2906706035"},"geometry":{"type":"Polygon","coordinates":[[[-4.42264,36.74626],[-4.42284,36.74439],[-4.42427,36.74465],[-4.42486,36.7446],[-4.42467,36.74639],[-4.42296,36.7463],[-4.42264,36.74626]]]}},{"type":"Feature","properties":{"id":"2906706036"},"geometry":{"type":"Polygon","coordinates":[[[-4.41994,36.73806],[-4.42161,36.73757],[-4.42144,36.73907],[-4.421,36.73908],[-4.42105,36.73884],[-4.41984,36.7385],[-4.42013,36.73832],[-4.41994,36.73806]]]}},{"type":"Feature","properties":{"id":"2906706037"},"geometry":{"type":"Polygon","coordinates":[[[-4.41762,36.74622],[-4.41784,36.74637],[-4.41878,36.74647],[-4.42038,36.74688],[-4.42054,36.74751],[-4.41923,36.74813],[-4.41854,36.74819],[-4.41785,36.74866],[-4.41715,36.74847],[-4.41702,36.74839],[-4.41756,36.74698],[-4.41762,36.74622]]]}},{"type":"Feature","properties":{"id":"2906706038"},"geometry":{"type":"Polygon","coordinates":[[[-4.42161,36.73757],[-4.42232,36.73781],[-4.42277,36.73775],[-4.4228,36.73838],[-4.42271,36.73953],[-4.42263,36.73958],[-4.42142,36.73941],[-4.42161,36.73757]]]}},{"type":"Feature","properties":{"id":"2906706039"},"geometry":{"type":"Polygon","coordinates":[[[-4.41791,36.73877],[-4.41754,36.73844],[-4.41731,36.73868],[-4.41714,36.73873],[-4.41647,36.7385],[-4.41336,36.73963],[-4.41255,36.73974],[-4.41198,36.73968],[-4.41246,36.73879],[-4.41251,36.73831],[-4.41294,36.73734],[-4.41281,36.73714],[-4.41249,36.73719],[-4.41206,36.73745],[-4.41189,36.73741],[-4.41172,36.73723],[-4.41183,36.73702],[-4.4127,36.73654],[-4.41311,36.73642],[-4.41328,36.73651],[-4.41371,36.73739],[-4.41397,36.73744],[-4.41425,36.73697],[-4.41592,36.73625],[-4.41591,36.73603],[-4.41761,36.73668],[-4.41798,36.73677],[-4.41914,36.73677],[-4.41937,36.73746],[-4.41883,36.73774],[-4.41791,36.73877]]]}},{"type":"Feature","properties":{"id":"2906706040"},"geometry":{"type":"Polygon","coordinates":[[[-4.41791,36.73877],[-4.41883,36.73774],[-4.41937,36.73746],[-4.41919,36.73689],[-4.41925,36.73658],[-4.41959,36.7366],[-4.4217,36.73626],[-4.42274,36.73624],[-4.42253,36.73732],[-4.42294,36.73733],[-4.42277,36.73775],[-4.42232,36.73781],[-4.42161,36.73757],[-4.41994,36.73806],[-4.4186,36.73916],[-4.41791,36.73877]]]}},{"type":"Feature","properties":{"id":"2906706041"},"geometry":{"type":"Polygon","coordinates":[[[-4.41703,36.7357],[-4.41713,36.73581],[-4.41814,36.73611],[-4.41849,36.73613],[-4.41925,36.73658],[-4.41919,36.73683],[-4.41904,36.73674],[-4.41798,36.73677],[-4.41761,36.73668],[-4.41591,36.73603],[-4.41589,36.73584],[-4.41677,36.73579],[-4.41703,36.7357]]]}},{"type":"Feature","properties":{"id":"2906706043"},"geometry":{"type":"Polygon","coordinates":[[[-4.41731,36.73868],[-4.41754,36.73844],[-4.41797,36.73883],[-4.4186,36.73916],[-4.41994,36.73806],[-4.42013,36.73832],[-4.41951,36.73875],[-4.41965,36.73897],[-4.41801,36.73992],[-4.41807,36.73977],[-4.41731,36.73868]]]}},{"type":"Feature","properties":{"id":"2906706044"},"geometry":{"type":"Polygon","coordinates":[[[-4.42089,36.74664],[-4.42038,36.74688],[-4.41878,36.74647],[-4.41784,36.74637],[-4.41703,36.74589],[-4.4171,36.74524],[-4.41752,36.74537],[-4.41765,36.74521],[-4.4163,36.74471],[-4.41622,36.74461],[-4.41646,36.74437],[-4.41699,36.74436],[-4.4176,36.7445],[-4.41777,36.74434],[-4.41807,36.74436],[-4.42014,36.74536],[-4.42038,36.74484],[-4.42055,36.74514],[-4.42052,36.74555],[-4.42072,36.74565],[-4.42036,36.74628],[-4.42089,36.74646],[-4.42089,36.74664]]]}},{"type":"Feature","properties":{"id":"2906706045"},"geometry":{"type":"Polygon","coordinates":[[[-4.41878,36.75082],[-4.41977,36.75028],[-4.4199,36.75093],[-4.4212,36.75178],[-4.42117,36.75241],[-4.41924,36.75195],[-4.41878,36.75173],[-4.41878,36.75082]]]}},{"type":"Feature","properties":{"id":"2906706046"},"geometry":{"type":"Polygon","coordinates":[[[-4.41573,36.75198],[-4.41503,36.75152],[-4.41477,36.75144],[-4.41471,36.75123],[-4.41446,36.75115],[-4.41437,36.75041],[-4.41422,36.75026],[-4.41392,36.75022],[-4.41386,36.74997],[-4.41347,36.75005],[-4.4129,36.74975],[-4.41286,36.7495],[-4.41244,36.74947],[-4.41251,36.74939],[-4.41349,36.74895],[-4.41402,36.74893],[-4.41421,36.74901],[-4.41499,36.74977],[-4.41693,36.74932],[-4.41683,36.74958],[-4.41692,36.74985],[-4.41725,36.74993],[-4.41822,36.74992],[-4.41853,36.75041],[-4.41899,36.75022],[-4.41906,36.75031],[-4.41859,36.75064],[-4.4187,36.75078],[-4.41858,36.75097],[-4.41803,36.75111],[-4.41765,36.75104],[-4.41755,36.75128],[-4.4171,36.75131],[-4.41573,36.75198]]]}},{"type":"Feature","properties":{"id":"2906706047"},"geometry":{"type":"Polygon","coordinates":[[[-4.41298,36.74629],[-4.41348,36.74654],[-4.41392,36.7458],[-4.41442,36.74543],[-4.41502,36.74586],[-4.4159,36.74601],[-4.41635,36.74621],[-4.41666,36.74605],[-4.41704,36.74602],[-4.41703,36.74589],[-4.41727,36.746],[-4.41762,36.74622],[-4.41756,36.74698],[-4.41702,36.74839],[-4.41606,36.74815],[-4.41587,36.74789],[-4.41566,36.74852],[-4.41537,36.74841],[-4.41552,36.74781],[-4.41497,36.74766],[-4.41415,36.74762],[-4.41378,36.74781],[-4.41289,36.74766],[-4.4132,36.74706],[-4.41298,36.74629]]]}},{"type":"Feature","properties":{"id":"2906706048"},"geometry":{"type":"Polygon","coordinates":[[[-4.42328,36.75158],[-4.42245,36.75014],[-4.42472,36.74928],[-4.42501,36.74906],[-4.42775,36.75421],[-4.42759,36.75459],[-4.42696,36.75507],[-4.42609,36.7555],[-4.42526,36.7554],[-4.42505,36.75462],[-4.4245,36.75365],[-4.4236,36.75398],[-4.42246,36.75195],[-4.42246,36.75187],[-4.42328,36.75158]]]}},{"type":"Feature","properties":{"id":"2906707001"},"geometry":{"type":"Polygon","coordinates":[[[-4.42708,36.72301],[-4.42569,36.72293],[-4.42554,36.72168],[-4.4307,36.7215],[-4.43064,36.72188],[-4.43043,36.72226],[-4.42899,36.72213],[-4.4289,36.72341],[-4.42708,36.72301]]]}},{"type":"Feature","properties":{"id":"2906707002"},"geometry":{"type":"Polygon","coordinates":[[[-4.44323,36.72901],[-4.44068,36.72807],[-4.44077,36.72806],[-4.44113,36.72725],[-4.442,36.72753],[-4.44175,36.72801],[-4.44378,36.72867],[-4.44358,36.72898],[-4.44323,36.72901]]]}},{"type":"Feature","properties":{"id":"2906707003"},"geometry":{"type":"Polygon","coordinates":[[[-4.44837,36.73061],[-4.44703,36.73087],[-4.44671,36.72983],[-4.44637,36.72987],[-4.44584,36.72963],[-4.44542,36.72934],[-4.44512,36.72873],[-4.44681,36.72784],[-4.44899,36.72695],[-4.44966,36.72783],[-4.45054,36.72862],[-4.45061,36.72878],[-4.45064,36.72936],[-4.45026,36.72978],[-4.45043,36.73025],[-4.45033,36.73052],[-4.45053,36.73066],[-4.45018,36.73147],[-4.44988,36.73119],[-4.44899,36.73062],[-4.44837,36.73061]]]}},{"type":"Feature","properties":{"id":"2906707004"},"geometry":{"type":"Polygon","coordinates":[[[-4.43921,36.7301],[-4.43864,36.72918],[-4.43869,36.72887],[-4.43975,36.7288],[-4.43995,36.72897],[-4.44016,36.72896],[-4.43921,36.7301]]]}},{"type":"Feature","properties":{"id":"2906707005"},"geometry":{"type":"Polygon","coordinates":[[[-4.45068,36.7263],[-4.45163,36.72526],[-4.45173,36.725],[-4.45161,36.72466],[-4.45155,36.7236],[-4.45117,36.72275],[-4.45287,36.72306],[-4.45485,36.72375],[-4.4542,36.72473],[-4.45364,36.72525],[-4.45455,36.72542],[-4.45416,36.72575],[-4.45182,36.7262],[-4.45068,36.7263]]]}},{"type":"Feature","properties":{"id":"2906707006"},"geometry":{"type":"Polygon","coordinates":[[[-4.43011,36.72286],[-4.43064,36.72188],[-4.4307,36.7215],[-4.43262,36.72141],[-4.43222,36.72376],[-4.43136,36.72459],[-4.43162,36.72407],[-4.43166,36.72311],[-4.43073,36.72304],[-4.43011,36.72286]]]}},{"type":"Feature","properties":{"id":"2906707008"},"geometry":{"type":"Polygon","coordinates":[[[-4.4289,36.72335],[-4.42899,36.72213],[-4.4304,36.72223],[-4.43011,36.72286],[-4.43073,36.72304],[-4.43166,36.72311],[-4.43162,36.72407],[-4.43136,36.72459],[-4.43046,36.724],[-4.4289,36.72335]]]}},{"type":"Feature","properties":{"id":"2906707009"},"geometry":{"type":"Polygon","coordinates":[[[-4.43249,36.72229],[-4.43262,36.72141],[-4.43573,36.72141],[-4.43568,36.72235],[-4.43442,36.72236],[-4.43444,36.72271],[-4.43316,36.72271],[-4.43321,36.72235],[-4.43249,36.72229]]]}},{"type":"Feature","properties":{"id":"2906707010"},"geometry":{"type":"Polygon","coordinates":[[[-4.43222,36.72375],[-4.43282,36.7238],[-4.43309,36.72313],[-4.43449,36.7232],[-4.434,36.72465],[-4.43196,36.72412],[-4.43222,36.72375]]]}},{"type":"Feature","properties":{"id":"2906707011"},"geometry":{"type":"Polygon","coordinates":[[[-4.43067,36.72608],[-4.43102,36.72498],[-4.43136,36.72459],[-4.43236,36.72539],[-4.43435,36.72573],[-4.4346,36.72481],[-4.43544,36.72498],[-4.43495,36.72684],[-4.43241,36.72646],[-4.43067,36.72608]]]}},{"type":"Feature","properties":{"id":"2906707012"},"geometry":{"type":"Polygon","coordinates":[[[-4.43136,36.72459],[-4.43194,36.72409],[-4.4346,36.72481],[-4.43435,36.72573],[-4.43236,36.72539],[-4.43136,36.72459]]]}},{"type":"Feature","properties":{"id":"2906707013"},"geometry":{"type":"Polygon","coordinates":[[[-4.43086,36.72528],[-4.42881,36.72513],[-4.4289,36.72335],[-4.43046,36.724],[-4.43136,36.72459],[-4.43112,36.72479],[-4.43086,36.72528]]]}},{"type":"Feature","properties":{"id":"2906707014"},"geometry":{"type":"Polygon","coordinates":[[[-4.42708,36.72301],[-4.42757,36.72503],[-4.42739,36.72628],[-4.42747,36.7264],[-4.4261,36.72632],[-4.42569,36.72293],[-4.42708,36.72301]]]}},{"type":"Feature","properties":{"id":"2906707015"},"geometry":{"type":"Polygon","coordinates":[[[-4.42747,36.7264],[-4.42739,36.72628],[-4.42757,36.72503],[-4.42708,36.72301],[-4.4289,36.72341],[-4.42882,36.72457],[-4.42802,36.7246],[-4.42786,36.72636],[-4.42783,36.72642],[-4.42747,36.7264]]]}},{"type":"Feature","properties":{"id":"2906707016"},"geometry":{"type":"Polygon","coordinates":[[[-4.42781,36.72677],[-4.42802,36.7246],[-4.42882,36.72457],[-4.42881,36.72513],[-4.42949,36.72518],[-4.42939,36.7265],[-4.42868,36.72647],[-4.42864,36.72681],[-4.42781,36.72677]]]}},{"type":"Feature","properties":{"id":"2906707017"},"geometry":{"type":"Polygon","coordinates":[[[-4.43715,36.73178],[-4.43783,36.73135],[-4.43931,36.73019],[-4.44092,36.73148],[-4.44122,36.73152],[-4.44129,36.73161],[-4.44063,36.73209],[-4.43971,36.73199],[-4.43797,36.73219],[-4.43715,36.73178]]]}},{"type":"Feature","properties":{"id":"2906707018"},"geometry":{"type":"Polygon","coordinates":[[[-4.42781,36.72677],[-4.42994,36.72693],[-4.43048,36.72655],[-4.43067,36.72608],[-4.43241,36.72646],[-4.43495,36.72684],[-4.43433,36.72916],[-4.43412,36.72958],[-4.42799,36.72735],[-4.42669,36.72681],[-4.42611,36.72666],[-4.42608,36.72624],[-4.4261,36.72632],[-4.42783,36.72642],[-4.42781,36.72677]]]}},{"type":"Feature","properties":{"id":"2906707019"},"geometry":{"type":"Polygon","coordinates":[[[-4.43364,36.73124],[-4.43326,36.7313],[-4.43144,36.73117],[-4.42929,36.73086],[-4.42872,36.72994],[-4.42842,36.72986],[-4.42822,36.73296],[-4.42561,36.73279],[-4.42611,36.72666],[-4.42669,36.72681],[-4.42799,36.72735],[-4.43412,36.72958],[-4.43372,36.73046],[-4.43364,36.73124]]]}},{"type":"Feature","properties":{"id":"2906707020"},"geometry":{"type":"Polygon","coordinates":[[[-4.42827,36.73211],[-4.42842,36.72986],[-4.42862,36.72987],[-4.42887,36.73019],[-4.42873,36.73214],[-4.42827,36.73211]]]}},{"type":"Feature","properties":{"id":"2906707021"},"geometry":{"type":"Polygon","coordinates":[[[-4.42989,36.73819],[-4.42936,36.73621],[-4.42855,36.73594],[-4.42736,36.73598],[-4.4272,36.73622],[-4.42539,36.73609],[-4.42561,36.73279],[-4.42846,36.73298],[-4.43164,36.73362],[-4.43353,36.73355],[-4.43315,36.73709],[-4.4326,36.73719],[-4.42989,36.73819]]]}},{"type":"Feature","properties":{"id":"2906707022"},"geometry":{"type":"Polygon","coordinates":[[[-4.42605,36.73988],[-4.42598,36.73944],[-4.42656,36.73841],[-4.42773,36.7389],[-4.42757,36.7392],[-4.42832,36.73947],[-4.42843,36.73928],[-4.42979,36.73977],[-4.43012,36.73996],[-4.42974,36.74029],[-4.42822,36.74028],[-4.42742,36.74045],[-4.42605,36.73988]]]}},{"type":"Feature","properties":{"id":"2906707023"},"geometry":{"type":"Polygon","coordinates":[[[-4.4326,36.75931],[-4.43086,36.76048],[-4.43007,36.76068],[-4.42972,36.76032],[-4.42938,36.76022],[-4.42946,36.75951],[-4.42975,36.75881],[-4.42904,36.75779],[-4.42895,36.75678],[-4.42824,36.75581],[-4.42781,36.75479],[-4.42769,36.75433],[-4.42775,36.75421],[-4.42717,36.75308],[-4.4288,36.75286],[-4.42919,36.75273],[-4.4294,36.75255],[-4.42929,36.75201],[-4.42966,36.75185],[-4.42807,36.74879],[-4.42879,36.74807],[-4.42888,36.74528],[-4.42836,36.74533],[-4.42756,36.74556],[-4.42642,36.74551],[-4.42661,36.74319],[-4.42501,36.74314],[-4.4251,36.73978],[-4.42605,36.73988],[-4.42742,36.74045],[-4.42814,36.74271],[-4.43049,36.74195],[-4.43108,36.74212],[-4.43189,36.74263],[-4.43203,36.74262],[-4.43207,36.74316],[-4.43328,36.74559],[-4.43399,36.74737],[-4.43537,36.7479],[-4.43719,36.74906],[-4.43786,36.74935],[-4.43857,36.7499],[-4.43944,36.74974],[-4.43944,36.74951],[-4.44111,36.74998],[-4.44196,36.74995],[-4.44214,36.75002],[-4.44229,36.7504],[-4.44286,36.75064],[-4.44361,36.7505],[-4.44395,36.75029],[-4.44391,36.75066],[-4.44428,36.7511],[-4.44451,36.75121],[-4.44505,36.75112],[-4.44524,36.75125],[-4.44525,36.75178],[-4.44485,36.75221],[-4.44449,36.75239],[-4.44434,36.75284],[-4.44483,36.75316],[-4.44477,36.75343],[-4.44503,36.75395],[-4.44755,36.75564],[-4.4488,36.75769],[-4.44922,36.75814],[-4.44923,36.75862],[-4.45003,36.76021],[-4.45001,36.76032],[-4.45051,36.76067],[-4.4506,36.76102],[-4.45091,36.76133],[-4.45131,36.76214],[-4.45147,36.76325],[-4.45162,36.76329],[-4.45165,36.76376],[-4.45187,36.76437],[-4.4513,36.76494],[-4.4499,36.76509],[-4.44778,36.76514],[-4.44333,36.76479],[-4.44301,36.7649],[-4.44155,36.76496],[-4.44129,36.76485],[-4.44089,36.76438],[-4.44083,36.7641],[-4.4398,36.76316],[-4.43931,36.76284],[-4.4392,36.76263],[-4.43845,36.76218],[-4.4383,36.76199],[-4.43819,36.76144],[-4.4378,36.76116],[-4.43765,36.76089],[-4.43719,36.76068],[-4.43677,36.76026],[-4.43641,36.76024],[-4.43585,36.76054],[-4.43548,36.76056],[-4.43465,36.76024],[-4.43435,36.75999],[-4.43429,36.75914],[-4.43327,36.7586],[-4.4326,36.75931]]]}},{"type":"Feature","properties":{"id":"2906707025"},"geometry":{"type":"Polygon","coordinates":[[[-4.42752,36.74073],[-4.42866,36.74123],[-4.42965,36.74147],[-4.43039,36.74197],[-4.42814,36.74271],[-4.42752,36.74073]]]}},{"type":"Feature","properties":{"id":"2906707026"},"geometry":{"type":"Polygon","coordinates":[[[-4.43068,36.74201],[-4.43039,36.74197],[-4.42965,36.74147],[-4.42866,36.74123],[-4.42752,36.74073],[-4.42742,36.74045],[-4.42822,36.74028],[-4.42974,36.74029],[-4.43032,36.73976],[-4.43072,36.73997],[-4.43056,36.74027],[-4.43092,36.74052],[-4.43123,36.74103],[-4.43068,36.74201]]]}},{"type":"Feature","properties":{"id":"2906707027"},"geometry":{"type":"Polygon","coordinates":[[[-4.46744,36.73],[-4.46996,36.73169],[-4.47146,36.73226],[-4.47657,36.73319],[-4.47648,36.73324],[-4.47658,36.73339],[-4.47707,36.73373],[-4.47687,36.73415],[-4.4773,36.73438],[-4.4773,36.73478],[-4.47749,36.73529],[-4.47741,36.73604],[-4.47682,36.73615],[-4.47662,36.7363],[-4.47658,36.7367],[-4.47584,36.73673],[-4.4756,36.73758],[-4.47533,36.7379],[-4.47539,36.73833],[-4.47531,36.73858],[-4.47493,36.73893],[-4.47494,36.73948],[-4.47456,36.73962],[-4.47454,36.73971],[-4.4753,36.73996],[-4.47519,36.74184],[-4.47527,36.74216],[-4.47573,36.74258],[-4.47455,36.74353],[-4.47452,36.74363],[-4.47502,36.74418],[-4.47494,36.74457],[-4.47479,36.74514],[-4.47388,36.74677],[-4.4744,36.7473],[-4.47535,36.74752],[-4.4759,36.74713],[-4.47607,36.74716],[-4.47637,36.74747],[-4.47674,36.74716],[-4.47712,36.74713],[-4.47704,36.74753],[-4.47662,36.74762],[-4.47601,36.74803],[-4.47566,36.74814],[-4.47492,36.74888],[-4.47433,36.74899],[-4.47332,36.74961],[-4.47289,36.74963],[-4.47215,36.74922],[-4.47182,36.74862],[-4.47094,36.74928],[-4.47038,36.74938],[-4.46994,36.75008],[-4.46995,36.75035],[-4.46971,36.75051],[-4.4694,36.75056],[-4.46895,36.75031],[-4.4687,36.74969],[-4.46844,36.74965],[-4.46764,36.74769],[-4.46486,36.74459],[-4.46402,36.74211],[-4.4638,36.73884],[-4.46522,36.73836],[-4.4635,36.73806],[-4.4631,36.73761],[-4.46349,36.73737],[-4.46249,36.73573],[-4.46161,36.73459],[-4.46175,36.73338],[-4.46402,36.73252],[-4.46649,36.73201],[-4.46661,36.73088],[-4.46744,36.73]]]}},{"type":"Feature","properties":{"id":"2906707028"},"geometry":{"type":"Polygon","coordinates":[[[-4.43032,36.73976],[-4.42989,36.73819],[-4.43086,36.73783],[-4.43187,36.7397],[-4.43225,36.73956],[-4.43237,36.73979],[-4.43274,36.73965],[-4.4329,36.73999],[-4.43219,36.7403],[-4.43179,36.74088],[-4.43123,36.74103],[-4.43092,36.74052],[-4.43056,36.74027],[-4.43072,36.73997],[-4.43032,36.73976]]]}},{"type":"Feature","properties":{"id":"2906707029"},"geometry":{"type":"Polygon","coordinates":[[[-4.43179,36.74088],[-4.43195,36.74107],[-4.4324,36.7409],[-4.43258,36.74051],[-4.43247,36.74021],[-4.43393,36.73967],[-4.43414,36.73948],[-4.43412,36.73903],[-4.43463,36.73886],[-4.43449,36.73802],[-4.43383,36.7369],[-4.43362,36.73686],[-4.43338,36.73693],[-4.43344,36.73707],[-4.43313,36.73699],[-4.43327,36.7362],[-4.43518,36.73544],[-4.4359,36.73597],[-4.43627,36.73605],[-4.437,36.73589],[-4.4374,36.73602],[-4.43801,36.73596],[-4.43867,36.73631],[-4.43875,36.73649],[-4.43929,36.73683],[-4.4395,36.73727],[-4.43974,36.73743],[-4.441,36.73702],[-4.4418,36.73799],[-4.44222,36.73826],[-4.44328,36.73853],[-4.44342,36.73874],[-4.44314,36.73902],[-4.44264,36.74012],[-4.44216,36.74174],[-4.44198,36.74191],[-4.44238,36.74309],[-4.4426,36.74585],[-4.44225,36.74709],[-4.44139,36.74785],[-4.44016,36.74831],[-4.43941,36.74825],[-4.43944,36.74974],[-4.43857,36.7499],[-4.43786,36.74935],[-4.43719,36.74906],[-4.43537,36.7479],[-4.43399,36.74737],[-4.43328,36.74559],[-4.43207,36.74316],[-4.43203,36.74262],[-4.43267,36.74239],[-4.43297,36.74215],[-4.43255,36.74142],[-4.43147,36.74158],[-4.43097,36.74136],[-4.43123,36.74103],[-4.43179,36.74088]]]}},{"type":"Feature","properties":{"id":"2906707030"},"geometry":{"type":"Polygon","coordinates":[[[-4.43663,36.73144],[-4.4361,36.73195],[-4.43599,36.73298],[-4.43629,36.73335],[-4.43374,36.73468],[-4.43344,36.73469],[-4.43367,36.73068],[-4.43412,36.72958],[-4.43663,36.73144]]]}},{"type":"Feature","properties":{"id":"2906707031"},"geometry":{"type":"Polygon","coordinates":[[[-4.43783,36.73135],[-4.43748,36.73105],[-4.43817,36.73056],[-4.43787,36.73036],[-4.43771,36.73044],[-4.43744,36.73038],[-4.43743,36.72994],[-4.43818,36.73021],[-4.43899,36.72996],[-4.43901,36.72986],[-4.43931,36.73019],[-4.43783,36.73135]]]}},{"type":"Feature","properties":{"id":"2906707032"},"geometry":{"type":"Polygon","coordinates":[[[-4.43412,36.72958],[-4.43436,36.72904],[-4.43445,36.72912],[-4.4375,36.7292],[-4.43748,36.72879],[-4.43807,36.72878],[-4.43828,36.7287],[-4.43869,36.72886],[-4.43864,36.72918],[-4.43901,36.72986],[-4.43899,36.72996],[-4.43818,36.73021],[-4.43648,36.72967],[-4.43632,36.72974],[-4.43589,36.73063],[-4.4357,36.73073],[-4.43412,36.72958]]]}},{"type":"Feature","properties":{"id":"2906707033"},"geometry":{"type":"Polygon","coordinates":[[[-4.43464,36.72797],[-4.43495,36.72684],[-4.43725,36.72731],[-4.4372,36.72743],[-4.43739,36.72806],[-4.43735,36.72813],[-4.43686,36.72813],[-4.43476,36.72805],[-4.43464,36.72797]]]}},{"type":"Feature","properties":{"id":"2906707034"},"geometry":{"type":"Polygon","coordinates":[[[-4.43495,36.72684],[-4.43532,36.72544],[-4.43554,36.72563],[-4.43878,36.72616],[-4.43871,36.72643],[-4.43882,36.72652],[-4.43778,36.72719],[-4.43742,36.72721],[-4.43725,36.72731],[-4.43495,36.72684]]]}},{"type":"Feature","properties":{"id":"2906707035"},"geometry":{"type":"Polygon","coordinates":[[[-4.43532,36.72544],[-4.43573,36.72377],[-4.43702,36.72377],[-4.43706,36.72371],[-4.43832,36.7238],[-4.43937,36.72399],[-4.43873,36.72619],[-4.43554,36.72563],[-4.43532,36.72544]]]}},{"type":"Feature","properties":{"id":"2906707037"},"geometry":{"type":"Polygon","coordinates":[[[-4.43705,36.72292],[-4.43705,36.72263],[-4.43574,36.72264],[-4.43573,36.72141],[-4.43879,36.72138],[-4.43878,36.7226],[-4.43758,36.72263],[-4.43758,36.72294],[-4.43705,36.72292]]]}},{"type":"Feature","properties":{"id":"2906707039"},"geometry":{"type":"Polygon","coordinates":[[[-4.43937,36.72399],[-4.43877,36.72388],[-4.43879,36.72138],[-4.43954,36.72137],[-4.43965,36.72164],[-4.43992,36.72176],[-4.44019,36.72172],[-4.44133,36.72356],[-4.44107,36.7237],[-4.43995,36.72395],[-4.43937,36.72399]]]}},{"type":"Feature","properties":{"id":"2906707040"},"geometry":{"type":"Polygon","coordinates":[[[-4.43897,36.72549],[-4.43937,36.72399],[-4.43967,36.72401],[-4.44158,36.72353],[-4.44198,36.72265],[-4.44279,36.72289],[-4.44368,36.72404],[-4.44207,36.72486],[-4.44245,36.72548],[-4.44251,36.72577],[-4.44238,36.72607],[-4.44155,36.72617],[-4.43897,36.72549]]]}},{"type":"Feature","properties":{"id":"2906707041"},"geometry":{"type":"Polygon","coordinates":[[[-4.44198,36.72265],[-4.44238,36.7219],[-4.44235,36.7214],[-4.4436,36.72286],[-4.44384,36.72323],[-4.44366,36.72332],[-4.4439,36.72362],[-4.44349,36.72377],[-4.44279,36.72289],[-4.44198,36.72265]]]}},{"type":"Feature","properties":{"id":"2906707042"},"geometry":{"type":"Polygon","coordinates":[[[-4.44822,36.72229],[-4.45117,36.72275],[-4.45157,36.7237],[-4.45161,36.72466],[-4.45173,36.725],[-4.45163,36.72526],[-4.45068,36.7263],[-4.44899,36.72695],[-4.44883,36.72541],[-4.44867,36.72513],[-4.44824,36.72478],[-4.44822,36.72229]]]}},{"type":"Feature","properties":{"id":"2906707043"},"geometry":{"type":"Polygon","coordinates":[[[-4.442,36.72753],[-4.43882,36.72652],[-4.43871,36.72643],[-4.43897,36.72549],[-4.44171,36.72616],[-4.44193,36.7263],[-4.44439,36.72699],[-4.44448,36.72714],[-4.44432,36.72764],[-4.44223,36.72697],[-4.442,36.72753]]]}},{"type":"Feature","properties":{"id":"2906707044"},"geometry":{"type":"Polygon","coordinates":[[[-4.4387,36.72749],[-4.43967,36.72774],[-4.43986,36.72874],[-4.43968,36.72883],[-4.43869,36.72887],[-4.43828,36.7287],[-4.4387,36.72749]]]}},{"type":"Feature","properties":{"id":"2906707045"},"geometry":{"type":"Polygon","coordinates":[[[-4.44288,36.72888],[-4.44263,36.72949],[-4.44287,36.72961],[-4.44271,36.72977],[-4.44223,36.73009],[-4.44151,36.73009],[-4.44184,36.72969],[-4.44034,36.72919],[-4.44016,36.72909],[-4.44016,36.72896],[-4.43995,36.72897],[-4.43974,36.7288],[-4.43986,36.72874],[-4.43967,36.72774],[-4.44288,36.72888]]]}},{"type":"Feature","properties":{"id":"2906707046"},"geometry":{"type":"Polygon","coordinates":[[[-4.46034,36.76496],[-4.46034,36.76478],[-4.461,36.76453],[-4.46121,36.76428],[-4.46107,36.76398],[-4.46007,36.76316],[-4.46006,36.76295],[-4.46022,36.76284],[-4.4603,36.76256],[-4.46019,36.76219],[-4.45978,36.762],[-4.4598,36.76189],[-4.46054,36.76136],[-4.46041,36.76093],[-4.46045,36.76029],[-4.46085,36.7602],[-4.46196,36.76017],[-4.46311,36.75973],[-4.46359,36.75977],[-4.46466,36.75954],[-4.46523,36.75865],[-4.4654,36.7581],[-4.46558,36.75789],[-4.4668,36.75718],[-4.46692,36.7568],[-4.46723,36.75642],[-4.46733,36.75611],[-4.46728,36.75583],[-4.46763,36.75516],[-4.46769,36.75454],[-4.46694,36.75293],[-4.46707,36.752],[-4.4669,36.75148],[-4.46751,36.75099],[-4.46823,36.74976],[-4.46857,36.74963],[-4.4687,36.74969],[-4.46895,36.75031],[-4.4694,36.75056],[-4.46971,36.75051],[-4.46995,36.75035],[-4.46994,36.75008],[-4.47038,36.74938],[-4.47094,36.74928],[-4.47182,36.74862],[-4.47215,36.74922],[-4.47289,36.74963],[-4.47332,36.74961],[-4.47433,36.74899],[-4.47492,36.74888],[-4.47566,36.74814],[-4.47601,36.74803],[-4.47662,36.74762],[-4.47692,36.74752],[-4.47737,36.74762],[-4.47744,36.74783],[-4.47769,36.74805],[-4.47762,36.74854],[-4.47789,36.74868],[-4.47808,36.74855],[-4.47812,36.74833],[-4.4784,36.74821],[-4.47883,36.74837],[-4.47889,36.74871],[-4.4802,36.74886],[-4.48066,36.74901],[-4.4809,36.74898],[-4.48091,36.74911],[-4.48222,36.74872],[-4.48339,36.74897],[-4.48408,36.74931],[-4.48452,36.74913],[-4.48478,36.74885],[-4.48544,36.74736],[-4.48651,36.74641],[-4.48679,36.74627],[-4.48742,36.74541],[-4.4877,36.74432],[-4.48868,36.74293],[-4.48895,36.74278],[-4.49133,36.74505],[-4.49192,36.74621],[-4.4927,36.74729],[-4.49296,36.74911],[-4.49292,36.75115],[-4.49305,36.75267],[-4.49339,36.75352],[-4.49156,36.75407],[-4.49055,36.75457],[-4.48788,36.75541],[-4.48684,36.75599],[-4.48185,36.75727],[-4.48088,36.75783],[-4.48013,36.75803],[-4.47983,36.75766],[-4.47955,36.75751],[-4.47933,36.75703],[-4.47893,36.75674],[-4.47884,36.75677],[-4.47914,36.7571],[-4.47917,36.75798],[-4.47966,36.75819],[-4.47967,36.75848],[-4.47857,36.75898],[-4.47772,36.76005],[-4.4773,36.76031],[-4.47706,36.76068],[-4.47668,36.76091],[-4.47608,36.76156],[-4.47527,36.76188],[-4.47418,36.76281],[-4.474,36.76308],[-4.47378,36.76311],[-4.47363,36.76362],[-4.47376,36.76433],[-4.47366,36.76443],[-4.47321,36.76449],[-4.47301,36.76461],[-4.47298,36.76478],[-4.47316,36.7651],[-4.47391,36.7655],[-4.47424,36.76597],[-4.47471,36.76634],[-4.47484,36.76658],[-4.47481,36.76688],[-4.47447,36.76713],[-4.47425,36.76757],[-4.47431,36.76787],[-4.45992,36.76694],[-4.45971,36.76658],[-4.45971,36.76639],[-4.45978,36.76627],[-4.46042,36.76601],[-4.4607,36.76555],[-4.46065,36.76521],[-4.46034,36.76496]]]}},{"type":"Feature","properties":{"id":"2906707047"},"geometry":{"type":"Polygon","coordinates":[[[-4.44843,36.84039],[-4.44922,36.8399],[-4.44948,36.83958],[-4.45073,36.83906],[-4.45117,36.83878],[-4.45126,36.83821],[-4.45113,36.83748],[-4.45157,36.83664],[-4.45184,36.83644],[-4.45205,36.83655],[-4.45234,36.837],[-4.45285,36.8374],[-4.454,36.83787],[-4.45442,36.83787],[-4.45482,36.83772],[-4.45537,36.83714],[-4.45542,36.83677],[-4.45435,36.83592],[-4.45335,36.83532],[-4.45289,36.83536],[-4.45227,36.83569],[-4.45184,36.8357],[-4.45158,36.83551],[-4.45143,36.83522],[-4.45142,36.83438],[-4.45116,36.83384],[-4.4508,36.83361],[-4.44984,36.83351],[-4.449,36.83349],[-4.4487,36.83375],[-4.4487,36.83449],[-4.44949,36.83502],[-4.44961,36.83524],[-4.44962,36.83549],[-4.44934,36.83617],[-4.44909,36.83636],[-4.44882,36.83642],[-4.44867,36.83643],[-4.44828,36.8362],[-4.44792,36.83535],[-4.44787,36.83364],[-4.44762,36.83328],[-4.44738,36.83258],[-4.44668,36.83154],[-4.44653,36.83043],[-4.44625,36.83023],[-4.44495,36.83057],[-4.44458,36.83055],[-4.44431,36.83041],[-4.44412,36.82993],[-4.44445,36.82878],[-4.4444,36.82826],[-4.444,36.82765],[-4.44371,36.82741],[-4.44349,36.82694],[-4.44287,36.8266],[-4.4423,36.82652],[-4.44202,36.82637],[-4.44179,36.826],[-4.4419,36.82505],[-4.44294,36.82334],[-4.44354,36.82265],[-4.44442,36.82187],[-4.44465,36.82152],[-4.44472,36.82089],[-4.44437,36.82061],[-4.44385,36.82067],[-4.44265,36.821],[-4.44227,36.82093],[-4.44148,36.82061],[-4.44131,36.82038],[-4.44134,36.82005],[-4.44213,36.81899],[-4.44389,36.81819],[-4.4443,36.81822],[-4.44463,36.81854],[-4.44481,36.81879],[-4.44494,36.81948],[-4.44513,36.81978],[-4.44527,36.81979],[-4.44707,36.81952],[-4.44744,36.81924],[-4.44775,36.81874],[-4.44827,36.81823],[-4.44877,36.81731],[-4.44896,36.81711],[-4.44931,36.81697],[-4.44961,36.8169],[-4.44992,36.81695],[-4.45016,36.81703],[-4.45034,36.81724],[-4.45047,36.81853],[-4.45054,36.81874],[-4.45078,36.81883],[-4.45189,36.81878],[-4.45263,36.81838],[-4.45286,36.81791],[-4.45287,36.81731],[-4.45229,36.81669],[-4.45087,36.81636],[-4.45071,36.81622],[-4.45075,36.81581],[-4.45205,36.81428],[-4.45185,36.81396],[-4.45097,36.81378],[-4.45021,36.81388],[-4.44974,36.81416],[-4.44948,36.81457],[-4.4489,36.81482],[-4.44835,36.81442],[-4.44746,36.81339],[-4.44704,36.81306],[-4.44673,36.81294],[-4.44546,36.81262],[-4.44406,36.81246],[-4.44297,36.81216],[-4.44175,36.81209],[-4.44094,36.81168],[-4.44064,36.8111],[-4.44009,36.81062],[-4.43964,36.80998],[-4.43944,36.80951],[-4.43938,36.809],[-4.43957,36.80867],[-4.43954,36.80809],[-4.43929,36.80774],[-4.43872,36.80731],[-4.43678,36.80643],[-4.4365,36.80618],[-4.43651,36.80573],[-4.4367,36.80549],[-4.43672,36.80527],[-4.43639,36.80488],[-4.43586,36.80491],[-4.4354,36.80554],[-4.43441,36.80616],[-4.43367,36.80575],[-4.43322,36.80535],[-4.43304,36.80501],[-4.43298,36.80455],[-4.43311,36.80389],[-4.43374,36.80218],[-4.43374,36.80145],[-4.43302,36.79965],[-4.43301,36.79914],[-4.43328,36.79855],[-4.43391,36.79784],[-4.4338,36.79687],[-4.43282,36.79629],[-4.4325,36.79575],[-4.43281,36.79478],[-4.43287,36.79368],[-4.43273,36.79329],[-4.43256,36.79312],[-4.43225,36.79309],[-4.43096,36.79323],[-4.43073,36.79315],[-4.43065,36.79294],[-4.43142,36.79191],[-4.43176,36.79177],[-4.4328,36.79187],[-4.43307,36.79176],[-4.43319,36.79159],[-4.4332,36.79131],[-4.43302,36.79109],[-4.43188,36.79045],[-4.43212,36.79004],[-4.43491,36.78927],[-4.43525,36.78902],[-4.43525,36.78873],[-4.43499,36.78864],[-4.43224,36.78874],[-4.43193,36.7887],[-4.43178,36.78857],[-4.43209,36.78787],[-4.4328,36.78685],[-4.43272,36.78663],[-4.43168,36.78551],[-4.432,36.7852],[-4.43314,36.785],[-4.43321,36.78477],[-4.43315,36.78449],[-4.43296,36.78438],[-4.4324,36.78448],[-4.43147,36.7843],[-4.43207,36.78372],[-4.43282,36.78338],[-4.43417,36.78312],[-4.43465,36.78262],[-4.43467,36.78243],[-4.43457,36.78207],[-4.43428,36.7819],[-4.43283,36.78175],[-4.43211,36.7815],[-4.43139,36.78063],[-4.43076,36.78027],[-4.43022,36.78019],[-4.42976,36.77984],[-4.42965,36.77973],[-4.42949,36.77913],[-4.43004,36.77892],[-4.43044,36.77842],[-4.4303,36.77799],[-4.42989,36.77748],[-4.4305,36.77694],[-4.43101,36.77671],[-4.4312,36.77673],[-4.43143,36.7765],[-4.43164,36.77593],[-4.43174,36.7752],[-4.43202,36.77488],[-4.43225,36.77478],[-4.43256,36.7748],[-4.43273,36.77498],[-4.43288,36.77557],[-4.43261,36.77621],[-4.43299,36.77657],[-4.43341,36.77668],[-4.43372,36.77638],[-4.43402,36.77583],[-4.43439,36.77439],[-4.43427,36.77383],[-4.43398,36.77346],[-4.43403,36.77305],[-4.4343,36.77275],[-4.43529,36.77272],[-4.43662,36.77231],[-4.43647,36.77195],[-4.43572,36.77144],[-4.43399,36.77112],[-4.43342,36.7711],[-4.43285,36.7709],[-4.43142,36.77026],[-4.43096,36.76965],[-4.43084,36.76931],[-4.43106,36.76869],[-4.43139,36.76828],[-4.43287,36.76735],[-4.4332,36.76675],[-4.43314,36.7665],[-4.43248,36.76621],[-4.43132,36.76591],[-4.43105,36.76557],[-4.43073,36.76482],[-4.43125,36.76404],[-4.43203,36.76332],[-4.43239,36.76282],[-4.4328,36.76181],[-4.43267,36.76104],[-4.43211,36.75964],[-4.4326,36.75931],[-4.43327,36.7586],[-4.43429,36.75914],[-4.43435,36.75999],[-4.43465,36.76024],[-4.43548,36.76056],[-4.43585,36.76054],[-4.43641,36.76024],[-4.43677,36.76026],[-4.43719,36.76068],[-4.43765,36.76089],[-4.4378,36.76116],[-4.43819,36.76144],[-4.4383,36.76199],[-4.43845,36.76218],[-4.4392,36.76263],[-4.43931,36.76284],[-4.4398,36.76316],[-4.44083,36.7641],[-4.44089,36.76438],[-4.44129,36.76485],[-4.44155,36.76496],[-4.44301,36.7649],[-4.44333,36.76479],[-4.44836,36.76515],[-4.4513,36.76494],[-4.45187,36.76437],[-4.45165,36.76376],[-4.45162,36.76329],[-4.45186,36.76336],[-4.45231,36.76373],[-4.45342,36.76441],[-4.45371,36.76482],[-4.45451,36.76515],[-4.45513,36.76526],[-4.46034,36.76496],[-4.46065,36.76521],[-4.4607,36.76555],[-4.46042,36.76601],[-4.45978,36.76627],[-4.45971,36.76639],[-4.45971,36.76658],[-4.45992,36.76694],[-4.47431,36.76787],[-4.47425,36.76757],[-4.47447,36.76713],[-4.47481,36.76688],[-4.47484,36.76658],[-4.47471,36.76634],[-4.47424,36.76597],[-4.47391,36.7655],[-4.47316,36.7651],[-4.47298,36.76478],[-4.47301,36.76461],[-4.47321,36.76449],[-4.47366,36.76443],[-4.47376,36.76433],[-4.47363,36.76362],[-4.47378,36.76311],[-4.474,36.76308],[-4.47418,36.76281],[-4.47527,36.76188],[-4.47608,36.76156],[-4.47668,36.76091],[-4.47706,36.76068],[-4.4773,36.76031],[-4.47772,36.76005],[-4.47857,36.75898],[-4.47967,36.75848],[-4.47966,36.75819],[-4.47917,36.75798],[-4.47914,36.7571],[-4.47884,36.75677],[-4.47893,36.75674],[-4.47933,36.75703],[-4.47955,36.75751],[-4.47983,36.75766],[-4.48013,36.75803],[-4.48088,36.75783],[-4.48185,36.75727],[-4.48684,36.75599],[-4.48788,36.75541],[-4.49055,36.75457],[-4.49156,36.75407],[-4.49339,36.75352],[-4.49364,36.75415],[-4.49468,36.75548],[-4.4957,36.75775],[-4.4967,36.7586],[-4.49699,36.75914],[-4.49721,36.76077],[-4.49698,36.76182],[-4.49704,36.76214],[-4.49732,36.76245],[-4.49781,36.76347],[-4.49767,36.76371],[-4.4967,36.76456],[-4.49643,36.7651],[-4.49617,36.76523],[-4.49517,36.76528],[-4.49484,36.76539],[-4.49483,36.76564],[-4.49547,36.7659],[-4.49537,36.76631],[-4.49607,36.76633],[-4.49689,36.76655],[-4.49699,36.76675],[-4.49693,36.76768],[-4.49685,36.76776],[-4.49634,36.76783],[-4.49559,36.76847],[-4.49561,36.7688],[-4.4959,36.76908],[-4.49614,36.76956],[-4.49596,36.76995],[-4.49519,36.77027],[-4.49426,36.77144],[-4.49334,36.77188],[-4.49331,36.77268],[-4.49286,36.7734],[-4.493,36.77373],[-4.49356,36.77414],[-4.49358,36.77444],[-4.49333,36.77518],[-4.49351,36.77565],[-4.49351,36.77718],[-4.49323,36.77757],[-4.49269,36.77802],[-4.49251,36.77873],[-4.49177,36.77909],[-4.4917,36.77926],[-4.49186,36.7794],[-4.49272,36.77937],[-4.4929,36.77946],[-4.49305,36.78012],[-4.49334,36.78044],[-4.49361,36.78055],[-4.49448,36.78066],[-4.49518,36.78094],[-4.49634,36.78114],[-4.497,36.78159],[-4.49803,36.78134],[-4.49837,36.78138],[-4.49932,36.78206],[-4.49908,36.78267],[-4.49878,36.7827],[-4.49877,36.78283],[-4.49946,36.78304],[-4.50015,36.78346],[-4.50015,36.78366],[-4.49995,36.78391],[-4.49953,36.78396],[-4.49883,36.7846],[-4.49852,36.78462],[-4.49828,36.78449],[-4.49812,36.78456],[-4.49839,36.78508],[-4.49837,36.78526],[-4.49821,36.78537],[-4.4975,36.78553],[-4.49732,36.78604],[-4.49677,36.78675],[-4.49673,36.78714],[-4.49705,36.78787],[-4.49705,36.78852],[-4.49726,36.7888],[-4.49784,36.7889],[-4.49805,36.78917],[-4.49819,36.78972],[-4.49799,36.79093],[-4.49819,36.79143],[-4.49878,36.79218],[-4.50035,36.79288],[-4.50047,36.7931],[-4.50075,36.79484],[-4.49938,36.79664],[-4.49885,36.79712],[-4.49583,36.79921],[-4.49505,36.79989],[-4.4945,36.80054],[-4.49387,36.801],[-4.48883,36.80246],[-4.48658,36.8034],[-4.48189,36.80511],[-4.47651,36.80738],[-4.47622,36.80766],[-4.47598,36.80828],[-4.47589,36.80904],[-4.47488,36.81019],[-4.4744,36.81042],[-4.47375,36.81034],[-4.47302,36.81037],[-4.47103,36.81145],[-4.46916,36.81224],[-4.46769,36.81274],[-4.46694,36.81317],[-4.46742,36.81395],[-4.46738,36.81432],[-4.46708,36.81509],[-4.46659,36.81597],[-4.46634,36.81673],[-4.4663,36.81735],[-4.46691,36.81878],[-4.46695,36.81949],[-4.46666,36.82139],[-4.46671,36.8219],[-4.46684,36.82229],[-4.46757,36.82291],[-4.46798,36.82347],[-4.468,36.82385],[-4.46782,36.82453],[-4.4682,36.82561],[-4.46827,36.82613],[-4.46808,36.82675],[-4.46729,36.82843],[-4.46764,36.829],[-4.4677,36.82932],[-4.46749,36.82958],[-4.46704,36.82977],[-4.46675,36.83005],[-4.46671,36.83033],[-4.46641,36.83074],[-4.46624,36.83116],[-4.46644,36.83141],[-4.46689,36.83162],[-4.46716,36.83192],[-4.46711,36.83233],[-4.46724,36.8327],[-4.4685,36.83347],[-4.46867,36.83409],[-4.4689,36.83438],[-4.46959,36.83487],[-4.4698,36.83585],[-4.46929,36.83611],[-4.46864,36.83601],[-4.46718,36.83604],[-4.46698,36.83617],[-4.46708,36.83748],[-4.46702,36.83784],[-4.46623,36.83865],[-4.46607,36.83964],[-4.46507,36.84048],[-4.46486,36.8412],[-4.46397,36.84185],[-4.46339,36.84215],[-4.46313,36.8424],[-4.46299,36.84271],[-4.46308,36.84314],[-4.46338,36.8436],[-4.46469,36.84473],[-4.46487,36.8451],[-4.4649,36.84543],[-4.46477,36.8458],[-4.465,36.84652],[-4.46488,36.84717],[-4.46507,36.84833],[-4.4652,36.84885],[-4.4657,36.84967],[-4.4649,36.84982],[-4.46447,36.84982],[-4.46402,36.84969],[-4.46276,36.84914],[-4.46093,36.84806],[-4.46051,36.84802],[-4.45882,36.84823],[-4.45833,36.84812],[-4.45644,36.84737],[-4.45562,36.84693],[-4.45521,36.84659],[-4.45389,36.8461],[-4.45322,36.8457],[-4.4519,36.84455],[-4.45114,36.84358],[-4.45028,36.84217],[-4.44843,36.84039]]]}},{"type":"Feature","properties":{"id":"2906707048"},"geometry":{"type":"Polygon","coordinates":[[[-4.44703,36.73087],[-4.44608,36.73052],[-4.44556,36.7302],[-4.44613,36.7321],[-4.44609,36.73267],[-4.44584,36.7336],[-4.44585,36.73401],[-4.44484,36.73374],[-4.44478,36.73361],[-4.44502,36.73299],[-4.44507,36.73103],[-4.44484,36.73066],[-4.44421,36.73031],[-4.44394,36.73028],[-4.44352,36.73063],[-4.44309,36.73013],[-4.4428,36.73037],[-4.44239,36.73],[-4.44287,36.72961],[-4.44263,36.72949],[-4.44288,36.72888],[-4.44323,36.72901],[-4.44358,36.72898],[-4.44408,36.7282],[-4.44487,36.72845],[-4.44542,36.72934],[-4.44613,36.7298],[-4.44637,36.72987],[-4.44671,36.72983],[-4.44703,36.73087]]]}},{"type":"Feature","properties":{"id":"2906707049"},"geometry":{"type":"Polygon","coordinates":[[[-4.45256,36.73037],[-4.45287,36.73068],[-4.45403,36.73147],[-4.45388,36.73169],[-4.45359,36.73183],[-4.4533,36.73148],[-4.45302,36.73161],[-4.45281,36.73138],[-4.45286,36.73124],[-4.45229,36.7314],[-4.45131,36.73141],[-4.45066,36.73176],[-4.45048,36.73173],[-4.45018,36.73147],[-4.45053,36.73066],[-4.45033,36.73052],[-4.45043,36.73034],[-4.45035,36.73003],[-4.45041,36.73008],[-4.45247,36.72904],[-4.45255,36.72912],[-4.45245,36.72958],[-4.45233,36.72986],[-4.45202,36.73014],[-4.45245,36.73045],[-4.45256,36.73037]]]}},{"type":"Feature","properties":{"id":"2906707050"},"geometry":{"type":"Polygon","coordinates":[[[-4.45186,36.76336],[-4.45147,36.76325],[-4.45131,36.76214],[-4.45091,36.76133],[-4.4506,36.76102],[-4.45051,36.76067],[-4.45001,36.76032],[-4.45003,36.76021],[-4.44923,36.75862],[-4.44922,36.75814],[-4.4488,36.75769],[-4.44789,36.7561],[-4.44755,36.75564],[-4.44503,36.75395],[-4.44477,36.75343],[-4.44483,36.75316],[-4.44434,36.75284],[-4.44449,36.75239],[-4.44485,36.75221],[-4.44525,36.75178],[-4.44524,36.75125],[-4.44505,36.75112],[-4.44451,36.75121],[-4.44428,36.7511],[-4.44391,36.75066],[-4.44395,36.75029],[-4.44361,36.7505],[-4.44286,36.75064],[-4.44229,36.7504],[-4.44214,36.75002],[-4.44196,36.74995],[-4.44111,36.74998],[-4.43944,36.74951],[-4.43941,36.74825],[-4.44016,36.74831],[-4.44139,36.74785],[-4.44225,36.74709],[-4.4426,36.74585],[-4.44238,36.74309],[-4.44198,36.74191],[-4.44216,36.74174],[-4.44264,36.74012],[-4.44314,36.73902],[-4.44342,36.73874],[-4.44315,36.73845],[-4.44222,36.73826],[-4.4418,36.73799],[-4.441,36.73702],[-4.43974,36.73743],[-4.4395,36.73727],[-4.43929,36.73683],[-4.43875,36.73649],[-4.43867,36.73631],[-4.43801,36.73596],[-4.4374,36.73602],[-4.437,36.73589],[-4.43627,36.73605],[-4.4359,36.73597],[-4.43519,36.73545],[-4.43641,36.73488],[-4.43837,36.73369],[-4.44168,36.73133],[-4.44309,36.73013],[-4.44352,36.73063],[-4.44394,36.73028],[-4.44445,36.73042],[-4.44484,36.73066],[-4.44507,36.73103],[-4.44502,36.73299],[-4.44478,36.73361],[-4.44484,36.73374],[-4.44683,36.73427],[-4.44846,36.73529],[-4.44923,36.73556],[-4.44925,36.73531],[-4.45027,36.73529],[-4.45074,36.73516],[-4.451,36.73494],[-4.45129,36.73497],[-4.45175,36.7352],[-4.45214,36.73505],[-4.45159,36.73485],[-4.45127,36.7345],[-4.45118,36.73342],[-4.45081,36.73236],[-4.45259,36.73391],[-4.45291,36.73397],[-4.45325,36.73483],[-4.45314,36.7351],[-4.4533,36.73545],[-4.45363,36.73588],[-4.4544,36.7363],[-4.45431,36.73657],[-4.45447,36.73686],[-4.45441,36.73784],[-4.45328,36.73792],[-4.45342,36.73819],[-4.45328,36.7393],[-4.4534,36.73977],[-4.45333,36.74007],[-4.45345,36.74026],[-4.45335,36.74301],[-4.45938,36.74208],[-4.46402,36.74211],[-4.46486,36.74459],[-4.46764,36.74769],[-4.46844,36.74965],[-4.46805,36.74997],[-4.46783,36.75052],[-4.46751,36.75099],[-4.4669,36.75148],[-4.46707,36.752],[-4.46694,36.75293],[-4.46769,36.75454],[-4.46763,36.75516],[-4.46728,36.75583],[-4.46727,36.75633],[-4.46692,36.7568],[-4.4668,36.75718],[-4.46558,36.75789],[-4.46536,36.75817],[-4.46501,36.75902],[-4.46455,36.75959],[-4.46359,36.75977],[-4.46311,36.75973],[-4.46185,36.76019],[-4.46085,36.7602],[-4.46045,36.76029],[-4.46041,36.76093],[-4.46054,36.76136],[-4.4598,36.76189],[-4.45978,36.762],[-4.46019,36.76219],[-4.4603,36.76256],[-4.46022,36.76284],[-4.46006,36.76295],[-4.46007,36.76316],[-4.46039,36.76335],[-4.46062,36.76367],[-4.46115,36.76407],[-4.46121,36.76428],[-4.461,36.76453],[-4.46034,36.76478],[-4.46034,36.76496],[-4.45513,36.76526],[-4.45451,36.76515],[-4.45371,36.76482],[-4.45342,36.76441],[-4.45231,36.76373],[-4.45186,36.76336]]]}},{"type":"Feature","properties":{"id":"2906707051"},"geometry":{"type":"Polygon","coordinates":[[[-4.43984,36.73062],[-4.44151,36.73009],[-4.44194,36.73014],[-4.44239,36.73],[-4.4428,36.73037],[-4.44132,36.7316],[-4.44122,36.73151],[-4.44092,36.73148],[-4.43984,36.73062]]]}},{"type":"Feature","properties":{"id":"2906707052"},"geometry":{"type":"Polygon","coordinates":[[[-4.43984,36.73062],[-4.43921,36.7301],[-4.44016,36.72896],[-4.44016,36.72909],[-4.44034,36.72919],[-4.44184,36.72969],[-4.44151,36.73009],[-4.43984,36.73062]]]}},{"type":"Feature","properties":{"id":"2906707053"},"geometry":{"type":"Polygon","coordinates":[[[-4.43179,36.74088],[-4.43219,36.7403],[-4.4329,36.73999],[-4.43237,36.73899],[-4.4333,36.73865],[-4.43339,36.73885],[-4.43384,36.7387],[-4.43412,36.73903],[-4.43414,36.73948],[-4.43367,36.7398],[-4.43247,36.74021],[-4.43258,36.74051],[-4.4324,36.7409],[-4.43195,36.74107],[-4.43179,36.74088]]]}},{"type":"Feature","properties":{"id":"2906707054"},"geometry":{"type":"Polygon","coordinates":[[[-4.43315,36.73709],[-4.43384,36.7387],[-4.43339,36.73885],[-4.4333,36.73865],[-4.43237,36.73899],[-4.4316,36.7376],[-4.4326,36.73719],[-4.43315,36.73709]]]}},{"type":"Feature","properties":{"id":"2906707055"},"geometry":{"type":"Polygon","coordinates":[[[-4.43384,36.7387],[-4.43324,36.73746],[-4.43313,36.73699],[-4.43344,36.73707],[-4.43338,36.73693],[-4.43362,36.73686],[-4.43383,36.7369],[-4.43449,36.73802],[-4.43463,36.73886],[-4.43412,36.73903],[-4.43384,36.7387]]]}},{"type":"Feature","properties":{"id":"2906707056"},"geometry":{"type":"Polygon","coordinates":[[[-4.43222,36.72375],[-4.43249,36.72229],[-4.43321,36.72235],[-4.43316,36.72271],[-4.4338,36.72271],[-4.43444,36.72271],[-4.43442,36.72236],[-4.43554,36.72236],[-4.43574,36.72229],[-4.43574,36.72317],[-4.43563,36.72323],[-4.43309,36.72313],[-4.43282,36.7238],[-4.43222,36.72375]]]}},{"type":"Feature","properties":{"id":"2906707057"},"geometry":{"type":"Polygon","coordinates":[[[-4.43544,36.72498],[-4.43404,36.72461],[-4.43449,36.7232],[-4.43563,36.72323],[-4.43574,36.72317],[-4.43573,36.72388],[-4.43544,36.72498]]]}},{"type":"Feature","properties":{"id":"2906707058"},"geometry":{"type":"Polygon","coordinates":[[[-4.42864,36.72681],[-4.42868,36.72647],[-4.42939,36.7265],[-4.42949,36.72518],[-4.43081,36.72529],[-4.43092,36.72523],[-4.43048,36.72655],[-4.42994,36.72693],[-4.42864,36.72681]]]}},{"type":"Feature","properties":{"id":"2906707059"},"geometry":{"type":"Polygon","coordinates":[[[-4.42827,36.73211],[-4.42873,36.73214],[-4.42887,36.73019],[-4.4293,36.7309],[-4.4302,36.73336],[-4.42822,36.73296],[-4.42827,36.73211]]]}},{"type":"Feature","properties":{"id":"2906707060"},"geometry":{"type":"Polygon","coordinates":[[[-4.42957,36.73693],[-4.4294,36.73713],[-4.4272,36.73738],[-4.42598,36.73944],[-4.42606,36.73991],[-4.4251,36.73978],[-4.42539,36.73609],[-4.4272,36.73622],[-4.42736,36.73598],[-4.42855,36.73594],[-4.42936,36.73621],[-4.42957,36.73693]]]}},{"type":"Feature","properties":{"id":"2906707061"},"geometry":{"type":"Polygon","coordinates":[[[-4.42957,36.73693],[-4.43032,36.73976],[-4.43014,36.73997],[-4.42979,36.73977],[-4.42843,36.73928],[-4.42832,36.73947],[-4.42757,36.7392],[-4.42773,36.7389],[-4.42656,36.73841],[-4.4272,36.73738],[-4.4294,36.73713],[-4.42957,36.73693]]]}},{"type":"Feature","properties":{"id":"2906707062"},"geometry":{"type":"Polygon","coordinates":[[[-4.43086,36.73783],[-4.4316,36.7376],[-4.43274,36.73965],[-4.43237,36.73979],[-4.43225,36.73956],[-4.43187,36.7397],[-4.43086,36.73783]]]}},{"type":"Feature","properties":{"id":"2906707065"},"geometry":{"type":"Polygon","coordinates":[[[-4.4357,36.73073],[-4.43593,36.73056],[-4.43632,36.72974],[-4.43648,36.72967],[-4.4368,36.72983],[-4.43743,36.72994],[-4.43744,36.73038],[-4.43758,36.73044],[-4.43642,36.73128],[-4.4357,36.73073]]]}},{"type":"Feature","properties":{"id":"2906707066"},"geometry":{"type":"Polygon","coordinates":[[[-4.43436,36.72904],[-4.43464,36.72797],[-4.43476,36.72805],[-4.43686,36.72813],[-4.43735,36.72813],[-4.43739,36.72806],[-4.4375,36.7292],[-4.43445,36.72912],[-4.43436,36.72904]]]}},{"type":"Feature","properties":{"id":"2906707067"},"geometry":{"type":"Polygon","coordinates":[[[-4.44077,36.72806],[-4.43808,36.72735],[-4.43778,36.72719],[-4.43882,36.72652],[-4.44113,36.72725],[-4.44077,36.72806]]]}},{"type":"Feature","properties":{"id":"2906707068"},"geometry":{"type":"Polygon","coordinates":[[[-4.43573,36.72377],[-4.43574,36.72264],[-4.43705,36.72263],[-4.43702,36.72377],[-4.43573,36.72377]]]}},{"type":"Feature","properties":{"id":"2906707069"},"geometry":{"type":"Polygon","coordinates":[[[-4.43706,36.72371],[-4.43705,36.72292],[-4.43758,36.72294],[-4.43758,36.72263],[-4.43878,36.7226],[-4.43877,36.72388],[-4.43706,36.72371]]]}},{"type":"Feature","properties":{"id":"2906707070"},"geometry":{"type":"Polygon","coordinates":[[[-4.44133,36.72356],[-4.44019,36.72172],[-4.44044,36.72139],[-4.44235,36.7214],[-4.44238,36.7219],[-4.44213,36.72246],[-4.44158,36.72353],[-4.44133,36.72356]]]}},{"type":"Feature","properties":{"id":"2906707071"},"geometry":{"type":"Polygon","coordinates":[[[-4.44368,36.72404],[-4.44409,36.7246],[-4.44426,36.72464],[-4.44541,36.72358],[-4.44595,36.72398],[-4.44481,36.72512],[-4.4441,36.7248],[-4.44245,36.72548],[-4.44207,36.72486],[-4.44368,36.72404]]]}},{"type":"Feature","properties":{"id":"2906707072"},"geometry":{"type":"Polygon","coordinates":[[[-4.44171,36.72616],[-4.44238,36.72607],[-4.44251,36.72577],[-4.44245,36.72548],[-4.4441,36.7248],[-4.44481,36.72512],[-4.44595,36.72398],[-4.4465,36.72441],[-4.44654,36.72538],[-4.44692,36.72595],[-4.44704,36.72598],[-4.44656,36.72663],[-4.44656,36.72677],[-4.44448,36.72714],[-4.44439,36.72699],[-4.44193,36.7263],[-4.44171,36.72616]]]}},{"type":"Feature","properties":{"id":"2906707073"},"geometry":{"type":"Polygon","coordinates":[[[-4.44409,36.7246],[-4.44349,36.72377],[-4.4439,36.72362],[-4.44366,36.72332],[-4.44384,36.72323],[-4.44371,36.72306],[-4.44417,36.72332],[-4.44541,36.72358],[-4.44426,36.72464],[-4.44409,36.7246]]]}},{"type":"Feature","properties":{"id":"2906707074"},"geometry":{"type":"Polygon","coordinates":[[[-4.44641,36.72432],[-4.44519,36.72348],[-4.44417,36.72332],[-4.44371,36.72306],[-4.44235,36.7214],[-4.44356,36.7214],[-4.44735,36.72212],[-4.44725,36.72406],[-4.44693,36.72406],[-4.44641,36.72432]]]}},{"type":"Feature","properties":{"id":"2906707075"},"geometry":{"type":"Polygon","coordinates":[[[-4.43004,36.73293],[-4.43047,36.73283],[-4.43045,36.73314],[-4.43146,36.73325],[-4.43158,36.7318],[-4.43361,36.73192],[-4.43353,36.73355],[-4.43203,36.73363],[-4.43099,36.73354],[-4.4302,36.73336],[-4.43004,36.73293]]]}},{"type":"Feature","properties":{"id":"2906707076"},"geometry":{"type":"Polygon","coordinates":[[[-4.47532,36.7381],[-4.4757,36.73858],[-4.47579,36.73826],[-4.47613,36.73817],[-4.47627,36.73867],[-4.47605,36.73899],[-4.47649,36.73931],[-4.47695,36.7395],[-4.48078,36.73923],[-4.48071,36.73882],[-4.48094,36.73868],[-4.4817,36.73965],[-4.48129,36.73991],[-4.48137,36.74071],[-4.48157,36.741],[-4.48153,36.74107],[-4.48116,36.74101],[-4.4808,36.74114],[-4.47928,36.74237],[-4.47821,36.74235],[-4.47806,36.74245],[-4.47725,36.74306],[-4.4763,36.74399],[-4.47569,36.74494],[-4.47487,36.74544],[-4.47436,36.74599],[-4.47443,36.74567],[-4.47479,36.74514],[-4.47502,36.74418],[-4.47452,36.74363],[-4.47455,36.74353],[-4.47573,36.74258],[-4.47527,36.74216],[-4.47519,36.74184],[-4.4753,36.73996],[-4.47454,36.73971],[-4.47456,36.73962],[-4.47494,36.73948],[-4.47493,36.73893],[-4.47531,36.73858],[-4.47539,36.73833],[-4.47532,36.7381]]]}},{"type":"Feature","properties":{"id":"2906707077"},"geometry":{"type":"Polygon","coordinates":[[[-4.47883,36.74837],[-4.47897,36.7481],[-4.479,36.74747],[-4.47917,36.74716],[-4.47912,36.7468],[-4.47939,36.74642],[-4.47979,36.74612],[-4.47986,36.74591],[-4.47964,36.74546],[-4.4794,36.74535],[-4.47904,36.7454],[-4.47897,36.74506],[-4.47938,36.74466],[-4.47962,36.74399],[-4.48023,36.74357],[-4.48062,36.74303],[-4.48093,36.74351],[-4.48127,36.74302],[-4.48124,36.74289],[-4.48152,36.74235],[-4.48176,36.74209],[-4.48162,36.74193],[-4.48183,36.74151],[-4.4822,36.74112],[-4.48241,36.74115],[-4.48261,36.74125],[-4.48288,36.7417],[-4.48304,36.74341],[-4.48327,36.74373],[-4.48398,36.7442],[-4.48435,36.74552],[-4.48451,36.74571],[-4.48473,36.74572],[-4.48586,36.74625],[-4.48476,36.74752],[-4.48469,36.74795],[-4.48502,36.74815],[-4.48498,36.74852],[-4.48452,36.74913],[-4.48408,36.74931],[-4.48339,36.74897],[-4.48222,36.74872],[-4.48091,36.74911],[-4.4809,36.74898],[-4.48066,36.74901],[-4.4802,36.74886],[-4.47889,36.74871],[-4.47883,36.74837]]]}},{"type":"Feature","properties":{"id":"2906707078"},"geometry":{"type":"Polygon","coordinates":[[[-4.44175,36.72801],[-4.44223,36.72697],[-4.44438,36.72761],[-4.44378,36.72867],[-4.44366,36.72868],[-4.44175,36.72801]]]}},{"type":"Feature","properties":{"id":"2906707079"},"geometry":{"type":"Polygon","coordinates":[[[-4.43715,36.73178],[-4.43642,36.73128],[-4.43678,36.731],[-4.43762,36.73042],[-4.43787,36.73036],[-4.43803,36.73042],[-4.43817,36.73056],[-4.43748,36.73105],[-4.43783,36.73135],[-4.43715,36.73178]]]}},{"type":"Feature","properties":{"id":"2906707080"},"geometry":{"type":"Polygon","coordinates":[[[-4.43748,36.72879],[-4.43725,36.72731],[-4.43742,36.72721],[-4.43778,36.72719],[-4.43808,36.72735],[-4.4387,36.72749],[-4.43828,36.7287],[-4.43807,36.72878],[-4.43748,36.72879]]]}},{"type":"Feature","properties":{"id":"2906707081"},"geometry":{"type":"Polygon","coordinates":[[[-4.44408,36.7282],[-4.44437,36.72765],[-4.44448,36.72714],[-4.44656,36.72677],[-4.44676,36.72694],[-4.447,36.72681],[-4.44735,36.72719],[-4.44778,36.72744],[-4.44637,36.72805],[-4.4451,36.72874],[-4.44487,36.72845],[-4.44408,36.7282]]]}},{"type":"Feature","properties":{"id":"2906707082"},"geometry":{"type":"Polygon","coordinates":[[[-4.45339,36.73504],[-4.45291,36.73397],[-4.45259,36.73391],[-4.4508,36.7323],[-4.45035,36.73226],[-4.45012,36.73208],[-4.44946,36.73199],[-4.44837,36.73061],[-4.44899,36.73062],[-4.44988,36.73119],[-4.45048,36.73173],[-4.45066,36.73176],[-4.45131,36.73141],[-4.45229,36.7314],[-4.45286,36.73124],[-4.45281,36.73138],[-4.45302,36.73161],[-4.4533,36.73148],[-4.45359,36.73183],[-4.45416,36.73142],[-4.45442,36.73197],[-4.45443,36.73231],[-4.4544,36.73296],[-4.45392,36.73353],[-4.45408,36.73432],[-4.45352,36.73503],[-4.45339,36.73504]]]}},{"type":"Feature","properties":{"id":"2906707083"},"geometry":{"type":"Polygon","coordinates":[[[-4.43068,36.74201],[-4.43097,36.74136],[-4.43147,36.74158],[-4.43255,36.74142],[-4.43297,36.74215],[-4.43267,36.74239],[-4.43189,36.74263],[-4.43108,36.74212],[-4.43068,36.74201]]]}},{"type":"Feature","properties":{"id":"2906707085"},"geometry":{"type":"Polygon","coordinates":[[[-4.47759,36.73374],[-4.48094,36.73868],[-4.48071,36.73882],[-4.48078,36.73923],[-4.47695,36.7395],[-4.47649,36.73931],[-4.47605,36.73899],[-4.47627,36.73867],[-4.47613,36.73817],[-4.47579,36.73826],[-4.4757,36.73858],[-4.4755,36.73835],[-4.47532,36.7381],[-4.47533,36.7379],[-4.4756,36.73758],[-4.47584,36.73673],[-4.47658,36.7367],[-4.47662,36.7363],[-4.47682,36.73615],[-4.47741,36.73604],[-4.47746,36.7359],[-4.47749,36.73529],[-4.4773,36.73478],[-4.4773,36.73438],[-4.47687,36.73415],[-4.47707,36.73373],[-4.47648,36.73324],[-4.47657,36.73319],[-4.47711,36.73332],[-4.47759,36.73374]]]}},{"type":"Feature","properties":{"id":"2906707086"},"geometry":{"type":"Polygon","coordinates":[[[-4.45181,36.7262],[-4.45232,36.72726],[-4.45332,36.72861],[-4.45332,36.72882],[-4.45302,36.72901],[-4.45288,36.72948],[-4.45277,36.72986],[-4.45287,36.73012],[-4.45245,36.73045],[-4.45202,36.73014],[-4.45233,36.72986],[-4.45245,36.72958],[-4.45255,36.72912],[-4.45247,36.72904],[-4.45041,36.73008],[-4.45035,36.73003],[-4.45026,36.72978],[-4.45068,36.72921],[-4.45054,36.72862],[-4.44966,36.72783],[-4.44899,36.72695],[-4.45068,36.7263],[-4.45181,36.7262]]]}},{"type":"Feature","properties":{"id":"2906707087"},"geometry":{"type":"Polygon","coordinates":[[[-4.44656,36.72677],[-4.44656,36.72663],[-4.44704,36.72598],[-4.44692,36.72595],[-4.44654,36.72538],[-4.44654,36.72458],[-4.44641,36.72432],[-4.44693,36.72406],[-4.44725,36.72406],[-4.44735,36.72212],[-4.44822,36.72229],[-4.44824,36.72478],[-4.44867,36.72513],[-4.44883,36.72541],[-4.44899,36.72695],[-4.44778,36.72744],[-4.44735,36.72719],[-4.447,36.72681],[-4.44676,36.72694],[-4.44656,36.72677]]]}},{"type":"Feature","properties":{"id":"2906707088"},"geometry":{"type":"Polygon","coordinates":[[[-4.43004,36.73293],[-4.42929,36.73086],[-4.43144,36.73117],[-4.43326,36.7313],[-4.43364,36.73124],[-4.43361,36.73192],[-4.43158,36.7318],[-4.43146,36.73325],[-4.43045,36.73314],[-4.43047,36.73283],[-4.43004,36.73293]]]}},{"type":"Feature","properties":{"id":"2906707089"},"geometry":{"type":"Polygon","coordinates":[[[-4.48304,36.74341],[-4.48294,36.74164],[-4.48358,36.74196],[-4.48393,36.74193],[-4.48404,36.74179],[-4.4841,36.74109],[-4.48444,36.74059],[-4.4848,36.74041],[-4.4857,36.74031],[-4.48592,36.74017],[-4.486,36.73999],[-4.48632,36.73994],[-4.48895,36.74278],[-4.48868,36.74293],[-4.4877,36.74432],[-4.48742,36.74541],[-4.48679,36.74627],[-4.48651,36.74641],[-4.48544,36.74736],[-4.48504,36.74836],[-4.48502,36.74815],[-4.48469,36.74795],[-4.48476,36.74752],[-4.48586,36.74625],[-4.48473,36.74572],[-4.48451,36.74571],[-4.48435,36.74552],[-4.48398,36.7442],[-4.48327,36.74373],[-4.48304,36.74341]]]}},{"type":"Feature","properties":{"id":"2906707090"},"geometry":{"type":"Polygon","coordinates":[[[-4.4817,36.73965],[-4.48242,36.74006],[-4.48278,36.74014],[-4.48607,36.73995],[-4.4857,36.74031],[-4.4848,36.74041],[-4.48434,36.74068],[-4.4841,36.74109],[-4.48404,36.74179],[-4.48393,36.74193],[-4.48358,36.74196],[-4.48294,36.74164],[-4.48288,36.7417],[-4.48261,36.74125],[-4.4822,36.74112],[-4.48183,36.74151],[-4.48162,36.74193],[-4.48176,36.74209],[-4.48152,36.74235],[-4.48124,36.74289],[-4.48127,36.74302],[-4.48093,36.74351],[-4.48062,36.74303],[-4.48023,36.74357],[-4.47962,36.74399],[-4.47938,36.74466],[-4.47893,36.74516],[-4.4791,36.74543],[-4.47926,36.74533],[-4.47964,36.74546],[-4.47985,36.74603],[-4.47917,36.7467],[-4.47917,36.74716],[-4.479,36.74747],[-4.47897,36.7481],[-4.47883,36.74837],[-4.47863,36.74824],[-4.47823,36.74824],[-4.47798,36.74865],[-4.47768,36.7486],[-4.47759,36.74845],[-4.47769,36.74805],[-4.47744,36.74783],[-4.47737,36.74762],[-4.47704,36.74753],[-4.47712,36.74713],[-4.47674,36.74716],[-4.47637,36.74747],[-4.47607,36.74716],[-4.4759,36.74713],[-4.47535,36.74752],[-4.4744,36.7473],[-4.47388,36.74672],[-4.47415,36.74619],[-4.47472,36.74559],[-4.47569,36.74494],[-4.4763,36.74399],[-4.47725,36.74306],[-4.47821,36.74235],[-4.47928,36.74237],[-4.4808,36.74114],[-4.48116,36.74101],[-4.48153,36.74107],[-4.48137,36.74071],[-4.48129,36.73991],[-4.4817,36.73965]]]}},{"type":"Feature","properties":{"id":"2906707091"},"geometry":{"type":"Polygon","coordinates":[[[-4.42505,36.74913],[-4.42662,36.74866],[-4.42775,36.74862],[-4.42807,36.74879],[-4.42966,36.75185],[-4.42929,36.75201],[-4.4294,36.75255],[-4.42919,36.75273],[-4.4288,36.75286],[-4.42717,36.75308],[-4.42505,36.74913]]]}},{"type":"Feature","properties":{"id":"2906707092"},"geometry":{"type":"Polygon","coordinates":[[[-4.42505,36.74913],[-4.42472,36.74821],[-4.42462,36.74737],[-4.42477,36.74544],[-4.42756,36.74556],[-4.42836,36.74533],[-4.42888,36.74528],[-4.42879,36.74807],[-4.42807,36.74879],[-4.42775,36.74862],[-4.42662,36.74866],[-4.42505,36.74913]]]}},{"type":"Feature","properties":{"id":"2906707093"},"geometry":{"type":"Polygon","coordinates":[[[-4.45485,36.72375],[-4.45886,36.72535],[-4.45874,36.72555],[-4.45809,36.72577],[-4.45778,36.72577],[-4.45766,36.72596],[-4.45738,36.72588],[-4.45731,36.72596],[-4.45364,36.72525],[-4.4542,36.72473],[-4.45485,36.72375]]]}},{"type":"Feature","properties":{"id":"2906707094"},"geometry":{"type":"Polygon","coordinates":[[[-4.46109,36.72604],[-4.46249,36.72676],[-4.46744,36.73],[-4.46661,36.73088],[-4.46649,36.73201],[-4.46402,36.73252],[-4.46175,36.73338],[-4.46161,36.73459],[-4.46249,36.73573],[-4.46349,36.73737],[-4.4631,36.73761],[-4.4635,36.73806],[-4.46522,36.73836],[-4.4638,36.73884],[-4.46402,36.74211],[-4.45938,36.74208],[-4.45335,36.74301],[-4.45345,36.74026],[-4.45333,36.74007],[-4.4534,36.73977],[-4.45328,36.7393],[-4.45342,36.73819],[-4.45328,36.73792],[-4.45441,36.73784],[-4.45447,36.73686],[-4.45431,36.73657],[-4.4544,36.7363],[-4.45353,36.7358],[-4.45314,36.7351],[-4.45325,36.73483],[-4.45339,36.73504],[-4.45354,36.73502],[-4.45408,36.73432],[-4.45392,36.73353],[-4.4544,36.73296],[-4.45442,36.73197],[-4.45416,36.73142],[-4.45403,36.73147],[-4.45287,36.73068],[-4.45256,36.73037],[-4.45287,36.73012],[-4.45277,36.72986],[-4.45288,36.72948],[-4.45302,36.72901],[-4.45332,36.72882],[-4.45332,36.72861],[-4.45232,36.72726],[-4.45181,36.7262],[-4.45416,36.72575],[-4.45455,36.72542],[-4.45766,36.72596],[-4.45778,36.72577],[-4.45809,36.72577],[-4.45864,36.72561],[-4.45886,36.72535],[-4.46109,36.72604]]]}},{"type":"Feature","properties":{"id":"2906707095"},"geometry":{"type":"Polygon","coordinates":[[[-4.42477,36.74544],[-4.42501,36.74314],[-4.42661,36.74319],[-4.42642,36.7455],[-4.42477,36.74544]]]}},{"type":"Feature","properties":{"id":"2906707096"},"geometry":{"type":"Polygon","coordinates":[[[-4.43344,36.73469],[-4.43374,36.73468],[-4.43629,36.73335],[-4.43599,36.73298],[-4.4361,36.73195],[-4.43663,36.73144],[-4.43737,36.73193],[-4.43797,36.73219],[-4.43971,36.73199],[-4.44063,36.73209],[-4.44129,36.73161],[-4.44122,36.73152],[-4.44092,36.73148],[-4.44122,36.73151],[-4.44132,36.7316],[-4.43968,36.73278],[-4.43837,36.73369],[-4.43724,36.73441],[-4.43519,36.73545],[-4.43327,36.7362],[-4.43344,36.73469]]]}},{"type":"Feature","properties":{"id":"2906707097"},"geometry":{"type":"Polygon","coordinates":[[[-4.44585,36.73401],[-4.44584,36.7336],[-4.44609,36.73267],[-4.44613,36.7321],[-4.44556,36.7302],[-4.44608,36.73052],[-4.44691,36.73085],[-4.44752,36.73082],[-4.44837,36.73061],[-4.44946,36.73199],[-4.45012,36.73208],[-4.45035,36.73226],[-4.4508,36.7323],[-4.45085,36.73265],[-4.45118,36.73342],[-4.45127,36.7345],[-4.45159,36.73485],[-4.45214,36.73505],[-4.45175,36.7352],[-4.45129,36.73497],[-4.451,36.73494],[-4.45074,36.73516],[-4.45027,36.73529],[-4.44925,36.73531],[-4.44923,36.73556],[-4.44812,36.73514],[-4.44683,36.73427],[-4.44585,36.73401]]]}},{"type":"Feature","properties":{"id":"2906708001"},"geometry":{"type":"Polygon","coordinates":[[[-4.45517,36.72387],[-4.45653,36.72145],[-4.45698,36.72082],[-4.4573,36.72103],[-4.45844,36.72229],[-4.45867,36.72237],[-4.45885,36.72366],[-4.45877,36.72443],[-4.45845,36.7252],[-4.45517,36.72387]]]}},{"type":"Feature","properties":{"id":"2906708002"},"geometry":{"type":"Polygon","coordinates":[[[-4.4521,36.72289],[-4.4533,36.71999],[-4.45336,36.7193],[-4.454,36.71933],[-4.45419,36.71955],[-4.45449,36.71967],[-4.45443,36.71994],[-4.45297,36.72309],[-4.4521,36.72289]]]}},{"type":"Feature","properties":{"id":"2906708003"},"geometry":{"type":"Polygon","coordinates":[[[-4.454,36.71933],[-4.45158,36.71916],[-4.45184,36.71823],[-4.45242,36.71778],[-4.45322,36.71834],[-4.45438,36.7183],[-4.45429,36.71731],[-4.45461,36.7173],[-4.45548,36.71745],[-4.45592,36.71766],[-4.45625,36.71785],[-4.45675,36.71841],[-4.45562,36.71888],[-4.45573,36.7195],[-4.45504,36.71943],[-4.45504,36.71904],[-4.4546,36.71881],[-4.45416,36.7189],[-4.454,36.71907],[-4.454,36.71933]]]}},{"type":"Feature","properties":{"id":"2906708004"},"geometry":{"type":"Polygon","coordinates":[[[-4.45242,36.71778],[-4.4517,36.7183],[-4.45133,36.71806],[-4.45156,36.71763],[-4.45198,36.71732],[-4.45132,36.71669],[-4.45202,36.71643],[-4.45387,36.71621],[-4.4541,36.71612],[-4.45438,36.7183],[-4.45322,36.71834],[-4.45242,36.71778]]]}},{"type":"Feature","properties":{"id":"2906708005"},"geometry":{"type":"Polygon","coordinates":[[[-4.44586,36.71123],[-4.44886,36.71077],[-4.4493,36.71208],[-4.4468,36.71253],[-4.44586,36.71123]]]}},{"type":"Feature","properties":{"id":"2906708006"},"geometry":{"type":"Polygon","coordinates":[[[-4.45441,36.70484],[-4.45379,36.70424],[-4.45335,36.70443],[-4.45234,36.70407],[-4.45066,36.70303],[-4.45812,36.69951],[-4.45779,36.70116],[-4.4577,36.7044],[-4.45441,36.70484]]]}},{"type":"Feature","properties":{"id":"2906708007"},"geometry":{"type":"Polygon","coordinates":[[[-4.4521,36.71272],[-4.4513,36.71035],[-4.45534,36.70944],[-4.45549,36.71016],[-4.45531,36.71034],[-4.45532,36.71097],[-4.45513,36.71219],[-4.45535,36.71269],[-4.45575,36.71248],[-4.45607,36.71358],[-4.45454,36.71388],[-4.45298,36.71402],[-4.45219,36.71274],[-4.4521,36.71272]]]}},{"type":"Feature","properties":{"id":"2906708008"},"geometry":{"type":"Polygon","coordinates":[[[-4.44695,36.71006],[-4.44699,36.70991],[-4.44656,36.70873],[-4.44904,36.70709],[-4.44943,36.70715],[-4.4497,36.70734],[-4.45013,36.70789],[-4.44958,36.70817],[-4.4497,36.70855],[-4.44754,36.70893],[-4.4478,36.70991],[-4.44695,36.71006]]]}},{"type":"Feature","properties":{"id":"2906708009"},"geometry":{"type":"Polygon","coordinates":[[[-4.44709,36.70453],[-4.44715,36.70462],[-4.45067,36.70304],[-4.45234,36.70407],[-4.45335,36.70443],[-4.45379,36.70424],[-4.454,36.70439],[-4.45239,36.70541],[-4.4518,36.70548],[-4.44721,36.70824],[-4.44656,36.70873],[-4.44699,36.70991],[-4.44693,36.71002],[-4.44523,36.71039],[-4.44282,36.70671],[-4.44693,36.70473],[-4.44709,36.70453]]]}},{"type":"Feature","properties":{"id":"2906708010"},"geometry":{"type":"Polygon","coordinates":[[[-4.54648,36.72896],[-4.54793,36.72324],[-4.54488,36.72227],[-4.54522,36.72161],[-4.54581,36.72132],[-4.54646,36.7202],[-4.54633,36.72003],[-4.54654,36.71914],[-4.54669,36.7176],[-4.54677,36.71749],[-4.54721,36.71751],[-4.5474,36.71697],[-4.54747,36.71637],[-4.54946,36.71658],[-4.54979,36.7155],[-4.55135,36.71585],[-4.55197,36.7157],[-4.55223,36.71505],[-4.55255,36.71476],[-4.5527,36.71446],[-4.55342,36.71412],[-4.55402,36.71353],[-4.55489,36.71221],[-4.55566,36.71164],[-4.55595,36.71167],[-4.55592,36.71175],[-4.55615,36.71182],[-4.55667,36.71229],[-4.55685,36.71266],[-4.55643,36.7136],[-4.55548,36.71687],[-4.55567,36.71787],[-4.55544,36.71898],[-4.55502,36.72008],[-4.55455,36.7209],[-4.55324,36.72376],[-4.55218,36.72656],[-4.55106,36.72732],[-4.54957,36.73026],[-4.54966,36.73063],[-4.54789,36.7296],[-4.54648,36.72896]]]}},{"type":"Feature","properties":{"id":"2906708011"},"geometry":{"type":"Polygon","coordinates":[[[-4.57112,36.73296],[-4.56765,36.73273],[-4.56546,36.7332],[-4.56324,36.7333],[-4.56183,36.73319],[-4.56075,36.73289],[-4.55923,36.73265],[-4.55614,36.7327],[-4.55453,36.73261],[-4.55336,36.73239],[-4.55136,36.7316],[-4.54973,36.73072],[-4.54958,36.7305],[-4.54963,36.73014],[-4.55106,36.72732],[-4.55218,36.72656],[-4.55324,36.72376],[-4.55455,36.7209],[-4.55502,36.72008],[-4.55544,36.71898],[-4.55567,36.71787],[-4.55548,36.71687],[-4.55643,36.7136],[-4.55685,36.71266],[-4.5567,36.71241],[-4.55692,36.7123],[-4.55707,36.71206],[-4.55706,36.71167],[-4.55718,36.71151],[-4.55765,36.71116],[-4.55762,36.71048],[-4.55769,36.71031],[-4.55802,36.70999],[-4.55838,36.70978],[-4.55859,36.70951],[-4.56197,36.71155],[-4.56351,36.71267],[-4.56494,36.71424],[-4.56587,36.71549],[-4.567,36.71641],[-4.56775,36.71687],[-4.56915,36.71746],[-4.57692,36.71978],[-4.57603,36.72135],[-4.57559,36.72257],[-4.57558,36.72312],[-4.57658,36.72448],[-4.57702,36.72578],[-4.57708,36.73124],[-4.57729,36.73204],[-4.57777,36.7328],[-4.57894,36.73355],[-4.57843,36.73358],[-4.57559,36.73407],[-4.57476,36.7341],[-4.57384,36.73391],[-4.5717,36.7331],[-4.57112,36.73296]]]}},{"type":"Feature","properties":{"id":"2906708012"},"geometry":{"type":"Polygon","coordinates":[[[-4.56556,36.73317],[-4.5667,36.73404],[-4.56804,36.73737],[-4.56822,36.73728],[-4.56818,36.7364],[-4.56865,36.73647],[-4.56875,36.73616],[-4.5692,36.73569],[-4.57001,36.73534],[-4.57004,36.73489],[-4.5692,36.73333],[-4.56929,36.7328],[-4.57112,36.73296],[-4.5717,36.7331],[-4.57384,36.73391],[-4.57476,36.7341],[-4.57559,36.73407],[-4.57843,36.73358],[-4.57894,36.73355],[-4.57952,36.73388],[-4.58055,36.73408],[-4.58209,36.73409],[-4.58243,36.73434],[-4.58301,36.73504],[-4.58329,36.7352],[-4.58412,36.73631],[-4.58427,36.73669],[-4.58438,36.73751],[-4.58597,36.7398],[-4.58611,36.74028],[-4.58587,36.7412],[-4.58631,36.74231],[-4.58626,36.74266],[-4.58606,36.74289],[-4.58467,36.74389],[-4.58449,36.74439],[-4.585,36.74537],[-4.58504,36.74575],[-4.58461,36.74717],[-4.58463,36.74742],[-4.58546,36.74799],[-4.58583,36.75035],[-4.58409,36.75625],[-4.58317,36.75865],[-4.58203,36.7603],[-4.5814,36.76141],[-4.58108,36.76258],[-4.58063,36.76535],[-4.58113,36.76592],[-4.58173,36.7658],[-4.58186,36.7661],[-4.58177,36.76645],[-4.58133,36.76683],[-4.58129,36.76854],[-4.58514,36.77452],[-4.58512,36.77624],[-4.5847,36.77948],[-4.58466,36.78083],[-4.58484,36.78137],[-4.58569,36.78276],[-4.58602,36.78294],[-4.58678,36.78309],[-4.58709,36.78325],[-4.58789,36.78411],[-4.57922,36.7814],[-4.57776,36.78085],[-4.5756,36.78323],[-4.57526,36.78347],[-4.57484,36.78364],[-4.57276,36.78411],[-4.57217,36.78411],[-4.56873,36.78357],[-4.56095,36.78159],[-4.56052,36.78137],[-4.55975,36.78072],[-4.55847,36.77913],[-4.55544,36.77442],[-4.55345,36.77159],[-4.55287,36.77096],[-4.55212,36.77037],[-4.55133,36.76991],[-4.55022,36.76779],[-4.54973,36.76651],[-4.54934,36.76584],[-4.54845,36.76485],[-4.54709,36.76362],[-4.54632,36.76306],[-4.54549,36.76222],[-4.54467,36.76089],[-4.54395,36.75852],[-4.54367,36.75802],[-4.54326,36.75654],[-4.54211,36.75359],[-4.54187,36.75266],[-4.54132,36.75188],[-4.54029,36.75087],[-4.54086,36.74937],[-4.54167,36.74799],[-4.54389,36.74597],[-4.54428,36.74538],[-4.54529,36.74425],[-4.54571,36.74354],[-4.54576,36.74326],[-4.54529,36.74289],[-4.54433,36.74236],[-4.54424,36.74223],[-4.54445,36.74155],[-4.54443,36.74063],[-4.54426,36.74015],[-4.54382,36.7399],[-4.54292,36.73967],[-4.54256,36.7393],[-4.54223,36.73913],[-4.54181,36.73863],[-4.54158,36.73818],[-4.54141,36.73755],[-4.54147,36.73714],[-4.54165,36.73699],[-4.54221,36.73721],[-4.54332,36.73743],[-4.54398,36.73781],[-4.5444,36.73787],[-4.54486,36.73808],[-4.5458,36.73864],[-4.54585,36.73852],[-4.54544,36.73812],[-4.54441,36.73761],[-4.54399,36.73706],[-4.54384,36.73664],[-4.543,36.73596],[-4.54289,36.73573],[-4.54306,36.73522],[-4.54507,36.73419],[-4.54526,36.73397],[-4.54574,36.73373],[-4.54774,36.7335],[-4.54833,36.73244],[-4.5486,36.73217],[-4.54959,36.73165],[-4.54956,36.73057],[-4.55024,36.73103],[-4.55136,36.7316],[-4.55317,36.73232],[-4.55401,36.73253],[-4.55614,36.7327],[-4.55874,36.73261],[-4.55969,36.73269],[-4.5617,36.73317],[-4.563,36.73329],[-4.56464,36.73328],[-4.56556,36.73317]]]}},{"type":"Feature","properties":{"id":"2906708013"},"geometry":{"type":"Polygon","coordinates":[[[-4.47166,36.70696],[-4.47002,36.70659],[-4.4664,36.70639],[-4.45988,36.70756],[-4.45942,36.70769],[-4.45783,36.70847],[-4.45771,36.70285],[-4.45779,36.70116],[-4.45812,36.69951],[-4.46176,36.69781],[-4.4639,36.6967],[-4.46525,36.6962],[-4.46659,36.69585],[-4.46747,36.69577],[-4.47109,36.69577],[-4.4744,36.69683],[-4.47582,36.69752],[-4.47813,36.69888],[-4.47902,36.70382],[-4.4788,36.70504],[-4.4795,36.70508],[-4.47958,36.70564],[-4.47936,36.70679],[-4.47958,36.70685],[-4.47931,36.70805],[-4.47904,36.7079],[-4.47683,36.70779],[-4.4717,36.70676],[-4.47166,36.70696]]]}},{"type":"Feature","properties":{"id":"2906708014"},"geometry":{"type":"Polygon","coordinates":[[[-4.47931,36.70805],[-4.4799,36.70802],[-4.48216,36.7084],[-4.48279,36.70841],[-4.48389,36.70827],[-4.48572,36.70845],[-4.48689,36.70822],[-4.48868,36.70844],[-4.50284,36.70696],[-4.50361,36.7068],[-4.50485,36.70635],[-4.50539,36.70625],[-4.50563,36.70654],[-4.50532,36.70699],[-4.50469,36.7076],[-4.5048,36.70823],[-4.50453,36.70863],[-4.50432,36.70927],[-4.50294,36.71039],[-4.50122,36.71152],[-4.50056,36.71174],[-4.49378,36.71236],[-4.49142,36.71281],[-4.49104,36.71371],[-4.4911,36.7144],[-4.49098,36.7144],[-4.49081,36.71409],[-4.49056,36.71391],[-4.49004,36.71385],[-4.48854,36.71402],[-4.48661,36.71385],[-4.47638,36.71383],[-4.47325,36.71355],[-4.47267,36.71199],[-4.47218,36.71011],[-4.4718,36.70832],[-4.47165,36.70716],[-4.4717,36.70676],[-4.47683,36.70779],[-4.47904,36.7079],[-4.47931,36.70805]]]}},{"type":"Feature","properties":{"id":"2906708015"},"geometry":{"type":"Polygon","coordinates":[[[-4.5567,36.71241],[-4.55615,36.71182],[-4.55592,36.71175],[-4.55595,36.71167],[-4.55566,36.71164],[-4.55489,36.71221],[-4.55425,36.71329],[-4.55358,36.71397],[-4.5533,36.7142],[-4.5527,36.71446],[-4.55255,36.71476],[-4.55223,36.71505],[-4.55197,36.7157],[-4.55135,36.71585],[-4.54979,36.7155],[-4.54946,36.71658],[-4.54883,36.71651],[-4.54902,36.71502],[-4.5479,36.71438],[-4.546,36.71437],[-4.54508,36.71413],[-4.54488,36.71399],[-4.53875,36.71342],[-4.53886,36.71289],[-4.53093,36.71188],[-4.53088,36.71083],[-4.53114,36.71005],[-4.53168,36.7096],[-4.53302,36.70915],[-4.5332,36.70886],[-4.53318,36.70867],[-4.53267,36.7082],[-4.53234,36.70812],[-4.5319,36.70824],[-4.53171,36.70816],[-4.53117,36.70741],[-4.53101,36.70708],[-4.53106,36.70643],[-4.53144,36.70574],[-4.53213,36.70527],[-4.53244,36.70518],[-4.53306,36.70522],[-4.5334,36.70537],[-4.53385,36.70596],[-4.53431,36.70617],[-4.53644,36.70646],[-4.53738,36.70622],[-4.53794,36.70569],[-4.53806,36.70537],[-4.5374,36.70526],[-4.53638,36.70489],[-4.53564,36.70472],[-4.534,36.70453],[-4.52946,36.70482],[-4.52758,36.70463],[-4.5272,36.70452],[-4.52709,36.70436],[-4.52736,36.70378],[-4.52801,36.70128],[-4.5284,36.70059],[-4.5288,36.7003],[-4.53011,36.70024],[-4.53009,36.69983],[-4.53052,36.69874],[-4.53098,36.6962],[-4.53115,36.69597],[-4.53139,36.69502],[-4.53158,36.69481],[-4.53434,36.69672],[-4.53542,36.69721],[-4.53575,36.69728],[-4.53716,36.69724],[-4.53754,36.69715],[-4.53862,36.69609],[-4.53954,36.69539],[-4.54008,36.69522],[-4.54072,36.6947],[-4.5412,36.69444],[-4.54188,36.69423],[-4.54286,36.69355],[-4.54363,36.69343],[-4.54477,36.69359],[-4.54647,36.6936],[-4.54855,36.69415],[-4.54981,36.69513],[-4.55103,36.69584],[-4.55171,36.69646],[-4.55208,36.69716],[-4.55211,36.69743],[-4.55196,36.69786],[-4.5513,36.6989],[-4.55083,36.70007],[-4.5508,36.70096],[-4.551,36.70112],[-4.55184,36.70134],[-4.55294,36.70141],[-4.55412,36.70176],[-4.5548,36.70183],[-4.55549,36.70179],[-4.55838,36.70103],[-4.55918,36.70111],[-4.56069,36.701],[-4.56152,36.70119],[-4.56242,36.70177],[-4.56306,36.70266],[-4.56324,36.70307],[-4.56345,36.70454],[-4.56339,36.70488],[-4.56299,36.7059],[-4.56129,36.70825],[-4.5611,36.70883],[-4.56129,36.70928],[-4.5643,36.71188],[-4.56482,36.7125],[-4.56569,36.71396],[-4.56636,36.71469],[-4.56735,36.7155],[-4.56838,36.71603],[-4.56883,36.71636],[-4.56898,36.71666],[-4.57198,36.71728],[-4.57356,36.71748],[-4.57455,36.71744],[-4.57607,36.71691],[-4.57659,36.71694],[-4.57759,36.71717],[-4.57765,36.71764],[-4.57751,36.71898],[-4.57692,36.71978],[-4.56915,36.71746],[-4.56775,36.71687],[-4.567,36.71641],[-4.56587,36.71549],[-4.56494,36.71424],[-4.56351,36.71267],[-4.56197,36.71155],[-4.55859,36.70951],[-4.55838,36.70978],[-4.55802,36.70999],[-4.55769,36.71031],[-4.55762,36.71048],[-4.55765,36.71116],[-4.55718,36.71151],[-4.55706,36.71167],[-4.55707,36.71206],[-4.55692,36.7123],[-4.5567,36.71241]]]}},{"type":"Feature","properties":{"id":"2906708016"},"geometry":{"type":"Polygon","coordinates":[[[-4.50057,36.70718],[-4.50048,36.70276],[-4.50473,36.70267],[-4.5042,36.69925],[-4.50202,36.69959],[-4.5011,36.69965],[-4.50045,36.6996],[-4.50044,36.69742],[-4.50102,36.69518],[-4.50115,36.69342],[-4.50149,36.69318],[-4.50178,36.69317],[-4.50245,36.69372],[-4.50326,36.69419],[-4.50466,36.69463],[-4.50498,36.69453],[-4.50575,36.69368],[-4.50625,36.69243],[-4.50723,36.69138],[-4.50904,36.69018],[-4.50984,36.68978],[-4.51085,36.68954],[-4.51137,36.68968],[-4.51201,36.69011],[-4.51433,36.69244],[-4.51543,36.69317],[-4.51568,36.69343],[-4.51629,36.69503],[-4.516,36.69559],[-4.51607,36.69603],[-4.51654,36.69626],[-4.51754,36.69651],[-4.51842,36.69667],[-4.52103,36.69603],[-4.52179,36.69595],[-4.52548,36.69475],[-4.52639,36.6943],[-4.52776,36.69396],[-4.53042,36.69415],[-4.53158,36.69481],[-4.53139,36.69502],[-4.53115,36.69597],[-4.53098,36.6962],[-4.53052,36.69874],[-4.53009,36.69983],[-4.53011,36.70024],[-4.5288,36.7003],[-4.52857,36.70041],[-4.52823,36.70083],[-4.52801,36.70128],[-4.52736,36.70378],[-4.52711,36.70424],[-4.5272,36.70452],[-4.52753,36.70462],[-4.5272,36.70469],[-4.52694,36.70551],[-4.52664,36.70576],[-4.5194,36.70586],[-4.51886,36.70596],[-4.51903,36.70617],[-4.51801,36.70587],[-4.51664,36.70582],[-4.51401,36.70632],[-4.51015,36.7065],[-4.50692,36.70616],[-4.50609,36.70617],[-4.50485,36.70635],[-4.50361,36.7068],[-4.50284,36.70696],[-4.50057,36.70718]]]}},{"type":"Feature","properties":{"id":"2906708017"},"geometry":{"type":"Polygon","coordinates":[[[-4.51256,36.73286],[-4.53102,36.73272],[-4.53097,36.73244],[-4.53205,36.73242],[-4.53318,36.73211],[-4.53489,36.73199],[-4.5363,36.73167],[-4.53705,36.73282],[-4.5372,36.73383],[-4.53889,36.73546],[-4.53943,36.73632],[-4.53974,36.73706],[-4.53984,36.73776],[-4.53954,36.73846],[-4.53979,36.73843],[-4.54013,36.7382],[-4.54042,36.73748],[-4.5406,36.73735],[-4.54129,36.73725],[-4.54147,36.73714],[-4.54141,36.73755],[-4.54158,36.73818],[-4.54181,36.73863],[-4.54223,36.73913],[-4.54256,36.7393],[-4.54292,36.73967],[-4.54382,36.7399],[-4.54426,36.74015],[-4.54443,36.74063],[-4.54445,36.74155],[-4.54424,36.74223],[-4.54433,36.74236],[-4.54529,36.74289],[-4.54576,36.74326],[-4.54571,36.74354],[-4.54529,36.74425],[-4.54428,36.74538],[-4.54389,36.74597],[-4.54167,36.74799],[-4.54086,36.74937],[-4.54029,36.75087],[-4.54132,36.75188],[-4.54187,36.75266],[-4.54211,36.75359],[-4.54326,36.75654],[-4.54367,36.75802],[-4.54395,36.75852],[-4.54467,36.76089],[-4.54524,36.76191],[-4.54632,36.76306],[-4.54709,36.76362],[-4.54845,36.76485],[-4.54934,36.76584],[-4.54973,36.76651],[-4.55022,36.76779],[-4.55133,36.76991],[-4.55002,36.76942],[-4.54884,36.77152],[-4.54812,36.77123],[-4.54734,36.77115],[-4.54514,36.77123],[-4.54384,36.77137],[-4.54292,36.77192],[-4.54116,36.77195],[-4.53979,36.77125],[-4.53625,36.77272],[-4.53594,36.77322],[-4.53272,36.77445],[-4.53255,36.77589],[-4.52478,36.78052],[-4.52184,36.78031],[-4.52102,36.78015],[-4.51747,36.77984],[-4.51533,36.77999],[-4.51351,36.78067],[-4.51299,36.78127],[-4.51264,36.78188],[-4.51261,36.78254],[-4.51215,36.78317],[-4.51157,36.78355],[-4.51092,36.78381],[-4.50696,36.78474],[-4.50598,36.78516],[-4.50508,36.78389],[-4.50375,36.78322],[-4.50356,36.78234],[-4.50331,36.78201],[-4.50225,36.78129],[-4.50109,36.78026],[-4.50048,36.77937],[-4.5002,36.77861],[-4.4997,36.77651],[-4.49967,36.77587],[-4.49817,36.77276],[-4.49759,36.77125],[-4.49834,36.76957],[-4.49858,36.76929],[-4.49882,36.76821],[-4.49903,36.76773],[-4.49952,36.76694],[-4.49995,36.76646],[-4.50152,36.76536],[-4.50299,36.76473],[-4.5037,36.76388],[-4.50421,36.76356],[-4.50471,36.76338],[-4.50503,36.76301],[-4.50651,36.76246],[-4.50715,36.76209],[-4.50749,36.7618],[-4.50892,36.75989],[-4.51012,36.75949],[-4.5107,36.7594],[-4.51095,36.75912],[-4.5122,36.75818],[-4.51254,36.75748],[-4.51276,36.74577],[-4.51256,36.73286]]]}},{"type":"Feature","properties":{"id":"2906708018"},"geometry":{"type":"Polygon","coordinates":[[[-4.47165,36.72649],[-4.46977,36.72649],[-4.46686,36.72682],[-4.46667,36.72512],[-4.47074,36.72465],[-4.47162,36.72617],[-4.47165,36.72649]]]}},{"type":"Feature","properties":{"id":"2906708019"},"geometry":{"type":"Polygon","coordinates":[[[-4.45005,36.71311],[-4.45219,36.71274],[-4.45298,36.71402],[-4.45012,36.71467],[-4.4498,36.71349],[-4.45005,36.71311]]]}},{"type":"Feature","properties":{"id":"2906708020"},"geometry":{"type":"Polygon","coordinates":[[[-4.44694,36.71002],[-4.4478,36.70991],[-4.44807,36.7109],[-4.44611,36.71123],[-4.44586,36.71123],[-4.4456,36.71108],[-4.44514,36.71035],[-4.44537,36.71037],[-4.44694,36.71002]]]}},{"type":"Feature","properties":{"id":"2906708021"},"geometry":{"type":"Polygon","coordinates":[[[-4.44958,36.7132],[-4.44886,36.71077],[-4.4513,36.71035],[-4.4521,36.71272],[-4.44958,36.7132]]]}},{"type":"Feature","properties":{"id":"2906708022"},"geometry":{"type":"Polygon","coordinates":[[[-4.44795,36.71479],[-4.44756,36.71366],[-4.4468,36.71253],[-4.4493,36.71208],[-4.44958,36.7132],[-4.45005,36.71311],[-4.4498,36.71349],[-4.45012,36.71467],[-4.44867,36.71497],[-4.4483,36.71473],[-4.44795,36.71479]]]}},{"type":"Feature","properties":{"id":"2906708023"},"geometry":{"type":"Polygon","coordinates":[[[-4.44833,36.71611],[-4.44795,36.71479],[-4.4483,36.71473],[-4.44867,36.71497],[-4.45298,36.71402],[-4.45378,36.7152],[-4.4541,36.71612],[-4.45387,36.71621],[-4.45202,36.71643],[-4.45132,36.71669],[-4.45104,36.71571],[-4.44913,36.71607],[-4.44833,36.71611]]]}},{"type":"Feature","properties":{"id":"2906708024"},"geometry":{"type":"Polygon","coordinates":[[[-4.44833,36.71611],[-4.44913,36.71607],[-4.45104,36.71571],[-4.45135,36.71678],[-4.45198,36.71732],[-4.45156,36.71763],[-4.45134,36.71794],[-4.45138,36.71816],[-4.4517,36.7183],[-4.45184,36.71823],[-4.45158,36.71916],[-4.44916,36.71898],[-4.44833,36.71611]]]}},{"type":"Feature","properties":{"id":"2906708025"},"geometry":{"type":"Polygon","coordinates":[[[-4.45021,36.72261],[-4.45103,36.71912],[-4.45158,36.71916],[-4.45149,36.71981],[-4.45247,36.72007],[-4.45181,36.72173],[-4.45251,36.72194],[-4.4521,36.72289],[-4.45021,36.72261]]]}},{"type":"Feature","properties":{"id":"2906708026"},"geometry":{"type":"Polygon","coordinates":[[[-4.44793,36.71036],[-4.44754,36.70893],[-4.44881,36.70869],[-4.4491,36.70968],[-4.45013,36.7095],[-4.45022,36.7099],[-4.44922,36.71018],[-4.44804,36.7104],[-4.44793,36.71036]]]}},{"type":"Feature","properties":{"id":"2906708028"},"geometry":{"type":"Polygon","coordinates":[[[-4.54735,36.72531],[-4.5442,36.72501],[-4.54369,36.7273],[-4.54648,36.72896],[-4.54789,36.7296],[-4.54956,36.73057],[-4.54959,36.73165],[-4.5486,36.73217],[-4.54833,36.73244],[-4.54774,36.7335],[-4.54574,36.73373],[-4.54526,36.73397],[-4.54507,36.73419],[-4.54306,36.73522],[-4.54289,36.73573],[-4.543,36.73596],[-4.54384,36.73664],[-4.54399,36.73706],[-4.54441,36.73761],[-4.54544,36.73812],[-4.54585,36.73852],[-4.5458,36.73864],[-4.54486,36.73808],[-4.5444,36.73787],[-4.54398,36.73781],[-4.54332,36.73743],[-4.54221,36.73721],[-4.54165,36.73699],[-4.5414,36.73722],[-4.5406,36.73735],[-4.54042,36.73748],[-4.54013,36.7382],[-4.53979,36.73843],[-4.53954,36.73846],[-4.53984,36.73776],[-4.53974,36.73706],[-4.53943,36.73632],[-4.53889,36.73546],[-4.5372,36.73383],[-4.53705,36.73282],[-4.53612,36.73132],[-4.53495,36.73],[-4.53465,36.72915],[-4.53453,36.72797],[-4.5338,36.7267],[-4.53372,36.72629],[-4.53382,36.72545],[-4.53409,36.72446],[-4.53532,36.7224],[-4.53546,36.72169],[-4.5362,36.7245],[-4.53822,36.72424],[-4.53959,36.72524],[-4.54005,36.72514],[-4.54007,36.72486],[-4.54161,36.72586],[-4.54189,36.72508],[-4.54199,36.72399],[-4.54236,36.72198],[-4.54488,36.72227],[-4.54793,36.72324],[-4.54735,36.72531]]]}},{"type":"Feature","properties":{"id":"2906708029"},"geometry":{"type":"Polygon","coordinates":[[[-4.46861,36.7201],[-4.46642,36.71341],[-4.46575,36.71285],[-4.47308,36.71353],[-4.4732,36.71399],[-4.47379,36.71487],[-4.47596,36.71673],[-4.4763,36.71752],[-4.47634,36.71783],[-4.47595,36.71899],[-4.47564,36.71949],[-4.47507,36.72002],[-4.47466,36.72085],[-4.47462,36.72175],[-4.47447,36.72193],[-4.47461,36.7222],[-4.47453,36.72415],[-4.47412,36.72434],[-4.47339,36.72432],[-4.47074,36.72465],[-4.46982,36.72267],[-4.46961,36.72198],[-4.4686,36.72127],[-4.46851,36.72111],[-4.46861,36.7201]]]}},{"type":"Feature","properties":{"id":"2906708030"},"geometry":{"type":"Polygon","coordinates":[[[-4.48924,36.74305],[-4.48958,36.74193],[-4.49055,36.74038],[-4.49125,36.73983],[-4.49278,36.73676],[-4.49286,36.73626],[-4.49259,36.7356],[-4.49095,36.73415],[-4.49123,36.73367],[-4.49239,36.73287],[-4.51257,36.7329],[-4.51276,36.74577],[-4.51254,36.75748],[-4.5122,36.75818],[-4.51095,36.75912],[-4.5107,36.7594],[-4.51012,36.75949],[-4.50892,36.75989],[-4.50749,36.7618],[-4.50715,36.76209],[-4.50651,36.76246],[-4.50503,36.76301],[-4.50471,36.76338],[-4.50421,36.76356],[-4.5037,36.76388],[-4.50299,36.76473],[-4.50152,36.76536],[-4.49995,36.76646],[-4.49952,36.76694],[-4.49903,36.76773],[-4.49882,36.76821],[-4.49858,36.76929],[-4.49834,36.76957],[-4.49759,36.77125],[-4.49817,36.77276],[-4.49967,36.77587],[-4.4997,36.77651],[-4.5002,36.77861],[-4.50048,36.77937],[-4.50109,36.78026],[-4.50225,36.78129],[-4.50331,36.78201],[-4.50356,36.78234],[-4.50375,36.78322],[-4.50508,36.78389],[-4.50598,36.78516],[-4.50476,36.78589],[-4.50392,36.78657],[-4.50335,36.78752],[-4.5025,36.78995],[-4.50231,36.79112],[-4.50229,36.79242],[-4.50209,36.79293],[-4.50075,36.79484],[-4.50047,36.7931],[-4.50035,36.79288],[-4.49878,36.79218],[-4.49819,36.79143],[-4.49799,36.79093],[-4.49819,36.78972],[-4.49805,36.78917],[-4.49784,36.7889],[-4.49726,36.7888],[-4.49705,36.78852],[-4.49705,36.78787],[-4.49673,36.78714],[-4.49677,36.78675],[-4.49732,36.78604],[-4.4975,36.78553],[-4.49821,36.78537],[-4.49837,36.78526],[-4.49839,36.78508],[-4.49812,36.78456],[-4.49828,36.78449],[-4.49852,36.78462],[-4.49883,36.7846],[-4.49953,36.78396],[-4.49995,36.78391],[-4.50015,36.78366],[-4.50015,36.78346],[-4.49946,36.78304],[-4.49877,36.78283],[-4.49878,36.7827],[-4.49908,36.78267],[-4.49932,36.78206],[-4.49837,36.78138],[-4.49803,36.78134],[-4.497,36.78159],[-4.49634,36.78114],[-4.49518,36.78094],[-4.49448,36.78066],[-4.49361,36.78055],[-4.49334,36.78044],[-4.49305,36.78012],[-4.4929,36.77946],[-4.49272,36.77937],[-4.49186,36.7794],[-4.4917,36.77926],[-4.49177,36.77909],[-4.49251,36.77873],[-4.49269,36.77802],[-4.49323,36.77757],[-4.49351,36.77718],[-4.49351,36.77565],[-4.49333,36.77518],[-4.49358,36.77444],[-4.49356,36.77414],[-4.493,36.77373],[-4.49286,36.7734],[-4.49331,36.77268],[-4.49334,36.77188],[-4.49426,36.77144],[-4.49519,36.77027],[-4.49596,36.76995],[-4.49614,36.76956],[-4.4959,36.76908],[-4.49561,36.7688],[-4.49559,36.76847],[-4.49634,36.76783],[-4.49685,36.76776],[-4.49693,36.76768],[-4.49699,36.76675],[-4.49689,36.76655],[-4.49607,36.76633],[-4.49537,36.76631],[-4.49547,36.7659],[-4.49483,36.76564],[-4.49484,36.76539],[-4.49517,36.76528],[-4.49617,36.76523],[-4.49643,36.7651],[-4.4967,36.76456],[-4.49767,36.76371],[-4.49781,36.76347],[-4.49732,36.76245],[-4.49704,36.76214],[-4.49698,36.76182],[-4.49721,36.76077],[-4.49699,36.75914],[-4.4967,36.7586],[-4.4957,36.75775],[-4.49468,36.75548],[-4.49364,36.75415],[-4.49313,36.753],[-4.49292,36.75115],[-4.49296,36.74911],[-4.4927,36.74729],[-4.49192,36.74621],[-4.49143,36.74517],[-4.48924,36.74305]]]}},{"type":"Feature","properties":{"id":"2906708031"},"geometry":{"type":"Polygon","coordinates":[[[-4.47635,36.7298],[-4.47718,36.7293],[-4.47771,36.72924],[-4.47807,36.72935],[-4.47916,36.7289],[-4.48034,36.72864],[-4.48119,36.72875],[-4.48286,36.72974],[-4.48326,36.72965],[-4.4836,36.72943],[-4.48361,36.72971],[-4.48345,36.73],[-4.4827,36.73078],[-4.4824,36.73207],[-4.48269,36.73237],[-4.4839,36.73285],[-4.48264,36.73444],[-4.48233,36.73379],[-4.48158,36.73403],[-4.48141,36.73367],[-4.4796,36.73426],[-4.47815,36.73449],[-4.47759,36.73374],[-4.47711,36.73332],[-4.47544,36.733],[-4.47598,36.73272],[-4.4765,36.73224],[-4.47655,36.73203],[-4.47619,36.73148],[-4.47606,36.7308],[-4.47605,36.73046],[-4.47635,36.7298]]]}},{"type":"Feature","properties":{"id":"2906708032"},"geometry":{"type":"Polygon","coordinates":[[[-4.47815,36.73449],[-4.4796,36.73426],[-4.48141,36.73367],[-4.48158,36.73403],[-4.48233,36.73379],[-4.48264,36.73444],[-4.48184,36.7354],[-4.48083,36.737],[-4.48124,36.7375],[-4.48174,36.73779],[-4.48071,36.73838],[-4.47815,36.73449]]]}},{"type":"Feature","properties":{"id":"2906708033"},"geometry":{"type":"Polygon","coordinates":[[[-4.46848,36.71983],[-4.46861,36.7201],[-4.46851,36.72111],[-4.4686,36.72127],[-4.46961,36.72198],[-4.46982,36.72267],[-4.47074,36.72465],[-4.46744,36.72502],[-4.46609,36.71995],[-4.46848,36.71983]]]}},{"type":"Feature","properties":{"id":"2906708034"},"geometry":{"type":"Polygon","coordinates":[[[-4.45103,36.71912],[-4.45021,36.72261],[-4.44884,36.72239],[-4.44936,36.72016],[-4.44916,36.71898],[-4.45103,36.71912]]]}},{"type":"Feature","properties":{"id":"2906708035"},"geometry":{"type":"Polygon","coordinates":[[[-4.46484,36.70667],[-4.4664,36.70639],[-4.46731,36.70639],[-4.47002,36.70659],[-4.47166,36.70696],[-4.4718,36.70832],[-4.47218,36.71011],[-4.47267,36.71199],[-4.47325,36.71355],[-4.4685,36.71313],[-4.46575,36.71285],[-4.46571,36.71276],[-4.46281,36.71249],[-4.46287,36.71156],[-4.4635,36.71169],[-4.46361,36.70867],[-4.46439,36.70826],[-4.46473,36.70782],[-4.46485,36.70737],[-4.46484,36.70667]]]}},{"type":"Feature","properties":{"id":"2906708036"},"geometry":{"type":"Polygon","coordinates":[[[-4.51256,36.73286],[-4.51808,36.72497],[-4.53402,36.7247],[-4.53372,36.72629],[-4.5338,36.7267],[-4.53453,36.72797],[-4.53479,36.72971],[-4.5363,36.73163],[-4.53489,36.73199],[-4.53318,36.73211],[-4.53205,36.73242],[-4.53097,36.73244],[-4.53102,36.73272],[-4.51256,36.73286]]]}},{"type":"Feature","properties":{"id":"2906708037"},"geometry":{"type":"Polygon","coordinates":[[[-4.45297,36.72309],[-4.45443,36.71994],[-4.45449,36.71967],[-4.45419,36.71955],[-4.454,36.71933],[-4.454,36.71907],[-4.45416,36.7189],[-4.4544,36.71881],[-4.45481,36.71886],[-4.45504,36.71904],[-4.45504,36.71943],[-4.45845,36.71968],[-4.4573,36.72018],[-4.45517,36.72387],[-4.45297,36.72309]]]}},{"type":"Feature","properties":{"id":"2906708039"},"geometry":{"type":"Polygon","coordinates":[[[-4.45345,36.70478],[-4.454,36.70439],[-4.45441,36.70484],[-4.4577,36.7044],[-4.45783,36.70847],[-4.45637,36.70919],[-4.45527,36.70945],[-4.45506,36.70853],[-4.45447,36.70743],[-4.45345,36.70478]]]}},{"type":"Feature","properties":{"id":"2906708040"},"geometry":{"type":"Polygon","coordinates":[[[-4.47931,36.70805],[-4.47958,36.70685],[-4.47936,36.70679],[-4.47958,36.70564],[-4.4795,36.70508],[-4.4788,36.70504],[-4.47902,36.70382],[-4.47814,36.69902],[-4.47879,36.69951],[-4.47964,36.69987],[-4.48129,36.70038],[-4.48853,36.70178],[-4.48903,36.70197],[-4.4912,36.7024],[-4.49201,36.7027],[-4.4931,36.70296],[-4.49391,36.70305],[-4.50047,36.70293],[-4.50057,36.70718],[-4.48868,36.70844],[-4.48689,36.70822],[-4.48572,36.70845],[-4.48389,36.70827],[-4.48279,36.70841],[-4.48216,36.7084],[-4.4799,36.70802],[-4.47931,36.70805]]]}},{"type":"Feature","properties":{"id":"2906708041"},"geometry":{"type":"Polygon","coordinates":[[[-4.44984,36.70666],[-4.45023,36.70689],[-4.45191,36.7086],[-4.45199,36.70877],[-4.45187,36.71023],[-4.4513,36.71035],[-4.45095,36.70934],[-4.4491,36.70968],[-4.44881,36.70869],[-4.4497,36.70855],[-4.44958,36.70817],[-4.45013,36.70789],[-4.4497,36.70734],[-4.44943,36.70715],[-4.44904,36.70709],[-4.44984,36.70666]]]}},{"type":"Feature","properties":{"id":"2906708042"},"geometry":{"type":"Polygon","coordinates":[[[-4.47289,36.73256],[-4.47307,36.73159],[-4.47281,36.73063],[-4.47179,36.73056],[-4.47155,36.73108],[-4.47155,36.73227],[-4.46996,36.73169],[-4.46831,36.73055],[-4.46882,36.73014],[-4.46903,36.73019],[-4.47005,36.72968],[-4.47076,36.72915],[-4.47116,36.72869],[-4.47141,36.72814],[-4.47154,36.72774],[-4.47133,36.72762],[-4.47413,36.72792],[-4.47498,36.7283],[-4.47543,36.72867],[-4.47549,36.72886],[-4.47635,36.7298],[-4.47605,36.73046],[-4.47606,36.7308],[-4.47619,36.73148],[-4.47655,36.73203],[-4.47645,36.7323],[-4.47598,36.73272],[-4.47544,36.733],[-4.47289,36.73256]]]}},{"type":"Feature","properties":{"id":"2906708043"},"geometry":{"type":"Polygon","coordinates":[[[-4.47764,36.72432],[-4.47591,36.72441],[-4.47915,36.71954],[-4.4775,36.71938],[-4.47595,36.71899],[-4.47634,36.71783],[-4.47596,36.71673],[-4.47379,36.71487],[-4.4732,36.71399],[-4.47308,36.71353],[-4.47638,36.71383],[-4.48661,36.71385],[-4.48854,36.71402],[-4.49004,36.71385],[-4.49056,36.71391],[-4.49081,36.71409],[-4.49118,36.71455],[-4.49123,36.71563],[-4.49109,36.71612],[-4.49142,36.71696],[-4.49163,36.71721],[-4.4918,36.71798],[-4.49163,36.71935],[-4.49165,36.72025],[-4.49143,36.72091],[-4.49016,36.7213],[-4.49006,36.72048],[-4.48849,36.71812],[-4.48451,36.71757],[-4.48359,36.71794],[-4.48487,36.71989],[-4.4848,36.72001],[-4.48459,36.72002],[-4.48159,36.72115],[-4.4807,36.72139],[-4.47994,36.72148],[-4.47996,36.72449],[-4.47764,36.72432]]]}},{"type":"Feature","properties":{"id":"2906708044"},"geometry":{"type":"Polygon","coordinates":[[[-4.48236,36.73805],[-4.48124,36.7375],[-4.48083,36.737],[-4.48206,36.7351],[-4.4839,36.73285],[-4.48269,36.73237],[-4.4824,36.73207],[-4.4827,36.73078],[-4.48345,36.73],[-4.48361,36.72971],[-4.4836,36.72943],[-4.48326,36.72965],[-4.48286,36.72974],[-4.48119,36.72875],[-4.48034,36.72864],[-4.47916,36.7289],[-4.47807,36.72935],[-4.47771,36.72924],[-4.47718,36.7293],[-4.47635,36.7298],[-4.47549,36.72886],[-4.47551,36.72861],[-4.47618,36.72803],[-4.47656,36.72784],[-4.47696,36.72801],[-4.47765,36.72783],[-4.47811,36.72795],[-4.47885,36.72795],[-4.47918,36.72779],[-4.47927,36.72733],[-4.47955,36.72732],[-4.47986,36.72694],[-4.47997,36.72634],[-4.47998,36.7245],[-4.48097,36.72451],[-4.48147,36.72439],[-4.48261,36.72644],[-4.48402,36.72603],[-4.48779,36.7246],[-4.48857,36.72469],[-4.48909,36.72534],[-4.48927,36.72606],[-4.48983,36.72695],[-4.49018,36.72782],[-4.49009,36.72846],[-4.49021,36.72932],[-4.48967,36.73152],[-4.48953,36.73256],[-4.48916,36.73255],[-4.48871,36.73309],[-4.48837,36.73385],[-4.48791,36.73561],[-4.48745,36.736],[-4.48471,36.73701],[-4.48236,36.73805]]]}},{"type":"Feature","properties":{"id":"2906708045"},"geometry":{"type":"Polygon","coordinates":[[[-4.45549,36.71016],[-4.45534,36.70944],[-4.45637,36.70919],[-4.45702,36.70888],[-4.45742,36.71029],[-4.4563,36.71061],[-4.45612,36.71012],[-4.45563,36.71023],[-4.45549,36.71016]]]}},{"type":"Feature","properties":{"id":"2906708046"},"geometry":{"type":"Polygon","coordinates":[[[-4.54735,36.72531],[-4.54722,36.72617],[-4.54648,36.72896],[-4.54369,36.7273],[-4.54405,36.72546],[-4.5442,36.72501],[-4.54735,36.72531]]]}},{"type":"Feature","properties":{"id":"2906708047"},"geometry":{"type":"Polygon","coordinates":[[[-4.47133,36.72762],[-4.47154,36.72774],[-4.47116,36.72869],[-4.47076,36.72915],[-4.47005,36.72968],[-4.46903,36.73019],[-4.46882,36.73014],[-4.46831,36.73055],[-4.46731,36.72992],[-4.46719,36.72958],[-4.46686,36.72682],[-4.46977,36.72649],[-4.47165,36.72649],[-4.47169,36.72705],[-4.47133,36.72762]]]}},{"type":"Feature","properties":{"id":"2906708048"},"geometry":{"type":"Polygon","coordinates":[[[-4.45336,36.7193],[-4.4533,36.71999],[-4.45251,36.72194],[-4.45181,36.72173],[-4.45247,36.72007],[-4.45149,36.71981],[-4.45158,36.71916],[-4.45336,36.7193]]]}},{"type":"Feature","properties":{"id":"2906708049"},"geometry":{"type":"Polygon","coordinates":[[[-4.45013,36.7095],[-4.45095,36.70934],[-4.4513,36.71035],[-4.44807,36.7109],[-4.44793,36.71036],[-4.44804,36.7104],[-4.44922,36.71018],[-4.45022,36.7099],[-4.45013,36.7095]]]}},{"type":"Feature","properties":{"id":"2906708050"},"geometry":{"type":"Polygon","coordinates":[[[-4.49239,36.73287],[-4.49272,36.73239],[-4.49247,36.7316],[-4.49015,36.73216],[-4.48971,36.73234],[-4.48953,36.73256],[-4.48967,36.73152],[-4.49021,36.72932],[-4.49009,36.72846],[-4.49018,36.72782],[-4.48983,36.72695],[-4.48927,36.72606],[-4.48909,36.72534],[-4.48857,36.72472],[-4.49144,36.72493],[-4.49215,36.72541],[-4.49237,36.7257],[-4.49235,36.72705],[-4.49346,36.72669],[-4.49391,36.72694],[-4.49468,36.72702],[-4.49452,36.72627],[-4.49532,36.72535],[-4.49521,36.72514],[-4.49529,36.7247],[-4.49458,36.72368],[-4.49461,36.72076],[-4.49296,36.72086],[-4.49221,36.72067],[-4.49143,36.72091],[-4.49165,36.72025],[-4.49163,36.71935],[-4.4918,36.71798],[-4.49163,36.71721],[-4.49142,36.71696],[-4.49109,36.71612],[-4.49122,36.71538],[-4.49118,36.71455],[-4.49103,36.71425],[-4.49104,36.71371],[-4.49142,36.71281],[-4.49378,36.71236],[-4.50056,36.71174],[-4.50122,36.71152],[-4.50294,36.71039],[-4.50432,36.70927],[-4.50453,36.70863],[-4.5048,36.70823],[-4.50469,36.7076],[-4.50532,36.70699],[-4.50563,36.70654],[-4.50539,36.70625],[-4.50692,36.70616],[-4.50914,36.70644],[-4.51088,36.70648],[-4.51401,36.70632],[-4.51651,36.70583],[-4.51729,36.70581],[-4.51828,36.70593],[-4.51903,36.70617],[-4.52036,36.70702],[-4.52266,36.70883],[-4.52394,36.70959],[-4.52852,36.71293],[-4.5293,36.71387],[-4.5301,36.71602],[-4.53106,36.71721],[-4.53156,36.71778],[-4.5354,36.7211],[-4.5353,36.72138],[-4.53546,36.72169],[-4.53545,36.72194],[-4.53532,36.7224],[-4.53476,36.72345],[-4.53417,36.72425],[-4.53402,36.7247],[-4.51808,36.72497],[-4.51257,36.7329],[-4.49239,36.73287]]]}},{"type":"Feature","properties":{"id":"2906708051"},"geometry":{"type":"Polygon","coordinates":[[[-4.47155,36.73227],[-4.47155,36.73108],[-4.47179,36.73056],[-4.47281,36.73063],[-4.47307,36.73159],[-4.47289,36.73256],[-4.47155,36.73227]]]}},{"type":"Feature","properties":{"id":"2906708052"},"geometry":{"type":"Polygon","coordinates":[[[-4.48206,36.72135],[-4.48207,36.72093],[-4.48471,36.71997],[-4.48507,36.72002],[-4.48633,36.7217],[-4.48668,36.72225],[-4.4868,36.72265],[-4.48381,36.72369],[-4.48206,36.72135]]]}},{"type":"Feature","properties":{"id":"2906708053"},"geometry":{"type":"Polygon","coordinates":[[[-4.45742,36.71029],[-4.45703,36.71147],[-4.45575,36.71251],[-4.45535,36.71269],[-4.45513,36.71219],[-4.45532,36.71097],[-4.45531,36.71034],[-4.45549,36.71016],[-4.45563,36.71023],[-4.45612,36.71012],[-4.4563,36.71061],[-4.45742,36.71029]]]}},{"type":"Feature","properties":{"id":"2906708054"},"geometry":{"type":"Polygon","coordinates":[[[-4.45575,36.71251],[-4.45703,36.71147],[-4.45742,36.71043],[-4.45702,36.70888],[-4.45942,36.70769],[-4.46484,36.70667],[-4.46485,36.70737],[-4.46473,36.70782],[-4.46439,36.70826],[-4.46361,36.70867],[-4.4635,36.71169],[-4.46287,36.71156],[-4.46281,36.71249],[-4.46195,36.71244],[-4.46002,36.7126],[-4.45719,36.71319],[-4.45607,36.71358],[-4.45575,36.71251]]]}},{"type":"Feature","properties":{"id":"2906708055"},"geometry":{"type":"Polygon","coordinates":[[[-4.44984,36.70666],[-4.4518,36.70548],[-4.45239,36.70541],[-4.45345,36.70478],[-4.45447,36.70743],[-4.45506,36.70853],[-4.45527,36.70945],[-4.45187,36.71023],[-4.45199,36.70877],[-4.45191,36.7086],[-4.45023,36.70689],[-4.44984,36.70666]]]}},{"type":"Feature","properties":{"id":"2906708056"},"geometry":{"type":"Polygon","coordinates":[[[-4.47412,36.72434],[-4.47453,36.72415],[-4.47461,36.7222],[-4.47447,36.72193],[-4.47602,36.72205],[-4.47633,36.72117],[-4.47796,36.7214],[-4.47591,36.72441],[-4.47456,36.72442],[-4.47412,36.72434]]]}},{"type":"Feature","properties":{"id":"2906708057"},"geometry":{"type":"Polygon","coordinates":[[[-4.45845,36.71968],[-4.46121,36.71986],[-4.46215,36.72467],[-4.46182,36.72559],[-4.46105,36.72566],[-4.46109,36.72604],[-4.45845,36.7252],[-4.45877,36.72443],[-4.45885,36.72366],[-4.45867,36.72237],[-4.45844,36.72229],[-4.4573,36.72103],[-4.45698,36.72082],[-4.4573,36.72018],[-4.45845,36.71968]]]}},{"type":"Feature","properties":{"id":"2906708058"},"geometry":{"type":"Polygon","coordinates":[[[-4.45793,36.71304],[-4.46002,36.7126],[-4.46195,36.71244],[-4.46571,36.71276],[-4.46642,36.71341],[-4.46731,36.71617],[-4.4636,36.71672],[-4.46056,36.71711],[-4.46055,36.71702],[-4.46045,36.71703],[-4.4595,36.71734],[-4.4596,36.718],[-4.45794,36.71806],[-4.45809,36.71667],[-4.45793,36.71304]]]}},{"type":"Feature","properties":{"id":"2906708059"},"geometry":{"type":"Polygon","coordinates":[[[-4.47133,36.72762],[-4.47169,36.72705],[-4.47162,36.72617],[-4.47074,36.72465],[-4.47339,36.72432],[-4.47456,36.72442],[-4.47608,36.72439],[-4.476,36.7267],[-4.4755,36.72759],[-4.47495,36.72784],[-4.47464,36.72818],[-4.47413,36.72792],[-4.47133,36.72762]]]}},{"type":"Feature","properties":{"id":"2906708060"},"geometry":{"type":"Polygon","coordinates":[[[-4.45793,36.71304],[-4.45805,36.71475],[-4.45804,36.71741],[-4.45794,36.71806],[-4.45742,36.71962],[-4.45573,36.7195],[-4.45562,36.71888],[-4.45675,36.71841],[-4.45625,36.71785],[-4.45548,36.71745],[-4.45429,36.71731],[-4.4542,36.71648],[-4.4539,36.71547],[-4.45353,36.71475],[-4.45298,36.71402],[-4.45505,36.71381],[-4.45793,36.71304]]]}},{"type":"Feature","properties":{"id":"2906708061"},"geometry":{"type":"Polygon","coordinates":[[[-4.47998,36.7245],[-4.47997,36.72634],[-4.47986,36.72694],[-4.47955,36.72732],[-4.47927,36.72733],[-4.47918,36.72779],[-4.47885,36.72795],[-4.47811,36.72795],[-4.47765,36.72783],[-4.47696,36.72801],[-4.47656,36.72784],[-4.47603,36.72815],[-4.47551,36.72861],[-4.47552,36.72876],[-4.47498,36.7283],[-4.47464,36.72818],[-4.47495,36.72784],[-4.4755,36.72759],[-4.476,36.7267],[-4.47608,36.72439],[-4.47764,36.72432],[-4.47998,36.7245]]]}},{"type":"Feature","properties":{"id":"2906708062"},"geometry":{"type":"Polygon","coordinates":[[[-4.47998,36.7245],[-4.47994,36.72148],[-4.4807,36.72139],[-4.48208,36.721],[-4.48206,36.72135],[-4.48381,36.72369],[-4.48269,36.72408],[-4.48097,36.72451],[-4.47998,36.7245]]]}},{"type":"Feature","properties":{"id":"2906708063"},"geometry":{"type":"Polygon","coordinates":[[[-4.46122,36.71988],[-4.46437,36.72],[-4.46547,36.72527],[-4.46362,36.7255],[-4.46182,36.72559],[-4.46215,36.72459],[-4.46122,36.71988]]]}},{"type":"Feature","properties":{"id":"2906708064"},"geometry":{"type":"Polygon","coordinates":[[[-4.5362,36.7245],[-4.5353,36.72138],[-4.5354,36.7211],[-4.53156,36.71778],[-4.5301,36.71602],[-4.5293,36.71387],[-4.52852,36.71293],[-4.52394,36.70959],[-4.52266,36.70883],[-4.52036,36.70702],[-4.51906,36.7062],[-4.51886,36.70596],[-4.5194,36.70586],[-4.52078,36.7058],[-4.52664,36.70576],[-4.52694,36.70551],[-4.5272,36.70469],[-4.52753,36.70462],[-4.52889,36.70479],[-4.53017,36.70481],[-4.534,36.70453],[-4.53564,36.70472],[-4.53638,36.70489],[-4.5374,36.70526],[-4.53806,36.70537],[-4.53794,36.70569],[-4.53738,36.70622],[-4.53644,36.70646],[-4.53431,36.70617],[-4.53385,36.70596],[-4.5334,36.70537],[-4.53306,36.70522],[-4.53244,36.70518],[-4.53213,36.70527],[-4.53144,36.70574],[-4.53106,36.70643],[-4.53101,36.70708],[-4.53117,36.70741],[-4.53171,36.70816],[-4.5319,36.70824],[-4.53234,36.70812],[-4.53267,36.7082],[-4.53318,36.70867],[-4.5332,36.70886],[-4.53302,36.70915],[-4.53168,36.7096],[-4.53114,36.71005],[-4.53088,36.71083],[-4.53093,36.71188],[-4.53886,36.71289],[-4.53875,36.71342],[-4.54488,36.71399],[-4.54508,36.71413],[-4.546,36.71437],[-4.5479,36.71438],[-4.54902,36.71502],[-4.54883,36.71651],[-4.54747,36.71637],[-4.5474,36.71697],[-4.54721,36.71751],[-4.54677,36.71749],[-4.54669,36.7176],[-4.54654,36.71914],[-4.54633,36.72003],[-4.54646,36.7202],[-4.54581,36.72132],[-4.54522,36.72161],[-4.54488,36.72228],[-4.54236,36.72198],[-4.54199,36.72399],[-4.54189,36.72508],[-4.54161,36.72586],[-4.54007,36.72486],[-4.54005,36.72514],[-4.53959,36.72524],[-4.53822,36.72424],[-4.5362,36.7245]]]}},{"type":"Feature","properties":{"id":"2906708065"},"geometry":{"type":"Polygon","coordinates":[[[-4.49093,36.72104],[-4.48923,36.72228],[-4.48868,36.723],[-4.48847,36.72343],[-4.48845,36.72399],[-4.48858,36.7247],[-4.48779,36.7246],[-4.48402,36.72603],[-4.48261,36.72644],[-4.48147,36.72439],[-4.48269,36.72408],[-4.48636,36.72281],[-4.49093,36.72104]]]}},{"type":"Feature","properties":{"id":"2906708066"},"geometry":{"type":"Polygon","coordinates":[[[-4.49147,36.72495],[-4.49272,36.72363],[-4.49135,36.72265],[-4.49205,36.72196],[-4.49178,36.72079],[-4.49221,36.72067],[-4.49296,36.72086],[-4.49461,36.72076],[-4.49458,36.72368],[-4.49529,36.7247],[-4.49521,36.72514],[-4.49532,36.72535],[-4.49452,36.72627],[-4.49468,36.72702],[-4.49391,36.72694],[-4.49346,36.72669],[-4.49235,36.72705],[-4.49237,36.7257],[-4.49215,36.72541],[-4.49147,36.72495]]]}},{"type":"Feature","properties":{"id":"2906708067"},"geometry":{"type":"Polygon","coordinates":[[[-4.46437,36.72],[-4.46609,36.71995],[-4.46744,36.72502],[-4.46547,36.72527],[-4.46437,36.72]]]}},{"type":"Feature","properties":{"id":"2906708068"},"geometry":{"type":"Polygon","coordinates":[[[-4.49016,36.7213],[-4.4868,36.72265],[-4.48668,36.72225],[-4.48591,36.72107],[-4.48507,36.72002],[-4.4848,36.72001],[-4.48487,36.71989],[-4.48359,36.71794],[-4.48451,36.71757],[-4.48849,36.71812],[-4.49006,36.72048],[-4.49016,36.7213]]]}},{"type":"Feature","properties":{"id":"2906708069"},"geometry":{"type":"Polygon","coordinates":[[[-4.47595,36.71899],[-4.4775,36.71938],[-4.47915,36.71954],[-4.47796,36.7214],[-4.47633,36.72117],[-4.47602,36.72205],[-4.47447,36.72193],[-4.47462,36.72175],[-4.47466,36.72085],[-4.47482,36.72044],[-4.47507,36.72002],[-4.47564,36.71949],[-4.47595,36.71899]]]}},{"type":"Feature","properties":{"id":"2906708070"},"geometry":{"type":"Polygon","coordinates":[[[-4.46109,36.72604],[-4.46105,36.72566],[-4.46362,36.7255],[-4.46667,36.72512],[-4.46719,36.72958],[-4.46731,36.72992],[-4.46249,36.72676],[-4.46109,36.72604]]]}},{"type":"Feature","properties":{"id":"2906708071"},"geometry":{"type":"Polygon","coordinates":[[[-4.45971,36.71853],[-4.4595,36.71734],[-4.46045,36.71703],[-4.46055,36.71702],[-4.46056,36.71711],[-4.4636,36.71672],[-4.46731,36.71617],[-4.4677,36.71737],[-4.45971,36.71853]]]}},{"type":"Feature","properties":{"id":"2906708072"},"geometry":{"type":"Polygon","coordinates":[[[-4.48858,36.7247],[-4.48845,36.72399],[-4.48847,36.72343],[-4.48868,36.723],[-4.48923,36.72228],[-4.49093,36.72104],[-4.49178,36.72079],[-4.49205,36.72196],[-4.49135,36.72265],[-4.49272,36.72363],[-4.49147,36.72495],[-4.48858,36.7247]]]}},{"type":"Feature","properties":{"id":"2906708073"},"geometry":{"type":"Polygon","coordinates":[[[-4.56556,36.73317],[-4.56765,36.73273],[-4.56929,36.7328],[-4.5692,36.73333],[-4.57004,36.73489],[-4.57001,36.73534],[-4.5692,36.73569],[-4.56875,36.73616],[-4.56865,36.73647],[-4.56818,36.7364],[-4.56822,36.73728],[-4.56804,36.73737],[-4.5667,36.73404],[-4.56556,36.73317]]]}},{"type":"Feature","properties":{"id":"2906708074"},"geometry":{"type":"Polygon","coordinates":[[[-4.48172,36.7378],[-4.48236,36.73805],[-4.48471,36.73701],[-4.48745,36.736],[-4.48791,36.73561],[-4.48853,36.7334],[-4.48872,36.7331],[-4.48888,36.73324],[-4.48956,36.73497],[-4.4891,36.73517],[-4.48889,36.73548],[-4.48814,36.7378],[-4.48812,36.73877],[-4.48882,36.7405],[-4.48855,36.74123],[-4.48861,36.74189],[-4.48853,36.74231],[-4.48632,36.73994],[-4.48278,36.74014],[-4.48242,36.74006],[-4.4817,36.73965],[-4.48071,36.73838],[-4.48172,36.7378]]]}},{"type":"Feature","properties":{"id":"2906708075"},"geometry":{"type":"Polygon","coordinates":[[[-4.48924,36.74305],[-4.48853,36.74231],[-4.48861,36.74189],[-4.48855,36.74123],[-4.48882,36.7405],[-4.48816,36.73891],[-4.48812,36.73808],[-4.48823,36.73738],[-4.48889,36.73548],[-4.4891,36.73517],[-4.48956,36.73497],[-4.48888,36.73324],[-4.48871,36.73309],[-4.48916,36.73255],[-4.48953,36.73256],[-4.48971,36.73234],[-4.49015,36.73216],[-4.49247,36.7316],[-4.49272,36.73239],[-4.49239,36.73287],[-4.49123,36.73367],[-4.49095,36.73415],[-4.49259,36.7356],[-4.49286,36.73626],[-4.49278,36.73676],[-4.49125,36.73983],[-4.49055,36.74038],[-4.48958,36.74193],[-4.48924,36.74305]]]}},{"type":"Feature","properties":{"id":"2906708076"},"geometry":{"type":"Polygon","coordinates":[[[-4.46122,36.71988],[-4.45742,36.71962],[-4.45793,36.71806],[-4.4596,36.718],[-4.45971,36.71853],[-4.4677,36.71737],[-4.46848,36.71983],[-4.46437,36.72],[-4.46122,36.71988]]]}},{"type":"Feature","properties":{"id":"2906709001"},"geometry":{"type":"Polygon","coordinates":[[[-4.42595,36.71676],[-4.4265,36.71536],[-4.4268,36.71509],[-4.42719,36.71533],[-4.42873,36.71388],[-4.42892,36.71359],[-4.42945,36.714],[-4.4285,36.71491],[-4.42871,36.71508],[-4.42897,36.71486],[-4.42957,36.71531],[-4.42971,36.71591],[-4.43289,36.71629],[-4.43577,36.71603],[-4.43555,36.71638],[-4.43554,36.71661],[-4.4358,36.71698],[-4.43575,36.71713],[-4.42803,36.71669],[-4.42595,36.71676]]]}},{"type":"Feature","properties":{"id":"2906709002"},"geometry":{"type":"Polygon","coordinates":[[[-4.43051,36.71822],[-4.42988,36.71795],[-4.42895,36.71788],[-4.42734,36.71888],[-4.42643,36.71787],[-4.42635,36.71761],[-4.4259,36.71756],[-4.42595,36.71676],[-4.42839,36.7167],[-4.43451,36.71711],[-4.43606,36.71711],[-4.43611,36.71728],[-4.43584,36.71738],[-4.43572,36.71753],[-4.43572,36.71781],[-4.43605,36.71858],[-4.43529,36.71896],[-4.43461,36.718],[-4.43427,36.71784],[-4.43115,36.71765],[-4.43091,36.71777],[-4.43051,36.71822]]]}},{"type":"Feature","properties":{"id":"2906709003"},"geometry":{"type":"Polygon","coordinates":[[[-4.43107,36.71407],[-4.43127,36.71415],[-4.43325,36.71353],[-4.43447,36.71334],[-4.43545,36.71512],[-4.43595,36.71519],[-4.43623,36.71535],[-4.43642,36.71592],[-4.43814,36.71566],[-4.44002,36.715],[-4.4403,36.7158],[-4.44004,36.71586],[-4.44021,36.71646],[-4.43731,36.71699],[-4.43577,36.71713],[-4.4358,36.71698],[-4.43554,36.71661],[-4.43555,36.71638],[-4.43577,36.71603],[-4.43289,36.71629],[-4.42971,36.71591],[-4.42964,36.71543],[-4.43109,36.71426],[-4.43107,36.71407]]]}},{"type":"Feature","properties":{"id":"2906709004"},"geometry":{"type":"Polygon","coordinates":[[[-4.436,36.71521],[-4.43545,36.71512],[-4.43447,36.71334],[-4.43459,36.71343],[-4.43496,36.71344],[-4.43738,36.71304],[-4.43815,36.71391],[-4.4371,36.71446],[-4.43742,36.71493],[-4.436,36.71521]]]}},{"type":"Feature","properties":{"id":"2906709005"},"geometry":{"type":"Polygon","coordinates":[[[-4.42945,36.714],[-4.42853,36.71328],[-4.42933,36.7125],[-4.43107,36.71407],[-4.43109,36.71426],[-4.42984,36.71534],[-4.42964,36.71543],[-4.42897,36.71486],[-4.42871,36.71508],[-4.4285,36.71491],[-4.42945,36.714]]]}},{"type":"Feature","properties":{"id":"2906709006"},"geometry":{"type":"Polygon","coordinates":[[[-4.42601,36.71475],[-4.42634,36.71442],[-4.42923,36.71161],[-4.4298,36.71208],[-4.42853,36.71328],[-4.42892,36.71359],[-4.42893,36.71368],[-4.42719,36.71533],[-4.4268,36.71509],[-4.4265,36.71536],[-4.42639,36.71582],[-4.42598,36.71662],[-4.42601,36.71475]]]}},{"type":"Feature","properties":{"id":"2906709007"},"geometry":{"type":"Polygon","coordinates":[[[-4.4259,36.71131],[-4.42724,36.71004],[-4.42923,36.71161],[-4.42601,36.71475],[-4.4259,36.71131]]]}},{"type":"Feature","properties":{"id":"2906709008"},"geometry":{"type":"Polygon","coordinates":[[[-4.4298,36.71208],[-4.42724,36.71004],[-4.42793,36.70956],[-4.4282,36.70896],[-4.42875,36.7083],[-4.42893,36.70853],[-4.43019,36.70943],[-4.42963,36.71068],[-4.43056,36.71156],[-4.4298,36.71208]]]}},{"type":"Feature","properties":{"id":"2906709009"},"geometry":{"type":"Polygon","coordinates":[[[-4.44091,36.72033],[-4.442,36.7214],[-4.44044,36.72139],[-4.44019,36.72172],[-4.43992,36.72176],[-4.43965,36.72164],[-4.43954,36.72137],[-4.43973,36.7211],[-4.43881,36.72014],[-4.44091,36.72033]]]}},{"type":"Feature","properties":{"id":"2906709010"},"geometry":{"type":"Polygon","coordinates":[[[-4.43236,36.70301],[-4.43278,36.70246],[-4.43667,36.705],[-4.43609,36.70583],[-4.43487,36.70496],[-4.43487,36.7048],[-4.43413,36.70435],[-4.43236,36.70301]]]}},{"type":"Feature","properties":{"id":"2906709011"},"geometry":{"type":"Polygon","coordinates":[[[-4.43868,36.70522],[-4.44003,36.70425],[-4.44072,36.70362],[-4.44262,36.70656],[-4.44244,36.70676],[-4.44204,36.70693],[-4.44139,36.70651],[-4.44064,36.70682],[-4.43952,36.70625],[-4.43974,36.70611],[-4.43868,36.70522]]]}},{"type":"Feature","properties":{"id":"2906709012"},"geometry":{"type":"Polygon","coordinates":[[[-4.43925,36.70915],[-4.43787,36.70835],[-4.43791,36.708],[-4.43836,36.70755],[-4.43753,36.70684],[-4.43646,36.70769],[-4.43599,36.70729],[-4.43868,36.70522],[-4.43974,36.70611],[-4.43952,36.70625],[-4.44064,36.70682],[-4.44139,36.70651],[-4.44204,36.70693],[-4.44244,36.70676],[-4.44262,36.70656],[-4.44274,36.70659],[-4.44283,36.70673],[-4.44047,36.70807],[-4.43925,36.70915]]]}},{"type":"Feature","properties":{"id":"2906709013"},"geometry":{"type":"Polygon","coordinates":[[[-4.43378,36.70858],[-4.43566,36.70711],[-4.43556,36.70702],[-4.4365,36.70618],[-4.43696,36.70656],[-4.43428,36.70873],[-4.43407,36.70885],[-4.43378,36.70858]]]}},{"type":"Feature","properties":{"id":"2906709014"},"geometry":{"type":"Polygon","coordinates":[[[-4.43696,36.70656],[-4.43609,36.70583],[-4.43669,36.70497],[-4.43782,36.7059],[-4.43696,36.70656]]]}},{"type":"Feature","properties":{"id":"2906709015"},"geometry":{"type":"Polygon","coordinates":[[[-4.43669,36.70497],[-4.43715,36.70432],[-4.43757,36.70458],[-4.43825,36.70488],[-4.43842,36.70487],[-4.43747,36.70561],[-4.43669,36.70497]]]}},{"type":"Feature","properties":{"id":"2906709016"},"geometry":{"type":"Polygon","coordinates":[[[-4.43764,36.70457],[-4.43902,36.703],[-4.44049,36.70381],[-4.43921,36.70485],[-4.43884,36.70457],[-4.43854,36.70483],[-4.43825,36.70488],[-4.43764,36.70457]]]}},{"type":"Feature","properties":{"id":"2906709017"},"geometry":{"type":"Polygon","coordinates":[[[-4.44221,36.70956],[-4.44251,36.70938],[-4.44354,36.7102],[-4.44339,36.71039],[-4.44291,36.71068],[-4.44202,36.71003],[-4.44246,36.70978],[-4.44221,36.70956]]]}},{"type":"Feature","properties":{"id":"2906709018"},"geometry":{"type":"Polygon","coordinates":[[[-4.43716,36.70369],[-4.43582,36.70277],[-4.43762,36.70094],[-4.43894,36.70156],[-4.43866,36.70214],[-4.4375,36.70381],[-4.43716,36.70369]]]}},{"type":"Feature","properties":{"id":"2906709019"},"geometry":{"type":"Polygon","coordinates":[[[-4.43715,36.70432],[-4.43866,36.70214],[-4.43894,36.70156],[-4.43932,36.70213],[-4.44078,36.70358],[-4.44049,36.70381],[-4.44028,36.70375],[-4.43902,36.703],[-4.43764,36.70457],[-4.43733,36.70447],[-4.43715,36.70432]]]}},{"type":"Feature","properties":{"id":"2906709020"},"geometry":{"type":"Polygon","coordinates":[[[-4.43747,36.70561],[-4.43884,36.70457],[-4.43918,36.70482],[-4.43782,36.7059],[-4.43747,36.70561]]]}},{"type":"Feature","properties":{"id":"2906709021"},"geometry":{"type":"Polygon","coordinates":[[[-4.44251,36.70938],[-4.44403,36.70862],[-4.44476,36.70977],[-4.44431,36.7098],[-4.44354,36.7102],[-4.44251,36.70938]]]}},{"type":"Feature","properties":{"id":"2906709022"},"geometry":{"type":"Polygon","coordinates":[[[-4.43495,36.71242],[-4.43563,36.71125],[-4.43608,36.71087],[-4.43664,36.71133],[-4.43655,36.71149],[-4.4367,36.71171],[-4.43659,36.71181],[-4.43471,36.71269],[-4.43495,36.71242]]]}},{"type":"Feature","properties":{"id":"2906709023"},"geometry":{"type":"Polygon","coordinates":[[[-4.43859,36.71104],[-4.44078,36.70928],[-4.44035,36.70892],[-4.441,36.70831],[-4.44124,36.70814],[-4.44194,36.70838],[-4.44093,36.70919],[-4.44168,36.70979],[-4.4416,36.70987],[-4.43954,36.71092],[-4.43917,36.71106],[-4.43859,36.71104]]]}},{"type":"Feature","properties":{"id":"2906709024"},"geometry":{"type":"Polygon","coordinates":[[[-4.44189,36.71342],[-4.44107,36.71222],[-4.44125,36.71197],[-4.44152,36.71206],[-4.44586,36.71123],[-4.44746,36.71346],[-4.44764,36.71384],[-4.44604,36.7141],[-4.44565,36.71281],[-4.44227,36.71341],[-4.44189,36.71342]]]}},{"type":"Feature","properties":{"id":"2906709025"},"geometry":{"type":"Polygon","coordinates":[[[-4.44604,36.7141],[-4.4427,36.71469],[-4.44189,36.71342],[-4.44227,36.71341],[-4.44565,36.71281],[-4.44604,36.7141]]]}},{"type":"Feature","properties":{"id":"2906709026"},"geometry":{"type":"Polygon","coordinates":[[[-4.43999,36.7107],[-4.44127,36.71005],[-4.44178,36.71055],[-4.44117,36.71115],[-4.44059,36.71147],[-4.43999,36.7107]]]}},{"type":"Feature","properties":{"id":"2906709027"},"geometry":{"type":"Polygon","coordinates":[[[-4.44125,36.71197],[-4.44119,36.71182],[-4.44339,36.71039],[-4.44392,36.70995],[-4.44431,36.7098],[-4.44476,36.70977],[-4.4456,36.71108],[-4.44586,36.71123],[-4.44152,36.71206],[-4.44125,36.71197]]]}},{"type":"Feature","properties":{"id":"2906709028"},"geometry":{"type":"Polygon","coordinates":[[[-4.43893,36.71469],[-4.43738,36.71304],[-4.43792,36.7129],[-4.43864,36.71251],[-4.4397,36.71212],[-4.44055,36.71205],[-4.44071,36.71219],[-4.44067,36.7124],[-4.44004,36.71327],[-4.43951,36.71465],[-4.43925,36.7144],[-4.43893,36.71469]]]}},{"type":"Feature","properties":{"id":"2906709029"},"geometry":{"type":"Polygon","coordinates":[[[-4.4434,36.71706],[-4.44308,36.71593],[-4.44669,36.71528],[-4.44662,36.71504],[-4.44682,36.715],[-4.44663,36.71435],[-4.44645,36.71438],[-4.44631,36.71405],[-4.44764,36.71384],[-4.44833,36.71611],[-4.44825,36.7162],[-4.44604,36.7166],[-4.4458,36.71657],[-4.4459,36.717],[-4.44337,36.71744],[-4.44348,36.71779],[-4.44241,36.71799],[-4.44215,36.7173],[-4.4434,36.71706]]]}},{"type":"Feature","properties":{"id":"2906709031"},"geometry":{"type":"Polygon","coordinates":[[[-4.4427,36.71469],[-4.44631,36.71405],[-4.44645,36.71438],[-4.44663,36.71435],[-4.44682,36.715],[-4.44662,36.71504],[-4.44669,36.71528],[-4.44308,36.71593],[-4.4427,36.71469]]]}},{"type":"Feature","properties":{"id":"2906709032"},"geometry":{"type":"Polygon","coordinates":[[[-4.44132,36.71943],[-4.44143,36.71838],[-4.4408,36.71831],[-4.44057,36.71752],[-4.44195,36.71727],[-4.4421,36.71708],[-4.44183,36.71616],[-4.44308,36.71593],[-4.4434,36.71706],[-4.44215,36.7173],[-4.44251,36.71845],[-4.44519,36.71866],[-4.4451,36.71969],[-4.44132,36.71943]]]}},{"type":"Feature","properties":{"id":"2906709033"},"geometry":{"type":"Polygon","coordinates":[[[-4.44002,36.715],[-4.4427,36.71469],[-4.44308,36.71593],[-4.44021,36.71646],[-4.44004,36.71586],[-4.4403,36.7158],[-4.44002,36.715]]]}},{"type":"Feature","properties":{"id":"2906709034"},"geometry":{"type":"Polygon","coordinates":[[[-4.44236,36.71794],[-4.44241,36.71799],[-4.44348,36.71779],[-4.44337,36.71744],[-4.4459,36.717],[-4.4458,36.71657],[-4.44604,36.7166],[-4.44825,36.7162],[-4.44833,36.71611],[-4.44916,36.71898],[-4.44251,36.71845],[-4.44236,36.71794]]]}},{"type":"Feature","properties":{"id":"2906709036"},"geometry":{"type":"Polygon","coordinates":[[[-4.44091,36.72033],[-4.44107,36.71982],[-4.44132,36.71943],[-4.4451,36.71969],[-4.44519,36.71866],[-4.44916,36.71898],[-4.44937,36.72003],[-4.44884,36.72239],[-4.44356,36.7214],[-4.442,36.7214],[-4.44091,36.72033]]]}},{"type":"Feature","properties":{"id":"2906709037"},"geometry":{"type":"Polygon","coordinates":[[[-4.43529,36.71897],[-4.43681,36.71809],[-4.43882,36.72015],[-4.43869,36.72032],[-4.43718,36.72112],[-4.43529,36.71897]]]}},{"type":"Feature","properties":{"id":"2906709038"},"geometry":{"type":"Polygon","coordinates":[[[-4.43269,36.71984],[-4.4326,36.71937],[-4.43317,36.71947],[-4.43385,36.71945],[-4.43453,36.71931],[-4.43529,36.71897],[-4.43707,36.72091],[-4.43718,36.72112],[-4.43709,36.72141],[-4.43528,36.72141],[-4.4345,36.72064],[-4.43389,36.72094],[-4.43285,36.71989],[-4.43269,36.71984]]]}},{"type":"Feature","properties":{"id":"2906709039"},"geometry":{"type":"Polygon","coordinates":[[[-4.43269,36.71984],[-4.43285,36.71989],[-4.43389,36.72094],[-4.4345,36.72064],[-4.43528,36.72141],[-4.43262,36.72141],[-4.43269,36.71984]]]}},{"type":"Feature","properties":{"id":"2906709040"},"geometry":{"type":"Polygon","coordinates":[[[-4.43134,36.72053],[-4.43082,36.72149],[-4.42846,36.72154],[-4.42837,36.72104],[-4.42791,36.71998],[-4.42846,36.71969],[-4.42918,36.71967],[-4.42907,36.72087],[-4.42991,36.72091],[-4.42996,36.72042],[-4.43134,36.72053]]]}},{"type":"Feature","properties":{"id":"2906709041"},"geometry":{"type":"Polygon","coordinates":[[[-4.4273,36.71882],[-4.4269,36.71908],[-4.42738,36.71969],[-4.42796,36.7208],[-4.42823,36.72077],[-4.42846,36.72154],[-4.42711,36.72168],[-4.42554,36.72168],[-4.4254,36.72064],[-4.42542,36.71979],[-4.4259,36.71756],[-4.42635,36.71761],[-4.42643,36.71787],[-4.4273,36.71882]]]}},{"type":"Feature","properties":{"id":"2906709042"},"geometry":{"type":"Polygon","coordinates":[[[-4.43859,36.71104],[-4.43917,36.71106],[-4.43999,36.7107],[-4.44082,36.71176],[-4.44055,36.71205],[-4.43983,36.71209],[-4.43859,36.71104]]]}},{"type":"Feature","properties":{"id":"2906709043"},"geometry":{"type":"Polygon","coordinates":[[[-4.438,36.71285],[-4.43692,36.71163],[-4.4367,36.71171],[-4.43655,36.71149],[-4.43664,36.71133],[-4.43607,36.71086],[-4.43606,36.71072],[-4.43642,36.71032],[-4.43773,36.70936],[-4.43869,36.7088],[-4.43921,36.70912],[-4.44002,36.70989],[-4.43859,36.71104],[-4.43776,36.7113],[-4.43812,36.71192],[-4.43864,36.71251],[-4.438,36.71285]]]}},{"type":"Feature","properties":{"id":"2906709045"},"geometry":{"type":"Polygon","coordinates":[[[-4.4326,36.71937],[-4.43269,36.71984],[-4.43244,36.71984],[-4.43136,36.72052],[-4.42929,36.71863],[-4.42918,36.71967],[-4.42846,36.71969],[-4.42791,36.71998],[-4.42823,36.72077],[-4.42796,36.7208],[-4.42738,36.71969],[-4.4269,36.71908],[-4.42895,36.71788],[-4.43018,36.71804],[-4.43181,36.71905],[-4.4326,36.71937]]]}},{"type":"Feature","properties":{"id":"2906709046"},"geometry":{"type":"Polygon","coordinates":[[[-4.43633,36.71546],[-4.436,36.71521],[-4.43742,36.71493],[-4.4371,36.71446],[-4.43815,36.71391],[-4.43893,36.71469],[-4.43925,36.7144],[-4.43951,36.71465],[-4.43962,36.71511],[-4.43814,36.71566],[-4.43642,36.71592],[-4.43633,36.71546]]]}},{"type":"Feature","properties":{"id":"2906709047"},"geometry":{"type":"Polygon","coordinates":[[[-4.43718,36.72112],[-4.43869,36.72032],[-4.43882,36.72015],[-4.43973,36.7211],[-4.43954,36.72137],[-4.43709,36.72141],[-4.43718,36.72112]]]}},{"type":"Feature","properties":{"id":"2906709048"},"geometry":{"type":"Polygon","coordinates":[[[-4.44229,36.71106],[-4.44127,36.71005],[-4.44221,36.70956],[-4.44246,36.70978],[-4.44202,36.71003],[-4.44284,36.7106],[-4.44289,36.71072],[-4.44229,36.71106]]]}},{"type":"Feature","properties":{"id":"2906709049"},"geometry":{"type":"Polygon","coordinates":[[[-4.44082,36.71176],[-4.44059,36.71147],[-4.44117,36.71115],[-4.44178,36.71055],[-4.44229,36.71106],[-4.44226,36.71114],[-4.44142,36.71173],[-4.44119,36.71182],[-4.44082,36.71176]]]}},{"type":"Feature","properties":{"id":"2906709050"},"geometry":{"type":"Polygon","coordinates":[[[-4.43776,36.7113],[-4.43859,36.71104],[-4.43983,36.71209],[-4.43863,36.71252],[-4.43812,36.71192],[-4.43776,36.7113]]]}},{"type":"Feature","properties":{"id":"2906709051"},"geometry":{"type":"Polygon","coordinates":[[[-4.43618,36.7132],[-4.43593,36.71283],[-4.43662,36.71249],[-4.43644,36.71226],[-4.43629,36.71232],[-4.4361,36.71204],[-4.43692,36.71163],[-4.438,36.71285],[-4.4372,36.71311],[-4.43618,36.7132]]]}},{"type":"Feature","properties":{"id":"2906709052"},"geometry":{"type":"Polygon","coordinates":[[[-4.42878,36.70832],[-4.43056,36.70623],[-4.43151,36.70678],[-4.43177,36.70723],[-4.43334,36.70825],[-4.43407,36.70885],[-4.43308,36.70962],[-4.4315,36.70834],[-4.43094,36.708],[-4.43043,36.70788],[-4.4296,36.70794],[-4.42878,36.70832]]]}},{"type":"Feature","properties":{"id":"2906709053"},"geometry":{"type":"Polygon","coordinates":[[[-4.43091,36.71777],[-4.43115,36.71765],[-4.43427,36.71784],[-4.43461,36.718],[-4.43529,36.71897],[-4.43453,36.71931],[-4.43385,36.71945],[-4.43317,36.71947],[-4.43247,36.71934],[-4.43181,36.71905],[-4.43051,36.71822],[-4.43091,36.71777]]]}},{"type":"Feature","properties":{"id":"2906709055"},"geometry":{"type":"Polygon","coordinates":[[[-4.43527,36.70658],[-4.43334,36.70825],[-4.43177,36.70723],[-4.43151,36.70678],[-4.43056,36.70623],[-4.42828,36.70884],[-4.42793,36.70956],[-4.42724,36.71004],[-4.4259,36.71131],[-4.42581,36.70934],[-4.42622,36.70935],[-4.42638,36.70863],[-4.42656,36.70836],[-4.42925,36.70535],[-4.42974,36.70507],[-4.43002,36.70458],[-4.4301,36.70452],[-4.43085,36.70474],[-4.43103,36.70469],[-4.43184,36.70363],[-4.43459,36.70529],[-4.43442,36.70546],[-4.43479,36.70571],[-4.43451,36.70599],[-4.43527,36.70658]]]}},{"type":"Feature","properties":{"id":"2906709056"},"geometry":{"type":"Polygon","coordinates":[[[-4.43051,36.7116],[-4.43102,36.71129],[-4.43176,36.71064],[-4.43195,36.71059],[-4.43302,36.70975],[-4.43306,36.70963],[-4.4353,36.70795],[-4.43721,36.70974],[-4.43642,36.71032],[-4.43606,36.71072],[-4.43613,36.71082],[-4.43563,36.71125],[-4.43516,36.71194],[-4.43476,36.71208],[-4.43153,36.71294],[-4.43051,36.7116]]]}},{"type":"Feature","properties":{"id":"2906709057"},"geometry":{"type":"Polygon","coordinates":[[[-4.43334,36.70825],[-4.43527,36.70658],[-4.43546,36.70652],[-4.43603,36.70599],[-4.43609,36.70583],[-4.4365,36.70618],[-4.43648,36.70627],[-4.43556,36.70702],[-4.43566,36.70711],[-4.43378,36.70858],[-4.43334,36.70825]]]}},{"type":"Feature","properties":{"id":"2906709058"},"geometry":{"type":"Polygon","coordinates":[[[-4.44337,36.70758],[-4.44403,36.70862],[-4.44313,36.70907],[-4.44229,36.70858],[-4.44213,36.70837],[-4.44337,36.70758]]]}},{"type":"Feature","properties":{"id":"2906709059"},"geometry":{"type":"Polygon","coordinates":[[[-4.43925,36.70915],[-4.44047,36.70807],[-4.44283,36.70673],[-4.44337,36.70758],[-4.44213,36.70837],[-4.44229,36.70858],[-4.44313,36.70907],[-4.44168,36.70979],[-4.44093,36.70919],[-4.44194,36.70838],[-4.44124,36.70814],[-4.44035,36.70892],[-4.44078,36.70928],[-4.44002,36.70988],[-4.43925,36.70915]]]}},{"type":"Feature","properties":{"id":"2906709062"},"geometry":{"type":"Polygon","coordinates":[[[-4.43951,36.71465],[-4.44004,36.71327],[-4.44067,36.7124],[-4.44071,36.71219],[-4.44055,36.71205],[-4.44082,36.71176],[-4.44119,36.71182],[-4.44125,36.71197],[-4.44107,36.71222],[-4.4427,36.71469],[-4.44002,36.715],[-4.43962,36.71511],[-4.43951,36.71465]]]}},{"type":"Feature","properties":{"id":"2906709063"},"geometry":{"type":"Polygon","coordinates":[[[-4.44132,36.71943],[-4.44107,36.71982],[-4.44091,36.72033],[-4.43881,36.72014],[-4.43776,36.71902],[-4.43886,36.71827],[-4.43945,36.7182],[-4.4408,36.71831],[-4.44143,36.71838],[-4.44132,36.71943]]]}},{"type":"Feature","properties":{"id":"2906709064"},"geometry":{"type":"Polygon","coordinates":[[[-4.4408,36.71831],[-4.43935,36.71819],[-4.43915,36.71736],[-4.4393,36.7173],[-4.43912,36.71667],[-4.44183,36.71616],[-4.4421,36.71708],[-4.44195,36.71727],[-4.44057,36.71752],[-4.4408,36.71831]]]}},{"type":"Feature","properties":{"id":"2906709065"},"geometry":{"type":"Polygon","coordinates":[[[-4.42907,36.72087],[-4.42929,36.71863],[-4.43136,36.72052],[-4.42996,36.72042],[-4.42991,36.72091],[-4.42907,36.72087]]]}},{"type":"Feature","properties":{"id":"2906709067"},"geometry":{"type":"Polygon","coordinates":[[[-4.43051,36.7116],[-4.43153,36.71294],[-4.43516,36.71194],[-4.43495,36.71242],[-4.43448,36.71302],[-4.43447,36.71334],[-4.43325,36.71353],[-4.43127,36.71415],[-4.43107,36.71407],[-4.42933,36.7125],[-4.43051,36.7116]]]}},{"type":"Feature","properties":{"id":"2906709068"},"geometry":{"type":"Polygon","coordinates":[[[-4.43019,36.70943],[-4.43176,36.71064],[-4.43102,36.71129],[-4.43056,36.71156],[-4.42963,36.71068],[-4.43019,36.70943]]]}},{"type":"Feature","properties":{"id":"2906709070"},"geometry":{"type":"Polygon","coordinates":[[[-4.43762,36.70094],[-4.43582,36.70277],[-4.43586,36.70287],[-4.43411,36.70174],[-4.43364,36.7013],[-4.43449,36.69999],[-4.43484,36.69963],[-4.43762,36.70094]]]}},{"type":"Feature","properties":{"id":"2906709075"},"geometry":{"type":"Polygon","coordinates":[[[-4.43082,36.72149],[-4.43136,36.72052],[-4.43244,36.71984],[-4.43269,36.71984],[-4.43262,36.72141],[-4.43082,36.72149]]]}},{"type":"Feature","properties":{"id":"2906709076"},"geometry":{"type":"Polygon","coordinates":[[[-4.42878,36.70832],[-4.4296,36.70794],[-4.43043,36.70788],[-4.43094,36.708],[-4.4315,36.70834],[-4.43308,36.70962],[-4.43302,36.70975],[-4.43195,36.71059],[-4.43176,36.71064],[-4.42893,36.70853],[-4.42878,36.70832]]]}},{"type":"Feature","properties":{"id":"2906709077"},"geometry":{"type":"Polygon","coordinates":[[[-4.43471,36.71269],[-4.4361,36.71204],[-4.43629,36.71232],[-4.43644,36.71226],[-4.43662,36.71249],[-4.43593,36.71283],[-4.43618,36.7132],[-4.43496,36.71344],[-4.43459,36.71343],[-4.43447,36.71334],[-4.43446,36.71306],[-4.43471,36.71269]]]}},{"type":"Feature","properties":{"id":"2906709080"},"geometry":{"type":"Polygon","coordinates":[[[-4.43605,36.71858],[-4.43572,36.71781],[-4.43572,36.71753],[-4.43584,36.71738],[-4.43611,36.71728],[-4.43606,36.71711],[-4.43726,36.717],[-4.43912,36.71667],[-4.4393,36.7173],[-4.43915,36.71736],[-4.43935,36.71819],[-4.43944,36.7182],[-4.43872,36.71833],[-4.43776,36.71902],[-4.43681,36.71809],[-4.43605,36.71858]]]}},{"type":"Feature","properties":{"id":"2906709082"},"geometry":{"type":"Polygon","coordinates":[[[-4.43527,36.70658],[-4.43451,36.70599],[-4.43479,36.70571],[-4.43442,36.70546],[-4.43459,36.70529],[-4.43184,36.70363],[-4.43236,36.70301],[-4.43413,36.70435],[-4.43487,36.7048],[-4.43487,36.70496],[-4.43609,36.70583],[-4.4359,36.70612],[-4.43527,36.70658]]]}},{"type":"Feature","properties":{"id":"2906709083"},"geometry":{"type":"Polygon","coordinates":[[[-4.43278,36.70246],[-4.43364,36.7013],[-4.43411,36.70174],[-4.43615,36.70307],[-4.43732,36.70379],[-4.4375,36.70381],[-4.43667,36.705],[-4.43278,36.70246]]]}},{"type":"Feature","properties":{"id":"2906709084"},"geometry":{"type":"Polygon","coordinates":[[[-4.4353,36.70795],[-4.43599,36.70729],[-4.43646,36.70769],[-4.43753,36.70684],[-4.43836,36.70755],[-4.43791,36.708],[-4.43787,36.70835],[-4.43869,36.7088],[-4.43721,36.70974],[-4.4353,36.70795]]]}},{"type":"Feature","properties":{"id":"2906710001"},"geometry":{"type":"Polygon","coordinates":[[[-4.44262,36.70656],[-4.44072,36.70362],[-4.44362,36.70139],[-4.44581,36.70239],[-4.44585,36.70288],[-4.44709,36.70453],[-4.44693,36.70473],[-4.44282,36.70671],[-4.44262,36.70656]]]}},{"type":"Feature","properties":{"id":"2906710002"},"geometry":{"type":"Polygon","coordinates":[[[-4.43894,36.70156],[-4.43951,36.69992],[-4.4398,36.70018],[-4.44278,36.70202],[-4.44078,36.70358],[-4.43932,36.70213],[-4.43894,36.70156]]]}},{"type":"Feature","properties":{"id":"2906710003"},"geometry":{"type":"Polygon","coordinates":[[[-4.43884,36.69356],[-4.43928,36.69273],[-4.43979,36.69203],[-4.44006,36.6914],[-4.4404,36.69096],[-4.44064,36.69038],[-4.44442,36.69177],[-4.44295,36.69532],[-4.44063,36.6942],[-4.43884,36.69356]]]}},{"type":"Feature","properties":{"id":"2906710004"},"geometry":{"type":"Polygon","coordinates":[[[-4.45588,36.69727],[-4.45625,36.69735],[-4.45831,36.6962],[-4.45855,36.69648],[-4.45579,36.69795],[-4.45588,36.69727]]]}},{"type":"Feature","properties":{"id":"2906710005"},"geometry":{"type":"Polygon","coordinates":[[[-4.44181,36.70139],[-4.4398,36.70018],[-4.43951,36.69992],[-4.44063,36.69844],[-4.44168,36.69897],[-4.44309,36.69952],[-4.44181,36.70139]]]}},{"type":"Feature","properties":{"id":"2906710006"},"geometry":{"type":"Polygon","coordinates":[[[-4.44063,36.69844],[-4.44169,36.69702],[-4.44188,36.69718],[-4.44405,36.69808],[-4.44309,36.69952],[-4.44168,36.69897],[-4.44063,36.69844]]]}},{"type":"Feature","properties":{"id":"2906710007"},"geometry":{"type":"Polygon","coordinates":[[[-4.44181,36.70139],[-4.44309,36.69952],[-4.44374,36.69988],[-4.44501,36.70037],[-4.44278,36.70202],[-4.44181,36.70139]]]}},{"type":"Feature","properties":{"id":"2906710008"},"geometry":{"type":"Polygon","coordinates":[[[-4.44309,36.69952],[-4.44405,36.69808],[-4.44544,36.69871],[-4.44576,36.69978],[-4.44501,36.70037],[-4.44488,36.70037],[-4.44309,36.69952]]]}},{"type":"Feature","properties":{"id":"2906710009"},"geometry":{"type":"Polygon","coordinates":[[[-4.44362,36.70139],[-4.44501,36.70037],[-4.44589,36.70085],[-4.44614,36.70085],[-4.44623,36.70103],[-4.44688,36.7015],[-4.44614,36.70231],[-4.44581,36.70239],[-4.44362,36.70139]]]}},{"type":"Feature","properties":{"id":"2906710010"},"geometry":{"type":"Polygon","coordinates":[[[-4.45086,36.70136],[-4.44996,36.7018],[-4.45002,36.70193],[-4.44989,36.70208],[-4.44923,36.70256],[-4.44656,36.70384],[-4.44585,36.70288],[-4.44581,36.70239],[-4.44882,36.70158],[-4.45137,36.70041],[-4.45111,36.70111],[-4.45086,36.70136]]]}},{"type":"Feature","properties":{"id":"2906710011"},"geometry":{"type":"Polygon","coordinates":[[[-4.44715,36.70462],[-4.44656,36.70384],[-4.44959,36.70234],[-4.45067,36.70304],[-4.44715,36.70462]]]}},{"type":"Feature","properties":{"id":"2906710012"},"geometry":{"type":"Polygon","coordinates":[[[-4.4517,36.70085],[-4.45137,36.70041],[-4.45237,36.69993],[-4.45288,36.70074],[-4.45226,36.70102],[-4.45205,36.7007],[-4.4517,36.70085]]]}},{"type":"Feature","properties":{"id":"2906710013"},"geometry":{"type":"Polygon","coordinates":[[[-4.45178,36.702],[-4.45205,36.70238],[-4.45066,36.70303],[-4.44959,36.70234],[-4.45002,36.70193],[-4.44996,36.7018],[-4.45086,36.70136],[-4.45144,36.70216],[-4.45178,36.702]]]}},{"type":"Feature","properties":{"id":"2906710014"},"geometry":{"type":"Polygon","coordinates":[[[-4.45338,36.70142],[-4.45237,36.69993],[-4.45641,36.69761],[-4.45793,36.69961],[-4.4534,36.70172],[-4.45346,36.7016],[-4.45338,36.70142]]]}},{"type":"Feature","properties":{"id":"2906710015"},"geometry":{"type":"Polygon","coordinates":[[[-4.45475,36.69797],[-4.45232,36.69715],[-4.45209,36.69715],[-4.45206,36.69686],[-4.45216,36.69666],[-4.45254,36.69677],[-4.45267,36.69663],[-4.45298,36.69687],[-4.45325,36.69666],[-4.45339,36.69643],[-4.45325,36.69611],[-4.45309,36.69601],[-4.45334,36.6958],[-4.45409,36.69588],[-4.45424,36.69583],[-4.45443,36.69598],[-4.45429,36.69683],[-4.45394,36.6968],[-4.45389,36.69708],[-4.45497,36.69718],[-4.45485,36.69791],[-4.45475,36.69797]]]}},{"type":"Feature","properties":{"id":"2906710016"},"geometry":{"type":"Polygon","coordinates":[[[-4.44506,36.69854],[-4.44672,36.69705],[-4.44827,36.69779],[-4.44576,36.69978],[-4.44544,36.69871],[-4.44506,36.69854]]]}},{"type":"Feature","properties":{"id":"2906710017"},"geometry":{"type":"Polygon","coordinates":[[[-4.44727,36.69622],[-4.44845,36.6942],[-4.44972,36.69465],[-4.44909,36.69523],[-4.44915,36.69529],[-4.44992,36.69561],[-4.45074,36.69584],[-4.44937,36.69687],[-4.44731,36.6963],[-4.44727,36.69622]]]}},{"type":"Feature","properties":{"id":"2906710018"},"geometry":{"type":"Polygon","coordinates":[[[-4.44506,36.69854],[-4.44314,36.69767],[-4.44369,36.69686],[-4.44573,36.69783],[-4.44592,36.69777],[-4.44506,36.69854]]]}},{"type":"Feature","properties":{"id":"2906710019"},"geometry":{"type":"Polygon","coordinates":[[[-4.45212,36.68518],[-4.45478,36.68614],[-4.45535,36.68518],[-4.45792,36.68619],[-4.45874,36.6851],[-4.46062,36.6854],[-4.46133,36.68559],[-4.46188,36.68605],[-4.46243,36.6867],[-4.45714,36.69082],[-4.45443,36.68842],[-4.45274,36.6868],[-4.45163,36.68604],[-4.45212,36.68518]]]}},{"type":"Feature","properties":{"id":"2906710020"},"geometry":{"type":"Polygon","coordinates":[[[-4.45308,36.69077],[-4.45361,36.69115],[-4.45552,36.69204],[-4.45491,36.69253],[-4.45464,36.6925],[-4.45218,36.6917],[-4.45308,36.69077]]]}},{"type":"Feature","properties":{"id":"2906710021"},"geometry":{"type":"Polygon","coordinates":[[[-4.47814,36.69902],[-4.47813,36.69888],[-4.47582,36.69752],[-4.4744,36.69683],[-4.47336,36.69655],[-4.47207,36.69607],[-4.47109,36.69577],[-4.46747,36.69577],[-4.46659,36.69585],[-4.46525,36.6962],[-4.4639,36.6967],[-4.46176,36.69781],[-4.45812,36.69951],[-4.45861,36.6978],[-4.4593,36.69603],[-4.45919,36.6961],[-4.46023,36.69418],[-4.4611,36.69194],[-4.46196,36.68912],[-4.46191,36.68818],[-4.46146,36.68794],[-4.46092,36.68788],[-4.4683,36.68204],[-4.46905,36.68163],[-4.47113,36.67984],[-4.47222,36.67912],[-4.47258,36.67869],[-4.4729,36.67898],[-4.47334,36.67915],[-4.47406,36.68007],[-4.47628,36.6818],[-4.47685,36.68285],[-4.47852,36.68455],[-4.48051,36.6854],[-4.48226,36.68578],[-4.48326,36.68642],[-4.48699,36.68704],[-4.48808,36.68676],[-4.48918,36.6871],[-4.49036,36.68893],[-4.49192,36.69032],[-4.49296,36.6904],[-4.49711,36.69039],[-4.49947,36.69093],[-4.50031,36.69149],[-4.50214,36.69301],[-4.502,36.69333],[-4.50178,36.69317],[-4.50149,36.69318],[-4.50115,36.69342],[-4.50102,36.69518],[-4.50044,36.69742],[-4.50045,36.6996],[-4.5011,36.69965],[-4.50202,36.69959],[-4.5042,36.69925],[-4.50473,36.70267],[-4.50048,36.70276],[-4.50047,36.70293],[-4.49391,36.70305],[-4.4931,36.70296],[-4.49201,36.7027],[-4.4912,36.7024],[-4.48903,36.70197],[-4.48853,36.70178],[-4.48129,36.70038],[-4.47964,36.69987],[-4.47879,36.69951],[-4.47814,36.69902]]]}},{"type":"Feature","properties":{"id":"2906710022"},"geometry":{"type":"Polygon","coordinates":[[[-4.44894,36.69728],[-4.45096,36.69566],[-4.45145,36.69587],[-4.45267,36.69663],[-4.45254,36.69677],[-4.45216,36.69666],[-4.45198,36.69742],[-4.45176,36.69742],[-4.45126,36.69706],[-4.45069,36.69756],[-4.45111,36.69792],[-4.45084,36.69815],[-4.44894,36.69728]]]}},{"type":"Feature","properties":{"id":"2906710023"},"geometry":{"type":"Polygon","coordinates":[[[-4.45274,36.6868],[-4.45469,36.68861],[-4.45372,36.68958],[-4.45294,36.68907],[-4.45264,36.68935],[-4.45247,36.68935],[-4.45182,36.68993],[-4.45118,36.68955],[-4.45274,36.6868]]]}},{"type":"Feature","properties":{"id":"2906710026"},"geometry":{"type":"Polygon","coordinates":[[[-4.44614,36.70085],[-4.44637,36.70056],[-4.44853,36.69879],[-4.4488,36.69876],[-4.44972,36.69919],[-4.44972,36.69935],[-4.44927,36.69999],[-4.44977,36.70025],[-4.44956,36.70073],[-4.44948,36.70128],[-4.44802,36.70184],[-4.44614,36.70231],[-4.44688,36.7015],[-4.44623,36.70103],[-4.44614,36.70085]]]}},{"type":"Feature","properties":{"id":"2906710027"},"geometry":{"type":"Polygon","coordinates":[[[-4.44965,36.70064],[-4.44977,36.70025],[-4.44927,36.69999],[-4.44972,36.69935],[-4.44974,36.69907],[-4.45006,36.69865],[-4.45237,36.69993],[-4.45166,36.70025],[-4.45126,36.70004],[-4.45102,36.70015],[-4.45094,36.70005],[-4.44965,36.70064]]]}},{"type":"Feature","properties":{"id":"2906710028"},"geometry":{"type":"Polygon","coordinates":[[[-4.45641,36.69761],[-4.45811,36.69675],[-4.4593,36.69603],[-4.45861,36.6978],[-4.4581,36.69952],[-4.45793,36.69961],[-4.45641,36.69761]]]}},{"type":"Feature","properties":{"id":"2906710029"},"geometry":{"type":"Polygon","coordinates":[[[-4.45588,36.69727],[-4.45606,36.69599],[-4.45738,36.69615],[-4.45757,36.69627],[-4.45757,36.69657],[-4.4574,36.69672],[-4.45625,36.69735],[-4.45588,36.69727]]]}},{"type":"Feature","properties":{"id":"2906710030"},"geometry":{"type":"Polygon","coordinates":[[[-4.44672,36.69705],[-4.44727,36.69622],[-4.44731,36.6963],[-4.44771,36.69642],[-4.44947,36.69685],[-4.44827,36.69779],[-4.44672,36.69705]]]}},{"type":"Feature","properties":{"id":"2906710031"},"geometry":{"type":"Polygon","coordinates":[[[-4.45281,36.69417],[-4.45099,36.69367],[-4.44908,36.69328],[-4.45026,36.69118],[-4.45491,36.69253],[-4.45281,36.69417]]]}},{"type":"Feature","properties":{"id":"2906710032"},"geometry":{"type":"Polygon","coordinates":[[[-4.45437,36.69447],[-4.45422,36.69471],[-4.45326,36.69548],[-4.45143,36.69529],[-4.45281,36.69417],[-4.45437,36.69447]]]}},{"type":"Feature","properties":{"id":"2906710033"},"geometry":{"type":"Polygon","coordinates":[[[-4.45437,36.69447],[-4.45579,36.69488],[-4.45561,36.69567],[-4.45534,36.69571],[-4.45437,36.69562],[-4.45428,36.69553],[-4.45423,36.69559],[-4.45326,36.69548],[-4.45422,36.69471],[-4.45437,36.69447]]]}},{"type":"Feature","properties":{"id":"2906710034"},"geometry":{"type":"Polygon","coordinates":[[[-4.45552,36.69204],[-4.45361,36.69115],[-4.45308,36.69077],[-4.45405,36.6898],[-4.45372,36.68958],[-4.45469,36.68861],[-4.45714,36.69082],[-4.45552,36.69204]]]}},{"type":"Feature","properties":{"id":"2906710035"},"geometry":{"type":"Polygon","coordinates":[[[-4.44242,36.69603],[-4.44394,36.69671],[-4.44605,36.69765],[-4.44573,36.69783],[-4.44369,36.69686],[-4.44364,36.6969],[-4.44262,36.69646],[-4.44229,36.69631],[-4.44242,36.69603]]]}},{"type":"Feature","properties":{"id":"2906710036"},"geometry":{"type":"Polygon","coordinates":[[[-4.44242,36.69603],[-4.44298,36.69527],[-4.44672,36.69705],[-4.44605,36.69765],[-4.44242,36.69603]]]}},{"type":"Feature","properties":{"id":"2906710037"},"geometry":{"type":"Polygon","coordinates":[[[-4.44471,36.69328],[-4.44633,36.69145],[-4.44773,36.6919],[-4.44815,36.6911],[-4.44995,36.69172],[-4.44819,36.69464],[-4.44471,36.69328]]]}},{"type":"Feature","properties":{"id":"2906710038"},"geometry":{"type":"Polygon","coordinates":[[[-4.45588,36.69727],[-4.45393,36.69711],[-4.45394,36.6968],[-4.45429,36.69683],[-4.4543,36.69675],[-4.45435,36.69685],[-4.45543,36.69696],[-4.45554,36.69607],[-4.45597,36.69608],[-4.45606,36.69599],[-4.45588,36.69727]]]}},{"type":"Feature","properties":{"id":"2906710039"},"geometry":{"type":"Polygon","coordinates":[[[-4.44169,36.69702],[-4.44228,36.69623],[-4.44262,36.69646],[-4.44364,36.6969],[-4.44369,36.69686],[-4.44314,36.69767],[-4.44188,36.69718],[-4.44169,36.69702]]]}},{"type":"Feature","properties":{"id":"2906710040"},"geometry":{"type":"Polygon","coordinates":[[[-4.44909,36.69523],[-4.45019,36.69428],[-4.45126,36.69526],[-4.45143,36.69529],[-4.45074,36.69584],[-4.44933,36.69541],[-4.44909,36.69523]]]}},{"type":"Feature","properties":{"id":"2906710041"},"geometry":{"type":"Polygon","coordinates":[[[-4.45435,36.69685],[-4.45443,36.69598],[-4.45424,36.69583],[-4.45428,36.69553],[-4.45437,36.69562],[-4.45616,36.69576],[-4.45597,36.69608],[-4.45554,36.69607],[-4.45543,36.69696],[-4.45435,36.69685]]]}},{"type":"Feature","properties":{"id":"2906710042"},"geometry":{"type":"Polygon","coordinates":[[[-4.45298,36.69687],[-4.45145,36.69587],[-4.45096,36.69566],[-4.45143,36.69529],[-4.45423,36.69559],[-4.45428,36.69553],[-4.45418,36.69586],[-4.45334,36.6958],[-4.45309,36.69601],[-4.45325,36.69611],[-4.45339,36.69643],[-4.45336,36.69656],[-4.45298,36.69687]]]}},{"type":"Feature","properties":{"id":"2906710043"},"geometry":{"type":"Polygon","coordinates":[[[-4.45094,36.6991],[-4.44832,36.69781],[-4.44827,36.69779],[-4.44894,36.69728],[-4.45143,36.69843],[-4.45094,36.6991]]]}},{"type":"Feature","properties":{"id":"2906710044"},"geometry":{"type":"Polygon","coordinates":[[[-4.45205,36.70238],[-4.45154,36.70163],[-4.45205,36.70133],[-4.45215,36.70147],[-4.45272,36.70116],[-4.45322,36.70181],[-4.45205,36.70238]]]}},{"type":"Feature","properties":{"id":"2906710045"},"geometry":{"type":"Polygon","coordinates":[[[-4.45086,36.70136],[-4.45111,36.70111],[-4.45137,36.70041],[-4.45205,36.70133],[-4.45154,36.70163],[-4.45178,36.702],[-4.45144,36.70216],[-4.45086,36.70136]]]}},{"type":"Feature","properties":{"id":"2906710046"},"geometry":{"type":"Polygon","coordinates":[[[-4.44845,36.6942],[-4.44905,36.69323],[-4.45099,36.69367],[-4.45065,36.69401],[-4.44972,36.69465],[-4.44845,36.6942]]]}},{"type":"Feature","properties":{"id":"2906710047"},"geometry":{"type":"Polygon","coordinates":[[[-4.45198,36.69753],[-4.45218,36.69746],[-4.45405,36.69808],[-4.45294,36.69875],[-4.45275,36.69903],[-4.45255,36.69904],[-4.45129,36.6981],[-4.45198,36.69753]]]}},{"type":"Feature","properties":{"id":"2906710048"},"geometry":{"type":"Polygon","coordinates":[[[-4.4528,36.69917],[-4.45296,36.69915],[-4.45434,36.6982],[-4.45492,36.69844],[-4.45317,36.69946],[-4.4528,36.69917]]]}},{"type":"Feature","properties":{"id":"2906710049"},"geometry":{"type":"Polygon","coordinates":[[[-4.45129,36.6981],[-4.45317,36.69946],[-4.45237,36.69993],[-4.45094,36.6991],[-4.45143,36.69843],[-4.45084,36.69815],[-4.45111,36.69792],[-4.45069,36.69756],[-4.45126,36.69706],[-4.45198,36.69753],[-4.45129,36.6981]]]}},{"type":"Feature","properties":{"id":"2906710050"},"geometry":{"type":"Polygon","coordinates":[[[-4.45099,36.69367],[-4.45281,36.69419],[-4.45143,36.69529],[-4.45126,36.69526],[-4.45019,36.69431],[-4.45099,36.69367]]]}},{"type":"Feature","properties":{"id":"2906710051"},"geometry":{"type":"Polygon","coordinates":[[[-4.44662,36.69909],[-4.44827,36.69779],[-4.45006,36.69865],[-4.44972,36.69919],[-4.4488,36.69876],[-4.44853,36.69879],[-4.44737,36.69971],[-4.44662,36.69909]]]}},{"type":"Feature","properties":{"id":"2906710052"},"geometry":{"type":"Polygon","coordinates":[[[-4.44995,36.69172],[-4.44693,36.69067],[-4.44818,36.68837],[-4.45016,36.68903],[-4.45118,36.68955],[-4.44995,36.69172]]]}},{"type":"Feature","properties":{"id":"2906710053"},"geometry":{"type":"Polygon","coordinates":[[[-4.45209,36.69715],[-4.45232,36.69715],[-4.45475,36.69797],[-4.45485,36.69791],[-4.45482,36.69823],[-4.4547,36.69833],[-4.45218,36.69746],[-4.45198,36.69753],[-4.45189,36.69745],[-4.45198,36.69742],[-4.45209,36.69715]]]}},{"type":"Feature","properties":{"id":"2906710054"},"geometry":{"type":"Polygon","coordinates":[[[-4.45026,36.69118],[-4.45118,36.68955],[-4.45308,36.69077],[-4.45218,36.6917],[-4.45026,36.69118]]]}},{"type":"Feature","properties":{"id":"2906710055"},"geometry":{"type":"Polygon","coordinates":[[[-4.45182,36.68993],[-4.45247,36.68935],[-4.45264,36.68935],[-4.45294,36.68907],[-4.45405,36.6898],[-4.45308,36.69077],[-4.45182,36.68993]]]}},{"type":"Feature","properties":{"id":"2906710056"},"geometry":{"type":"Polygon","coordinates":[[[-4.44298,36.69527],[-4.44409,36.69261],[-4.44499,36.69294],[-4.44507,36.69287],[-4.44471,36.69328],[-4.44702,36.69412],[-4.44638,36.69498],[-4.44603,36.69469],[-4.44567,36.69453],[-4.44537,36.69453],[-4.44517,36.69464],[-4.44422,36.69586],[-4.44298,36.69527]]]}},{"type":"Feature","properties":{"id":"2906710057"},"geometry":{"type":"Polygon","coordinates":[[[-4.44702,36.69412],[-4.44819,36.69464],[-4.44672,36.69705],[-4.44422,36.69586],[-4.44517,36.69464],[-4.44537,36.69453],[-4.44567,36.69453],[-4.44603,36.69469],[-4.44638,36.69498],[-4.44702,36.69412]]]}},{"type":"Feature","properties":{"id":"2906710059"},"geometry":{"type":"Polygon","coordinates":[[[-4.45262,36.69904],[-4.45275,36.69903],[-4.45294,36.69875],[-4.45405,36.69808],[-4.45434,36.6982],[-4.45296,36.69915],[-4.4528,36.69917],[-4.45262,36.69904]]]}},{"type":"Feature","properties":{"id":"2906710060"},"geometry":{"type":"Polygon","coordinates":[[[-4.4547,36.69833],[-4.45482,36.69823],[-4.45497,36.69718],[-4.45588,36.69727],[-4.45576,36.698],[-4.45492,36.69844],[-4.4547,36.69833]]]}},{"type":"Feature","properties":{"id":"2906710061"},"geometry":{"type":"Polygon","coordinates":[[[-4.45322,36.70181],[-4.45272,36.70116],[-4.45215,36.70147],[-4.4517,36.70085],[-4.45205,36.7007],[-4.45226,36.70102],[-4.45288,36.70074],[-4.45346,36.7016],[-4.45322,36.70181]]]}},{"type":"Feature","properties":{"id":"2906710062"},"geometry":{"type":"Polygon","coordinates":[[[-4.45001,36.68897],[-4.45027,36.68852],[-4.45163,36.68604],[-4.45274,36.6868],[-4.45118,36.68955],[-4.45001,36.68897]]]}},{"type":"Feature","properties":{"id":"2906710063"},"geometry":{"type":"Polygon","coordinates":[[[-4.44961,36.70055],[-4.44965,36.70064],[-4.45094,36.70005],[-4.45102,36.70015],[-4.45126,36.70004],[-4.4516,36.70025],[-4.45175,36.70023],[-4.44948,36.70128],[-4.44961,36.70055]]]}},{"type":"Feature","properties":{"id":"2906710064"},"geometry":{"type":"Polygon","coordinates":[[[-4.44409,36.69261],[-4.44509,36.69005],[-4.44815,36.6911],[-4.44773,36.6919],[-4.44633,36.69145],[-4.44499,36.69294],[-4.44409,36.69261]]]}},{"type":"Feature","properties":{"id":"2906710065"},"geometry":{"type":"Polygon","coordinates":[[[-4.44737,36.69971],[-4.44619,36.70072],[-4.44614,36.70085],[-4.44589,36.70085],[-4.44501,36.70037],[-4.44662,36.69909],[-4.44737,36.69971]]]}},{"type":"Feature","properties":{"id":"2906710066"},"geometry":{"type":"Polygon","coordinates":[[[-4.45007,36.68493],[-4.44693,36.69067],[-4.44332,36.68945],[-4.44305,36.68916],[-4.44152,36.68872],[-4.44159,36.68825],[-4.44225,36.6874],[-4.44332,36.68544],[-4.44365,36.68462],[-4.44381,36.68327],[-4.4464,36.68422],[-4.44651,36.68406],[-4.44874,36.68495],[-4.44898,36.68461],[-4.45007,36.68493]]]}},{"type":"Feature","properties":{"id":"2906710067"},"geometry":{"type":"Polygon","coordinates":[[[-4.45561,36.69567],[-4.45579,36.69488],[-4.45437,36.69447],[-4.45282,36.69418],[-4.45507,36.6924],[-4.45564,36.69292],[-4.45551,36.69332],[-4.45547,36.69405],[-4.45678,36.69487],[-4.45616,36.69576],[-4.45561,36.69567]]]}},{"type":"Feature","properties":{"id":"2906710068"},"geometry":{"type":"Polygon","coordinates":[[[-4.45606,36.69599],[-4.45678,36.69487],[-4.45547,36.69405],[-4.45551,36.69332],[-4.45564,36.69292],[-4.45507,36.6924],[-4.46092,36.68788],[-4.46146,36.68794],[-4.46191,36.68818],[-4.46196,36.68912],[-4.4611,36.69194],[-4.46023,36.69418],[-4.45919,36.6961],[-4.45855,36.69648],[-4.45831,36.6962],[-4.45757,36.69657],[-4.45748,36.69619],[-4.45606,36.69599]]]}},{"type":"Feature","properties":{"id":"2906710069"},"geometry":{"type":"Polygon","coordinates":[[[-4.45007,36.68493],[-4.44898,36.68461],[-4.44874,36.68495],[-4.44651,36.68406],[-4.4464,36.68422],[-4.44381,36.68327],[-4.4438,36.68285],[-4.4437,36.68278],[-4.44225,36.68234],[-4.44123,36.68218],[-4.441,36.68196],[-4.44107,36.68179],[-4.4414,36.68173],[-4.4437,36.68233],[-4.44393,36.6823],[-4.44422,36.68207],[-4.44491,36.68132],[-4.44565,36.6801],[-4.44721,36.67699],[-4.44789,36.67586],[-4.45021,36.67699],[-4.45244,36.67788],[-4.45578,36.67895],[-4.45437,36.68136],[-4.4557,36.68186],[-4.45511,36.68283],[-4.4521,36.68171],[-4.45007,36.68493]]]}},{"type":"Feature","properties":{"id":"2906710070"},"geometry":{"type":"Polygon","coordinates":[[[-4.45535,36.68518],[-4.45642,36.68335],[-4.4551,36.68284],[-4.4557,36.68186],[-4.45437,36.68136],[-4.45578,36.67895],[-4.45244,36.67788],[-4.45021,36.67699],[-4.44789,36.67586],[-4.4488,36.67447],[-4.4497,36.67253],[-4.45141,36.66991],[-4.45155,36.6694],[-4.45289,36.66702],[-4.45316,36.66658],[-4.45381,36.66588],[-4.45528,36.66674],[-4.45723,36.66818],[-4.45792,36.66915],[-4.46076,36.67141],[-4.46299,36.67297],[-4.46505,36.67411],[-4.46642,36.67453],[-4.46744,36.67514],[-4.4696,36.67724],[-4.47071,36.67766],[-4.47209,36.67889],[-4.47213,36.67913],[-4.47113,36.67984],[-4.46905,36.68163],[-4.4683,36.68204],[-4.46243,36.6867],[-4.46188,36.68605],[-4.46133,36.68559],[-4.46062,36.6854],[-4.45874,36.6851],[-4.45792,36.68619],[-4.45535,36.68518]]]}},{"type":"Feature","properties":{"id":"2906710071"},"geometry":{"type":"Polygon","coordinates":[[[-4.43894,36.70156],[-4.43484,36.69963],[-4.43511,36.69928],[-4.43524,36.6989],[-4.43565,36.69857],[-4.43704,36.69638],[-4.43724,36.6962],[-4.43768,36.6953],[-4.4381,36.6948],[-4.43884,36.69356],[-4.44063,36.6942],[-4.44295,36.69532],[-4.43941,36.70007],[-4.43894,36.70156]]]}},{"type":"Feature","properties":{"id":"2906710072"},"geometry":{"type":"Polygon","coordinates":[[[-4.45156,36.6826],[-4.45585,36.68428],[-4.45478,36.68614],[-4.45033,36.68453],[-4.45156,36.6826]]]}},{"type":"Feature","properties":{"id":"2906710073"},"geometry":{"type":"Polygon","coordinates":[[[-4.44064,36.69038],[-4.44064,36.68989],[-4.44103,36.68961],[-4.44152,36.68872],[-4.44305,36.68916],[-4.44332,36.68945],[-4.44509,36.69005],[-4.44438,36.6917],[-4.44064,36.69038]]]}},{"type":"Feature","properties":{"id":"2906710074"},"geometry":{"type":"Polygon","coordinates":[[[-4.45212,36.68518],[-4.45001,36.68897],[-4.44819,36.68837],[-4.45033,36.68453],[-4.45212,36.68518]]]}},{"type":"Feature","properties":{"id":"2906710075"},"geometry":{"type":"Polygon","coordinates":[[[-4.45156,36.6826],[-4.4521,36.68171],[-4.45642,36.68335],[-4.45585,36.68428],[-4.45156,36.6826]]]}},{"type":"Feature","properties":{"id":"2906711001"},"geometry":{"type":"Polygon","coordinates":[[[-4.46051,36.67122],[-4.46684,36.66951],[-4.46496,36.66885],[-4.46717,36.66596],[-4.46329,36.66418],[-4.46263,36.66432],[-4.4623,36.66419],[-4.45917,36.66221],[-4.45787,36.66173],[-4.45813,36.66152],[-4.45887,36.66203],[-4.45945,36.66211],[-4.46066,36.6614],[-4.46362,36.65864],[-4.46426,36.65791],[-4.46472,36.657],[-4.46593,36.656],[-4.46634,36.65545],[-4.468,36.65381],[-4.4686,36.65302],[-4.47074,36.65116],[-4.47258,36.64913],[-4.4734,36.64807],[-4.47483,36.64703],[-4.47531,36.64647],[-4.48225,36.64893],[-4.48293,36.64858],[-4.48406,36.64869],[-4.48815,36.64958],[-4.48735,36.6511],[-4.48673,36.65396],[-4.48586,36.65571],[-4.48571,36.65663],[-4.48574,36.65779],[-4.48545,36.65964],[-4.48498,36.6603],[-4.4843,36.66198],[-4.48414,36.66207],[-4.48348,36.663],[-4.48314,36.66399],[-4.48266,36.66447],[-4.48229,36.66514],[-4.48165,36.66571],[-4.4814,36.66664],[-4.48113,36.66712],[-4.48007,36.66845],[-4.47924,36.67039],[-4.47881,36.67088],[-4.47792,36.67247],[-4.47712,36.67353],[-4.47649,36.67459],[-4.47458,36.67712],[-4.47356,36.67801],[-4.47243,36.67881],[-4.47222,36.67912],[-4.47213,36.67913],[-4.47209,36.67889],[-4.47071,36.67766],[-4.4696,36.67724],[-4.46733,36.67506],[-4.46642,36.67453],[-4.46505,36.67411],[-4.46299,36.67297],[-4.46051,36.67122]]]}},{"type":"Feature","properties":{"id":"2906711002"},"geometry":{"type":"Polygon","coordinates":[[[-4.49895,36.66657],[-4.49828,36.66592],[-4.49872,36.66528],[-4.49875,36.6644],[-4.49903,36.66337],[-4.50169,36.66461],[-4.50259,36.66351],[-4.50467,36.66461],[-4.50442,36.66487],[-4.50365,36.66633],[-4.50335,36.66709],[-4.50314,36.66705],[-4.50231,36.66775],[-4.50139,36.66787],[-4.50107,36.66781],[-4.50011,36.6672],[-4.49921,36.66628],[-4.49895,36.66657]]]}},{"type":"Feature","properties":{"id":"2906711003"},"geometry":{"type":"Polygon","coordinates":[[[-4.51958,36.66922],[-4.51638,36.6682],[-4.51549,36.66804],[-4.51447,36.66802],[-4.51389,36.66816],[-4.51358,36.66846],[-4.51314,36.66911],[-4.51284,36.66917],[-4.51249,36.66913],[-4.51187,36.66886],[-4.51046,36.66866],[-4.50883,36.66916],[-4.50689,36.66928],[-4.50562,36.66906],[-4.50474,36.6686],[-4.50371,36.6682],[-4.50358,36.6681],[-4.50352,36.66717],[-4.50337,36.66701],[-4.50442,36.66487],[-4.50467,36.66461],[-4.50463,36.66449],[-4.50582,36.66257],[-4.50615,36.6619],[-4.50603,36.66184],[-4.50871,36.66214],[-4.51158,36.66194],[-4.51797,36.66056],[-4.52006,36.66034],[-4.52171,36.66031],[-4.52314,36.65984],[-4.52605,36.65994],[-4.52632,36.66008],[-4.52737,36.66029],[-4.52906,36.66032],[-4.52846,36.66295],[-4.52837,36.66654],[-4.52515,36.6671],[-4.52581,36.66819],[-4.52513,36.66924],[-4.52544,36.66952],[-4.52677,36.67021],[-4.52664,36.67107],[-4.52505,36.67106],[-4.52414,36.673],[-4.52288,36.6733],[-4.51864,36.67359],[-4.51761,36.67374],[-4.51958,36.66922]]]}},{"type":"Feature","properties":{"id":"2906711004"},"geometry":{"type":"Polygon","coordinates":[[[-4.48574,36.65779],[-4.48571,36.65663],[-4.48586,36.65571],[-4.48673,36.65396],[-4.48735,36.6511],[-4.48818,36.64952],[-4.48854,36.64951],[-4.48925,36.64912],[-4.49132,36.64992],[-4.49192,36.64988],[-4.49284,36.64995],[-4.49313,36.65016],[-4.49349,36.65063],[-4.49335,36.65085],[-4.49341,36.65102],[-4.49233,36.65197],[-4.49219,36.65228],[-4.49318,36.65226],[-4.49431,36.65201],[-4.49527,36.65199],[-4.49579,36.65212],[-4.49622,36.65203],[-4.49752,36.65018],[-4.49729,36.65008],[-4.49741,36.64976],[-4.49899,36.64828],[-4.49938,36.64758],[-4.5,36.64682],[-4.50016,36.64622],[-4.5,36.64579],[-4.50012,36.64538],[-4.50055,36.64516],[-4.50109,36.64506],[-4.50254,36.6456],[-4.50223,36.64493],[-4.50235,36.64449],[-4.50273,36.64394],[-4.50257,36.64295],[-4.50272,36.64231],[-4.50325,36.64251],[-4.50337,36.64245],[-4.50403,36.64195],[-4.50425,36.64145],[-4.50425,36.64123],[-4.50393,36.6407],[-4.50411,36.64034],[-4.50413,36.64001],[-4.50398,36.63957],[-4.50463,36.63955],[-4.50536,36.63976],[-4.50662,36.63932],[-4.5091,36.63749],[-4.50929,36.638],[-4.50929,36.6392],[-4.50995,36.64034],[-4.50996,36.64056],[-4.51135,36.6406],[-4.51262,36.63984],[-4.51357,36.63945],[-4.51522,36.63921],[-4.51667,36.63914],[-4.51668,36.6388],[-4.51751,36.63873],[-4.5192,36.63769],[-4.52103,36.63614],[-4.52461,36.63593],[-4.52664,36.63614],[-4.52894,36.63457],[-4.53036,36.63542],[-4.53102,36.6368],[-4.53105,36.63792],[-4.53202,36.63941],[-4.53391,36.64051],[-4.53543,36.6411],[-4.5371,36.6424],[-4.53755,36.64308],[-4.53862,36.64559],[-4.53571,36.6471],[-4.53559,36.64803],[-4.53537,36.64877],[-4.53516,36.64899],[-4.53224,36.64994],[-4.52972,36.65136],[-4.52992,36.65187],[-4.52919,36.65977],[-4.52906,36.66032],[-4.52737,36.66029],[-4.52632,36.66008],[-4.52605,36.65994],[-4.52429,36.65985],[-4.52365,36.65365],[-4.52358,36.65221],[-4.52296,36.6498],[-4.52152,36.647],[-4.52144,36.64625],[-4.52044,36.64604],[-4.51976,36.64573],[-4.51845,36.64591],[-4.51702,36.64539],[-4.51652,36.64551],[-4.51653,36.645],[-4.51641,36.64461],[-4.51577,36.64399],[-4.51535,36.6438],[-4.51494,36.64452],[-4.51459,36.64488],[-4.51421,36.64483],[-4.51383,36.64499],[-4.51316,36.64509],[-4.51248,36.64552],[-4.51169,36.64575],[-4.51115,36.64618],[-4.51083,36.64691],[-4.51092,36.64716],[-4.51159,36.64792],[-4.51119,36.6481],[-4.5109,36.64805],[-4.51058,36.64815],[-4.51008,36.64858],[-4.50994,36.64886],[-4.5092,36.64884],[-4.50886,36.64902],[-4.50798,36.64978],[-4.50795,36.64997],[-4.50702,36.65068],[-4.50623,36.65066],[-4.50483,36.65044],[-4.50476,36.65161],[-4.50487,36.65355],[-4.50557,36.65591],[-4.5053,36.65627],[-4.50484,36.65644],[-4.50457,36.65649],[-4.50389,36.65641],[-4.5032,36.65718],[-4.50307,36.65773],[-4.50312,36.65833],[-4.50366,36.65949],[-4.50398,36.65982],[-4.50345,36.66049],[-4.50319,36.66141],[-4.49295,36.65946],[-4.48642,36.65768],[-4.48574,36.65779]]]}},{"type":"Feature","properties":{"id":"2906711005"},"geometry":{"type":"Polygon","coordinates":[[[-4.50328,36.67001],[-4.5085,36.67493],[-4.50907,36.67567],[-4.50881,36.67582],[-4.50838,36.6764],[-4.50883,36.67638],[-4.50948,36.67657],[-4.51005,36.67652],[-4.51057,36.67661],[-4.51155,36.67661],[-4.51167,36.6766],[-4.51165,36.676],[-4.51296,36.67555],[-4.51441,36.67469],[-4.51618,36.67392],[-4.51864,36.67359],[-4.52288,36.6733],[-4.52414,36.673],[-4.52401,36.67327],[-4.52406,36.67388],[-4.52496,36.67522],[-4.52313,36.67802],[-4.52314,36.67823],[-4.52336,36.67844],[-4.52347,36.67872],[-4.52152,36.68046],[-4.52127,36.68331],[-4.5248,36.68272],[-4.52522,36.68723],[-4.52102,36.68829],[-4.52052,36.68847],[-4.52029,36.68884],[-4.51838,36.68977],[-4.51764,36.6911],[-4.51614,36.69303],[-4.51603,36.69348],[-4.51653,36.69392],[-4.51653,36.69429],[-4.51629,36.69503],[-4.51568,36.69343],[-4.51543,36.69317],[-4.51433,36.69244],[-4.51201,36.69011],[-4.51137,36.68968],[-4.51085,36.68954],[-4.50984,36.68978],[-4.50904,36.69018],[-4.50723,36.69138],[-4.50625,36.69243],[-4.50575,36.69368],[-4.50549,36.69404],[-4.50521,36.69421],[-4.50498,36.69453],[-4.50466,36.69463],[-4.50326,36.69419],[-4.50245,36.69372],[-4.502,36.69333],[-4.50214,36.69301],[-4.50158,36.69249],[-4.49947,36.69093],[-4.49711,36.69039],[-4.49296,36.6904],[-4.49192,36.69032],[-4.49036,36.68893],[-4.48918,36.6871],[-4.48808,36.68676],[-4.48699,36.68704],[-4.48326,36.68642],[-4.48226,36.68578],[-4.48051,36.6854],[-4.47852,36.68455],[-4.47685,36.68285],[-4.47628,36.6818],[-4.47406,36.68007],[-4.47334,36.67915],[-4.4729,36.67898],[-4.47258,36.67869],[-4.47356,36.67801],[-4.47458,36.67712],[-4.47649,36.67459],[-4.47712,36.67353],[-4.47792,36.67247],[-4.47881,36.67088],[-4.47924,36.67039],[-4.48007,36.66845],[-4.48113,36.66712],[-4.4814,36.66664],[-4.48165,36.66571],[-4.48229,36.66514],[-4.48266,36.66447],[-4.48314,36.66399],[-4.48348,36.663],[-4.48414,36.66207],[-4.4843,36.66198],[-4.48456,36.66123],[-4.48895,36.66122],[-4.49015,36.66137],[-4.49115,36.66175],[-4.49249,36.66394],[-4.49405,36.66621],[-4.49579,36.66922],[-4.49679,36.6698],[-4.50055,36.66963],[-4.50114,36.66899],[-4.50107,36.66884],[-4.49994,36.66837],[-4.4998,36.668],[-4.49837,36.66734],[-4.49921,36.66628],[-4.50011,36.6672],[-4.50056,36.66754],[-4.50124,36.66785],[-4.50211,36.66781],[-4.50243,36.66771],[-4.50314,36.66705],[-4.50335,36.66709],[-4.50337,36.66701],[-4.50352,36.66717],[-4.50358,36.6681],[-4.50535,36.66895],[-4.50438,36.66984],[-4.50369,36.6698],[-4.50328,36.67001]]]}},{"type":"Feature","properties":{"id":"2906711006"},"geometry":{"type":"Polygon","coordinates":[[[-4.50719,36.67375],[-4.50775,36.67348],[-4.50841,36.67301],[-4.50964,36.67152],[-4.50999,36.67123],[-4.51027,36.67109],[-4.51207,36.67098],[-4.5126,36.67075],[-4.51302,36.66982],[-4.51373,36.66939],[-4.514,36.6691],[-4.51412,36.66805],[-4.51549,36.66804],[-4.51638,36.6682],[-4.5175,36.66857],[-4.51557,36.67261],[-4.51394,36.67191],[-4.51127,36.67452],[-4.51075,36.67518],[-4.5112,36.67541],[-4.51038,36.67591],[-4.51057,36.67661],[-4.51005,36.67652],[-4.50948,36.67657],[-4.50883,36.67638],[-4.50838,36.6764],[-4.50881,36.67582],[-4.50907,36.67567],[-4.5085,36.67493],[-4.50719,36.67375]]]}},{"type":"Feature","properties":{"id":"2906711007"},"geometry":{"type":"Polygon","coordinates":[[[-4.48456,36.66123],[-4.48498,36.6603],[-4.48545,36.65964],[-4.48567,36.65791],[-4.48592,36.65773],[-4.48642,36.65768],[-4.49295,36.65946],[-4.5032,36.66141],[-4.50294,36.6624],[-4.501,36.66204],[-4.50007,36.66381],[-4.49903,36.66337],[-4.49875,36.6644],[-4.49872,36.66528],[-4.49828,36.66592],[-4.49895,36.66657],[-4.49837,36.66734],[-4.4998,36.668],[-4.49994,36.66837],[-4.50107,36.66884],[-4.50114,36.66899],[-4.50055,36.66963],[-4.49679,36.6698],[-4.49579,36.66922],[-4.49405,36.66621],[-4.49249,36.66394],[-4.49115,36.66175],[-4.49015,36.66137],[-4.48895,36.66122],[-4.48456,36.66123]]]}},{"type":"Feature","properties":{"id":"2906711008"},"geometry":{"type":"Polygon","coordinates":[[[-4.45949,36.67044],[-4.46097,36.66767],[-4.4623,36.66618],[-4.45836,36.66481],[-4.46016,36.66282],[-4.4623,36.66419],[-4.46263,36.66432],[-4.46329,36.66418],[-4.46717,36.66596],[-4.46496,36.66885],[-4.46684,36.66951],[-4.46051,36.67122],[-4.45949,36.67044]]]}},{"type":"Feature","properties":{"id":"2906711009"},"geometry":{"type":"Polygon","coordinates":[[[-4.5141,36.66812],[-4.514,36.6691],[-4.51373,36.66939],[-4.51302,36.66982],[-4.5126,36.67075],[-4.51207,36.67098],[-4.51027,36.67109],[-4.50999,36.67123],[-4.50964,36.67152],[-4.50841,36.67301],[-4.50775,36.67348],[-4.50719,36.67375],[-4.50328,36.67001],[-4.50369,36.6698],[-4.50438,36.66984],[-4.50535,36.66895],[-4.50591,36.66914],[-4.50689,36.66928],[-4.50779,36.66927],[-4.50883,36.66916],[-4.51046,36.66866],[-4.51187,36.66886],[-4.51249,36.66913],[-4.51284,36.66917],[-4.51314,36.66911],[-4.51358,36.66846],[-4.51389,36.66816],[-4.5141,36.66812]]]}},{"type":"Feature","properties":{"id":"2906711010"},"geometry":{"type":"Polygon","coordinates":[[[-4.50603,36.66184],[-4.50319,36.66141],[-4.50345,36.66049],[-4.50398,36.65982],[-4.50366,36.65949],[-4.50312,36.65833],[-4.50307,36.65773],[-4.5032,36.65718],[-4.50389,36.65641],[-4.50457,36.65649],[-4.50484,36.65644],[-4.5053,36.65627],[-4.50557,36.65591],[-4.50487,36.65355],[-4.50476,36.65161],[-4.50483,36.65044],[-4.50623,36.65066],[-4.50702,36.65068],[-4.50795,36.64997],[-4.50798,36.64978],[-4.50886,36.64902],[-4.5092,36.64884],[-4.50994,36.64886],[-4.51008,36.64858],[-4.51058,36.64815],[-4.5109,36.64805],[-4.51119,36.6481],[-4.51159,36.64792],[-4.51092,36.64716],[-4.51083,36.64691],[-4.51115,36.64618],[-4.51169,36.64575],[-4.51248,36.64552],[-4.51316,36.64509],[-4.51383,36.64499],[-4.51421,36.64483],[-4.51459,36.64488],[-4.51494,36.64452],[-4.51535,36.6438],[-4.51577,36.64399],[-4.51641,36.64461],[-4.51653,36.645],[-4.51652,36.64551],[-4.51702,36.64539],[-4.51845,36.64591],[-4.51976,36.64573],[-4.52044,36.64604],[-4.52144,36.64625],[-4.52152,36.647],[-4.52296,36.6498],[-4.52358,36.65221],[-4.52365,36.65365],[-4.52429,36.65985],[-4.52288,36.65988],[-4.52227,36.66016],[-4.52171,36.66031],[-4.51853,36.66046],[-4.51232,36.66182],[-4.5107,36.66204],[-4.50871,36.66214],[-4.50603,36.66184]]]}},{"type":"Feature","properties":{"id":"2906711011"},"geometry":{"type":"Polygon","coordinates":[[[-4.50007,36.66381],[-4.501,36.66204],[-4.50294,36.6624],[-4.5032,36.66141],[-4.50412,36.66159],[-4.5049,36.66163],[-4.50615,36.6619],[-4.50463,36.66449],[-4.50467,36.66461],[-4.50259,36.66351],[-4.50169,36.66461],[-4.50007,36.66381]]]}},{"type":"Feature","properties":{"id":"2906711012"},"geometry":{"type":"Polygon","coordinates":[[[-4.51057,36.67661],[-4.51038,36.67591],[-4.5112,36.67541],[-4.51075,36.67518],[-4.51127,36.67452],[-4.51394,36.67191],[-4.51557,36.67261],[-4.5175,36.66857],[-4.51958,36.66922],[-4.51761,36.67374],[-4.51618,36.67392],[-4.51441,36.67469],[-4.51296,36.67555],[-4.51165,36.676],[-4.51167,36.6766],[-4.51057,36.67661]]]}},{"type":"Feature","properties":{"id":"2906711013"},"geometry":{"type":"Polygon","coordinates":[[[-4.46016,36.66282],[-4.45836,36.66481],[-4.4623,36.66618],[-4.46097,36.66767],[-4.45949,36.67044],[-4.45792,36.66915],[-4.45723,36.66818],[-4.45528,36.66674],[-4.45381,36.66588],[-4.45439,36.66546],[-4.45505,36.66541],[-4.45464,36.66479],[-4.45457,36.66441],[-4.45468,36.66405],[-4.45536,36.66378],[-4.45597,36.66312],[-4.45787,36.66173],[-4.45917,36.66221],[-4.46016,36.66282]]]}}]}