{"type":"FeatureCollection","features":[{"type":"Feature","properties":{"id":"3803801001"},"geometry":{"type":"Polygon","coordinates":[[[-16.24352,28.47583],[-16.24447,28.47485],[-16.24424,28.47468],[-16.24452,28.47418],[-16.24483,28.47425],[-16.24612,28.47101],[-16.24625,28.47089],[-16.24634,28.46951],[-16.24603,28.46945],[-16.24767,28.46953],[-16.24771,28.46944],[-16.24782,28.46944],[-16.24783,28.46956],[-16.24856,28.46974],[-16.24783,28.4733],[-16.24767,28.47334],[-16.24728,28.47434],[-16.24696,28.47484],[-16.24669,28.47492],[-16.24633,28.47582],[-16.24562,28.4768],[-16.2453,28.4771],[-16.24352,28.47583]]]}},{"type":"Feature","properties":{"id":"3803801002"},"geometry":{"type":"Polygon","coordinates":[[[-16.24844,28.4703],[-16.24856,28.46974],[-16.24995,28.47048],[-16.25232,28.47208],[-16.25191,28.47252],[-16.24844,28.4703]]]}},{"type":"Feature","properties":{"id":"3803801003"},"geometry":{"type":"Polygon","coordinates":[[[-16.25083,28.47365],[-16.24809,28.47187],[-16.24844,28.4703],[-16.25191,28.47252],[-16.25083,28.47365]]]}},{"type":"Feature","properties":{"id":"3803801004"},"geometry":{"type":"Polygon","coordinates":[[[-16.25076,28.47374],[-16.25389,28.47037],[-16.25595,28.47251],[-16.25333,28.47405],[-16.25232,28.47445],[-16.25076,28.47374]]]}},{"type":"Feature","properties":{"id":"3803801006"},"geometry":{"type":"Polygon","coordinates":[[[-16.24937,28.47264],[-16.25083,28.47365],[-16.25076,28.47374],[-16.25232,28.47445],[-16.24909,28.47566],[-16.24815,28.47504],[-16.24937,28.47264]]]}},{"type":"Feature","properties":{"id":"3803801007"},"geometry":{"type":"Polygon","coordinates":[[[-16.24809,28.47187],[-16.24937,28.47264],[-16.24815,28.47504],[-16.24909,28.47566],[-16.2453,28.4771],[-16.24613,28.47614],[-16.24669,28.47492],[-16.24696,28.47484],[-16.24728,28.47434],[-16.24767,28.47334],[-16.24783,28.4733],[-16.24809,28.47187]]]}},{"type":"Feature","properties":{"id":"3803801008"},"geometry":{"type":"Polygon","coordinates":[[[-16.2554,28.48363],[-16.25541,28.48346],[-16.25558,28.48326],[-16.25541,28.48283],[-16.25552,28.48273],[-16.25552,28.48253],[-16.25531,28.48233],[-16.25509,28.4819],[-16.25483,28.48187],[-16.25476,28.48141],[-16.25499,28.48125],[-16.255,28.48094],[-16.2546,28.48066],[-16.25465,28.48042],[-16.2549,28.48031],[-16.25498,28.48003],[-16.25524,28.47975],[-16.25529,28.47941],[-16.25508,28.47913],[-16.25474,28.47919],[-16.25445,28.47845],[-16.2545,28.47805],[-16.25482,28.47764],[-16.25482,28.47752],[-16.25458,28.47726],[-16.2546,28.47706],[-16.25496,28.47639],[-16.25486,28.47624],[-16.25454,28.47634],[-16.25422,28.47628],[-16.25417,28.47577],[-16.25435,28.47495],[-16.25531,28.47564],[-16.25687,28.47575],[-16.25742,28.4759],[-16.25813,28.47664],[-16.25913,28.47726],[-16.26069,28.47905],[-16.26018,28.47924],[-16.259,28.47897],[-16.25878,28.47926],[-16.25886,28.47976],[-16.25914,28.48035],[-16.25963,28.48079],[-16.26033,28.48176],[-16.26055,28.4819],[-16.25997,28.48257],[-16.25968,28.48258],[-16.25943,28.48283],[-16.25843,28.48333],[-16.25727,28.48407],[-16.25606,28.48404],[-16.2554,28.48363]]]}},{"type":"Feature","properties":{"id":"3803801009"},"geometry":{"type":"Polygon","coordinates":[[[-16.25014,28.48127],[-16.24991,28.48103],[-16.24956,28.48088],[-16.24931,28.48003],[-16.24846,28.47873],[-16.24797,28.47827],[-16.24736,28.47811],[-16.24699,28.47814],[-16.24645,28.47837],[-16.24606,28.47877],[-16.24562,28.47894],[-16.24426,28.47894],[-16.24404,28.47885],[-16.24368,28.47844],[-16.24291,28.47863],[-16.2411,28.47719],[-16.24135,28.47694],[-16.24204,28.47746],[-16.24352,28.47583],[-16.2453,28.4771],[-16.24732,28.47633],[-16.24752,28.4768],[-16.25102,28.47551],[-16.25158,28.47597],[-16.25128,28.47683],[-16.25157,28.47885],[-16.25192,28.47977],[-16.25209,28.48092],[-16.25311,28.4819],[-16.2534,28.48196],[-16.25375,28.48252],[-16.25381,28.48301],[-16.25409,28.4834],[-16.25411,28.48371],[-16.25295,28.48421],[-16.25274,28.48413],[-16.25267,28.48384],[-16.25252,28.48379],[-16.25213,28.48317],[-16.25154,28.48286],[-16.25098,28.48223],[-16.25038,28.48128],[-16.25014,28.48127]]]}},{"type":"Feature","properties":{"id":"3803801010"},"geometry":{"type":"Polygon","coordinates":[[[-16.24201,28.47976],[-16.24003,28.47895],[-16.24046,28.47801],[-16.2406,28.47788],[-16.24067,28.4779],[-16.24019,28.47892],[-16.24075,28.47913],[-16.2409,28.47882],[-16.24059,28.4787],[-16.24091,28.4788],[-16.24104,28.47854],[-16.24074,28.47841],[-16.24105,28.47852],[-16.24112,28.47837],[-16.24077,28.47824],[-16.24083,28.4781],[-16.24115,28.47822],[-16.24118,28.47817],[-16.24086,28.47805],[-16.24094,28.47784],[-16.24105,28.47777],[-16.24136,28.47789],[-16.2415,28.47763],[-16.2412,28.4773],[-16.24291,28.47863],[-16.24368,28.47844],[-16.24404,28.47885],[-16.24426,28.47894],[-16.24562,28.47894],[-16.24613,28.47871],[-16.24555,28.48094],[-16.24515,28.48097],[-16.24515,28.48113],[-16.24581,28.48175],[-16.24599,28.48343],[-16.24524,28.48278],[-16.2445,28.48177],[-16.24343,28.48075],[-16.24272,28.47889],[-16.24201,28.47976]]]}},{"type":"Feature","properties":{"id":"3803801011"},"geometry":{"type":"Polygon","coordinates":[[[-16.25417,28.48405],[-16.25409,28.4834],[-16.25381,28.48301],[-16.25375,28.48252],[-16.2534,28.48196],[-16.25311,28.4819],[-16.25209,28.48092],[-16.25204,28.48077],[-16.25192,28.47977],[-16.25157,28.47885],[-16.25128,28.47683],[-16.25158,28.47597],[-16.25102,28.47551],[-16.24752,28.4768],[-16.24732,28.47633],[-16.25275,28.47433],[-16.25333,28.47405],[-16.25371,28.47455],[-16.25435,28.47495],[-16.25417,28.47577],[-16.25422,28.47628],[-16.25454,28.47634],[-16.25486,28.47624],[-16.25495,28.47636],[-16.2546,28.47706],[-16.25458,28.47726],[-16.25482,28.47752],[-16.25482,28.47764],[-16.2545,28.47805],[-16.25445,28.47845],[-16.25474,28.47919],[-16.25508,28.47913],[-16.25529,28.47941],[-16.25524,28.47975],[-16.25498,28.48003],[-16.2549,28.48031],[-16.25465,28.48042],[-16.2546,28.48066],[-16.255,28.48094],[-16.25499,28.48125],[-16.25476,28.48141],[-16.25479,28.48173],[-16.25486,28.48189],[-16.25516,28.48197],[-16.25531,28.48233],[-16.25552,28.48253],[-16.25552,28.48273],[-16.25541,28.48283],[-16.25558,28.48326],[-16.25541,28.48346],[-16.25541,28.48367],[-16.25417,28.48405]]]}},{"type":"Feature","properties":{"id":"3803801012"},"geometry":{"type":"Polygon","coordinates":[[[-16.24581,28.48175],[-16.24515,28.48113],[-16.24515,28.48097],[-16.24555,28.48094],[-16.24619,28.47859],[-16.24668,28.47824],[-16.24699,28.47814],[-16.24765,28.47815],[-16.24822,28.47843],[-16.24846,28.47873],[-16.24931,28.48003],[-16.24957,28.48089],[-16.24991,28.48103],[-16.25014,28.48127],[-16.25038,28.48128],[-16.25098,28.48223],[-16.25154,28.48286],[-16.25213,28.48317],[-16.25252,28.48379],[-16.25267,28.48384],[-16.25274,28.48413],[-16.25295,28.48421],[-16.25176,28.48458],[-16.24763,28.48558],[-16.24631,28.48373],[-16.24599,28.48343],[-16.24581,28.48175]]]}},{"type":"Feature","properties":{"id":"3803802001"},"geometry":{"type":"Polygon","coordinates":[[[-16.25182,28.4672],[-16.24786,28.46669],[-16.24786,28.46734],[-16.24484,28.46766],[-16.24488,28.46713],[-16.24472,28.46704],[-16.24449,28.46729],[-16.24411,28.46703],[-16.24448,28.46726],[-16.2447,28.46702],[-16.24389,28.46649],[-16.24488,28.46711],[-16.24513,28.46607],[-16.24503,28.46559],[-16.24508,28.4654],[-16.24528,28.46544],[-16.24551,28.46452],[-16.24574,28.46459],[-16.24621,28.4634],[-16.24728,28.46366],[-16.24735,28.46352],[-16.24925,28.46408],[-16.2526,28.46469],[-16.25191,28.46635],[-16.25179,28.46676],[-16.25191,28.46683],[-16.25182,28.4672]]]}},{"type":"Feature","properties":{"id":"3803802002"},"geometry":{"type":"Polygon","coordinates":[[[-16.25191,28.46635],[-16.25218,28.46578],[-16.25617,28.46705],[-16.25614,28.46736],[-16.25557,28.46728],[-16.25191,28.46635]]]}},{"type":"Feature","properties":{"id":"3803802003"},"geometry":{"type":"Polygon","coordinates":[[[-16.25223,28.46992],[-16.25173,28.4692],[-16.25257,28.46881],[-16.25397,28.4675],[-16.2553,28.46766],[-16.25528,28.46798],[-16.2534,28.46987],[-16.25307,28.46949],[-16.25223,28.46992]]]}},{"type":"Feature","properties":{"id":"3803802004"},"geometry":{"type":"Polygon","coordinates":[[[-16.25223,28.46992],[-16.25307,28.46949],[-16.2534,28.46987],[-16.25528,28.46798],[-16.25608,28.46805],[-16.2531,28.47121],[-16.25223,28.46992]]]}},{"type":"Feature","properties":{"id":"3803802005"},"geometry":{"type":"Polygon","coordinates":[[[-16.24995,28.47048],[-16.25054,28.46939],[-16.25143,28.46877],[-16.2531,28.47121],[-16.25232,28.47208],[-16.24995,28.47048]]]}},{"type":"Feature","properties":{"id":"3803802006"},"geometry":{"type":"Polygon","coordinates":[[[-16.25046,28.46932],[-16.25111,28.46709],[-16.25182,28.4672],[-16.25191,28.46683],[-16.25179,28.46676],[-16.25191,28.46635],[-16.25557,28.46728],[-16.25614,28.46736],[-16.25608,28.46805],[-16.25528,28.46798],[-16.2553,28.46766],[-16.25397,28.4675],[-16.25257,28.46881],[-16.25173,28.4692],[-16.25143,28.46877],[-16.25054,28.46939],[-16.25046,28.46932]]]}},{"type":"Feature","properties":{"id":"3803802007"},"geometry":{"type":"Polygon","coordinates":[[[-16.24856,28.46974],[-16.249,28.46776],[-16.25088,28.468],[-16.25046,28.46932],[-16.25054,28.46939],[-16.24995,28.47048],[-16.24856,28.46974]]]}},{"type":"Feature","properties":{"id":"3803802008"},"geometry":{"type":"Polygon","coordinates":[[[-16.24484,28.46766],[-16.24786,28.46734],[-16.24786,28.46669],[-16.25111,28.46709],[-16.25088,28.468],[-16.249,28.46776],[-16.24856,28.46974],[-16.24783,28.46956],[-16.24782,28.46944],[-16.24771,28.46944],[-16.24767,28.46953],[-16.24603,28.46945],[-16.24608,28.46858],[-16.2434,28.46904],[-16.24316,28.46893],[-16.24057,28.47333],[-16.23585,28.4792],[-16.23566,28.47912],[-16.2356,28.47905],[-16.24034,28.47316],[-16.24243,28.46961],[-16.24239,28.46953],[-16.24257,28.46914],[-16.24249,28.46862],[-16.24256,28.46851],[-16.24193,28.46596],[-16.2446,28.46092],[-16.24503,28.45944],[-16.24702,28.45567],[-16.24756,28.4559],[-16.2475,28.45603],[-16.24722,28.45593],[-16.24717,28.45603],[-16.24703,28.45598],[-16.24521,28.45944],[-16.24594,28.45961],[-16.2459,28.45975],[-16.24515,28.45958],[-16.24452,28.46173],[-16.24224,28.466],[-16.24276,28.46806],[-16.24484,28.46766]]]}},{"type":"Feature","properties":{"id":"3803802009"},"geometry":{"type":"Polygon","coordinates":[[[-16.25218,28.46578],[-16.2526,28.46469],[-16.25369,28.46506],[-16.25436,28.46509],[-16.2555,28.46505],[-16.2564,28.46477],[-16.25617,28.46705],[-16.25218,28.46578]]]}},{"type":"Feature","properties":{"id":"3803803001"},"geometry":{"type":"Polygon","coordinates":[[[-16.25367,28.45345],[-16.2542,28.45445],[-16.25624,28.45521],[-16.25522,28.45734],[-16.25577,28.45755],[-16.25536,28.45847],[-16.2556,28.45931],[-16.24701,28.46138],[-16.2478,28.45921],[-16.24945,28.45582],[-16.24941,28.45538],[-16.24896,28.45465],[-16.24902,28.45445],[-16.24932,28.45456],[-16.2499,28.45529],[-16.25161,28.45537],[-16.25188,28.45526],[-16.25197,28.4554],[-16.25259,28.45488],[-16.25233,28.45454],[-16.25233,28.45442],[-16.25355,28.45371],[-16.25367,28.45345]]]}},{"type":"Feature","properties":{"id":"3803803002"},"geometry":{"type":"Polygon","coordinates":[[[-16.25179,28.46374],[-16.25251,28.4631],[-16.25345,28.46086],[-16.25419,28.46085],[-16.2535,28.46247],[-16.25215,28.46373],[-16.25179,28.46374]]]}},{"type":"Feature","properties":{"id":"3803803003"},"geometry":{"type":"Polygon","coordinates":[[[-16.2526,28.46469],[-16.25163,28.46453],[-16.25179,28.46374],[-16.25653,28.46355],[-16.2564,28.46477],[-16.25586,28.46499],[-16.25493,28.46509],[-16.25369,28.46506],[-16.2526,28.46469]]]}},{"type":"Feature","properties":{"id":"3803803004"},"geometry":{"type":"Polygon","coordinates":[[[-16.25966,28.4599],[-16.25923,28.45846],[-16.26171,28.45788],[-16.26233,28.45997],[-16.26038,28.46044],[-16.26018,28.45979],[-16.25966,28.4599]]]}},{"type":"Feature","properties":{"id":"3803803005"},"geometry":{"type":"Polygon","coordinates":[[[-16.25896,28.46157],[-16.25858,28.46016],[-16.25862,28.45939],[-16.25946,28.45918],[-16.25966,28.4599],[-16.26018,28.45979],[-16.26059,28.4611],[-16.26051,28.4616],[-16.25968,28.46142],[-16.25896,28.46157]]]}},{"type":"Feature","properties":{"id":"3803803006"},"geometry":{"type":"Polygon","coordinates":[[[-16.25845,28.46282],[-16.25773,28.46036],[-16.25858,28.46016],[-16.25921,28.46252],[-16.25916,28.46267],[-16.25845,28.46282]]]}},{"type":"Feature","properties":{"id":"3803803007"},"geometry":{"type":"Polygon","coordinates":[[[-16.2571,28.45895],[-16.25923,28.45846],[-16.25946,28.45918],[-16.25862,28.45939],[-16.25858,28.46016],[-16.25692,28.46049],[-16.2571,28.45895]]]}},{"type":"Feature","properties":{"id":"3803803008"},"geometry":{"type":"Polygon","coordinates":[[[-16.25021,28.46061],[-16.2556,28.45931],[-16.2571,28.45895],[-16.25692,28.46049],[-16.25519,28.4608],[-16.25154,28.46093],[-16.25053,28.4613],[-16.25021,28.46061]]]}},{"type":"Feature","properties":{"id":"3803803009"},"geometry":{"type":"Polygon","coordinates":[[[-16.25483,28.46363],[-16.25519,28.4608],[-16.25692,28.46049],[-16.25657,28.46352],[-16.25483,28.46363]]]}},{"type":"Feature","properties":{"id":"3803803010"},"geometry":{"type":"Polygon","coordinates":[[[-16.25215,28.46373],[-16.2535,28.46247],[-16.25419,28.46085],[-16.25519,28.4608],[-16.25483,28.46363],[-16.25215,28.46373]]]}},{"type":"Feature","properties":{"id":"3803803011"},"geometry":{"type":"Polygon","coordinates":[[[-16.24735,28.46352],[-16.24744,28.46336],[-16.24641,28.46291],[-16.24701,28.46138],[-16.25021,28.46061],[-16.25053,28.4613],[-16.25154,28.46093],[-16.25345,28.46086],[-16.25251,28.4631],[-16.25179,28.46374],[-16.25163,28.46453],[-16.24925,28.46408],[-16.24735,28.46352]]]}},{"type":"Feature","properties":{"id":"3803803013"},"geometry":{"type":"Polygon","coordinates":[[[-16.26208,28.46195],[-16.26245,28.46044],[-16.26233,28.45997],[-16.26385,28.4602],[-16.26334,28.46223],[-16.26208,28.46195]]]}},{"type":"Feature","properties":{"id":"3803803014"},"geometry":{"type":"Polygon","coordinates":[[[-16.26051,28.4616],[-16.26059,28.4611],[-16.26038,28.46044],[-16.26233,28.45997],[-16.26245,28.46044],[-16.26208,28.46195],[-16.26051,28.4616]]]}},{"type":"Feature","properties":{"id":"3803803015"},"geometry":{"type":"Polygon","coordinates":[[[-16.25889,28.46358],[-16.25921,28.46252],[-16.25896,28.46157],[-16.25968,28.46142],[-16.26334,28.46223],[-16.26252,28.46433],[-16.26013,28.46372],[-16.25889,28.46358]]]}},{"type":"Feature","properties":{"id":"3803803016"},"geometry":{"type":"Polygon","coordinates":[[[-16.26162,28.4661],[-16.26123,28.4654],[-16.26057,28.46487],[-16.26012,28.46475],[-16.25933,28.46425],[-16.25876,28.46404],[-16.25746,28.46413],[-16.25717,28.46424],[-16.2564,28.46477],[-16.2566,28.46321],[-16.25916,28.46267],[-16.25889,28.46358],[-16.26013,28.46372],[-16.26252,28.46433],[-16.26192,28.46617],[-16.26162,28.4661]]]}},{"type":"Feature","properties":{"id":"3803803017"},"geometry":{"type":"Polygon","coordinates":[[[-16.25677,28.46175],[-16.25806,28.4615],[-16.25845,28.46282],[-16.2566,28.46321],[-16.25677,28.46175]]]}},{"type":"Feature","properties":{"id":"3803803018"},"geometry":{"type":"Polygon","coordinates":[[[-16.25692,28.46049],[-16.25773,28.46036],[-16.25806,28.4615],[-16.25677,28.46175],[-16.25692,28.46049]]]}},{"type":"Feature","properties":{"id":"3803803019"},"geometry":{"type":"Polygon","coordinates":[[[-16.26233,28.45997],[-16.26173,28.45794],[-16.26462,28.45726],[-16.26385,28.4602],[-16.26233,28.45997]]]}},{"type":"Feature","properties":{"id":"3803803020"},"geometry":{"type":"Polygon","coordinates":[[[-16.25944,28.4517],[-16.25957,28.45177],[-16.25999,28.45175],[-16.26139,28.45139],[-16.2629,28.45058],[-16.2626,28.44988],[-16.26242,28.44989],[-16.26237,28.44978],[-16.26265,28.4497],[-16.26296,28.45053],[-16.26405,28.45002],[-16.26442,28.44994],[-16.26446,28.44884],[-16.26455,28.44869],[-16.26477,28.44867],[-16.26477,28.45002],[-16.26625,28.44963],[-16.26658,28.44945],[-16.26728,28.44888],[-16.26747,28.44823],[-16.26978,28.44723],[-16.27025,28.44669],[-16.27075,28.44588],[-16.27172,28.44519],[-16.27195,28.44489],[-16.27192,28.44454],[-16.27208,28.44448],[-16.27208,28.4444],[-16.27233,28.44447],[-16.27236,28.44438],[-16.27244,28.44442],[-16.27239,28.44417],[-16.27264,28.4439],[-16.27298,28.44378],[-16.27295,28.44349],[-16.27308,28.44336],[-16.27301,28.44319],[-16.27279,28.4431],[-16.27279,28.44302],[-16.27307,28.44305],[-16.27379,28.44273],[-16.27372,28.44258],[-16.27393,28.44239],[-16.27387,28.44219],[-16.27396,28.44189],[-16.27377,28.44165],[-16.27376,28.44151],[-16.2743,28.44117],[-16.27458,28.44118],[-16.27476,28.44106],[-16.27481,28.4407],[-16.2746,28.44026],[-16.27493,28.43975],[-16.27507,28.4392],[-16.27538,28.43923],[-16.27606,28.43877],[-16.27618,28.4385],[-16.27648,28.43829],[-16.27663,28.43789],[-16.27688,28.43777],[-16.27711,28.43714],[-16.27795,28.43693],[-16.27789,28.43672],[-16.278,28.4366],[-16.27801,28.43642],[-16.2781,28.43639],[-16.27807,28.43628],[-16.2785,28.43617],[-16.27875,28.43576],[-16.27908,28.43564],[-16.27911,28.43543],[-16.27932,28.43536],[-16.27959,28.43477],[-16.28024,28.43421],[-16.28042,28.4339],[-16.28062,28.43381],[-16.28079,28.43361],[-16.28103,28.43366],[-16.28113,28.43352],[-16.28155,28.43349],[-16.28158,28.43323],[-16.28191,28.43326],[-16.28232,28.43311],[-16.28298,28.43257],[-16.28359,28.43221],[-16.28376,28.43197],[-16.2837,28.43176],[-16.28384,28.43184],[-16.28386,28.43175],[-16.28394,28.43177],[-16.28467,28.43142],[-16.28487,28.43116],[-16.28486,28.43104],[-16.28503,28.43115],[-16.28517,28.43105],[-16.2854,28.4308],[-16.28536,28.43073],[-16.28553,28.43068],[-16.28555,28.43055],[-16.28576,28.43052],[-16.28605,28.43017],[-16.28689,28.42997],[-16.28701,28.42984],[-16.28761,28.42964],[-16.2878,28.42923],[-16.28811,28.42929],[-16.28815,28.42905],[-16.28844,28.42904],[-16.28855,28.42885],[-16.28879,28.42881],[-16.28879,28.42867],[-16.28931,28.42826],[-16.28959,28.4277],[-16.29007,28.42751],[-16.29001,28.42736],[-16.29044,28.42737],[-16.29069,28.42683],[-16.29082,28.42692],[-16.29098,28.42684],[-16.29116,28.42689],[-16.29155,28.42679],[-16.29252,28.4271],[-16.29253,28.42733],[-16.29287,28.42762],[-16.29321,28.42776],[-16.2935,28.42805],[-16.2936,28.42838],[-16.29421,28.42873],[-16.29409,28.4289],[-16.29408,28.42916],[-16.29434,28.42947],[-16.2964,28.43104],[-16.29643,28.43149],[-16.28979,28.4324],[-16.28599,28.43328],[-16.28471,28.43377],[-16.28353,28.43459],[-16.27947,28.43916],[-16.2789,28.44021],[-16.27816,28.44273],[-16.27761,28.44389],[-16.27705,28.44465],[-16.27349,28.4486],[-16.27231,28.45003],[-16.27164,28.45122],[-16.27078,28.45349],[-16.27046,28.45402],[-16.26928,28.45524],[-16.26826,28.45593],[-16.26721,28.4565],[-16.267,28.45642],[-16.26604,28.45636],[-16.26537,28.45616],[-16.26491,28.45644],[-16.26462,28.45726],[-16.25711,28.45895],[-16.25721,28.45804],[-16.25958,28.45302],[-16.25944,28.4517]]]}},{"type":"Feature","properties":{"id":"3803803021"},"geometry":{"type":"Polygon","coordinates":[[[-16.25367,28.45345],[-16.25367,28.45281],[-16.25348,28.45266],[-16.25345,28.45246],[-16.25353,28.45094],[-16.25362,28.45071],[-16.25398,28.45047],[-16.25431,28.45043],[-16.25574,28.45058],[-16.256,28.45052],[-16.25669,28.45059],[-16.25833,28.45134],[-16.25944,28.4517],[-16.25958,28.45302],[-16.25721,28.45804],[-16.25711,28.45895],[-16.2556,28.45931],[-16.25536,28.45847],[-16.25577,28.45755],[-16.25522,28.45734],[-16.25624,28.45521],[-16.2542,28.45445],[-16.25367,28.45345]]]}},{"type":"Feature","properties":{"id":"3803804001"},"geometry":{"type":"Polygon","coordinates":[[[-16.26915,28.473],[-16.26814,28.47155],[-16.26779,28.47122],[-16.26766,28.47123],[-16.26762,28.47091],[-16.2673,28.47091],[-16.26708,28.4707],[-16.26712,28.47017],[-16.26782,28.46912],[-16.26895,28.46946],[-16.26897,28.46977],[-16.2687,28.4704],[-16.26892,28.47098],[-16.26915,28.47122],[-16.26995,28.47168],[-16.27022,28.47193],[-16.27025,28.47224],[-16.27011,28.47271],[-16.26951,28.47308],[-16.26931,28.47293],[-16.26915,28.473]]]}},{"type":"Feature","properties":{"id":"3803804002"},"geometry":{"type":"Polygon","coordinates":[[[-16.26897,28.46977],[-16.26889,28.46892],[-16.26862,28.46838],[-16.26825,28.46803],[-16.26807,28.46767],[-16.26769,28.46752],[-16.26858,28.46741],[-16.26941,28.46776],[-16.27091,28.4676],[-16.27109,28.46803],[-16.26958,28.47077],[-16.2692,28.47125],[-16.26894,28.47102],[-16.2687,28.4704],[-16.26897,28.46977]]]}},{"type":"Feature","properties":{"id":"3803804003"},"geometry":{"type":"Polygon","coordinates":[[[-16.26962,28.47067],[-16.27109,28.46803],[-16.27168,28.46942],[-16.27055,28.47149],[-16.27061,28.47166],[-16.27035,28.47174],[-16.27021,28.47191],[-16.26995,28.47168],[-16.2692,28.47125],[-16.26962,28.47067]]]}},{"type":"Feature","properties":{"id":"3803804004"},"geometry":{"type":"Polygon","coordinates":[[[-16.27088,28.47346],[-16.27075,28.47324],[-16.27033,28.47304],[-16.27014,28.47282],[-16.27025,28.47224],[-16.27021,28.47191],[-16.27035,28.47174],[-16.27061,28.47166],[-16.27055,28.47149],[-16.27168,28.46942],[-16.27228,28.47085],[-16.27088,28.47346]]]}},{"type":"Feature","properties":{"id":"3803804005"},"geometry":{"type":"Polygon","coordinates":[[[-16.27197,28.47144],[-16.27228,28.47085],[-16.27109,28.46803],[-16.27124,28.46802],[-16.27373,28.46922],[-16.27263,28.47127],[-16.27256,28.47164],[-16.27234,28.47164],[-16.27197,28.47144]]]}},{"type":"Feature","properties":{"id":"3803804006"},"geometry":{"type":"Polygon","coordinates":[[[-16.27089,28.47546],[-16.27097,28.47499],[-16.27093,28.47466],[-16.27088,28.47449],[-16.27062,28.47424],[-16.27085,28.47385],[-16.27088,28.47346],[-16.27197,28.47144],[-16.27234,28.47164],[-16.27256,28.47164],[-16.27263,28.47127],[-16.27373,28.46922],[-16.27497,28.46952],[-16.27603,28.46965],[-16.27722,28.46924],[-16.27659,28.4702],[-16.2763,28.47025],[-16.27576,28.47056],[-16.27539,28.47116],[-16.27431,28.47123],[-16.27412,28.47116],[-16.27148,28.47607],[-16.27095,28.47571],[-16.27089,28.47546]]]}},{"type":"Feature","properties":{"id":"3803804007"},"geometry":{"type":"Polygon","coordinates":[[[-16.27328,28.47277],[-16.27412,28.47116],[-16.27431,28.47123],[-16.27539,28.47116],[-16.27674,28.47123],[-16.27727,28.47144],[-16.27591,28.47233],[-16.27551,28.47279],[-16.27509,28.47356],[-16.27496,28.47347],[-16.27502,28.4727],[-16.27328,28.47277]]]}},{"type":"Feature","properties":{"id":"3803804009"},"geometry":{"type":"Polygon","coordinates":[[[-16.27893,28.47114],[-16.27852,28.47065],[-16.27727,28.47144],[-16.27674,28.47123],[-16.27539,28.47116],[-16.27576,28.47056],[-16.2763,28.47025],[-16.27659,28.4702],[-16.27722,28.46924],[-16.27844,28.46891],[-16.27907,28.46848],[-16.2805,28.46852],[-16.28041,28.46875],[-16.2806,28.46876],[-16.27924,28.47176],[-16.27903,28.47179],[-16.27893,28.47114]]]}},{"type":"Feature","properties":{"id":"3803804011"},"geometry":{"type":"Polygon","coordinates":[[[-16.27699,28.47163],[-16.27852,28.47065],[-16.27893,28.47114],[-16.27903,28.47179],[-16.27924,28.47176],[-16.27827,28.47389],[-16.27783,28.47373],[-16.27772,28.47383],[-16.27736,28.47372],[-16.27699,28.47163]]]}},{"type":"Feature","properties":{"id":"3803804012"},"geometry":{"type":"Polygon","coordinates":[[[-16.27808,28.47456],[-16.27776,28.47446],[-16.27766,28.4748],[-16.27746,28.47502],[-16.27703,28.47506],[-16.27664,28.47535],[-16.27645,28.47538],[-16.27589,28.4752],[-16.27549,28.47519],[-16.27517,28.47497],[-16.2747,28.475],[-16.27438,28.47552],[-16.27376,28.47574],[-16.27566,28.47258],[-16.27699,28.47163],[-16.27736,28.47372],[-16.27772,28.47383],[-16.27783,28.47373],[-16.27827,28.47389],[-16.27808,28.47427],[-16.27808,28.47456]]]}},{"type":"Feature","properties":{"id":"3803804014"},"geometry":{"type":"Polygon","coordinates":[[[-16.27148,28.47607],[-16.27328,28.47277],[-16.27502,28.4727],[-16.27496,28.47347],[-16.27509,28.47356],[-16.27376,28.47574],[-16.27334,28.4759],[-16.27314,28.47635],[-16.27246,28.47596],[-16.27205,28.47595],[-16.27174,28.47613],[-16.27148,28.47607]]]}},{"type":"Feature","properties":{"id":"3803804015"},"geometry":{"type":"Polygon","coordinates":[[[-16.26391,28.4762],[-16.26466,28.47575],[-16.26458,28.47523],[-16.26472,28.47475],[-16.26535,28.47483],[-16.26724,28.474],[-16.26735,28.47369],[-16.26708,28.47241],[-16.26766,28.47123],[-16.26779,28.47122],[-16.26814,28.47155],[-16.26912,28.473],[-16.26931,28.47293],[-16.26951,28.47308],[-16.27011,28.47271],[-16.27025,28.47298],[-16.27075,28.47324],[-16.27088,28.47346],[-16.27085,28.47385],[-16.27062,28.47424],[-16.27088,28.47449],[-16.27096,28.47479],[-16.27038,28.47511],[-16.26959,28.4754],[-16.26857,28.47612],[-16.26722,28.47674],[-16.26634,28.47704],[-16.26391,28.4762]]]}},{"type":"Feature","properties":{"id":"3803805001"},"geometry":{"type":"Polygon","coordinates":[[[-16.25389,28.47037],[-16.25548,28.46867],[-16.25694,28.46883],[-16.25686,28.46933],[-16.25901,28.46954],[-16.25895,28.47025],[-16.25822,28.47097],[-16.25595,28.47251],[-16.25389,28.47037]]]}},{"type":"Feature","properties":{"id":"3803805002"},"geometry":{"type":"Polygon","coordinates":[[[-16.25694,28.46883],[-16.25548,28.46867],[-16.25608,28.46805],[-16.26072,28.46849],[-16.25895,28.47025],[-16.25901,28.46954],[-16.25686,28.46933],[-16.25694,28.46883]]]}},{"type":"Feature","properties":{"id":"3803805003"},"geometry":{"type":"Polygon","coordinates":[[[-16.25608,28.46805],[-16.25614,28.46736],[-16.26131,28.46784],[-16.26072,28.46849],[-16.25608,28.46805]]]}},{"type":"Feature","properties":{"id":"3803805004"},"geometry":{"type":"Polygon","coordinates":[[[-16.25614,28.46736],[-16.25627,28.46604],[-16.25827,28.46622],[-16.25806,28.46754],[-16.25614,28.46736]]]}},{"type":"Feature","properties":{"id":"3803805005"},"geometry":{"type":"Polygon","coordinates":[[[-16.26179,28.46653],[-16.25705,28.46611],[-16.25718,28.46538],[-16.26145,28.46575],[-16.26162,28.4661],[-16.26192,28.46617],[-16.26179,28.46653]]]}},{"type":"Feature","properties":{"id":"3803805006"},"geometry":{"type":"Polygon","coordinates":[[[-16.25922,28.46765],[-16.25938,28.46632],[-16.26179,28.46653],[-16.26131,28.46784],[-16.25922,28.46765]]]}},{"type":"Feature","properties":{"id":"3803805007"},"geometry":{"type":"Polygon","coordinates":[[[-16.26108,28.46813],[-16.26131,28.46784],[-16.26192,28.46617],[-16.26346,28.46673],[-16.26401,28.46748],[-16.26466,28.46791],[-16.26443,28.46811],[-16.26356,28.46801],[-16.2634,28.46925],[-16.26108,28.46813]]]}},{"type":"Feature","properties":{"id":"3803805008"},"geometry":{"type":"Polygon","coordinates":[[[-16.2632,28.47087],[-16.26007,28.46914],[-16.26108,28.46813],[-16.2634,28.46925],[-16.2632,28.47087]]]}},{"type":"Feature","properties":{"id":"3803805009"},"geometry":{"type":"Polygon","coordinates":[[[-16.26016,28.47511],[-16.25761,28.47372],[-16.25831,28.47323],[-16.25951,28.47265],[-16.25879,28.47276],[-16.2582,28.47296],[-16.25822,28.47285],[-16.25869,28.47255],[-16.25874,28.47242],[-16.25832,28.47249],[-16.2572,28.47167],[-16.25822,28.47097],[-16.26007,28.46914],[-16.2621,28.47025],[-16.26194,28.47044],[-16.26209,28.47059],[-16.26239,28.47155],[-16.26362,28.47253],[-16.26327,28.4727],[-16.26326,28.47281],[-16.26398,28.47314],[-16.2634,28.47326],[-16.26311,28.47384],[-16.26367,28.47425],[-16.26409,28.47512],[-16.26418,28.47558],[-16.26386,28.4762],[-16.26374,28.47612],[-16.26368,28.47569],[-16.26331,28.47541],[-16.26257,28.47532],[-16.26203,28.47511],[-16.26176,28.47492],[-16.2608,28.47485],[-16.26031,28.47494],[-16.26016,28.47511]]]}},{"type":"Feature","properties":{"id":"3803805010"},"geometry":{"type":"Polygon","coordinates":[[[-16.25687,28.47575],[-16.25531,28.47564],[-16.25371,28.47455],[-16.25333,28.47405],[-16.25557,28.47277],[-16.2572,28.47167],[-16.25832,28.47249],[-16.25874,28.47242],[-16.25869,28.47255],[-16.25822,28.47285],[-16.2582,28.47296],[-16.25879,28.47276],[-16.25951,28.47265],[-16.25831,28.47323],[-16.25761,28.47372],[-16.26016,28.47511],[-16.2602,28.47526],[-16.26078,28.4751],[-16.26156,28.47526],[-16.26149,28.47536],[-16.26106,28.47532],[-16.26074,28.4754],[-16.26052,28.47583],[-16.26062,28.47619],[-16.26089,28.47643],[-16.26106,28.47721],[-16.261,28.4778],[-16.26082,28.47821],[-16.2609,28.47873],[-16.26069,28.47905],[-16.25913,28.47726],[-16.25813,28.47664],[-16.25742,28.4759],[-16.25687,28.47575]]]}},{"type":"Feature","properties":{"id":"3803805011"},"geometry":{"type":"Polygon","coordinates":[[[-16.25705,28.46611],[-16.25627,28.46604],[-16.2564,28.46477],[-16.25717,28.46424],[-16.25746,28.46413],[-16.25847,28.46402],[-16.25876,28.46404],[-16.25933,28.46425],[-16.26012,28.46475],[-16.26057,28.46487],[-16.26123,28.4654],[-16.26145,28.46575],[-16.25718,28.46538],[-16.25705,28.46611]]]}},{"type":"Feature","properties":{"id":"3803805012"},"geometry":{"type":"Polygon","coordinates":[[[-16.26387,28.4762],[-16.26418,28.47558],[-16.26411,28.47516],[-16.26367,28.47425],[-16.26311,28.47384],[-16.2634,28.47326],[-16.26398,28.47314],[-16.26326,28.47281],[-16.26327,28.4727],[-16.26362,28.47253],[-16.26239,28.47155],[-16.26209,28.47059],[-16.26194,28.47044],[-16.2621,28.47025],[-16.2632,28.47087],[-16.26335,28.46967],[-16.26616,28.47103],[-16.26649,28.47047],[-16.2668,28.47061],[-16.26712,28.47017],[-16.26708,28.4707],[-16.2673,28.47091],[-16.26762,28.47091],[-16.26766,28.47123],[-16.26708,28.47241],[-16.26735,28.47369],[-16.26724,28.474],[-16.26535,28.47483],[-16.26472,28.47475],[-16.26458,28.47523],[-16.26466,28.47575],[-16.26387,28.4762]]]}},{"type":"Feature","properties":{"id":"3803805013"},"geometry":{"type":"Polygon","coordinates":[[[-16.26616,28.47103],[-16.26459,28.47027],[-16.26578,28.46853],[-16.26443,28.46811],[-16.26466,28.46791],[-16.26616,28.46782],[-16.26682,28.46745],[-16.26763,28.4675],[-16.26807,28.46767],[-16.26825,28.46803],[-16.26866,28.46844],[-16.26889,28.46892],[-16.26895,28.46946],[-16.26782,28.46912],[-16.2668,28.47061],[-16.26649,28.47047],[-16.26616,28.47103]]]}},{"type":"Feature","properties":{"id":"3803805014"},"geometry":{"type":"Polygon","coordinates":[[[-16.26335,28.46967],[-16.26356,28.46801],[-16.26432,28.46807],[-16.26578,28.46853],[-16.26459,28.47027],[-16.26335,28.46967]]]}},{"type":"Feature","properties":{"id":"3803805015"},"geometry":{"type":"Polygon","coordinates":[[[-16.25806,28.46754],[-16.25827,28.46622],[-16.25938,28.46632],[-16.25922,28.46765],[-16.25806,28.46754]]]}},{"type":"Feature","properties":{"id":"3803806001"},"geometry":{"type":"Polygon","coordinates":[[[-16.26412,28.46759],[-16.26563,28.46628],[-16.26532,28.46602],[-16.26522,28.46582],[-16.2653,28.46481],[-16.268,28.46531],[-16.26891,28.46537],[-16.26691,28.46606],[-16.26466,28.46791],[-16.26412,28.46759]]]}},{"type":"Feature","properties":{"id":"3803806002"},"geometry":{"type":"Polygon","coordinates":[[[-16.268,28.46531],[-16.26405,28.46459],[-16.26449,28.46237],[-16.26615,28.46109],[-16.26999,28.46503],[-16.26891,28.46537],[-16.268,28.46531]]]}},{"type":"Feature","properties":{"id":"3803806003"},"geometry":{"type":"Polygon","coordinates":[[[-16.26414,28.45899],[-16.26491,28.45644],[-16.26547,28.45616],[-16.26604,28.45636],[-16.267,28.45642],[-16.26721,28.4565],[-16.26759,28.45729],[-16.26457,28.45949],[-16.26414,28.45899]]]}},{"type":"Feature","properties":{"id":"3803806004"},"geometry":{"type":"Polygon","coordinates":[[[-16.26457,28.45949],[-16.26757,28.45729],[-16.26819,28.45759],[-16.26503,28.45995],[-16.26457,28.45949]]]}},{"type":"Feature","properties":{"id":"3803806005"},"geometry":{"type":"Polygon","coordinates":[[[-16.26953,28.46459],[-16.2696,28.46452],[-16.27163,28.46298],[-16.27217,28.46432],[-16.26999,28.46503],[-16.26953,28.46459]]]}},{"type":"Feature","properties":{"id":"3803806006"},"geometry":{"type":"Polygon","coordinates":[[[-16.27636,28.46213],[-16.27607,28.46219],[-16.2752,28.46273],[-16.27478,28.46288],[-16.27484,28.46251],[-16.2755,28.46158],[-16.27568,28.46112],[-16.27617,28.46105],[-16.27681,28.46047],[-16.27712,28.4603],[-16.27802,28.459],[-16.27884,28.4587],[-16.28056,28.4587],[-16.28195,28.45947],[-16.28196,28.45959],[-16.28222,28.45967],[-16.28219,28.45984],[-16.28172,28.4599],[-16.2809,28.46064],[-16.28021,28.46104],[-16.27984,28.46142],[-16.27981,28.46164],[-16.28024,28.4627],[-16.27941,28.46383],[-16.27906,28.46408],[-16.27676,28.46469],[-16.27633,28.46463],[-16.27621,28.46444],[-16.27622,28.46424],[-16.27672,28.4638],[-16.27698,28.46339],[-16.27686,28.46252],[-16.27673,28.4623],[-16.27636,28.46213]]]}},{"type":"Feature","properties":{"id":"3803806007"},"geometry":{"type":"Polygon","coordinates":[[[-16.28219,28.46115],[-16.28256,28.46032],[-16.2825,28.46004],[-16.28219,28.45984],[-16.28222,28.45967],[-16.28246,28.45978],[-16.28421,28.45967],[-16.28426,28.45992],[-16.28574,28.46075],[-16.28588,28.46076],[-16.28627,28.4604],[-16.28725,28.45876],[-16.28752,28.4585],[-16.29024,28.45833],[-16.28991,28.46013],[-16.28865,28.46108],[-16.28543,28.46319],[-16.28269,28.46515],[-16.28266,28.46487],[-16.28282,28.46413],[-16.28219,28.46115]]]}},{"type":"Feature","properties":{"id":"3803806008"},"geometry":{"type":"Polygon","coordinates":[[[-16.27989,28.46634],[-16.27637,28.4649],[-16.27645,28.46469],[-16.27676,28.46469],[-16.27786,28.46436],[-16.27859,28.46423],[-16.27925,28.46396],[-16.27978,28.46339],[-16.28024,28.4627],[-16.27981,28.46164],[-16.27993,28.46129],[-16.2809,28.46064],[-16.28172,28.4599],[-16.28202,28.45981],[-16.28236,28.45991],[-16.2825,28.46004],[-16.28256,28.46032],[-16.28221,28.46103],[-16.28219,28.46134],[-16.28282,28.46413],[-16.28266,28.46487],[-16.28269,28.46515],[-16.28159,28.46591],[-16.28101,28.46725],[-16.28057,28.46678],[-16.27989,28.46634]]]}},{"type":"Feature","properties":{"id":"3803806010"},"geometry":{"type":"Polygon","coordinates":[[[-16.27593,28.46658],[-16.2744,28.46631],[-16.27437,28.46645],[-16.27273,28.46596],[-16.27261,28.46623],[-16.27272,28.4665],[-16.27222,28.46666],[-16.27135,28.46459],[-16.27217,28.46432],[-16.27372,28.46552],[-16.2745,28.46581],[-16.27605,28.46605],[-16.27593,28.46658]]]}},{"type":"Feature","properties":{"id":"3803806011"},"geometry":{"type":"Polygon","coordinates":[[[-16.26982,28.46509],[-16.27135,28.46459],[-16.2718,28.46568],[-16.2703,28.46619],[-16.26982,28.46509]]]}},{"type":"Feature","properties":{"id":"3803806012"},"geometry":{"type":"Polygon","coordinates":[[[-16.27056,28.46678],[-16.26809,28.46702],[-16.26791,28.46683],[-16.26765,28.46676],[-16.26728,28.46687],[-16.26684,28.46611],[-16.26982,28.46509],[-16.27056,28.46678]]]}},{"type":"Feature","properties":{"id":"3803806013"},"geometry":{"type":"Polygon","coordinates":[[[-16.26192,28.46617],[-16.26252,28.46433],[-16.2653,28.46481],[-16.26522,28.46582],[-16.26532,28.46602],[-16.26563,28.46628],[-16.26412,28.46759],[-16.26346,28.46673],[-16.26192,28.46617]]]}},{"type":"Feature","properties":{"id":"3803806014"},"geometry":{"type":"Polygon","coordinates":[[[-16.26773,28.46676],[-16.26809,28.46702],[-16.2683,28.46701],[-16.26838,28.46694],[-16.27056,28.46678],[-16.27091,28.4676],[-16.26941,28.46776],[-16.26858,28.46741],[-16.26769,28.46752],[-16.26682,28.46745],[-16.26596,28.46786],[-16.26466,28.46791],[-16.26684,28.46611],[-16.26728,28.46687],[-16.26773,28.46676]]]}},{"type":"Feature","properties":{"id":"3803806016"},"geometry":{"type":"Polygon","coordinates":[[[-16.26931,28.45981],[-16.26693,28.45914],[-16.2664,28.45894],[-16.2683,28.45752],[-16.27004,28.45925],[-16.26931,28.45981]]]}},{"type":"Feature","properties":{"id":"3803806017"},"geometry":{"type":"Polygon","coordinates":[[[-16.26678,28.46174],[-16.26966,28.45953],[-16.2702,28.4602],[-16.27144,28.46076],[-16.26826,28.46326],[-16.26678,28.46174]]]}},{"type":"Feature","properties":{"id":"3803806018"},"geometry":{"type":"Polygon","coordinates":[[[-16.27484,28.46251],[-16.27376,28.46237],[-16.2731,28.46184],[-16.27227,28.46249],[-16.2718,28.46204],[-16.27255,28.46144],[-16.27201,28.46105],[-16.2702,28.4602],[-16.26966,28.45954],[-16.27004,28.45925],[-16.2707,28.45996],[-16.27114,28.46028],[-16.27206,28.46069],[-16.27257,28.46077],[-16.27317,28.46112],[-16.27377,28.46122],[-16.27408,28.46137],[-16.27479,28.46131],[-16.27498,28.46138],[-16.27566,28.46122],[-16.27484,28.46251]]]}},{"type":"Feature","properties":{"id":"3803806019"},"geometry":{"type":"Polygon","coordinates":[[[-16.27484,28.46251],[-16.27478,28.46288],[-16.27371,28.46303],[-16.27334,28.46318],[-16.2727,28.46415],[-16.27217,28.46432],[-16.27163,28.46298],[-16.2731,28.46184],[-16.27376,28.46237],[-16.27484,28.46251]]]}},{"type":"Feature","properties":{"id":"3803806020"},"geometry":{"type":"Polygon","coordinates":[[[-16.27072,28.46715],[-16.2703,28.46619],[-16.2718,28.46568],[-16.27222,28.46666],[-16.27072,28.46715]]]}},{"type":"Feature","properties":{"id":"3803806021"},"geometry":{"type":"Polygon","coordinates":[[[-16.27635,28.46958],[-16.27639,28.46875],[-16.27675,28.46879],[-16.27711,28.46774],[-16.27717,28.46696],[-16.27707,28.46611],[-16.27749,28.46539],[-16.27989,28.46634],[-16.28057,28.46678],[-16.28101,28.46725],[-16.2805,28.46852],[-16.27907,28.46848],[-16.27844,28.46891],[-16.27702,28.46927],[-16.27635,28.46958]]]}},{"type":"Feature","properties":{"id":"3803806022"},"geometry":{"type":"Polygon","coordinates":[[[-16.27373,28.46922],[-16.27124,28.46802],[-16.27109,28.46803],[-16.27072,28.46715],[-16.27272,28.4665],[-16.27261,28.46623],[-16.27273,28.46596],[-16.27437,28.46645],[-16.2744,28.46631],[-16.27593,28.46658],[-16.27578,28.46709],[-16.27521,28.4681],[-16.27487,28.4695],[-16.27373,28.46922]]]}},{"type":"Feature","properties":{"id":"3803806023"},"geometry":{"type":"Polygon","coordinates":[[[-16.26826,28.46326],[-16.27144,28.46076],[-16.27255,28.46144],[-16.2718,28.46204],[-16.27227,28.46249],[-16.26953,28.46459],[-16.26826,28.46326]]]}},{"type":"Feature","properties":{"id":"3803806025"},"geometry":{"type":"Polygon","coordinates":[[[-16.26252,28.46433],[-16.26334,28.46223],[-16.26413,28.45903],[-16.26615,28.46109],[-16.26449,28.46237],[-16.26405,28.46459],[-16.26252,28.46433]]]}},{"type":"Feature","properties":{"id":"3803806026"},"geometry":{"type":"Polygon","coordinates":[[[-16.26503,28.45995],[-16.2664,28.45894],[-16.26931,28.45981],[-16.26678,28.46174],[-16.26503,28.45995]]]}},{"type":"Feature","properties":{"id":"3803806028"},"geometry":{"type":"Polygon","coordinates":[[[-16.27605,28.46605],[-16.2745,28.46581],[-16.27372,28.46552],[-16.27217,28.46432],[-16.2727,28.46415],[-16.27334,28.46318],[-16.27371,28.46303],[-16.27507,28.4628],[-16.27607,28.46219],[-16.27636,28.46213],[-16.27673,28.4623],[-16.27686,28.46252],[-16.27698,28.46339],[-16.27672,28.4638],[-16.27622,28.46424],[-16.27625,28.46455],[-16.27645,28.46469],[-16.27637,28.4649],[-16.27749,28.46539],[-16.27707,28.46611],[-16.27716,28.46657],[-16.27605,28.46605]]]}},{"type":"Feature","properties":{"id":"3803806029"},"geometry":{"type":"Polygon","coordinates":[[[-16.27487,28.4695],[-16.27521,28.4681],[-16.27583,28.46698],[-16.27605,28.46605],[-16.27716,28.46657],[-16.27716,28.46744],[-16.27693,28.46827],[-16.27675,28.46879],[-16.27639,28.46875],[-16.27635,28.46958],[-16.27603,28.46965],[-16.27487,28.4695]]]}},{"type":"Feature","properties":{"id":"3803807001"},"geometry":{"type":"Polygon","coordinates":[[[-16.22965,28.50045],[-16.22817,28.49991],[-16.2274,28.49996],[-16.22705,28.49991],[-16.22663,28.49981],[-16.22624,28.49961],[-16.22606,28.49892],[-16.22612,28.4984],[-16.22674,28.49613],[-16.22671,28.49557],[-16.22657,28.49488],[-16.22616,28.49401],[-16.22577,28.49157],[-16.2254,28.4914],[-16.225,28.49066],[-16.22518,28.49043],[-16.22528,28.48992],[-16.22462,28.48975],[-16.22468,28.48955],[-16.22462,28.48943],[-16.22468,28.48917],[-16.22486,28.48902],[-16.2272,28.48963],[-16.2274,28.48913],[-16.2272,28.48907],[-16.2273,28.48876],[-16.22999,28.48587],[-16.23013,28.48597],[-16.23001,28.48609],[-16.23078,28.48661],[-16.23068,28.48692],[-16.2318,28.48813],[-16.2344,28.48918],[-16.23473,28.49104],[-16.23539,28.49189],[-16.23575,28.49289],[-16.23616,28.49323],[-16.2362,28.49338],[-16.23615,28.49355],[-16.23568,28.49398],[-16.23526,28.49454],[-16.23504,28.49504],[-16.2344,28.49548],[-16.2341,28.49618],[-16.23376,28.49772],[-16.23389,28.49951],[-16.23383,28.49956],[-16.2318,28.49956],[-16.2302,28.50039],[-16.22965,28.50045]]]}},{"type":"Feature","properties":{"id":"3803807002"},"geometry":{"type":"Polygon","coordinates":[[[-16.20539,28.54986],[-16.20532,28.54902],[-16.20548,28.54904],[-16.20579,28.54881],[-16.20601,28.54825],[-16.20575,28.54787],[-16.20525,28.54656],[-16.20543,28.5464],[-16.20616,28.5464],[-16.20636,28.54629],[-16.20639,28.54618],[-16.20613,28.54589],[-16.20625,28.54537],[-16.20622,28.5449],[-16.20555,28.54403],[-16.20576,28.54354],[-16.20571,28.54335],[-16.2055,28.54317],[-16.20513,28.54308],[-16.20487,28.54264],[-16.20454,28.54241],[-16.20441,28.54242],[-16.20439,28.54252],[-16.20472,28.54268],[-16.20484,28.54313],[-16.20532,28.54332],[-16.2054,28.54345],[-16.20539,28.54361],[-16.2051,28.54387],[-16.205,28.54436],[-16.20451,28.54461],[-16.2043,28.54495],[-16.20408,28.54494],[-16.20375,28.54469],[-16.20319,28.54369],[-16.203,28.54367],[-16.20264,28.54438],[-16.20262,28.54476],[-16.20246,28.54514],[-16.20261,28.54544],[-16.20255,28.54571],[-16.20233,28.54584],[-16.20193,28.54585],[-16.20162,28.54613],[-16.20129,28.54604],[-16.20117,28.54559],[-16.20078,28.54496],[-16.20062,28.54449],[-16.20032,28.54442],[-16.1996,28.54486],[-16.19941,28.54489],[-16.19866,28.54452],[-16.19849,28.54436],[-16.19824,28.54386],[-16.19801,28.54384],[-16.19763,28.54405],[-16.19756,28.54418],[-16.19763,28.54465],[-16.19726,28.54512],[-16.19661,28.54514],[-16.19602,28.54481],[-16.19553,28.54473],[-16.19538,28.54463],[-16.19546,28.54443],[-16.19639,28.54473],[-16.19695,28.54464],[-16.19705,28.54446],[-16.19701,28.54404],[-16.19715,28.54385],[-16.198,28.54329],[-16.19855,28.54325],[-16.19865,28.54312],[-16.19851,28.54299],[-16.19809,28.54305],[-16.19743,28.54328],[-16.19704,28.54363],[-16.19661,28.54371],[-16.19632,28.54361],[-16.19518,28.54289],[-16.19481,28.54216],[-16.19479,28.54194],[-16.19496,28.54184],[-16.19521,28.5419],[-16.19529,28.54203],[-16.19525,28.54252],[-16.19542,28.54257],[-16.19557,28.54252],[-16.19566,28.54235],[-16.19565,28.54172],[-16.1959,28.54101],[-16.19607,28.54079],[-16.19619,28.54077],[-16.19628,28.54088],[-16.19611,28.54159],[-16.19614,28.5418],[-16.19632,28.54188],[-16.19699,28.5419],[-16.19712,28.54218],[-16.19737,28.5423],[-16.19762,28.54221],[-16.19806,28.54155],[-16.1988,28.54125],[-16.19912,28.54133],[-16.19938,28.54175],[-16.1997,28.54175],[-16.20018,28.54129],[-16.20021,28.54105],[-16.19961,28.54029],[-16.19953,28.53991],[-16.19951,28.53942],[-16.1997,28.53898],[-16.19938,28.53847],[-16.19964,28.53807],[-16.19966,28.53786],[-16.19947,28.53772],[-16.19891,28.53764],[-16.19848,28.53698],[-16.19865,28.53663],[-16.19861,28.53645],[-16.19785,28.53606],[-16.19816,28.5354],[-16.19852,28.53527],[-16.19867,28.53502],[-16.19866,28.53484],[-16.19838,28.53446],[-16.19832,28.53408],[-16.19835,28.5339],[-16.19872,28.53358],[-16.19866,28.5329],[-16.19851,28.53278],[-16.19808,28.53281],[-16.1979,28.53269],[-16.1976,28.5324],[-16.19761,28.53204],[-16.19748,28.53185],[-16.19698,28.53176],[-16.19644,28.53197],[-16.19606,28.53191],[-16.19584,28.5318],[-16.19563,28.53156],[-16.19517,28.53139],[-16.19519,28.53095],[-16.19508,28.53074],[-16.19433,28.53076],[-16.1941,28.53047],[-16.19427,28.53004],[-16.19415,28.52968],[-16.19431,28.52945],[-16.19475,28.52941],[-16.19524,28.52967],[-16.19549,28.52935],[-16.19587,28.52921],[-16.1959,28.52907],[-16.19567,28.52865],[-16.19599,28.52836],[-16.19605,28.52812],[-16.19516,28.52744],[-16.19537,28.5266],[-16.19502,28.52618],[-16.19486,28.52614],[-16.19453,28.5263],[-16.19431,28.52629],[-16.19358,28.52598],[-16.19326,28.52566],[-16.19332,28.52544],[-16.19354,28.52519],[-16.19334,28.52458],[-16.1934,28.52432],[-16.19399,28.524],[-16.19404,28.52382],[-16.19353,28.52348],[-16.19325,28.52255],[-16.1934,28.52208],[-16.19379,28.52169],[-16.19345,28.52109],[-16.1936,28.52077],[-16.1934,28.52046],[-16.19328,28.51998],[-16.1933,28.51956],[-16.19362,28.51928],[-16.19364,28.51912],[-16.19342,28.51884],[-16.19341,28.51848],[-16.19301,28.51826],[-16.19278,28.51763],[-16.19286,28.51743],[-16.19315,28.51723],[-16.19341,28.5171],[-16.19374,28.51707],[-16.19387,28.51693],[-16.19395,28.51663],[-16.19417,28.51636],[-16.19442,28.51524],[-16.19488,28.51433],[-16.19493,28.51391],[-16.19444,28.51332],[-16.19369,28.51314],[-16.19327,28.51294],[-16.19221,28.51297],[-16.19201,28.51287],[-16.19202,28.51257],[-16.19228,28.51203],[-16.19246,28.51101],[-16.19225,28.51026],[-16.19175,28.50964],[-16.19175,28.50932],[-16.19186,28.50893],[-16.19216,28.50843],[-16.19236,28.50717],[-16.19272,28.50683],[-16.19339,28.50685],[-16.19399,28.50602],[-16.19396,28.50568],[-16.19293,28.50439],[-16.19317,28.50312],[-16.19282,28.50287],[-16.19301,28.50266],[-16.19371,28.50094],[-16.19422,28.50033],[-16.19471,28.50007],[-16.19532,28.49991],[-16.19529,28.49954],[-16.19545,28.49945],[-16.20204,28.49735],[-16.21094,28.49276],[-16.2114,28.49333],[-16.21146,28.4935],[-16.21137,28.49361],[-16.21121,28.49363],[-16.21093,28.49322],[-16.21083,28.49325],[-16.21078,28.49335],[-16.20194,28.49789],[-16.20272,28.49907],[-16.20681,28.49697],[-16.20829,28.49905],[-16.20875,28.49932],[-16.20933,28.49944],[-16.20986,28.49968],[-16.21046,28.5004],[-16.21184,28.50168],[-16.21232,28.50225],[-16.21246,28.50294],[-16.21248,28.50394],[-16.21291,28.50565],[-16.21424,28.50863],[-16.215,28.51063],[-16.21624,28.51326],[-16.21662,28.51446],[-16.21717,28.51778],[-16.21759,28.51895],[-16.21872,28.52133],[-16.21982,28.52456],[-16.221,28.52924],[-16.221,28.53122],[-16.22059,28.53385],[-16.2201,28.53613],[-16.21984,28.53654],[-16.21951,28.53789],[-16.21917,28.53883],[-16.2192,28.53915],[-16.2194,28.53927],[-16.22004,28.53918],[-16.22058,28.53954],[-16.22141,28.53938],[-16.22259,28.54006],[-16.22295,28.54014],[-16.2232,28.54055],[-16.22289,28.54105],[-16.22218,28.54101],[-16.22162,28.5412],[-16.22154,28.54156],[-16.22114,28.54175],[-16.22071,28.54223],[-16.21989,28.54222],[-16.2198,28.54231],[-16.21991,28.54277],[-16.21968,28.54323],[-16.21951,28.54333],[-16.21913,28.54328],[-16.21896,28.54338],[-16.21821,28.54434],[-16.21811,28.54451],[-16.21811,28.54485],[-16.21775,28.54531],[-16.21727,28.54554],[-16.21686,28.54594],[-16.21583,28.54642],[-16.2152,28.54638],[-16.21426,28.54668],[-16.21349,28.54674],[-16.21307,28.54698],[-16.21202,28.54718],[-16.21164,28.54744],[-16.21141,28.54749],[-16.21008,28.54695],[-16.2086,28.54583],[-16.20843,28.5456],[-16.20822,28.54561],[-16.20824,28.54577],[-16.20872,28.54607],[-16.20896,28.5464],[-16.20879,28.547],[-16.20902,28.5474],[-16.20902,28.54762],[-16.20891,28.5477],[-16.20828,28.54778],[-16.20786,28.54769],[-16.20733,28.54732],[-16.20718,28.54732],[-16.20705,28.5479],[-16.20736,28.54828],[-16.20722,28.5488],[-16.20629,28.54963],[-16.20579,28.54984],[-16.20539,28.54986]]]}},{"type":"Feature","properties":{"id":"3803807003"},"geometry":{"type":"Polygon","coordinates":[[[-16.13981,28.52908],[-16.13981,28.52892],[-16.13956,28.52881],[-16.13927,28.52836],[-16.13854,28.52773],[-16.13845,28.52752],[-16.13849,28.52712],[-16.13857,28.52708],[-16.13868,28.52723],[-16.13878,28.52706],[-16.1387,28.52693],[-16.13906,28.52673],[-16.13948,28.52692],[-16.13986,28.52674],[-16.14008,28.52687],[-16.14007,28.52672],[-16.14024,28.52669],[-16.14051,28.52648],[-16.14056,28.52633],[-16.14048,28.5262],[-16.14056,28.52608],[-16.1411,28.5263],[-16.14111,28.52605],[-16.14132,28.52584],[-16.14135,28.52561],[-16.14148,28.52547],[-16.14162,28.52557],[-16.14171,28.52547],[-16.1422,28.52557],[-16.14225,28.52548],[-16.14248,28.52553],[-16.1428,28.52534],[-16.14283,28.52514],[-16.14275,28.52506],[-16.14289,28.52497],[-16.1431,28.52492],[-16.14318,28.52499],[-16.14324,28.52493],[-16.14332,28.52473],[-16.14319,28.52451],[-16.1433,28.52428],[-16.14303,28.52405],[-16.14336,28.52396],[-16.1434,28.52379],[-16.14359,28.52374],[-16.1437,28.52361],[-16.14359,28.52316],[-16.14347,28.52303],[-16.14353,28.52288],[-16.14327,28.52289],[-16.14314,28.52272],[-16.14335,28.52244],[-16.14321,28.52243],[-16.14304,28.52255],[-16.14345,28.52202],[-16.14367,28.52183],[-16.14385,28.52182],[-16.14385,28.52171],[-16.14375,28.52155],[-16.14328,28.52181],[-16.14315,28.52176],[-16.14324,28.5215],[-16.14317,28.52144],[-16.14373,28.52131],[-16.14386,28.52115],[-16.1444,28.52161],[-16.14469,28.52154],[-16.14463,28.52138],[-16.14473,28.52137],[-16.1452,28.52157],[-16.14522,28.5217],[-16.14552,28.52189],[-16.14568,28.52169],[-16.14574,28.5219],[-16.14598,28.52184],[-16.14606,28.52167],[-16.14631,28.52183],[-16.14637,28.5215],[-16.14672,28.52198],[-16.14697,28.52212],[-16.14727,28.52212],[-16.14853,28.52276],[-16.14942,28.52283],[-16.15153,28.52332],[-16.15251,28.52288],[-16.15377,28.5225],[-16.15409,28.5225],[-16.15569,28.52284],[-16.15661,28.52269],[-16.15856,28.52184],[-16.16034,28.5208],[-16.16059,28.52002],[-16.16102,28.52012],[-16.16144,28.51983],[-16.16166,28.51978],[-16.16204,28.52004],[-16.16234,28.52001],[-16.16235,28.51985],[-16.16246,28.51981],[-16.16256,28.51988],[-16.16372,28.51976],[-16.16456,28.51925],[-16.16486,28.51871],[-16.16527,28.51846],[-16.16555,28.51845],[-16.16652,28.51875],[-16.16685,28.5187],[-16.16782,28.51824],[-16.16812,28.51792],[-16.16845,28.51777],[-16.16931,28.51688],[-16.16935,28.51672],[-16.16969,28.51657],[-16.17007,28.51657],[-16.17024,28.51646],[-16.17094,28.5163],[-16.17142,28.516],[-16.17134,28.51577],[-16.17229,28.51524],[-16.17258,28.5156],[-16.17283,28.51555],[-16.17383,28.5147],[-16.17386,28.51447],[-16.17398,28.51439],[-16.17394,28.51415],[-16.1738,28.51412],[-16.17411,28.51398],[-16.17413,28.51377],[-16.17479,28.51349],[-16.17514,28.51369],[-16.17554,28.51371],[-16.17625,28.51311],[-16.17662,28.51254],[-16.17678,28.5125],[-16.17683,28.51232],[-16.17711,28.5121],[-16.17703,28.51155],[-16.17712,28.51133],[-16.17738,28.51111],[-16.17706,28.51042],[-16.17705,28.5102],[-16.17733,28.50999],[-16.17779,28.5103],[-16.17786,28.51019],[-16.17802,28.5103],[-16.17801,28.50981],[-16.17842,28.50975],[-16.18054,28.50812],[-16.1807,28.50817],[-16.1807,28.50834],[-16.1795,28.5093],[-16.17956,28.50953],[-16.1799,28.50979],[-16.18084,28.5101],[-16.1817,28.51013],[-16.18297,28.50989],[-16.18476,28.50928],[-16.1859,28.50875],[-16.187,28.50795],[-16.1881,28.50676],[-16.18904,28.50552],[-16.18916,28.50515],[-16.18886,28.50502],[-16.18825,28.50454],[-16.18824,28.50436],[-16.1891,28.50477],[-16.18979,28.50469],[-16.1908,28.50421],[-16.19195,28.5035],[-16.19194,28.5033],[-16.19208,28.50315],[-16.19202,28.50333],[-16.19241,28.50322],[-16.19282,28.50287],[-16.19317,28.50312],[-16.19293,28.50439],[-16.19396,28.50568],[-16.19401,28.5059],[-16.19341,28.50684],[-16.19272,28.50683],[-16.19232,28.50728],[-16.19216,28.50843],[-16.1918,28.50905],[-16.19173,28.50952],[-16.19179,28.50974],[-16.19235,28.51045],[-16.19246,28.51101],[-16.19228,28.51203],[-16.1921,28.5123],[-16.19199,28.51279],[-16.19221,28.51297],[-16.19327,28.51294],[-16.19369,28.51314],[-16.19444,28.51332],[-16.19489,28.51381],[-16.19493,28.51406],[-16.19488,28.51433],[-16.19442,28.51524],[-16.19417,28.51636],[-16.19395,28.51663],[-16.19387,28.51693],[-16.19374,28.51707],[-16.19341,28.5171],[-16.19315,28.51723],[-16.19286,28.51743],[-16.19278,28.51763],[-16.19301,28.51826],[-16.19341,28.51848],[-16.19342,28.51884],[-16.19364,28.51912],[-16.19362,28.51928],[-16.1933,28.51956],[-16.19328,28.51998],[-16.1934,28.52046],[-16.1936,28.52077],[-16.19345,28.52109],[-16.19379,28.52169],[-16.1934,28.52208],[-16.19325,28.52255],[-16.19353,28.52348],[-16.19404,28.52382],[-16.19399,28.524],[-16.1934,28.52432],[-16.19334,28.52458],[-16.19354,28.52519],[-16.19332,28.52544],[-16.19326,28.52566],[-16.19358,28.52598],[-16.19431,28.52629],[-16.19453,28.5263],[-16.19486,28.52614],[-16.19502,28.52618],[-16.19537,28.5266],[-16.19516,28.52744],[-16.19598,28.52802],[-16.19606,28.52822],[-16.19567,28.52865],[-16.1959,28.52907],[-16.19587,28.52921],[-16.19549,28.52935],[-16.19534,28.52963],[-16.19515,28.52967],[-16.19469,28.5294],[-16.19423,28.5295],[-16.19415,28.52976],[-16.19427,28.53004],[-16.1941,28.53047],[-16.19433,28.53076],[-16.19508,28.53074],[-16.19519,28.53095],[-16.19517,28.53139],[-16.19563,28.53156],[-16.19584,28.5318],[-16.19606,28.53191],[-16.19644,28.53197],[-16.19698,28.53176],[-16.19748,28.53185],[-16.19761,28.53204],[-16.1976,28.5324],[-16.1979,28.53269],[-16.19808,28.53281],[-16.19851,28.53278],[-16.19866,28.5329],[-16.19872,28.53358],[-16.19835,28.5339],[-16.19832,28.53408],[-16.19838,28.53446],[-16.19866,28.53484],[-16.19867,28.53502],[-16.19852,28.53527],[-16.19816,28.5354],[-16.19785,28.53606],[-16.19861,28.53645],[-16.19865,28.53663],[-16.19848,28.53698],[-16.19891,28.53764],[-16.19947,28.53772],[-16.19966,28.53786],[-16.19964,28.53807],[-16.19938,28.53847],[-16.1997,28.53898],[-16.19951,28.53942],[-16.19953,28.53991],[-16.19961,28.54029],[-16.20021,28.54105],[-16.20018,28.54129],[-16.1997,28.54175],[-16.19938,28.54175],[-16.19912,28.54133],[-16.1988,28.54125],[-16.19806,28.54155],[-16.19762,28.54221],[-16.19737,28.5423],[-16.19712,28.54218],[-16.19699,28.5419],[-16.19632,28.54188],[-16.19614,28.5418],[-16.19611,28.54159],[-16.19628,28.54088],[-16.19619,28.54077],[-16.19607,28.54079],[-16.1959,28.54101],[-16.19565,28.54172],[-16.19566,28.54235],[-16.19557,28.54252],[-16.19542,28.54257],[-16.19525,28.54252],[-16.19529,28.54203],[-16.19521,28.5419],[-16.19496,28.54184],[-16.19479,28.54194],[-16.19481,28.54216],[-16.19518,28.54289],[-16.19632,28.54361],[-16.19661,28.54371],[-16.19704,28.54363],[-16.19743,28.54328],[-16.19809,28.54305],[-16.19851,28.54299],[-16.19865,28.54312],[-16.19855,28.54325],[-16.198,28.54329],[-16.19715,28.54385],[-16.19701,28.54404],[-16.19705,28.54446],[-16.19695,28.54464],[-16.19639,28.54473],[-16.19546,28.54443],[-16.19538,28.54463],[-16.19553,28.54473],[-16.19602,28.54481],[-16.19661,28.54514],[-16.19726,28.54512],[-16.19763,28.54465],[-16.19756,28.54418],[-16.19763,28.54405],[-16.19801,28.54384],[-16.19824,28.54386],[-16.19849,28.54436],[-16.19866,28.54452],[-16.19941,28.54489],[-16.1996,28.54486],[-16.20032,28.54442],[-16.20062,28.54449],[-16.20078,28.54496],[-16.20117,28.54559],[-16.20129,28.54604],[-16.20162,28.54613],[-16.20193,28.54585],[-16.20233,28.54584],[-16.20255,28.54571],[-16.20261,28.54544],[-16.20246,28.54514],[-16.20262,28.54476],[-16.20264,28.54438],[-16.203,28.54367],[-16.20319,28.54369],[-16.20375,28.54469],[-16.20408,28.54494],[-16.2043,28.54495],[-16.20451,28.54461],[-16.205,28.54436],[-16.2051,28.54387],[-16.20539,28.54361],[-16.2054,28.54345],[-16.20532,28.54332],[-16.20484,28.54313],[-16.20472,28.54268],[-16.20439,28.54252],[-16.20441,28.54242],[-16.20454,28.54241],[-16.20487,28.54264],[-16.20513,28.54308],[-16.20567,28.54328],[-16.20576,28.54354],[-16.20555,28.54403],[-16.20622,28.5449],[-16.20625,28.54537],[-16.20613,28.54582],[-16.20635,28.54608],[-16.20638,28.54626],[-16.20595,28.54643],[-16.20543,28.5464],[-16.20525,28.54656],[-16.20575,28.54787],[-16.20601,28.54825],[-16.20597,28.54843],[-16.20579,28.54881],[-16.20548,28.54904],[-16.20532,28.54902],[-16.20539,28.54986],[-16.20509,28.54996],[-16.20395,28.54986],[-16.20392,28.55012],[-16.20313,28.55061],[-16.20278,28.55053],[-16.20114,28.54963],[-16.2009,28.5496],[-16.20051,28.54998],[-16.20037,28.54989],[-16.20003,28.54986],[-16.19997,28.55021],[-16.19959,28.55039],[-16.19904,28.55093],[-16.1988,28.55105],[-16.19839,28.55097],[-16.19791,28.55059],[-16.1967,28.55047],[-16.19568,28.55104],[-16.1956,28.55126],[-16.1952,28.55153],[-16.19433,28.55153],[-16.19354,28.55169],[-16.19317,28.55187],[-16.19262,28.55177],[-16.19212,28.55201],[-16.19097,28.55188],[-16.19057,28.55192],[-16.18982,28.55161],[-16.18972,28.55138],[-16.18989,28.55089],[-16.18982,28.55067],[-16.18834,28.5499],[-16.18754,28.54923],[-16.18674,28.54888],[-16.18633,28.5489],[-16.1857,28.54919],[-16.1855,28.54963],[-16.18578,28.5503],[-16.18571,28.55043],[-16.18551,28.55043],[-16.18507,28.55017],[-16.18458,28.54942],[-16.18319,28.54946],[-16.18304,28.54958],[-16.18304,28.54967],[-16.18344,28.55001],[-16.18346,28.55014],[-16.18296,28.55068],[-16.18292,28.55086],[-16.18334,28.55104],[-16.18344,28.55182],[-16.1836,28.55192],[-16.18428,28.55178],[-16.18448,28.55184],[-16.18443,28.55237],[-16.18457,28.55251],[-16.18518,28.55269],[-16.18527,28.55287],[-16.18524,28.55321],[-16.18572,28.55386],[-16.18564,28.55402],[-16.18543,28.55415],[-16.1847,28.55393],[-16.18449,28.554],[-16.18436,28.55435],[-16.18449,28.55469],[-16.18386,28.55498],[-16.18388,28.55541],[-16.18313,28.55544],[-16.18285,28.55585],[-16.18235,28.5557],[-16.18192,28.55585],[-16.18161,28.55585],[-16.18124,28.5556],[-16.18096,28.55521],[-16.18024,28.55522],[-16.17996,28.55538],[-16.17992,28.55598],[-16.17906,28.55681],[-16.17881,28.5568],[-16.17834,28.55628],[-16.17806,28.55627],[-16.17757,28.5566],[-16.17741,28.55701],[-16.17678,28.55733],[-16.17654,28.55732],[-16.17648,28.55722],[-16.17659,28.55683],[-16.17639,28.55619],[-16.17613,28.55597],[-16.17594,28.55601],[-16.17568,28.55659],[-16.17511,28.55681],[-16.17499,28.557],[-16.17444,28.55732],[-16.17382,28.55739],[-16.17336,28.55767],[-16.17263,28.55769],[-16.17241,28.55761],[-16.17224,28.55717],[-16.17198,28.55702],[-16.17168,28.55738],[-16.17091,28.55772],[-16.17028,28.55843],[-16.16998,28.55844],[-16.16958,28.55864],[-16.16928,28.55852],[-16.16924,28.55824],[-16.16963,28.55799],[-16.16998,28.55801],[-16.17012,28.55785],[-16.16964,28.55782],[-16.16909,28.55795],[-16.16823,28.55748],[-16.16695,28.55806],[-16.16672,28.5584],[-16.16663,28.5584],[-16.16678,28.55798],[-16.16676,28.55769],[-16.16715,28.55718],[-16.16705,28.55677],[-16.16688,28.55658],[-16.16638,28.55642],[-16.16555,28.55593],[-16.16516,28.55587],[-16.16506,28.55601],[-16.16507,28.55632],[-16.1657,28.55662],[-16.16574,28.55681],[-16.16564,28.55704],[-16.1659,28.55743],[-16.16548,28.55797],[-16.1648,28.55799],[-16.16442,28.55755],[-16.16395,28.55753],[-16.16372,28.55732],[-16.16347,28.55729],[-16.16281,28.55745],[-16.16277,28.55776],[-16.16258,28.55794],[-16.16171,28.5582],[-16.16167,28.55857],[-16.16175,28.55873],[-16.1624,28.55859],[-16.16255,28.55846],[-16.16308,28.55844],[-16.16336,28.55878],[-16.16393,28.55907],[-16.16407,28.5594],[-16.16381,28.55918],[-16.16322,28.55901],[-16.16296,28.55874],[-16.16281,28.55877],[-16.16311,28.55917],[-16.1636,28.55949],[-16.16375,28.55973],[-16.16374,28.55992],[-16.16353,28.55993],[-16.16265,28.55957],[-16.16185,28.56015],[-16.16122,28.56008],[-16.16043,28.56022],[-16.16016,28.56019],[-16.15979,28.56001],[-16.15875,28.55905],[-16.15807,28.55854],[-16.15854,28.55753],[-16.15895,28.55692],[-16.15913,28.55632],[-16.15896,28.55537],[-16.1592,28.55412],[-16.15921,28.55351],[-16.15845,28.5531],[-16.1572,28.55267],[-16.15688,28.55242],[-16.15656,28.55232],[-16.15587,28.55176],[-16.1555,28.55157],[-16.15327,28.54944],[-16.153,28.54928],[-16.15265,28.54883],[-16.15193,28.54751],[-16.15104,28.5463],[-16.14957,28.54473],[-16.14845,28.54368],[-16.1483,28.54334],[-16.1485,28.54276],[-16.14977,28.54069],[-16.1499,28.54033],[-16.14986,28.53946],[-16.14999,28.53719],[-16.1502,28.53595],[-16.15052,28.53486],[-16.15055,28.53427],[-16.15049,28.53373],[-16.15025,28.53313],[-16.14954,28.53226],[-16.14897,28.53177],[-16.14832,28.53136],[-16.1436,28.52977],[-16.14081,28.52917],[-16.13981,28.52908]]]}},{"type":"Feature","properties":{"id":"3803807004"},"geometry":{"type":"Polygon","coordinates":[[[-16.2376,28.48504],[-16.2376,28.48481],[-16.23742,28.48453],[-16.23737,28.48425],[-16.23893,28.48237],[-16.23966,28.48298],[-16.24001,28.48342],[-16.24112,28.48508],[-16.24116,28.48577],[-16.24159,28.48694],[-16.24255,28.48761],[-16.24288,28.48769],[-16.23894,28.48872],[-16.23886,28.489],[-16.23878,28.48863],[-16.23832,28.48764],[-16.23803,28.48648],[-16.23816,28.48571],[-16.23807,28.48552],[-16.23816,28.48549],[-16.23812,28.48524],[-16.2376,28.48504]]]}},{"type":"Feature","properties":{"id":"3803807005"},"geometry":{"type":"Polygon","coordinates":[[[-16.25538,28.48429],[-16.25464,28.4839],[-16.25541,28.48366],[-16.25606,28.48404],[-16.25727,28.48407],[-16.25843,28.48333],[-16.25943,28.48283],[-16.25968,28.48258],[-16.25997,28.48257],[-16.26055,28.4819],[-16.26033,28.48176],[-16.25963,28.48079],[-16.25914,28.48035],[-16.25877,28.47938],[-16.25882,28.47913],[-16.25896,28.47897],[-16.26029,28.47924],[-16.26068,28.47906],[-16.26088,28.47879],[-16.26082,28.47821],[-16.261,28.4778],[-16.26106,28.47721],[-16.26089,28.47643],[-16.26062,28.47619],[-16.26052,28.47583],[-16.26074,28.4754],[-16.26106,28.47532],[-16.26149,28.47536],[-16.26156,28.47526],[-16.26078,28.4751],[-16.2602,28.47526],[-16.26015,28.47513],[-16.26031,28.47494],[-16.26089,28.47485],[-16.26174,28.47491],[-16.26212,28.47516],[-16.26272,28.47537],[-16.26326,28.47538],[-16.26368,28.47569],[-16.26379,28.47618],[-16.26634,28.47704],[-16.26722,28.47674],[-16.26857,28.47612],[-16.26959,28.4754],[-16.27038,28.47511],[-16.27096,28.47479],[-16.2709,28.47558],[-16.27109,28.47581],[-16.27164,28.47613],[-16.27205,28.47595],[-16.27246,28.47596],[-16.27306,28.47636],[-16.27314,28.47635],[-16.27334,28.4759],[-16.27438,28.47552],[-16.2747,28.475],[-16.27517,28.47497],[-16.27549,28.47519],[-16.27589,28.4752],[-16.27645,28.47538],[-16.27664,28.47535],[-16.27703,28.47506],[-16.27746,28.47502],[-16.27766,28.4748],[-16.27776,28.47446],[-16.27808,28.47456],[-16.27799,28.47515],[-16.27631,28.47985],[-16.27609,28.48037],[-16.27528,28.4816],[-16.27446,28.48518],[-16.27305,28.48769],[-16.27255,28.48895],[-16.27197,28.49142],[-16.27199,28.49224],[-16.27177,28.49275],[-16.27177,28.49509],[-16.27169,28.49576],[-16.27156,28.49627],[-16.27084,28.49743],[-16.27036,28.49874],[-16.26938,28.49753],[-16.26857,28.49677],[-16.2669,28.49553],[-16.26568,28.49528],[-16.2632,28.49434],[-16.26199,28.49381],[-16.26129,28.49334],[-16.25909,28.49084],[-16.25852,28.49008],[-16.25765,28.48921],[-16.256,28.48693],[-16.25546,28.48582],[-16.25538,28.48429]]]}},{"type":"Feature","properties":{"id":"3803807006"},"geometry":{"type":"Polygon","coordinates":[[[-16.27063,28.5356],[-16.26928,28.53532],[-16.26894,28.5351],[-16.26763,28.53469],[-16.26713,28.53439],[-16.26693,28.53379],[-16.26675,28.53365],[-16.26598,28.53355],[-16.26533,28.53364],[-16.26465,28.53359],[-16.26334,28.53241],[-16.26179,28.53024],[-16.26154,28.52711],[-16.26168,28.52251],[-16.26162,28.52062],[-16.26121,28.51801],[-16.26094,28.51665],[-16.26079,28.51633],[-16.26066,28.51384],[-16.26012,28.51062],[-16.25966,28.5087],[-16.25929,28.50775],[-16.25846,28.50584],[-16.25753,28.50427],[-16.25646,28.50333],[-16.2561,28.50287],[-16.25463,28.49916],[-16.254,28.49792],[-16.25313,28.49655],[-16.25292,28.49635],[-16.25274,28.49581],[-16.25233,28.49529],[-16.252,28.49464],[-16.25119,28.49367],[-16.2487,28.49117],[-16.24791,28.49068],[-16.24646,28.49033],[-16.2456,28.49027],[-16.24475,28.48994],[-16.24426,28.48916],[-16.2441,28.48853],[-16.24388,28.48818],[-16.24343,28.48792],[-16.24255,28.48761],[-16.24159,28.48694],[-16.24116,28.48577],[-16.24112,28.48508],[-16.24001,28.48342],[-16.23966,28.48298],[-16.23893,28.48237],[-16.23933,28.48187],[-16.23878,28.48144],[-16.23949,28.48061],[-16.23959,28.48071],[-16.2391,28.48125],[-16.2393,28.48108],[-16.23927,28.48116],[-16.23984,28.48145],[-16.24047,28.48072],[-16.24036,28.48039],[-16.24068,28.47972],[-16.24054,28.47968],[-16.24069,28.47926],[-16.24202,28.47976],[-16.24272,28.47889],[-16.24343,28.48075],[-16.2445,28.48177],[-16.24524,28.48278],[-16.24623,28.48364],[-16.24763,28.48558],[-16.25247,28.48437],[-16.25409,28.4837],[-16.25417,28.48405],[-16.25464,28.4839],[-16.25538,28.48429],[-16.25546,28.48582],[-16.256,28.48693],[-16.25765,28.48921],[-16.25852,28.49008],[-16.25909,28.49084],[-16.26129,28.49334],[-16.26199,28.49381],[-16.2632,28.49434],[-16.26568,28.49528],[-16.2669,28.49553],[-16.26779,28.49615],[-16.26938,28.49753],[-16.27036,28.49874],[-16.2705,28.49909],[-16.27146,28.49998],[-16.27153,28.50011],[-16.27144,28.50109],[-16.27151,28.5017],[-16.27186,28.50206],[-16.27232,28.50226],[-16.27278,28.50234],[-16.27341,28.50271],[-16.27466,28.50357],[-16.2751,28.50397],[-16.27598,28.50418],[-16.27637,28.50447],[-16.27648,28.50475],[-16.27712,28.50523],[-16.27739,28.50575],[-16.27798,28.50653],[-16.27883,28.50678],[-16.27996,28.50772],[-16.28186,28.5086],[-16.28202,28.5087],[-16.282,28.50909],[-16.28277,28.50931],[-16.28396,28.50948],[-16.2845,28.50976],[-16.28483,28.5101],[-16.28531,28.51109],[-16.28534,28.51159],[-16.28522,28.51187],[-16.28522,28.51226],[-16.28554,28.5137],[-16.28569,28.51597],[-16.2859,28.51628],[-16.28592,28.51676],[-16.28585,28.51699],[-16.28552,28.51721],[-16.28499,28.51839],[-16.28444,28.51909],[-16.28436,28.51963],[-16.28474,28.52001],[-16.28119,28.52628],[-16.28047,28.52719],[-16.28003,28.52811],[-16.27964,28.52858],[-16.28001,28.52993],[-16.27999,28.53014],[-16.27983,28.53069],[-16.27924,28.5319],[-16.27908,28.53267],[-16.27899,28.53278],[-16.27765,28.53308],[-16.27522,28.53455],[-16.27344,28.53533],[-16.27169,28.53575],[-16.27094,28.53575],[-16.27063,28.5356]]]}},{"type":"Feature","properties":{"id":"3803807007"},"geometry":{"type":"Polygon","coordinates":[[[-16.26088,28.52484],[-16.25915,28.52271],[-16.25861,28.52222],[-16.25653,28.52142],[-16.25544,28.52075],[-16.25326,28.51795],[-16.25242,28.51732],[-16.25128,28.51601],[-16.25001,28.51485],[-16.24879,28.51414],[-16.24735,28.51307],[-16.24532,28.51127],[-16.24468,28.51083],[-16.24293,28.50991],[-16.24248,28.50952],[-16.24138,28.50826],[-16.23961,28.50547],[-16.23786,28.5043],[-16.23539,28.50162],[-16.2343,28.50062],[-16.23408,28.50014],[-16.2338,28.49895],[-16.23379,28.4973],[-16.2344,28.49548],[-16.23504,28.49504],[-16.23526,28.49454],[-16.23568,28.49398],[-16.23615,28.49355],[-16.2362,28.49338],[-16.23616,28.49323],[-16.23575,28.49289],[-16.23539,28.49189],[-16.23473,28.49104],[-16.2344,28.48918],[-16.2318,28.48813],[-16.23068,28.48692],[-16.23078,28.48661],[-16.2323,28.48596],[-16.23185,28.48509],[-16.23147,28.48525],[-16.23142,28.48514],[-16.23215,28.48491],[-16.23221,28.48482],[-16.23226,28.48493],[-16.23188,28.48508],[-16.23234,28.48595],[-16.23289,28.48579],[-16.23321,28.48558],[-16.23354,28.48556],[-16.23351,28.48579],[-16.2331,28.486],[-16.23337,28.48626],[-16.23395,28.48656],[-16.23401,28.48669],[-16.23472,28.48659],[-16.23462,28.4865],[-16.23475,28.48639],[-16.2349,28.48661],[-16.23507,28.48662],[-16.23613,28.48597],[-16.23573,28.48542],[-16.23618,28.48594],[-16.23651,28.48573],[-16.2364,28.4856],[-16.23652,28.48573],[-16.23664,28.48567],[-16.23653,28.48552],[-16.23666,28.48566],[-16.23681,28.4856],[-16.23642,28.48515],[-16.23647,28.48511],[-16.23686,28.48558],[-16.2376,28.48504],[-16.23812,28.48524],[-16.23816,28.48549],[-16.23807,28.48552],[-16.23816,28.48571],[-16.23803,28.48648],[-16.23832,28.48764],[-16.23878,28.48863],[-16.23886,28.489],[-16.23894,28.48872],[-16.24287,28.48769],[-16.24343,28.48792],[-16.24388,28.48818],[-16.2441,28.48853],[-16.24426,28.48916],[-16.24475,28.48994],[-16.2456,28.49027],[-16.24646,28.49033],[-16.2476,28.49056],[-16.2487,28.49117],[-16.25119,28.49367],[-16.252,28.49464],[-16.25233,28.49529],[-16.25274,28.49581],[-16.25292,28.49635],[-16.25313,28.49655],[-16.254,28.49792],[-16.25463,28.49916],[-16.2561,28.50287],[-16.25646,28.50333],[-16.25753,28.50427],[-16.258,28.50502],[-16.25887,28.50673],[-16.25966,28.5087],[-16.26012,28.51062],[-16.26066,28.51384],[-16.26079,28.51633],[-16.26094,28.51665],[-16.26121,28.51801],[-16.26162,28.52062],[-16.26168,28.52251],[-16.26155,28.52619],[-16.26088,28.52484]]]}},{"type":"Feature","properties":{"id":"3803807009"},"geometry":{"type":"Polygon","coordinates":[[[-16.26032,28.5241],[-16.25969,28.52376],[-16.25884,28.52377],[-16.25813,28.52354],[-16.25686,28.52367],[-16.25522,28.52345],[-16.25473,28.52298],[-16.2533,28.52244],[-16.25062,28.52218],[-16.24723,28.52169],[-16.2468,28.52233],[-16.24506,28.52341],[-16.24463,28.52405],[-16.2438,28.52421],[-16.24443,28.52513],[-16.24352,28.52672],[-16.24372,28.52761],[-16.24466,28.52827],[-16.2448,28.52871],[-16.24381,28.52963],[-16.24245,28.53037],[-16.24219,28.53168],[-16.2403,28.53224],[-16.23978,28.53282],[-16.24004,28.53355],[-16.24081,28.53423],[-16.24121,28.53471],[-16.23957,28.53525],[-16.23855,28.53528],[-16.23835,28.53432],[-16.23752,28.53455],[-16.23675,28.53516],[-16.23626,28.53535],[-16.23523,28.53531],[-16.2343,28.5354],[-16.23385,28.53582],[-16.23364,28.53622],[-16.23292,28.53659],[-16.23252,28.53746],[-16.23271,28.53766],[-16.2326,28.53791],[-16.23284,28.53875],[-16.23264,28.53941],[-16.23111,28.5408],[-16.22873,28.5418],[-16.22844,28.54167],[-16.22821,28.5413],[-16.2283,28.54041],[-16.22827,28.54024],[-16.22813,28.54013],[-16.22677,28.54027],[-16.22649,28.54004],[-16.22622,28.54001],[-16.2249,28.54023],[-16.22452,28.54009],[-16.22379,28.53954],[-16.22191,28.53883],[-16.2214,28.53887],[-16.22071,28.53915],[-16.2202,28.53888],[-16.21919,28.53901],[-16.21917,28.53883],[-16.21951,28.53789],[-16.21984,28.53654],[-16.22017,28.53589],[-16.22077,28.53283],[-16.22106,28.53048],[-16.221,28.52924],[-16.22016,28.52567],[-16.21872,28.52133],[-16.21759,28.51895],[-16.21717,28.51778],[-16.21662,28.51446],[-16.21624,28.51326],[-16.215,28.51063],[-16.21424,28.50863],[-16.21291,28.50565],[-16.21248,28.50394],[-16.21246,28.50294],[-16.21232,28.50225],[-16.21184,28.50168],[-16.21046,28.5004],[-16.20986,28.49968],[-16.20933,28.49944],[-16.20875,28.49932],[-16.20829,28.49905],[-16.20681,28.49697],[-16.20822,28.49624],[-16.20833,28.49641],[-16.20848,28.49633],[-16.20843,28.49624],[-16.20857,28.49617],[-16.20863,28.49626],[-16.20965,28.49577],[-16.20962,28.49555],[-16.21,28.49532],[-16.2102,28.49543],[-16.21093,28.49515],[-16.21194,28.49463],[-16.21373,28.4935],[-16.21403,28.49363],[-16.21438,28.49406],[-16.21477,28.49396],[-16.21493,28.49369],[-16.2145,28.49323],[-16.21457,28.49298],[-16.21848,28.4905],[-16.21857,28.48997],[-16.21885,28.4897],[-16.21879,28.48912],[-16.21898,28.48891],[-16.21933,28.48892],[-16.21947,28.48772],[-16.22061,28.48704],[-16.22521,28.48376],[-16.22836,28.48287],[-16.2284,28.48302],[-16.22533,28.48387],[-16.21978,28.4878],[-16.2196,28.49046],[-16.22404,28.49006],[-16.22405,28.49017],[-16.225,28.49066],[-16.2254,28.4914],[-16.22577,28.49157],[-16.22616,28.49401],[-16.22657,28.49488],[-16.22671,28.49557],[-16.22674,28.49613],[-16.22612,28.4984],[-16.22606,28.49892],[-16.22624,28.49961],[-16.22663,28.49981],[-16.22705,28.49991],[-16.2274,28.49996],[-16.22817,28.49991],[-16.22965,28.50045],[-16.2302,28.50039],[-16.2318,28.49956],[-16.23237,28.49952],[-16.233,28.49961],[-16.23389,28.49951],[-16.2343,28.50062],[-16.23479,28.50114],[-16.23539,28.50162],[-16.23786,28.5043],[-16.23961,28.50547],[-16.24138,28.50826],[-16.24248,28.50952],[-16.24293,28.50991],[-16.24468,28.51083],[-16.24532,28.51127],[-16.24735,28.51307],[-16.24879,28.51414],[-16.25001,28.51485],[-16.25128,28.51601],[-16.25242,28.51732],[-16.25326,28.51795],[-16.25544,28.52075],[-16.25653,28.52142],[-16.25861,28.52222],[-16.25915,28.52271],[-16.26032,28.5241]]]}},{"type":"Feature","properties":{"id":"3803808001"},"geometry":{"type":"Polygon","coordinates":[[[-16.27246,28.57805],[-16.27223,28.57783],[-16.27216,28.57794],[-16.27155,28.57757],[-16.27133,28.57735],[-16.27126,28.5774],[-16.27121,28.57727],[-16.27142,28.57728],[-16.27122,28.57713],[-16.27033,28.57681],[-16.27031,28.57659],[-16.27059,28.57641],[-16.27007,28.57623],[-16.27015,28.57601],[-16.26944,28.57542],[-16.26818,28.57469],[-16.26758,28.57411],[-16.26726,28.57404],[-16.26691,28.57384],[-16.2667,28.57404],[-16.26641,28.57403],[-16.26613,28.57372],[-16.26553,28.57402],[-16.26463,28.57387],[-16.26477,28.57338],[-16.26451,28.57315],[-16.26405,28.57318],[-16.26402,28.57293],[-16.26357,28.57293],[-16.26319,28.57331],[-16.26274,28.57322],[-16.26248,28.57355],[-16.26228,28.57361],[-16.2621,28.5733],[-16.26195,28.57323],[-16.26161,28.57315],[-16.26165,28.57337],[-16.26152,28.57337],[-16.26075,28.57218],[-16.25995,28.57201],[-16.25968,28.57205],[-16.2596,28.57189],[-16.25981,28.57186],[-16.25926,28.57128],[-16.25895,28.57128],[-16.25839,28.57091],[-16.25833,28.57079],[-16.25847,28.5706],[-16.25845,28.57041],[-16.25803,28.57042],[-16.25776,28.57031],[-16.25784,28.57019],[-16.25818,28.57013],[-16.25828,28.57004],[-16.25823,28.56993],[-16.258,28.56979],[-16.25733,28.56975],[-16.25702,28.56934],[-16.2564,28.56944],[-16.25613,28.56973],[-16.25591,28.56969],[-16.2556,28.56979],[-16.2556,28.56987],[-16.2558,28.56997],[-16.2558,28.57007],[-16.25564,28.5702],[-16.25561,28.5704],[-16.25525,28.57069],[-16.25486,28.57066],[-16.25478,28.57048],[-16.25412,28.56987],[-16.25307,28.57051],[-16.25197,28.57084],[-16.25195,28.57106],[-16.25169,28.57125],[-16.25168,28.5714],[-16.25146,28.5715],[-16.25132,28.57132],[-16.25084,28.57117],[-16.25049,28.57127],[-16.25007,28.57098],[-16.24969,28.57124],[-16.2494,28.57108],[-16.24941,28.57086],[-16.24909,28.57078],[-16.24882,28.57097],[-16.24832,28.57052],[-16.24806,28.57057],[-16.24751,28.57093],[-16.24701,28.57094],[-16.24642,28.57065],[-16.24605,28.57066],[-16.24577,28.57095],[-16.2453,28.57112],[-16.24519,28.57125],[-16.2445,28.57137],[-16.24442,28.57146],[-16.24445,28.57168],[-16.24494,28.57174],[-16.24488,28.57182],[-16.24433,28.57182],[-16.24399,28.57171],[-16.24328,28.57176],[-16.24311,28.57173],[-16.243,28.57157],[-16.24328,28.57149],[-16.24297,28.57136],[-16.24274,28.57106],[-16.24235,28.57085],[-16.24218,28.57092],[-16.24225,28.57112],[-16.24161,28.57109],[-16.24164,28.57099],[-16.24182,28.57099],[-16.24173,28.57075],[-16.2413,28.57051],[-16.24091,28.57007],[-16.24042,28.56986],[-16.23985,28.56982],[-16.23947,28.5694],[-16.23894,28.56933],[-16.23816,28.56903],[-16.2372,28.56852],[-16.23675,28.56842],[-16.23637,28.56816],[-16.23567,28.56793],[-16.23524,28.56768],[-16.2348,28.56778],[-16.23441,28.56771],[-16.234,28.56701],[-16.23368,28.56677],[-16.23325,28.56675],[-16.23281,28.56697],[-16.23264,28.5668],[-16.23148,28.56634],[-16.2307,28.56643],[-16.22993,28.56637],[-16.22895,28.56612],[-16.22875,28.56597],[-16.22846,28.56599],[-16.22817,28.56577],[-16.22792,28.56577],[-16.22766,28.56592],[-16.22757,28.56628],[-16.22726,28.56626],[-16.22545,28.56548],[-16.22522,28.56547],[-16.22461,28.56569],[-16.22434,28.5657],[-16.22366,28.56543],[-16.22299,28.56549],[-16.22238,28.56571],[-16.22219,28.56584],[-16.22173,28.5665],[-16.22092,28.56686],[-16.21938,28.56713],[-16.21701,28.56797],[-16.21669,28.56798],[-16.21592,28.56776],[-16.21517,28.56781],[-16.21454,28.56799],[-16.21365,28.56797],[-16.21338,28.56812],[-16.21219,28.56823],[-16.21135,28.56858],[-16.21112,28.5688],[-16.20918,28.56906],[-16.20831,28.56895],[-16.20786,28.56877],[-16.2077,28.56859],[-16.20731,28.56859],[-16.20677,28.56845],[-16.20613,28.56853],[-16.20477,28.56935],[-16.20419,28.5701],[-16.204,28.57069],[-16.20402,28.57092],[-16.20488,28.57123],[-16.20423,28.57125],[-16.20398,28.57103],[-16.20371,28.5713],[-16.20342,28.57139],[-16.20249,28.57144],[-16.2012,28.57229],[-16.20044,28.57224],[-16.19973,28.5727],[-16.19957,28.57262],[-16.19955,28.57239],[-16.19939,28.57225],[-16.1986,28.57208],[-16.1983,28.57227],[-16.19829,28.57262],[-16.1981,28.5728],[-16.19763,28.57273],[-16.19704,28.57282],[-16.19693,28.57258],[-16.19633,28.57261],[-16.19564,28.57242],[-16.19474,28.5725],[-16.19368,28.57195],[-16.19288,28.57207],[-16.19222,28.5723],[-16.1918,28.57251],[-16.19147,28.57281],[-16.19098,28.57443],[-16.19029,28.57519],[-16.19011,28.57527],[-16.18927,28.57519],[-16.18867,28.57532],[-16.18838,28.57548],[-16.18709,28.57538],[-16.18583,28.5756],[-16.18447,28.57626],[-16.18401,28.57705],[-16.18317,28.57737],[-16.18257,28.57776],[-16.18156,28.57794],[-16.18086,28.57833],[-16.18041,28.57877],[-16.18007,28.58038],[-16.17987,28.58058],[-16.17954,28.58062],[-16.17855,28.58109],[-16.17763,28.5817],[-16.17623,28.58181],[-16.17516,28.58169],[-16.17461,28.58185],[-16.17416,28.58226],[-16.17412,28.58239],[-16.17424,28.58251],[-16.17348,28.58305],[-16.17311,28.58354],[-16.17296,28.58398],[-16.17231,28.58474],[-16.17239,28.5851],[-16.17222,28.58519],[-16.17205,28.58518],[-16.17157,28.58479],[-16.17112,28.58465],[-16.17068,28.58463],[-16.17038,28.5844],[-16.16966,28.58411],[-16.16925,28.58411],[-16.16873,28.58398],[-16.16837,28.58401],[-16.16794,28.58418],[-16.16761,28.5845],[-16.16609,28.58533],[-16.16552,28.58599],[-16.16473,28.5865],[-16.16402,28.5866],[-16.16363,28.58647],[-16.16314,28.58648],[-16.16278,28.58656],[-16.16272,28.58674],[-16.16261,28.58674],[-16.16255,28.58659],[-16.16244,28.58656],[-16.16145,28.58675],[-16.16066,28.58719],[-16.15922,28.5884],[-16.15799,28.58864],[-16.15778,28.58856],[-16.15747,28.58812],[-16.15721,28.5879],[-16.15675,28.58772],[-16.15592,28.58777],[-16.15538,28.58765],[-16.15503,28.58719],[-16.1547,28.58695],[-16.15415,28.58674],[-16.15281,28.58676],[-16.15178,28.58655],[-16.15141,28.58658],[-16.15065,28.58742],[-16.15042,28.58741],[-16.14995,28.5871],[-16.14871,28.58675],[-16.14836,28.58575],[-16.14759,28.58535],[-16.14755,28.58517],[-16.14737,28.58505],[-16.14686,28.58498],[-16.1465,28.58511],[-16.14618,28.58505],[-16.14579,28.58526],[-16.14529,28.58536],[-16.14484,28.58515],[-16.14459,28.58461],[-16.14388,28.58458],[-16.14346,28.5848],[-16.14275,28.58457],[-16.14234,28.58456],[-16.14226,28.58451],[-16.14224,28.58425],[-16.14245,28.58403],[-16.14203,28.58388],[-16.14128,28.58396],[-16.14096,28.58413],[-16.14063,28.58402],[-16.14055,28.58377],[-16.13991,28.58385],[-16.13871,28.5836],[-16.13798,28.58294],[-16.13773,28.58284],[-16.13744,28.58287],[-16.13708,28.58272],[-16.13663,28.58292],[-16.13634,28.58296],[-16.13607,28.58288],[-16.13593,28.58271],[-16.13601,28.58264],[-16.13637,28.58267],[-16.13648,28.58252],[-16.13656,28.58222],[-16.13651,28.58189],[-16.13617,28.58166],[-16.13561,28.58174],[-16.13539,28.58145],[-16.13519,28.58146],[-16.13472,28.58122],[-16.13444,28.58128],[-16.13434,28.58124],[-16.13441,28.58113],[-16.13435,28.58107],[-16.13411,28.58106],[-16.13409,28.58087],[-16.13419,28.58073],[-16.13399,28.58052],[-16.13431,28.58052],[-16.13469,28.58036],[-16.13487,28.58003],[-16.13487,28.57964],[-16.13436,28.57955],[-16.13425,28.57926],[-16.13439,28.57903],[-16.13456,28.57904],[-16.13465,28.57925],[-16.13483,28.57924],[-16.13505,28.57905],[-16.13497,28.57782],[-16.13517,28.57746],[-16.13518,28.57714],[-16.13493,28.5766],[-16.13472,28.57646],[-16.13436,28.57655],[-16.13418,28.57646],[-16.13423,28.57627],[-16.13467,28.57584],[-16.13468,28.57571],[-16.13454,28.57538],[-16.13422,28.5751],[-16.1341,28.57488],[-16.13412,28.57417],[-16.13403,28.57387],[-16.13366,28.57359],[-16.13339,28.57352],[-16.13281,28.57354],[-16.13252,28.57399],[-16.13261,28.57431],[-16.13251,28.57443],[-16.13201,28.57459],[-16.13193,28.57474],[-16.13175,28.57478],[-16.13166,28.57473],[-16.13163,28.57419],[-16.13126,28.57397],[-16.131,28.57359],[-16.13059,28.57356],[-16.13031,28.57364],[-16.129,28.57285],[-16.12824,28.57269],[-16.1285,28.57236],[-16.12845,28.57209],[-16.1282,28.572],[-16.12779,28.57211],[-16.12772,28.57184],[-16.12728,28.57168],[-16.1272,28.57144],[-16.12725,28.5712],[-16.12684,28.57099],[-16.12662,28.57057],[-16.12663,28.57023],[-16.12652,28.57006],[-16.12655,28.5693],[-16.1261,28.56889],[-16.12593,28.56811],[-16.12574,28.56794],[-16.12553,28.56794],[-16.12538,28.5677],[-16.12516,28.56763],[-16.12512,28.56753],[-16.12529,28.56741],[-16.12542,28.56756],[-16.12542,28.56739],[-16.12574,28.56733],[-16.1258,28.56704],[-16.12608,28.56702],[-16.12643,28.56657],[-16.1265,28.56602],[-16.12667,28.56578],[-16.12665,28.56544],[-16.12653,28.5653],[-16.12653,28.56503],[-16.12606,28.56465],[-16.12622,28.56458],[-16.12611,28.5643],[-16.12639,28.56423],[-16.12637,28.56415],[-16.12666,28.56414],[-16.12637,28.56393],[-16.12664,28.56392],[-16.12672,28.56374],[-16.126,28.56352],[-16.12577,28.5636],[-16.12504,28.56339],[-16.12477,28.56343],[-16.12445,28.56326],[-16.12452,28.5632],[-16.12522,28.56333],[-16.12546,28.56329],[-16.12573,28.56259],[-16.12574,28.56231],[-16.1256,28.5621],[-16.12534,28.56196],[-16.12439,28.56175],[-16.12297,28.56171],[-16.12283,28.56161],[-16.12282,28.56145],[-16.12321,28.56127],[-16.12352,28.56129],[-16.12396,28.56116],[-16.12396,28.56105],[-16.12372,28.5609],[-16.12379,28.56075],[-16.12343,28.56048],[-16.12338,28.56033],[-16.12321,28.56024],[-16.12271,28.56027],[-16.12263,28.5602],[-16.1228,28.55991],[-16.123,28.55988],[-16.12293,28.55969],[-16.1223,28.55958],[-16.12205,28.55966],[-16.12197,28.5596],[-16.12195,28.55914],[-16.12169,28.55903],[-16.12138,28.55908],[-16.12124,28.55933],[-16.12096,28.55951],[-16.12064,28.55951],[-16.11996,28.5593],[-16.1205,28.55928],[-16.12053,28.55901],[-16.12028,28.55894],[-16.12039,28.55882],[-16.12075,28.55895],[-16.12076,28.55847],[-16.11989,28.55748],[-16.11991,28.55735],[-16.12002,28.5573],[-16.11987,28.55713],[-16.11992,28.55705],[-16.11975,28.5564],[-16.11951,28.55606],[-16.11943,28.5556],[-16.11973,28.55519],[-16.11991,28.55522],[-16.12006,28.55489],[-16.11985,28.55478],[-16.11994,28.55457],[-16.11968,28.55452],[-16.11984,28.55445],[-16.12034,28.55457],[-16.12047,28.5545],[-16.12046,28.55418],[-16.12059,28.55411],[-16.12061,28.55383],[-16.12058,28.55363],[-16.12043,28.55355],[-16.11986,28.55375],[-16.11939,28.5536],[-16.11953,28.55337],[-16.11972,28.55347],[-16.11981,28.55342],[-16.11973,28.55336],[-16.11985,28.5531],[-16.11998,28.55302],[-16.12005,28.55308],[-16.12013,28.55298],[-16.12011,28.5528],[-16.11989,28.55271],[-16.12023,28.55259],[-16.12036,28.55201],[-16.12078,28.55148],[-16.12079,28.55126],[-16.12091,28.55132],[-16.12136,28.5511],[-16.12191,28.55107],[-16.12245,28.55072],[-16.12289,28.55071],[-16.12336,28.55038],[-16.12358,28.55034],[-16.12367,28.55011],[-16.12443,28.55002],[-16.12461,28.54977],[-16.12513,28.54955],[-16.12513,28.54923],[-16.12535,28.54886],[-16.12529,28.54867],[-16.12615,28.54856],[-16.1267,28.548],[-16.1266,28.54762],[-16.12685,28.54732],[-16.127,28.54691],[-16.12734,28.54666],[-16.12748,28.54641],[-16.12748,28.54574],[-16.12765,28.54488],[-16.12747,28.54446],[-16.12717,28.54434],[-16.12734,28.54411],[-16.12699,28.54393],[-16.12689,28.54378],[-16.12658,28.54378],[-16.12664,28.54368],[-16.12682,28.54364],[-16.12681,28.54356],[-16.12664,28.54346],[-16.12677,28.54331],[-16.12681,28.54292],[-16.12733,28.54249],[-16.12737,28.54206],[-16.12789,28.54133],[-16.1279,28.54121],[-16.12776,28.54115],[-16.12766,28.54127],[-16.12729,28.54136],[-16.1272,28.54118],[-16.12756,28.54054],[-16.12861,28.53941],[-16.12888,28.53894],[-16.12883,28.5386],[-16.12842,28.53836],[-16.12838,28.53816],[-16.12876,28.53778],[-16.12869,28.5377],[-16.12894,28.53762],[-16.12905,28.53731],[-16.12921,28.53717],[-16.12919,28.53699],[-16.12945,28.53676],[-16.12945,28.53647],[-16.12922,28.53618],[-16.12828,28.53578],[-16.12767,28.53579],[-16.12768,28.53571],[-16.1278,28.53567],[-16.12776,28.5356],[-16.12751,28.53564],[-16.12751,28.53552],[-16.12729,28.53563],[-16.12718,28.53559],[-16.12726,28.53544],[-16.12752,28.53536],[-16.12795,28.53548],[-16.12791,28.53516],[-16.12743,28.53507],[-16.12697,28.53526],[-16.12677,28.5352],[-16.12692,28.53483],[-16.12663,28.53474],[-16.12663,28.53463],[-16.12651,28.53457],[-16.12658,28.53437],[-16.12628,28.53414],[-16.12615,28.53415],[-16.12607,28.53436],[-16.12597,28.53437],[-16.1258,28.53421],[-16.12562,28.53386],[-16.12528,28.53351],[-16.12526,28.53321],[-16.12502,28.53276],[-16.1251,28.53272],[-16.12538,28.53281],[-16.12571,28.53314],[-16.1259,28.53281],[-16.12557,28.53222],[-16.12566,28.53209],[-16.12637,28.53195],[-16.12666,28.53215],[-16.12715,28.53213],[-16.1273,28.53242],[-16.12779,28.53262],[-16.12833,28.53309],[-16.12839,28.53332],[-16.12892,28.53341],[-16.12937,28.53367],[-16.12975,28.53487],[-16.1299,28.53499],[-16.13092,28.53532],[-16.13212,28.53528],[-16.13287,28.53513],[-16.13365,28.53483],[-16.13432,28.53442],[-16.13439,28.53372],[-16.13457,28.53375],[-16.13473,28.53389],[-16.13532,28.53385],[-16.13562,28.53354],[-16.13619,28.53338],[-16.13629,28.53314],[-16.13645,28.53322],[-16.13719,28.53273],[-16.13774,28.53262],[-16.13827,28.53203],[-16.13823,28.53192],[-16.13832,28.53177],[-16.139,28.53148],[-16.13911,28.5315],[-16.13931,28.53126],[-16.13942,28.53085],[-16.13901,28.5305],[-16.13915,28.53038],[-16.13901,28.53031],[-16.13905,28.53024],[-16.13931,28.52998],[-16.1392,28.52978],[-16.13953,28.5296],[-16.13954,28.52949],[-16.13931,28.52926],[-16.13968,28.52921],[-16.13981,28.52908],[-16.14081,28.52917],[-16.1436,28.52977],[-16.14751,28.53106],[-16.14832,28.53136],[-16.14897,28.53177],[-16.14954,28.53226],[-16.15025,28.53313],[-16.15049,28.53373],[-16.15055,28.53427],[-16.15052,28.53486],[-16.1502,28.53595],[-16.14999,28.53719],[-16.14986,28.53946],[-16.1499,28.54033],[-16.14977,28.54069],[-16.14841,28.54294],[-16.1483,28.54334],[-16.14845,28.54368],[-16.14957,28.54473],[-16.15104,28.5463],[-16.15193,28.54751],[-16.15265,28.54883],[-16.153,28.54928],[-16.15327,28.54944],[-16.1555,28.55157],[-16.15587,28.55176],[-16.15656,28.55232],[-16.15688,28.55242],[-16.1572,28.55267],[-16.15795,28.55288],[-16.15921,28.55351],[-16.1592,28.55412],[-16.15896,28.55537],[-16.15913,28.55632],[-16.15895,28.55692],[-16.15854,28.55753],[-16.15807,28.55854],[-16.15875,28.55905],[-16.15988,28.56008],[-16.16031,28.56022],[-16.16122,28.56008],[-16.16185,28.56015],[-16.16265,28.55957],[-16.16353,28.55993],[-16.16374,28.55992],[-16.16375,28.55973],[-16.1636,28.55949],[-16.16311,28.55917],[-16.16281,28.55877],[-16.16296,28.55874],[-16.16322,28.55901],[-16.16381,28.55918],[-16.16407,28.5594],[-16.16393,28.55907],[-16.16336,28.55878],[-16.16308,28.55844],[-16.16255,28.55846],[-16.1624,28.55859],[-16.16175,28.55873],[-16.16167,28.55857],[-16.16171,28.5582],[-16.16269,28.55787],[-16.16281,28.55745],[-16.16347,28.55729],[-16.16372,28.55732],[-16.16395,28.55753],[-16.16442,28.55755],[-16.16488,28.55801],[-16.16548,28.55797],[-16.16584,28.55759],[-16.16588,28.55736],[-16.16564,28.55704],[-16.16574,28.55681],[-16.1657,28.55662],[-16.16507,28.55632],[-16.16506,28.55601],[-16.16516,28.55587],[-16.16555,28.55593],[-16.16638,28.55642],[-16.16688,28.55658],[-16.16705,28.55677],[-16.16715,28.55718],[-16.16676,28.55769],[-16.16678,28.55798],[-16.16663,28.5584],[-16.16672,28.5584],[-16.16695,28.55806],[-16.16823,28.55748],[-16.16909,28.55795],[-16.16964,28.55782],[-16.17012,28.55785],[-16.16998,28.55801],[-16.16963,28.55799],[-16.16924,28.55824],[-16.16928,28.55852],[-16.16958,28.55864],[-16.16998,28.55844],[-16.17028,28.55843],[-16.17091,28.55772],[-16.17168,28.55738],[-16.17198,28.55702],[-16.17224,28.55717],[-16.17241,28.55761],[-16.17263,28.55769],[-16.17336,28.55767],[-16.17382,28.55739],[-16.17444,28.55732],[-16.17499,28.557],[-16.17511,28.55681],[-16.17568,28.55659],[-16.17594,28.55601],[-16.17613,28.55597],[-16.17639,28.55619],[-16.17659,28.55683],[-16.17648,28.55722],[-16.17654,28.55732],[-16.17678,28.55733],[-16.17741,28.55701],[-16.17757,28.5566],[-16.17806,28.55627],[-16.17834,28.55628],[-16.17881,28.5568],[-16.17906,28.55681],[-16.17992,28.55598],[-16.17996,28.55538],[-16.18024,28.55522],[-16.18096,28.55521],[-16.18124,28.5556],[-16.18161,28.55585],[-16.18192,28.55585],[-16.18235,28.5557],[-16.18285,28.55585],[-16.18313,28.55544],[-16.18388,28.55541],[-16.18386,28.55498],[-16.18449,28.55469],[-16.18436,28.55435],[-16.18449,28.554],[-16.1847,28.55393],[-16.18543,28.55415],[-16.18564,28.55402],[-16.18572,28.55386],[-16.18524,28.55321],[-16.18527,28.55287],[-16.18518,28.55269],[-16.18457,28.55251],[-16.18443,28.55237],[-16.18448,28.55184],[-16.18428,28.55178],[-16.1836,28.55192],[-16.18344,28.55182],[-16.18334,28.55104],[-16.18292,28.55086],[-16.18296,28.55068],[-16.18346,28.55014],[-16.18344,28.55001],[-16.18304,28.54967],[-16.18304,28.54958],[-16.18319,28.54946],[-16.18458,28.54942],[-16.18507,28.55017],[-16.18551,28.55043],[-16.18571,28.55043],[-16.18578,28.5503],[-16.1855,28.54963],[-16.1857,28.54919],[-16.18633,28.5489],[-16.18674,28.54888],[-16.18754,28.54923],[-16.18834,28.5499],[-16.18982,28.55067],[-16.18989,28.55089],[-16.18972,28.55138],[-16.18982,28.55161],[-16.19057,28.55192],[-16.19097,28.55188],[-16.19212,28.55201],[-16.19262,28.55177],[-16.19317,28.55187],[-16.19354,28.55169],[-16.19433,28.55153],[-16.1952,28.55153],[-16.1956,28.55126],[-16.19568,28.55104],[-16.1967,28.55047],[-16.19791,28.55059],[-16.19839,28.55097],[-16.1988,28.55105],[-16.19904,28.55093],[-16.19959,28.55039],[-16.19997,28.55021],[-16.20003,28.54986],[-16.20037,28.54989],[-16.20051,28.54998],[-16.2009,28.5496],[-16.20114,28.54963],[-16.20305,28.55062],[-16.20392,28.55012],[-16.20395,28.54986],[-16.20509,28.54996],[-16.20593,28.5498],[-16.20645,28.54951],[-16.20729,28.54868],[-16.20736,28.54828],[-16.20705,28.5479],[-16.20718,28.54732],[-16.20733,28.54732],[-16.20786,28.54769],[-16.20828,28.54778],[-16.20891,28.5477],[-16.20902,28.54762],[-16.20902,28.5474],[-16.20879,28.547],[-16.20896,28.5464],[-16.20872,28.54607],[-16.20824,28.54577],[-16.20822,28.54561],[-16.20834,28.54558],[-16.21008,28.54695],[-16.21141,28.54749],[-16.21164,28.54744],[-16.21202,28.54718],[-16.21307,28.54698],[-16.21349,28.54674],[-16.21426,28.54668],[-16.2152,28.54638],[-16.21583,28.54642],[-16.21686,28.54594],[-16.21727,28.54554],[-16.21775,28.54531],[-16.21811,28.54485],[-16.21811,28.54451],[-16.21821,28.54434],[-16.21896,28.54338],[-16.21913,28.54328],[-16.21951,28.54333],[-16.21968,28.54323],[-16.21991,28.54277],[-16.2198,28.54231],[-16.21989,28.54222],[-16.22071,28.54223],[-16.22114,28.54175],[-16.22154,28.54156],[-16.22162,28.5412],[-16.22218,28.54101],[-16.22289,28.54105],[-16.22318,28.54064],[-16.22318,28.54047],[-16.22295,28.54014],[-16.22259,28.54006],[-16.22141,28.53938],[-16.22049,28.53953],[-16.22004,28.53918],[-16.2194,28.53927],[-16.21924,28.53922],[-16.21919,28.53901],[-16.21938,28.53894],[-16.22029,28.53889],[-16.22071,28.53915],[-16.2214,28.53887],[-16.22191,28.53883],[-16.22379,28.53954],[-16.22452,28.54009],[-16.2249,28.54023],[-16.22622,28.54001],[-16.22649,28.54004],[-16.22677,28.54027],[-16.22813,28.54013],[-16.22827,28.54024],[-16.2283,28.54041],[-16.22821,28.5413],[-16.22844,28.54167],[-16.22873,28.5418],[-16.23111,28.5408],[-16.23264,28.53941],[-16.23284,28.53875],[-16.2326,28.53791],[-16.23271,28.53766],[-16.23252,28.53746],[-16.23292,28.53659],[-16.23364,28.53622],[-16.23385,28.53582],[-16.2343,28.5354],[-16.23523,28.53531],[-16.23626,28.53535],[-16.23675,28.53516],[-16.23752,28.53455],[-16.23835,28.53432],[-16.23855,28.53528],[-16.23957,28.53525],[-16.24121,28.53471],[-16.24081,28.53423],[-16.24004,28.53355],[-16.23978,28.53282],[-16.2403,28.53224],[-16.24219,28.53168],[-16.24245,28.53037],[-16.24381,28.52963],[-16.2448,28.52871],[-16.24466,28.52827],[-16.24372,28.52761],[-16.24352,28.52672],[-16.24443,28.52513],[-16.2438,28.52421],[-16.24463,28.52405],[-16.24506,28.52341],[-16.2468,28.52233],[-16.24723,28.52169],[-16.25062,28.52218],[-16.2533,28.52244],[-16.25473,28.52298],[-16.25522,28.52345],[-16.25686,28.52367],[-16.25813,28.52354],[-16.25884,28.52377],[-16.25969,28.52376],[-16.26032,28.5241],[-16.26088,28.52484],[-16.26155,28.52619],[-16.26154,28.52711],[-16.26179,28.53024],[-16.26304,28.53206],[-16.2636,28.53272],[-16.26465,28.53359],[-16.26533,28.53364],[-16.26598,28.53355],[-16.26675,28.53365],[-16.26693,28.53379],[-16.26713,28.53439],[-16.26763,28.53469],[-16.26894,28.5351],[-16.26928,28.53532],[-16.27063,28.5356],[-16.26903,28.53665],[-16.27011,28.53741],[-16.26912,28.53976],[-16.26918,28.54028],[-16.2688,28.54102],[-16.26839,28.54151],[-16.26822,28.54166],[-16.26775,28.54182],[-16.26776,28.54248],[-16.26733,28.54296],[-16.26724,28.54337],[-16.26738,28.54412],[-16.26783,28.5443],[-16.26802,28.54467],[-16.26879,28.54541],[-16.269,28.54599],[-16.26903,28.54657],[-16.26949,28.54692],[-16.2698,28.54736],[-16.26959,28.54789],[-16.26961,28.54809],[-16.27086,28.54959],[-16.27081,28.54979],[-16.27049,28.54995],[-16.27042,28.55016],[-16.27054,28.55035],[-16.27064,28.55113],[-16.27131,28.55152],[-16.27117,28.55261],[-16.27127,28.55322],[-16.27085,28.55337],[-16.27037,28.55307],[-16.26995,28.55324],[-16.26979,28.55442],[-16.26949,28.55494],[-16.26954,28.55524],[-16.26916,28.55544],[-16.26915,28.55552],[-16.26935,28.55574],[-16.26964,28.55585],[-16.27011,28.55573],[-16.27066,28.55585],[-16.27069,28.55613],[-16.27036,28.55648],[-16.27028,28.55709],[-16.2709,28.55705],[-16.27115,28.55763],[-16.27065,28.55788],[-16.27026,28.55789],[-16.27024,28.5581],[-16.27074,28.55865],[-16.27158,28.5586],[-16.27178,28.55866],[-16.27176,28.55921],[-16.27133,28.55952],[-16.27139,28.55977],[-16.27185,28.5599],[-16.27223,28.55977],[-16.27253,28.55984],[-16.2732,28.56056],[-16.27333,28.56083],[-16.2733,28.56115],[-16.27245,28.5613],[-16.27254,28.56172],[-16.27245,28.56203],[-16.27201,28.56225],[-16.27159,28.56227],[-16.27148,28.56248],[-16.2718,28.56283],[-16.27193,28.56322],[-16.2721,28.56335],[-16.27262,28.56329],[-16.27301,28.56357],[-16.27339,28.56302],[-16.27365,28.56288],[-16.27378,28.56297],[-16.27378,28.56336],[-16.27365,28.56375],[-16.27371,28.56421],[-16.27354,28.5648],[-16.27384,28.56517],[-16.27367,28.56537],[-16.27346,28.56543],[-16.27321,28.56523],[-16.27278,28.56519],[-16.27261,28.56543],[-16.2728,28.56564],[-16.27322,28.56576],[-16.27359,28.56598],[-16.27362,28.56615],[-16.27311,28.56658],[-16.27263,28.56747],[-16.27277,28.56768],[-16.2728,28.56815],[-16.27302,28.56865],[-16.27323,28.56875],[-16.2738,28.56867],[-16.274,28.5688],[-16.27403,28.56926],[-16.27378,28.56945],[-16.27376,28.56963],[-16.27398,28.5697],[-16.2743,28.56963],[-16.2748,28.56969],[-16.27492,28.56975],[-16.27497,28.56994],[-16.27449,28.57056],[-16.27446,28.57085],[-16.27403,28.57123],[-16.27403,28.5715],[-16.27439,28.57201],[-16.27448,28.57237],[-16.27476,28.57262],[-16.27444,28.57342],[-16.27395,28.57364],[-16.27391,28.57388],[-16.27339,28.5738],[-16.27275,28.57402],[-16.27249,28.57462],[-16.27308,28.5752],[-16.27306,28.57528],[-16.2722,28.57524],[-16.27221,28.57533],[-16.27242,28.57549],[-16.2727,28.57543],[-16.27297,28.57561],[-16.27265,28.57575],[-16.27244,28.57559],[-16.27234,28.57562],[-16.27221,28.57587],[-16.27286,28.57598],[-16.27283,28.57606],[-16.27222,28.57605],[-16.27216,28.57623],[-16.27278,28.57623],[-16.27285,28.57645],[-16.2731,28.57659],[-16.27309,28.57671],[-16.27341,28.57681],[-16.27326,28.57701],[-16.27363,28.57726],[-16.27374,28.57762],[-16.27342,28.57789],[-16.27246,28.57805]]]}},{"type":"Feature","properties":{"id":"3803809001"},"geometry":{"type":"Polygon","coordinates":[[[-16.26833,28.45749],[-16.26889,28.45681],[-16.27096,28.4577],[-16.27064,28.45835],[-16.27164,28.45884],[-16.27153,28.45912],[-16.27168,28.45926],[-16.27076,28.46001],[-16.26833,28.45749]]]}},{"type":"Feature","properties":{"id":"3803809002"},"geometry":{"type":"Polygon","coordinates":[[[-16.27096,28.4577],[-16.2727,28.45773],[-16.27304,28.45804],[-16.27269,28.45849],[-16.27168,28.45926],[-16.27153,28.45912],[-16.27164,28.45884],[-16.27064,28.45835],[-16.27096,28.4577]]]}},{"type":"Feature","properties":{"id":"3803809003"},"geometry":{"type":"Polygon","coordinates":[[[-16.27096,28.4577],[-16.26889,28.45681],[-16.26819,28.45759],[-16.26759,28.45729],[-16.2672,28.45651],[-16.27001,28.45491],[-16.27075,28.4548],[-16.27179,28.45484],[-16.27181,28.45544],[-16.27271,28.45648],[-16.27306,28.45772],[-16.27304,28.45804],[-16.2727,28.45773],[-16.27096,28.4577]]]}},{"type":"Feature","properties":{"id":"3803809006"},"geometry":{"type":"Polygon","coordinates":[[[-16.2743,28.4546],[-16.27456,28.45346],[-16.27362,28.45329],[-16.27347,28.45333],[-16.27338,28.45307],[-16.27706,28.45101],[-16.27747,28.45157],[-16.278,28.45293],[-16.27743,28.45287],[-16.27712,28.45271],[-16.27702,28.45276],[-16.27545,28.45481],[-16.27459,28.45448],[-16.27394,28.45533],[-16.27398,28.455],[-16.2743,28.4546]]]}},{"type":"Feature","properties":{"id":"3803809007"},"geometry":{"type":"Polygon","coordinates":[[[-16.27091,28.45448],[-16.26905,28.45542],[-16.27008,28.45449],[-16.27063,28.45377],[-16.27164,28.45122],[-16.27243,28.44987],[-16.27749,28.44408],[-16.27799,28.44484],[-16.27682,28.4494],[-16.27679,28.45062],[-16.27706,28.45101],[-16.27091,28.45448]]]}},{"type":"Feature","properties":{"id":"3803809009"},"geometry":{"type":"Polygon","coordinates":[[[-16.27749,28.44408],[-16.27804,28.44306],[-16.27883,28.4404],[-16.27947,28.43916],[-16.28287,28.43526],[-16.28404,28.43418],[-16.28471,28.43377],[-16.28553,28.43342],[-16.28881,28.43259],[-16.29044,28.43229],[-16.29459,28.43172],[-16.29301,28.44236],[-16.29283,28.4443],[-16.29239,28.44605],[-16.29228,28.44608],[-16.29226,28.44669],[-16.29102,28.44691],[-16.29022,28.44715],[-16.28964,28.44682],[-16.289,28.44661],[-16.28812,28.44655],[-16.28749,28.44667],[-16.284,28.44775],[-16.28223,28.44843],[-16.2801,28.44937],[-16.27706,28.45101],[-16.27679,28.45062],[-16.27682,28.4494],[-16.27799,28.44484],[-16.27749,28.44408]]]}},{"type":"Feature","properties":{"id":"3803809010"},"geometry":{"type":"Polygon","coordinates":[[[-16.27979,28.45041],[-16.27975,28.45021],[-16.27902,28.44992],[-16.28223,28.44843],[-16.28463,28.44755],[-16.28749,28.44667],[-16.28812,28.44655],[-16.28922,28.44666],[-16.29023,28.44715],[-16.28568,28.4489],[-16.28198,28.45156],[-16.28152,28.45181],[-16.28047,28.45123],[-16.27947,28.45097],[-16.27979,28.45041]]]}},{"type":"Feature","properties":{"id":"3803809011"},"geometry":{"type":"Polygon","coordinates":[[[-16.28454,28.44974],[-16.28568,28.4489],[-16.28741,28.44825],[-16.28634,28.45044],[-16.28517,28.45044],[-16.28454,28.44974]]]}},{"type":"Feature","properties":{"id":"3803809012"},"geometry":{"type":"Polygon","coordinates":[[[-16.28743,28.45265],[-16.28733,28.4524],[-16.28688,28.45272],[-16.28655,28.45279],[-16.28544,28.45243],[-16.2859,28.4515],[-16.28735,28.4519],[-16.28728,28.45226],[-16.28748,28.4523],[-16.29124,28.44966],[-16.29126,28.44897],[-16.29113,28.44833],[-16.29076,28.44764],[-16.29022,28.44715],[-16.29102,28.44691],[-16.29226,28.44669],[-16.29112,28.45294],[-16.28932,28.4523],[-16.28901,28.45299],[-16.28743,28.45265]]]}},{"type":"Feature","properties":{"id":"3803809014"},"geometry":{"type":"Polygon","coordinates":[[[-16.28752,28.4585],[-16.2877,28.45798],[-16.28853,28.45655],[-16.28828,28.45646],[-16.28811,28.45484],[-16.28793,28.4548],[-16.28783,28.45431],[-16.28828,28.45353],[-16.291,28.45412],[-16.29024,28.45833],[-16.28752,28.4585]]]}},{"type":"Feature","properties":{"id":"3803809015"},"geometry":{"type":"Polygon","coordinates":[[[-16.27179,28.45484],[-16.27075,28.4548],[-16.27002,28.45491],[-16.27338,28.45307],[-16.27347,28.45333],[-16.27362,28.45329],[-16.27456,28.45346],[-16.27426,28.45468],[-16.27398,28.455],[-16.27394,28.45533],[-16.27314,28.45689],[-16.27306,28.45772],[-16.27271,28.45648],[-16.27181,28.45544],[-16.27179,28.45484]]]}},{"type":"Feature","properties":{"id":"3803809016"},"geometry":{"type":"Polygon","coordinates":[[[-16.28752,28.4585],[-16.28681,28.45754],[-16.28704,28.45644],[-16.28664,28.45437],[-16.28783,28.45431],[-16.28793,28.4548],[-16.28811,28.45484],[-16.28828,28.45646],[-16.28853,28.45655],[-16.2877,28.45798],[-16.28752,28.4585]]]}},{"type":"Feature","properties":{"id":"3803809018"},"geometry":{"type":"Polygon","coordinates":[[[-16.2859,28.4515],[-16.28665,28.4498],[-16.28705,28.44984],[-16.28846,28.45039],[-16.28852,28.45054],[-16.28828,28.45116],[-16.2886,28.45153],[-16.28748,28.4523],[-16.28728,28.45226],[-16.28735,28.4519],[-16.2859,28.4515]]]}},{"type":"Feature","properties":{"id":"3803809019"},"geometry":{"type":"Polygon","coordinates":[[[-16.28957,28.44997],[-16.28712,28.44879],[-16.28741,28.44825],[-16.29023,28.44715],[-16.29076,28.44764],[-16.29113,28.44833],[-16.29126,28.44897],[-16.29124,28.44966],[-16.28993,28.45059],[-16.2894,28.45007],[-16.28957,28.44997]]]}},{"type":"Feature","properties":{"id":"3803809021"},"geometry":{"type":"Polygon","coordinates":[[[-16.28665,28.4498],[-16.28712,28.44879],[-16.28947,28.44988],[-16.28957,28.44997],[-16.2894,28.45007],[-16.28993,28.45059],[-16.2886,28.45153],[-16.28828,28.45116],[-16.28852,28.45054],[-16.28846,28.45039],[-16.28705,28.44984],[-16.28665,28.4498]]]}},{"type":"Feature","properties":{"id":"3803809022"},"geometry":{"type":"Polygon","coordinates":[[[-16.28783,28.45431],[-16.28672,28.45436],[-16.28745,28.45277],[-16.28743,28.45265],[-16.28901,28.45299],[-16.28932,28.4523],[-16.29112,28.45294],[-16.291,28.45412],[-16.28828,28.45353],[-16.28783,28.45431]]]}},{"type":"Feature","properties":{"id":"3803810001"},"geometry":{"type":"Polygon","coordinates":[[[-16.28402,28.45739],[-16.28535,28.45722],[-16.28534,28.45713],[-16.2865,28.45705],[-16.28717,28.45811],[-16.28572,28.45823],[-16.28574,28.45839],[-16.28493,28.45844],[-16.28489,28.4586],[-16.28413,28.45865],[-16.28402,28.45739]]]}},{"type":"Feature","properties":{"id":"3803810002"},"geometry":{"type":"Polygon","coordinates":[[[-16.28207,28.45652],[-16.27879,28.45503],[-16.2798,28.45346],[-16.28105,28.45376],[-16.28106,28.454],[-16.28152,28.45482],[-16.28396,28.45569],[-16.28367,28.45621],[-16.2833,28.45649],[-16.28274,28.45663],[-16.28207,28.45652]]]}},{"type":"Feature","properties":{"id":"3803810003"},"geometry":{"type":"Polygon","coordinates":[[[-16.28152,28.45703],[-16.28207,28.45652],[-16.28231,28.45661],[-16.28302,28.4566],[-16.28347,28.45639],[-16.284,28.45708],[-16.28421,28.45967],[-16.28246,28.45978],[-16.28196,28.45959],[-16.28177,28.45721],[-16.28152,28.45703]]]}},{"type":"Feature","properties":{"id":"3803810004"},"geometry":{"type":"Polygon","coordinates":[[[-16.27833,28.45482],[-16.27725,28.45474],[-16.27743,28.45287],[-16.278,28.45293],[-16.27811,28.4546],[-16.27833,28.45482]]]}},{"type":"Feature","properties":{"id":"3803810005"},"geometry":{"type":"Polygon","coordinates":[[[-16.27556,28.45461],[-16.27702,28.45276],[-16.2773,28.45278],[-16.27743,28.45287],[-16.27725,28.45474],[-16.27833,28.45482],[-16.27965,28.45544],[-16.27946,28.45586],[-16.27946,28.4561],[-16.27854,28.45594],[-16.27836,28.45575],[-16.27728,28.45611],[-16.27668,28.4559],[-16.27602,28.45542],[-16.27594,28.45514],[-16.27606,28.45478],[-16.27599,28.45465],[-16.27556,28.45461]]]}},{"type":"Feature","properties":{"id":"3803810006"},"geometry":{"type":"Polygon","coordinates":[[[-16.27202,28.45902],[-16.27289,28.4583],[-16.27304,28.45804],[-16.2731,28.45711],[-16.27323,28.45668],[-16.27415,28.45496],[-16.27459,28.45448],[-16.27545,28.45481],[-16.27556,28.45461],[-16.27599,28.45465],[-16.27606,28.45478],[-16.27594,28.45514],[-16.27602,28.45542],[-16.27668,28.4559],[-16.27728,28.45611],[-16.27836,28.45575],[-16.27854,28.45594],[-16.27946,28.4561],[-16.27908,28.45686],[-16.27844,28.45711],[-16.27846,28.45729],[-16.27805,28.45747],[-16.27758,28.45816],[-16.27687,28.45844],[-16.27602,28.45901],[-16.27572,28.46092],[-16.27487,28.46041],[-16.27202,28.45902]]]}},{"type":"Feature","properties":{"id":"3803810007"},"geometry":{"type":"Polygon","coordinates":[[[-16.27507,28.46137],[-16.27408,28.46137],[-16.27377,28.46122],[-16.27317,28.46112],[-16.27257,28.46077],[-16.27206,28.46069],[-16.27134,28.46038],[-16.27076,28.46001],[-16.27202,28.45902],[-16.27487,28.46041],[-16.27572,28.46092],[-16.27566,28.46122],[-16.27526,28.46127],[-16.27507,28.46137]]]}},{"type":"Feature","properties":{"id":"3803810008"},"geometry":{"type":"Polygon","coordinates":[[[-16.27833,28.45482],[-16.27811,28.4546],[-16.278,28.45293],[-16.27747,28.45157],[-16.27706,28.45101],[-16.27902,28.44992],[-16.27975,28.45021],[-16.27981,28.45042],[-16.27947,28.45097],[-16.28047,28.45123],[-16.28152,28.45181],[-16.28023,28.45286],[-16.27879,28.45503],[-16.27833,28.45482]]]}},{"type":"Feature","properties":{"id":"3803810009"},"geometry":{"type":"Polygon","coordinates":[[[-16.28083,28.45235],[-16.28454,28.44974],[-16.28517,28.45044],[-16.28634,28.45044],[-16.28495,28.45348],[-16.28438,28.45323],[-16.28083,28.45235]]]}},{"type":"Feature","properties":{"id":"3803810010"},"geometry":{"type":"Polygon","coordinates":[[[-16.28402,28.45739],[-16.28395,28.45698],[-16.28347,28.45639],[-16.28386,28.45595],[-16.28459,28.45424],[-16.28526,28.45449],[-16.28453,28.4561],[-16.28469,28.45733],[-16.28402,28.45739]]]}},{"type":"Feature","properties":{"id":"3803810011"},"geometry":{"type":"Polygon","coordinates":[[[-16.28681,28.45754],[-16.28589,28.45603],[-16.2858,28.45485],[-16.28571,28.45471],[-16.28459,28.45424],[-16.28544,28.45243],[-16.28655,28.45279],[-16.28688,28.45272],[-16.28733,28.4524],[-16.28745,28.45277],[-16.28672,28.45436],[-16.28664,28.45437],[-16.28704,28.45644],[-16.28681,28.45754]]]}},{"type":"Feature","properties":{"id":"3803810012"},"geometry":{"type":"Polygon","coordinates":[[[-16.2798,28.45346],[-16.28023,28.45286],[-16.28083,28.45235],[-16.28438,28.45323],[-16.28495,28.45348],[-16.28396,28.45569],[-16.28152,28.45482],[-16.28106,28.454],[-16.28105,28.45376],[-16.2798,28.45346]]]}},{"type":"Feature","properties":{"id":"3803810013"},"geometry":{"type":"Polygon","coordinates":[[[-16.28055,28.45871],[-16.28004,28.4587],[-16.28079,28.45771],[-16.28152,28.45703],[-16.28177,28.45721],[-16.28195,28.45947],[-16.28055,28.45871]]]}},{"type":"Feature","properties":{"id":"3803810014"},"geometry":{"type":"Polygon","coordinates":[[[-16.28469,28.45733],[-16.28453,28.4561],[-16.28526,28.45449],[-16.28559,28.45462],[-16.2858,28.45485],[-16.28589,28.45603],[-16.2865,28.45705],[-16.28534,28.45713],[-16.28535,28.45722],[-16.28469,28.45733]]]}},{"type":"Feature","properties":{"id":"3803810015"},"geometry":{"type":"Polygon","coordinates":[[[-16.27568,28.46112],[-16.27602,28.45901],[-16.27687,28.45844],[-16.27758,28.45816],[-16.27805,28.45747],[-16.27846,28.45729],[-16.27844,28.45711],[-16.27908,28.45686],[-16.27947,28.4561],[-16.27946,28.45586],[-16.27965,28.45544],[-16.28207,28.45652],[-16.28079,28.45771],[-16.28004,28.45871],[-16.27884,28.4587],[-16.27802,28.459],[-16.27712,28.4603],[-16.27681,28.46047],[-16.27617,28.46105],[-16.27568,28.46112]]]}},{"type":"Feature","properties":{"id":"3803810016"},"geometry":{"type":"Polygon","coordinates":[[[-16.28426,28.45992],[-16.28413,28.45865],[-16.28489,28.4586],[-16.28493,28.45844],[-16.28574,28.45839],[-16.28572,28.45823],[-16.28717,28.45811],[-16.28752,28.4585],[-16.28725,28.45876],[-16.28627,28.4604],[-16.28595,28.46074],[-16.28574,28.46075],[-16.28442,28.46002],[-16.28426,28.45992]]]}},{"type":"Feature","properties":{"id":"3803811001"},"geometry":{"type":"Polygon","coordinates":[[[-16.30302,28.44506],[-16.30242,28.44479],[-16.30212,28.44493],[-16.30241,28.44398],[-16.30093,28.44451],[-16.30117,28.44386],[-16.30065,28.44418],[-16.29998,28.44563],[-16.29984,28.44554],[-16.29943,28.44454],[-16.29918,28.44433],[-16.299,28.44401],[-16.29904,28.44339],[-16.29934,28.44306],[-16.30004,28.44262],[-16.30061,28.44175],[-16.30082,28.44127],[-16.30042,28.44037],[-16.30088,28.4399],[-16.30098,28.43965],[-16.30095,28.43926],[-16.30063,28.43869],[-16.30114,28.43869],[-16.30142,28.43911],[-16.3017,28.43935],[-16.30256,28.43944],[-16.30349,28.44],[-16.30299,28.44048],[-16.3027,28.44101],[-16.30319,28.44133],[-16.30329,28.44216],[-16.30461,28.44462],[-16.30418,28.44496],[-16.30387,28.44558],[-16.30291,28.44526],[-16.30302,28.44506]]]}},{"type":"Feature","properties":{"id":"3803811002"},"geometry":{"type":"Polygon","coordinates":[[[-16.30478,28.4398],[-16.30373,28.43988],[-16.3035,28.43998],[-16.30581,28.43759],[-16.30599,28.43772],[-16.30614,28.43834],[-16.3064,28.43848],[-16.30745,28.4386],[-16.30944,28.43807],[-16.31053,28.43832],[-16.31072,28.43847],[-16.31083,28.43872],[-16.31055,28.43944],[-16.31064,28.44057],[-16.30745,28.44404],[-16.30604,28.44312],[-16.30586,28.44273],[-16.30573,28.44124],[-16.30547,28.44032],[-16.30519,28.43993],[-16.30478,28.4398]]]}},{"type":"Feature","properties":{"id":"3803811003"},"geometry":{"type":"Polygon","coordinates":[[[-16.30833,28.44496],[-16.308,28.44442],[-16.30745,28.44403],[-16.31064,28.44057],[-16.31064,28.44084],[-16.31044,28.44133],[-16.31062,28.4415],[-16.31088,28.44142],[-16.31189,28.44045],[-16.31336,28.44031],[-16.31446,28.44086],[-16.31696,28.44159],[-16.31787,28.44176],[-16.31813,28.44156],[-16.31792,28.44239],[-16.31763,28.44265],[-16.31622,28.44281],[-16.31415,28.44333],[-16.31288,28.44425],[-16.31229,28.44499],[-16.31143,28.4446],[-16.30989,28.44468],[-16.30846,28.44632],[-16.3085,28.44547],[-16.30833,28.44496]]]}},{"type":"Feature","properties":{"id":"3803811004"},"geometry":{"type":"Polygon","coordinates":[[[-16.31082,28.43887],[-16.31068,28.43842],[-16.31046,28.43829],[-16.30944,28.43807],[-16.30745,28.4386],[-16.3064,28.43848],[-16.30614,28.43834],[-16.30599,28.43772],[-16.30581,28.43759],[-16.30793,28.43548],[-16.30836,28.43526],[-16.30874,28.43531],[-16.30981,28.4357],[-16.31022,28.43565],[-16.31074,28.43621],[-16.31099,28.43686],[-16.3112,28.43702],[-16.3116,28.43711],[-16.31243,28.43711],[-16.31312,28.43683],[-16.31399,28.4371],[-16.31421,28.43686],[-16.31459,28.43679],[-16.31543,28.43712],[-16.31596,28.43723],[-16.31563,28.43777],[-16.31523,28.4381],[-16.31307,28.43873],[-16.31214,28.43918],[-16.31126,28.43987],[-16.31064,28.44057],[-16.31055,28.43944],[-16.31082,28.43887]]]}},{"type":"Feature","properties":{"id":"3803811005"},"geometry":{"type":"Polygon","coordinates":[[[-16.30368,28.43611],[-16.30268,28.4353],[-16.30192,28.43487],[-16.30198,28.43474],[-16.30312,28.43445],[-16.30293,28.43402],[-16.30284,28.43394],[-16.30249,28.43398],[-16.30193,28.43367],[-16.30206,28.43322],[-16.30128,28.43352],[-16.29921,28.43115],[-16.3001,28.43096],[-16.30076,28.4307],[-16.30126,28.43042],[-16.30187,28.42991],[-16.30251,28.42909],[-16.30363,28.42655],[-16.30435,28.42678],[-16.30398,28.4276],[-16.30408,28.42768],[-16.30437,28.42958],[-16.30456,28.43001],[-16.30498,28.43038],[-16.30634,28.43126],[-16.30611,28.43154],[-16.3066,28.43174],[-16.30692,28.43224],[-16.30713,28.43222],[-16.30717,28.43251],[-16.30803,28.43302],[-16.30869,28.43297],[-16.30959,28.43351],[-16.30958,28.43398],[-16.30973,28.43422],[-16.31005,28.43444],[-16.31037,28.43454],[-16.31048,28.43551],[-16.31018,28.43567],[-16.30981,28.4357],[-16.30855,28.43526],[-16.30821,28.4353],[-16.30793,28.43548],[-16.30581,28.43759],[-16.30368,28.43611]]]}},{"type":"Feature","properties":{"id":"3803811006"},"geometry":{"type":"Polygon","coordinates":[[[-16.30745,28.44691],[-16.30711,28.44701],[-16.30662,28.44736],[-16.30584,28.44713],[-16.3054,28.4474],[-16.30518,28.44742],[-16.3044,28.44712],[-16.30303,28.44629],[-16.30221,28.44612],[-16.30182,28.44618],[-16.301,28.44604],[-16.29998,28.44563],[-16.30065,28.44418],[-16.30117,28.44386],[-16.30093,28.44451],[-16.30241,28.44398],[-16.30212,28.44493],[-16.30242,28.44479],[-16.30302,28.44506],[-16.30291,28.44526],[-16.30387,28.44558],[-16.30418,28.44496],[-16.30461,28.44462],[-16.30329,28.44216],[-16.30319,28.44133],[-16.3027,28.44101],[-16.30299,28.44048],[-16.30337,28.44008],[-16.30366,28.4399],[-16.30478,28.4398],[-16.30519,28.43993],[-16.30547,28.44032],[-16.30566,28.44094],[-16.30581,28.44249],[-16.30604,28.44312],[-16.30762,28.44409],[-16.308,28.44442],[-16.30824,28.44477],[-16.30851,28.44564],[-16.30835,28.44689],[-16.30829,28.44707],[-16.308,28.44724],[-16.30745,28.44691]]]}},{"type":"Feature","properties":{"id":"3803811007"},"geometry":{"type":"Polygon","coordinates":[[[-16.31064,28.44057],[-16.31126,28.43987],[-16.31214,28.43918],[-16.31307,28.43873],[-16.31523,28.4381],[-16.31563,28.43777],[-16.31596,28.43723],[-16.3169,28.43797],[-16.31784,28.43808],[-16.31836,28.43847],[-16.31499,28.44101],[-16.31433,28.4408],[-16.31342,28.44031],[-16.31214,28.4404],[-16.31182,28.4405],[-16.31088,28.44142],[-16.31062,28.4415],[-16.31044,28.44133],[-16.31064,28.44084],[-16.31064,28.44057]]]}},{"type":"Feature","properties":{"id":"3803811008"},"geometry":{"type":"Polygon","coordinates":[[[-16.29562,28.42026],[-16.29623,28.42076],[-16.29702,28.42106],[-16.29732,28.42135],[-16.2979,28.42161],[-16.29704,28.42226],[-16.29682,28.42255],[-16.29639,28.42353],[-16.29783,28.42401],[-16.29694,28.42605],[-16.29718,28.42643],[-16.29697,28.42654],[-16.2963,28.4262],[-16.29541,28.42589],[-16.29305,28.4277],[-16.29254,28.42735],[-16.29256,28.42714],[-16.29242,28.42702],[-16.29155,28.42679],[-16.29188,28.42652],[-16.29203,28.42588],[-16.29197,28.42573],[-16.29252,28.42538],[-16.29282,28.42476],[-16.29351,28.42451],[-16.29361,28.42435],[-16.29362,28.42405],[-16.29341,28.42381],[-16.29334,28.42314],[-16.29357,28.42253],[-16.29345,28.42247],[-16.29334,28.42216],[-16.29392,28.42114],[-16.29399,28.42067],[-16.29547,28.41984],[-16.29559,28.41989],[-16.29563,28.42006],[-16.29533,28.42022],[-16.29561,28.42013],[-16.29562,28.42026]]]}},{"type":"Feature","properties":{"id":"3803811009"},"geometry":{"type":"Polygon","coordinates":[[[-16.29305,28.4277],[-16.29541,28.42589],[-16.2963,28.4262],[-16.29697,28.42654],[-16.29718,28.42643],[-16.29694,28.42605],[-16.29747,28.42486],[-16.29818,28.42512],[-16.29924,28.42254],[-16.30233,28.42166],[-16.30259,28.42242],[-16.30051,28.42301],[-16.30009,28.4232],[-16.29972,28.42362],[-16.2982,28.42709],[-16.2942,28.42878],[-16.2936,28.42838],[-16.2935,28.42805],[-16.29305,28.4277]]]}},{"type":"Feature","properties":{"id":"3803811010"},"geometry":{"type":"Polygon","coordinates":[[[-16.3202,28.45089],[-16.32024,28.45062],[-16.32013,28.45037],[-16.31941,28.44984],[-16.31918,28.44883],[-16.31843,28.44767],[-16.32044,28.44782],[-16.32136,28.44585],[-16.32106,28.44566],[-16.32099,28.4454],[-16.32081,28.44528],[-16.32053,28.44525],[-16.32036,28.44472],[-16.32025,28.44463],[-16.31975,28.44437],[-16.31887,28.44365],[-16.31832,28.44337],[-16.3183,28.44283],[-16.31785,28.44248],[-16.31802,28.44217],[-16.31826,28.44129],[-16.31878,28.441],[-16.31842,28.44054],[-16.31837,28.44007],[-16.31909,28.4392],[-16.31929,28.43838],[-16.31955,28.43833],[-16.31955,28.43788],[-16.31984,28.43761],[-16.32023,28.43746],[-16.32053,28.43757],[-16.32146,28.43821],[-16.3219,28.43829],[-16.32197,28.43858],[-16.32213,28.43867],[-16.32226,28.43865],[-16.32246,28.43823],[-16.32289,28.43836],[-16.32348,28.43837],[-16.32278,28.43935],[-16.32274,28.43993],[-16.32432,28.43981],[-16.32429,28.44035],[-16.32461,28.44066],[-16.32595,28.44122],[-16.32657,28.44183],[-16.32598,28.44251],[-16.32534,28.44374],[-16.32537,28.44381],[-16.32582,28.44396],[-16.32562,28.44431],[-16.32552,28.44484],[-16.32436,28.44487],[-16.32437,28.44509],[-16.32405,28.44568],[-16.32452,28.44609],[-16.32461,28.44634],[-16.32503,28.44658],[-16.32524,28.4469],[-16.32542,28.447],[-16.32565,28.44791],[-16.3232,28.44903],[-16.32331,28.45011],[-16.32306,28.45026],[-16.32283,28.45073],[-16.3227,28.45076],[-16.32234,28.45057],[-16.32209,28.45057],[-16.32113,28.45104],[-16.32064,28.45115],[-16.32042,28.45111],[-16.3202,28.45089]]]}},{"type":"Feature","properties":{"id":"3803811011"},"geometry":{"type":"Polygon","coordinates":[[[-16.30327,28.42446],[-16.30212,28.42102],[-16.29898,28.42191],[-16.29864,28.42216],[-16.29844,28.42259],[-16.29712,28.42218],[-16.2979,28.42161],[-16.29732,28.42135],[-16.29702,28.42106],[-16.29623,28.42076],[-16.29577,28.42035],[-16.29643,28.41999],[-16.29689,28.41941],[-16.29711,28.41902],[-16.29698,28.41884],[-16.29711,28.41881],[-16.29708,28.41874],[-16.29727,28.41872],[-16.29706,28.41856],[-16.29708,28.41844],[-16.29721,28.41834],[-16.29753,28.41838],[-16.2975,28.41817],[-16.29717,28.41787],[-16.29753,28.41774],[-16.29818,28.41814],[-16.29886,28.41841],[-16.29952,28.41839],[-16.30031,28.4187],[-16.30181,28.41951],[-16.30293,28.42067],[-16.30302,28.42075],[-16.30329,28.42074],[-16.30406,28.42158],[-16.30426,28.42166],[-16.30524,28.4217],[-16.30571,28.42183],[-16.30442,28.42472],[-16.30402,28.42485],[-16.30355,28.42475],[-16.30327,28.42446]]]}},{"type":"Feature","properties":{"id":"3803811012"},"geometry":{"type":"Polygon","coordinates":[[[-16.30303,28.42376],[-16.30044,28.42448],[-16.30017,28.42374],[-16.29985,28.42347],[-16.30009,28.4232],[-16.30051,28.42301],[-16.30259,28.42242],[-16.30303,28.42376]]]}},{"type":"Feature","properties":{"id":"3803811013"},"geometry":{"type":"Polygon","coordinates":[[[-16.32019,28.45088],[-16.31977,28.45082],[-16.31971,28.45061],[-16.3187,28.45019],[-16.31721,28.4501],[-16.31649,28.45029],[-16.31468,28.45017],[-16.31418,28.45004],[-16.31491,28.44907],[-16.31535,28.44753],[-16.31453,28.44661],[-16.3128,28.44435],[-16.31288,28.44425],[-16.31415,28.44333],[-16.31622,28.44281],[-16.3173,28.44272],[-16.31763,28.44265],[-16.31785,28.44248],[-16.31815,28.44264],[-16.3183,28.44283],[-16.31832,28.44337],[-16.31887,28.44365],[-16.31975,28.44437],[-16.32025,28.44463],[-16.32036,28.44472],[-16.32053,28.44525],[-16.32081,28.44528],[-16.32099,28.4454],[-16.32106,28.44566],[-16.32136,28.44585],[-16.32044,28.44782],[-16.31843,28.44767],[-16.31918,28.44883],[-16.31941,28.44984],[-16.32017,28.45044],[-16.32024,28.45062],[-16.32019,28.45088]]]}},{"type":"Feature","properties":{"id":"3803811014"},"geometry":{"type":"Polygon","coordinates":[[[-16.30222,28.41995],[-16.30255,28.4189],[-16.3028,28.4185],[-16.30315,28.41824],[-16.30376,28.41833],[-16.3062,28.41825],[-16.3066,28.41775],[-16.30684,28.41662],[-16.30752,28.41599],[-16.30807,28.41593],[-16.30913,28.41632],[-16.30935,28.4163],[-16.31008,28.41587],[-16.31037,28.41603],[-16.3111,28.41525],[-16.31189,28.41417],[-16.31192,28.41458],[-16.31251,28.41491],[-16.31249,28.41533],[-16.31263,28.41551],[-16.31213,28.41607],[-16.31127,28.41677],[-16.30925,28.41792],[-16.30794,28.4188],[-16.30675,28.42018],[-16.30571,28.42183],[-16.30524,28.4217],[-16.30426,28.42166],[-16.30406,28.42158],[-16.30329,28.42074],[-16.30302,28.42075],[-16.30222,28.41995]]]}},{"type":"Feature","properties":{"id":"3803811015"},"geometry":{"type":"Polygon","coordinates":[[[-16.30063,28.43869],[-16.30023,28.43833],[-16.2993,28.43785],[-16.29878,28.43732],[-16.2988,28.43717],[-16.29908,28.43689],[-16.29958,28.43664],[-16.2993,28.43568],[-16.29918,28.4355],[-16.29871,28.43523],[-16.29875,28.43489],[-16.29863,28.4347],[-16.298,28.4345],[-16.29799,28.43414],[-16.29751,28.43313],[-16.29655,28.43236],[-16.29643,28.43149],[-16.29921,28.43115],[-16.30128,28.43352],[-16.30206,28.43322],[-16.30193,28.43367],[-16.30249,28.43398],[-16.30284,28.43394],[-16.30293,28.43402],[-16.30312,28.43445],[-16.30198,28.43474],[-16.30192,28.43487],[-16.30268,28.4353],[-16.30368,28.43611],[-16.30581,28.43759],[-16.30349,28.44],[-16.30256,28.43944],[-16.3017,28.43935],[-16.30142,28.43911],[-16.30114,28.43869],[-16.30063,28.43869]]]}},{"type":"Feature","properties":{"id":"3803811016"},"geometry":{"type":"Polygon","coordinates":[[[-16.29639,28.42353],[-16.29682,28.42255],[-16.29712,28.42218],[-16.29844,28.42259],[-16.29783,28.42401],[-16.29639,28.42353]]]}},{"type":"Feature","properties":{"id":"3803811017"},"geometry":{"type":"Polygon","coordinates":[[[-16.29747,28.42486],[-16.29873,28.42205],[-16.29898,28.42191],[-16.30212,28.42102],[-16.30233,28.42166],[-16.29924,28.42254],[-16.29818,28.42512],[-16.29747,28.42486]]]}},{"type":"Feature","properties":{"id":"3803811018"},"geometry":{"type":"Polygon","coordinates":[[[-16.30829,28.44707],[-16.30846,28.44631],[-16.30989,28.44468],[-16.31143,28.4446],[-16.31229,28.44499],[-16.3128,28.44435],[-16.31453,28.44661],[-16.31535,28.44753],[-16.31491,28.44907],[-16.31418,28.45004],[-16.31381,28.44985],[-16.31354,28.44949],[-16.31288,28.44957],[-16.31247,28.44948],[-16.31183,28.44948],[-16.31173,28.44938],[-16.3117,28.44899],[-16.31136,28.44884],[-16.31107,28.44831],[-16.31046,28.44809],[-16.30989,28.44758],[-16.30885,28.4476],[-16.30872,28.44751],[-16.30862,28.44701],[-16.30829,28.44707]]]}},{"type":"Feature","properties":{"id":"3803811019"},"geometry":{"type":"Polygon","coordinates":[[[-16.31499,28.44101],[-16.31836,28.43847],[-16.31929,28.43838],[-16.31909,28.4392],[-16.31836,28.44012],[-16.31844,28.44059],[-16.31878,28.441],[-16.31831,28.44125],[-16.31801,28.44172],[-16.31773,28.44175],[-16.31696,28.44159],[-16.31499,28.44101]]]}},{"type":"Feature","properties":{"id":"3803811020"},"geometry":{"type":"Polygon","coordinates":[[[-16.29643,28.43149],[-16.29639,28.43102],[-16.29434,28.42947],[-16.2941,28.42919],[-16.29409,28.4289],[-16.2942,28.42878],[-16.2982,28.42709],[-16.29985,28.42347],[-16.30017,28.42374],[-16.30044,28.42448],[-16.30303,28.42376],[-16.30327,28.42446],[-16.30355,28.42475],[-16.30402,28.42485],[-16.30442,28.42472],[-16.30263,28.42885],[-16.30223,28.42951],[-16.30169,28.43008],[-16.30076,28.4307],[-16.29988,28.43102],[-16.29643,28.43149]]]}},{"type":"Feature","properties":{"id":"3803811021"},"geometry":{"type":"Polygon","coordinates":[[[-16.31189,28.41417],[-16.3111,28.41525],[-16.31037,28.41603],[-16.31008,28.41587],[-16.30924,28.41632],[-16.309,28.41631],[-16.30794,28.41591],[-16.30764,28.41594],[-16.30735,28.41608],[-16.30684,28.41662],[-16.3066,28.41775],[-16.3062,28.41825],[-16.30376,28.41833],[-16.30315,28.41824],[-16.30304,28.4183],[-16.3028,28.4185],[-16.30255,28.4189],[-16.30222,28.41995],[-16.30181,28.41951],[-16.30139,28.41923],[-16.30031,28.4187],[-16.29952,28.41839],[-16.29886,28.41841],[-16.29818,28.41814],[-16.29782,28.4179],[-16.29785,28.41753],[-16.29819,28.41737],[-16.2982,28.41722],[-16.29841,28.41724],[-16.29869,28.41698],[-16.29866,28.41683],[-16.29882,28.41679],[-16.2987,28.41659],[-16.29883,28.41647],[-16.29876,28.41615],[-16.29911,28.41612],[-16.29905,28.41602],[-16.29913,28.41598],[-16.29937,28.41601],[-16.29954,28.41565],[-16.29948,28.41546],[-16.29962,28.41548],[-16.29978,28.41528],[-16.30033,28.41498],[-16.30069,28.41436],[-16.3012,28.41441],[-16.30144,28.41411],[-16.3015,28.41421],[-16.30171,28.41406],[-16.30189,28.41418],[-16.30206,28.41402],[-16.30215,28.4141],[-16.30238,28.41396],[-16.30244,28.41363],[-16.30247,28.41372],[-16.30272,28.41372],[-16.30275,28.41357],[-16.30295,28.41359],[-16.30304,28.41342],[-16.30316,28.41352],[-16.30321,28.41344],[-16.30331,28.41351],[-16.30354,28.41346],[-16.30362,28.41314],[-16.30395,28.41327],[-16.30415,28.41312],[-16.30447,28.41311],[-16.30484,28.41283],[-16.30496,28.41287],[-16.3049,28.41274],[-16.30502,28.41262],[-16.305,28.41232],[-16.30535,28.41229],[-16.30549,28.41206],[-16.30545,28.41179],[-16.30558,28.41166],[-16.30556,28.41154],[-16.30567,28.41161],[-16.30583,28.41138],[-16.30575,28.41106],[-16.30581,28.41111],[-16.30598,28.411],[-16.30606,28.41075],[-16.30641,28.41032],[-16.30675,28.41019],[-16.30721,28.40981],[-16.30749,28.40973],[-16.30767,28.41002],[-16.30793,28.4102],[-16.3082,28.41085],[-16.30846,28.41111],[-16.309,28.41207],[-16.30926,28.4122],[-16.30941,28.41238],[-16.31022,28.41263],[-16.3109,28.41314],[-16.31136,28.41319],[-16.31145,28.41352],[-16.31189,28.41417]]]}},{"type":"Feature","properties":{"id":"3803812001"},"geometry":{"type":"Polygon","coordinates":[[[-16.32331,28.45011],[-16.3232,28.44903],[-16.32565,28.44791],[-16.32542,28.447],[-16.32524,28.4469],[-16.32503,28.44658],[-16.32461,28.44634],[-16.32452,28.44609],[-16.32405,28.44568],[-16.32437,28.44509],[-16.32436,28.44487],[-16.32552,28.44484],[-16.32562,28.44431],[-16.32582,28.44396],[-16.32537,28.44381],[-16.32534,28.44374],[-16.32598,28.44251],[-16.32657,28.44183],[-16.32595,28.44122],[-16.32461,28.44066],[-16.32429,28.44035],[-16.32432,28.43981],[-16.32274,28.43993],[-16.32278,28.43935],[-16.32348,28.43837],[-16.32396,28.43845],[-16.32508,28.43808],[-16.32571,28.43813],[-16.32595,28.43754],[-16.3263,28.43754],[-16.32663,28.43737],[-16.32753,28.43734],[-16.32917,28.43673],[-16.32845,28.43463],[-16.3281,28.43399],[-16.32749,28.43246],[-16.32757,28.43138],[-16.32783,28.43079],[-16.32877,28.43181],[-16.32952,28.43291],[-16.33219,28.43267],[-16.33192,28.4333],[-16.33167,28.43454],[-16.3318,28.43517],[-16.33257,28.43685],[-16.33288,28.43674],[-16.33362,28.43684],[-16.33406,28.43681],[-16.33399,28.43667],[-16.33314,28.43649],[-16.33297,28.43632],[-16.33289,28.43602],[-16.33303,28.4358],[-16.33334,28.43607],[-16.33432,28.4359],[-16.33575,28.4361],[-16.33686,28.43678],[-16.33723,28.43732],[-16.33751,28.43848],[-16.3375,28.43886],[-16.33684,28.43903],[-16.3363,28.43939],[-16.33521,28.44076],[-16.33458,28.44179],[-16.33438,28.44254],[-16.33328,28.44429],[-16.33232,28.4456],[-16.33069,28.44735],[-16.33039,28.44959],[-16.33051,28.45067],[-16.33048,28.45153],[-16.33069,28.45282],[-16.33049,28.45483],[-16.3298,28.45454],[-16.32948,28.45399],[-16.329,28.4536],[-16.32894,28.45345],[-16.32912,28.45307],[-16.32907,28.45289],[-16.3286,28.45266],[-16.32786,28.45202],[-16.32754,28.45186],[-16.32724,28.45103],[-16.3268,28.45038],[-16.32601,28.45008],[-16.3256,28.45001],[-16.32487,28.45011],[-16.32447,28.44996],[-16.32381,28.45014],[-16.32331,28.45011]]]}},{"type":"Feature","properties":{"id":"3803812002"},"geometry":{"type":"Polygon","coordinates":[[[-16.33749,28.43885],[-16.33751,28.43848],[-16.33723,28.43732],[-16.33686,28.43678],[-16.33575,28.4361],[-16.33432,28.4359],[-16.33334,28.43607],[-16.33303,28.4358],[-16.33289,28.43602],[-16.33297,28.43632],[-16.33314,28.43649],[-16.33399,28.43667],[-16.33406,28.43681],[-16.33362,28.43684],[-16.33288,28.43674],[-16.33257,28.43685],[-16.3318,28.43517],[-16.33167,28.43454],[-16.33192,28.4333],[-16.33219,28.43267],[-16.32952,28.43291],[-16.32877,28.43181],[-16.32798,28.43104],[-16.32724,28.42956],[-16.32708,28.42941],[-16.32667,28.42928],[-16.32764,28.42862],[-16.32808,28.42801],[-16.32869,28.42749],[-16.32721,28.42457],[-16.3255,28.42338],[-16.32461,28.42312],[-16.32412,28.42307],[-16.32352,28.42278],[-16.32371,28.42222],[-16.32337,28.42185],[-16.3219,28.42144],[-16.32143,28.42152],[-16.32113,28.42131],[-16.32041,28.42112],[-16.32021,28.42115],[-16.32057,28.42065],[-16.32068,28.41977],[-16.32066,28.41874],[-16.32136,28.4178],[-16.3215,28.41777],[-16.32189,28.41795],[-16.32215,28.41796],[-16.32378,28.41774],[-16.32516,28.41742],[-16.32537,28.41745],[-16.32552,28.41756],[-16.32586,28.41813],[-16.32662,28.41779],[-16.32692,28.41781],[-16.32738,28.41812],[-16.32754,28.41789],[-16.32764,28.41695],[-16.32852,28.4165],[-16.32954,28.4163],[-16.33004,28.41663],[-16.33031,28.4167],[-16.33052,28.41718],[-16.33086,28.41746],[-16.33123,28.41761],[-16.33136,28.41811],[-16.33161,28.41829],[-16.33283,28.41857],[-16.33445,28.41911],[-16.33509,28.41893],[-16.33536,28.41875],[-16.33561,28.41874],[-16.33604,28.41908],[-16.33636,28.4192],[-16.33659,28.41947],[-16.33681,28.42032],[-16.33719,28.42093],[-16.33715,28.42159],[-16.33733,28.42204],[-16.33816,28.42224],[-16.33821,28.42268],[-16.33799,28.42321],[-16.33812,28.424],[-16.33828,28.4243],[-16.33881,28.42457],[-16.33907,28.42488],[-16.33981,28.42548],[-16.33998,28.4259],[-16.34062,28.42632],[-16.34134,28.42631],[-16.34184,28.42644],[-16.3429,28.42697],[-16.34338,28.42745],[-16.34397,28.42762],[-16.34422,28.4281],[-16.34507,28.42842],[-16.34517,28.42897],[-16.34535,28.42913],[-16.34554,28.4291],[-16.34581,28.42955],[-16.3447,28.42932],[-16.34442,28.42938],[-16.34276,28.4308],[-16.34212,28.43214],[-16.34152,28.43288],[-16.34066,28.43468],[-16.34002,28.43557],[-16.3397,28.43633],[-16.33914,28.4372],[-16.33883,28.43759],[-16.33838,28.43798],[-16.33803,28.43867],[-16.33749,28.43885]]]}},{"type":"Feature","properties":{"id":"3803812003"},"geometry":{"type":"Polygon","coordinates":[[[-16.31284,28.42775],[-16.31259,28.42705],[-16.31292,28.42634],[-16.31292,28.42613],[-16.31204,28.42524],[-16.31186,28.42457],[-16.31164,28.42445],[-16.31149,28.42446],[-16.30949,28.42563],[-16.30942,28.42579],[-16.30949,28.42667],[-16.30936,28.42681],[-16.30912,28.42678],[-16.30893,28.42636],[-16.30794,28.42555],[-16.30789,28.4257],[-16.3081,28.42635],[-16.30797,28.42651],[-16.30699,28.42603],[-16.30636,28.42619],[-16.30573,28.42616],[-16.30573,28.42547],[-16.3059,28.4243],[-16.30442,28.42472],[-16.30588,28.42149],[-16.30601,28.42152],[-16.30641,28.42136],[-16.30691,28.42101],[-16.30788,28.42092],[-16.30862,28.42119],[-16.3098,28.42134],[-16.31068,28.42186],[-16.31127,28.42183],[-16.31167,28.42205],[-16.31212,28.42203],[-16.31305,28.4223],[-16.31363,28.42231],[-16.31296,28.42366],[-16.31292,28.42409],[-16.31337,28.42575],[-16.31325,28.42677],[-16.31381,28.4273],[-16.31312,28.42798],[-16.31284,28.42775]]]}},{"type":"Feature","properties":{"id":"3803812004"},"geometry":{"type":"Polygon","coordinates":[[[-16.30363,28.42655],[-16.30442,28.42472],[-16.3059,28.4243],[-16.30573,28.42547],[-16.30573,28.42616],[-16.30636,28.42619],[-16.30699,28.42603],[-16.30797,28.42651],[-16.30795,28.42688],[-16.30758,28.4269],[-16.30791,28.42937],[-16.30634,28.43126],[-16.30476,28.43022],[-16.30447,28.42987],[-16.30408,28.42768],[-16.30398,28.4276],[-16.30435,28.42678],[-16.30363,28.42655]]]}},{"type":"Feature","properties":{"id":"3803812005"},"geometry":{"type":"Polygon","coordinates":[[[-16.31747,28.42835],[-16.31739,28.42795],[-16.31712,28.42815],[-16.31641,28.42769],[-16.31567,28.42696],[-16.31516,28.42625],[-16.31436,28.4268],[-16.31381,28.4273],[-16.31328,28.42682],[-16.31337,28.42575],[-16.31292,28.42409],[-16.31296,28.42366],[-16.31363,28.42231],[-16.31305,28.4223],[-16.31212,28.42203],[-16.31167,28.42205],[-16.31127,28.42183],[-16.31068,28.42186],[-16.3098,28.42134],[-16.30862,28.42119],[-16.30788,28.42092],[-16.30691,28.42101],[-16.30641,28.42136],[-16.30601,28.42152],[-16.30588,28.42149],[-16.30675,28.42018],[-16.30794,28.4188],[-16.30925,28.41792],[-16.31127,28.41677],[-16.31213,28.41607],[-16.31263,28.41551],[-16.31298,28.41577],[-16.31393,28.4168],[-16.31464,28.41699],[-16.31514,28.41722],[-16.31541,28.41778],[-16.31723,28.41806],[-16.31732,28.41824],[-16.31726,28.41876],[-16.31796,28.41974],[-16.31907,28.42005],[-16.32035,28.42092],[-16.32021,28.42115],[-16.32041,28.42112],[-16.32113,28.42131],[-16.32143,28.42152],[-16.3219,28.42144],[-16.32337,28.42185],[-16.32371,28.42222],[-16.32352,28.42278],[-16.32412,28.42307],[-16.32461,28.42312],[-16.3255,28.42338],[-16.32721,28.42457],[-16.32869,28.42749],[-16.32808,28.42801],[-16.32764,28.42862],[-16.32568,28.4299],[-16.32526,28.43037],[-16.32358,28.43117],[-16.3229,28.4316],[-16.32227,28.43175],[-16.32047,28.43138],[-16.31975,28.43135],[-16.31917,28.43157],[-16.31708,28.43344],[-16.31692,28.43281],[-16.31681,28.43091],[-16.31745,28.42961],[-16.31735,28.42906],[-16.31747,28.42835]]]}},{"type":"Feature","properties":{"id":"3803812006"},"geometry":{"type":"Polygon","coordinates":[[[-16.30611,28.43154],[-16.30791,28.42937],[-16.30758,28.4269],[-16.30795,28.42688],[-16.30797,28.42651],[-16.30808,28.42646],[-16.30788,28.42561],[-16.30794,28.42555],[-16.30893,28.42636],[-16.30912,28.42678],[-16.30936,28.42681],[-16.30949,28.42667],[-16.30942,28.42579],[-16.30949,28.42563],[-16.31149,28.42446],[-16.31174,28.42447],[-16.31192,28.42473],[-16.31036,28.4266],[-16.31047,28.4278],[-16.30839,28.43024],[-16.3086,28.43181],[-16.30709,28.43199],[-16.30712,28.43222],[-16.30692,28.43224],[-16.3066,28.43174],[-16.30611,28.43154]]]}},{"type":"Feature","properties":{"id":"3803812007"},"geometry":{"type":"Polygon","coordinates":[[[-16.31596,28.43723],[-16.31543,28.43712],[-16.31459,28.43679],[-16.31421,28.43686],[-16.31399,28.4371],[-16.31312,28.43683],[-16.31243,28.43711],[-16.3116,28.43711],[-16.3112,28.43702],[-16.31099,28.43686],[-16.31074,28.43621],[-16.31022,28.43565],[-16.31048,28.43551],[-16.3106,28.43528],[-16.31086,28.43374],[-16.31214,28.43159],[-16.31213,28.43109],[-16.31178,28.43033],[-16.31186,28.43],[-16.31299,28.42811],[-16.31417,28.42695],[-16.31516,28.42625],[-16.31567,28.42696],[-16.31641,28.42769],[-16.31712,28.42815],[-16.31739,28.42795],[-16.31749,28.4285],[-16.31735,28.42906],[-16.31745,28.42961],[-16.31681,28.43091],[-16.31692,28.43281],[-16.31709,28.43343],[-16.31683,28.43561],[-16.31664,28.43625],[-16.31596,28.43723]]]}},{"type":"Feature","properties":{"id":"3803812008"},"geometry":{"type":"Polygon","coordinates":[[[-16.30717,28.43251],[-16.30709,28.43199],[-16.3086,28.43181],[-16.30839,28.43024],[-16.31047,28.4278],[-16.31036,28.4266],[-16.31192,28.42473],[-16.31204,28.42524],[-16.31292,28.42613],[-16.31292,28.42634],[-16.31259,28.42713],[-16.31272,28.42759],[-16.31312,28.42798],[-16.31285,28.42829],[-16.3118,28.43016],[-16.31183,28.43052],[-16.31213,28.43109],[-16.31214,28.43159],[-16.31086,28.43374],[-16.3106,28.43528],[-16.31048,28.43551],[-16.31037,28.43454],[-16.31005,28.43444],[-16.30973,28.43422],[-16.30958,28.43398],[-16.30959,28.43351],[-16.30869,28.43297],[-16.30803,28.43302],[-16.30717,28.43251]]]}},{"type":"Feature","properties":{"id":"3803812009"},"geometry":{"type":"Polygon","coordinates":[[[-16.31955,28.43833],[-16.31835,28.43846],[-16.31933,28.43689],[-16.32023,28.43364],[-16.32548,28.43475],[-16.32639,28.43484],[-16.32769,28.43482],[-16.32856,28.43493],[-16.32917,28.43673],[-16.32753,28.43734],[-16.32663,28.43737],[-16.3263,28.43754],[-16.32595,28.43754],[-16.32571,28.43813],[-16.32508,28.43808],[-16.32396,28.43845],[-16.32289,28.43836],[-16.32249,28.43822],[-16.32217,28.43868],[-16.32197,28.43858],[-16.3219,28.43829],[-16.32146,28.43821],[-16.32053,28.43757],[-16.32023,28.43746],[-16.31984,28.43761],[-16.31959,28.43783],[-16.31952,28.43795],[-16.31955,28.43833]]]}},{"type":"Feature","properties":{"id":"3803812010"},"geometry":{"type":"Polygon","coordinates":[[[-16.32023,28.43364],[-16.32085,28.43146],[-16.32227,28.43175],[-16.3229,28.4316],[-16.3243,28.43079],[-16.32519,28.43041],[-16.32551,28.43003],[-16.32667,28.42928],[-16.32708,28.42941],[-16.32726,28.42958],[-16.32783,28.43079],[-16.32757,28.43138],[-16.32749,28.43246],[-16.32856,28.43493],[-16.32769,28.43482],[-16.32639,28.43484],[-16.32548,28.43475],[-16.32023,28.43364]]]}},{"type":"Feature","properties":{"id":"3803812011"},"geometry":{"type":"Polygon","coordinates":[[[-16.31597,28.43724],[-16.31664,28.43625],[-16.31672,28.43601],[-16.31709,28.43343],[-16.31917,28.43157],[-16.31975,28.43135],[-16.32008,28.43132],[-16.32085,28.43146],[-16.31933,28.43689],[-16.31836,28.43846],[-16.31784,28.43808],[-16.3169,28.43797],[-16.31597,28.43724]]]}}]}