{"type":"FeatureCollection","features":[{"type":"Feature","properties":{"id":"5029701001"},"geometry":{"type":"Polygon","coordinates":[[[-0.88027,41.6583],[-0.87505,41.65703],[-0.8781,41.65362],[-0.87851,41.65382],[-0.87902,41.65342],[-0.8803,41.65406],[-0.87997,41.65441],[-0.8805,41.65468],[-0.87908,41.65615],[-0.88115,41.65708],[-0.88027,41.6583]]]}},{"type":"Feature","properties":{"id":"5029701002"},"geometry":{"type":"Polygon","coordinates":[[[-0.8718,41.65583],[-0.87335,41.65428],[-0.87393,41.65355],[-0.87441,41.65398],[-0.87526,41.653],[-0.8764,41.65358],[-0.87633,41.65385],[-0.87737,41.65443],[-0.87501,41.65707],[-0.87448,41.65679],[-0.8718,41.65583]]]}},{"type":"Feature","properties":{"id":"5029701003"},"geometry":{"type":"Polygon","coordinates":[[[-0.87457,41.65321],[-0.87401,41.6536],[-0.87393,41.65355],[-0.87335,41.65428],[-0.8718,41.65583],[-0.87077,41.65553],[-0.87154,41.65431],[-0.87217,41.65463],[-0.87181,41.65318],[-0.87313,41.65199],[-0.87357,41.65222],[-0.8731,41.65277],[-0.87401,41.65319],[-0.87416,41.65301],[-0.87457,41.65321]]]}},{"type":"Feature","properties":{"id":"5029701004"},"geometry":{"type":"Polygon","coordinates":[[[-0.87077,41.65553],[-0.86166,41.65284],[-0.86252,41.65165],[-0.86621,41.6526],[-0.86633,41.65232],[-0.86655,41.65238],[-0.8668,41.65189],[-0.86726,41.65202],[-0.86735,41.65183],[-0.86803,41.65202],[-0.86817,41.65173],[-0.86964,41.65214],[-0.86987,41.65205],[-0.86989,41.6516],[-0.87068,41.65288],[-0.86976,41.65376],[-0.87154,41.65431],[-0.87077,41.65553]]]}},{"type":"Feature","properties":{"id":"5029701005"},"geometry":{"type":"Polygon","coordinates":[[[-0.86252,41.65165],[-0.86332,41.65103],[-0.86397,41.65036],[-0.86453,41.64948],[-0.86609,41.6486],[-0.86743,41.6485],[-0.86903,41.6481],[-0.87005,41.64767],[-0.8705,41.64842],[-0.86867,41.64888],[-0.86897,41.64921],[-0.86925,41.64936],[-0.87062,41.64919],[-0.8711,41.64922],[-0.87054,41.6496],[-0.87003,41.6503],[-0.86987,41.65205],[-0.86964,41.65214],[-0.86817,41.65173],[-0.86803,41.65202],[-0.86735,41.65183],[-0.86726,41.65202],[-0.8668,41.65189],[-0.86655,41.65238],[-0.86633,41.65232],[-0.86621,41.6526],[-0.86252,41.65165]]]}},{"type":"Feature","properties":{"id":"5029701006"},"geometry":{"type":"Polygon","coordinates":[[[-0.87154,41.65431],[-0.86976,41.65376],[-0.87068,41.65288],[-0.86989,41.6516],[-0.86996,41.65047],[-0.87046,41.6497],[-0.87127,41.65016],[-0.8708,41.65037],[-0.87138,41.65075],[-0.87116,41.65096],[-0.87088,41.6508],[-0.87077,41.65093],[-0.87131,41.65113],[-0.87097,41.65168],[-0.87099,41.65196],[-0.87196,41.65305],[-0.87181,41.65318],[-0.87217,41.65463],[-0.87154,41.65431]]]}},{"type":"Feature","properties":{"id":"5029701008"},"geometry":{"type":"Polygon","coordinates":[[[-0.87127,41.65016],[-0.87378,41.65155],[-0.8733,41.65183],[-0.87196,41.65305],[-0.87099,41.65196],[-0.87097,41.65168],[-0.87131,41.65113],[-0.87077,41.65093],[-0.87088,41.6508],[-0.87116,41.65096],[-0.87138,41.65075],[-0.8708,41.65037],[-0.87127,41.65016]]]}},{"type":"Feature","properties":{"id":"5029701009"},"geometry":{"type":"Polygon","coordinates":[[[-0.87457,41.65321],[-0.87416,41.65301],[-0.87401,41.65319],[-0.8731,41.65277],[-0.87357,41.65222],[-0.87313,41.65199],[-0.87362,41.65162],[-0.87485,41.6512],[-0.87528,41.65166],[-0.87605,41.65195],[-0.87684,41.65241],[-0.87662,41.65273],[-0.87695,41.65286],[-0.87635,41.65355],[-0.87526,41.653],[-0.87441,41.65398],[-0.87401,41.6536],[-0.87457,41.65321]]]}},{"type":"Feature","properties":{"id":"5029701012"},"geometry":{"type":"Polygon","coordinates":[[[-0.87635,41.65355],[-0.87695,41.65286],[-0.87662,41.65273],[-0.87684,41.65241],[-0.878,41.65294],[-0.87895,41.65222],[-0.87884,41.65217],[-0.87938,41.65167],[-0.8801,41.65199],[-0.8786,41.65304],[-0.87737,41.65443],[-0.87633,41.65385],[-0.87635,41.65355]]]}},{"type":"Feature","properties":{"id":"5029701015"},"geometry":{"type":"Polygon","coordinates":[[[-0.88228,41.65711],[-0.88374,41.65548],[-0.88423,41.65477],[-0.88527,41.65494],[-0.88507,41.65518],[-0.88476,41.65528],[-0.88442,41.65604],[-0.88716,41.65651],[-0.88681,41.65741],[-0.88382,41.65686],[-0.88351,41.65753],[-0.88325,41.65765],[-0.88228,41.65711]]]}},{"type":"Feature","properties":{"id":"5029701017"},"geometry":{"type":"Polygon","coordinates":[[[-0.88153,41.65847],[-0.88167,41.65785],[-0.88228,41.65711],[-0.88325,41.65765],[-0.88351,41.65753],[-0.88382,41.65686],[-0.88681,41.65741],[-0.88672,41.65762],[-0.88656,41.6576],[-0.88584,41.65915],[-0.88517,41.65888],[-0.88153,41.65847]]]}},{"type":"Feature","properties":{"id":"5029701019"},"geometry":{"type":"Polygon","coordinates":[[[-0.8711,41.64922],[-0.87005,41.64767],[-0.87207,41.64738],[-0.8731,41.64696],[-0.87523,41.64804],[-0.87595,41.64913],[-0.87309,41.64896],[-0.87158,41.64909],[-0.8711,41.64922]]]}},{"type":"Feature","properties":{"id":"5029701020"},"geometry":{"type":"Polygon","coordinates":[[[-0.88716,41.65651],[-0.88442,41.65604],[-0.88476,41.65528],[-0.88507,41.65518],[-0.88527,41.65494],[-0.88423,41.65477],[-0.88428,41.65438],[-0.88417,41.65407],[-0.88616,41.65464],[-0.88796,41.65504],[-0.88716,41.65651]]]}},{"type":"Feature","properties":{"id":"5029701021"},"geometry":{"type":"Polygon","coordinates":[[[-0.88718,41.65651],[-0.88796,41.65504],[-0.8911,41.65572],[-0.89074,41.65713],[-0.88718,41.65651]]]}},{"type":"Feature","properties":{"id":"5029701023"},"geometry":{"type":"Polygon","coordinates":[[[-0.88672,41.65762],[-0.88716,41.65651],[-0.89074,41.65713],[-0.89048,41.65821],[-0.88868,41.6578],[-0.88672,41.65762]]]}},{"type":"Feature","properties":{"id":"5029701024"},"geometry":{"type":"Polygon","coordinates":[[[-0.88584,41.65915],[-0.88656,41.6576],[-0.88936,41.65792],[-0.88943,41.65801],[-0.89178,41.65846],[-0.89246,41.65875],[-0.89192,41.65961],[-0.89029,41.66139],[-0.88769,41.65989],[-0.88584,41.65915]]]}},{"type":"Feature","properties":{"id":"5029701025"},"geometry":{"type":"Polygon","coordinates":[[[-0.89114,41.65834],[-0.89141,41.65724],[-0.89324,41.65754],[-0.89246,41.65875],[-0.89178,41.65846],[-0.89114,41.65834]]]}},{"type":"Feature","properties":{"id":"5029701026"},"geometry":{"type":"Polygon","coordinates":[[[-0.89048,41.65821],[-0.89096,41.65628],[-0.89217,41.65652],[-0.89193,41.65733],[-0.89141,41.65724],[-0.89114,41.65834],[-0.89048,41.65821]]]}},{"type":"Feature","properties":{"id":"5029701027"},"geometry":{"type":"Polygon","coordinates":[[[-0.89193,41.65733],[-0.89217,41.65652],[-0.89096,41.65628],[-0.8911,41.65572],[-0.89361,41.65624],[-0.89352,41.65702],[-0.89324,41.65754],[-0.89193,41.65733]]]}},{"type":"Feature","properties":{"id":"5029701030"},"geometry":{"type":"Polygon","coordinates":[[[-0.89361,41.65624],[-0.88927,41.65534],[-0.88796,41.65504],[-0.88863,41.65413],[-0.88975,41.65429],[-0.89193,41.6551],[-0.89352,41.65483],[-0.89365,41.65572],[-0.89361,41.65624]]]}},{"type":"Feature","properties":{"id":"5029701031"},"geometry":{"type":"Polygon","coordinates":[[[-0.88975,41.65429],[-0.88606,41.65392],[-0.88639,41.65265],[-0.88655,41.65227],[-0.88766,41.65258],[-0.88881,41.6531],[-0.88988,41.65088],[-0.891,41.65154],[-0.89321,41.65415],[-0.89352,41.65483],[-0.89193,41.6551],[-0.88975,41.65429]]]}},{"type":"Feature","properties":{"id":"5029701032"},"geometry":{"type":"Polygon","coordinates":[[[-0.88426,41.65362],[-0.88477,41.65247],[-0.88639,41.65084],[-0.88778,41.64977],[-0.88988,41.65088],[-0.88881,41.6531],[-0.88766,41.65258],[-0.88655,41.65227],[-0.88623,41.65312],[-0.88541,41.65287],[-0.885,41.65381],[-0.88426,41.65362]]]}},{"type":"Feature","properties":{"id":"5029701033"},"geometry":{"type":"Polygon","coordinates":[[[-0.8705,41.64842],[-0.8711,41.64922],[-0.87062,41.64919],[-0.86925,41.64936],[-0.86897,41.64921],[-0.86867,41.64888],[-0.8705,41.64842]]]}},{"type":"Feature","properties":{"id":"5029701034"},"geometry":{"type":"Polygon","coordinates":[[[-0.88417,41.65407],[-0.88426,41.65362],[-0.885,41.65381],[-0.88541,41.65287],[-0.88623,41.65312],[-0.88606,41.65392],[-0.88863,41.65413],[-0.88796,41.65504],[-0.88616,41.65464],[-0.88417,41.65407]]]}},{"type":"Feature","properties":{"id":"5029701036"},"geometry":{"type":"Polygon","coordinates":[[[-0.88153,41.65847],[-0.88027,41.6583],[-0.88115,41.65708],[-0.87908,41.65615],[-0.8805,41.65468],[-0.88113,41.655],[-0.88144,41.65458],[-0.88164,41.65467],[-0.88191,41.65449],[-0.88208,41.65456],[-0.88222,41.65435],[-0.88264,41.65451],[-0.88346,41.65374],[-0.88386,41.65399],[-0.88417,41.65407],[-0.88428,41.65438],[-0.88423,41.65477],[-0.88374,41.65548],[-0.88167,41.65785],[-0.88153,41.65847]]]}},{"type":"Feature","properties":{"id":"5029701038"},"geometry":{"type":"Polygon","coordinates":[[[-0.88113,41.655],[-0.87997,41.65441],[-0.8803,41.65406],[-0.87908,41.65344],[-0.87851,41.65382],[-0.8781,41.65362],[-0.8786,41.65304],[-0.8801,41.65199],[-0.88345,41.65375],[-0.88264,41.65451],[-0.88222,41.65435],[-0.88208,41.65456],[-0.88191,41.65449],[-0.88164,41.65467],[-0.88144,41.65458],[-0.88113,41.655]]]}},{"type":"Feature","properties":{"id":"5029701039"},"geometry":{"type":"Polygon","coordinates":[[[-0.878,41.65294],[-0.87605,41.65195],[-0.87528,41.65166],[-0.87485,41.6512],[-0.87647,41.65066],[-0.87938,41.65167],[-0.87884,41.65217],[-0.87895,41.65222],[-0.878,41.65294]]]}},{"type":"Feature","properties":{"id":"5029701040"},"geometry":{"type":"Polygon","coordinates":[[[-0.87508,41.64912],[-0.87595,41.64913],[-0.87614,41.64961],[-0.87649,41.64969],[-0.87633,41.65011],[-0.87616,41.65018],[-0.87627,41.65072],[-0.87473,41.65124],[-0.87411,41.65059],[-0.87435,41.65029],[-0.8748,41.65033],[-0.87489,41.65054],[-0.8754,41.65023],[-0.87527,41.65001],[-0.87536,41.64957],[-0.87486,41.6495],[-0.87508,41.64912]]]}},{"type":"Feature","properties":{"id":"5029701041"},"geometry":{"type":"Polygon","coordinates":[[[-0.87252,41.65086],[-0.87329,41.64988],[-0.87349,41.64897],[-0.87508,41.64912],[-0.87486,41.6495],[-0.87536,41.64957],[-0.87527,41.65001],[-0.8754,41.65023],[-0.87489,41.65054],[-0.8748,41.65033],[-0.87435,41.65029],[-0.87411,41.65059],[-0.87473,41.65124],[-0.87378,41.65155],[-0.87252,41.65086]]]}},{"type":"Feature","properties":{"id":"5029701043"},"geometry":{"type":"Polygon","coordinates":[[[-0.87252,41.65086],[-0.87046,41.6497],[-0.87084,41.64935],[-0.87158,41.64909],[-0.87349,41.64897],[-0.87329,41.64988],[-0.87252,41.65086]]]}},{"type":"Feature","properties":{"id":"5029702001"},"geometry":{"type":"Polygon","coordinates":[[[-0.88386,41.65399],[-0.88275,41.65331],[-0.88063,41.65228],[-0.88266,41.65042],[-0.88457,41.65117],[-0.88477,41.651],[-0.88622,41.65104],[-0.88477,41.65247],[-0.88421,41.65375],[-0.88417,41.65407],[-0.88386,41.65399]]]}},{"type":"Feature","properties":{"id":"5029702002"},"geometry":{"type":"Polygon","coordinates":[[[-0.88063,41.65228],[-0.87904,41.65153],[-0.87921,41.65113],[-0.8796,41.65063],[-0.87901,41.65043],[-0.87947,41.64967],[-0.88094,41.65016],[-0.88043,41.65091],[-0.88171,41.65133],[-0.88063,41.65228]]]}},{"type":"Feature","properties":{"id":"5029702003"},"geometry":{"type":"Polygon","coordinates":[[[-0.87627,41.65072],[-0.87616,41.65018],[-0.87633,41.65011],[-0.87651,41.64976],[-0.87697,41.64974],[-0.8796,41.65063],[-0.87921,41.65113],[-0.87904,41.65153],[-0.87647,41.65066],[-0.87627,41.65072]]]}},{"type":"Feature","properties":{"id":"5029702004"},"geometry":{"type":"Polygon","coordinates":[[[-0.87644,41.6498],[-0.87649,41.64969],[-0.87614,41.64961],[-0.87562,41.64858],[-0.87595,41.64845],[-0.8765,41.64793],[-0.87692,41.64731],[-0.8773,41.64711],[-0.87826,41.64596],[-0.8794,41.6471],[-0.88059,41.64779],[-0.87901,41.65043],[-0.87697,41.64974],[-0.87644,41.6498]]]}},{"type":"Feature","properties":{"id":"5029702005"},"geometry":{"type":"Polygon","coordinates":[[[-0.87947,41.64967],[-0.88023,41.64841],[-0.88256,41.6492],[-0.88261,41.64913],[-0.88293,41.64915],[-0.8836,41.64949],[-0.88171,41.65133],[-0.88043,41.65091],[-0.88094,41.65016],[-0.87947,41.64967]]]}},{"type":"Feature","properties":{"id":"5029702006"},"geometry":{"type":"Polygon","coordinates":[[[-0.88266,41.65042],[-0.88543,41.64776],[-0.88539,41.64693],[-0.88574,41.6468],[-0.88644,41.64785],[-0.88635,41.6479],[-0.88661,41.64833],[-0.88778,41.64977],[-0.88622,41.65104],[-0.88477,41.651],[-0.88457,41.65117],[-0.88266,41.65042]]]}},{"type":"Feature","properties":{"id":"5029702008"},"geometry":{"type":"Polygon","coordinates":[[[-0.88778,41.64977],[-0.88695,41.64878],[-0.88898,41.648],[-0.88956,41.64848],[-0.88907,41.64882],[-0.8901,41.64921],[-0.88883,41.65035],[-0.88778,41.64977]]]}},{"type":"Feature","properties":{"id":"5029702009"},"geometry":{"type":"Polygon","coordinates":[[[-0.88883,41.65035],[-0.8901,41.64921],[-0.89233,41.65005],[-0.89287,41.65041],[-0.89239,41.65076],[-0.89036,41.64998],[-0.88963,41.65075],[-0.88883,41.65035]]]}},{"type":"Feature","properties":{"id":"5029702010"},"geometry":{"type":"Polygon","coordinates":[[[-0.891,41.65154],[-0.88963,41.65075],[-0.89036,41.64998],[-0.89239,41.65076],[-0.89287,41.65041],[-0.89365,41.65094],[-0.89321,41.65415],[-0.891,41.65154]]]}},{"type":"Feature","properties":{"id":"5029702012"},"geometry":{"type":"Polygon","coordinates":[[[-0.87491,41.64788],[-0.87462,41.6471],[-0.87622,41.64643],[-0.87565,41.64579],[-0.87427,41.64643],[-0.87741,41.64498],[-0.87826,41.64596],[-0.8773,41.64711],[-0.87692,41.64731],[-0.87658,41.64785],[-0.87616,41.64827],[-0.87562,41.64858],[-0.87523,41.64804],[-0.87491,41.64788]]]}},{"type":"Feature","properties":{"id":"5029702013"},"geometry":{"type":"Polygon","coordinates":[[[-0.89083,41.64948],[-0.88907,41.64882],[-0.89032,41.64797],[-0.89058,41.6482],[-0.89219,41.64757],[-0.89252,41.6481],[-0.89127,41.64848],[-0.89076,41.64854],[-0.89102,41.64933],[-0.89083,41.64948]]]}},{"type":"Feature","properties":{"id":"5029702014"},"geometry":{"type":"Polygon","coordinates":[[[-0.89032,41.64797],[-0.891,41.64741],[-0.89127,41.647],[-0.88992,41.64627],[-0.89027,41.64586],[-0.89157,41.64657],[-0.8923,41.6455],[-0.89196,41.64533],[-0.8925,41.64472],[-0.89284,41.64501],[-0.89321,41.64552],[-0.89358,41.64651],[-0.8919,41.6471],[-0.89219,41.64757],[-0.89058,41.6482],[-0.89032,41.64797]]]}},{"type":"Feature","properties":{"id":"5029702015"},"geometry":{"type":"Polygon","coordinates":[[[-0.89252,41.6481],[-0.8919,41.6471],[-0.89358,41.64651],[-0.89377,41.64762],[-0.89252,41.6481]]]}},{"type":"Feature","properties":{"id":"5029702017"},"geometry":{"type":"Polygon","coordinates":[[[-0.89027,41.64586],[-0.89062,41.64544],[-0.8901,41.64516],[-0.89113,41.64475],[-0.8916,41.64425],[-0.8925,41.64472],[-0.89196,41.64533],[-0.8923,41.6455],[-0.89157,41.64657],[-0.89027,41.64586]]]}},{"type":"Feature","properties":{"id":"5029702018"},"geometry":{"type":"Polygon","coordinates":[[[-0.88635,41.6479],[-0.88752,41.64784],[-0.88862,41.64742],[-0.88992,41.64627],[-0.89127,41.647],[-0.891,41.64741],[-0.89052,41.64784],[-0.88956,41.64848],[-0.88898,41.648],[-0.88695,41.64878],[-0.88635,41.6479]]]}},{"type":"Feature","properties":{"id":"5029702019"},"geometry":{"type":"Polygon","coordinates":[[[-0.88578,41.64686],[-0.8901,41.64516],[-0.89062,41.64544],[-0.88976,41.64645],[-0.88862,41.64742],[-0.88752,41.64784],[-0.88644,41.64786],[-0.88578,41.64686]]]}},{"type":"Feature","properties":{"id":"5029702020"},"geometry":{"type":"Polygon","coordinates":[[[-0.8881,41.64411],[-0.89061,41.64433],[-0.89059,41.64371],[-0.8916,41.64425],[-0.89113,41.64475],[-0.88944,41.64542],[-0.88878,41.64519],[-0.88794,41.64504],[-0.8881,41.64411]]]}},{"type":"Feature","properties":{"id":"5029702021"},"geometry":{"type":"Polygon","coordinates":[[[-0.8881,41.64411],[-0.88832,41.643],[-0.89059,41.64371],[-0.89061,41.64433],[-0.8881,41.64411]]]}},{"type":"Feature","properties":{"id":"5029702022"},"geometry":{"type":"Polygon","coordinates":[[[-0.8881,41.64411],[-0.88606,41.64393],[-0.88616,41.64331],[-0.88574,41.64317],[-0.88468,41.64308],[-0.88491,41.64163],[-0.88631,41.64236],[-0.88832,41.643],[-0.8881,41.64411]]]}},{"type":"Feature","properties":{"id":"5029702023"},"geometry":{"type":"Polygon","coordinates":[[[-0.88737,41.64405],[-0.8881,41.64411],[-0.88794,41.64504],[-0.88878,41.64519],[-0.88944,41.64542],[-0.88701,41.64638],[-0.88737,41.64405]]]}},{"type":"Feature","properties":{"id":"5029702024"},"geometry":{"type":"Polygon","coordinates":[[[-0.88578,41.64686],[-0.88563,41.64664],[-0.88606,41.64393],[-0.88737,41.64405],[-0.88701,41.64638],[-0.88578,41.64686]]]}},{"type":"Feature","properties":{"id":"5029702025"},"geometry":{"type":"Polygon","coordinates":[[[-0.88533,41.64631],[-0.88304,41.64384],[-0.88408,41.64303],[-0.88574,41.64317],[-0.88616,41.64331],[-0.88568,41.64636],[-0.88533,41.64631]]]}},{"type":"Feature","properties":{"id":"5029702026"},"geometry":{"type":"Polygon","coordinates":[[[-0.88023,41.64841],[-0.88059,41.64779],[-0.88205,41.6483],[-0.88268,41.64727],[-0.88257,41.64715],[-0.88274,41.64699],[-0.88291,41.64706],[-0.88509,41.64605],[-0.88533,41.64631],[-0.88568,41.64636],[-0.88563,41.64664],[-0.88574,41.6468],[-0.88539,41.64693],[-0.88543,41.64776],[-0.8836,41.64949],[-0.88293,41.64915],[-0.88261,41.64913],[-0.88256,41.6492],[-0.88023,41.64841]]]}},{"type":"Feature","properties":{"id":"5029702027"},"geometry":{"type":"Polygon","coordinates":[[[-0.88364,41.64672],[-0.88261,41.64564],[-0.88396,41.6449],[-0.88509,41.64605],[-0.88364,41.64672]]]}},{"type":"Feature","properties":{"id":"5029702028"},"geometry":{"type":"Polygon","coordinates":[[[-0.88094,41.64656],[-0.88261,41.64564],[-0.88364,41.64672],[-0.88291,41.64706],[-0.88274,41.64699],[-0.88259,41.64718],[-0.88184,41.64698],[-0.88094,41.64656]]]}},{"type":"Feature","properties":{"id":"5029702029"},"geometry":{"type":"Polygon","coordinates":[[[-0.88059,41.64779],[-0.87927,41.64697],[-0.87947,41.64692],[-0.87993,41.64697],[-0.88023,41.6471],[-0.88042,41.64707],[-0.88094,41.64656],[-0.88268,41.64727],[-0.88205,41.6483],[-0.88059,41.64779]]]}},{"type":"Feature","properties":{"id":"5029702030"},"geometry":{"type":"Polygon","coordinates":[[[-0.87927,41.64697],[-0.87849,41.64621],[-0.8796,41.64563],[-0.88012,41.64607],[-0.88094,41.64656],[-0.88042,41.64707],[-0.88023,41.6471],[-0.87993,41.64697],[-0.87947,41.64692],[-0.87927,41.64697]]]}},{"type":"Feature","properties":{"id":"5029702031"},"geometry":{"type":"Polygon","coordinates":[[[-0.8796,41.64563],[-0.88033,41.64525],[-0.87927,41.64406],[-0.87989,41.64376],[-0.88187,41.64604],[-0.88094,41.64656],[-0.88012,41.64607],[-0.8796,41.64563]]]}},{"type":"Feature","properties":{"id":"5029702032"},"geometry":{"type":"Polygon","coordinates":[[[-0.87989,41.64376],[-0.88069,41.64337],[-0.88167,41.64464],[-0.88261,41.64564],[-0.88187,41.64604],[-0.87989,41.64376]]]}},{"type":"Feature","properties":{"id":"5029702033"},"geometry":{"type":"Polygon","coordinates":[[[-0.88069,41.64337],[-0.88135,41.64304],[-0.88231,41.64422],[-0.88304,41.64384],[-0.88396,41.6449],[-0.88261,41.64564],[-0.88167,41.64464],[-0.88069,41.64337]]]}},{"type":"Feature","properties":{"id":"5029702035"},"geometry":{"type":"Polygon","coordinates":[[[-0.88135,41.64304],[-0.8825,41.64217],[-0.88248,41.64234],[-0.88476,41.64254],[-0.88468,41.64308],[-0.88408,41.64303],[-0.88304,41.64384],[-0.88231,41.64422],[-0.88135,41.64304]]]}},{"type":"Feature","properties":{"id":"5029702036"},"geometry":{"type":"Polygon","coordinates":[[[-0.87847,41.64445],[-0.87927,41.64406],[-0.88033,41.64525],[-0.8796,41.64563],[-0.87847,41.64445]]]}},{"type":"Feature","properties":{"id":"5029702037"},"geometry":{"type":"Polygon","coordinates":[[[-0.87921,41.6411],[-0.87922,41.64051],[-0.88064,41.63943],[-0.88491,41.64163],[-0.88476,41.64254],[-0.88248,41.64234],[-0.8825,41.64217],[-0.88173,41.64278],[-0.88093,41.64219],[-0.8796,41.64151],[-0.87921,41.6411]]]}},{"type":"Feature","properties":{"id":"5029702038"},"geometry":{"type":"Polygon","coordinates":[[[-0.88631,41.64236],[-0.88387,41.6411],[-0.88403,41.64091],[-0.88478,41.64049],[-0.8861,41.63998],[-0.88662,41.63992],[-0.88631,41.64236]]]}},{"type":"Feature","properties":{"id":"5029702040"},"geometry":{"type":"Polygon","coordinates":[[[-0.87367,41.64023],[-0.87374,41.63997],[-0.87398,41.63988],[-0.87693,41.63753],[-0.87796,41.63805],[-0.87688,41.63952],[-0.87577,41.63912],[-0.87434,41.64029],[-0.87381,41.64042],[-0.87367,41.64023]]]}},{"type":"Feature","properties":{"id":"5029702042"},"geometry":{"type":"Polygon","coordinates":[[[-0.87849,41.64621],[-0.87741,41.64498],[-0.87847,41.64445],[-0.8796,41.64563],[-0.87849,41.64621]]]}},{"type":"Feature","properties":{"id":"5029702045"},"geometry":{"type":"Polygon","coordinates":[[[-0.8731,41.64696],[-0.87565,41.64579],[-0.87622,41.64643],[-0.87462,41.6471],[-0.87491,41.64788],[-0.8731,41.64696]]]}},{"type":"Feature","properties":{"id":"5029702046"},"geometry":{"type":"Polygon","coordinates":[[[-0.87688,41.63952],[-0.87796,41.63805],[-0.88064,41.63943],[-0.87922,41.64051],[-0.87901,41.64019],[-0.87863,41.63996],[-0.87688,41.63952]]]}},{"type":"Feature","properties":{"id":"5029702047"},"geometry":{"type":"Polygon","coordinates":[[[-0.89365,41.65094],[-0.89233,41.65005],[-0.89113,41.64959],[-0.89133,41.64931],[-0.89177,41.64939],[-0.89202,41.64952],[-0.8922,41.64927],[-0.89374,41.64963],[-0.89365,41.65094]]]}},{"type":"Feature","properties":{"id":"5029702048"},"geometry":{"type":"Polygon","coordinates":[[[-0.89228,41.6493],[-0.8925,41.64888],[-0.89299,41.64851],[-0.8927,41.64805],[-0.89356,41.64771],[-0.89374,41.64963],[-0.89228,41.6493]]]}},{"type":"Feature","properties":{"id":"5029702049"},"geometry":{"type":"Polygon","coordinates":[[[-0.89083,41.64948],[-0.89102,41.64933],[-0.89076,41.64854],[-0.89127,41.64848],[-0.8927,41.64805],[-0.89299,41.64851],[-0.8926,41.64876],[-0.89228,41.6493],[-0.8922,41.64927],[-0.89202,41.64952],[-0.89177,41.64939],[-0.89133,41.64931],[-0.89113,41.64959],[-0.89083,41.64948]]]}},{"type":"Feature","properties":{"id":"5029702050"},"geometry":{"type":"Polygon","coordinates":[[[-0.87546,41.64249],[-0.87381,41.64042],[-0.87434,41.64029],[-0.87529,41.63955],[-0.87575,41.63976],[-0.87648,41.64045],[-0.87699,41.64072],[-0.87725,41.64074],[-0.87768,41.64111],[-0.8782,41.64178],[-0.8783,41.64205],[-0.87753,41.64236],[-0.87693,41.64248],[-0.87546,41.64249]]]}},{"type":"Feature","properties":{"id":"5029702051"},"geometry":{"type":"Polygon","coordinates":[[[-0.87529,41.63955],[-0.87577,41.63912],[-0.87715,41.63962],[-0.87883,41.64005],[-0.87923,41.64053],[-0.8792,41.64137],[-0.87896,41.64171],[-0.8783,41.64205],[-0.8782,41.64178],[-0.87768,41.64111],[-0.87725,41.64074],[-0.87699,41.64072],[-0.87648,41.64045],[-0.87575,41.63976],[-0.87529,41.63955]]]}},{"type":"Feature","properties":{"id":"5029702052"},"geometry":{"type":"Polygon","coordinates":[[[-0.87741,41.64498],[-0.87546,41.64249],[-0.87728,41.64243],[-0.8787,41.64187],[-0.87858,41.6444],[-0.87741,41.64498]]]}},{"type":"Feature","properties":{"id":"5029702053"},"geometry":{"type":"Polygon","coordinates":[[[-0.8787,41.64187],[-0.87909,41.64158],[-0.87921,41.6411],[-0.8796,41.64151],[-0.88093,41.64219],[-0.88173,41.64278],[-0.88129,41.64307],[-0.87858,41.6444],[-0.8787,41.64187]]]}},{"type":"Feature","properties":{"id":"5029703001"},"geometry":{"type":"Polygon","coordinates":[[[-0.89352,41.65483],[-0.89321,41.65415],[-0.89326,41.65381],[-0.89427,41.65385],[-0.89582,41.65422],[-0.89522,41.65563],[-0.89529,41.65583],[-0.89417,41.65599],[-0.89361,41.65624],[-0.89365,41.65572],[-0.89352,41.65483]]]}},{"type":"Feature","properties":{"id":"5029703002"},"geometry":{"type":"Polygon","coordinates":[[[-0.89326,41.65381],[-0.89374,41.65029],[-0.89356,41.64771],[-0.89395,41.64754],[-0.89415,41.64877],[-0.89449,41.64979],[-0.89549,41.65101],[-0.89693,41.65332],[-0.89729,41.65373],[-0.89765,41.65448],[-0.89848,41.65517],[-0.89658,41.65563],[-0.89529,41.65583],[-0.89522,41.65563],[-0.89582,41.65422],[-0.89427,41.65385],[-0.89326,41.65381]]]}},{"type":"Feature","properties":{"id":"5029703003"},"geometry":{"type":"Polygon","coordinates":[[[-0.89803,41.65421],[-0.89887,41.65289],[-0.89971,41.65232],[-0.90043,41.65276],[-0.89974,41.65347],[-0.89899,41.65457],[-0.89803,41.65421]]]}},{"type":"Feature","properties":{"id":"5029703004"},"geometry":{"type":"Polygon","coordinates":[[[-0.89729,41.65373],[-0.89813,41.65161],[-0.89874,41.65211],[-0.89909,41.65182],[-0.89971,41.65232],[-0.89887,41.65289],[-0.89803,41.65421],[-0.89758,41.65406],[-0.89729,41.65373]]]}},{"type":"Feature","properties":{"id":"5029703005"},"geometry":{"type":"Polygon","coordinates":[[[-0.89573,41.65137],[-0.89621,41.65005],[-0.89561,41.64992],[-0.89588,41.64894],[-0.89769,41.64918],[-0.89655,41.6527],[-0.89573,41.65137]]]}},{"type":"Feature","properties":{"id":"5029703007"},"geometry":{"type":"Polygon","coordinates":[[[-0.89415,41.64872],[-0.89395,41.64754],[-0.89509,41.64706],[-0.89546,41.64756],[-0.89534,41.6476],[-0.89618,41.64771],[-0.89588,41.64894],[-0.89415,41.64872]]]}},{"type":"Feature","properties":{"id":"5029703008"},"geometry":{"type":"Polygon","coordinates":[[[-0.89757,41.64786],[-0.89534,41.6476],[-0.89546,41.64756],[-0.89509,41.64706],[-0.89821,41.6458],[-0.89858,41.6463],[-0.89703,41.64693],[-0.89757,41.64786]]]}},{"type":"Feature","properties":{"id":"5029703009"},"geometry":{"type":"Polygon","coordinates":[[[-0.89781,41.64919],[-0.89588,41.64894],[-0.89618,41.64771],[-0.89757,41.64786],[-0.89796,41.64852],[-0.89781,41.64919]]]}},{"type":"Feature","properties":{"id":"5029703011"},"geometry":{"type":"Polygon","coordinates":[[[-0.89861,41.64962],[-0.89856,41.64929],[-0.89781,41.64919],[-0.89796,41.64852],[-0.89703,41.64693],[-0.89858,41.6463],[-0.89928,41.64723],[-0.89831,41.64762],[-0.89924,41.64932],[-0.899,41.6496],[-0.89861,41.64962]]]}},{"type":"Feature","properties":{"id":"5029703012"},"geometry":{"type":"Polygon","coordinates":[[[-0.89415,41.64872],[-0.89588,41.64894],[-0.89561,41.64992],[-0.89621,41.65005],[-0.89573,41.65137],[-0.89449,41.64979],[-0.89415,41.64872]]]}},{"type":"Feature","properties":{"id":"5029703014"},"geometry":{"type":"Polygon","coordinates":[[[-0.90054,41.65275],[-0.89991,41.65249],[-0.89909,41.65182],[-0.89874,41.65211],[-0.89813,41.65161],[-0.89852,41.65058],[-0.89943,41.65093],[-0.89991,41.65058],[-0.90079,41.6525],[-0.90054,41.65275]]]}},{"type":"Feature","properties":{"id":"5029703015"},"geometry":{"type":"Polygon","coordinates":[[[-0.90071,41.65449],[-0.90013,41.65307],[-0.90079,41.6525],[-0.90128,41.65353],[-0.90243,41.65324],[-0.90274,41.65391],[-0.90071,41.65449]]]}},{"type":"Feature","properties":{"id":"5029703016"},"geometry":{"type":"Polygon","coordinates":[[[-0.90437,41.65513],[-0.90125,41.65474],[-0.90024,41.65467],[-0.9011,41.65434],[-0.90445,41.65346],[-0.90437,41.65513]]]}},{"type":"Feature","properties":{"id":"5029703017"},"geometry":{"type":"Polygon","coordinates":[[[-0.90243,41.65324],[-0.90453,41.6527],[-0.90423,41.65206],[-0.90489,41.6519],[-0.90548,41.6532],[-0.90274,41.65391],[-0.90243,41.65324]]]}},{"type":"Feature","properties":{"id":"5029703018"},"geometry":{"type":"Polygon","coordinates":[[[-0.90142,41.65104],[-0.90233,41.65081],[-0.90304,41.65237],[-0.90423,41.65206],[-0.90453,41.6527],[-0.90243,41.65324],[-0.90142,41.65104]]]}},{"type":"Feature","properties":{"id":"5029703019"},"geometry":{"type":"Polygon","coordinates":[[[-0.89991,41.65058],[-0.90086,41.64982],[-0.90142,41.65104],[-0.90082,41.65119],[-0.90131,41.65226],[-0.90079,41.6525],[-0.89991,41.65058]]]}},{"type":"Feature","properties":{"id":"5029703020"},"geometry":{"type":"Polygon","coordinates":[[[-0.89852,41.65058],[-0.89875,41.64996],[-0.8986,41.64962],[-0.899,41.6496],[-0.89924,41.64932],[-0.90045,41.64891],[-0.90086,41.64982],[-0.89943,41.65093],[-0.89852,41.65058]]]}},{"type":"Feature","properties":{"id":"5029703021"},"geometry":{"type":"Polygon","coordinates":[[[-0.90142,41.65104],[-0.90071,41.64948],[-0.9022,41.64909],[-0.90252,41.64978],[-0.90214,41.64987],[-0.90252,41.65076],[-0.90142,41.65104]]]}},{"type":"Feature","properties":{"id":"5029703022"},"geometry":{"type":"Polygon","coordinates":[[[-0.90233,41.65081],[-0.90252,41.65076],[-0.90214,41.64987],[-0.90252,41.64978],[-0.90292,41.65066],[-0.90352,41.65051],[-0.90423,41.65206],[-0.90304,41.65237],[-0.90233,41.65081]]]}},{"type":"Feature","properties":{"id":"5029703023"},"geometry":{"type":"Polygon","coordinates":[[[-0.90423,41.65206],[-0.9028,41.64894],[-0.90346,41.64877],[-0.90489,41.6519],[-0.90423,41.65206]]]}},{"type":"Feature","properties":{"id":"5029703024"},"geometry":{"type":"Polygon","coordinates":[[[-0.90548,41.6532],[-0.90346,41.64877],[-0.90403,41.64862],[-0.90605,41.65306],[-0.90548,41.6532]]]}},{"type":"Feature","properties":{"id":"5029703025"},"geometry":{"type":"Polygon","coordinates":[[[-0.90292,41.65066],[-0.9022,41.64909],[-0.90071,41.64948],[-0.90045,41.64891],[-0.90363,41.64775],[-0.90403,41.64862],[-0.9028,41.64894],[-0.90352,41.65051],[-0.90292,41.65066]]]}},{"type":"Feature","properties":{"id":"5029703026"},"geometry":{"type":"Polygon","coordinates":[[[-0.90002,41.64822],[-0.90164,41.64758],[-0.90127,41.64704],[-0.90313,41.64625],[-0.90393,41.64765],[-0.90052,41.64888],[-0.90002,41.64822]]]}},{"type":"Feature","properties":{"id":"5029703027"},"geometry":{"type":"Polygon","coordinates":[[[-0.89928,41.64723],[-0.90052,41.64888],[-0.89924,41.64932],[-0.89831,41.64762],[-0.89928,41.64723]]]}},{"type":"Feature","properties":{"id":"5029703028"},"geometry":{"type":"Polygon","coordinates":[[[-0.89928,41.64723],[-0.90095,41.64655],[-0.90164,41.64758],[-0.90002,41.64822],[-0.89928,41.64723]]]}},{"type":"Feature","properties":{"id":"5029703029"},"geometry":{"type":"Polygon","coordinates":[[[-0.90127,41.64704],[-0.90095,41.64655],[-0.89928,41.64723],[-0.89821,41.6458],[-0.89983,41.64514],[-0.90001,41.64496],[-0.9019,41.64434],[-0.9021,41.64446],[-0.90265,41.64542],[-0.90372,41.64508],[-0.90414,41.64582],[-0.90522,41.64537],[-0.90606,41.64696],[-0.90393,41.64765],[-0.90313,41.64625],[-0.90127,41.64704]]]}},{"type":"Feature","properties":{"id":"5029703030"},"geometry":{"type":"Polygon","coordinates":[[[-0.9019,41.64434],[-0.90583,41.64307],[-0.90763,41.64642],[-0.90606,41.64696],[-0.90522,41.64537],[-0.90414,41.64582],[-0.90372,41.64508],[-0.90265,41.64542],[-0.9021,41.64446],[-0.9019,41.64434]]]}},{"type":"Feature","properties":{"id":"5029703032"},"geometry":{"type":"Polygon","coordinates":[[[-0.90403,41.64862],[-0.90617,41.64808],[-0.90706,41.64826],[-0.90667,41.64937],[-0.90527,41.64926],[-0.90442,41.64948],[-0.90403,41.64862]]]}},{"type":"Feature","properties":{"id":"5029703033"},"geometry":{"type":"Polygon","coordinates":[[[-0.90749,41.65108],[-0.90575,41.65046],[-0.90517,41.65033],[-0.90484,41.65041],[-0.90461,41.64991],[-0.90521,41.64976],[-0.90618,41.6499],[-0.90778,41.65049],[-0.90749,41.65108]]]}},{"type":"Feature","properties":{"id":"5029703034"},"geometry":{"type":"Polygon","coordinates":[[[-0.90484,41.65041],[-0.90517,41.65033],[-0.90575,41.65046],[-0.9073,41.65101],[-0.90675,41.65186],[-0.90563,41.65215],[-0.90484,41.65041]]]}},{"type":"Feature","properties":{"id":"5029703035"},"geometry":{"type":"Polygon","coordinates":[[[-0.90563,41.65215],[-0.90675,41.65186],[-0.9073,41.65101],[-0.90867,41.6515],[-0.90775,41.65235],[-0.90703,41.65267],[-0.90694,41.65285],[-0.90605,41.65306],[-0.90563,41.65215]]]}},{"type":"Feature","properties":{"id":"5029703036"},"geometry":{"type":"Polygon","coordinates":[[[-0.90696,41.65548],[-0.90712,41.65457],[-0.90651,41.65295],[-0.90747,41.65273],[-0.9075,41.65309],[-0.90786,41.6531],[-0.90781,41.65475],[-0.90853,41.65485],[-0.9085,41.65568],[-0.90696,41.65548]]]}},{"type":"Feature","properties":{"id":"5029703037"},"geometry":{"type":"Polygon","coordinates":[[[-0.90695,41.65548],[-0.90437,41.65513],[-0.9044,41.65456],[-0.90441,41.6543],[-0.90441,41.6543],[-0.90713,41.65466],[-0.90695,41.65548]]]}},{"type":"Feature","properties":{"id":"5029703038"},"geometry":{"type":"Polygon","coordinates":[[[-0.90786,41.65312],[-0.9075,41.65309],[-0.90747,41.65273],[-0.91026,41.65209],[-0.91046,41.65264],[-0.91026,41.65315],[-0.90859,41.65311],[-0.90853,41.65485],[-0.90781,41.65475],[-0.90786,41.65312]]]}},{"type":"Feature","properties":{"id":"5029703039"},"geometry":{"type":"Polygon","coordinates":[[[-0.9085,41.65568],[-0.90859,41.65311],[-0.91026,41.65315],[-0.9087,41.65572],[-0.9085,41.65568]]]}},{"type":"Feature","properties":{"id":"5029703041"},"geometry":{"type":"Polygon","coordinates":[[[-0.90775,41.65235],[-0.90962,41.65062],[-0.91026,41.65209],[-0.90694,41.65285],[-0.90703,41.65267],[-0.90775,41.65235]]]}},{"type":"Feature","properties":{"id":"5029703042"},"geometry":{"type":"Polygon","coordinates":[[[-0.90749,41.65108],[-0.90778,41.65055],[-0.90778,41.64959],[-0.90928,41.64988],[-0.90962,41.65062],[-0.90867,41.6515],[-0.90749,41.65108]]]}},{"type":"Feature","properties":{"id":"5029703043"},"geometry":{"type":"Polygon","coordinates":[[[-0.90763,41.64642],[-0.9114,41.64517],[-0.91167,41.64541],[-0.91217,41.64543],[-0.91256,41.64606],[-0.91376,41.64686],[-0.91376,41.64695],[-0.91353,41.64699],[-0.91323,41.64725],[-0.91358,41.64828],[-0.91194,41.64864],[-0.91119,41.64912],[-0.90962,41.65062],[-0.90763,41.64642]]]}},{"type":"Feature","properties":{"id":"5029703044"},"geometry":{"type":"Polygon","coordinates":[[[-0.90778,41.65049],[-0.90618,41.6499],[-0.90521,41.64976],[-0.90461,41.64991],[-0.90442,41.64948],[-0.90527,41.64926],[-0.90667,41.64937],[-0.90778,41.64959],[-0.90778,41.65049]]]}},{"type":"Feature","properties":{"id":"5029703045"},"geometry":{"type":"Polygon","coordinates":[[[-0.90928,41.64988],[-0.90667,41.64937],[-0.90706,41.64826],[-0.90778,41.6484],[-0.90801,41.64891],[-0.90874,41.64872],[-0.90928,41.64988]]]}},{"type":"Feature","properties":{"id":"5029703046"},"geometry":{"type":"Polygon","coordinates":[[[-0.90778,41.6484],[-0.90619,41.64808],[-0.9062,41.64793],[-0.90577,41.64785],[-0.90543,41.64716],[-0.90763,41.64642],[-0.90874,41.64872],[-0.90801,41.64891],[-0.90778,41.6484]]]}},{"type":"Feature","properties":{"id":"5029703047"},"geometry":{"type":"Polygon","coordinates":[[[-0.90803,41.64472],[-0.90773,41.64418],[-0.90665,41.64461],[-0.90583,41.64307],[-0.91063,41.64152],[-0.91163,41.64192],[-0.91216,41.64277],[-0.91189,41.64353],[-0.90914,41.64297],[-0.90891,41.64354],[-0.90895,41.64374],[-0.90927,41.64405],[-0.9098,41.64415],[-0.90803,41.64472]]]}},{"type":"Feature","properties":{"id":"5029703048"},"geometry":{"type":"Polygon","coordinates":[[[-0.91515,41.64726],[-0.91376,41.64694],[-0.91376,41.64686],[-0.91495,41.64595],[-0.91514,41.6456],[-0.91398,41.64553],[-0.91341,41.6452],[-0.91338,41.64502],[-0.9137,41.64463],[-0.91428,41.64427],[-0.91592,41.64384],[-0.91761,41.64764],[-0.91655,41.64787],[-0.9163,41.64725],[-0.91538,41.64744],[-0.91515,41.64726]]]}},{"type":"Feature","properties":{"id":"5029703049"},"geometry":{"type":"Polygon","coordinates":[[[-0.9112,41.64523],[-0.91349,41.64448],[-0.91428,41.64427],[-0.9137,41.64463],[-0.91338,41.64502],[-0.91341,41.6452],[-0.91398,41.64553],[-0.91514,41.6456],[-0.91495,41.64595],[-0.91376,41.64686],[-0.91256,41.64606],[-0.91217,41.64543],[-0.91167,41.64541],[-0.9114,41.64517],[-0.9112,41.64523]]]}},{"type":"Feature","properties":{"id":"5029703051"},"geometry":{"type":"Polygon","coordinates":[[[-0.91399,41.64699],[-0.91515,41.64726],[-0.91538,41.64744],[-0.9163,41.64725],[-0.91673,41.64834],[-0.9147,41.64878],[-0.91399,41.64699]]]}},{"type":"Feature","properties":{"id":"5029703052"},"geometry":{"type":"Polygon","coordinates":[[[-0.91386,41.64897],[-0.91323,41.64725],[-0.91371,41.64693],[-0.91399,41.64699],[-0.9147,41.64878],[-0.91386,41.64897]]]}},{"type":"Feature","properties":{"id":"5029703053"},"geometry":{"type":"Polygon","coordinates":[[[-0.91119,41.64912],[-0.91194,41.64864],[-0.91358,41.64828],[-0.91386,41.64897],[-0.91178,41.64942],[-0.91177,41.64931],[-0.91157,41.64933],[-0.91119,41.64912]]]}},{"type":"Feature","properties":{"id":"5029703054"},"geometry":{"type":"Polygon","coordinates":[[[-0.91127,41.6512],[-0.91133,41.65096],[-0.9123,41.65081],[-0.91233,41.65088],[-0.91443,41.65041],[-0.91469,41.65111],[-0.91026,41.65209],[-0.90997,41.65142],[-0.91127,41.6512]]]}},{"type":"Feature","properties":{"id":"5029703055"},"geometry":{"type":"Polygon","coordinates":[[[-0.90962,41.65062],[-0.91119,41.64912],[-0.91157,41.64933],[-0.91177,41.64931],[-0.9123,41.65081],[-0.91133,41.65096],[-0.91127,41.6512],[-0.90997,41.65142],[-0.90962,41.65062]]]}},{"type":"Feature","properties":{"id":"5029703056"},"geometry":{"type":"Polygon","coordinates":[[[-0.91178,41.64942],[-0.91386,41.64897],[-0.91424,41.64994],[-0.91214,41.6504],[-0.91178,41.64942]]]}},{"type":"Feature","properties":{"id":"5029703057"},"geometry":{"type":"Polygon","coordinates":[[[-0.91233,41.65088],[-0.91214,41.6504],[-0.91424,41.64994],[-0.91386,41.64897],[-0.9147,41.64878],[-0.91526,41.65021],[-0.91233,41.65088]]]}},{"type":"Feature","properties":{"id":"5029703060"},"geometry":{"type":"Polygon","coordinates":[[[-0.91026,41.65209],[-0.9126,41.65157],[-0.9129,41.65233],[-0.91042,41.65285],[-0.91046,41.65264],[-0.91026,41.65209]]]}},{"type":"Feature","properties":{"id":"5029703061"},"geometry":{"type":"Polygon","coordinates":[[[-0.9126,41.65157],[-0.91509,41.65102],[-0.9154,41.65178],[-0.9129,41.65233],[-0.9126,41.65157]]]}},{"type":"Feature","properties":{"id":"5029703062"},"geometry":{"type":"Polygon","coordinates":[[[-0.91443,41.65041],[-0.91526,41.65021],[-0.9147,41.64878],[-0.91583,41.64854],[-0.91621,41.64992],[-0.9157,41.65003],[-0.91602,41.65082],[-0.91469,41.65111],[-0.91443,41.65041]]]}},{"type":"Feature","properties":{"id":"5029703063"},"geometry":{"type":"Polygon","coordinates":[[[-0.91583,41.64854],[-0.91673,41.64834],[-0.91711,41.6494],[-0.91699,41.6496],[-0.91725,41.65033],[-0.91713,41.6506],[-0.91602,41.65082],[-0.9157,41.65003],[-0.91621,41.64992],[-0.91583,41.64854]]]}},{"type":"Feature","properties":{"id":"5029703064"},"geometry":{"type":"Polygon","coordinates":[[[-0.91711,41.6494],[-0.91655,41.64787],[-0.91761,41.64764],[-0.91823,41.64925],[-0.91825,41.64946],[-0.91797,41.64999],[-0.91836,41.65045],[-0.91713,41.6506],[-0.91725,41.65033],[-0.91699,41.6496],[-0.91711,41.6494]]]}},{"type":"Feature","properties":{"id":"5029703065"},"geometry":{"type":"Polygon","coordinates":[[[-0.9154,41.65178],[-0.91509,41.65102],[-0.91713,41.6506],[-0.91836,41.65045],[-0.91894,41.65098],[-0.91911,41.65122],[-0.91949,41.65219],[-0.91895,41.651],[-0.9154,41.65178]]]}},{"type":"Feature","properties":{"id":"5029703066"},"geometry":{"type":"Polygon","coordinates":[[[-0.9154,41.65178],[-0.91895,41.651],[-0.92035,41.65443],[-0.92007,41.65476],[-0.91984,41.65484],[-0.91972,41.65532],[-0.91846,41.65522],[-0.91804,41.65502],[-0.91781,41.65472],[-0.91681,41.65218],[-0.91566,41.65243],[-0.9154,41.65178]]]}},{"type":"Feature","properties":{"id":"5029703067"},"geometry":{"type":"Polygon","coordinates":[[[-0.91861,41.65524],[-0.91972,41.65532],[-0.91984,41.65484],[-0.92007,41.65476],[-0.92035,41.65443],[-0.92059,41.65507],[-0.9196,41.65632],[-0.92015,41.65824],[-0.91932,41.65827],[-0.91875,41.65799],[-0.91866,41.65785],[-0.91794,41.65775],[-0.91861,41.65524]]]}},{"type":"Feature","properties":{"id":"5029703068"},"geometry":{"type":"Polygon","coordinates":[[[-0.92021,41.65886],[-0.92014,41.65814],[-0.9196,41.65632],[-0.92059,41.65507],[-0.92191,41.65826],[-0.92219,41.6583],[-0.92194,41.65861],[-0.92269,41.65878],[-0.92272,41.65886],[-0.92021,41.65886]]]}},{"type":"Feature","properties":{"id":"5029703069"},"geometry":{"type":"Polygon","coordinates":[[[-0.90441,41.6543],[-0.90445,41.65346],[-0.90651,41.65295],[-0.90713,41.65466],[-0.90441,41.6543]]]}},{"type":"Feature","properties":{"id":"5029703070"},"geometry":{"type":"Polygon","coordinates":[[[-0.90079,41.6525],[-0.90131,41.65226],[-0.90082,41.65119],[-0.90142,41.65104],[-0.90243,41.65324],[-0.90128,41.65353],[-0.90079,41.6525]]]}},{"type":"Feature","properties":{"id":"5029703071"},"geometry":{"type":"Polygon","coordinates":[[[-0.91097,41.65273],[-0.9154,41.65178],[-0.91578,41.65272],[-0.91547,41.6534],[-0.91485,41.65391],[-0.91439,41.65409],[-0.91319,41.65422],[-0.91264,41.65438],[-0.91259,41.65353],[-0.91223,41.65288],[-0.91202,41.6528],[-0.9112,41.65287],[-0.91097,41.65273]]]}},{"type":"Feature","properties":{"id":"5029703073"},"geometry":{"type":"Polygon","coordinates":[[[-0.90994,41.65376],[-0.91042,41.65285],[-0.91097,41.65273],[-0.9112,41.65287],[-0.91213,41.65282],[-0.91259,41.65353],[-0.91264,41.65438],[-0.91218,41.65456],[-0.9117,41.65454],[-0.91097,41.65414],[-0.90994,41.65376]]]}},{"type":"Feature","properties":{"id":"5029703074"},"geometry":{"type":"Polygon","coordinates":[[[-0.91534,41.65772],[-0.91604,41.65624],[-0.91528,41.65576],[-0.9145,41.65499],[-0.91517,41.65421],[-0.9152,41.65394],[-0.91509,41.65376],[-0.91553,41.65332],[-0.91578,41.65272],[-0.91566,41.65243],[-0.91681,41.65218],[-0.91788,41.65483],[-0.91819,41.65512],[-0.91861,41.65524],[-0.91794,41.65775],[-0.91866,41.65785],[-0.91875,41.65799],[-0.91932,41.65827],[-0.92015,41.65824],[-0.92021,41.65886],[-0.919,41.65874],[-0.91534,41.65772]]]}},{"type":"Feature","properties":{"id":"5029703075"},"geometry":{"type":"Polygon","coordinates":[[[-0.9087,41.65572],[-0.90994,41.65376],[-0.91097,41.65414],[-0.91162,41.65451],[-0.912,41.65457],[-0.91307,41.65424],[-0.91439,41.65409],[-0.91509,41.65376],[-0.91521,41.65402],[-0.91515,41.65426],[-0.9145,41.65499],[-0.91528,41.65576],[-0.91604,41.65624],[-0.91534,41.65772],[-0.91016,41.65605],[-0.9087,41.65572]]]}},{"type":"Feature","properties":{"id":"5029703076"},"geometry":{"type":"Polygon","coordinates":[[[-0.89729,41.65373],[-0.89758,41.65406],[-0.89899,41.65457],[-0.89974,41.65347],[-0.90013,41.65307],[-0.90071,41.65449],[-0.89848,41.65517],[-0.89765,41.65448],[-0.89729,41.65373]]]}},{"type":"Feature","properties":{"id":"5029703077"},"geometry":{"type":"Polygon","coordinates":[[[-0.90665,41.64461],[-0.90773,41.64418],[-0.90803,41.64472],[-0.9098,41.64415],[-0.90992,41.64418],[-0.91062,41.64542],[-0.90763,41.64642],[-0.90665,41.64461]]]}},{"type":"Feature","properties":{"id":"5029703078"},"geometry":{"type":"Polygon","coordinates":[[[-0.91063,41.64152],[-0.91331,41.64066],[-0.91409,41.64198],[-0.91355,41.64215],[-0.91339,41.64237],[-0.91216,41.64277],[-0.91163,41.64192],[-0.91063,41.64152]]]}},{"type":"Feature","properties":{"id":"5029703079"},"geometry":{"type":"Polygon","coordinates":[[[-0.90363,41.64775],[-0.90543,41.64716],[-0.90577,41.64785],[-0.9062,41.64793],[-0.90619,41.64808],[-0.90403,41.64862],[-0.90363,41.64775]]]}},{"type":"Feature","properties":{"id":"5029703081"},"geometry":{"type":"Polygon","coordinates":[[[-0.90992,41.64418],[-0.91104,41.64436],[-0.91205,41.64406],[-0.91248,41.64341],[-0.9127,41.64339],[-0.91291,41.64377],[-0.91303,41.64373],[-0.91349,41.64449],[-0.91062,41.64542],[-0.90992,41.64418]]]}},{"type":"Feature","properties":{"id":"5029703082"},"geometry":{"type":"Polygon","coordinates":[[[-0.91248,41.64341],[-0.91216,41.64277],[-0.91339,41.64237],[-0.91355,41.64215],[-0.91409,41.64198],[-0.91331,41.64066],[-0.91436,41.64031],[-0.91592,41.64384],[-0.91349,41.64448],[-0.91303,41.64373],[-0.91291,41.64377],[-0.9127,41.64339],[-0.91248,41.64341]]]}},{"type":"Feature","properties":{"id":"5029703083"},"geometry":{"type":"Polygon","coordinates":[[[-0.89655,41.6527],[-0.89694,41.65166],[-0.89802,41.65189],[-0.89729,41.65373],[-0.89655,41.6527]]]}},{"type":"Feature","properties":{"id":"5029703084"},"geometry":{"type":"Polygon","coordinates":[[[-0.89694,41.65166],[-0.89719,41.65081],[-0.89834,41.65104],[-0.89802,41.65189],[-0.89694,41.65166]]]}},{"type":"Feature","properties":{"id":"5029703085"},"geometry":{"type":"Polygon","coordinates":[[[-0.89719,41.65081],[-0.89741,41.65025],[-0.89729,41.65023],[-0.89769,41.64918],[-0.89856,41.64929],[-0.89851,41.64941],[-0.89875,41.64996],[-0.89834,41.65104],[-0.89719,41.65081]]]}},{"type":"Feature","properties":{"id":"5029703086"},"geometry":{"type":"Polygon","coordinates":[[[-0.89813,41.65525],[-0.90023,41.65467],[-0.90125,41.65474],[-0.90109,41.65553],[-0.90268,41.65574],[-0.90238,41.65697],[-0.90024,41.65694],[-0.89813,41.65525]]]}},{"type":"Feature","properties":{"id":"5029703087"},"geometry":{"type":"Polygon","coordinates":[[[-0.90125,41.65474],[-0.90287,41.65494],[-0.90268,41.65574],[-0.90109,41.65553],[-0.90125,41.65474]]]}},{"type":"Feature","properties":{"id":"5029703088"},"geometry":{"type":"Polygon","coordinates":[[[-0.90238,41.65697],[-0.90287,41.65494],[-0.90444,41.65514],[-0.90405,41.65687],[-0.90238,41.65697]]]}},{"type":"Feature","properties":{"id":"5029703089"},"geometry":{"type":"Polygon","coordinates":[[[-0.90874,41.65743],[-0.90743,41.65699],[-0.90666,41.65714],[-0.90691,41.65637],[-0.90679,41.65619],[-0.90696,41.65548],[-0.90855,41.65569],[-0.91016,41.65605],[-0.91469,41.65752],[-0.919,41.65874],[-0.9203,41.65886],[-0.92292,41.65886],[-0.92356,41.65904],[-0.92428,41.65947],[-0.92355,41.66001],[-0.92267,41.66049],[-0.92178,41.6607],[-0.92084,41.66073],[-0.91894,41.66024],[-0.91734,41.65964],[-0.90874,41.65743]]]}},{"type":"Feature","properties":{"id":"5029703090"},"geometry":{"type":"Polygon","coordinates":[[[-0.91104,41.64436],[-0.90927,41.64405],[-0.90902,41.64387],[-0.90891,41.64354],[-0.90914,41.64297],[-0.91189,41.64353],[-0.91216,41.64277],[-0.91249,41.64352],[-0.91205,41.64406],[-0.91104,41.64436]]]}},{"type":"Feature","properties":{"id":"5029703091"},"geometry":{"type":"Polygon","coordinates":[[[-0.90406,41.65687],[-0.90444,41.65514],[-0.90696,41.65548],[-0.90679,41.65619],[-0.90691,41.65637],[-0.90666,41.65714],[-0.90533,41.65711],[-0.90406,41.65687]]]}},{"type":"Feature","properties":{"id":"5029704001"},"geometry":{"type":"Polygon","coordinates":[[[-0.89377,41.64762],[-0.89353,41.6463],[-0.89382,41.64612],[-0.89489,41.64498],[-0.89616,41.64563],[-0.89552,41.64607],[-0.89506,41.64676],[-0.89491,41.64682],[-0.89509,41.64706],[-0.89377,41.64762]]]}},{"type":"Feature","properties":{"id":"5029704002"},"geometry":{"type":"Polygon","coordinates":[[[-0.8925,41.64472],[-0.89365,41.64349],[-0.89394,41.64364],[-0.89338,41.64425],[-0.89489,41.64498],[-0.89382,41.64612],[-0.89353,41.6463],[-0.89321,41.64552],[-0.89284,41.64501],[-0.8925,41.64472]]]}},{"type":"Feature","properties":{"id":"5029704003"},"geometry":{"type":"Polygon","coordinates":[[[-0.89188,41.64439],[-0.89413,41.64198],[-0.89476,41.64231],[-0.8925,41.64472],[-0.89188,41.64439]]]}},{"type":"Feature","properties":{"id":"5029704004"},"geometry":{"type":"Polygon","coordinates":[[[-0.89188,41.64439],[-0.89071,41.64376],[-0.89014,41.64357],[-0.89021,41.64214],[-0.89125,41.64165],[-0.89152,41.64141],[-0.89164,41.64105],[-0.89266,41.64121],[-0.89326,41.64153],[-0.89216,41.64271],[-0.89303,41.64317],[-0.89188,41.64439]]]}},{"type":"Feature","properties":{"id":"5029704005"},"geometry":{"type":"Polygon","coordinates":[[[-0.89014,41.64357],[-0.88745,41.64275],[-0.88802,41.64168],[-0.89021,41.64233],[-0.89014,41.64357]]]}},{"type":"Feature","properties":{"id":"5029704006"},"geometry":{"type":"Polygon","coordinates":[[[-0.88802,41.64168],[-0.88759,41.64096],[-0.88812,41.64034],[-0.88971,41.64086],[-0.88973,41.64117],[-0.89022,41.64217],[-0.89021,41.64233],[-0.88802,41.64168]]]}},{"type":"Feature","properties":{"id":"5029704007"},"geometry":{"type":"Polygon","coordinates":[[[-0.88677,41.63994],[-0.88796,41.63916],[-0.88926,41.64028],[-0.88915,41.6407],[-0.88812,41.64034],[-0.88759,41.64096],[-0.88687,41.63995],[-0.88677,41.63994]]]}},{"type":"Feature","properties":{"id":"5029704008"},"geometry":{"type":"Polygon","coordinates":[[[-0.88662,41.63992],[-0.88622,41.63891],[-0.88697,41.63844],[-0.8878,41.63811],[-0.88856,41.63876],[-0.88677,41.63994],[-0.88662,41.63992]]]}},{"type":"Feature","properties":{"id":"5029704009"},"geometry":{"type":"Polygon","coordinates":[[[-0.88916,41.64069],[-0.88926,41.64028],[-0.88796,41.63916],[-0.88877,41.63863],[-0.88937,41.63843],[-0.89006,41.6389],[-0.8912,41.63796],[-0.89132,41.63801],[-0.89134,41.63856],[-0.89167,41.63886],[-0.88971,41.64086],[-0.88916,41.64069]]]}},{"type":"Feature","properties":{"id":"5029704010"},"geometry":{"type":"Polygon","coordinates":[[[-0.88856,41.63876],[-0.8878,41.63811],[-0.88955,41.63733],[-0.89035,41.63774],[-0.89068,41.6375],[-0.89123,41.63789],[-0.89006,41.6389],[-0.88937,41.63843],[-0.88896,41.63853],[-0.88856,41.63876]]]}},{"type":"Feature","properties":{"id":"5029704011"},"geometry":{"type":"Polygon","coordinates":[[[-0.88448,41.63819],[-0.88438,41.63774],[-0.88498,41.63353],[-0.88625,41.63351],[-0.89019,41.6339],[-0.89106,41.63376],[-0.89143,41.63359],[-0.89174,41.63331],[-0.89267,41.63456],[-0.89025,41.63563],[-0.89006,41.63563],[-0.88951,41.63606],[-0.88886,41.63672],[-0.88955,41.63733],[-0.88697,41.63844],[-0.88622,41.63891],[-0.88595,41.63889],[-0.88464,41.63833],[-0.88448,41.63819]]]}},{"type":"Feature","properties":{"id":"5029704012"},"geometry":{"type":"Polygon","coordinates":[[[-0.89132,41.63801],[-0.89068,41.6375],[-0.89035,41.63774],[-0.88957,41.63736],[-0.88886,41.63672],[-0.89006,41.63563],[-0.89025,41.63563],[-0.89267,41.63456],[-0.89316,41.63521],[-0.8915,41.6368],[-0.89215,41.6376],[-0.89168,41.63772],[-0.89146,41.63802],[-0.89132,41.63801]]]}},{"type":"Feature","properties":{"id":"5029704013"},"geometry":{"type":"Polygon","coordinates":[[[-0.8915,41.6368],[-0.89219,41.63619],[-0.89304,41.63732],[-0.89208,41.63744],[-0.8915,41.6368]]]}},{"type":"Feature","properties":{"id":"5029704014"},"geometry":{"type":"Polygon","coordinates":[[[-0.89766,41.6284],[-0.90057,41.63002],[-0.90018,41.63046],[-0.8997,41.63073],[-0.8994,41.63114],[-0.89878,41.63129],[-0.8984,41.6315],[-0.89854,41.63175],[-0.89862,41.63293],[-0.89802,41.63378],[-0.89869,41.6342],[-0.89874,41.63451],[-0.89859,41.63475],[-0.89858,41.63501],[-0.8989,41.63586],[-0.89889,41.63704],[-0.89835,41.63744],[-0.89469,41.63788],[-0.89338,41.63779],[-0.89318,41.63755],[-0.89215,41.6376],[-0.8921,41.63745],[-0.89304,41.63732],[-0.89214,41.63618],[-0.89316,41.63521],[-0.89174,41.63331],[-0.89166,41.63197],[-0.89219,41.63032],[-0.89242,41.63004],[-0.89282,41.62985],[-0.89567,41.62973],[-0.89608,41.6296],[-0.89766,41.6284]]]}},{"type":"Feature","properties":{"id":"5029704015"},"geometry":{"type":"Polygon","coordinates":[[[-0.89418,41.64055],[-0.89607,41.63849],[-0.89671,41.63882],[-0.89479,41.64088],[-0.89418,41.64055]]]}},{"type":"Feature","properties":{"id":"5029704016"},"geometry":{"type":"Polygon","coordinates":[[[-0.89353,41.64022],[-0.89374,41.64],[-0.89335,41.63973],[-0.893,41.63917],[-0.89381,41.63866],[-0.89329,41.63815],[-0.89319,41.63757],[-0.89338,41.63779],[-0.89486,41.63785],[-0.89607,41.63849],[-0.89418,41.64055],[-0.89353,41.64022]]]}},{"type":"Feature","properties":{"id":"5029704017"},"geometry":{"type":"Polygon","coordinates":[[[-0.89272,41.64026],[-0.89147,41.64027],[-0.89058,41.63995],[-0.89167,41.63886],[-0.89134,41.63856],[-0.89132,41.63801],[-0.89146,41.63802],[-0.89168,41.63772],[-0.89184,41.63766],[-0.89318,41.63755],[-0.89329,41.63815],[-0.89381,41.63866],[-0.893,41.63917],[-0.89335,41.63973],[-0.89374,41.64],[-0.89333,41.64044],[-0.89272,41.64026]]]}},{"type":"Feature","properties":{"id":"5029704018"},"geometry":{"type":"Polygon","coordinates":[[[-0.88971,41.64086],[-0.89058,41.63995],[-0.89147,41.64027],[-0.89199,41.64028],[-0.89152,41.64141],[-0.89109,41.64174],[-0.89021,41.64214],[-0.88973,41.64117],[-0.88971,41.64086]]]}},{"type":"Feature","properties":{"id":"5029704021"},"geometry":{"type":"Polygon","coordinates":[[[-0.89164,41.64105],[-0.89199,41.64028],[-0.89272,41.64026],[-0.89333,41.64044],[-0.89353,41.64022],[-0.89506,41.64103],[-0.89303,41.64317],[-0.89216,41.64271],[-0.89326,41.64153],[-0.89266,41.64121],[-0.89164,41.64105]]]}},{"type":"Feature","properties":{"id":"5029704023"},"geometry":{"type":"Polygon","coordinates":[[[-0.89545,41.64437],[-0.89365,41.64349],[-0.89476,41.64231],[-0.89652,41.64324],[-0.89545,41.64437]]]}},{"type":"Feature","properties":{"id":"5029704024"},"geometry":{"type":"Polygon","coordinates":[[[-0.89616,41.64563],[-0.89338,41.64425],[-0.89394,41.64364],[-0.89685,41.64505],[-0.89616,41.64563]]]}},{"type":"Feature","properties":{"id":"5029704025"},"geometry":{"type":"Polygon","coordinates":[[[-0.89552,41.64607],[-0.89685,41.64505],[-0.89821,41.6458],[-0.89509,41.64706],[-0.89491,41.64682],[-0.89506,41.64676],[-0.89552,41.64607]]]}},{"type":"Feature","properties":{"id":"5029704027"},"geometry":{"type":"Polygon","coordinates":[[[-0.89821,41.6458],[-0.89545,41.64437],[-0.89652,41.64324],[-0.89994,41.64503],[-0.89821,41.6458]]]}},{"type":"Feature","properties":{"id":"5029704028"},"geometry":{"type":"Polygon","coordinates":[[[-0.89994,41.64503],[-0.89539,41.64264],[-0.89962,41.6381],[-0.90433,41.64054],[-0.90478,41.64098],[-0.90561,41.64237],[-0.90625,41.64294],[-0.89994,41.64503]]]}},{"type":"Feature","properties":{"id":"5029704029"},"geometry":{"type":"Polygon","coordinates":[[[-0.89539,41.64264],[-0.89413,41.64198],[-0.89506,41.64103],[-0.89478,41.64088],[-0.89671,41.63882],[-0.89819,41.63961],[-0.89539,41.64264]]]}},{"type":"Feature","properties":{"id":"5029704031"},"geometry":{"type":"Polygon","coordinates":[[[-0.89671,41.63882],[-0.89794,41.63754],[-0.89805,41.63783],[-0.89908,41.63831],[-0.89942,41.63831],[-0.89819,41.63961],[-0.89671,41.63882]]]}},{"type":"Feature","properties":{"id":"5029704033"},"geometry":{"type":"Polygon","coordinates":[[[-0.89942,41.63831],[-0.89908,41.63831],[-0.89805,41.63783],[-0.89794,41.63754],[-0.89835,41.63744],[-0.90163,41.63503],[-0.90651,41.63756],[-0.90432,41.64054],[-0.89962,41.6381],[-0.89942,41.63831]]]}},{"type":"Feature","properties":{"id":"5029704034"},"geometry":{"type":"Polygon","coordinates":[[[-0.90498,41.63679],[-0.90796,41.63359],[-0.90901,41.63408],[-0.90651,41.63756],[-0.90498,41.63679]]]}},{"type":"Feature","properties":{"id":"5029704035"},"geometry":{"type":"Polygon","coordinates":[[[-0.90392,41.63624],[-0.90467,41.6339],[-0.90671,41.63495],[-0.90498,41.63679],[-0.90392,41.63624]]]}},{"type":"Feature","properties":{"id":"5029704036"},"geometry":{"type":"Polygon","coordinates":[[[-0.90163,41.63503],[-0.90412,41.63325],[-0.90491,41.63239],[-0.90796,41.63359],[-0.90671,41.63495],[-0.90467,41.6339],[-0.90392,41.63624],[-0.90163,41.63503]]]}},{"type":"Feature","properties":{"id":"5029704037"},"geometry":{"type":"Polygon","coordinates":[[[-0.90018,41.63046],[-0.90057,41.63002],[-0.89766,41.6284],[-0.89789,41.62808],[-0.89832,41.627],[-0.89853,41.62668],[-0.90037,41.62506],[-0.90139,41.62358],[-0.90337,41.62193],[-0.9039,41.62172],[-0.90445,41.62182],[-0.90485,41.62207],[-0.90619,41.6236],[-0.90755,41.62709],[-0.90821,41.62815],[-0.90664,41.63005],[-0.90562,41.63143],[-0.9055,41.63176],[-0.90412,41.63325],[-0.89889,41.63704],[-0.8989,41.63586],[-0.89858,41.63501],[-0.89859,41.63475],[-0.89874,41.63451],[-0.89869,41.6342],[-0.89802,41.63378],[-0.89862,41.63293],[-0.89854,41.63175],[-0.8984,41.6315],[-0.89878,41.63129],[-0.8994,41.63114],[-0.8997,41.63073],[-0.90018,41.63046]]]}},{"type":"Feature","properties":{"id":"5029704038"},"geometry":{"type":"Polygon","coordinates":[[[-0.90491,41.63239],[-0.9055,41.63176],[-0.90562,41.63143],[-0.90716,41.62941],[-0.90796,41.62976],[-0.90825,41.63268],[-0.90796,41.63359],[-0.90491,41.63239]]]}},{"type":"Feature","properties":{"id":"5029704039"},"geometry":{"type":"Polygon","coordinates":[[[-0.90885,41.63015],[-0.90716,41.62941],[-0.90842,41.6279],[-0.90978,41.62848],[-0.91011,41.62873],[-0.91147,41.63058],[-0.9119,41.63135],[-0.9109,41.63103],[-0.91063,41.63147],[-0.90904,41.63201],[-0.90885,41.63015]]]}},{"type":"Feature","properties":{"id":"5029704040"},"geometry":{"type":"Polygon","coordinates":[[[-0.90825,41.63268],[-0.90796,41.62977],[-0.90797,41.62977],[-0.90885,41.63015],[-0.90904,41.63201],[-0.91068,41.63144],[-0.9097,41.63326],[-0.90901,41.63408],[-0.90796,41.63359],[-0.90825,41.63268]]]}},{"type":"Feature","properties":{"id":"5029704041"},"geometry":{"type":"Polygon","coordinates":[[[-0.90842,41.6279],[-0.91051,41.62527],[-0.91315,41.62645],[-0.91068,41.62948],[-0.90996,41.62858],[-0.90842,41.6279]]]}},{"type":"Feature","properties":{"id":"5029704042"},"geometry":{"type":"Polygon","coordinates":[[[-0.9119,41.63135],[-0.91068,41.62948],[-0.91315,41.62645],[-0.91051,41.62527],[-0.90821,41.62815],[-0.90755,41.62709],[-0.90619,41.6236],[-0.90485,41.62207],[-0.90445,41.62182],[-0.9039,41.62172],[-0.90461,41.62098],[-0.90563,41.62066],[-0.90654,41.61994],[-0.90648,41.61953],[-0.90659,41.61895],[-0.90578,41.61806],[-0.90551,41.61706],[-0.90552,41.61669],[-0.90566,41.61658],[-0.90596,41.61653],[-0.90688,41.61673],[-0.9074,41.61662],[-0.90821,41.61597],[-0.90874,41.61568],[-0.90897,41.6153],[-0.90954,41.61474],[-0.90985,41.61461],[-0.91195,41.61308],[-0.91207,41.61282],[-0.91152,41.61221],[-0.91163,41.61201],[-0.91184,41.61195],[-0.91246,41.61205],[-0.91288,41.61201],[-0.91403,41.61141],[-0.91459,41.61101],[-0.91521,41.61029],[-0.91589,41.60992],[-0.91867,41.60767],[-0.9193,41.60738],[-0.92095,41.60569],[-0.92181,41.60456],[-0.92257,41.60342],[-0.92271,41.60269],[-0.92298,41.60206],[-0.9236,41.60147],[-0.9244,41.6009],[-0.92502,41.6013],[-0.92627,41.60185],[-0.92713,41.60253],[-0.92761,41.60344],[-0.92708,41.60373],[-0.92646,41.60333],[-0.92633,41.60341],[-0.92667,41.60415],[-0.9271,41.6043],[-0.92718,41.60471],[-0.92748,41.60478],[-0.92854,41.60443],[-0.92893,41.60374],[-0.92859,41.60316],[-0.92721,41.60187],[-0.92869,41.60121],[-0.92938,41.60047],[-0.93021,41.59999],[-0.93272,41.59968],[-0.93358,41.6],[-0.93383,41.59994],[-0.93411,41.59965],[-0.93437,41.59893],[-0.93488,41.59814],[-0.93512,41.59806],[-0.93481,41.59988],[-0.93389,41.60065],[-0.93334,41.60066],[-0.93253,41.60091],[-0.932,41.60122],[-0.93084,41.60154],[-0.93011,41.60157],[-0.93,41.60185],[-0.93009,41.60208],[-0.93027,41.60225],[-0.93073,41.60228],[-0.93091,41.60243],[-0.93109,41.6027],[-0.93104,41.60295],[-0.93084,41.60315],[-0.93024,41.60316],[-0.93029,41.60333],[-0.92992,41.60367],[-0.92953,41.60451],[-0.92883,41.60522],[-0.92836,41.60538],[-0.92768,41.60507],[-0.9276,41.60489],[-0.9274,41.60494],[-0.92708,41.60472],[-0.92648,41.60465],[-0.92608,41.60519],[-0.92641,41.60603],[-0.92673,41.60634],[-0.92731,41.6065],[-0.92724,41.60694],[-0.92695,41.60734],[-0.92716,41.6077],[-0.92712,41.60802],[-0.92759,41.60872],[-0.92775,41.60927],[-0.9282,41.60947],[-0.92642,41.61125],[-0.92344,41.61299],[-0.92242,41.61371],[-0.92016,41.61582],[-0.91967,41.61648],[-0.9185,41.61774],[-0.91479,41.62122],[-0.91307,41.62255],[-0.91574,41.62423],[-0.91975,41.62642],[-0.92028,41.6265],[-0.92178,41.62782],[-0.92315,41.62924],[-0.92408,41.63042],[-0.92447,41.63173],[-0.92449,41.633],[-0.92423,41.63429],[-0.92369,41.63532],[-0.92196,41.63637],[-0.9214,41.63651],[-0.91902,41.63661],[-0.91738,41.63653],[-0.91493,41.6355],[-0.91389,41.63394],[-0.91191,41.63152],[-0.9119,41.63135]]]}},{"type":"Feature","properties":{"id":"5029704043"},"geometry":{"type":"Polygon","coordinates":[[[-0.88631,41.64236],[-0.88666,41.64003],[-0.88662,41.63992],[-0.88687,41.63995],[-0.88807,41.64162],[-0.88745,41.64275],[-0.88631,41.64236]]]}},{"type":"Feature","properties":{"id":"5029704044"},"geometry":{"type":"Polygon","coordinates":[[[-0.91019,41.64076],[-0.91402,41.63953],[-0.91436,41.64031],[-0.91063,41.64152],[-0.91019,41.64076]]]}},{"type":"Feature","properties":{"id":"5029704045"},"geometry":{"type":"Polygon","coordinates":[[[-0.91436,41.64031],[-0.91283,41.63679],[-0.91218,41.63588],[-0.91139,41.63524],[-0.90901,41.63408],[-0.9097,41.63326],[-0.9109,41.63103],[-0.9119,41.63135],[-0.91191,41.63152],[-0.91389,41.63394],[-0.91493,41.6355],[-0.91738,41.63653],[-0.91902,41.63661],[-0.9214,41.63651],[-0.92196,41.63637],[-0.92369,41.63532],[-0.92254,41.6373],[-0.92212,41.63784],[-0.92134,41.63846],[-0.92005,41.63913],[-0.91767,41.63974],[-0.91436,41.64031]]]}},{"type":"Feature","properties":{"id":"5029704048"},"geometry":{"type":"Polygon","coordinates":[[[-0.9058,41.63855],[-0.90651,41.63756],[-0.90787,41.63776],[-0.9083,41.63793],[-0.90891,41.63847],[-0.90786,41.63885],[-0.9082,41.63944],[-0.90691,41.63986],[-0.90656,41.63926],[-0.90674,41.6392],[-0.90664,41.63904],[-0.90637,41.6388],[-0.9058,41.63855]]]}},{"type":"Feature","properties":{"id":"5029704049"},"geometry":{"type":"Polygon","coordinates":[[[-0.90433,41.64054],[-0.9058,41.63855],[-0.90637,41.6388],[-0.90674,41.6392],[-0.90656,41.63926],[-0.90691,41.63986],[-0.90469,41.64058],[-0.90433,41.64054]]]}},{"type":"Feature","properties":{"id":"5029704051"},"geometry":{"type":"Polygon","coordinates":[[[-0.90734,41.63972],[-0.9082,41.63944],[-0.90786,41.63885],[-0.90891,41.63847],[-0.91063,41.64152],[-0.90873,41.64214],[-0.90734,41.63972]]]}},{"type":"Feature","properties":{"id":"5029704052"},"geometry":{"type":"Polygon","coordinates":[[[-0.89671,41.63882],[-0.89486,41.63785],[-0.89801,41.63748],[-0.89671,41.63882]]]}},{"type":"Feature","properties":{"id":"5029704053"},"geometry":{"type":"Polygon","coordinates":[[[-0.92421,41.63432],[-0.92449,41.633],[-0.92447,41.63173],[-0.92408,41.63042],[-0.92315,41.62924],[-0.92184,41.62789],[-0.92249,41.62623],[-0.92364,41.62454],[-0.92716,41.62553],[-0.93196,41.62668],[-0.92967,41.63233],[-0.92946,41.63248],[-0.92838,41.63278],[-0.92658,41.63392],[-0.92581,41.63416],[-0.92421,41.63432]]]}},{"type":"Feature","properties":{"id":"5029704054"},"geometry":{"type":"Polygon","coordinates":[[[-0.90433,41.64054],[-0.90469,41.64058],[-0.90734,41.63972],[-0.90873,41.64214],[-0.90625,41.64294],[-0.90561,41.64237],[-0.90478,41.64098],[-0.90433,41.64054]]]}},{"type":"Feature","properties":{"id":"5029704055"},"geometry":{"type":"Polygon","coordinates":[[[-0.90971,41.63821],[-0.91027,41.63801],[-0.9128,41.63673],[-0.91402,41.63953],[-0.91103,41.64049],[-0.90971,41.63821]]]}},{"type":"Feature","properties":{"id":"5029704056"},"geometry":{"type":"Polygon","coordinates":[[[-0.90651,41.63756],[-0.90901,41.63408],[-0.91157,41.63536],[-0.91218,41.63588],[-0.9128,41.63673],[-0.91027,41.63801],[-0.90891,41.63847],[-0.9083,41.63793],[-0.90787,41.63776],[-0.90651,41.63756]]]}},{"type":"Feature","properties":{"id":"5029704057"},"geometry":{"type":"Polygon","coordinates":[[[-0.93708,41.62752],[-0.9387,41.62955],[-0.93633,41.63046],[-0.93616,41.63034],[-0.93099,41.62913],[-0.93196,41.62668],[-0.93669,41.62776],[-0.93708,41.62752]]]}},{"type":"Feature","properties":{"id":"5029704058"},"geometry":{"type":"Polygon","coordinates":[[[-0.93491,41.63571],[-0.93417,41.63516],[-0.93299,41.634],[-0.93207,41.63378],[-0.92895,41.63484],[-0.92578,41.63472],[-0.92376,41.63518],[-0.92421,41.63432],[-0.92581,41.63416],[-0.92658,41.63392],[-0.92838,41.63278],[-0.92946,41.63248],[-0.92967,41.63233],[-0.931,41.62913],[-0.93616,41.63034],[-0.93705,41.63097],[-0.93754,41.6312],[-0.93807,41.63137],[-0.93867,41.63143],[-0.93935,41.6314],[-0.94029,41.63099],[-0.94086,41.63054],[-0.94122,41.62961],[-0.95031,41.62983],[-0.95034,41.63022],[-0.95014,41.63064],[-0.94972,41.63101],[-0.94795,41.63143],[-0.94436,41.63209],[-0.94286,41.63254],[-0.94236,41.63277],[-0.94143,41.63339],[-0.93991,41.63476],[-0.93768,41.63715],[-0.93491,41.63571]]]}},{"type":"Feature","properties":{"id":"5029704059"},"geometry":{"type":"Polygon","coordinates":[[[-0.94922,41.63645],[-0.94703,41.63645],[-0.947,41.63516],[-0.94449,41.6352],[-0.94449,41.63579],[-0.94394,41.63523],[-0.94391,41.63536],[-0.94299,41.63539],[-0.94273,41.63521],[-0.9426,41.63443],[-0.94261,41.63419],[-0.94275,41.63412],[-0.94177,41.63316],[-0.94236,41.63277],[-0.94366,41.63227],[-0.94566,41.63181],[-0.94795,41.63143],[-0.94799,41.63498],[-0.94851,41.63581],[-0.94922,41.63645]]]}},{"type":"Feature","properties":{"id":"5029704060"},"geometry":{"type":"Polygon","coordinates":[[[-0.91581,41.62026],[-0.91596,41.62035],[-0.91583,41.62062],[-0.92184,41.62424],[-0.9234,41.62487],[-0.92232,41.62656],[-0.92184,41.62789],[-0.92028,41.6265],[-0.91975,41.62642],[-0.91574,41.62423],[-0.91307,41.62255],[-0.91479,41.62122],[-0.91581,41.62026]]]}},{"type":"Feature","properties":{"id":"5029704061"},"geometry":{"type":"Polygon","coordinates":[[[-0.92199,41.61948],[-0.92007,41.62124],[-0.91681,41.61933],[-0.91866,41.61758],[-0.92199,41.61948]]]}},{"type":"Feature","properties":{"id":"5029704062"},"geometry":{"type":"Polygon","coordinates":[[[-0.9478,41.64103],[-0.94464,41.64095],[-0.94327,41.64079],[-0.94234,41.64042],[-0.94044,41.63928],[-0.93831,41.63746],[-0.93768,41.63715],[-0.93991,41.63476],[-0.94177,41.63317],[-0.94275,41.63412],[-0.94261,41.63419],[-0.9426,41.63443],[-0.94273,41.63521],[-0.94299,41.63539],[-0.94391,41.63536],[-0.94394,41.63523],[-0.94449,41.63579],[-0.94449,41.6352],[-0.947,41.63516],[-0.94703,41.63645],[-0.94728,41.63646],[-0.9449,41.63887],[-0.94718,41.64003],[-0.94764,41.64054],[-0.9478,41.64103]]]}},{"type":"Feature","properties":{"id":"5029704063"},"geometry":{"type":"Polygon","coordinates":[[[-0.94728,41.63646],[-0.94922,41.63645],[-0.95003,41.63682],[-0.95154,41.63729],[-0.95188,41.63749],[-0.9537,41.63928],[-0.95483,41.64011],[-0.95383,41.64015],[-0.9478,41.64103],[-0.94764,41.64054],[-0.94718,41.64003],[-0.9449,41.63887],[-0.94728,41.63646]]]}},{"type":"Feature","properties":{"id":"5029704064"},"geometry":{"type":"Polygon","coordinates":[[[-0.92199,41.61948],[-0.92357,41.61796],[-0.92444,41.61868],[-0.92516,41.61903],[-0.92738,41.61983],[-0.92569,41.62183],[-0.92574,41.62176],[-0.92199,41.61948]]]}},{"type":"Feature","properties":{"id":"5029704065"},"geometry":{"type":"Polygon","coordinates":[[[-0.92414,41.61844],[-0.92603,41.61544],[-0.92985,41.61678],[-0.92728,41.6198],[-0.92516,41.61903],[-0.92414,41.61844]]]}},{"type":"Feature","properties":{"id":"5029704066"},"geometry":{"type":"Polygon","coordinates":[[[-0.92364,41.62454],[-0.9255,41.62207],[-0.92943,41.62349],[-0.92869,41.62486],[-0.9299,41.62517],[-0.92954,41.6261],[-0.92716,41.62553],[-0.92364,41.62454]]]}},{"type":"Feature","properties":{"id":"5029704067"},"geometry":{"type":"Polygon","coordinates":[[[-0.92943,41.62349],[-0.9255,41.62207],[-0.92738,41.61983],[-0.93089,41.61979],[-0.93093,41.62061],[-0.93072,41.62142],[-0.92943,41.62349]]]}},{"type":"Feature","properties":{"id":"5029704068"},"geometry":{"type":"Polygon","coordinates":[[[-0.93122,41.6239],[-0.93151,41.62316],[-0.93178,41.62322],[-0.93293,41.62042],[-0.93217,41.62002],[-0.9315,41.61978],[-0.92728,41.6198],[-0.93143,41.61489],[-0.9327,41.61321],[-0.93356,41.61184],[-0.93462,41.60958],[-0.9367,41.60296],[-0.9376,41.60095],[-0.93841,41.59964],[-0.94006,41.59752],[-0.94514,41.59203],[-0.94633,41.59111],[-0.95035,41.58867],[-0.95176,41.58766],[-0.95417,41.58538],[-0.95928,41.57845],[-0.95773,41.57791],[-0.95995,41.57506],[-0.96201,41.57034],[-0.96293,41.56852],[-0.96446,41.56642],[-0.96656,41.56402],[-0.96885,41.56183],[-0.97241,41.55817],[-0.97305,41.55732],[-0.97654,41.55134],[-0.97693,41.55088],[-0.97759,41.55039],[-0.98143,41.54816],[-0.98217,41.54784],[-0.98205,41.54836],[-0.98683,41.55053],[-0.99761,41.55564],[-1.00056,41.55729],[-1.00332,41.55922],[-1.00867,41.56344],[-1.01501,41.56721],[-1.01717,41.56932],[-1.0194,41.57067],[-1.02202,41.57178],[-1.02626,41.57378],[-1.02978,41.5759],[-1.03105,41.57642],[-1.03264,41.57832],[-1.03271,41.57915],[-1.03314,41.57973],[-1.03397,41.57993],[-1.03453,41.58207],[-1.03448,41.58318],[-1.03469,41.58341],[-1.03463,41.58384],[-1.03599,41.58531],[-1.0365,41.58675],[-1.03644,41.5873],[-1.03599,41.58734],[-1.03514,41.58769],[-1.03464,41.58856],[-1.03401,41.58937],[-1.03258,41.59296],[-1.0323,41.59514],[-1.03237,41.59598],[-1.03317,41.59773],[-1.03392,41.60015],[-1.03477,41.60078],[-1.03543,41.60317],[-1.03539,41.60411],[-1.03599,41.60519],[-1.03713,41.60639],[-1.038,41.60839],[-1.03832,41.6097],[-1.03885,41.61067],[-1.03929,41.61119],[-1.04306,41.6149],[-1.04309,41.616],[-1.04453,41.61604],[-1.04507,41.61595],[-1.04681,41.61622],[-1.0484,41.61663],[-1.04849,41.61693],[-1.04888,41.61707],[-1.05006,41.61705],[-1.05751,41.61527],[-1.05915,41.61499],[-1.06051,41.61551],[-1.05921,41.61619],[-1.05611,41.61712],[-1.0529,41.61794],[-1.04897,41.61867],[-1.04699,41.61874],[-1.03891,41.61754],[-1.03652,41.61727],[-1.03484,41.61755],[-1.03154,41.61895],[-1.02658,41.62126],[-1.02083,41.62238],[-1.01128,41.62458],[-0.9983,41.62796],[-0.97498,41.63435],[-0.97502,41.63314],[-0.97484,41.63196],[-0.97275,41.62547],[-0.97214,41.62418],[-0.97139,41.62306],[-0.97069,41.6223],[-0.96956,41.62132],[-0.96765,41.62017],[-0.96533,41.61931],[-0.96403,41.61901],[-0.96093,41.61874],[-0.94946,41.61908],[-0.94695,41.62083],[-0.9469,41.62104],[-0.93958,41.62582],[-0.93122,41.6239]]]}},{"type":"Feature","properties":{"id":"5029704069"},"geometry":{"type":"Polygon","coordinates":[[[-0.92414,41.61844],[-0.92299,41.61731],[-0.92184,41.61663],[-0.91996,41.61605],[-0.92242,41.61371],[-0.92344,41.61299],[-0.92596,41.61157],[-0.92719,41.61055],[-0.9282,41.60947],[-0.92807,41.60941],[-0.93364,41.60405],[-0.9366,41.60085],[-0.93687,41.60022],[-0.93743,41.59812],[-0.93766,41.59759],[-0.93807,41.59713],[-0.94466,41.59113],[-0.95115,41.58555],[-0.95428,41.5822],[-0.95643,41.57954],[-0.95614,41.57927],[-0.95367,41.57812],[-0.95326,41.57803],[-0.95215,41.57804],[-0.95182,41.57779],[-0.95111,41.57789],[-0.9505,41.57823],[-0.94894,41.57787],[-0.95161,41.5753],[-0.95339,41.57596],[-0.95178,41.57763],[-0.95485,41.57793],[-0.95551,41.57811],[-0.95773,41.57791],[-0.95928,41.57845],[-0.95516,41.58413],[-0.95417,41.58538],[-0.95312,41.58646],[-0.95176,41.58766],[-0.95035,41.58867],[-0.94633,41.59111],[-0.94514,41.59203],[-0.94322,41.59403],[-0.93935,41.59835],[-0.93841,41.59964],[-0.93724,41.60168],[-0.93635,41.60395],[-0.9349,41.60877],[-0.93411,41.61079],[-0.9327,41.61321],[-0.92991,41.61673],[-0.92985,41.61678],[-0.92603,41.61544],[-0.92414,41.61844]]]}},{"type":"Feature","properties":{"id":"5029704070"},"geometry":{"type":"Polygon","coordinates":[[[-0.9453,41.6221],[-0.94757,41.62345],[-0.95034,41.62401],[-0.95478,41.61892],[-0.96093,41.61874],[-0.96248,41.61883],[-0.96145,41.62086],[-0.9559,41.62763],[-0.95032,41.62986],[-0.94988,41.62978],[-0.94901,41.62978],[-0.94866,41.62934],[-0.94773,41.62909],[-0.94674,41.62904],[-0.94643,41.62919],[-0.94398,41.62702],[-0.94357,41.62675],[-0.94287,41.62649],[-0.94272,41.6261],[-0.94092,41.62501],[-0.9453,41.6221]]]}},{"type":"Feature","properties":{"id":"5029704071"},"geometry":{"type":"MultiPolygon","coordinates":[[[[-1.13524,41.53273],[-1.13382,41.53213],[-1.13256,41.53299],[-1.13101,41.53287],[-1.12856,41.53153],[-1.12611,41.53099],[-1.12779,41.52904],[-1.12768,41.52416],[-1.12827,41.523],[-1.13052,41.52389],[-1.13423,41.52498],[-1.14535,41.52445],[-1.15368,41.52429],[-1.16033,41.52452],[-1.16378,41.52504],[-1.16484,41.52504],[-1.16436,41.52695],[-1.16224,41.53349],[-1.16082,41.53525],[-1.16006,41.53699],[-1.15965,41.53766],[-1.15685,41.54169],[-1.15385,41.54272],[-1.15224,41.54361],[-1.14478,41.54181],[-1.14408,41.54146],[-1.14224,41.53966],[-1.14067,41.53832],[-1.13995,41.53609],[-1.13898,41.53385],[-1.13783,41.5334],[-1.13608,41.53322],[-1.13524,41.53273]]],[[[-0.96145,41.62086],[-0.96248,41.61883],[-0.96403,41.61901],[-0.96533,41.61931],[-0.96765,41.62017],[-0.96956,41.62132],[-0.97069,41.6223],[-0.97139,41.62306],[-0.97214,41.62418],[-0.97275,41.62547],[-0.97484,41.63196],[-0.97502,41.63314],[-0.97498,41.63435],[-0.97257,41.63505],[-0.95713,41.6385],[-0.95563,41.63942],[-0.95483,41.64011],[-0.9537,41.63928],[-0.95188,41.63749],[-0.95154,41.63729],[-0.95003,41.63682],[-0.94922,41.63645],[-0.94882,41.63615],[-0.94827,41.63551],[-0.94792,41.63471],[-0.94795,41.63143],[-0.94972,41.63101],[-0.95014,41.63064],[-0.95034,41.63022],[-0.95032,41.62986],[-0.9559,41.62763],[-0.96145,41.62086]]]]}},{"type":"Feature","properties":{"id":"5029704072"},"geometry":{"type":"Polygon","coordinates":[[[-0.93669,41.62776],[-0.92954,41.6261],[-0.9299,41.62517],[-0.92869,41.62486],[-0.92943,41.62349],[-0.93958,41.62582],[-0.9383,41.62676],[-0.93669,41.62776]]]}},{"type":"Feature","properties":{"id":"5029704073"},"geometry":{"type":"Polygon","coordinates":[[[-0.9453,41.6221],[-0.9469,41.62104],[-0.94695,41.62083],[-0.94946,41.61908],[-0.95478,41.61892],[-0.95034,41.62401],[-0.94757,41.62345],[-0.9453,41.6221]]]}},{"type":"Feature","properties":{"id":"5029704074"},"geometry":{"type":"Polygon","coordinates":[[[-0.92357,41.61796],[-0.92199,41.61948],[-0.91866,41.61758],[-0.91967,41.61648],[-0.91995,41.61605],[-0.92184,41.61663],[-0.92299,41.61731],[-0.92357,41.61796]]]}},{"type":"Feature","properties":{"id":"5029704075"},"geometry":{"type":"Polygon","coordinates":[[[-0.92007,41.62124],[-0.92199,41.61948],[-0.92574,41.62176],[-0.92419,41.6237],[-0.92007,41.62124]]]}},{"type":"Feature","properties":{"id":"5029704076"},"geometry":{"type":"Polygon","coordinates":[[[-0.90971,41.63821],[-0.91103,41.64049],[-0.91019,41.64076],[-0.90891,41.63847],[-0.90971,41.63821]]]}},{"type":"Feature","properties":{"id":"5029704077"},"geometry":{"type":"Polygon","coordinates":[[[-0.93633,41.63046],[-0.9387,41.62955],[-0.93708,41.62752],[-0.94089,41.62499],[-0.94272,41.6261],[-0.94287,41.62649],[-0.94357,41.62675],[-0.94398,41.62702],[-0.94643,41.62919],[-0.94674,41.62904],[-0.94773,41.62909],[-0.94866,41.62934],[-0.94901,41.62978],[-0.94122,41.62961],[-0.94086,41.63054],[-0.94029,41.63099],[-0.93935,41.6314],[-0.93807,41.63137],[-0.93705,41.63097],[-0.93633,41.63046]]]}},{"type":"Feature","properties":{"id":"5029704078"},"geometry":{"type":"Polygon","coordinates":[[[-0.91581,41.62026],[-0.91681,41.61933],[-0.92203,41.62238],[-0.9242,41.6237],[-0.9234,41.62487],[-0.92184,41.62424],[-0.91583,41.62062],[-0.91596,41.62035],[-0.91581,41.62026]]]}},{"type":"Feature","properties":{"id":"5029704079"},"geometry":{"type":"Polygon","coordinates":[[[-0.93089,41.61979],[-0.93178,41.61985],[-0.93293,41.62042],[-0.93178,41.62322],[-0.93151,41.62316],[-0.93122,41.6239],[-0.92944,41.6235],[-0.93072,41.62142],[-0.93093,41.62061],[-0.93089,41.61979]]]}},{"type":"Feature","properties":{"id":"5029705001"},"geometry":{"type":"Polygon","coordinates":[[[-0.8705,41.63879],[-0.86895,41.63813],[-0.86905,41.63711],[-0.87255,41.63589],[-0.87182,41.63807],[-0.87106,41.63887],[-0.87058,41.63868],[-0.8705,41.63879]]]}},{"type":"Feature","properties":{"id":"5029705002"},"geometry":{"type":"Polygon","coordinates":[[[-0.86099,41.62112],[-0.86217,41.62144],[-0.86315,41.62158],[-0.86435,41.62192],[-0.86506,41.62238],[-0.86736,41.62432],[-0.8679,41.62459],[-0.86813,41.62533],[-0.86816,41.62674],[-0.86853,41.62748],[-0.86829,41.62942],[-0.86804,41.62958],[-0.86793,41.63012],[-0.86798,41.63069],[-0.86813,41.63132],[-0.86879,41.63282],[-0.87008,41.63347],[-0.87015,41.63363],[-0.87006,41.63396],[-0.87275,41.63534],[-0.87255,41.63589],[-0.86905,41.63711],[-0.86895,41.63813],[-0.86772,41.63735],[-0.86682,41.63839],[-0.8672,41.63888],[-0.8675,41.63982],[-0.86638,41.64006],[-0.8638,41.63669],[-0.85916,41.63204],[-0.85648,41.63038],[-0.85743,41.62973],[-0.85795,41.62951],[-0.85957,41.62912],[-0.86042,41.62909],[-0.86147,41.62922],[-0.86338,41.62996],[-0.85487,41.62329],[-0.85714,41.62227],[-0.85896,41.62164],[-0.86099,41.62112]]]}},{"type":"Feature","properties":{"id":"5029705003"},"geometry":{"type":"Polygon","coordinates":[[[-0.87224,41.64617],[-0.87246,41.64615],[-0.87418,41.64541],[-0.87483,41.64617],[-0.8731,41.64696],[-0.87224,41.64617]]]}},{"type":"Feature","properties":{"id":"5029705004"},"geometry":{"type":"Polygon","coordinates":[[[-0.87418,41.64541],[-0.87608,41.64458],[-0.87667,41.64533],[-0.87483,41.64617],[-0.87418,41.64541]]]}},{"type":"Feature","properties":{"id":"5029705005"},"geometry":{"type":"Polygon","coordinates":[[[-0.87524,41.64495],[-0.87474,41.6443],[-0.87542,41.64374],[-0.87618,41.64341],[-0.87741,41.64498],[-0.87667,41.64533],[-0.87608,41.64458],[-0.87524,41.64495]]]}},{"type":"Feature","properties":{"id":"5029705006"},"geometry":{"type":"Polygon","coordinates":[[[-0.87273,41.64411],[-0.87474,41.6443],[-0.87524,41.64495],[-0.87246,41.64615],[-0.87224,41.64617],[-0.87273,41.64411]]]}},{"type":"Feature","properties":{"id":"5029705007"},"geometry":{"type":"Polygon","coordinates":[[[-0.87224,41.64617],[-0.87037,41.6445],[-0.87199,41.64403],[-0.87273,41.64411],[-0.87224,41.64617]]]}},{"type":"Feature","properties":{"id":"5029705008"},"geometry":{"type":"Polygon","coordinates":[[[-0.87273,41.64411],[-0.87315,41.64236],[-0.87425,41.64228],[-0.87542,41.64374],[-0.87474,41.6443],[-0.87273,41.64411]]]}},{"type":"Feature","properties":{"id":"5029705009"},"geometry":{"type":"Polygon","coordinates":[[[-0.87135,41.64421],[-0.8687,41.64125],[-0.86909,41.64105],[-0.86911,41.64118],[-0.87023,41.64157],[-0.86985,41.64217],[-0.8721,41.64292],[-0.87187,41.64406],[-0.87135,41.64421]]]}},{"type":"Feature","properties":{"id":"5029705010"},"geometry":{"type":"Polygon","coordinates":[[[-0.86881,41.64278],[-0.86968,41.64233],[-0.87135,41.64421],[-0.87037,41.6445],[-0.86881,41.64278]]]}},{"type":"Feature","properties":{"id":"5029705011"},"geometry":{"type":"Polygon","coordinates":[[[-0.86881,41.64278],[-0.86784,41.64169],[-0.8687,41.64125],[-0.86968,41.64233],[-0.86881,41.64278]]]}},{"type":"Feature","properties":{"id":"5029705012"},"geometry":{"type":"Polygon","coordinates":[[[-0.86784,41.64169],[-0.86638,41.64006],[-0.8675,41.63982],[-0.8672,41.63888],[-0.86682,41.63839],[-0.86772,41.63735],[-0.86895,41.63813],[-0.86896,41.64026],[-0.86909,41.64105],[-0.86784,41.64169]]]}},{"type":"Feature","properties":{"id":"5029705013"},"geometry":{"type":"Polygon","coordinates":[[[-0.87115,41.64189],[-0.86911,41.64118],[-0.86896,41.64014],[-0.86969,41.64025],[-0.87176,41.64117],[-0.87115,41.64189]]]}},{"type":"Feature","properties":{"id":"5029705014"},"geometry":{"type":"Polygon","coordinates":[[[-0.87315,41.64236],[-0.87367,41.64023],[-0.87526,41.64223],[-0.87315,41.64236]]]}},{"type":"Feature","properties":{"id":"5029705015"},"geometry":{"type":"Polygon","coordinates":[[[-0.86896,41.64014],[-0.86895,41.63946],[-0.86992,41.6397],[-0.87009,41.63941],[-0.87238,41.64054],[-0.87176,41.64117],[-0.86969,41.64025],[-0.86896,41.64014]]]}},{"type":"Feature","properties":{"id":"5029705016"},"geometry":{"type":"Polygon","coordinates":[[[-0.86895,41.63946],[-0.86892,41.6383],[-0.86895,41.63813],[-0.87037,41.63873],[-0.86988,41.63931],[-0.87009,41.63941],[-0.86992,41.6397],[-0.86895,41.63946]]]}},{"type":"Feature","properties":{"id":"5029705017"},"geometry":{"type":"Polygon","coordinates":[[[-0.87209,41.64083],[-0.87238,41.64054],[-0.86988,41.63931],[-0.87037,41.63873],[-0.8705,41.63879],[-0.87058,41.63868],[-0.87374,41.63997],[-0.87339,41.64136],[-0.87209,41.64083]]]}},{"type":"Feature","properties":{"id":"5029705018"},"geometry":{"type":"Polygon","coordinates":[[[-0.87106,41.63887],[-0.87187,41.638],[-0.87208,41.63738],[-0.87434,41.63779],[-0.87374,41.63997],[-0.87106,41.63887]]]}},{"type":"Feature","properties":{"id":"5029705019"},"geometry":{"type":"Polygon","coordinates":[[[-0.87374,41.63997],[-0.87448,41.63731],[-0.87616,41.63813],[-0.87398,41.63988],[-0.87374,41.63997]]]}},{"type":"Feature","properties":{"id":"5029705020"},"geometry":{"type":"Polygon","coordinates":[[[-0.87208,41.63738],[-0.87275,41.63534],[-0.87474,41.63639],[-0.87434,41.63779],[-0.87208,41.63738]]]}},{"type":"Feature","properties":{"id":"5029705021"},"geometry":{"type":"Polygon","coordinates":[[[-0.87448,41.63731],[-0.87474,41.63639],[-0.87693,41.63753],[-0.87616,41.63813],[-0.87448,41.63731]]]}},{"type":"Feature","properties":{"id":"5029705022"},"geometry":{"type":"Polygon","coordinates":[[[-0.87474,41.63639],[-0.87006,41.63396],[-0.87015,41.63363],[-0.87008,41.63347],[-0.86879,41.63282],[-0.86813,41.63132],[-0.86798,41.63069],[-0.86793,41.63012],[-0.86804,41.62958],[-0.86829,41.62942],[-0.86868,41.62985],[-0.86957,41.63021],[-0.87057,41.63208],[-0.87106,41.6325],[-0.87178,41.63277],[-0.87295,41.63302],[-0.87348,41.6336],[-0.87397,41.63388],[-0.87531,41.6341],[-0.87522,41.63474],[-0.87474,41.63639]]]}},{"type":"Feature","properties":{"id":"5029705023"},"geometry":{"type":"Polygon","coordinates":[[[-0.87484,41.63607],[-0.87522,41.63473],[-0.87542,41.63526],[-0.87571,41.63553],[-0.87673,41.63613],[-0.87766,41.63636],[-0.87796,41.63672],[-0.87724,41.63729],[-0.87484,41.63607]]]}},{"type":"Feature","properties":{"id":"5029705024"},"geometry":{"type":"Polygon","coordinates":[[[-0.87917,41.63867],[-0.87474,41.63639],[-0.87483,41.63607],[-0.87724,41.63729],[-0.87751,41.63707],[-0.87963,41.63816],[-0.87917,41.63867]]]}},{"type":"Feature","properties":{"id":"5029705025"},"geometry":{"type":"Polygon","coordinates":[[[-0.87751,41.63707],[-0.87871,41.63613],[-0.88047,41.63737],[-0.87963,41.63816],[-0.87751,41.63707]]]}},{"type":"Feature","properties":{"id":"5029705026"},"geometry":{"type":"Polygon","coordinates":[[[-0.87917,41.63867],[-0.87989,41.63787],[-0.8803,41.63797],[-0.88114,41.63841],[-0.88131,41.63871],[-0.88064,41.63943],[-0.87917,41.63867]]]}},{"type":"Feature","properties":{"id":"5029705027"},"geometry":{"type":"Polygon","coordinates":[[[-0.88112,41.63893],[-0.88131,41.63871],[-0.88114,41.63841],[-0.8803,41.63797],[-0.87989,41.63787],[-0.87996,41.63779],[-0.88117,41.63808],[-0.88161,41.63792],[-0.88184,41.63735],[-0.88239,41.63788],[-0.88368,41.63863],[-0.88209,41.63943],[-0.88112,41.63893]]]}},{"type":"Feature","properties":{"id":"5029705028"},"geometry":{"type":"Polygon","coordinates":[[[-0.88064,41.63943],[-0.88112,41.63893],[-0.88363,41.64028],[-0.88411,41.64087],[-0.88387,41.6411],[-0.88064,41.63943]]]}},{"type":"Feature","properties":{"id":"5029705030"},"geometry":{"type":"Polygon","coordinates":[[[-0.88304,41.63998],[-0.88473,41.63931],[-0.88634,41.6392],[-0.88662,41.63992],[-0.8861,41.63998],[-0.88478,41.64049],[-0.88411,41.64087],[-0.88363,41.64028],[-0.88304,41.63998]]]}},{"type":"Feature","properties":{"id":"5029705031"},"geometry":{"type":"Polygon","coordinates":[[[-0.88209,41.63943],[-0.88448,41.63819],[-0.88464,41.63833],[-0.88595,41.63889],[-0.88622,41.63891],[-0.88634,41.6392],[-0.88473,41.63931],[-0.88304,41.63998],[-0.88209,41.63943]]]}},{"type":"Feature","properties":{"id":"5029705032"},"geometry":{"type":"Polygon","coordinates":[[[-0.88243,41.6379],[-0.88433,41.63682],[-0.88452,41.63672],[-0.88437,41.63788],[-0.88448,41.63819],[-0.88368,41.63863],[-0.88243,41.6379]]]}},{"type":"Feature","properties":{"id":"5029705033"},"geometry":{"type":"Polygon","coordinates":[[[-0.88243,41.6379],[-0.88145,41.63698],[-0.88293,41.63555],[-0.88456,41.63641],[-0.88452,41.63672],[-0.88243,41.6379]]]}},{"type":"Feature","properties":{"id":"5029705034"},"geometry":{"type":"Polygon","coordinates":[[[-0.88456,41.63641],[-0.88042,41.63417],[-0.88107,41.63368],[-0.88027,41.63349],[-0.88051,41.63299],[-0.88149,41.63285],[-0.88166,41.63301],[-0.88498,41.63353],[-0.88456,41.63641]]]}},{"type":"Feature","properties":{"id":"5029705036"},"geometry":{"type":"Polygon","coordinates":[[[-0.87997,41.63779],[-0.88101,41.63693],[-0.88108,41.63643],[-0.88138,41.63591],[-0.88019,41.63498],[-0.88,41.63512],[-0.87972,41.6349],[-0.88027,41.63349],[-0.88107,41.63368],[-0.88042,41.63417],[-0.88293,41.63555],[-0.88145,41.63698],[-0.88184,41.63735],[-0.88161,41.63792],[-0.88117,41.63808],[-0.87997,41.63779]]]}},{"type":"Feature","properties":{"id":"5029705037"},"geometry":{"type":"Polygon","coordinates":[[[-0.88047,41.63737],[-0.87871,41.63613],[-0.88019,41.63498],[-0.88138,41.63591],[-0.88108,41.63643],[-0.88107,41.63683],[-0.88047,41.63737]]]}},{"type":"Feature","properties":{"id":"5029705038"},"geometry":{"type":"Polygon","coordinates":[[[-0.87684,41.63616],[-0.87705,41.63588],[-0.87686,41.63513],[-0.87689,41.63468],[-0.877,41.63457],[-0.87893,41.63596],[-0.87796,41.63672],[-0.87766,41.63636],[-0.87684,41.63616]]]}},{"type":"Feature","properties":{"id":"5029705039"},"geometry":{"type":"Polygon","coordinates":[[[-0.87767,41.63505],[-0.87824,41.63459],[-0.87836,41.63424],[-0.87858,41.63421],[-0.88,41.63512],[-0.87893,41.63596],[-0.87767,41.63505]]]}},{"type":"Feature","properties":{"id":"5029705040"},"geometry":{"type":"Polygon","coordinates":[[[-0.87836,41.63424],[-0.87857,41.63365],[-0.87778,41.63345],[-0.87695,41.63289],[-0.87763,41.63227],[-0.8787,41.63297],[-0.88027,41.63348],[-0.87972,41.6349],[-0.87953,41.63489],[-0.87858,41.63421],[-0.87836,41.63424]]]}},{"type":"Feature","properties":{"id":"5029705041"},"geometry":{"type":"Polygon","coordinates":[[[-0.87884,41.633],[-0.87923,41.63244],[-0.87975,41.63221],[-0.88026,41.63226],[-0.88149,41.63277],[-0.88149,41.63285],[-0.88051,41.63299],[-0.88027,41.63348],[-0.87884,41.633]]]}},{"type":"Feature","properties":{"id":"5029705042"},"geometry":{"type":"Polygon","coordinates":[[[-0.87763,41.63227],[-0.87733,41.63197],[-0.87701,41.63187],[-0.87746,41.63117],[-0.8774,41.63099],[-0.87757,41.6307],[-0.87682,41.63043],[-0.87854,41.62971],[-0.87904,41.62963],[-0.87936,41.6297],[-0.88044,41.63033],[-0.88098,41.63076],[-0.88142,41.63173],[-0.88149,41.63277],[-0.88026,41.63226],[-0.87975,41.63221],[-0.87923,41.63244],[-0.87884,41.633],[-0.87763,41.63227]]]}},{"type":"Feature","properties":{"id":"5029705043"},"geometry":{"type":"Polygon","coordinates":[[[-0.87767,41.63505],[-0.87667,41.63433],[-0.87672,41.63407],[-0.87658,41.63406],[-0.87671,41.63272],[-0.87778,41.63345],[-0.87857,41.63365],[-0.87824,41.63459],[-0.87767,41.63505]]]}},{"type":"Feature","properties":{"id":"5029705044"},"geometry":{"type":"Polygon","coordinates":[[[-0.87532,41.63399],[-0.87558,41.63313],[-0.87446,41.6331],[-0.87414,41.63223],[-0.87471,41.63207],[-0.87639,41.63251],[-0.87701,41.63187],[-0.87733,41.63197],[-0.87763,41.63227],[-0.87695,41.63289],[-0.87671,41.63272],[-0.87657,41.63407],[-0.87532,41.63399]]]}},{"type":"Feature","properties":{"id":"5029705045"},"geometry":{"type":"Polygon","coordinates":[[[-0.87522,41.63473],[-0.87532,41.63399],[-0.87672,41.63407],[-0.87667,41.63433],[-0.877,41.63457],[-0.87689,41.63468],[-0.87686,41.63513],[-0.87705,41.63588],[-0.87684,41.63616],[-0.87564,41.63548],[-0.87542,41.63526],[-0.87522,41.63473]]]}},{"type":"Feature","properties":{"id":"5029705046"},"geometry":{"type":"Polygon","coordinates":[[[-0.87326,41.63334],[-0.87367,41.63252],[-0.87324,41.63239],[-0.8734,41.6321],[-0.87388,41.63225],[-0.87414,41.63223],[-0.87446,41.6331],[-0.87558,41.63313],[-0.87531,41.6341],[-0.87397,41.63388],[-0.87348,41.6336],[-0.87326,41.63334]]]}},{"type":"Feature","properties":{"id":"5029705047"},"geometry":{"type":"Polygon","coordinates":[[[-0.86829,41.62942],[-0.86853,41.62748],[-0.86816,41.62674],[-0.86813,41.62533],[-0.8679,41.62459],[-0.86736,41.62432],[-0.86506,41.62238],[-0.86435,41.62192],[-0.86315,41.62158],[-0.86217,41.62144],[-0.86099,41.62112],[-0.86352,41.62038],[-0.86472,41.61981],[-0.86675,41.61846],[-0.86794,41.61731],[-0.86931,41.61756],[-0.87067,41.61836],[-0.87076,41.61864],[-0.87061,41.61896],[-0.86946,41.62013],[-0.86924,41.62057],[-0.86941,41.62102],[-0.8707,41.62199],[-0.87203,41.62238],[-0.87249,41.62273],[-0.8733,41.62369],[-0.87314,41.62419],[-0.87282,41.62438],[-0.87173,41.62472],[-0.8716,41.62485],[-0.87109,41.62622],[-0.87121,41.62666],[-0.87176,41.62743],[-0.87211,41.62822],[-0.8729,41.62887],[-0.87331,41.62989],[-0.87357,41.63022],[-0.87565,41.63084],[-0.87597,41.63082],[-0.87682,41.63043],[-0.87757,41.6307],[-0.8774,41.63099],[-0.87746,41.63117],[-0.87698,41.63192],[-0.87639,41.63251],[-0.87471,41.63207],[-0.87388,41.63225],[-0.8734,41.6321],[-0.87324,41.63239],[-0.87367,41.63252],[-0.87326,41.63334],[-0.87295,41.63302],[-0.87178,41.63277],[-0.8709,41.63238],[-0.87057,41.63208],[-0.86957,41.63021],[-0.86868,41.62985],[-0.86829,41.62942]]]}},{"type":"Feature","properties":{"id":"5029705048"},"geometry":{"type":"Polygon","coordinates":[[[-0.87187,41.64406],[-0.8721,41.64292],[-0.86985,41.64217],[-0.87023,41.64157],[-0.87309,41.64256],[-0.87273,41.64411],[-0.87187,41.64406]]]}},{"type":"Feature","properties":{"id":"5029705049"},"geometry":{"type":"Polygon","coordinates":[[[-0.87115,41.64189],[-0.87209,41.64083],[-0.87339,41.64136],[-0.87309,41.64256],[-0.87115,41.64189]]]}},{"type":"Feature","properties":{"id":"5029705050"},"geometry":{"type":"Polygon","coordinates":[[[-0.87425,41.64228],[-0.87526,41.64223],[-0.87618,41.64341],[-0.87542,41.64374],[-0.87425,41.64228]]]}},{"type":"Feature","properties":{"id":"5029706001"},"geometry":{"type":"Polygon","coordinates":[[[-0.86931,41.64667],[-0.87108,41.64687],[-0.87121,41.64615],[-0.87191,41.64623],[-0.87224,41.64617],[-0.8731,41.64696],[-0.87207,41.64738],[-0.87005,41.64767],[-0.86931,41.64667]]]}},{"type":"Feature","properties":{"id":"5029706002"},"geometry":{"type":"Polygon","coordinates":[[[-0.87191,41.64623],[-0.87029,41.64605],[-0.86942,41.64596],[-0.87097,41.64505],[-0.87224,41.64617],[-0.87191,41.64623]]]}},{"type":"Feature","properties":{"id":"5029706003"},"geometry":{"type":"Polygon","coordinates":[[[-0.86592,41.64308],[-0.86559,41.64228],[-0.8675,41.64131],[-0.86871,41.64266],[-0.86681,41.64363],[-0.86592,41.64308]]]}},{"type":"Feature","properties":{"id":"5029706004"},"geometry":{"type":"Polygon","coordinates":[[[-0.85648,41.63039],[-0.85916,41.63204],[-0.8638,41.63669],[-0.86622,41.63987],[-0.86725,41.64104],[-0.86519,41.64102],[-0.8628,41.64073],[-0.86254,41.63951],[-0.86131,41.64003],[-0.8607,41.64043],[-0.86006,41.64117],[-0.85976,41.642],[-0.85887,41.64191],[-0.85931,41.63989],[-0.85975,41.6389],[-0.86024,41.63808],[-0.85964,41.63778],[-0.859,41.63727],[-0.85835,41.63644],[-0.85837,41.63595],[-0.85764,41.63575],[-0.85764,41.63568],[-0.8545,41.63511],[-0.85448,41.63345],[-0.85471,41.63244],[-0.85539,41.63149],[-0.85648,41.63039]]]}},{"type":"Feature","properties":{"id":"5029706005"},"geometry":{"type":"Polygon","coordinates":[[[-0.86469,41.64329],[-0.86251,41.64298],[-0.86282,41.64134],[-0.8628,41.64073],[-0.86434,41.64095],[-0.86422,41.64165],[-0.86498,41.64169],[-0.86482,41.64258],[-0.86506,41.64255],[-0.86559,41.64228],[-0.86592,41.64308],[-0.8653,41.6433],[-0.86469,41.64329]]]}},{"type":"Feature","properties":{"id":"5029706007"},"geometry":{"type":"Polygon","coordinates":[[[-0.86648,41.64464],[-0.86703,41.64397],[-0.86753,41.64425],[-0.86811,41.64483],[-0.86837,41.6449],[-0.86942,41.64596],[-0.86628,41.64565],[-0.86648,41.64464]]]}},{"type":"Feature","properties":{"id":"5029706008"},"geometry":{"type":"Polygon","coordinates":[[[-0.86601,41.647],[-0.86628,41.64565],[-0.86861,41.64588],[-0.87005,41.64767],[-0.86903,41.6481],[-0.86717,41.64852],[-0.86632,41.64766],[-0.86659,41.6475],[-0.86601,41.647]]]}},{"type":"Feature","properties":{"id":"5029706009"},"geometry":{"type":"Polygon","coordinates":[[[-0.86377,41.64817],[-0.86404,41.6468],[-0.86473,41.64687],[-0.86462,41.64757],[-0.86546,41.64765],[-0.86534,41.64835],[-0.86377,41.64817]]]}},{"type":"Feature","properties":{"id":"5029706010"},"geometry":{"type":"Polygon","coordinates":[[[-0.84043,41.6231],[-0.83941,41.62196],[-0.8384,41.62103],[-0.83326,41.61835],[-0.83162,41.61735],[-0.82808,41.61546],[-0.82544,41.61461],[-0.82256,41.61415],[-0.82006,41.61407],[-0.818,41.61419],[-0.81539,41.61474],[-0.81062,41.61593],[-0.80817,41.61665],[-0.80577,41.61717],[-0.80435,41.61715],[-0.80061,41.61629],[-0.80033,41.61597],[-0.80041,41.61359],[-0.80115,41.61273],[-0.80113,41.6113],[-0.80138,41.61037],[-0.79822,41.60813],[-0.79516,41.60471],[-0.79459,41.60305],[-0.79449,41.6014],[-0.79575,41.6012],[-0.79696,41.60038],[-0.79888,41.59739],[-0.7981,41.59598],[-0.79685,41.59526],[-0.79649,41.59521],[-0.79438,41.59344],[-0.79316,41.59473],[-0.79009,41.59275],[-0.78888,41.59248],[-0.78138,41.59421],[-0.78144,41.59609],[-0.77908,41.59555],[-0.76977,41.59781],[-0.7669,41.59948],[-0.76585,41.60028],[-0.76449,41.60043],[-0.76455,41.59949],[-0.76548,41.59889],[-0.78179,41.58993],[-0.784,41.58829],[-0.7853,41.58822],[-0.78615,41.58786],[-0.78796,41.58764],[-0.78896,41.58759],[-0.79092,41.58771],[-0.79359,41.58766],[-0.79588,41.58808],[-0.79773,41.58881],[-0.79887,41.58941],[-0.80115,41.58928],[-0.80074,41.58579],[-0.7961,41.58287],[-0.79323,41.58172],[-0.78833,41.57995],[-0.78547,41.57927],[-0.77708,41.57608],[-0.77528,41.57567],[-0.76865,41.57457],[-0.76424,41.57314],[-0.76308,41.57241],[-0.75765,41.56999],[-0.75666,41.56903],[-0.75347,41.56665],[-0.74959,41.56515],[-0.74622,41.56305],[-0.74454,41.56181],[-0.74301,41.56142],[-0.73936,41.5609],[-0.73503,41.55882],[-0.73027,41.55821],[-0.72775,41.55745],[-0.72635,41.55577],[-0.72557,41.55561],[-0.72174,41.55544],[-0.72071,41.55527],[-0.71884,41.55417],[-0.71809,41.55128],[-0.71787,41.55105],[-0.71575,41.5502],[-0.71333,41.54853],[-0.71258,41.54824],[-0.71233,41.54823],[-0.71107,41.54873],[-0.70889,41.5486],[-0.70855,41.54846],[-0.70616,41.54692],[-0.7037,41.5456],[-0.70274,41.54535],[-0.70123,41.54539],[-0.70025,41.54487],[-0.6986,41.54465],[-0.69801,41.54446],[-0.69745,41.54385],[-0.69709,41.54137],[-0.69696,41.54121],[-0.69669,41.54115],[-0.6961,41.5412],[-0.69406,41.54084],[-0.6932,41.5406],[-0.69274,41.54002],[-0.69236,41.53817],[-0.68697,41.53465],[-0.68647,41.53437],[-0.68358,41.53319],[-0.68264,41.53272],[-0.68236,41.53248],[-0.68204,41.53169],[-0.68068,41.53086],[-0.68469,41.52786],[-0.68553,41.52676],[-0.68682,41.52474],[-0.68821,41.52372],[-0.69072,41.52227],[-0.69367,41.52115],[-0.69611,41.51965],[-0.69931,41.51724],[-0.69767,41.51494],[-0.6945,41.514],[-0.68883,41.51202],[-0.68603,41.51143],[-0.68235,41.511],[-0.68273,41.51021],[-0.68336,41.50952],[-0.68465,41.50854],[-0.68486,41.50819],[-0.68534,41.50679],[-0.68608,41.50583],[-0.68572,41.50449],[-0.68601,41.50421],[-0.68718,41.50374],[-0.68691,41.50307],[-0.68823,41.50258],[-0.68785,41.5007],[-0.68797,41.49872],[-0.68793,41.49678],[-0.68661,41.49411],[-0.6856,41.49174],[-0.68816,41.49027],[-0.68791,41.48889],[-0.68846,41.48784],[-0.6892,41.48757],[-0.69033,41.48691],[-0.69232,41.4864],[-0.69327,41.48689],[-0.69417,41.48676],[-0.69551,41.48715],[-0.69644,41.48718],[-0.69809,41.487],[-0.70117,41.48963],[-0.70397,41.49133],[-0.70619,41.49197],[-0.70765,41.49221],[-0.70778,41.49234],[-0.70815,41.49382],[-0.70917,41.49412],[-0.71396,41.49646],[-0.71626,41.49735],[-0.7201,41.49932],[-0.72124,41.49954],[-0.7249,41.50052],[-0.72624,41.50058],[-0.72711,41.50082],[-0.72835,41.50086],[-0.72929,41.50108],[-0.73019,41.50079],[-0.73567,41.49976],[-0.7395,41.49786],[-0.74096,41.49704],[-0.74204,41.49617],[-0.7492,41.491],[-0.75492,41.4889],[-0.75629,41.4882],[-0.76281,41.48264],[-0.76448,41.48134],[-0.77461,41.47552],[-0.77789,41.47443],[-0.78101,41.47168],[-0.78727,41.46917],[-0.7888,41.46803],[-0.79078,41.46614],[-0.79149,41.46566],[-0.79209,41.46577],[-0.79263,41.46539],[-0.79342,41.46439],[-0.79501,41.46287],[-0.79563,41.46195],[-0.79577,41.46186],[-0.79592,41.46196],[-0.79804,41.46058],[-0.80165,41.45913],[-0.80548,41.45716],[-0.81057,41.45681],[-0.81161,41.45683],[-0.8127,41.45587],[-0.81691,41.45538],[-0.81764,41.45505],[-0.82018,41.4549],[-0.81987,41.45348],[-0.82072,41.45601],[-0.82146,41.4566],[-0.82117,41.45907],[-0.82145,41.46049],[-0.82187,41.46107],[-0.8218,41.46156],[-0.82255,41.46268],[-0.82232,41.46325],[-0.82276,41.46387],[-0.82323,41.46426],[-0.82323,41.46493],[-0.82355,41.46613],[-0.82276,41.46627],[-0.82239,41.46668],[-0.82239,41.46722],[-0.82122,41.46823],[-0.82119,41.46903],[-0.82203,41.46986],[-0.82272,41.47102],[-0.82288,41.47175],[-0.82527,41.47375],[-0.82518,41.47497],[-0.82436,41.47515],[-0.82369,41.47552],[-0.82302,41.47716],[-0.82284,41.47809],[-0.82364,41.47847],[-0.82336,41.47913],[-0.82378,41.4796],[-0.82489,41.4804],[-0.82441,41.48049],[-0.82439,41.48121],[-0.82465,41.48152],[-0.82565,41.48213],[-0.82615,41.4829],[-0.82577,41.48366],[-0.82469,41.48413],[-0.82411,41.48481],[-0.82304,41.48502],[-0.82289,41.48562],[-0.82299,41.48639],[-0.82247,41.48689],[-0.82225,41.48817],[-0.82141,41.48893],[-0.81856,41.48934],[-0.81669,41.48922],[-0.81615,41.49001],[-0.81596,41.49135],[-0.81544,41.49172],[-0.81547,41.4937],[-0.8152,41.49591],[-0.81452,41.49639],[-0.8144,41.49703],[-0.81526,41.49709],[-0.81629,41.49791],[-0.8178,41.49847],[-0.81899,41.49907],[-0.81982,41.49862],[-0.82108,41.49888],[-0.82499,41.50025],[-0.82653,41.50112],[-0.82739,41.50121],[-0.82954,41.50228],[-0.83029,41.50248],[-0.83152,41.50361],[-0.83363,41.50426],[-0.8352,41.50597],[-0.83478,41.50619],[-0.83455,41.5071],[-0.83504,41.50768],[-0.83644,41.50981],[-0.83767,41.51097],[-0.84037,41.51205],[-0.84116,41.51287],[-0.84195,41.5133],[-0.84291,41.5134],[-0.84108,41.515],[-0.8399,41.51692],[-0.83889,41.51832],[-0.838,41.51914],[-0.83662,41.52102],[-0.83538,41.52336],[-0.83453,41.52609],[-0.83282,41.53014],[-0.83162,41.53114],[-0.83047,41.53192],[-0.82909,41.53235],[-0.82412,41.53222],[-0.82083,41.53353],[-0.81985,41.53419],[-0.81973,41.53438],[-0.81956,41.53585],[-0.81987,41.53658],[-0.82083,41.53799],[-0.82136,41.53928],[-0.82133,41.54016],[-0.82104,41.54078],[-0.81473,41.54755],[-0.81394,41.54965],[-0.8141,41.55042],[-0.81488,41.55228],[-0.81568,41.55703],[-0.81665,41.55831],[-0.81946,41.56134],[-0.82074,41.563],[-0.82182,41.56389],[-0.82217,41.56439],[-0.82206,41.56535],[-0.82143,41.56784],[-0.83703,41.57418],[-0.85559,41.55013],[-0.87447,41.55795],[-0.84254,41.5977],[-0.83613,41.59512],[-0.83571,41.59695],[-0.83593,41.59816],[-0.83593,41.59875],[-0.83576,41.59927],[-0.8354,41.59953],[-0.83406,41.60006],[-0.83379,41.60043],[-0.84063,41.6032],[-0.84396,41.60466],[-0.84463,41.60504],[-0.84498,41.60532],[-0.84501,41.60569],[-0.84456,41.60747],[-0.84464,41.60836],[-0.84491,41.60899],[-0.84581,41.60964],[-0.84698,41.60978],[-0.84846,41.61068],[-0.84927,41.61082],[-0.85039,41.61074],[-0.85074,41.61081],[-0.851,41.61094],[-0.85125,41.61128],[-0.85197,41.61157],[-0.85218,41.61157],[-0.85368,41.61067],[-0.85396,41.61065],[-0.85655,41.6111],[-0.85773,41.61187],[-0.85983,41.61259],[-0.86026,41.61297],[-0.86107,41.61426],[-0.86202,41.61631],[-0.86221,41.61649],[-0.86249,41.61663],[-0.86317,41.61676],[-0.86795,41.61731],[-0.86675,41.61846],[-0.86574,41.61918],[-0.86472,41.61981],[-0.86352,41.62038],[-0.85896,41.62164],[-0.85714,41.62227],[-0.85301,41.62405],[-0.85135,41.62462],[-0.84943,41.62514],[-0.84846,41.62534],[-0.84587,41.62493],[-0.8428,41.62362],[-0.84108,41.62313],[-0.84043,41.6231]]]}},{"type":"Feature","properties":{"id":"5029706011"},"geometry":{"type":"Polygon","coordinates":[[[-0.8636,41.64905],[-0.86377,41.64817],[-0.86534,41.64835],[-0.86546,41.64765],[-0.86462,41.64757],[-0.86473,41.64687],[-0.86604,41.64701],[-0.86659,41.6475],[-0.86632,41.64766],[-0.86717,41.64852],[-0.86609,41.6486],[-0.86459,41.64945],[-0.86415,41.6491],[-0.8636,41.64905]]]}},{"type":"Feature","properties":{"id":"5029706013"},"geometry":{"type":"Polygon","coordinates":[[[-0.86431,41.64544],[-0.86445,41.64468],[-0.86642,41.64488],[-0.86628,41.64565],[-0.86431,41.64544]]]}},{"type":"Feature","properties":{"id":"5029706014"},"geometry":{"type":"Polygon","coordinates":[[[-0.86208,41.64522],[-0.86251,41.64298],[-0.86469,41.64329],[-0.86431,41.64544],[-0.86208,41.64522]]]}},{"type":"Feature","properties":{"id":"5029706015"},"geometry":{"type":"Polygon","coordinates":[[[-0.86614,41.64633],[-0.86194,41.64591],[-0.86208,41.64522],[-0.86628,41.64565],[-0.86614,41.64633]]]}},{"type":"Feature","properties":{"id":"5029706016"},"geometry":{"type":"Polygon","coordinates":[[[-0.86181,41.64658],[-0.86194,41.64591],[-0.86417,41.64614],[-0.86404,41.6468],[-0.86181,41.64658]]]}},{"type":"Feature","properties":{"id":"5029706017"},"geometry":{"type":"Polygon","coordinates":[[[-0.86168,41.64727],[-0.86181,41.64658],[-0.86404,41.6468],[-0.86389,41.6475],[-0.86168,41.64727]]]}},{"type":"Feature","properties":{"id":"5029706018"},"geometry":{"type":"Polygon","coordinates":[[[-0.86377,41.64817],[-0.86154,41.64793],[-0.86168,41.64727],[-0.86389,41.6475],[-0.86377,41.64817]]]}},{"type":"Feature","properties":{"id":"5029706019"},"geometry":{"type":"Polygon","coordinates":[[[-0.86137,41.64882],[-0.86154,41.64793],[-0.86377,41.64817],[-0.8636,41.64905],[-0.86137,41.64882]]]}},{"type":"Feature","properties":{"id":"5029706020"},"geometry":{"type":"Polygon","coordinates":[[[-0.86035,41.64986],[-0.8605,41.64918],[-0.86087,41.64922],[-0.86099,41.64856],[-0.86141,41.64861],[-0.86137,41.64882],[-0.8636,41.64905],[-0.86352,41.6495],[-0.86129,41.64928],[-0.86116,41.64995],[-0.86035,41.64986]]]}},{"type":"Feature","properties":{"id":"5029706021"},"geometry":{"type":"Polygon","coordinates":[[[-0.86323,41.65083],[-0.86335,41.65039],[-0.86112,41.65015],[-0.86129,41.64928],[-0.86352,41.6495],[-0.8636,41.64905],[-0.86415,41.6491],[-0.86459,41.64945],[-0.86397,41.65036],[-0.86341,41.65094],[-0.86323,41.65083]]]}},{"type":"Feature","properties":{"id":"5029706022"},"geometry":{"type":"Polygon","coordinates":[[[-0.85887,41.6497],[-0.86116,41.64995],[-0.86112,41.65015],[-0.86335,41.65039],[-0.86326,41.65082],[-0.85987,41.65051],[-0.85881,41.65027],[-0.85887,41.6497]]]}},{"type":"Feature","properties":{"id":"5029706024"},"geometry":{"type":"Polygon","coordinates":[[[-0.86035,41.64986],[-0.8584,41.64965],[-0.85865,41.6483],[-0.86099,41.64856],[-0.86087,41.64922],[-0.8605,41.64918],[-0.86035,41.64986]]]}},{"type":"Feature","properties":{"id":"5029706025"},"geometry":{"type":"Polygon","coordinates":[[[-0.85379,41.65075],[-0.85379,41.64961],[-0.85415,41.64838],[-0.85793,41.64702],[-0.85789,41.64756],[-0.86154,41.64793],[-0.86141,41.64861],[-0.85865,41.6483],[-0.85801,41.65183],[-0.85379,41.65075]]]}},{"type":"Feature","properties":{"id":"5029706026"},"geometry":{"type":"Polygon","coordinates":[[[-0.85877,41.64765],[-0.85913,41.64563],[-0.86036,41.64575],[-0.86114,41.64651],[-0.86181,41.64658],[-0.86154,41.64793],[-0.85877,41.64765]]]}},{"type":"Feature","properties":{"id":"5029706027"},"geometry":{"type":"Polygon","coordinates":[[[-0.86036,41.64575],[-0.86073,41.64579],[-0.86087,41.6451],[-0.86208,41.64522],[-0.86181,41.64658],[-0.86114,41.64651],[-0.86036,41.64575]]]}},{"type":"Feature","properties":{"id":"5029706028"},"geometry":{"type":"Polygon","coordinates":[[[-0.86208,41.64522],[-0.85925,41.64494],[-0.85938,41.64417],[-0.86222,41.64446],[-0.86208,41.64522]]]}},{"type":"Feature","properties":{"id":"5029706029"},"geometry":{"type":"Polygon","coordinates":[[[-0.85828,41.64483],[-0.85856,41.64336],[-0.85951,41.64346],[-0.85925,41.64494],[-0.85828,41.64483]]]}},{"type":"Feature","properties":{"id":"5029706030"},"geometry":{"type":"Polygon","coordinates":[[[-0.85784,41.64752],[-0.85813,41.64553],[-0.85913,41.64563],[-0.85877,41.64765],[-0.85784,41.64752]]]}},{"type":"Feature","properties":{"id":"5029706031"},"geometry":{"type":"Polygon","coordinates":[[[-0.85849,41.64374],[-0.85828,41.64483],[-0.86087,41.6451],[-0.86073,41.64579],[-0.85813,41.64553],[-0.85793,41.64702],[-0.85415,41.64838],[-0.85458,41.64485],[-0.85526,41.64379],[-0.85679,41.64273],[-0.85774,41.64317],[-0.85849,41.64374]]]}},{"type":"Feature","properties":{"id":"5029706032"},"geometry":{"type":"Polygon","coordinates":[[[-0.85938,41.64417],[-0.85963,41.64274],[-0.86251,41.64298],[-0.86222,41.64446],[-0.85938,41.64417]]]}},{"type":"Feature","properties":{"id":"5029706033"},"geometry":{"type":"Polygon","coordinates":[[[-0.86931,41.64667],[-0.86861,41.64588],[-0.87121,41.64615],[-0.87108,41.64687],[-0.86931,41.64667]]]}},{"type":"Feature","properties":{"id":"5029706034"},"geometry":{"type":"Polygon","coordinates":[[[-0.86445,41.64468],[-0.86469,41.64329],[-0.8653,41.6433],[-0.86592,41.64308],[-0.86716,41.64385],[-0.86657,41.64446],[-0.86642,41.64488],[-0.86445,41.64468]]]}},{"type":"Feature","properties":{"id":"5029706035"},"geometry":{"type":"Polygon","coordinates":[[[-0.85379,41.65075],[-0.84557,41.64929],[-0.84141,41.64874],[-0.84004,41.6484],[-0.83793,41.64757],[-0.83715,41.64706],[-0.83626,41.64626],[-0.83513,41.64498],[-0.83442,41.64362],[-0.83437,41.64261],[-0.83456,41.64183],[-0.83533,41.64018],[-0.83728,41.63692],[-0.83894,41.63364],[-0.83914,41.63271],[-0.84024,41.63016],[-0.84096,41.62699],[-0.84082,41.62355],[-0.84043,41.6231],[-0.84108,41.62313],[-0.8428,41.62362],[-0.84587,41.62493],[-0.84846,41.62534],[-0.85135,41.62462],[-0.85301,41.62405],[-0.85486,41.62329],[-0.86338,41.62996],[-0.86147,41.62922],[-0.86042,41.62909],[-0.85957,41.62912],[-0.85795,41.62951],[-0.85743,41.62973],[-0.85648,41.63038],[-0.85539,41.63149],[-0.85471,41.63244],[-0.85448,41.63345],[-0.8545,41.63511],[-0.85764,41.63568],[-0.85764,41.63575],[-0.85837,41.63595],[-0.85835,41.63644],[-0.859,41.63727],[-0.85964,41.63778],[-0.86024,41.63808],[-0.85975,41.6389],[-0.85931,41.63989],[-0.85887,41.64191],[-0.85976,41.642],[-0.86006,41.64117],[-0.8607,41.64043],[-0.86131,41.64003],[-0.86254,41.63951],[-0.8628,41.64068],[-0.86282,41.64134],[-0.86251,41.64298],[-0.85963,41.64274],[-0.85951,41.64346],[-0.85856,41.64336],[-0.85849,41.64374],[-0.85774,41.64317],[-0.85679,41.64273],[-0.85526,41.64379],[-0.85458,41.64485],[-0.85422,41.64816],[-0.85379,41.64961],[-0.85379,41.65075]]]}},{"type":"Feature","properties":{"id":"5029706036"},"geometry":{"type":"Polygon","coordinates":[[[-0.86837,41.6449],[-0.86753,41.64425],[-0.86703,41.64397],[-0.86716,41.64385],[-0.86681,41.64363],[-0.86871,41.64266],[-0.87097,41.64505],[-0.86942,41.64596],[-0.86837,41.6449]]]}},{"type":"Feature","properties":{"id":"5029706037"},"geometry":{"type":"Polygon","coordinates":[[[-0.86601,41.647],[-0.86404,41.6468],[-0.86417,41.64614],[-0.86614,41.64633],[-0.86601,41.647]]]}},{"type":"Feature","properties":{"id":"5029706038"},"geometry":{"type":"Polygon","coordinates":[[[-0.86434,41.64095],[-0.86725,41.64104],[-0.8675,41.64131],[-0.86506,41.64255],[-0.86482,41.64258],[-0.86498,41.64169],[-0.86422,41.64165],[-0.86434,41.64095]]]}},{"type":"Feature","properties":{"id":"5029706039"},"geometry":{"type":"Polygon","coordinates":[[[-0.85903,41.6521],[-0.858,41.6519],[-0.85838,41.64965],[-0.85887,41.6497],[-0.85881,41.65027],[-0.85987,41.65051],[-0.86323,41.65083],[-0.86341,41.65094],[-0.86252,41.65165],[-0.86166,41.65284],[-0.85903,41.6521]]]}},{"type":"Feature","properties":{"id":"5029707001"},"geometry":{"type":"Polygon","coordinates":[[[-0.89528,41.65583],[-0.89537,41.65789],[-0.89515,41.65814],[-0.89391,41.65853],[-0.89291,41.65901],[-0.8927,41.65849],[-0.89352,41.65702],[-0.89361,41.65624],[-0.89417,41.65599],[-0.89528,41.65583]]]}},{"type":"Feature","properties":{"id":"5029707002"},"geometry":{"type":"Polygon","coordinates":[[[-0.89362,41.65957],[-0.8947,41.66013],[-0.89535,41.66061],[-0.89427,41.66125],[-0.89273,41.6604],[-0.89362,41.65957]]]}},{"type":"Feature","properties":{"id":"5029707003"},"geometry":{"type":"Polygon","coordinates":[[[-0.89631,41.66614],[-0.89029,41.66139],[-0.89192,41.65961],[-0.8923,41.65899],[-0.89362,41.65957],[-0.89273,41.6604],[-0.89427,41.66125],[-0.89535,41.66061],[-0.89784,41.66284],[-0.89911,41.66346],[-0.90048,41.66385],[-0.89953,41.66591],[-0.89873,41.6668],[-0.89684,41.66646],[-0.89631,41.66614]]]}},{"type":"Feature","properties":{"id":"5029707004"},"geometry":{"type":"Polygon","coordinates":[[[-0.89784,41.66284],[-0.89611,41.66131],[-0.89671,41.66084],[-0.89758,41.66143],[-0.89854,41.66176],[-0.89784,41.66284]]]}},{"type":"Feature","properties":{"id":"5029707005"},"geometry":{"type":"Polygon","coordinates":[[[-0.90063,41.66387],[-0.89911,41.66346],[-0.89784,41.66284],[-0.89924,41.66068],[-0.90162,41.66116],[-0.90063,41.66387]]]}},{"type":"Feature","properties":{"id":"5029707006"},"geometry":{"type":"Polygon","coordinates":[[[-0.90004,41.66084],[-0.90096,41.65934],[-0.90255,41.65989],[-0.90162,41.66116],[-0.90004,41.66084]]]}},{"type":"Feature","properties":{"id":"5029707007"},"geometry":{"type":"Polygon","coordinates":[[[-0.90004,41.66084],[-0.8974,41.66032],[-0.89827,41.65896],[-0.90068,41.65979],[-0.90004,41.66084]]]}},{"type":"Feature","properties":{"id":"5029707008"},"geometry":{"type":"Polygon","coordinates":[[[-0.89345,41.65948],[-0.8923,41.65899],[-0.89265,41.65848],[-0.89279,41.6586],[-0.89291,41.65901],[-0.89391,41.65853],[-0.89515,41.65814],[-0.89541,41.6577],[-0.89528,41.65583],[-0.89658,41.65563],[-0.89813,41.65525],[-0.90024,41.65694],[-0.90238,41.65697],[-0.90406,41.65687],[-0.90368,41.65845],[-0.9031,41.65918],[-0.89904,41.65774],[-0.8974,41.66032],[-0.89345,41.65948]]]}},{"type":"Feature","properties":{"id":"5029707009"},"geometry":{"type":"Polygon","coordinates":[[[-0.90144,41.65855],[-0.9031,41.65918],[-0.90255,41.65989],[-0.90096,41.65934],[-0.90068,41.65979],[-0.89939,41.65935],[-0.89999,41.65836],[-0.90129,41.6588],[-0.90144,41.65855]]]}},{"type":"Feature","properties":{"id":"5029707014"},"geometry":{"type":"Polygon","coordinates":[[[-0.90865,41.65961],[-0.90763,41.65723],[-0.90771,41.65707],[-0.90874,41.65743],[-0.91734,41.65964],[-0.91894,41.66024],[-0.92084,41.66073],[-0.92178,41.6607],[-0.92267,41.66049],[-0.92355,41.66001],[-0.92428,41.65947],[-0.92923,41.66261],[-0.9321,41.6638],[-0.93737,41.66647],[-0.93031,41.67323],[-0.92507,41.67807],[-0.92367,41.67905],[-0.92091,41.68042],[-0.91876,41.68104],[-0.91452,41.68169],[-0.91294,41.68177],[-0.91046,41.6817],[-0.90208,41.68072],[-0.90049,41.68063],[-0.90107,41.67901],[-0.90345,41.67623],[-0.9079,41.67451],[-0.91256,41.67319],[-0.91627,41.6723],[-0.91911,41.6706],[-0.92078,41.66875],[-0.92145,41.66735],[-0.92099,41.66643],[-0.92251,41.66607],[-0.92267,41.66652],[-0.92269,41.66706],[-0.92358,41.66658],[-0.92163,41.66493],[-0.92027,41.66415],[-0.90922,41.65977],[-0.90865,41.65961]]]}},{"type":"Feature","properties":{"id":"5029707015"},"geometry":{"type":"Polygon","coordinates":[[[-0.89642,41.6616],[-0.8951,41.66039],[-0.89345,41.65948],[-0.89924,41.66068],[-0.89854,41.66176],[-0.89758,41.66143],[-0.89671,41.66084],[-0.89611,41.66131],[-0.89642,41.6616]]]}},{"type":"Feature","properties":{"id":"5029707016"},"geometry":{"type":"Polygon","coordinates":[[[-0.90375,41.66181],[-0.90409,41.6612],[-0.90424,41.66124],[-0.9047,41.66045],[-0.90456,41.66039],[-0.9049,41.65986],[-0.9031,41.65918],[-0.90368,41.65845],[-0.90406,41.65687],[-0.90585,41.65716],[-0.90664,41.65714],[-0.90743,41.65699],[-0.90771,41.65707],[-0.90763,41.65723],[-0.90865,41.65961],[-0.90812,41.66063],[-0.9075,41.66105],[-0.90654,41.66272],[-0.90375,41.66181]]]}},{"type":"Feature","properties":{"id":"5029707017"},"geometry":{"type":"Polygon","coordinates":[[[-0.89873,41.6668],[-0.89953,41.66591],[-0.90048,41.66385],[-0.90246,41.66404],[-0.90294,41.66319],[-0.9031,41.66323],[-0.90355,41.66244],[-0.90223,41.66201],[-0.90247,41.66139],[-0.90654,41.66272],[-0.9075,41.66105],[-0.90812,41.66063],[-0.90865,41.65961],[-0.90922,41.65977],[-0.92027,41.66415],[-0.92163,41.66493],[-0.92358,41.66658],[-0.92269,41.66706],[-0.92267,41.66652],[-0.92251,41.66607],[-0.92099,41.66643],[-0.92032,41.66512],[-0.91724,41.66432],[-0.91164,41.66456],[-0.90685,41.66647],[-0.90194,41.66736],[-0.89873,41.6668]]]}},{"type":"Feature","properties":{"id":"5029707018"},"geometry":{"type":"Polygon","coordinates":[[[-0.90375,41.66181],[-0.90162,41.66116],[-0.9031,41.65918],[-0.9049,41.65986],[-0.90456,41.66039],[-0.9047,41.66045],[-0.90424,41.66124],[-0.90409,41.6612],[-0.90375,41.66181]]]}},{"type":"Feature","properties":{"id":"5029707019"},"geometry":{"type":"Polygon","coordinates":[[[-0.90063,41.66387],[-0.90162,41.66116],[-0.90247,41.66139],[-0.90223,41.66201],[-0.90355,41.66244],[-0.9031,41.66323],[-0.90294,41.66319],[-0.90246,41.66404],[-0.90063,41.66387]]]}},{"type":"Feature","properties":{"id":"5029707020"},"geometry":{"type":"Polygon","coordinates":[[[-0.89827,41.65896],[-0.89904,41.65774],[-0.90144,41.65855],[-0.90129,41.6588],[-0.89999,41.65836],[-0.89939,41.65935],[-0.89827,41.65896]]]}},{"type":"Feature","properties":{"id":"5029708001"},"geometry":{"type":"Polygon","coordinates":[[[-0.91922,41.6515],[-0.91894,41.65098],[-0.91836,41.65045],[-0.91886,41.65014],[-0.91905,41.64957],[-0.92096,41.64858],[-0.92128,41.64933],[-0.92183,41.64932],[-0.92192,41.64987],[-0.92278,41.65068],[-0.92232,41.65096],[-0.92058,41.65166],[-0.92002,41.65163],[-0.91949,41.65143],[-0.91922,41.6515]]]}},{"type":"Feature","properties":{"id":"5029708002"},"geometry":{"type":"Polygon","coordinates":[[[-0.92041,41.65459],[-0.91922,41.6515],[-0.91944,41.65143],[-0.92018,41.65166],[-0.92095,41.65166],[-0.92221,41.65227],[-0.92161,41.65271],[-0.92101,41.65233],[-0.92054,41.65294],[-0.92238,41.6538],[-0.92207,41.65454],[-0.92137,41.65447],[-0.92041,41.65459]]]}},{"type":"Feature","properties":{"id":"5029708003"},"geometry":{"type":"Polygon","coordinates":[[[-0.92221,41.65227],[-0.92107,41.6517],[-0.92058,41.65166],[-0.92232,41.65096],[-0.92278,41.65068],[-0.92371,41.65052],[-0.92349,41.64996],[-0.92268,41.64985],[-0.92279,41.64939],[-0.92423,41.64939],[-0.92444,41.65301],[-0.92257,41.65322],[-0.92253,41.65254],[-0.92221,41.65227]]]}},{"type":"Feature","properties":{"id":"5029708004"},"geometry":{"type":"Polygon","coordinates":[[[-0.92428,41.65947],[-0.92356,41.65904],[-0.92194,41.65861],[-0.92219,41.6583],[-0.92191,41.65826],[-0.92041,41.65459],[-0.92137,41.65447],[-0.92207,41.65454],[-0.92238,41.6538],[-0.92054,41.65294],[-0.92101,41.65233],[-0.92161,41.65271],[-0.92221,41.65227],[-0.92253,41.65254],[-0.92257,41.65322],[-0.92444,41.65301],[-0.92493,41.65866],[-0.92444,41.65948],[-0.92428,41.65947]]]}},{"type":"Feature","properties":{"id":"5029708005"},"geometry":{"type":"Polygon","coordinates":[[[-0.94487,41.66141],[-0.94954,41.65958],[-0.94862,41.65941],[-0.94717,41.6594],[-0.9451,41.65903],[-0.94282,41.65878],[-0.94089,41.65867],[-0.93895,41.65872],[-0.93805,41.65883],[-0.93775,41.65616],[-0.93626,41.65395],[-0.93572,41.6533],[-0.93512,41.65221],[-0.93479,41.64909],[-0.93458,41.6489],[-0.93461,41.64724],[-0.93438,41.64493],[-0.94358,41.642],[-0.94686,41.64105],[-0.9474,41.64108],[-0.95383,41.64015],[-0.95494,41.6401],[-0.95624,41.64239],[-0.95704,41.64275],[-0.95982,41.64361],[-0.96273,41.64465],[-0.96504,41.64674],[-0.96556,41.6471],[-0.96716,41.64815],[-0.97035,41.64982],[-0.97318,41.65072],[-0.97576,41.6519],[-0.97811,41.6528],[-0.97983,41.65396],[-0.98383,41.65562],[-0.98542,41.65598],[-0.98499,41.65717],[-0.98444,41.6571],[-0.98396,41.65774],[-0.98258,41.65848],[-0.98186,41.66182],[-0.97769,41.66149],[-0.97582,41.66118],[-0.97417,41.66102],[-0.97285,41.6611],[-0.97302,41.66185],[-0.97297,41.66241],[-0.9726,41.6625],[-0.97257,41.66276],[-0.9726,41.66327],[-0.97301,41.66409],[-0.973,41.66431],[-0.97298,41.6644],[-0.97241,41.66457],[-0.9723,41.6649],[-0.97289,41.66552],[-0.97353,41.6659],[-0.97358,41.66617],[-0.97347,41.66634],[-0.97261,41.6669],[-0.97235,41.66692],[-0.97225,41.66721],[-0.97192,41.66728],[-0.97189,41.66768],[-0.9717,41.66792],[-0.971,41.66798],[-0.97043,41.66786],[-0.97006,41.66821],[-0.9697,41.66832],[-0.96804,41.6679],[-0.96737,41.6676],[-0.965,41.66737],[-0.96415,41.66692],[-0.96425,41.6668],[-0.9626,41.66641],[-0.95982,41.66527],[-0.95827,41.66479],[-0.95661,41.66466],[-0.95624,41.66411],[-0.95604,41.66402],[-0.95559,41.66397],[-0.9533,41.66412],[-0.95216,41.66371],[-0.95154,41.66367],[-0.94935,41.66317],[-0.94678,41.66247],[-0.94635,41.66227],[-0.9463,41.6621],[-0.9466,41.66165],[-0.94591,41.66148],[-0.94487,41.66141]]]}},{"type":"Feature","properties":{"id":"5029708006"},"geometry":{"type":"Polygon","coordinates":[[[-0.92471,41.6561],[-0.92808,41.65599],[-0.92944,41.65609],[-0.93173,41.65658],[-0.93166,41.65684],[-0.93009,41.65663],[-0.92983,41.65806],[-0.92928,41.65802],[-0.92925,41.65842],[-0.92786,41.65834],[-0.92584,41.65863],[-0.92493,41.65866],[-0.92471,41.6561]]]}},{"type":"Feature","properties":{"id":"5029708007"},"geometry":{"type":"Polygon","coordinates":[[[-0.93173,41.65657],[-0.93192,41.65579],[-0.93105,41.65558],[-0.93116,41.65511],[-0.93099,41.65461],[-0.93062,41.65457],[-0.93026,41.65466],[-0.92994,41.65443],[-0.92881,41.65412],[-0.92847,41.65412],[-0.92731,41.6539],[-0.92758,41.65227],[-0.92993,41.65249],[-0.92985,41.65186],[-0.92957,41.65154],[-0.93129,41.65148],[-0.93312,41.65111],[-0.93388,41.65261],[-0.93271,41.653],[-0.93285,41.65307],[-0.93295,41.65426],[-0.93443,41.65417],[-0.9344,41.65527],[-0.93388,41.65685],[-0.93173,41.65657]]]}},{"type":"Feature","properties":{"id":"5029708008"},"geometry":{"type":"Polygon","coordinates":[[[-0.92617,41.65283],[-0.92609,41.65161],[-0.92956,41.65154],[-0.92985,41.65186],[-0.92993,41.65249],[-0.92758,41.65227],[-0.92756,41.65281],[-0.92702,41.65274],[-0.92617,41.65283]]]}},{"type":"Feature","properties":{"id":"5029708009"},"geometry":{"type":"Polygon","coordinates":[[[-0.92434,41.65065],[-0.92454,41.65062],[-0.92558,41.64989],[-0.92699,41.65001],[-0.92689,41.65161],[-0.92609,41.65161],[-0.9261,41.6524],[-0.92493,41.65228],[-0.9249,41.65296],[-0.92444,41.65301],[-0.92434,41.65065]]]}},{"type":"Feature","properties":{"id":"5029708010"},"geometry":{"type":"Polygon","coordinates":[[[-0.91667,41.64544],[-0.91436,41.64031],[-0.91864,41.6395],[-0.91892,41.64015],[-0.91802,41.64076],[-0.91817,41.64098],[-0.91873,41.64127],[-0.91928,41.64188],[-0.91956,41.642],[-0.91965,41.64252],[-0.91957,41.64316],[-0.91783,41.64358],[-0.9183,41.64505],[-0.91667,41.64544]]]}},{"type":"Feature","properties":{"id":"5029708011"},"geometry":{"type":"Polygon","coordinates":[[[-0.92344,41.64013],[-0.9264,41.6399],[-0.92669,41.63951],[-0.92917,41.64036],[-0.92634,41.64491],[-0.92512,41.64532],[-0.92391,41.6462],[-0.9239,41.64392],[-0.92344,41.64013]]]}},{"type":"Feature","properties":{"id":"5029708012"},"geometry":{"type":"Polygon","coordinates":[[[-0.92096,41.64858],[-0.9218,41.64807],[-0.92422,41.64594],[-0.92423,41.64939],[-0.92279,41.64939],[-0.92268,41.64985],[-0.92349,41.64996],[-0.92371,41.65052],[-0.92278,41.65068],[-0.92192,41.64987],[-0.92183,41.64932],[-0.92128,41.64933],[-0.92096,41.64858]]]}},{"type":"Feature","properties":{"id":"5029708013"},"geometry":{"type":"Polygon","coordinates":[[[-0.93284,41.63987],[-0.93145,41.63939],[-0.93159,41.6389],[-0.93056,41.63877],[-0.93067,41.63789],[-0.93102,41.63664],[-0.93449,41.63701],[-0.93423,41.63831],[-0.93431,41.63832],[-0.93284,41.63987]]]}},{"type":"Feature","properties":{"id":"5029708014"},"geometry":{"type":"Polygon","coordinates":[[[-0.93836,41.6437],[-0.93805,41.64358],[-0.93748,41.64296],[-0.9369,41.64212],[-0.93653,41.64132],[-0.93603,41.64121],[-0.93622,41.64087],[-0.93613,41.64065],[-0.93582,41.64054],[-0.93367,41.64069],[-0.9321,41.64016],[-0.93235,41.63971],[-0.93284,41.63987],[-0.93431,41.63832],[-0.93423,41.63831],[-0.93467,41.63608],[-0.93493,41.63569],[-0.93552,41.63607],[-0.93831,41.63746],[-0.94044,41.63928],[-0.94234,41.64042],[-0.94327,41.64079],[-0.94464,41.64095],[-0.94686,41.64105],[-0.94358,41.642],[-0.93836,41.6437]]]}},{"type":"Feature","properties":{"id":"5029708015"},"geometry":{"type":"Polygon","coordinates":[[[-0.91799,41.64512],[-0.9183,41.64505],[-0.91783,41.64358],[-0.91957,41.64316],[-0.91955,41.64332],[-0.91977,41.64359],[-0.91966,41.64461],[-0.91932,41.64474],[-0.91943,41.64501],[-0.91928,41.64533],[-0.91934,41.64548],[-0.91884,41.64574],[-0.91829,41.64588],[-0.91799,41.64512]]]}},{"type":"Feature","properties":{"id":"5029708016"},"geometry":{"type":"Polygon","coordinates":[[[-0.91934,41.64548],[-0.91958,41.64558],[-0.91987,41.64556],[-0.91988,41.64562],[-0.92106,41.64552],[-0.92107,41.64633],[-0.92076,41.64689],[-0.91934,41.64645],[-0.91837,41.64668],[-0.91871,41.64736],[-0.91828,41.64759],[-0.91853,41.64824],[-0.91792,41.64838],[-0.91667,41.64544],[-0.91799,41.64512],[-0.91829,41.64588],[-0.91884,41.64574],[-0.91934,41.64548]]]}},{"type":"Feature","properties":{"id":"5029708017"},"geometry":{"type":"Polygon","coordinates":[[[-0.91836,41.65045],[-0.91797,41.64999],[-0.91825,41.64946],[-0.91792,41.64838],[-0.91853,41.64824],[-0.91828,41.64759],[-0.91871,41.64736],[-0.91837,41.64668],[-0.91934,41.64645],[-0.92076,41.64689],[-0.92107,41.64633],[-0.92106,41.64552],[-0.91988,41.64562],[-0.91987,41.64556],[-0.91958,41.64558],[-0.91934,41.64548],[-0.91928,41.64533],[-0.91943,41.64501],[-0.91932,41.64474],[-0.91966,41.64461],[-0.91977,41.64359],[-0.91955,41.64332],[-0.91961,41.64208],[-0.91928,41.64188],[-0.91873,41.64127],[-0.91817,41.64098],[-0.91802,41.64076],[-0.91892,41.64015],[-0.91864,41.6395],[-0.92005,41.63913],[-0.92151,41.63835],[-0.92228,41.63765],[-0.92291,41.63663],[-0.9239,41.64392],[-0.92391,41.6462],[-0.92165,41.64818],[-0.91905,41.64957],[-0.91886,41.65014],[-0.91836,41.65045]]]}},{"type":"Feature","properties":{"id":"5029708018"},"geometry":{"type":"Polygon","coordinates":[[[-0.94954,41.65958],[-0.94359,41.66191],[-0.94166,41.66293],[-0.93982,41.66409],[-0.93737,41.66647],[-0.9325,41.66399],[-0.93488,41.66331],[-0.93496,41.65949],[-0.93346,41.65947],[-0.93346,41.65875],[-0.93595,41.65909],[-0.93879,41.65873],[-0.94111,41.65868],[-0.94322,41.65882],[-0.9451,41.65903],[-0.94717,41.6594],[-0.94862,41.65941],[-0.94954,41.65958]]]}},{"type":"Feature","properties":{"id":"5029708019"},"geometry":{"type":"Polygon","coordinates":[[[-0.92598,41.64504],[-0.92634,41.64491],[-0.92656,41.64459],[-0.92943,41.63994],[-0.92957,41.63957],[-0.93053,41.63987],[-0.9307,41.63966],[-0.93372,41.6407],[-0.93428,41.64495],[-0.92723,41.64495],[-0.92598,41.64504]]]}},{"type":"Feature","properties":{"id":"5029708020"},"geometry":{"type":"Polygon","coordinates":[[[-0.93458,41.65885],[-0.92925,41.65842],[-0.92928,41.65802],[-0.92983,41.65806],[-0.93009,41.65663],[-0.93166,41.65684],[-0.93173,41.65657],[-0.93483,41.65697],[-0.93606,41.65701],[-0.93622,41.65906],[-0.93571,41.65908],[-0.93458,41.65885]]]}},{"type":"Feature","properties":{"id":"5029708021"},"geometry":{"type":"Polygon","coordinates":[[[-0.92434,41.65065],[-0.92417,41.64731],[-0.92427,41.64712],[-0.92422,41.64594],[-0.92479,41.64551],[-0.92556,41.64514],[-0.92676,41.64496],[-0.93438,41.64493],[-0.93461,41.64724],[-0.93458,41.6489],[-0.93479,41.64909],[-0.93503,41.65094],[-0.93312,41.65111],[-0.93129,41.65148],[-0.92689,41.65161],[-0.92699,41.65001],[-0.92558,41.64989],[-0.92454,41.65062],[-0.92434,41.65065]]]}},{"type":"Feature","properties":{"id":"5029708022"},"geometry":{"type":"Polygon","coordinates":[[[-0.92308,41.63792],[-0.92291,41.63663],[-0.92376,41.63518],[-0.92511,41.63483],[-0.92578,41.63472],[-0.9268,41.63471],[-0.92895,41.63484],[-0.93195,41.63381],[-0.93228,41.63379],[-0.93299,41.634],[-0.93417,41.63516],[-0.93491,41.63571],[-0.93467,41.63608],[-0.93449,41.63701],[-0.93095,41.63666],[-0.93067,41.63789],[-0.92995,41.63782],[-0.92892,41.63789],[-0.92789,41.63779],[-0.92603,41.63801],[-0.92511,41.638],[-0.92407,41.63819],[-0.92308,41.63792]]]}},{"type":"Feature","properties":{"id":"5029708023"},"geometry":{"type":"Polygon","coordinates":[[[-0.93372,41.6407],[-0.93582,41.64054],[-0.93613,41.64065],[-0.93622,41.64087],[-0.93603,41.64121],[-0.93653,41.64132],[-0.9369,41.64212],[-0.93748,41.64296],[-0.93805,41.64358],[-0.93836,41.6437],[-0.9349,41.64482],[-0.93428,41.64495],[-0.93372,41.6407]]]}},{"type":"Feature","properties":{"id":"5029708024"},"geometry":{"type":"Polygon","coordinates":[[[-0.93443,41.65418],[-0.93604,41.65369],[-0.93626,41.65395],[-0.93775,41.65616],[-0.93805,41.65883],[-0.93622,41.65906],[-0.93606,41.65701],[-0.93483,41.65697],[-0.93389,41.65681],[-0.9344,41.65527],[-0.93443,41.65418]]]}},{"type":"Feature","properties":{"id":"5029708025"},"geometry":{"type":"Polygon","coordinates":[[[-0.92428,41.65947],[-0.92444,41.65948],[-0.92493,41.65866],[-0.92584,41.65863],[-0.92744,41.65837],[-0.92951,41.65843],[-0.93346,41.65875],[-0.93346,41.65947],[-0.93496,41.65949],[-0.93488,41.66331],[-0.9325,41.66399],[-0.92923,41.66261],[-0.92428,41.65947]]]}},{"type":"Feature","properties":{"id":"5029708026"},"geometry":{"type":"Polygon","coordinates":[[[-0.93604,41.65369],[-0.93443,41.65418],[-0.93295,41.65426],[-0.93285,41.65307],[-0.93271,41.653],[-0.93388,41.65261],[-0.93312,41.65111],[-0.93503,41.65094],[-0.93512,41.65221],[-0.93535,41.65273],[-0.93604,41.65369]]]}},{"type":"Feature","properties":{"id":"5029708027"},"geometry":{"type":"Polygon","coordinates":[[[-0.92344,41.64013],[-0.92308,41.63792],[-0.92407,41.63819],[-0.92511,41.638],[-0.92603,41.63801],[-0.92789,41.63779],[-0.92892,41.63789],[-0.92995,41.63782],[-0.93067,41.63789],[-0.93056,41.63877],[-0.93159,41.6389],[-0.93145,41.63939],[-0.93235,41.63971],[-0.9321,41.64016],[-0.9307,41.63966],[-0.93053,41.63987],[-0.92957,41.63957],[-0.92917,41.64036],[-0.92669,41.63951],[-0.9264,41.6399],[-0.92344,41.64013]]]}},{"type":"Feature","properties":{"id":"5029708028"},"geometry":{"type":"Polygon","coordinates":[[[-0.92471,41.6561],[-0.92444,41.65301],[-0.9249,41.65296],[-0.92493,41.65228],[-0.9261,41.6524],[-0.92617,41.65283],[-0.92702,41.65274],[-0.92756,41.65281],[-0.92731,41.6539],[-0.92847,41.65412],[-0.92881,41.65412],[-0.92994,41.65443],[-0.93026,41.65466],[-0.93062,41.65457],[-0.93099,41.65461],[-0.93116,41.65511],[-0.93105,41.65558],[-0.93192,41.65579],[-0.93173,41.65658],[-0.92944,41.65609],[-0.92808,41.65599],[-0.92471,41.6561]]]}},{"type":"Feature","properties":{"id":"5029709001"},"geometry":{"type":"Polygon","coordinates":[[[-0.88845,41.63375],[-0.88865,41.63293],[-0.88698,41.6327],[-0.8871,41.63229],[-0.89067,41.6328],[-0.89074,41.63204],[-0.89167,41.63221],[-0.89179,41.63317],[-0.89167,41.6334],[-0.89125,41.63368],[-0.89075,41.63386],[-0.89019,41.6339],[-0.88845,41.63375]]]}},{"type":"Feature","properties":{"id":"5029709002"},"geometry":{"type":"Polygon","coordinates":[[[-0.88498,41.63353],[-0.88518,41.63248],[-0.88865,41.63293],[-0.88845,41.63375],[-0.88625,41.63351],[-0.88498,41.63353]]]}},{"type":"Feature","properties":{"id":"5029709003"},"geometry":{"type":"Polygon","coordinates":[[[-0.88149,41.63285],[-0.88142,41.63173],[-0.88098,41.63076],[-0.88067,41.63047],[-0.87954,41.6298],[-0.88008,41.62924],[-0.88124,41.62952],[-0.88227,41.62955],[-0.88224,41.62878],[-0.88402,41.62864],[-0.88424,41.62965],[-0.88433,41.63091],[-0.8825,41.63093],[-0.88258,41.63317],[-0.88166,41.63301],[-0.88149,41.63285]]]}},{"type":"Feature","properties":{"id":"5029709004"},"geometry":{"type":"Polygon","coordinates":[[[-0.88433,41.63091],[-0.88415,41.62935],[-0.88594,41.62962],[-0.88521,41.63234],[-0.88479,41.63232],[-0.88483,41.63218],[-0.88454,41.63173],[-0.88433,41.63091]]]}},{"type":"Feature","properties":{"id":"5029709005"},"geometry":{"type":"Polygon","coordinates":[[[-0.88518,41.63248],[-0.88607,41.62918],[-0.88654,41.62926],[-0.88638,41.62985],[-0.88727,41.63],[-0.88622,41.63139],[-0.8864,41.63157],[-0.88571,41.63165],[-0.88544,41.63189],[-0.8871,41.63229],[-0.88698,41.6327],[-0.88518,41.63248]]]}},{"type":"Feature","properties":{"id":"5029709006"},"geometry":{"type":"Polygon","coordinates":[[[-0.8871,41.63229],[-0.88544,41.63189],[-0.88571,41.63165],[-0.8864,41.63157],[-0.88622,41.63139],[-0.88661,41.63088],[-0.88853,41.63087],[-0.88819,41.63116],[-0.88808,41.63163],[-0.88896,41.63169],[-0.88875,41.63253],[-0.8871,41.63229]]]}},{"type":"Feature","properties":{"id":"5029709007"},"geometry":{"type":"Polygon","coordinates":[[[-0.88875,41.63253],[-0.88891,41.6319],[-0.88965,41.63197],[-0.88967,41.63184],[-0.8898,41.63186],[-0.89016,41.63093],[-0.89005,41.6308],[-0.89108,41.63034],[-0.89084,41.63105],[-0.8919,41.63115],[-0.89167,41.63221],[-0.89074,41.63204],[-0.89067,41.6328],[-0.88875,41.63253]]]}},{"type":"Feature","properties":{"id":"5029709008"},"geometry":{"type":"Polygon","coordinates":[[[-0.88891,41.6319],[-0.88896,41.63169],[-0.88808,41.63163],[-0.88819,41.63116],[-0.8892,41.63048],[-0.89013,41.63016],[-0.89077,41.62951],[-0.89232,41.63013],[-0.8919,41.63115],[-0.89084,41.63105],[-0.89108,41.63034],[-0.89005,41.6308],[-0.89016,41.63093],[-0.8898,41.63186],[-0.88967,41.63184],[-0.88965,41.63197],[-0.88891,41.6319]]]}},{"type":"Feature","properties":{"id":"5029709009"},"geometry":{"type":"Polygon","coordinates":[[[-0.88727,41.63],[-0.88764,41.62899],[-0.88904,41.62921],[-0.88891,41.62965],[-0.89043,41.62989],[-0.89001,41.63023],[-0.88939,41.6304],[-0.88854,41.63087],[-0.88661,41.63088],[-0.88727,41.63]]]}},{"type":"Feature","properties":{"id":"5029709010"},"geometry":{"type":"Polygon","coordinates":[[[-0.88764,41.62899],[-0.8883,41.62715],[-0.88916,41.62729],[-0.88895,41.62803],[-0.89041,41.62827],[-0.89045,41.62812],[-0.8918,41.62835],[-0.89043,41.62989],[-0.88891,41.62965],[-0.88904,41.62921],[-0.88764,41.62899]]]}},{"type":"Feature","properties":{"id":"5029709012"},"geometry":{"type":"Polygon","coordinates":[[[-0.8883,41.62715],[-0.8887,41.62592],[-0.88853,41.6257],[-0.88876,41.62484],[-0.88914,41.62413],[-0.8924,41.62379],[-0.89415,41.62316],[-0.89522,41.62306],[-0.89496,41.6232],[-0.89468,41.62356],[-0.89422,41.62458],[-0.89299,41.62646],[-0.89265,41.62741],[-0.8918,41.62835],[-0.89045,41.62812],[-0.89041,41.62827],[-0.88895,41.62803],[-0.88916,41.62729],[-0.8883,41.62715]]]}},{"type":"Feature","properties":{"id":"5029709013"},"geometry":{"type":"Polygon","coordinates":[[[-0.88607,41.62918],[-0.88692,41.62618],[-0.88855,41.62644],[-0.88727,41.63],[-0.88638,41.62985],[-0.88654,41.62926],[-0.88607,41.62918]]]}},{"type":"Feature","properties":{"id":"5029709014"},"geometry":{"type":"Polygon","coordinates":[[[-0.88415,41.62935],[-0.88401,41.6284],[-0.88619,41.62875],[-0.88594,41.62962],[-0.88415,41.62935]]]}},{"type":"Feature","properties":{"id":"5029709015"},"geometry":{"type":"Polygon","coordinates":[[[-0.88401,41.6284],[-0.8836,41.62745],[-0.88643,41.62791],[-0.88619,41.62875],[-0.88401,41.6284]]]}},{"type":"Feature","properties":{"id":"5029709016"},"geometry":{"type":"Polygon","coordinates":[[[-0.8836,41.62745],[-0.8834,41.627],[-0.88202,41.62692],[-0.88192,41.62648],[-0.88304,41.62654],[-0.88665,41.62712],[-0.88643,41.62791],[-0.8836,41.62745]]]}},{"type":"Feature","properties":{"id":"5029709017"},"geometry":{"type":"Polygon","coordinates":[[[-0.89077,41.62951],[-0.89265,41.62741],[-0.89299,41.62646],[-0.89422,41.62458],[-0.89468,41.62356],[-0.89496,41.6232],[-0.89522,41.62306],[-0.89415,41.62316],[-0.8924,41.62379],[-0.88914,41.62413],[-0.88876,41.62484],[-0.88853,41.6257],[-0.8887,41.62592],[-0.88855,41.62644],[-0.88692,41.62618],[-0.88665,41.62712],[-0.88304,41.62654],[-0.88192,41.62648],[-0.88185,41.62612],[-0.88312,41.62616],[-0.88073,41.62405],[-0.87829,41.62329],[-0.87818,41.62279],[-0.87765,41.62288],[-0.87696,41.62286],[-0.87679,41.62275],[-0.87704,41.62234],[-0.87708,41.62195],[-0.87649,41.62176],[-0.87592,41.62242],[-0.87594,41.62271],[-0.87512,41.62266],[-0.87392,41.62303],[-0.87308,41.62342],[-0.87281,41.6231],[-0.8737,41.62248],[-0.87469,41.62141],[-0.87575,41.62086],[-0.87583,41.62063],[-0.87612,41.62042],[-0.87622,41.61923],[-0.87615,41.61809],[-0.87598,41.61742],[-0.87578,41.61684],[-0.87463,41.61491],[-0.87446,41.61422],[-0.87451,41.61405],[-0.87495,41.61396],[-0.87502,41.61385],[-0.87402,41.61333],[-0.87328,41.61359],[-0.87285,41.61364],[-0.87262,41.61357],[-0.87254,41.6134],[-0.85993,41.61267],[-0.85773,41.61187],[-0.85655,41.6111],[-0.85396,41.61065],[-0.85368,41.61067],[-0.85218,41.61157],[-0.85155,41.61146],[-0.85125,41.61128],[-0.851,41.61094],[-0.85074,41.61081],[-0.85039,41.61074],[-0.84927,41.61082],[-0.84846,41.61068],[-0.84698,41.60978],[-0.84581,41.60964],[-0.84491,41.60899],[-0.84453,41.60794],[-0.84456,41.60747],[-0.84493,41.60627],[-0.84498,41.60532],[-0.84463,41.60504],[-0.84396,41.60466],[-0.84063,41.6032],[-0.83379,41.60043],[-0.83406,41.60006],[-0.8354,41.59953],[-0.83576,41.59927],[-0.83593,41.59875],[-0.83593,41.59816],[-0.83571,41.59695],[-0.83613,41.59512],[-0.84254,41.5977],[-0.87447,41.55795],[-0.85559,41.55013],[-0.83703,41.57418],[-0.82143,41.56784],[-0.82206,41.56535],[-0.82217,41.56439],[-0.82182,41.56389],[-0.82074,41.563],[-0.81946,41.56134],[-0.81665,41.55831],[-0.81568,41.55703],[-0.81488,41.55228],[-0.8141,41.55042],[-0.81394,41.54965],[-0.81473,41.54755],[-0.82104,41.54078],[-0.82133,41.54016],[-0.82136,41.53928],[-0.82083,41.53799],[-0.81987,41.53658],[-0.81956,41.53585],[-0.81973,41.53438],[-0.81985,41.53419],[-0.82083,41.53353],[-0.82412,41.53222],[-0.82909,41.53235],[-0.83047,41.53192],[-0.83162,41.53114],[-0.83282,41.53014],[-0.83453,41.52609],[-0.83538,41.52336],[-0.83662,41.52102],[-0.838,41.51914],[-0.83889,41.51832],[-0.8399,41.51692],[-0.84108,41.515],[-0.84291,41.5134],[-0.84195,41.5133],[-0.84116,41.51287],[-0.84037,41.51205],[-0.83767,41.51097],[-0.83644,41.50981],[-0.83504,41.50768],[-0.83455,41.5071],[-0.83478,41.50619],[-0.8352,41.50597],[-0.83363,41.50426],[-0.83152,41.50361],[-0.83029,41.50248],[-0.82954,41.50228],[-0.82739,41.50121],[-0.82653,41.50112],[-0.82499,41.50025],[-0.82108,41.49888],[-0.81982,41.49862],[-0.81899,41.49907],[-0.8178,41.49847],[-0.81629,41.49791],[-0.81526,41.49709],[-0.8144,41.49703],[-0.81452,41.49639],[-0.8152,41.49591],[-0.81547,41.4937],[-0.81544,41.49172],[-0.81596,41.49135],[-0.81615,41.49001],[-0.81669,41.48922],[-0.81856,41.48934],[-0.82141,41.48893],[-0.82225,41.48817],[-0.82247,41.48689],[-0.82299,41.48639],[-0.82289,41.48562],[-0.82304,41.48502],[-0.82411,41.48481],[-0.82469,41.48413],[-0.82577,41.48366],[-0.82615,41.4829],[-0.82565,41.48213],[-0.82465,41.48152],[-0.82439,41.48121],[-0.82441,41.48049],[-0.82489,41.4804],[-0.82378,41.4796],[-0.82336,41.47913],[-0.82364,41.47847],[-0.82284,41.47809],[-0.82302,41.47716],[-0.82369,41.47552],[-0.82436,41.47515],[-0.82518,41.47497],[-0.82527,41.47375],[-0.82288,41.47175],[-0.82272,41.47102],[-0.82203,41.46986],[-0.82119,41.46903],[-0.82122,41.46823],[-0.82239,41.46722],[-0.82239,41.46668],[-0.82276,41.46627],[-0.82355,41.46613],[-0.82323,41.46493],[-0.82323,41.46426],[-0.82276,41.46387],[-0.82232,41.46325],[-0.82255,41.46268],[-0.8218,41.46156],[-0.82187,41.46107],[-0.82145,41.46049],[-0.82117,41.45907],[-0.82146,41.4566],[-0.82072,41.45601],[-0.81987,41.45348],[-0.82003,41.45347],[-0.82154,41.45203],[-0.82184,41.452],[-0.82316,41.45268],[-0.82489,41.45232],[-0.82502,41.45166],[-0.82631,41.45241],[-0.82676,41.45287],[-0.8282,41.45304],[-0.82977,41.45362],[-0.82989,41.45553],[-0.83113,41.45633],[-0.83103,41.45682],[-0.83207,41.45726],[-0.83255,41.45771],[-0.83331,41.45803],[-0.83351,41.45889],[-0.83318,41.45991],[-0.83293,41.46008],[-0.83307,41.46043],[-0.83632,41.46268],[-0.83835,41.4632],[-0.83937,41.46372],[-0.83976,41.46404],[-0.84088,41.46639],[-0.84108,41.46661],[-0.84118,41.46699],[-0.84187,41.46754],[-0.84236,41.46772],[-0.84261,41.46793],[-0.8428,41.46875],[-0.84329,41.46908],[-0.84355,41.46943],[-0.8437,41.47021],[-0.84293,41.47083],[-0.84459,41.47307],[-0.84543,41.47354],[-0.84678,41.47458],[-0.84924,41.47452],[-0.84988,41.47476],[-0.85041,41.47474],[-0.85109,41.47501],[-0.85162,41.47505],[-0.85264,41.47553],[-0.85278,41.47585],[-0.85377,41.47649],[-0.85427,41.47709],[-0.85487,41.47753],[-0.85501,41.47772],[-0.85522,41.4789],[-0.85602,41.47956],[-0.85663,41.4797],[-0.8571,41.47993],[-0.85787,41.48083],[-0.85899,41.48113],[-0.85918,41.48126],[-0.85977,41.48202],[-0.86077,41.48268],[-0.861,41.48314],[-0.86143,41.48325],[-0.86202,41.48362],[-0.86226,41.48399],[-0.86232,41.48477],[-0.86222,41.48552],[-0.8623,41.48569],[-0.86279,41.48596],[-0.86407,41.48698],[-0.86531,41.48759],[-0.86812,41.48945],[-0.86959,41.49025],[-0.87031,41.49054],[-0.87149,41.49123],[-0.87233,41.49226],[-0.87281,41.49259],[-0.87332,41.49311],[-0.87406,41.49285],[-0.8753,41.49199],[-0.87612,41.49176],[-0.87732,41.49118],[-0.87923,41.4905],[-0.88046,41.48978],[-0.88147,41.48959],[-0.88185,41.48964],[-0.88244,41.48913],[-0.88333,41.48913],[-0.88376,41.4881],[-0.88344,41.48676],[-0.88365,41.48639],[-0.88352,41.4862],[-0.88424,41.48611],[-0.88472,41.4859],[-0.88533,41.48581],[-0.88557,41.4858],[-0.88589,41.48601],[-0.88726,41.48643],[-0.89153,41.48635],[-0.89609,41.48687],[-0.89836,41.48737],[-0.90383,41.48742],[-0.905,41.48724],[-0.90661,41.48736],[-0.90718,41.4876],[-0.90808,41.48752],[-0.90855,41.48757],[-0.90918,41.48775],[-0.91002,41.4877],[-0.91164,41.48726],[-0.91283,41.48755],[-0.91383,41.48768],[-0.91499,41.48757],[-0.91725,41.48649],[-0.91759,41.48978],[-0.91753,41.49035],[-0.91773,41.49093],[-0.91808,41.49289],[-0.91658,41.49586],[-0.91646,41.49664],[-0.91673,41.49841],[-0.9175,41.49851],[-0.91917,41.49892],[-0.92084,41.49982],[-0.9264,41.50329],[-0.92767,41.50386],[-0.93358,41.50861],[-0.9353,41.50969],[-0.93912,41.51266],[-0.94172,41.51439],[-0.94461,41.51673],[-0.9449,41.51711],[-0.94526,41.51722],[-0.94496,41.51747],[-0.94385,41.51974],[-0.94232,41.52247],[-0.94333,41.52464],[-0.94394,41.52655],[-0.94366,41.52859],[-0.94412,41.52999],[-0.94426,41.53129],[-0.9387,41.53498],[-0.9385,41.53523],[-0.93841,41.53648],[-0.93819,41.53675],[-0.93779,41.53682],[-0.93555,41.53676],[-0.93386,41.53653],[-0.934,41.53695],[-0.9356,41.5386],[-0.93755,41.54033],[-0.93726,41.54334],[-0.93878,41.54377],[-0.93905,41.54432],[-0.94019,41.545],[-0.94124,41.54681],[-0.94388,41.54884],[-0.94406,41.54973],[-0.94589,41.55088],[-0.94638,41.55135],[-0.94691,41.55216],[-0.94708,41.55266],[-0.94583,41.55527],[-0.94592,41.55563],[-0.9463,41.55584],[-0.94691,41.556],[-0.947,41.55615],[-0.94758,41.55623],[-0.94781,41.55643],[-0.94765,41.55661],[-0.9478,41.5574],[-0.94768,41.55809],[-0.94779,41.55884],[-0.94804,41.55917],[-0.94727,41.55965],[-0.94647,41.55978],[-0.94586,41.56003],[-0.94593,41.56045],[-0.94624,41.56097],[-0.94652,41.56122],[-0.94669,41.56167],[-0.94738,41.56179],[-0.94761,41.56224],[-0.9472,41.56264],[-0.94747,41.56305],[-0.94736,41.56361],[-0.94551,41.565],[-0.94564,41.56543],[-0.94613,41.56562],[-0.94716,41.5665],[-0.94777,41.56678],[-0.94844,41.56684],[-0.94741,41.56766],[-0.94599,41.56902],[-0.94473,41.56973],[-0.94222,41.57305],[-0.94162,41.57469],[-0.94046,41.57634],[-0.93964,41.57713],[-0.93929,41.578],[-0.938,41.57919],[-0.93752,41.57991],[-0.93676,41.58063],[-0.93662,41.58066],[-0.93414,41.57958],[-0.93303,41.57892],[-0.93107,41.57821],[-0.93104,41.57746],[-0.93028,41.57676],[-0.92941,41.57677],[-0.92847,41.57631],[-0.92826,41.5758],[-0.928,41.57565],[-0.92794,41.57548],[-0.9282,41.57405],[-0.92807,41.57366],[-0.92757,41.5735],[-0.92735,41.57278],[-0.92618,41.57201],[-0.92602,41.57178],[-0.92056,41.56908],[-0.92009,41.56897],[-0.91813,41.56907],[-0.91663,41.56892],[-0.91509,41.57188],[-0.91363,41.57238],[-0.91234,41.57299],[-0.91123,41.57464],[-0.9112,41.57493],[-0.91159,41.57689],[-0.91147,41.57725],[-0.91111,41.57767],[-0.91094,41.57821],[-0.90942,41.57921],[-0.90912,41.57952],[-0.90799,41.5801],[-0.90728,41.58092],[-0.90684,41.58128],[-0.90628,41.58222],[-0.90628,41.58273],[-0.90691,41.58465],[-0.90633,41.58562],[-0.90629,41.58599],[-0.90639,41.58632],[-0.90663,41.58671],[-0.90732,41.58732],[-0.91033,41.58919],[-0.91111,41.58955],[-0.91163,41.58989],[-0.91268,41.59086],[-0.91328,41.59096],[-0.91345,41.59137],[-0.91387,41.59178],[-0.91578,41.59325],[-0.9164,41.59402],[-0.91745,41.59494],[-0.91831,41.59607],[-0.92034,41.5969],[-0.92074,41.59744],[-0.92113,41.59772],[-0.92133,41.59794],[-0.92163,41.59865],[-0.92168,41.59962],[-0.92101,41.60137],[-0.92091,41.60279],[-0.9212,41.60333],[-0.92166,41.60344],[-0.92204,41.60331],[-0.92271,41.60269],[-0.92262,41.6033],[-0.92095,41.60569],[-0.9193,41.60738],[-0.91867,41.60767],[-0.91589,41.60992],[-0.91521,41.61029],[-0.91459,41.61101],[-0.91403,41.61141],[-0.91288,41.61201],[-0.91246,41.61205],[-0.91184,41.61195],[-0.91163,41.61201],[-0.91152,41.61221],[-0.9119,41.61255],[-0.91207,41.61282],[-0.91204,41.61297],[-0.90985,41.61461],[-0.90954,41.61474],[-0.90897,41.6153],[-0.90874,41.61568],[-0.90821,41.61597],[-0.90731,41.61667],[-0.90688,41.61673],[-0.90596,41.61653],[-0.90566,41.61658],[-0.90552,41.61669],[-0.90551,41.61706],[-0.90578,41.61806],[-0.90659,41.61895],[-0.90648,41.61953],[-0.90654,41.61994],[-0.90563,41.62066],[-0.90461,41.62098],[-0.9039,41.62172],[-0.90337,41.62193],[-0.90139,41.62358],[-0.90037,41.62506],[-0.89846,41.62677],[-0.89789,41.62808],[-0.89743,41.62862],[-0.89608,41.6296],[-0.89567,41.62973],[-0.89302,41.62982],[-0.89258,41.62994],[-0.89232,41.63013],[-0.89077,41.62951]]]}},{"type":"Feature","properties":{"id":"5029709018"},"geometry":{"type":"Polygon","coordinates":[[[-0.88008,41.62924],[-0.88079,41.6286],[-0.88076,41.62818],[-0.88054,41.6279],[-0.88029,41.62778],[-0.87933,41.6277],[-0.87937,41.62721],[-0.88059,41.62728],[-0.88078,41.62711],[-0.88092,41.62729],[-0.8836,41.62745],[-0.88402,41.62864],[-0.88224,41.62878],[-0.88227,41.62955],[-0.88124,41.62952],[-0.88008,41.62924]]]}},{"type":"Feature","properties":{"id":"5029709019"},"geometry":{"type":"Polygon","coordinates":[[[-0.87937,41.62721],[-0.87922,41.62597],[-0.88048,41.62604],[-0.88056,41.62641],[-0.88192,41.62648],[-0.88202,41.62692],[-0.8834,41.627],[-0.8836,41.62745],[-0.88092,41.62729],[-0.88078,41.62711],[-0.88059,41.62728],[-0.87937,41.62721]]]}},{"type":"Feature","properties":{"id":"5029709020"},"geometry":{"type":"Polygon","coordinates":[[[-0.87854,41.62971],[-0.87781,41.62852],[-0.87778,41.62831],[-0.87752,41.62843],[-0.87626,41.62773],[-0.87661,41.62721],[-0.8768,41.62669],[-0.87801,41.62511],[-0.87927,41.62557],[-0.87933,41.6277],[-0.88029,41.62778],[-0.88054,41.6279],[-0.88077,41.62826],[-0.88079,41.6286],[-0.87954,41.6298],[-0.87904,41.62963],[-0.87854,41.62971]]]}},{"type":"Feature","properties":{"id":"5029709021"},"geometry":{"type":"Polygon","coordinates":[[[-0.87327,41.62392],[-0.87493,41.62375],[-0.87484,41.62405],[-0.87616,41.62391],[-0.87634,41.62482],[-0.87511,41.62496],[-0.87422,41.6255],[-0.87493,41.62653],[-0.87383,41.62704],[-0.87418,41.62746],[-0.87295,41.62811],[-0.87316,41.62835],[-0.87264,41.62863],[-0.87211,41.62822],[-0.87176,41.62743],[-0.87121,41.62666],[-0.87109,41.62622],[-0.8716,41.62485],[-0.87173,41.62472],[-0.87299,41.62429],[-0.87327,41.62392]]]}},{"type":"Feature","properties":{"id":"5029709022"},"geometry":{"type":"Polygon","coordinates":[[[-0.87489,41.62505],[-0.87532,41.6249],[-0.8759,41.62483],[-0.87801,41.62478],[-0.87801,41.62511],[-0.87774,41.62557],[-0.87683,41.62665],[-0.87634,41.62642],[-0.87567,41.62593],[-0.87504,41.62509],[-0.87489,41.62505]]]}},{"type":"Feature","properties":{"id":"5029709023"},"geometry":{"type":"Polygon","coordinates":[[[-0.87922,41.62597],[-0.87927,41.62557],[-0.87801,41.62511],[-0.87801,41.62478],[-0.87634,41.62482],[-0.87592,41.62242],[-0.87649,41.62176],[-0.87708,41.62195],[-0.87704,41.62234],[-0.87679,41.62275],[-0.87696,41.62286],[-0.87765,41.62288],[-0.87818,41.62279],[-0.87829,41.62329],[-0.88073,41.62405],[-0.88312,41.62616],[-0.88185,41.62612],[-0.88192,41.62648],[-0.88056,41.62641],[-0.88048,41.62604],[-0.87922,41.62597]]]}},{"type":"Feature","properties":{"id":"5029709024"},"geometry":{"type":"Polygon","coordinates":[[[-0.87327,41.62392],[-0.8733,41.62369],[-0.87308,41.62342],[-0.87392,41.62303],[-0.87512,41.62266],[-0.87594,41.62271],[-0.87616,41.62391],[-0.87484,41.62405],[-0.87493,41.62375],[-0.87327,41.62392]]]}},{"type":"Feature","properties":{"id":"5029709025"},"geometry":{"type":"Polygon","coordinates":[[[-0.88258,41.63317],[-0.8825,41.63093],[-0.88433,41.63091],[-0.88454,41.63173],[-0.88483,41.63218],[-0.88479,41.63232],[-0.88521,41.63234],[-0.88498,41.63353],[-0.88258,41.63317]]]}},{"type":"Feature","properties":{"id":"5029709026"},"geometry":{"type":"Polygon","coordinates":[[[-0.87264,41.62863],[-0.87316,41.62835],[-0.87295,41.62811],[-0.87418,41.62746],[-0.87383,41.62704],[-0.87493,41.62653],[-0.87422,41.6255],[-0.87489,41.62505],[-0.87504,41.62509],[-0.87567,41.62593],[-0.87634,41.62642],[-0.87683,41.62665],[-0.87661,41.62721],[-0.87626,41.62773],[-0.87752,41.62843],[-0.87778,41.62831],[-0.87781,41.62852],[-0.87854,41.62971],[-0.87611,41.63077],[-0.87548,41.63082],[-0.87357,41.63022],[-0.87331,41.62989],[-0.8729,41.62887],[-0.87264,41.62863]]]}},{"type":"Feature","properties":{"id":"5029709027"},"geometry":{"type":"Polygon","coordinates":[[[-0.87218,41.61827],[-0.87145,41.61904],[-0.8753,41.62104],[-0.87469,41.62141],[-0.8737,41.62248],[-0.87281,41.6231],[-0.87203,41.62238],[-0.8707,41.62199],[-0.86941,41.62102],[-0.86924,41.62057],[-0.86946,41.62013],[-0.87061,41.61896],[-0.87076,41.61864],[-0.87071,41.61848],[-0.87218,41.61827]]]}},{"type":"Feature","properties":{"id":"5029709028"},"geometry":{"type":"Polygon","coordinates":[[[-0.87465,41.61799],[-0.87469,41.61743],[-0.87062,41.61529],[-0.87239,41.61339],[-0.87254,41.6134],[-0.87274,41.61362],[-0.87302,41.61364],[-0.87402,41.61333],[-0.87502,41.61385],[-0.87495,41.61396],[-0.87459,41.61401],[-0.87447,41.61412],[-0.87463,41.61491],[-0.87578,41.61684],[-0.87608,41.61784],[-0.87465,41.61799]]]}},{"type":"Feature","properties":{"id":"5029709029"},"geometry":{"type":"Polygon","coordinates":[[[-0.87067,41.61836],[-0.86972,41.61775],[-0.86874,41.61743],[-0.86317,41.61676],[-0.86249,41.61663],[-0.86221,41.61649],[-0.86202,41.61631],[-0.86051,41.61327],[-0.85993,41.61268],[-0.87239,41.61339],[-0.87062,41.61529],[-0.87469,41.61743],[-0.87465,41.61799],[-0.87071,41.61848],[-0.87067,41.61836]]]}},{"type":"Feature","properties":{"id":"5029709030"},"geometry":{"type":"Polygon","coordinates":[[[-0.87218,41.61827],[-0.87608,41.61784],[-0.87622,41.61957],[-0.87612,41.62042],[-0.87583,41.62063],[-0.87575,41.62086],[-0.8753,41.62104],[-0.87145,41.61904],[-0.87218,41.61827]]]}},{"type":"Feature","properties":{"id":"5029710001"},"geometry":{"type":"Polygon","coordinates":[[[-0.88011,41.66664],[-0.88153,41.65847],[-0.88517,41.65888],[-0.88769,41.65989],[-0.89029,41.66139],[-0.8877,41.66413],[-0.88608,41.66534],[-0.88528,41.66572],[-0.88386,41.66422],[-0.88106,41.66611],[-0.88011,41.66664]]]}},{"type":"Feature","properties":{"id":"5029710002"},"geometry":{"type":"Polygon","coordinates":[[[-0.87582,41.66136],[-0.87611,41.66068],[-0.87808,41.66125],[-0.87777,41.66063],[-0.87873,41.66076],[-0.87872,41.66003],[-0.878,41.6594],[-0.87703,41.65879],[-0.87634,41.65857],[-0.87475,41.65827],[-0.87539,41.65711],[-0.88027,41.6583],[-0.88153,41.65847],[-0.88064,41.66346],[-0.87582,41.66136]]]}},{"type":"Feature","properties":{"id":"5029710003"},"geometry":{"type":"Polygon","coordinates":[[[-0.87808,41.66125],[-0.87473,41.66022],[-0.87513,41.6597],[-0.87545,41.65896],[-0.87583,41.65957],[-0.87755,41.65988],[-0.87745,41.65937],[-0.87806,41.65949],[-0.87872,41.66003],[-0.87873,41.66076],[-0.87777,41.66063],[-0.87808,41.66125]]]}},{"type":"Feature","properties":{"id":"5029710004"},"geometry":{"type":"Polygon","coordinates":[[[-0.87583,41.65957],[-0.87497,41.65832],[-0.8767,41.65867],[-0.87737,41.65896],[-0.87806,41.65949],[-0.87745,41.65937],[-0.87755,41.65988],[-0.87583,41.65957]]]}},{"type":"Feature","properties":{"id":"5029710005"},"geometry":{"type":"Polygon","coordinates":[[[-0.87388,41.65993],[-0.87464,41.65824],[-0.87497,41.65832],[-0.87545,41.65896],[-0.87513,41.6597],[-0.87473,41.66021],[-0.87388,41.65993]]]}},{"type":"Feature","properties":{"id":"5029710006"},"geometry":{"type":"Polygon","coordinates":[[[-0.87353,41.66078],[-0.87388,41.65993],[-0.87613,41.66064],[-0.87576,41.6615],[-0.87353,41.66078]]]}},{"type":"Feature","properties":{"id":"5029710008"},"geometry":{"type":"Polygon","coordinates":[[[-0.87345,41.66657],[-0.87354,41.66362],[-0.87538,41.66366],[-0.87552,41.66304],[-0.87581,41.66245],[-0.87574,41.66177],[-0.87582,41.66136],[-0.88064,41.66346],[-0.88011,41.66672],[-0.87526,41.6666],[-0.87525,41.66712],[-0.87508,41.66711],[-0.87504,41.66782],[-0.87479,41.66784],[-0.87475,41.66831],[-0.87445,41.6683],[-0.87449,41.66737],[-0.87379,41.66736],[-0.87381,41.66657],[-0.87345,41.66657]]]}},{"type":"Feature","properties":{"id":"5029710009"},"geometry":{"type":"Polygon","coordinates":[[[-0.87142,41.66653],[-0.87168,41.66449],[-0.87198,41.66359],[-0.87354,41.66362],[-0.87345,41.66657],[-0.87142,41.66653]]]}},{"type":"Feature","properties":{"id":"5029710010"},"geometry":{"type":"Polygon","coordinates":[[[-0.87372,41.67074],[-0.87134,41.67026],[-0.87142,41.66653],[-0.87381,41.66657],[-0.87379,41.66736],[-0.87449,41.66737],[-0.87445,41.6683],[-0.87521,41.66832],[-0.87516,41.67066],[-0.87372,41.67074]]]}},{"type":"Feature","properties":{"id":"5029710011"},"geometry":{"type":"Polygon","coordinates":[[[-0.87461,41.67436],[-0.87436,41.67346],[-0.87273,41.67345],[-0.87275,41.67263],[-0.87129,41.67261],[-0.8713,41.6719],[-0.87278,41.67193],[-0.87282,41.6706],[-0.87372,41.67074],[-0.87493,41.67067],[-0.8749,41.67437],[-0.87461,41.67436]]]}},{"type":"Feature","properties":{"id":"5029710012"},"geometry":{"type":"Polygon","coordinates":[[[-0.88011,41.66672],[-0.88011,41.66664],[-0.88106,41.66611],[-0.88386,41.66422],[-0.88528,41.66572],[-0.88433,41.66611],[-0.88273,41.66654],[-0.88132,41.66671],[-0.88011,41.66672]]]}},{"type":"Feature","properties":{"id":"5029710013"},"geometry":{"type":"Polygon","coordinates":[[[-0.87124,41.6743],[-0.87129,41.67261],[-0.87275,41.67263],[-0.8727,41.67432],[-0.87124,41.6743]]]}},{"type":"Feature","properties":{"id":"5029710014"},"geometry":{"type":"Polygon","coordinates":[[[-0.8712,41.67549],[-0.87124,41.67431],[-0.8727,41.67432],[-0.87273,41.67345],[-0.87436,41.67346],[-0.87461,41.67436],[-0.87504,41.67438],[-0.87502,41.67483],[-0.87526,41.67483],[-0.87525,41.67519],[-0.8754,41.67519],[-0.8754,41.67532],[-0.8746,41.67529],[-0.87456,41.67518],[-0.87274,41.67513],[-0.87262,41.67505],[-0.87259,41.67532],[-0.87204,41.67531],[-0.87203,41.6755],[-0.8712,41.67549]]]}},{"type":"Feature","properties":{"id":"5029710015"},"geometry":{"type":"Polygon","coordinates":[[[-0.87113,41.67743],[-0.8712,41.67549],[-0.87223,41.67551],[-0.87215,41.67757],[-0.87113,41.67743]]]}},{"type":"Feature","properties":{"id":"5029710016"},"geometry":{"type":"Polygon","coordinates":[[[-0.86261,41.67933],[-0.8632,41.67841],[-0.86397,41.67613],[-0.86759,41.66818],[-0.86764,41.66778],[-0.86755,41.66728],[-0.86715,41.66649],[-0.86664,41.66597],[-0.86448,41.66444],[-0.86589,41.6632],[-0.86695,41.66453],[-0.86899,41.66582],[-0.87142,41.66653],[-0.87107,41.67944],[-0.86339,41.67957],[-0.86302,41.67968],[-0.86273,41.67956],[-0.86261,41.67933]]]}},{"type":"Feature","properties":{"id":"5029710017"},"geometry":{"type":"Polygon","coordinates":[[[-0.8713,41.6719],[-0.87134,41.67026],[-0.87282,41.6706],[-0.87278,41.67193],[-0.8713,41.6719]]]}},{"type":"Feature","properties":{"id":"5029710018"},"geometry":{"type":"Polygon","coordinates":[[[-0.85696,41.67914],[-0.85401,41.67233],[-0.85264,41.66877],[-0.85233,41.66744],[-0.865,41.66212],[-0.86589,41.6632],[-0.86448,41.66444],[-0.86664,41.66597],[-0.86715,41.66649],[-0.86755,41.66728],[-0.86764,41.66778],[-0.86759,41.66818],[-0.86397,41.67613],[-0.8632,41.67841],[-0.86255,41.67942],[-0.85696,41.67914]]]}},{"type":"Feature","properties":{"id":"5029710019"},"geometry":{"type":"Polygon","coordinates":[[[-0.87051,41.65799],[-0.86881,41.65749],[-0.86815,41.65749],[-0.86812,41.65683],[-0.86653,41.65687],[-0.86677,41.65435],[-0.87197,41.65587],[-0.87448,41.65679],[-0.87501,41.65707],[-0.87539,41.65711],[-0.87475,41.65827],[-0.8743,41.65823],[-0.87311,41.6584],[-0.87051,41.65799]]]}},{"type":"Feature","properties":{"id":"5029710020"},"geometry":{"type":"Polygon","coordinates":[[[-0.86918,41.65804],[-0.86943,41.65766],[-0.87051,41.65799],[-0.87311,41.6584],[-0.87121,41.65936],[-0.87004,41.65845],[-0.86918,41.65804]]]}},{"type":"Feature","properties":{"id":"5029710021"},"geometry":{"type":"Polygon","coordinates":[[[-0.86882,41.65864],[-0.86918,41.65804],[-0.87004,41.65845],[-0.87121,41.65936],[-0.86936,41.66027],[-0.86882,41.65864]]]}},{"type":"Feature","properties":{"id":"5029710023"},"geometry":{"type":"Polygon","coordinates":[[[-0.86439,41.65772],[-0.86524,41.65734],[-0.86725,41.65748],[-0.86864,41.65747],[-0.86943,41.65766],[-0.8685,41.65919],[-0.86664,41.65851],[-0.86626,41.65872],[-0.86685,41.65942],[-0.86605,41.6598],[-0.86439,41.65772]]]}},{"type":"Feature","properties":{"id":"5029710024"},"geometry":{"type":"Polygon","coordinates":[[[-0.85962,41.66126],[-0.86369,41.66039],[-0.86395,41.66073],[-0.86035,41.66225],[-0.85962,41.66126]]]}},{"type":"Feature","properties":{"id":"5029710025"},"geometry":{"type":"Polygon","coordinates":[[[-0.86313,41.66198],[-0.86448,41.66142],[-0.86501,41.66212],[-0.86368,41.66267],[-0.86313,41.66198]]]}},{"type":"Feature","properties":{"id":"5029710026"},"geometry":{"type":"Polygon","coordinates":[[[-0.86261,41.6613],[-0.86395,41.66073],[-0.86448,41.66142],[-0.86313,41.66198],[-0.86261,41.6613]]]}},{"type":"Feature","properties":{"id":"5029710027"},"geometry":{"type":"Polygon","coordinates":[[[-0.85871,41.66146],[-0.85962,41.66126],[-0.86035,41.66225],[-0.86261,41.6613],[-0.86313,41.66198],[-0.86086,41.66294],[-0.86091,41.66302],[-0.85973,41.66354],[-0.85921,41.66282],[-0.85961,41.66265],[-0.85918,41.66207],[-0.85911,41.66209],[-0.85871,41.66146]]]}},{"type":"Feature","properties":{"id":"5029710028"},"geometry":{"type":"Polygon","coordinates":[[[-0.85973,41.66354],[-0.86091,41.66302],[-0.86086,41.66294],[-0.86313,41.66198],[-0.86368,41.66267],[-0.86017,41.66416],[-0.85973,41.66354]]]}},{"type":"Feature","properties":{"id":"5029710029"},"geometry":{"type":"Polygon","coordinates":[[[-0.85591,41.66205],[-0.85871,41.66146],[-0.85911,41.66209],[-0.85918,41.66207],[-0.85961,41.66265],[-0.85921,41.66282],[-0.85973,41.66354],[-0.85759,41.66443],[-0.85591,41.66205]]]}},{"type":"Feature","properties":{"id":"5029710030"},"geometry":{"type":"Polygon","coordinates":[[[-0.85205,41.66649],[-0.85188,41.66336],[-0.8523,41.66322],[-0.8529,41.66315],[-0.85359,41.66276],[-0.85591,41.66205],[-0.85759,41.66443],[-0.85973,41.66354],[-0.86017,41.66416],[-0.85233,41.66744],[-0.85205,41.66649]]]}},{"type":"Feature","properties":{"id":"5029710031"},"geometry":{"type":"Polygon","coordinates":[[[-0.87538,41.66366],[-0.87198,41.66359],[-0.87315,41.66155],[-0.87553,41.66222],[-0.8758,41.66215],[-0.87581,41.66245],[-0.87552,41.66304],[-0.87538,41.66366]]]}},{"type":"Feature","properties":{"id":"5029710032"},"geometry":{"type":"Polygon","coordinates":[[[-0.85188,41.66336],[-0.85205,41.66649],[-0.85233,41.66744],[-0.84381,41.67097],[-0.84257,41.67103],[-0.84244,41.67092],[-0.84209,41.67091],[-0.84183,41.67012],[-0.84186,41.66837],[-0.84219,41.66708],[-0.84274,41.66589],[-0.84341,41.66485],[-0.84486,41.66546],[-0.8461,41.66411],[-0.84868,41.66243],[-0.85147,41.66351],[-0.85188,41.66336]]]}},{"type":"Feature","properties":{"id":"5029710033"},"geometry":{"type":"Polygon","coordinates":[[[-0.84341,41.66485],[-0.84386,41.66406],[-0.84597,41.66223],[-0.84677,41.66122],[-0.84692,41.66073],[-0.84666,41.66014],[-0.84616,41.65944],[-0.84642,41.65898],[-0.84693,41.65836],[-0.84843,41.65699],[-0.8491,41.65667],[-0.84955,41.65624],[-0.85245,41.65665],[-0.85216,41.65848],[-0.85361,41.65886],[-0.8552,41.65908],[-0.85775,41.65917],[-0.85767,41.66021],[-0.856,41.66012],[-0.85598,41.66043],[-0.85633,41.66109],[-0.85719,41.66116],[-0.85718,41.66141],[-0.85641,41.66157],[-0.85631,41.66169],[-0.85635,41.66194],[-0.85359,41.66276],[-0.8529,41.66315],[-0.8523,41.66322],[-0.85147,41.66351],[-0.84868,41.66243],[-0.8461,41.66411],[-0.84486,41.66546],[-0.84341,41.66485]]]}},{"type":"Feature","properties":{"id":"5029710034"},"geometry":{"type":"Polygon","coordinates":[[[-0.85775,41.65917],[-0.85902,41.65921],[-0.85879,41.66144],[-0.85635,41.66194],[-0.85631,41.66169],[-0.85641,41.66157],[-0.85718,41.66141],[-0.85719,41.66116],[-0.85633,41.66109],[-0.85598,41.66043],[-0.856,41.66012],[-0.85767,41.66021],[-0.85775,41.65917]]]}},{"type":"Feature","properties":{"id":"5029710035"},"geometry":{"type":"Polygon","coordinates":[[[-0.85898,41.65959],[-0.85903,41.65907],[-0.85869,41.65905],[-0.85812,41.65826],[-0.85795,41.65818],[-0.85687,41.65815],[-0.85606,41.65911],[-0.8552,41.65908],[-0.85361,41.65886],[-0.85216,41.65848],[-0.85245,41.65665],[-0.85437,41.65708],[-0.85768,41.65715],[-0.8586,41.65706],[-0.85908,41.65798],[-0.85907,41.65848],[-0.86153,41.65863],[-0.86133,41.66056],[-0.86021,41.66049],[-0.86026,41.65965],[-0.85898,41.65959]]]}},{"type":"Feature","properties":{"id":"5029710036"},"geometry":{"type":"Polygon","coordinates":[[[-0.87315,41.66155],[-0.87353,41.66078],[-0.87576,41.6615],[-0.8758,41.66215],[-0.87553,41.66222],[-0.87315,41.66155]]]}},{"type":"Feature","properties":{"id":"5029710037"},"geometry":{"type":"Polygon","coordinates":[[[-0.87752,41.68816],[-0.87763,41.688],[-0.87788,41.68268],[-0.87774,41.67987],[-0.87987,41.67513],[-0.88016,41.67432],[-0.88031,41.67303],[-0.88092,41.67303],[-0.88125,41.67436],[-0.88144,41.67577],[-0.88151,41.67969],[-0.88995,41.67971],[-0.89302,41.67981],[-0.89623,41.68005],[-0.90048,41.68056],[-0.90006,41.68183],[-0.90032,41.68357],[-0.90067,41.68473],[-0.90059,41.68475],[-0.90156,41.68616],[-0.90187,41.68637],[-0.90101,41.68682],[-0.89935,41.68675],[-0.89856,41.68694],[-0.89753,41.68679],[-0.89721,41.68684],[-0.89652,41.68675],[-0.89541,41.68742],[-0.89535,41.68784],[-0.8952,41.68805],[-0.89445,41.68871],[-0.89349,41.68861],[-0.8931,41.68885],[-0.8923,41.68854],[-0.89216,41.68829],[-0.89194,41.68819],[-0.8912,41.68814],[-0.89048,41.68769],[-0.89034,41.68783],[-0.89025,41.68779],[-0.88994,41.68818],[-0.88963,41.68892],[-0.88949,41.68964],[-0.88931,41.68993],[-0.88712,41.69031],[-0.88668,41.69051],[-0.88596,41.69068],[-0.88461,41.69047],[-0.88369,41.69005],[-0.88269,41.69],[-0.88025,41.69037],[-0.8795,41.69056],[-0.87761,41.69068],[-0.87752,41.68816]]]}},{"type":"Feature","properties":{"id":"5029710038"},"geometry":{"type":"Polygon","coordinates":[[[-0.85823,41.65194],[-0.85903,41.6521],[-0.85765,41.65536],[-0.85569,41.65505],[-0.85596,41.65268],[-0.85753,41.65291],[-0.85823,41.65194]]]}},{"type":"Feature","properties":{"id":"5029710039"},"geometry":{"type":"Polygon","coordinates":[[[-0.88017,41.67012],[-0.87999,41.66812],[-0.88011,41.66672],[-0.88132,41.66671],[-0.88273,41.66654],[-0.88433,41.66611],[-0.88528,41.66572],[-0.88709,41.66767],[-0.88359,41.66765],[-0.88359,41.6678],[-0.88268,41.66779],[-0.88266,41.66909],[-0.88307,41.6691],[-0.88305,41.66968],[-0.88243,41.66967],[-0.88242,41.67011],[-0.88017,41.67012]]]}},{"type":"Feature","properties":{"id":"5029710040"},"geometry":{"type":"Polygon","coordinates":[[[-0.88267,41.66824],[-0.88773,41.6683],[-0.88818,41.66875],[-0.88267,41.66872],[-0.88267,41.66824]]]}},{"type":"Feature","properties":{"id":"5029710041"},"geometry":{"type":"Polygon","coordinates":[[[-0.88267,41.66872],[-0.88818,41.66875],[-0.88834,41.6689],[-0.88617,41.67016],[-0.88242,41.67011],[-0.88243,41.66967],[-0.88305,41.66968],[-0.88307,41.6691],[-0.88266,41.66909],[-0.88267,41.66872]]]}},{"type":"Feature","properties":{"id":"5029710042"},"geometry":{"type":"Polygon","coordinates":[[[-0.88616,41.67099],[-0.88617,41.67016],[-0.88834,41.6689],[-0.88896,41.66959],[-0.88918,41.67],[-0.8894,41.67073],[-0.8894,41.67149],[-0.88847,41.67148],[-0.88847,41.67106],[-0.88616,41.67099]]]}},{"type":"Feature","properties":{"id":"5029710043"},"geometry":{"type":"Polygon","coordinates":[[[-0.88017,41.67012],[-0.88281,41.67011],[-0.8828,41.6708],[-0.88355,41.6708],[-0.88355,41.67133],[-0.88394,41.67136],[-0.88395,41.67145],[-0.88616,41.67147],[-0.88616,41.67099],[-0.88847,41.67106],[-0.88846,41.67199],[-0.88398,41.67198],[-0.88396,41.67305],[-0.88032,41.67303],[-0.8804,41.67221],[-0.88017,41.67012]]]}},{"type":"Feature","properties":{"id":"5029710044"},"geometry":{"type":"Polygon","coordinates":[[[-0.88847,41.67148],[-0.8894,41.67149],[-0.88939,41.67308],[-0.88396,41.67305],[-0.88398,41.67198],[-0.88846,41.67199],[-0.88847,41.67148]]]}},{"type":"Feature","properties":{"id":"5029710045"},"geometry":{"type":"Polygon","coordinates":[[[-0.88144,41.67577],[-0.88125,41.67436],[-0.88092,41.67303],[-0.88423,41.67305],[-0.88421,41.67386],[-0.88599,41.67389],[-0.88599,41.67415],[-0.88686,41.67416],[-0.88687,41.67463],[-0.88495,41.6746],[-0.88496,41.67509],[-0.88358,41.67507],[-0.88343,41.67594],[-0.88361,41.67595],[-0.88164,41.67593],[-0.88144,41.67577]]]}},{"type":"Feature","properties":{"id":"5029710046"},"geometry":{"type":"Polygon","coordinates":[[[-0.88687,41.67463],[-0.88938,41.67467],[-0.88935,41.67653],[-0.88682,41.67651],[-0.88687,41.67463]]]}},{"type":"Feature","properties":{"id":"5029710047"},"geometry":{"type":"Polygon","coordinates":[[[-0.88685,41.67739],[-0.88934,41.6774],[-0.88933,41.67834],[-0.88996,41.67924],[-0.88995,41.67974],[-0.88725,41.67973],[-0.8873,41.67792],[-0.88684,41.67792],[-0.88685,41.67739]]]}},{"type":"Feature","properties":{"id":"5029710048"},"geometry":{"type":"Polygon","coordinates":[[[-0.88484,41.67738],[-0.88485,41.67779],[-0.88507,41.67787],[-0.88583,41.67788],[-0.88582,41.67818],[-0.88561,41.67826],[-0.88558,41.67972],[-0.88151,41.67969],[-0.88144,41.67577],[-0.88164,41.67593],[-0.88361,41.67595],[-0.88361,41.67657],[-0.8841,41.67658],[-0.88409,41.6769],[-0.88353,41.6769],[-0.88354,41.67738],[-0.88484,41.67738]]]}},{"type":"Feature","properties":{"id":"5029710049"},"geometry":{"type":"Polygon","coordinates":[[[-0.89186,41.66625],[-0.89105,41.66512],[-0.88945,41.6657],[-0.8891,41.66519],[-0.88678,41.66605],[-0.88664,41.66637],[-0.88638,41.6665],[-0.88597,41.66647],[-0.88528,41.66572],[-0.88608,41.66534],[-0.88756,41.66425],[-0.89029,41.66139],[-0.89631,41.66614],[-0.89311,41.66733],[-0.89227,41.66609],[-0.89186,41.66625]]]}},{"type":"Feature","properties":{"id":"5029710050"},"geometry":{"type":"Polygon","coordinates":[[[-0.89435,41.66918],[-0.89179,41.67018],[-0.89109,41.66912],[-0.89385,41.66808],[-0.89335,41.66724],[-0.89542,41.66645],[-0.89637,41.66686],[-0.89665,41.66717],[-0.89698,41.66868],[-0.89758,41.66979],[-0.89768,41.67089],[-0.89747,41.67173],[-0.89609,41.672],[-0.89604,41.67169],[-0.89435,41.66918]]]}},{"type":"Feature","properties":{"id":"5029710051"},"geometry":{"type":"Polygon","coordinates":[[[-0.89187,41.67015],[-0.89435,41.66918],[-0.89604,41.67169],[-0.89609,41.672],[-0.89443,41.6723],[-0.89308,41.67035],[-0.89219,41.67068],[-0.89187,41.67015]]]}},{"type":"Feature","properties":{"id":"5029710052"},"geometry":{"type":"Polygon","coordinates":[[[-0.87518,41.66935],[-0.87521,41.66832],[-0.87475,41.66831],[-0.87479,41.66784],[-0.87504,41.66782],[-0.87508,41.66711],[-0.87525,41.66712],[-0.87526,41.6666],[-0.87695,41.66664],[-0.87661,41.66766],[-0.87659,41.66806],[-0.88,41.66807],[-0.88005,41.66888],[-0.87819,41.66885],[-0.87818,41.66926],[-0.87671,41.66923],[-0.87673,41.66938],[-0.87518,41.66935]]]}},{"type":"Feature","properties":{"id":"5029710053"},"geometry":{"type":"Polygon","coordinates":[[[-0.87708,41.67301],[-0.87671,41.66923],[-0.87818,41.66926],[-0.87819,41.66885],[-0.88005,41.66888],[-0.8804,41.67221],[-0.88032,41.67303],[-0.87708,41.67301]]]}},{"type":"Feature","properties":{"id":"5029710054"},"geometry":{"type":"Polygon","coordinates":[[[-0.87666,41.67552],[-0.8771,41.67428],[-0.87708,41.67301],[-0.88031,41.67303],[-0.88016,41.67432],[-0.87965,41.6756],[-0.87666,41.67552]]]}},{"type":"Feature","properties":{"id":"5029710055"},"geometry":{"type":"Polygon","coordinates":[[[-0.89427,41.67988],[-0.89428,41.67803],[-0.89319,41.67802],[-0.89322,41.67606],[-0.89731,41.67607],[-0.89838,41.67593],[-0.89796,41.67422],[-0.89964,41.67404],[-0.90259,41.67466],[-0.90364,41.67499],[-0.90489,41.67568],[-0.90345,41.67623],[-0.90107,41.67901],[-0.90048,41.68056],[-0.89427,41.67988]]]}},{"type":"Feature","properties":{"id":"5029710056"},"geometry":{"type":"Polygon","coordinates":[[[-0.88995,41.67971],[-0.88996,41.67925],[-0.89063,41.67842],[-0.89064,41.678],[-0.89428,41.67803],[-0.89427,41.67988],[-0.88995,41.67971]]]}},{"type":"Feature","properties":{"id":"5029710057"},"geometry":{"type":"Polygon","coordinates":[[[-0.89331,41.6725],[-0.89747,41.67173],[-0.89768,41.67089],[-0.89758,41.66979],[-0.89698,41.66868],[-0.89665,41.66717],[-0.89637,41.66686],[-0.89542,41.66645],[-0.89631,41.66614],[-0.89684,41.66646],[-0.90194,41.66736],[-0.90685,41.66647],[-0.91164,41.66456],[-0.91724,41.66432],[-0.92032,41.66512],[-0.92145,41.66735],[-0.92078,41.66875],[-0.91911,41.6706],[-0.91627,41.6723],[-0.91256,41.67319],[-0.9079,41.67451],[-0.90489,41.67568],[-0.90364,41.67499],[-0.90259,41.67466],[-0.89964,41.67404],[-0.89796,41.67422],[-0.89838,41.67593],[-0.89731,41.67607],[-0.89322,41.67606],[-0.89315,41.67541],[-0.89331,41.6725]]]}},{"type":"Feature","properties":{"id":"5029710058"},"geometry":{"type":"Polygon","coordinates":[[[-0.88678,41.66605],[-0.8891,41.66519],[-0.88945,41.6657],[-0.89105,41.66512],[-0.8914,41.66562],[-0.88781,41.66697],[-0.88678,41.66605]]]}},{"type":"Feature","properties":{"id":"5029710059"},"geometry":{"type":"Polygon","coordinates":[[[-0.87695,41.66664],[-0.88011,41.66672],[-0.88,41.66807],[-0.87659,41.66806],[-0.87661,41.66766],[-0.87695,41.66664]]]}},{"type":"Feature","properties":{"id":"5029710060"},"geometry":{"type":"Polygon","coordinates":[[[-0.87089,41.66292],[-0.86808,41.66143],[-0.86754,41.66105],[-0.86965,41.66015],[-0.87303,41.65844],[-0.87308,41.65877],[-0.87283,41.65913],[-0.87284,41.65973],[-0.87089,41.66292]]]}},{"type":"Feature","properties":{"id":"5029710061"},"geometry":{"type":"Polygon","coordinates":[[[-0.88361,41.67595],[-0.88343,41.67594],[-0.88358,41.67507],[-0.88496,41.67509],[-0.88495,41.6746],[-0.88687,41.67463],[-0.88682,41.67651],[-0.88417,41.6765],[-0.8841,41.67658],[-0.88361,41.67657],[-0.88361,41.67595]]]}},{"type":"Feature","properties":{"id":"5029710062"},"geometry":{"type":"Polygon","coordinates":[[[-0.88409,41.6769],[-0.88417,41.6765],[-0.88935,41.67653],[-0.88934,41.6774],[-0.88354,41.67738],[-0.88353,41.6769],[-0.88409,41.6769]]]}},{"type":"Feature","properties":{"id":"5029710063"},"geometry":{"type":"Polygon","coordinates":[[[-0.88864,41.6692],[-0.88597,41.66647],[-0.88638,41.6665],[-0.88664,41.66637],[-0.88678,41.66605],[-0.88781,41.66697],[-0.88872,41.66663],[-0.88918,41.6673],[-0.88939,41.66722],[-0.88982,41.66784],[-0.89137,41.66725],[-0.89177,41.66784],[-0.88965,41.66866],[-0.88864,41.6692]]]}},{"type":"Feature","properties":{"id":"5029710064"},"geometry":{"type":"Polygon","coordinates":[[[-0.88939,41.67308],[-0.8894,41.67073],[-0.88918,41.67],[-0.88864,41.6692],[-0.88966,41.66867],[-0.89027,41.6693],[-0.89077,41.67057],[-0.89187,41.67015],[-0.89219,41.67068],[-0.89308,41.67035],[-0.89443,41.6723],[-0.89072,41.67296],[-0.88939,41.67308]]]}},{"type":"Feature","properties":{"id":"5029710065"},"geometry":{"type":"Polygon","coordinates":[[[-0.88938,41.67458],[-0.88939,41.67308],[-0.89072,41.67296],[-0.89331,41.6725],[-0.89315,41.67541],[-0.89322,41.67606],[-0.89067,41.67604],[-0.89069,41.67459],[-0.88938,41.67458]]]}},{"type":"Feature","properties":{"id":"5029710066"},"geometry":{"type":"Polygon","coordinates":[[[-0.86284,41.65705],[-0.86533,41.65392],[-0.86677,41.65435],[-0.86653,41.65687],[-0.86812,41.65683],[-0.86815,41.65749],[-0.86524,41.65734],[-0.86356,41.65807],[-0.86284,41.65705]]]}},{"type":"Feature","properties":{"id":"5029710067"},"geometry":{"type":"Polygon","coordinates":[[[-0.86501,41.66212],[-0.86395,41.66073],[-0.86685,41.65942],[-0.86626,41.65872],[-0.86664,41.65851],[-0.8685,41.65919],[-0.86882,41.65864],[-0.86936,41.66027],[-0.86501,41.66212]]]}},{"type":"Feature","properties":{"id":"5029710068"},"geometry":{"type":"Polygon","coordinates":[[[-0.8746,41.67529],[-0.8754,41.67532],[-0.8754,41.67519],[-0.87525,41.67519],[-0.87526,41.67483],[-0.87502,41.67483],[-0.87504,41.67438],[-0.87707,41.67443],[-0.87682,41.67519],[-0.87635,41.67608],[-0.8755,41.67695],[-0.87496,41.67725],[-0.87432,41.67743],[-0.87302,41.6776],[-0.87215,41.67757],[-0.87223,41.67551],[-0.87203,41.6755],[-0.87204,41.67531],[-0.87259,41.67532],[-0.87262,41.67505],[-0.87274,41.67513],[-0.87456,41.67518],[-0.8746,41.67529]]]}},{"type":"Feature","properties":{"id":"5029710069"},"geometry":{"type":"Polygon","coordinates":[[[-0.87106,41.67962],[-0.87113,41.67743],[-0.87302,41.6776],[-0.87464,41.67734],[-0.87452,41.67965],[-0.87106,41.67962]]]}},{"type":"Feature","properties":{"id":"5029710070"},"geometry":{"type":"Polygon","coordinates":[[[-0.88709,41.66767],[-0.88773,41.6683],[-0.88267,41.66824],[-0.88268,41.66779],[-0.88359,41.6678],[-0.88359,41.66765],[-0.88709,41.66767]]]}},{"type":"Feature","properties":{"id":"5029710071"},"geometry":{"type":"Polygon","coordinates":[[[-0.88966,41.66867],[-0.89334,41.66724],[-0.89385,41.66808],[-0.89109,41.66912],[-0.89179,41.67018],[-0.89077,41.67057],[-0.89027,41.6693],[-0.88966,41.66867]]]}},{"type":"Feature","properties":{"id":"5029710072"},"geometry":{"type":"Polygon","coordinates":[[[-0.86902,41.66584],[-0.87148,41.66194],[-0.87269,41.66235],[-0.87185,41.66389],[-0.87142,41.66653],[-0.86902,41.66584]]]}},{"type":"Feature","properties":{"id":"5029710073"},"geometry":{"type":"Polygon","coordinates":[[[-0.87148,41.66194],[-0.87284,41.65973],[-0.87283,41.65913],[-0.87308,41.65877],[-0.87303,41.65844],[-0.8743,41.65823],[-0.87463,41.65826],[-0.87338,41.66113],[-0.87269,41.66235],[-0.87148,41.66194]]]}},{"type":"Feature","properties":{"id":"5029710074"},"geometry":{"type":"Polygon","coordinates":[[[-0.87494,41.6719],[-0.87493,41.67067],[-0.87516,41.67066],[-0.87518,41.66935],[-0.87673,41.66938],[-0.87699,41.67195],[-0.87494,41.6719]]]}},{"type":"Feature","properties":{"id":"5029710075"},"geometry":{"type":"Polygon","coordinates":[[[-0.85902,41.65921],[-0.85623,41.65912],[-0.85606,41.65911],[-0.85687,41.65815],[-0.85795,41.65818],[-0.85812,41.65826],[-0.85869,41.65905],[-0.85903,41.65907],[-0.85902,41.65921]]]}},{"type":"Feature","properties":{"id":"5029710076"},"geometry":{"type":"Polygon","coordinates":[[[-0.88281,41.67011],[-0.88617,41.67016],[-0.88616,41.67147],[-0.88395,41.67145],[-0.88394,41.67136],[-0.88355,41.67133],[-0.88355,41.6708],[-0.8828,41.6708],[-0.88281,41.67011]]]}},{"type":"Feature","properties":{"id":"5029710077"},"geometry":{"type":"Polygon","coordinates":[[[-0.88423,41.67305],[-0.88939,41.67308],[-0.88938,41.67467],[-0.88687,41.67463],[-0.88686,41.67416],[-0.88599,41.67415],[-0.88599,41.67389],[-0.88421,41.67386],[-0.88423,41.67305]]]}},{"type":"Feature","properties":{"id":"5029710078"},"geometry":{"type":"Polygon","coordinates":[[[-0.88933,41.67834],[-0.88938,41.67458],[-0.89069,41.67459],[-0.89067,41.67604],[-0.89322,41.67606],[-0.89319,41.67802],[-0.89064,41.678],[-0.89063,41.67842],[-0.88996,41.67925],[-0.88933,41.67834]]]}},{"type":"Feature","properties":{"id":"5029710079"},"geometry":{"type":"Polygon","coordinates":[[[-0.87106,41.67962],[-0.87789,41.67967],[-0.87304,41.68632],[-0.87314,41.68371],[-0.87098,41.68366],[-0.87106,41.67962]]]}},{"type":"Feature","properties":{"id":"5029710080"},"geometry":{"type":"Polygon","coordinates":[[[-0.8565,41.69319],[-0.84817,41.69054],[-0.84621,41.68936],[-0.84762,41.68873],[-0.85049,41.68712],[-0.8529,41.68294],[-0.85363,41.67873],[-0.85656,41.67912],[-0.86255,41.67942],[-0.86261,41.67933],[-0.86273,41.67956],[-0.86302,41.67968],[-0.86339,41.67957],[-0.87105,41.67944],[-0.87098,41.68366],[-0.87314,41.68371],[-0.87304,41.68632],[-0.87183,41.68806],[-0.87112,41.6896],[-0.87008,41.69398],[-0.86929,41.69348],[-0.86895,41.69305],[-0.86928,41.69262],[-0.86923,41.69206],[-0.869,41.69197],[-0.86882,41.69163],[-0.86837,41.6914],[-0.8681,41.6911],[-0.86776,41.69091],[-0.8674,41.69109],[-0.86662,41.69128],[-0.86627,41.69163],[-0.86568,41.6915],[-0.86545,41.69103],[-0.86415,41.6905],[-0.86405,41.69014],[-0.86408,41.68918],[-0.86397,41.68912],[-0.8637,41.68929],[-0.86349,41.68931],[-0.86294,41.6889],[-0.86211,41.68856],[-0.8617,41.68812],[-0.86174,41.68801],[-0.86142,41.68788],[-0.86129,41.68806],[-0.86079,41.68831],[-0.85932,41.68762],[-0.85908,41.68764],[-0.8588,41.68818],[-0.8565,41.69319]]]}},{"type":"Feature","properties":{"id":"5029710081"},"geometry":{"type":"Polygon","coordinates":[[[-0.87464,41.67734],[-0.8755,41.67695],[-0.87592,41.67659],[-0.87666,41.67552],[-0.87965,41.6756],[-0.87789,41.67967],[-0.87452,41.67965],[-0.87464,41.67734]]]}},{"type":"Feature","properties":{"id":"5029710082"},"geometry":{"type":"Polygon","coordinates":[[[-0.88872,41.66663],[-0.8914,41.66562],[-0.89186,41.66625],[-0.89227,41.66609],[-0.89311,41.66733],[-0.89177,41.66784],[-0.89137,41.66725],[-0.88982,41.66784],[-0.88939,41.66722],[-0.88918,41.6673],[-0.88872,41.66663]]]}},{"type":"Feature","properties":{"id":"5029710083"},"geometry":{"type":"Polygon","coordinates":[[[-0.85245,41.65665],[-0.84956,41.65624],[-0.84972,41.65585],[-0.84975,41.65488],[-0.84898,41.65406],[-0.84836,41.65307],[-0.8479,41.65269],[-0.8478,41.65233],[-0.848,41.65088],[-0.84816,41.65068],[-0.84819,41.65037],[-0.84803,41.64971],[-0.85379,41.65075],[-0.85823,41.65194],[-0.85753,41.65291],[-0.85596,41.65268],[-0.85569,41.65505],[-0.85872,41.65547],[-0.8586,41.65706],[-0.85768,41.65715],[-0.85437,41.65708],[-0.85245,41.65665]]]}},{"type":"Feature","properties":{"id":"5029710084"},"geometry":{"type":"Polygon","coordinates":[[[-0.8586,41.65706],[-0.85872,41.65547],[-0.85765,41.65536],[-0.85903,41.6521],[-0.86242,41.65306],[-0.86038,41.65587],[-0.86037,41.6568],[-0.86052,41.6572],[-0.86087,41.65769],[-0.8617,41.65846],[-0.86153,41.65863],[-0.85907,41.65848],[-0.85908,41.65798],[-0.8586,41.65706]]]}},{"type":"Feature","properties":{"id":"5029710085"},"geometry":{"type":"Polygon","coordinates":[[[-0.87057,41.69169],[-0.87112,41.6896],[-0.87183,41.68806],[-0.87276,41.68671],[-0.87559,41.6868],[-0.87555,41.68808],[-0.87758,41.68816],[-0.87761,41.69068],[-0.87665,41.69082],[-0.87496,41.69166],[-0.87486,41.6918],[-0.87347,41.69222],[-0.87306,41.69249],[-0.87191,41.69187],[-0.87057,41.69169]]]}},{"type":"Feature","properties":{"id":"5029710086"},"geometry":{"type":"Polygon","coordinates":[[[-0.87276,41.68671],[-0.87304,41.68632],[-0.87774,41.67987],[-0.87788,41.68268],[-0.87763,41.688],[-0.87752,41.68816],[-0.87555,41.68808],[-0.87559,41.6868],[-0.87276,41.68671]]]}},{"type":"Feature","properties":{"id":"5029710087"},"geometry":{"type":"Polygon","coordinates":[[[-0.85696,41.67914],[-0.8495,41.67821],[-0.84389,41.6772],[-0.84342,41.67528],[-0.84207,41.67091],[-0.84244,41.67092],[-0.84257,41.67103],[-0.84381,41.67097],[-0.85233,41.66744],[-0.85264,41.66877],[-0.85401,41.67233],[-0.85696,41.67914]]]}},{"type":"Feature","properties":{"id":"5029710088"},"geometry":{"type":"Polygon","coordinates":[[[-0.86695,41.66453],[-0.865,41.66212],[-0.86754,41.66105],[-0.86808,41.66143],[-0.86926,41.66202],[-0.86695,41.66453]]]}},{"type":"Feature","properties":{"id":"5029710089"},"geometry":{"type":"Polygon","coordinates":[[[-0.86902,41.66584],[-0.86695,41.66453],[-0.86924,41.66204],[-0.87089,41.66292],[-0.86902,41.66584]]]}},{"type":"Feature","properties":{"id":"5029710090"},"geometry":{"type":"Polygon","coordinates":[[[-0.86129,41.66091],[-0.86153,41.65863],[-0.86284,41.65705],[-0.86356,41.65807],[-0.86439,41.65772],[-0.86605,41.6598],[-0.86395,41.66073],[-0.86369,41.66039],[-0.86129,41.66091]]]}},{"type":"Feature","properties":{"id":"5029710091"},"geometry":{"type":"Polygon","coordinates":[[[-0.85898,41.65959],[-0.86026,41.65965],[-0.86021,41.66049],[-0.86133,41.66056],[-0.86129,41.66091],[-0.85879,41.66144],[-0.85898,41.65959]]]}},{"type":"Feature","properties":{"id":"5029710092"},"geometry":{"type":"Polygon","coordinates":[[[-0.88484,41.67738],[-0.88685,41.67739],[-0.88684,41.67792],[-0.8873,41.67792],[-0.88725,41.67973],[-0.88558,41.67972],[-0.88561,41.67826],[-0.88582,41.67818],[-0.88583,41.67788],[-0.88507,41.67787],[-0.88485,41.67779],[-0.88484,41.67738]]]}},{"type":"Feature","properties":{"id":"5029710093"},"geometry":{"type":"Polygon","coordinates":[[[-0.86533,41.65392],[-0.8625,41.6575],[-0.8617,41.65846],[-0.86087,41.65769],[-0.86052,41.6572],[-0.86037,41.6568],[-0.86038,41.65587],[-0.86242,41.65306],[-0.86533,41.65392]]]}},{"type":"Feature","properties":{"id":"5029710094"},"geometry":{"type":"Polygon","coordinates":[[[-0.87494,41.6719],[-0.87699,41.67195],[-0.87707,41.67443],[-0.8749,41.67437],[-0.87494,41.6719]]]}},{"type":"Feature","properties":{"id":"5029711001"},"geometry":{"type":"Polygon","coordinates":[[[-0.89652,41.68675],[-0.89721,41.68684],[-0.89753,41.68679],[-0.89856,41.68694],[-0.89935,41.68675],[-0.90101,41.68682],[-0.90187,41.68637],[-0.90337,41.68743],[-0.90493,41.6881],[-0.90985,41.68943],[-0.91581,41.69293],[-0.91969,41.69417],[-0.92235,41.69433],[-0.92859,41.6917],[-0.93284,41.68766],[-0.9363,41.6869],[-0.9383,41.68726],[-0.94168,41.68894],[-0.9438,41.69088],[-0.94494,41.69264],[-0.94478,41.69521],[-0.94394,41.69622],[-0.94005,41.6969],[-0.93613,41.69778],[-0.93584,41.69907],[-0.93863,41.70222],[-0.94186,41.70432],[-0.94191,41.70593],[-0.94447,41.70896],[-0.9428,41.70948],[-0.94383,41.71033],[-0.94444,41.71065],[-0.94471,41.71201],[-0.94525,41.71368],[-0.94564,41.71432],[-0.94591,41.71511],[-0.94631,41.71672],[-0.94473,41.71648],[-0.94495,41.71722],[-0.94414,41.7189],[-0.94359,41.7196],[-0.94449,41.72014],[-0.94613,41.72137],[-0.94969,41.72301],[-0.94973,41.72402],[-0.95045,41.72466],[-0.95138,41.72522],[-0.95277,41.72695],[-0.95293,41.72745],[-0.95327,41.72799],[-0.95345,41.72865],[-0.95368,41.72962],[-0.95365,41.73036],[-0.9546,41.73118],[-0.9546,41.73179],[-0.95476,41.73239],[-0.95556,41.73354],[-0.95591,41.73454],[-0.95587,41.73521],[-0.95603,41.73584],[-0.95632,41.73632],[-0.95696,41.73673],[-0.95691,41.7383],[-0.95667,41.73879],[-0.95646,41.74052],[-0.95659,41.74119],[-0.95661,41.74233],[-0.95639,41.74349],[-0.95574,41.74467],[-0.95478,41.74532],[-0.95433,41.74584],[-0.9538,41.74813],[-0.95428,41.74903],[-0.95499,41.74982],[-0.95582,41.75025],[-0.95649,41.75079],[-0.95663,41.75116],[-0.95719,41.75192],[-0.9579,41.75364],[-0.95837,41.75412],[-0.9597,41.75491],[-0.96041,41.75565],[-0.96181,41.7564],[-0.96282,41.75676],[-0.96387,41.75731],[-0.96459,41.75872],[-0.96632,41.7589],[-0.96988,41.76152],[-0.97201,41.76249],[-0.97337,41.76297],[-0.97438,41.7632],[-0.97579,41.76284],[-0.97706,41.7621],[-0.97853,41.76068],[-0.97932,41.7585],[-0.97856,41.75749],[-0.9785,41.75625],[-0.97925,41.75587],[-0.98052,41.75589],[-0.9815,41.75543],[-0.98231,41.75482],[-0.98201,41.75384],[-0.98118,41.75276],[-0.97986,41.75168],[-0.97906,41.75135],[-0.97908,41.75064],[-0.98109,41.74827],[-0.98106,41.74759],[-0.98062,41.74682],[-0.97977,41.74577],[-0.97941,41.74506],[-0.97994,41.74425],[-0.98142,41.74424],[-0.985,41.74375],[-0.98667,41.74313],[-0.98789,41.74151],[-0.98872,41.74094],[-0.99063,41.73862],[-0.99101,41.73795],[-0.99486,41.74056],[-0.99715,41.7441],[-0.99877,41.74484],[-0.99971,41.74544],[-1.00129,41.74709],[-1.00462,41.74921],[-1.00491,41.7492],[-1.00564,41.74962],[-1.00444,41.7509],[-1.0057,41.75188],[-1.0067,41.75244],[-1.00946,41.75338],[-1.01173,41.75388],[-1.01437,41.75461],[-1.0176,41.75705],[-1.0194,41.75942],[-1.02242,41.76052],[-1.02484,41.76214],[-1.02778,41.7631],[-1.03012,41.76353],[-1.03384,41.76542],[-1.03699,41.76755],[-1.04136,41.76893],[-1.04376,41.77095],[-1.05175,41.77616],[-1.05327,41.77728],[-1.05371,41.77875],[-1.05689,41.7818],[-1.05993,41.78339],[-1.06177,41.78555],[-1.06308,41.78753],[-1.0658,41.79096],[-1.07026,41.79246],[-1.07421,41.79394],[-1.07529,41.79426],[-1.07836,41.79489],[-1.08144,41.79638],[-1.08323,41.79703],[-1.08432,41.79729],[-1.08508,41.79645],[-1.08571,41.79761],[-1.08756,41.79828],[-1.08936,41.79909],[-1.09184,41.79968],[-1.09418,41.80012],[-1.09723,41.80021],[-1.10461,41.80081],[-1.10692,41.80022],[-1.10805,41.79984],[-1.10926,41.80036],[-1.11051,41.80075],[-1.11311,41.80092],[-1.11895,41.80098],[-1.12159,41.80159],[-1.12294,41.80426],[-1.11996,41.80945],[-1.11779,41.81286],[-1.11483,41.8164],[-1.11264,41.82013],[-1.10791,41.82546],[-1.10928,41.8394],[-1.109,41.84328],[-1.10395,41.84591],[-1.10328,41.85107],[-1.09741,41.85302],[-1.0966,41.85507],[-1.09129,41.85884],[-1.09017,41.86045],[-1.0895,41.86119],[-1.08811,41.8633],[-1.08197,41.86647],[-1.08146,41.86684],[-1.08063,41.86984],[-1.07922,41.87034],[-1.07879,41.87074],[-1.07731,41.87316],[-1.0768,41.87522],[-1.07696,41.87791],[-1.07676,41.87994],[-1.07686,41.88133],[-1.07732,41.88267],[-1.07795,41.88402],[-1.07889,41.88531],[-1.07967,41.88611],[-1.07913,41.88645],[-1.07558,41.88929],[-1.06963,41.89312],[-1.06536,41.8957],[-1.05848,41.8984],[-1.04994,41.89873],[-1.04387,41.90047],[-1.02744,41.90301],[-1.02557,41.90522],[-1.02444,41.9069],[-1.02262,41.9099],[-1.02018,41.91443],[-1.01298,41.91711],[-1.0113,41.91806],[-1.01084,41.91882],[-1.00953,41.91952],[-1.00424,41.91907],[-1.00218,41.92114],[-0.99899,41.92156],[-0.99771,41.92187],[-0.99516,41.92323],[-0.99262,41.92481],[-0.98956,41.92535],[-0.98497,41.92586],[-0.98188,41.92699],[-0.97954,41.92803],[-0.97797,41.92849],[-0.97766,41.92783],[-0.9774,41.92761],[-0.97728,41.92714],[-0.97648,41.92603],[-0.97641,41.92497],[-0.97624,41.92444],[-0.976,41.92415],[-0.97492,41.92337],[-0.97463,41.92342],[-0.97386,41.92384],[-0.9734,41.92437],[-0.96982,41.92481],[-0.96711,41.92457],[-0.96517,41.92467],[-0.96476,41.92634],[-0.9649,41.92657],[-0.96484,41.92709],[-0.96409,41.92905],[-0.96198,41.93019],[-0.96018,41.93133],[-0.95883,41.93142],[-0.9572,41.93108],[-0.95613,41.93101],[-0.94996,41.92151],[-0.94972,41.92059],[-0.94911,41.91554],[-0.94871,41.91524],[-0.94874,41.91501],[-0.94838,41.91387],[-0.94745,41.91268],[-0.94754,41.91243],[-0.94721,41.91214],[-0.94676,41.91219],[-0.94637,41.91149],[-0.9465,41.91084],[-0.94539,41.91034],[-0.94494,41.91002],[-0.94466,41.90953],[-0.94434,41.90872],[-0.94447,41.90834],[-0.9443,41.90796],[-0.94428,41.90728],[-0.94403,41.90694],[-0.94411,41.90594],[-0.94385,41.9055],[-0.94402,41.90435],[-0.94291,41.90235],[-0.94249,41.90187],[-0.94155,41.90122],[-0.94007,41.89927],[-0.93901,41.89838],[-0.93806,41.89718],[-0.93769,41.89649],[-0.9363,41.89495],[-0.93585,41.89416],[-0.93584,41.89398],[-0.9369,41.89326],[-0.93709,41.89262],[-0.93697,41.89187],[-0.93638,41.89102],[-0.93545,41.88768],[-0.93495,41.88665],[-0.93469,41.8849],[-0.93397,41.88237],[-0.93404,41.88219],[-0.93303,41.88074],[-0.93278,41.88021],[-0.93025,41.87805],[-0.92837,41.87691],[-0.92798,41.87647],[-0.92715,41.87512],[-0.92525,41.87345],[-0.92454,41.87294],[-0.9225,41.87071],[-0.92237,41.87062],[-0.92042,41.87048],[-0.92006,41.86969],[-0.91932,41.86955],[-0.91864,41.86883],[-0.91791,41.86828],[-0.91723,41.86797],[-0.91692,41.86759],[-0.91588,41.86672],[-0.91543,41.86646],[-0.91478,41.86637],[-0.91347,41.866],[-0.91328,41.86587],[-0.91213,41.86424],[-0.9112,41.86326],[-0.91001,41.86142],[-0.9087,41.86088],[-0.90745,41.86],[-0.90384,41.85641],[-0.89802,41.85144],[-0.89505,41.84905],[-0.89444,41.84869],[-0.89419,41.84847],[-0.89384,41.84783],[-0.8848,41.84362],[-0.88453,41.8432],[-0.89465,41.84508],[-0.89963,41.84275],[-0.90559,41.84187],[-0.90761,41.84166],[-0.90813,41.84153],[-0.90929,41.8383],[-0.91032,41.83645],[-0.91127,41.83505],[-0.91182,41.83446],[-0.91175,41.83357],[-0.9119,41.83341],[-0.91193,41.83281],[-0.91337,41.83173],[-0.91451,41.83055],[-0.91617,41.8285],[-0.91659,41.82763],[-0.9166,41.82685],[-0.91688,41.8256],[-0.91877,41.82412],[-0.92152,41.82268],[-0.92246,41.82196],[-0.92279,41.82138],[-0.92271,41.82031],[-0.92281,41.81968],[-0.92313,41.81859],[-0.9234,41.81813],[-0.92423,41.81734],[-0.92657,41.8136],[-0.92741,41.81251],[-0.92982,41.80892],[-0.93067,41.80795],[-0.93208,41.80563],[-0.93369,41.80213],[-0.93479,41.80133],[-0.93564,41.8003],[-0.936,41.7996],[-0.93602,41.79928],[-0.93595,41.79793],[-0.93603,41.79656],[-0.93578,41.79568],[-0.93576,41.79485],[-0.93521,41.79103],[-0.93509,41.789],[-0.93278,41.78897],[-0.92806,41.78863],[-0.92227,41.78867],[-0.91905,41.78857],[-0.91777,41.78832],[-0.91484,41.78729],[-0.91356,41.78659],[-0.91259,41.78572],[-0.90858,41.785],[-0.90587,41.78382],[-0.90071,41.78184],[-0.89815,41.78071],[-0.89736,41.78046],[-0.89435,41.77997],[-0.89135,41.77744],[-0.89028,41.77601],[-0.89088,41.77518],[-0.89242,41.77344],[-0.89294,41.77248],[-0.89423,41.7706],[-0.89498,41.76873],[-0.89539,41.76712],[-0.8965,41.76495],[-0.89408,41.76015],[-0.88082,41.75401],[-0.87423,41.7507],[-0.86269,41.7451],[-0.86113,41.74421],[-0.86074,41.74348],[-0.86026,41.74096],[-0.85878,41.73926],[-0.85671,41.73656],[-0.8553,41.73288],[-0.85457,41.73174],[-0.8513,41.72832],[-0.85307,41.72456],[-0.86001,41.71273],[-0.86779,41.70115],[-0.86882,41.69945],[-0.87057,41.69169],[-0.87191,41.69187],[-0.87306,41.69249],[-0.87347,41.69222],[-0.87486,41.6918],[-0.87496,41.69166],[-0.87665,41.69082],[-0.87844,41.69059],[-0.8795,41.69056],[-0.88213,41.69004],[-0.88335,41.69],[-0.88369,41.69005],[-0.88461,41.69047],[-0.88518,41.69061],[-0.88621,41.69066],[-0.88712,41.69031],[-0.88931,41.68993],[-0.88949,41.68964],[-0.88963,41.68892],[-0.88994,41.68818],[-0.89025,41.68779],[-0.89034,41.68783],[-0.89048,41.68769],[-0.8912,41.68814],[-0.89194,41.68819],[-0.89216,41.68829],[-0.8923,41.68854],[-0.89308,41.68884],[-0.89349,41.68861],[-0.89445,41.68871],[-0.8952,41.68805],[-0.89535,41.68784],[-0.89541,41.68742],[-0.89652,41.68675]]]}},{"type":"Feature","properties":{"id":"5029711003"},"geometry":{"type":"Polygon","coordinates":[[[-0.84843,41.7109],[-0.8588,41.68818],[-0.85908,41.68764],[-0.85932,41.68762],[-0.86079,41.68831],[-0.86129,41.68806],[-0.86142,41.68788],[-0.86174,41.68801],[-0.8617,41.68812],[-0.86211,41.68856],[-0.86294,41.6889],[-0.86349,41.68931],[-0.8637,41.68929],[-0.86397,41.68912],[-0.86408,41.68918],[-0.86405,41.69014],[-0.86415,41.6905],[-0.86545,41.69103],[-0.86568,41.6915],[-0.86627,41.69163],[-0.86662,41.69128],[-0.8674,41.69109],[-0.86776,41.69091],[-0.8681,41.6911],[-0.86837,41.6914],[-0.86882,41.69163],[-0.869,41.69197],[-0.86923,41.69206],[-0.86928,41.69262],[-0.86895,41.69305],[-0.86929,41.69348],[-0.87008,41.69398],[-0.86882,41.69945],[-0.86779,41.70115],[-0.86001,41.71273],[-0.85307,41.72456],[-0.8513,41.72832],[-0.85457,41.73174],[-0.8553,41.73288],[-0.85671,41.73656],[-0.85878,41.73926],[-0.86026,41.74096],[-0.86074,41.74348],[-0.86113,41.74421],[-0.86269,41.7451],[-0.86025,41.74392],[-0.85951,41.74045],[-0.85915,41.74034],[-0.85821,41.73947],[-0.85497,41.73759],[-0.84916,41.73455],[-0.84829,41.73393],[-0.84615,41.7329],[-0.84425,41.7324],[-0.83136,41.72828],[-0.8322,41.72703],[-0.83253,41.72613],[-0.8343,41.72431],[-0.83678,41.72227],[-0.83795,41.72044],[-0.83866,41.71961],[-0.84001,41.7186],[-0.84136,41.71731],[-0.84174,41.71707],[-0.84238,41.71685],[-0.84326,41.71625],[-0.84408,41.71484],[-0.84495,41.71377],[-0.84617,41.71267],[-0.84843,41.7109]]]}},{"type":"Feature","properties":{"id":"5029711004"},"geometry":{"type":"Polygon","coordinates":[[[-0.80106,41.71651],[-0.80212,41.7163],[-0.80235,41.71701],[-0.80229,41.71754],[-0.8024,41.71795],[-0.80181,41.71795],[-0.80163,41.71804],[-0.80205,41.71893],[-0.80213,41.71948],[-0.8023,41.71969],[-0.80245,41.7203],[-0.80232,41.72235],[-0.80372,41.72347],[-0.80663,41.72551],[-0.80728,41.72535],[-0.80708,41.72729],[-0.81004,41.72718],[-0.81013,41.72621],[-0.81474,41.7261],[-0.81634,41.72391],[-0.81751,41.72406],[-0.8173,41.72439],[-0.81725,41.72503],[-0.81692,41.72567],[-0.82232,41.72649],[-0.82334,41.7268],[-0.8226,41.7274],[-0.8218,41.72939],[-0.81977,41.72973],[-0.81776,41.73087],[-0.81399,41.73407],[-0.81358,41.73472],[-0.81367,41.73574],[-0.81358,41.73584],[-0.81007,41.73827],[-0.80935,41.74043],[-0.81098,41.74223],[-0.80983,41.74397],[-0.80512,41.7468],[-0.80463,41.74957],[-0.80413,41.75132],[-0.805,41.75363],[-0.80375,41.75596],[-0.80288,41.76059],[-0.80416,41.76178],[-0.80338,41.76229],[-0.80401,41.76334],[-0.80499,41.76275],[-0.80546,41.76306],[-0.80569,41.7629],[-0.80604,41.76344],[-0.80495,41.76412],[-0.80659,41.76545],[-0.80689,41.7662],[-0.80707,41.768],[-0.80605,41.77076],[-0.80119,41.77443],[-0.8015,41.77622],[-0.80132,41.77785],[-0.801,41.7783],[-0.80003,41.7807],[-0.79964,41.78138],[-0.79842,41.78213],[-0.7966,41.78375],[-0.79851,41.7857],[-0.80079,41.78624],[-0.803,41.78744],[-0.80329,41.78973],[-0.80328,41.79177],[-0.80244,41.79315],[-0.803,41.79331],[-0.80242,41.79544],[-0.80219,41.79582],[-0.80196,41.79592],[-0.79953,41.79607],[-0.79658,41.79713],[-0.79519,41.79613],[-0.79413,41.79604],[-0.79304,41.79574],[-0.7924,41.79535],[-0.79192,41.7921],[-0.79209,41.79132],[-0.79244,41.79073],[-0.79298,41.79032],[-0.79356,41.78967],[-0.79372,41.78915],[-0.79359,41.78821],[-0.78509,41.78726],[-0.78479,41.78768],[-0.78434,41.78776],[-0.78063,41.78695],[-0.77816,41.78614],[-0.77418,41.78517],[-0.77294,41.78512],[-0.7719,41.78495],[-0.77079,41.7852],[-0.76877,41.78486],[-0.76641,41.78467],[-0.76483,41.78506],[-0.76386,41.78539],[-0.76102,41.78591],[-0.75949,41.78646],[-0.75654,41.78716],[-0.75567,41.78692],[-0.75428,41.78686],[-0.75256,41.78748],[-0.75092,41.78784],[-0.75003,41.78828],[-0.74723,41.78905],[-0.74505,41.78946],[-0.74478,41.7895],[-0.74298,41.78931],[-0.74099,41.78971],[-0.73929,41.79014],[-0.73824,41.7899],[-0.73726,41.78986],[-0.73619,41.79045],[-0.73523,41.79156],[-0.73465,41.79258],[-0.73433,41.79279],[-0.73284,41.79308],[-0.73085,41.79307],[-0.72958,41.79267],[-0.72835,41.79183],[-0.72713,41.79085],[-0.72658,41.79022],[-0.72614,41.79009],[-0.72576,41.78974],[-0.72506,41.78938],[-0.72368,41.78895],[-0.72094,41.78864],[-0.71983,41.78749],[-0.7188,41.78692],[-0.71834,41.78679],[-0.71761,41.78679],[-0.71688,41.78698],[-0.71624,41.78748],[-0.71586,41.78738],[-0.71548,41.78725],[-0.71469,41.78676],[-0.714,41.78652],[-0.71278,41.78581],[-0.712,41.78559],[-0.71147,41.78502],[-0.71083,41.78368],[-0.71059,41.78347],[-0.7097,41.78215],[-0.70859,41.78118],[-0.70717,41.78052],[-0.70559,41.78028],[-0.70479,41.78046],[-0.704,41.78033],[-0.70351,41.7807],[-0.7031,41.78074],[-0.70281,41.78075],[-0.70199,41.78049],[-0.70064,41.77982],[-0.70009,41.77971],[-0.6996,41.77922],[-0.69679,41.77785],[-0.69371,41.77585],[-0.69256,41.77471],[-0.69159,41.77257],[-0.6897,41.76987],[-0.69014,41.76842],[-0.69058,41.76764],[-0.6912,41.76606],[-0.69275,41.76474],[-0.69528,41.76223],[-0.69761,41.76179],[-0.70094,41.75993],[-0.70276,41.75869],[-0.70443,41.7581],[-0.70676,41.75919],[-0.70789,41.75922],[-0.70874,41.75887],[-0.71241,41.75829],[-0.71348,41.75823],[-0.71405,41.75798],[-0.71498,41.7579],[-0.71673,41.75656],[-0.71339,41.75412],[-0.71117,41.75126],[-0.71116,41.75102],[-0.71261,41.74695],[-0.71258,41.74455],[-0.7128,41.74334],[-0.71319,41.74201],[-0.71204,41.74241],[-0.71182,41.74239],[-0.71185,41.74215],[-0.71303,41.74185],[-0.71309,41.74166],[-0.71261,41.74037],[-0.71331,41.74068],[-0.71353,41.74092],[-0.71413,41.74122],[-0.71534,41.74097],[-0.71602,41.74102],[-0.71652,41.7409],[-0.71742,41.74044],[-0.71805,41.74037],[-0.71917,41.7398],[-0.71964,41.73971],[-0.7206,41.73986],[-0.72153,41.73964],[-0.72275,41.73996],[-0.72369,41.73999],[-0.72474,41.73981],[-0.7251,41.73965],[-0.7257,41.73977],[-0.72698,41.73968],[-0.73094,41.73938],[-0.73246,41.73904],[-0.7334,41.73896],[-0.73631,41.7389],[-0.73632,41.73865],[-0.73707,41.73807],[-0.73826,41.73877],[-0.73872,41.73916],[-0.73898,41.73991],[-0.74047,41.74119],[-0.74126,41.74268],[-0.74194,41.74293],[-0.74213,41.74309],[-0.74205,41.74382],[-0.74227,41.74403],[-0.74498,41.74421],[-0.74586,41.74364],[-0.74614,41.74359],[-0.74711,41.74389],[-0.74807,41.74451],[-0.74974,41.74387],[-0.75088,41.74368],[-0.75264,41.74287],[-0.75317,41.74277],[-0.75633,41.74265],[-0.75663,41.7426],[-0.75746,41.74203],[-0.75781,41.74196],[-0.75836,41.74209],[-0.75903,41.74244],[-0.76061,41.74268],[-0.76146,41.74252],[-0.76293,41.74205],[-0.76386,41.74198],[-0.76466,41.74148],[-0.76633,41.74138],[-0.7676,41.7411],[-0.76883,41.74118],[-0.76945,41.74094],[-0.77009,41.74046],[-0.77149,41.73982],[-0.773,41.73963],[-0.77468,41.73891],[-0.77535,41.73871],[-0.77977,41.73849],[-0.77911,41.73732],[-0.77898,41.73529],[-0.77842,41.73327],[-0.77828,41.73303],[-0.7749,41.73136],[-0.774,41.73118],[-0.77369,41.73102],[-0.77347,41.73075],[-0.77363,41.73054],[-0.77474,41.7304],[-0.77582,41.72968],[-0.77683,41.72987],[-0.77772,41.7298],[-0.77798,41.7297],[-0.77826,41.72944],[-0.77925,41.72968],[-0.77951,41.72956],[-0.77976,41.72916],[-0.77994,41.72904],[-0.78272,41.7288],[-0.78304,41.7286],[-0.78146,41.72844],[-0.78079,41.72827],[-0.78012,41.7279],[-0.78013,41.72715],[-0.77983,41.72659],[-0.77909,41.72585],[-0.77898,41.72563],[-0.77912,41.72497],[-0.77965,41.72439],[-0.78007,41.72419],[-0.78147,41.72288],[-0.78158,41.72266],[-0.78272,41.72178],[-0.78274,41.72143],[-0.78355,41.72107],[-0.78422,41.721],[-0.78583,41.72048],[-0.78777,41.71952],[-0.78867,41.71892],[-0.78921,41.71811],[-0.78857,41.71711],[-0.7886,41.71639],[-0.78831,41.71524],[-0.78861,41.7154],[-0.7893,41.71544],[-0.79075,41.71603],[-0.79217,41.71632],[-0.79227,41.71628],[-0.79185,41.71529],[-0.793,41.71504],[-0.79316,41.71507],[-0.7937,41.71581],[-0.7941,41.71618],[-0.79443,41.71615],[-0.79703,41.7165],[-0.79906,41.71686],[-0.80017,41.71645],[-0.80106,41.71651]]]}},{"type":"Feature","properties":{"id":"5029711006"},"geometry":{"type":"Polygon","coordinates":[[[-0.83848,41.66931],[-0.83847,41.66745],[-0.83737,41.66557],[-0.83587,41.6615],[-0.83693,41.65667],[-0.83683,41.65636],[-0.82609,41.65069],[-0.81321,41.64484],[-0.81177,41.64431],[-0.80766,41.64349],[-0.80622,41.64312],[-0.8058,41.64292],[-0.80533,41.64262],[-0.80072,41.63791],[-0.7911,41.62718],[-0.79128,41.62623],[-0.79155,41.62573],[-0.79212,41.6235],[-0.79229,41.62321],[-0.79262,41.62275],[-0.79383,41.62304],[-0.79504,41.62123],[-0.79487,41.6202],[-0.79506,41.61936],[-0.79564,41.61906],[-0.79599,41.61903],[-0.79621,41.61892],[-0.79751,41.61921],[-0.79927,41.61564],[-0.80041,41.61359],[-0.80033,41.61597],[-0.80061,41.61629],[-0.80435,41.61715],[-0.80577,41.61717],[-0.80817,41.61665],[-0.81062,41.61593],[-0.81539,41.61474],[-0.818,41.61419],[-0.82006,41.61407],[-0.82256,41.61415],[-0.82544,41.61461],[-0.82808,41.61546],[-0.83162,41.61735],[-0.83326,41.61835],[-0.8384,41.62103],[-0.83941,41.62196],[-0.84082,41.62355],[-0.84096,41.62699],[-0.84024,41.63016],[-0.83914,41.63271],[-0.83894,41.63364],[-0.83728,41.63692],[-0.83533,41.64018],[-0.83456,41.64183],[-0.83437,41.64261],[-0.83442,41.64362],[-0.83513,41.64498],[-0.83626,41.64626],[-0.83715,41.64706],[-0.83793,41.64757],[-0.84004,41.6484],[-0.84141,41.64874],[-0.84557,41.64929],[-0.84803,41.64971],[-0.84819,41.65037],[-0.84816,41.65068],[-0.848,41.65088],[-0.8478,41.65233],[-0.8479,41.65269],[-0.84836,41.65307],[-0.84898,41.65406],[-0.84975,41.65488],[-0.84979,41.65523],[-0.84972,41.65585],[-0.84947,41.65636],[-0.8491,41.65667],[-0.84843,41.65699],[-0.84733,41.65796],[-0.84642,41.65898],[-0.84616,41.65944],[-0.84666,41.66014],[-0.84692,41.66073],[-0.84677,41.66122],[-0.84597,41.66223],[-0.84386,41.66406],[-0.84274,41.66589],[-0.84219,41.66708],[-0.84186,41.66837],[-0.84183,41.67012],[-0.84209,41.67091],[-0.8404,41.67067],[-0.83848,41.66931]]]}},{"type":"Feature","properties":{"id":"5029711007"},"geometry":{"type":"Polygon","coordinates":[[[-0.81692,41.72567],[-0.81725,41.72503],[-0.8173,41.72439],[-0.81751,41.72406],[-0.81634,41.72391],[-0.81474,41.7261],[-0.81011,41.72617],[-0.81069,41.72399],[-0.81078,41.72328],[-0.81019,41.71986],[-0.81007,41.71747],[-0.81056,41.71665],[-0.81086,41.7159],[-0.81071,41.71459],[-0.81105,41.71462],[-0.81142,41.71347],[-0.81255,41.71108],[-0.81406,41.70722],[-0.81519,41.70197],[-0.81523,41.69965],[-0.81606,41.69796],[-0.81635,41.69642],[-0.81662,41.69607],[-0.81955,41.69471],[-0.82037,41.69403],[-0.82481,41.69154],[-0.82809,41.68829],[-0.8287,41.68698],[-0.82895,41.68385],[-0.8289,41.68259],[-0.82993,41.6788],[-0.82962,41.67617],[-0.83011,41.67457],[-0.83043,41.67394],[-0.83089,41.67348],[-0.83137,41.67318],[-0.83231,41.67289],[-0.83445,41.67265],[-0.83532,41.67237],[-0.83621,41.67191],[-0.83599,41.67325],[-0.83504,41.67574],[-0.84382,41.67716],[-0.84364,41.67731],[-0.84348,41.67865],[-0.84361,41.67879],[-0.84355,41.6796],[-0.84407,41.68202],[-0.84416,41.68342],[-0.84349,41.68557],[-0.84284,41.68631],[-0.84277,41.68656],[-0.8433,41.68785],[-0.84348,41.68867],[-0.84326,41.68968],[-0.84242,41.69066],[-0.84049,41.69211],[-0.83853,41.69274],[-0.83687,41.69345],[-0.83468,41.69621],[-0.83394,41.69633],[-0.83283,41.69627],[-0.83205,41.69654],[-0.83166,41.69704],[-0.8313,41.6984],[-0.83111,41.69859],[-0.83076,41.6994],[-0.82912,41.70008],[-0.8286,41.70058],[-0.82779,41.70189],[-0.82763,41.70334],[-0.82831,41.70465],[-0.82837,41.70575],[-0.82973,41.70796],[-0.83049,41.70898],[-0.83075,41.70954],[-0.83082,41.71008],[-0.83074,41.71065],[-0.83012,41.71163],[-0.83031,41.71242],[-0.8301,41.7137],[-0.82971,41.71467],[-0.8295,41.71569],[-0.8297,41.71744],[-0.83061,41.71947],[-0.83067,41.71991],[-0.83054,41.72056],[-0.83021,41.72093],[-0.82965,41.72132],[-0.82616,41.72333],[-0.8256,41.724],[-0.82534,41.72499],[-0.82484,41.72553],[-0.82334,41.7268],[-0.82232,41.72649],[-0.81692,41.72567]]]}},{"type":"Feature","properties":{"id":"5029711008"},"geometry":{"type":"Polygon","coordinates":[[[-0.80708,41.72729],[-0.80728,41.72535],[-0.80663,41.72551],[-0.80372,41.72347],[-0.80232,41.72235],[-0.80245,41.7203],[-0.8023,41.71969],[-0.80213,41.71948],[-0.80205,41.71893],[-0.80163,41.71804],[-0.80181,41.71795],[-0.8024,41.71795],[-0.80229,41.71754],[-0.80235,41.71701],[-0.80212,41.7163],[-0.80106,41.71651],[-0.79958,41.71338],[-0.80043,41.71308],[-0.80095,41.71301],[-0.8017,41.71246],[-0.80215,41.71198],[-0.80252,41.71136],[-0.80282,41.71055],[-0.80281,41.70995],[-0.80304,41.70877],[-0.80294,41.70849],[-0.80306,41.70827],[-0.80333,41.70439],[-0.8036,41.70353],[-0.80349,41.70267],[-0.80362,41.70219],[-0.80342,41.69918],[-0.80371,41.69624],[-0.8032,41.69526],[-0.80393,41.69528],[-0.80438,41.69486],[-0.8052,41.69375],[-0.80612,41.69211],[-0.80666,41.69143],[-0.80782,41.6908],[-0.80766,41.69054],[-0.80765,41.69023],[-0.80963,41.68926],[-0.81017,41.68681],[-0.80944,41.68684],[-0.80889,41.68614],[-0.80973,41.68434],[-0.80984,41.68343],[-0.81007,41.68286],[-0.80999,41.68274],[-0.80963,41.68266],[-0.80928,41.68243],[-0.81002,41.68057],[-0.80985,41.67941],[-0.8095,41.67911],[-0.80934,41.67838],[-0.8113,41.67861],[-0.81443,41.67836],[-0.81516,41.67842],[-0.81528,41.67821],[-0.81553,41.67815],[-0.81627,41.67819],[-0.81783,41.67798],[-0.81842,41.67803],[-0.81989,41.67751],[-0.82262,41.67614],[-0.82326,41.67591],[-0.82616,41.67518],[-0.82601,41.67494],[-0.82629,41.67438],[-0.82991,41.67526],[-0.82962,41.67617],[-0.82993,41.6788],[-0.8289,41.68259],[-0.82895,41.68385],[-0.82864,41.68723],[-0.82809,41.68829],[-0.82481,41.69154],[-0.82037,41.69403],[-0.81955,41.69471],[-0.81678,41.69599],[-0.81639,41.69634],[-0.81606,41.69796],[-0.81523,41.69965],[-0.81519,41.70197],[-0.81406,41.70722],[-0.81255,41.71108],[-0.81142,41.71347],[-0.81105,41.71462],[-0.81071,41.71459],[-0.81086,41.7159],[-0.81056,41.71665],[-0.81007,41.71747],[-0.81019,41.71986],[-0.81078,41.72328],[-0.81069,41.72399],[-0.81011,41.72617],[-0.81004,41.72718],[-0.80708,41.72729]]]}},{"type":"Feature","properties":{"id":"5029711009"},"geometry":{"type":"Polygon","coordinates":[[[-0.83482,41.66745],[-0.83042,41.66679],[-0.82812,41.66691],[-0.82498,41.66651],[-0.82534,41.66642],[-0.8221,41.66372],[-0.82222,41.66375],[-0.82251,41.66277],[-0.82431,41.66355],[-0.82761,41.66463],[-0.82824,41.66477],[-0.83113,41.66524],[-0.83523,41.66547],[-0.83726,41.66548],[-0.83747,41.66566],[-0.83847,41.66745],[-0.83848,41.66931],[-0.83613,41.66773],[-0.83482,41.66745]]]}},{"type":"Feature","properties":{"id":"5029711010"},"geometry":{"type":"Polygon","coordinates":[[[-0.83461,41.6726],[-0.8335,41.67276],[-0.83369,41.67249],[-0.83417,41.67214],[-0.83443,41.6717],[-0.83542,41.67087],[-0.83583,41.67026],[-0.83604,41.66957],[-0.8347,41.669],[-0.83485,41.66882],[-0.83482,41.66745],[-0.83577,41.6676],[-0.83626,41.66781],[-0.8404,41.67067],[-0.84207,41.67091],[-0.84342,41.67528],[-0.84382,41.67716],[-0.83504,41.67574],[-0.83599,41.67325],[-0.83621,41.67191],[-0.83532,41.67237],[-0.83461,41.6726]]]}},{"type":"Feature","properties":{"id":"5029711011"},"geometry":{"type":"Polygon","coordinates":[[[-0.80949,41.6784],[-0.80925,41.67812],[-0.80937,41.6778],[-0.80921,41.67718],[-0.80933,41.67578],[-0.80877,41.67341],[-0.80889,41.673],[-0.80786,41.6726],[-0.80772,41.67142],[-0.80738,41.67095],[-0.80764,41.6697],[-0.80305,41.66678],[-0.80199,41.66523],[-0.80055,41.66531],[-0.80058,41.66469],[-0.80019,41.66447],[-0.79677,41.66381],[-0.7938,41.66287],[-0.78258,41.65899],[-0.78144,41.65883],[-0.78031,41.65846],[-0.77894,41.65776],[-0.77728,41.65709],[-0.77074,41.6547],[-0.76861,41.65321],[-0.76771,41.65234],[-0.76705,41.65155],[-0.76502,41.64857],[-0.76577,41.64835],[-0.76668,41.64768],[-0.76673,41.64688],[-0.77089,41.64402],[-0.77274,41.64262],[-0.77319,41.64264],[-0.77519,41.64316],[-0.77645,41.64333],[-0.77854,41.64407],[-0.77965,41.6446],[-0.78107,41.64505],[-0.78278,41.64589],[-0.7841,41.64627],[-0.78505,41.64666],[-0.78551,41.64695],[-0.78588,41.64706],[-0.78761,41.64832],[-0.78875,41.64873],[-0.78925,41.64905],[-0.7921,41.65012],[-0.79693,41.65337],[-0.80177,41.65732],[-0.80248,41.6577],[-0.80509,41.65877],[-0.80623,41.65912],[-0.81224,41.65963],[-0.81428,41.65991],[-0.81673,41.66045],[-0.81831,41.66092],[-0.82273,41.66284],[-0.82251,41.66277],[-0.82222,41.66375],[-0.8221,41.66372],[-0.82534,41.66642],[-0.82217,41.66708],[-0.82112,41.66753],[-0.82004,41.66828],[-0.81849,41.66862],[-0.81688,41.66931],[-0.81974,41.67119],[-0.82298,41.67301],[-0.8264,41.67416],[-0.82601,41.67494],[-0.82616,41.67518],[-0.82326,41.67591],[-0.82262,41.67614],[-0.81989,41.67751],[-0.81842,41.67803],[-0.81783,41.67798],[-0.81627,41.67819],[-0.81553,41.67815],[-0.81528,41.67821],[-0.81516,41.67842],[-0.81443,41.67836],[-0.8113,41.67861],[-0.80949,41.6784]]]}},{"type":"Feature","properties":{"id":"5029711012"},"geometry":{"type":"Polygon","coordinates":[[[-0.86025,41.74392],[-0.87423,41.7507],[-0.88082,41.75401],[-0.89408,41.76015],[-0.8965,41.76495],[-0.89539,41.76712],[-0.89498,41.76873],[-0.89423,41.7706],[-0.89294,41.77248],[-0.89242,41.77344],[-0.89088,41.77518],[-0.89028,41.77601],[-0.89135,41.77744],[-0.89435,41.77997],[-0.89359,41.77986],[-0.88809,41.78126],[-0.88729,41.78153],[-0.88682,41.78186],[-0.88542,41.78251],[-0.88398,41.78304],[-0.87696,41.78464],[-0.87479,41.78016],[-0.87189,41.77193],[-0.87132,41.77069],[-0.86922,41.76715],[-0.86876,41.76568],[-0.86862,41.7646],[-0.86805,41.76257],[-0.86708,41.76031],[-0.86597,41.75895],[-0.86414,41.75553],[-0.86283,41.75386],[-0.86155,41.75159],[-0.86087,41.74901],[-0.86025,41.74392]]]}},{"type":"Feature","properties":{"id":"5029711013"},"geometry":{"type":"Polygon","coordinates":[[[-0.83726,41.66548],[-0.83113,41.66524],[-0.82824,41.66477],[-0.82583,41.66407],[-0.82399,41.66343],[-0.81946,41.66138],[-0.81831,41.66092],[-0.81673,41.66045],[-0.81428,41.65991],[-0.81224,41.65963],[-0.80728,41.65923],[-0.80623,41.65912],[-0.80552,41.65894],[-0.80248,41.6577],[-0.80177,41.65732],[-0.79693,41.65337],[-0.7921,41.65012],[-0.78925,41.64905],[-0.78875,41.64873],[-0.78761,41.64832],[-0.78588,41.64706],[-0.7841,41.64627],[-0.78278,41.64589],[-0.78107,41.64505],[-0.78031,41.64485],[-0.77854,41.64407],[-0.77645,41.64333],[-0.77519,41.64316],[-0.77319,41.64264],[-0.77441,41.6412],[-0.77663,41.63818],[-0.77872,41.63558],[-0.77938,41.63561],[-0.77989,41.63546],[-0.78011,41.63496],[-0.78163,41.63521],[-0.78139,41.63445],[-0.78164,41.63355],[-0.78172,41.63298],[-0.78166,41.63247],[-0.7818,41.63198],[-0.78145,41.63128],[-0.78115,41.63106],[-0.78111,41.63096],[-0.78126,41.63078],[-0.78094,41.63006],[-0.78248,41.62979],[-0.78267,41.62966],[-0.78303,41.62753],[-0.78336,41.62664],[-0.78343,41.6266],[-0.78485,41.6277],[-0.78919,41.625],[-0.80072,41.63791],[-0.80533,41.64262],[-0.80622,41.64312],[-0.80766,41.64349],[-0.81177,41.64431],[-0.81321,41.64484],[-0.82609,41.65069],[-0.83683,41.65636],[-0.83693,41.65667],[-0.83587,41.6615],[-0.83737,41.66557],[-0.83726,41.66548]]]}},{"type":"Feature","properties":{"id":"5029711015"},"geometry":{"type":"Polygon","coordinates":[[[-0.82298,41.67301],[-0.82426,41.67008],[-0.82457,41.66955],[-0.82537,41.66863],[-0.82595,41.66731],[-0.82601,41.66697],[-0.82552,41.66687],[-0.82559,41.66656],[-0.82812,41.66691],[-0.83035,41.6668],[-0.83024,41.66727],[-0.82935,41.66886],[-0.82817,41.67067],[-0.8264,41.67416],[-0.82298,41.67301]]]}},{"type":"Feature","properties":{"id":"5029711016"},"geometry":{"type":"Polygon","coordinates":[[[-0.82499,41.66651],[-0.82559,41.66656],[-0.82552,41.66687],[-0.82601,41.66697],[-0.82595,41.66731],[-0.82537,41.66863],[-0.82457,41.66955],[-0.82426,41.67008],[-0.82298,41.67301],[-0.81974,41.67119],[-0.81688,41.66931],[-0.81849,41.66862],[-0.82004,41.66828],[-0.82112,41.66753],[-0.82217,41.66708],[-0.82499,41.66651]]]}},{"type":"Feature","properties":{"id":"5029711017"},"geometry":{"type":"Polygon","coordinates":[[[-0.8226,41.7274],[-0.82484,41.72553],[-0.82534,41.72499],[-0.8256,41.724],[-0.82616,41.72333],[-0.82965,41.72132],[-0.83021,41.72093],[-0.83054,41.72056],[-0.83067,41.71991],[-0.83061,41.71947],[-0.8297,41.71744],[-0.8295,41.71569],[-0.82971,41.71467],[-0.8301,41.7137],[-0.83031,41.71242],[-0.83012,41.71163],[-0.83074,41.71065],[-0.83082,41.71008],[-0.83075,41.70954],[-0.83049,41.70898],[-0.82973,41.70796],[-0.82837,41.70575],[-0.82831,41.70465],[-0.82763,41.70334],[-0.82779,41.70189],[-0.8286,41.70058],[-0.82912,41.70008],[-0.83076,41.6994],[-0.83111,41.69859],[-0.8313,41.6984],[-0.83166,41.69704],[-0.83205,41.69654],[-0.83283,41.69627],[-0.83394,41.69633],[-0.83468,41.69621],[-0.83687,41.69345],[-0.83853,41.69274],[-0.84049,41.69211],[-0.84242,41.69066],[-0.84326,41.68968],[-0.84348,41.68867],[-0.8433,41.68785],[-0.84277,41.68656],[-0.84284,41.68631],[-0.84349,41.68557],[-0.84416,41.68342],[-0.84407,41.68202],[-0.84355,41.6796],[-0.84361,41.67879],[-0.84348,41.67865],[-0.84347,41.67823],[-0.84364,41.67731],[-0.84382,41.67716],[-0.8495,41.67821],[-0.85363,41.67873],[-0.8529,41.68294],[-0.85049,41.68712],[-0.84762,41.68873],[-0.84621,41.68936],[-0.84817,41.69054],[-0.8565,41.69319],[-0.84843,41.7109],[-0.84617,41.71267],[-0.84495,41.71377],[-0.84408,41.71484],[-0.84326,41.71625],[-0.84238,41.71685],[-0.84174,41.71707],[-0.84136,41.71731],[-0.84001,41.7186],[-0.83866,41.71961],[-0.83795,41.72044],[-0.83678,41.72227],[-0.8343,41.72431],[-0.83253,41.72613],[-0.8322,41.72703],[-0.83136,41.72828],[-0.8276,41.72708],[-0.82676,41.727],[-0.82613,41.72821],[-0.82542,41.72898],[-0.8218,41.72939],[-0.8226,41.7274]]]}},{"type":"Feature","properties":{"id":"5029711018"},"geometry":{"type":"Polygon","coordinates":[[[-0.82991,41.67526],[-0.82629,41.67438],[-0.82817,41.67067],[-0.82935,41.66886],[-0.83024,41.66727],[-0.83035,41.6668],[-0.83482,41.66745],[-0.83485,41.66882],[-0.83471,41.66899],[-0.83421,41.66877],[-0.83255,41.6709],[-0.83226,41.67083],[-0.83124,41.67261],[-0.8317,41.67308],[-0.83089,41.67348],[-0.83043,41.67394],[-0.82991,41.67526]]]}},{"type":"Feature","properties":{"id":"5029711019"},"geometry":{"type":"Polygon","coordinates":[[[-0.83421,41.66877],[-0.83604,41.66957],[-0.83583,41.67026],[-0.83542,41.67087],[-0.83443,41.6717],[-0.83417,41.67214],[-0.83369,41.67249],[-0.8335,41.67276],[-0.83231,41.67289],[-0.8317,41.67308],[-0.83124,41.67261],[-0.83226,41.67083],[-0.83255,41.6709],[-0.83421,41.66877]]]}},{"type":"Feature","properties":{"id":"5029712001"},"geometry":{"type":"Polygon","coordinates":[[[-1.01893,41.69433],[-1.01922,41.69419],[-1.02085,41.69261],[-1.02379,41.69426],[-1.02444,41.6935],[-1.02271,41.69274],[-1.0232,41.69232],[-1.02304,41.69224],[-1.02372,41.69127],[-1.0228,41.69058],[-1.02546,41.6889],[-1.02757,41.68716],[-1.02896,41.68633],[-1.02907,41.68605],[-1.02878,41.68604],[-1.02768,41.68541],[-1.02729,41.68573],[-1.02434,41.68384],[-1.02328,41.68413],[-1.02308,41.68337],[-1.02195,41.68283],[-1.02173,41.68313],[-1.02115,41.68289],[-1.02199,41.68173],[-1.02414,41.68267],[-1.02512,41.68128],[-1.02362,41.68077],[-1.0241,41.68002],[-1.02664,41.681],[-1.02844,41.6785],[-1.03292,41.67537],[-1.03364,41.67529],[-1.03377,41.67524],[-1.03391,41.67495],[-1.04111,41.67591],[-1.04347,41.67593],[-1.04474,41.67607],[-1.04574,41.67648],[-1.04725,41.67737],[-1.05596,41.68075],[-1.05677,41.68133],[-1.05828,41.68197],[-1.05892,41.68333],[-1.05932,41.68365],[-1.06107,41.68418],[-1.06274,41.68442],[-1.06338,41.68443],[-1.06426,41.68391],[-1.06523,41.68387],[-1.06591,41.68394],[-1.06716,41.68466],[-1.06838,41.68511],[-1.06906,41.6852],[-1.07045,41.68486],[-1.07172,41.68502],[-1.07311,41.68493],[-1.07725,41.68573],[-1.07765,41.68602],[-1.07848,41.68716],[-1.07899,41.68762],[-1.07991,41.68817],[-1.08309,41.68958],[-1.08849,41.6908],[-1.09226,41.69274],[-1.09847,41.69949],[-1.09915,41.70065],[-1.09996,41.70111],[-1.10046,41.70202],[-1.10142,41.70252],[-1.1017,41.70291],[-1.10262,41.70367],[-1.10391,41.70566],[-1.10408,41.70637],[-1.10337,41.71142],[-1.10317,41.71359],[-1.10362,41.71635],[-1.1027,41.71587],[-1.09625,41.71382],[-1.08866,41.71108],[-1.08709,41.7106],[-1.08532,41.7102],[-1.08208,41.71043],[-1.07856,41.711],[-1.07745,41.71128],[-1.07546,41.71197],[-1.07508,41.71196],[-1.0731,41.71229],[-1.07276,41.71256],[-1.07212,41.71276],[-1.07067,41.71275],[-1.06995,41.71261],[-1.06636,41.71258],[-1.06568,41.7125],[-1.06522,41.71233],[-1.06444,41.71251],[-1.0639,41.71298],[-1.06276,41.71265],[-1.06064,41.71161],[-1.05768,41.71154],[-1.05661,41.71071],[-1.05484,41.71012],[-1.0534,41.70882],[-1.05277,41.70808],[-1.05116,41.70737],[-1.05002,41.70768],[-1.05004,41.70786],[-1.04962,41.70836],[-1.049,41.70942],[-1.04776,41.71058],[-1.04712,41.71147],[-1.04726,41.71244],[-1.04674,41.71335],[-1.04663,41.71345],[-1.04632,41.7134],[-1.04578,41.71348],[-1.04486,41.71284],[-1.04402,41.71248],[-1.04299,41.71224],[-1.04127,41.71147],[-1.0412,41.71089],[-1.04006,41.71019],[-1.03979,41.70987],[-1.03877,41.70937],[-1.03866,41.70919],[-1.03915,41.70857],[-1.04084,41.70701],[-1.03277,41.70021],[-1.03198,41.69855],[-1.02895,41.69742],[-1.02661,41.69719],[-1.02198,41.6951],[-1.01987,41.69475],[-1.01893,41.69433]]]}},{"type":"Feature","properties":{"id":"5029712002"},"geometry":{"type":"Polygon","coordinates":[[[-0.92832,41.67508],[-0.93982,41.66409],[-0.94166,41.66293],[-0.94359,41.66191],[-0.94472,41.66143],[-0.94505,41.66138],[-0.9466,41.66165],[-0.9463,41.6621],[-0.94635,41.66227],[-0.94678,41.66247],[-0.94935,41.66317],[-0.95154,41.66367],[-0.95216,41.66371],[-0.9533,41.66412],[-0.95559,41.66397],[-0.95604,41.66402],[-0.95624,41.66411],[-0.95661,41.66466],[-0.95827,41.66479],[-0.95982,41.66527],[-0.9626,41.66641],[-0.96425,41.6668],[-0.96415,41.66692],[-0.965,41.66737],[-0.96737,41.6676],[-0.96804,41.6679],[-0.96953,41.66823],[-0.97092,41.66895],[-0.97268,41.6701],[-0.97529,41.67116],[-0.97793,41.67274],[-0.97926,41.67254],[-0.97999,41.67228],[-0.98146,41.67232],[-0.98281,41.67289],[-0.98395,41.67304],[-0.98459,41.67334],[-0.98429,41.67545],[-0.984,41.67578],[-0.98335,41.67616],[-0.98284,41.67707],[-0.98259,41.67777],[-0.981,41.67839],[-0.97985,41.67865],[-0.97863,41.67981],[-0.97699,41.68302],[-0.97681,41.68321],[-0.97652,41.68387],[-0.97612,41.68548],[-0.97516,41.68724],[-0.97743,41.68822],[-0.97855,41.68892],[-0.97803,41.68953],[-0.97701,41.69041],[-0.97738,41.69112],[-0.97798,41.69167],[-0.97766,41.69255],[-0.97821,41.69325],[-0.97832,41.69356],[-0.97836,41.69384],[-0.97824,41.69422],[-0.97585,41.6959],[-0.97517,41.69682],[-0.97421,41.69746],[-0.96753,41.69308],[-0.96238,41.69019],[-0.95488,41.68642],[-0.9499,41.68464],[-0.94592,41.6831],[-0.94152,41.68121],[-0.938,41.67928],[-0.93634,41.67852],[-0.93066,41.67655],[-0.92832,41.67508]]]}},{"type":"Feature","properties":{"id":"5029712003"},"geometry":{"type":"Polygon","coordinates":[[[-0.94495,41.71722],[-0.94473,41.71648],[-0.94631,41.71672],[-0.94618,41.71602],[-0.94564,41.71432],[-0.94525,41.71368],[-0.94471,41.71201],[-0.94444,41.71065],[-0.94383,41.71033],[-0.9428,41.70948],[-0.94447,41.70896],[-0.94191,41.70593],[-0.94186,41.70432],[-0.93863,41.70222],[-0.93584,41.69907],[-0.93613,41.69778],[-0.94005,41.6969],[-0.94394,41.69622],[-0.94478,41.69521],[-0.94494,41.69264],[-0.9438,41.69088],[-0.94168,41.68894],[-0.9383,41.68726],[-0.9363,41.6869],[-0.93284,41.68766],[-0.92859,41.6917],[-0.92235,41.69433],[-0.91969,41.69417],[-0.91581,41.69293],[-0.90985,41.68943],[-0.90493,41.6881],[-0.90337,41.68743],[-0.90156,41.68616],[-0.90059,41.68475],[-0.90067,41.68473],[-0.90032,41.68357],[-0.90006,41.68183],[-0.90049,41.68063],[-0.90208,41.68072],[-0.91046,41.6817],[-0.91294,41.68177],[-0.91452,41.68169],[-0.91876,41.68104],[-0.92091,41.68042],[-0.92404,41.67884],[-0.92507,41.67807],[-0.92831,41.67507],[-0.93066,41.67655],[-0.93634,41.67852],[-0.938,41.67928],[-0.94152,41.68121],[-0.94592,41.6831],[-0.9499,41.68464],[-0.95488,41.68642],[-0.96238,41.69019],[-0.96753,41.69308],[-0.97421,41.69746],[-0.97517,41.69682],[-0.97585,41.6959],[-0.97824,41.69422],[-0.97836,41.69384],[-0.97832,41.69356],[-0.97821,41.69325],[-0.97766,41.69255],[-0.97798,41.69167],[-0.97738,41.69112],[-0.97701,41.69041],[-0.97803,41.68953],[-0.97855,41.68892],[-0.98276,41.69104],[-0.98719,41.69376],[-0.98744,41.6941],[-0.9857,41.6955],[-0.98559,41.69573],[-0.98523,41.69593],[-0.98392,41.69832],[-0.97981,41.70155],[-0.97893,41.70202],[-0.9794,41.7027],[-0.97854,41.70322],[-0.97814,41.70374],[-0.97771,41.70393],[-0.97753,41.70426],[-0.97715,41.70449],[-0.97362,41.70777],[-0.97437,41.70829],[-0.97324,41.71207],[-0.96897,41.71824],[-0.96804,41.71908],[-0.96659,41.72098],[-0.96794,41.72197],[-0.96737,41.72233],[-0.96717,41.72264],[-0.96972,41.7237],[-0.97143,41.72397],[-0.97224,41.72438],[-0.97815,41.73044],[-0.98088,41.73222],[-0.98944,41.73688],[-0.99101,41.73795],[-0.99063,41.73862],[-0.98872,41.74094],[-0.98789,41.74151],[-0.98667,41.74313],[-0.985,41.74375],[-0.98142,41.74424],[-0.97994,41.74425],[-0.97941,41.74506],[-0.97977,41.74577],[-0.98062,41.74682],[-0.98106,41.74759],[-0.98109,41.74827],[-0.97908,41.75064],[-0.97906,41.75135],[-0.97986,41.75168],[-0.98118,41.75276],[-0.98201,41.75384],[-0.98231,41.75482],[-0.9815,41.75543],[-0.98052,41.75589],[-0.97925,41.75587],[-0.9785,41.75625],[-0.97856,41.75749],[-0.97932,41.7585],[-0.97853,41.76068],[-0.97706,41.7621],[-0.97579,41.76284],[-0.97438,41.7632],[-0.97337,41.76297],[-0.97201,41.76249],[-0.96988,41.76152],[-0.96632,41.7589],[-0.96459,41.75872],[-0.96387,41.75731],[-0.96282,41.75676],[-0.96181,41.7564],[-0.96041,41.75565],[-0.9597,41.75491],[-0.95837,41.75412],[-0.9579,41.75364],[-0.95719,41.75192],[-0.95663,41.75116],[-0.95649,41.75079],[-0.95582,41.75025],[-0.95499,41.74982],[-0.95428,41.74903],[-0.9538,41.74813],[-0.95433,41.74584],[-0.95478,41.74532],[-0.95574,41.74467],[-0.95639,41.74349],[-0.95661,41.74233],[-0.95659,41.74119],[-0.95646,41.74052],[-0.95667,41.73879],[-0.95691,41.7383],[-0.95696,41.73673],[-0.95632,41.73632],[-0.95603,41.73584],[-0.95587,41.73521],[-0.95591,41.73454],[-0.95556,41.73354],[-0.95476,41.73239],[-0.9546,41.73179],[-0.9546,41.73118],[-0.95365,41.73036],[-0.95368,41.72962],[-0.95345,41.72865],[-0.95327,41.72799],[-0.95293,41.72745],[-0.95277,41.72695],[-0.95138,41.72522],[-0.95045,41.72466],[-0.94973,41.72402],[-0.94969,41.72301],[-0.94613,41.72137],[-0.94449,41.72014],[-0.94359,41.7196],[-0.94414,41.7189],[-0.94495,41.71722]]]}},{"type":"Feature","properties":{"id":"5029712004"},"geometry":{"type":"Polygon","coordinates":[[[-1.06277,41.71265],[-1.0639,41.71298],[-1.06244,41.71411],[-1.06186,41.71424],[-1.06097,41.71419],[-1.0601,41.7143],[-1.05924,41.71423],[-1.05764,41.71519],[-1.05715,41.71531],[-1.05627,41.71533],[-1.05554,41.71568],[-1.05426,41.71644],[-1.05253,41.71769],[-1.05052,41.71798],[-1.04905,41.71885],[-1.04842,41.72061],[-1.04838,41.72161],[-1.04817,41.7224],[-1.049,41.72325],[-1.0505,41.72518],[-1.05069,41.72615],[-1.05074,41.7272],[-1.05132,41.72745],[-1.05204,41.72798],[-1.05483,41.73033],[-1.05667,41.73172],[-1.06049,41.73308],[-1.06767,41.73581],[-1.06947,41.73617],[-1.0704,41.73645],[-1.08001,41.74002],[-1.08439,41.74189],[-1.09006,41.74462],[-1.0927,41.7456],[-1.09674,41.74799],[-1.10187,41.75],[-1.10357,41.75094],[-1.10614,41.75262],[-1.10964,41.75594],[-1.10996,41.75626],[-1.10932,41.75652],[-1.10907,41.75686],[-1.10873,41.75684],[-1.10821,41.75702],[-1.10662,41.7571],[-1.10609,41.75703],[-1.10557,41.7572],[-1.10348,41.75741],[-1.10374,41.75695],[-1.1045,41.75693],[-1.10488,41.75668],[-1.10537,41.75663],[-1.10608,41.75642],[-1.10608,41.75634],[-1.1067,41.75634],[-1.10727,41.75623],[-1.10797,41.7563],[-1.109,41.75608],[-1.10749,41.75455],[-1.10742,41.75518],[-1.10756,41.7554],[-1.10726,41.75553],[-1.10485,41.75439],[-1.10404,41.75434],[-1.10334,41.75395],[-1.10286,41.75357],[-1.10276,41.75322],[-1.10259,41.75315],[-1.10259,41.75306],[-1.10171,41.75306],[-1.1003,41.75291],[-1.0999,41.75299],[-1.0987,41.75235],[-1.0978,41.7521],[-1.09476,41.75077],[-1.09397,41.75053],[-1.0895,41.7487],[-1.08891,41.74836],[-1.08806,41.74826],[-1.08782,41.74895],[-1.08765,41.74897],[-1.08682,41.74844],[-1.08676,41.74854],[-1.08599,41.74823],[-1.08314,41.74593],[-1.08295,41.74559],[-1.08344,41.74491],[-1.08359,41.74417],[-1.08196,41.74397],[-1.08102,41.74404],[-1.08032,41.74389],[-1.07733,41.742],[-1.07432,41.73991],[-1.07546,41.73882],[-1.0755,41.73865],[-1.0701,41.73663],[-1.06624,41.73575],[-1.06509,41.73542],[-1.05688,41.73233],[-1.04754,41.72911],[-1.04453,41.72708],[-1.04095,41.72511],[-1.03626,41.72274],[-1.02826,41.7189],[-1.03068,41.717],[-1.02991,41.71644],[-1.02905,41.71704],[-1.02844,41.71661],[-1.02874,41.7163],[-1.02789,41.71578],[-1.02856,41.71545],[-1.02956,41.71441],[-1.02978,41.71389],[-1.0297,41.71354],[-1.02931,41.71294],[-1.02901,41.71069],[-1.02939,41.70982],[-1.02992,41.70936],[-1.03092,41.709],[-1.03193,41.7083],[-1.03239,41.70848],[-1.03288,41.70839],[-1.03385,41.70904],[-1.03632,41.71013],[-1.03794,41.70985],[-1.03866,41.70919],[-1.03877,41.70937],[-1.03979,41.70987],[-1.04006,41.71019],[-1.0412,41.71089],[-1.04127,41.71147],[-1.04299,41.71224],[-1.04402,41.71248],[-1.04508,41.71296],[-1.04565,41.71343],[-1.04598,41.71349],[-1.04632,41.7134],[-1.04663,41.71345],[-1.04674,41.71335],[-1.04726,41.71244],[-1.04712,41.71147],[-1.04776,41.71058],[-1.049,41.70942],[-1.04962,41.70836],[-1.05004,41.70786],[-1.05002,41.70768],[-1.05116,41.70737],[-1.05277,41.70808],[-1.0534,41.70882],[-1.05484,41.71012],[-1.05661,41.71071],[-1.05768,41.71154],[-1.06064,41.71161],[-1.06277,41.71265]]]}},{"type":"Feature","properties":{"id":"5029712005"},"geometry":{"type":"Polygon","coordinates":[[[-1.03753,41.72739],[-1.0366,41.72724],[-1.03278,41.7257],[-1.03127,41.72453],[-1.02914,41.72322],[-1.02963,41.72264],[-1.02925,41.72211],[-1.02974,41.72131],[-1.02928,41.72108],[-1.02981,41.7205],[-1.03045,41.72028],[-1.03064,41.72006],[-1.03832,41.72378],[-1.03715,41.72594],[-1.03776,41.72712],[-1.03753,41.72739]]]}},{"type":"Feature","properties":{"id":"5029712006"},"geometry":{"type":"Polygon","coordinates":[[[-1.01453,41.71442],[-1.01573,41.71488],[-1.01809,41.7161],[-1.02188,41.71786],[-1.02346,41.7187],[-1.02381,41.7191],[-1.02445,41.71838],[-1.02429,41.71831],[-1.02434,41.71782],[-1.02487,41.71713],[-1.02812,41.71883],[-1.02734,41.71962],[-1.02805,41.71996],[-1.02712,41.72099],[-1.02812,41.72158],[-1.02827,41.72182],[-1.02855,41.72196],[-1.02815,41.72244],[-1.02891,41.72307],[-1.03127,41.72453],[-1.03278,41.7257],[-1.0366,41.72724],[-1.03719,41.72737],[-1.03552,41.7275],[-1.0338,41.72786],[-1.03257,41.72802],[-1.03173,41.72798],[-1.03019,41.72767],[-1.0298,41.72774],[-1.0296,41.72803],[-1.02975,41.72892],[-1.02958,41.72929],[-1.02842,41.73051],[-1.02769,41.73148],[-1.02616,41.73397],[-1.0256,41.73464],[-1.02529,41.73485],[-1.0244,41.73493],[-1.02375,41.73474],[-1.02333,41.73451],[-1.02279,41.7339],[-1.02154,41.73185],[-1.02078,41.73084],[-1.01945,41.7317],[-1.01914,41.732],[-1.01905,41.73196],[-1.01894,41.73203],[-1.01573,41.72921],[-1.01551,41.72955],[-1.01516,41.72984],[-1.01469,41.72961],[-1.01081,41.72451],[-1.00884,41.7232],[-1.01207,41.71717],[-1.01453,41.71442]]]}},{"type":"Feature","properties":{"id":"5029712007"},"geometry":{"type":"Polygon","coordinates":[[[-1.02812,41.71883],[-1.03064,41.72006],[-1.03045,41.72028],[-1.02981,41.7205],[-1.02928,41.72108],[-1.02974,41.72131],[-1.02925,41.72211],[-1.02963,41.72264],[-1.02914,41.72322],[-1.02815,41.72244],[-1.02855,41.72196],[-1.02827,41.72182],[-1.02812,41.72158],[-1.02712,41.72099],[-1.02805,41.71996],[-1.02734,41.71962],[-1.02812,41.71883]]]}},{"type":"Feature","properties":{"id":"5029712008"},"geometry":{"type":"Polygon","coordinates":[[[-1.02826,41.7189],[-1.02539,41.71742],[-1.02789,41.71578],[-1.02874,41.7163],[-1.02844,41.71661],[-1.02905,41.71704],[-1.02991,41.71644],[-1.03068,41.717],[-1.02826,41.7189]]]}},{"type":"Feature","properties":{"id":"5029712009"},"geometry":{"type":"Polygon","coordinates":[[[-1.11754,41.74231],[-1.11914,41.73612],[-1.11849,41.7318],[-1.11508,41.72497],[-1.11178,41.72081],[-1.1108,41.72035],[-1.10786,41.7185],[-1.10362,41.71635],[-1.10317,41.71359],[-1.10337,41.71142],[-1.10408,41.70637],[-1.10391,41.70566],[-1.10262,41.70367],[-1.1017,41.70291],[-1.10142,41.70252],[-1.10046,41.70202],[-1.09996,41.70111],[-1.09915,41.70065],[-1.09847,41.69949],[-1.09226,41.69274],[-1.08849,41.6908],[-1.08309,41.68958],[-1.07991,41.68817],[-1.07899,41.68762],[-1.07848,41.68716],[-1.07765,41.68602],[-1.07725,41.68573],[-1.07311,41.68493],[-1.07172,41.68502],[-1.07045,41.68486],[-1.06906,41.6852],[-1.06838,41.68511],[-1.06716,41.68466],[-1.06591,41.68394],[-1.06523,41.68387],[-1.06426,41.68391],[-1.06338,41.68443],[-1.06274,41.68442],[-1.06107,41.68418],[-1.05932,41.68365],[-1.05892,41.68333],[-1.05828,41.68197],[-1.05677,41.68133],[-1.05596,41.68075],[-1.04725,41.67737],[-1.04574,41.67648],[-1.04474,41.67607],[-1.04347,41.67593],[-1.04111,41.67591],[-1.03416,41.67503],[-1.03196,41.6746],[-1.03047,41.67428],[-1.02802,41.67332],[-1.02685,41.67271],[-1.02557,41.67225],[-1.02214,41.67131],[-1.01868,41.67055],[-1.0167,41.6744],[-1.01624,41.67454],[-1.0152,41.67513],[-1.01411,41.67409],[-1.00483,41.67839],[-1.00415,41.67887],[-1.00331,41.67973],[-1.00396,41.68001],[-1.00558,41.68046],[-1.00614,41.68047],[-1.00658,41.68105],[-1.00693,41.68109],[-1.00683,41.6812],[-1.00686,41.68174],[-1.0086,41.6831],[-1.00874,41.6836],[-1.00792,41.68523],[-1.00802,41.68553],[-1.00846,41.68585],[-1.00855,41.68623],[-1.00645,41.69008],[-1.00705,41.6904],[-1.0081,41.69128],[-1.00786,41.69111],[-1.00732,41.69204],[-1.00527,41.69454],[-1.00488,41.69458],[-1.00457,41.69477],[-1.00349,41.69654],[-1.00256,41.69726],[-1.00175,41.699],[-1.00132,41.69961],[-1.00095,41.70132],[-1.00055,41.70201],[-0.9953,41.69912],[-0.98821,41.69461],[-0.98744,41.6941],[-0.98719,41.69376],[-0.98276,41.69104],[-0.97889,41.68906],[-0.97886,41.68912],[-0.97743,41.68822],[-0.97516,41.68724],[-0.97612,41.68548],[-0.97652,41.68387],[-0.97681,41.68321],[-0.97699,41.68302],[-0.97863,41.67981],[-0.97985,41.67865],[-0.981,41.67839],[-0.98259,41.67777],[-0.98284,41.67707],[-0.98335,41.67616],[-0.984,41.67578],[-0.98429,41.67545],[-0.98459,41.67334],[-0.98395,41.67304],[-0.98281,41.67289],[-0.98146,41.67232],[-0.97999,41.67228],[-0.97926,41.67254],[-0.97793,41.67274],[-0.97529,41.67116],[-0.97268,41.6701],[-0.97092,41.66895],[-0.9697,41.66832],[-0.97006,41.66821],[-0.97043,41.66786],[-0.971,41.66798],[-0.9717,41.66792],[-0.97189,41.66768],[-0.97192,41.66728],[-0.97225,41.66721],[-0.97235,41.66692],[-0.97261,41.6669],[-0.97347,41.66634],[-0.97358,41.66617],[-0.97353,41.6659],[-0.97289,41.66552],[-0.9723,41.6649],[-0.97241,41.66457],[-0.97298,41.6644],[-0.973,41.66431],[-0.97301,41.66409],[-0.9726,41.66327],[-0.97257,41.66276],[-0.9726,41.6625],[-0.97297,41.66241],[-0.97302,41.66185],[-0.97285,41.6611],[-0.97417,41.66102],[-0.97582,41.66118],[-0.97769,41.66149],[-0.98186,41.66182],[-0.98258,41.65848],[-0.98396,41.65774],[-0.98444,41.6571],[-0.98499,41.65717],[-0.98542,41.65598],[-0.98383,41.65562],[-0.97983,41.65396],[-0.97811,41.6528],[-0.97576,41.6519],[-0.97318,41.65072],[-0.97035,41.64982],[-0.96716,41.64815],[-0.96556,41.6471],[-0.96504,41.64674],[-0.96273,41.64465],[-0.95982,41.64361],[-0.95704,41.64275],[-0.95624,41.64239],[-0.95494,41.6401],[-0.95484,41.64011],[-0.95563,41.63942],[-0.95713,41.6385],[-0.97257,41.63505],[-0.97676,41.63384],[-0.9983,41.62796],[-1.01128,41.62458],[-1.02083,41.62238],[-1.02658,41.62126],[-1.03154,41.61895],[-1.03484,41.61755],[-1.03652,41.61727],[-1.03891,41.61754],[-1.04699,41.61874],[-1.04897,41.61867],[-1.0529,41.61794],[-1.05611,41.61712],[-1.05921,41.61619],[-1.06051,41.61551],[-1.06216,41.61601],[-1.06467,41.61721],[-1.06801,41.61783],[-1.07614,41.62128],[-1.08421,41.62734],[-1.08893,41.62982],[-1.09049,41.63131],[-1.09415,41.63241],[-1.09473,41.63272],[-1.09571,41.63405],[-1.09679,41.63511],[-1.10025,41.63742],[-1.10171,41.6382],[-1.10279,41.63853],[-1.10462,41.63876],[-1.10519,41.63897],[-1.10546,41.63883],[-1.10613,41.63883],[-1.10746,41.63912],[-1.1088,41.64027],[-1.10897,41.64056],[-1.10915,41.64142],[-1.10971,41.64188],[-1.11369,41.64389],[-1.11855,41.64483],[-1.12412,41.64396],[-1.12621,41.64395],[-1.12933,41.64379],[-1.13043,41.64415],[-1.13095,41.64418],[-1.1355,41.64334],[-1.13658,41.64289],[-1.13735,41.64242],[-1.13829,41.64217],[-1.13991,41.6413],[-1.14068,41.64141],[-1.14293,41.64086],[-1.14475,41.64069],[-1.15049,41.64186],[-1.1527,41.64246],[-1.1557,41.64348],[-1.15711,41.64379],[-1.16045,41.64422],[-1.16348,41.64426],[-1.16521,41.64166],[-1.1703,41.64279],[-1.17394,41.64715],[-1.17249,41.64806],[-1.16952,41.65092],[-1.16858,41.65157],[-1.16754,41.65211],[-1.16612,41.65351],[-1.16386,41.65512],[-1.16027,41.65791],[-1.15948,41.65855],[-1.15892,41.65915],[-1.15823,41.66123],[-1.15842,41.6623],[-1.15816,41.6638],[-1.15812,41.66528],[-1.15831,41.66591],[-1.15845,41.66819],[-1.15876,41.67004],[-1.15932,41.67158],[-1.15915,41.67306],[-1.15936,41.67312],[-1.15892,41.67409],[-1.15927,41.6743],[-1.15896,41.67458],[-1.15724,41.67745],[-1.1565,41.67849],[-1.15548,41.68099],[-1.15409,41.68295],[-1.15345,41.68427],[-1.15227,41.68586],[-1.15011,41.68778],[-1.14937,41.6887],[-1.1485,41.69032],[-1.14766,41.6935],[-1.14909,41.69788],[-1.15422,41.70434],[-1.15737,41.70795],[-1.16235,41.71329],[-1.16326,41.71406],[-1.16544,41.71625],[-1.16684,41.719],[-1.16785,41.7206],[-1.16196,41.72627],[-1.16146,41.72654],[-1.15913,41.72651],[-1.15734,41.72705],[-1.15285,41.72818],[-1.14866,41.72961],[-1.14551,41.73208],[-1.14392,41.73312],[-1.13942,41.73495],[-1.13027,41.74014],[-1.13108,41.74101],[-1.13218,41.74245],[-1.13249,41.7431],[-1.13236,41.74315],[-1.1324,41.74325],[-1.13051,41.7449],[-1.12829,41.74582],[-1.12785,41.74648],[-1.12735,41.74631],[-1.12692,41.74655],[-1.12675,41.74686],[-1.12625,41.74693],[-1.12539,41.7473],[-1.12542,41.74767],[-1.12554,41.74777],[-1.12511,41.7481],[-1.12434,41.74766],[-1.12204,41.74756],[-1.12,41.74434],[-1.11751,41.74269],[-1.1176,41.74227],[-1.11754,41.74231]]]}},{"type":"Feature","properties":{"id":"5029712010"},"geometry":{"type":"Polygon","coordinates":[[[-1.0081,41.69128],[-1.00705,41.6904],[-1.00645,41.69008],[-1.00855,41.68623],[-1.00846,41.68585],[-1.00802,41.68553],[-1.00792,41.68523],[-1.00874,41.6836],[-1.0086,41.6831],[-1.00686,41.68174],[-1.00683,41.6812],[-1.00693,41.68109],[-1.00658,41.68105],[-1.00614,41.68047],[-1.00558,41.68046],[-1.00396,41.68001],[-1.00331,41.67973],[-1.00415,41.67887],[-1.00483,41.67839],[-1.01411,41.67409],[-1.0152,41.67513],[-1.01624,41.67454],[-1.0167,41.6744],[-1.01868,41.67055],[-1.02214,41.67131],[-1.02557,41.67225],[-1.02685,41.67271],[-1.02802,41.67332],[-1.03047,41.67428],[-1.03391,41.67495],[-1.03377,41.67524],[-1.03364,41.67529],[-1.03292,41.67537],[-1.02844,41.6785],[-1.02664,41.681],[-1.0241,41.68002],[-1.02362,41.68077],[-1.02512,41.68128],[-1.02414,41.68267],[-1.02199,41.68173],[-1.02115,41.68289],[-1.02173,41.68313],[-1.02195,41.68283],[-1.02308,41.68337],[-1.02328,41.68413],[-1.02434,41.68384],[-1.02729,41.68573],[-1.02768,41.68541],[-1.02878,41.68604],[-1.02907,41.68605],[-1.02896,41.68633],[-1.02757,41.68716],[-1.02546,41.6889],[-1.0228,41.69058],[-1.02372,41.69127],[-1.02304,41.69224],[-1.0232,41.69232],[-1.02271,41.69274],[-1.02444,41.6935],[-1.02379,41.69426],[-1.02085,41.69261],[-1.01922,41.69419],[-1.01833,41.69465],[-1.01816,41.69464],[-1.01703,41.69403],[-1.01404,41.69313],[-1.01251,41.69294],[-1.01009,41.69194],[-1.00815,41.69121],[-1.0081,41.69128]]]}}]}