{"type":"FeatureCollection","features":[{"type":"Feature","id":"01","properties":{"cod_ccaa":"01","nombre":"Andalucía","slug":"andalucia"},"geometry":{"type":"Polygon","coordinates":[[[-6.93132,38.20877],[-6.95381,38.18615],[-6.96955,38.1603],[-6.95831,38.15061],[-6.97405,38.10537],[-6.98755,38.10376],[-6.98979,38.05367],[-7.00104,38.04882],[-7.00104,38.02297],[-7.02353,38.02459],[-7.04377,38.01328],[-7.06402,38.01974],[-7.06626,38.03428],[-7.09775,38.04398],[-7.12924,38.02944],[-7.12024,38.0052],[-7.17422,37.99228],[-7.20121,38.00359],[-7.22595,37.98743],[-7.24619,37.99228],[-7.26194,37.97774],[-7.24844,37.95512],[-7.25519,37.92281],[-7.28218,37.89696],[-7.27993,37.87595],[-7.32042,37.81941],[-7.37889,37.78225],[-7.39689,37.76447],[-7.42387,37.75478],[-7.41938,37.74347],[-7.44862,37.69823],[-7.45536,37.64653],[-7.49135,37.60291],[-7.50259,37.57706],[-7.51609,37.56898],[-7.50709,37.55767],[-7.52284,37.55283],[-7.50934,37.52375],[-7.4936,37.52375],[-7.48235,37.49628],[-7.46436,37.48659],[-7.46886,37.47205],[-7.45761,37.45427],[-7.45761,37.42842],[-7.44637,37.42035],[-7.46211,37.40742],[-7.43962,37.39126],[-7.43737,37.35895],[-7.44412,37.34764],[-7.44187,37.30725],[-7.42163,37.27332],[-7.43287,37.24747],[-7.41938,37.23616],[-7.40813,37.18285],[-7.37215,37.16992],[-7.30242,37.19577],[-7.27093,37.20224],[-7.14498,37.2087],[-7.07301,37.20547],[-7.06402,37.21031],[-7.01453,37.199],[-6.95381,37.16992],[-6.88858,37.14569],[-6.91557,37.16346],[-6.91557,37.17639],[-6.87509,37.14892],[-6.8391,37.13761],[-6.83011,37.12792],[-6.79187,37.11822],[-6.7154,37.0843],[-6.5827,37.01482],[-6.50623,36.96635],[-6.459,36.9195],[-6.44326,36.90011],[-6.39603,36.80641],[-6.36904,36.7951],[-6.36229,36.78379],[-6.41627,36.74824],[-6.44326,36.73855],[-6.44101,36.72078],[-6.39378,36.64808],[-6.39378,36.63354],[-6.35554,36.61576],[-6.3398,36.62546],[-6.30156,36.61899],[-6.27907,36.60445],[-6.26558,36.58022],[-6.24084,36.58507],[-6.22284,36.56891],[-6.23634,36.52529],[-6.25658,36.52044],[-6.23184,36.50429],[-6.20935,36.50913],[-6.20035,36.52852],[-6.17336,36.52206],[-6.17336,36.50913],[-6.19361,36.48651],[-6.21385,36.48167],[-6.22734,36.46228],[-6.25433,36.46874],[-6.26558,36.48974],[-6.25883,36.49944],[-6.27907,36.53014],[-6.30606,36.5366],[-6.28582,36.51559],[-6.23634,36.43966],[-6.21835,36.39281],[-6.18236,36.36857],[-6.14188,36.29587],[-6.11264,36.29264],[-6.0879,36.26517],[-6.0789,36.24417],[-6.03392,36.18116],[-6.01143,36.18601],[-5.98669,36.17793],[-5.94395,36.18601],[-5.91471,36.18439],[-5.87423,36.15693],[-5.84949,36.13431],[-5.82475,36.10361],[-5.79551,36.07776],[-5.78202,36.08745],[-5.75053,36.0713],[-5.71229,36.05837],[-5.6943,36.06645],[-5.64932,36.05191],[-5.60658,36.0099],[-5.5751,36.01475],[-5.51662,36.03737],[-5.48738,36.05353],[-5.46489,36.05029],[-5.43115,36.0713],[-5.42666,36.08261],[-5.4424,36.08907],[-5.43115,36.11007],[-5.4424,36.12138],[-5.42216,36.11977],[-5.42216,36.13269],[-5.44015,36.12784],[-5.4424,36.15854],[-5.42666,36.17631],[-5.38617,36.17954],[-5.37493,36.16339],[-5.35243,36.15208],[-5.33894,36.15369],[-5.33444,36.18116],[-5.31645,36.22801],[-5.29621,36.24578],[-5.26697,36.30072],[-5.24673,36.31041],[-5.21974,36.37504],[-5.177,36.41543],[-5.15451,36.41543],[-5.13427,36.42835],[-5.10728,36.43481],[-5.08254,36.44935],[-5.06005,36.44935],[-5.03306,36.46066],[-5.00832,36.45905],[-4.9341,36.49944],[-4.89811,36.50752],[-4.85538,36.50752],[-4.74067,36.4849],[-4.69119,36.49136],[-4.67545,36.50429],[-4.63946,36.50752],[-4.60797,36.55922],[-4.58548,36.57376],[-4.54275,36.5786],[-4.51351,36.59476],[-4.48202,36.64],[-4.45503,36.66423],[-4.43479,36.69978],[-4.39656,36.72239],[-4.34033,36.7127],[-4.28185,36.71432],[-4.24812,36.71109],[-4.17389,36.71593],[-4.11092,36.72563],[-4.08393,36.74501],[-4.06594,36.74824],[-3.99396,36.73855],[-3.95798,36.72563],[-3.91974,36.74017],[-3.87926,36.74178],[-3.86576,36.74986],[-3.83428,36.75471],[-3.79154,36.74663],[-3.7668,36.72886],[-3.75556,36.73855],[-3.73532,36.72724],[-3.71957,36.73209],[-3.67459,36.73047],[-3.66109,36.74663],[-3.60037,36.7434],[-3.58013,36.72401],[-3.55314,36.71432],[-3.52615,36.72401],[-3.48341,36.69654],[-3.41819,36.69493],[-3.41369,36.70139],[-3.36421,36.71432],[-3.33947,36.73855],[-3.30573,36.73855],[-3.24501,36.75471],[-3.20902,36.74501],[-3.20227,36.74986],[-3.15504,36.74663],[-3.11456,36.75148],[-3.07182,36.74501],[-3.02234,36.74663],[-2.97736,36.73855],[-2.93913,36.75148],[-2.91888,36.74986],[-2.89639,36.73694],[-2.85816,36.69816],[-2.84466,36.69493],[-2.81992,36.70624],[-2.79743,36.69978],[-2.7592,36.68039],[-2.70072,36.68362],[-2.65124,36.69978],[-2.61975,36.72724],[-2.59951,36.77409],[-2.56127,36.8161],[-2.5028,36.82418],[-2.47581,36.8371],[-2.42633,36.81125],[-2.40159,36.82741],[-2.3611,36.84195],[-2.31837,36.83387],[-2.29363,36.82095],[-2.2509,36.7854],[-2.19242,36.72078],[-2.15193,36.73047],[-2.12494,36.73209],[-2.1047,36.76279],[-2.06422,36.77571],[-2.06197,36.80318],[-2.02149,36.8371],[-1.99899,36.84034],[-2.00124,36.88396],[-1.9855,36.90011],[-1.96751,36.8985],[-1.95401,36.92435],[-1.93377,36.93889],[-1.91353,36.93404],[-1.89553,36.94858],[-1.90003,36.98736],[-1.87754,37.01482],[-1.87754,37.03421],[-1.85055,37.06814],[-1.8438,37.10853],[-1.83256,37.11984],[-1.82356,37.16992],[-1.79657,37.2297],[-1.77408,37.2394],[-1.75834,37.26363],[-1.70661,37.30725],[-1.68862,37.33956],[-1.67062,37.35734],[-1.65038,37.35734],[-1.63014,37.37511],[-1.66612,37.40096],[-1.7381,37.44296],[-1.81232,37.45104],[-1.80782,37.43327],[-1.84605,37.45427],[-1.87529,37.49466],[-1.95401,37.58837],[-1.95626,37.6013],[-1.97875,37.6223],[-2.01249,37.67238],[-2.00799,37.71924],[-1.99674,37.72732],[-2.00799,37.77417],[-1.99674,37.81941],[-1.9945,37.84202],[-1.97425,37.86787],[-1.9945,37.8808],[-2.01924,37.86949],[-2.05072,37.87918],[-2.1002,37.87757],[-2.1227,37.90019],[-2.14969,37.89857],[-2.17218,37.88888],[-2.19467,37.90988],[-2.2374,37.92765],[-2.27564,37.95997],[-2.29588,37.98743],[-2.29813,38.00359],[-2.34086,38.02621],[-2.37235,38.02297],[-2.42408,38.03267],[-2.43307,38.04236],[-2.48031,38.05367],[-2.50505,38.06821],[-2.52529,38.06983],[-2.55228,38.08437],[-2.51629,38.11183],[-2.51179,38.12799],[-2.49605,38.13445],[-2.46681,38.17],[-2.44657,38.18454],[-2.45332,38.22008],[-2.44432,38.23139],[-2.44432,38.25078],[-2.43532,38.26532],[-2.44207,38.28471],[-2.48031,38.2944],[-2.4848,38.30086],[-2.48031,38.34933],[-2.4938,38.37195],[-2.4848,38.3978],[-2.53428,38.40588],[-2.55003,38.40265],[-2.57252,38.41396],[-2.57702,38.43496],[-2.56802,38.46081],[-2.57702,38.47535],[-2.56577,38.48989],[-2.59726,38.51251],[-2.6175,38.51251],[-2.67373,38.49635],[-2.72996,38.51089],[-2.7637,38.5319],[-2.77044,38.51897],[-2.80643,38.50282],[-2.80868,38.49474],[-2.86041,38.47535],[-2.88965,38.45596],[-2.90539,38.4705],[-2.93913,38.47535],[-2.96162,38.4705],[-2.99535,38.44465],[-2.99086,38.4285],[-3.00435,38.41557],[-3.06508,38.47858],[-3.1303,38.43819],[-3.17978,38.4495],[-3.28099,38.46081],[-3.30798,38.4802],[-3.32598,38.48181],[-3.37546,38.47535],[-3.37771,38.43981],[-3.42494,38.40749],[-3.47217,38.3978],[-3.50591,38.40749],[-3.5284,38.40911],[-3.54189,38.44465],[-3.58238,38.45112],[-3.58687,38.40588],[-3.62061,38.39457],[-3.6476,38.40426],[-3.69933,38.41234],[-3.73082,38.42365],[-3.73981,38.41396],[-3.76455,38.42365],[-3.80729,38.42203],[-3.82978,38.41234],[-3.82978,38.39295],[-3.85902,38.37357],[-3.87701,38.3768],[-3.913,38.3671],[-4.00521,38.3671],[-4.07043,38.38003],[-4.1559,38.38003],[-4.22338,38.3978],[-4.25486,38.40103],[-4.2751,38.39134],[-4.26836,38.34772],[-4.28635,38.34287],[-4.32009,38.36226],[-4.41905,38.39618],[-4.45279,38.40103],[-4.48877,38.44142],[-4.51351,38.46404],[-4.536,38.4705],[-4.5405,38.48181],[-4.55849,38.47697],[-4.56299,38.48989],[-4.61022,38.49635],[-4.62147,38.52382],[-4.66645,38.54644],[-4.70469,38.55452],[-4.70919,38.57229],[-4.73842,38.57713],[-4.78566,38.59652],[-4.81489,38.59491],[-4.86213,38.61753],[-4.86662,38.65953],[-4.87787,38.68538],[-4.94309,38.68215],[-5.00157,38.69508],[-5.00157,38.708],[-5.02406,38.72577],[-5.04655,38.729],[-5.10053,38.708],[-5.11853,38.71608],[-5.17026,38.71285],[-5.18375,38.71931],[-5.16801,38.6773],[-5.18375,38.67569],[-5.18375,38.65953],[-5.20849,38.66761],[-5.21074,38.65307],[-5.23773,38.64176],[-5.25347,38.6256],[-5.29171,38.61106],[-5.3097,38.59491],[-5.30745,38.57875],[-5.37268,38.5836],[-5.39067,38.56259],[-5.38392,38.54321],[-5.40641,38.54321],[-5.41091,38.52059],[-5.47838,38.48504],[-5.48513,38.46243],[-5.51887,38.46404],[-5.56835,38.43334],[-5.58409,38.40103],[-5.58409,38.38649],[-5.55935,38.3671],[-5.5751,38.32833],[-5.55486,38.31702],[-5.54136,38.27824],[-5.52562,38.2637],[-5.52112,38.20716],[-5.53911,38.20069],[-5.53686,38.16838],[-5.55935,38.14899],[-5.5751,38.15061],[-5.58409,38.13122],[-5.63357,38.13768],[-5.6943,38.08437],[-5.73254,38.0876],[-5.74153,38.12637],[-5.71454,38.13445],[-5.6943,38.15061],[-5.70555,38.16353],[-5.68755,38.18131],[-5.72804,38.19746],[-5.75503,38.18131],[-5.78202,38.18615],[-5.82475,38.17],[-5.83824,38.17484],[-5.87648,38.15546],[-5.88098,38.13284],[-5.91247,38.12314],[-5.92821,38.0876],[-5.90797,38.06821],[-5.91921,38.05044],[-5.93496,38.04721],[-5.93271,38.03267],[-5.95295,37.99551],[-5.99343,37.99874],[-6.00693,37.99066],[-6.03167,37.99712],[-6.09464,37.98097],[-6.11938,37.98097],[-6.18011,37.94058],[-6.19585,37.95673],[-6.23409,37.95835],[-6.25208,37.97127],[-6.30381,37.97774],[-6.32855,37.99874],[-6.35554,38.01005],[-6.36679,38.04882],[-6.38928,38.04882],[-6.41402,38.05852],[-6.45225,38.05529],[-6.44326,38.04721],[-6.47475,38.02459],[-6.46575,38.01005],[-6.49274,38.01005],[-6.49499,38.01974],[-6.54672,38.02782],[-6.57146,38.01974],[-6.5872,38.02621],[-6.58045,38.05206],[-6.62319,38.09729],[-6.66142,38.09245],[-6.7289,38.10052],[-6.74689,38.09083],[-6.76938,38.09891],[-6.76938,38.11183],[-6.80986,38.11183],[-6.81661,38.11991],[-6.79862,38.14415],[-6.79412,38.17808],[-6.82336,38.17323],[-6.8571,38.17969],[-6.90208,38.20231],[-6.93132,38.20877]]]}},{"type":"Feature","id":"02","properties":{"cod_ccaa":"02","nombre":"Aragón","slug":"aragon"},"geometry":{"type":"Polygon","coordinates":[[[-2.05072,41.1476],[-2.04847,41.15244],[-2.00799,41.15568],[-1.95851,41.17183],[-1.94726,41.16699],[-1.93152,41.1379],[-1.89553,41.13467],[-1.85955,41.10398],[-1.80332,41.08944],[-1.76958,41.06682],[-1.75834,41.04743],[-1.7156,41.0135],[-1.66163,40.97796],[-1.60765,40.92787],[-1.62564,40.89879],[-1.62114,40.88102],[-1.56941,40.82932],[-1.54467,40.81639],[-1.54017,40.76146],[-1.56266,40.74046],[-1.55817,40.71946],[-1.53567,40.68714],[-1.53792,40.65806],[-1.56491,40.61444],[-1.54467,40.59505],[-1.59865,40.56274],[-1.63464,40.58051],[-1.66612,40.58213],[-1.67512,40.59182],[-1.69311,40.57728],[-1.68862,40.56597],[-1.70211,40.54174],[-1.69311,40.48681],[-1.74934,40.46257],[-1.78533,40.41249],[-1.80107,40.4141],[-1.80557,40.39795],[-1.77633,40.39148],[-1.74259,40.34948],[-1.72235,40.3414],[-1.69761,40.31717],[-1.7291,40.30101],[-1.71336,40.27677],[-1.69986,40.30747],[-1.68862,40.30909],[-1.66612,40.29455],[-1.65938,40.28162],[-1.60765,40.24285],[-1.5919,40.23638],[-1.57166,40.21377],[-1.54017,40.19115],[-1.51093,40.20407],[-1.47495,40.18468],[-1.43896,40.19761],[-1.44346,40.15722],[-1.44796,40.14591],[-1.39173,40.1346],[-1.36474,40.13783],[-1.3535,40.12975],[-1.31976,40.14591],[-1.32201,40.18468],[-1.31076,40.20407],[-1.29727,40.19922],[-1.28377,40.17176],[-1.25229,40.14268],[-1.25004,40.12329],[-1.23654,40.1136],[-1.20955,40.11037],[-1.15782,40.11521],[-1.13308,40.09744],[-1.11059,40.09098],[-1.07236,40.06028],[-1.0836,40.03605],[-1.13533,40.01504],[-1.16457,40.0102],[-1.14208,39.97142],[-1.12633,39.96334],[-1.10609,39.97465],[-1.05661,39.98111],[-1.02512,39.97465],[-1.00263,39.98111],[-0.96665,39.97465],[-0.93291,39.95688],[-0.91942,39.96496],[-0.90592,39.94072],[-0.91492,39.91811],[-0.89917,39.89226],[-0.91042,39.86802],[-0.88793,39.85186],[-0.86769,39.84702],[-0.8272,39.87125],[-0.79796,39.88095],[-0.82945,39.9068],[-0.84519,39.94719],[-0.83395,39.9795],[-0.79122,39.98919],[-0.76872,40.00858],[-0.76198,40.03928],[-0.71924,40.03928],[-0.7035,40.04736],[-0.66526,40.05059],[-0.64727,40.06674],[-0.62253,40.07482],[-0.61354,40.06997],[-0.62928,40.10229],[-0.60679,40.12814],[-0.58655,40.13137],[-0.5708,40.1556],[-0.57305,40.18145],[-0.56181,40.18953],[-0.54381,40.25092],[-0.52582,40.238],[-0.49433,40.22831],[-0.46959,40.23962],[-0.4516,40.23477],[-0.38412,40.26385],[-0.38188,40.27677],[-0.39987,40.29616],[-0.36388,40.31717],[-0.31215,40.35917],[-0.28291,40.36725],[-0.28966,40.38987],[-0.30765,40.40926],[-0.33239,40.42541],[-0.34589,40.44318],[-0.33464,40.45773],[-0.27392,40.47388],[-0.27617,40.4965],[-0.30091,40.52235],[-0.28966,40.54335],[-0.29641,40.56113],[-0.29416,40.61283],[-0.32115,40.60313],[-0.37963,40.62413],[-0.37063,40.6516],[-0.38188,40.66129],[-0.35714,40.67745],[-0.3279,40.68068],[-0.31665,40.66291],[-0.25143,40.69038],[-0.23568,40.69038],[-0.24018,40.71784],[-0.22444,40.75338],[-0.1952,40.78247],[-0.14572,40.7857],[-0.14797,40.77439],[-0.12772,40.75338],[-0.06475,40.72753],[-0.03101,40.72269],[-0.02202,40.73077],[0.01622,40.72753],[0.02971,40.71461],[0.02746,40.69522],[0.04321,40.69038],[0.07245,40.71461],[0.11518,40.72753],[0.14442,40.71784],[0.17141,40.73238],[0.17591,40.755],[0.1894,40.75015],[0.21189,40.76793],[0.22989,40.76793],[0.23438,40.78731],[0.25687,40.80024],[0.27937,40.82124],[0.25013,40.85517],[0.25463,40.87294],[0.23888,40.88425],[0.26137,40.92787],[0.27487,40.93595],[0.28386,40.96503],[0.28162,40.98765],[0.25912,41.01512],[0.27937,41.01835],[0.25238,41.03289],[0.21864,41.06035],[0.21864,41.08297],[0.20065,41.08459],[0.20964,41.1169],[0.20065,41.12498],[0.21414,41.13629],[0.25013,41.12983],[0.25238,41.15083],[0.27262,41.14921],[0.30411,41.16375],[0.3221,41.22515],[0.34009,41.23161],[0.36483,41.22676],[0.38507,41.27846],[0.36483,41.30431],[0.36933,41.31562],[0.34909,41.32855],[0.37383,41.35117],[0.35809,41.37217],[0.31985,41.39479],[0.34234,41.41418],[0.35584,41.45295],[0.34459,41.46103],[0.34009,41.48365],[0.39857,41.49011],[0.41656,41.51596],[0.4458,41.54181],[0.43006,41.56443],[0.4368,41.58543],[0.42781,41.60159],[0.40307,41.59351],[0.34909,41.59997],[0.34684,41.62259],[0.35809,41.63229],[0.3266,41.66298],[0.32885,41.68237],[0.36933,41.71468],[0.38507,41.74053],[0.39632,41.73245],[0.40082,41.75669],[0.47054,41.76638],[0.48404,41.80193],[0.51103,41.82131],[0.54251,41.8197],[0.55826,41.85363],[0.58075,41.8504],[0.58075,41.86332],[0.60774,41.8714],[0.59199,41.88432],[0.60324,41.9231],[0.56276,41.93279],[0.59199,41.96995],[0.60549,41.96026],[0.62348,41.99257],[0.65722,42.00226],[0.66397,42.01519],[0.65272,42.0265],[0.66621,42.04104],[0.68421,42.09274],[0.69995,42.10566],[0.69545,42.1509],[0.71345,42.16221],[0.6977,42.17191],[0.71345,42.20906],[0.71345,42.22361],[0.73594,42.2543],[0.74493,42.30116],[0.76518,42.32216],[0.74269,42.32701],[0.74044,42.3367],[0.77192,42.35124],[0.72244,42.36578],[0.74718,42.38517],[0.72694,42.40456],[0.73594,42.41425],[0.7112,42.43525],[0.70895,42.45949],[0.69096,42.48695],[0.71345,42.48695],[0.73369,42.50472],[0.72019,42.5128],[0.73369,42.54027],[0.75618,42.5645],[0.76743,42.61136],[0.73819,42.61297],[0.6977,42.62913],[0.69545,42.65821],[0.67971,42.66629],[0.65947,42.69052],[0.60549,42.6986],[0.58974,42.69537],[0.53127,42.70183],[0.51777,42.69214],[0.48179,42.70022],[0.42106,42.69052],[0.39632,42.70022],[0.36033,42.72445],[0.32435,42.70506],[0.32435,42.68729],[0.29511,42.67275],[0.27037,42.69214],[0.25912,42.71637],[0.22764,42.71799],[0.20515,42.7293],[0.17591,42.73738],[0.16241,42.72445],[0.13767,42.72283],[0.10618,42.70991],[0.09044,42.71637],[0.04771,42.69537],[0.02522,42.70183],[0.00048,42.68567],[-0.0625,42.69537],[-0.06925,42.71799],[-0.10748,42.72122],[-0.10973,42.73414],[-0.13897,42.76646],[-0.15022,42.76969],[-0.15921,42.79877],[-0.17945,42.78584],[-0.23793,42.80846],[-0.27617,42.83593],[-0.31215,42.84885],[-0.3234,42.83431],[-0.34589,42.83754],[-0.36388,42.81654],[-0.39537,42.79877],[-0.40887,42.80846],[-0.4426,42.79554],[-0.51008,42.82462],[-0.52582,42.81008],[-0.53032,42.79069],[-0.54381,42.79392],[-0.55281,42.77777],[-0.56855,42.781],[-0.56405,42.79877],[-0.57755,42.80846],[-0.60004,42.80523],[-0.60229,42.8327],[-0.66077,42.86339],[-0.67876,42.8844],[-0.699,42.87955],[-0.73274,42.89732],[-0.72824,42.91994],[-0.75298,42.92479],[-0.78222,42.92156],[-0.81821,42.90217],[-0.81596,42.8747],[-0.84744,42.84724],[-0.85644,42.84724],[-0.85194,42.80685],[-0.86094,42.802],[-0.84744,42.78584],[-0.86544,42.76323],[-0.90142,42.75999],[-0.89917,42.74384],[-0.92391,42.74384],[-0.94865,42.71152],[-0.9689,42.70345],[-1.02737,42.70022],[-1.03862,42.69214],[-1.03187,42.67598],[-1.03862,42.64852],[-1.07011,42.64205],[-1.0926,42.6469],[-1.15332,42.6469],[-1.15782,42.60974],[-1.18031,42.60812],[-1.15782,42.60005],[-1.2028,42.57904],[-1.2028,42.54996],[-1.2253,42.54188],[-1.26578,42.55642],[-1.29277,42.51119],[-1.27478,42.49503],[-1.27253,42.48211],[-1.29052,42.45787],[-1.31526,42.44979],[-1.34225,42.42394],[-1.34225,42.40779],[-1.36024,42.37871],[-1.33775,42.37224],[-1.32876,42.35609],[-1.35125,42.33993],[-1.39848,42.29146],[-1.38948,42.27854],[-1.40073,42.24622],[-1.41647,42.22199],[-1.41422,42.2026],[-1.39173,42.1816],[-1.39848,42.12667],[-1.36699,42.10728],[-1.35125,42.07335],[-1.31076,42.07174],[-1.30402,42.04266],[-1.34,42.01842],[-1.36699,41.98288],[-1.38273,41.9441],[-1.40298,41.93441],[-1.42097,41.91341],[-1.45246,41.91502],[-1.4727,41.92471],[-1.50194,41.92471],[-1.52443,41.91017],[-1.55817,41.91341],[-1.5964,41.92633],[-1.61439,41.95056],[-1.65488,41.96511],[-1.67287,41.96672],[-1.68637,41.95218],[-1.7156,41.95703],[-1.74259,41.96834],[-1.76733,41.9958],[-1.79207,41.98934],[-1.81007,41.99742],[-1.83481,41.9958],[-1.8483,42.00873],[-1.8438,41.98772],[-1.8663,41.97803],[-1.8573,41.96672],[-1.8573,41.91017],[-1.83931,41.88917],[-1.83256,41.86332],[-1.82356,41.86494],[-1.81906,41.82778],[-1.8438,41.80516],[-1.8528,41.789],[-1.82581,41.77931],[-1.80332,41.75023],[-1.81007,41.73569],[-1.77633,41.72438],[-1.78758,41.69853],[-1.80332,41.6953],[-1.81232,41.66137],[-1.85955,41.66137],[-1.87304,41.63875],[-1.89778,41.63229],[-1.92252,41.59836],[-1.95851,41.60482],[-1.99225,41.60159],[-1.9945,41.57735],[-1.96751,41.54504],[-1.97875,41.52404],[-1.981,41.48688],[-1.95401,41.46265],[-1.94951,41.43033],[-1.93827,41.40771],[-1.95401,41.40933],[-2.00124,41.39317],[-2.01024,41.3851],[-2.04173,41.38833],[-2.03498,41.4271],[-2.04623,41.43356],[-2.10245,41.44649],[-2.11595,41.42549],[-2.12045,41.38025],[-2.14969,41.35601],[-2.16318,41.35601],[-2.15643,41.33663],[-2.16993,41.31885],[-2.17443,41.28816],[-2.16318,41.28331],[-2.14969,41.21869],[-2.14519,41.18476],[-2.07996,41.17022],[-2.05072,41.1476]],[[-1.10159,42.48211],[-1.07011,42.46595],[-1.05211,42.44495],[-1.06111,42.43364],[-1.12858,42.44656],[-1.10159,42.48211]],[[-1.14883,42.44172],[-1.15557,42.41425],[-1.18481,42.40132],[-1.18256,42.42394],[-1.14883,42.44172]]]}},{"type":"Feature","id":"03","properties":{"cod_ccaa":"03","nombre":"Principado de Asturias","slug":"asturias"},"geometry":{"type":"Polygon","coordinates":[[[-7.03253,43.54519],[-7.04602,43.50803],[-7.04602,43.47733],[-7.091,43.45471],[-7.09775,43.43371],[-7.12699,43.42402],[-7.14273,43.43048],[-7.17197,43.43048],[-7.16972,43.40786],[-7.17647,43.38201],[-7.15848,43.37393],[-7.13824,43.38363],[-7.12699,43.37232],[-7.13149,43.33031],[-7.11575,43.32708],[-7.10225,43.30446],[-7.06402,43.30123],[-7.07076,43.2673],[-7.06177,43.24468],[-7.01903,43.21399],[-7.01004,43.22368],[-7.00104,43.20752],[-6.9718,43.20429],[-6.96505,43.18975],[-6.9808,43.16713],[-6.95831,43.13482],[-6.93806,43.1332],[-6.90208,43.15582],[-6.88633,43.15744],[-6.87509,43.18652],[-6.8391,43.16552],[-6.82111,43.1429],[-6.82786,43.12351],[-6.86609,43.10089],[-6.87059,43.0912],[-6.89533,43.0912],[-6.91557,43.07343],[-6.92232,43.0815],[-6.95156,43.07504],[-6.96955,43.05727],[-6.9718,43.0298],[-6.98305,43.04111],[-6.99654,43.02011],[-6.96281,42.99103],[-6.96505,43.02657],[-6.94706,43.03303],[-6.94031,43.01203],[-6.90883,42.98941],[-6.88184,42.99103],[-6.83685,42.9571],[-6.84135,42.92802],[-6.82336,42.91509],[-6.77163,42.89894],[-6.77388,42.88278],[-6.75589,42.88278],[-6.72215,42.91671],[-6.69066,42.92156],[-6.61194,42.92479],[-6.60744,42.91671],[-6.58045,42.91833],[-6.54222,42.91186],[-6.51073,42.92802],[-6.49049,42.91994],[-6.47699,42.93448],[-6.43201,42.93933],[-6.44101,42.94902],[-6.43426,42.96356],[-6.468,42.96679],[-6.47699,42.99264],[-6.44551,42.98295],[-6.40727,42.99911],[-6.41177,43.01526],[-6.39378,43.01688],[-6.39603,43.03788],[-6.37354,43.04111],[-6.35779,43.05727],[-6.3308,43.04273],[-6.32855,43.03142],[-6.29482,43.02657],[-6.28357,43.03465],[-6.26333,43.01526],[-6.22734,43.0088],[-6.22959,43.02173],[-6.2161,43.04758],[-6.18911,43.04919],[-6.15087,43.03465],[-6.13738,43.02173],[-6.09689,43.03142],[-6.0924,43.06696],[-6.08115,43.07666],[-6.01592,43.05404],[-5.97319,43.06535],[-5.96195,43.05242],[-5.96869,43.04111],[-5.9552,43.01688],[-5.93271,43.01042],[-5.90572,42.99103],[-5.88772,42.99426],[-5.88772,42.97972],[-5.86074,42.98133],[-5.84274,42.96356],[-5.80451,42.96195],[-5.75953,42.97326],[-5.76627,42.98618],[-5.73478,43.02173],[-5.72804,43.04273],[-5.68755,43.05727],[-5.62908,43.03303],[-5.5751,43.03142],[-5.5661,43.02173],[-5.53911,43.01849],[-5.50537,43.02819],[-5.49413,43.02173],[-5.48063,43.05404],[-5.44915,43.05565],[-5.39067,43.04919],[-5.38392,43.08797],[-5.34344,43.09443],[-5.34119,43.08312],[-5.31195,43.08473],[-5.28271,43.07666],[-5.26922,43.08797],[-5.21974,43.08312],[-5.18825,43.09928],[-5.16801,43.10251],[-5.14776,43.11543],[-5.14102,43.10251],[-5.10278,43.10251],[-5.09379,43.14451],[-5.07579,43.16713],[-5.07579,43.17844],[-5.06005,43.17359],[-5.03981,43.1849],[-5.02181,43.18329],[-4.99707,43.17036],[-4.99707,43.1849],[-4.94309,43.22529],[-4.9206,43.22691],[-4.89586,43.23822],[-4.87112,43.22853],[-4.85988,43.20591],[-4.83963,43.18975],[-4.84188,43.18006],[-4.82389,43.17844],[-4.77891,43.19137],[-4.75417,43.18329],[-4.73393,43.18813],[-4.73617,43.20914],[-4.72043,43.23014],[-4.72943,43.25599],[-4.70469,43.26569],[-4.63272,43.2673],[-4.63721,43.27376],[-4.60797,43.29638],[-4.5495,43.28507],[-4.53825,43.26892],[-4.52251,43.28023],[-4.52251,43.33839],[-4.536,43.34324],[-4.53375,43.36747],[-4.51126,43.38201],[-4.51351,43.39332],[-4.545,43.39978],[-4.56749,43.3917],[-4.57874,43.39817],[-4.65296,43.4014],[-4.67995,43.40948],[-4.74292,43.41755],[-4.76541,43.42886],[-4.82389,43.43533],[-4.84188,43.44502],[-4.87112,43.44179],[-4.88462,43.44825],[-4.93635,43.45956],[-4.97458,43.46279],[-5.01282,43.45794],[-5.07129,43.46602],[-5.08704,43.47572],[-5.11628,43.47733],[-5.12977,43.48379],[-5.21524,43.4741],[-5.22648,43.48703],[-5.26922,43.50964],[-5.26697,43.51934],[-5.3007,43.53549],[-5.38617,43.53549],[-5.41316,43.55488],[-5.46939,43.55165],[-5.49638,43.54519],[-5.51887,43.55165],[-5.59984,43.54842],[-5.61783,43.55811],[-5.64707,43.54196],[-5.6943,43.5468],[-5.70105,43.56781],[-5.73478,43.57427],[-5.75503,43.58235],[-5.79101,43.61466],[-5.78427,43.63082],[-5.827,43.63889],[-5.84274,43.65667],[-5.85849,43.65667],[-5.85849,43.64051],[-5.88772,43.62274],[-5.91471,43.62435],[-5.91471,43.60981],[-5.94845,43.59689],[-5.9417,43.58881],[-5.9597,43.57912],[-6.01143,43.58073],[-6.02267,43.58558],[-6.06765,43.56619],[-6.11264,43.55488],[-6.17111,43.56942],[-6.19136,43.56619],[-6.18911,43.57912],[-6.20485,43.57427],[-6.24309,43.59043],[-6.30606,43.56296],[-6.33305,43.56134],[-6.37129,43.55165],[-6.39603,43.55973],[-6.42976,43.55327],[-6.47025,43.57104],[-6.4725,43.55165],[-6.52423,43.55004],[-6.58045,43.5565],[-6.58945,43.55327],[-6.62769,43.56942],[-6.65917,43.56781],[-6.68391,43.55811],[-6.70865,43.56458],[-6.7244,43.5565],[-6.73339,43.56458],[-6.75813,43.56134],[-6.76713,43.56942],[-6.78512,43.5565],[-6.80986,43.55488],[-6.82786,43.56619],[-6.87059,43.56781],[-6.87509,43.56296],[-6.91332,43.57265],[-6.94931,43.57265],[-6.97405,43.5565],[-7.03028,43.5565],[-7.03253,43.54519]]]}},{"type":"Feature","id":"04","properties":{"cod_ccaa":"04","nombre":"Illes Balears","slug":"illes-balears"},"geometry":{"type":"MultiPolygon","coordinates":[[[[1.43317,38.77424],[1.42192,38.79686],[1.41742,38.78555],[1.43317,38.77424]]],[[[1.41067,38.89057],[1.42192,38.90349],[1.43766,38.90188],[1.43991,38.91642],[1.4759,38.91319],[1.50514,38.93257],[1.50964,38.94711],[1.52988,38.9455],[1.53213,38.97943],[1.55237,38.99235],[1.58161,38.98912],[1.58386,39.01497],[1.61759,39.03759],[1.5951,39.05213],[1.5906,39.07475],[1.6086,39.07798],[1.5906,39.09737],[1.55687,39.09414],[1.53213,39.11837],[1.50514,39.11191],[1.49614,39.09898],[1.45341,39.09737],[1.43991,39.08121],[1.42642,39.09252],[1.41742,39.07798],[1.38593,39.07798],[1.37469,39.06182],[1.36119,39.07475],[1.31171,39.04405],[1.29147,39.02466],[1.28472,38.99881],[1.30721,38.97296],[1.26448,38.96812],[1.23299,38.96812],[1.215,38.95681],[1.23524,38.94065],[1.21275,38.89703],[1.24649,38.85664],[1.26673,38.87764],[1.29822,38.87603],[1.30497,38.86633],[1.3432,38.87118],[1.36119,38.85987],[1.37244,38.83079],[1.38368,38.8421],[1.40618,38.8324],[1.40393,38.87441],[1.41067,38.89057]]],[[[1.38818,38.64176],[1.42867,38.66599],[1.44216,38.68377],[1.4759,38.68215],[1.52538,38.65307],[1.57261,38.65145],[1.58161,38.6773],[1.56137,38.69184],[1.52988,38.67246],[1.49164,38.69023],[1.4714,38.71931],[1.44891,38.73224],[1.43541,38.7597],[1.41742,38.72254],[1.39718,38.73062],[1.37919,38.71931],[1.38818,38.69346],[1.38144,38.69346],[1.38818,38.64176]]],[[[2.30582,39.57236],[2.31932,39.57721],[2.33731,39.59821],[2.30807,39.58206],[2.30582,39.57236]]],[[[2.59821,39.54813],[2.6252,39.54651],[2.63195,39.56913],[2.68818,39.55297],[2.72641,39.53197],[2.75115,39.5045],[2.72191,39.47542],[2.7489,39.43665],[2.7399,39.41726],[2.75115,39.39464],[2.78939,39.36233],[2.80513,39.36718],[2.82987,39.35587],[2.84336,39.36556],[2.8816,39.36556],[2.90859,39.35587],[2.93108,39.36395],[2.96482,39.3591],[2.99181,39.33648],[2.98506,39.31548],[3.0053,39.31548],[3.0188,39.29447],[3.04129,39.27993],[3.05028,39.26539],[3.07277,39.26862],[3.12001,39.31225],[3.147,39.33002],[3.17174,39.32679],[3.18748,39.33486],[3.21222,39.36395],[3.22347,39.35748],[3.25046,39.38656],[3.25495,39.4011],[3.2752,39.41565],[3.28194,39.46896],[3.29544,39.49966],[3.34042,39.54166],[3.36741,39.55136],[3.37866,39.57559],[3.40115,39.57721],[3.3854,39.58852],[3.39215,39.6176],[3.41014,39.63699],[3.43488,39.63214],[3.43938,39.65476],[3.45513,39.65476],[3.45737,39.70484],[3.47537,39.721],[3.45288,39.721],[3.45737,39.74523],[3.43263,39.74523],[3.4034,39.76462],[3.37866,39.76624],[3.34717,39.78886],[3.33592,39.78401],[3.32468,39.75816],[3.25495,39.72908],[3.21222,39.742],[3.15374,39.76785],[3.12001,39.8034],[3.12001,39.83248],[3.17848,39.84056],[3.19423,39.85671],[3.18523,39.87125],[3.20322,39.88902],[3.19423,39.89387],[3.1425,39.86479],[3.1335,39.86964],[3.11101,39.85833],[3.09077,39.86641],[3.07952,39.88902],[3.09077,39.91164],[3.10876,39.90518],[3.13125,39.92618],[3.15374,39.92295],[3.18298,39.93911],[3.20322,39.94396],[3.21447,39.96173],[3.18073,39.95203],[3.16499,39.9585],[3.147,39.95365],[3.12001,39.93103],[3.05478,39.92295],[3.06153,39.93265],[3.02779,39.93588],[2.98731,39.90841],[2.95132,39.91972],[2.93558,39.90356],[2.90634,39.89872],[2.87485,39.87771],[2.85461,39.87448],[2.80513,39.85186],[2.77364,39.85186],[2.77589,39.84056],[2.7489,39.82763],[2.74215,39.83248],[2.70167,39.81147],[2.68818,39.79693],[2.67018,39.79209],[2.66568,39.77593],[2.63645,39.76462],[2.62295,39.74846],[2.58472,39.71615],[2.55548,39.7],[2.53074,39.70161],[2.49925,39.68384],[2.46326,39.65153],[2.42053,39.63537],[2.38454,39.61275],[2.35531,39.60629],[2.34406,39.5869],[2.35531,39.57721],[2.34631,39.56428],[2.36655,39.55459],[2.38679,39.52066],[2.40479,39.53682],[2.42278,39.5352],[2.41828,39.52389],[2.45202,39.53682],[2.46776,39.51905],[2.45652,39.5045],[2.5015,39.46088],[2.52399,39.45765],[2.53748,39.48835],[2.53748,39.51743],[2.55998,39.53197],[2.58921,39.53359],[2.59821,39.54813]]],[[[2.94682,39.12483],[2.95807,39.12806],[2.95807,39.14907],[2.97606,39.15876],[2.94682,39.16361],[2.94907,39.14907],[2.92433,39.15553],[2.91309,39.14422],[2.94682,39.12483]]],[[[4.15685,39.8551],[4.18384,39.83894],[4.24007,39.81632],[4.27156,39.80824],[4.2963,39.82278],[4.30754,39.84863],[4.30754,39.86479],[4.29405,39.88095],[4.30979,39.87771],[4.30529,39.8971],[4.28505,39.91164],[4.27605,39.93265],[4.2828,39.94396],[4.25581,39.96334],[4.25806,39.99566],[4.24682,40.0005],[4.21983,39.99727],[4.18834,40.03443],[4.18159,40.02151],[4.1591,40.04251],[4.16585,40.05867],[4.13661,40.06674],[4.13886,40.03282],[4.12311,40.03766],[4.13436,40.06351],[4.10287,40.04412],[4.08713,40.06836],[4.04889,40.0522],[4.03315,40.06513],[4.0219,40.05867],[3.96793,40.05382],[3.95893,40.0619],[3.92069,40.05705],[3.90945,40.04897],[3.8982,40.06028],[3.87796,40.0522],[3.85322,40.05543],[3.82173,40.05059],[3.81049,40.02958],[3.79249,40.01989],[3.79474,40.0005],[3.82623,39.99566],[3.83523,39.96011],[3.82398,39.95203],[3.82173,39.92295],[3.89595,39.92295],[3.95668,39.93911],[4.01291,39.91972],[4.01966,39.92295],[4.07813,39.89549],[4.09837,39.87933],[4.15685,39.8551]]]]}},{"type":"Feature","id":"06","properties":{"cod_ccaa":"06","nombre":"Cantabria","slug":"cantabria"},"geometry":{"type":"MultiPolygon","coordinates":[[[[-4.84188,43.18006],[-4.85088,43.17198],[-4.83514,43.15744],[-4.85088,43.12674],[-4.83289,43.10251],[-4.76766,43.07504],[-4.76541,43.05565],[-4.73393,43.04758],[-4.74292,43.02657],[-4.71593,43.01849],[-4.68445,43.02657],[-4.63946,43.01688],[-4.60573,43.03465],[-4.55849,43.01849],[-4.52026,43.04758],[-4.47528,43.03788],[-4.46178,43.0605],[-4.43254,43.04596],[-4.39881,43.03465],[-4.37407,42.99426],[-4.34708,42.97164],[-4.26161,42.96518],[-4.23912,42.95387],[-4.23687,42.91671],[-4.22338,42.86339],[-4.19863,42.84401],[-4.14915,42.87147],[-4.12666,42.85693],[-4.14466,42.82947],[-4.15815,42.83754],[-4.18514,42.81654],[-4.1514,42.78908],[-4.12441,42.79392],[-4.09742,42.79069],[-4.08168,42.76161],[-4.04569,42.76646],[-4.04345,42.78908],[-4.01421,42.80685],[-4.02095,42.81977],[-4.00296,42.83108],[-3.99621,42.78584],[-4.00071,42.76969],[-3.97822,42.75838],[-3.94673,42.76161],[-3.93099,42.77453],[-3.91075,42.76807],[-3.91075,42.78584],[-3.895,42.80523],[-3.86352,42.78584],[-3.82303,42.79877],[-3.81628,42.83593],[-3.83428,42.85208],[-3.82528,42.86824],[-3.86352,42.88924],[-3.87476,42.8747],[-3.86801,42.85693],[-3.87926,42.85047],[-3.913,42.85855],[-3.89275,42.88763],[-3.8995,42.90378],[-3.86801,42.89894],[-3.85227,42.91994],[-3.83878,42.91671],[-3.82978,42.92963],[-3.86801,42.95548],[-3.88826,42.94902],[-3.89051,42.92479],[-3.92424,42.91509],[-3.92649,42.90378],[-3.97372,42.91186],[-3.98947,42.93125],[-3.96698,42.98457],[-3.94448,43.00718],[-3.9085,43.01688],[-3.88826,43.04273],[-3.85002,43.04111],[-3.83203,43.06373],[-3.84777,43.08473],[-3.80954,43.08635],[-3.78929,43.07827],[-3.75781,43.08635],[-3.75556,43.10089],[-3.72857,43.10412],[-3.70383,43.11866],[-3.68359,43.13643],[-3.67684,43.15421],[-3.64985,43.18006],[-3.61161,43.16875],[-3.60262,43.14936],[-3.58462,43.15421],[-3.54414,43.14774],[-3.50815,43.13643],[-3.41819,43.1332],[-3.43393,43.18006],[-3.43393,43.20591],[-3.44968,43.2366],[-3.4002,43.2463],[-3.3822,43.27053],[-3.33947,43.27861],[-3.34397,43.29477],[-3.32373,43.29315],[-3.29449,43.30123],[-3.29224,43.28992],[-3.26525,43.29638],[-3.20902,43.28346],[-3.19328,43.298],[-3.15729,43.30123],[-3.15054,43.319],[-3.15279,43.35293],[-3.16179,43.35131],[-3.19553,43.37232],[-3.21127,43.37555],[-3.22027,43.39332],[-3.25625,43.40301],[-3.27649,43.40301],[-3.32598,43.41594],[-3.36646,43.41109],[-3.37096,43.41755],[-3.42269,43.41271],[-3.44968,43.43533],[-3.46542,43.40463],[-3.46092,43.43856],[-3.42494,43.44502],[-3.43168,43.46279],[-3.47217,43.46602],[-3.51265,43.47733],[-3.51265,43.49187],[-3.53964,43.49349],[-3.54864,43.50964],[-3.57788,43.50641],[-3.59587,43.51288],[-3.61161,43.49995],[-3.64535,43.49834],[-3.68134,43.47895],[-3.70608,43.47895],[-3.73307,43.45956],[-3.7758,43.45956],[-3.74431,43.44825],[-3.76905,43.44825],[-3.79154,43.43048],[-3.7803,43.42402],[-3.81628,43.40786],[-3.80279,43.42563],[-3.81628,43.43694],[-3.80954,43.45633],[-3.7713,43.46764],[-3.7848,43.49187],[-3.81179,43.4951],[-3.86352,43.47572],[-3.87476,43.48056],[-3.94448,43.46925],[-3.95798,43.45633],[-3.99846,43.44017],[-4.0232,43.44179],[-4.07718,43.43048],[-4.08168,43.43856],[-4.11092,43.41917],[-4.21663,43.39655],[-4.23237,43.39978],[-4.2796,43.38847],[-4.32908,43.3917],[-4.33808,43.40463],[-4.37182,43.39332],[-4.44379,43.39817],[-4.47303,43.39009],[-4.49102,43.39655],[-4.51351,43.39332],[-4.51126,43.38201],[-4.53375,43.36747],[-4.536,43.34324],[-4.52251,43.33839],[-4.52251,43.28023],[-4.53825,43.26892],[-4.5495,43.28507],[-4.60797,43.29638],[-4.63721,43.27376],[-4.63272,43.2673],[-4.70469,43.26569],[-4.72943,43.25599],[-4.72043,43.23014],[-4.73617,43.20914],[-4.73393,43.18813],[-4.75417,43.18329],[-4.77891,43.19137],[-4.82389,43.17844],[-4.84188,43.18006]],[[-4.08843,42.80846],[-4.10192,42.79392],[-4.11317,42.81654],[-4.10642,42.82785],[-4.08843,42.80846]]],[[[-3.27649,43.26407],[-3.30348,43.25761],[-3.29449,43.24307],[-3.29674,43.20591],[-3.28549,43.19783],[-3.26525,43.20591],[-3.26975,43.23337],[-3.25175,43.2463],[-3.24951,43.25922],[-3.27649,43.26407]]]]}},{"type":"Feature","id":"07","properties":{"cod_ccaa":"07","nombre":"Castilla y León","slug":"castilla-y-leon"},"geometry":{"type":"MultiPolygon","coordinates":[[[[-6.9853,41.97157],[-6.95831,41.96834],[-6.94481,41.9441],[-6.88409,41.94087],[-6.87059,41.94895],[-6.8481,41.94249],[-6.82111,41.94572],[-6.80986,41.96995],[-6.81211,41.99257],[-6.76938,41.98449],[-6.75139,41.9441],[-6.69966,41.93279],[-6.59845,41.94895],[-6.5872,41.96834],[-6.54897,41.9441],[-6.54672,41.93118],[-6.57146,41.88271],[-6.51748,41.87463],[-6.54672,41.79385],[-6.55571,41.7583],[-6.56921,41.74376],[-6.55571,41.73892],[-6.54222,41.70337],[-6.54897,41.6856],[-6.51298,41.66137],[-6.48824,41.65814],[-6.45675,41.66621],[-6.45225,41.68075],[-6.40502,41.68075],[-6.37354,41.67429],[-6.35554,41.67591],[-6.30156,41.66137],[-6.25433,41.63229],[-6.23634,41.60644],[-6.20935,41.59836],[-6.18911,41.57412],[-6.2116,41.55958],[-6.23634,41.52081],[-6.25883,41.51273],[-6.24983,41.50142],[-6.28357,41.4788],[-6.28807,41.46588],[-6.30606,41.44972],[-6.29482,41.43518],[-6.33305,41.4061],[-6.31506,41.38994],[-6.35329,41.37863],[-6.36679,41.39317],[-6.39153,41.38348],[-6.39378,41.37055],[-6.37578,41.36086],[-6.39378,41.34955],[-6.41627,41.34794],[-6.45001,41.29947],[-6.468,41.30108],[-6.49049,41.28493],[-6.47924,41.27685],[-6.49949,41.26554],[-6.51748,41.27523],[-6.54672,41.25746],[-6.55122,41.24615],[-6.58495,41.2413],[-6.5872,41.25261],[-6.62994,41.24292],[-6.64793,41.24777],[-6.69291,41.20738],[-6.69291,41.19284],[-6.70865,41.17345],[-6.76713,41.13467],[-6.77163,41.12336],[-6.75364,41.10398],[-6.80986,41.03612],[-6.83461,41.02804],[-6.86834,41.02643],[-6.92007,41.03774],[-6.93132,41.02966],[-6.92232,41.00219],[-6.90883,40.99896],[-6.87509,40.96019],[-6.85935,40.95049],[-6.8481,40.92303],[-6.8481,40.90202],[-6.8391,40.89071],[-6.80986,40.88263],[-6.80087,40.84871],[-6.82336,40.84548],[-6.81661,40.79701],[-6.82561,40.7857],[-6.83011,40.74208],[-6.80986,40.71623],[-6.81436,40.70815],[-6.79412,40.66129],[-6.82111,40.61121],[-6.8391,40.59344],[-6.84585,40.56597],[-6.80087,40.54982],[-6.80537,40.54012],[-6.79637,40.51104],[-6.81211,40.50458],[-6.85035,40.45126],[-6.8391,40.4141],[-6.82111,40.39633],[-6.78063,40.36402],[-6.79412,40.35594],[-6.78962,40.33494],[-6.81886,40.32524],[-6.86384,40.29616],[-6.86384,40.27031],[-6.83685,40.24931],[-6.80087,40.24285],[-6.78063,40.24931],[-6.75589,40.24608],[-6.71765,40.2687],[-6.69066,40.24285],[-6.67267,40.26385],[-6.5872,40.27031],[-6.55571,40.29132],[-6.56471,40.31393],[-6.56021,40.32847],[-6.53547,40.34786],[-6.4635,40.3721],[-6.43876,40.37371],[-6.41852,40.39956],[-6.37578,40.39956],[-6.36454,40.42218],[-6.33305,40.44803],[-6.29482,40.45126],[-6.25433,40.47065],[-6.24084,40.48519],[-6.20035,40.48358],[-6.17786,40.46257],[-6.15537,40.45773],[-6.14862,40.43672],[-6.11938,40.44157],[-6.12838,40.42057],[-6.06765,40.39795],[-6.0879,40.37694],[-6.08565,40.36079],[-6.09689,40.35594],[-6.05416,40.3414],[-6.01592,40.33978],[-6.02042,40.32201],[-6.00468,40.30586],[-5.93721,40.28162],[-5.92146,40.28162],[-5.90347,40.29455],[-5.89447,40.31878],[-5.84949,40.33817],[-5.84724,40.32847],[-5.81575,40.35109],[-5.79551,40.35109],[-5.78202,40.31232],[-5.80226,40.29778],[-5.79326,40.28647],[-5.76402,40.28001],[-5.73703,40.29455],[-5.69205,40.29132],[-5.65607,40.27031],[-5.64932,40.24931],[-5.62458,40.24769],[-5.61108,40.21538],[-5.59534,40.217],[-5.53011,40.19438],[-5.47164,40.2073],[-5.46714,40.22346],[-5.44015,40.23315],[-5.4289,40.25254],[-5.39742,40.25092],[-5.34344,40.26385],[-5.35918,40.22507],[-5.37043,40.21538],[-5.36368,40.17822],[-5.36818,40.16368],[-5.33669,40.11521],[-5.31645,40.10713],[-5.26697,40.11198],[-5.21074,40.10552],[-5.19949,40.08128],[-5.14327,40.09098],[-5.10053,40.12652],[-5.0668,40.15076],[-5.01731,40.15883],[-5.00607,40.11037],[-4.97008,40.12167],[-4.95884,40.12975],[-4.9251,40.13622],[-4.91835,40.15237],[-4.9251,40.17014],[-4.87337,40.19922],[-4.83963,40.20892],[-4.8059,40.23477],[-4.81714,40.25577],[-4.80365,40.27516],[-4.76092,40.26062],[-4.74292,40.27516],[-4.72943,40.27031],[-4.69794,40.28162],[-4.70019,40.25739],[-4.68669,40.24931],[-4.68669,40.21053],[-4.63946,40.19761],[-4.61697,40.19922],[-4.57874,40.217],[-4.56524,40.21861],[-4.55849,40.23477],[-4.56974,40.259],[-4.52926,40.29293],[-4.54725,40.33978],[-4.52701,40.34463],[-4.50452,40.31555],[-4.45503,40.31878],[-4.46178,40.33978],[-4.43929,40.35109],[-4.44154,40.38825],[-4.41455,40.40926],[-4.33133,40.40764],[-4.34033,40.43672],[-4.32234,40.44965],[-4.32009,40.53204],[-4.32459,40.54982],[-4.2886,40.56436],[-4.2796,40.60475],[-4.2886,40.60636],[-4.2886,40.62737],[-4.27061,40.62898],[-4.26161,40.60475],[-4.21438,40.60636],[-4.1604,40.62413],[-4.17389,40.6306],[-4.16715,40.65322],[-4.17165,40.68068],[-4.14466,40.69522],[-4.13566,40.71784],[-4.11092,40.74369],[-4.09742,40.74854],[-4.09742,40.76469],[-4.07043,40.79378],[-4.02095,40.78085],[-4.00296,40.78893],[-3.98047,40.78408],[-3.98047,40.79862],[-3.96248,40.82286],[-3.96473,40.83417],[-3.94673,40.86325],[-3.94223,40.8891],[-3.95123,40.89394],[-3.92199,40.92949],[-3.9085,40.95534],[-3.87926,40.97473],[-3.80954,40.98765],[-3.7803,41.00058],[-3.75556,41.02804],[-3.73981,41.05389],[-3.71507,41.07328],[-3.67909,41.08459],[-3.6521,41.10721],[-3.63411,41.13467],[-3.60037,41.15568],[-3.53964,41.16537],[-3.5194,41.16214],[-3.49916,41.17829],[-3.46542,41.18314],[-3.44293,41.21545],[-3.40245,41.21384],[-3.40694,41.23323],[-3.4002,41.25423],[-3.36871,41.26069],[-3.33722,41.25261],[-3.32598,41.26231],[-3.29224,41.25746],[-3.27649,41.27523],[-3.27425,41.26069],[-3.254,41.25908],[-3.23826,41.28816],[-3.20677,41.30431],[-3.10781,41.28816],[-3.06283,41.27362],[-3.01785,41.28977],[-3.0066,41.28493],[-2.94362,41.29785],[-2.94138,41.31401],[-2.90764,41.32693],[-2.87615,41.32209],[-2.86715,41.27523],[-2.81992,41.25746],[-2.77494,41.24938],[-2.76145,41.27362],[-2.71646,41.27523],[-2.70972,41.25261],[-2.66923,41.23646],[-2.64674,41.23969],[-2.62875,41.21545],[-2.59051,41.22515],[-2.59276,41.20253],[-2.61975,41.19607],[-2.61975,41.18314],[-2.60176,41.18799],[-2.57702,41.17829],[-2.59501,41.14921],[-2.57477,41.13952],[-2.53878,41.15406],[-2.53653,41.16214],[-2.51854,41.1476],[-2.50954,41.11852],[-2.48256,41.1169],[-2.46906,41.07813],[-2.43083,41.07166],[-2.41958,41.05712],[-2.40159,41.06197],[-2.35436,41.0862],[-2.32287,41.05712],[-2.29363,41.07166],[-2.26439,41.06682],[-2.2329,41.09751],[-2.17443,41.08297],[-2.16768,41.0959],[-2.14294,41.10236],[-2.12944,41.1169],[-2.1182,41.10236],[-2.05747,41.07005],[-2.04847,41.07813],[-2.06647,41.0959],[-2.05072,41.12498],[-2.05072,41.1476],[-2.07996,41.17022],[-2.14519,41.18476],[-2.14969,41.21869],[-2.16318,41.28331],[-2.17443,41.28816],[-2.16993,41.31885],[-2.15643,41.33663],[-2.16318,41.35601],[-2.14969,41.35601],[-2.12045,41.38025],[-2.11595,41.42549],[-2.10245,41.44649],[-2.04623,41.43356],[-2.03498,41.4271],[-2.04173,41.38833],[-2.01024,41.3851],[-2.00124,41.39317],[-1.95401,41.40933],[-1.93827,41.40771],[-1.94951,41.43033],[-1.95401,41.46265],[-1.981,41.48688],[-1.97875,41.52404],[-1.96751,41.54504],[-1.9945,41.57735],[-1.99225,41.60159],[-1.95851,41.60482],[-1.92252,41.59836],[-1.89778,41.63229],[-1.87304,41.63875],[-1.85955,41.66137],[-1.81232,41.66137],[-1.80332,41.6953],[-1.78758,41.69853],[-1.77633,41.72438],[-1.81007,41.73569],[-1.80332,41.75023],[-1.82581,41.77931],[-1.8528,41.789],[-1.8438,41.80516],[-1.81906,41.82778],[-1.82356,41.86494],[-1.83256,41.86332],[-1.83931,41.88917],[-1.8573,41.91017],[-1.8573,41.96672],[-1.87754,41.95218],[-1.90678,41.94572],[-1.91578,41.93279],[-1.981,41.91825],[-2.02823,41.9538],[-2.03723,41.94087],[-2.06197,41.9538],[-2.1002,41.95541],[-2.11595,41.96349],[-2.12494,41.9958],[-2.10695,42.00226],[-2.11595,42.02165],[-2.15418,42.0475],[-2.16093,42.06689],[-2.12719,42.07981],[-2.12719,42.09759],[-2.17218,42.10566],[-2.2374,42.10243],[-2.26889,42.08789],[-2.28238,42.11051],[-2.28238,42.13151],[-2.31837,42.14444],[-2.38809,42.14282],[-2.43757,42.13798],[-2.45781,42.11536],[-2.4848,42.10566],[-2.51404,42.11374],[-2.52304,42.08305],[-2.51404,42.06851],[-2.55228,42.04589],[-2.56577,42.01357],[-2.57927,41.9958],[-2.6265,42.00711],[-2.66024,42.0055],[-2.67373,41.99742],[-2.70522,42.01519],[-2.7457,42.00873],[-2.75695,42.03296],[-2.70747,42.08628],[-2.70747,42.10566],[-2.73446,42.12505],[-2.7502,42.11697],[-2.77494,42.12344],[-2.79068,42.1089],[-2.79743,42.0475],[-2.85591,42.02811],[-2.8829,42.00873],[-2.91439,42.02327],[-2.91439,42.03781],[-2.93463,42.08951],[-2.96162,42.08466],[-3.03359,42.08628],[-3.06508,42.13313],[-3.08532,42.13475],[-3.08982,42.15898],[-3.11456,42.17837],[-3.12805,42.20099],[-3.10331,42.2123],[-3.10331,42.23168],[-3.08757,42.24622],[-3.09881,42.26238],[-3.08982,42.27369],[-3.10556,42.31408],[-3.09657,42.32701],[-3.11006,42.33832],[-3.11006,42.35124],[-3.06733,42.35447],[-3.06283,42.36255],[-3.08532,42.38517],[-3.10556,42.38678],[-3.09657,42.40456],[-3.10106,42.41748],[-3.07857,42.41587],[-3.08307,42.39809],[-3.06508,42.37386],[-3.05383,42.37386],[-3.06508,42.40456],[-3.06283,42.42556],[-3.04708,42.44495],[-3.07407,42.47726],[-3.09432,42.4918],[-3.07857,42.49988],[-3.07182,42.52734],[-3.08982,42.53865],[-3.10781,42.52896],[-3.1348,42.54188],[-3.10556,42.55319],[-3.06733,42.58874],[-3.06058,42.60328],[-3.06958,42.62105],[-3.08532,42.62751],[-3.08307,42.64044],[-3.04034,42.64044],[-3.01785,42.63236],[-3.00435,42.64367],[-2.97961,42.63559],[-2.97061,42.64044],[-2.93463,42.63397],[-2.92338,42.62105],[-2.90539,42.6259],[-2.8829,42.62105],[-2.85816,42.63882],[-2.89639,42.65498],[-2.89414,42.67921],[-2.90314,42.69375],[-2.93013,42.70022],[-2.93013,42.70829],[-2.95712,42.70991],[-2.97961,42.70345],[-2.98861,42.7196],[-3.0066,42.72283],[-3.01785,42.74061],[-3.04034,42.73899],[-3.04708,42.76484],[-3.06283,42.75999],[-3.09881,42.76807],[-3.11681,42.75999],[-3.1483,42.75676],[-3.13705,42.76484],[-3.1303,42.78908],[-3.15954,42.80523],[-3.11231,42.86178],[-3.10556,42.87955],[-3.1258,42.89086],[-3.15054,42.86178],[-3.17304,42.85693],[-3.19103,42.86986],[-3.20902,42.84401],[-3.23601,42.83754],[-3.28324,42.87632],[-3.27649,42.90217],[-3.24951,42.91186],[-3.22477,42.94902],[-3.17978,42.94418],[-3.1438,42.93448],[-3.15054,42.91994],[-3.1258,42.90378],[-3.10556,42.91025],[-3.08982,42.89894],[-3.01785,42.90863],[-3.0111,42.92156],[-2.98186,42.93933],[-2.99535,42.95225],[-3.0156,42.95387],[-3.04484,42.97326],[-3.03809,42.98295],[-3.07632,43.0088],[-3.08982,43.00072],[-3.1438,43.00718],[-3.17753,43.02173],[-3.17079,43.0298],[-3.1438,43.02819],[-3.14155,43.06858],[-3.15729,43.07343],[-3.1348,43.09766],[-3.18203,43.12028],[-3.16179,43.1429],[-3.16179,43.15421],[-3.14155,43.16552],[-3.16854,43.17844],[-3.18653,43.16875],[-3.20902,43.18006],[-3.22252,43.17198],[-3.254,43.19944],[-3.27874,43.1946],[-3.31248,43.17198],[-3.34172,43.16713],[-3.34847,43.15421],[-3.37096,43.15098],[-3.41819,43.1332],[-3.50815,43.13643],[-3.54414,43.14774],[-3.58462,43.15421],[-3.60262,43.14936],[-3.61161,43.16875],[-3.64985,43.18006],[-3.67684,43.15421],[-3.68359,43.13643],[-3.70383,43.11866],[-3.72857,43.10412],[-3.75556,43.10089],[-3.75781,43.08635],[-3.78929,43.07827],[-3.80954,43.08635],[-3.84777,43.08473],[-3.83203,43.06373],[-3.85002,43.04111],[-3.88826,43.04273],[-3.9085,43.01688],[-3.94448,43.00718],[-3.96698,42.98457],[-3.98947,42.93125],[-3.97372,42.91186],[-3.92649,42.90378],[-3.92424,42.91509],[-3.89051,42.92479],[-3.88826,42.94902],[-3.86801,42.95548],[-3.82978,42.92963],[-3.83878,42.91671],[-3.85227,42.91994],[-3.86801,42.89894],[-3.8995,42.90378],[-3.89275,42.88763],[-3.913,42.85855],[-3.87926,42.85047],[-3.86801,42.85693],[-3.87476,42.8747],[-3.86352,42.88924],[-3.82528,42.86824],[-3.83428,42.85208],[-3.81628,42.83593],[-3.82303,42.79877],[-3.86352,42.78584],[-3.895,42.80523],[-3.91075,42.78584],[-3.91075,42.76807],[-3.93099,42.77453],[-3.94673,42.76161],[-3.97822,42.75838],[-4.00071,42.76969],[-3.99621,42.78584],[-4.00296,42.83108],[-4.02095,42.81977],[-4.01421,42.80685],[-4.04345,42.78908],[-4.04569,42.76646],[-4.08168,42.76161],[-4.09742,42.79069],[-4.12441,42.79392],[-4.1514,42.78908],[-4.18514,42.81654],[-4.15815,42.83754],[-4.14466,42.82947],[-4.12666,42.85693],[-4.14915,42.87147],[-4.19863,42.84401],[-4.22338,42.86339],[-4.23687,42.91671],[-4.23912,42.95387],[-4.26161,42.96518],[-4.34708,42.97164],[-4.37407,42.99426],[-4.39881,43.03465],[-4.43254,43.04596],[-4.46178,43.0605],[-4.47528,43.03788],[-4.52026,43.04758],[-4.55849,43.01849],[-4.60573,43.03465],[-4.63946,43.01688],[-4.68445,43.02657],[-4.71593,43.01849],[-4.74292,43.02657],[-4.73393,43.04758],[-4.76541,43.05565],[-4.76766,43.07504],[-4.83289,43.10251],[-4.85088,43.12674],[-4.83514,43.15744],[-4.85088,43.17198],[-4.84188,43.18006],[-4.83963,43.18975],[-4.85988,43.20591],[-4.87112,43.22853],[-4.89586,43.23822],[-4.9206,43.22691],[-4.94309,43.22529],[-4.99707,43.1849],[-4.99707,43.17036],[-5.02181,43.18329],[-5.03981,43.1849],[-5.06005,43.17359],[-5.07579,43.17844],[-5.07579,43.16713],[-5.09379,43.14451],[-5.10278,43.10251],[-5.14102,43.10251],[-5.14776,43.11543],[-5.16801,43.10251],[-5.18825,43.09928],[-5.21974,43.08312],[-5.26922,43.08797],[-5.28271,43.07666],[-5.31195,43.08473],[-5.34119,43.08312],[-5.34344,43.09443],[-5.38392,43.08797],[-5.39067,43.04919],[-5.44915,43.05565],[-5.48063,43.05404],[-5.49413,43.02173],[-5.50537,43.02819],[-5.53911,43.01849],[-5.5661,43.02173],[-5.5751,43.03142],[-5.62908,43.03303],[-5.68755,43.05727],[-5.72804,43.04273],[-5.73478,43.02173],[-5.76627,42.98618],[-5.75953,42.97326],[-5.80451,42.96195],[-5.84274,42.96356],[-5.86074,42.98133],[-5.88772,42.97972],[-5.88772,42.99426],[-5.90572,42.99103],[-5.93271,43.01042],[-5.9552,43.01688],[-5.96869,43.04111],[-5.96195,43.05242],[-5.97319,43.06535],[-6.01592,43.05404],[-6.08115,43.07666],[-6.0924,43.06696],[-6.09689,43.03142],[-6.13738,43.02173],[-6.15087,43.03465],[-6.18911,43.04919],[-6.2161,43.04758],[-6.22959,43.02173],[-6.22734,43.0088],[-6.26333,43.01526],[-6.28357,43.03465],[-6.29482,43.02657],[-6.32855,43.03142],[-6.3308,43.04273],[-6.35779,43.05727],[-6.37354,43.04111],[-6.39603,43.03788],[-6.39378,43.01688],[-6.41177,43.01526],[-6.40727,42.99911],[-6.44551,42.98295],[-6.47699,42.99264],[-6.468,42.96679],[-6.43426,42.96356],[-6.44101,42.94902],[-6.43201,42.93933],[-6.47699,42.93448],[-6.49049,42.91994],[-6.51073,42.92802],[-6.54222,42.91186],[-6.58045,42.91833],[-6.60744,42.91671],[-6.61194,42.92479],[-6.69066,42.92156],[-6.72215,42.91671],[-6.75589,42.88278],[-6.77388,42.88278],[-6.77163,42.89894],[-6.82336,42.91509],[-6.83461,42.90378],[-6.82111,42.86824],[-6.84135,42.87793],[-6.87059,42.87309],[-6.84135,42.823],[-6.86609,42.80362],[-6.86834,42.78746],[-6.89083,42.77777],[-6.90208,42.76161],[-6.93582,42.74061],[-6.95606,42.75515],[-6.98305,42.71799],[-6.98979,42.72607],[-7.01453,42.72283],[-7.04602,42.69537],[-7.01453,42.66467],[-7.01678,42.64528],[-7.04602,42.63236],[-7.05052,42.59843],[-7.03253,42.58389],[-7.05727,42.5645],[-7.07076,42.53865],[-7.05952,42.53057],[-7.07301,42.50634],[-7.05277,42.50796],[-7.02803,42.49826],[-7.00554,42.50472],[-6.97405,42.49342],[-6.96056,42.51765],[-6.92457,42.51927],[-6.91557,42.51119],[-6.8481,42.48695],[-6.83685,42.49503],[-6.80762,42.46918],[-6.82111,42.45464],[-6.81661,42.42717],[-6.8436,42.40617],[-6.82111,42.38517],[-6.77388,42.37871],[-6.76713,42.36578],[-6.73339,42.35932],[-6.74014,42.29792],[-6.76488,42.27207],[-6.76713,42.25753],[-6.79187,42.25269],[-6.80312,42.23976],[-6.78737,42.21553],[-6.83011,42.22684],[-6.85485,42.22684],[-6.88633,42.21391],[-6.89983,42.18968],[-6.93806,42.17675],[-6.94931,42.13636],[-6.98979,42.12182],[-6.99204,42.0992],[-7.00329,42.08466],[-7.03253,42.07497],[-7.03028,42.06366],[-7.00779,42.05235],[-6.97405,42.05558],[-6.96056,42.0265],[-6.99204,41.98611],[-6.9853,41.97157]],[[-4.31559,40.64837],[-4.31559,40.66614],[-4.2841,40.68068],[-4.25486,40.66129],[-4.25711,40.6516],[-4.31559,40.64837]]],[[[-4.08843,42.80846],[-4.10642,42.82785],[-4.11317,42.81654],[-4.10192,42.79392],[-4.08843,42.80846]]],[[[-2.93013,42.61136],[-2.93913,42.59358],[-2.92338,42.60005],[-2.93013,42.61136]]],[[[-2.86491,42.74384],[-2.85591,42.7293],[-2.82892,42.7196],[-2.82442,42.70829],[-2.78394,42.6986],[-2.76819,42.66629],[-2.71871,42.66144],[-2.69847,42.67437],[-2.65349,42.66952],[-2.6355,42.64852],[-2.58377,42.65175],[-2.55003,42.63721],[-2.51629,42.6469],[-2.52304,42.68406],[-2.53878,42.68729],[-2.54778,42.66952],[-2.57927,42.66952],[-2.59501,42.69052],[-2.60851,42.69537],[-2.57252,42.72445],[-2.55903,42.76323],[-2.58826,42.7503],[-2.60401,42.76969],[-2.63325,42.76484],[-2.67823,42.77938],[-2.69397,42.77777],[-2.73221,42.79392],[-2.79293,42.79392],[-2.82667,42.78423],[-2.83567,42.79554],[-2.85366,42.76807],[-2.85366,42.74707],[-2.86491,42.74384]]]]}},{"type":"Feature","id":"08","properties":{"cod_ccaa":"08","nombre":"Castilla-La Mancha","slug":"castilla-la-mancha"},"geometry":{"type":"Polygon","coordinates":[[[-5.04655,38.729],[-5.02406,38.72577],[-5.00157,38.708],[-5.00157,38.69508],[-4.94309,38.68215],[-4.87787,38.68538],[-4.86662,38.65953],[-4.86213,38.61753],[-4.81489,38.59491],[-4.78566,38.59652],[-4.73842,38.57713],[-4.70919,38.57229],[-4.70469,38.55452],[-4.66645,38.54644],[-4.62147,38.52382],[-4.61022,38.49635],[-4.56299,38.48989],[-4.55849,38.47697],[-4.5405,38.48181],[-4.536,38.4705],[-4.51351,38.46404],[-4.48877,38.44142],[-4.45279,38.40103],[-4.41905,38.39618],[-4.32009,38.36226],[-4.28635,38.34287],[-4.26836,38.34772],[-4.2751,38.39134],[-4.25486,38.40103],[-4.22338,38.3978],[-4.1559,38.38003],[-4.07043,38.38003],[-4.00521,38.3671],[-3.913,38.3671],[-3.87701,38.3768],[-3.85902,38.37357],[-3.82978,38.39295],[-3.82978,38.41234],[-3.80729,38.42203],[-3.76455,38.42365],[-3.73981,38.41396],[-3.73082,38.42365],[-3.69933,38.41234],[-3.6476,38.40426],[-3.62061,38.39457],[-3.58687,38.40588],[-3.58238,38.45112],[-3.54189,38.44465],[-3.5284,38.40911],[-3.50591,38.40749],[-3.47217,38.3978],[-3.42494,38.40749],[-3.37771,38.43981],[-3.37546,38.47535],[-3.32598,38.48181],[-3.30798,38.4802],[-3.28099,38.46081],[-3.17978,38.4495],[-3.1303,38.43819],[-3.06508,38.47858],[-3.00435,38.41557],[-2.99086,38.4285],[-2.99535,38.44465],[-2.96162,38.4705],[-2.93913,38.47535],[-2.90539,38.4705],[-2.88965,38.45596],[-2.86041,38.47535],[-2.80868,38.49474],[-2.80643,38.50282],[-2.77044,38.51897],[-2.7637,38.5319],[-2.72996,38.51089],[-2.67373,38.49635],[-2.6175,38.51251],[-2.59726,38.51251],[-2.56577,38.48989],[-2.57702,38.47535],[-2.56802,38.46081],[-2.57702,38.43496],[-2.57252,38.41396],[-2.55003,38.40265],[-2.53428,38.40588],[-2.4848,38.3978],[-2.4938,38.37195],[-2.48031,38.34933],[-2.4848,38.30086],[-2.48031,38.2944],[-2.44207,38.28471],[-2.43532,38.26532],[-2.44432,38.25078],[-2.44432,38.23139],[-2.45332,38.22008],[-2.44657,38.18454],[-2.46681,38.17],[-2.49605,38.13445],[-2.51179,38.12799],[-2.51629,38.11183],[-2.55228,38.08437],[-2.52529,38.06983],[-2.50505,38.06821],[-2.48031,38.05367],[-2.43307,38.04236],[-2.42408,38.03267],[-2.37235,38.02297],[-2.34086,38.02621],[-2.33861,38.04882],[-2.32512,38.06983],[-2.26664,38.1086],[-2.2464,38.14899],[-2.23065,38.16192],[-2.21266,38.20231],[-2.17443,38.22331],[-2.1137,38.23785],[-2.08221,38.26532],[-2.07546,38.28309],[-2.04847,38.30571],[-2.02149,38.30086],[-2.00124,38.28471],[-1.98325,38.28148],[-1.89553,38.30248],[-1.85055,38.33318],[-1.82581,38.33318],[-1.81232,38.35095],[-1.78308,38.35579],[-1.79432,38.36872],[-1.76958,38.36387],[-1.77183,38.37841],[-1.74484,38.38003],[-1.71785,38.3671],[-1.70436,38.37518],[-1.68187,38.35903],[-1.69086,38.33641],[-1.66612,38.31056],[-1.58965,38.31056],[-1.55817,38.3251],[-1.54242,38.34287],[-1.47945,38.3768],[-1.47495,38.40911],[-1.47945,38.4802],[-1.49969,38.5319],[-1.48619,38.56421],[-1.45246,38.58198],[-1.44346,38.63691],[-1.44796,38.64984],[-1.40298,38.69023],[-1.36699,38.70477],[-1.34225,38.6773],[-1.28377,38.70639],[-1.25004,38.7387],[-1.18481,38.75485],[-1.11959,38.73708],[-1.11509,38.71123],[-1.04312,38.66115],[-1.02512,38.6563],[-0.96215,38.6563],[-0.91492,38.69669],[-0.92841,38.70639],[-0.96215,38.77424],[-0.93066,38.78232],[-0.93291,38.8114],[-0.92391,38.82433],[-0.93516,38.85502],[-0.92391,38.89218],[-0.94191,38.90026],[-0.95765,38.92126],[-0.9599,38.94388],[-1.00038,38.95034],[-1.01613,38.93742],[-1.10834,38.92934],[-1.14658,38.92934],[-1.16007,38.95519],[-1.22755,39.02466],[-1.26353,39.04567],[-1.26578,39.07475],[-1.25678,39.08444],[-1.25678,39.10545],[-1.24104,39.11352],[-1.22755,39.1523],[-1.19381,39.17976],[-1.17582,39.22985],[-1.17582,39.27993],[-1.16232,39.30578],[-1.16907,39.31386],[-1.19606,39.31386],[-1.20955,39.32679],[-1.22305,39.31548],[-1.27478,39.33325],[-1.28152,39.3284],[-1.31976,39.34294],[-1.3355,39.33325],[-1.36474,39.35587],[-1.38498,39.35425],[-1.42097,39.38172],[-1.44571,39.36233],[-1.45246,39.39787],[-1.47495,39.40918],[-1.48619,39.4011],[-1.48395,39.42372],[-1.50644,39.41888],[-1.52443,39.45765],[-1.51318,39.45765],[-1.51318,39.4835],[-1.49969,39.50289],[-1.50419,39.56428],[-1.46145,39.57721],[-1.43671,39.62891],[-1.41872,39.65476],[-1.36924,39.6903],[-1.31301,39.67091],[-1.27928,39.67738],[-1.26128,39.69838],[-1.27478,39.73877],[-1.25004,39.7727],[-1.21405,39.80824],[-1.2118,39.83894],[-1.20056,39.85994],[-1.19606,39.91326],[-1.20955,39.9278],[-1.20505,39.9488],[-1.15332,39.96334],[-1.14208,39.97142],[-1.16457,40.0102],[-1.24779,39.99566],[-1.28602,40.00858],[-1.3355,40.01666],[-1.37599,40.01666],[-1.38273,40.03928],[-1.42097,40.09421],[-1.40748,40.10067],[-1.44346,40.11844],[-1.45696,40.1346],[-1.44796,40.14591],[-1.44346,40.15722],[-1.43896,40.19761],[-1.47495,40.18468],[-1.51093,40.20407],[-1.54017,40.19115],[-1.57166,40.21377],[-1.5919,40.23638],[-1.60765,40.24285],[-1.65938,40.28162],[-1.66612,40.29455],[-1.68862,40.30909],[-1.69986,40.30747],[-1.71336,40.27677],[-1.7291,40.30101],[-1.69761,40.31717],[-1.72235,40.3414],[-1.74259,40.34948],[-1.77633,40.39148],[-1.80557,40.39795],[-1.80107,40.4141],[-1.78533,40.41249],[-1.74934,40.46257],[-1.69311,40.48681],[-1.70211,40.54174],[-1.68862,40.56597],[-1.69311,40.57728],[-1.67512,40.59182],[-1.66612,40.58213],[-1.63464,40.58051],[-1.59865,40.56274],[-1.54467,40.59505],[-1.56491,40.61444],[-1.53792,40.65806],[-1.53567,40.68714],[-1.55817,40.71946],[-1.56266,40.74046],[-1.54017,40.76146],[-1.54467,40.81639],[-1.56941,40.82932],[-1.62114,40.88102],[-1.62564,40.89879],[-1.60765,40.92787],[-1.66163,40.97796],[-1.7156,41.0135],[-1.75834,41.04743],[-1.76958,41.06682],[-1.80332,41.08944],[-1.85955,41.10398],[-1.89553,41.13467],[-1.93152,41.1379],[-1.94726,41.16699],[-1.95851,41.17183],[-2.00799,41.15568],[-2.04847,41.15244],[-2.05072,41.1476],[-2.05072,41.12498],[-2.06647,41.0959],[-2.04847,41.07813],[-2.05747,41.07005],[-2.1182,41.10236],[-2.12944,41.1169],[-2.14294,41.10236],[-2.16768,41.0959],[-2.17443,41.08297],[-2.2329,41.09751],[-2.26439,41.06682],[-2.29363,41.07166],[-2.32287,41.05712],[-2.35436,41.0862],[-2.40159,41.06197],[-2.41958,41.05712],[-2.43083,41.07166],[-2.46906,41.07813],[-2.48256,41.1169],[-2.50954,41.11852],[-2.51854,41.1476],[-2.53653,41.16214],[-2.53878,41.15406],[-2.57477,41.13952],[-2.59501,41.14921],[-2.57702,41.17829],[-2.60176,41.18799],[-2.61975,41.18314],[-2.61975,41.19607],[-2.59276,41.20253],[-2.59051,41.22515],[-2.62875,41.21545],[-2.64674,41.23969],[-2.66923,41.23646],[-2.70972,41.25261],[-2.71646,41.27523],[-2.76145,41.27362],[-2.77494,41.24938],[-2.81992,41.25746],[-2.86715,41.27523],[-2.87615,41.32209],[-2.90764,41.32693],[-2.94138,41.31401],[-2.94362,41.29785],[-3.0066,41.28493],[-3.01785,41.28977],[-3.06283,41.27362],[-3.10781,41.28816],[-3.20677,41.30431],[-3.23826,41.28816],[-3.254,41.25908],[-3.27425,41.26069],[-3.27649,41.27523],[-3.29224,41.25746],[-3.32598,41.26231],[-3.33722,41.25261],[-3.36871,41.26069],[-3.4002,41.25423],[-3.40694,41.23323],[-3.40245,41.21384],[-3.44293,41.21545],[-3.46542,41.18314],[-3.49916,41.17829],[-3.5194,41.16214],[-3.53964,41.16537],[-3.54189,41.14921],[-3.5104,41.1379],[-3.48791,41.10398],[-3.44743,41.08136],[-3.42719,41.08297],[-3.42719,41.0652],[-3.43843,41.04258],[-3.39345,41.00058],[-3.41819,40.98765],[-3.41594,40.97634],[-3.43618,40.94564],[-3.45867,40.89718],[-3.43843,40.89071],[-3.44518,40.87617],[-3.47217,40.86486],[-3.47667,40.82609],[-3.50366,40.78893],[-3.46767,40.78408],[-3.44518,40.76146],[-3.44968,40.73238],[-3.43618,40.72269],[-3.46767,40.69038],[-3.42719,40.6726],[-3.42494,40.6823],[-3.40469,40.66937],[-3.4002,40.69199],[-3.37546,40.68068],[-3.36646,40.64837],[-3.32822,40.64029],[-3.33722,40.62575],[-3.32148,40.61121],[-3.33047,40.59667],[-3.31698,40.58374],[-3.28774,40.57243],[-3.28324,40.55143],[-3.29674,40.53689],[-3.25175,40.54174],[-3.20002,40.51427],[-3.19553,40.47873],[-3.19778,40.44157],[-3.15504,40.43995],[-3.14155,40.41249],[-3.1303,40.40441],[-3.1438,40.38825],[-3.1393,40.37533],[-3.15279,40.36725],[-3.14155,40.35109],[-3.15054,40.33494],[-3.17978,40.31393],[-3.18428,40.27031],[-3.19553,40.24769],[-3.17304,40.23477],[-3.15279,40.26385],[-3.11231,40.28485],[-3.09657,40.2687],[-3.07857,40.20892],[-3.08532,40.1863],[-3.07182,40.1556],[-3.08982,40.16368],[-3.09657,40.14268],[-3.07857,40.13622],[-3.05383,40.10713],[-3.06058,40.09098],[-3.08982,40.06997],[-3.11906,40.0619],[-3.16179,40.06513],[-3.16629,40.09098],[-3.20227,40.06674],[-3.24276,40.05382],[-3.263,40.05705],[-3.30348,40.05382],[-3.32822,40.07967],[-3.37771,40.07482],[-3.37771,40.05059],[-3.39345,40.03605],[-3.42494,40.04736],[-3.44743,40.03928],[-3.44968,40.04897],[-3.47217,40.04574],[-3.50591,40.04897],[-3.53065,40.01827],[-3.58912,40.01343],[-3.59362,40.00212],[-3.6386,39.98758],[-3.62961,39.96819],[-3.67684,39.96011],[-3.69708,39.94719],[-3.71058,39.95526],[-3.74431,39.94072],[-3.76006,39.91972],[-3.77805,39.91164],[-3.80729,39.88741],[-3.83428,39.90033],[-3.87476,39.91003],[-3.87476,39.92941],[-3.83878,39.94234],[-3.82978,39.93265],[-3.80954,39.95365],[-3.78705,39.94396],[-3.78705,39.95365],[-3.75781,39.96819],[-3.73532,39.96173],[-3.74656,39.9795],[-3.72632,39.98919],[-3.69933,40.01989],[-3.67909,40.01666],[-3.66334,40.03605],[-3.6521,40.0312],[-3.6386,40.05059],[-3.62286,40.05382],[-3.60936,40.08128],[-3.60712,40.10875],[-3.6566,40.12491],[-3.66784,40.14268],[-3.68359,40.13298],[-3.71957,40.14752],[-3.74656,40.13137],[-3.7713,40.13945],[-3.80054,40.17499],[-3.83428,40.16207],[-3.85227,40.16853],[-3.86576,40.18792],[-3.91525,40.19115],[-3.93099,40.20407],[-3.95123,40.18953],[-3.95348,40.21215],[-3.99172,40.20892],[-4.02545,40.23638],[-4.0232,40.24931],[-4.05244,40.25092],[-4.07943,40.26708],[-4.10417,40.24123],[-4.1514,40.24931],[-4.14466,40.26385],[-4.16715,40.27354],[-4.18064,40.29293],[-4.20313,40.28808],[-4.20313,40.2687],[-4.24587,40.27354],[-4.27061,40.23638],[-4.29535,40.21861],[-4.31109,40.23477],[-4.32234,40.22669],[-4.34258,40.24123],[-4.35607,40.27031],[-4.35607,40.30909],[-4.37856,40.31555],[-4.38306,40.2897],[-4.43479,40.259],[-4.43479,40.24446],[-4.44829,40.23315],[-4.47303,40.23154],[-4.51801,40.21538],[-4.536,40.19922],[-4.57424,40.2073],[-4.57874,40.217],[-4.61697,40.19922],[-4.63946,40.19761],[-4.68669,40.21053],[-4.68669,40.24931],[-4.70019,40.25739],[-4.69794,40.28162],[-4.72943,40.27031],[-4.74292,40.27516],[-4.76092,40.26062],[-4.80365,40.27516],[-4.81714,40.25577],[-4.8059,40.23477],[-4.83963,40.20892],[-4.87337,40.19922],[-4.9251,40.17014],[-4.91835,40.15237],[-4.9251,40.13622],[-4.95884,40.12975],[-4.97008,40.12167],[-5.00607,40.11037],[-5.01731,40.15883],[-5.0668,40.15076],[-5.10053,40.12652],[-5.14327,40.09098],[-5.19949,40.08128],[-5.21074,40.10552],[-5.26697,40.11198],[-5.31645,40.10713],[-5.33669,40.11521],[-5.36818,40.10067],[-5.37493,40.05867],[-5.36143,40.01343],[-5.36593,39.98273],[-5.39517,39.91811],[-5.40641,39.87771],[-5.37043,39.88902],[-5.32544,39.89226],[-5.29396,39.87448],[-5.28271,39.85671],[-5.30745,39.83571],[-5.31645,39.79693],[-5.3097,39.75977],[-5.25347,39.75331],[-5.24448,39.76624],[-5.20624,39.79693],[-5.16801,39.79855],[-5.15901,39.75977],[-5.17475,39.75008],[-5.13877,39.71454],[-5.15226,39.69676],[-5.16126,39.64345],[-5.20624,39.59983],[-5.20174,39.59175],[-5.14551,39.54974],[-5.12302,39.52228],[-5.08254,39.48996],[-5.0578,39.48996],[-5.00832,39.43503],[-4.94984,39.39303],[-4.9341,39.39464],[-4.90936,39.37849],[-4.87112,39.36879],[-4.8059,39.39787],[-4.76766,39.4011],[-4.75417,39.41565],[-4.71368,39.43503],[-4.69119,39.45119],[-4.6687,39.42372],[-4.71143,39.34617],[-4.70694,39.3284],[-4.76092,39.32032],[-4.73168,39.2557],[-4.71368,39.24439],[-4.70919,39.21046],[-4.6642,39.18623],[-4.64846,39.16522],[-4.67545,39.17007],[-4.71368,39.18784],[-4.74292,39.1943],[-4.77441,39.18946],[-4.8104,39.19915],[-4.83064,39.16684],[-4.85313,39.1523],[-4.85763,39.12322],[-4.87337,39.09575],[-4.85988,39.07798],[-4.82614,39.06344],[-4.83289,39.04567],[-4.84863,39.04567],[-4.85988,39.03113],[-4.88462,39.03436],[-4.9341,39.05698],[-4.96334,39.05859],[-4.9341,38.97619],[-4.91835,38.95681],[-4.90711,38.96327],[-4.87787,38.94873],[-4.85088,38.94711],[-4.83739,38.93096],[-4.84863,38.88087],[-4.86662,38.88734],[-4.91386,38.88734],[-4.94309,38.85502],[-4.95434,38.82917],[-4.96109,38.7904],[-4.97233,38.76132],[-4.99033,38.74031],[-5.04655,38.729]]]}},{"type":"Feature","id":"09","properties":{"cod_ccaa":"09","nombre":"Cataluña","slug":"cataluna"},"geometry":{"type":"MultiPolygon","coordinates":[[[[0.51552,40.52235],[0.53802,40.56759],[0.60099,40.62252],[0.66397,40.62575],[0.68871,40.63544],[0.72694,40.64029],[0.74493,40.63706],[0.7067,40.59021],[0.65947,40.59182],[0.64822,40.57243],[0.61673,40.58536],[0.61673,40.57728],[0.59199,40.57728],[0.60099,40.56113],[0.62348,40.55143],[0.67746,40.56436],[0.7067,40.58536],[0.75843,40.64029],[0.84839,40.67907],[0.86639,40.69522],[0.87313,40.73077],[0.85514,40.73723],[0.84165,40.73077],[0.8214,40.74046],[0.76743,40.79216],[0.73369,40.79216],[0.78317,40.77116],[0.76293,40.76146],[0.72919,40.76954],[0.69995,40.80024],[0.7112,40.81155],[0.74044,40.82286],[0.74493,40.83901],[0.79666,40.87617],[0.90012,40.97634],[0.93161,40.9925],[0.9541,41.01835],[0.98334,41.03935],[1.00358,41.04258],[1.04632,41.06359],[1.0823,41.06359],[1.12953,41.07489],[1.17227,41.05551],[1.19926,41.09428],[1.22175,41.10559],[1.224,41.09105],[1.25773,41.11367],[1.29372,41.12659],[1.3432,41.12498],[1.37469,41.13306],[1.39493,41.13144],[1.45791,41.16214],[1.54337,41.18314],[1.6041,41.18799],[1.67382,41.19768],[1.7278,41.21545],[1.78853,41.22353],[1.81552,41.23646],[1.85375,41.23484],[1.86949,41.24292],[1.93472,41.26231],[2.02244,41.26554],[2.07417,41.27685],[2.14164,41.29947],[2.15513,41.31562],[2.17538,41.36732],[2.18662,41.36409],[2.19787,41.38671],[2.22486,41.40771],[2.2451,41.4368],[2.26759,41.45941],[2.29908,41.47395],[2.38005,41.49496],[2.40703,41.5095],[2.47001,41.54666],[2.49475,41.55312],[2.54873,41.57574],[2.71966,41.62905],[2.76914,41.64683],[2.79388,41.67268],[2.82087,41.68883],[2.85461,41.70014],[2.88835,41.70176],[2.93558,41.7163],[2.98056,41.75992],[3.04354,41.77931],[3.06603,41.80031],[3.07053,41.8197],[3.10426,41.84555],[3.1335,41.84555],[3.15149,41.86171],[3.17848,41.86817],[3.18298,41.88756],[3.20322,41.89079],[3.21672,41.91825],[3.21672,41.94249],[3.23246,41.95056],[3.23021,41.96995],[3.21222,41.97641],[3.19423,42.02004],[3.19648,42.03942],[3.20772,42.07012],[3.17623,42.11213],[3.12226,42.13151],[3.11326,42.15736],[3.11101,42.20583],[3.13575,42.24784],[3.16949,42.264],[3.18073,42.24622],[3.19423,42.24784],[3.21672,42.2333],[3.23021,42.25107],[3.27969,42.25269],[3.28869,42.26723],[3.27745,42.28015],[3.31118,42.31731],[3.30668,42.32701],[3.2617,42.33993],[3.25046,42.33024],[3.22796,42.35124],[3.20322,42.34639],[3.19648,42.33508],[3.18523,42.35124],[3.16274,42.36093],[3.15599,42.37871],[3.16724,42.39002],[3.15374,42.39486],[3.17174,42.41587],[3.16049,42.42879],[3.12001,42.43848],[3.08627,42.42556],[3.04803,42.45626],[3.04129,42.47403],[3.0143,42.46595],[2.98956,42.47403],[2.96707,42.46595],[2.94682,42.48211],[2.91759,42.45626],[2.8816,42.4611],[2.87035,42.46757],[2.86136,42.45464],[2.83887,42.45949],[2.82762,42.43848],[2.80513,42.43041],[2.79838,42.4191],[2.77139,42.41102],[2.75565,42.42556],[2.71741,42.42071],[2.69267,42.40617],[2.67918,42.40617],[2.67243,42.3884],[2.65444,42.3884],[2.66119,42.36578],[2.67468,42.35932],[2.67468,42.34155],[2.60946,42.34639],[2.58696,42.3577],[2.56222,42.3577],[2.54198,42.33347],[2.49925,42.34316],[2.48351,42.33993],[2.45427,42.37063],[2.43402,42.37709],[2.43178,42.39486],[2.41378,42.39163],[2.36205,42.40294],[2.30582,42.42879],[2.29908,42.42394],[2.25634,42.43848],[2.2451,42.42879],[2.20686,42.41748],[2.16863,42.42556],[2.12814,42.41263],[2.1169,42.38355],[2.08991,42.37386],[2.08766,42.36417],[2.02468,42.35609],[2.01569,42.34639],[1.97071,42.37386],[1.93247,42.45464],[1.91673,42.44656],[1.88299,42.45141],[1.88074,42.45949],[1.847,42.46757],[1.84251,42.47726],[1.80427,42.49018],[1.76379,42.48695],[1.73005,42.4918],[1.72555,42.50472],[1.70306,42.49018],[1.66258,42.49342],[1.65808,42.46757],[1.63109,42.46272],[1.5996,42.46757],[1.58161,42.44979],[1.55687,42.45464],[1.55237,42.43202],[1.51638,42.42879],[1.45341,42.43687],[1.44441,42.44172],[1.44216,42.47564],[1.41967,42.48211],[1.46915,42.50957],[1.45341,42.53865],[1.43991,42.5435],[1.41292,42.53542],[1.42642,42.55804],[1.44441,42.57258],[1.42642,42.58227],[1.43991,42.5952],[1.41967,42.62428],[1.41292,42.65498],[1.38818,42.6679],[1.39043,42.68567],[1.34995,42.70345],[1.3567,42.7196],[1.3342,42.72445],[1.31621,42.7196],[1.25324,42.71476],[1.2285,42.72768],[1.21725,42.7196],[1.16552,42.70829],[1.13403,42.72768],[1.13178,42.7503],[1.10929,42.7713],[1.07331,42.78261],[1.00583,42.79069],[0.98334,42.78746],[0.96085,42.80523],[0.93161,42.78908],[0.90687,42.79715],[0.85739,42.82623],[0.83265,42.82785],[0.80116,42.84078],[0.78092,42.83593],[0.73594,42.84885],[0.70895,42.86178],[0.67746,42.85532],[0.65947,42.83754],[0.67071,42.82462],[0.67071,42.80523],[0.65047,42.78584],[0.66621,42.77615],[0.65047,42.76484],[0.67296,42.71799],[0.68196,42.70829],[0.67521,42.69052],[0.65947,42.69052],[0.67971,42.66629],[0.69545,42.65821],[0.6977,42.62913],[0.73819,42.61297],[0.76743,42.61136],[0.75618,42.5645],[0.73369,42.54027],[0.72019,42.5128],[0.73369,42.50472],[0.71345,42.48695],[0.69096,42.48695],[0.70895,42.45949],[0.7112,42.43525],[0.73594,42.41425],[0.72694,42.40456],[0.74718,42.38517],[0.72244,42.36578],[0.77192,42.35124],[0.74044,42.3367],[0.74269,42.32701],[0.76518,42.32216],[0.74493,42.30116],[0.73594,42.2543],[0.71345,42.22361],[0.71345,42.20906],[0.6977,42.17191],[0.71345,42.16221],[0.69545,42.1509],[0.69995,42.10566],[0.68421,42.09274],[0.66621,42.04104],[0.65272,42.0265],[0.66397,42.01519],[0.65722,42.00226],[0.62348,41.99257],[0.60549,41.96026],[0.59199,41.96995],[0.56276,41.93279],[0.60324,41.9231],[0.59199,41.88432],[0.60774,41.8714],[0.58075,41.86332],[0.58075,41.8504],[0.55826,41.85363],[0.54251,41.8197],[0.51103,41.82131],[0.48404,41.80193],[0.47054,41.76638],[0.40082,41.75669],[0.39632,41.73245],[0.38507,41.74053],[0.36933,41.71468],[0.32885,41.68237],[0.3266,41.66298],[0.35809,41.63229],[0.34684,41.62259],[0.34909,41.59997],[0.40307,41.59351],[0.42781,41.60159],[0.4368,41.58543],[0.43006,41.56443],[0.4458,41.54181],[0.41656,41.51596],[0.39857,41.49011],[0.34009,41.48365],[0.34459,41.46103],[0.35584,41.45295],[0.34234,41.41418],[0.31985,41.39479],[0.35809,41.37217],[0.37383,41.35117],[0.34909,41.32855],[0.36933,41.31562],[0.36483,41.30431],[0.38507,41.27846],[0.36483,41.22676],[0.34009,41.23161],[0.3221,41.22515],[0.30411,41.16375],[0.27262,41.14921],[0.25238,41.15083],[0.25013,41.12983],[0.21414,41.13629],[0.20065,41.12498],[0.20964,41.1169],[0.20065,41.08459],[0.21864,41.08297],[0.21864,41.06035],[0.25238,41.03289],[0.27937,41.01835],[0.25912,41.01512],[0.28162,40.98765],[0.28386,40.96503],[0.27487,40.93595],[0.26137,40.92787],[0.23888,40.88425],[0.25463,40.87294],[0.25013,40.85517],[0.27937,40.82124],[0.25687,40.80024],[0.23438,40.78731],[0.22989,40.76793],[0.21189,40.76793],[0.1894,40.75015],[0.17591,40.755],[0.17141,40.73238],[0.1984,40.7243],[0.22539,40.73238],[0.23888,40.70168],[0.26137,40.70653],[0.29286,40.68714],[0.26812,40.65806],[0.26587,40.64514],[0.27937,40.6306],[0.31535,40.61444],[0.36033,40.60636],[0.38957,40.60636],[0.43006,40.5789],[0.4368,40.54982],[0.4593,40.53689],[0.51552,40.52235]]],[[[1.97295,42.48534],[1.95721,42.45787],[1.9842,42.44656],[2.01344,42.44818],[1.98645,42.47564],[1.99769,42.48534],[1.97745,42.49503],[1.97295,42.48534]]]]}},{"type":"Feature","id":"10","properties":{"cod_ccaa":"10","nombre":"Comunidad Valenciana","slug":"comunidad-valenciana"},"geometry":{"type":"MultiPolygon","coordinates":[[[[-0.76198,37.84687],[-0.75073,37.89696],[-0.74174,37.90988],[-0.71924,37.9115],[-0.71699,37.93735],[-0.70575,37.94058],[-0.69675,37.96966],[-0.65402,37.98582],[-0.64952,38.05529],[-0.63828,38.13284],[-0.61129,38.17646],[-0.59779,38.18615],[-0.5663,38.191],[-0.53707,38.18777],[-0.51008,38.20231],[-0.50783,38.21847],[-0.51907,38.26693],[-0.51907,38.29763],[-0.51008,38.3251],[-0.4471,38.36226],[-0.40212,38.35256],[-0.40887,38.36064],[-0.39987,38.41234],[-0.37513,38.44304],[-0.34364,38.45596],[-0.30316,38.48181],[-0.26717,38.49474],[-0.23343,38.5012],[-0.1907,38.51574],[-0.17271,38.51574],[-0.15022,38.53513],[-0.10973,38.53351],[-0.09624,38.52382],[-0.04901,38.56421],[-0.06475,38.57229],[-0.058,38.58683],[-0.03101,38.61591],[-0.00627,38.63045],[0.02971,38.6256],[0.04996,38.64176],[0.0702,38.63853],[0.09944,38.67246],[0.11518,38.67407],[0.12867,38.687],[0.14667,38.687],[0.19615,38.729],[0.23213,38.73224],[0.22089,38.7597],[0.20964,38.7597],[0.1849,38.78555],[0.1984,38.80171],[0.14667,38.8324],[0.12418,38.83402],[0.09494,38.85341],[0.0522,38.8631],[0.03421,38.85987],[-0.02202,38.87603],[-0.07375,38.9148],[-0.13447,38.96973],[-0.17945,39.02951],[-0.21094,39.07798],[-0.23568,39.13614],[-0.24018,39.16684],[-0.21994,39.18623],[-0.28966,39.30255],[-0.32115,39.37364],[-0.33239,39.40918],[-0.33015,39.42857],[-0.31665,39.42372],[-0.3234,39.45765],[-0.31215,39.44311],[-0.30316,39.46088],[-0.3189,39.46088],[-0.3234,39.50127],[-0.30765,39.53682],[-0.27617,39.57236],[-0.26042,39.61275],[-0.23793,39.63699],[-0.21094,39.65314],[-0.19745,39.69676],[-0.1817,39.73392],[-0.13672,39.78886],[-0.12098,39.81471],[-0.07824,39.86156],[-0.067,39.86156],[-0.03326,39.89549],[-0.00402,39.91649],[0.00272,39.95042],[0.02522,39.97788],[0.03421,40.0102],[0.04996,40.03605],[0.08594,40.05705],[0.11968,40.0619],[0.14667,40.0829],[0.14892,40.10067],[0.18265,40.16045],[0.2029,40.18145],[0.23438,40.19922],[0.26362,40.20892],[0.27937,40.24446],[0.3311,40.28001],[0.35134,40.30101],[0.36483,40.32363],[0.40082,40.35756],[0.41881,40.40118],[0.46604,40.45934],[0.47729,40.4658],[0.51552,40.52235],[0.4593,40.53689],[0.4368,40.54982],[0.43006,40.5789],[0.38957,40.60636],[0.36033,40.60636],[0.31535,40.61444],[0.27937,40.6306],[0.26587,40.64514],[0.26812,40.65806],[0.29286,40.68714],[0.26137,40.70653],[0.23888,40.70168],[0.22539,40.73238],[0.1984,40.7243],[0.17141,40.73238],[0.14442,40.71784],[0.11518,40.72753],[0.07245,40.71461],[0.04321,40.69038],[0.02746,40.69522],[0.02971,40.71461],[0.01622,40.72753],[-0.02202,40.73077],[-0.03101,40.72269],[-0.06475,40.72753],[-0.12772,40.75338],[-0.14797,40.77439],[-0.14572,40.7857],[-0.1952,40.78247],[-0.22444,40.75338],[-0.24018,40.71784],[-0.23568,40.69038],[-0.25143,40.69038],[-0.31665,40.66291],[-0.3279,40.68068],[-0.35714,40.67745],[-0.38188,40.66129],[-0.37063,40.6516],[-0.37963,40.62413],[-0.32115,40.60313],[-0.29416,40.61283],[-0.29641,40.56113],[-0.28966,40.54335],[-0.30091,40.52235],[-0.27617,40.4965],[-0.27392,40.47388],[-0.33464,40.45773],[-0.34589,40.44318],[-0.33239,40.42541],[-0.30765,40.40926],[-0.28966,40.38987],[-0.28291,40.36725],[-0.31215,40.35917],[-0.36388,40.31717],[-0.39987,40.29616],[-0.38188,40.27677],[-0.38412,40.26385],[-0.4516,40.23477],[-0.46959,40.23962],[-0.49433,40.22831],[-0.52582,40.238],[-0.54381,40.25092],[-0.56181,40.18953],[-0.57305,40.18145],[-0.5708,40.1556],[-0.58655,40.13137],[-0.60679,40.12814],[-0.62928,40.10229],[-0.61354,40.06997],[-0.62253,40.07482],[-0.64727,40.06674],[-0.66526,40.05059],[-0.7035,40.04736],[-0.71924,40.03928],[-0.76198,40.03928],[-0.76872,40.00858],[-0.79122,39.98919],[-0.83395,39.9795],[-0.84519,39.94719],[-0.82945,39.9068],[-0.79796,39.88095],[-0.8272,39.87125],[-0.86769,39.84702],[-0.88793,39.85186],[-0.91042,39.86802],[-0.89917,39.89226],[-0.91492,39.91811],[-0.90592,39.94072],[-0.91942,39.96496],[-0.93291,39.95688],[-0.96665,39.97465],[-1.00263,39.98111],[-1.02512,39.97465],[-1.05661,39.98111],[-1.10609,39.97465],[-1.12633,39.96334],[-1.14208,39.97142],[-1.15332,39.96334],[-1.20505,39.9488],[-1.20955,39.9278],[-1.19606,39.91326],[-1.20056,39.85994],[-1.2118,39.83894],[-1.21405,39.80824],[-1.25004,39.7727],[-1.27478,39.73877],[-1.26128,39.69838],[-1.27928,39.67738],[-1.31301,39.67091],[-1.36924,39.6903],[-1.41872,39.65476],[-1.43671,39.62891],[-1.46145,39.57721],[-1.50419,39.56428],[-1.49969,39.50289],[-1.51318,39.4835],[-1.51318,39.45765],[-1.52443,39.45765],[-1.50644,39.41888],[-1.48395,39.42372],[-1.48619,39.4011],[-1.47495,39.40918],[-1.45246,39.39787],[-1.44571,39.36233],[-1.42097,39.38172],[-1.38498,39.35425],[-1.36474,39.35587],[-1.3355,39.33325],[-1.31976,39.34294],[-1.28152,39.3284],[-1.27478,39.33325],[-1.22305,39.31548],[-1.20955,39.32679],[-1.19606,39.31386],[-1.16907,39.31386],[-1.16232,39.30578],[-1.17582,39.27993],[-1.17582,39.22985],[-1.19381,39.17976],[-1.22755,39.1523],[-1.24104,39.11352],[-1.25678,39.10545],[-1.25678,39.08444],[-1.26578,39.07475],[-1.26353,39.04567],[-1.22755,39.02466],[-1.16007,38.95519],[-1.14658,38.92934],[-1.10834,38.92934],[-1.01613,38.93742],[-1.00038,38.95034],[-0.9599,38.94388],[-0.95765,38.92126],[-0.94191,38.90026],[-0.92391,38.89218],[-0.93516,38.85502],[-0.92391,38.82433],[-0.93291,38.8114],[-0.93066,38.78232],[-0.96215,38.77424],[-0.92841,38.70639],[-0.91492,38.69669],[-0.96215,38.6563],[-1.02512,38.6563],[-1.01613,38.6353],[-1.00263,38.57229],[-1.02512,38.5222],[-1.01388,38.49635],[-1.03412,38.47373],[-1.08135,38.44142],[-1.0881,38.3671],[-1.0836,38.3461],[-1.02737,38.33802],[-0.98914,38.32025],[-0.97115,38.28955],[-0.9689,38.25563],[-0.98914,38.19908],[-1.00488,38.17161],[-1.03637,38.13768],[-1.02288,38.07629],[-0.96665,38.01328],[-0.92166,37.94381],[-0.85644,37.88565],[-0.82945,37.86464],[-0.80471,37.8598],[-0.78897,37.84849],[-0.76198,37.84687]]],[[[-1.44796,40.14591],[-1.45696,40.1346],[-1.44346,40.11844],[-1.40748,40.10067],[-1.42097,40.09421],[-1.38273,40.03928],[-1.37599,40.01666],[-1.3355,40.01666],[-1.28602,40.00858],[-1.24779,39.99566],[-1.16457,40.0102],[-1.13533,40.01504],[-1.0836,40.03605],[-1.07236,40.06028],[-1.11059,40.09098],[-1.13308,40.09744],[-1.15782,40.11521],[-1.20955,40.11037],[-1.23654,40.1136],[-1.25004,40.12329],[-1.25229,40.14268],[-1.28377,40.17176],[-1.29727,40.19922],[-1.31076,40.20407],[-1.32201,40.18468],[-1.31976,40.14591],[-1.3535,40.12975],[-1.36474,40.13783],[-1.39173,40.1346],[-1.44796,40.14591]]]]}},{"type":"Feature","id":"11","properties":{"cod_ccaa":"11","nombre":"Extremadura","slug":"extremadura"},"geometry":{"type":"Polygon","coordinates":[[[-6.93132,38.20877],[-6.90208,38.20231],[-6.8571,38.17969],[-6.82336,38.17323],[-6.79412,38.17808],[-6.79862,38.14415],[-6.81661,38.11991],[-6.80986,38.11183],[-6.76938,38.11183],[-6.76938,38.09891],[-6.74689,38.09083],[-6.7289,38.10052],[-6.66142,38.09245],[-6.62319,38.09729],[-6.58045,38.05206],[-6.5872,38.02621],[-6.57146,38.01974],[-6.54672,38.02782],[-6.49499,38.01974],[-6.49274,38.01005],[-6.46575,38.01005],[-6.47475,38.02459],[-6.44326,38.04721],[-6.45225,38.05529],[-6.41402,38.05852],[-6.38928,38.04882],[-6.36679,38.04882],[-6.35554,38.01005],[-6.32855,37.99874],[-6.30381,37.97774],[-6.25208,37.97127],[-6.23409,37.95835],[-6.19585,37.95673],[-6.18011,37.94058],[-6.11938,37.98097],[-6.09464,37.98097],[-6.03167,37.99712],[-6.00693,37.99066],[-5.99343,37.99874],[-5.95295,37.99551],[-5.93271,38.03267],[-5.93496,38.04721],[-5.91921,38.05044],[-5.90797,38.06821],[-5.92821,38.0876],[-5.91247,38.12314],[-5.88098,38.13284],[-5.87648,38.15546],[-5.83824,38.17484],[-5.82475,38.17],[-5.78202,38.18615],[-5.75503,38.18131],[-5.72804,38.19746],[-5.68755,38.18131],[-5.70555,38.16353],[-5.6943,38.15061],[-5.71454,38.13445],[-5.74153,38.12637],[-5.73254,38.0876],[-5.6943,38.08437],[-5.63357,38.13768],[-5.58409,38.13122],[-5.5751,38.15061],[-5.55935,38.14899],[-5.53686,38.16838],[-5.53911,38.20069],[-5.52112,38.20716],[-5.52562,38.2637],[-5.54136,38.27824],[-5.55486,38.31702],[-5.5751,38.32833],[-5.55935,38.3671],[-5.58409,38.38649],[-5.58409,38.40103],[-5.56835,38.43334],[-5.51887,38.46404],[-5.48513,38.46243],[-5.47838,38.48504],[-5.41091,38.52059],[-5.40641,38.54321],[-5.38392,38.54321],[-5.39067,38.56259],[-5.37268,38.5836],[-5.30745,38.57875],[-5.3097,38.59491],[-5.29171,38.61106],[-5.25347,38.6256],[-5.23773,38.64176],[-5.21074,38.65307],[-5.20849,38.66761],[-5.18375,38.65953],[-5.18375,38.67569],[-5.16801,38.6773],[-5.18375,38.71931],[-5.17026,38.71285],[-5.11853,38.71608],[-5.10053,38.708],[-5.04655,38.729],[-4.99033,38.74031],[-4.97233,38.76132],[-4.96109,38.7904],[-4.95434,38.82917],[-4.94309,38.85502],[-4.91386,38.88734],[-4.86662,38.88734],[-4.84863,38.88087],[-4.83739,38.93096],[-4.85088,38.94711],[-4.87787,38.94873],[-4.90711,38.96327],[-4.91835,38.95681],[-4.9341,38.97619],[-4.96334,39.05859],[-4.9341,39.05698],[-4.88462,39.03436],[-4.85988,39.03113],[-4.84863,39.04567],[-4.83289,39.04567],[-4.82614,39.06344],[-4.85988,39.07798],[-4.87337,39.09575],[-4.85763,39.12322],[-4.85313,39.1523],[-4.83064,39.16684],[-4.8104,39.19915],[-4.77441,39.18946],[-4.74292,39.1943],[-4.71368,39.18784],[-4.67545,39.17007],[-4.64846,39.16522],[-4.6642,39.18623],[-4.70919,39.21046],[-4.71368,39.24439],[-4.73168,39.2557],[-4.76092,39.32032],[-4.70694,39.3284],[-4.71143,39.34617],[-4.6687,39.42372],[-4.69119,39.45119],[-4.71368,39.43503],[-4.75417,39.41565],[-4.76766,39.4011],[-4.8059,39.39787],[-4.87112,39.36879],[-4.90936,39.37849],[-4.9341,39.39464],[-4.94984,39.39303],[-5.00832,39.43503],[-5.0578,39.48996],[-5.08254,39.48996],[-5.12302,39.52228],[-5.14551,39.54974],[-5.20174,39.59175],[-5.20624,39.59983],[-5.16126,39.64345],[-5.15226,39.69676],[-5.13877,39.71454],[-5.17475,39.75008],[-5.15901,39.75977],[-5.16801,39.79855],[-5.20624,39.79693],[-5.24448,39.76624],[-5.25347,39.75331],[-5.3097,39.75977],[-5.31645,39.79693],[-5.30745,39.83571],[-5.28271,39.85671],[-5.29396,39.87448],[-5.32544,39.89226],[-5.37043,39.88902],[-5.40641,39.87771],[-5.39517,39.91811],[-5.36593,39.98273],[-5.36143,40.01343],[-5.37493,40.05867],[-5.36818,40.10067],[-5.33669,40.11521],[-5.36818,40.16368],[-5.36368,40.17822],[-5.37043,40.21538],[-5.35918,40.22507],[-5.34344,40.26385],[-5.39742,40.25092],[-5.4289,40.25254],[-5.44015,40.23315],[-5.46714,40.22346],[-5.47164,40.2073],[-5.53011,40.19438],[-5.59534,40.217],[-5.61108,40.21538],[-5.62458,40.24769],[-5.64932,40.24931],[-5.65607,40.27031],[-5.69205,40.29132],[-5.73703,40.29455],[-5.76402,40.28001],[-5.79326,40.28647],[-5.80226,40.29778],[-5.78202,40.31232],[-5.79551,40.35109],[-5.81575,40.35109],[-5.84724,40.32847],[-5.84949,40.33817],[-5.89447,40.31878],[-5.90347,40.29455],[-5.92146,40.28162],[-5.93721,40.28162],[-6.00468,40.30586],[-6.02042,40.32201],[-6.01592,40.33978],[-6.05416,40.3414],[-6.09689,40.35594],[-6.08565,40.36079],[-6.0879,40.37694],[-6.06765,40.39795],[-6.12838,40.42057],[-6.11938,40.44157],[-6.14862,40.43672],[-6.15537,40.45773],[-6.17786,40.46257],[-6.20035,40.48358],[-6.24084,40.48519],[-6.25433,40.47065],[-6.29482,40.45126],[-6.33305,40.44803],[-6.36454,40.42218],[-6.37578,40.39956],[-6.41852,40.39956],[-6.43876,40.37371],[-6.4635,40.3721],[-6.53547,40.34786],[-6.56021,40.32847],[-6.56471,40.31393],[-6.55571,40.29132],[-6.5872,40.27031],[-6.67267,40.26385],[-6.69066,40.24285],[-6.71765,40.2687],[-6.75589,40.24608],[-6.78063,40.24931],[-6.80087,40.24285],[-6.83685,40.24931],[-6.86384,40.27031],[-6.86834,40.26385],[-6.90658,40.25416],[-6.95156,40.25739],[-6.96281,40.238],[-6.97855,40.24123],[-7.01229,40.22507],[-7.03028,40.18468],[-7.01678,40.17661],[-7.02128,40.14429],[-7.00104,40.12006],[-6.94031,40.11198],[-6.92007,40.08775],[-6.91782,40.06674],[-6.89308,40.06028],[-6.88184,40.04089],[-6.87284,39.99566],[-6.88633,39.98111],[-6.88633,39.94072],[-6.90658,39.91972],[-6.89983,39.90195],[-6.90433,39.87125],[-6.93357,39.85025],[-6.93582,39.83894],[-6.95831,39.8244],[-6.96955,39.8244],[-6.98755,39.80986],[-6.9763,39.7727],[-6.99429,39.74039],[-6.98755,39.72746],[-7.00554,39.70161],[-7.01453,39.67091],[-7.05502,39.65961],[-7.12699,39.66284],[-7.15173,39.65314],[-7.25069,39.66768],[-7.28668,39.65961],[-7.33166,39.64183],[-7.37439,39.65153],[-7.39913,39.64668],[-7.45536,39.66284],[-7.53408,39.66768],[-7.52733,39.63537],[-7.50934,39.61921],[-7.50035,39.59013],[-7.46661,39.57721],[-7.44637,39.54813],[-7.42612,39.53197],[-7.39014,39.53036],[-7.39014,39.50289],[-7.38114,39.49158],[-7.34965,39.48835],[-7.34291,39.47865],[-7.32042,39.47381],[-7.29343,39.45604],[-7.30917,39.43019],[-7.30017,39.41726],[-7.32266,39.38495],[-7.31142,39.36879],[-7.31142,39.34133],[-7.26869,39.30901],[-7.27093,39.30417],[-7.23045,39.27832],[-7.24844,39.25408],[-7.2417,39.20885],[-7.20121,39.18623],[-7.16298,39.17976],[-7.13149,39.16522],[-7.14049,39.15068],[-7.14498,39.10868],[-7.1045,39.09898],[-7.05277,39.11837],[-7.02803,39.11514],[-6.9808,39.08767],[-6.95831,39.05374],[-6.9673,39.0392],[-6.95156,39.02305],[-6.98755,38.97619],[-7.02128,38.93742],[-7.02578,38.92449],[-7.05277,38.90672],[-7.03253,38.87764],[-7.05277,38.85825],[-7.06851,38.85341],[-7.09775,38.81463],[-7.12474,38.81625],[-7.14723,38.80009],[-7.16073,38.7807],[-7.19446,38.76616],[-7.20121,38.75001],[-7.25969,38.72416],[-7.26644,38.70154],[-7.27093,38.63691],[-7.24395,38.62399],[-7.25744,38.61268],[-7.26419,38.58844],[-7.30242,38.54482],[-7.30242,38.52867],[-7.31367,38.51413],[-7.31817,38.47535],[-7.29568,38.47535],[-7.31592,38.43981],[-7.28893,38.42527],[-7.26869,38.39134],[-7.20121,38.32833],[-7.17647,38.28794],[-7.15623,38.27824],[-7.14273,38.26209],[-7.14273,38.24108],[-7.09775,38.17808],[-7.08651,38.17],[-7.05727,38.18615],[-7.02803,38.18292],[-7.01004,38.19908],[-6.9808,38.212],[-6.9718,38.20231],[-6.95606,38.21685],[-6.93582,38.22008],[-6.93132,38.20877]]]}},{"type":"Feature","id":"12","properties":{"cod_ccaa":"12","nombre":"Galicia","slug":"galicia"},"geometry":{"type":"MultiPolygon","coordinates":[[[[-7.03253,43.54519],[-7.06402,43.55811],[-7.08876,43.55488],[-7.11575,43.56134],[-7.16748,43.55488],[-7.17872,43.56134],[-7.2372,43.56942],[-7.24395,43.55165],[-7.26194,43.55811],[-7.24619,43.57427],[-7.29343,43.59366],[-7.32266,43.62759],[-7.33166,43.62597],[-7.3564,43.6599],[-7.3564,43.67121],[-7.40363,43.68252],[-7.40813,43.68898],[-7.46886,43.70352],[-7.47785,43.71321],[-7.46661,43.72291],[-7.4936,43.72775],[-7.51384,43.72291],[-7.52509,43.73745],[-7.55657,43.72937],[-7.55882,43.7116],[-7.58581,43.70837],[-7.57682,43.69221],[-7.59706,43.67444],[-7.6128,43.67444],[-7.61505,43.7019],[-7.6083,43.71968],[-7.63079,43.72291],[-7.63754,43.7536],[-7.65104,43.74391],[-7.67353,43.74714],[-7.68252,43.72937],[-7.69827,43.73906],[-7.68927,43.75684],[-7.66228,43.77784],[-7.68927,43.78915],[-7.68702,43.77622],[-7.71851,43.7633],[-7.72526,43.75037],[-7.78149,43.7326],[-7.82422,43.71483],[-7.82872,43.70029],[-7.86695,43.69867],[-7.84671,43.66798],[-7.88494,43.66313],[-7.90519,43.67121],[-7.87145,43.67121],[-7.8782,43.72129],[-7.85346,43.70837],[-7.85121,43.71806],[-7.8692,43.73099],[-7.8602,43.7633],[-7.8692,43.77461],[-7.88944,43.7633],[-7.90294,43.76815],[-7.92993,43.73906],[-7.95017,43.7423],[-7.96366,43.72129],[-8.0064,43.70514],[-8.04013,43.71321],[-8.06263,43.70514],[-8.07612,43.68252],[-8.07612,43.6599],[-8.05588,43.6599],[-8.05363,43.64859],[-8.09411,43.65344],[-8.14134,43.63243],[-8.16609,43.61304],[-8.18858,43.62112],[-8.19307,43.60335],[-8.21557,43.59204],[-8.21557,43.58396],[-8.26055,43.55811],[-8.30103,43.5565],[-8.31678,43.56942],[-8.32577,43.55973],[-8.29653,43.53549],[-8.30328,43.5258],[-8.32352,43.5258],[-8.33027,43.50803],[-8.32127,43.50318],[-8.32802,43.48218],[-8.34377,43.46925],[-8.34152,43.45794],[-8.31678,43.47087],[-8.29878,43.46118],[-8.2673,43.46764],[-8.24705,43.49349],[-8.2493,43.47572],[-8.19083,43.48218],[-8.16609,43.51288],[-8.15034,43.51449],[-8.17283,43.47733],[-8.20207,43.45956],[-8.23131,43.45471],[-8.2538,43.46602],[-8.31228,43.4531],[-8.31678,43.44502],[-8.27854,43.43694],[-8.2583,43.41917],[-8.23806,43.42886],[-8.21557,43.41755],[-8.19757,43.42725],[-8.17508,43.42079],[-8.17733,43.41109],[-8.20657,43.40948],[-8.22006,43.38524],[-8.20882,43.32869],[-8.25155,43.3497],[-8.25155,43.36262],[-8.2673,43.38524],[-8.29653,43.38524],[-8.30553,43.40463],[-8.35051,43.39655],[-8.35501,43.38039],[-8.33927,43.38201],[-8.34826,43.34647],[-8.38425,43.34162],[-8.38425,43.35293],[-8.40449,43.36424],[-8.3865,43.36909],[-8.40674,43.38847],[-8.40449,43.37393],[-8.44273,43.38039],[-8.47197,43.35454],[-8.48546,43.36101],[-8.5192,43.35454],[-8.49896,43.34808],[-8.53044,43.31739],[-8.55293,43.31092],[-8.59342,43.32062],[-8.62041,43.31739],[-8.6429,43.30608],[-8.71262,43.28992],[-8.7711,43.29961],[-8.80259,43.31415],[-8.80708,43.32708],[-8.82508,43.32869],[-8.83182,43.34485],[-8.84757,43.33677],[-8.85881,43.31739],[-8.87456,43.32223],[-8.91054,43.32223],[-8.90605,43.29477],[-8.93753,43.28992],[-8.95778,43.29315],[-8.99151,43.27376],[-8.97802,43.26407],[-8.95328,43.25922],[-8.93978,43.22691],[-8.98027,43.22853],[-8.99151,43.21722],[-9.00276,43.22853],[-9.05899,43.1849],[-9.08148,43.18167],[-9.11521,43.1946],[-9.1512,43.19298],[-9.16694,43.18329],[-9.17369,43.19137],[-9.18044,43.16713],[-9.19843,43.15421],[-9.21193,43.15905],[-9.20518,43.12997],[-9.18269,43.12351],[-9.16919,43.14774],[-9.15795,43.12674],[-9.16919,43.10412],[-9.19393,43.0912],[-9.19843,43.10412],[-9.21642,43.10412],[-9.24341,43.08473],[-9.25691,43.0912],[-9.25016,43.06858],[-9.26141,43.04919],[-9.2884,43.04434],[-9.2749,43.0088],[-9.25691,43.00234],[-9.26815,42.96518],[-9.2839,42.95387],[-9.29739,42.92156],[-9.2749,42.9054],[-9.28165,42.89409],[-9.2704,42.87955],[-9.25916,42.92317],[-9.23442,42.9264],[-9.23442,42.94094],[-9.21867,42.94094],[-9.20968,42.91671],[-9.18269,42.91671],[-9.19393,42.94579],[-9.17369,42.94418],[-9.1602,42.91186],[-9.12646,42.9054],[-9.13995,42.89571],[-9.14895,42.8747],[-9.12871,42.84401],[-9.11297,42.84239],[-9.10622,42.823],[-9.11521,42.81008],[-9.1512,42.79877],[-9.13546,42.78908],[-9.11297,42.75192],[-9.10172,42.75515],[-9.08148,42.73738],[-9.07473,42.75676],[-9.04774,42.76969],[-9.06573,42.78584],[-9.01175,42.79877],[-9.01625,42.78423],[-8.98252,42.77777],[-8.97802,42.79069],[-8.95328,42.781],[-8.94203,42.802],[-8.9083,42.79715],[-8.90605,42.81816],[-8.8993,42.79715],[-8.92179,42.79069],[-8.94203,42.77453],[-8.95328,42.74868],[-8.99151,42.74061],[-9.00951,42.72768],[-9.00951,42.71152],[-9.02525,42.70829],[-9.0365,42.64852],[-9.04549,42.62913],[-9.06124,42.61782],[-9.06798,42.59843],[-9.07923,42.59843],[-9.08822,42.56935],[-9.06124,42.57743],[-9.04549,42.57097],[-9.02975,42.55158],[-9.04099,42.51765],[-9.0185,42.51765],[-8.98701,42.53865],[-8.98926,42.56612],[-8.96227,42.56935],[-8.95553,42.58389],[-8.92179,42.58551],[-8.93753,42.60651],[-8.90155,42.64044],[-8.87456,42.63236],[-8.8858,42.61459],[-8.86106,42.60651],[-8.85432,42.63074],[-8.85207,42.66467],[-8.84307,42.68244],[-8.81383,42.65982],[-8.82283,42.6469],[-8.79359,42.63721],[-8.7711,42.65336],[-8.75535,42.6469],[-8.72387,42.68083],[-8.74186,42.64852],[-8.77785,42.61459],[-8.76885,42.60651],[-8.80933,42.57581],[-8.82958,42.57581],[-8.83632,42.55158],[-8.82733,42.54027],[-8.82958,42.51765],[-8.81383,42.52896],[-8.81833,42.50149],[-8.83182,42.48211],[-8.82058,42.45141],[-8.83182,42.45787],[-8.86781,42.44818],[-8.87231,42.4611],[-8.85657,42.47241],[-8.86331,42.49826],[-8.88131,42.49988],[-8.8903,42.48211],[-8.91279,42.47564],[-8.93304,42.47887],[-8.94203,42.46433],[-8.88355,42.45464],[-8.87231,42.43364],[-8.88131,42.41587],[-8.86556,42.41102],[-8.83857,42.38355],[-8.81608,42.39971],[-8.7711,42.39002],[-8.74186,42.41425],[-8.71262,42.42233],[-8.69013,42.43848],[-8.68113,42.42071],[-8.65639,42.42556],[-8.69913,42.39486],[-8.70587,42.39809],[-8.73961,42.37386],[-8.75311,42.34478],[-8.79134,42.32701],[-8.80034,42.33832],[-8.83407,42.34155],[-8.81833,42.30762],[-8.82283,42.27531],[-8.85881,42.30439],[-8.86331,42.26884],[-8.82508,42.25107],[-8.81608,42.25915],[-8.78909,42.24784],[-8.78459,42.26238],[-8.7666,42.25915],[-8.71937,42.28985],[-8.71262,42.27854],[-8.69013,42.28015],[-8.6519,42.29792],[-8.66314,42.31085],[-8.63615,42.32701],[-8.64515,42.3367],[-8.62715,42.35124],[-8.61141,42.34639],[-8.61141,42.32862],[-8.62266,42.30923],[-8.61366,42.29792],[-8.6294,42.285],[-8.6474,42.28985],[-8.66764,42.27854],[-8.67664,42.264],[-8.70363,42.25915],[-8.71262,42.24138],[-8.72612,42.24299],[-8.73961,42.22684],[-8.76435,42.23007],[-8.7801,42.20422],[-8.81608,42.18806],[-8.81833,42.16221],[-8.84982,42.14929],[-8.82283,42.14282],[-8.82283,42.11697],[-8.83407,42.11213],[-8.86331,42.12182],[-8.88131,42.11051],[-8.90155,42.11213],[-8.89255,42.08305],[-8.89705,42.06689],[-8.8858,42.05073],[-8.88805,42.01519],[-8.88131,42.00388],[-8.88805,41.97803],[-8.8858,41.91664],[-8.87456,41.89886],[-8.88131,41.88271],[-8.87231,41.86978],[-8.85657,41.87463],[-8.81833,41.90694],[-8.78459,41.91664],[-8.75535,41.93441],[-8.74411,41.96511],[-8.71487,41.97965],[-8.67664,41.99257],[-8.66089,42.00388],[-8.65864,42.02973],[-8.6294,42.05073],[-8.59342,42.0572],[-8.54619,42.05396],[-8.5237,42.06366],[-8.5237,42.0782],[-8.44273,42.08305],[-8.43148,42.07335],[-8.40449,42.07981],[-8.382,42.07658],[-8.37076,42.08789],[-8.33252,42.08305],[-8.32352,42.10082],[-8.30328,42.10405],[-8.27404,42.12344],[-8.2583,42.12182],[-8.2448,42.13959],[-8.22456,42.13313],[-8.19757,42.15413],[-8.18183,42.06527],[-8.15034,42.07981],[-8.11885,42.08305],[-8.09636,42.07174],[-8.08512,42.0475],[-8.08512,42.01681],[-8.1301,42.00388],[-8.14134,41.98934],[-8.16384,41.98288],[-8.17508,41.95541],[-8.18858,41.94733],[-8.21781,41.91341],[-8.19982,41.87301],[-8.17058,41.87948],[-8.16159,41.86171],[-8.16609,41.81808],[-8.1301,41.80839],[-8.09411,41.80839],[-8.05813,41.81647],[-8.04013,41.82939],[-8.01314,41.82939],[-7.9884,41.86817],[-7.97041,41.87625],[-7.94792,41.8714],[-7.92093,41.88109],[-7.90744,41.92633],[-7.88719,41.92633],[-7.88494,41.88917],[-7.89169,41.86009],[-7.8737,41.84555],[-7.86695,41.85847],[-7.84221,41.86655],[-7.84446,41.88109],[-7.77924,41.88756],[-7.76349,41.89886],[-7.73425,41.8924],[-7.70502,41.90694],[-7.65329,41.88109],[-7.58581,41.88109],[-7.60156,41.86655],[-7.61505,41.83101],[-7.57457,41.82939],[-7.52059,41.84232],[-7.50484,41.8504],[-7.51384,41.86171],[-7.49135,41.8714],[-7.4846,41.86171],[-7.45311,41.86494],[-7.44862,41.84555],[-7.42612,41.83101],[-7.42837,41.80677],[-7.39689,41.82616],[-7.39014,41.84232],[-7.36315,41.85363],[-7.3564,41.8407],[-7.31592,41.84232],[-7.25744,41.86655],[-7.2327,41.86655],[-7.19671,41.87948],[-7.17422,41.91987],[-7.18322,41.93279],[-7.18547,41.96995],[-7.17872,41.97965],[-7.15848,41.97641],[-7.14049,41.99096],[-7.08651,41.97318],[-7.07751,41.95218],[-7.00554,41.95056],[-6.9853,41.97157],[-6.99204,41.98611],[-6.96056,42.0265],[-6.97405,42.05558],[-7.00779,42.05235],[-7.03028,42.06366],[-7.03253,42.07497],[-7.00329,42.08466],[-6.99204,42.0992],[-6.98979,42.12182],[-6.94931,42.13636],[-6.93806,42.17675],[-6.89983,42.18968],[-6.88633,42.21391],[-6.85485,42.22684],[-6.83011,42.22684],[-6.78737,42.21553],[-6.80312,42.23976],[-6.79187,42.25269],[-6.76713,42.25753],[-6.76488,42.27207],[-6.74014,42.29792],[-6.73339,42.35932],[-6.76713,42.36578],[-6.77388,42.37871],[-6.82111,42.38517],[-6.8436,42.40617],[-6.81661,42.42717],[-6.82111,42.45464],[-6.80762,42.46918],[-6.83685,42.49503],[-6.8481,42.48695],[-6.91557,42.51119],[-6.92457,42.51927],[-6.96056,42.51765],[-6.97405,42.49342],[-7.00554,42.50472],[-7.02803,42.49826],[-7.05277,42.50796],[-7.07301,42.50634],[-7.05952,42.53057],[-7.07076,42.53865],[-7.05727,42.5645],[-7.03253,42.58389],[-7.05052,42.59843],[-7.04602,42.63236],[-7.01678,42.64528],[-7.01453,42.66467],[-7.04602,42.69537],[-7.01453,42.72283],[-6.98979,42.72607],[-6.98305,42.71799],[-6.95606,42.75515],[-6.93582,42.74061],[-6.90208,42.76161],[-6.89083,42.77777],[-6.86834,42.78746],[-6.86609,42.80362],[-6.84135,42.823],[-6.87059,42.87309],[-6.84135,42.87793],[-6.82111,42.86824],[-6.83461,42.90378],[-6.82336,42.91509],[-6.84135,42.92802],[-6.83685,42.9571],[-6.88184,42.99103],[-6.90883,42.98941],[-6.94031,43.01203],[-6.94706,43.03303],[-6.96505,43.02657],[-6.96281,42.99103],[-6.99654,43.02011],[-6.98305,43.04111],[-6.9718,43.0298],[-6.96955,43.05727],[-6.95156,43.07504],[-6.92232,43.0815],[-6.91557,43.07343],[-6.89533,43.0912],[-6.87059,43.0912],[-6.86609,43.10089],[-6.82786,43.12351],[-6.82111,43.1429],[-6.8391,43.16552],[-6.87509,43.18652],[-6.88633,43.15744],[-6.90208,43.15582],[-6.93806,43.1332],[-6.95831,43.13482],[-6.9808,43.16713],[-6.96505,43.18975],[-6.9718,43.20429],[-7.00104,43.20752],[-7.01004,43.22368],[-7.01903,43.21399],[-7.06177,43.24468],[-7.07076,43.2673],[-7.06402,43.30123],[-7.10225,43.30446],[-7.11575,43.32708],[-7.13149,43.33031],[-7.12699,43.37232],[-7.13824,43.38363],[-7.15848,43.37393],[-7.17647,43.38201],[-7.16972,43.40786],[-7.17197,43.43048],[-7.14273,43.43048],[-7.12699,43.42402],[-7.09775,43.43371],[-7.091,43.45471],[-7.04602,43.47733],[-7.04602,43.50803],[-7.03253,43.54519]]],[[[-9.01175,42.46433],[-8.99826,42.46918],[-9.01625,42.48534],[-9.01175,42.46433]]],[[[-8.93978,42.35609],[-8.92629,42.39002],[-8.94428,42.38032],[-8.93978,42.35609]]],[[[-8.91504,42.2123],[-8.8993,42.21714],[-8.9038,42.24299],[-8.91504,42.2123]]],[[[-8.87231,42.52573],[-8.85881,42.55804],[-8.87681,42.5742],[-8.88805,42.56773],[-8.87006,42.55642],[-8.87906,42.54027],[-8.87231,42.52573]]]]}},{"type":"Feature","id":"13","properties":{"cod_ccaa":"13","nombre":"Comunidad de Madrid","slug":"madrid"},"geometry":{"type":"MultiPolygon","coordinates":[[[[-3.53964,41.16537],[-3.60037,41.15568],[-3.63411,41.13467],[-3.6521,41.10721],[-3.67909,41.08459],[-3.71507,41.07328],[-3.73981,41.05389],[-3.75556,41.02804],[-3.7803,41.00058],[-3.80954,40.98765],[-3.87926,40.97473],[-3.9085,40.95534],[-3.92199,40.92949],[-3.95123,40.89394],[-3.94223,40.8891],[-3.94673,40.86325],[-3.96473,40.83417],[-3.96248,40.82286],[-3.98047,40.79862],[-3.98047,40.78408],[-4.00296,40.78893],[-4.02095,40.78085],[-4.07043,40.79378],[-4.09742,40.76469],[-4.09742,40.74854],[-4.11092,40.74369],[-4.13566,40.71784],[-4.14466,40.69522],[-4.17165,40.68068],[-4.16715,40.65322],[-4.17389,40.6306],[-4.1604,40.62413],[-4.21438,40.60636],[-4.26161,40.60475],[-4.27061,40.62898],[-4.2886,40.62737],[-4.2886,40.60636],[-4.2796,40.60475],[-4.2886,40.56436],[-4.32459,40.54982],[-4.32009,40.53204],[-4.32234,40.44965],[-4.34033,40.43672],[-4.33133,40.40764],[-4.41455,40.40926],[-4.44154,40.38825],[-4.43929,40.35109],[-4.46178,40.33978],[-4.45503,40.31878],[-4.50452,40.31555],[-4.52701,40.34463],[-4.54725,40.33978],[-4.52926,40.29293],[-4.56974,40.259],[-4.55849,40.23477],[-4.56524,40.21861],[-4.57874,40.217],[-4.57424,40.2073],[-4.536,40.19922],[-4.51801,40.21538],[-4.47303,40.23154],[-4.44829,40.23315],[-4.43479,40.24446],[-4.43479,40.259],[-4.38306,40.2897],[-4.37856,40.31555],[-4.35607,40.30909],[-4.35607,40.27031],[-4.34258,40.24123],[-4.32234,40.22669],[-4.31109,40.23477],[-4.29535,40.21861],[-4.27061,40.23638],[-4.24587,40.27354],[-4.20313,40.2687],[-4.20313,40.28808],[-4.18064,40.29293],[-4.16715,40.27354],[-4.14466,40.26385],[-4.1514,40.24931],[-4.10417,40.24123],[-4.07943,40.26708],[-4.05244,40.25092],[-4.0232,40.24931],[-4.02545,40.23638],[-3.99172,40.20892],[-3.95348,40.21215],[-3.95123,40.18953],[-3.93099,40.20407],[-3.91525,40.19115],[-3.86576,40.18792],[-3.85227,40.16853],[-3.83428,40.16207],[-3.80054,40.17499],[-3.7713,40.13945],[-3.74656,40.13137],[-3.71957,40.14752],[-3.68359,40.13298],[-3.66784,40.14268],[-3.6566,40.12491],[-3.60712,40.10875],[-3.60936,40.08128],[-3.62286,40.05382],[-3.6386,40.05059],[-3.6521,40.0312],[-3.66334,40.03605],[-3.67909,40.01666],[-3.69933,40.01989],[-3.72632,39.98919],[-3.74656,39.9795],[-3.73532,39.96173],[-3.75781,39.96819],[-3.78705,39.95365],[-3.78705,39.94396],[-3.80954,39.95365],[-3.82978,39.93265],[-3.83878,39.94234],[-3.87476,39.92941],[-3.87476,39.91003],[-3.83428,39.90033],[-3.80729,39.88741],[-3.77805,39.91164],[-3.76006,39.91972],[-3.74431,39.94072],[-3.71058,39.95526],[-3.69708,39.94719],[-3.67684,39.96011],[-3.62961,39.96819],[-3.6386,39.98758],[-3.59362,40.00212],[-3.58912,40.01343],[-3.53065,40.01827],[-3.50591,40.04897],[-3.47217,40.04574],[-3.44968,40.04897],[-3.44743,40.03928],[-3.42494,40.04736],[-3.39345,40.03605],[-3.37771,40.05059],[-3.37771,40.07482],[-3.32822,40.07967],[-3.30348,40.05382],[-3.263,40.05705],[-3.24276,40.05382],[-3.20227,40.06674],[-3.16629,40.09098],[-3.16179,40.06513],[-3.11906,40.0619],[-3.08982,40.06997],[-3.06058,40.09098],[-3.05383,40.10713],[-3.07857,40.13622],[-3.09657,40.14268],[-3.08982,40.16368],[-3.07182,40.1556],[-3.08532,40.1863],[-3.07857,40.20892],[-3.09657,40.2687],[-3.11231,40.28485],[-3.15279,40.26385],[-3.17304,40.23477],[-3.19553,40.24769],[-3.18428,40.27031],[-3.17978,40.31393],[-3.15054,40.33494],[-3.14155,40.35109],[-3.15279,40.36725],[-3.1393,40.37533],[-3.1438,40.38825],[-3.1303,40.40441],[-3.14155,40.41249],[-3.15504,40.43995],[-3.19778,40.44157],[-3.19553,40.47873],[-3.20002,40.51427],[-3.25175,40.54174],[-3.29674,40.53689],[-3.28324,40.55143],[-3.28774,40.57243],[-3.31698,40.58374],[-3.33047,40.59667],[-3.32148,40.61121],[-3.33722,40.62575],[-3.32822,40.64029],[-3.36646,40.64837],[-3.37546,40.68068],[-3.4002,40.69199],[-3.40469,40.66937],[-3.42494,40.6823],[-3.42719,40.6726],[-3.46767,40.69038],[-3.43618,40.72269],[-3.44968,40.73238],[-3.44518,40.76146],[-3.46767,40.78408],[-3.50366,40.78893],[-3.47667,40.82609],[-3.47217,40.86486],[-3.44518,40.87617],[-3.43843,40.89071],[-3.45867,40.89718],[-3.43618,40.94564],[-3.41594,40.97634],[-3.41819,40.98765],[-3.39345,41.00058],[-3.43843,41.04258],[-3.42719,41.0652],[-3.42719,41.08297],[-3.44743,41.08136],[-3.48791,41.10398],[-3.5104,41.1379],[-3.54189,41.14921],[-3.53964,41.16537]]],[[[-4.31559,40.64837],[-4.25711,40.6516],[-4.25486,40.66129],[-4.2841,40.68068],[-4.31559,40.66614],[-4.31559,40.64837]]]]}},{"type":"Feature","id":"14","properties":{"cod_ccaa":"14","nombre":"Región de Murcia","slug":"murcia"},"geometry":{"type":"Polygon","coordinates":[[[-1.63014,37.37511],[-1.5919,37.40257],[-1.56491,37.40419],[-1.51993,37.43166],[-1.49069,37.42196],[-1.4772,37.42842],[-1.4817,37.45266],[-1.4592,37.48659],[-1.44121,37.4979],[-1.40073,37.50759],[-1.39173,37.52536],[-1.36474,37.54313],[-1.32426,37.56414],[-1.25678,37.55767],[-1.23879,37.57706],[-1.20056,37.57383],[-1.16907,37.55767],[-1.16457,37.54152],[-1.10609,37.53506],[-1.12633,37.55283],[-1.10834,37.56898],[-1.09485,37.56898],[-1.07461,37.58352],[-1.01163,37.57545],[-0.98914,37.59806],[-0.97564,37.59806],[-0.97564,37.57706],[-0.95315,37.56737],[-0.97115,37.55929],[-0.91942,37.55444],[-0.85194,37.58191],[-0.8227,37.57545],[-0.78222,37.59483],[-0.73274,37.6013],[-0.699,37.63361],[-0.72824,37.67077],[-0.74174,37.71116],[-0.72824,37.74832],[-0.74398,37.7564],[-0.74398,37.77902],[-0.75748,37.78063],[-0.73949,37.74347],[-0.74398,37.71116],[-0.73274,37.674],[-0.73949,37.65784],[-0.72149,37.64976],[-0.72599,37.63522],[-0.78672,37.65138],[-0.81146,37.66269],[-0.85869,37.71762],[-0.84969,37.74186],[-0.8272,37.75478],[-0.80021,37.78225],[-0.79571,37.80971],[-0.77547,37.81941],[-0.75298,37.78871],[-0.76198,37.84687],[-0.78897,37.84849],[-0.80471,37.8598],[-0.82945,37.86464],[-0.85644,37.88565],[-0.92166,37.94381],[-0.96665,38.01328],[-1.02288,38.07629],[-1.03637,38.13768],[-1.00488,38.17161],[-0.98914,38.19908],[-0.9689,38.25563],[-0.97115,38.28955],[-0.98914,38.32025],[-1.02737,38.33802],[-1.0836,38.3461],[-1.0881,38.3671],[-1.08135,38.44142],[-1.03412,38.47373],[-1.01388,38.49635],[-1.02512,38.5222],[-1.00263,38.57229],[-1.01613,38.6353],[-1.02512,38.6563],[-1.04312,38.66115],[-1.11509,38.71123],[-1.11959,38.73708],[-1.18481,38.75485],[-1.25004,38.7387],[-1.28377,38.70639],[-1.34225,38.6773],[-1.36699,38.70477],[-1.40298,38.69023],[-1.44796,38.64984],[-1.44346,38.63691],[-1.45246,38.58198],[-1.48619,38.56421],[-1.49969,38.5319],[-1.47945,38.4802],[-1.47495,38.40911],[-1.47945,38.3768],[-1.54242,38.34287],[-1.55817,38.3251],[-1.58965,38.31056],[-1.66612,38.31056],[-1.69086,38.33641],[-1.68187,38.35903],[-1.70436,38.37518],[-1.71785,38.3671],[-1.74484,38.38003],[-1.77183,38.37841],[-1.76958,38.36387],[-1.79432,38.36872],[-1.78308,38.35579],[-1.81232,38.35095],[-1.82581,38.33318],[-1.85055,38.33318],[-1.89553,38.30248],[-1.98325,38.28148],[-2.00124,38.28471],[-2.02149,38.30086],[-2.04847,38.30571],[-2.07546,38.28309],[-2.08221,38.26532],[-2.1137,38.23785],[-2.17443,38.22331],[-2.21266,38.20231],[-2.23065,38.16192],[-2.2464,38.14899],[-2.26664,38.1086],[-2.32512,38.06983],[-2.33861,38.04882],[-2.34086,38.02621],[-2.29813,38.00359],[-2.29588,37.98743],[-2.27564,37.95997],[-2.2374,37.92765],[-2.19467,37.90988],[-2.17218,37.88888],[-2.14969,37.89857],[-2.1227,37.90019],[-2.1002,37.87757],[-2.05072,37.87918],[-2.01924,37.86949],[-1.9945,37.8808],[-1.97425,37.86787],[-1.9945,37.84202],[-1.99674,37.81941],[-2.00799,37.77417],[-1.99674,37.72732],[-2.00799,37.71924],[-2.01249,37.67238],[-1.97875,37.6223],[-1.95626,37.6013],[-1.95401,37.58837],[-1.87529,37.49466],[-1.84605,37.45427],[-1.80782,37.43327],[-1.81232,37.45104],[-1.7381,37.44296],[-1.66612,37.40096],[-1.63014,37.37511]]]}},{"type":"Feature","id":"15","properties":{"cod_ccaa":"15","nombre":"Comunidad Foral de Navarra","slug":"navarra"},"geometry":{"type":"MultiPolygon","coordinates":[[[[-2.41958,42.48857],[-2.39934,42.4708],[-2.37685,42.47241],[-2.34761,42.45141],[-2.32512,42.46757],[-2.29813,42.45787],[-2.29588,42.46757],[-2.27339,42.44495],[-2.23965,42.44172],[-2.23515,42.42556],[-2.20816,42.41425],[-2.18567,42.4191],[-2.17443,42.40779],[-2.14069,42.42071],[-2.1047,42.41587],[-2.11595,42.39971],[-2.08671,42.38355],[-2.07996,42.36578],[-2.08896,42.34639],[-2.07097,42.34316],[-2.04623,42.35932],[-2.01474,42.36901],[-1.97425,42.35286],[-1.96526,42.33347],[-1.94052,42.33508],[-1.93377,42.32216],[-1.91803,42.32701],[-1.89329,42.28985],[-1.87079,42.28985],[-1.8663,42.27531],[-1.87529,42.25915],[-1.85505,42.24946],[-1.8528,42.25915],[-1.80107,42.22199],[-1.78083,42.22361],[-1.74034,42.2123],[-1.70661,42.20745],[-1.70436,42.19129],[-1.67962,42.18806],[-1.69986,42.17352],[-1.67962,42.1509],[-1.7201,42.13313],[-1.74034,42.14929],[-1.76509,42.1509],[-1.77858,42.13798],[-1.82131,42.15413],[-1.83706,42.14121],[-1.83931,42.12828],[-1.89104,42.08628],[-1.90903,42.05881],[-1.90228,42.02973],[-1.88654,42.02811],[-1.85505,42.00226],[-1.8483,42.00873],[-1.83481,41.9958],[-1.81007,41.99742],[-1.79207,41.98934],[-1.76733,41.9958],[-1.74259,41.96834],[-1.7156,41.95703],[-1.68637,41.95218],[-1.67287,41.96672],[-1.65488,41.96511],[-1.61439,41.95056],[-1.5964,41.92633],[-1.55817,41.91341],[-1.52443,41.91017],[-1.50194,41.92471],[-1.4727,41.92471],[-1.45246,41.91502],[-1.42097,41.91341],[-1.40298,41.93441],[-1.38273,41.9441],[-1.36699,41.98288],[-1.34,42.01842],[-1.30402,42.04266],[-1.31076,42.07174],[-1.35125,42.07335],[-1.36699,42.10728],[-1.39848,42.12667],[-1.39173,42.1816],[-1.41422,42.2026],[-1.41647,42.22199],[-1.40073,42.24622],[-1.38948,42.27854],[-1.39848,42.29146],[-1.35125,42.33993],[-1.32876,42.35609],[-1.33775,42.37224],[-1.36024,42.37871],[-1.34225,42.40779],[-1.34225,42.42394],[-1.31526,42.44979],[-1.29052,42.45787],[-1.27253,42.48211],[-1.27478,42.49503],[-1.29277,42.51119],[-1.26578,42.55642],[-1.2253,42.54188],[-1.2028,42.54996],[-1.2028,42.57904],[-1.15782,42.60005],[-1.18031,42.60812],[-1.15782,42.60974],[-1.15332,42.6469],[-1.0926,42.6469],[-1.07011,42.64205],[-1.03862,42.64852],[-1.03187,42.67598],[-1.03862,42.69214],[-1.02737,42.70022],[-0.9689,42.70345],[-0.94865,42.71152],[-0.92391,42.74384],[-0.89917,42.74384],[-0.90142,42.75999],[-0.86544,42.76323],[-0.84744,42.78584],[-0.86094,42.802],[-0.85194,42.80685],[-0.85644,42.84724],[-0.84744,42.84724],[-0.81596,42.8747],[-0.81821,42.90217],[-0.78222,42.92156],[-0.75298,42.92479],[-0.72824,42.91994],[-0.73049,42.94579],[-0.75073,42.96679],[-0.78672,42.96356],[-0.81146,42.95064],[-0.86319,42.95064],[-0.91492,42.96356],[-0.94416,42.95387],[-1.00038,42.9781],[-1.00713,42.99103],[-1.08585,43.00234],[-1.11509,43.02334],[-1.14208,43.00718],[-1.14433,43.02334],[-1.17357,43.03788],[-1.18031,43.03303],[-1.22979,43.05565],[-1.24779,43.04273],[-1.30851,43.06858],[-1.28827,43.10412],[-1.27028,43.11866],[-1.31976,43.1122],[-1.34675,43.0912],[-1.34225,43.05404],[-1.3535,43.02819],[-1.44121,43.04596],[-1.4727,43.0815],[-1.47045,43.0912],[-1.41422,43.12836],[-1.40298,43.15582],[-1.40298,43.17844],[-1.38723,43.1946],[-1.37824,43.23014],[-1.38498,43.25438],[-1.41422,43.27376],[-1.42772,43.2673],[-1.46145,43.27215],[-1.50644,43.29315],[-1.53567,43.29477],[-1.56491,43.2883],[-1.55592,43.27861],[-1.57616,43.24953],[-1.61664,43.25761],[-1.63014,43.28507],[-1.62564,43.30608],[-1.66837,43.31415],[-1.69536,43.31254],[-1.7291,43.29477],[-1.78308,43.28669],[-1.79432,43.27699],[-1.79432,43.2463],[-1.85055,43.22529],[-1.85955,43.21237],[-1.86854,43.23014],[-1.87979,43.23014],[-1.87529,43.21075],[-1.90228,43.21075],[-1.92252,43.17844],[-1.92027,43.15098],[-1.90228,43.13482],[-1.94726,43.09766],[-1.97425,43.0912],[-1.97875,43.0815],[-2.01249,43.07343],[-2.03273,43.03142],[-2.04173,43.0298],[-2.02823,42.99911],[-2.03723,42.98133],[-2.09571,42.97164],[-2.10245,42.94902],[-2.12944,42.93933],[-2.15643,42.94256],[-2.18117,42.93448],[-2.19017,42.94741],[-2.21041,42.95064],[-2.2374,42.92156],[-2.2419,42.88601],[-2.23515,42.83431],[-2.26664,42.81331],[-2.26889,42.79554],[-2.28013,42.78584],[-2.26664,42.75353],[-2.27339,42.74222],[-2.30712,42.73576],[-2.32287,42.72445],[-2.31387,42.70829],[-2.30937,42.67113],[-2.29363,42.6776],[-2.28913,42.65498],[-2.33186,42.6469],[-2.34536,42.63397],[-2.38134,42.63397],[-2.37235,42.64367],[-2.38809,42.65821],[-2.41508,42.66306],[-2.45107,42.6469],[-2.48256,42.61136],[-2.50055,42.6162],[-2.49155,42.58712],[-2.46231,42.58712],[-2.45332,42.56773],[-2.42408,42.60489],[-2.39709,42.59843],[-2.39034,42.54835],[-2.39934,42.5435],[-2.39259,42.51765],[-2.42183,42.51119],[-2.41958,42.48857]]],[[[-1.14883,42.44172],[-1.18256,42.42394],[-1.18481,42.40132],[-1.15557,42.41425],[-1.14883,42.44172]]],[[[-1.10159,42.48211],[-1.12858,42.44656],[-1.06111,42.43364],[-1.05211,42.44495],[-1.07011,42.46595],[-1.10159,42.48211]]]]}},{"type":"Feature","id":"16","properties":{"cod_ccaa":"16","nombre":"País Vasco","slug":"pais-vasco"},"geometry":{"type":"Polygon","coordinates":[[[-3.41819,43.1332],[-3.37096,43.15098],[-3.34847,43.15421],[-3.34172,43.16713],[-3.31248,43.17198],[-3.27874,43.1946],[-3.254,43.19944],[-3.22252,43.17198],[-3.20902,43.18006],[-3.18653,43.16875],[-3.16854,43.17844],[-3.14155,43.16552],[-3.16179,43.15421],[-3.16179,43.1429],[-3.18203,43.12028],[-3.1348,43.09766],[-3.15729,43.07343],[-3.14155,43.06858],[-3.1438,43.02819],[-3.17079,43.0298],[-3.17753,43.02173],[-3.1438,43.00718],[-3.08982,43.00072],[-3.07632,43.0088],[-3.03809,42.98295],[-3.04484,42.97326],[-3.0156,42.95387],[-2.99535,42.95225],[-2.98186,42.93933],[-3.0111,42.92156],[-3.01785,42.90863],[-3.08982,42.89894],[-3.10556,42.91025],[-3.1258,42.90378],[-3.15054,42.91994],[-3.1438,42.93448],[-3.17978,42.94418],[-3.22477,42.94902],[-3.24951,42.91186],[-3.27649,42.90217],[-3.28324,42.87632],[-3.23601,42.83754],[-3.20902,42.84401],[-3.19103,42.86986],[-3.17304,42.85693],[-3.15054,42.86178],[-3.1258,42.89086],[-3.10556,42.87955],[-3.11231,42.86178],[-3.15954,42.80523],[-3.1303,42.78908],[-3.13705,42.76484],[-3.1483,42.75676],[-3.11681,42.75999],[-3.09881,42.76807],[-3.06283,42.75999],[-3.04708,42.76484],[-3.04034,42.73899],[-3.01785,42.74061],[-3.0066,42.72283],[-2.98861,42.7196],[-2.97961,42.70345],[-2.95712,42.70991],[-2.93013,42.70829],[-2.93013,42.70022],[-2.90314,42.69375],[-2.89414,42.67921],[-2.89639,42.65498],[-2.85816,42.63882],[-2.84241,42.62913],[-2.84241,42.60812],[-2.81992,42.61459],[-2.81992,42.59197],[-2.84017,42.58066],[-2.82442,42.55481],[-2.81543,42.56935],[-2.78169,42.57904],[-2.7637,42.62267],[-2.72996,42.61782],[-2.70747,42.60005],[-2.68048,42.59358],[-2.69172,42.54188],[-2.70522,42.51603],[-2.67823,42.52411],[-2.67823,42.50957],[-2.65574,42.50311],[-2.64899,42.48372],[-2.60626,42.50311],[-2.59276,42.4918],[-2.60176,42.48049],[-2.57702,42.48372],[-2.57252,42.49342],[-2.55453,42.48372],[-2.52979,42.48372],[-2.53878,42.49342],[-2.50954,42.51927],[-2.51629,42.49018],[-2.47806,42.48695],[-2.44882,42.49665],[-2.41958,42.48857],[-2.42183,42.51119],[-2.39259,42.51765],[-2.39934,42.5435],[-2.39034,42.54835],[-2.39709,42.59843],[-2.42408,42.60489],[-2.45332,42.56773],[-2.46231,42.58712],[-2.49155,42.58712],[-2.50055,42.6162],[-2.48256,42.61136],[-2.45107,42.6469],[-2.41508,42.66306],[-2.38809,42.65821],[-2.37235,42.64367],[-2.38134,42.63397],[-2.34536,42.63397],[-2.33186,42.6469],[-2.28913,42.65498],[-2.29363,42.6776],[-2.30937,42.67113],[-2.31387,42.70829],[-2.32287,42.72445],[-2.30712,42.73576],[-2.27339,42.74222],[-2.26664,42.75353],[-2.28013,42.78584],[-2.26889,42.79554],[-2.26664,42.81331],[-2.23515,42.83431],[-2.2419,42.88601],[-2.2374,42.92156],[-2.21041,42.95064],[-2.19017,42.94741],[-2.18117,42.93448],[-2.15643,42.94256],[-2.12944,42.93933],[-2.10245,42.94902],[-2.09571,42.97164],[-2.03723,42.98133],[-2.02823,42.99911],[-2.04173,43.0298],[-2.03273,43.03142],[-2.01249,43.07343],[-1.97875,43.0815],[-1.97425,43.0912],[-1.94726,43.09766],[-1.90228,43.13482],[-1.92027,43.15098],[-1.92252,43.17844],[-1.90228,43.21075],[-1.87529,43.21075],[-1.87979,43.23014],[-1.86854,43.23014],[-1.85955,43.21237],[-1.85055,43.22529],[-1.79432,43.2463],[-1.79432,43.27699],[-1.78308,43.28669],[-1.7291,43.29477],[-1.74259,43.31739],[-1.7381,43.33031],[-1.75834,43.34324],[-1.78983,43.35293],[-1.77858,43.36424],[-1.79657,43.38201],[-1.79207,43.39332],[-1.8483,43.38039],[-1.87079,43.36909],[-1.87979,43.35454],[-1.91578,43.33677],[-1.96301,43.33839],[-1.98775,43.32708],[-1.99,43.31739],[-2.00799,43.32385],[-2.11145,43.29961],[-2.12944,43.28992],[-2.14969,43.29477],[-2.17667,43.2883],[-2.2284,43.31092],[-2.28238,43.29477],[-2.3566,43.30446],[-2.39934,43.32223],[-2.42183,43.32385],[-2.43532,43.33516],[-2.46006,43.33516],[-2.48705,43.36424],[-2.50954,43.37716],[-2.54553,43.37393],[-2.56352,43.3917],[-2.57927,43.38686],[-2.61975,43.3917],[-2.64674,43.41594],[-2.66248,43.40948],[-2.69622,43.40624],[-2.73671,43.42725],[-2.75245,43.45633],[-2.80868,43.43048],[-2.86715,43.43209],[-2.88065,43.43694],[-2.94587,43.43533],[-2.95262,43.41109],[-2.97511,43.40463],[-3.0066,43.38363],[-3.03809,43.37232],[-3.0201,43.35778],[-3.0111,43.33677],[-3.0201,43.32546],[-3.03359,43.34647],[-3.04708,43.34324],[-3.09432,43.36262],[-3.11231,43.35131],[-3.15279,43.35293],[-3.15054,43.319],[-3.15729,43.30123],[-3.19328,43.298],[-3.20902,43.28346],[-3.26525,43.29638],[-3.29224,43.28992],[-3.29449,43.30123],[-3.32373,43.29315],[-3.34397,43.29477],[-3.33947,43.27861],[-3.3822,43.27053],[-3.4002,43.2463],[-3.44968,43.2366],[-3.43393,43.20591],[-3.43393,43.18006],[-3.41819,43.1332]],[[-2.86491,42.74384],[-2.85366,42.74707],[-2.85366,42.76807],[-2.83567,42.79554],[-2.82667,42.78423],[-2.79293,42.79392],[-2.73221,42.79392],[-2.69397,42.77777],[-2.67823,42.77938],[-2.63325,42.76484],[-2.60401,42.76969],[-2.58826,42.7503],[-2.55903,42.76323],[-2.57252,42.72445],[-2.60851,42.69537],[-2.59501,42.69052],[-2.57927,42.66952],[-2.54778,42.66952],[-2.53878,42.68729],[-2.52304,42.68406],[-2.51629,42.6469],[-2.55003,42.63721],[-2.58377,42.65175],[-2.6355,42.64852],[-2.65349,42.66952],[-2.69847,42.67437],[-2.71871,42.66144],[-2.76819,42.66629],[-2.78394,42.6986],[-2.82442,42.70829],[-2.82892,42.7196],[-2.85591,42.7293],[-2.86491,42.74384]],[[-3.27649,43.26407],[-3.24951,43.25922],[-3.25175,43.2463],[-3.26975,43.23337],[-3.26525,43.20591],[-3.28549,43.19783],[-3.29674,43.20591],[-3.29449,43.24307],[-3.30348,43.25761],[-3.27649,43.26407]]]}},{"type":"Feature","id":"17","properties":{"cod_ccaa":"17","nombre":"La Rioja","slug":"la-rioja"},"geometry":{"type":"Polygon","coordinates":[[[-2.85816,42.63882],[-2.8829,42.62105],[-2.90539,42.6259],[-2.92338,42.62105],[-2.93463,42.63397],[-2.97061,42.64044],[-2.97961,42.63559],[-3.00435,42.64367],[-3.01785,42.63236],[-3.04034,42.64044],[-3.08307,42.64044],[-3.08532,42.62751],[-3.06958,42.62105],[-3.06058,42.60328],[-3.06733,42.58874],[-3.10556,42.55319],[-3.1348,42.54188],[-3.10781,42.52896],[-3.08982,42.53865],[-3.07182,42.52734],[-3.07857,42.49988],[-3.09432,42.4918],[-3.07407,42.47726],[-3.04708,42.44495],[-3.06283,42.42556],[-3.06508,42.40456],[-3.05383,42.37386],[-3.06508,42.37386],[-3.08307,42.39809],[-3.07857,42.41587],[-3.10106,42.41748],[-3.09657,42.40456],[-3.10556,42.38678],[-3.08532,42.38517],[-3.06283,42.36255],[-3.06733,42.35447],[-3.11006,42.35124],[-3.11006,42.33832],[-3.09657,42.32701],[-3.10556,42.31408],[-3.08982,42.27369],[-3.09881,42.26238],[-3.08757,42.24622],[-3.10331,42.23168],[-3.10331,42.2123],[-3.12805,42.20099],[-3.11456,42.17837],[-3.08982,42.15898],[-3.08532,42.13475],[-3.06508,42.13313],[-3.03359,42.08628],[-2.96162,42.08466],[-2.93463,42.08951],[-2.91439,42.03781],[-2.91439,42.02327],[-2.8829,42.00873],[-2.85591,42.02811],[-2.79743,42.0475],[-2.79068,42.1089],[-2.77494,42.12344],[-2.7502,42.11697],[-2.73446,42.12505],[-2.70747,42.10566],[-2.70747,42.08628],[-2.75695,42.03296],[-2.7457,42.00873],[-2.70522,42.01519],[-2.67373,41.99742],[-2.66024,42.0055],[-2.6265,42.00711],[-2.57927,41.9958],[-2.56577,42.01357],[-2.55228,42.04589],[-2.51404,42.06851],[-2.52304,42.08305],[-2.51404,42.11374],[-2.4848,42.10566],[-2.45781,42.11536],[-2.43757,42.13798],[-2.38809,42.14282],[-2.31837,42.14444],[-2.28238,42.13151],[-2.28238,42.11051],[-2.26889,42.08789],[-2.2374,42.10243],[-2.17218,42.10566],[-2.12719,42.09759],[-2.12719,42.07981],[-2.16093,42.06689],[-2.15418,42.0475],[-2.11595,42.02165],[-2.10695,42.00226],[-2.12494,41.9958],[-2.11595,41.96349],[-2.1002,41.95541],[-2.06197,41.9538],[-2.03723,41.94087],[-2.02823,41.9538],[-1.981,41.91825],[-1.91578,41.93279],[-1.90678,41.94572],[-1.87754,41.95218],[-1.8573,41.96672],[-1.8663,41.97803],[-1.8438,41.98772],[-1.8483,42.00873],[-1.85505,42.00226],[-1.88654,42.02811],[-1.90228,42.02973],[-1.90903,42.05881],[-1.89104,42.08628],[-1.83931,42.12828],[-1.83706,42.14121],[-1.82131,42.15413],[-1.77858,42.13798],[-1.76509,42.1509],[-1.74034,42.14929],[-1.7201,42.13313],[-1.67962,42.1509],[-1.69986,42.17352],[-1.67962,42.18806],[-1.70436,42.19129],[-1.70661,42.20745],[-1.74034,42.2123],[-1.78083,42.22361],[-1.80107,42.22199],[-1.8528,42.25915],[-1.85505,42.24946],[-1.87529,42.25915],[-1.8663,42.27531],[-1.87079,42.28985],[-1.89329,42.28985],[-1.91803,42.32701],[-1.93377,42.32216],[-1.94052,42.33508],[-1.96526,42.33347],[-1.97425,42.35286],[-2.01474,42.36901],[-2.04623,42.35932],[-2.07097,42.34316],[-2.08896,42.34639],[-2.07996,42.36578],[-2.08671,42.38355],[-2.11595,42.39971],[-2.1047,42.41587],[-2.14069,42.42071],[-2.17443,42.40779],[-2.18567,42.4191],[-2.20816,42.41425],[-2.23515,42.42556],[-2.23965,42.44172],[-2.27339,42.44495],[-2.29588,42.46757],[-2.29813,42.45787],[-2.32512,42.46757],[-2.34761,42.45141],[-2.37685,42.47241],[-2.39934,42.4708],[-2.41958,42.48857],[-2.44882,42.49665],[-2.47806,42.48695],[-2.51629,42.49018],[-2.50954,42.51927],[-2.53878,42.49342],[-2.52979,42.48372],[-2.55453,42.48372],[-2.57252,42.49342],[-2.57702,42.48372],[-2.60176,42.48049],[-2.59276,42.4918],[-2.60626,42.50311],[-2.64899,42.48372],[-2.65574,42.50311],[-2.67823,42.50957],[-2.67823,42.52411],[-2.70522,42.51603],[-2.69172,42.54188],[-2.68048,42.59358],[-2.70747,42.60005],[-2.72996,42.61782],[-2.7637,42.62267],[-2.78169,42.57904],[-2.81543,42.56935],[-2.82442,42.55481],[-2.84017,42.58066],[-2.81992,42.59197],[-2.81992,42.61459],[-2.84241,42.60812],[-2.84241,42.62913],[-2.85816,42.63882]],[[-2.93013,42.61136],[-2.92338,42.60005],[-2.93913,42.59358],[-2.93013,42.61136]]]}},{"type":"Feature","id":"18","properties":{"cod_ccaa":"18","nombre":"Ceuta","slug":"ceuta"},"geometry":{"type":"Polygon","coordinates":[[[-5.38167,35.91297],[-5.37268,35.88065],[-5.34344,35.87096],[-5.32095,35.88712],[-5.28046,35.89358],[-5.28721,35.9065],[-5.3142,35.88873],[-5.33444,35.89358],[-5.36593,35.91781],[-5.38167,35.91297]]]}},{"type":"Feature","id":"19","properties":{"cod_ccaa":"19","nombre":"Melilla","slug":"melilla"},"geometry":{"type":"Polygon","coordinates":[[[-2.95262,35.32003],[-2.97061,35.28933],[-2.95037,35.2651],[-2.92788,35.27479],[-2.93238,35.29418],[-2.95262,35.32003]]]}},{"type":"Feature","id":"05","properties":{"cod_ccaa":"05","nombre":"Canarias","slug":"canarias"},"geometry":{"type":"MultiPolygon","coordinates":[[[[-17.96101,27.69265],[-17.95651,27.72012],[-17.93177,27.7282],[-17.92502,27.74597],[-17.88229,27.81221],[-17.89354,27.8316],[-17.91828,27.84775],[-17.95426,27.84129],[-17.9925,27.8219],[-17.98575,27.80736],[-17.99699,27.79121],[-18.03973,27.76213],[-18.06447,27.75405],[-18.10495,27.75728],[-18.13194,27.77182],[-18.15218,27.76051],[-18.15218,27.73143],[-18.16118,27.71689],[-18.14544,27.70396],[-18.12519,27.70558],[-18.05097,27.69265],[-18.02848,27.6765],[-18.01049,27.64903],[-17.98575,27.63772],[-17.97001,27.64903],[-17.97225,27.67165],[-17.96101,27.69265]]],[[[-17.88679,28.55217],[-17.88004,28.54086],[-17.87554,28.49077],[-17.85755,28.46008],[-17.83281,28.45846],[-17.81707,28.49401],[-17.79682,28.51824],[-17.78783,28.54409],[-17.76084,28.56994],[-17.75634,28.61356],[-17.74959,28.62002],[-17.76983,28.67657],[-17.74509,28.71212],[-17.7316,28.72019],[-17.72485,28.74281],[-17.75859,28.78643],[-17.75859,28.80421],[-17.77883,28.83813],[-17.80807,28.84298],[-17.85755,28.83329],[-17.89578,28.84298],[-17.92052,28.85752],[-17.96776,28.82521],[-17.979,28.80421],[-17.99475,28.79613],[-18.00599,28.77674],[-18.00149,28.75251],[-17.98125,28.72827],[-17.96326,28.66849],[-17.93852,28.63941],[-17.92502,28.61518],[-17.92502,28.59579],[-17.91153,28.5861],[-17.88679,28.55217]]],[[[-17.19181,28.03032],[-17.16707,28.03678],[-17.15357,28.05455],[-17.0996,28.09495],[-17.10409,28.12887],[-17.11759,28.15149],[-17.17607,28.17734],[-17.20081,28.19996],[-17.24354,28.19996],[-17.25928,28.21773],[-17.27503,28.21773],[-17.31776,28.20319],[-17.347,28.14826],[-17.34025,28.13211],[-17.34925,28.09818],[-17.32451,28.08041],[-17.32001,28.06102],[-17.27278,28.03517],[-17.27053,28.02547],[-17.24354,28.02063],[-17.19181,28.03032]]],[[[-16.73299,28.06748],[-16.73749,28.05455],[-16.7105,28.04648],[-16.70825,28.01093],[-16.67901,27.99801],[-16.66552,28.0077],[-16.64527,28.00447],[-16.62503,28.01901],[-16.59579,28.0287],[-16.55981,28.03194],[-16.54631,28.02547],[-16.54181,28.04325],[-16.49233,28.08202],[-16.46309,28.11918],[-16.42486,28.15149],[-16.43386,28.15634],[-16.42036,28.19835],[-16.42486,28.20158],[-16.38662,28.26459],[-16.38437,28.28397],[-16.36188,28.30659],[-16.35963,28.31952],[-16.36863,28.35506],[-16.35514,28.38253],[-16.32815,28.40191],[-16.31915,28.4003],[-16.26742,28.44877],[-16.25393,28.45038],[-16.23593,28.48593],[-16.22019,28.48916],[-16.15496,28.52309],[-16.14372,28.52147],[-16.12123,28.55217],[-16.13472,28.58125],[-16.15721,28.58933],[-16.1932,28.57156],[-16.22469,28.56509],[-16.27417,28.57802],[-16.29891,28.56832],[-16.3304,28.5764],[-16.33265,28.55702],[-16.36638,28.54571],[-16.37763,28.54732],[-16.42261,28.51824],[-16.42936,28.48916],[-16.47434,28.45361],[-16.47659,28.44069],[-16.49683,28.43907],[-16.50358,28.42453],[-16.52157,28.41807],[-16.55531,28.41807],[-16.60254,28.39384],[-16.65202,28.39545],[-16.67451,28.4003],[-16.68126,28.39061],[-16.75548,28.37445],[-16.80946,28.37606],[-16.8297,28.39384],[-16.87019,28.37122],[-16.91742,28.35991],[-16.91967,28.34214],[-16.90392,28.33891],[-16.88143,28.30336],[-16.86119,28.28721],[-16.8387,28.25489],[-16.84544,28.23874],[-16.8342,28.20158],[-16.80496,28.17088],[-16.79371,28.14018],[-16.76897,28.10949],[-16.73974,28.08848],[-16.73299,28.06748]]],[[[-15.39476,28.03032],[-15.415,28.04809],[-15.4195,28.06263],[-15.41051,28.09818],[-15.4285,28.12564],[-15.4285,28.14665],[-15.41275,28.12887],[-15.40376,28.17411],[-15.42175,28.18057],[-15.44199,28.1628],[-15.43075,28.14503],[-15.44649,28.13049],[-15.46898,28.12564],[-15.47798,28.13695],[-15.52971,28.15472],[-15.5432,28.14826],[-15.57919,28.14341],[-15.61293,28.14826],[-15.63767,28.1725],[-15.66466,28.15796],[-15.68265,28.16926],[-15.70964,28.16603],[-15.69614,28.15149],[-15.71414,28.10302],[-15.70739,28.0901],[-15.73888,28.05455],[-15.76587,28.04648],[-15.79061,28.01901],[-15.82209,28.01255],[-15.8176,28.00447],[-15.83334,27.97539],[-15.82884,27.94954],[-15.83334,27.91076],[-15.8176,27.89299],[-15.78611,27.83483],[-15.72538,27.78798],[-15.6894,27.77182],[-15.67365,27.7492],[-15.66016,27.75728],[-15.62867,27.74435],[-15.61967,27.7492],[-15.59943,27.73466],[-15.56794,27.73951],[-15.56345,27.7589],[-15.48698,27.79282],[-15.43974,27.8009],[-15.42175,27.8106],[-15.41275,27.84775],[-15.38576,27.85745],[-15.39251,27.88491],[-15.38352,27.92692],[-15.36102,27.93661],[-15.37902,27.94631],[-15.38352,27.96731],[-15.36777,27.99155],[-15.39476,28.03032]]],[[[-14.36017,28.04809],[-14.32643,28.04648],[-14.30169,28.07394],[-14.24996,28.11756],[-14.22297,28.1628],[-14.20048,28.1725],[-14.15774,28.17573],[-14.15325,28.18219],[-14.07228,28.20158],[-14.0093,28.20966],[-13.98906,28.22743],[-13.94858,28.22743],[-13.92609,28.24197],[-13.89685,28.28882],[-13.90359,28.2969],[-13.8946,28.32436],[-13.87885,28.33729],[-13.86311,28.38576],[-13.85186,28.39384],[-13.85186,28.42453],[-13.86311,28.43907],[-13.85636,28.46008],[-13.86761,28.48108],[-13.86311,28.49401],[-13.84287,28.5037],[-13.83837,28.54247],[-13.82712,28.55217],[-13.82937,28.58287],[-13.82263,28.59256],[-13.83387,28.67496],[-13.83162,28.69434],[-13.84512,28.72827],[-13.86761,28.73635],[-13.86761,28.74604],[-13.8901,28.75735],[-13.91484,28.74443],[-13.92609,28.75089],[-13.95757,28.73473],[-13.97557,28.73473],[-14.0183,28.71535],[-14.0183,28.69434],[-14.0093,28.67657],[-14.03854,28.61195],[-14.03404,28.59256],[-14.06778,28.55055],[-14.07453,28.5247],[-14.10152,28.47623],[-14.12626,28.45685],[-14.151,28.42938],[-14.16224,28.39222],[-14.16224,28.37283],[-14.17574,28.34698],[-14.20273,28.32921],[-14.21397,28.28721],[-14.20947,28.25974],[-14.22297,28.21612],[-14.24546,28.19511],[-14.31518,28.14503],[-14.38266,28.11433],[-14.42989,28.10141],[-14.49961,28.09979],[-14.49286,28.08364],[-14.50411,28.07233],[-14.47712,28.07717],[-14.40965,28.05779],[-14.36017,28.04809]]],[[[-13.82263,28.73797],[-13.81363,28.76543],[-13.83612,28.75251],[-13.82263,28.73797]]],[[[-13.60671,28.94153],[-13.58197,28.95284],[-13.55048,28.95769],[-13.49425,28.99323],[-13.48526,28.99162],[-13.46277,29.02393],[-13.46951,29.03363],[-13.44702,29.09179],[-13.46277,29.11602],[-13.44702,29.14672],[-13.42903,29.1548],[-13.42003,29.20165],[-13.46951,29.23881],[-13.4965,29.21781],[-13.52124,29.17095],[-13.52349,29.14187],[-13.53924,29.1241],[-13.56173,29.11764],[-13.58422,29.13379],[-13.60446,29.13541],[-13.63145,29.11764],[-13.65844,29.1241],[-13.66294,29.11279],[-13.71017,29.07886],[-13.7529,29.07886],[-13.81363,29.03363],[-13.83387,28.99],[-13.82937,28.93022],[-13.8811,28.88499],[-13.8766,28.85914],[-13.82937,28.86237],[-13.79339,28.85429],[-13.78664,28.83813],[-13.7529,28.87368],[-13.74166,28.89953],[-13.71017,28.91568],[-13.67418,28.92215],[-13.64494,28.91892],[-13.60671,28.94153]]],[[[-13.48976,29.2485],[-13.47176,29.26628],[-13.48301,29.2792],[-13.50775,29.29051],[-13.52349,29.26628],[-13.52574,29.24204],[-13.54598,29.23235],[-13.54373,29.21942],[-13.52124,29.21942],[-13.48976,29.2485]]],[[[-13.52349,29.41007],[-13.53024,29.38583],[-13.50775,29.38422],[-13.48976,29.4036],[-13.5055,29.41653],[-13.52349,29.41007]]]]}}]}