cod_bdns,titulo,nivel,cod_ccaa,organo,tipo_ayuda,incluir,sectores,nota
630830,"Convocatoria de subvenciones a medios de comunicación para la normalización social del asturiano y, en su ámbito, del gallego asturiano, en régimen de competencia concurrencia competitiva",autonomico,03,PRINCIPADO DE ASTURIAS / PRESIDENCIA DEL PRINCIPADO DE ASTURIAS,lengua,true,"60.3,63.9,60.2,60.1,58.1,63.1",Principado: medios de comunicación para la normalización social del asturiano (y gallego-asturiano)
682388,"Convocatoria de subvenciones a medios de comunicación para la normalización social del asturiano y, en su ámbito, del gallego asturiano, en régimen de competencia concurrencia competitiva",autonomico,03,PRINCIPADO DE ASTURIAS / PRESIDENCIA DEL PRINCIPADO DE ASTURIAS,lengua,true,"60.3,63.9,60.2,60.1,58.1,63.1",Principado: medios de comunicación para la normalización social del asturiano (y gallego-asturiano)
750361,SUBVENCIÓN A MEDIOS DE COMUNICACIÓN PARA LA NORMALIZACIÓN SOCIAL DEL ASTURIANO 2024,autonomico,03,"PRINCIPADO DE ASTURIAS / CONSEJERÍA DE CULTURA, POLÍTICA LINGÜÍSTICA Y TURISMO",lengua,true,"60.3,63.9,60.2,60.1,58.1,63.1",Principado: medios de comunicación para la normalización social del asturiano (y gallego-asturiano)
820557,SUBVENCIÓN A MEDIOS DE COMUNICACIÓN PARA LA NORMALIZACIÓN SOCIAL DEL ASTURIANO 2025,autonomico,03,"PRINCIPADO DE ASTURIAS / CONSEJERÍA DE CULTURA, POLÍTICA LINGÜÍSTICA Y TURISMO",lengua,true,"60.3,63.9,60.2,60.1,58.1,63.1",Principado: medios de comunicación para la normalización social del asturiano (y gallego-asturiano)
858898,"Subvención a Editorial de Prensa Asturiana, SAU, para la organización y celebración del Foro del Noroeste",autonomico,03,PRINCIPADO DE ASTURIAS / PRESIDENCIA DEL PRINCIPADO DE ASTURIAS,otras,true,"93.1,85.5",Subvención a Editorial Prensa Asturiana (La Nueva España) para el Foro del Noroeste
880727,Subvenciones a medios de comunicación para la normalización social del asturiano 2026,autonomico,03,"PRINCIPADO DE ASTURIAS / CONSEJERÍA DE CULTURA, POLÍTICA LINGÜÍSTICA Y TURISMO",lengua,true,"60.3,63.9,60.2,60.1,58.1,63.1",Principado: medios de comunicación para la normalización social del asturiano (y gallego-asturiano)
629931,Ayudas a medios de comunicación en catalán año 2022,autonomico,04,ILLES BALEARS / DIRECCIÓN GENERAL DE POLÍTICA INDUSTRIAL,lengua,true,58.1,"Govern / Institut d'Estudis Baleàrics: medios de comunicación en lengua catalana. Hay personas físicas y asociaciones (Obra Cultural Balear, Ona Mediterrània)"
686716,Convocatoria de ayudas destinadas a los medios de comunicación en lengua catalana en las Islas Baleares,autonomico,04,ILLES BALEARS / DIRECCIÓN GENERAL DE POLÍTICA INDUSTRIAL,lengua,true,"60,58.1","Govern / Institut d'Estudis Baleàrics: medios de comunicación en lengua catalana. Hay personas físicas y asociaciones (Obra Cultural Balear, Ona Mediterrània)"
745405,Resolución del presidente del Instituto de Estudios Baleáricos por la que se convocan ayudas destinadas a los medios de comunicación en lengua catalana en las Islas Baleares para el año 2024,autonomico,04,ILLES BALEARS / INSTITUTO DE ESTUDIOS BALEÁRICOS,lengua,true,"S,P","Govern / Institut d'Estudis Baleàrics: medios de comunicación en lengua catalana. Hay personas físicas y asociaciones (Obra Cultural Balear, Ona Mediterrània)"
816390,Resolución del presidente del Instituto de Estudios Baleáricos por la que se convocan ayudas destinadas a los medios de comunicación en lengua catalana en las Illes Balears para el año 2025,autonomico,04,ILLES BALEARS / INSTITUTO DE ESTUDIOS BALEÁRICOS,lengua,true,"S,P","Govern / Institut d'Estudis Baleàrics: medios de comunicación en lengua catalana. Hay personas físicas y asociaciones (Obra Cultural Balear, Ona Mediterrània)"
860397,Ayudas para incentivar la evolución tecnologica de la radiodifusión sonora digital terrestre de ambito local en las IB hacia la tecnología DAB+,autonomico,04,ILLES BALEARS / DIRECCIÓN GENERAL DE ESTRATEGIA DIGITAL Y DESARROLLO TECNOLÓGICO,digitalizacion_ia,true,60.1,DG de Estrategia: radio digital terrestre (DAB+) de ámbito local; hay personas físicas titulares de emisoras
887251,Resolución del presidente del Instituto de Estudios Baleáricos por la que se convocan ayudas destinadas a los medios de comunicación en lengua catalana en las Illes Balears para el año 2026,autonomico,04,ILLES BALEARS / INSTITUTO DE ESTUDIOS BALEÁRICOS,lengua,true,"S,P","Govern / Institut d'Estudis Baleàrics: medios de comunicación en lengua catalana. Hay personas físicas y asociaciones (Obra Cultural Balear, Ona Mediterrània)"
613190,"Subvenciones estructurales a emisoras de radio en catalán o en aranés, de titularidad privada, correspondiente al año 2022",autonomico,09,CATALUÑA / DEPARTAMENT DE LA PRESIDÈNCIA,estructural,true,"J,K",Generalitat: estructurales a emisoras de radio privadas en catalán o aranés
613191,"Subvenciones estructurales a emisoras de televisión en catalán o en aranés de titularidad privada, correspondiente al año 2022",autonomico,09,CATALUÑA / DEPARTAMENT DE LA PRESIDÈNCIA,estructural,true,"J,K",Generalitat: estructurales a emisoras de televisión privadas en catalán o aranés
613192,Subvenciones a entidades sin ánimo de lucro y organizaciones profesionales del sector de la comunicación para el desarrollo de iniciativas (fomento del periodismo y el fortalecimiento del espacio catalán de comunicación) 2022,autonomico,09,CATALUÑA / DEPARTAMENT DE LA PRESIDÈNCIA,proyectos,true,"J,K","Generalitat: entidades sin ánimo de lucro y organizaciones profesionales del sector de la comunicación (APPEC, AMIC y medios sin ánimo de lucro, también colegios profesionales); se incluye porque la mayor parte va a asociaciones de editores y a medios"
614486,Subvenciones estructurales para la edición de publicaciones periódicas en soporte de papel en catalán o en aranés.,autonomico,09,CATALUÑA / DEPARTAMENT DE LA PRESIDÈNCIA,estructural,true,"J,K","Generalitat, Presidència: estructurales a publicaciones periódicas en papel en catalán o aranés"
619351,"Subvenciones a proyectos que fomenten y consoliden el espacio catalán de comunicación para empresas periodísticas privadas editoras de prensa digital y en soporte papel, en catalán o en aranes 2022",autonomico,09,CATALUÑA / DEPARTAMENT DE LA PRESIDÈNCIA,proyectos,true,"J,K",Generalitat: proyectos del espacio catalán de comunicación para empresas periodísticas privadas
621196,"Subvenciones a proyectos para la transición tecnológica del espacio catalán de comunicación para empresas privadas titulares o arrendatarias de licencias para la prestación de servicios de RTV, en cat o en ara 2022",autonomico,09,CATALUÑA / DEPARTAMENT DE LA PRESIDÈNCIA,digitalizacion_ia,true,"J,K",Generalitat: transición tecnológica de prestadores privados de radio y TV
622555,Subvenciones estructurales para la edición de medios informativos digitales de titularidad privada en catalán o en aranés.,autonomico,09,CATALUÑA / DEPARTAMENT DE LA PRESIDÈNCIA,estructural,true,"J,K",Generalitat: estructurales a medios informativos digitales privados en catalán o aranés
686156,Subvenciones a entidades sin ánimo de lucro y organizaciones profesionales del sector de la comunicación para el desarrollo de iniciativas (fomento del periodismo y el fortalecimiento del espacio catalán de comunicación) 2023,autonomico,09,CATALUÑA / DEPARTAMENT DE LA PRESIDÈNCIA,proyectos,true,"J,K","Generalitat: entidades sin ánimo de lucro y organizaciones profesionales del sector de la comunicación (APPEC, AMIC y medios sin ánimo de lucro, también colegios profesionales); se incluye porque la mayor parte va a asociaciones de editores y a medios"
686157,"Subvenciones a proyectos para la transición tecnológica del espacio catalán de comunicación para empresas privadas titulares o arrendatarias de licencias para la prestación de servicios de RTV, en cat o en ara 2023",autonomico,09,CATALUÑA / DEPARTAMENT DE LA PRESIDÈNCIA,digitalizacion_ia,true,"J,K",Generalitat: transición tecnológica de prestadores privados de radio y TV
686170,"Subvenciones a proyectos que fomenten y consoliden el espacio catalán de comunicación para empresas periodísticas privadas editoras de prensa digital y en soporte papel, en catalán o en aranes 2023",autonomico,09,CATALUÑA / DEPARTAMENT DE LA PRESIDÈNCIA,proyectos,true,"J,K",Generalitat: proyectos del espacio catalán de comunicación para empresas periodísticas privadas
687671,"Subvenciones estructurales a emisoras de radio en catalán o en aranés, de titularidad privada, correspondiente al año 2023",autonomico,09,CATALUÑA / DEPARTAMENT DE LA PRESIDÈNCIA,estructural,true,"J,K",Generalitat: estructurales a emisoras de radio privadas en catalán o aranés
687672,"Subvenciones estructurales a emisoras de televisión en catalán o en aranés de titularidad privada, correspondiente al año 2023",autonomico,09,CATALUÑA / DEPARTAMENT DE LA PRESIDÈNCIA,estructural,true,"J,K",Generalitat: estructurales a emisoras de televisión privadas en catalán o aranés
689584,Subvenciones estructurales para la edición de publicaciones periódicas en soporte de papel en catalán o en aranés.,autonomico,09,CATALUÑA / DEPARTAMENT DE LA PRESIDÈNCIA,estructural,true,"J,K","Generalitat, Presidència: estructurales a publicaciones periódicas en papel en catalán o aranés"
689956,Subvenciones estructurales para la edición de medios informativos digitales de titularidad privada en catalán o en aranés.,autonomico,09,CATALUÑA / DEPARTAMENT DE LA PRESIDÈNCIA,estructural,true,"J,K",Generalitat: estructurales a medios informativos digitales privados en catalán o aranés
710636,Subvención nominativa en el ámbito de la lengua catalana - Edició de Premsa Periòdica Ara SL,autonomico,09,CATALUÑA / OFICINA DE SUPORT A LA INICIATIVA CULTURAL,lengua,true,91,Nominativa en el ámbito de la lengua catalana a Edició de Premsa Periòdica Ara SL
745463,"Subvenciones a proyectos que fomenten y consoliden el espacio catalán de comunicación para empresas periodísticas privadas editoras de prensa digital y en soporte papel, en catalán o en aranes 2024",autonomico,09,CATALUÑA / DEPARTAMENT DE LA PRESIDÈNCIA,proyectos,true,"J,K",Generalitat: proyectos del espacio catalán de comunicación para empresas periodísticas privadas
745464,Subvenciones a entidades sin ánimo de lucro y organizaciones profesionales del sector de la comunicación para el desarrollo de iniciativas (fomento del periodismo y el fortalecimiento del espacio catalán de comunicación) 2024,autonomico,09,CATALUÑA / DEPARTAMENT DE LA PRESIDÈNCIA,proyectos,true,"J,K","Generalitat: entidades sin ánimo de lucro y organizaciones profesionales del sector de la comunicación (APPEC, AMIC y medios sin ánimo de lucro, también colegios profesionales); se incluye porque la mayor parte va a asociaciones de editores y a medios"
745646,"Subvenciones a proyectos para la transición tecnológica del espacio catalán de comunicación para empresas privadas titulares o arrendatarias de licencias para la prestación de servicios de RTV, en cat o en ara 2024",autonomico,09,CATALUÑA / DEPARTAMENT DE LA PRESIDÈNCIA,digitalizacion_ia,true,"J,K",Generalitat: transición tecnológica de prestadores privados de radio y TV
747469,"Subvenciones estructurales para la edición de publicaciones periódicas en soporte de papel en catalán o en aranés, correspondiente al año 2024.",autonomico,09,CATALUÑA / DEPARTAMENT DE LA PRESIDÈNCIA,estructural,true,"J,K","Generalitat, Presidència: estructurales a publicaciones periódicas en papel en catalán o aranés"
747475,Subvenciones estructurales para la edición de medios informativos digitales de titularidad privada en catalán o en aranés.,autonomico,09,CATALUÑA / DEPARTAMENT DE LA PRESIDÈNCIA,estructural,true,"J,K",Generalitat: estructurales a medios informativos digitales privados en catalán o aranés
747950,"Subvenciones estructurales a emisoras de radio en catalán o en aranés, de titularidad privada, correspondiente al año 2024",autonomico,09,CATALUÑA / DEPARTAMENT DE LA PRESIDÈNCIA,estructural,true,"J,K",Generalitat: estructurales a emisoras de radio privadas en catalán o aranés
747961,"Subvenciones estructurales a emisoras de televisión en catalán o en aranés de titularidad privada, correspondiente al año 2024",autonomico,09,CATALUÑA / DEPARTAMENT DE LA PRESIDÈNCIA,estructural,true,"J,K",Generalitat: estructurales a emisoras de televisión privadas en catalán o aranés
759224,"RESOLUCIÓN CLT/ /2024, de convocatoria para la concesión de subvenciones, en régimende concurrencia competitiva, para la edición de publicaciones periódicas culturales en lenguacatalana y occitana.",autonomico,09,CATALUÑA / INSTITUT CATALÀ DE LES EMPRESES CULTURALS (ICEC),lengua,true,58.1,ICEC: edición de publicaciones periódicas culturales en catalán y occitano
788835,Subvención nominativa en el ámbito de la lengua catalana - Edició de Premsa Periòdica Ara SL,autonomico,09,CATALUÑA / OFICINA DE SUPORT A LA INICIATIVA CULTURAL,lengua,true,91,Nominativa en el ámbito de la lengua catalana a Edició de Premsa Periòdica Ara SL
819933,Subvenciones a entidades sin ánimo de lucro y organizaciones profesionales del sector de la comunicación para el desarrollo de iniciativas (fomento del periodismo y el fortalecimiento del espacio catalán de comunicación) 2025,autonomico,09,CATALUÑA / DEPARTAMENT DE LA PRESIDÈNCIA,proyectos,true,"J,K","Generalitat: entidades sin ánimo de lucro y organizaciones profesionales del sector de la comunicación (APPEC, AMIC y medios sin ánimo de lucro, también colegios profesionales); se incluye porque la mayor parte va a asociaciones de editores y a medios"
819934,"Subvenciones a proyectos para la transición tecnológica del espacio catalán de comunicación para empresas privadas titulares o arrendatarias de licencias para la prestación de servicios de RTV, en cat o en ara 2025",autonomico,09,CATALUÑA / DEPARTAMENT DE LA PRESIDÈNCIA,digitalizacion_ia,true,"J,K",Generalitat: transición tecnológica de prestadores privados de radio y TV
821148,"Subvenciones a proyectos que fomenten y consoliden el espacio catalán de comunicación para empresas periodísticas privadas editoras de prensa digital y en soporte papel, en catalán o en aranes 2025",autonomico,09,CATALUÑA / DEPARTAMENT DE LA PRESIDÈNCIA,proyectos,true,"J,K",Generalitat: proyectos del espacio catalán de comunicación para empresas periodísticas privadas
826500,Subvenciones estructurales para la edición de medios informativos digitales de titularidad privada en catalán o en aranés.,autonomico,09,CATALUÑA / DEPARTAMENT DE LA PRESIDÈNCIA,estructural,true,"J,K",Generalitat: estructurales a medios informativos digitales privados en catalán o aranés
826503,"Subvenciones estructurales para la edición de publicaciones periódicas en soporte de papel en catalán o en aranés, correspondiente al año 2025",autonomico,09,CATALUÑA / DEPARTAMENT DE LA PRESIDÈNCIA,estructural,true,"J,K","Generalitat, Presidència: estructurales a publicaciones periódicas en papel en catalán o aranés"
826510,"Subvenciones estructurales a emisoras de radio en catalán o en aranés, de titularidad privada, correspondiente al año 2025",autonomico,09,CATALUÑA / DEPARTAMENT DE LA PRESIDÈNCIA,estructural,true,"J,K",Generalitat: estructurales a emisoras de radio privadas en catalán o aranés
826513,"Subvenciones estructurales a emisoras de televisión en catalán o en aranés de titularidad privada, correspondiente al año 2025",autonomico,09,CATALUÑA / DEPARTAMENT DE LA PRESIDÈNCIA,estructural,true,"J,K",Generalitat: estructurales a emisoras de televisión privadas en catalán o aranés
842960,"Subvención nominativa en el ámbito de la lengua catalana - Edició de Premsa Periòdica Ara, SL",autonomico,09,CATALUÑA / OFICINA DE SUPORT A LA INICIATIVA CULTURAL,lengua,true,91,Nominativa en el ámbito de la lengua catalana a Edició de Premsa Periòdica Ara SL
894612,"Subvenciones a proyectos que fomenten y consoliden el espacio catalán de comunicación para empresas periodísticas privadas editoras de prensa digital y en soporte papel, en catalán o en aranes 2026",autonomico,09,CATALUÑA / DEPARTAMENT DE LA PRESIDÈNCIA,proyectos,true,"J,K",Generalitat: proyectos del espacio catalán de comunicación para empresas periodísticas privadas
897100,"Resolución de convocatoria para la concesión de subvenciones, en régimen de concurrencia competitiva, para la edición de publicaciones periódicas culturales en lengua catalana y occitana",autonomico,09,CATALUÑA / INSTITUT CATALÀ DE LES EMPRESES CULTURALS (ICEC),lengua,true,58.1,ICEC: edición de publicaciones periódicas culturales en catalán y occitano
904318,"Subvenciones estructurales para la edición de publicaciones periódicas en soporte de papel en catalán o en aranés, correspondiente al año 2026",autonomico,09,CATALUÑA / DEPARTAMENT DE LA PRESIDÈNCIA,estructural,true,"J,K","Generalitat, Presidència: estructurales a publicaciones periódicas en papel en catalán o aranés"
909709,Subvenciones estructurales para la edición de medios informativos digitales de titularidad privada en catalán o en aranés.,autonomico,09,CATALUÑA / DEPARTAMENT DE LA PRESIDÈNCIA,estructural,true,"J,K",Generalitat: estructurales a medios informativos digitales privados en catalán o aranés
910958,"Subvenciones estructurales a emisoras de televisión en catalán o en aranés de titularidad privada, correspondiente al año 2026",autonomico,09,CATALUÑA / DEPARTAMENT DE LA PRESIDÈNCIA,estructural,true,"J,K",Generalitat: estructurales a emisoras de televisión privadas en catalán o aranés
911385,"Subvenciones estructurales a emisoras de radio en catalán o en aranés, de titularidad privada, correspondiente al año 2026",autonomico,09,CATALUÑA / DEPARTAMENT DE LA PRESIDÈNCIA,estructural,true,"J,K",Generalitat: estructurales a emisoras de radio privadas en catalán o aranés
917689,"Subvención nominativa en el ámbito de la lengua catalana - Edició de Premsa Periòdica Ara, SL",autonomico,09,CATALUÑA / OFICINA DE SUPORT A LA INICIATIVA CULTURAL,lengua,true,91,Nominativa en el ámbito de la lengua catalana a Edició de Premsa Periòdica Ara SL
647059,"RESOLUCIÓN de 23 de agosto de 2022 de la consellera de Educación, Cultura y Deporte, por la que se convocan, para 2022, las subvenciones para el fomento del valenciano en el ámbito de los medios de comunicación y publicaciones privados y agencias de notic",autonomico,10,COMUNITAT VALENCIANA / SECRETARÍA AUTONÓMICA DE EDUCACIÓN,lengua,true,"J,K",Generalitat: fomento del valenciano en medios de comunicación y publicaciones privados
685482,"CONVENIO DE COLABORACIÓN ENTRE LA GENERALITAT, A TRAVÉS DE LA PRESIDENCIA, Y LA ASOCIACIÓN COMARCAL DE PRENSA VALENCIANA",autonomico,10,COMUNITAT VALENCIANA / SECRETARÍA AUTONÓMICA DE COMUNICACIÓN,otras,true,"18,74,80",Convenio con la Associació de Premsa Comarcal Valenciana (asociación de editores de prensa local)
700482,"Resolución de 18 de mayo de 2023 de la consellera de Educación, Cultura y Deporte, por la que se convocan, para 2023, las subvenciones para el fomento del valenciano en el ámbito de los medios de comunicación y publicaciones privados y agencias de noticia",autonomico,10,COMUNITAT VALENCIANA / SECRETARÍA AUTONÓMICA DE EDUCACIÓN,lengua,true,"J,K",Generalitat: fomento del valenciano en medios de comunicación y publicaciones privados
747621,"Resolución de 5 de marzo de 2024 de la conselleria de Educación, Universidades y Empleo, por la que se convocan las subvenciones para el fomento del valenciano en el ámbito de los medios de comunicación en las modalidades de prensa escrit",autonomico,10,COMUNITAT VALENCIANA / SECRETARÍA AUTONÓMICA DE EDUCACIÓN,lengua,true,"J,K",Generalitat: fomento del valenciano en medios de comunicación y publicaciones privados
775553,"Resolución de 17 de julio de 2024 de la Conselleria de Educación, Cultura, Universidades y Empleo, por la que se convocan, para 2024, las subvenciones para el fomento del valenciano en el ámbito de los medios de comunicación y publicaciones privados y age",autonomico,10,COMUNITAT VALENCIANA / SECRETARÍA AUTONÓMICA DE EDUCACIÓN,lengua,true,"J,K",Generalitat: fomento del valenciano en medios de comunicación y publicaciones privados
776106,"Convenio de colaboración entre la Generalitat, a través de la Presidencia, y la Associació de la Premsa Comarcal Valenciana, para la realización de actividades de interés común para la promoción y puesta en valor de la profesión periodística y del sector",autonomico,10,COMUNITAT VALENCIANA / SECRETARIA AUTONÓMICA DEL GABINETE DEL PRESIDENT Y COMUNICACIÓN,otras,true,"18,74,80",Convenio con la Associació de Premsa Comarcal Valenciana (asociación de editores de prensa local)
849581,"Convenio de colaboración entre la Generalitat, a través de la Presidencia, y la Associació de Mitjans Digitals de la Comunitat Valenciana, para la realización de actividades que fomentan la difusión e importancia de los medios de comunicación digitales, a",autonomico,10,COMUNITAT VALENCIANA / SECRETARIA AUTONÓMICA DEL GABINETE DEL PRESIDENT Y COMUNICACIÓN,otras,true,"18,74,80",Convenio con la Associació de Mitjans Digitals de la Comunitat Valenciana (asociación de medios)
849583,"Convenio de colaboración entre la Generalitat, a través de la Presidencia, y la Associació de la Premsa Comarcal Valenciana, para la realización de actividades que fomentan la difusión e importancia de los medios de proximidad, la visibilización de los me",autonomico,10,COMUNITAT VALENCIANA / SECRETARIA AUTONÓMICA DEL GABINETE DEL PRESIDENT Y COMUNICACIÓN,otras,true,"18,74,80",Convenio con la Associació de Premsa Comarcal Valenciana (asociación de editores de prensa local)
849628,"Convenio de colaboración entre la Generalitat, a través de la Presidencia, y la Asociación Espai Audiovisual de Proximitat, para la realización de actividades que dinamizan y refuerzan los medios de comunicación audiovisuales de proximidad",autonomico,10,COMUNITAT VALENCIANA / SECRETARIA AUTONÓMICA DEL GABINETE DEL PRESIDENT Y COMUNICACIÓN,otras,true,"18,74,80",Convenio con la Asociación Espai Audiovisual de Proximitat (televisiones de proximidad)
879718,"Resolución de 30 de diciembre de 2025, de la Vicepresidencia Segunda y Conselleria de Presidencia, por la que se convocan, para 2026, las subvenciones para el fomento del valenciano en el ámbito de los medios de comunicación y publicaciones privadas",autonomico,10,COMUNITAT VALENCIANA / SECRETARÍA AUTONÓMICA DE EDUCACIÓN,lengua,true,"J,K",Generalitat: fomento del valenciano en medios de comunicación y publicaciones privados
605265,"Resolución do 28 de decembro de 2021, da Secretaría Xeral de Medios, pola que se aproban as bases reguladoras para a concesión de axudas económicas, en réxime de concorrencia non competitiva, dirixidas a empresas que realicen publicacións periódicas escri",autonomico,12,GALICIA / PRESIDENCIA DE LA XUNTA DE GALICIA,lengua,true,58.1,"Xunta, Secretaría Xeral de Medios: empresas que realizan publicaciones periódicas escritas y digitales en gallego (bases de diciembre)"
614848,"RESOLUCIÓN do 7 de marzo de 2022, da Secretaría Xeral de Medios, pola que se aproban as bases reguladoras para a concesión de axudas económicas en réxime de concorrencia non competitiva destinadas a empresas xornalísticas e de radiodifusión, e se convoca",autonomico,12,GALICIA / PRESIDENCIA DE LA XUNTA DE GALICIA,estructural,true,58.1,"Xunta, Secretaría Xeral de Medios: empresas periodísticas y de radiodifusión (bases de marzo-abril)"
671154,"Resolución do 15 de decembro de 2022, da Secretaría Xeral de Medios, pola que se aproban as bases reguladoras para a concesión de axudas económicas, en réxime de concorrencia non competitiva, dirixidas a empresas que realicen publicacións periódicas escri",autonomico,12,GALICIA / PRESIDENCIA DE LA XUNTA DE GALICIA,lengua,true,58.1,"Xunta, Secretaría Xeral de Medios: empresas que realizan publicaciones periódicas escritas y digitales en gallego (bases de diciembre)"
684658,"RESOLUCIÓN do 27 de marzo de 2023, da Secretaría Xeral de Medios, pola que se aproban as bases reguladoras para a concesión de axudas económicas en réxime de concorrencia non competitiva destinadas a empresas xornalísticas e de radiodifusión, e se convoca",autonomico,12,GALICIA / PRESIDENCIA DE LA XUNTA DE GALICIA,estructural,true,58.1,"Xunta, Secretaría Xeral de Medios: empresas periodísticas y de radiodifusión (bases de marzo-abril)"
739182,"Resolución do 28 de decembro de 2023, da Secretaría Xeral de Medios, pola que se aproban as bases reguladoras para a concesión de axudas económicas, en réxime de concorrencia non competitiva, dirixidas a empresas que realicen publicacións periódicas escri",autonomico,12,GALICIA / PRESIDENCIA DE LA XUNTA DE GALICIA,lengua,true,58.1,"Xunta, Secretaría Xeral de Medios: empresas que realizan publicaciones periódicas escritas y digitales en gallego (bases de diciembre)"
755186,"Resolución do 8 de abril de 2024, da Secretaría Xeral de Medios, pola que se aproban as bases reguladoras para a concesión de axudas económicas, en réxime de concorrencia non competitiva, destinadas a empresas xornalísticas e de radiodifusión, e se convoc",autonomico,12,GALICIA / PRESIDENCIA DE LA XUNTA DE GALICIA,estructural,true,58.1,"Xunta, Secretaría Xeral de Medios: empresas periodísticas y de radiodifusión (bases de marzo-abril)"
806955,"Resolución de 20 de diciembre de 2024, de la Secretaría General de Medios, por la que se aprueban las bases reguladoras para la concesión de ayudas económicas, en régimen de concurrencia no competitiva, dirigidas a empresas que realicen publicaciones peri",autonomico,12,GALICIA / PRESIDENCIA DE LA XUNTA DE GALICIA,lengua,true,58.1,"Xunta, Secretaría Xeral de Medios: empresas que realizan publicaciones periódicas escritas y digitales en gallego (bases de diciembre)"
823717,"Resolución de 24 de marzo de 2025, de la Secretaría General de Medios, por la que se aprueban las bases reguladoras para la concesión de ayudas económicas, en régimen de concurrencia no competitiva, destinadas a empresas periodísticas y de radiodifusión,",autonomico,12,GALICIA / PRESIDENCIA DE LA XUNTA DE GALICIA,estructural,true,58.1,"Xunta, Secretaría Xeral de Medios: empresas periodísticas y de radiodifusión (bases de marzo-abril)"
880472,"Resolución de 19 de diciembre de 2025, de la Secretaría General de Medios, por la que se aprueban las bases reguladoras para la concesión de ayudas económicas, en régimen de concurrencia competitiva, dirigidas a empresas que realicen publicaciones periódi",autonomico,12,GALICIA / PRESIDENCIA DE LA XUNTA DE GALICIA,lengua,true,58.1,"Xunta, Secretaría Xeral de Medios: empresas que realizan publicaciones periódicas escritas y digitales en gallego (bases de diciembre)"
898130,"Resolución de 23 de marzo de 2026, de la Secretaría General de Medios, por la que se aprueban las bases reguladoras para la concesión de ayudas económicas, en régimen de concurrencia competitiva, destinadas a empresas periodísticas y de radiodifusión, y s",autonomico,12,GALICIA / PRESIDENCIA DE LA XUNTA DE GALICIA,estructural,true,58.1,"Xunta, Secretaría Xeral de Medios: empresas periodísticas y de radiodifusión (bases de marzo-abril)"
610631,"Convocatoria de ayudas a prensa escrita, radios y medios de comunicación on line 2022",autonomico,15,COMUNIDAD FORAL DE NAVARRA / EUSKARABIDEA / INSTITUTO NAVARRO DEL EUSKERA,lengua,true,"60.1,58.1,63","Euskarabidea: uso del euskera en prensa escrita, radios y medios online (2023 y 2024 sin concesiones en la BDNS)"
629297,Convocatoria plurianual de ayudas 2022 -2023 para la producción de contenidos audiovisuales por los titulares de licencias privadas de televisión digital terrestre (TDT) de Navarra,autonomico,15,COMUNIDAD FORAL DE NAVARRA / DEPARTAMENTO DE PRESIDENCIA E IGUALDAD,estructural,true,59,Gobierno de Navarra: producción de contenidos audiovisuales por titulares de licencias privadas de TDT
677118,"Convocatoria de ayudas a prensa escrita, radios y medios de comunicación on line 2023",autonomico,15,COMUNIDAD FORAL DE NAVARRA / EUSKARABIDEA / INSTITUTO NAVARRO DEL EUSKERA,lengua,true,"60.1,58.1,63","Euskarabidea: uso del euskera en prensa escrita, radios y medios online (2023 y 2024 sin concesiones en la BDNS)"
687152,Convocatoria plurianual de ayudas 2023 -2024 para la producción de contenidos audiovisuales por los titulares de licencias privadas de televisión digital terrestre (TDT) de Navarra,autonomico,15,COMUNIDAD FORAL DE NAVARRA / DEPARTAMENTO DE PRESIDENCIA E IGUALDAD,estructural,true,60.2,Gobierno de Navarra: producción de contenidos audiovisuales por titulares de licencias privadas de TDT
752975,Convocatoria plurianual de ayudas 2024 -2025 para la producción de contenidos audiovisuales por los titulares de licencias privadas de televisión digital terrestre (TDT) de Navarra,autonomico,15,COMUNIDAD FORAL DE NAVARRA / DEPARTAMENTO DE PRESIDENCIA E IGUALDAD,estructural,true,60.2,Gobierno de Navarra: producción de contenidos audiovisuales por titulares de licencias privadas de TDT
758044,"Ayudas para la promoción del uso del euskera en la prensa escrita, radios y medios de comunicación online, así como para proyectos de formación y consultoría relacionados con la innovación y la evolución de la cultura digital 2024",autonomico,15,COMUNIDAD FORAL DE NAVARRA / EUSKARABIDEA / INSTITUTO NAVARRO DEL EUSKERA,lengua,true,"60.1,58.1,63","Euskarabidea: uso del euskera en prensa escrita, radios y medios online (2023 y 2024 sin concesiones en la BDNS)"
831220,"Convocatoria de ayudas a prensa escrita, radios y medios de comunicación on-line",autonomico,15,COMUNIDAD FORAL DE NAVARRA / EUSKARABIDEA / INSTITUTO NAVARRO DEL EUSKERA,lengua,true,"60.1,58.1,63","Euskarabidea: uso del euskera en prensa escrita, radios y medios online (2023 y 2024 sin concesiones en la BDNS)"
837147,Convocatoria de ayudas a proyectos de innovación y digitalización de medios de comunicación en euskera.,autonomico,15,COMUNIDAD FORAL DE NAVARRA / EUSKARABIDEA / INSTITUTO NAVARRO DEL EUSKERA,digitalizacion_ia,true,62,Euskarabidea: innovación y digitalización de medios en euskera
837461,Convocatoria plurianual de ayudas 2025 -2026 para la producción de contenidos audiovisuales por los titulares de licencias privadas de TDT,autonomico,15,COMUNIDAD FORAL DE NAVARRA / DEPARTAMENTO DE PRESIDENCIA E IGUALDAD,estructural,true,60,Gobierno de Navarra: producción de contenidos audiovisuales por titulares de licencias privadas de TDT
895495,Convocatoria plurianual de ayudas 2026 -2027 para la producción de contenidos audiovisuales por los titulares de licencias privadas de TDT locales,autonomico,15,COMUNIDAD FORAL DE NAVARRA / DEPARTAMENTO DE PRESIDENCIA E IGUALDAD,estructural,true,59.1,Gobierno de Navarra: producción de contenidos audiovisuales por titulares de licencias privadas de TDT
896538,Ayudas para la promoción del uso del euskera en medios de comunicación durante el año 2026,autonomico,15,COMUNIDAD FORAL DE NAVARRA / EUSKARABIDEA / INSTITUTO NAVARRO DEL EUSKERA,lengua,true,"60.3,63.9,60.1,58.1","Euskarabidea: uso del euskera en prensa escrita, radios y medios online (2023 y 2024 sin concesiones en la BDNS)"
899043,Ayudas a proyectos de innovación y digitalización de medios de comunicación en euskera,autonomico,15,COMUNIDAD FORAL DE NAVARRA / EUSKARABIDEA / INSTITUTO NAVARRO DEL EUSKERA,digitalizacion_ia,true,"60.1,58.1,63",Euskarabidea: innovación y digitalización de medios en euskera
640880,Subvenciones producción y emisión de contenidos audiovisuales 2022,autonomico,17,"LA RIOJA / CONSEJERÍA DE HACIENDA, GOBERNANZA PÚBLICA, SOCIEDAD DIGITAL Y PORTAVOCÍA DEL GOBIERNO",estructural,true,60,Gobierno de La Rioja: producción y emisión de contenidos audiovisuales (Rioja Televisión y Promotores de Medios Riojanos)
677064,Subvenciones producción y emisión de contenidos audiovisuales 2023,autonomico,17,"LA RIOJA / CONSEJERÍA DE HACIENDA, GOBERNANZA PÚBLICA, SOCIEDAD DIGITAL Y PORTAVOCÍA DEL GOBIERNO",estructural,true,60,Gobierno de La Rioja: producción y emisión de contenidos audiovisuales (Rioja Televisión y Promotores de Medios Riojanos)
769260,Subvenciones producción y emisión de contenidos audiovisuales 2024,autonomico,17,"LA RIOJA / CONSEJERÍA DE HACIENDA, GOBERNANZA PÚBLICA, SOCIEDAD DIGITAL Y PORTAVOCÍA DEL GOBIERNO",estructural,true,60,Gobierno de La Rioja: producción y emisión de contenidos audiovisuales (Rioja Televisión y Promotores de Medios Riojanos)
826870,Subvenciones producción y emisión de contenidos audiovisuales 2025,autonomico,17,"LA RIOJA / CONSEJERÍA DE HACIENDA, GOBERNANZA PÚBLICA, SOCIEDAD DIGITAL Y PORTAVOCÍA DEL GOBIERNO",estructural,true,60,Gobierno de La Rioja: producción y emisión de contenidos audiovisuales (Rioja Televisión y Promotores de Medios Riojanos)
893550,Subvenciones producción y emisión de contenidos audiovisuales 2026,autonomico,17,"LA RIOJA / CONSEJERÍA DE HACIENDA, GOBERNANZA PÚBLICA, SOCIEDAD DIGITAL Y PORTAVOCÍA DEL GOBIERNO",estructural,true,60,Gobierno de La Rioja: producción y emisión de contenidos audiovisuales (Rioja Televisión y Promotores de Medios Riojanos)
660734,"Orden del Ministerio de Cultura y Deporte, por la que se convocan subvenciones en régimen de concurrencia competitiva para la edición de revistas culturales, correspondientes al año 2023.",estatal,00,"MINISTERIO DE CULTURA / DIRECCIÓN GENERAL DEL LIBRO, DEL CÓMIC Y DE LA LECTURA",proyectos,true,"S,P","Ministerio de Cultura, DG del Libro: edición de revistas culturales. Zona gris (revistas culturales, no medios informativos); se incluyen por ser publicaciones periódicas"
701403,"Orden del Ministerio de Cultura y Deporte por la que se convocan subvenciones en régimen de concurrencia competitiva para la edición de revistas culturales correspondientes a 2023, complementarias de las convocadas en fecha 22 de noviembre de 2022",estatal,00,"MINISTERIO DE CULTURA / DIRECCIÓN GENERAL DEL LIBRO, DEL CÓMIC Y DE LA LECTURA",proyectos,true,"S,P","Ministerio de Cultura, DG del Libro: edición de revistas culturales. Zona gris (revistas culturales, no medios informativos); se incluyen por ser publicaciones periódicas"
759624,"Resolución de la Secretaría de Estado de Cultura, por la que se convocan subvenciones en régimen de concurrencia competitiva para la edición de revistas culturales, correspondientes al año 2024",estatal,00,"MINISTERIO DE CULTURA / DIRECCIÓN GENERAL DEL LIBRO, DEL CÓMIC Y DE LA LECTURA",proyectos,true,"S,P","Ministerio de Cultura, DG del Libro: edición de revistas culturales. Zona gris (revistas culturales, no medios informativos); se incluyen por ser publicaciones periódicas"
797653,"SUBVENCIÓN DIRECTA A LA FEDERACIÓ D'INSTITUTS D'ESTUDIS COMARCALS DEL PAÍS VALENCIÀ (FEDINESPV) PARA EL FOMENTO DE LA LECTURA Y LA EDICIÓN DE REVISTAS CULTURALES, EN 2024",estatal,00,"MINISTERIO DE CULTURA / DIRECCIÓN GENERAL DEL LIBRO, DEL CÓMIC Y DE LA LECTURA",proyectos,true,91,Ministerio de Cultura: subvención directa a FEDINESPV para la edición de revistas comarcales valencianas
802999,"Orden TDF/1494/2024, de 23 de diciembre, por la que se establecen las bases reguladoras y se convoca la concesión de ayudas para la integración de inteligencia artificial en las cadenas de valor de medios de comunicación",estatal,00,MINISTERIO PARA LA TRANSFORMACIÓN DIGITAL Y DE LA FUNCIÓN PÚBLICA / SECRETARÍA DE ESTADO DE DIGITALIZACIÓN E INTELIGENCIA ARTIFICIAL,digitalizacion_ia,true,"J,K","Orden TDF/1494/2024 (Plan de Acción por la Democracia, MRR): IA en las cadenas de valor de medios. Incluye a Siena Educación (editorial educativa), que se cuenta igual por ser beneficiaria de la línea de medios"
825874,"Resolución de la Secretaría de Estado de Cultura, de 7 de abril de 2025, por la que se convocan subvenciones en régimen de concurrencia competitiva para la edición de revistas culturales, correspondientes al año 2025",estatal,00,"MINISTERIO DE CULTURA / DIRECCIÓN GENERAL DEL LIBRO, DEL CÓMIC Y DE LA LECTURA",proyectos,true,"S,P","Ministerio de Cultura, DG del Libro: edición de revistas culturales. Zona gris (revistas culturales, no medios informativos); se incluyen por ser publicaciones periódicas"
849825,Resolución de 29 de mayo de 2025 del Consejo Rector de la SETT por la que se convocan préstamos para financiar proyectos de transformación digital y difusión de contenidos para empresas del sector de los medios de comunicación.,estatal,00,MINISTERIO PARA LA TRANSFORMACIÓN DIGITAL Y DE LA FUNCIÓN PÚBLICA / ENTIDAD PÚBLICA EMPRESARIAL SOCIEDAD ESPAÑOLA PARA LA TRANSFORMACIÓN TECNOLÓGICA,digitalizacion_ia,true,"J,K",SETT: préstamos a medios para transformación digital y lenguas cooficiales; sin concesiones registradas a oct-2026. Préstamo: la cifra útil es ayuda_equivalente
898884,"Resolución de la Secretaría de Estado de Cultura, de 9 de abril de 2026, por la que se convocan subvenciones en régimen de concurrencia competitiva para la edición de revistas culturales, correspondientes al año 2026",estatal,00,"MINISTERIO DE CULTURA / DIRECCIÓN GENERAL DEL LIBRO, DEL CÓMIC Y DE LA LECTURA",proyectos,true,58,"Ministerio de Cultura, DG del Libro: edición de revistas culturales. Zona gris (revistas culturales, no medios informativos); se incluyen por ser publicaciones periódicas"
649094,"CONVENIO DE COLABORACIÓN CON LA SOCIEDAD ESPAÑOLA DE RADIODIFUSIÓN, S.L.U., CADENA SER",local,01,CÓRDOBA / AYUNTAMIENTO DE CÓRDOBA,otras,true,"T,H",Ayto. de Córdoba: convenios con la SER (Cadena SER) para proyectos y eventos
730638,"CONVENIO DE COLABORACIÓN CON LA SOCIEDAD ESPAÑOLA DE RADIODIFUSIÓN, S.L.U - CADENA SER",local,01,CÓRDOBA / AYUNTAMIENTO DE CÓRDOBA,otras,true,"T,H",Ayto. de Córdoba: convenios con la SER (Cadena SER) para proyectos y eventos
795903,"CONVENIO DE COLABORACIÓN CON LA SOCIEDAD ESPAÑOLA DE RADIODIFUSIÓN (CADENA SER) PARA EL DESARROLLO Y LA EJECUCIÓN DEL PROYECTO ""CONGRESO DEL BIENESTAR, SABIDURÍA Y CONOCIMIENTO"" .",local,01,CÓRDOBA / AYUNTAMIENTO DE CÓRDOBA,otras,true,"J,K",Ayto. de Córdoba: convenios con la SER (Cadena SER) para proyectos y eventos
819921,"CONVENIO DE COLABORACIÓN CON LA SOCIEDAD ESPAÑOLA DE RADIODIFUSIÓN, S.L.U. PROYECTO “CONGRESO DEL BIENESTAR, SABIDURÍA Y CONOCIMIENTO”, AÑO 2025.",local,01,CÓRDOBA / AYUNTAMIENTO DE CÓRDOBA,otras,true,"T,H",Ayto. de Córdoba: convenios con la SER (Cadena SER) para proyectos y eventos
655193,"Acuerdo del Consejo Ejecutivo, de 03.10.2022, relativo a la aprobación del convenio con la Asociación de Prensa Local de Menorca para el fomento del asociacionismo entre las revistas locales y la actividad de estos medios para el año 2022.",local,04,CONSEJO INSULAR DE MENORCA / CONSELL INSULAR DE MENORCA,otras,true,"94,J,K",Consell de Menorca: convenio con la Associació de Premsa Local de Menorca
675755,Subvención nominativa 2022 a la Associació Premsa Forana de Mallorca para el fomento de la lengua catalana en la parte foránea de nuestro territorio,local,04,"CONSEJO INSULAR DE MALLORCA / DEPARTAMENTO DE CULTURA, PATRIMONIO Y POLÍTICA LINGÜÍSTICA",lengua,true,"T,H",Consell de Mallorca: Associació Premsa Forana (fomento del catalán en la prensa local)
712156,"Acuerdo del Consejo Ejecutivo, de 08.05.2023, relativo a la aprobación del convenio con la Asociación de Prensa Local de Menorca para el fomento del asociacionismo entre las revistas locales y la actividad de estos medios para el año 2023.",local,04,CONSEJO INSULAR DE MENORCA / CONSELL INSULAR DE MENORCA,otras,true,"94,J,K",Consell de Menorca: convenio con la Associació de Premsa Local de Menorca
786343,"Subvención nominativa 2024 del Consejo de Mallorca a favor de la Associació de Mitjans d'Informació i Comunicació Illes Balears para la normalización lingüística, el fomento y la difusión de la lengua catalana a través de los medios de comunicación de la",local,04,CONSEJO INSULAR DE MALLORCA / CONSELL INSULAR DE MALLORCA,lengua,true,"T,H",Consell de Mallorca: Associació de Mitjans d'Informació i Comunicació (AMIC) Illes Balears
794072,Convocatoria de subvenciones para la publicación de presa escrita en formato papel y digital del ámbito de la parte foránea de Mallorca. año 2024,local,04,CONSEJO INSULAR DE MALLORCA / CONSELL INSULAR DE MALLORCA,estructural,true,"60,63",Consell de Mallorca: prensa escrita en papel y digital de la part forana
802127,"Acuerdo del Consejo Ejecutivo, de 18.11.2024, relativo a la aprobación del convenio con la Asociación de Prensa Local de Menorca para el fomento del asociacionismo entre las revistas locales y la actividad de estos medios para el año 2024.",local,04,CONSEJO INSULAR DE MENORCA / CONSELL INSULAR DE MENORCA,otras,true,"94,J,K",Consell de Menorca: convenio con la Associació de Premsa Local de Menorca
835621,"Convocatoria de subvenciones para la publicación de prensa escrita en formato papel y digital del ámbito de la parte foránea de Mallorca, año 2025.",local,04,CONSEJO INSULAR DE MALLORCA / CONSELL INSULAR DE MALLORCA,estructural,true,"60,63",Consell de Mallorca: prensa escrita en papel y digital de la part forana
853176,Conveni regulador de les bases de la subvenció nominativa 2025 del Consell de Mallorca a favor de l’Associació Premsa Forana de Mallorca (APFM) per al foment i la promoció de la cultura i la llengua catalana: digitalització i incorporació d’exemplars a la,local,04,CONSEJO INSULAR DE MALLORCA / CONSELL INSULAR DE MALLORCA,lengua,true,"T,H",Consell de Mallorca: Associació Premsa Forana (fomento del catalán en la prensa local)
882924,"Acuerdo del Consejo Ejecutivo, de 17 de noviembre de 2025, relativo a la aprobación del convenio con la Asociación de Prensa Local de Menorca para el fomento del asociacionismo entre las revistas locales y la actividad de estos medios para el año 2025",local,04,CONSEJO INSULAR DE MENORCA / CONSELL INSULAR DE MENORCA,otras,true,"J,K",Consell de Menorca: convenio con la Associació de Premsa Local de Menorca
596361,"GC Subvención directa a SOCIEDAD ESPAÑOLA DE RADIODIFUSIÓN, S.L., destinada a sufragar los gastos correspondientes y detallados en la resolución para el proyecto ""XIV Edición de Los Premios SER Canario""",local,05,CABILDO INSULAR DE GRAN CANARIA / CABILDO INSULAR DE GRAN CANARIA,otras,true,"T,H","Cabildo de Gran Canaria: SER, Premios SER Canario"
754626,ASOCIACION ESPAÑOLA DE EDITORIALES DE PUBLICACIONES PERIODICAS. XVII CONGRESO EDITORES CLABE EN PALENCIA,local,07,DIPUTACIÓN PROV. DE PALENCIA / DIPUTACIÓN PROVINCIAL DE PALENCIA,otras,true,"O,N,C","Diputación de Palencia: Asociación Española de Editoriales de Publicaciones Periódicas (AEEPP), congreso y jornada"
865024,SUBVENCIÓN DIRECTA A FAVOR DE LA ASOCIACIÓN ESPAÑOLA DE EDITORIALES DE PUBLICACIONES PERIODICAS PARA JORNADA DE PERIODISMO DE PROXIMIDAD,local,07,DIPUTACIÓN PROV. DE PALENCIA / DIPUTACIÓN PROVINCIAL DE PALENCIA,otras,true,"J,K","Diputación de Palencia: Asociación Española de Editoriales de Publicaciones Periódicas (AEEPP), congreso y jornada"
634466,Subvención nominativa ASSOCIACIÓ CULTURAL RECREATIVA DE SANT PERE I SANT PAU para las actividades radiofónicas de la emisora (15.000 €),local,09,TARRAGONA / AYUNTAMIENTO DE TARRAGONA,otras,true,"S,P",Ayto. de Tarragona: emisora Ràdio Sant Pere i Sant Pau
639425,Subvenció exclosa de concurrència al Diari de Girona per l`actuació Suport a la publicació del suplement setmanal de salut a Diari de Girona,local,09,DIPUTACIÓN PROV. DE GIRONA / SALUT PÚBLICA DE LA DIPUTACIÓ DE GIRONA (DIPSALUT),otras,true,86.9,Diputació de Girona (Salut Pública): suplemento de salud en el Diari de Girona
640180,Subvenciones para publicaciones periódicas de carácter local y comarcal 2021,local,09,DIPUTACIÓN PROV. DE TARRAGONA / DIPUTACIÓN PROVINCIAL DE TARRAGONA,estructural,true,58.1,Diputació de Tarragona: publicaciones periódicas locales y comarcales
660697,"Televisió de Girona, SL",local,09,DIPUTACIÓN PROV. DE GIRONA / DIPUTACIÓN PROVINCIAL DE GIRONA,otras,true,60.2,Diputació de Girona: Televisió de Girona
697774,Subvención nominativa a la Associació Cultural Recreativa de Sant Pere i Sant Pau para la compra de equipo informatico para la emisora local de radio,local,09,TARRAGONA / AYUNTAMIENTO DE TARRAGONA,otras,true,91,Ayto. de Tarragona: emisora Ràdio Sant Pere i Sant Pau
706580,Subvenciones para publicaciones periódicas locales y comarcales 2022,local,09,DIPUTACIÓN PROV. DE TARRAGONA / DIPUTACIÓN PROVINCIAL DE TARRAGONA,estructural,true,58.1,Diputació de Tarragona: publicaciones periódicas locales y comarcales
711787,SUBVENCIÓ NOMINATIVA A FAVOR DE TELEVISIÓ DEL RIPOLLÈS,local,09,CONSELL COMARCAL DE RIPOLLÈS / CONSELL COMARCAL DE RIPOLLÈS,otras,true,"T,H",Consell Comarcal del Ripollès: Televisió del Ripollès
712005,SUBVENCIÓN NOMINATIVA OTORGADA A TELEVISIÓ DEL RIPOLLÈS,local,09,CONSELL COMARCAL DE RIPOLLÈS / CONSELL COMARCAL DE RIPOLLÈS,otras,true,"T,H",Consell Comarcal del Ripollès: Televisió del Ripollès
712915,Convenio de colaboración entre el Ayuntamiento de Cambrils y la Asociación Cultural Revista Cambrils para el año 2022 y otorgar una subvención directa normativa por importe de 23.000 eruos,local,09,CAMBRILS / AYUNTAMIENTO DE CAMBRILS,otras,true,"J,K",Ayto. de Cambrils: Revista Cambrils
712923,Convenio de colaboración entre el Ayuntamiento de Cambrils y la Asociación Cultural Revista Cambrils para el año 2023 y otorgar una subvención directa normativa por importe de 23.000 eruos,local,09,CAMBRILS / AYUNTAMIENTO DE CAMBRILS,otras,true,"J,K",Ayto. de Cambrils: Revista Cambrils
721583,"Sociedad Española de Radiodifusion, SLU 2023/7130",local,09,DIPUTACIÓN PROV. DE GIRONA / DIPUTACIÓN PROVINCIAL DE GIRONA,otras,true,60.1,Diputació de Girona: Sociedad Española de Radiodifusión (SER)
738321,Convenio entre el Ayuntamiento de Cambrils y la Asociación Cultural Revista Cambrils,local,09,CAMBRILS / AYUNTAMIENTO DE CAMBRILS,otras,true,"S,P",Ayto. de Cambrils: Revista Cambrils
739160,SD Subvenció directa a Diari de Girona per publicació suplement setmanal de salut en el Diari,local,09,DIPUTACIÓN PROV. DE GIRONA / SALUT PÚBLICA DE LA DIPUTACIÓ DE GIRONA (DIPSALUT),otras,true,86.9,Diputació de Girona (Salut Pública): suplemento de salud en el Diari de Girona
744115,Subvenciones para publicaciones periódicas locales y comarcales editadas en 2023,local,09,DIPUTACIÓN PROV. DE TARRAGONA / DIPUTACIÓN PROVINCIAL DE TARRAGONA,estructural,true,58.1,Diputació de Tarragona: publicaciones periódicas locales y comarcales
756089,Federació Mitjans Comunicació Locals de Catalunya 2024/1186,local,09,DIPUTACIÓN PROV. DE GIRONA / DIPUTACIÓN PROVINCIAL DE GIRONA,otras,true,94,Diputació de Girona: Federació de Mitjans de Comunicació Locals de Catalunya
758607,Actualització Llibre Blanc de la Ràdio Local 2023-2024,local,09,DIPUTACIÓN PROV. DE LLEIDA / DIPUTACIÓN PROVINCIAL DE LLEIDA,otras,true,94.9,Diputació de Lleida: Llibre Blanc de la Ràdio Local (federación de radios locales)
778681,subvenció directa per interès públic per a la publicació del suplement de salut al Diari de Girona per a l`any 2024,local,09,DIPUTACIÓN PROV. DE GIRONA / SALUT PÚBLICA DE LA DIPUTACIÓ DE GIRONA (DIPSALUT),otras,true,86.9,Diputació de Girona (Salut Pública): suplemento de salud en el Diari de Girona
792595,SUBVENCIÓN ASSOCIACIÓ AMICS DE LA RADIO SELVAMAR 2024,local,09,MAÇANET DE LA SELVA / AYUNTAMIENTO DE MAÇANET DE LA SELVA,otras,true,"J,K",Ayto. de Maçanet de la Selva: Amics de la Ràdio Selvamar
839231,Subvenciones para publicaciones periódicas de carácter local y comarcal editadas en 2024,local,09,DIPUTACIÓN PROV. DE TARRAGONA / DIPUTACIÓN PROVINCIAL DE TARRAGONA,estructural,true,58.1,Diputació de Tarragona: publicaciones periódicas locales y comarcales
841576,SUBVENCIÓN NOMINATIVA OTORGADA A TELEVISIÓ DEL RIPOLLÈS,local,09,CONSELL COMARCAL DE RIPOLLÈS / CONSELL COMARCAL DE RIPOLLÈS,otras,true,"T,H",Consell Comarcal del Ripollès: Televisió del Ripollès
849334,CONVENIO DE COLABORACIÓN ENTRE EL AYUNTAMIENTO DE SENTMENAT Y RADIO SENTMENAT PARA PROMOVER Y DESARROLLAR EN EL TÉRMINO MUNICIPAL DE SENTMENAT ACTIVIDADES DE RADIODIFUSIÓN Y TELEVISIÓN.,local,09,SENTMENAT / AYUNTAMIENTO DE SENTMENAT,otras,true,"S,P",Ayto. de Sentmenat: Ràdio Sentmenat
849639,CONVENIO DE COLABORACIÓN ENTRE EL AYUNTAMIENTO DE SENTMENAT Y RADIO SENTMENAT PARA PROMOVER Y DESARROLLAR EN EL TÉRMINO MUNICIPAL DE SENTMENAT ACTIVIDADES DE RADIODIFUSIÓN Y TELEVISIÓN.,local,09,SENTMENAT / AYUNTAMIENTO DE SENTMENAT,otras,true,"S,P",Ayto. de Sentmenat: Ràdio Sentmenat
851133,SD 2025 Subvenció directa per interès públic per publicació del suplement de salut a Diari de Girona per a l`any 2025,local,09,DIPUTACIÓN PROV. DE GIRONA / SALUT PÚBLICA DE LA DIPUTACIÓ DE GIRONA (DIPSALUT),otras,true,86.9,Diputació de Girona (Salut Pública): suplemento de salud en el Diari de Girona
851542,CONVENIO DE COLABORACIÓN ENTRE EL AYUNTAMIENTO DE SENTMENAT Y RADIO SENTMENAT PARA PROMOVER Y DESARROLLAR EN EL TÉRMINO MUNICIPAL DE SENTMENAT ACTIVIDADES DE RADIODIFUSIÓN Y TELEVISIÓN.,local,09,SENTMENAT / AYUNTAMIENTO DE SENTMENAT,otras,true,"S,P",Ayto. de Sentmenat: Ràdio Sentmenat
884365,Convenio de colaboración entre el Ayuntamiento de Cambrils y la Asociación Cultural Revista Cambrils para el año 2024 y otorgar una subvención directa normativa por importe de 23.000 euros,local,09,CAMBRILS / AYUNTAMIENTO DE CAMBRILS,otras,true,"J,K",Ayto. de Cambrils: Revista Cambrils
884387,Convenio de colaboración entre el Ayuntamiento de Cambrils y la Asociación Cultural Revista Cambrils para el año 2025 y otorgar una subvención directa normativa por importe de 23.000 euros,local,09,CAMBRILS / AYUNTAMIENTO DE CAMBRILS,otras,true,"J,K",Ayto. de Cambrils: Revista Cambrils
931659,SD 2026 Subvenció directa per interès públic per publicació del suplement de salut a Diari de Girona per a l`any 2026,local,09,DIPUTACIÓN PROV. DE GIRONA / SALUT PÚBLICA DE LA DIPUTACIÓ DE GIRONA (DIPSALUT),otras,true,86.9,Diputació de Girona (Salut Pública): suplemento de salud en el Diari de Girona
637093,CONVOCATORIA SUBVENCIÓN A EDICIONES EL PAIS S.L. DESTINADA A  LA CELEBRACIÓN DEL EVENTO ENTREGA DE LOS PREMIOS ORTEGA Y GASSET,local,10,DIPUTACIÓN PROV. DE VALENCIA / DIPUTACIÓN PROVINCIAL DE VALENCIA,otras,true,"J,K","Diputación de Valencia: Ediciones El País, entrega de los Premios Ortega y Gasset"
651349,CONVOCATORIA SUBVENCIÓN A GALAXIA TELEVISIÓN S.L DESTINADA A LA REALIZACIÓN Y GRABACIÓN DE LARGOMETRAJE DOCUMENTAL,local,10,DIPUTACIÓN PROV. DE VALENCIA / DIPUTACIÓN PROVINCIAL DE VALENCIA,otras,true,"J,K",Diputación de Valencia: Galaxia Televisión (documental)
657490,"Convocatoria Subvención a Diario de Prensa Digital, SL por celebración Festival X aniversario de elDiario.es",local,10,DIPUTACIÓN PROV. DE VALENCIA / DIPUTACIÓN PROVINCIAL DE VALENCIA,otras,true,"J,K","Diputación de Valencia: Diario de Prensa Digital (elDiario.es), festival X aniversario"
813776,"2023 APORTACION RADIO IBI, EMISORA F.M.",local,10,IBI / AYUNTAMIENTO DE IBI,otras,true,60.1,"Ayto. de Ibi: Radio Ibi, emisora FM privada"
820915,"APORTACION RADIO IBI, EMISORA F.M",local,10,IBI / AYUNTAMIENTO DE IBI,otras,true,60.1,"Ayto. de Ibi: Radio Ibi, emisora FM privada"
613435,Convocatoria pública de subvenciones para la promoción y desarrollo de los soportes de prensa escrita de ámbito distrital o inferior (medios hiperlocales) para la anualidad 2022,local,13,"MADRID / ÁREA DELEGADA DE COORDINACIÓN TERRITORIAL, TRANSPARENCIA Y PARTICIPACIÓN CIUDADANA",estructural,true,"T,H",Ayto. de Madrid: soportes de prensa escrita de ámbito distrital o de barrio
678718,CONVOCATORIA PÚBLICA DE SUBVENCIONES PARA LA PROMOCIÓN Y DESARROLLO DE LOS SOPORTES DE PRENSA ESCRITA DE ÁMBITO DISTRITAL O INFERIOR (MEDIOS HIPERLOCALES) PARA LA ANUALIDAD 2023,local,13,"MADRID / ÁREA DELEGADA DE COORDINACIÓN TERRITORIAL, TRANSPARENCIA Y PARTICIPACIÓN CIUDADANA",estructural,true,"T,H",Ayto. de Madrid: soportes de prensa escrita de ámbito distrital o de barrio
759052,CONVOCATORIA PÚBLICA DE SUBVENCIONES PARA LA PROMOCIÓN Y DESARROLLO DE LOS SOPORTES DE PRENSA ESCRITA DE ÁMBITO DISTRITAL O INFERIOR (MEDIOS HIPERLOCALES) PARA LA ANUALIDAD 2024,local,13,"MADRID / ÁREA DE GOBIERNO DE PORTAVOZ, SEGURIDAD Y EMERGENCIAS",estructural,true,"T,H",Ayto. de Madrid: soportes de prensa escrita de ámbito distrital o de barrio
828931,CONVOCATORIA PÚBLICA DE SUBVENCIONES PARA LA PROMOCIÓN Y DESARROLLO DE LOS SOPORTES DE PRENSA ESCRITA DE ÁMBITO DISTRITAL O INFERIOR (MEDIOS HIPERLOCALES) PARA LA ANUALIDAD 2025.,local,13,"MADRID / ÁREA DE GOBIERNO DE VICEALCALDÍA, PORTAVOZ, SEGURIDAD Y EMERGENCIAS",estructural,true,"T,H",Ayto. de Madrid: soportes de prensa escrita de ámbito distrital o de barrio
928280,SUBVENCIÓN NOMINATIVA A LA ASOCIACIÓN  DE EDITORES DE REVISTAS CULTURALES DE ESPAÑA (ARCE) 2026,local,13,"MADRID / ÁREA DE GOBIERNO DE CULTURA, TURISMO Y DEPORTE",otras,true,91,Ayto. de Madrid: Asociación de Editores de Revistas Culturales de España (ARCE)
886068,CONVOCATORIA SUBVENCIÓN PARA LOS MEDIOS DE COMUNICACIÓN EN EUSKERA DE SAKANA,local,15,MANCOMUNIDAD DE SAKANA / MANCOMUNIDAD DE SAKANA,lengua,true,"J,K",Mancomunidad de Sakana: medios de comunicación en euskera
601992,SUBVENCIÓN PARA LA CONCESIÓN DE UNA AYUDA A LAS PERSONAS FÍSICAS Y JURÍDICAS QUE SE ENCARGARÁN DE LA PUBLICACIÓN DE UNA REVISTA EN EUSKERA,local,16,IRUN / AYUNTAMIENTO DE IRUN,lengua,true,"S,Q",Ayto. de Irun: revista en euskera
615433,Subvención nominativa a la Asociación  Hiruka,local,16,GETXO / AYUNTAMIENTO DE GETXO,lengua,true,"T,H",Ayto. de Getxo: Hiruka aldizkaria
626728,Subvención directa a Oiartzualdeko Hedabideak SL (HITZA) 2022,local,16,ERRENTERIA / AYUNTAMIENTO DE ERRENTERIA,lengua,true,"J,K",Ayto. de Errenteria: Oiartzualdeko Hedabideak (Hitza)
629033,Fomento medios de comunicación en euskera,local,16,BEASAIN / AYUNTAMIENTO DE BEASAIN,lengua,true,"91,90",Ayto. de Beasain: Goierriko Hedabideak y Goiherriko Ikuskari (medios en euskera)
631020,"Firma del convenio de colaboración con Lea-Artibaialdeko Hedabideak, SL, para otorgar la subvención nominativa prevista en el Presupuesto municipal del año 2022.",local,16,BERMEO / AYUNTAMIENTO DE BERMEO,lengua,true,"T,H",Ayto. de Bermeo: Lea-Artibaialdeko Hedabideak
637192,Subvención nominativa a Goiena Komunikazio Taldea para financiar las actividades de GOIENA prensa y televisión,local,16,ARRASATE/MONDRAGÓN / AYUNTAMIENTO DE ARRASATE/MONDRAGÓN,lengua,true,"J,K","Ayto. de Arrasate: Goiena Komunikazio Taldea (prensa, TV y radio en euskera)"
637201,Subvención nominativa a Goiena Komunikazio Taldea para financiar las actividades de GOIENA radio,local,16,ARRASATE/MONDRAGÓN / AYUNTAMIENTO DE ARRASATE/MONDRAGÓN,lengua,true,"J,K","Ayto. de Arrasate: Goiena Komunikazio Taldea (prensa, TV y radio en euskera)"
637583,FOMENTO MEDIOS DE COMUNICACION EN EUSKERA,local,16,BEASAIN / AYUNTAMIENTO DE BEASAIN,lengua,true,"60,63",Ayto. de Beasain: Goierriko Hedabideak y Goiherriko Ikuskari (medios en euskera)
654449,subvención nominativa y el convenio: Oiartzualdeako Hedabideak SL (2022WIZE0003,local,16,PASAIA / AYUNTAMIENTO DE PASAIA,lengua,true,"T,H",Ayto. de Pasaia: Oiartzualdeko Hedabideak
670461,SUBVENCION NOMINATIVA. PROMOCION DE MEDIOS DE COMUNICACION EN EUSKERA,local,16,AMOREBIETA-ETXANO / AYUNTAMIENTO DE AMOREBIETA-ETXANO,lengua,true,"J,K",Ayto. de Amorebieta-Etxano: medios de comunicación en euskera
670463,SUBVENCION NOMINATIVA. PARA COMUNICACIONES DE ACTIVIDADES DEL MUNICIPIO DE AMOREBIETA-ETXANO,local,16,AMOREBIETA-ETXANO / AYUNTAMIENTO DE AMOREBIETA-ETXANO,lengua,true,"J,K",Ayto. de Amorebieta-Etxano: medios de comunicación en euskera
678801,Subvención para la concesión de una ayuda a las personas jurídicas que se encargarán de la publicación de una revista en euskera en 2023,local,16,IRUN / AYUNTAMIENTO DE IRUN,lengua,true,"S,Q",Ayto. de Irun: revista en euskera
678901,DECRETO FORAL de la D.F.B. de bases reguladoras y convocatoria de subvenciones destinadas a la edición de publicaciones periódicas en euskera durante el ejercicio de 2023.,local,16,DIPUTACIÓN FORAL DE BIZKAIA / DIPUTACIÓN FORAL DE BIZKAIA,lengua,true,"91,90,58",Diputación Foral de Bizkaia: publicaciones periódicas / proyectos comunicativos locales en euskera
681536,"Resolución 2023001036, de fecha 10 de marzo, de la Alcaldía del Ayuntamiento de Leioa, por la que se aprueba la concesión nominativa a la asociación Hiruka Kooperatiba para impulsar el euskera en los medios de comunicación escritos.",local,16,LEIOA / AYUNTAMIENTO DE LEIOA,lengua,true,58.1,Ayto. de Leioa: medios escritos locales en euskera (Hiruka)
695213,Subvención directa a Oiartzualdeko Hedabideak (HITZA) 2023,local,16,ERRENTERIA / AYUNTAMIENTO DE ERRENTERIA,lengua,true,"J,K",Ayto. de Errenteria: Oiartzualdeko Hedabideak (Hitza)
697031,CONVOCATORIA SUBVENCION PARA EMITIR Y DIVULGAR PROGRAMAS RADIOFONICOS EN 2023,local,16,GALDAKAO / AYUNTAMIENTO DE GALDAKAO,lengua,true,91,Ayto. de Galdakao: programas radiofónicos (Mozoilo Irratia)
709449,Aprobar la subvención nominativa y el convenio: Oiartzualdeako Hedabideak SL (2023WIZE0001).,local,16,PASAIA / AYUNTAMIENTO DE PASAIA,lengua,true,"T,H",Ayto. de Pasaia: Oiartzualdeko Hedabideak
727060,"Firma del convenio de colaboración con Lea-Artibaialdeko Hedabideak, SL, para otorgar la subvención nominativa prevista en el Presupuesto municipal del año 2023",local,16,BERMEO / AYUNTAMIENTO DE BERMEO,lengua,true,"T,H",Ayto. de Bermeo: Lea-Artibaialdeko Hedabideak
734747,DECRETO FORAL de la DFB de bases reguladoras y convocatoria de subvenciones destinadas a la edición de publicaciones periódicas en euskera durante el ejercicio de 2024.,local,16,DIPUTACIÓN FORAL DE BIZKAIA / DIPUTACIÓN FORAL DE BIZKAIA,lengua,true,"91,90,58",Diputación Foral de Bizkaia: publicaciones periódicas / proyectos comunicativos locales en euskera
738130,CONVENIO ENTRE EL AYUNTAMIENTO DE BEASAIN Y GOIERRIKO HEDABIDEAK E.M. PARA LA PERCEPCIÓN DE SUBVENCIÓN NOMINATIVA,local,16,BEASAIN / AYUNTAMIENTO DE BEASAIN,lengua,true,"60,63",Ayto. de Beasain: Goierriko Hedabideak y Goiherriko Ikuskari (medios en euskera)
738140,"CONVENIO ENTRE EL AYUNTAMIENTO DE BEASAIN Y GOIHERRIKO IKUSKARI, S.L. PARA LA PERCEPCIÓN DE UNA SUBVENCIÓN NOMINATIVA",local,16,BEASAIN / AYUNTAMIENTO DE BEASAIN,lengua,true,60,Ayto. de Beasain: Goierriko Hedabideak y Goiherriko Ikuskari (medios en euskera)
741039,SUBVENCIÓN NOMINATIVA A HIRUKA ALDIZKARIA,local,16,GETXO / AYUNTAMIENTO DE GETXO,lengua,true,"T,H",Ayto. de Getxo: Hiruka aldizkaria
746290,Subvención para la concesión de una ayuda a las personas jurídicas que se encargarán de la publicación de una revista en euskera en 2024.,local,16,IRUN / AYUNTAMIENTO DE IRUN,lengua,true,"S,Q",Ayto. de Irun: revista en euskera
747163,SUBVENCIONES A MEDIOS DE COMUNICACIÓN ESCRITOS LOCALES Y/O COMARCALES  EN EUSKERA PARA EL EJERCICIO 2024,local,16,LEIOA / AYUNTAMIENTO DE LEIOA,lengua,true,58.1,Ayto. de Leioa: medios escritos locales en euskera (Hiruka)
753690,SUBVENCIÓN NOMINATIVA A HIRUKA ALDIZKARIA,local,16,GETXO / AYUNTAMIENTO DE GETXO,lengua,true,"T,H",Ayto. de Getxo: Hiruka aldizkaria
767600,Aprobar la subvención nominativa y el convenio: Oiartzualdeko Hedabideak SL (2024WIZE0001).,local,16,PASAIA / AYUNTAMIENTO DE PASAIA,lengua,true,"T,H",Ayto. de Pasaia: Oiartzualdeko Hedabideak
770635,"CONVENIO ENTRE EL AYUNTAMIENTO DE BEASAIN Y GOIHERRIKO IKUSKARI, S.L. PARA LA PERCEPCIÓN DE SUBVENCIÓN NOMINATIVA",local,16,BEASAIN / AYUNTAMIENTO DE BEASAIN,lengua,true,60,Ayto. de Beasain: Goierriko Hedabideak y Goiherriko Ikuskari (medios en euskera)
770654,"CONVENIO ENTRE EL AYUNTAMIENTO DE BEASAIN Y GOIERRIKO HEDABIDEAK, S.A. PARA LA PERCEPCIÓN DE SUBVENCIÓN NOMINATIVA",local,16,BEASAIN / AYUNTAMIENTO DE BEASAIN,lengua,true,58,Ayto. de Beasain: Goierriko Hedabideak y Goiherriko Ikuskari (medios en euskera)
773866,Convocatoria de subvenciones de 2024 para la promoción del euskera en los medios de comunicación,local,16,IDIAZABAL / AYUNTAMIENTO DE IDIAZABAL,lengua,true,"T,H",Ayto. de Idiazabal: euskera en los medios de comunicación
776355,CONVOCATORIA SUBVENCION 2024 PARA DIVULGAR PROGRAMAS RADIOFONICOS,local,16,GALDAKAO / AYUNTAMIENTO DE GALDAKAO,lengua,true,91,Ayto. de Galdakao: programas radiofónicos (Mozoilo Irratia)
778769,CONVENIO 2024 ENTRE EL AYUNTAMIENTO DE ARRASATE Y GOIENA KOMUNIKAZIO TALDEA PARA FINANCIAR LA RADIO,local,16,ARRASATE/MONDRAGÓN / AYUNTAMIENTO DE ARRASATE/MONDRAGÓN,lengua,true,"60,63","Ayto. de Arrasate: Goiena Komunikazio Taldea (prensa, TV y radio en euskera)"
783491,"Convenio de colaboración con Lea-Artibaialdeko Hedabideak, SL, para otorgar la subvención nominativa prevista en el Presupuesto municipal del año 2024",local,16,BERMEO / AYUNTAMIENTO DE BERMEO,lengua,true,"S,P",Ayto. de Bermeo: Lea-Artibaialdeko Hedabideak
785136,Subvención directa nominativa a Oiartzualdeko Hedabideak - 2024,local,16,ERRENTERIA / AYUNTAMIENTO DE ERRENTERIA,lengua,true,"J,K",Ayto. de Errenteria: Oiartzualdeko Hedabideak (Hitza)
786911,"Convenio con AMEBA KULTUR ELKARTEA, el único medio de comunicación en euskara que se publica en la comarca: GEURIA.",local,16,ETXEBARRI / AYUNTAMIENTO DE ETXEBARRI,lengua,true,"S,J,P,K",Ayto. de Etxebarri: Ameba Kultur Elkartea (Geuria)
802136,Subvención para la concesión de una ayuda a las personas jurídicas que se encargarán de la publicación de una revista en euskera en 2025,local,16,IRUN / AYUNTAMIENTO DE IRUN,lengua,true,"J,K",Ayto. de Irun: revista en euskera
807007,"Subvención directa, de carácter nominativo, a HIRUKA KOOPERATIBA ELKARTEA, para desarrollar acciones relacionadas con su objeto social.",local,16,SOPELA / AYUNTAMIENTO DE SOPELA,lengua,true,"74.3,18,13",Ayto. de Sopela: Hiruka Kooperatiba
831127,SUBVENCIONES A MEDIOS DE COMUNICACIÓN ESCRITOS LOCALES Y/O COMARCALES  EN EUSKERA PARA EL EJERCICIO 2025,local,16,LEIOA / AYUNTAMIENTO DE LEIOA,lengua,true,58.1,Ayto. de Leioa: medios escritos locales en euskera (Hiruka)
839272,Aprobación de la subvención nominativa y convenio: Oiartzualdeako Hedabideak S.L.  (2025WIZE0002),local,16,PASAIA / AYUNTAMIENTO DE PASAIA,lengua,true,"T,H",Ayto. de Pasaia: Oiartzualdeko Hedabideak
840109,"Convenio de colaboración con Lea-Artibaialdeko Hedabideak, SL, para otorgar la subvención nominativa prevista en el Presupuesto municipal del año 2025",local,16,BERMEO / AYUNTAMIENTO DE BERMEO,lengua,true,"J,K",Ayto. de Bermeo: Lea-Artibaialdeko Hedabideak
840672,CONVENIO ENTRE EL AYUNTAMIENTO DE BEASAIN Y GOIHERRIKO IKUSKARI S.L. PARA LA INFORMACIÓN EN EUSKERA DE EVENTOS CERCANOS A TRAVÉS DE PROGRAMAS AUDIOVISUALES EN LA COMARCA GOIERRI,local,16,BEASAIN / AYUNTAMIENTO DE BEASAIN,lengua,true,"60,63",Ayto. de Beasain: Goierriko Hedabideak y Goiherriko Ikuskari (medios en euskera)
847982,SUBVENCION 2025 PARA DIVULGAR PROGRAMAS RADIOFONICOS,local,16,GALDAKAO / AYUNTAMIENTO DE GALDAKAO,lengua,true,91,Ayto. de Galdakao: programas radiofónicos (Mozoilo Irratia)
856088,"DECRETO FORAL 85/2025 de 11 de septiembre de la DFB:bases reguladoras y convocatoria de subvenciones para la consolidación, desarrollo y normalización de proyectos comunicativos locales, comarcales y territoriales en euskera,2025 (CONVOCATORIA HEDABIDEAK)",local,16,DIPUTACIÓN FORAL DE BIZKAIA / DIPUTACIÓN FORAL DE BIZKAIA,lengua,true,"60,58,63",Diputación Foral de Bizkaia: publicaciones periódicas / proyectos comunicativos locales en euskera
857463,"Subvención directa, de carácter nominativo, a HIRUKA KOOPERATIBA ELKARTEA, para desarrollar acciones relacionadas con su objeto social.2025",local,16,SOPELA / AYUNTAMIENTO DE SOPELA,lengua,true,"74.3,18,13",Ayto. de Sopela: Hiruka Kooperatiba
857492,SUBVENCIÓN NOMINATIVA OIARTZUALDEKO HEDABIDEAK S.L. 2025,local,16,HONDARRIBIA / AYUNTAMIENTO DE HONDARRIBIA,lengua,true,"60,63",Ayto. de Hondarribia: Oiartzualdeko Hedabideak
861691,"Resolución del Concejal Delegado de Cultura, Euskara y Turismo, de fecha 23 de abril de 2025, de concesión de subvención nominativa a Donostiako Hedabideak (art.22.2 a) LGS)",local,16,DONOSTIA/SAN SEBASTIÁN / AYUNTAMIENTO DE DONOSTIA/SAN SEBASTIÁN,lengua,true,"J,K",Ayto. de Donostia: Donostiako Hedabideak
874771,"DECRETO FORAL 126/2025 de 11 de diciembre de la DFB. Bases reguladoras y convocatoria de subvenciones para la consolidación, desarrollo y normalización de proyectos comunicativos locales, comarcales y territoriales en euskera, 2026 - HEDABIDEAK",local,16,DIPUTACIÓN FORAL DE BIZKAIA / DIPUTACIÓN FORAL DE BIZKAIA,lengua,true,"60,58,63",Diputación Foral de Bizkaia: publicaciones periódicas / proyectos comunicativos locales en euskera
877223,"Convenio entre el Ayuntamiento de Beasain y Goierriko Hedabideak, S.L. para la difusión en euskera de la información de eventos de proximidad en la comarca del Goierri",local,16,BEASAIN / AYUNTAMIENTO DE BEASAIN,lengua,true,"60,63",Ayto. de Beasain: Goierriko Hedabideak y Goiherriko Ikuskari (medios en euskera)
877581,CONVENIO PARA LA PROMOCIÓN Y FINANCIACIÓN DE LOS MEDIOS DE COMUNICACIÓN LOCALES EN EUSKERA ENTRE EL AYUNTAMIENTO DE ORDUÑA Y LA SOCIEDAD COOPERATIVA AIARALDEA.,local,16,URDUÑA/ORDUÑA / AYUNTAMIENTO DE URDUÑA/ORDUÑA,lengua,true,"93.1,85.5",Ayto. de Orduña: medios locales en euskera (Aiaraldea)
880020,Subvención para la concesión de una ayuda a las personas jurídicas que se encargarán de la publicación de una revista en euskera en 2026,local,16,IRUN / AYUNTAMIENTO DE IRUN,lengua,true,"J,K",Ayto. de Irun: revista en euskera
905768,SUBVENCIÓN A MEDIOS DE COMUNICACIÓN ESCRITOS LOCALES Y/O COMARCALES EN EUSKERA PRA EL EJERCICIO 2026,local,16,LEIOA / AYUNTAMIENTO DE LEIOA,lengua,true,58.1,Ayto. de Leioa: medios escritos locales en euskera (Hiruka)
909191,"CONVENIO ENTRE EL AYUNTAMIENTO DE ZUMARRAGA Y GOIERRIKO HEDABIDEAK S.M. PARA EL APOYO ECONÓMICO A LOS PROYECTOS GOIERRIKO HITZA, REVISTA GOIBERRI Y WWW.OTAMOTZ.EUS",local,16,ZUMARRAGA / AYUNTAMIENTO DE ZUMARRAGA,lengua,true,"J,K",Ayto. de Zumarraga: Goierriko Hedabideak
911476,"CONVENIO ENTRE EL AYUNTAMIENTO DE BEASAIN Y GOIHERRIKO IKUSKARI, S.L. PARA LA DIFUSIÓN EN EUSKERA DE LA INFORMACIÓN AUDIOVISUAL DE LA ACTUALIDAD DE PROXIMIDAD EN LA COMARCA DEL GOIERRI.",local,16,BEASAIN / AYUNTAMIENTO DE BEASAIN,lengua,true,60,Ayto. de Beasain: Goierriko Hedabideak y Goiherriko Ikuskari (medios en euskera)
916614,Subvención nominativa a OIARTZUALDEKO HEDABIDEAK SL 2026,local,16,HONDARRIBIA / AYUNTAMIENTO DE HONDARRIBIA,lengua,true,Q,Ayto. de Hondarribia: Oiartzualdeko Hedabideak
918993,Aprobación de la subvención nominativa y el correspondiente convenio: OIARTZUALDEAKO HEDABIDEAK SL (2026WIZE0011),local,16,PASAIA / AYUNTAMIENTO DE PASAIA,lengua,true,T,Ayto. de Pasaia: Oiartzualdeko Hedabideak
932977,"Subvención directa, de carácter nominativo, HIRUKA KOOPERATIBA ELKARTEA",local,16,SOPELA / AYUNTAMIENTO DE SOPELA,lengua,true,J,Ayto. de Sopela: Hiruka Kooperatiba
633057,"Subvención Excepcional 2022, EMA - Asociación Emisoras Municipales y Comunitarias de Radio y Televisión",autonomico,01,"ANDALUCÍA / CONSEJERÍA DE LA PRESIDENCIA, INTERIOR, DIÁLOGO SOCIAL Y SIMPLIFICACIÓN ADMINISTRATIVA",otras,false,60,EMA-RTV (asociación de emisoras municipales): mayoritariamente medios públicos municipales
714773,"Subvención Nominativa 2023, Asociación de emisoras municipales y comunitarias de Andalucía, de Radio y Televisión (EMA-RTV)",autonomico,01,"ANDALUCÍA / CONSEJERÍA DE LA PRESIDENCIA, INTERIOR, DIÁLOGO SOCIAL Y SIMPLIFICACIÓN ADMINISTRATIVA",otras,false,60,EMA-RTV (asociación de emisoras municipales): mayoritariamente medios públicos municipales
714775,"Subvención Nominativa 2023, Asociación de emisoras municipales y comunitarias de Andalucía, de Radio y Televisión (EMA-RTV)",autonomico,01,"ANDALUCÍA / CONSEJERÍA DE LA PRESIDENCIA, INTERIOR, DIÁLOGO SOCIAL Y SIMPLIFICACIÓN ADMINISTRATIVA",otras,false,60,EMA-RTV (asociación de emisoras municipales): mayoritariamente medios públicos municipales
714776,"Subvención Nominativa 2023, Asociación de emisoras municipales y comunitarias de Andalucía, de Radio y Televisión (EMA-RTV)",autonomico,01,"ANDALUCÍA / CONSEJERÍA DE LA PRESIDENCIA, INTERIOR, DIÁLOGO SOCIAL Y SIMPLIFICACIÓN ADMINISTRATIVA",otras,false,60,EMA-RTV (asociación de emisoras municipales): mayoritariamente medios públicos municipales
733532,"Resolución de 18 de diciembre de 2023, Conv. 2024 de Subvenciones, en régimen de concurrencia competitiva, de impulso al sector editorial andaluz y a la producción editorial de interés cultural para Andalucía, Línea 3: Publicaciones periódicas.",autonomico,01,ANDALUCÍA / CONSEJERÍA DE CULTURA Y DEPORTE,otras,false,58.1,Sector editorial andaluz (libros): no medios
774429,"Subvención Nominativa 2024, Asociación de emisoras municipales y comunitarias de Andalucía, de Radio y Televisión (EMA-RTV)",autonomico,01,"ANDALUCÍA / CONSEJERÍA DE LA PRESIDENCIA, INTERIOR, DIÁLOGO SOCIAL Y SIMPLIFICACIÓN ADMINISTRATIVA",otras,false,60,EMA-RTV (asociación de emisoras municipales): mayoritariamente medios públicos municipales
840165,"Subvención Nominativa 2025, ASOCIACIÓN DE EMISORAS MUNICIPALES DE ANDALUCÍA, EMA -RTV",autonomico,01,"ANDALUCÍA / CONSEJERÍA DE LA PRESIDENCIA, INTERIOR, DIÁLOGO SOCIAL Y SIMPLIFICACIÓN ADMINISTRATIVA",otras,false,60,EMA-RTV (asociación de emisoras municipales): mayoritariamente medios públicos municipales
920120,"Subvención Nominativa 2026 ASOCIACIÓN DE EMISORAS MUNICIPALES DE ANDALUCÍA, EMA -RTV",autonomico,01,"ANDALUCÍA / CONSEJERÍA DE LA PRESIDENCIA, INTERIOR, DIÁLOGO SOCIAL Y SIMPLIFICACIÓN ADMINISTRATIVA",otras,false,60,EMA-RTV (asociación de emisoras municipales): mayoritariamente medios públicos municipales
650000,Subvención nominativa a la Asociación de la Prensa de Oviedo (APO),autonomico,03,PRINCIPADO DE ASTURIAS / PRESIDENCIA DEL PRINCIPADO DE ASTURIAS,otras,false,"S,Q","Asociación de la Prensa de Oviedo: gremial, no medio"
656376,SUBVENCIÓN A LA ASOCIACIÓN DE LA PRENSA DEPORTIVA DEL PRINCIPADO DE ASTURIAS PARA GALA DEL DEPORTE 2022,autonomico,03,"PRINCIPADO DE ASTURIAS / CONSEJERÍA DE CULTURA, POLÍTICA LINGÜÍSTICA Y TURISMO",otras,false,"93,84","Asociación de la prensa / de periodistas / de prensa deportiva o premio de periodismo: gremial, no medio"
686955,Subvención nominativa a la Asociación de la Prensa de Oviedo (APO),autonomico,03,PRINCIPADO DE ASTURIAS / PRESIDENCIA DEL PRINCIPADO DE ASTURIAS,otras,false,"S,Q","Asociación de la Prensa de Oviedo: gremial, no medio"
729812,SUBVENCIÓN A LA ASOCIACIÓN DE LA PRENSA DEPORTIVA DEL PRINCIPADO DE ASTURIAS PARA GALA DEL DEPORTE 2023,autonomico,03,"PRINCIPADO DE ASTURIAS / CONSEJERÍA DE CULTURA, POLÍTICA LINGÜÍSTICA Y TURISMO",otras,false,"93,84","Asociación de la prensa / de periodistas / de prensa deportiva o premio de periodismo: gremial, no medio"
781004,Subvención nominativa a la Asociación de la Prensa de Oviedo,autonomico,03,PRINCIPADO DE ASTURIAS / PRESIDENCIA DEL PRINCIPADO DE ASTURIAS,otras,false,"93.1,85.5","Asociación de la Prensa de Oviedo: gremial, no medio"
801319,SUBVENCIÓN A LA ASOCIACIÓN DE LA PRENSA DEPORTIVA DEL PRINCIPADO DE ASTURIAS PARA GALA DEL DEPORTE 2024,autonomico,03,"PRINCIPADO DE ASTURIAS / CONSEJERÍA DE CULTURA, POLÍTICA LINGÜÍSTICA Y TURISMO",otras,false,"93,84","Asociación de la prensa / de periodistas / de prensa deportiva o premio de periodismo: gremial, no medio"
840774,SUBVENCIÓN A LA ASOCIACIÓN DE LA PRENSA DEPORTIVA DEL PRINCIPADO DE ASTURIAS PARA GALA DEL DEPORTE 2025,autonomico,03,"PRINCIPADO DE ASTURIAS / CONSEJERÍA DE CULTURA, POLÍTICA LINGÜÍSTICA Y TURISMO",otras,false,"93,84","Asociación de la prensa / de periodistas / de prensa deportiva o premio de periodismo: gremial, no medio"
841452,Subvención nominativa a la Asociación de la Prensa de Oviedo 2025,autonomico,03,PRINCIPADO DE ASTURIAS / PRESIDENCIA DEL PRINCIPADO DE ASTURIAS,otras,false,"93.1,85.5","Asociación de la Prensa de Oviedo: gremial, no medio"
902293,SUBVENCIÓN A LA ASOCIACIÓN DE LA PRENSA DEPORTIVA DEL PRINCIPADO DE ASTURIAS PARA GALA DEL DEPORTE 2026,autonomico,03,"PRINCIPADO DE ASTURIAS / CONSEJERÍA DE CULTURA, POLÍTICA LINGÜÍSTICA Y TURISMO",otras,false,93,"Asociación de la prensa / de periodistas / de prensa deportiva o premio de periodismo: gremial, no medio"
906959,Subvención nominativa a la Asociación de la Prensa de Oviedo 2026,autonomico,03,PRINCIPADO DE ASTURIAS / PRESIDENCIA DEL PRINCIPADO DE ASTURIAS,otras,false,"93.1,85.5","Asociación de la Prensa de Oviedo: gremial, no medio"
694490,Subvención directa a la APIB para la subscripción gratuita a medios de comunicación para jóvenes,autonomico,04,ILLES BALEARS / DIRECCIÓN GENERAL DE MENORES Y FAMILIAS,otras,false,"93.1,93.2,84.2","Suscripción gratuita a medios para jóvenes vía la Asociación de Periodistas (APIB): beneficio indirecto, beneficiario no es un medio"
864970,Subvención directa a la APIB para la subscripción gratuita a medios de comunicación para jóvenes,autonomico,04,ILLES BALEARS / DIRECCIÓN GENERAL DE MENORES Y FAMILIAS,otras,false,"93.1,93.2,84.2","Suscripción gratuita a medios para jóvenes vía la Asociación de Periodistas (APIB): beneficio indirecto, beneficiario no es un medio"
737822,SUBV. CABILDO EL HIERRO ADQUISICIÓN PRENSA CONTINUA AUTOMÁTICA,autonomico,05,CANARIAS / CONSEJERÍA DE TRANSICIÓN ECOLÓGICA Y ENERGÍA,otras,false,"T,H",Prensa (máquina) o archivo de prensa digital universitario: no medio
802695,CONVENIO ULPG MEMORIA DIG. DE CANARIAS Y ARCHIVO PRENSA DIGITAL JABLE,autonomico,05,"CANARIAS / CONSEJERÍA DE UNIVERSIDADES, CIENCIA E INNOVACIÓN Y CULTURA",otras,false,91,Prensa (máquina) o archivo de prensa digital universitario: no medio
911701,SDVF02-2026 Asociación de Prensa Deportiva de Tenerife,autonomico,05,"CANARIAS / CONSEJERÍA DE EDUCACIÓN, FORMACIÓN PROFESIONAL, ACTIVIDAD FÍSICA Y DEPORTES",otras,false,"93.1,93.2","Asociación de la prensa / de periodistas / de prensa deportiva o premio de periodismo: gremial, no medio"
725831,Subvención nominativa a la Asociación Cántabra de la Prensa Deportiva para Gala del Deporte,autonomico,06,"CANTABRIA / CONSEJERÍA DE CULTURA, TURISMO Y DEPORTE",otras,false,"93,84","Asociación de la prensa / de periodistas / de prensa deportiva o premio de periodismo: gremial, no medio"
786121,Subvención nominativa a la Asociación Prensa Deportiva de Cantabria para la celebración de la Gala del Deporte,autonomico,06,"CANTABRIA / CONSEJERÍA DE CULTURA, TURISMO Y DEPORTE",otras,false,"93,84","Asociación de la prensa / de periodistas / de prensa deportiva o premio de periodismo: gremial, no medio"
654529,"Acuerdo de la Junta de Castilla y León, por el que se autoriza la concesión directa de una subvención a la Asociación de Prensa Deportiva de Valladolid para el proyecto Foro de debate ""Los desayunos de la APDV""",autonomico,07,"CASTILLA Y LEÓN / CONSEJERÍA DE CULTURA, TURISMO Y DEPORTE",otras,false,"93.1,93.2","Asociación de la prensa / de periodistas / de prensa deportiva o premio de periodismo: gremial, no medio"
709085,"Acuerdo de la Junta de Castilla y León, por el que se autoriza la concesión directa de una subvención a la Asociación de Prensa Deportiva de Valladolid para el proyecto Foro de debate ""Los desayunos de la APDV""",autonomico,07,"CASTILLA Y LEÓN / CONSEJERÍA DE CULTURA, TURISMO Y DEPORTE",otras,false,"93.1,93.2","Asociación de la prensa / de periodistas / de prensa deportiva o premio de periodismo: gremial, no medio"
666102,"SUBV. ADQUISICIONES BIBLIOGRÁFICAS, PUBLICACIONES PERIÓDICAS Y MULTIMEDIA PARA BIBLIOTECAS MUNICIPALES CLM 2023",autonomico,08,CASTILLA-LA MANCHA / VICECONSEJERÍA DE CULTURA Y DEPORTES,otras,false,"S,P",Adquisiciones bibliográficas y publicaciones periódicas para bibliotecas municipales: no medio
636453,"Subvención sin concurrencia pública de la Dirección General de Medios de Comunicación, para Roca Umbert, Fàbrica de les Arts, SL para la edición del Mercado Audiovisual de Catalunya 2022",autonomico,09,CATALUÑA / DEPARTAMENT DE LA PRESIDÈNCIA,otras,false,"82.3,93.2",Roca Umbert (Mercat Audiovisual de Catalunya): no es un medio
636454,"Subvención sin concurrencia pública de la Dirección General de Medios de Comunicación para la Universidad Autònoma de Barcelona - Instituto de la Comunicación (InCom-UAB), para las actividades del Observatorio de la Comunicación de Catalunya 2022",autonomico,09,CATALUÑA / DEPARTAMENT DE LA PRESIDÈNCIA,otras,false,80.0,"Universidades (UAB, UPF): no son medios"
640390,Subvención sin concurrencia pública de la Direcció General de Medios de Comunicació para la Universitat Pompeu Fabra para las actividades del Observatorio de la Producción Audidovisual 2022,autonomico,09,CATALUÑA / DEPARTAMENT DE LA PRESIDÈNCIA,otras,false,80.0,"Universidades (UAB, UPF): no son medios"
640536,Subvención de la Dirección General de Medios de Comunicación para la Asociación para la Investigación de Medios de Comunicación para el estudio de audiencias de Radio Catalunya 2022,autonomico,09,CATALUÑA / DEPARTAMENT DE LA PRESIDÈNCIA,otras,false,94,"AIMC / EGM Radio Cataluña: estudio de audiencias, el beneficiario no es un medio"
716746,"Subvención a Roca Umbert, Fàbrica de les Arts, SL para la financiación de la 24a edición del Mercado Audiovisual de Catalunya del año 2023",autonomico,09,CATALUÑA / DEPARTAMENT DE LA PRESIDÈNCIA,otras,false,"82.3,93.2",Roca Umbert (Mercat Audiovisual de Catalunya): no es un medio
726351,Subvención de la Dirección General de Medios de Comunicación para la Asociación para la Investigación de Medios de Comunicación para el estudio de audiencias de Radio Catalunya 2023,autonomico,09,CATALUÑA / DEPARTAMENT DE LA PRESIDÈNCIA,otras,false,94,"AIMC / EGM Radio Cataluña: estudio de audiencias, el beneficiario no es un medio"
776104,"Financiación de los gastos de la 25 edición del Mercado Audiovisual de Catalunya, a Roca Umbert, Fàbrica de les Arts, del año 2024.",autonomico,09,CATALUÑA / DEPARTAMENT DE LA PRESIDÈNCIA,otras,false,"82.3,93.2",Roca Umbert (Mercat Audiovisual de Catalunya): no es un medio
798972,"Financiación de las actividades del Observatorio de la Producción Audiovisual (OPA), de la Universidad Pompeu Fabra (UPF), durante el año 2024.",autonomico,09,CATALUÑA / DEPARTAMENT DE LA PRESIDÈNCIA,otras,false,80.0,"Universidades (UAB, UPF): no son medios"
799439,"Convenio para llevar a cabo el estudio de audiencia EGM Radio Cataluña, de la Asociación para la Investigación de Medios de Comunicación (AIMC), correspondiente al año 2024.",autonomico,09,CATALUÑA / DEPARTAMENT DE LA PRESIDÈNCIA,otras,false,94,"AIMC / EGM Radio Cataluña: estudio de audiencias, el beneficiario no es un medio"
867695,"Actividades con perspectiva de género, Observatorio de las mujeres en los medios de comunicación, 2025",autonomico,09,CATALUÑA / INSTITUT CATALÀ DE LES DONES (ICD),otras,false,85.6,"Observatorio de las mujeres en los medios: entidad de análisis, no medio"
871377,"Convenio para llevar a cabo el estudio de audiencia EGM Radio Cataluña, de la Asociación para la Investigación de Medios de Comunicación (AIMC), correspondiente al año 2025.",autonomico,09,CATALUÑA / DEPARTAMENT DE LA PRESIDÈNCIA,otras,false,94,"AIMC / EGM Radio Cataluña: estudio de audiencias, el beneficiario no es un medio"
612769,"Resolución de 25 de febrero de 2022, de la Conselleria de Educación, Cultura y Deporte, por la que se autoriza la disposición de crédito consignado en la línea nominativa X8607000, a favor de Corporació Valenciana de Mitjans de Comunicació",autonomico,10,COMUNITAT VALENCIANA / SECRETARÍA AUTONÓMICA DE EDUCACIÓN,otras,false,"S,P",Corporació Valenciana de Mitjans (À Punt): medio público
612771,"Resolución de 25 de febrero de 2022, de la Conselleria de Educación, Cultura y Deporte, por la que se autoriza la disposición de crédito consignado en la línea nominativa X8586000, a favor de Corporació Valenciana de Mitjans de Comunicació",autonomico,10,COMUNITAT VALENCIANA / SECRETARÍA AUTONÓMICA DE EDUCACIÓN,otras,false,"S,P",Corporació Valenciana de Mitjans (À Punt): medio público
657282,"CONVENIO DE COLABORACIÓN  SOCIETAT ANÒNIMA DE MITJANS DE COMUNICACIÓ DE LA COMUNITAT VALENCIANA, 2022",autonomico,10,COMUNITAT VALENCIANA / TURISME COMUNITAT VALENCIANA,otras,false,"82,79,77,52,55,56",Convenio con la SAMC (À Punt): medio público
657637,"CONVENIO DE COLABORACIÓN ENTRE LA GENERALITAT, A TRAVÉS DE LA PRESIDENCIA, Y LA FEDERACIÓN VALENCIANA DE MUNICIPIOS Y PROVINCIAS PARA ACTUACIONES DE SOPORTE A LOS PRESTADORES DEL SERVICIO PÚBLICO DE COMUNICACIÓN AUDIOVISUAL DE ÁMBITO LOCAL",autonomico,10,COMUNITAT VALENCIANA / SECRETARÍA AUTONÓMICA DE COMUNICACIÓN,otras,false,"18,74,80",Federación Valenciana de Municipios y Provincias: no medio
686195,"CONVENIO DE COLABORACIÓN ENTRE LA GENERALITAT, A TRAVÉS DE LA PRESIDENCIA, Y LA FEDERACIÓN VALENCIANA DE MUNICIPIOS Y PROVINCIAS, PARA DAR SOPORTE A LA CELEBRACIÓN EN LA COMUNITAT VALENCIANA DE EVENTOS RELACIONADOS CON LA COMUNICACIÓN LOCAL",autonomico,10,COMUNITAT VALENCIANA / SECRETARÍA AUTONÓMICA DE COMUNICACIÓN,otras,false,"18,74,80",Federación Valenciana de Municipios y Provincias: no medio
688699,"Resolución de 7 de marzo de 2023, de la Conselleria de Educación, Cultura y Deporte, por la que se autoriza la disposición de crédito consignado en la línea nominativa X8607000, a favor de Corporació Valenciana de Mitjans de Comunicació",autonomico,10,COMUNITAT VALENCIANA / SECRETARÍA AUTONÓMICA DE EDUCACIÓN,otras,false,"S,P",Corporació Valenciana de Mitjans (À Punt): medio público
688705,"Resolución de 7 de marzo de 2023, de la Conselleria de Educación, Cultura y Deporte, por la que se autoriza la disposición de crédito consignado en la línea nominativa X8586000, a favor de Corporació Valenciana de Mitjans de Comunicació",autonomico,10,COMUNITAT VALENCIANA / SECRETARÍA AUTONÓMICA DE EDUCACIÓN,otras,false,"S,P",Corporació Valenciana de Mitjans (À Punt): medio público
729794,"Convenio de colaboración entre la Generalitat, a través de la Presidencia, y la Asociación de Periodistas de Alicante, para la realización de actividades interés común para promoción y puesta en valor de la profesión periodística y sector de comunicación",autonomico,10,COMUNITAT VALENCIANA / SECRETARÍA AUTONÓMICA DE COMUNICACIÓN,otras,false,"18,74,80","Asociaciones de periodistas (APA, Unió de Periodistes): gremiales, no medios"
730026,"Convenio colaboración entre la Generalitat, a través de la Presidencia y la Unió de Periodistes Valencians, para la realización de actividades de interés común para la promoción y puesta en valor de la profesión periodística y del sector de comunicación",autonomico,10,COMUNITAT VALENCIANA / SECRETARÍA AUTONÓMICA DE COMUNICACIÓN,otras,false,"18,74,80","Asociaciones de periodistas (APA, Unió de Periodistes): gremiales, no medios"
737617,"CONVENIO DE COLABORACIÓN  SOCIETAT ANÒNIMA DE MITJANS DE COMUNICACIÓ DE LA COMUNITAT VALENCIANA, 2023",autonomico,10,COMUNITAT VALENCIANA / TURISME COMUNITAT VALENCIANA,otras,false,"82,79,77,52,55,56",Convenio con la SAMC (À Punt): medio público
775804,"Convenio de colaboración entre la Generalitat, a través de la Presidencia, y la Federación Valenciana de Municipios y Provincias, para apoyar a la celebración en la Comunitat Valenciana de acontecimientos relacionados con la comunicación local",autonomico,10,COMUNITAT VALENCIANA / SECRETARIA AUTONÓMICA DEL GABINETE DEL PRESIDENT Y COMUNICACIÓN,otras,false,"18,74,80",Federación Valenciana de Municipios y Provincias: no medio
775999,"Convenio de colaboración entre la Generalitat, a través de la Presidencia, y la Asociación de Periodistas de la Provincia de Alicante, para la realización de actividades de interés común para la promoción y puesta en valor de la profesión periodística y d",autonomico,10,COMUNITAT VALENCIANA / SECRETARIA AUTONÓMICA DEL GABINETE DEL PRESIDENT Y COMUNICACIÓN,otras,false,"18,74,80","Asociaciones de periodistas (APA, Unió de Periodistes): gremiales, no medios"
776112,"Convenio de colaboración entre la Generalitat, a través de la Presidencia, y la Unió de Periodistes Valencians, para la realización de actividades de interés común para la promoción y puesta en valor de la profesión periodística y del sector de la comunic",autonomico,10,COMUNITAT VALENCIANA / SECRETARIA AUTONÓMICA DEL GABINETE DEL PRESIDENT Y COMUNICACIÓN,otras,false,"18,74,80","Asociaciones de periodistas (APA, Unió de Periodistes): gremiales, no medios"
797641,"CONVENIO DE COLABORACIÓN, ENTRE LA GENERALITAT, A través DE LA PRESIDENCIA, Y LA FEDERACIÓN VALENCIANA DE MUNICIPIOS Y PROVINCIAS PARA LA REALIZACIÓN De ACONTECIMIENTOS RELACIONADOS CON LA COMUNICACIÓN LOCAL",autonomico,10,COMUNITAT VALENCIANA / SECRETARÍA AUTONÓMICA DE COMUNICACIÓN,otras,false,"18,74,80",Federación Valenciana de Municipios y Provincias: no medio
797643,"Convenio de colaboración entre la Generalitat, a través de la Presidencia, y la Asociación de Periodistas de Alicante,para la realización de actividades de interés común para la promoción y puesta en valor de la profesión periodística y del sector de la c",autonomico,10,COMUNITAT VALENCIANA / SECRETARÍA AUTONÓMICA DE COMUNICACIÓN,otras,false,"18,74,80","Asociaciones de periodistas (APA, Unió de Periodistes): gremiales, no medios"
797646,"CONVENIO DE COLABORACIÓN ENTRE LA GENERALITAT, A TRAVÉS DE LA PRESIDENCIA, Y LA UNIÓ DE PERIODISTES VALENCIANS, PARA LA REALIZACIÓN ACTIVIDADES INTERÉS COMÚN PARA PROMOCIÓN Y PUESTA EN VALOR DE LA PROFESIÓN PERIODÍSTICA Y DEL SECTOR DE LA COMUNICACIÓN",autonomico,10,COMUNITAT VALENCIANA / SECRETARÍA AUTONÓMICA DE COMUNICACIÓN,otras,false,"18,74,80","Asociaciones de periodistas (APA, Unió de Periodistes): gremiales, no medios"
853568,"Convenio de colaboración entre la Generalitat, a través de la Presidencia, y la Federación Valenciana de Municipios y Provincias, para apoyar a la celebración en la Comunitat Valenciana de eventos relacionados con la comunicación local",autonomico,10,COMUNITAT VALENCIANA / SECRETARIA AUTONÓMICA DEL GABINETE DEL PRESIDENT Y COMUNICACIÓN,otras,false,"18,74,80",Federación Valenciana de Municipios y Provincias: no medio
854497,"Convenio de colaboración entre la Generalitat, a través de la Presidencia, y la Asociación de Periodistas de Alicante, para la realización de actividades que proporcionen visibilidad a la profesión periodística mediante jornadas, foros, debates, acontecim",autonomico,10,COMUNITAT VALENCIANA / SECRETARIA AUTONÓMICA DEL GABINETE DEL PRESIDENT Y COMUNICACIÓN,otras,false,"18,74,80","Asociaciones de periodistas (APA, Unió de Periodistes): gremiales, no medios"
854499,"Convenio de colaboración entre la Generalitat, a través de la Presidencia, y la Unió de Periodistes Valencians, para la realización de actividades que proporcionen visibilidad a la profesión periodística mediante jornadas, foros, debates, acontecimientos,",autonomico,10,COMUNITAT VALENCIANA / SECRETARIA AUTONÓMICA DEL GABINETE DEL PRESIDENT Y COMUNICACIÓN,otras,false,"18,74,80","Asociaciones de periodistas (APA, Unió de Periodistes): gremiales, no medios"
628192,"Convenio de colaboración SXM-Universidade da Coruña, prácticas externas Facultade Ciencias da Comunicación nos Gabinetes de Prensa da Xunta de Galicia",autonomico,12,"GALICIA / CONSELLERÍA DE EMPLEO, COMERCIO Y EMIGRACIÓN",otras,false,"93.1,85.5","Prácticas de estudiantes de Comunicación en los gabinetes de prensa de la Xunta: becas a personas físicas, no medios"
628196,"Convenio de colaboración SXM-Universidad de Santiago de Compostela, prácticas externas Facultad Ciencias de la Comunicación en los Gabinetes de Prensa de la Xunta de Galicia",autonomico,12,GALICIA / PRESIDENCIA DE LA XUNTA DE GALICIA,otras,false,"93.1,85.5","Prácticas de estudiantes de Comunicación en los gabinetes de prensa de la Xunta: becas a personas físicas, no medios"
628203,"Convenio de colaboración SXM-Universidade de Vigo, prácticas externas Facultade Ciencias Sociais e da Comunicación nos Gabinetes de Prensa da Xunta de Galicia",autonomico,12,GALICIA / PRESIDENCIA DE LA XUNTA DE GALICIA,otras,false,"93.1,85.5","Prácticas de estudiantes de Comunicación en los gabinetes de prensa de la Xunta: becas a personas físicas, no medios"
674327,"Convenio de colaboración SXM-Universidade da Coruña, prácticas externas Facultade Ciencias da Comunicación nos Gabinetes de Prensa da Xunta de Galicia",autonomico,12,GALICIA / PRESIDENCIA DE LA XUNTA DE GALICIA,otras,false,"93.1,85.5","Prácticas de estudiantes de Comunicación en los gabinetes de prensa de la Xunta: becas a personas físicas, no medios"
674328,"Convenio de colaboración SXM-Universidade de Santiago de Compostela, prácticas externas Facultade Ciencias da Comunicación nos Gabinetes de Prensa da Xunta de Galicia",autonomico,12,GALICIA / PRESIDENCIA DE LA XUNTA DE GALICIA,otras,false,"93.1,85.5","Prácticas de estudiantes de Comunicación en los gabinetes de prensa de la Xunta: becas a personas físicas, no medios"
709208,CONVENIO ENTRE A SECRETARÍA XERAL DE MEDIOS DA XUNTA DE GALICIA E A UNIVERSIDADE DE SANTIAGO DE COMPOSTELA PARA A CREACIÓN DUN ESPAZO PARA A INNOVACIÓN DO XORNALISMO E DA COMUNICACIÓN EN GALEGO,autonomico,12,GALICIA / PRESIDENCIA DE LA XUNTA DE GALICIA,otras,false,"93,85","Convenio con la USC (espacio de innovación del periodismo en gallego): universidad, no medio"
740710,"CONVENIO DE COLABORACIÓN SXM-UNIVERSIDADE DA CORUÑA, PRÁCTICAS EXTERNAS FACULTADE DE CIENCIAS DA COMUNICACIÓN NOS GABINETES  DE PRENSA DA XUNTA DE GALICIA",autonomico,12,GALICIA / PRESIDENCIA DE LA XUNTA DE GALICIA,otras,false,"93.1,85.5","Prácticas de estudiantes de Comunicación en los gabinetes de prensa de la Xunta: becas a personas físicas, no medios"
740711,"CONVENIO DE COLABORACIÓN SXM-UNIVERSIDADE DE SANTIAGO DE COMPOSTELA, PRÁCTICAS EXTERNAS FACULTADE DE CIENCIAS DA COMUNICACIÓN NOS GABINETES DE PRENSA DA XUNTA DE GALICIADA FACULTADE DE CIENCIAS DA COMUNICACIÓN NOS GABINETES  DE PRENSA DA XUNTA DE GALICIA",autonomico,12,GALICIA / PRESIDENCIA DE LA XUNTA DE GALICIA,otras,false,"93.1,85.5","Prácticas de estudiantes de Comunicación en los gabinetes de prensa de la Xunta: becas a personas físicas, no medios"
740712,CONVENIO DE COLABORACIÓN SXM-UNIVERSIDADE DE VIGO PRÁCTICAS EXTERNAS FACULTADE DE COMUNICACIÓN NOS GABINETES  DE PRENSA DA XUNTA,autonomico,12,GALICIA / PRESIDENCIA DE LA XUNTA DE GALICIA,otras,false,"93.1,85.5","Prácticas de estudiantes de Comunicación en los gabinetes de prensa de la Xunta: becas a personas físicas, no medios"
813343,"CONVENIO DE COLABORACIÓN SXM-UNIVERSIDAD DE A CORUÑA, PRÁCTICAS EXTERNAS FACULTAD DE CIENCIAS DE LA COMUNICACIÓN EN LOS GABINETES  DE PRENSA DE LA XUNTA DE GALICIA",autonomico,12,GALICIA / PRESIDENCIA DE LA XUNTA DE GALICIA,otras,false,"93.1,85.5","Prácticas de estudiantes de Comunicación en los gabinetes de prensa de la Xunta: becas a personas físicas, no medios"
813353,"CONVENIO DE COLABORACIÓN SXM-UNIVERSIDAD DE SANTIAGO DE COMPOSTELA, PRÁCTICAS EXTERNAS FACULTAD DE CIENCIAS DE LA COMUNICACIÓN EN LOS GABINETES DE PRENSA DA XUNTA DE GALICIA",autonomico,12,GALICIA / PRESIDENCIA DE LA XUNTA DE GALICIA,otras,false,"93.1,85.5","Prácticas de estudiantes de Comunicación en los gabinetes de prensa de la Xunta: becas a personas físicas, no medios"
813360,CONVENIO DE COLABORACIÓN SXM-UNIVERSIDAD DE VIGO PRÁCTICAS EXTERNAS FACULTAD DE COMUNICACIÓN EN LOS GABINETES  DE PRENSA DE LA XUNTA,autonomico,12,GALICIA / PRESIDENCIA DE LA XUNTA DE GALICIA,otras,false,"93.1,85.5","Prácticas de estudiantes de Comunicación en los gabinetes de prensa de la Xunta: becas a personas físicas, no medios"
816356,"CONVENIO ENTRE A CONSELLERÍA DE POLÍTICA SOCIAL E IGUALDADE E O COLEXIO PROFESIONAL DE XORNALISTAS DE GALICIA, PARA A FORMACIÓN DAS E DOS PROFESIONAIS DOS MEDIOS DE COMUNICACIÓN SOBRE PERSPECTIVA DE XÉNERO E PREVENCIÓN DA VIOLENCIA CONTRA AS MULLERES, NO",autonomico,12,GALICIA / CONSELLERÍA DE POLÍTICA SOCIAL E IGUALDAD,otras,false,"85.1,88.9",Colegio profesional de periodistas (formación en igualdad): no medio
883405,CONVENIO DE COLABORACIÓN ENTRE LA SECRETARÍA GENERAL DE MEDIOS DE LA XUNTA DE GALICIA Y LA UNIVERSIDAD DE SANTIAGO DE COMPOSTELA PARA LA REALIZACIÓN DE PRÁCTICAS DEL ESTUDIANTADO DE LA FACULTAD DE CIENCIAS DE LA COMUNICACIÓN EN LOS GABINETES  DE PRENSA DE,autonomico,12,GALICIA / PRESIDENCIA DE LA XUNTA DE GALICIA,otras,false,85.5,"Prácticas de estudiantes de Comunicación en los gabinetes de prensa de la Xunta: becas a personas físicas, no medios"
883406,CONVENIO DE COLABORACIÓN ENTRE LA SECRETARÍA GENERAL DE MEDIOS DE LA XUNTA DE GALICIA Y LA UNIVERSIDAD DE VIGO PARA LA REALIZACIÓN DE PRÁCTICAS DEL ALUMNADO DEL GRADO EN PUBLICIDAD Y RELACIONES PÚBLICAS DE LA FACULTAD DE COMUNICACIÓN EN LOS GABINETES DE P,autonomico,12,GALICIA / PRESIDENCIA DE LA XUNTA DE GALICIA,otras,false,"93.1,85.5","Prácticas de estudiantes de Comunicación en los gabinetes de prensa de la Xunta: becas a personas físicas, no medios"
905523,"CONVENIO ENTRE A CONSELLERÍA DE POLÍTICA SOCIAL E IGUALDADE E O COLEXIO PROFESIONAL DE XORNALISTAS DE GALICIA, PARA A FORMACIÓN DAS E DOS PROFESIONAIS DOS MEDIOS DE COMUNICACIÓN SOBRE PERSPECTIVA DE XÉNERO E PREVENCIÓN DA VIOLENCIA CONTRA AS MULLERES,",autonomico,12,GALICIA / CONSELLERÍA DE POLÍTICA SOCIAL E IGUALDAD,otras,false,88.9,Colegio profesional de periodistas (formación en igualdad): no medio
864694,"ORDEN DE LA CONSEJERÍA DE TURISMO, CULTURA, JUVENTUD Y DEPORTES POR LA QUE SE CONCEDE A LA ASOCIACIÓN DE LA PRENSA DEPORTIVA DE LA REGIÓN DE MURCIA, UNA SUBVENCION PREVISTA NOMINATIVAMENTE EN LA LEY 3/2025, DE 23 DE JULIO, DE PRESUPUESTOS GENERALES DE LA",autonomico,14,"REGIÓN DE MURCIA / CONSEJERÍA DE TURISMO, CULTURA Y DEPORTES",otras,false,"S,P","Asociación de la prensa / de periodistas / de prensa deportiva o premio de periodismo: gremial, no medio"
682229,AYUDAS PRODUCCIONES AUDIOVISUALES,autonomico,17,"LA RIOJA / CONSEJERÍA DE IGUALDAD, PARTICIPACIÓN Y AGENDA 2030",otras,false,"J,K","Producciones audiovisuales (productora): cine/audiovisual, no medio informativo"
640058,"Convocatoria de Ayudas para el año 2022 destinadas a la creación o mejora de ecosistemas digitales en el sector audiovisual, en el marco de del Plan de Recuperación, Transformación y Resiliencia del Gobierno de España.",estatal,00,MINISTERIO PARA LA TRANSFORMACIÓN DIGITAL Y DE LA FUNCIÓN PÚBLICA / ENTIDAD PÚBLICA EMPRESARIAL RED.ES,otras,false,"58.2,59","Red.es ecosistemas digitales del sector audiovisual: beneficiarios ayuntamientos y diputaciones, no medios"
646920,"Subvención Directa a la Corporación de Radio y Televisión Española, S.A., para la formación en capacidades digitales en el marco del componente 19 del PRTR",estatal,00,MINISTERIO DE CULTURA / SUBSECRETARÍA DE CULTURA,otras,false,"93.1,85.5","Subvenciones a la Corporación RTVE: medio público, fuera del alcance (solo medios privados)"
711436,Convocatoria instrumental Colombia. 2023. Paz. Garantizar ejercicio libertad prensa y expresión periodistas y comunicadores,estatal,00,"MINISTERIO DE ASUNTOS EXTERIORES, UNIÓN EUROPEA Y COOPERACIÓN / AGENCIA ESTATAL AGENCIA ESPAÑOLA DE COOPERACIÓN INTERNACIONAL PARA EL DESARROLLO",otras,false,V,AECID: cooperación internacional (libertad de prensa en otros países); no va a medios españoles
730011,"Convocatoria instrumental Programa Democracia Fortalecimiento de la defensa y la promoción de la libertad de prensa en Centroamérica, para ofrecer a la ciudadanía información veraz y contrastada",estatal,00,"MINISTERIO DE ASUNTOS EXTERIORES, UNIÓN EUROPEA Y COOPERACIÓN / AGENCIA ESTATAL AGENCIA ESPAÑOLA DE COOPERACIÓN INTERNACIONAL PARA EL DESARROLLO",otras,false,V,AECID: cooperación internacional (libertad de prensa en otros países); no va a medios españoles
733381,"Real Decreto 823/2023, de 14 de noviembre, por el que se regula la concesión directa de una subvención a la Corporación de Radio y Televisión Española, SA, S.M.E., para el desarrollo de la producción, emisión y difusión de la 24.ª edición de los Grammy",estatal,00,MINISTERIO DE CULTURA / INSTITUTO NACIONAL DE LAS ARTES ESCÉNICAS Y DE LA MÚSICA,otras,false,"91,90","Subvenciones a la Corporación RTVE: medio público, fuera del alcance (solo medios privados)"
785970,"Orden Ministerial 27/2024 de 18 de septiembre de 2024, por la que se convoca el Premio Medios de Comunicación de los Premios Defensa 2024",estatal,00,MINISTERIO DE DEFENSA / SECRETARÍA GENERAL DE POLÍTICA DE DEFENSA,otras,false,P,"Premio Defensa a medios: premio, no ayuda a la actividad"
860552,"Convocatoria instrumental Ellas+ Palestina 2025 Empoderamiento de mujeres, jóvenes profesionales de los medios de comunicación y abogados en zonas rurales de las gobernaciones de Ramallah, Nablus y Yenín para promover la igualdad de género y los derechos",estatal,00,"MINISTERIO DE ASUNTOS EXTERIORES, UNIÓN EUROPEA Y COOPERACIÓN / AGENCIA ESTATAL AGENCIA ESPAÑOLA DE COOPERACIÓN INTERNACIONAL PARA EL DESARROLLO",otras,false,V,AECID: cooperación internacional (libertad de prensa en otros países); no va a medios españoles
560690,"SUBVENCIÓN A LA ASOCIACION DE LA PRENSA DE SEGOVIA PARA LA ORGANIZACIÓN DEL PREMIO DE PERIODISMO ""CIRILO RODRÍGUEZ"", PARA CORRESPONSALES O ENVIADOS ESPAÑOLES EN EL EXTRANJERO, EN SU XXXVI EDICIÓN. AÑO 2021",local,,DIPUTACIÓN PROV. DE SEGOVIA / DIPUTACIÓN PROVINCIAL DE SEGOVIA,otras,false,"S,P","Asociación de la prensa / de periodistas / de prensa deportiva o premio de periodismo: gremial, no medio"
608744,Convenio de colaboración entre el Ayuntamiento de A Coruña y la Asoc. Prensa de A Coruña con la finalidad de contribuir al financiamiento de los gastos ordinarios derivados de la organización de actividades Premio Pérez Lugín y campamentos de Navidad pica,local,,"CORUÑA, A / AYUNTAMIENTO DE CORUÑA, A",otras,false,"91,90","Asociación de la prensa / de periodistas / de prensa deportiva o premio de periodismo: gremial, no medio"
614191,J.G. 22/02/2022 QUE APRUEBA EL CONVENIO CON LA ASOCIACION DE LA PRENSA DE GUADALAJARA PARA COLABORAR EN LAS ACTIVIDADES FORMATIVAS DE ESTUDIANTES Y LA CELEBRACIÓN DE UNA EXPOSICIÓN ITINERANTE,local,,DIPUTACIÓN PROV. DE GUADALAJARA / DIPUTACIÓN PROVINCIAL DE GUADALAJARA,otras,false,"J,K","Asociación de la prensa / de periodistas / de prensa deportiva o premio de periodismo: gremial, no medio"
615428,"Subv. Nom. Asociación de Periodistas de Cáceres, para sufragar gastos derivados de la realización de los premios ""Pata Negra y Pezuña"" y para la edición, impresión y presentación pública del Anuario de la Prensa del año 2021. Ejercicio 2022",local,,DIPUTACIÓN PROV. DE CÁCERES / DIPUTACIÓN PROVINCIAL DE CÁCERES,otras,false,91,"Asociación de la prensa / de periodistas / de prensa deportiva o premio de periodismo: gremial, no medio"
616366,CONVENIO CON LA ASOCIACIÓN PROVINCIAL DE LA PRENSA RECONOCIMIENTO AL REPORTAJE PERIODÍSTICO,local,,DIPUTACIÓN PROV. DE ALBACETE / DIPUTACIÓN PROVINCIAL DE ALBACETE,otras,false,"J,K","Asociación de la prensa / de periodistas / de prensa deportiva o premio de periodismo: gremial, no medio"
618526,SUBVENCIÓN A LA ASOCIACIÓN SEGOVIANA DE LA PRENSA DEPORTIVA PARA LA REALIZACIÓN DE LA GALA DEL DEPORTE 2022,local,,DIPUTACIÓN PROV. DE SEGOVIA / DIPUTACIÓN PROVINCIAL DE SEGOVIA,otras,false,"93.1,93.2","Asociación de la prensa / de periodistas / de prensa deportiva o premio de periodismo: gremial, no medio"
624264,ASOCIACIÓN DE LA PRENSA DE CUENCA. VI PREMIOS DE PERIODISMO LOCAL,local,,DIPUTACIÓN PROV. DE CUENCA / DIPUTACIÓN PROVINCIAL DE CUENCA,otras,false,"61.2,61.9","Asociación de la prensa / de periodistas / de prensa deportiva o premio de periodismo: gremial, no medio"
627816,"Decreto de Presidencia nº 1.775 de fecha 03 de mayo de 2022, por el que se aprueba Convenio de Colaboración con la Asociación Prensa Deportiva de Valladolid, para la realización de su programa de actividades 2022",local,,DIPUTACIÓN PROV. DE VALLADOLID / DIPUTACIÓN PROVINCIAL DE VALLADOLID,otras,false,"93.1,93.2","Asociación de la prensa / de periodistas / de prensa deportiva o premio de periodismo: gremial, no medio"
632389,SUBVENCIÓN DIRECTA A LA ASOCIACIÓN DE PERIODISTAS DE ARAGÓN PARA LA CELEBRACIÓN DEL XXIII CONGRESO DEL PERIODISMO DE HUESCA.,local,,HUESCA / AYUNTAMIENTO DE HUESCA,otras,false,"J,K","Asociación de la prensa / de periodistas / de prensa deportiva o premio de periodismo: gremial, no medio"
633382,"Subvención nominativa ASOCIACIÓN DE PERIODISTAS DE SEGOVIA, 2022",local,,SEGOVIA / AYUNTAMIENTO DE SEGOVIA,otras,false,"60,63","Asociación de la prensa / de periodistas / de prensa deportiva o premio de periodismo: gremial, no medio"
637658,Convenio de colaboración entre el Ayuntamiento de Burgos y la Asociación de la Prensa para el ejercicio 2022.,local,,BURGOS / AYUNTAMIENTO DE BURGOS,otras,false,"93.1,85.5","Asociación de la prensa / de periodistas / de prensa deportiva o premio de periodismo: gremial, no medio"
642520,Subvención a Asociación de la Prensa Deportiva de Huesca para la organización de la XXI Gala del deporte provincial,local,,DIPUTACIÓN PROV. DE HUESCA / DIPUTACIÓN PROVINCIAL DE HUESCA,otras,false,"91,90","Asociación de la prensa / de periodistas / de prensa deportiva o premio de periodismo: gremial, no medio"
646054,"SUBV. NOMINATIVA A ASOC. DE LA PRENSA DEL CAMPO DE GIBRALTAR PARA ""ORGANIZACIÓN DEL XXXVIII CONGRESO DE PERIODISTAS DEL ESTRECHO Y III SEMINARIO FORMATIVO CON LA ARMADA ESPAÑOLA",local,,DIPUTACIÓN PROV. DE CÁDIZ / DIPUTACIÓN PROVINCIAL DE CÁDIZ,otras,false,"T,H","Asociación de la prensa / de periodistas / de prensa deportiva o premio de periodismo: gremial, no medio"
646055,"SUBV. NOMINATIVA A LA ASOC. DE LA PRENSA DE JEREZ PARA ""PROGRAMA DE ACTIVIDADES 2022 Y GASTOS CORRIENTES DE LA ASOCIACIÓN""",local,,DIPUTACIÓN PROV. DE CÁDIZ / DIPUTACIÓN PROVINCIAL DE CÁDIZ,otras,false,"T,H","Asociación de la prensa / de periodistas / de prensa deportiva o premio de periodismo: gremial, no medio"
646056,"SUBV. NOMINATIVA A LA ASOCIACIÓN DE LA PRENSA DE CÁDIZ PARA ""ACTIVIDADES ANUALES Y GASTOS CORRIENTES DE LA ASOCIACIÓN Y DE ACTIVIDADES ASOCIATIVAS, FORMATIVAS Y CULTURALES""",local,,DIPUTACIÓN PROV. DE CÁDIZ / DIPUTACIÓN PROVINCIAL DE CÁDIZ,otras,false,"T,H","Asociación de la prensa / de periodistas / de prensa deportiva o premio de periodismo: gremial, no medio"
646070,CONVENIO DE COLABORACION CON LA ASOCIACION DE LA PRENSA DE CADIZ,local,,DIPUTACIÓN PROV. DE CÁDIZ / DIPUTACIÓN PROVINCIAL DE CÁDIZ,otras,false,"93.1,85.5","Asociación de la prensa / de periodistas / de prensa deportiva o premio de periodismo: gremial, no medio"
647900,"Subvención nominativa al Club de Prensa de Ferrol para la financiación de la realización del diseño y maquetación del Cuaderno nº 35 Ferrol Análisis ""El Caballo Blanco 1920-1970. Un barrio entre dos mundos"".",local,,FERROL / AYUNTAMIENTO DE FERROL,otras,false,91,"Asociación de la prensa / de periodistas / de prensa deportiva o premio de periodismo: gremial, no medio"
654373,Concesión a la Asociación Segoviana de la Prensa Deportiva de una subvención con motivo de la celebración de la Gala Anual del Deporte Segoviano,local,,SEGOVIA / INSTITUTO MUNICIPAL DE DEPORTES DEL AYUNTAMIENTO DE SEGOVIA,otras,false,"J,93,84,K","Asociación de la prensa / de periodistas / de prensa deportiva o premio de periodismo: gremial, no medio"
660768,ASOC PRENSA DEPORTIVA GALA DEL DEPORTE PRONCIAL,local,,DIPUTACIÓN PROV. DE CASTELLÓN / DIPUTACIÓN PROVINCIAL DE CASTELLÓ/CASTELLÓN,otras,false,"93.1,93.2","Asociación de la prensa / de periodistas / de prensa deportiva o premio de periodismo: gremial, no medio"
661549,Acuerdo de Junta de Gobierno Local de 16 de noviembre de 2022 que aprueba el convenio de colaboración entre el Ayuntamiento de Logroño y Asociación de la Prensa de la Rioja 2022,local,,LOGROÑO / AYUNTAMIENTO DE LOGROÑO,otras,false,94.9,"Asociación de la prensa / de periodistas / de prensa deportiva o premio de periodismo: gremial, no medio"
665446,Convenio de colaboración entre el Ayuntamiento de Guadalajara y la Asociación de la Prensa de Guadalajara 2022,local,,GUADALAJARA / AYUNTAMIENTO DE GUADALAJARA,otras,false,"91,90","Asociación de la prensa / de periodistas / de prensa deportiva o premio de periodismo: gremial, no medio"
668131,Convenio entre el Ayuntamiento de A Coruña y la Asoc de la prensa de A Coruña con la finalidad de contribuir a la financiación de los gastos ordinarios derivados de las siguientes actividades desarrolladas por la entidad en el año 2022: organización premi,local,,"CORUÑA, A / AYUNTAMIENTO DE CORUÑA, A",otras,false,"91,90","Asociación de la prensa / de periodistas / de prensa deportiva o premio de periodismo: gremial, no medio"
671303,"Convenio con la Asociación de la Prensa de Jaén para el proyecto ""Aprendizaje de los medios de comunicación: Alfabetización Mediática en la escuela""",local,,DIPUTACIÓN PROV. DE JAÉN / DIPUTACIÓN PROVINCIAL DE JAÉN,otras,false,85.6,"Asociación de la prensa / de periodistas / de prensa deportiva o premio de periodismo: gremial, no medio"
671577,"SUBVENCIÓN A LA ASOCIACIÓN DE LA PRENSA DE SEGOVIA PARA LA ORGANIZACIÓN DEL PREMIO DE PERIODISMO “CIRILO RODRÍGUEZ”, PARA CORRESPONSALES O ENVIADOS ESPAÑOLES EN EL EXTRANJERO, EN SU XXXVII EDICIÓN. AÑO 2022",local,,DIPUTACIÓN PROV. DE SEGOVIA / DIPUTACIÓN PROVINCIAL DE SEGOVIA,otras,false,"S,P","Asociación de la prensa / de periodistas / de prensa deportiva o premio de periodismo: gremial, no medio"
673691,CONVENIO CONCESIÓN DE SUBVENCIÓN A LA ASOCIACIÓN SEGOVIANA DE LA PRENSA DEPORTIVA 2023,local,,DIPUTACIÓN PROV. DE SEGOVIA / DIPUTACIÓN PROVINCIAL DE SEGOVIA,otras,false,"93.1,93.2","Asociación de la prensa / de periodistas / de prensa deportiva o premio de periodismo: gremial, no medio"
678794,Concesión de subvención a la Asociación de la Prensa Deportiva de Segovia con motivo del desarrollo de la Gala del Deporte Segoviano,local,,SEGOVIA / INSTITUTO MUNICIPAL DE DEPORTES DEL AYUNTAMIENTO DE SEGOVIA,otras,false,"93.1,93.2","Asociación de la prensa / de periodistas / de prensa deportiva o premio de periodismo: gremial, no medio"
681150,Subvención nominativa a la Asociación de la Prensa de Cádiz para el proyecto El dardo en el titular,local,,DIPUTACIÓN PROV. DE CÁDIZ / DIPUTACIÓN PROVINCIAL DE CÁDIZ,otras,false,"T,H","Asociación de la prensa / de periodistas / de prensa deportiva o premio de periodismo: gremial, no medio"
682617,"Subv. Nom. Asociación de Periodistas de Cáceres, para sufragar gastos derivados de la realización de los premios ""Pata Negra y Pezuña"" y para la edición, impresión y presentación pública del Anuario de la Prensa del año 2022, durante 2023",local,,DIPUTACIÓN PROV. DE CÁCERES / DIPUTACIÓN PROVINCIAL DE CÁCERES,otras,false,"S,P","Asociación de la prensa / de periodistas / de prensa deportiva o premio de periodismo: gremial, no medio"
683035,Subvencion nominativa a la Asoc de Prensa de Cádiz para programa de actividades 2023 y gastos corrientes,local,,DIPUTACIÓN PROV. DE CÁDIZ / DIPUTACIÓN PROVINCIAL DE CÁDIZ,otras,false,"T,H","Asociación de la prensa / de periodistas / de prensa deportiva o premio de periodismo: gremial, no medio"
683044,SUBVENCIÓN NOMINATIVA PARA LA ASOCIACIÓN DE LA PRENSA DE JEREZ PARA PROGRAMA DE ACTIVIDADES 2023 Y GASTOS CORRIENTES DE LA ASOCIACIÓN,local,,DIPUTACIÓN PROV. DE CÁDIZ / DIPUTACIÓN PROVINCIAL DE CÁDIZ,otras,false,"T,H","Asociación de la prensa / de periodistas / de prensa deportiva o premio de periodismo: gremial, no medio"
686757,SUBVENCIÓN NOMINATIVA A LA ASOC PRENSA DE CAMPO DE GIBRALTAR PARA ORGANIZACIÓN DEL XXXIX CONGRESO PERIODISTAS DEL ESTRECHO,local,,DIPUTACIÓN PROV. DE CÁDIZ / DIPUTACIÓN PROVINCIAL DE CÁDIZ,otras,false,"T,H","Asociación de la prensa / de periodistas / de prensa deportiva o premio de periodismo: gremial, no medio"
688177,SUBVENCION NOMINATIVA ASOCIACION DE LA PRENSA DE CADIZ,local,,DIPUTACIÓN PROV. DE CÁDIZ / DIPUTACIÓN PROVINCIAL DE CÁDIZ,otras,false,"S,Q","Asociación de la prensa / de periodistas / de prensa deportiva o premio de periodismo: gremial, no medio"
688648,SUBVENCIÓN DIRECTA A LA ASOCIACIÓN DE PERIODISTAS DE ARAGÓN PARA LA CELEBRACIÓN DEL XXIV CONGRESO DEL PERIODISMO DE HUESCA,local,,HUESCA / AYUNTAMIENTO DE HUESCA,otras,false,"J,K","Asociación de la prensa / de periodistas / de prensa deportiva o premio de periodismo: gremial, no medio"
692094,ACUERDO DE LA JUNTA DE GOBIERNO QUE APRUEBA EL CONVENIO CON LA ASOCIACIÓN DE LA PRENSA DE GUADALAJARA,local,,DIPUTACIÓN PROV. DE GUADALAJARA / DIPUTACIÓN PROVINCIAL DE GUADALAJARA,otras,false,"J,K","Asociación de la prensa / de periodistas / de prensa deportiva o premio de periodismo: gremial, no medio"
696966,Subvención nominativa la Asociación Española de la Prensa Deportiva: “Organización de la Gala Nacional del Deporte y Congreso Nacional de Prensa Deportiva”,local,,DIPUTACIÓN PROV. DE ALICANTE / DIPUTACIÓN PROVINCIAL DE ALACANT/ALICANTE,otras,false,"93.1,93.2","Asociación de la prensa / de periodistas / de prensa deportiva o premio de periodismo: gremial, no medio"
697165,Convenio con la Asociación de la Prensa de Jaén para el proyecto ¿Alfabetización Mediática. Los medios de Comunicación en la Escuela: El formato Podcast en la Radio¿,local,,DIPUTACIÓN PROV. DE JAÉN / DIPUTACIÓN PROVINCIAL DE JAÉN,otras,false,85.6,"Asociación de la prensa / de periodistas / de prensa deportiva o premio de periodismo: gremial, no medio"
702409,"Subvención nominativa  ASOCIACIÓN DE PERIODISTAS DE SEGOVIA, 2023",local,,SEGOVIA / AYUNTAMIENTO DE SEGOVIA,otras,false,91,"Asociación de la prensa / de periodistas / de prensa deportiva o premio de periodismo: gremial, no medio"
704730,"Decreto de Presidencia nº 3161 de 8 junio 2023, por el que se aprueba convenio con Asociación de Prensa Deportiva de Valladolid para la realización de su programa de promoción de actividades deportivas, año 2023.",local,,DIPUTACIÓN PROV. DE VALLADOLID / DIPUTACIÓN PROVINCIAL DE VALLADOLID,otras,false,84.2,"Asociación de la prensa / de periodistas / de prensa deportiva o premio de periodismo: gremial, no medio"
710037,SUBVENCIÓN NOMINATIVA ASOCIACIÓN DE PERIODISTAS DE ALBACETE PARA ACTIVIDADES DE FORMACIÓN Y PROMOCIÓN DEL PERIODISMO,local,,DIPUTACIÓN PROV. DE ALBACETE / DIPUTACIÓN PROVINCIAL DE ALBACETE,otras,false,"S,Q","Asociación de la prensa / de periodistas / de prensa deportiva o premio de periodismo: gremial, no medio"
712563,Subvención a Asociación de la Prensa Deportiva por organización de Copa San Pedro 2023,local,,ALICANTE/ALACANT / AYUNTAMIENTO DE ALICANTE/ALACANT,otras,false,"93.1,93.2","Asociación de la prensa / de periodistas / de prensa deportiva o premio de periodismo: gremial, no medio"
721815,CONVENIO DE COLABORACIÓN ENTRE EL AYUNTAMIENTO DE FERROL Y EL CLUB DE PRENSA DE FERROL. SUBVENCIÓN NOMINATIVA 2023.,local,,FERROL / AYUNTAMIENTO DE FERROL,otras,false,91,"Asociación de la prensa / de periodistas / de prensa deportiva o premio de periodismo: gremial, no medio"
729086,Acuerdo Junta de Gobierno Local de 22 de noviembre de 2023 que aprueba el convenio de colaboración entre Ayuntamiento de Logroño y Asociación de la Prensa de la Rioja 2023,local,,LOGROÑO / AYUNTAMIENTO DE LOGROÑO,otras,false,94.9,"Asociación de la prensa / de periodistas / de prensa deportiva o premio de periodismo: gremial, no medio"
732534,CONVENIO SINGULAR ASOCIACIÓN PRENSA DEPORTIVA - GALA DEPORTE PROVINCIAL 2023,local,,DIPUTACIÓN PROV. DE CASTELLÓN / DIPUTACIÓN PROVINCIAL DE CASTELLÓ/CASTELLÓN,otras,false,"93.1,93.2","Asociación de la prensa / de periodistas / de prensa deportiva o premio de periodismo: gremial, no medio"
733162,ASOCIACIÓN PRENSA DE CUENCA. JORNADAS Y PREMIOS BLANCE PERIODISMO LOCAL 2023.,local,,DIPUTACIÓN PROV. DE CUENCA / DIPUTACIÓN PROVINCIAL DE CUENCA,otras,false,"60.3,63.9","Asociación de la prensa / de periodistas / de prensa deportiva o premio de periodismo: gremial, no medio"
744236,"CONVENIO CONCESIÓN DIRECTA DE SUBVENCIÓN A LA ASOCIACIÓN SEGOVIANA DE LA PRENSA DEPORTIVA, PARA LA ORGANIZACIÓN DE LA GALA DEL DEPORTE SEGOVIANO 2024 (Decreto 2024-0887).",local,,DIPUTACIÓN PROV. DE SEGOVIA / DIPUTACIÓN PROVINCIAL DE SEGOVIA,otras,false,"93.1,93.2","Asociación de la prensa / de periodistas / de prensa deportiva o premio de periodismo: gremial, no medio"
746119,Convenio entre el ayuntamiento de A Coruña y la Asociación de la Prensa de La Coruña con la finalidad de contribuir a la financiación de los gastos ordinarios derivados de la organización de las siguientes actividades desarrolladas en el año 2023.,local,,"CORUÑA, A / AYUNTAMIENTO DE CORUÑA, A",otras,false,"91,90","Asociación de la prensa / de periodistas / de prensa deportiva o premio de periodismo: gremial, no medio"
751589,Subv Nom a la Asociación de Periodistas de Cáceres para la financiación de los gastos derivados de la impresión y presentación pública del Anuario de la Prensa del año 2023 durante 2024.,local,,DIPUTACIÓN PROV. DE CÁCERES / DIPUTACIÓN PROVINCIAL DE CÁCERES,otras,false,91,"Asociación de la prensa / de periodistas / de prensa deportiva o premio de periodismo: gremial, no medio"
753469,JUNTA DE GOBIERNO DE 19/03/2024 QUE APRUEBA EL CONVENIO DE COLABORACIÓN CON LA ASOCIACIÓN DE LA PRENSA DE GUADALAJARA PARA FORMACIÓN Y CUALIFICACIÓN PROFESIONAL DE LOS PERIODISTAS ASOCIADOS Y REALIZACIÓN DE ACTIVIDADES COMPLEMENTARIAS DE INTERÉS GENERAL,local,,DIPUTACIÓN PROV. DE GUADALAJARA / DIPUTACIÓN PROVINCIAL DE GUADALAJARA,otras,false,"93.1,85.5","Asociación de la prensa / de periodistas / de prensa deportiva o premio de periodismo: gremial, no medio"
756964,"SEMINARIO INTERNACIONAL EN MALTA, SOBRE FLUJOS MIGRATORIOS. ASOCIACIÓN DE LA PRENSA DEL CAMPO DE GIBRALTAR.",local,,DIPUTACIÓN PROV. DE CÁDIZ / DIPUTACIÓN PROVINCIAL DE CÁDIZ,otras,false,"T,H","Asociación de la prensa / de periodistas / de prensa deportiva o premio de periodismo: gremial, no medio"
756965,ACTIVIDAD Y DESARROLLO 2024. ASOCIACIÓN DE LA PRENSA DE JEREZ,local,,DIPUTACIÓN PROV. DE CÁDIZ / DIPUTACIÓN PROVINCIAL DE CÁDIZ,otras,false,"T,H","Asociación de la prensa / de periodistas / de prensa deportiva o premio de periodismo: gremial, no medio"
756966,ACTIVIDADES CULTURALES Y GASTOS CORRIENTES 2024 DE LA ASOCIACIÓN DE LA PRENSA DE CÁDIZ,local,,DIPUTACIÓN PROV. DE CÁDIZ / DIPUTACIÓN PROVINCIAL DE CÁDIZ,otras,false,"T,H","Asociación de la prensa / de periodistas / de prensa deportiva o premio de periodismo: gremial, no medio"
757676,SUBVENCIÓN NOMINATIVA A LA ASOC.PRENSA DE CÁDIZ PARA `FOTOCRÓNICA 2023`.-UN AÑO DE FOTOPERIODISMO EN LA PROVINCIA DE CÁDIZ.,local,,DIPUTACIÓN PROV. DE CÁDIZ / DIPUTACIÓN PROVINCIAL DE CÁDIZ,otras,false,"T,H","Asociación de la prensa / de periodistas / de prensa deportiva o premio de periodismo: gremial, no medio"
759638,SUBVENCIÓN DIRECTA A LA ASOCIACIÓN DE PERIODISTAS DE ARAGÓN PARA LA CELEBRACIÓN DEL XXV CONGRESO DEL PERIODISMO DE HUESCA,local,,HUESCA / AYUNTAMIENTO DE HUESCA,otras,false,"J,K","Asociación de la prensa / de periodistas / de prensa deportiva o premio de periodismo: gremial, no medio"
762585,CONVENIO CON LA ASOCIACIÓN DE LA PRENSA DE JAÉN PARA LA EJECUCIÓN DEL PROYECTO ALFABETIZACIÓN MEDIÁTICA: LOS MEDIOS DE COMUNICACIÓN EN LA ESCUELA: EL FORMATO PODCAST EN LA RADIO,local,,DIPUTACIÓN PROV. DE JAÉN / DIPUTACIÓN PROVINCIAL DE JAÉN,otras,false,85.6,"Asociación de la prensa / de periodistas / de prensa deportiva o premio de periodismo: gremial, no medio"
766446,Acuerdo Junta de Gobierno Local de 5 de junio de 2024 que aprueba el convenio de colaboración entre Ayuntamiento de Logroño y Asociación de la Prensa de la Rioja. Año 2024,local,,LOGROÑO / AYUNTAMIENTO DE LOGROÑO,otras,false,94,"Asociación de la prensa / de periodistas / de prensa deportiva o premio de periodismo: gremial, no medio"
766529,SUBVENCIÓN NOMINATIVA A LA ASOCIACIÓN DE PERIODISTAS DE ALBACETE PARA FINANCIACIÓN ACTIVIDADES DE FORMACIÓN Y PROMOCIÓN DEL PERIODISMO,local,,DIPUTACIÓN PROV. DE ALBACETE / DIPUTACIÓN PROVINCIAL DE ALBACETE,otras,false,"S,Q","Asociación de la prensa / de periodistas / de prensa deportiva o premio de periodismo: gremial, no medio"
771095,SUBVENCION NOMINATIVA ASOCIACIÓN DE LA PRENSA DE CADIZ,local,,DIPUTACIÓN PROV. DE CÁDIZ / DIPUTACIÓN PROVINCIAL DE CÁDIZ,otras,false,"S,Q","Asociación de la prensa / de periodistas / de prensa deportiva o premio de periodismo: gremial, no medio"
773015,Concesión de subvención a la Asociación Segoviana de la Prensa Deportiva para la celebración de la Gala Anual del Deporte Segoviano,local,,SEGOVIA / INSTITUTO MUNICIPAL DE DEPORTES DEL AYUNTAMIENTO DE SEGOVIA,otras,false,"93.1,93.2","Asociación de la prensa / de periodistas / de prensa deportiva o premio de periodismo: gremial, no medio"
774263,CONVENIO DE COLABORACIÓN ENTRE LA EXCMA. DIPUTACIÓN PROVINCIAL DE ALBACETE Y LA ASOCIACIÓN ESPAÑOLA DE LA PRENSA DEPORTIVA PARA LA CELEBRACIÓN DE LA GALA DEL DEPORTE NACIONAL Y EL CONGRESO NACIONAL DURANTE 2024.,local,,DIPUTACIÓN PROV. DE ALBACETE / DIPUTACIÓN PROVINCIAL DE ALBACETE,otras,false,"93.1,93.2","Asociación de la prensa / de periodistas / de prensa deportiva o premio de periodismo: gremial, no medio"
777824,"Decreto de Presidencia 3764 de 16 julio 2024 por el que se aprueba convenio Asociación de Prensa Deportiva de Valladolid (APDV) para la realización de su Programa de Actividades Deportivas, año 2024.",local,,DIPUTACIÓN PROV. DE VALLADOLID / DIPUTACIÓN PROVINCIAL DE VALLADOLID,otras,false,84.2,"Asociación de la prensa / de periodistas / de prensa deportiva o premio de periodismo: gremial, no medio"
779754,"Convenio de colaboración ASOCIACIÓN DE PERIODISTAS DE SEGOVIA, 2024",local,,SEGOVIA / AYUNTAMIENTO DE SEGOVIA,otras,false,"94,60,63","Asociación de la prensa / de periodistas / de prensa deportiva o premio de periodismo: gremial, no medio"
780184,Convenio de colaboración entre el Ayuntamiento de Ferrol y el Club de Prensa Ferrol. Subvención Nominativa año 2024,local,,FERROL / AYUNTAMIENTO DE FERROL,otras,false,"T,H","Asociación de la prensa / de periodistas / de prensa deportiva o premio de periodismo: gremial, no medio"
780820,Subv. a la Asociación de la Prensa Deportiva de Alicante por organización de LXXVI Copa San Pedro de Alicante,local,,ALICANTE/ALACANT / AYUNTAMIENTO DE ALICANTE/ALACANT,otras,false,"93.1,93.2","Asociación de la prensa / de periodistas / de prensa deportiva o premio de periodismo: gremial, no medio"
783106,"Convenio de colaboración entre el Ayuntamiento de A Coruña y la Asociación de la Prensa de La Coruña, con la finalidad de contribuir a la financiación de los gastos ordinarios derivados de la organización de las siguientes actividades desarrolladas 2024.",local,,"CORUÑA, A / AYUNTAMIENTO DE CORUÑA, A",otras,false,91,"Asociación de la prensa / de periodistas / de prensa deportiva o premio de periodismo: gremial, no medio"
787363,Convenio de colaboración entre el Ayuntamiento de Burgos y Asociación de la Prensa de Burgos.,local,,BURGOS / AYUNTAMIENTO DE BURGOS,otras,false,"93,85","Asociación de la prensa / de periodistas / de prensa deportiva o premio de periodismo: gremial, no medio"
804426,ASOCIACIÓN PRENSA DEPORTIVA. GALA DEL DEPORTE PROVINCIAL,local,,DIPUTACIÓN PROV. DE CASTELLÓN / DIPUTACIÓN PROVINCIAL DE CASTELLÓ/CASTELLÓN,otras,false,"93.1,93.2","Asociación de la prensa / de periodistas / de prensa deportiva o premio de periodismo: gremial, no medio"
804580,ASOCIACIÓN PRENSA DE CUENCA. VIII EDICIÓN PREMIOS PERIODISMO LOCAL,local,,DIPUTACIÓN PROV. DE CUENCA / DIPUTACIÓN PROVINCIAL DE CUENCA,otras,false,"T,H","Asociación de la prensa / de periodistas / de prensa deportiva o premio de periodismo: gremial, no medio"
815563,CONVENIO CONCESIÓN DE SUBVENCIÓN A LA ASOCIACIÓN SEGOVIANA DE LA PRENSA DEPORTIVA PARA LA GALA DEL DEPORTE (2025).,local,,DIPUTACIÓN PROV. DE SEGOVIA / DIPUTACIÓN PROVINCIAL DE SEGOVIA,otras,false,"93.1,93.2","Asociación de la prensa / de periodistas / de prensa deportiva o premio de periodismo: gremial, no medio"
818078,"SUBVENCIÓN ASOCIACION DE LA PRENSA DE CADIZ `EL periodismo en Democracia en el siglo XXI, Fake News 2.0: El Uso de la Inteligencia Artificial y las redes Sociales en la Manipulación Mediática y la Polarización Política Global.",local,,DIPUTACIÓN PROV. DE CÁDIZ / DIPUTACIÓN PROVINCIAL DE CÁDIZ,otras,false,"93.1,85.5","Asociación de la prensa / de periodistas / de prensa deportiva o premio de periodismo: gremial, no medio"
819660,"Subv Nom a la Asociación de Periodistas de Cáceres para la financiación de los gastos derivados de la impresión y presentación pública del Anuario de la Prensa del año 2024, durante 2025.",local,,DIPUTACIÓN PROV. DE CÁCERES / DIPUTACIÓN PROVINCIAL DE CÁCERES,otras,false,91,"Asociación de la prensa / de periodistas / de prensa deportiva o premio de periodismo: gremial, no medio"
820515,"Decreto de la presidencia nº 835 de 21 de febrero de 2025 por el que se aprueba el convenio con la Asoc. Prensa deportiva de Valladolid, para la realización de su programa de actividades deportivas, año 2025.",local,,DIPUTACIÓN PROV. DE VALLADOLID / DIPUTACIÓN PROVINCIAL DE VALLADOLID,otras,false,84.2,"Asociación de la prensa / de periodistas / de prensa deportiva o premio de periodismo: gremial, no medio"
830463,SUBVENCIÓN NOMINATIVA A LA ASOCIACIÓN DE PERIODISTAS DE ALBACETET PARA LA FINANCIACIÓN DE ACTIVIDADES DE FORMACIÓN Y PROMOCIÓN DEL PERIODISMO EN LA PROVINCIA,local,,DIPUTACIÓN PROV. DE ALBACETE / DIPUTACIÓN PROVINCIAL DE ALBACETE,otras,false,"T,H","Asociación de la prensa / de periodistas / de prensa deportiva o premio de periodismo: gremial, no medio"
830894,JG DE 22/04/2025 QUE APRUEBA EL CONVENIO CON LA ASOCIACIÓN DE LA PRENSA DE GUADALAJARA PARA EL AÑO 2025.,local,,DIPUTACIÓN PROV. DE GUADALAJARA / DIPUTACIÓN PROVINCIAL DE GUADALAJARA,otras,false,96,"Asociación de la prensa / de periodistas / de prensa deportiva o premio de periodismo: gremial, no medio"
831161,SUBVENCIÓN DIRECTA A LA ASOCIACIÓN DE PERIODISTAS DE ARAGÓN PARA LA CELEBRACIÓN DEL XXVI CONGRESO DE PERIODISMO DE HUESCA,local,,HUESCA / AYUNTAMIENTO DE HUESCA,otras,false,"J,K","Asociación de la prensa / de periodistas / de prensa deportiva o premio de periodismo: gremial, no medio"
848704,Convenio entre el Ayuntamiento de A Coruña y la Asociación de la Prensa para contribuir a la financiación de los gastos ordinarios derivados de la organización Pérez Lugín.,local,,"CORUÑA, A / AYUNTAMIENTO DE CORUÑA, A",otras,false,"91,90","Asociación de la prensa / de periodistas / de prensa deportiva o premio de periodismo: gremial, no medio"
853156,Acuerdo Junta de Gobierno Local de 20 de agosto de 2025 que aprueba el convenio de colaboración con la Asociación de la Prensa año 2025,local,,LOGROÑO / AYUNTAMIENTO DE LOGROÑO,otras,false,94.9,"Asociación de la prensa / de periodistas / de prensa deportiva o premio de periodismo: gremial, no medio"
853450,Convenio de Colaboración entre el Ayuntamiento de Guadalajara y la Asociación de la Prensa de Guadalajara 2025,local,,GUADALAJARA / AYUNTAMIENTO DE GUADALAJARA,otras,false,94.9,"Asociación de la prensa / de periodistas / de prensa deportiva o premio de periodismo: gremial, no medio"
855160,Subvención a la Asociación Segoviana de la Prensa Deportiva para el desarrollo de la Gala del Deporte Segoviano 2024.,local,,SEGOVIA / INSTITUTO MUNICIPAL DE DEPORTES DEL AYUNTAMIENTO DE SEGOVIA,otras,false,"93.1,93.2","Asociación de la prensa / de periodistas / de prensa deportiva o premio de periodismo: gremial, no medio"
855429,CONVENIO DE COLABORACIÓN ENTRE EL CONCELLO DE FERROL  Y EL  CLUB DE PRENSA FERROL. SUBVENCIÓN NOMINATIVA 2025,local,,FERROL / AYUNTAMIENTO DE FERROL,otras,false,"S,P","Asociación de la prensa / de periodistas / de prensa deportiva o premio de periodismo: gremial, no medio"
856640,APRENDIZAJE DE LOS MEDIOS DE COMUNICACION: ALFABETIZACION MEDIATICA EN LA ESCUELA - ASOCIACION DE LA PRENSA DE JAEN,local,,DIPUTACIÓN PROV. DE JAÉN / DIPUTACIÓN PROVINCIAL DE JAÉN,otras,false,94.9,"Asociación de la prensa / de periodistas / de prensa deportiva o premio de periodismo: gremial, no medio"
858524,Subv. a favor de la Asociación de la Prensa Deportiva de Alicante por organización de la Copa San Pedro 2025,local,,ALICANTE/ALACANT / AYUNTAMIENTO DE ALICANTE/ALACANT,otras,false,"93.1,93.2","Asociación de la prensa / de periodistas / de prensa deportiva o premio de periodismo: gremial, no medio"
870578,Convenio con el Colegio profesional de periodistas de Galicia para cofinanciar a realización del Premio periodistas de Libertad de Prensa 2025,local,,"DIPUTACIÓN PROV. DE A CORUÑA / DIPUTACIÓN PROVINCIAL DE CORUÑA, A",otras,false,58.1,"Asociación de la prensa / de periodistas / de prensa deportiva o premio de periodismo: gremial, no medio"
875700,ASOCIACIÓN PRENSA DEPORTIVA. GALA DEL DEPORTE PROVINCIAL,local,,DIPUTACIÓN PROV. DE CASTELLÓN / DIPUTACIÓN PROVINCIAL DE CASTELLÓ/CASTELLÓN,otras,false,"93.1,93.2","Asociación de la prensa / de periodistas / de prensa deportiva o premio de periodismo: gremial, no medio"
877048,C_SUBV_DP_14_2025_ASOCIACIÓN DE LA PRENSA DE BADAJOZ_Digitalización Hoja del lunes y su antecesora Norma,local,,DIPUTACIÓN PROV. DE BADAJOZ / DIPUTACIÓN PROVINCIAL DE BADAJOZ,otras,false,"T,H","Asociación de la prensa / de periodistas / de prensa deportiva o premio de periodismo: gremial, no medio"
878888,Convenio a suscribir con la Asociación de la Prensa Deportiva de Burgos para financiar la Gala del Deporte Burgalés celebrada el día 13 de marzo de 2025 y las XXVII Jornadas del Deporte Burgalés.,local,,BURGOS / AYUNTAMIENTO DE BURGOS,otras,false,"93,84","Asociación de la prensa / de periodistas / de prensa deportiva o premio de periodismo: gremial, no medio"
880858,CONVENIO DE COLABORACIÓN ENTRE EL EXCMO. AYUNTAMIENTO DE HUELVA Y LA ASOCIACIÓN ONUBENSE DE LA PRENSA DEPORTIVA 2025,local,,HUELVA / AYUNTAMIENTO DE HUELVA,otras,false,"93,84","Asociación de la prensa / de periodistas / de prensa deportiva o premio de periodismo: gremial, no medio"
885768,SUBVENCIÓN NOMINATIVA PARA LA ASOCIACIÓN DE PRENSA DE ALMERÍA DE 2025,local,,DIPUTACIÓN PROV. DE ALMERÍA / DIPUTACIÓN PROVINCIAL DE ALMERÍA,otras,false,84.1,"Asociación de la prensa / de periodistas / de prensa deportiva o premio de periodismo: gremial, no medio"
890730,"CONCESIÓN DIRECTA DE SUBVENCIÓN A LA ASOCIACIÓN SEGOVIANA DE LA PRENSA DEPORTIVA, PARA LA ORGANIZACIÓN DE LA GALA DEL DEPORTE SEGOVIANO 2026.",local,,DIPUTACIÓN PROV. DE SEGOVIA / DIPUTACIÓN PROVINCIAL DE SEGOVIA,otras,false,"93.1,93.2","Asociación de la prensa / de periodistas / de prensa deportiva o premio de periodismo: gremial, no medio"
893316,"Subv. Nom. Asociación de Periodistas de Cáceres, para sufragar gastos derivados de la impresión y presentación pública del Anuario de la Prensa, 2026",local,,DIPUTACIÓN PROV. DE CÁCERES / DIPUTACIÓN PROVINCIAL DE CÁCERES,otras,false,"S,P","Asociación de la prensa / de periodistas / de prensa deportiva o premio de periodismo: gremial, no medio"
899939,"CONVENIO COLABORACIÓN ENTRE AYUNTAMIENTO DE JEREZ Y LA ASOCIACIÓN DE LA PRENSA DE JEREZ DE LA FRONTERA PARA LA CONCESIÓN DE UNA SUBVENCIÓN DIRECTA NOMINATIVA CONCEDIDA PARA EL PROYECTO ""PROYECCIÓN SOCIAL Y CULTURAL DE LA ASOCIACIÓN DE LA PRENSA DE JEREZ""",local,,JEREZ DE LA FRONTERA / AYUNTAMIENTO DE JEREZ DE LA FRONTERA,otras,false,94.9,"Asociación de la prensa / de periodistas / de prensa deportiva o premio de periodismo: gremial, no medio"
901916,JG DE 14/04/2026 QUE APRUEBA EL CONVENIO CON LA ASOCIACIÓN DE LA PRENSA DE GUADALAJARA PARA EL AÑO 2026.,local,,DIPUTACIÓN PROV. DE GUADALAJARA / DIPUTACIÓN PROVINCIAL DE GUADALAJARA,otras,false,S,"Asociación de la prensa / de periodistas / de prensa deportiva o premio de periodismo: gremial, no medio"
905737,SUBV NOM 2026 A LA ASOCIACIÓN DE PRENSA DE CÁDIZ PARA FOTOCRÓNICA,local,,DIPUTACIÓN PROV. DE CÁDIZ / DIPUTACIÓN PROVINCIAL DE CÁDIZ,otras,false,74.2,"Asociación de la prensa / de periodistas / de prensa deportiva o premio de periodismo: gremial, no medio"
910167,SUBVENCION NOMINATIVA ASOCIACION DE LA PRENSA DE CADIZ `El Periodismo en Democracia en el siglo XXI: Discursos de odio en el entorno digital y periodismo responsable`.,local,,DIPUTACIÓN PROV. DE CÁDIZ / DIPUTACIÓN PROVINCIAL DE CÁDIZ,otras,false,85.5,"Asociación de la prensa / de periodistas / de prensa deportiva o premio de periodismo: gremial, no medio"
910566,Convenio de colaboración entre el Ayuntamiento de Ferrol y el Club de Prensa para la realización del diseño y maquetado de revista.,local,,FERROL / AYUNTAMIENTO DE FERROL,otras,false,91,"Asociación de la prensa / de periodistas / de prensa deportiva o premio de periodismo: gremial, no medio"
918119,"Convenio entre Asociación de la Prensa de La Coruña y el Ayuntamiento de A Coruña para financiar la organización del premio ""Pérez Lugín"" y otras actividades",local,,"CORUÑA, A / AYUNTAMIENTO DE CORUÑA, A",otras,false,91,"Asociación de la prensa / de periodistas / de prensa deportiva o premio de periodismo: gremial, no medio"
930394,Concesión de subv. a la Asociación Española de la Prensa Deportiva por organización Copa San Pedro 2026,local,,ALICANTE/ALACANT / AYUNTAMIENTO DE ALICANTE/ALACANT,otras,false,93.1,"Asociación de la prensa / de periodistas / de prensa deportiva o premio de periodismo: gremial, no medio"
931686,"Decreto de la Presidencia nº 4799 de 26 de agosto por el que se aprueba el convenio de colaboración entre la Diputación de Valladolid y la Asociación Prensa deportiva de Valladolid para la realización de su programa de actividades deportivas, año 2026",local,,DIPUTACIÓN PROV. DE VALLADOLID / DIPUTACIÓN PROVINCIAL DE VALLADOLID,otras,false,84.2,"Asociación de la prensa / de periodistas / de prensa deportiva o premio de periodismo: gremial, no medio"
804102,"Reforma para la mejora de la emisora municipal ""Matías Prats Radio"" de Villa del Río",local,01,DIPUTACIÓN PROV. DE CÓRDOBA / DIPUTACIÓN PROVINCIAL DE CÓRDOBA,otras,false,84.1,Emisora municipal de Villa del Río: medio público municipal
622922,CONVOCATORIA DE SUBVENCIONES PARA LA EDICIÓN DE PUBLICACIONES PERIÓDICAS DE CARÁCTER CULTURAL 2022.,local,02,DIPUTACIÓN PROV. DE TERUEL / DIPUTACIÓN PROVINCIAL DE TERUEL,otras,false,"S,P",Diputación de Teruel: publicaciones periódicas culturales editadas por ayuntamientos (públicas)
704836,APROBACIÓN CONVOCATORIA CONCESIÓN SUBVENCIONES PARA LA EDICIÓN DE PUBLICACIONES PERIÓDICAS DE CARÁCTER CULTURAL 2023.,local,02,DIPUTACIÓN PROV. DE TERUEL / DIPUTACIÓN PROVINCIAL DE TERUEL,otras,false,"S,P",Diputación de Teruel: publicaciones periódicas culturales editadas por ayuntamientos (públicas)
762339,APROBACIÓN CONVOCATORIA CONCESIÓN DE SUBVENCIONES EDICIÓN PUBLICACIONES PERIÓDICAS DE CARÁCTER CULTURAL 2024.,local,02,DIPUTACIÓN PROV. DE TERUEL / DIPUTACIÓN PROVINCIAL DE TERUEL,otras,false,"S,P",Diputación de Teruel: publicaciones periódicas culturales editadas por ayuntamientos (públicas)
843529,CONVOCATORIA DE SUBVENCIONES PARA LA EDICIÓN DE PUBLICACIONES PERIÓDICAS DE CARÁCTER CULTURAL EN LA PROVINCIA DE TERUEL 2025,local,02,DIPUTACIÓN PROV. DE TERUEL / DIPUTACIÓN PROVINCIAL DE TERUEL,otras,false,"S,P",Diputación de Teruel: publicaciones periódicas culturales editadas por ayuntamientos (públicas)
905252,CONVOCATORIA DE SUBVENCIONES PARA LA EDICIÓN DE PUBLICACIONES PERIÓDICAS DE CARÁCTER CULTURAL EN LA PROVINCIA DE TERUEL 2026,local,02,DIPUTACIÓN PROV. DE TERUEL / DIPUTACIÓN PROVINCIAL DE TERUEL,otras,false,91,Diputación de Teruel: publicaciones periódicas culturales editadas por ayuntamientos (públicas)
682752,SUBVENCION NOMINATIVA PRENSA JUVENIL CANARIA 2022,local,05,TEGUISE / AYUNTAMIENTO DE TEGUISE,otras,false,"T,H","Prensa Juvenil Canaria: ONG de voluntariado, no medio"
758387,"SUBVENCIÓN NOMINATIVA ASOCIACIÓN DE COOPERACIÓN Y VOLUNTARIADO INTERNACIONAL PRENSA JUVENIL CANARIA EJERCICIO2024, PARA LA EJECUCIÓN DEL PROYECTO ¿QUÉ ISLA DESEAMOS?",local,05,CABILDO INSULAR DE LANZAROTE / CABILDO INSULAR DE LANZAROTE,otras,false,"S,Q","Prensa Juvenil Canaria: ONG de voluntariado, no medio"
787942,"Subvención nominada ASOCIACIÓN COOP Y VOLUNTARIADO PRENSA JUVENIL CANARIA para el proyecto ""ACSODI (Agentes de Cambio Sociodigital)",local,05,CABILDO INSULAR DE LANZAROTE / CABILDO INSULAR DE LANZAROTE,otras,false,"S,P","Prensa Juvenil Canaria: ONG de voluntariado, no medio"
796036,SUBVENCION NOMINATIVA PRENSA JUVENIL CANARIA 2023,local,05,TEGUISE / AYUNTAMIENTO DE TEGUISE,otras,false,"T,H","Prensa Juvenil Canaria: ONG de voluntariado, no medio"
672382,Convenio de colaboración con el Instituto de Educación Secundaria 'Fray Pedro de Urbina' para el mantenimiento de la emisora de radio escolar durante el año 2022,local,07,MIRANDA DE EBRO / AYUNTAMIENTO DE MIRANDA DE EBRO,otras,false,85.3,Emisora escolar del IES Fray Pedro de Urbina: centro educativo público
866274,Convenio de colaboración con el I.E.S Fray Pedro de Urbina para el mantenimiento de la emisora de Radio Cadena Perpetua 2025,local,07,MIRANDA DE EBRO / AYUNTAMIENTO DE MIRANDA DE EBRO,otras,false,"S,Q",Emisora escolar del IES Fray Pedro de Urbina: centro educativo público
834229,JG DE 13/05/2025 QUE APRUEBA EL CONVENIO CON LA ASOCIACIÓN DE LA PRENSA DE GUADALAJARA PARA EL AÑO 2025.,local,08,DIPUTACIÓN PROV. DE GUADALAJARA / DIPUTACIÓN PROVINCIAL DE GUADALAJARA,otras,false,S,CEOE-CEPYME Guadalajara (título confuso): no medio
614294,Convocatòria Nominativa XIII Premis Carles Rahola de Comunicació Local,local,09,DIPUTACIÓN PROV. DE GIRONA / DIPUTACIÓN PROVINCIAL DE GIRONA,otras,false,"J,K",Premis Carles Rahola: premio
636470,"33è PREMI TURÍSTIC INTERNACIONAL ""PICA D`ESTATS"" DE PREMSA, RÀDIO, TELEVISIÓ I INTERNET",local,09,DIPUTACIÓN PROV. DE LLEIDA / PATRONAT INTERCOMARCAL DE TURISME DE LA DIPUTACIÓ DE LLEIDA,otras,false,84.1,Premi turístic Pica d'Estats: premio a periodistas
723370,"34è PREMI TURÍSTIC INTERNACIONAL `PICA D`ESTATS` DE PREMSA, RÀDIO, TELEVISIÓ I INTERNET",local,09,DIPUTACIÓN PROV. DE LLEIDA / PATRONAT INTERCOMARCAL DE TURISME DE LA DIPUTACIÓ DE LLEIDA,otras,false,84.1,Premi turístic Pica d'Estats: premio a periodistas
729107,Col·legi de Periodistes. VIII Simposi sobre Llibertat de Premsa,local,09,DIPUTACIÓN PROV. DE LLEIDA / DIPUTACIÓN PROVINCIAL DE LLEIDA,otras,false,94,"Col·legi de Periodistes: gremial, no medio"
750827,Bases de la 37ª edición de los Premios de Comunicación Local de la Diputación de Barcelona para el año 2024,local,09,DIPUTACIÓN PROV. DE BARCELONA / DIPUTACIÓN PROVINCIAL DE BARCELONA,otras,false,60,"Premios de Comunicación Local (Diputació de Barcelona): premios, no ayuda a la actividad"
785566,Col·legi de Periodistes. IX Simposi sobre Llibertat de Premsa,local,09,DIPUTACIÓN PROV. DE LLEIDA / DIPUTACIÓN PROVINCIAL DE LLEIDA,otras,false,94.9,"Col·legi de Periodistes: gremial, no medio"
786434,"35è PREMI TURÍSTIC INTERNACIONAL `PICA D`ESTATS` DE PREMSA, RADIO, TELEVISIÓ I MITJANS DIGITALS",local,09,DIPUTACIÓN PROV. DE LLEIDA / PATRONAT INTERCOMARCAL DE TURISME DE LA DIPUTACIÓ DE LLEIDA,otras,false,84.1,Premi turístic Pica d'Estats: premio a periodistas
826994,Bases de la 38ª edición de los Premios de Comunicación Local de la Diputación de Barcelona para el año 2025,local,09,DIPUTACIÓN PROV. DE BARCELONA / DIPUTACIÓN PROVINCIAL DE BARCELONA,otras,false,60,"Premios de Comunicación Local (Diputació de Barcelona): premios, no ayuda a la actividad"
861693,Col·legi de Periodistes - Demarcació de Lleida adquisició mobiliari i material audiovisual centre de premsa 2025,local,09,DIPUTACIÓN PROV. DE LLEIDA / DIPUTACIÓN PROVINCIAL DE LLEIDA,otras,false,94.9,"Col·legi de Periodistes: gremial, no medio"
895574,Bases de la 39ª edición de los Premios de Comunicación Local de la Diputación de Barcelona para el año 2026,local,09,DIPUTACIÓN PROV. DE BARCELONA / DIPUTACIÓN PROVINCIAL DE BARCELONA,otras,false,60,"Premios de Comunicación Local (Diputació de Barcelona): premios, no ayuda a la actividad"
762912,"Convocatoria pública de subvenciones 2024 para incentivar el emprendimiento en los mercados municipales, la instalación de determinadas actividades de interés público en los mismos y la modernización o sustitución de los quioscos de prensa, aprobada por D",local,13,"MADRID / ÁREA DE GOBIERNO DE ECONOMÍA, INNOVACIÓN Y EMPLEO",otras,false,"60,47",Mercados municipales (incluye quioscos): no medios
833720,"Convocatoria pública de subvenciones 2025 para incentivar el emprendimiento en los mercados municipales, la instalación de determinadas actividades de interés público en los mismos y la modernización o sustitución de los quioscos de prensa",local,13,"MADRID / ÁREA DE GOBIERNO DE ECONOMÍA, INNOVACIÓN Y HACIENDA",otras,false,"60,47",Mercados municipales (incluye quioscos): no medios
833721,"Convocatoria pública de subvenciones 2025 para incentivar el emprendimiento en los mercados municipales, la instalación de determinadas actividades de interés público en los mismos y la modernización o sustitución de los quioscos de prensa",local,13,"MADRID / ÁREA DE GOBIERNO DE ECONOMÍA, INNOVACIÓN Y HACIENDA",otras,false,"60,47",Mercados municipales (incluye quioscos): no medios
622905,Resolución de 21 de abril de 2022 del Ayuntamiento de Durango por la que se convocan las subvenciones para el fomento del euskera en las publicaciones periódicas de ámbito municipal. Año 2022,local,16,DURANGO / AYUNTAMIENTO DE DURANGO,otras,false,94,"Ayto. de Durango: euskera en publicaciones de asociaciones (boletines de clubes, AMPAs): no son medios"
690484,Resolución de 24 de abril de 2023 del área de euskera del Ayuntamiento de Durango por la que se convocan las subvenciones para publicaciones periódicas en euskera. Año 2023,local,16,DURANGO / AYUNTAMIENTO DE DURANGO,otras,false,"91,90","Ayto. de Durango: euskera en publicaciones de asociaciones (boletines de clubes, AMPAs): no son medios"
759191,Resolución 2024/1178 de 3 de mayo de 2024 por la que se convocan ayudas para el fomento del uso del euskera en las publicaciones periódicas de ámbito municipal. Año 2024,local,16,DURANGO / AYUNTAMIENTO DE DURANGO,otras,false,91,"Ayto. de Durango: euskera en publicaciones de asociaciones (boletines de clubes, AMPAs): no son medios"
828727,Resolución 2025/1255 de 24 de abril de 2025 por la que se convocan ayudas para el fomento del uso del euskera en las publicaciones periódicas de ámbito municipal. Año 2025.,local,16,DURANGO / AYUNTAMIENTO DE DURANGO,otras,false,94,"Ayto. de Durango: euskera en publicaciones de asociaciones (boletines de clubes, AMPAs): no son medios"
