anio,medio,penetracion_pct,universo_miles,fuente
1980,diarios_papel,26.7,23752.0,"AIMC, Marco General de los Medios en España 2026, pág. 11 «Evolución de la audiencia general de los medios 1980-2025» (EGM): https://www.aimc.es/a1mc-c0nt3nt/uploads/2026/02/Marco_General_Medios_2026.pdf"
1980,revistas_papel,49.6,23752.0,"AIMC, Marco General de los Medios en España 2026, pág. 11 «Evolución de la audiencia general de los medios 1980-2025» (EGM): https://www.aimc.es/a1mc-c0nt3nt/uploads/2026/02/Marco_General_Medios_2026.pdf"
1980,radio,51.4,23752.0,"AIMC, Marco General de los Medios en España 2026, pág. 11 «Evolución de la audiencia general de los medios 1980-2025» (EGM): https://www.aimc.es/a1mc-c0nt3nt/uploads/2026/02/Marco_General_Medios_2026.pdf"
1980,television,81.1,23752.0,"AIMC, Marco General de los Medios en España 2026, pág. 11 «Evolución de la audiencia general de los medios 1980-2025» (EGM): https://www.aimc.es/a1mc-c0nt3nt/uploads/2026/02/Marco_General_Medios_2026.pdf"
1980,cine,12.5,23752.0,"AIMC, Marco General de los Medios en España 2026, pág. 11 «Evolución de la audiencia general de los medios 1980-2025» (EGM): https://www.aimc.es/a1mc-c0nt3nt/uploads/2026/02/Marco_General_Medios_2026.pdf"
1981,diarios_papel,30.5,23752.0,"AIMC, Marco General de los Medios en España 2026, pág. 11 «Evolución de la audiencia general de los medios 1980-2025» (EGM): https://www.aimc.es/a1mc-c0nt3nt/uploads/2026/02/Marco_General_Medios_2026.pdf"
1981,suplementos_papel,12.7,23752.0,"AIMC, Marco General de los Medios en España 2026, pág. 11 «Evolución de la audiencia general de los medios 1980-2025» (EGM): https://www.aimc.es/a1mc-c0nt3nt/uploads/2026/02/Marco_General_Medios_2026.pdf"
1981,revistas_papel,49.7,23752.0,"AIMC, Marco General de los Medios en España 2026, pág. 11 «Evolución de la audiencia general de los medios 1980-2025» (EGM): https://www.aimc.es/a1mc-c0nt3nt/uploads/2026/02/Marco_General_Medios_2026.pdf"
1981,radio,53.9,23752.0,"AIMC, Marco General de los Medios en España 2026, pág. 11 «Evolución de la audiencia general de los medios 1980-2025» (EGM): https://www.aimc.es/a1mc-c0nt3nt/uploads/2026/02/Marco_General_Medios_2026.pdf"
1981,television,82.0,23752.0,"AIMC, Marco General de los Medios en España 2026, pág. 11 «Evolución de la audiencia general de los medios 1980-2025» (EGM): https://www.aimc.es/a1mc-c0nt3nt/uploads/2026/02/Marco_General_Medios_2026.pdf"
1981,cine,12.7,23752.0,"AIMC, Marco General de los Medios en España 2026, pág. 11 «Evolución de la audiencia general de los medios 1980-2025» (EGM): https://www.aimc.es/a1mc-c0nt3nt/uploads/2026/02/Marco_General_Medios_2026.pdf"
1982,diarios_papel,30.4,27438.0,"AIMC, Marco General de los Medios en España 2026, pág. 11 «Evolución de la audiencia general de los medios 1980-2025» (EGM): https://www.aimc.es/a1mc-c0nt3nt/uploads/2026/02/Marco_General_Medios_2026.pdf"
1982,suplementos_papel,18.6,27438.0,"AIMC, Marco General de los Medios en España 2026, pág. 11 «Evolución de la audiencia general de los medios 1980-2025» (EGM): https://www.aimc.es/a1mc-c0nt3nt/uploads/2026/02/Marco_General_Medios_2026.pdf"
1982,revistas_papel,38.2,27438.0,"AIMC, Marco General de los Medios en España 2026, pág. 11 «Evolución de la audiencia general de los medios 1980-2025» (EGM): https://www.aimc.es/a1mc-c0nt3nt/uploads/2026/02/Marco_General_Medios_2026.pdf"
1982,radio,62.0,27438.0,"AIMC, Marco General de los Medios en España 2026, pág. 11 «Evolución de la audiencia general de los medios 1980-2025» (EGM): https://www.aimc.es/a1mc-c0nt3nt/uploads/2026/02/Marco_General_Medios_2026.pdf"
1982,television,79.8,27438.0,"AIMC, Marco General de los Medios en España 2026, pág. 11 «Evolución de la audiencia general de los medios 1980-2025» (EGM): https://www.aimc.es/a1mc-c0nt3nt/uploads/2026/02/Marco_General_Medios_2026.pdf"
1982,cine,13.5,27438.0,"AIMC, Marco General de los Medios en España 2026, pág. 11 «Evolución de la audiencia general de los medios 1980-2025» (EGM): https://www.aimc.es/a1mc-c0nt3nt/uploads/2026/02/Marco_General_Medios_2026.pdf"
1983,diarios_papel,33.9,27439.0,"AIMC, Marco General de los Medios en España 2026, pág. 11 «Evolución de la audiencia general de los medios 1980-2025» (EGM): https://www.aimc.es/a1mc-c0nt3nt/uploads/2026/02/Marco_General_Medios_2026.pdf"
1983,suplementos_papel,21.2,27439.0,"AIMC, Marco General de los Medios en España 2026, pág. 11 «Evolución de la audiencia general de los medios 1980-2025» (EGM): https://www.aimc.es/a1mc-c0nt3nt/uploads/2026/02/Marco_General_Medios_2026.pdf"
1983,revistas_papel,45.8,27439.0,"AIMC, Marco General de los Medios en España 2026, pág. 11 «Evolución de la audiencia general de los medios 1980-2025» (EGM): https://www.aimc.es/a1mc-c0nt3nt/uploads/2026/02/Marco_General_Medios_2026.pdf"
1983,radio,59.7,27439.0,"AIMC, Marco General de los Medios en España 2026, pág. 11 «Evolución de la audiencia general de los medios 1980-2025» (EGM): https://www.aimc.es/a1mc-c0nt3nt/uploads/2026/02/Marco_General_Medios_2026.pdf"
1983,television,80.3,27439.0,"AIMC, Marco General de los Medios en España 2026, pág. 11 «Evolución de la audiencia general de los medios 1980-2025» (EGM): https://www.aimc.es/a1mc-c0nt3nt/uploads/2026/02/Marco_General_Medios_2026.pdf"
1983,cine,12.5,27439.0,"AIMC, Marco General de los Medios en España 2026, pág. 11 «Evolución de la audiencia general de los medios 1980-2025» (EGM): https://www.aimc.es/a1mc-c0nt3nt/uploads/2026/02/Marco_General_Medios_2026.pdf"
1984,diarios_papel,33.1,27876.0,"AIMC, Marco General de los Medios en España 2026, pág. 11 «Evolución de la audiencia general de los medios 1980-2025» (EGM): https://www.aimc.es/a1mc-c0nt3nt/uploads/2026/02/Marco_General_Medios_2026.pdf"
1984,suplementos_papel,26.0,27876.0,"AIMC, Marco General de los Medios en España 2026, pág. 11 «Evolución de la audiencia general de los medios 1980-2025» (EGM): https://www.aimc.es/a1mc-c0nt3nt/uploads/2026/02/Marco_General_Medios_2026.pdf"
1984,revistas_papel,55.5,27876.0,"AIMC, Marco General de los Medios en España 2026, pág. 11 «Evolución de la audiencia general de los medios 1980-2025» (EGM): https://www.aimc.es/a1mc-c0nt3nt/uploads/2026/02/Marco_General_Medios_2026.pdf"
1984,radio,60.7,27876.0,"AIMC, Marco General de los Medios en España 2026, pág. 11 «Evolución de la audiencia general de los medios 1980-2025» (EGM): https://www.aimc.es/a1mc-c0nt3nt/uploads/2026/02/Marco_General_Medios_2026.pdf"
1984,television,86.7,27876.0,"AIMC, Marco General de los Medios en España 2026, pág. 11 «Evolución de la audiencia general de los medios 1980-2025» (EGM): https://www.aimc.es/a1mc-c0nt3nt/uploads/2026/02/Marco_General_Medios_2026.pdf"
1984,cine,9.9,27876.0,"AIMC, Marco General de los Medios en España 2026, pág. 11 «Evolución de la audiencia general de los medios 1980-2025» (EGM): https://www.aimc.es/a1mc-c0nt3nt/uploads/2026/02/Marco_General_Medios_2026.pdf"
1985,diarios_papel,31.4,28661.0,"AIMC, Marco General de los Medios en España 2026, pág. 11 «Evolución de la audiencia general de los medios 1980-2025» (EGM): https://www.aimc.es/a1mc-c0nt3nt/uploads/2026/02/Marco_General_Medios_2026.pdf"
1985,suplementos_papel,28.2,28661.0,"AIMC, Marco General de los Medios en España 2026, pág. 11 «Evolución de la audiencia general de los medios 1980-2025» (EGM): https://www.aimc.es/a1mc-c0nt3nt/uploads/2026/02/Marco_General_Medios_2026.pdf"
1985,revistas_papel,56.6,28661.0,"AIMC, Marco General de los Medios en España 2026, pág. 11 «Evolución de la audiencia general de los medios 1980-2025» (EGM): https://www.aimc.es/a1mc-c0nt3nt/uploads/2026/02/Marco_General_Medios_2026.pdf"
1985,radio,56.1,28661.0,"AIMC, Marco General de los Medios en España 2026, pág. 11 «Evolución de la audiencia general de los medios 1980-2025» (EGM): https://www.aimc.es/a1mc-c0nt3nt/uploads/2026/02/Marco_General_Medios_2026.pdf"
1985,television,86.6,28661.0,"AIMC, Marco General de los Medios en España 2026, pág. 11 «Evolución de la audiencia general de los medios 1980-2025» (EGM): https://www.aimc.es/a1mc-c0nt3nt/uploads/2026/02/Marco_General_Medios_2026.pdf"
1985,cine,9.4,28661.0,"AIMC, Marco General de los Medios en España 2026, pág. 11 «Evolución de la audiencia general de los medios 1980-2025» (EGM): https://www.aimc.es/a1mc-c0nt3nt/uploads/2026/02/Marco_General_Medios_2026.pdf"
1986,diarios_papel,31.2,28918.0,"AIMC, Marco General de los Medios en España 2026, pág. 11 «Evolución de la audiencia general de los medios 1980-2025» (EGM): https://www.aimc.es/a1mc-c0nt3nt/uploads/2026/02/Marco_General_Medios_2026.pdf"
1986,suplementos_papel,30.3,28918.0,"AIMC, Marco General de los Medios en España 2026, pág. 11 «Evolución de la audiencia general de los medios 1980-2025» (EGM): https://www.aimc.es/a1mc-c0nt3nt/uploads/2026/02/Marco_General_Medios_2026.pdf"
1986,revistas_papel,51.7,28918.0,"AIMC, Marco General de los Medios en España 2026, pág. 11 «Evolución de la audiencia general de los medios 1980-2025» (EGM): https://www.aimc.es/a1mc-c0nt3nt/uploads/2026/02/Marco_General_Medios_2026.pdf"
1986,radio,55.3,28918.0,"AIMC, Marco General de los Medios en España 2026, pág. 11 «Evolución de la audiencia general de los medios 1980-2025» (EGM): https://www.aimc.es/a1mc-c0nt3nt/uploads/2026/02/Marco_General_Medios_2026.pdf"
1986,television,87.9,28918.0,"AIMC, Marco General de los Medios en España 2026, pág. 11 «Evolución de la audiencia general de los medios 1980-2025» (EGM): https://www.aimc.es/a1mc-c0nt3nt/uploads/2026/02/Marco_General_Medios_2026.pdf"
1986,cine,8.3,28918.0,"AIMC, Marco General de los Medios en España 2026, pág. 11 «Evolución de la audiencia general de los medios 1980-2025» (EGM): https://www.aimc.es/a1mc-c0nt3nt/uploads/2026/02/Marco_General_Medios_2026.pdf"
1987,diarios_papel,30.1,28918.0,"AIMC, Marco General de los Medios en España 2026, pág. 11 «Evolución de la audiencia general de los medios 1980-2025» (EGM): https://www.aimc.es/a1mc-c0nt3nt/uploads/2026/02/Marco_General_Medios_2026.pdf"
1987,suplementos_papel,30.0,28918.0,"AIMC, Marco General de los Medios en España 2026, pág. 11 «Evolución de la audiencia general de los medios 1980-2025» (EGM): https://www.aimc.es/a1mc-c0nt3nt/uploads/2026/02/Marco_General_Medios_2026.pdf"
1987,revistas_papel,52.1,28918.0,"AIMC, Marco General de los Medios en España 2026, pág. 11 «Evolución de la audiencia general de los medios 1980-2025» (EGM): https://www.aimc.es/a1mc-c0nt3nt/uploads/2026/02/Marco_General_Medios_2026.pdf"
1987,radio,54.7,28918.0,"AIMC, Marco General de los Medios en España 2026, pág. 11 «Evolución de la audiencia general de los medios 1980-2025» (EGM): https://www.aimc.es/a1mc-c0nt3nt/uploads/2026/02/Marco_General_Medios_2026.pdf"
1987,television,86.7,28918.0,"AIMC, Marco General de los Medios en España 2026, pág. 11 «Evolución de la audiencia general de los medios 1980-2025» (EGM): https://www.aimc.es/a1mc-c0nt3nt/uploads/2026/02/Marco_General_Medios_2026.pdf"
1987,cine,7.7,28918.0,"AIMC, Marco General de los Medios en España 2026, pág. 11 «Evolución de la audiencia general de los medios 1980-2025» (EGM): https://www.aimc.es/a1mc-c0nt3nt/uploads/2026/02/Marco_General_Medios_2026.pdf"
1988,diarios_papel,30.0,30050.0,"AIMC, Marco General de los Medios en España 2026, pág. 11 «Evolución de la audiencia general de los medios 1980-2025» (EGM): https://www.aimc.es/a1mc-c0nt3nt/uploads/2026/02/Marco_General_Medios_2026.pdf"
1988,suplementos_papel,30.2,30050.0,"AIMC, Marco General de los Medios en España 2026, pág. 11 «Evolución de la audiencia general de los medios 1980-2025» (EGM): https://www.aimc.es/a1mc-c0nt3nt/uploads/2026/02/Marco_General_Medios_2026.pdf"
1988,revistas_papel,54.9,30050.0,"AIMC, Marco General de los Medios en España 2026, pág. 11 «Evolución de la audiencia general de los medios 1980-2025» (EGM): https://www.aimc.es/a1mc-c0nt3nt/uploads/2026/02/Marco_General_Medios_2026.pdf"
1988,radio,53.0,30050.0,"AIMC, Marco General de los Medios en España 2026, pág. 11 «Evolución de la audiencia general de los medios 1980-2025» (EGM): https://www.aimc.es/a1mc-c0nt3nt/uploads/2026/02/Marco_General_Medios_2026.pdf"
1988,television,87.2,30050.0,"AIMC, Marco General de los Medios en España 2026, pág. 11 «Evolución de la audiencia general de los medios 1980-2025» (EGM): https://www.aimc.es/a1mc-c0nt3nt/uploads/2026/02/Marco_General_Medios_2026.pdf"
1988,cine,6.7,30050.0,"AIMC, Marco General de los Medios en España 2026, pág. 11 «Evolución de la audiencia general de los medios 1980-2025» (EGM): https://www.aimc.es/a1mc-c0nt3nt/uploads/2026/02/Marco_General_Medios_2026.pdf"
1989,diarios_papel,30.2,31310.0,"AIMC, Marco General de los Medios en España 2026, pág. 11 «Evolución de la audiencia general de los medios 1980-2025» (EGM): https://www.aimc.es/a1mc-c0nt3nt/uploads/2026/02/Marco_General_Medios_2026.pdf"
1989,suplementos_papel,32.0,31310.0,"AIMC, Marco General de los Medios en España 2026, pág. 11 «Evolución de la audiencia general de los medios 1980-2025» (EGM): https://www.aimc.es/a1mc-c0nt3nt/uploads/2026/02/Marco_General_Medios_2026.pdf"
1989,revistas_papel,55.8,31310.0,"AIMC, Marco General de los Medios en España 2026, pág. 11 «Evolución de la audiencia general de los medios 1980-2025» (EGM): https://www.aimc.es/a1mc-c0nt3nt/uploads/2026/02/Marco_General_Medios_2026.pdf"
1989,radio,53.0,31310.0,"AIMC, Marco General de los Medios en España 2026, pág. 11 «Evolución de la audiencia general de los medios 1980-2025» (EGM): https://www.aimc.es/a1mc-c0nt3nt/uploads/2026/02/Marco_General_Medios_2026.pdf"
1989,television,86.1,31310.0,"AIMC, Marco General de los Medios en España 2026, pág. 11 «Evolución de la audiencia general de los medios 1980-2025» (EGM): https://www.aimc.es/a1mc-c0nt3nt/uploads/2026/02/Marco_General_Medios_2026.pdf"
1989,cine,6.6,31310.0,"AIMC, Marco General de los Medios en España 2026, pág. 11 «Evolución de la audiencia general de los medios 1980-2025» (EGM): https://www.aimc.es/a1mc-c0nt3nt/uploads/2026/02/Marco_General_Medios_2026.pdf"
1990,diarios_papel,31.9,31575.0,"AIMC, Marco General de los Medios en España 2026, pág. 11 «Evolución de la audiencia general de los medios 1980-2025» (EGM): https://www.aimc.es/a1mc-c0nt3nt/uploads/2026/02/Marco_General_Medios_2026.pdf"
1990,suplementos_papel,35.3,31575.0,"AIMC, Marco General de los Medios en España 2026, pág. 11 «Evolución de la audiencia general de los medios 1980-2025» (EGM): https://www.aimc.es/a1mc-c0nt3nt/uploads/2026/02/Marco_General_Medios_2026.pdf"
1990,revistas_papel,56.8,31575.0,"AIMC, Marco General de los Medios en España 2026, pág. 11 «Evolución de la audiencia general de los medios 1980-2025» (EGM): https://www.aimc.es/a1mc-c0nt3nt/uploads/2026/02/Marco_General_Medios_2026.pdf"
1990,radio,50.5,31575.0,"AIMC, Marco General de los Medios en España 2026, pág. 11 «Evolución de la audiencia general de los medios 1980-2025» (EGM): https://www.aimc.es/a1mc-c0nt3nt/uploads/2026/02/Marco_General_Medios_2026.pdf"
1990,television,87.4,31575.0,"AIMC, Marco General de los Medios en España 2026, pág. 11 «Evolución de la audiencia general de los medios 1980-2025» (EGM): https://www.aimc.es/a1mc-c0nt3nt/uploads/2026/02/Marco_General_Medios_2026.pdf"
1990,cine,6.7,31575.0,"AIMC, Marco General de los Medios en España 2026, pág. 11 «Evolución de la audiencia general de los medios 1980-2025» (EGM): https://www.aimc.es/a1mc-c0nt3nt/uploads/2026/02/Marco_General_Medios_2026.pdf"
1991,diarios_papel,32.4,32000.0,"AIMC, Marco General de los Medios en España 2026, pág. 11 «Evolución de la audiencia general de los medios 1980-2025» (EGM): https://www.aimc.es/a1mc-c0nt3nt/uploads/2026/02/Marco_General_Medios_2026.pdf"
1991,suplementos_papel,36.1,32000.0,"AIMC, Marco General de los Medios en España 2026, pág. 11 «Evolución de la audiencia general de los medios 1980-2025» (EGM): https://www.aimc.es/a1mc-c0nt3nt/uploads/2026/02/Marco_General_Medios_2026.pdf"
1991,revistas_papel,58.2,32000.0,"AIMC, Marco General de los Medios en España 2026, pág. 11 «Evolución de la audiencia general de los medios 1980-2025» (EGM): https://www.aimc.es/a1mc-c0nt3nt/uploads/2026/02/Marco_General_Medios_2026.pdf"
1991,radio,52.2,32000.0,"AIMC, Marco General de los Medios en España 2026, pág. 11 «Evolución de la audiencia general de los medios 1980-2025» (EGM): https://www.aimc.es/a1mc-c0nt3nt/uploads/2026/02/Marco_General_Medios_2026.pdf"
1991,television,89.5,32000.0,"AIMC, Marco General de los Medios en España 2026, pág. 11 «Evolución de la audiencia general de los medios 1980-2025» (EGM): https://www.aimc.es/a1mc-c0nt3nt/uploads/2026/02/Marco_General_Medios_2026.pdf"
1991,cine,6.3,32000.0,"AIMC, Marco General de los Medios en España 2026, pág. 11 «Evolución de la audiencia general de los medios 1980-2025» (EGM): https://www.aimc.es/a1mc-c0nt3nt/uploads/2026/02/Marco_General_Medios_2026.pdf"
1992,diarios_papel,33.6,32000.0,"AIMC, Marco General de los Medios en España 2026, pág. 11 «Evolución de la audiencia general de los medios 1980-2025» (EGM): https://www.aimc.es/a1mc-c0nt3nt/uploads/2026/02/Marco_General_Medios_2026.pdf"
1992,suplementos_papel,36.6,32000.0,"AIMC, Marco General de los Medios en España 2026, pág. 11 «Evolución de la audiencia general de los medios 1980-2025» (EGM): https://www.aimc.es/a1mc-c0nt3nt/uploads/2026/02/Marco_General_Medios_2026.pdf"
1992,revistas_papel,57.9,32000.0,"AIMC, Marco General de los Medios en España 2026, pág. 11 «Evolución de la audiencia general de los medios 1980-2025» (EGM): https://www.aimc.es/a1mc-c0nt3nt/uploads/2026/02/Marco_General_Medios_2026.pdf"
1992,radio,52.4,32000.0,"AIMC, Marco General de los Medios en España 2026, pág. 11 «Evolución de la audiencia general de los medios 1980-2025» (EGM): https://www.aimc.es/a1mc-c0nt3nt/uploads/2026/02/Marco_General_Medios_2026.pdf"
1992,television,89.5,32000.0,"AIMC, Marco General de los Medios en España 2026, pág. 11 «Evolución de la audiencia general de los medios 1980-2025» (EGM): https://www.aimc.es/a1mc-c0nt3nt/uploads/2026/02/Marco_General_Medios_2026.pdf"
1992,cine,6.9,32000.0,"AIMC, Marco General de los Medios en España 2026, pág. 11 «Evolución de la audiencia general de los medios 1980-2025» (EGM): https://www.aimc.es/a1mc-c0nt3nt/uploads/2026/02/Marco_General_Medios_2026.pdf"
1993,diarios_papel,36.4,32000.0,"AIMC, Marco General de los Medios en España 2026, pág. 11 «Evolución de la audiencia general de los medios 1980-2025» (EGM): https://www.aimc.es/a1mc-c0nt3nt/uploads/2026/02/Marco_General_Medios_2026.pdf"
1993,suplementos_papel,37.9,32000.0,"AIMC, Marco General de los Medios en España 2026, pág. 11 «Evolución de la audiencia general de los medios 1980-2025» (EGM): https://www.aimc.es/a1mc-c0nt3nt/uploads/2026/02/Marco_General_Medios_2026.pdf"
1993,revistas_papel,56.2,32000.0,"AIMC, Marco General de los Medios en España 2026, pág. 11 «Evolución de la audiencia general de los medios 1980-2025» (EGM): https://www.aimc.es/a1mc-c0nt3nt/uploads/2026/02/Marco_General_Medios_2026.pdf"
1993,radio,52.9,32000.0,"AIMC, Marco General de los Medios en España 2026, pág. 11 «Evolución de la audiencia general de los medios 1980-2025» (EGM): https://www.aimc.es/a1mc-c0nt3nt/uploads/2026/02/Marco_General_Medios_2026.pdf"
1993,television,90.1,32000.0,"AIMC, Marco General de los Medios en España 2026, pág. 11 «Evolución de la audiencia general de los medios 1980-2025» (EGM): https://www.aimc.es/a1mc-c0nt3nt/uploads/2026/02/Marco_General_Medios_2026.pdf"
1993,cine,7.6,32000.0,"AIMC, Marco General de los Medios en España 2026, pág. 11 «Evolución de la audiencia general de los medios 1980-2025» (EGM): https://www.aimc.es/a1mc-c0nt3nt/uploads/2026/02/Marco_General_Medios_2026.pdf"
1994,diarios_papel,36.8,32332.0,"AIMC, Marco General de los Medios en España 2026, pág. 11 «Evolución de la audiencia general de los medios 1980-2025» (EGM): https://www.aimc.es/a1mc-c0nt3nt/uploads/2026/02/Marco_General_Medios_2026.pdf"
1994,suplementos_papel,36.1,32332.0,"AIMC, Marco General de los Medios en España 2026, pág. 11 «Evolución de la audiencia general de los medios 1980-2025» (EGM): https://www.aimc.es/a1mc-c0nt3nt/uploads/2026/02/Marco_General_Medios_2026.pdf"
1994,revistas_papel,54.0,32332.0,"AIMC, Marco General de los Medios en España 2026, pág. 11 «Evolución de la audiencia general de los medios 1980-2025» (EGM): https://www.aimc.es/a1mc-c0nt3nt/uploads/2026/02/Marco_General_Medios_2026.pdf"
1994,radio,55.4,32332.0,"AIMC, Marco General de los Medios en España 2026, pág. 11 «Evolución de la audiencia general de los medios 1980-2025» (EGM): https://www.aimc.es/a1mc-c0nt3nt/uploads/2026/02/Marco_General_Medios_2026.pdf"
1994,television,90.4,32332.0,"AIMC, Marco General de los Medios en España 2026, pág. 11 «Evolución de la audiencia general de los medios 1980-2025» (EGM): https://www.aimc.es/a1mc-c0nt3nt/uploads/2026/02/Marco_General_Medios_2026.pdf"
1994,cine,7.8,32332.0,"AIMC, Marco General de los Medios en España 2026, pág. 11 «Evolución de la audiencia general de los medios 1980-2025» (EGM): https://www.aimc.es/a1mc-c0nt3nt/uploads/2026/02/Marco_General_Medios_2026.pdf"
1995,diarios_papel,38.0,33576.0,"AIMC, Marco General de los Medios en España 2026, pág. 11 «Evolución de la audiencia general de los medios 1980-2025» (EGM): https://www.aimc.es/a1mc-c0nt3nt/uploads/2026/02/Marco_General_Medios_2026.pdf"
1995,suplementos_papel,33.8,33576.0,"AIMC, Marco General de los Medios en España 2026, pág. 11 «Evolución de la audiencia general de los medios 1980-2025» (EGM): https://www.aimc.es/a1mc-c0nt3nt/uploads/2026/02/Marco_General_Medios_2026.pdf"
1995,revistas_papel,54.7,33576.0,"AIMC, Marco General de los Medios en España 2026, pág. 11 «Evolución de la audiencia general de los medios 1980-2025» (EGM): https://www.aimc.es/a1mc-c0nt3nt/uploads/2026/02/Marco_General_Medios_2026.pdf"
1995,radio,56.5,33576.0,"AIMC, Marco General de los Medios en España 2026, pág. 11 «Evolución de la audiencia general de los medios 1980-2025» (EGM): https://www.aimc.es/a1mc-c0nt3nt/uploads/2026/02/Marco_General_Medios_2026.pdf"
1995,television,91.1,33576.0,"AIMC, Marco General de los Medios en España 2026, pág. 11 «Evolución de la audiencia general de los medios 1980-2025» (EGM): https://www.aimc.es/a1mc-c0nt3nt/uploads/2026/02/Marco_General_Medios_2026.pdf"
1995,cine,8.3,33576.0,"AIMC, Marco General de los Medios en España 2026, pág. 11 «Evolución de la audiencia general de los medios 1980-2025» (EGM): https://www.aimc.es/a1mc-c0nt3nt/uploads/2026/02/Marco_General_Medios_2026.pdf"
1996,diarios_papel,38.2,33794.0,"AIMC, Marco General de los Medios en España 2026, pág. 11 «Evolución de la audiencia general de los medios 1980-2025» (EGM): https://www.aimc.es/a1mc-c0nt3nt/uploads/2026/02/Marco_General_Medios_2026.pdf"
1996,suplementos_papel,32.9,33794.0,"AIMC, Marco General de los Medios en España 2026, pág. 11 «Evolución de la audiencia general de los medios 1980-2025» (EGM): https://www.aimc.es/a1mc-c0nt3nt/uploads/2026/02/Marco_General_Medios_2026.pdf"
1996,revistas_papel,55.6,33794.0,"AIMC, Marco General de los Medios en España 2026, pág. 11 «Evolución de la audiencia general de los medios 1980-2025» (EGM): https://www.aimc.es/a1mc-c0nt3nt/uploads/2026/02/Marco_General_Medios_2026.pdf"
1996,radio,56.6,33794.0,"AIMC, Marco General de los Medios en España 2026, pág. 11 «Evolución de la audiencia general de los medios 1980-2025» (EGM): https://www.aimc.es/a1mc-c0nt3nt/uploads/2026/02/Marco_General_Medios_2026.pdf"
1996,television,91.3,33794.0,"AIMC, Marco General de los Medios en España 2026, pág. 11 «Evolución de la audiencia general de los medios 1980-2025» (EGM): https://www.aimc.es/a1mc-c0nt3nt/uploads/2026/02/Marco_General_Medios_2026.pdf"
1996,cine,9.3,33794.0,"AIMC, Marco General de los Medios en España 2026, pág. 11 «Evolución de la audiencia general de los medios 1980-2025» (EGM): https://www.aimc.es/a1mc-c0nt3nt/uploads/2026/02/Marco_General_Medios_2026.pdf"
1997,diarios_papel,37.7,33984.0,"AIMC, Marco General de los Medios en España 2026, pág. 11 «Evolución de la audiencia general de los medios 1980-2025» (EGM): https://www.aimc.es/a1mc-c0nt3nt/uploads/2026/02/Marco_General_Medios_2026.pdf"
1997,suplementos_papel,32.4,33984.0,"AIMC, Marco General de los Medios en España 2026, pág. 11 «Evolución de la audiencia general de los medios 1980-2025» (EGM): https://www.aimc.es/a1mc-c0nt3nt/uploads/2026/02/Marco_General_Medios_2026.pdf"
1997,revistas_papel,54.7,33984.0,"AIMC, Marco General de los Medios en España 2026, pág. 11 «Evolución de la audiencia general de los medios 1980-2025» (EGM): https://www.aimc.es/a1mc-c0nt3nt/uploads/2026/02/Marco_General_Medios_2026.pdf"
1997,radio,55.0,33984.0,"AIMC, Marco General de los Medios en España 2026, pág. 11 «Evolución de la audiencia general de los medios 1980-2025» (EGM): https://www.aimc.es/a1mc-c0nt3nt/uploads/2026/02/Marco_General_Medios_2026.pdf"
1997,television,90.7,33984.0,"AIMC, Marco General de los Medios en España 2026, pág. 11 «Evolución de la audiencia general de los medios 1980-2025» (EGM): https://www.aimc.es/a1mc-c0nt3nt/uploads/2026/02/Marco_General_Medios_2026.pdf"
1997,cine,8.8,33984.0,"AIMC, Marco General de los Medios en España 2026, pág. 11 «Evolución de la audiencia general de los medios 1980-2025» (EGM): https://www.aimc.es/a1mc-c0nt3nt/uploads/2026/02/Marco_General_Medios_2026.pdf"
1998,diarios_papel,36.9,34132.0,"AIMC, Marco General de los Medios en España 2026, pág. 11 «Evolución de la audiencia general de los medios 1980-2025» (EGM): https://www.aimc.es/a1mc-c0nt3nt/uploads/2026/02/Marco_General_Medios_2026.pdf"
1998,suplementos_papel,31.9,34132.0,"AIMC, Marco General de los Medios en España 2026, pág. 11 «Evolución de la audiencia general de los medios 1980-2025» (EGM): https://www.aimc.es/a1mc-c0nt3nt/uploads/2026/02/Marco_General_Medios_2026.pdf"
1998,revistas_papel,53.2,34132.0,"AIMC, Marco General de los Medios en España 2026, pág. 11 «Evolución de la audiencia general de los medios 1980-2025» (EGM): https://www.aimc.es/a1mc-c0nt3nt/uploads/2026/02/Marco_General_Medios_2026.pdf"
1998,radio,53.5,34132.0,"AIMC, Marco General de los Medios en España 2026, pág. 11 «Evolución de la audiencia general de los medios 1980-2025» (EGM): https://www.aimc.es/a1mc-c0nt3nt/uploads/2026/02/Marco_General_Medios_2026.pdf"
1998,television,89.4,34132.0,"AIMC, Marco General de los Medios en España 2026, pág. 11 «Evolución de la audiencia general de los medios 1980-2025» (EGM): https://www.aimc.es/a1mc-c0nt3nt/uploads/2026/02/Marco_General_Medios_2026.pdf"
1998,cine,10.2,34132.0,"AIMC, Marco General de los Medios en España 2026, pág. 11 «Evolución de la audiencia general de los medios 1980-2025» (EGM): https://www.aimc.es/a1mc-c0nt3nt/uploads/2026/02/Marco_General_Medios_2026.pdf"
1999,diarios_papel,35.2,34497.0,"AIMC, Marco General de los Medios en España 2026, pág. 11 «Evolución de la audiencia general de los medios 1980-2025» (EGM): https://www.aimc.es/a1mc-c0nt3nt/uploads/2026/02/Marco_General_Medios_2026.pdf"
1999,suplementos_papel,31.3,34497.0,"AIMC, Marco General de los Medios en España 2026, pág. 11 «Evolución de la audiencia general de los medios 1980-2025» (EGM): https://www.aimc.es/a1mc-c0nt3nt/uploads/2026/02/Marco_General_Medios_2026.pdf"
1999,revistas_papel,53.3,34497.0,"AIMC, Marco General de los Medios en España 2026, pág. 11 «Evolución de la audiencia general de los medios 1980-2025» (EGM): https://www.aimc.es/a1mc-c0nt3nt/uploads/2026/02/Marco_General_Medios_2026.pdf"
1999,radio,53.0,34497.0,"AIMC, Marco General de los Medios en España 2026, pág. 11 «Evolución de la audiencia general de los medios 1980-2025» (EGM): https://www.aimc.es/a1mc-c0nt3nt/uploads/2026/02/Marco_General_Medios_2026.pdf"
1999,television,89.4,34497.0,"AIMC, Marco General de los Medios en España 2026, pág. 11 «Evolución de la audiencia general de los medios 1980-2025» (EGM): https://www.aimc.es/a1mc-c0nt3nt/uploads/2026/02/Marco_General_Medios_2026.pdf"
1999,cine,10.2,34497.0,"AIMC, Marco General de los Medios en España 2026, pág. 11 «Evolución de la audiencia general de los medios 1980-2025» (EGM): https://www.aimc.es/a1mc-c0nt3nt/uploads/2026/02/Marco_General_Medios_2026.pdf"
2000,diarios,36.5,34733.0,"AIMC, Marco General de los Medios en España 2026, pág. 11 «Evolución de la audiencia general de los medios 1980-2025» (EGM): https://www.aimc.es/a1mc-c0nt3nt/uploads/2026/02/Marco_General_Medios_2026.pdf"
2000,diarios_papel,36.3,34733.0,"AIMC, Marco General de los Medios en España 2026, pág. 11 «Evolución de la audiencia general de los medios 1980-2025» (EGM): https://www.aimc.es/a1mc-c0nt3nt/uploads/2026/02/Marco_General_Medios_2026.pdf"
2000,diarios_internet,0.7,34733.0,"AIMC, Marco General de los Medios en España 2026, pág. 11 «Evolución de la audiencia general de los medios 1980-2025» (EGM): https://www.aimc.es/a1mc-c0nt3nt/uploads/2026/02/Marco_General_Medios_2026.pdf"
2000,suplementos_papel,32.1,34733.0,"AIMC, Marco General de los Medios en España 2026, pág. 11 «Evolución de la audiencia general de los medios 1980-2025» (EGM): https://www.aimc.es/a1mc-c0nt3nt/uploads/2026/02/Marco_General_Medios_2026.pdf"
2000,revistas,53.8,34733.0,"AIMC, Marco General de los Medios en España 2026, pág. 11 «Evolución de la audiencia general de los medios 1980-2025» (EGM): https://www.aimc.es/a1mc-c0nt3nt/uploads/2026/02/Marco_General_Medios_2026.pdf"
2000,revistas_papel,53.6,34733.0,"AIMC, Marco General de los Medios en España 2026, pág. 11 «Evolución de la audiencia general de los medios 1980-2025» (EGM): https://www.aimc.es/a1mc-c0nt3nt/uploads/2026/02/Marco_General_Medios_2026.pdf"
2000,revistas_internet,1.6,34733.0,"AIMC, Marco General de los Medios en España 2026, pág. 11 «Evolución de la audiencia general de los medios 1980-2025» (EGM): https://www.aimc.es/a1mc-c0nt3nt/uploads/2026/02/Marco_General_Medios_2026.pdf"
2000,radio,52.9,34733.0,"AIMC, Marco General de los Medios en España 2026, pág. 11 «Evolución de la audiencia general de los medios 1980-2025» (EGM): https://www.aimc.es/a1mc-c0nt3nt/uploads/2026/02/Marco_General_Medios_2026.pdf"
2000,television,89.2,34733.0,"AIMC, Marco General de los Medios en España 2026, pág. 11 «Evolución de la audiencia general de los medios 1980-2025» (EGM): https://www.aimc.es/a1mc-c0nt3nt/uploads/2026/02/Marco_General_Medios_2026.pdf"
2000,cine,11.0,34733.0,"AIMC, Marco General de los Medios en España 2026, pág. 11 «Evolución de la audiencia general de los medios 1980-2025» (EGM): https://www.aimc.es/a1mc-c0nt3nt/uploads/2026/02/Marco_General_Medios_2026.pdf"
2001,diarios,36.3,34817.0,"AIMC, Marco General de los Medios en España 2026, pág. 11 «Evolución de la audiencia general de los medios 1980-2025» (EGM): https://www.aimc.es/a1mc-c0nt3nt/uploads/2026/02/Marco_General_Medios_2026.pdf"
2001,diarios_papel,35.9,34817.0,"AIMC, Marco General de los Medios en España 2026, pág. 11 «Evolución de la audiencia general de los medios 1980-2025» (EGM): https://www.aimc.es/a1mc-c0nt3nt/uploads/2026/02/Marco_General_Medios_2026.pdf"
2001,diarios_internet,1.2,34817.0,"AIMC, Marco General de los Medios en España 2026, pág. 11 «Evolución de la audiencia general de los medios 1980-2025» (EGM): https://www.aimc.es/a1mc-c0nt3nt/uploads/2026/02/Marco_General_Medios_2026.pdf"
2001,suplementos_papel,30.4,34817.0,"AIMC, Marco General de los Medios en España 2026, pág. 11 «Evolución de la audiencia general de los medios 1980-2025» (EGM): https://www.aimc.es/a1mc-c0nt3nt/uploads/2026/02/Marco_General_Medios_2026.pdf"
2001,revistas,53.2,34817.0,"AIMC, Marco General de los Medios en España 2026, pág. 11 «Evolución de la audiencia general de los medios 1980-2025» (EGM): https://www.aimc.es/a1mc-c0nt3nt/uploads/2026/02/Marco_General_Medios_2026.pdf"
2001,revistas_papel,52.8,34817.0,"AIMC, Marco General de los Medios en España 2026, pág. 11 «Evolución de la audiencia general de los medios 1980-2025» (EGM): https://www.aimc.es/a1mc-c0nt3nt/uploads/2026/02/Marco_General_Medios_2026.pdf"
2001,revistas_internet,2.5,34817.0,"AIMC, Marco General de los Medios en España 2026, pág. 11 «Evolución de la audiencia general de los medios 1980-2025» (EGM): https://www.aimc.es/a1mc-c0nt3nt/uploads/2026/02/Marco_General_Medios_2026.pdf"
2001,radio,52.4,34817.0,"AIMC, Marco General de los Medios en España 2026, pág. 11 «Evolución de la audiencia general de los medios 1980-2025» (EGM): https://www.aimc.es/a1mc-c0nt3nt/uploads/2026/02/Marco_General_Medios_2026.pdf"
2001,television,89.2,34817.0,"AIMC, Marco General de los Medios en España 2026, pág. 11 «Evolución de la audiencia general de los medios 1980-2025» (EGM): https://www.aimc.es/a1mc-c0nt3nt/uploads/2026/02/Marco_General_Medios_2026.pdf"
2001,cine,11.2,34817.0,"AIMC, Marco General de los Medios en España 2026, pág. 11 «Evolución de la audiencia general de los medios 1980-2025» (EGM): https://www.aimc.es/a1mc-c0nt3nt/uploads/2026/02/Marco_General_Medios_2026.pdf"
2002,diarios,38.2,34817.0,"AIMC, Marco General de los Medios en España 2026, pág. 11 «Evolución de la audiencia general de los medios 1980-2025» (EGM): https://www.aimc.es/a1mc-c0nt3nt/uploads/2026/02/Marco_General_Medios_2026.pdf"
2002,diarios_papel,37.4,34817.0,"AIMC, Marco General de los Medios en España 2026, pág. 11 «Evolución de la audiencia general de los medios 1980-2025» (EGM): https://www.aimc.es/a1mc-c0nt3nt/uploads/2026/02/Marco_General_Medios_2026.pdf"
2002,diarios_internet,2.2,34817.0,"AIMC, Marco General de los Medios en España 2026, pág. 11 «Evolución de la audiencia general de los medios 1980-2025» (EGM): https://www.aimc.es/a1mc-c0nt3nt/uploads/2026/02/Marco_General_Medios_2026.pdf"
2002,suplementos_papel,29.5,34817.0,"AIMC, Marco General de los Medios en España 2026, pág. 11 «Evolución de la audiencia general de los medios 1980-2025» (EGM): https://www.aimc.es/a1mc-c0nt3nt/uploads/2026/02/Marco_General_Medios_2026.pdf"
2002,revistas,51.9,34817.0,"AIMC, Marco General de los Medios en España 2026, pág. 11 «Evolución de la audiencia general de los medios 1980-2025» (EGM): https://www.aimc.es/a1mc-c0nt3nt/uploads/2026/02/Marco_General_Medios_2026.pdf"
2002,revistas_papel,51.4,34817.0,"AIMC, Marco General de los Medios en España 2026, pág. 11 «Evolución de la audiencia general de los medios 1980-2025» (EGM): https://www.aimc.es/a1mc-c0nt3nt/uploads/2026/02/Marco_General_Medios_2026.pdf"
2002,revistas_internet,2.7,34817.0,"AIMC, Marco General de los Medios en España 2026, pág. 11 «Evolución de la audiencia general de los medios 1980-2025» (EGM): https://www.aimc.es/a1mc-c0nt3nt/uploads/2026/02/Marco_General_Medios_2026.pdf"
2002,radio,54.7,34817.0,"AIMC, Marco General de los Medios en España 2026, pág. 11 «Evolución de la audiencia general de los medios 1980-2025» (EGM): https://www.aimc.es/a1mc-c0nt3nt/uploads/2026/02/Marco_General_Medios_2026.pdf"
2002,television,89.9,34817.0,"AIMC, Marco General de los Medios en España 2026, pág. 11 «Evolución de la audiencia general de los medios 1980-2025» (EGM): https://www.aimc.es/a1mc-c0nt3nt/uploads/2026/02/Marco_General_Medios_2026.pdf"
2002,cine,10.2,34817.0,"AIMC, Marco General de los Medios en España 2026, pág. 11 «Evolución de la audiencia general de los medios 1980-2025» (EGM): https://www.aimc.es/a1mc-c0nt3nt/uploads/2026/02/Marco_General_Medios_2026.pdf"
2003,diarios,40.5,35243.0,"AIMC, Marco General de los Medios en España 2026, pág. 11 «Evolución de la audiencia general de los medios 1980-2025» (EGM): https://www.aimc.es/a1mc-c0nt3nt/uploads/2026/02/Marco_General_Medios_2026.pdf"
2003,diarios_papel,39.7,35243.0,"AIMC, Marco General de los Medios en España 2026, pág. 11 «Evolución de la audiencia general de los medios 1980-2025» (EGM): https://www.aimc.es/a1mc-c0nt3nt/uploads/2026/02/Marco_General_Medios_2026.pdf"
2003,diarios_internet,2.6,35243.0,"AIMC, Marco General de los Medios en España 2026, pág. 11 «Evolución de la audiencia general de los medios 1980-2025» (EGM): https://www.aimc.es/a1mc-c0nt3nt/uploads/2026/02/Marco_General_Medios_2026.pdf"
2003,suplementos_papel,29.4,35243.0,"AIMC, Marco General de los Medios en España 2026, pág. 11 «Evolución de la audiencia general de los medios 1980-2025» (EGM): https://www.aimc.es/a1mc-c0nt3nt/uploads/2026/02/Marco_General_Medios_2026.pdf"
2003,revistas,53.7,35243.0,"AIMC, Marco General de los Medios en España 2026, pág. 11 «Evolución de la audiencia general de los medios 1980-2025» (EGM): https://www.aimc.es/a1mc-c0nt3nt/uploads/2026/02/Marco_General_Medios_2026.pdf"
2003,revistas_papel,53.1,35243.0,"AIMC, Marco General de los Medios en España 2026, pág. 11 «Evolución de la audiencia general de los medios 1980-2025» (EGM): https://www.aimc.es/a1mc-c0nt3nt/uploads/2026/02/Marco_General_Medios_2026.pdf"
2003,revistas_internet,3.2,35243.0,"AIMC, Marco General de los Medios en España 2026, pág. 11 «Evolución de la audiencia general de los medios 1980-2025» (EGM): https://www.aimc.es/a1mc-c0nt3nt/uploads/2026/02/Marco_General_Medios_2026.pdf"
2003,radio,57.9,35243.0,"AIMC, Marco General de los Medios en España 2026, pág. 11 «Evolución de la audiencia general de los medios 1980-2025» (EGM): https://www.aimc.es/a1mc-c0nt3nt/uploads/2026/02/Marco_General_Medios_2026.pdf"
2003,television,90.7,35243.0,"AIMC, Marco General de los Medios en España 2026, pág. 11 «Evolución de la audiencia general de los medios 1980-2025» (EGM): https://www.aimc.es/a1mc-c0nt3nt/uploads/2026/02/Marco_General_Medios_2026.pdf"
2003,cine,9.0,35243.0,"AIMC, Marco General de los Medios en España 2026, pág. 11 «Evolución de la audiencia general de los medios 1980-2025» (EGM): https://www.aimc.es/a1mc-c0nt3nt/uploads/2026/02/Marco_General_Medios_2026.pdf"
2004,diarios,42.1,36405.0,"AIMC, Marco General de los Medios en España 2026, pág. 11 «Evolución de la audiencia general de los medios 1980-2025» (EGM): https://www.aimc.es/a1mc-c0nt3nt/uploads/2026/02/Marco_General_Medios_2026.pdf"
2004,diarios_papel,41.1,36405.0,"AIMC, Marco General de los Medios en España 2026, pág. 11 «Evolución de la audiencia general de los medios 1980-2025» (EGM): https://www.aimc.es/a1mc-c0nt3nt/uploads/2026/02/Marco_General_Medios_2026.pdf"
2004,diarios_internet,3.5,36405.0,"AIMC, Marco General de los Medios en España 2026, pág. 11 «Evolución de la audiencia general de los medios 1980-2025» (EGM): https://www.aimc.es/a1mc-c0nt3nt/uploads/2026/02/Marco_General_Medios_2026.pdf"
2004,suplementos_papel,30.4,36405.0,"AIMC, Marco General de los Medios en España 2026, pág. 11 «Evolución de la audiencia general de los medios 1980-2025» (EGM): https://www.aimc.es/a1mc-c0nt3nt/uploads/2026/02/Marco_General_Medios_2026.pdf"
2004,revistas,55.8,36405.0,"AIMC, Marco General de los Medios en España 2026, pág. 11 «Evolución de la audiencia general de los medios 1980-2025» (EGM): https://www.aimc.es/a1mc-c0nt3nt/uploads/2026/02/Marco_General_Medios_2026.pdf"
2004,revistas_papel,55.1,36405.0,"AIMC, Marco General de los Medios en España 2026, pág. 11 «Evolución de la audiencia general de los medios 1980-2025» (EGM): https://www.aimc.es/a1mc-c0nt3nt/uploads/2026/02/Marco_General_Medios_2026.pdf"
2004,revistas_internet,3.7,36405.0,"AIMC, Marco General de los Medios en España 2026, pág. 11 «Evolución de la audiencia general de los medios 1980-2025» (EGM): https://www.aimc.es/a1mc-c0nt3nt/uploads/2026/02/Marco_General_Medios_2026.pdf"
2004,radio,56.8,36405.0,"AIMC, Marco General de los Medios en España 2026, pág. 11 «Evolución de la audiencia general de los medios 1980-2025» (EGM): https://www.aimc.es/a1mc-c0nt3nt/uploads/2026/02/Marco_General_Medios_2026.pdf"
2004,television,89.6,36405.0,"AIMC, Marco General de los Medios en España 2026, pág. 11 «Evolución de la audiencia general de los medios 1980-2025» (EGM): https://www.aimc.es/a1mc-c0nt3nt/uploads/2026/02/Marco_General_Medios_2026.pdf"
2004,cine,8.9,36405.0,"AIMC, Marco General de los Medios en España 2026, pág. 11 «Evolución de la audiencia general de los medios 1980-2025» (EGM): https://www.aimc.es/a1mc-c0nt3nt/uploads/2026/02/Marco_General_Medios_2026.pdf"
2005,diarios,42.3,37084.0,"AIMC, Marco General de los Medios en España 2026, pág. 11 «Evolución de la audiencia general de los medios 1980-2025» (EGM): https://www.aimc.es/a1mc-c0nt3nt/uploads/2026/02/Marco_General_Medios_2026.pdf"
2005,diarios_papel,41.1,37084.0,"AIMC, Marco General de los Medios en España 2026, pág. 11 «Evolución de la audiencia general de los medios 1980-2025» (EGM): https://www.aimc.es/a1mc-c0nt3nt/uploads/2026/02/Marco_General_Medios_2026.pdf"
2005,diarios_internet,4.0,37084.0,"AIMC, Marco General de los Medios en España 2026, pág. 11 «Evolución de la audiencia general de los medios 1980-2025» (EGM): https://www.aimc.es/a1mc-c0nt3nt/uploads/2026/02/Marco_General_Medios_2026.pdf"
2005,suplementos_papel,27.7,37084.0,"AIMC, Marco General de los Medios en España 2026, pág. 11 «Evolución de la audiencia general de los medios 1980-2025» (EGM): https://www.aimc.es/a1mc-c0nt3nt/uploads/2026/02/Marco_General_Medios_2026.pdf"
2005,revistas,54.5,37084.0,"AIMC, Marco General de los Medios en España 2026, pág. 11 «Evolución de la audiencia general de los medios 1980-2025» (EGM): https://www.aimc.es/a1mc-c0nt3nt/uploads/2026/02/Marco_General_Medios_2026.pdf"
2005,revistas_papel,53.8,37084.0,"AIMC, Marco General de los Medios en España 2026, pág. 11 «Evolución de la audiencia general de los medios 1980-2025» (EGM): https://www.aimc.es/a1mc-c0nt3nt/uploads/2026/02/Marco_General_Medios_2026.pdf"
2005,revistas_internet,3.7,37084.0,"AIMC, Marco General de los Medios en España 2026, pág. 11 «Evolución de la audiencia general de los medios 1980-2025» (EGM): https://www.aimc.es/a1mc-c0nt3nt/uploads/2026/02/Marco_General_Medios_2026.pdf"
2005,radio,55.5,37084.0,"AIMC, Marco General de los Medios en España 2026, pág. 11 «Evolución de la audiencia general de los medios 1980-2025» (EGM): https://www.aimc.es/a1mc-c0nt3nt/uploads/2026/02/Marco_General_Medios_2026.pdf"
2005,television,88.9,37084.0,"AIMC, Marco General de los Medios en España 2026, pág. 11 «Evolución de la audiencia general de los medios 1980-2025» (EGM): https://www.aimc.es/a1mc-c0nt3nt/uploads/2026/02/Marco_General_Medios_2026.pdf"
2005,cine,7.1,37084.0,"AIMC, Marco General de los Medios en España 2026, pág. 11 «Evolución de la audiencia general de los medios 1980-2025» (EGM): https://www.aimc.es/a1mc-c0nt3nt/uploads/2026/02/Marco_General_Medios_2026.pdf"
2006,diarios,41.7,37439.0,"AIMC, Marco General de los Medios en España 2026, pág. 11 «Evolución de la audiencia general de los medios 1980-2025» (EGM): https://www.aimc.es/a1mc-c0nt3nt/uploads/2026/02/Marco_General_Medios_2026.pdf"
2006,diarios_papel,41.8,37439.0,"AIMC, Marco General de los Medios en España 2026, pág. 11 «Evolución de la audiencia general de los medios 1980-2025» (EGM): https://www.aimc.es/a1mc-c0nt3nt/uploads/2026/02/Marco_General_Medios_2026.pdf"
2006,diarios_internet,4.7,37439.0,"AIMC, Marco General de los Medios en España 2026, pág. 11 «Evolución de la audiencia general de los medios 1980-2025» (EGM): https://www.aimc.es/a1mc-c0nt3nt/uploads/2026/02/Marco_General_Medios_2026.pdf"
2006,suplementos_papel,25.4,37439.0,"AIMC, Marco General de los Medios en España 2026, pág. 11 «Evolución de la audiencia general de los medios 1980-2025» (EGM): https://www.aimc.es/a1mc-c0nt3nt/uploads/2026/02/Marco_General_Medios_2026.pdf"
2006,revistas,48.7,37439.0,"AIMC, Marco General de los Medios en España 2026, pág. 11 «Evolución de la audiencia general de los medios 1980-2025» (EGM): https://www.aimc.es/a1mc-c0nt3nt/uploads/2026/02/Marco_General_Medios_2026.pdf"
2006,revistas_papel,47.7,37439.0,"AIMC, Marco General de los Medios en España 2026, pág. 11 «Evolución de la audiencia general de los medios 1980-2025» (EGM): https://www.aimc.es/a1mc-c0nt3nt/uploads/2026/02/Marco_General_Medios_2026.pdf"
2006,revistas_internet,3.7,37439.0,"AIMC, Marco General de los Medios en España 2026, pág. 11 «Evolución de la audiencia general de los medios 1980-2025» (EGM): https://www.aimc.es/a1mc-c0nt3nt/uploads/2026/02/Marco_General_Medios_2026.pdf"
2006,radio,56.1,37439.0,"AIMC, Marco General de los Medios en España 2026, pág. 11 «Evolución de la audiencia general de los medios 1980-2025» (EGM): https://www.aimc.es/a1mc-c0nt3nt/uploads/2026/02/Marco_General_Medios_2026.pdf"
2006,television,88.6,37439.0,"AIMC, Marco General de los Medios en España 2026, pág. 11 «Evolución de la audiencia general de los medios 1980-2025» (EGM): https://www.aimc.es/a1mc-c0nt3nt/uploads/2026/02/Marco_General_Medios_2026.pdf"
2006,cine,6.0,37439.0,"AIMC, Marco General de los Medios en España 2026, pág. 11 «Evolución de la audiencia general de los medios 1980-2025» (EGM): https://www.aimc.es/a1mc-c0nt3nt/uploads/2026/02/Marco_General_Medios_2026.pdf"
2006,exterior,50.7,37439.0,"AIMC, Marco General de los Medios en España 2026, pág. 11 «Evolución de la audiencia general de los medios 1980-2025» (EGM): https://www.aimc.es/a1mc-c0nt3nt/uploads/2026/02/Marco_General_Medios_2026.pdf"
2007,diarios,41.8,37911.0,"AIMC, Marco General de los Medios en España 2026, pág. 11 «Evolución de la audiencia general de los medios 1980-2025» (EGM): https://www.aimc.es/a1mc-c0nt3nt/uploads/2026/02/Marco_General_Medios_2026.pdf"
2007,diarios_papel,41.3,37911.0,"AIMC, Marco General de los Medios en España 2026, pág. 11 «Evolución de la audiencia general de los medios 1980-2025» (EGM): https://www.aimc.es/a1mc-c0nt3nt/uploads/2026/02/Marco_General_Medios_2026.pdf"
2007,diarios_internet,6.3,37911.0,"AIMC, Marco General de los Medios en España 2026, pág. 11 «Evolución de la audiencia general de los medios 1980-2025» (EGM): https://www.aimc.es/a1mc-c0nt3nt/uploads/2026/02/Marco_General_Medios_2026.pdf"
2007,suplementos_papel,24.9,37911.0,"AIMC, Marco General de los Medios en España 2026, pág. 11 «Evolución de la audiencia general de los medios 1980-2025» (EGM): https://www.aimc.es/a1mc-c0nt3nt/uploads/2026/02/Marco_General_Medios_2026.pdf"
2007,revistas,50.5,37911.0,"AIMC, Marco General de los Medios en España 2026, pág. 11 «Evolución de la audiencia general de los medios 1980-2025» (EGM): https://www.aimc.es/a1mc-c0nt3nt/uploads/2026/02/Marco_General_Medios_2026.pdf"
2007,revistas_papel,49.4,37911.0,"AIMC, Marco General de los Medios en España 2026, pág. 11 «Evolución de la audiencia general de los medios 1980-2025» (EGM): https://www.aimc.es/a1mc-c0nt3nt/uploads/2026/02/Marco_General_Medios_2026.pdf"
2007,revistas_internet,4.6,37911.0,"AIMC, Marco General de los Medios en España 2026, pág. 11 «Evolución de la audiencia general de los medios 1980-2025» (EGM): https://www.aimc.es/a1mc-c0nt3nt/uploads/2026/02/Marco_General_Medios_2026.pdf"
2007,radio,54.7,37911.0,"AIMC, Marco General de los Medios en España 2026, pág. 11 «Evolución de la audiencia general de los medios 1980-2025» (EGM): https://www.aimc.es/a1mc-c0nt3nt/uploads/2026/02/Marco_General_Medios_2026.pdf"
2007,television,88.7,37911.0,"AIMC, Marco General de los Medios en España 2026, pág. 11 «Evolución de la audiencia general de los medios 1980-2025» (EGM): https://www.aimc.es/a1mc-c0nt3nt/uploads/2026/02/Marco_General_Medios_2026.pdf"
2007,cine,5.3,37911.0,"AIMC, Marco General de los Medios en España 2026, pág. 11 «Evolución de la audiencia general de los medios 1980-2025» (EGM): https://www.aimc.es/a1mc-c0nt3nt/uploads/2026/02/Marco_General_Medios_2026.pdf"
2007,exterior,52.0,37911.0,"AIMC, Marco General de los Medios en España 2026, pág. 11 «Evolución de la audiencia general de los medios 1980-2025» (EGM): https://www.aimc.es/a1mc-c0nt3nt/uploads/2026/02/Marco_General_Medios_2026.pdf"
2008,diarios,45.5,38261.0,"AIMC, Marco General de los Medios en España 2026, pág. 11 «Evolución de la audiencia general de los medios 1980-2025» (EGM): https://www.aimc.es/a1mc-c0nt3nt/uploads/2026/02/Marco_General_Medios_2026.pdf"
2008,diarios_papel,42.1,38261.0,"AIMC, Marco General de los Medios en España 2026, pág. 11 «Evolución de la audiencia general de los medios 1980-2025» (EGM): https://www.aimc.es/a1mc-c0nt3nt/uploads/2026/02/Marco_General_Medios_2026.pdf"
2008,diarios_internet,7.8,38261.0,"AIMC, Marco General de los Medios en España 2026, pág. 11 «Evolución de la audiencia general de los medios 1980-2025» (EGM): https://www.aimc.es/a1mc-c0nt3nt/uploads/2026/02/Marco_General_Medios_2026.pdf"
2008,suplementos_papel,21.7,38261.0,"AIMC, Marco General de los Medios en España 2026, pág. 11 «Evolución de la audiencia general de los medios 1980-2025» (EGM): https://www.aimc.es/a1mc-c0nt3nt/uploads/2026/02/Marco_General_Medios_2026.pdf"
2008,revistas,54.8,38261.0,"AIMC, Marco General de los Medios en España 2026, pág. 11 «Evolución de la audiencia general de los medios 1980-2025» (EGM): https://www.aimc.es/a1mc-c0nt3nt/uploads/2026/02/Marco_General_Medios_2026.pdf"
2008,revistas_papel,53.3,38261.0,"AIMC, Marco General de los Medios en España 2026, pág. 11 «Evolución de la audiencia general de los medios 1980-2025» (EGM): https://www.aimc.es/a1mc-c0nt3nt/uploads/2026/02/Marco_General_Medios_2026.pdf"
2008,revistas_internet,4.4,38261.0,"AIMC, Marco General de los Medios en España 2026, pág. 11 «Evolución de la audiencia general de los medios 1980-2025» (EGM): https://www.aimc.es/a1mc-c0nt3nt/uploads/2026/02/Marco_General_Medios_2026.pdf"
2008,radio,53.1,38261.0,"AIMC, Marco General de los Medios en España 2026, pág. 11 «Evolución de la audiencia general de los medios 1980-2025» (EGM): https://www.aimc.es/a1mc-c0nt3nt/uploads/2026/02/Marco_General_Medios_2026.pdf"
2008,television,88.5,38261.0,"AIMC, Marco General de los Medios en España 2026, pág. 11 «Evolución de la audiencia general de los medios 1980-2025» (EGM): https://www.aimc.es/a1mc-c0nt3nt/uploads/2026/02/Marco_General_Medios_2026.pdf"
2008,cine,4.2,38261.0,"AIMC, Marco General de los Medios en España 2026, pág. 11 «Evolución de la audiencia general de los medios 1980-2025» (EGM): https://www.aimc.es/a1mc-c0nt3nt/uploads/2026/02/Marco_General_Medios_2026.pdf"
2008,exterior,50.9,38261.0,"AIMC, Marco General de los Medios en España 2026, pág. 11 «Evolución de la audiencia general de los medios 1980-2025» (EGM): https://www.aimc.es/a1mc-c0nt3nt/uploads/2026/02/Marco_General_Medios_2026.pdf"
2009,diarios,44.5,39462.0,"AIMC, Marco General de los Medios en España 2026, pág. 11 «Evolución de la audiencia general de los medios 1980-2025» (EGM): https://www.aimc.es/a1mc-c0nt3nt/uploads/2026/02/Marco_General_Medios_2026.pdf"
2009,diarios_papel,39.8,39462.0,"AIMC, Marco General de los Medios en España 2026, pág. 11 «Evolución de la audiencia general de los medios 1980-2025» (EGM): https://www.aimc.es/a1mc-c0nt3nt/uploads/2026/02/Marco_General_Medios_2026.pdf"
2009,diarios_internet,9.9,39462.0,"AIMC, Marco General de los Medios en España 2026, pág. 11 «Evolución de la audiencia general de los medios 1980-2025» (EGM): https://www.aimc.es/a1mc-c0nt3nt/uploads/2026/02/Marco_General_Medios_2026.pdf"
2009,suplementos_papel,21.9,39462.0,"AIMC, Marco General de los Medios en España 2026, pág. 11 «Evolución de la audiencia general de los medios 1980-2025» (EGM): https://www.aimc.es/a1mc-c0nt3nt/uploads/2026/02/Marco_General_Medios_2026.pdf"
2009,revistas,53.1,39462.0,"AIMC, Marco General de los Medios en España 2026, pág. 11 «Evolución de la audiencia general de los medios 1980-2025» (EGM): https://www.aimc.es/a1mc-c0nt3nt/uploads/2026/02/Marco_General_Medios_2026.pdf"
2009,revistas_papel,51.3,39462.0,"AIMC, Marco General de los Medios en España 2026, pág. 11 «Evolución de la audiencia general de los medios 1980-2025» (EGM): https://www.aimc.es/a1mc-c0nt3nt/uploads/2026/02/Marco_General_Medios_2026.pdf"
2009,revistas_internet,5.2,39462.0,"AIMC, Marco General de los Medios en España 2026, pág. 11 «Evolución de la audiencia general de los medios 1980-2025» (EGM): https://www.aimc.es/a1mc-c0nt3nt/uploads/2026/02/Marco_General_Medios_2026.pdf"
2009,radio,55.3,39462.0,"AIMC, Marco General de los Medios en España 2026, pág. 11 «Evolución de la audiencia general de los medios 1980-2025» (EGM): https://www.aimc.es/a1mc-c0nt3nt/uploads/2026/02/Marco_General_Medios_2026.pdf"
2009,television,89.0,39462.0,"AIMC, Marco General de los Medios en España 2026, pág. 11 «Evolución de la audiencia general de los medios 1980-2025» (EGM): https://www.aimc.es/a1mc-c0nt3nt/uploads/2026/02/Marco_General_Medios_2026.pdf"
2009,cine,4.3,39462.0,"AIMC, Marco General de los Medios en España 2026, pág. 11 «Evolución de la audiencia general de los medios 1980-2025» (EGM): https://www.aimc.es/a1mc-c0nt3nt/uploads/2026/02/Marco_General_Medios_2026.pdf"
2009,exterior,52.9,39462.0,"AIMC, Marco General de los Medios en España 2026, pág. 11 «Evolución de la audiencia general de los medios 1980-2025» (EGM): https://www.aimc.es/a1mc-c0nt3nt/uploads/2026/02/Marco_General_Medios_2026.pdf"
2010,diarios,45.1,39435.0,"AIMC, Marco General de los Medios en España 2026, pág. 11 «Evolución de la audiencia general de los medios 1980-2025» (EGM): https://www.aimc.es/a1mc-c0nt3nt/uploads/2026/02/Marco_General_Medios_2026.pdf"
2010,diarios_papel,38.0,39435.0,"AIMC, Marco General de los Medios en España 2026, pág. 11 «Evolución de la audiencia general de los medios 1980-2025» (EGM): https://www.aimc.es/a1mc-c0nt3nt/uploads/2026/02/Marco_General_Medios_2026.pdf"
2010,diarios_internet,13.6,39435.0,"AIMC, Marco General de los Medios en España 2026, pág. 11 «Evolución de la audiencia general de los medios 1980-2025» (EGM): https://www.aimc.es/a1mc-c0nt3nt/uploads/2026/02/Marco_General_Medios_2026.pdf"
2010,suplementos_papel,19.2,39435.0,"AIMC, Marco General de los Medios en España 2026, pág. 11 «Evolución de la audiencia general de los medios 1980-2025» (EGM): https://www.aimc.es/a1mc-c0nt3nt/uploads/2026/02/Marco_General_Medios_2026.pdf"
2010,revistas,52.3,39435.0,"AIMC, Marco General de los Medios en España 2026, pág. 11 «Evolución de la audiencia general de los medios 1980-2025» (EGM): https://www.aimc.es/a1mc-c0nt3nt/uploads/2026/02/Marco_General_Medios_2026.pdf"
2010,revistas_papel,50.4,39435.0,"AIMC, Marco General de los Medios en España 2026, pág. 11 «Evolución de la audiencia general de los medios 1980-2025» (EGM): https://www.aimc.es/a1mc-c0nt3nt/uploads/2026/02/Marco_General_Medios_2026.pdf"
2010,revistas_internet,5.5,39435.0,"AIMC, Marco General de los Medios en España 2026, pág. 11 «Evolución de la audiencia general de los medios 1980-2025» (EGM): https://www.aimc.es/a1mc-c0nt3nt/uploads/2026/02/Marco_General_Medios_2026.pdf"
2010,radio,56.9,39435.0,"AIMC, Marco General de los Medios en España 2026, pág. 11 «Evolución de la audiencia general de los medios 1980-2025» (EGM): https://www.aimc.es/a1mc-c0nt3nt/uploads/2026/02/Marco_General_Medios_2026.pdf"
2010,radio_internet,2.1,39435.0,"AIMC, Marco General de los Medios en España 2026, pág. 11 «Evolución de la audiencia general de los medios 1980-2025» (EGM): https://www.aimc.es/a1mc-c0nt3nt/uploads/2026/02/Marco_General_Medios_2026.pdf"
2010,television,87.9,39435.0,"AIMC, Marco General de los Medios en España 2026, pág. 11 «Evolución de la audiencia general de los medios 1980-2025» (EGM): https://www.aimc.es/a1mc-c0nt3nt/uploads/2026/02/Marco_General_Medios_2026.pdf"
2010,cine,3.9,39435.0,"AIMC, Marco General de los Medios en España 2026, pág. 11 «Evolución de la audiencia general de los medios 1980-2025» (EGM): https://www.aimc.es/a1mc-c0nt3nt/uploads/2026/02/Marco_General_Medios_2026.pdf"
2010,exterior,51.6,39435.0,"AIMC, Marco General de los Medios en España 2026, pág. 11 «Evolución de la audiencia general de los medios 1980-2025» (EGM): https://www.aimc.es/a1mc-c0nt3nt/uploads/2026/02/Marco_General_Medios_2026.pdf"
2011,diarios,45.8,39485.0,"AIMC, Marco General de los Medios en España 2026, pág. 11 «Evolución de la audiencia general de los medios 1980-2025» (EGM): https://www.aimc.es/a1mc-c0nt3nt/uploads/2026/02/Marco_General_Medios_2026.pdf"
2011,diarios_papel,37.4,39485.0,"AIMC, Marco General de los Medios en España 2026, pág. 11 «Evolución de la audiencia general de los medios 1980-2025» (EGM): https://www.aimc.es/a1mc-c0nt3nt/uploads/2026/02/Marco_General_Medios_2026.pdf"
2011,diarios_internet,15.9,39485.0,"AIMC, Marco General de los Medios en España 2026, pág. 11 «Evolución de la audiencia general de los medios 1980-2025» (EGM): https://www.aimc.es/a1mc-c0nt3nt/uploads/2026/02/Marco_General_Medios_2026.pdf"
2011,suplementos_papel,18.2,39485.0,"AIMC, Marco General de los Medios en España 2026, pág. 11 «Evolución de la audiencia general de los medios 1980-2025» (EGM): https://www.aimc.es/a1mc-c0nt3nt/uploads/2026/02/Marco_General_Medios_2026.pdf"
2011,revistas,51.1,39485.0,"AIMC, Marco General de los Medios en España 2026, pág. 11 «Evolución de la audiencia general de los medios 1980-2025» (EGM): https://www.aimc.es/a1mc-c0nt3nt/uploads/2026/02/Marco_General_Medios_2026.pdf"
2011,revistas_papel,48.9,39485.0,"AIMC, Marco General de los Medios en España 2026, pág. 11 «Evolución de la audiencia general de los medios 1980-2025» (EGM): https://www.aimc.es/a1mc-c0nt3nt/uploads/2026/02/Marco_General_Medios_2026.pdf"
2011,revistas_internet,6.0,39485.0,"AIMC, Marco General de los Medios en España 2026, pág. 11 «Evolución de la audiencia general de los medios 1980-2025» (EGM): https://www.aimc.es/a1mc-c0nt3nt/uploads/2026/02/Marco_General_Medios_2026.pdf"
2011,radio,58.5,39485.0,"AIMC, Marco General de los Medios en España 2026, pág. 11 «Evolución de la audiencia general de los medios 1980-2025» (EGM): https://www.aimc.es/a1mc-c0nt3nt/uploads/2026/02/Marco_General_Medios_2026.pdf"
2011,radio_internet,2.6,39485.0,"AIMC, Marco General de los Medios en España 2026, pág. 11 «Evolución de la audiencia general de los medios 1980-2025» (EGM): https://www.aimc.es/a1mc-c0nt3nt/uploads/2026/02/Marco_General_Medios_2026.pdf"
2011,television,88.5,39485.0,"AIMC, Marco General de los Medios en España 2026, pág. 11 «Evolución de la audiencia general de los medios 1980-2025» (EGM): https://www.aimc.es/a1mc-c0nt3nt/uploads/2026/02/Marco_General_Medios_2026.pdf"
2011,cine,3.4,39485.0,"AIMC, Marco General de los Medios en España 2026, pág. 11 «Evolución de la audiencia general de los medios 1980-2025» (EGM): https://www.aimc.es/a1mc-c0nt3nt/uploads/2026/02/Marco_General_Medios_2026.pdf"
2011,exterior,57.1,39485.0,"AIMC, Marco General de los Medios en España 2026, pág. 11 «Evolución de la audiencia general de los medios 1980-2025» (EGM): https://www.aimc.es/a1mc-c0nt3nt/uploads/2026/02/Marco_General_Medios_2026.pdf"
2012,diarios,46.4,39449.0,"AIMC, Marco General de los Medios en España 2026, pág. 11 «Evolución de la audiencia general de los medios 1980-2025» (EGM): https://www.aimc.es/a1mc-c0nt3nt/uploads/2026/02/Marco_General_Medios_2026.pdf"
2012,diarios_papel,36.1,39449.0,"AIMC, Marco General de los Medios en España 2026, pág. 11 «Evolución de la audiencia general de los medios 1980-2025» (EGM): https://www.aimc.es/a1mc-c0nt3nt/uploads/2026/02/Marco_General_Medios_2026.pdf"
2012,diarios_internet,18.7,39449.0,"AIMC, Marco General de los Medios en España 2026, pág. 11 «Evolución de la audiencia general de los medios 1980-2025» (EGM): https://www.aimc.es/a1mc-c0nt3nt/uploads/2026/02/Marco_General_Medios_2026.pdf"
2012,suplementos_papel,16.2,39449.0,"AIMC, Marco General de los Medios en España 2026, pág. 11 «Evolución de la audiencia general de los medios 1980-2025» (EGM): https://www.aimc.es/a1mc-c0nt3nt/uploads/2026/02/Marco_General_Medios_2026.pdf"
2012,revistas,48.0,39449.0,"AIMC, Marco General de los Medios en España 2026, pág. 11 «Evolución de la audiencia general de los medios 1980-2025» (EGM): https://www.aimc.es/a1mc-c0nt3nt/uploads/2026/02/Marco_General_Medios_2026.pdf"
2012,revistas_papel,45.4,39449.0,"AIMC, Marco General de los Medios en España 2026, pág. 11 «Evolución de la audiencia general de los medios 1980-2025» (EGM): https://www.aimc.es/a1mc-c0nt3nt/uploads/2026/02/Marco_General_Medios_2026.pdf"
2012,revistas_internet,6.4,39449.0,"AIMC, Marco General de los Medios en España 2026, pág. 11 «Evolución de la audiencia general de los medios 1980-2025» (EGM): https://www.aimc.es/a1mc-c0nt3nt/uploads/2026/02/Marco_General_Medios_2026.pdf"
2012,radio,61.9,39449.0,"AIMC, Marco General de los Medios en España 2026, pág. 11 «Evolución de la audiencia general de los medios 1980-2025» (EGM): https://www.aimc.es/a1mc-c0nt3nt/uploads/2026/02/Marco_General_Medios_2026.pdf"
2012,radio_internet,3.3,39449.0,"AIMC, Marco General de los Medios en España 2026, pág. 11 «Evolución de la audiencia general de los medios 1980-2025» (EGM): https://www.aimc.es/a1mc-c0nt3nt/uploads/2026/02/Marco_General_Medios_2026.pdf"
2012,television,89.1,39449.0,"AIMC, Marco General de los Medios en España 2026, pág. 11 «Evolución de la audiencia general de los medios 1980-2025» (EGM): https://www.aimc.es/a1mc-c0nt3nt/uploads/2026/02/Marco_General_Medios_2026.pdf"
2012,cine,3.3,39449.0,"AIMC, Marco General de los Medios en España 2026, pág. 11 «Evolución de la audiencia general de los medios 1980-2025» (EGM): https://www.aimc.es/a1mc-c0nt3nt/uploads/2026/02/Marco_General_Medios_2026.pdf"
2012,exterior,64.7,39449.0,"AIMC, Marco General de los Medios en España 2026, pág. 11 «Evolución de la audiencia general de los medios 1980-2025» (EGM): https://www.aimc.es/a1mc-c0nt3nt/uploads/2026/02/Marco_General_Medios_2026.pdf"
2013,diarios,43.8,39331.0,"AIMC, Marco General de los Medios en España 2026, pág. 11 «Evolución de la audiencia general de los medios 1980-2025» (EGM): https://www.aimc.es/a1mc-c0nt3nt/uploads/2026/02/Marco_General_Medios_2026.pdf"
2013,diarios_papel,32.4,39331.0,"AIMC, Marco General de los Medios en España 2026, pág. 11 «Evolución de la audiencia general de los medios 1980-2025» (EGM): https://www.aimc.es/a1mc-c0nt3nt/uploads/2026/02/Marco_General_Medios_2026.pdf"
2013,diarios_internet,19.3,39331.0,"AIMC, Marco General de los Medios en España 2026, pág. 11 «Evolución de la audiencia general de los medios 1980-2025» (EGM): https://www.aimc.es/a1mc-c0nt3nt/uploads/2026/02/Marco_General_Medios_2026.pdf"
2013,suplementos,14.9,39331.0,"AIMC, Marco General de los Medios en España 2026, pág. 11 «Evolución de la audiencia general de los medios 1980-2025» (EGM): https://www.aimc.es/a1mc-c0nt3nt/uploads/2026/02/Marco_General_Medios_2026.pdf"
2013,suplementos_papel,14.6,39331.0,"AIMC, Marco General de los Medios en España 2026, pág. 11 «Evolución de la audiencia general de los medios 1980-2025» (EGM): https://www.aimc.es/a1mc-c0nt3nt/uploads/2026/02/Marco_General_Medios_2026.pdf"
2013,suplementos_internet,0.5,39331.0,"AIMC, Marco General de los Medios en España 2026, pág. 11 «Evolución de la audiencia general de los medios 1980-2025» (EGM): https://www.aimc.es/a1mc-c0nt3nt/uploads/2026/02/Marco_General_Medios_2026.pdf"
2013,revistas,45.4,39331.0,"AIMC, Marco General de los Medios en España 2026, pág. 11 «Evolución de la audiencia general de los medios 1980-2025» (EGM): https://www.aimc.es/a1mc-c0nt3nt/uploads/2026/02/Marco_General_Medios_2026.pdf"
2013,revistas_papel,43.4,39331.0,"AIMC, Marco General de los Medios en España 2026, pág. 11 «Evolución de la audiencia general de los medios 1980-2025» (EGM): https://www.aimc.es/a1mc-c0nt3nt/uploads/2026/02/Marco_General_Medios_2026.pdf"
2013,revistas_internet,6.1,39331.0,"AIMC, Marco General de los Medios en España 2026, pág. 11 «Evolución de la audiencia general de los medios 1980-2025» (EGM): https://www.aimc.es/a1mc-c0nt3nt/uploads/2026/02/Marco_General_Medios_2026.pdf"
2013,radio,61.5,39331.0,"AIMC, Marco General de los Medios en España 2026, pág. 11 «Evolución de la audiencia general de los medios 1980-2025» (EGM): https://www.aimc.es/a1mc-c0nt3nt/uploads/2026/02/Marco_General_Medios_2026.pdf"
2013,radio_internet,3.2,39331.0,"AIMC, Marco General de los Medios en España 2026, pág. 11 «Evolución de la audiencia general de los medios 1980-2025» (EGM): https://www.aimc.es/a1mc-c0nt3nt/uploads/2026/02/Marco_General_Medios_2026.pdf"
2013,television,88.7,39331.0,"AIMC, Marco General de los Medios en España 2026, pág. 11 «Evolución de la audiencia general de los medios 1980-2025» (EGM): https://www.aimc.es/a1mc-c0nt3nt/uploads/2026/02/Marco_General_Medios_2026.pdf"
2013,cine,3.0,39331.0,"AIMC, Marco General de los Medios en España 2026, pág. 11 «Evolución de la audiencia general de los medios 1980-2025» (EGM): https://www.aimc.es/a1mc-c0nt3nt/uploads/2026/02/Marco_General_Medios_2026.pdf"
2013,exterior,61.3,39331.0,"AIMC, Marco General de los Medios en España 2026, pág. 11 «Evolución de la audiencia general de los medios 1980-2025» (EGM): https://www.aimc.es/a1mc-c0nt3nt/uploads/2026/02/Marco_General_Medios_2026.pdf"
2014,diarios,43.3,39681.0,"AIMC, Marco General de los Medios en España 2026, pág. 11 «Evolución de la audiencia general de los medios 1980-2025» (EGM): https://www.aimc.es/a1mc-c0nt3nt/uploads/2026/02/Marco_General_Medios_2026.pdf"
2014,diarios_papel,29.8,39681.0,"AIMC, Marco General de los Medios en España 2026, pág. 11 «Evolución de la audiencia general de los medios 1980-2025» (EGM): https://www.aimc.es/a1mc-c0nt3nt/uploads/2026/02/Marco_General_Medios_2026.pdf"
2014,diarios_internet,21.6,39681.0,"AIMC, Marco General de los Medios en España 2026, pág. 11 «Evolución de la audiencia general de los medios 1980-2025» (EGM): https://www.aimc.es/a1mc-c0nt3nt/uploads/2026/02/Marco_General_Medios_2026.pdf"
2014,suplementos,13.1,39681.0,"AIMC, Marco General de los Medios en España 2026, pág. 11 «Evolución de la audiencia general de los medios 1980-2025» (EGM): https://www.aimc.es/a1mc-c0nt3nt/uploads/2026/02/Marco_General_Medios_2026.pdf"
2014,suplementos_papel,12.7,39681.0,"AIMC, Marco General de los Medios en España 2026, pág. 11 «Evolución de la audiencia general de los medios 1980-2025» (EGM): https://www.aimc.es/a1mc-c0nt3nt/uploads/2026/02/Marco_General_Medios_2026.pdf"
2014,suplementos_internet,0.6,39681.0,"AIMC, Marco General de los Medios en España 2026, pág. 11 «Evolución de la audiencia general de los medios 1980-2025» (EGM): https://www.aimc.es/a1mc-c0nt3nt/uploads/2026/02/Marco_General_Medios_2026.pdf"
2014,revistas,43.7,39681.0,"AIMC, Marco General de los Medios en España 2026, pág. 11 «Evolución de la audiencia general de los medios 1980-2025» (EGM): https://www.aimc.es/a1mc-c0nt3nt/uploads/2026/02/Marco_General_Medios_2026.pdf"
2014,revistas_papel,41.0,39681.0,"AIMC, Marco General de los Medios en España 2026, pág. 11 «Evolución de la audiencia general de los medios 1980-2025» (EGM): https://www.aimc.es/a1mc-c0nt3nt/uploads/2026/02/Marco_General_Medios_2026.pdf"
2014,revistas_internet,7.1,39681.0,"AIMC, Marco General de los Medios en España 2026, pág. 11 «Evolución de la audiencia general de los medios 1980-2025» (EGM): https://www.aimc.es/a1mc-c0nt3nt/uploads/2026/02/Marco_General_Medios_2026.pdf"
2014,radio,61.0,39681.0,"AIMC, Marco General de los Medios en España 2026, pág. 11 «Evolución de la audiencia general de los medios 1980-2025» (EGM): https://www.aimc.es/a1mc-c0nt3nt/uploads/2026/02/Marco_General_Medios_2026.pdf"
2014,radio_internet,3.7,39681.0,"AIMC, Marco General de los Medios en España 2026, pág. 11 «Evolución de la audiencia general de los medios 1980-2025» (EGM): https://www.aimc.es/a1mc-c0nt3nt/uploads/2026/02/Marco_General_Medios_2026.pdf"
2014,television,88.6,39681.0,"AIMC, Marco General de los Medios en España 2026, pág. 11 «Evolución de la audiencia general de los medios 1980-2025» (EGM): https://www.aimc.es/a1mc-c0nt3nt/uploads/2026/02/Marco_General_Medios_2026.pdf"
2014,cine,3.8,39681.0,"AIMC, Marco General de los Medios en España 2026, pág. 11 «Evolución de la audiencia general de los medios 1980-2025» (EGM): https://www.aimc.es/a1mc-c0nt3nt/uploads/2026/02/Marco_General_Medios_2026.pdf"
2014,exterior,58.8,39681.0,"AIMC, Marco General de los Medios en España 2026, pág. 11 «Evolución de la audiencia general de los medios 1980-2025» (EGM): https://www.aimc.es/a1mc-c0nt3nt/uploads/2026/02/Marco_General_Medios_2026.pdf"
2015,diarios,42.0,39724.0,"AIMC, Marco General de los Medios en España 2026, pág. 11 «Evolución de la audiencia general de los medios 1980-2025» (EGM): https://www.aimc.es/a1mc-c0nt3nt/uploads/2026/02/Marco_General_Medios_2026.pdf"
2015,diarios_papel,28.5,39724.0,"AIMC, Marco General de los Medios en España 2026, pág. 11 «Evolución de la audiencia general de los medios 1980-2025» (EGM): https://www.aimc.es/a1mc-c0nt3nt/uploads/2026/02/Marco_General_Medios_2026.pdf"
2015,diarios_internet,21.0,39724.0,"AIMC, Marco General de los Medios en España 2026, pág. 11 «Evolución de la audiencia general de los medios 1980-2025» (EGM): https://www.aimc.es/a1mc-c0nt3nt/uploads/2026/02/Marco_General_Medios_2026.pdf"
2015,suplementos,11.4,39724.0,"AIMC, Marco General de los Medios en España 2026, pág. 11 «Evolución de la audiencia general de los medios 1980-2025» (EGM): https://www.aimc.es/a1mc-c0nt3nt/uploads/2026/02/Marco_General_Medios_2026.pdf"
2015,suplementos_papel,11.0,39724.0,"AIMC, Marco General de los Medios en España 2026, pág. 11 «Evolución de la audiencia general de los medios 1980-2025» (EGM): https://www.aimc.es/a1mc-c0nt3nt/uploads/2026/02/Marco_General_Medios_2026.pdf"
2015,suplementos_internet,0.7,39724.0,"AIMC, Marco General de los Medios en España 2026, pág. 11 «Evolución de la audiencia general de los medios 1980-2025» (EGM): https://www.aimc.es/a1mc-c0nt3nt/uploads/2026/02/Marco_General_Medios_2026.pdf"
2015,revistas,41.6,39724.0,"AIMC, Marco General de los Medios en España 2026, pág. 11 «Evolución de la audiencia general de los medios 1980-2025» (EGM): https://www.aimc.es/a1mc-c0nt3nt/uploads/2026/02/Marco_General_Medios_2026.pdf"
2015,revistas_papel,38.5,39724.0,"AIMC, Marco General de los Medios en España 2026, pág. 11 «Evolución de la audiencia general de los medios 1980-2025» (EGM): https://www.aimc.es/a1mc-c0nt3nt/uploads/2026/02/Marco_General_Medios_2026.pdf"
2015,revistas_internet,7.5,39724.0,"AIMC, Marco General de los Medios en España 2026, pág. 11 «Evolución de la audiencia general de los medios 1980-2025» (EGM): https://www.aimc.es/a1mc-c0nt3nt/uploads/2026/02/Marco_General_Medios_2026.pdf"
2015,radio,60.1,39724.0,"AIMC, Marco General de los Medios en España 2026, pág. 11 «Evolución de la audiencia general de los medios 1980-2025» (EGM): https://www.aimc.es/a1mc-c0nt3nt/uploads/2026/02/Marco_General_Medios_2026.pdf"
2015,radio_internet,3.7,39724.0,"AIMC, Marco General de los Medios en España 2026, pág. 11 «Evolución de la audiencia general de los medios 1980-2025» (EGM): https://www.aimc.es/a1mc-c0nt3nt/uploads/2026/02/Marco_General_Medios_2026.pdf"
2015,television,88.3,39724.0,"AIMC, Marco General de los Medios en España 2026, pág. 11 «Evolución de la audiencia general de los medios 1980-2025» (EGM): https://www.aimc.es/a1mc-c0nt3nt/uploads/2026/02/Marco_General_Medios_2026.pdf"
2015,cine,3.4,39724.0,"AIMC, Marco General de los Medios en España 2026, pág. 11 «Evolución de la audiencia general de los medios 1980-2025» (EGM): https://www.aimc.es/a1mc-c0nt3nt/uploads/2026/02/Marco_General_Medios_2026.pdf"
2015,exterior,69.3,39724.0,"AIMC, Marco General de los Medios en España 2026, pág. 11 «Evolución de la audiencia general de los medios 1980-2025» (EGM): https://www.aimc.es/a1mc-c0nt3nt/uploads/2026/02/Marco_General_Medios_2026.pdf"
2016,diarios,42.3,39716.0,"AIMC, Marco General de los Medios en España 2026, pág. 11 «Evolución de la audiencia general de los medios 1980-2025» (EGM): https://www.aimc.es/a1mc-c0nt3nt/uploads/2026/02/Marco_General_Medios_2026.pdf"
2016,diarios_papel,26.5,39716.0,"AIMC, Marco General de los Medios en España 2026, pág. 11 «Evolución de la audiencia general de los medios 1980-2025» (EGM): https://www.aimc.es/a1mc-c0nt3nt/uploads/2026/02/Marco_General_Medios_2026.pdf"
2016,diarios_internet,23.8,39716.0,"AIMC, Marco General de los Medios en España 2026, pág. 11 «Evolución de la audiencia general de los medios 1980-2025» (EGM): https://www.aimc.es/a1mc-c0nt3nt/uploads/2026/02/Marco_General_Medios_2026.pdf"
2016,suplementos,9.9,39716.0,"AIMC, Marco General de los Medios en España 2026, pág. 11 «Evolución de la audiencia general de los medios 1980-2025» (EGM): https://www.aimc.es/a1mc-c0nt3nt/uploads/2026/02/Marco_General_Medios_2026.pdf"
2016,suplementos_papel,9.5,39716.0,"AIMC, Marco General de los Medios en España 2026, pág. 11 «Evolución de la audiencia general de los medios 1980-2025» (EGM): https://www.aimc.es/a1mc-c0nt3nt/uploads/2026/02/Marco_General_Medios_2026.pdf"
2016,suplementos_internet,0.6,39716.0,"AIMC, Marco General de los Medios en España 2026, pág. 11 «Evolución de la audiencia general de los medios 1980-2025» (EGM): https://www.aimc.es/a1mc-c0nt3nt/uploads/2026/02/Marco_General_Medios_2026.pdf"
2016,revistas,38.8,39716.0,"AIMC, Marco General de los Medios en España 2026, pág. 11 «Evolución de la audiencia general de los medios 1980-2025» (EGM): https://www.aimc.es/a1mc-c0nt3nt/uploads/2026/02/Marco_General_Medios_2026.pdf"
2016,revistas_papel,35.2,39716.0,"AIMC, Marco General de los Medios en España 2026, pág. 11 «Evolución de la audiencia general de los medios 1980-2025» (EGM): https://www.aimc.es/a1mc-c0nt3nt/uploads/2026/02/Marco_General_Medios_2026.pdf"
2016,revistas_internet,8.1,39716.0,"AIMC, Marco General de los Medios en España 2026, pág. 11 «Evolución de la audiencia general de los medios 1980-2025» (EGM): https://www.aimc.es/a1mc-c0nt3nt/uploads/2026/02/Marco_General_Medios_2026.pdf"
2016,radio,60.0,39716.0,"AIMC, Marco General de los Medios en España 2026, pág. 11 «Evolución de la audiencia general de los medios 1980-2025» (EGM): https://www.aimc.es/a1mc-c0nt3nt/uploads/2026/02/Marco_General_Medios_2026.pdf"
2016,radio_internet,3.9,39716.0,"AIMC, Marco General de los Medios en España 2026, pág. 11 «Evolución de la audiencia general de los medios 1980-2025» (EGM): https://www.aimc.es/a1mc-c0nt3nt/uploads/2026/02/Marco_General_Medios_2026.pdf"
2016,television,87.8,39716.0,"AIMC, Marco General de los Medios en España 2026, pág. 11 «Evolución de la audiencia general de los medios 1980-2025» (EGM): https://www.aimc.es/a1mc-c0nt3nt/uploads/2026/02/Marco_General_Medios_2026.pdf"
2016,cine,4.0,39716.0,"AIMC, Marco General de los Medios en España 2026, pág. 11 «Evolución de la audiencia general de los medios 1980-2025» (EGM): https://www.aimc.es/a1mc-c0nt3nt/uploads/2026/02/Marco_General_Medios_2026.pdf"
2016,exterior,74.7,39716.0,"AIMC, Marco General de los Medios en España 2026, pág. 11 «Evolución de la audiencia general de los medios 1980-2025» (EGM): https://www.aimc.es/a1mc-c0nt3nt/uploads/2026/02/Marco_General_Medios_2026.pdf"
2017,diarios,43.2,39783.0,"AIMC, Marco General de los Medios en España 2026, pág. 11 «Evolución de la audiencia general de los medios 1980-2025» (EGM): https://www.aimc.es/a1mc-c0nt3nt/uploads/2026/02/Marco_General_Medios_2026.pdf"
2017,diarios_papel,24.3,39783.0,"AIMC, Marco General de los Medios en España 2026, pág. 11 «Evolución de la audiencia general de los medios 1980-2025» (EGM): https://www.aimc.es/a1mc-c0nt3nt/uploads/2026/02/Marco_General_Medios_2026.pdf"
2017,diarios_internet,27.0,39783.0,"AIMC, Marco General de los Medios en España 2026, pág. 11 «Evolución de la audiencia general de los medios 1980-2025» (EGM): https://www.aimc.es/a1mc-c0nt3nt/uploads/2026/02/Marco_General_Medios_2026.pdf"
2017,suplementos,9.1,39783.0,"AIMC, Marco General de los Medios en España 2026, pág. 11 «Evolución de la audiencia general de los medios 1980-2025» (EGM): https://www.aimc.es/a1mc-c0nt3nt/uploads/2026/02/Marco_General_Medios_2026.pdf"
2017,suplementos_papel,8.7,39783.0,"AIMC, Marco General de los Medios en España 2026, pág. 11 «Evolución de la audiencia general de los medios 1980-2025» (EGM): https://www.aimc.es/a1mc-c0nt3nt/uploads/2026/02/Marco_General_Medios_2026.pdf"
2017,suplementos_internet,0.6,39783.0,"AIMC, Marco General de los Medios en España 2026, pág. 11 «Evolución de la audiencia general de los medios 1980-2025» (EGM): https://www.aimc.es/a1mc-c0nt3nt/uploads/2026/02/Marco_General_Medios_2026.pdf"
2017,revistas,37.1,39783.0,"AIMC, Marco General de los Medios en España 2026, pág. 11 «Evolución de la audiencia general de los medios 1980-2025» (EGM): https://www.aimc.es/a1mc-c0nt3nt/uploads/2026/02/Marco_General_Medios_2026.pdf"
2017,revistas_papel,32.8,39783.0,"AIMC, Marco General de los Medios en España 2026, pág. 11 «Evolución de la audiencia general de los medios 1980-2025» (EGM): https://www.aimc.es/a1mc-c0nt3nt/uploads/2026/02/Marco_General_Medios_2026.pdf"
2017,revistas_internet,8.9,39783.0,"AIMC, Marco General de los Medios en España 2026, pág. 11 «Evolución de la audiencia general de los medios 1980-2025» (EGM): https://www.aimc.es/a1mc-c0nt3nt/uploads/2026/02/Marco_General_Medios_2026.pdf"
2017,radio,59.3,39783.0,"AIMC, Marco General de los Medios en España 2026, pág. 11 «Evolución de la audiencia general de los medios 1980-2025» (EGM): https://www.aimc.es/a1mc-c0nt3nt/uploads/2026/02/Marco_General_Medios_2026.pdf"
2017,radio_internet,4.5,39783.0,"AIMC, Marco General de los Medios en España 2026, pág. 11 «Evolución de la audiencia general de los medios 1980-2025» (EGM): https://www.aimc.es/a1mc-c0nt3nt/uploads/2026/02/Marco_General_Medios_2026.pdf"
2017,television,85.2,39783.0,"AIMC, Marco General de los Medios en España 2026, pág. 11 «Evolución de la audiencia general de los medios 1980-2025» (EGM): https://www.aimc.es/a1mc-c0nt3nt/uploads/2026/02/Marco_General_Medios_2026.pdf"
2017,cine,3.9,39783.0,"AIMC, Marco General de los Medios en España 2026, pág. 11 «Evolución de la audiencia general de los medios 1980-2025» (EGM): https://www.aimc.es/a1mc-c0nt3nt/uploads/2026/02/Marco_General_Medios_2026.pdf"
2017,exterior,77.8,39783.0,"AIMC, Marco General de los Medios en España 2026, pág. 11 «Evolución de la audiencia general de los medios 1980-2025» (EGM): https://www.aimc.es/a1mc-c0nt3nt/uploads/2026/02/Marco_General_Medios_2026.pdf"
2018,diarios,42.8,39852.0,"AIMC, Marco General de los Medios en España 2026, pág. 11 «Evolución de la audiencia general de los medios 1980-2025» (EGM): https://www.aimc.es/a1mc-c0nt3nt/uploads/2026/02/Marco_General_Medios_2026.pdf"
2018,diarios_papel,22.8,39852.0,"AIMC, Marco General de los Medios en España 2026, pág. 11 «Evolución de la audiencia general de los medios 1980-2025» (EGM): https://www.aimc.es/a1mc-c0nt3nt/uploads/2026/02/Marco_General_Medios_2026.pdf"
2018,diarios_internet,28.2,39852.0,"AIMC, Marco General de los Medios en España 2026, pág. 11 «Evolución de la audiencia general de los medios 1980-2025» (EGM): https://www.aimc.es/a1mc-c0nt3nt/uploads/2026/02/Marco_General_Medios_2026.pdf"
2018,suplementos,8.2,39852.0,"AIMC, Marco General de los Medios en España 2026, pág. 11 «Evolución de la audiencia general de los medios 1980-2025» (EGM): https://www.aimc.es/a1mc-c0nt3nt/uploads/2026/02/Marco_General_Medios_2026.pdf"
2018,suplementos_papel,7.4,39852.0,"AIMC, Marco General de los Medios en España 2026, pág. 11 «Evolución de la audiencia general de los medios 1980-2025» (EGM): https://www.aimc.es/a1mc-c0nt3nt/uploads/2026/02/Marco_General_Medios_2026.pdf"
2018,suplementos_internet,1.1,39852.0,"AIMC, Marco General de los Medios en España 2026, pág. 11 «Evolución de la audiencia general de los medios 1980-2025» (EGM): https://www.aimc.es/a1mc-c0nt3nt/uploads/2026/02/Marco_General_Medios_2026.pdf"
2018,revistas,35.1,39852.0,"AIMC, Marco General de los Medios en España 2026, pág. 11 «Evolución de la audiencia general de los medios 1980-2025» (EGM): https://www.aimc.es/a1mc-c0nt3nt/uploads/2026/02/Marco_General_Medios_2026.pdf"
2018,revistas_papel,29.7,39852.0,"AIMC, Marco General de los Medios en España 2026, pág. 11 «Evolución de la audiencia general de los medios 1980-2025» (EGM): https://www.aimc.es/a1mc-c0nt3nt/uploads/2026/02/Marco_General_Medios_2026.pdf"
2018,revistas_internet,10.1,39852.0,"AIMC, Marco General de los Medios en España 2026, pág. 11 «Evolución de la audiencia general de los medios 1980-2025» (EGM): https://www.aimc.es/a1mc-c0nt3nt/uploads/2026/02/Marco_General_Medios_2026.pdf"
2018,radio,57.5,39852.0,"AIMC, Marco General de los Medios en España 2026, pág. 11 «Evolución de la audiencia general de los medios 1980-2025» (EGM): https://www.aimc.es/a1mc-c0nt3nt/uploads/2026/02/Marco_General_Medios_2026.pdf"
2018,radio_internet,4.4,39852.0,"AIMC, Marco General de los Medios en España 2026, pág. 11 «Evolución de la audiencia general de los medios 1980-2025» (EGM): https://www.aimc.es/a1mc-c0nt3nt/uploads/2026/02/Marco_General_Medios_2026.pdf"
2018,television,85.0,39852.0,"AIMC, Marco General de los Medios en España 2026, pág. 11 «Evolución de la audiencia general de los medios 1980-2025» (EGM): https://www.aimc.es/a1mc-c0nt3nt/uploads/2026/02/Marco_General_Medios_2026.pdf"
2018,cine,3.9,39852.0,"AIMC, Marco General de los Medios en España 2026, pág. 11 «Evolución de la audiencia general de los medios 1980-2025» (EGM): https://www.aimc.es/a1mc-c0nt3nt/uploads/2026/02/Marco_General_Medios_2026.pdf"
2018,exterior,77.2,39852.0,"AIMC, Marco General de los Medios en España 2026, pág. 11 «Evolución de la audiencia general de los medios 1980-2025» (EGM): https://www.aimc.es/a1mc-c0nt3nt/uploads/2026/02/Marco_General_Medios_2026.pdf"
2019,diarios,42.5,40288.0,"AIMC, Marco General de los Medios en España 2026, pág. 11 «Evolución de la audiencia general de los medios 1980-2025» (EGM): https://www.aimc.es/a1mc-c0nt3nt/uploads/2026/02/Marco_General_Medios_2026.pdf"
2019,diarios_papel,21.7,40288.0,"AIMC, Marco General de los Medios en España 2026, pág. 11 «Evolución de la audiencia general de los medios 1980-2025» (EGM): https://www.aimc.es/a1mc-c0nt3nt/uploads/2026/02/Marco_General_Medios_2026.pdf"
2019,diarios_internet,28.4,40288.0,"AIMC, Marco General de los Medios en España 2026, pág. 11 «Evolución de la audiencia general de los medios 1980-2025» (EGM): https://www.aimc.es/a1mc-c0nt3nt/uploads/2026/02/Marco_General_Medios_2026.pdf"
2019,suplementos,7.9,40288.0,"AIMC, Marco General de los Medios en España 2026, pág. 11 «Evolución de la audiencia general de los medios 1980-2025» (EGM): https://www.aimc.es/a1mc-c0nt3nt/uploads/2026/02/Marco_General_Medios_2026.pdf"
2019,suplementos_papel,7.0,40288.0,"AIMC, Marco General de los Medios en España 2026, pág. 11 «Evolución de la audiencia general de los medios 1980-2025» (EGM): https://www.aimc.es/a1mc-c0nt3nt/uploads/2026/02/Marco_General_Medios_2026.pdf"
2019,suplementos_internet,1.0,40288.0,"AIMC, Marco General de los Medios en España 2026, pág. 11 «Evolución de la audiencia general de los medios 1980-2025» (EGM): https://www.aimc.es/a1mc-c0nt3nt/uploads/2026/02/Marco_General_Medios_2026.pdf"
2019,revistas,35.0,40288.0,"AIMC, Marco General de los Medios en España 2026, pág. 11 «Evolución de la audiencia general de los medios 1980-2025» (EGM): https://www.aimc.es/a1mc-c0nt3nt/uploads/2026/02/Marco_General_Medios_2026.pdf"
2019,revistas_papel,29.4,40288.0,"AIMC, Marco General de los Medios en España 2026, pág. 11 «Evolución de la audiencia general de los medios 1980-2025» (EGM): https://www.aimc.es/a1mc-c0nt3nt/uploads/2026/02/Marco_General_Medios_2026.pdf"
2019,revistas_internet,10.6,40288.0,"AIMC, Marco General de los Medios en España 2026, pág. 11 «Evolución de la audiencia general de los medios 1980-2025» (EGM): https://www.aimc.es/a1mc-c0nt3nt/uploads/2026/02/Marco_General_Medios_2026.pdf"
2019,radio,56.9,40288.0,"AIMC, Marco General de los Medios en España 2026, pág. 11 «Evolución de la audiencia general de los medios 1980-2025» (EGM): https://www.aimc.es/a1mc-c0nt3nt/uploads/2026/02/Marco_General_Medios_2026.pdf"
2019,radio_internet,4.8,40288.0,"AIMC, Marco General de los Medios en España 2026, pág. 11 «Evolución de la audiencia general de los medios 1980-2025» (EGM): https://www.aimc.es/a1mc-c0nt3nt/uploads/2026/02/Marco_General_Medios_2026.pdf"
2019,television,85.4,40288.0,"AIMC, Marco General de los Medios en España 2026, pág. 11 «Evolución de la audiencia general de los medios 1980-2025» (EGM): https://www.aimc.es/a1mc-c0nt3nt/uploads/2026/02/Marco_General_Medios_2026.pdf"
2019,cine,4.6,40288.0,"AIMC, Marco General de los Medios en España 2026, pág. 11 «Evolución de la audiencia general de los medios 1980-2025» (EGM): https://www.aimc.es/a1mc-c0nt3nt/uploads/2026/02/Marco_General_Medios_2026.pdf"
2019,exterior,81.3,40288.0,"AIMC, Marco General de los Medios en España 2026, pág. 11 «Evolución de la audiencia general de los medios 1980-2025» (EGM): https://www.aimc.es/a1mc-c0nt3nt/uploads/2026/02/Marco_General_Medios_2026.pdf"
2020,diarios,42.3,40565.0,"AIMC, Marco General de los Medios en España 2026, pág. 11 «Evolución de la audiencia general de los medios 1980-2025» (EGM): https://www.aimc.es/a1mc-c0nt3nt/uploads/2026/02/Marco_General_Medios_2026.pdf"
2020,diarios_papel,18.4,40565.0,"AIMC, Marco General de los Medios en España 2026, pág. 11 «Evolución de la audiencia general de los medios 1980-2025» (EGM): https://www.aimc.es/a1mc-c0nt3nt/uploads/2026/02/Marco_General_Medios_2026.pdf"
2020,diarios_internet,30.4,40565.0,"AIMC, Marco General de los Medios en España 2026, pág. 11 «Evolución de la audiencia general de los medios 1980-2025» (EGM): https://www.aimc.es/a1mc-c0nt3nt/uploads/2026/02/Marco_General_Medios_2026.pdf"
2020,suplementos,7.0,40565.0,"AIMC, Marco General de los Medios en España 2026, pág. 11 «Evolución de la audiencia general de los medios 1980-2025» (EGM): https://www.aimc.es/a1mc-c0nt3nt/uploads/2026/02/Marco_General_Medios_2026.pdf"
2020,suplementos_papel,5.9,40565.0,"AIMC, Marco General de los Medios en España 2026, pág. 11 «Evolución de la audiencia general de los medios 1980-2025» (EGM): https://www.aimc.es/a1mc-c0nt3nt/uploads/2026/02/Marco_General_Medios_2026.pdf"
2020,suplementos_internet,1.2,40565.0,"AIMC, Marco General de los Medios en España 2026, pág. 11 «Evolución de la audiencia general de los medios 1980-2025» (EGM): https://www.aimc.es/a1mc-c0nt3nt/uploads/2026/02/Marco_General_Medios_2026.pdf"
2020,revistas,32.6,40565.0,"AIMC, Marco General de los Medios en España 2026, pág. 11 «Evolución de la audiencia general de los medios 1980-2025» (EGM): https://www.aimc.es/a1mc-c0nt3nt/uploads/2026/02/Marco_General_Medios_2026.pdf"
2020,revistas_papel,26.1,40565.0,"AIMC, Marco General de los Medios en España 2026, pág. 11 «Evolución de la audiencia general de los medios 1980-2025» (EGM): https://www.aimc.es/a1mc-c0nt3nt/uploads/2026/02/Marco_General_Medios_2026.pdf"
2020,revistas_internet,11.0,40565.0,"AIMC, Marco General de los Medios en España 2026, pág. 11 «Evolución de la audiencia general de los medios 1980-2025» (EGM): https://www.aimc.es/a1mc-c0nt3nt/uploads/2026/02/Marco_General_Medios_2026.pdf"
2020,radio,55.5,40565.0,"AIMC, Marco General de los Medios en España 2026, pág. 11 «Evolución de la audiencia general de los medios 1980-2025» (EGM): https://www.aimc.es/a1mc-c0nt3nt/uploads/2026/02/Marco_General_Medios_2026.pdf"
2020,radio_internet,5.7,40565.0,"AIMC, Marco General de los Medios en España 2026, pág. 11 «Evolución de la audiencia general de los medios 1980-2025» (EGM): https://www.aimc.es/a1mc-c0nt3nt/uploads/2026/02/Marco_General_Medios_2026.pdf"
2020,television,85.1,40565.0,"AIMC, Marco General de los Medios en España 2026, pág. 11 «Evolución de la audiencia general de los medios 1980-2025» (EGM): https://www.aimc.es/a1mc-c0nt3nt/uploads/2026/02/Marco_General_Medios_2026.pdf"
2020,cine,3.3,40565.0,"AIMC, Marco General de los Medios en España 2026, pág. 11 «Evolución de la audiencia general de los medios 1980-2025» (EGM): https://www.aimc.es/a1mc-c0nt3nt/uploads/2026/02/Marco_General_Medios_2026.pdf"
2020,exterior,79.9,40565.0,"AIMC, Marco General de los Medios en España 2026, pág. 11 «Evolución de la audiencia general de los medios 1980-2025» (EGM): https://www.aimc.es/a1mc-c0nt3nt/uploads/2026/02/Marco_General_Medios_2026.pdf"
2021,diarios,42.6,40948.0,"AIMC, Marco General de los Medios en España 2026, pág. 11 «Evolución de la audiencia general de los medios 1980-2025» (EGM): https://www.aimc.es/a1mc-c0nt3nt/uploads/2026/02/Marco_General_Medios_2026.pdf"
2021,diarios_papel,13.7,40948.0,"AIMC, Marco General de los Medios en España 2026, pág. 11 «Evolución de la audiencia general de los medios 1980-2025» (EGM): https://www.aimc.es/a1mc-c0nt3nt/uploads/2026/02/Marco_General_Medios_2026.pdf"
2021,diarios_internet,34.0,40948.0,"AIMC, Marco General de los Medios en España 2026, pág. 11 «Evolución de la audiencia general de los medios 1980-2025» (EGM): https://www.aimc.es/a1mc-c0nt3nt/uploads/2026/02/Marco_General_Medios_2026.pdf"
2021,suplementos,6.0,40948.0,"AIMC, Marco General de los Medios en España 2026, pág. 11 «Evolución de la audiencia general de los medios 1980-2025» (EGM): https://www.aimc.es/a1mc-c0nt3nt/uploads/2026/02/Marco_General_Medios_2026.pdf"
2021,suplementos_papel,4.6,40948.0,"AIMC, Marco General de los Medios en España 2026, pág. 11 «Evolución de la audiencia general de los medios 1980-2025» (EGM): https://www.aimc.es/a1mc-c0nt3nt/uploads/2026/02/Marco_General_Medios_2026.pdf"
2021,suplementos_internet,1.3,40948.0,"AIMC, Marco General de los Medios en España 2026, pág. 11 «Evolución de la audiencia general de los medios 1980-2025» (EGM): https://www.aimc.es/a1mc-c0nt3nt/uploads/2026/02/Marco_General_Medios_2026.pdf"
2021,revistas,31.4,40948.0,"AIMC, Marco General de los Medios en España 2026, pág. 11 «Evolución de la audiencia general de los medios 1980-2025» (EGM): https://www.aimc.es/a1mc-c0nt3nt/uploads/2026/02/Marco_General_Medios_2026.pdf"
2021,revistas_papel,22.6,40948.0,"AIMC, Marco General de los Medios en España 2026, pág. 11 «Evolución de la audiencia general de los medios 1980-2025» (EGM): https://www.aimc.es/a1mc-c0nt3nt/uploads/2026/02/Marco_General_Medios_2026.pdf"
2021,revistas_internet,13.3,40948.0,"AIMC, Marco General de los Medios en España 2026, pág. 11 «Evolución de la audiencia general de los medios 1980-2025» (EGM): https://www.aimc.es/a1mc-c0nt3nt/uploads/2026/02/Marco_General_Medios_2026.pdf"
2021,radio,54.6,40948.0,"AIMC, Marco General de los Medios en España 2026, pág. 11 «Evolución de la audiencia general de los medios 1980-2025» (EGM): https://www.aimc.es/a1mc-c0nt3nt/uploads/2026/02/Marco_General_Medios_2026.pdf"
2021,radio_internet,7.8,40948.0,"AIMC, Marco General de los Medios en España 2026, pág. 11 «Evolución de la audiencia general de los medios 1980-2025» (EGM): https://www.aimc.es/a1mc-c0nt3nt/uploads/2026/02/Marco_General_Medios_2026.pdf"
2021,television,83.3,40948.0,"AIMC, Marco General de los Medios en España 2026, pág. 11 «Evolución de la audiencia general de los medios 1980-2025» (EGM): https://www.aimc.es/a1mc-c0nt3nt/uploads/2026/02/Marco_General_Medios_2026.pdf"
2021,cine,1.6,40948.0,"AIMC, Marco General de los Medios en España 2026, pág. 11 «Evolución de la audiencia general de los medios 1980-2025» (EGM): https://www.aimc.es/a1mc-c0nt3nt/uploads/2026/02/Marco_General_Medios_2026.pdf"
2021,exterior,76.9,40948.0,"AIMC, Marco General de los Medios en España 2026, pág. 11 «Evolución de la audiencia general de los medios 1980-2025» (EGM): https://www.aimc.es/a1mc-c0nt3nt/uploads/2026/02/Marco_General_Medios_2026.pdf"
2022,diarios,41.8,41118.0,"AIMC, Marco General de los Medios en España 2026, pág. 11 «Evolución de la audiencia general de los medios 1980-2025» (EGM): https://www.aimc.es/a1mc-c0nt3nt/uploads/2026/02/Marco_General_Medios_2026.pdf"
2022,diarios_papel,13.7,41118.0,"AIMC, Marco General de los Medios en España 2026, pág. 11 «Evolución de la audiencia general de los medios 1980-2025» (EGM): https://www.aimc.es/a1mc-c0nt3nt/uploads/2026/02/Marco_General_Medios_2026.pdf"
2022,diarios_internet,33.2,41118.0,"AIMC, Marco General de los Medios en España 2026, pág. 11 «Evolución de la audiencia general de los medios 1980-2025» (EGM): https://www.aimc.es/a1mc-c0nt3nt/uploads/2026/02/Marco_General_Medios_2026.pdf"
2022,suplementos,5.4,41118.0,"AIMC, Marco General de los Medios en España 2026, pág. 11 «Evolución de la audiencia general de los medios 1980-2025» (EGM): https://www.aimc.es/a1mc-c0nt3nt/uploads/2026/02/Marco_General_Medios_2026.pdf"
2022,suplementos_papel,4.0,41118.0,"AIMC, Marco General de los Medios en España 2026, pág. 11 «Evolución de la audiencia general de los medios 1980-2025» (EGM): https://www.aimc.es/a1mc-c0nt3nt/uploads/2026/02/Marco_General_Medios_2026.pdf"
2022,suplementos_internet,1.4,41118.0,"AIMC, Marco General de los Medios en España 2026, pág. 11 «Evolución de la audiencia general de los medios 1980-2025» (EGM): https://www.aimc.es/a1mc-c0nt3nt/uploads/2026/02/Marco_General_Medios_2026.pdf"
2022,revistas,30.2,41118.0,"AIMC, Marco General de los Medios en España 2026, pág. 11 «Evolución de la audiencia general de los medios 1980-2025» (EGM): https://www.aimc.es/a1mc-c0nt3nt/uploads/2026/02/Marco_General_Medios_2026.pdf"
2022,revistas_papel,22.2,41118.0,"AIMC, Marco General de los Medios en España 2026, pág. 11 «Evolución de la audiencia general de los medios 1980-2025» (EGM): https://www.aimc.es/a1mc-c0nt3nt/uploads/2026/02/Marco_General_Medios_2026.pdf"
2022,revistas_internet,12.2,41118.0,"AIMC, Marco General de los Medios en España 2026, pág. 11 «Evolución de la audiencia general de los medios 1980-2025» (EGM): https://www.aimc.es/a1mc-c0nt3nt/uploads/2026/02/Marco_General_Medios_2026.pdf"
2022,radio,54.4,41118.0,"AIMC, Marco General de los Medios en España 2026, pág. 11 «Evolución de la audiencia general de los medios 1980-2025» (EGM): https://www.aimc.es/a1mc-c0nt3nt/uploads/2026/02/Marco_General_Medios_2026.pdf"
2022,radio_internet,10.2,41118.0,"AIMC, Marco General de los Medios en España 2026, pág. 11 «Evolución de la audiencia general de los medios 1980-2025» (EGM): https://www.aimc.es/a1mc-c0nt3nt/uploads/2026/02/Marco_General_Medios_2026.pdf"
2022,television,79.3,41118.0,"AIMC, Marco General de los Medios en España 2026, pág. 11 «Evolución de la audiencia general de los medios 1980-2025» (EGM): https://www.aimc.es/a1mc-c0nt3nt/uploads/2026/02/Marco_General_Medios_2026.pdf"
2022,cine,2.5,41118.0,"AIMC, Marco General de los Medios en España 2026, pág. 11 «Evolución de la audiencia general de los medios 1980-2025» (EGM): https://www.aimc.es/a1mc-c0nt3nt/uploads/2026/02/Marco_General_Medios_2026.pdf"
2022,exterior,77.1,41118.0,"AIMC, Marco General de los Medios en España 2026, pág. 11 «Evolución de la audiencia general de los medios 1980-2025» (EGM): https://www.aimc.es/a1mc-c0nt3nt/uploads/2026/02/Marco_General_Medios_2026.pdf"
2023,diarios,40.6,41655.0,"AIMC, Marco General de los Medios en España 2026, pág. 11 «Evolución de la audiencia general de los medios 1980-2025» (EGM): https://www.aimc.es/a1mc-c0nt3nt/uploads/2026/02/Marco_General_Medios_2026.pdf"
2023,diarios_papel,13.7,41655.0,"AIMC, Marco General de los Medios en España 2026, pág. 11 «Evolución de la audiencia general de los medios 1980-2025» (EGM): https://www.aimc.es/a1mc-c0nt3nt/uploads/2026/02/Marco_General_Medios_2026.pdf"
2023,diarios_internet,32.1,41655.0,"AIMC, Marco General de los Medios en España 2026, pág. 11 «Evolución de la audiencia general de los medios 1980-2025» (EGM): https://www.aimc.es/a1mc-c0nt3nt/uploads/2026/02/Marco_General_Medios_2026.pdf"
2023,suplementos,5.3,41655.0,"AIMC, Marco General de los Medios en España 2026, pág. 11 «Evolución de la audiencia general de los medios 1980-2025» (EGM): https://www.aimc.es/a1mc-c0nt3nt/uploads/2026/02/Marco_General_Medios_2026.pdf"
2023,suplementos_papel,4.1,41655.0,"AIMC, Marco General de los Medios en España 2026, pág. 11 «Evolución de la audiencia general de los medios 1980-2025» (EGM): https://www.aimc.es/a1mc-c0nt3nt/uploads/2026/02/Marco_General_Medios_2026.pdf"
2023,suplementos_internet,1.2,41655.0,"AIMC, Marco General de los Medios en España 2026, pág. 11 «Evolución de la audiencia general de los medios 1980-2025» (EGM): https://www.aimc.es/a1mc-c0nt3nt/uploads/2026/02/Marco_General_Medios_2026.pdf"
2023,revistas,33.3,41655.0,"AIMC, Marco General de los Medios en España 2026, pág. 11 «Evolución de la audiencia general de los medios 1980-2025» (EGM): https://www.aimc.es/a1mc-c0nt3nt/uploads/2026/02/Marco_General_Medios_2026.pdf"
2023,revistas_papel,26.0,41655.0,"AIMC, Marco General de los Medios en España 2026, pág. 11 «Evolución de la audiencia general de los medios 1980-2025» (EGM): https://www.aimc.es/a1mc-c0nt3nt/uploads/2026/02/Marco_General_Medios_2026.pdf"
2023,revistas_internet,13.2,41655.0,"AIMC, Marco General de los Medios en España 2026, pág. 11 «Evolución de la audiencia general de los medios 1980-2025» (EGM): https://www.aimc.es/a1mc-c0nt3nt/uploads/2026/02/Marco_General_Medios_2026.pdf"
2023,radio,54.3,41655.0,"AIMC, Marco General de los Medios en España 2026, pág. 11 «Evolución de la audiencia general de los medios 1980-2025» (EGM): https://www.aimc.es/a1mc-c0nt3nt/uploads/2026/02/Marco_General_Medios_2026.pdf"
2023,radio_internet,11.3,41655.0,"AIMC, Marco General de los Medios en España 2026, pág. 11 «Evolución de la audiencia general de los medios 1980-2025» (EGM): https://www.aimc.es/a1mc-c0nt3nt/uploads/2026/02/Marco_General_Medios_2026.pdf"
2023,television,81.1,41655.0,"AIMC, Marco General de los Medios en España 2026, pág. 11 «Evolución de la audiencia general de los medios 1980-2025» (EGM): https://www.aimc.es/a1mc-c0nt3nt/uploads/2026/02/Marco_General_Medios_2026.pdf"
2023,cine,3.6,41655.0,"AIMC, Marco General de los Medios en España 2026, pág. 11 «Evolución de la audiencia general de los medios 1980-2025» (EGM): https://www.aimc.es/a1mc-c0nt3nt/uploads/2026/02/Marco_General_Medios_2026.pdf"
2023,exterior,79.6,41655.0,"AIMC, Marco General de los Medios en España 2026, pág. 11 «Evolución de la audiencia general de los medios 1980-2025» (EGM): https://www.aimc.es/a1mc-c0nt3nt/uploads/2026/02/Marco_General_Medios_2026.pdf"
2024,diarios,39.9,42131.0,"AIMC, Marco General de los Medios en España 2026, pág. 11 «Evolución de la audiencia general de los medios 1980-2025» (EGM): https://www.aimc.es/a1mc-c0nt3nt/uploads/2026/02/Marco_General_Medios_2026.pdf"
2024,diarios_papel,13.3,42131.0,"AIMC, Marco General de los Medios en España 2026, pág. 11 «Evolución de la audiencia general de los medios 1980-2025» (EGM): https://www.aimc.es/a1mc-c0nt3nt/uploads/2026/02/Marco_General_Medios_2026.pdf"
2024,diarios_internet,31.9,42131.0,"AIMC, Marco General de los Medios en España 2026, pág. 11 «Evolución de la audiencia general de los medios 1980-2025» (EGM): https://www.aimc.es/a1mc-c0nt3nt/uploads/2026/02/Marco_General_Medios_2026.pdf"
2024,suplementos,4.6,42131.0,"AIMC, Marco General de los Medios en España 2026, pág. 11 «Evolución de la audiencia general de los medios 1980-2025» (EGM): https://www.aimc.es/a1mc-c0nt3nt/uploads/2026/02/Marco_General_Medios_2026.pdf"
2024,suplementos_papel,3.5,42131.0,"AIMC, Marco General de los Medios en España 2026, pág. 11 «Evolución de la audiencia general de los medios 1980-2025» (EGM): https://www.aimc.es/a1mc-c0nt3nt/uploads/2026/02/Marco_General_Medios_2026.pdf"
2024,suplementos_internet,1.3,42131.0,"AIMC, Marco General de los Medios en España 2026, pág. 11 «Evolución de la audiencia general de los medios 1980-2025» (EGM): https://www.aimc.es/a1mc-c0nt3nt/uploads/2026/02/Marco_General_Medios_2026.pdf"
2024,revistas,31.1,42131.0,"AIMC, Marco General de los Medios en España 2026, pág. 11 «Evolución de la audiencia general de los medios 1980-2025» (EGM): https://www.aimc.es/a1mc-c0nt3nt/uploads/2026/02/Marco_General_Medios_2026.pdf"
2024,revistas_papel,23.7,42131.0,"AIMC, Marco General de los Medios en España 2026, pág. 11 «Evolución de la audiencia general de los medios 1980-2025» (EGM): https://www.aimc.es/a1mc-c0nt3nt/uploads/2026/02/Marco_General_Medios_2026.pdf"
2024,revistas_internet,12.8,42131.0,"AIMC, Marco General de los Medios en España 2026, pág. 11 «Evolución de la audiencia general de los medios 1980-2025» (EGM): https://www.aimc.es/a1mc-c0nt3nt/uploads/2026/02/Marco_General_Medios_2026.pdf"
2024,radio,54.2,42131.0,"AIMC, Marco General de los Medios en España 2026, pág. 11 «Evolución de la audiencia general de los medios 1980-2025» (EGM): https://www.aimc.es/a1mc-c0nt3nt/uploads/2026/02/Marco_General_Medios_2026.pdf"
2024,radio_internet,12.8,42131.0,"AIMC, Marco General de los Medios en España 2026, pág. 11 «Evolución de la audiencia general de los medios 1980-2025» (EGM): https://www.aimc.es/a1mc-c0nt3nt/uploads/2026/02/Marco_General_Medios_2026.pdf"
2024,television,80.9,42131.0,"AIMC, Marco General de los Medios en España 2026, pág. 11 «Evolución de la audiencia general de los medios 1980-2025» (EGM): https://www.aimc.es/a1mc-c0nt3nt/uploads/2026/02/Marco_General_Medios_2026.pdf"
2024,cine,6.9,42131.0,"AIMC, Marco General de los Medios en España 2026, pág. 11 «Evolución de la audiencia general de los medios 1980-2025» (EGM): https://www.aimc.es/a1mc-c0nt3nt/uploads/2026/02/Marco_General_Medios_2026.pdf"
2024,exterior,81.4,42131.0,"AIMC, Marco General de los Medios en España 2026, pág. 11 «Evolución de la audiencia general de los medios 1980-2025» (EGM): https://www.aimc.es/a1mc-c0nt3nt/uploads/2026/02/Marco_General_Medios_2026.pdf"
2025,diarios,39.6,42624.0,"AIMC, Marco General de los Medios en España 2026, pág. 11 «Evolución de la audiencia general de los medios 1980-2025» (EGM): https://www.aimc.es/a1mc-c0nt3nt/uploads/2026/02/Marco_General_Medios_2026.pdf"
2025,diarios_papel,12.5,42624.0,"AIMC, Marco General de los Medios en España 2026, pág. 11 «Evolución de la audiencia general de los medios 1980-2025» (EGM): https://www.aimc.es/a1mc-c0nt3nt/uploads/2026/02/Marco_General_Medios_2026.pdf"
2025,diarios_internet,30.5,42624.0,"AIMC, Marco General de los Medios en España 2026, pág. 11 «Evolución de la audiencia general de los medios 1980-2025» (EGM): https://www.aimc.es/a1mc-c0nt3nt/uploads/2026/02/Marco_General_Medios_2026.pdf"
2025,suplementos,4.4,42624.0,"AIMC, Marco General de los Medios en España 2026, pág. 11 «Evolución de la audiencia general de los medios 1980-2025» (EGM): https://www.aimc.es/a1mc-c0nt3nt/uploads/2026/02/Marco_General_Medios_2026.pdf"
2025,suplementos_papel,3.5,42624.0,"AIMC, Marco General de los Medios en España 2026, pág. 11 «Evolución de la audiencia general de los medios 1980-2025» (EGM): https://www.aimc.es/a1mc-c0nt3nt/uploads/2026/02/Marco_General_Medios_2026.pdf"
2025,suplementos_internet,1.1,42624.0,"AIMC, Marco General de los Medios en España 2026, pág. 11 «Evolución de la audiencia general de los medios 1980-2025» (EGM): https://www.aimc.es/a1mc-c0nt3nt/uploads/2026/02/Marco_General_Medios_2026.pdf"
2025,revistas,29.6,42624.0,"AIMC, Marco General de los Medios en España 2026, pág. 11 «Evolución de la audiencia general de los medios 1980-2025» (EGM): https://www.aimc.es/a1mc-c0nt3nt/uploads/2026/02/Marco_General_Medios_2026.pdf"
2025,revistas_papel,22.1,42624.0,"AIMC, Marco General de los Medios en España 2026, pág. 11 «Evolución de la audiencia general de los medios 1980-2025» (EGM): https://www.aimc.es/a1mc-c0nt3nt/uploads/2026/02/Marco_General_Medios_2026.pdf"
2025,revistas_internet,12.6,42624.0,"AIMC, Marco General de los Medios en España 2026, pág. 11 «Evolución de la audiencia general de los medios 1980-2025» (EGM): https://www.aimc.es/a1mc-c0nt3nt/uploads/2026/02/Marco_General_Medios_2026.pdf"
2025,radio,55.0,42624.0,"AIMC, Marco General de los Medios en España 2026, pág. 11 «Evolución de la audiencia general de los medios 1980-2025» (EGM): https://www.aimc.es/a1mc-c0nt3nt/uploads/2026/02/Marco_General_Medios_2026.pdf"
2025,radio_internet,14.0,42624.0,"AIMC, Marco General de los Medios en España 2026, pág. 11 «Evolución de la audiencia general de los medios 1980-2025» (EGM): https://www.aimc.es/a1mc-c0nt3nt/uploads/2026/02/Marco_General_Medios_2026.pdf"
2025,television,80.5,42624.0,"AIMC, Marco General de los Medios en España 2026, pág. 11 «Evolución de la audiencia general de los medios 1980-2025» (EGM): https://www.aimc.es/a1mc-c0nt3nt/uploads/2026/02/Marco_General_Medios_2026.pdf"
2025,cine,6.2,42624.0,"AIMC, Marco General de los Medios en España 2026, pág. 11 «Evolución de la audiencia general de los medios 1980-2025» (EGM): https://www.aimc.es/a1mc-c0nt3nt/uploads/2026/02/Marco_General_Medios_2026.pdf"
2025,exterior,81.0,42624.0,"AIMC, Marco General de los Medios en España 2026, pág. 11 «Evolución de la audiencia general de los medios 1980-2025» (EGM): https://www.aimc.es/a1mc-c0nt3nt/uploads/2026/02/Marco_General_Medios_2026.pdf"
1997,diarios_tipo_total,37.7,,"AIMC, Marco General de los Medios en España 2026, pág. 49 «Evolución de la audiencia de diarios según tipo 1997-2025» (EGM; hasta 2017 solo papel, desde 2018 papel y visor digital): https://www.aimc.es/a1mc-c0nt3nt/uploads/2026/02/Marco_General_Medios_2026.pdf"
1997,diarios_informacion_general,32.7,,"AIMC, Marco General de los Medios en España 2026, pág. 49 «Evolución de la audiencia de diarios según tipo 1997-2025» (EGM; hasta 2017 solo papel, desde 2018 papel y visor digital): https://www.aimc.es/a1mc-c0nt3nt/uploads/2026/02/Marco_General_Medios_2026.pdf"
1997,diarios_economicos,0.4,,"AIMC, Marco General de los Medios en España 2026, pág. 49 «Evolución de la audiencia de diarios según tipo 1997-2025» (EGM; hasta 2017 solo papel, desde 2018 papel y visor digital): https://www.aimc.es/a1mc-c0nt3nt/uploads/2026/02/Marco_General_Medios_2026.pdf"
1997,diarios_deportivos,10.8,,"AIMC, Marco General de los Medios en España 2026, pág. 49 «Evolución de la audiencia de diarios según tipo 1997-2025» (EGM; hasta 2017 solo papel, desde 2018 papel y visor digital): https://www.aimc.es/a1mc-c0nt3nt/uploads/2026/02/Marco_General_Medios_2026.pdf"
1998,diarios_tipo_total,36.9,,"AIMC, Marco General de los Medios en España 2026, pág. 49 «Evolución de la audiencia de diarios según tipo 1997-2025» (EGM; hasta 2017 solo papel, desde 2018 papel y visor digital): https://www.aimc.es/a1mc-c0nt3nt/uploads/2026/02/Marco_General_Medios_2026.pdf"
1998,diarios_informacion_general,32.2,,"AIMC, Marco General de los Medios en España 2026, pág. 49 «Evolución de la audiencia de diarios según tipo 1997-2025» (EGM; hasta 2017 solo papel, desde 2018 papel y visor digital): https://www.aimc.es/a1mc-c0nt3nt/uploads/2026/02/Marco_General_Medios_2026.pdf"
1998,diarios_economicos,0.5,,"AIMC, Marco General de los Medios en España 2026, pág. 49 «Evolución de la audiencia de diarios según tipo 1997-2025» (EGM; hasta 2017 solo papel, desde 2018 papel y visor digital): https://www.aimc.es/a1mc-c0nt3nt/uploads/2026/02/Marco_General_Medios_2026.pdf"
1998,diarios_deportivos,10.2,,"AIMC, Marco General de los Medios en España 2026, pág. 49 «Evolución de la audiencia de diarios según tipo 1997-2025» (EGM; hasta 2017 solo papel, desde 2018 papel y visor digital): https://www.aimc.es/a1mc-c0nt3nt/uploads/2026/02/Marco_General_Medios_2026.pdf"
1999,diarios_tipo_total,35.2,,"AIMC, Marco General de los Medios en España 2026, pág. 49 «Evolución de la audiencia de diarios según tipo 1997-2025» (EGM; hasta 2017 solo papel, desde 2018 papel y visor digital): https://www.aimc.es/a1mc-c0nt3nt/uploads/2026/02/Marco_General_Medios_2026.pdf"
1999,diarios_informacion_general,30.6,,"AIMC, Marco General de los Medios en España 2026, pág. 49 «Evolución de la audiencia de diarios según tipo 1997-2025» (EGM; hasta 2017 solo papel, desde 2018 papel y visor digital): https://www.aimc.es/a1mc-c0nt3nt/uploads/2026/02/Marco_General_Medios_2026.pdf"
1999,diarios_economicos,0.6,,"AIMC, Marco General de los Medios en España 2026, pág. 49 «Evolución de la audiencia de diarios según tipo 1997-2025» (EGM; hasta 2017 solo papel, desde 2018 papel y visor digital): https://www.aimc.es/a1mc-c0nt3nt/uploads/2026/02/Marco_General_Medios_2026.pdf"
1999,diarios_deportivos,9.5,,"AIMC, Marco General de los Medios en España 2026, pág. 49 «Evolución de la audiencia de diarios según tipo 1997-2025» (EGM; hasta 2017 solo papel, desde 2018 papel y visor digital): https://www.aimc.es/a1mc-c0nt3nt/uploads/2026/02/Marco_General_Medios_2026.pdf"
2000,diarios_tipo_total,36.3,,"AIMC, Marco General de los Medios en España 2026, pág. 49 «Evolución de la audiencia de diarios según tipo 1997-2025» (EGM; hasta 2017 solo papel, desde 2018 papel y visor digital): https://www.aimc.es/a1mc-c0nt3nt/uploads/2026/02/Marco_General_Medios_2026.pdf"
2000,diarios_informacion_general,32.0,,"AIMC, Marco General de los Medios en España 2026, pág. 49 «Evolución de la audiencia de diarios según tipo 1997-2025» (EGM; hasta 2017 solo papel, desde 2018 papel y visor digital): https://www.aimc.es/a1mc-c0nt3nt/uploads/2026/02/Marco_General_Medios_2026.pdf"
2000,diarios_economicos,0.6,,"AIMC, Marco General de los Medios en España 2026, pág. 49 «Evolución de la audiencia de diarios según tipo 1997-2025» (EGM; hasta 2017 solo papel, desde 2018 papel y visor digital): https://www.aimc.es/a1mc-c0nt3nt/uploads/2026/02/Marco_General_Medios_2026.pdf"
2000,diarios_deportivos,9.7,,"AIMC, Marco General de los Medios en España 2026, pág. 49 «Evolución de la audiencia de diarios según tipo 1997-2025» (EGM; hasta 2017 solo papel, desde 2018 papel y visor digital): https://www.aimc.es/a1mc-c0nt3nt/uploads/2026/02/Marco_General_Medios_2026.pdf"
2001,diarios_tipo_total,35.9,,"AIMC, Marco General de los Medios en España 2026, pág. 49 «Evolución de la audiencia de diarios según tipo 1997-2025» (EGM; hasta 2017 solo papel, desde 2018 papel y visor digital): https://www.aimc.es/a1mc-c0nt3nt/uploads/2026/02/Marco_General_Medios_2026.pdf"
2001,diarios_informacion_general,31.5,,"AIMC, Marco General de los Medios en España 2026, pág. 49 «Evolución de la audiencia de diarios según tipo 1997-2025» (EGM; hasta 2017 solo papel, desde 2018 papel y visor digital): https://www.aimc.es/a1mc-c0nt3nt/uploads/2026/02/Marco_General_Medios_2026.pdf"
2001,diarios_economicos,0.5,,"AIMC, Marco General de los Medios en España 2026, pág. 49 «Evolución de la audiencia de diarios según tipo 1997-2025» (EGM; hasta 2017 solo papel, desde 2018 papel y visor digital): https://www.aimc.es/a1mc-c0nt3nt/uploads/2026/02/Marco_General_Medios_2026.pdf"
2001,diarios_deportivos,9.4,,"AIMC, Marco General de los Medios en España 2026, pág. 49 «Evolución de la audiencia de diarios según tipo 1997-2025» (EGM; hasta 2017 solo papel, desde 2018 papel y visor digital): https://www.aimc.es/a1mc-c0nt3nt/uploads/2026/02/Marco_General_Medios_2026.pdf"
2002,diarios_tipo_total,37.4,,"AIMC, Marco General de los Medios en España 2026, pág. 49 «Evolución de la audiencia de diarios según tipo 1997-2025» (EGM; hasta 2017 solo papel, desde 2018 papel y visor digital): https://www.aimc.es/a1mc-c0nt3nt/uploads/2026/02/Marco_General_Medios_2026.pdf"
2002,diarios_informacion_general,33.4,,"AIMC, Marco General de los Medios en España 2026, pág. 49 «Evolución de la audiencia de diarios según tipo 1997-2025» (EGM; hasta 2017 solo papel, desde 2018 papel y visor digital): https://www.aimc.es/a1mc-c0nt3nt/uploads/2026/02/Marco_General_Medios_2026.pdf"
2002,diarios_economicos,0.4,,"AIMC, Marco General de los Medios en España 2026, pág. 49 «Evolución de la audiencia de diarios según tipo 1997-2025» (EGM; hasta 2017 solo papel, desde 2018 papel y visor digital): https://www.aimc.es/a1mc-c0nt3nt/uploads/2026/02/Marco_General_Medios_2026.pdf"
2002,diarios_deportivos,9.9,,"AIMC, Marco General de los Medios en España 2026, pág. 49 «Evolución de la audiencia de diarios según tipo 1997-2025» (EGM; hasta 2017 solo papel, desde 2018 papel y visor digital): https://www.aimc.es/a1mc-c0nt3nt/uploads/2026/02/Marco_General_Medios_2026.pdf"
2002,diarios_de_pago,35.8,,"AIMC, Marco General de los Medios en España 2026, pág. 49 «Evolución de la audiencia de diarios según tipo 1997-2025» (EGM; hasta 2017 solo papel, desde 2018 papel y visor digital): https://www.aimc.es/a1mc-c0nt3nt/uploads/2026/02/Marco_General_Medios_2026.pdf"
2002,diarios_gratuitos,2.7,,"AIMC, Marco General de los Medios en España 2026, pág. 49 «Evolución de la audiencia de diarios según tipo 1997-2025» (EGM; hasta 2017 solo papel, desde 2018 papel y visor digital): https://www.aimc.es/a1mc-c0nt3nt/uploads/2026/02/Marco_General_Medios_2026.pdf"
2003,diarios_tipo_total,39.7,,"AIMC, Marco General de los Medios en España 2026, pág. 49 «Evolución de la audiencia de diarios según tipo 1997-2025» (EGM; hasta 2017 solo papel, desde 2018 papel y visor digital): https://www.aimc.es/a1mc-c0nt3nt/uploads/2026/02/Marco_General_Medios_2026.pdf"
2003,diarios_informacion_general,35.9,,"AIMC, Marco General de los Medios en España 2026, pág. 49 «Evolución de la audiencia de diarios según tipo 1997-2025» (EGM; hasta 2017 solo papel, desde 2018 papel y visor digital): https://www.aimc.es/a1mc-c0nt3nt/uploads/2026/02/Marco_General_Medios_2026.pdf"
2003,diarios_economicos,0.5,,"AIMC, Marco General de los Medios en España 2026, pág. 49 «Evolución de la audiencia de diarios según tipo 1997-2025» (EGM; hasta 2017 solo papel, desde 2018 papel y visor digital): https://www.aimc.es/a1mc-c0nt3nt/uploads/2026/02/Marco_General_Medios_2026.pdf"
2003,diarios_deportivos,10.5,,"AIMC, Marco General de los Medios en España 2026, pág. 49 «Evolución de la audiencia de diarios según tipo 1997-2025» (EGM; hasta 2017 solo papel, desde 2018 papel y visor digital): https://www.aimc.es/a1mc-c0nt3nt/uploads/2026/02/Marco_General_Medios_2026.pdf"
2003,diarios_de_pago,37.3,,"AIMC, Marco General de los Medios en España 2026, pág. 49 «Evolución de la audiencia de diarios según tipo 1997-2025» (EGM; hasta 2017 solo papel, desde 2018 papel y visor digital): https://www.aimc.es/a1mc-c0nt3nt/uploads/2026/02/Marco_General_Medios_2026.pdf"
2003,diarios_gratuitos,4.1,,"AIMC, Marco General de los Medios en España 2026, pág. 49 «Evolución de la audiencia de diarios según tipo 1997-2025» (EGM; hasta 2017 solo papel, desde 2018 papel y visor digital): https://www.aimc.es/a1mc-c0nt3nt/uploads/2026/02/Marco_General_Medios_2026.pdf"
2004,diarios_tipo_total,41.1,,"AIMC, Marco General de los Medios en España 2026, pág. 49 «Evolución de la audiencia de diarios según tipo 1997-2025» (EGM; hasta 2017 solo papel, desde 2018 papel y visor digital): https://www.aimc.es/a1mc-c0nt3nt/uploads/2026/02/Marco_General_Medios_2026.pdf"
2004,diarios_informacion_general,37.2,,"AIMC, Marco General de los Medios en España 2026, pág. 49 «Evolución de la audiencia de diarios según tipo 1997-2025» (EGM; hasta 2017 solo papel, desde 2018 papel y visor digital): https://www.aimc.es/a1mc-c0nt3nt/uploads/2026/02/Marco_General_Medios_2026.pdf"
2004,diarios_economicos,0.5,,"AIMC, Marco General de los Medios en España 2026, pág. 49 «Evolución de la audiencia de diarios según tipo 1997-2025» (EGM; hasta 2017 solo papel, desde 2018 papel y visor digital): https://www.aimc.es/a1mc-c0nt3nt/uploads/2026/02/Marco_General_Medios_2026.pdf"
2004,diarios_deportivos,11.1,,"AIMC, Marco General de los Medios en España 2026, pág. 49 «Evolución de la audiencia de diarios según tipo 1997-2025» (EGM; hasta 2017 solo papel, desde 2018 papel y visor digital): https://www.aimc.es/a1mc-c0nt3nt/uploads/2026/02/Marco_General_Medios_2026.pdf"
2004,diarios_de_pago,38.2,,"AIMC, Marco General de los Medios en España 2026, pág. 49 «Evolución de la audiencia de diarios según tipo 1997-2025» (EGM; hasta 2017 solo papel, desde 2018 papel y visor digital): https://www.aimc.es/a1mc-c0nt3nt/uploads/2026/02/Marco_General_Medios_2026.pdf"
2004,diarios_gratuitos,5.4,,"AIMC, Marco General de los Medios en España 2026, pág. 49 «Evolución de la audiencia de diarios según tipo 1997-2025» (EGM; hasta 2017 solo papel, desde 2018 papel y visor digital): https://www.aimc.es/a1mc-c0nt3nt/uploads/2026/02/Marco_General_Medios_2026.pdf"
2005,diarios_tipo_total,41.1,,"AIMC, Marco General de los Medios en España 2026, pág. 49 «Evolución de la audiencia de diarios según tipo 1997-2025» (EGM; hasta 2017 solo papel, desde 2018 papel y visor digital): https://www.aimc.es/a1mc-c0nt3nt/uploads/2026/02/Marco_General_Medios_2026.pdf"
2005,diarios_informacion_general,37.3,,"AIMC, Marco General de los Medios en España 2026, pág. 49 «Evolución de la audiencia de diarios según tipo 1997-2025» (EGM; hasta 2017 solo papel, desde 2018 papel y visor digital): https://www.aimc.es/a1mc-c0nt3nt/uploads/2026/02/Marco_General_Medios_2026.pdf"
2005,diarios_economicos,0.6,,"AIMC, Marco General de los Medios en España 2026, pág. 49 «Evolución de la audiencia de diarios según tipo 1997-2025» (EGM; hasta 2017 solo papel, desde 2018 papel y visor digital): https://www.aimc.es/a1mc-c0nt3nt/uploads/2026/02/Marco_General_Medios_2026.pdf"
2005,diarios_deportivos,10.7,,"AIMC, Marco General de los Medios en España 2026, pág. 49 «Evolución de la audiencia de diarios según tipo 1997-2025» (EGM; hasta 2017 solo papel, desde 2018 papel y visor digital): https://www.aimc.es/a1mc-c0nt3nt/uploads/2026/02/Marco_General_Medios_2026.pdf"
2005,diarios_de_pago,36.5,,"AIMC, Marco General de los Medios en España 2026, pág. 49 «Evolución de la audiencia de diarios según tipo 1997-2025» (EGM; hasta 2017 solo papel, desde 2018 papel y visor digital): https://www.aimc.es/a1mc-c0nt3nt/uploads/2026/02/Marco_General_Medios_2026.pdf"
2005,diarios_gratuitos,8.0,,"AIMC, Marco General de los Medios en España 2026, pág. 49 «Evolución de la audiencia de diarios según tipo 1997-2025» (EGM; hasta 2017 solo papel, desde 2018 papel y visor digital): https://www.aimc.es/a1mc-c0nt3nt/uploads/2026/02/Marco_General_Medios_2026.pdf"
2006,diarios_tipo_total,41.8,,"AIMC, Marco General de los Medios en España 2026, pág. 49 «Evolución de la audiencia de diarios según tipo 1997-2025» (EGM; hasta 2017 solo papel, desde 2018 papel y visor digital): https://www.aimc.es/a1mc-c0nt3nt/uploads/2026/02/Marco_General_Medios_2026.pdf"
2006,diarios_informacion_general,38.0,,"AIMC, Marco General de los Medios en España 2026, pág. 49 «Evolución de la audiencia de diarios según tipo 1997-2025» (EGM; hasta 2017 solo papel, desde 2018 papel y visor digital): https://www.aimc.es/a1mc-c0nt3nt/uploads/2026/02/Marco_General_Medios_2026.pdf"
2006,diarios_economicos,0.6,,"AIMC, Marco General de los Medios en España 2026, pág. 49 «Evolución de la audiencia de diarios según tipo 1997-2025» (EGM; hasta 2017 solo papel, desde 2018 papel y visor digital): https://www.aimc.es/a1mc-c0nt3nt/uploads/2026/02/Marco_General_Medios_2026.pdf"
2006,diarios_deportivos,10.4,,"AIMC, Marco General de los Medios en España 2026, pág. 49 «Evolución de la audiencia de diarios según tipo 1997-2025» (EGM; hasta 2017 solo papel, desde 2018 papel y visor digital): https://www.aimc.es/a1mc-c0nt3nt/uploads/2026/02/Marco_General_Medios_2026.pdf"
2006,diarios_de_pago,36.6,,"AIMC, Marco General de los Medios en España 2026, pág. 49 «Evolución de la audiencia de diarios según tipo 1997-2025» (EGM; hasta 2017 solo papel, desde 2018 papel y visor digital): https://www.aimc.es/a1mc-c0nt3nt/uploads/2026/02/Marco_General_Medios_2026.pdf"
2006,diarios_gratuitos,8.5,,"AIMC, Marco General de los Medios en España 2026, pág. 49 «Evolución de la audiencia de diarios según tipo 1997-2025» (EGM; hasta 2017 solo papel, desde 2018 papel y visor digital): https://www.aimc.es/a1mc-c0nt3nt/uploads/2026/02/Marco_General_Medios_2026.pdf"
2007,diarios_tipo_total,41.3,,"AIMC, Marco General de los Medios en España 2026, pág. 49 «Evolución de la audiencia de diarios según tipo 1997-2025» (EGM; hasta 2017 solo papel, desde 2018 papel y visor digital): https://www.aimc.es/a1mc-c0nt3nt/uploads/2026/02/Marco_General_Medios_2026.pdf"
2007,diarios_informacion_general,37.4,,"AIMC, Marco General de los Medios en España 2026, pág. 49 «Evolución de la audiencia de diarios según tipo 1997-2025» (EGM; hasta 2017 solo papel, desde 2018 papel y visor digital): https://www.aimc.es/a1mc-c0nt3nt/uploads/2026/02/Marco_General_Medios_2026.pdf"
2007,diarios_economicos,0.6,,"AIMC, Marco General de los Medios en España 2026, pág. 49 «Evolución de la audiencia de diarios según tipo 1997-2025» (EGM; hasta 2017 solo papel, desde 2018 papel y visor digital): https://www.aimc.es/a1mc-c0nt3nt/uploads/2026/02/Marco_General_Medios_2026.pdf"
2007,diarios_deportivos,10.4,,"AIMC, Marco General de los Medios en España 2026, pág. 49 «Evolución de la audiencia de diarios según tipo 1997-2025» (EGM; hasta 2017 solo papel, desde 2018 papel y visor digital): https://www.aimc.es/a1mc-c0nt3nt/uploads/2026/02/Marco_General_Medios_2026.pdf"
2007,diarios_de_pago,35.7,,"AIMC, Marco General de los Medios en España 2026, pág. 49 «Evolución de la audiencia de diarios según tipo 1997-2025» (EGM; hasta 2017 solo papel, desde 2018 papel y visor digital): https://www.aimc.es/a1mc-c0nt3nt/uploads/2026/02/Marco_General_Medios_2026.pdf"
2007,diarios_gratuitos,9.4,,"AIMC, Marco General de los Medios en España 2026, pág. 49 «Evolución de la audiencia de diarios según tipo 1997-2025» (EGM; hasta 2017 solo papel, desde 2018 papel y visor digital): https://www.aimc.es/a1mc-c0nt3nt/uploads/2026/02/Marco_General_Medios_2026.pdf"
2008,diarios_tipo_total,42.1,,"AIMC, Marco General de los Medios en España 2026, pág. 49 «Evolución de la audiencia de diarios según tipo 1997-2025» (EGM; hasta 2017 solo papel, desde 2018 papel y visor digital): https://www.aimc.es/a1mc-c0nt3nt/uploads/2026/02/Marco_General_Medios_2026.pdf"
2008,diarios_informacion_general,38.0,,"AIMC, Marco General de los Medios en España 2026, pág. 49 «Evolución de la audiencia de diarios según tipo 1997-2025» (EGM; hasta 2017 solo papel, desde 2018 papel y visor digital): https://www.aimc.es/a1mc-c0nt3nt/uploads/2026/02/Marco_General_Medios_2026.pdf"
2008,diarios_economicos,0.7,,"AIMC, Marco General de los Medios en España 2026, pág. 49 «Evolución de la audiencia de diarios según tipo 1997-2025» (EGM; hasta 2017 solo papel, desde 2018 papel y visor digital): https://www.aimc.es/a1mc-c0nt3nt/uploads/2026/02/Marco_General_Medios_2026.pdf"
2008,diarios_deportivos,10.9,,"AIMC, Marco General de los Medios en España 2026, pág. 49 «Evolución de la audiencia de diarios según tipo 1997-2025» (EGM; hasta 2017 solo papel, desde 2018 papel y visor digital): https://www.aimc.es/a1mc-c0nt3nt/uploads/2026/02/Marco_General_Medios_2026.pdf"
2008,diarios_de_pago,35.8,,"AIMC, Marco General de los Medios en España 2026, pág. 49 «Evolución de la audiencia de diarios según tipo 1997-2025» (EGM; hasta 2017 solo papel, desde 2018 papel y visor digital): https://www.aimc.es/a1mc-c0nt3nt/uploads/2026/02/Marco_General_Medios_2026.pdf"
2008,diarios_gratuitos,10.8,,"AIMC, Marco General de los Medios en España 2026, pág. 49 «Evolución de la audiencia de diarios según tipo 1997-2025» (EGM; hasta 2017 solo papel, desde 2018 papel y visor digital): https://www.aimc.es/a1mc-c0nt3nt/uploads/2026/02/Marco_General_Medios_2026.pdf"
2009,diarios_tipo_total,39.8,,"AIMC, Marco General de los Medios en España 2026, pág. 49 «Evolución de la audiencia de diarios según tipo 1997-2025» (EGM; hasta 2017 solo papel, desde 2018 papel y visor digital): https://www.aimc.es/a1mc-c0nt3nt/uploads/2026/02/Marco_General_Medios_2026.pdf"
2009,diarios_informacion_general,35.2,,"AIMC, Marco General de los Medios en España 2026, pág. 49 «Evolución de la audiencia de diarios según tipo 1997-2025» (EGM; hasta 2017 solo papel, desde 2018 papel y visor digital): https://www.aimc.es/a1mc-c0nt3nt/uploads/2026/02/Marco_General_Medios_2026.pdf"
2009,diarios_economicos,0.7,,"AIMC, Marco General de los Medios en España 2026, pág. 49 «Evolución de la audiencia de diarios según tipo 1997-2025» (EGM; hasta 2017 solo papel, desde 2018 papel y visor digital): https://www.aimc.es/a1mc-c0nt3nt/uploads/2026/02/Marco_General_Medios_2026.pdf"
2009,diarios_deportivos,11.4,,"AIMC, Marco General de los Medios en España 2026, pág. 49 «Evolución de la audiencia de diarios según tipo 1997-2025» (EGM; hasta 2017 solo papel, desde 2018 papel y visor digital): https://www.aimc.es/a1mc-c0nt3nt/uploads/2026/02/Marco_General_Medios_2026.pdf"
2009,diarios_de_pago,35.2,,"AIMC, Marco General de los Medios en España 2026, pág. 49 «Evolución de la audiencia de diarios según tipo 1997-2025» (EGM; hasta 2017 solo papel, desde 2018 papel y visor digital): https://www.aimc.es/a1mc-c0nt3nt/uploads/2026/02/Marco_General_Medios_2026.pdf"
2009,diarios_gratuitos,7.8,,"AIMC, Marco General de los Medios en España 2026, pág. 49 «Evolución de la audiencia de diarios según tipo 1997-2025» (EGM; hasta 2017 solo papel, desde 2018 papel y visor digital): https://www.aimc.es/a1mc-c0nt3nt/uploads/2026/02/Marco_General_Medios_2026.pdf"
2010,diarios_tipo_total,38.0,,"AIMC, Marco General de los Medios en España 2026, pág. 49 «Evolución de la audiencia de diarios según tipo 1997-2025» (EGM; hasta 2017 solo papel, desde 2018 papel y visor digital): https://www.aimc.es/a1mc-c0nt3nt/uploads/2026/02/Marco_General_Medios_2026.pdf"
2010,diarios_informacion_general,33.3,,"AIMC, Marco General de los Medios en España 2026, pág. 49 «Evolución de la audiencia de diarios según tipo 1997-2025» (EGM; hasta 2017 solo papel, desde 2018 papel y visor digital): https://www.aimc.es/a1mc-c0nt3nt/uploads/2026/02/Marco_General_Medios_2026.pdf"
2010,diarios_economicos,0.6,,"AIMC, Marco General de los Medios en España 2026, pág. 49 «Evolución de la audiencia de diarios según tipo 1997-2025» (EGM; hasta 2017 solo papel, desde 2018 papel y visor digital): https://www.aimc.es/a1mc-c0nt3nt/uploads/2026/02/Marco_General_Medios_2026.pdf"
2010,diarios_deportivos,11.6,,"AIMC, Marco General de los Medios en España 2026, pág. 49 «Evolución de la audiencia de diarios según tipo 1997-2025» (EGM; hasta 2017 solo papel, desde 2018 papel y visor digital): https://www.aimc.es/a1mc-c0nt3nt/uploads/2026/02/Marco_General_Medios_2026.pdf"
2010,diarios_de_pago,33.9,,"AIMC, Marco General de los Medios en España 2026, pág. 49 «Evolución de la audiencia de diarios según tipo 1997-2025» (EGM; hasta 2017 solo papel, desde 2018 papel y visor digital): https://www.aimc.es/a1mc-c0nt3nt/uploads/2026/02/Marco_General_Medios_2026.pdf"
2010,diarios_gratuitos,7.0,,"AIMC, Marco General de los Medios en España 2026, pág. 49 «Evolución de la audiencia de diarios según tipo 1997-2025» (EGM; hasta 2017 solo papel, desde 2018 papel y visor digital): https://www.aimc.es/a1mc-c0nt3nt/uploads/2026/02/Marco_General_Medios_2026.pdf"
2011,diarios_tipo_total,37.4,,"AIMC, Marco General de los Medios en España 2026, pág. 49 «Evolución de la audiencia de diarios según tipo 1997-2025» (EGM; hasta 2017 solo papel, desde 2018 papel y visor digital): https://www.aimc.es/a1mc-c0nt3nt/uploads/2026/02/Marco_General_Medios_2026.pdf"
2011,diarios_informacion_general,32.5,,"AIMC, Marco General de los Medios en España 2026, pág. 49 «Evolución de la audiencia de diarios según tipo 1997-2025» (EGM; hasta 2017 solo papel, desde 2018 papel y visor digital): https://www.aimc.es/a1mc-c0nt3nt/uploads/2026/02/Marco_General_Medios_2026.pdf"
2011,diarios_economicos,0.6,,"AIMC, Marco General de los Medios en España 2026, pág. 49 «Evolución de la audiencia de diarios según tipo 1997-2025» (EGM; hasta 2017 solo papel, desde 2018 papel y visor digital): https://www.aimc.es/a1mc-c0nt3nt/uploads/2026/02/Marco_General_Medios_2026.pdf"
2011,diarios_deportivos,12.0,,"AIMC, Marco General de los Medios en España 2026, pág. 49 «Evolución de la audiencia de diarios según tipo 1997-2025» (EGM; hasta 2017 solo papel, desde 2018 papel y visor digital): https://www.aimc.es/a1mc-c0nt3nt/uploads/2026/02/Marco_General_Medios_2026.pdf"
2011,diarios_de_pago,33.6,,"AIMC, Marco General de los Medios en España 2026, pág. 49 «Evolución de la audiencia de diarios según tipo 1997-2025» (EGM; hasta 2017 solo papel, desde 2018 papel y visor digital): https://www.aimc.es/a1mc-c0nt3nt/uploads/2026/02/Marco_General_Medios_2026.pdf"
2011,diarios_gratuitos,6.3,,"AIMC, Marco General de los Medios en España 2026, pág. 49 «Evolución de la audiencia de diarios según tipo 1997-2025» (EGM; hasta 2017 solo papel, desde 2018 papel y visor digital): https://www.aimc.es/a1mc-c0nt3nt/uploads/2026/02/Marco_General_Medios_2026.pdf"
2012,diarios_tipo_total,36.1,,"AIMC, Marco General de los Medios en España 2026, pág. 49 «Evolución de la audiencia de diarios según tipo 1997-2025» (EGM; hasta 2017 solo papel, desde 2018 papel y visor digital): https://www.aimc.es/a1mc-c0nt3nt/uploads/2026/02/Marco_General_Medios_2026.pdf"
2012,diarios_informacion_general,31.3,,"AIMC, Marco General de los Medios en España 2026, pág. 49 «Evolución de la audiencia de diarios según tipo 1997-2025» (EGM; hasta 2017 solo papel, desde 2018 papel y visor digital): https://www.aimc.es/a1mc-c0nt3nt/uploads/2026/02/Marco_General_Medios_2026.pdf"
2012,diarios_economicos,0.7,,"AIMC, Marco General de los Medios en España 2026, pág. 49 «Evolución de la audiencia de diarios según tipo 1997-2025» (EGM; hasta 2017 solo papel, desde 2018 papel y visor digital): https://www.aimc.es/a1mc-c0nt3nt/uploads/2026/02/Marco_General_Medios_2026.pdf"
2012,diarios_deportivos,12.0,,"AIMC, Marco General de los Medios en España 2026, pág. 49 «Evolución de la audiencia de diarios según tipo 1997-2025» (EGM; hasta 2017 solo papel, desde 2018 papel y visor digital): https://www.aimc.es/a1mc-c0nt3nt/uploads/2026/02/Marco_General_Medios_2026.pdf"
2012,diarios_de_pago,33.0,,"AIMC, Marco General de los Medios en España 2026, pág. 49 «Evolución de la audiencia de diarios según tipo 1997-2025» (EGM; hasta 2017 solo papel, desde 2018 papel y visor digital): https://www.aimc.es/a1mc-c0nt3nt/uploads/2026/02/Marco_General_Medios_2026.pdf"
2012,diarios_gratuitos,5.0,,"AIMC, Marco General de los Medios en España 2026, pág. 49 «Evolución de la audiencia de diarios según tipo 1997-2025» (EGM; hasta 2017 solo papel, desde 2018 papel y visor digital): https://www.aimc.es/a1mc-c0nt3nt/uploads/2026/02/Marco_General_Medios_2026.pdf"
2013,diarios_tipo_total,32.4,,"AIMC, Marco General de los Medios en España 2026, pág. 49 «Evolución de la audiencia de diarios según tipo 1997-2025» (EGM; hasta 2017 solo papel, desde 2018 papel y visor digital): https://www.aimc.es/a1mc-c0nt3nt/uploads/2026/02/Marco_General_Medios_2026.pdf"
2013,diarios_informacion_general,27.9,,"AIMC, Marco General de los Medios en España 2026, pág. 49 «Evolución de la audiencia de diarios según tipo 1997-2025» (EGM; hasta 2017 solo papel, desde 2018 papel y visor digital): https://www.aimc.es/a1mc-c0nt3nt/uploads/2026/02/Marco_General_Medios_2026.pdf"
2013,diarios_economicos,0.6,,"AIMC, Marco General de los Medios en España 2026, pág. 49 «Evolución de la audiencia de diarios según tipo 1997-2025» (EGM; hasta 2017 solo papel, desde 2018 papel y visor digital): https://www.aimc.es/a1mc-c0nt3nt/uploads/2026/02/Marco_General_Medios_2026.pdf"
2013,diarios_deportivos,10.7,,"AIMC, Marco General de los Medios en España 2026, pág. 49 «Evolución de la audiencia de diarios según tipo 1997-2025» (EGM; hasta 2017 solo papel, desde 2018 papel y visor digital): https://www.aimc.es/a1mc-c0nt3nt/uploads/2026/02/Marco_General_Medios_2026.pdf"
2013,diarios_de_pago,30.7,,"AIMC, Marco General de los Medios en España 2026, pág. 49 «Evolución de la audiencia de diarios según tipo 1997-2025» (EGM; hasta 2017 solo papel, desde 2018 papel y visor digital): https://www.aimc.es/a1mc-c0nt3nt/uploads/2026/02/Marco_General_Medios_2026.pdf"
2013,diarios_gratuitos,3.0,,"AIMC, Marco General de los Medios en España 2026, pág. 49 «Evolución de la audiencia de diarios según tipo 1997-2025» (EGM; hasta 2017 solo papel, desde 2018 papel y visor digital): https://www.aimc.es/a1mc-c0nt3nt/uploads/2026/02/Marco_General_Medios_2026.pdf"
2014,diarios_tipo_total,29.8,,"AIMC, Marco General de los Medios en España 2026, pág. 49 «Evolución de la audiencia de diarios según tipo 1997-2025» (EGM; hasta 2017 solo papel, desde 2018 papel y visor digital): https://www.aimc.es/a1mc-c0nt3nt/uploads/2026/02/Marco_General_Medios_2026.pdf"
2014,diarios_informacion_general,25.6,,"AIMC, Marco General de los Medios en España 2026, pág. 49 «Evolución de la audiencia de diarios según tipo 1997-2025» (EGM; hasta 2017 solo papel, desde 2018 papel y visor digital): https://www.aimc.es/a1mc-c0nt3nt/uploads/2026/02/Marco_General_Medios_2026.pdf"
2014,diarios_economicos,0.6,,"AIMC, Marco General de los Medios en España 2026, pág. 49 «Evolución de la audiencia de diarios según tipo 1997-2025» (EGM; hasta 2017 solo papel, desde 2018 papel y visor digital): https://www.aimc.es/a1mc-c0nt3nt/uploads/2026/02/Marco_General_Medios_2026.pdf"
2014,diarios_deportivos,9.8,,"AIMC, Marco General de los Medios en España 2026, pág. 49 «Evolución de la audiencia de diarios según tipo 1997-2025» (EGM; hasta 2017 solo papel, desde 2018 papel y visor digital): https://www.aimc.es/a1mc-c0nt3nt/uploads/2026/02/Marco_General_Medios_2026.pdf"
2014,diarios_de_pago,28.2,,"AIMC, Marco General de los Medios en España 2026, pág. 49 «Evolución de la audiencia de diarios según tipo 1997-2025» (EGM; hasta 2017 solo papel, desde 2018 papel y visor digital): https://www.aimc.es/a1mc-c0nt3nt/uploads/2026/02/Marco_General_Medios_2026.pdf"
2014,diarios_gratuitos,2.6,,"AIMC, Marco General de los Medios en España 2026, pág. 49 «Evolución de la audiencia de diarios según tipo 1997-2025» (EGM; hasta 2017 solo papel, desde 2018 papel y visor digital): https://www.aimc.es/a1mc-c0nt3nt/uploads/2026/02/Marco_General_Medios_2026.pdf"
2015,diarios_tipo_total,28.5,,"AIMC, Marco General de los Medios en España 2026, pág. 49 «Evolución de la audiencia de diarios según tipo 1997-2025» (EGM; hasta 2017 solo papel, desde 2018 papel y visor digital): https://www.aimc.es/a1mc-c0nt3nt/uploads/2026/02/Marco_General_Medios_2026.pdf"
2015,diarios_informacion_general,24.7,,"AIMC, Marco General de los Medios en España 2026, pág. 49 «Evolución de la audiencia de diarios según tipo 1997-2025» (EGM; hasta 2017 solo papel, desde 2018 papel y visor digital): https://www.aimc.es/a1mc-c0nt3nt/uploads/2026/02/Marco_General_Medios_2026.pdf"
2015,diarios_economicos,0.5,,"AIMC, Marco General de los Medios en España 2026, pág. 49 «Evolución de la audiencia de diarios según tipo 1997-2025» (EGM; hasta 2017 solo papel, desde 2018 papel y visor digital): https://www.aimc.es/a1mc-c0nt3nt/uploads/2026/02/Marco_General_Medios_2026.pdf"
2015,diarios_deportivos,9.2,,"AIMC, Marco General de los Medios en España 2026, pág. 49 «Evolución de la audiencia de diarios según tipo 1997-2025» (EGM; hasta 2017 solo papel, desde 2018 papel y visor digital): https://www.aimc.es/a1mc-c0nt3nt/uploads/2026/02/Marco_General_Medios_2026.pdf"
2015,diarios_de_pago,27.1,,"AIMC, Marco General de los Medios en España 2026, pág. 49 «Evolución de la audiencia de diarios según tipo 1997-2025» (EGM; hasta 2017 solo papel, desde 2018 papel y visor digital): https://www.aimc.es/a1mc-c0nt3nt/uploads/2026/02/Marco_General_Medios_2026.pdf"
2015,diarios_gratuitos,2.5,,"AIMC, Marco General de los Medios en España 2026, pág. 49 «Evolución de la audiencia de diarios según tipo 1997-2025» (EGM; hasta 2017 solo papel, desde 2018 papel y visor digital): https://www.aimc.es/a1mc-c0nt3nt/uploads/2026/02/Marco_General_Medios_2026.pdf"
2016,diarios_tipo_total,26.5,,"AIMC, Marco General de los Medios en España 2026, pág. 49 «Evolución de la audiencia de diarios según tipo 1997-2025» (EGM; hasta 2017 solo papel, desde 2018 papel y visor digital): https://www.aimc.es/a1mc-c0nt3nt/uploads/2026/02/Marco_General_Medios_2026.pdf"
2016,diarios_informacion_general,22.8,,"AIMC, Marco General de los Medios en España 2026, pág. 49 «Evolución de la audiencia de diarios según tipo 1997-2025» (EGM; hasta 2017 solo papel, desde 2018 papel y visor digital): https://www.aimc.es/a1mc-c0nt3nt/uploads/2026/02/Marco_General_Medios_2026.pdf"
2016,diarios_economicos,0.5,,"AIMC, Marco General de los Medios en España 2026, pág. 49 «Evolución de la audiencia de diarios según tipo 1997-2025» (EGM; hasta 2017 solo papel, desde 2018 papel y visor digital): https://www.aimc.es/a1mc-c0nt3nt/uploads/2026/02/Marco_General_Medios_2026.pdf"
2016,diarios_deportivos,8.7,,"AIMC, Marco General de los Medios en España 2026, pág. 49 «Evolución de la audiencia de diarios según tipo 1997-2025» (EGM; hasta 2017 solo papel, desde 2018 papel y visor digital): https://www.aimc.es/a1mc-c0nt3nt/uploads/2026/02/Marco_General_Medios_2026.pdf"
2016,diarios_de_pago,25.0,,"AIMC, Marco General de los Medios en España 2026, pág. 49 «Evolución de la audiencia de diarios según tipo 1997-2025» (EGM; hasta 2017 solo papel, desde 2018 papel y visor digital): https://www.aimc.es/a1mc-c0nt3nt/uploads/2026/02/Marco_General_Medios_2026.pdf"
2016,diarios_gratuitos,2.2,,"AIMC, Marco General de los Medios en España 2026, pág. 49 «Evolución de la audiencia de diarios según tipo 1997-2025» (EGM; hasta 2017 solo papel, desde 2018 papel y visor digital): https://www.aimc.es/a1mc-c0nt3nt/uploads/2026/02/Marco_General_Medios_2026.pdf"
2017,diarios_tipo_total,24.3,,"AIMC, Marco General de los Medios en España 2026, pág. 49 «Evolución de la audiencia de diarios según tipo 1997-2025» (EGM; hasta 2017 solo papel, desde 2018 papel y visor digital): https://www.aimc.es/a1mc-c0nt3nt/uploads/2026/02/Marco_General_Medios_2026.pdf"
2017,diarios_informacion_general,21.2,,"AIMC, Marco General de los Medios en España 2026, pág. 49 «Evolución de la audiencia de diarios según tipo 1997-2025» (EGM; hasta 2017 solo papel, desde 2018 papel y visor digital): https://www.aimc.es/a1mc-c0nt3nt/uploads/2026/02/Marco_General_Medios_2026.pdf"
2017,diarios_economicos,0.4,,"AIMC, Marco General de los Medios en España 2026, pág. 49 «Evolución de la audiencia de diarios según tipo 1997-2025» (EGM; hasta 2017 solo papel, desde 2018 papel y visor digital): https://www.aimc.es/a1mc-c0nt3nt/uploads/2026/02/Marco_General_Medios_2026.pdf"
2017,diarios_deportivos,7.7,,"AIMC, Marco General de los Medios en España 2026, pág. 49 «Evolución de la audiencia de diarios según tipo 1997-2025» (EGM; hasta 2017 solo papel, desde 2018 papel y visor digital): https://www.aimc.es/a1mc-c0nt3nt/uploads/2026/02/Marco_General_Medios_2026.pdf"
2017,diarios_de_pago,23.1,,"AIMC, Marco General de los Medios en España 2026, pág. 49 «Evolución de la audiencia de diarios según tipo 1997-2025» (EGM; hasta 2017 solo papel, desde 2018 papel y visor digital): https://www.aimc.es/a1mc-c0nt3nt/uploads/2026/02/Marco_General_Medios_2026.pdf"
2017,diarios_gratuitos,1.8,,"AIMC, Marco General de los Medios en España 2026, pág. 49 «Evolución de la audiencia de diarios según tipo 1997-2025» (EGM; hasta 2017 solo papel, desde 2018 papel y visor digital): https://www.aimc.es/a1mc-c0nt3nt/uploads/2026/02/Marco_General_Medios_2026.pdf"
2018,diarios_tipo_total,22.8,,"AIMC, Marco General de los Medios en España 2026, pág. 49 «Evolución de la audiencia de diarios según tipo 1997-2025» (EGM; hasta 2017 solo papel, desde 2018 papel y visor digital): https://www.aimc.es/a1mc-c0nt3nt/uploads/2026/02/Marco_General_Medios_2026.pdf"
2018,diarios_informacion_general,19.9,,"AIMC, Marco General de los Medios en España 2026, pág. 49 «Evolución de la audiencia de diarios según tipo 1997-2025» (EGM; hasta 2017 solo papel, desde 2018 papel y visor digital): https://www.aimc.es/a1mc-c0nt3nt/uploads/2026/02/Marco_General_Medios_2026.pdf"
2018,diarios_economicos,0.5,,"AIMC, Marco General de los Medios en España 2026, pág. 49 «Evolución de la audiencia de diarios según tipo 1997-2025» (EGM; hasta 2017 solo papel, desde 2018 papel y visor digital): https://www.aimc.es/a1mc-c0nt3nt/uploads/2026/02/Marco_General_Medios_2026.pdf"
2018,diarios_deportivos,6.8,,"AIMC, Marco General de los Medios en España 2026, pág. 49 «Evolución de la audiencia de diarios según tipo 1997-2025» (EGM; hasta 2017 solo papel, desde 2018 papel y visor digital): https://www.aimc.es/a1mc-c0nt3nt/uploads/2026/02/Marco_General_Medios_2026.pdf"
2018,diarios_de_pago,21.6,,"AIMC, Marco General de los Medios en España 2026, pág. 49 «Evolución de la audiencia de diarios según tipo 1997-2025» (EGM; hasta 2017 solo papel, desde 2018 papel y visor digital): https://www.aimc.es/a1mc-c0nt3nt/uploads/2026/02/Marco_General_Medios_2026.pdf"
2018,diarios_gratuitos,1.7,,"AIMC, Marco General de los Medios en España 2026, pág. 49 «Evolución de la audiencia de diarios según tipo 1997-2025» (EGM; hasta 2017 solo papel, desde 2018 papel y visor digital): https://www.aimc.es/a1mc-c0nt3nt/uploads/2026/02/Marco_General_Medios_2026.pdf"
2019,diarios_tipo_total,21.7,,"AIMC, Marco General de los Medios en España 2026, pág. 49 «Evolución de la audiencia de diarios según tipo 1997-2025» (EGM; hasta 2017 solo papel, desde 2018 papel y visor digital): https://www.aimc.es/a1mc-c0nt3nt/uploads/2026/02/Marco_General_Medios_2026.pdf"
2019,diarios_informacion_general,18.9,,"AIMC, Marco General de los Medios en España 2026, pág. 49 «Evolución de la audiencia de diarios según tipo 1997-2025» (EGM; hasta 2017 solo papel, desde 2018 papel y visor digital): https://www.aimc.es/a1mc-c0nt3nt/uploads/2026/02/Marco_General_Medios_2026.pdf"
2019,diarios_economicos,0.5,,"AIMC, Marco General de los Medios en España 2026, pág. 49 «Evolución de la audiencia de diarios según tipo 1997-2025» (EGM; hasta 2017 solo papel, desde 2018 papel y visor digital): https://www.aimc.es/a1mc-c0nt3nt/uploads/2026/02/Marco_General_Medios_2026.pdf"
2019,diarios_deportivos,6.5,,"AIMC, Marco General de los Medios en España 2026, pág. 49 «Evolución de la audiencia de diarios según tipo 1997-2025» (EGM; hasta 2017 solo papel, desde 2018 papel y visor digital): https://www.aimc.es/a1mc-c0nt3nt/uploads/2026/02/Marco_General_Medios_2026.pdf"
2019,diarios_de_pago,20.5,,"AIMC, Marco General de los Medios en España 2026, pág. 49 «Evolución de la audiencia de diarios según tipo 1997-2025» (EGM; hasta 2017 solo papel, desde 2018 papel y visor digital): https://www.aimc.es/a1mc-c0nt3nt/uploads/2026/02/Marco_General_Medios_2026.pdf"
2019,diarios_gratuitos,1.6,,"AIMC, Marco General de los Medios en España 2026, pág. 49 «Evolución de la audiencia de diarios según tipo 1997-2025» (EGM; hasta 2017 solo papel, desde 2018 papel y visor digital): https://www.aimc.es/a1mc-c0nt3nt/uploads/2026/02/Marco_General_Medios_2026.pdf"
2020,diarios_tipo_total,18.4,,"AIMC, Marco General de los Medios en España 2026, pág. 49 «Evolución de la audiencia de diarios según tipo 1997-2025» (EGM; hasta 2017 solo papel, desde 2018 papel y visor digital): https://www.aimc.es/a1mc-c0nt3nt/uploads/2026/02/Marco_General_Medios_2026.pdf"
2020,diarios_informacion_general,16.2,,"AIMC, Marco General de los Medios en España 2026, pág. 49 «Evolución de la audiencia de diarios según tipo 1997-2025» (EGM; hasta 2017 solo papel, desde 2018 papel y visor digital): https://www.aimc.es/a1mc-c0nt3nt/uploads/2026/02/Marco_General_Medios_2026.pdf"
2020,diarios_economicos,0.4,,"AIMC, Marco General de los Medios en España 2026, pág. 49 «Evolución de la audiencia de diarios según tipo 1997-2025» (EGM; hasta 2017 solo papel, desde 2018 papel y visor digital): https://www.aimc.es/a1mc-c0nt3nt/uploads/2026/02/Marco_General_Medios_2026.pdf"
2020,diarios_deportivos,5.1,,"AIMC, Marco General de los Medios en España 2026, pág. 49 «Evolución de la audiencia de diarios según tipo 1997-2025» (EGM; hasta 2017 solo papel, desde 2018 papel y visor digital): https://www.aimc.es/a1mc-c0nt3nt/uploads/2026/02/Marco_General_Medios_2026.pdf"
2020,diarios_de_pago,17.4,,"AIMC, Marco General de los Medios en España 2026, pág. 49 «Evolución de la audiencia de diarios según tipo 1997-2025» (EGM; hasta 2017 solo papel, desde 2018 papel y visor digital): https://www.aimc.es/a1mc-c0nt3nt/uploads/2026/02/Marco_General_Medios_2026.pdf"
2020,diarios_gratuitos,1.3,,"AIMC, Marco General de los Medios en España 2026, pág. 49 «Evolución de la audiencia de diarios según tipo 1997-2025» (EGM; hasta 2017 solo papel, desde 2018 papel y visor digital): https://www.aimc.es/a1mc-c0nt3nt/uploads/2026/02/Marco_General_Medios_2026.pdf"
2021,diarios_tipo_total,13.7,,"AIMC, Marco General de los Medios en España 2026, pág. 49 «Evolución de la audiencia de diarios según tipo 1997-2025» (EGM; hasta 2017 solo papel, desde 2018 papel y visor digital): https://www.aimc.es/a1mc-c0nt3nt/uploads/2026/02/Marco_General_Medios_2026.pdf"
2021,diarios_informacion_general,12.1,,"AIMC, Marco General de los Medios en España 2026, pág. 49 «Evolución de la audiencia de diarios según tipo 1997-2025» (EGM; hasta 2017 solo papel, desde 2018 papel y visor digital): https://www.aimc.es/a1mc-c0nt3nt/uploads/2026/02/Marco_General_Medios_2026.pdf"
2021,diarios_economicos,0.5,,"AIMC, Marco General de los Medios en España 2026, pág. 49 «Evolución de la audiencia de diarios según tipo 1997-2025» (EGM; hasta 2017 solo papel, desde 2018 papel y visor digital): https://www.aimc.es/a1mc-c0nt3nt/uploads/2026/02/Marco_General_Medios_2026.pdf"
2021,diarios_deportivos,3.1,,"AIMC, Marco General de los Medios en España 2026, pág. 49 «Evolución de la audiencia de diarios según tipo 1997-2025» (EGM; hasta 2017 solo papel, desde 2018 papel y visor digital): https://www.aimc.es/a1mc-c0nt3nt/uploads/2026/02/Marco_General_Medios_2026.pdf"
2021,diarios_de_pago,12.9,,"AIMC, Marco General de los Medios en España 2026, pág. 49 «Evolución de la audiencia de diarios según tipo 1997-2025» (EGM; hasta 2017 solo papel, desde 2018 papel y visor digital): https://www.aimc.es/a1mc-c0nt3nt/uploads/2026/02/Marco_General_Medios_2026.pdf"
2021,diarios_gratuitos,0.9,,"AIMC, Marco General de los Medios en España 2026, pág. 49 «Evolución de la audiencia de diarios según tipo 1997-2025» (EGM; hasta 2017 solo papel, desde 2018 papel y visor digital): https://www.aimc.es/a1mc-c0nt3nt/uploads/2026/02/Marco_General_Medios_2026.pdf"
2022,diarios_tipo_total,13.7,,"AIMC, Marco General de los Medios en España 2026, pág. 49 «Evolución de la audiencia de diarios según tipo 1997-2025» (EGM; hasta 2017 solo papel, desde 2018 papel y visor digital): https://www.aimc.es/a1mc-c0nt3nt/uploads/2026/02/Marco_General_Medios_2026.pdf"
2022,diarios_informacion_general,12.1,,"AIMC, Marco General de los Medios en España 2026, pág. 49 «Evolución de la audiencia de diarios según tipo 1997-2025» (EGM; hasta 2017 solo papel, desde 2018 papel y visor digital): https://www.aimc.es/a1mc-c0nt3nt/uploads/2026/02/Marco_General_Medios_2026.pdf"
2022,diarios_economicos,0.4,,"AIMC, Marco General de los Medios en España 2026, pág. 49 «Evolución de la audiencia de diarios según tipo 1997-2025» (EGM; hasta 2017 solo papel, desde 2018 papel y visor digital): https://www.aimc.es/a1mc-c0nt3nt/uploads/2026/02/Marco_General_Medios_2026.pdf"
2022,diarios_deportivos,3.4,,"AIMC, Marco General de los Medios en España 2026, pág. 49 «Evolución de la audiencia de diarios según tipo 1997-2025» (EGM; hasta 2017 solo papel, desde 2018 papel y visor digital): https://www.aimc.es/a1mc-c0nt3nt/uploads/2026/02/Marco_General_Medios_2026.pdf"
2022,diarios_de_pago,12.9,,"AIMC, Marco General de los Medios en España 2026, pág. 49 «Evolución de la audiencia de diarios según tipo 1997-2025» (EGM; hasta 2017 solo papel, desde 2018 papel y visor digital): https://www.aimc.es/a1mc-c0nt3nt/uploads/2026/02/Marco_General_Medios_2026.pdf"
2022,diarios_gratuitos,0.9,,"AIMC, Marco General de los Medios en España 2026, pág. 49 «Evolución de la audiencia de diarios según tipo 1997-2025» (EGM; hasta 2017 solo papel, desde 2018 papel y visor digital): https://www.aimc.es/a1mc-c0nt3nt/uploads/2026/02/Marco_General_Medios_2026.pdf"
2023,diarios_tipo_total,13.7,,"AIMC, Marco General de los Medios en España 2026, pág. 49 «Evolución de la audiencia de diarios según tipo 1997-2025» (EGM; hasta 2017 solo papel, desde 2018 papel y visor digital): https://www.aimc.es/a1mc-c0nt3nt/uploads/2026/02/Marco_General_Medios_2026.pdf"
2023,diarios_informacion_general,12.0,,"AIMC, Marco General de los Medios en España 2026, pág. 49 «Evolución de la audiencia de diarios según tipo 1997-2025» (EGM; hasta 2017 solo papel, desde 2018 papel y visor digital): https://www.aimc.es/a1mc-c0nt3nt/uploads/2026/02/Marco_General_Medios_2026.pdf"
2023,diarios_economicos,0.4,,"AIMC, Marco General de los Medios en España 2026, pág. 49 «Evolución de la audiencia de diarios según tipo 1997-2025» (EGM; hasta 2017 solo papel, desde 2018 papel y visor digital): https://www.aimc.es/a1mc-c0nt3nt/uploads/2026/02/Marco_General_Medios_2026.pdf"
2023,diarios_deportivos,3.6,,"AIMC, Marco General de los Medios en España 2026, pág. 49 «Evolución de la audiencia de diarios según tipo 1997-2025» (EGM; hasta 2017 solo papel, desde 2018 papel y visor digital): https://www.aimc.es/a1mc-c0nt3nt/uploads/2026/02/Marco_General_Medios_2026.pdf"
2023,diarios_de_pago,13.0,,"AIMC, Marco General de los Medios en España 2026, pág. 49 «Evolución de la audiencia de diarios según tipo 1997-2025» (EGM; hasta 2017 solo papel, desde 2018 papel y visor digital): https://www.aimc.es/a1mc-c0nt3nt/uploads/2026/02/Marco_General_Medios_2026.pdf"
2023,diarios_gratuitos,0.9,,"AIMC, Marco General de los Medios en España 2026, pág. 49 «Evolución de la audiencia de diarios según tipo 1997-2025» (EGM; hasta 2017 solo papel, desde 2018 papel y visor digital): https://www.aimc.es/a1mc-c0nt3nt/uploads/2026/02/Marco_General_Medios_2026.pdf"
2024,diarios_tipo_total,13.3,,"AIMC, Marco General de los Medios en España 2026, pág. 49 «Evolución de la audiencia de diarios según tipo 1997-2025» (EGM; hasta 2017 solo papel, desde 2018 papel y visor digital): https://www.aimc.es/a1mc-c0nt3nt/uploads/2026/02/Marco_General_Medios_2026.pdf"
2024,diarios_informacion_general,11.5,,"AIMC, Marco General de los Medios en España 2026, pág. 49 «Evolución de la audiencia de diarios según tipo 1997-2025» (EGM; hasta 2017 solo papel, desde 2018 papel y visor digital): https://www.aimc.es/a1mc-c0nt3nt/uploads/2026/02/Marco_General_Medios_2026.pdf"
2024,diarios_economicos,0.5,,"AIMC, Marco General de los Medios en España 2026, pág. 49 «Evolución de la audiencia de diarios según tipo 1997-2025» (EGM; hasta 2017 solo papel, desde 2018 papel y visor digital): https://www.aimc.es/a1mc-c0nt3nt/uploads/2026/02/Marco_General_Medios_2026.pdf"
2024,diarios_deportivos,3.6,,"AIMC, Marco General de los Medios en España 2026, pág. 49 «Evolución de la audiencia de diarios según tipo 1997-2025» (EGM; hasta 2017 solo papel, desde 2018 papel y visor digital): https://www.aimc.es/a1mc-c0nt3nt/uploads/2026/02/Marco_General_Medios_2026.pdf"
2024,diarios_de_pago,12.6,,"AIMC, Marco General de los Medios en España 2026, pág. 49 «Evolución de la audiencia de diarios según tipo 1997-2025» (EGM; hasta 2017 solo papel, desde 2018 papel y visor digital): https://www.aimc.es/a1mc-c0nt3nt/uploads/2026/02/Marco_General_Medios_2026.pdf"
2024,diarios_gratuitos,0.8,,"AIMC, Marco General de los Medios en España 2026, pág. 49 «Evolución de la audiencia de diarios según tipo 1997-2025» (EGM; hasta 2017 solo papel, desde 2018 papel y visor digital): https://www.aimc.es/a1mc-c0nt3nt/uploads/2026/02/Marco_General_Medios_2026.pdf"
2025,diarios_tipo_total,12.5,,"AIMC, Marco General de los Medios en España 2026, pág. 49 «Evolución de la audiencia de diarios según tipo 1997-2025» (EGM; hasta 2017 solo papel, desde 2018 papel y visor digital): https://www.aimc.es/a1mc-c0nt3nt/uploads/2026/02/Marco_General_Medios_2026.pdf"
2025,diarios_informacion_general,11.0,,"AIMC, Marco General de los Medios en España 2026, pág. 49 «Evolución de la audiencia de diarios según tipo 1997-2025» (EGM; hasta 2017 solo papel, desde 2018 papel y visor digital): https://www.aimc.es/a1mc-c0nt3nt/uploads/2026/02/Marco_General_Medios_2026.pdf"
2025,diarios_economicos,0.5,,"AIMC, Marco General de los Medios en España 2026, pág. 49 «Evolución de la audiencia de diarios según tipo 1997-2025» (EGM; hasta 2017 solo papel, desde 2018 papel y visor digital): https://www.aimc.es/a1mc-c0nt3nt/uploads/2026/02/Marco_General_Medios_2026.pdf"
2025,diarios_deportivos,3.3,,"AIMC, Marco General de los Medios en España 2026, pág. 49 «Evolución de la audiencia de diarios según tipo 1997-2025» (EGM; hasta 2017 solo papel, desde 2018 papel y visor digital): https://www.aimc.es/a1mc-c0nt3nt/uploads/2026/02/Marco_General_Medios_2026.pdf"
2025,diarios_de_pago,11.8,,"AIMC, Marco General de los Medios en España 2026, pág. 49 «Evolución de la audiencia de diarios según tipo 1997-2025» (EGM; hasta 2017 solo papel, desde 2018 papel y visor digital): https://www.aimc.es/a1mc-c0nt3nt/uploads/2026/02/Marco_General_Medios_2026.pdf"
2025,diarios_gratuitos,0.8,,"AIMC, Marco General de los Medios en España 2026, pág. 49 «Evolución de la audiencia de diarios según tipo 1997-2025» (EGM; hasta 2017 solo papel, desde 2018 papel y visor digital): https://www.aimc.es/a1mc-c0nt3nt/uploads/2026/02/Marco_General_Medios_2026.pdf"
