anio,tipo,grupo,soporte,importe_eur,fuente,nota
2025,institucional,Grupo Prisa,,12178931.33,"https://www.lamoncloa.gob.es/serviciosdeprensa/cpci/Documents/Informe%202025.pdf#page=163 (Anexo IV, Inversión por grupos, pág. 163 del PDF)",
2025,institucional,Atresmedia-Planeta,,8929631.35,"https://www.lamoncloa.gob.es/serviciosdeprensa/cpci/Documents/Informe%202025.pdf#page=163 (Anexo IV, Inversión por grupos, pág. 163 del PDF)",
2025,institucional,Mediaset España,,5756090.33,"https://www.lamoncloa.gob.es/serviciosdeprensa/cpci/Documents/Informe%202025.pdf#page=163 (Anexo IV, Inversión por grupos, pág. 163 del PDF)",
2025,institucional,Grupo Vocento,,3655417.39,"https://www.lamoncloa.gob.es/serviciosdeprensa/cpci/Documents/Informe%202025.pdf#page=163 (Anexo IV, Inversión por grupos, pág. 163 del PDF)",
2025,institucional,Google,,2997778.86,"https://www.lamoncloa.gob.es/serviciosdeprensa/cpci/Documents/Informe%202025.pdf#page=163 (Anexo IV, Inversión por grupos, pág. 163 del PDF)","plataforma digital o tecnológica, no medio de comunicación"
2025,institucional,Grupo Unidad Editorial,,2726348.65,"https://www.lamoncloa.gob.es/serviciosdeprensa/cpci/Documents/Informe%202025.pdf#page=163 (Anexo IV, Inversión por grupos, pág. 163 del PDF)",
2025,institucional,"014 Media, S.L.",,2618344.73,"https://www.lamoncloa.gob.es/serviciosdeprensa/cpci/Documents/Informe%202025.pdf#page=163 (Anexo IV, Inversión por grupos, pág. 163 del PDF)",
2025,institucional,Grupo Prensa Ibérica,,2601098.59,"https://www.lamoncloa.gob.es/serviciosdeprensa/cpci/Documents/Informe%202025.pdf#page=163 (Anexo IV, Inversión por grupos, pág. 163 del PDF)",
2025,institucional,Grupo COPE-Abside Media,,2491767.75,"https://www.lamoncloa.gob.es/serviciosdeprensa/cpci/Documents/Informe%202025.pdf#page=163 (Anexo IV, Inversión por grupos, pág. 163 del PDF)",
2025,institucional,Grupo Godó,,1863103.28,"https://www.lamoncloa.gob.es/serviciosdeprensa/cpci/Documents/Informe%202025.pdf#page=163 (Anexo IV, Inversión por grupos, pág. 163 del PDF)",
2025,institucional,Global Media & Entertainment,,1796712.4,"https://www.lamoncloa.gob.es/serviciosdeprensa/cpci/Documents/Informe%202025.pdf#page=163 (Anexo IV, Inversión por grupos, pág. 163 del PDF)",
2025,institucional,"Exterior Plus, S.L.",,1788523.28,"https://www.lamoncloa.gob.es/serviciosdeprensa/cpci/Documents/Informe%202025.pdf#page=163 (Anexo IV, Inversión por grupos, pág. 163 del PDF)",
2025,institucional,Grupo Delivery Media,,1515806.76,"https://www.lamoncloa.gob.es/serviciosdeprensa/cpci/Documents/Informe%202025.pdf#page=163 (Anexo IV, Inversión por grupos, pág. 163 del PDF)",
2025,institucional,Meta Plaforms Inc.,,1462281.35,"https://www.lamoncloa.gob.es/serviciosdeprensa/cpci/Documents/Informe%202025.pdf#page=163 (Anexo IV, Inversión por grupos, pág. 163 del PDF)","plataforma digital o tecnológica, no medio de comunicación"
2025,institucional,RTVE,,1377054.83,"https://www.lamoncloa.gob.es/serviciosdeprensa/cpci/Documents/Informe%202025.pdf#page=163 (Anexo IV, Inversión por grupos, pág. 163 del PDF)",medio público (o entidad pública)
2025,institucional,Grupo Henneo,,1323147.81,"https://www.lamoncloa.gob.es/serviciosdeprensa/cpci/Documents/Informe%202025.pdf#page=163 (Anexo IV, Inversión por grupos, pág. 163 del PDF)",
2025,institucional,Spotify Technology S.A.,,1298663.59,"https://www.lamoncloa.gob.es/serviciosdeprensa/cpci/Documents/Informe%202025.pdf#page=163 (Anexo IV, Inversión por grupos, pág. 163 del PDF)","plataforma digital o tecnológica, no medio de comunicación"
2025,institucional,Grupo Telefónica,,1243312.0,"https://www.lamoncloa.gob.es/serviciosdeprensa/cpci/Documents/Informe%202025.pdf#page=163 (Anexo IV, Inversión por grupos, pág. 163 del PDF)",
2025,institucional,Grupo Alayans,,956646.21,"https://www.lamoncloa.gob.es/serviciosdeprensa/cpci/Documents/Informe%202025.pdf#page=163 (Anexo IV, Inversión por grupos, pág. 163 del PDF)",
2025,institucional,NewixMedia,,890290.92,"https://www.lamoncloa.gob.es/serviciosdeprensa/cpci/Documents/Informe%202025.pdf#page=163 (Anexo IV, Inversión por grupos, pág. 163 del PDF)",
2025,institucional,"Pulsa Media Consulting, S.L.",,769811.69,"https://www.lamoncloa.gob.es/serviciosdeprensa/cpci/Documents/Informe%202025.pdf#page=163 (Anexo IV, Inversión por grupos, pág. 163 del PDF)",
2025,institucional,Exteria Group,,605023.73,"https://www.lamoncloa.gob.es/serviciosdeprensa/cpci/Documents/Informe%202025.pdf#page=163 (Anexo IV, Inversión por grupos, pág. 163 del PDF)",
2025,institucional,Grupo Promecal,,586617.22,"https://www.lamoncloa.gob.es/serviciosdeprensa/cpci/Documents/Informe%202025.pdf#page=163 (Anexo IV, Inversión por grupos, pág. 163 del PDF)",
2025,institucional,"Amazon, Inc",,521070.98,"https://www.lamoncloa.gob.es/serviciosdeprensa/cpci/Documents/Informe%202025.pdf#page=163 (Anexo IV, Inversión por grupos, pág. 163 del PDF)","plataforma digital o tecnológica, no medio de comunicación"
2025,institucional,"Gran Pantalla de Publicidad Exterior, S.L.",,519428.55,"https://www.lamoncloa.gob.es/serviciosdeprensa/cpci/Documents/Informe%202025.pdf#page=163 (Anexo IV, Inversión por grupos, pág. 163 del PDF)",
2025,institucional,EXTE,,456168.59,"https://www.lamoncloa.gob.es/serviciosdeprensa/cpci/Documents/Informe%202025.pdf#page=163 (Anexo IV, Inversión por grupos, pág. 163 del PDF)",
2025,institucional,"Zercana Consulting, S.L.",,421108.31,"https://www.lamoncloa.gob.es/serviciosdeprensa/cpci/Documents/Informe%202025.pdf#page=163 (Anexo IV, Inversión por grupos, pág. 163 del PDF)",
2025,institucional,"Iwall Inshop, S.A.",,418450.58,"https://www.lamoncloa.gob.es/serviciosdeprensa/cpci/Documents/Informe%202025.pdf#page=163 (Anexo IV, Inversión por grupos, pág. 163 del PDF)",
2025,institucional,"Conjunto Empresarial RDE, S.L.",,391435.0,"https://www.lamoncloa.gob.es/serviciosdeprensa/cpci/Documents/Informe%202025.pdf#page=163 (Anexo IV, Inversión por grupos, pág. 163 del PDF)",
2025,institucional,iVoox Global Podcasting Service S.L.,,368314.68,"https://www.lamoncloa.gob.es/serviciosdeprensa/cpci/Documents/Informe%202025.pdf#page=163 (Anexo IV, Inversión por grupos, pág. 163 del PDF)","plataforma digital o tecnológica, no medio de comunicación"
2025,institucional,"Radio Televisión de Castilla y Leon, S.A.",,363879.52,"https://www.lamoncloa.gob.es/serviciosdeprensa/cpci/Documents/Informe%202025.pdf#page=163 (Anexo IV, Inversión por grupos, pág. 163 del PDF)",medio público (o entidad pública)
2025,institucional,"Diario de Prensa Digital, S.L.",,353117.55,"https://www.lamoncloa.gob.es/serviciosdeprensa/cpci/Documents/Informe%202025.pdf#page=163 (Anexo IV, Inversión por grupos, pág. 163 del PDF)",
2025,institucional,TVUp Media Telecom S.L.,,343917.06,"https://www.lamoncloa.gob.es/serviciosdeprensa/cpci/Documents/Informe%202025.pdf#page=163 (Anexo IV, Inversión por grupos, pág. 163 del PDF)",
2025,institucional,"El Leon de El Español Publicaciones, S.A.",,340661.08,"https://www.lamoncloa.gob.es/serviciosdeprensa/cpci/Documents/Informe%202025.pdf#page=163 (Anexo IV, Inversión por grupos, pág. 163 del PDF)",
2025,institucional,"Netflix, Inc.",,335373.96,"https://www.lamoncloa.gob.es/serviciosdeprensa/cpci/Documents/Informe%202025.pdf#page=163 (Anexo IV, Inversión por grupos, pág. 163 del PDF)","plataforma digital o tecnológica, no medio de comunicación"
2025,institucional,ByteDance Ltd,,333644.54,"https://www.lamoncloa.gob.es/serviciosdeprensa/cpci/Documents/Informe%202025.pdf#page=163 (Anexo IV, Inversión por grupos, pág. 163 del PDF)","plataforma digital o tecnológica, no medio de comunicación"
2025,institucional,"Exterior 21, S.L.",,328878.0,"https://www.lamoncloa.gob.es/serviciosdeprensa/cpci/Documents/Informe%202025.pdf#page=163 (Anexo IV, Inversión por grupos, pág. 163 del PDF)",
2025,institucional,Kiss Media,,289029.97,"https://www.lamoncloa.gob.es/serviciosdeprensa/cpci/Documents/Informe%202025.pdf#page=163 (Anexo IV, Inversión por grupos, pág. 163 del PDF)",
2025,institucional,Ikö Media Group,,285862.5,"https://www.lamoncloa.gob.es/serviciosdeprensa/cpci/Documents/Informe%202025.pdf#page=163 (Anexo IV, Inversión por grupos, pág. 163 del PDF)",
2025,institucional,RBA,,257167.37,"https://www.lamoncloa.gob.es/serviciosdeprensa/cpci/Documents/Informe%202025.pdf#page=163 (Anexo IV, Inversión por grupos, pág. 163 del PDF)",
2025,institucional,Corporació Catalana de Mitjans Audiovisuals,,249962.74,"https://www.lamoncloa.gob.es/serviciosdeprensa/cpci/Documents/Informe%202025.pdf#page=163 (Anexo IV, Inversión por grupos, pág. 163 del PDF)",medio público (o entidad pública)
2025,institucional,Agencia Pública Empresarial de la Radio y Televisión de Andalucía,,248079.11,"https://www.lamoncloa.gob.es/serviciosdeprensa/cpci/Documents/Informe%202025.pdf#page=163 (Anexo IV, Inversión por grupos, pág. 163 del PDF)",medio público (o entidad pública)
2025,institucional,"Super 8 Media, S.L.",,228135.96,"https://www.lamoncloa.gob.es/serviciosdeprensa/cpci/Documents/Informe%202025.pdf#page=163 (Anexo IV, Inversión por grupos, pág. 163 del PDF)",
2025,institucional,Moviedis Media,,227836.52,"https://www.lamoncloa.gob.es/serviciosdeprensa/cpci/Documents/Informe%202025.pdf#page=164 (Anexo IV, Inversión por grupos, pág. 164 del PDF)",
2025,institucional,"Vidoomy Media, S.L.",,227041.4,"https://www.lamoncloa.gob.es/serviciosdeprensa/cpci/Documents/Informe%202025.pdf#page=164 (Anexo IV, Inversión por grupos, pág. 164 del PDF)",
2025,institucional,Warner Bros. Discovery,,218939.07,"https://www.lamoncloa.gob.es/serviciosdeprensa/cpci/Documents/Informe%202025.pdf#page=164 (Anexo IV, Inversión por grupos, pág. 164 del PDF)","plataforma digital o tecnológica, no medio de comunicación"
2025,institucional,"H2071 Publicidad Consultoría & Patrocinio, S.L.",,204716.88,"https://www.lamoncloa.gob.es/serviciosdeprensa/cpci/Documents/Informe%202025.pdf#page=164 (Anexo IV, Inversión por grupos, pág. 164 del PDF)",
2025,institucional,Sony Pictures Television,,175815.16,"https://www.lamoncloa.gob.es/serviciosdeprensa/cpci/Documents/Informe%202025.pdf#page=164 (Anexo IV, Inversión por grupos, pág. 164 del PDF)","plataforma digital o tecnológica, no medio de comunicación"
2025,institucional,Samsung,,170881.19,"https://www.lamoncloa.gob.es/serviciosdeprensa/cpci/Documents/Informe%202025.pdf#page=164 (Anexo IV, Inversión por grupos, pág. 164 del PDF)","plataforma digital o tecnológica, no medio de comunicación"
2025,institucional,Grupo Cerca,,158438.73,"https://www.lamoncloa.gob.es/serviciosdeprensa/cpci/Documents/Informe%202025.pdf#page=164 (Anexo IV, Inversión por grupos, pág. 164 del PDF)",
2025,institucional,Adtrackmedia,,124388.0,"https://www.lamoncloa.gob.es/serviciosdeprensa/cpci/Documents/Informe%202025.pdf#page=164 (Anexo IV, Inversión por grupos, pág. 164 del PDF)",
2025,institucional,"Titania Compañía Editorial, S.L.",,117998.76,"https://www.lamoncloa.gob.es/serviciosdeprensa/cpci/Documents/Informe%202025.pdf#page=164 (Anexo IV, Inversión por grupos, pág. 164 del PDF)",
2025,institucional,"Soportes y Medianeras, S.L.",,108900.0,"https://www.lamoncloa.gob.es/serviciosdeprensa/cpci/Documents/Informe%202025.pdf#page=164 (Anexo IV, Inversión por grupos, pág. 164 del PDF)",
2025,institucional,"Inversiones y Eventos I10 Network, S.L.",,107475.23,"https://www.lamoncloa.gob.es/serviciosdeprensa/cpci/Documents/Informe%202025.pdf#page=164 (Anexo IV, Inversión por grupos, pág. 164 del PDF)",
2025,institucional,"Defi Group, S.A.S.",,105270.0,"https://www.lamoncloa.gob.es/serviciosdeprensa/cpci/Documents/Informe%202025.pdf#page=164 (Anexo IV, Inversión por grupos, pág. 164 del PDF)",
2025,institucional,"Clear Channel España, S.L.U.",,103585.91,"https://www.lamoncloa.gob.es/serviciosdeprensa/cpci/Documents/Informe%202025.pdf#page=164 (Anexo IV, Inversión por grupos, pág. 164 del PDF)",
2025,institucional,Hearst Magazines España,,101195.93,"https://www.lamoncloa.gob.es/serviciosdeprensa/cpci/Documents/Informe%202025.pdf#page=164 (Anexo IV, Inversión por grupos, pág. 164 del PDF)",
2025,institucional,"Editorial Ecoprensa, S.A.",,98736.91,"https://www.lamoncloa.gob.es/serviciosdeprensa/cpci/Documents/Informe%202025.pdf#page=164 (Anexo IV, Inversión por grupos, pág. 164 del PDF)",
2025,institucional,"Grup Mediapro, S.L.U.",,96800.0,"https://www.lamoncloa.gob.es/serviciosdeprensa/cpci/Documents/Informe%202025.pdf#page=164 (Anexo IV, Inversión por grupos, pág. 164 del PDF)",
2025,institucional,Paramount Global,,94267.3,"https://www.lamoncloa.gob.es/serviciosdeprensa/cpci/Documents/Informe%202025.pdf#page=164 (Anexo IV, Inversión por grupos, pág. 164 del PDF)","plataforma digital o tecnológica, no medio de comunicación"
2025,institucional,Corporación Radio Television de Galicia,,92217.61,"https://www.lamoncloa.gob.es/serviciosdeprensa/cpci/Documents/Informe%202025.pdf#page=164 (Anexo IV, Inversión por grupos, pág. 164 del PDF)",medio público (o entidad pública)
2025,institucional,Euskal Irrati Telebista,,86620.34,"https://www.lamoncloa.gob.es/serviciosdeprensa/cpci/Documents/Informe%202025.pdf#page=164 (Anexo IV, Inversión por grupos, pág. 164 del PDF)",medio público (o entidad pública)
2025,institucional,Grupo Planeta,,84414.02,"https://www.lamoncloa.gob.es/serviciosdeprensa/cpci/Documents/Informe%202025.pdf#page=164 (Anexo IV, Inversión por grupos, pág. 164 del PDF)",
2025,institucional,"Sundisa Publicidad Exterior, S.L.",,83308.5,"https://www.lamoncloa.gob.es/serviciosdeprensa/cpci/Documents/Informe%202025.pdf#page=164 (Anexo IV, Inversión por grupos, pág. 164 del PDF)",
2025,institucional,Movistar Arena,,82280.0,"https://www.lamoncloa.gob.es/serviciosdeprensa/cpci/Documents/Informe%202025.pdf#page=164 (Anexo IV, Inversión por grupos, pág. 164 del PDF)",
2025,institucional,"Publicaciones Heres, S.A.",,80646.5,"https://www.lamoncloa.gob.es/serviciosdeprensa/cpci/Documents/Informe%202025.pdf#page=164 (Anexo IV, Inversión por grupos, pág. 164 del PDF)",
2025,institucional,"Bus & Truck Marketing, S.L.",,79860.0,"https://www.lamoncloa.gob.es/serviciosdeprensa/cpci/Documents/Informe%202025.pdf#page=164 (Anexo IV, Inversión por grupos, pág. 164 del PDF)",
2025,institucional,"Bid Discount, S.L.",,76956.0,"https://www.lamoncloa.gob.es/serviciosdeprensa/cpci/Documents/Informe%202025.pdf#page=164 (Anexo IV, Inversión por grupos, pág. 164 del PDF)",
2025,institucional,Grupo Joly,,70199.75,"https://www.lamoncloa.gob.es/serviciosdeprensa/cpci/Documents/Informe%202025.pdf#page=164 (Anexo IV, Inversión por grupos, pág. 164 del PDF)",
2025,institucional,MediaShoppers,,69974.86,"https://www.lamoncloa.gob.es/serviciosdeprensa/cpci/Documents/Informe%202025.pdf#page=164 (Anexo IV, Inversión por grupos, pág. 164 del PDF)",
2025,institucional,"Urban Visión Publicidad Exterior, S.L.",,64619.75,"https://www.lamoncloa.gob.es/serviciosdeprensa/cpci/Documents/Informe%202025.pdf#page=164 (Anexo IV, Inversión por grupos, pág. 164 del PDF)",
2025,institucional,"Crazyvity, S.L.",,64130.0,"https://www.lamoncloa.gob.es/serviciosdeprensa/cpci/Documents/Informe%202025.pdf#page=164 (Anexo IV, Inversión por grupos, pág. 164 del PDF)",
2025,institucional,"Hola, S.L.",,63504.43,"https://www.lamoncloa.gob.es/serviciosdeprensa/cpci/Documents/Informe%202025.pdf#page=164 (Anexo IV, Inversión por grupos, pág. 164 del PDF)",
2025,institucional,"Xpezial360, S.L.",,59895.0,"https://www.lamoncloa.gob.es/serviciosdeprensa/cpci/Documents/Informe%202025.pdf#page=164 (Anexo IV, Inversión por grupos, pág. 164 del PDF)",
2025,institucional,"Corporación Voz de Galicia, S.A.",,59471.54,"https://www.lamoncloa.gob.es/serviciosdeprensa/cpci/Documents/Informe%202025.pdf#page=164 (Anexo IV, Inversión por grupos, pág. 164 del PDF)",
2025,institucional,"Rakuten Group, Inc.",,57507.77,"https://www.lamoncloa.gob.es/serviciosdeprensa/cpci/Documents/Informe%202025.pdf#page=164 (Anexo IV, Inversión por grupos, pág. 164 del PDF)","plataforma digital o tecnológica, no medio de comunicación"
2025,institucional,"Clece, S.A.",,54253.38,"https://www.lamoncloa.gob.es/serviciosdeprensa/cpci/Documents/Informe%202025.pdf#page=164 (Anexo IV, Inversión por grupos, pág. 164 del PDF)",
2025,institucional,"Publicaciones del Sur, S.A.",,54160.93,"https://www.lamoncloa.gob.es/serviciosdeprensa/cpci/Documents/Informe%202025.pdf#page=164 (Anexo IV, Inversión por grupos, pág. 164 del PDF)",
2025,institucional,VSA Comunicación S.L.,,52937.5,"https://www.lamoncloa.gob.es/serviciosdeprensa/cpci/Documents/Informe%202025.pdf#page=164 (Anexo IV, Inversión por grupos, pág. 164 del PDF)",
2025,institucional,Grupo Flaix,,52826.67,"https://www.lamoncloa.gob.es/serviciosdeprensa/cpci/Documents/Informe%202025.pdf#page=164 (Anexo IV, Inversión por grupos, pág. 164 del PDF)",
2025,institucional,"Grupo Editorial Ecoprensa, S.A.",,47941.31,"https://www.lamoncloa.gob.es/serviciosdeprensa/cpci/Documents/Informe%202025.pdf#page=164 (Anexo IV, Inversión por grupos, pág. 164 del PDF)",
2025,institucional,"Display Connectors, S.L.",,46334.83,"https://www.lamoncloa.gob.es/serviciosdeprensa/cpci/Documents/Informe%202025.pdf#page=164 (Anexo IV, Inversión por grupos, pág. 164 del PDF)",
2025,institucional,Corporacion Extremeña de Medios Audiovisuales,,44846.97,"https://www.lamoncloa.gob.es/serviciosdeprensa/cpci/Documents/Informe%202025.pdf#page=164 (Anexo IV, Inversión por grupos, pág. 164 del PDF)",medio público (o entidad pública)
2025,institucional,"Publinserciones Comunicación, S.L.",,42549.65,"https://www.lamoncloa.gob.es/serviciosdeprensa/cpci/Documents/Informe%202025.pdf#page=164 (Anexo IV, Inversión por grupos, pág. 164 del PDF)",
2025,institucional,"Promedios Exterior Comunicación, S.L.",,39368.66,"https://www.lamoncloa.gob.es/serviciosdeprensa/cpci/Documents/Informe%202025.pdf#page=164 (Anexo IV, Inversión por grupos, pág. 164 del PDF)",
2025,institucional,L'Associació de Mitjans d'Informació i Comunicació (AMIC),,37019.8,"https://www.lamoncloa.gob.es/serviciosdeprensa/cpci/Documents/Informe%202025.pdf#page=164 (Anexo IV, Inversión por grupos, pág. 164 del PDF)",
2025,institucional,Castilla-La Mancha Media,,26119.45,"https://www.lamoncloa.gob.es/serviciosdeprensa/cpci/Documents/Informe%202025.pdf#page=164 (Anexo IV, Inversión por grupos, pág. 164 del PDF)",medio público (o entidad pública)
2025,institucional,"TB Media Consulting, S.L.",,25047.0,"https://www.lamoncloa.gob.es/serviciosdeprensa/cpci/Documents/Informe%202025.pdf#page=165 (Anexo IV, Inversión por grupos, pág. 165 del PDF)",
2025,institucional,Corporació Valenciana de Mitjans de Comunicacio,,23717.87,"https://www.lamoncloa.gob.es/serviciosdeprensa/cpci/Documents/Informe%202025.pdf#page=165 (Anexo IV, Inversión por grupos, pág. 165 del PDF)",medio público (o entidad pública)
2025,institucional,Grupo El Progreso,,23595.0,"https://www.lamoncloa.gob.es/serviciosdeprensa/cpci/Documents/Informe%202025.pdf#page=165 (Anexo IV, Inversión por grupos, pág. 165 del PDF)",
2025,institucional,El Periódico de la Energía S.L.,,22808.5,"https://www.lamoncloa.gob.es/serviciosdeprensa/cpci/Documents/Informe%202025.pdf#page=165 (Anexo IV, Inversión por grupos, pág. 165 del PDF)",
2025,institucional,X Corp,,21813.99,"https://www.lamoncloa.gob.es/serviciosdeprensa/cpci/Documents/Informe%202025.pdf#page=165 (Anexo IV, Inversión por grupos, pág. 165 del PDF)","plataforma digital o tecnológica, no medio de comunicación"
2025,institucional,Radiotelevision de la Region de Murcia,,21425.62,"https://www.lamoncloa.gob.es/serviciosdeprensa/cpci/Documents/Informe%202025.pdf#page=165 (Anexo IV, Inversión por grupos, pág. 165 del PDF)",medio público (o entidad pública)
2025,institucional,Grupo Serra,,20298.99,"https://www.lamoncloa.gob.es/serviciosdeprensa/cpci/Documents/Informe%202025.pdf#page=165 (Anexo IV, Inversión por grupos, pág. 165 del PDF)",
2025,institucional,"Eumedia, S.A.",,18595.91,"https://www.lamoncloa.gob.es/serviciosdeprensa/cpci/Documents/Informe%202025.pdf#page=165 (Anexo IV, Inversión por grupos, pág. 165 del PDF)",
2025,institucional,Corporación Aragonesa de Radio y Television,,18576.63,"https://www.lamoncloa.gob.es/serviciosdeprensa/cpci/Documents/Informe%202025.pdf#page=165 (Anexo IV, Inversión por grupos, pág. 165 del PDF)",medio público (o entidad pública)
2025,institucional,"Editorial Corporativa de Medios de Comunicación, S.L.",,16502.41,"https://www.lamoncloa.gob.es/serviciosdeprensa/cpci/Documents/Informe%202025.pdf#page=165 (Anexo IV, Inversión por grupos, pág. 165 del PDF)",
2025,institucional,"Grupo EIG Multimedia, S.L.",,15649.66,"https://www.lamoncloa.gob.es/serviciosdeprensa/cpci/Documents/Informe%202025.pdf#page=165 (Anexo IV, Inversión por grupos, pág. 165 del PDF)",
2025,institucional,Edigrup Media,,15146.78,"https://www.lamoncloa.gob.es/serviciosdeprensa/cpci/Documents/Informe%202025.pdf#page=165 (Anexo IV, Inversión por grupos, pág. 165 del PDF)",
2025,institucional,Microsoft,,14957.61,"https://www.lamoncloa.gob.es/serviciosdeprensa/cpci/Documents/Informe%202025.pdf#page=165 (Anexo IV, Inversión por grupos, pág. 165 del PDF)","plataforma digital o tecnológica, no medio de comunicación"
2025,institucional,Ente Público de Radiotelevisión de las Islas Baleares,,13791.57,"https://www.lamoncloa.gob.es/serviciosdeprensa/cpci/Documents/Informe%202025.pdf#page=165 (Anexo IV, Inversión por grupos, pág. 165 del PDF)",medio público (o entidad pública)
2025,institucional,"Adtiva Comunicación Creativa, S.L.",,13612.5,"https://www.lamoncloa.gob.es/serviciosdeprensa/cpci/Documents/Informe%202025.pdf#page=165 (Anexo IV, Inversión por grupos, pág. 165 del PDF)",
2025,institucional,Grupo Conde Nast,,12974.83,"https://www.lamoncloa.gob.es/serviciosdeprensa/cpci/Documents/Informe%202025.pdf#page=165 (Anexo IV, Inversión por grupos, pág. 165 del PDF)",
2025,institucional,Rugby Challenge Spain S.L.,,12100.0,"https://www.lamoncloa.gob.es/serviciosdeprensa/cpci/Documents/Informe%202025.pdf#page=165 (Anexo IV, Inversión por grupos, pág. 165 del PDF)",
2025,institucional,"JFT Comunicación y Expansión de Redes, S.L.N.E.",,11746.75,"https://www.lamoncloa.gob.es/serviciosdeprensa/cpci/Documents/Informe%202025.pdf#page=165 (Anexo IV, Inversión por grupos, pág. 165 del PDF)",
2025,institucional,"ABBA Publipez, S..L.",,11616.0,"https://www.lamoncloa.gob.es/serviciosdeprensa/cpci/Documents/Informe%202025.pdf#page=165 (Anexo IV, Inversión por grupos, pág. 165 del PDF)",
2025,institucional,Grupo V,,11504.93,"https://www.lamoncloa.gob.es/serviciosdeprensa/cpci/Documents/Informe%202025.pdf#page=165 (Anexo IV, Inversión por grupos, pág. 165 del PDF)",
2025,institucional,"Capital Gestión Editorial, S.L.",,11180.4,"https://www.lamoncloa.gob.es/serviciosdeprensa/cpci/Documents/Informe%202025.pdf#page=165 (Anexo IV, Inversión por grupos, pág. 165 del PDF)",
2025,institucional,Radio Televisión Madrid,,11133.93,"https://www.lamoncloa.gob.es/serviciosdeprensa/cpci/Documents/Informe%202025.pdf#page=165 (Anexo IV, Inversión por grupos, pág. 165 del PDF)",medio público (o entidad pública)
2025,institucional,Radiotelevisión del Principado de Asturias,,11046.3,"https://www.lamoncloa.gob.es/serviciosdeprensa/cpci/Documents/Informe%202025.pdf#page=165 (Anexo IV, Inversión por grupos, pág. 165 del PDF)",medio público (o entidad pública)
2025,institucional,"Ediciones Prensa Libre, S.L.",,10990.25,"https://www.lamoncloa.gob.es/serviciosdeprensa/cpci/Documents/Informe%202025.pdf#page=165 (Anexo IV, Inversión por grupos, pág. 165 del PDF)",
2025,institucional,Grupo Intereconomia,,10911.18,"https://www.lamoncloa.gob.es/serviciosdeprensa/cpci/Documents/Informe%202025.pdf#page=165 (Anexo IV, Inversión por grupos, pág. 165 del PDF)",
2025,institucional,"Ediciones Plaza, S.L.",,9964.35,"https://www.lamoncloa.gob.es/serviciosdeprensa/cpci/Documents/Informe%202025.pdf#page=165 (Anexo IV, Inversión por grupos, pág. 165 del PDF)",
2025,institucional,"Revista Emprendedores, S.L.",,9806.81,"https://www.lamoncloa.gob.es/serviciosdeprensa/cpci/Documents/Informe%202025.pdf#page=165 (Anexo IV, Inversión por grupos, pág. 165 del PDF)",
2025,institucional,Adevinta Spain,,9522.69,"https://www.lamoncloa.gob.es/serviciosdeprensa/cpci/Documents/Informe%202025.pdf#page=165 (Anexo IV, Inversión por grupos, pág. 165 del PDF)","plataforma digital o tecnológica, no medio de comunicación"
2025,institucional,"La Region, S.A.",,9253.48,"https://www.lamoncloa.gob.es/serviciosdeprensa/cpci/Documents/Informe%202025.pdf#page=165 (Anexo IV, Inversión por grupos, pág. 165 del PDF)",
2025,institucional,The Walt Disney Company,,8049.15,"https://www.lamoncloa.gob.es/serviciosdeprensa/cpci/Documents/Informe%202025.pdf#page=165 (Anexo IV, Inversión por grupos, pág. 165 del PDF)","plataforma digital o tecnológica, no medio de comunicación"
2025,institucional,Grupo Noticias,,6897.73,"https://www.lamoncloa.gob.es/serviciosdeprensa/cpci/Documents/Informe%202025.pdf#page=165 (Anexo IV, Inversión por grupos, pág. 165 del PDF)",
2025,institucional,"Ediciones Jaguar, S.A.U.",,6616.22,"https://www.lamoncloa.gob.es/serviciosdeprensa/cpci/Documents/Informe%202025.pdf#page=165 (Anexo IV, Inversión por grupos, pág. 165 del PDF)",
2025,institucional,"Ideas y Publicidad de Baleares, S.L.",,6405.74,"https://www.lamoncloa.gob.es/serviciosdeprensa/cpci/Documents/Informe%202025.pdf#page=165 (Anexo IV, Inversión por grupos, pág. 165 del PDF)",
2025,institucional,"AS Publicidad Soportes Exterior, S.L.",,6192.78,"https://www.lamoncloa.gob.es/serviciosdeprensa/cpci/Documents/Informe%202025.pdf#page=165 (Anexo IV, Inversión por grupos, pág. 165 del PDF)",
2025,institucional,Sport Life Ibérica,,6131.07,"https://www.lamoncloa.gob.es/serviciosdeprensa/cpci/Documents/Informe%202025.pdf#page=165 (Anexo IV, Inversión por grupos, pág. 165 del PDF)",
2025,institucional,"Haya Comunicación, S.L.",,6065.13,"https://www.lamoncloa.gob.es/serviciosdeprensa/cpci/Documents/Informe%202025.pdf#page=165 (Anexo IV, Inversión por grupos, pág. 165 del PDF)",
2025,institucional,Grupo Tecma Red S.L.,,5808.0,"https://www.lamoncloa.gob.es/serviciosdeprensa/cpci/Documents/Informe%202025.pdf#page=165 (Anexo IV, Inversión por grupos, pág. 165 del PDF)",
2025,institucional,Forbes Media LLC,,5587.36,"https://www.lamoncloa.gob.es/serviciosdeprensa/cpci/Documents/Informe%202025.pdf#page=165 (Anexo IV, Inversión por grupos, pág. 165 del PDF)",
2025,institucional,"Smart Travel News, S.L.",,5112.25,"https://www.lamoncloa.gob.es/serviciosdeprensa/cpci/Documents/Informe%202025.pdf#page=165 (Anexo IV, Inversión por grupos, pág. 165 del PDF)",
2025,institucional,ZimmerPress,,4210.8,"https://www.lamoncloa.gob.es/serviciosdeprensa/cpci/Documents/Informe%202025.pdf#page=165 (Anexo IV, Inversión por grupos, pág. 165 del PDF)",
2025,institucional,Promicsa,,4133.32,"https://www.lamoncloa.gob.es/serviciosdeprensa/cpci/Documents/Informe%202025.pdf#page=165 (Anexo IV, Inversión por grupos, pág. 165 del PDF)",
2025,institucional,Noroeste en Red,,4126.1,"https://www.lamoncloa.gob.es/serviciosdeprensa/cpci/Documents/Informe%202025.pdf#page=165 (Anexo IV, Inversión por grupos, pág. 165 del PDF)",
2025,institucional,"Ethic, S.L.",,3751.0,"https://www.lamoncloa.gob.es/serviciosdeprensa/cpci/Documents/Informe%202025.pdf#page=165 (Anexo IV, Inversión por grupos, pág. 165 del PDF)",
2025,institucional,"Estudios Marítimos Naucher, S.L.",,3630.0,"https://www.lamoncloa.gob.es/serviciosdeprensa/cpci/Documents/Informe%202025.pdf#page=165 (Anexo IV, Inversión por grupos, pág. 165 del PDF)",
2025,institucional,Radio Television Canaria,,3615.12,"https://www.lamoncloa.gob.es/serviciosdeprensa/cpci/Documents/Informe%202025.pdf#page=166 (Anexo IV, Inversión por grupos, pág. 166 del PDF)",medio público (o entidad pública)
2025,institucional,Editorial Imani,,3418.25,"https://www.lamoncloa.gob.es/serviciosdeprensa/cpci/Documents/Informe%202025.pdf#page=166 (Anexo IV, Inversión por grupos, pág. 166 del PDF)",
2025,institucional,"Informaciones Canarias, S.A.",,3413.74,"https://www.lamoncloa.gob.es/serviciosdeprensa/cpci/Documents/Informe%202025.pdf#page=166 (Anexo IV, Inversión por grupos, pág. 166 del PDF)",
2025,institucional,"Capital Radio Economía, S.L.",,3359.02,"https://www.lamoncloa.gob.es/serviciosdeprensa/cpci/Documents/Informe%202025.pdf#page=166 (Anexo IV, Inversión por grupos, pág. 166 del PDF)",
2025,institucional,Novotécnica,,3260.07,"https://www.lamoncloa.gob.es/serviciosdeprensa/cpci/Documents/Informe%202025.pdf#page=166 (Anexo IV, Inversión por grupos, pág. 166 del PDF)",
2025,institucional,Grupo Faro,,3109.89,"https://www.lamoncloa.gob.es/serviciosdeprensa/cpci/Documents/Informe%202025.pdf#page=166 (Anexo IV, Inversión por grupos, pág. 166 del PDF)",
2025,institucional,"Norea y Alomán Ediciones, S.L.",,3087.92,"https://www.lamoncloa.gob.es/serviciosdeprensa/cpci/Documents/Informe%202025.pdf#page=166 (Anexo IV, Inversión por grupos, pág. 166 del PDF)",
2025,institucional,"Webos Media, S.L.",,2898.87,"https://www.lamoncloa.gob.es/serviciosdeprensa/cpci/Documents/Informe%202025.pdf#page=166 (Anexo IV, Inversión por grupos, pág. 166 del PDF)","plataforma digital o tecnológica, no medio de comunicación"
2025,institucional,"Editorial Leoncio Rodríguez, S.A.",,2859.04,"https://www.lamoncloa.gob.es/serviciosdeprensa/cpci/Documents/Informe%202025.pdf#page=166 (Anexo IV, Inversión por grupos, pág. 166 del PDF)",
2025,institucional,Grupo Plató del Atlántico,,2675.0,"https://www.lamoncloa.gob.es/serviciosdeprensa/cpci/Documents/Informe%202025.pdf#page=166 (Anexo IV, Inversión por grupos, pág. 166 del PDF)",
2025,institucional,"Grupo Promotor Salmantino, S.A.",,2619.17,"https://www.lamoncloa.gob.es/serviciosdeprensa/cpci/Documents/Informe%202025.pdf#page=166 (Anexo IV, Inversión por grupos, pág. 166 del PDF)",
2025,institucional,"Garherve, S.L.",,2613.6,"https://www.lamoncloa.gob.es/serviciosdeprensa/cpci/Documents/Informe%202025.pdf#page=166 (Anexo IV, Inversión por grupos, pág. 166 del PDF)",
2025,institucional,"Cealfe, S.L.",,2562.75,"https://www.lamoncloa.gob.es/serviciosdeprensa/cpci/Documents/Informe%202025.pdf#page=166 (Anexo IV, Inversión por grupos, pág. 166 del PDF)",
2025,institucional,Audiovisual 451 C.B.,,2541.0,"https://www.lamoncloa.gob.es/serviciosdeprensa/cpci/Documents/Informe%202025.pdf#page=166 (Anexo IV, Inversión por grupos, pág. 166 del PDF)",
2025,institucional,"Financial Comunicación, S.L.",,2541.0,"https://www.lamoncloa.gob.es/serviciosdeprensa/cpci/Documents/Informe%202025.pdf#page=166 (Anexo IV, Inversión por grupos, pág. 166 del PDF)",
2025,institucional,Karnov Group,,2371.6,"https://www.lamoncloa.gob.es/serviciosdeprensa/cpci/Documents/Informe%202025.pdf#page=166 (Anexo IV, Inversión por grupos, pág. 166 del PDF)",
2025,institucional,Naver,,2262.69,"https://www.lamoncloa.gob.es/serviciosdeprensa/cpci/Documents/Informe%202025.pdf#page=166 (Anexo IV, Inversión por grupos, pág. 166 del PDF)","plataforma digital o tecnológica, no medio de comunicación"
2025,institucional,Economist & Jurist Group,,2159.85,"https://www.lamoncloa.gob.es/serviciosdeprensa/cpci/Documents/Informe%202025.pdf#page=166 (Anexo IV, Inversión por grupos, pág. 166 del PDF)",
2025,institucional,"Libertad Digital, SA",,2117.5,"https://www.lamoncloa.gob.es/serviciosdeprensa/cpci/Documents/Informe%202025.pdf#page=166 (Anexo IV, Inversión por grupos, pág. 166 del PDF)",
2025,institucional,"Crónicas da Comarca, S.L.",,2100.0,"https://www.lamoncloa.gob.es/serviciosdeprensa/cpci/Documents/Informe%202025.pdf#page=166 (Anexo IV, Inversión por grupos, pág. 166 del PDF)",
2025,institucional,Grup Comunicació 21,,2099.35,"https://www.lamoncloa.gob.es/serviciosdeprensa/cpci/Documents/Informe%202025.pdf#page=166 (Anexo IV, Inversión por grupos, pág. 166 del PDF)",
2025,institucional,"Vozpopuli Digital, S.A.",,2060.11,"https://www.lamoncloa.gob.es/serviciosdeprensa/cpci/Documents/Informe%202025.pdf#page=166 (Anexo IV, Inversión por grupos, pág. 166 del PDF)",
2025,institucional,El Canal Marítimo y Logístico S.L.,,2020.7,"https://www.lamoncloa.gob.es/serviciosdeprensa/cpci/Documents/Informe%202025.pdf#page=166 (Anexo IV, Inversión por grupos, pág. 166 del PDF)",
2025,institucional,"A.M. Quercus, S.L.",,1998.01,"https://www.lamoncloa.gob.es/serviciosdeprensa/cpci/Documents/Informe%202025.pdf#page=166 (Anexo IV, Inversión por grupos, pág. 166 del PDF)",
2025,institucional,Cine con Ñ,,1996.5,"https://www.lamoncloa.gob.es/serviciosdeprensa/cpci/Documents/Informe%202025.pdf#page=166 (Anexo IV, Inversión por grupos, pág. 166 del PDF)",
2025,institucional,"Caimán Ediciones, S.L.",,1936.0,"https://www.lamoncloa.gob.es/serviciosdeprensa/cpci/Documents/Informe%202025.pdf#page=166 (Anexo IV, Inversión por grupos, pág. 166 del PDF)",
2025,institucional,"Fly Press, S.L.L.",,1815.0,"https://www.lamoncloa.gob.es/serviciosdeprensa/cpci/Documents/Informe%202025.pdf#page=166 (Anexo IV, Inversión por grupos, pág. 166 del PDF)",
2025,institucional,Grupo Aire,,1815.0,"https://www.lamoncloa.gob.es/serviciosdeprensa/cpci/Documents/Informe%202025.pdf#page=166 (Anexo IV, Inversión por grupos, pág. 166 del PDF)",
2025,institucional,Grupo Tribuna,,1815.0,"https://www.lamoncloa.gob.es/serviciosdeprensa/cpci/Documents/Informe%202025.pdf#page=166 (Anexo IV, Inversión por grupos, pág. 166 del PDF)",
2025,institucional,Nautimedia Comunicación & Recblau audiovisuales,,1815.0,"https://www.lamoncloa.gob.es/serviciosdeprensa/cpci/Documents/Informe%202025.pdf#page=166 (Anexo IV, Inversión por grupos, pág. 166 del PDF)",
2025,institucional,"El Adelantado de Segovia, S.L.",,1627.22,"https://www.lamoncloa.gob.es/serviciosdeprensa/cpci/Documents/Informe%202025.pdf#page=166 (Anexo IV, Inversión por grupos, pág. 166 del PDF)",
2025,institucional,Grupo Editorial Agrícola,,1573.04,"https://www.lamoncloa.gob.es/serviciosdeprensa/cpci/Documents/Informe%202025.pdf#page=166 (Anexo IV, Inversión por grupos, pág. 166 del PDF)",
2025,institucional,"Onda Costa, S.L.",,1512.5,"https://www.lamoncloa.gob.es/serviciosdeprensa/cpci/Documents/Informe%202025.pdf#page=166 (Anexo IV, Inversión por grupos, pág. 166 del PDF)",
2025,institucional,Zinet Media Global,,1508.46,"https://www.lamoncloa.gob.es/serviciosdeprensa/cpci/Documents/Informe%202025.pdf#page=166 (Anexo IV, Inversión por grupos, pág. 166 del PDF)",
2025,institucional,"Agregador de Contenidos Caloryfrio, S.L..",,1480.22,"https://www.lamoncloa.gob.es/serviciosdeprensa/cpci/Documents/Informe%202025.pdf#page=166 (Anexo IV, Inversión por grupos, pág. 166 del PDF)",
2025,institucional,"Prensa Económica, S.L.",,1418.3,"https://www.lamoncloa.gob.es/serviciosdeprensa/cpci/Documents/Informe%202025.pdf#page=166 (Anexo IV, Inversión por grupos, pág. 166 del PDF)",
2025,institucional,Key Publishing,,1392.0,"https://www.lamoncloa.gob.es/serviciosdeprensa/cpci/Documents/Informe%202025.pdf#page=166 (Anexo IV, Inversión por grupos, pág. 166 del PDF)",
2025,institucional,"Cadena Azul Radio, S.L.",,1355.2,"https://www.lamoncloa.gob.es/serviciosdeprensa/cpci/Documents/Informe%202025.pdf#page=166 (Anexo IV, Inversión por grupos, pág. 166 del PDF)",
2025,institucional,Promecom S.L.,,1306.8,"https://www.lamoncloa.gob.es/serviciosdeprensa/cpci/Documents/Informe%202025.pdf#page=166 (Anexo IV, Inversión por grupos, pág. 166 del PDF)",
2025,institucional,Grupo XXI,,1303.33,"https://www.lamoncloa.gob.es/serviciosdeprensa/cpci/Documents/Informe%202025.pdf#page=166 (Anexo IV, Inversión por grupos, pág. 166 del PDF)",
2025,institucional,"Sucro, S.L.",,1220.3,"https://www.lamoncloa.gob.es/serviciosdeprensa/cpci/Documents/Informe%202025.pdf#page=166 (Anexo IV, Inversión por grupos, pág. 166 del PDF)",
2025,institucional,Confederación Española de Transporte de Mercancías (CETM),,1210.0,"https://www.lamoncloa.gob.es/serviciosdeprensa/cpci/Documents/Informe%202025.pdf#page=166 (Anexo IV, Inversión por grupos, pág. 166 del PDF)",
2025,institucional,El Blog de Cine Español,,1210.0,"https://www.lamoncloa.gob.es/serviciosdeprensa/cpci/Documents/Informe%202025.pdf#page=166 (Anexo IV, Inversión por grupos, pág. 166 del PDF)",
2025,institucional,"El Mercantil, S.L.",,1210.0,"https://www.lamoncloa.gob.es/serviciosdeprensa/cpci/Documents/Informe%202025.pdf#page=166 (Anexo IV, Inversión por grupos, pág. 166 del PDF)",
2025,institucional,Grupo Barrios C.B.,,1197.9,"https://www.lamoncloa.gob.es/serviciosdeprensa/cpci/Documents/Informe%202025.pdf#page=166 (Anexo IV, Inversión por grupos, pág. 166 del PDF)",
2025,institucional,Crític SCCL,,1181.35,"https://www.lamoncloa.gob.es/serviciosdeprensa/cpci/Documents/Informe%202025.pdf#page=167 (Anexo IV, Inversión por grupos, pág. 167 del PDF)",
2025,institucional,"Grupo Diario Editorial, S.L.",,1149.5,"https://www.lamoncloa.gob.es/serviciosdeprensa/cpci/Documents/Informe%202025.pdf#page=167 (Anexo IV, Inversión por grupos, pág. 167 del PDF)",
2025,institucional,"Editorial Mong, S.L.",,1089.0,"https://www.lamoncloa.gob.es/serviciosdeprensa/cpci/Documents/Informe%202025.pdf#page=167 (Anexo IV, Inversión por grupos, pág. 167 del PDF)",
2025,institucional,Valdeorras de Cerca,,1089.0,"https://www.lamoncloa.gob.es/serviciosdeprensa/cpci/Documents/Informe%202025.pdf#page=167 (Anexo IV, Inversión por grupos, pág. 167 del PDF)",
2025,institucional,Cooperativa Editorial (El Salto),,1006.72,"https://www.lamoncloa.gob.es/serviciosdeprensa/cpci/Documents/Informe%202025.pdf#page=167 (Anexo IV, Inversión por grupos, pág. 167 del PDF)",
2025,institucional,AINE (Asociación de Ingenieros Navales y Oceánicos de España),,1000.0,"https://www.lamoncloa.gob.es/serviciosdeprensa/cpci/Documents/Informe%202025.pdf#page=167 (Anexo IV, Inversión por grupos, pág. 167 del PDF)",
2025,institucional,"Sosfe Europe, S.L.",,983.23,"https://www.lamoncloa.gob.es/serviciosdeprensa/cpci/Documents/Informe%202025.pdf#page=167 (Anexo IV, Inversión por grupos, pág. 167 del PDF)",
2025,institucional,GDT Ediciones S.L.,,966.56,"https://www.lamoncloa.gob.es/serviciosdeprensa/cpci/Documents/Informe%202025.pdf#page=167 (Anexo IV, Inversión por grupos, pág. 167 del PDF)",
2025,institucional,Eme Komunikazioa Koop. Elk. Txikia,,963.16,"https://www.lamoncloa.gob.es/serviciosdeprensa/cpci/Documents/Informe%202025.pdf#page=167 (Anexo IV, Inversión por grupos, pág. 167 del PDF)",
2025,institucional,Motorpress Iberica,,949.85,"https://www.lamoncloa.gob.es/serviciosdeprensa/cpci/Documents/Informe%202025.pdf#page=167 (Anexo IV, Inversión por grupos, pág. 167 del PDF)",
2025,institucional,"Grupo Edefa, S.A.",,908.0,"https://www.lamoncloa.gob.es/serviciosdeprensa/cpci/Documents/Informe%202025.pdf#page=167 (Anexo IV, Inversión por grupos, pág. 167 del PDF)",
2025,institucional,Grupo Mercacei,,907.5,"https://www.lamoncloa.gob.es/serviciosdeprensa/cpci/Documents/Informe%202025.pdf#page=167 (Anexo IV, Inversión por grupos, pág. 167 del PDF)",
2025,institucional,"The Rubik Consulting, S.L.",,907.5,"https://www.lamoncloa.gob.es/serviciosdeprensa/cpci/Documents/Informe%202025.pdf#page=167 (Anexo IV, Inversión por grupos, pág. 167 del PDF)",
2025,institucional,Exit Media,,876.04,"https://www.lamoncloa.gob.es/serviciosdeprensa/cpci/Documents/Informe%202025.pdf#page=167 (Anexo IV, Inversión por grupos, pág. 167 del PDF)",
2025,institucional,Asociación Cultural Nortes de Asturias,,847.0,"https://www.lamoncloa.gob.es/serviciosdeprensa/cpci/Documents/Informe%202025.pdf#page=167 (Anexo IV, Inversión por grupos, pág. 167 del PDF)",
2025,institucional,"Revista Salvaje, S.L. (Salvaje Comunicación)",,762.3,"https://www.lamoncloa.gob.es/serviciosdeprensa/cpci/Documents/Informe%202025.pdf#page=167 (Anexo IV, Inversión por grupos, pág. 167 del PDF)",
2025,institucional,"Agencia EFE, S.A.U.",,759.54,"https://www.lamoncloa.gob.es/serviciosdeprensa/cpci/Documents/Informe%202025.pdf#page=167 (Anexo IV, Inversión por grupos, pág. 167 del PDF)",medio público (o entidad pública)
2025,institucional,"Rias Baixas Comunicación, S.A.",,749.0,"https://www.lamoncloa.gob.es/serviciosdeprensa/cpci/Documents/Informe%202025.pdf#page=167 (Anexo IV, Inversión por grupos, pág. 167 del PDF)",
2025,institucional,"Ediciones la Meseta, S.L.",,699.38,"https://www.lamoncloa.gob.es/serviciosdeprensa/cpci/Documents/Informe%202025.pdf#page=167 (Anexo IV, Inversión por grupos, pág. 167 del PDF)",
2025,institucional,iMediaCyL,,665.5,"https://www.lamoncloa.gob.es/serviciosdeprensa/cpci/Documents/Informe%202025.pdf#page=167 (Anexo IV, Inversión por grupos, pág. 167 del PDF)",
2025,institucional,Spainmedia,,665.5,"https://www.lamoncloa.gob.es/serviciosdeprensa/cpci/Documents/Informe%202025.pdf#page=167 (Anexo IV, Inversión por grupos, pág. 167 del PDF)",
2025,institucional,"Ecos C-LM, S.L.",,605.0,"https://www.lamoncloa.gob.es/serviciosdeprensa/cpci/Documents/Informe%202025.pdf#page=167 (Anexo IV, Inversión por grupos, pág. 167 del PDF)",
2025,institucional,EPE Diario Lanza,,605.0,"https://www.lamoncloa.gob.es/serviciosdeprensa/cpci/Documents/Informe%202025.pdf#page=167 (Anexo IV, Inversión por grupos, pág. 167 del PDF)",
2025,institucional,"Visofi Iniciativas, S.L.",,603.45,"https://www.lamoncloa.gob.es/serviciosdeprensa/cpci/Documents/Informe%202025.pdf#page=167 (Anexo IV, Inversión por grupos, pág. 167 del PDF)",
2025,institucional,Tenerife Sol del Sur S.L.,,535.0,"https://www.lamoncloa.gob.es/serviciosdeprensa/cpci/Documents/Informe%202025.pdf#page=167 (Anexo IV, Inversión por grupos, pág. 167 del PDF)",
2025,institucional,Mainkore,,503.12,"https://www.lamoncloa.gob.es/serviciosdeprensa/cpci/Documents/Informe%202025.pdf#page=167 (Anexo IV, Inversión por grupos, pág. 167 del PDF)",
2025,institucional,"Linde Comunicación, S.L.",,484.0,"https://www.lamoncloa.gob.es/serviciosdeprensa/cpci/Documents/Informe%202025.pdf#page=167 (Anexo IV, Inversión por grupos, pág. 167 del PDF)",
2025,institucional,Fundación Sistema,,424.71,"https://www.lamoncloa.gob.es/serviciosdeprensa/cpci/Documents/Informe%202025.pdf#page=167 (Anexo IV, Inversión por grupos, pág. 167 del PDF)",
2025,institucional,"Prensa Noroeste de Murcia, S.L.",,423.5,"https://www.lamoncloa.gob.es/serviciosdeprensa/cpci/Documents/Informe%202025.pdf#page=167 (Anexo IV, Inversión por grupos, pág. 167 del PDF)",
2025,institucional,Producciones Izquierdo Moreno S.L.,,423.5,"https://www.lamoncloa.gob.es/serviciosdeprensa/cpci/Documents/Informe%202025.pdf#page=167 (Anexo IV, Inversión por grupos, pág. 167 del PDF)",
2025,institucional,"Servicios de Difusión TV Tele Elx, S.A.",,423.5,"https://www.lamoncloa.gob.es/serviciosdeprensa/cpci/Documents/Informe%202025.pdf#page=167 (Anexo IV, Inversión por grupos, pág. 167 del PDF)",
2025,institucional,"Lameyer, S.L.",,404.24,"https://www.lamoncloa.gob.es/serviciosdeprensa/cpci/Documents/Informe%202025.pdf#page=167 (Anexo IV, Inversión por grupos, pág. 167 del PDF)",
2025,institucional,"El Dia Digital, S.L.",,374.5,"https://www.lamoncloa.gob.es/serviciosdeprensa/cpci/Documents/Informe%202025.pdf#page=167 (Anexo IV, Inversión por grupos, pág. 167 del PDF)",
2025,institucional,Grupo Cesine,,363.0,"https://www.lamoncloa.gob.es/serviciosdeprensa/cpci/Documents/Informe%202025.pdf#page=167 (Anexo IV, Inversión por grupos, pág. 167 del PDF)",
2025,institucional,"Phytoma España, S.L.",,339.44,"https://www.lamoncloa.gob.es/serviciosdeprensa/cpci/Documents/Informe%202025.pdf#page=167 (Anexo IV, Inversión por grupos, pág. 167 del PDF)",
2025,institucional,MasPúblico,,333.96,"https://www.lamoncloa.gob.es/serviciosdeprensa/cpci/Documents/Informe%202025.pdf#page=167 (Anexo IV, Inversión por grupos, pág. 167 del PDF)",
2025,institucional,"Publicaciones Alimarket, S.A.",,325.93,"https://www.lamoncloa.gob.es/serviciosdeprensa/cpci/Documents/Informe%202025.pdf#page=167 (Anexo IV, Inversión por grupos, pág. 167 del PDF)",
2025,institucional,"Omnimedia, S.L.",,314.6,"https://www.lamoncloa.gob.es/serviciosdeprensa/cpci/Documents/Informe%202025.pdf#page=167 (Anexo IV, Inversión por grupos, pág. 167 del PDF)",
2025,institucional,"Ágora Comunicación y Análisis, S.L.",,314.3,"https://www.lamoncloa.gob.es/serviciosdeprensa/cpci/Documents/Informe%202025.pdf#page=167 (Anexo IV, Inversión por grupos, pág. 167 del PDF)",
2025,institucional,"Abengsa Company, S.L.",,302.5,"https://www.lamoncloa.gob.es/serviciosdeprensa/cpci/Documents/Informe%202025.pdf#page=167 (Anexo IV, Inversión por grupos, pág. 167 del PDF)",
2025,institucional,"Servicios Generales de Comunicación y Gestión, S.L.",,302.5,"https://www.lamoncloa.gob.es/serviciosdeprensa/cpci/Documents/Informe%202025.pdf#page=167 (Anexo IV, Inversión por grupos, pág. 167 del PDF)",
2025,institucional,"Wabi Sabi Investments, S.C.",,290.4,"https://www.lamoncloa.gob.es/serviciosdeprensa/cpci/Documents/Informe%202025.pdf#page=167 (Anexo IV, Inversión por grupos, pág. 167 del PDF)",
2025,institucional,Castilla y León TV,,262.57,"https://www.lamoncloa.gob.es/serviciosdeprensa/cpci/Documents/Informe%202025.pdf#page=167 (Anexo IV, Inversión por grupos, pág. 167 del PDF)",
2025,institucional,La Cambra LGTBIQ+ de Catalunya (ACEGAL),,261.36,"https://www.lamoncloa.gob.es/serviciosdeprensa/cpci/Documents/Informe%202025.pdf#page=167 (Anexo IV, Inversión por grupos, pág. 167 del PDF)",
2025,institucional,Grup Vía,,251.44,"https://www.lamoncloa.gob.es/serviciosdeprensa/cpci/Documents/Informe%202025.pdf#page=168 (Anexo IV, Inversión por grupos, pág. 168 del PDF)",
2025,institucional,Productos y Servicios Digitales Bierzo S.L.,,242.0,"https://www.lamoncloa.gob.es/serviciosdeprensa/cpci/Documents/Informe%202025.pdf#page=168 (Anexo IV, Inversión por grupos, pág. 168 del PDF)",
2025,institucional,Bierzo Diario,,211.75,"https://www.lamoncloa.gob.es/serviciosdeprensa/cpci/Documents/Informe%202025.pdf#page=168 (Anexo IV, Inversión por grupos, pág. 168 del PDF)",
2025,institucional,Tenerife Ahora,,171.2,"https://www.lamoncloa.gob.es/serviciosdeprensa/cpci/Documents/Informe%202025.pdf#page=168 (Anexo IV, Inversión por grupos, pág. 168 del PDF)",
2025,institucional,"El Referente, S.L.",,161.41,"https://www.lamoncloa.gob.es/serviciosdeprensa/cpci/Documents/Informe%202025.pdf#page=168 (Anexo IV, Inversión por grupos, pág. 168 del PDF)",
2025,institucional,Narciso Ramos Comunicación S.L.U.,,160.5,"https://www.lamoncloa.gob.es/serviciosdeprensa/cpci/Documents/Informe%202025.pdf#page=168 (Anexo IV, Inversión por grupos, pág. 168 del PDF)",
2025,institucional,"ADC Media Ediciones Técnicas, S.L.",,145.2,"https://www.lamoncloa.gob.es/serviciosdeprensa/cpci/Documents/Informe%202025.pdf#page=168 (Anexo IV, Inversión por grupos, pág. 168 del PDF)",
2025,institucional,FM Bierzo,,141.57,"https://www.lamoncloa.gob.es/serviciosdeprensa/cpci/Documents/Informe%202025.pdf#page=168 (Anexo IV, Inversión por grupos, pág. 168 del PDF)",
2025,institucional,Asociación de Empresas y Profesionales para Gays y Lesbianas de Madrid,,122.99,"https://www.lamoncloa.gob.es/serviciosdeprensa/cpci/Documents/Informe%202025.pdf#page=168 (Anexo IV, Inversión por grupos, pág. 168 del PDF)",
2025,institucional,"JN Global Proyect, S.L.",,108.9,"https://www.lamoncloa.gob.es/serviciosdeprensa/cpci/Documents/Informe%202025.pdf#page=168 (Anexo IV, Inversión por grupos, pág. 168 del PDF)",
2025,institucional,"Agronews Castilla y León, S.L.",,93.17,"https://www.lamoncloa.gob.es/serviciosdeprensa/cpci/Documents/Informe%202025.pdf#page=168 (Anexo IV, Inversión por grupos, pág. 168 del PDF)",
2025,institucional,Brands & Roses S.L.,,72.6,"https://www.lamoncloa.gob.es/serviciosdeprensa/cpci/Documents/Informe%202025.pdf#page=168 (Anexo IV, Inversión por grupos, pág. 168 del PDF)",
2025,institucional,Editorial Sanitaria 2000,,60.5,"https://www.lamoncloa.gob.es/serviciosdeprensa/cpci/Documents/Informe%202025.pdf#page=168 (Anexo IV, Inversión por grupos, pág. 168 del PDF)",
2025,institucional,Ayuntamiento de Alzira,,36.78,"https://www.lamoncloa.gob.es/serviciosdeprensa/cpci/Documents/Informe%202025.pdf#page=168 (Anexo IV, Inversión por grupos, pág. 168 del PDF)",medio público (o entidad pública)
2025,institucional,Prensa y Servicios de la Lengua,,35.64,"https://www.lamoncloa.gob.es/serviciosdeprensa/cpci/Documents/Informe%202025.pdf#page=168 (Anexo IV, Inversión por grupos, pág. 168 del PDF)",
2025,institucional,"Poliédrica Digital, S.L.",,2.99,"https://www.lamoncloa.gob.es/serviciosdeprensa/cpci/Documents/Informe%202025.pdf#page=168 (Anexo IV, Inversión por grupos, pág. 168 del PDF)",
2025,comercial,GRUPO PRISA,,11438250.0,"https://www.lamoncloa.gob.es/serviciosdeprensa/cpci/Documents/INFORME_2025_COMERCIALES.pdf#page=99 (Anexo III, Inversión por grupos, pág. 99 del PDF)",
2025,comercial,"ATRESMEDIA CORPORACIÓN DE MEDIOS DE COMUNICACIÓN, S.A.",,6728238.0,"https://www.lamoncloa.gob.es/serviciosdeprensa/cpci/Documents/INFORME_2025_COMERCIALES.pdf#page=99 (Anexo III, Inversión por grupos, pág. 99 del PDF)",
2025,comercial,GRUPO COPE-ÁBSIDE MEDIA,,4016063.0,"https://www.lamoncloa.gob.es/serviciosdeprensa/cpci/Documents/INFORME_2025_COMERCIALES.pdf#page=99 (Anexo III, Inversión por grupos, pág. 99 del PDF)",
2025,comercial,"GRUPO AUDIOVISUAL MEDIASET ESPAÑA COMUNICACIÓN, S.A.U.",,2739509.0,"https://www.lamoncloa.gob.es/serviciosdeprensa/cpci/Documents/INFORME_2025_COMERCIALES.pdf#page=99 (Anexo III, Inversión por grupos, pág. 99 del PDF)",
2025,comercial,GRUPO GODÓ,,2718492.0,"https://www.lamoncloa.gob.es/serviciosdeprensa/cpci/Documents/INFORME_2025_COMERCIALES.pdf#page=99 (Anexo III, Inversión por grupos, pág. 99 del PDF)",
2025,comercial,ALPHABET INC.,,2653006.0,"https://www.lamoncloa.gob.es/serviciosdeprensa/cpci/Documents/INFORME_2025_COMERCIALES.pdf#page=99 (Anexo III, Inversión por grupos, pág. 99 del PDF)","plataforma digital o tecnológica, no medio de comunicación"
2025,comercial,GRUPO VOCENTO,,2326434.0,"https://www.lamoncloa.gob.es/serviciosdeprensa/cpci/Documents/INFORME_2025_COMERCIALES.pdf#page=99 (Anexo III, Inversión por grupos, pág. 99 del PDF)",
2025,comercial,GLOBAL MEDIA & ENTERTAINMENT,,2267709.0,"https://www.lamoncloa.gob.es/serviciosdeprensa/cpci/Documents/INFORME_2025_COMERCIALES.pdf#page=99 (Anexo III, Inversión por grupos, pág. 99 del PDF)",
2025,comercial,GRUPO PRENSA IBÉRICA,,2194352.0,"https://www.lamoncloa.gob.es/serviciosdeprensa/cpci/Documents/INFORME_2025_COMERCIALES.pdf#page=99 (Anexo III, Inversión por grupos, pág. 99 del PDF)",
2025,comercial,GRUPO UNIDAD EDITORIAL,,1893053.0,"https://www.lamoncloa.gob.es/serviciosdeprensa/cpci/Documents/INFORME_2025_COMERCIALES.pdf#page=99 (Anexo III, Inversión por grupos, pág. 99 del PDF)",
2025,comercial,META PLATFORMS INC.,,1690169.0,"https://www.lamoncloa.gob.es/serviciosdeprensa/cpci/Documents/INFORME_2025_COMERCIALES.pdf#page=99 (Anexo III, Inversión por grupos, pág. 99 del PDF)","plataforma digital o tecnológica, no medio de comunicación"
2025,comercial,GRUPO TELEFÓNICA,,1167904.0,"https://www.lamoncloa.gob.es/serviciosdeprensa/cpci/Documents/INFORME_2025_COMERCIALES.pdf#page=99 (Anexo III, Inversión por grupos, pág. 99 del PDF)",
2025,comercial,"014 MEDIA, S.L.",,1004385.0,"https://www.lamoncloa.gob.es/serviciosdeprensa/cpci/Documents/INFORME_2025_COMERCIALES.pdf#page=99 (Anexo III, Inversión por grupos, pág. 99 del PDF)",
2025,comercial,KISS MEDIA,,830892.0,"https://www.lamoncloa.gob.es/serviciosdeprensa/cpci/Documents/INFORME_2025_COMERCIALES.pdf#page=99 (Anexo III, Inversión por grupos, pág. 99 del PDF)",
2025,comercial,"EXTERIOR PLUS, S.L.",,821189.0,"https://www.lamoncloa.gob.es/serviciosdeprensa/cpci/Documents/INFORME_2025_COMERCIALES.pdf#page=99 (Anexo III, Inversión por grupos, pág. 99 del PDF)",
2025,comercial,RTVE,,752589.0,"https://www.lamoncloa.gob.es/serviciosdeprensa/cpci/Documents/INFORME_2025_COMERCIALES.pdf#page=99 (Anexo III, Inversión por grupos, pág. 99 del PDF)",medio público (o entidad pública)
2025,comercial,NEWIXMEDIA,,725838.0,"https://www.lamoncloa.gob.es/serviciosdeprensa/cpci/Documents/INFORME_2025_COMERCIALES.pdf#page=99 (Anexo III, Inversión por grupos, pág. 99 del PDF)",
2025,comercial,GRUPO CONDE NAST,,679910.0,"https://www.lamoncloa.gob.es/serviciosdeprensa/cpci/Documents/INFORME_2025_COMERCIALES.pdf#page=99 (Anexo III, Inversión por grupos, pág. 99 del PDF)",
2025,comercial,"H2071 PUBLICIDAD CONSULTORÍA & PATROCINIO, S.L.",,676717.0,"https://www.lamoncloa.gob.es/serviciosdeprensa/cpci/Documents/INFORME_2025_COMERCIALES.pdf#page=99 (Anexo III, Inversión por grupos, pág. 99 del PDF)",
2025,comercial,GRUPO HENNEO,,620595.0,"https://www.lamoncloa.gob.es/serviciosdeprensa/cpci/Documents/INFORME_2025_COMERCIALES.pdf#page=99 (Anexo III, Inversión por grupos, pág. 99 del PDF)",
2025,comercial,"INVERSIONES Y EVENTOS I10 NETWORK, S.L.",,617589.0,"https://www.lamoncloa.gob.es/serviciosdeprensa/cpci/Documents/INFORME_2025_COMERCIALES.pdf#page=99 (Anexo III, Inversión por grupos, pág. 99 del PDF)",
2025,comercial,"GRAN PANTALLA DE PUBLICIDAD EXTERIOR, S.L.",,605402.0,"https://www.lamoncloa.gob.es/serviciosdeprensa/cpci/Documents/INFORME_2025_COMERCIALES.pdf#page=99 (Anexo III, Inversión por grupos, pág. 99 del PDF)",
2025,comercial,"AMAZON, INC",,555869.0,"https://www.lamoncloa.gob.es/serviciosdeprensa/cpci/Documents/INFORME_2025_COMERCIALES.pdf#page=99 (Anexo III, Inversión por grupos, pág. 99 del PDF)","plataforma digital o tecnológica, no medio de comunicación"
2025,comercial,"PULSA MEDIA CONSULTING, SL",,546409.0,"https://www.lamoncloa.gob.es/serviciosdeprensa/cpci/Documents/INFORME_2025_COMERCIALES.pdf#page=99 (Anexo III, Inversión por grupos, pág. 99 del PDF)",
2025,comercial,"BID DISCOUNT, S.L.",,546283.0,"https://www.lamoncloa.gob.es/serviciosdeprensa/cpci/Documents/INFORME_2025_COMERCIALES.pdf#page=99 (Anexo III, Inversión por grupos, pág. 99 del PDF)",
2025,comercial,EXTERIA GROUP,,539715.0,"https://www.lamoncloa.gob.es/serviciosdeprensa/cpci/Documents/INFORME_2025_COMERCIALES.pdf#page=99 (Anexo III, Inversión por grupos, pág. 99 del PDF)",
2025,comercial,"NETFLIX, INC.",,531372.0,"https://www.lamoncloa.gob.es/serviciosdeprensa/cpci/Documents/INFORME_2025_COMERCIALES.pdf#page=99 (Anexo III, Inversión por grupos, pág. 99 del PDF)","plataforma digital o tecnológica, no medio de comunicación"
2025,comercial,"EL LEON DE EL ESPAÑOL PUBLICACIONES, SA",,510913.0,"https://www.lamoncloa.gob.es/serviciosdeprensa/cpci/Documents/INFORME_2025_COMERCIALES.pdf#page=99 (Anexo III, Inversión por grupos, pág. 99 del PDF)",
2025,comercial,"JCDECAUX ESPAÑA, S.L.U.",,463378.0,"https://www.lamoncloa.gob.es/serviciosdeprensa/cpci/Documents/INFORME_2025_COMERCIALES.pdf#page=99 (Anexo III, Inversión por grupos, pág. 99 del PDF)",
2025,comercial,CORPORACIÓ CATALANA DE MITJANS AUDIOVISUALS,,460449.0,"https://www.lamoncloa.gob.es/serviciosdeprensa/cpci/Documents/INFORME_2025_COMERCIALES.pdf#page=99 (Anexo III, Inversión por grupos, pág. 99 del PDF)",medio público (o entidad pública)
2025,comercial,"DIARIO DE PRENSA DIGITAL, S.L.",,459587.0,"https://www.lamoncloa.gob.es/serviciosdeprensa/cpci/Documents/INFORME_2025_COMERCIALES.pdf#page=99 (Anexo III, Inversión por grupos, pág. 99 del PDF)",aparece varias veces en la tabla del informe con importes distintos (se conservan todas las filas)
2025,comercial,GRUPO JOLY,,385835.0,"https://www.lamoncloa.gob.es/serviciosdeprensa/cpci/Documents/INFORME_2025_COMERCIALES.pdf#page=99 (Anexo III, Inversión por grupos, pág. 99 del PDF)",
2025,comercial,"PUBLINSERCIONES COMUNICACIÓN, S.L.",,363347.0,"https://www.lamoncloa.gob.es/serviciosdeprensa/cpci/Documents/INFORME_2025_COMERCIALES.pdf#page=99 (Anexo III, Inversión por grupos, pág. 99 del PDF)",
2025,comercial,"CLEAR CHANNEL ESPAÑA, S.L.U.",,358414.0,"https://www.lamoncloa.gob.es/serviciosdeprensa/cpci/Documents/INFORME_2025_COMERCIALES.pdf#page=99 (Anexo III, Inversión por grupos, pág. 99 del PDF)",
2025,comercial,ALEGRIA ACTIVITY S.L.,,354046.0,"https://www.lamoncloa.gob.es/serviciosdeprensa/cpci/Documents/INFORME_2025_COMERCIALES.pdf#page=99 (Anexo III, Inversión por grupos, pág. 99 del PDF)",
2025,comercial,IKÖ MEDIA GROUP,,352670.0,"https://www.lamoncloa.gob.es/serviciosdeprensa/cpci/Documents/INFORME_2025_COMERCIALES.pdf#page=99 (Anexo III, Inversión por grupos, pág. 99 del PDF)",
2025,comercial,GRUPO DELIVERY MEDIA,,351704.0,"https://www.lamoncloa.gob.es/serviciosdeprensa/cpci/Documents/INFORME_2025_COMERCIALES.pdf#page=99 (Anexo III, Inversión por grupos, pág. 99 del PDF)",
2025,comercial,"SIMONE PROPONE, S.L.",,345038.0,"https://www.lamoncloa.gob.es/serviciosdeprensa/cpci/Documents/INFORME_2025_COMERCIALES.pdf#page=100 (Anexo III, Inversión por grupos, pág. 100 del PDF)",
2025,comercial,WEMASS (GRUPOS PRISA+GODÓ+VOCENTO),,331297.0,"https://www.lamoncloa.gob.es/serviciosdeprensa/cpci/Documents/INFORME_2025_COMERCIALES.pdf#page=100 (Anexo III, Inversión por grupos, pág. 100 del PDF)",
2025,comercial,"VIA EXTERIOR DE GRAN FORMATO, S.L.",,322981.0,"https://www.lamoncloa.gob.es/serviciosdeprensa/cpci/Documents/INFORME_2025_COMERCIALES.pdf#page=100 (Anexo III, Inversión por grupos, pág. 100 del PDF)",
2025,comercial,BYTEDANCE LTD,,300179.0,"https://www.lamoncloa.gob.es/serviciosdeprensa/cpci/Documents/INFORME_2025_COMERCIALES.pdf#page=100 (Anexo III, Inversión por grupos, pág. 100 del PDF)","plataforma digital o tecnológica, no medio de comunicación"
2025,comercial,MICROSOFT,,289779.0,"https://www.lamoncloa.gob.es/serviciosdeprensa/cpci/Documents/INFORME_2025_COMERCIALES.pdf#page=100 (Anexo III, Inversión por grupos, pág. 100 del PDF)","plataforma digital o tecnológica, no medio de comunicación"
2025,comercial,"CLECE, S.A.",,286029.0,"https://www.lamoncloa.gob.es/serviciosdeprensa/cpci/Documents/INFORME_2025_COMERCIALES.pdf#page=100 (Anexo III, Inversión por grupos, pág. 100 del PDF)",
2025,comercial,"BOLUPA PUBLICIDAD, S.L.",,268737.0,"https://www.lamoncloa.gob.es/serviciosdeprensa/cpci/Documents/INFORME_2025_COMERCIALES.pdf#page=100 (Anexo III, Inversión por grupos, pág. 100 del PDF)",
2025,comercial,"GMG MOBILIARIO URBANO, S.A.",,260390.0,"https://www.lamoncloa.gob.es/serviciosdeprensa/cpci/Documents/INFORME_2025_COMERCIALES.pdf#page=100 (Anexo III, Inversión por grupos, pág. 100 del PDF)",
2025,comercial,"AS PUBLICIDAD SOPORTES EXTERIOR, S.L.",,254762.0,"https://www.lamoncloa.gob.es/serviciosdeprensa/cpci/Documents/INFORME_2025_COMERCIALES.pdf#page=100 (Anexo III, Inversión por grupos, pág. 100 del PDF)",
2025,comercial,GRUPO PROMECAL,,223554.0,"https://www.lamoncloa.gob.es/serviciosdeprensa/cpci/Documents/INFORME_2025_COMERCIALES.pdf#page=100 (Anexo III, Inversión por grupos, pág. 100 del PDF)",
2025,comercial,HEARST MAGAZINES ESPAÑA,,220473.0,"https://www.lamoncloa.gob.es/serviciosdeprensa/cpci/Documents/INFORME_2025_COMERCIALES.pdf#page=100 (Anexo III, Inversión por grupos, pág. 100 del PDF)",
2025,comercial,SPOTIFY TECHNOLOGY S.A.,,218033.0,"https://www.lamoncloa.gob.es/serviciosdeprensa/cpci/Documents/INFORME_2025_COMERCIALES.pdf#page=100 (Anexo III, Inversión por grupos, pág. 100 del PDF)","plataforma digital o tecnológica, no medio de comunicación"
2025,comercial,GRUPO ALAYANS,,212481.0,"https://www.lamoncloa.gob.es/serviciosdeprensa/cpci/Documents/INFORME_2025_COMERCIALES.pdf#page=100 (Anexo III, Inversión por grupos, pág. 100 del PDF)",
2025,comercial,MAGNUM CAPITAL,,211534.0,"https://www.lamoncloa.gob.es/serviciosdeprensa/cpci/Documents/INFORME_2025_COMERCIALES.pdf#page=100 (Anexo III, Inversión por grupos, pág. 100 del PDF)",
2025,comercial,"RADIOCAT XXI, SL",,205277.0,"https://www.lamoncloa.gob.es/serviciosdeprensa/cpci/Documents/INFORME_2025_COMERCIALES.pdf#page=100 (Anexo III, Inversión por grupos, pág. 100 del PDF)",
2025,comercial,SONY PICTURES TELEVISION,,199162.0,"https://www.lamoncloa.gob.es/serviciosdeprensa/cpci/Documents/INFORME_2025_COMERCIALES.pdf#page=100 (Anexo III, Inversión por grupos, pág. 100 del PDF)","plataforma digital o tecnológica, no medio de comunicación"
2025,comercial,"IWALL INSHOP, S.A.",,188373.0,"https://www.lamoncloa.gob.es/serviciosdeprensa/cpci/Documents/INFORME_2025_COMERCIALES.pdf#page=100 (Anexo III, Inversión por grupos, pág. 100 del PDF)",
2025,comercial,"EDICIONES PRENSA LIBRE, S.L.",,187550.0,"https://www.lamoncloa.gob.es/serviciosdeprensa/cpci/Documents/INFORME_2025_COMERCIALES.pdf#page=100 (Anexo III, Inversión por grupos, pág. 100 del PDF)",
2025,comercial,"IMPACT OUT OF HOME, S.L.",,182010.0,"https://www.lamoncloa.gob.es/serviciosdeprensa/cpci/Documents/INFORME_2025_COMERCIALES.pdf#page=100 (Anexo III, Inversión por grupos, pág. 100 del PDF)",
2025,comercial,"PUBLICACIONES DEL SUR, SA",,167514.0,"https://www.lamoncloa.gob.es/serviciosdeprensa/cpci/Documents/INFORME_2025_COMERCIALES.pdf#page=100 (Anexo III, Inversión por grupos, pág. 100 del PDF)",
2025,comercial,"TITANIA COMPAÑÍA EDITORIAL, S.L.",,166234.0,"https://www.lamoncloa.gob.es/serviciosdeprensa/cpci/Documents/INFORME_2025_COMERCIALES.pdf#page=100 (Anexo III, Inversión por grupos, pág. 100 del PDF)",
2025,comercial,GRUPO FLAIX,,159304.0,"https://www.lamoncloa.gob.es/serviciosdeprensa/cpci/Documents/INFORME_2025_COMERCIALES.pdf#page=100 (Anexo III, Inversión por grupos, pág. 100 del PDF)",
2025,comercial,GRUPO NOTICIAS,,158824.0,"https://www.lamoncloa.gob.es/serviciosdeprensa/cpci/Documents/INFORME_2025_COMERCIALES.pdf#page=100 (Anexo III, Inversión por grupos, pág. 100 del PDF)",
2025,comercial,"IMPULSA EVENTOS E INSTALACIONES, S.A.",,156090.0,"https://www.lamoncloa.gob.es/serviciosdeprensa/cpci/Documents/INFORME_2025_COMERCIALES.pdf#page=100 (Anexo III, Inversión por grupos, pág. 100 del PDF)",
2025,comercial,EXPEDIA GROUP,,149999.0,"https://www.lamoncloa.gob.es/serviciosdeprensa/cpci/Documents/INFORME_2025_COMERCIALES.pdf#page=100 (Anexo III, Inversión por grupos, pág. 100 del PDF)",
2025,comercial,INSTITUTO DE INVESTIGACIÓN Y TRANSFERENCIA DE CONOCIMIENTO (IITC),,143940.0,"https://www.lamoncloa.gob.es/serviciosdeprensa/cpci/Documents/INFORME_2025_COMERCIALES.pdf#page=100 (Anexo III, Inversión por grupos, pág. 100 del PDF)",
2025,comercial,"RADIO TELEVISIÓN DE CASTILLA Y LEON, S.A.",,130006.0,"https://www.lamoncloa.gob.es/serviciosdeprensa/cpci/Documents/INFORME_2025_COMERCIALES.pdf#page=100 (Anexo III, Inversión por grupos, pág. 100 del PDF)",medio público (o entidad pública)
2025,comercial,"HOLA, S.L.",,122000.0,"https://www.lamoncloa.gob.es/serviciosdeprensa/cpci/Documents/INFORME_2025_COMERCIALES.pdf#page=100 (Anexo III, Inversión por grupos, pág. 100 del PDF)",
2025,comercial,X CORP,,115894.0,"https://www.lamoncloa.gob.es/serviciosdeprensa/cpci/Documents/INFORME_2025_COMERCIALES.pdf#page=100 (Anexo III, Inversión por grupos, pág. 100 del PDF)","plataforma digital o tecnológica, no medio de comunicación"
2025,comercial,GRUPO PLANETA,,112006.0,"https://www.lamoncloa.gob.es/serviciosdeprensa/cpci/Documents/INFORME_2025_COMERCIALES.pdf#page=100 (Anexo III, Inversión por grupos, pág. 100 del PDF)",
2025,comercial,"EDICIO DE PREMSA PERIODICA ARA, SL",,110995.0,"https://www.lamoncloa.gob.es/serviciosdeprensa/cpci/Documents/INFORME_2025_COMERCIALES.pdf#page=100 (Anexo III, Inversión por grupos, pág. 100 del PDF)",
2025,comercial,"BLOOMBERG, L.P.",,109828.0,"https://www.lamoncloa.gob.es/serviciosdeprensa/cpci/Documents/INFORME_2025_COMERCIALES.pdf#page=100 (Anexo III, Inversión por grupos, pág. 100 del PDF)",
2025,comercial,"CONJUNTO EMPRESARIAL RDE, S.L.",,106791.0,"https://www.lamoncloa.gob.es/serviciosdeprensa/cpci/Documents/INFORME_2025_COMERCIALES.pdf#page=100 (Anexo III, Inversión por grupos, pág. 100 del PDF)",
2025,comercial,ADVENT INTERNATIONAL,,104496.0,"https://www.lamoncloa.gob.es/serviciosdeprensa/cpci/Documents/INFORME_2025_COMERCIALES.pdf#page=100 (Anexo III, Inversión por grupos, pág. 100 del PDF)",
2025,comercial,"ACROSS, S.R.L.",,103912.0,"https://www.lamoncloa.gob.es/serviciosdeprensa/cpci/Documents/INFORME_2025_COMERCIALES.pdf#page=100 (Anexo III, Inversión por grupos, pág. 100 del PDF)",
2025,comercial,"GENIUS NET, S.L.",,101487.0,"https://www.lamoncloa.gob.es/serviciosdeprensa/cpci/Documents/INFORME_2025_COMERCIALES.pdf#page=100 (Anexo III, Inversión por grupos, pág. 100 del PDF)",
2025,comercial,"GRUPO EDITORIAL ECOPRENSA, S.A.",,99054.0,"https://www.lamoncloa.gob.es/serviciosdeprensa/cpci/Documents/INFORME_2025_COMERCIALES.pdf#page=100 (Anexo III, Inversión por grupos, pág. 100 del PDF)",
2025,comercial,IVOOX GLOBAL PODCASTING SERVICE S.L.,,97844.0,"https://www.lamoncloa.gob.es/serviciosdeprensa/cpci/Documents/INFORME_2025_COMERCIALES.pdf#page=100 (Anexo III, Inversión por grupos, pág. 100 del PDF)","plataforma digital o tecnológica, no medio de comunicación"
2025,comercial,"URBAN VISIÓN ESPAÑA, S.L.",,94470.0,"https://www.lamoncloa.gob.es/serviciosdeprensa/cpci/Documents/INFORME_2025_COMERCIALES.pdf#page=100 (Anexo III, Inversión por grupos, pág. 100 del PDF)",
2025,comercial,"ZINET MEDIA GLOBAL, S.L.",,93775.0,"https://www.lamoncloa.gob.es/serviciosdeprensa/cpci/Documents/INFORME_2025_COMERCIALES.pdf#page=101 (Anexo III, Inversión por grupos, pág. 101 del PDF)",
2025,comercial,NASDAQ,,93556.0,"https://www.lamoncloa.gob.es/serviciosdeprensa/cpci/Documents/INFORME_2025_COMERCIALES.pdf#page=101 (Anexo III, Inversión por grupos, pág. 101 del PDF)",
2025,comercial,DAZN GROUP,,92699.0,"https://www.lamoncloa.gob.es/serviciosdeprensa/cpci/Documents/INFORME_2025_COMERCIALES.pdf#page=101 (Anexo III, Inversión por grupos, pág. 101 del PDF)","plataforma digital o tecnológica, no medio de comunicación"
2025,comercial,"DISPLAY CONNECTORS, SL",,89014.0,"https://www.lamoncloa.gob.es/serviciosdeprensa/cpci/Documents/INFORME_2025_COMERCIALES.pdf#page=101 (Anexo III, Inversión por grupos, pág. 101 del PDF)",
2025,comercial,AGENCIA PÚBLICA EMPRESARIAL DE LA RADIO Y TELEVISIÓN DE ANDALUCÍA,,85808.0,"https://www.lamoncloa.gob.es/serviciosdeprensa/cpci/Documents/INFORME_2025_COMERCIALES.pdf#page=101 (Anexo III, Inversión por grupos, pág. 101 del PDF)",medio público (o entidad pública)
2025,comercial,"WUOLAH, S.L.",,84399.0,"https://www.lamoncloa.gob.es/serviciosdeprensa/cpci/Documents/INFORME_2025_COMERCIALES.pdf#page=101 (Anexo III, Inversión por grupos, pág. 101 del PDF)",
2025,comercial,TELEFÓNICA,,82348.0,"https://www.lamoncloa.gob.es/serviciosdeprensa/cpci/Documents/INFORME_2025_COMERCIALES.pdf#page=101 (Anexo III, Inversión por grupos, pág. 101 del PDF)",
2025,comercial,BD-CAPITAL,,80819.0,"https://www.lamoncloa.gob.es/serviciosdeprensa/cpci/Documents/INFORME_2025_COMERCIALES.pdf#page=101 (Anexo III, Inversión por grupos, pág. 101 del PDF)",
2025,comercial,CAMPUS DIFUSION C.B.,,80414.0,"https://www.lamoncloa.gob.es/serviciosdeprensa/cpci/Documents/INFORME_2025_COMERCIALES.pdf#page=101 (Anexo III, Inversión por grupos, pág. 101 del PDF)",
2025,comercial,VERONA COMUNICACIÓN S.A.,,76474.0,"https://www.lamoncloa.gob.es/serviciosdeprensa/cpci/Documents/INFORME_2025_COMERCIALES.pdf#page=101 (Anexo III, Inversión por grupos, pág. 101 del PDF)",
2025,comercial,THE TRADE DESK INC,,75996.0,"https://www.lamoncloa.gob.es/serviciosdeprensa/cpci/Documents/INFORME_2025_COMERCIALES.pdf#page=101 (Anexo III, Inversión por grupos, pág. 101 del PDF)",
2025,comercial,LG,,74246.0,"https://www.lamoncloa.gob.es/serviciosdeprensa/cpci/Documents/INFORME_2025_COMERCIALES.pdf#page=101 (Anexo III, Inversión por grupos, pág. 101 del PDF)",
2025,comercial,SAMSUNG,,74246.0,"https://www.lamoncloa.gob.es/serviciosdeprensa/cpci/Documents/INFORME_2025_COMERCIALES.pdf#page=101 (Anexo III, Inversión por grupos, pág. 101 del PDF)","plataforma digital o tecnológica, no medio de comunicación"
2025,comercial,BEYUP BY GEOQ,,72600.0,"https://www.lamoncloa.gob.es/serviciosdeprensa/cpci/Documents/INFORME_2025_COMERCIALES.pdf#page=101 (Anexo III, Inversión por grupos, pág. 101 del PDF)",
2025,comercial,GRUPO ARKEERO,,72489.0,"https://www.lamoncloa.gob.es/serviciosdeprensa/cpci/Documents/INFORME_2025_COMERCIALES.pdf#page=101 (Anexo III, Inversión por grupos, pág. 101 del PDF)",
2025,comercial,"IDEAS Y PUBLICIDAD DE BALEARES, S.L.",,71547.0,"https://www.lamoncloa.gob.es/serviciosdeprensa/cpci/Documents/INFORME_2025_COMERCIALES.pdf#page=101 (Anexo III, Inversión por grupos, pág. 101 del PDF)",
2025,comercial,DISCOVERY NETWORKS,,67710.0,"https://www.lamoncloa.gob.es/serviciosdeprensa/cpci/Documents/INFORME_2025_COMERCIALES.pdf#page=101 (Anexo III, Inversión por grupos, pág. 101 del PDF)",
2025,comercial,PRENSA Y SERVICIOS DE LA LENGUA,,66851.0,"https://www.lamoncloa.gob.es/serviciosdeprensa/cpci/Documents/INFORME_2025_COMERCIALES.pdf#page=101 (Anexo III, Inversión por grupos, pág. 101 del PDF)",
2025,comercial,EDITORIAL IMANI,,62143.0,"https://www.lamoncloa.gob.es/serviciosdeprensa/cpci/Documents/INFORME_2025_COMERCIALES.pdf#page=101 (Anexo III, Inversión por grupos, pág. 101 del PDF)",
2025,comercial,THE WALT DISNEY COMPANY,,61909.0,"https://www.lamoncloa.gob.es/serviciosdeprensa/cpci/Documents/INFORME_2025_COMERCIALES.pdf#page=101 (Anexo III, Inversión por grupos, pág. 101 del PDF)","plataforma digital o tecnológica, no medio de comunicación"
2025,comercial,"DISPLAY CONNECTORS, S.L.",,60500.0,"https://www.lamoncloa.gob.es/serviciosdeprensa/cpci/Documents/INFORME_2025_COMERCIALES.pdf#page=101 (Anexo III, Inversión por grupos, pág. 101 del PDF)",
2025,comercial,NAVER,,60211.0,"https://www.lamoncloa.gob.es/serviciosdeprensa/cpci/Documents/INFORME_2025_COMERCIALES.pdf#page=101 (Anexo III, Inversión por grupos, pág. 101 del PDF)","plataforma digital o tecnológica, no medio de comunicación"
2025,comercial,"EDITORIAL CORPORATIVA DE MEDIOS DE COMUNICACIÓN, S.L.",,59853.0,"https://www.lamoncloa.gob.es/serviciosdeprensa/cpci/Documents/INFORME_2025_COMERCIALES.pdf#page=101 (Anexo III, Inversión por grupos, pág. 101 del PDF)",
2025,comercial,WARNER BROS. DISCOVERY,,58078.0,"https://www.lamoncloa.gob.es/serviciosdeprensa/cpci/Documents/INFORME_2025_COMERCIALES.pdf#page=101 (Anexo III, Inversión por grupos, pág. 101 del PDF)","plataforma digital o tecnológica, no medio de comunicación"
2025,comercial,"ABBA PUBLIPEZ, S.L.",,56328.0,"https://www.lamoncloa.gob.es/serviciosdeprensa/cpci/Documents/INFORME_2025_COMERCIALES.pdf#page=101 (Anexo III, Inversión por grupos, pág. 101 del PDF)",
2025,comercial,"LIBERTAD DIGITAL, SA",,55799.0,"https://www.lamoncloa.gob.es/serviciosdeprensa/cpci/Documents/INFORME_2025_COMERCIALES.pdf#page=101 (Anexo III, Inversión por grupos, pág. 101 del PDF)",
2025,comercial,"CORPORACIÓN VOZ DE GALICIA, S.A.",,55403.0,"https://www.lamoncloa.gob.es/serviciosdeprensa/cpci/Documents/INFORME_2025_COMERCIALES.pdf#page=101 (Anexo III, Inversión por grupos, pág. 101 del PDF)",
2025,comercial,NIKKEI INC.,,54553.0,"https://www.lamoncloa.gob.es/serviciosdeprensa/cpci/Documents/INFORME_2025_COMERCIALES.pdf#page=101 (Anexo III, Inversión por grupos, pág. 101 del PDF)",
2025,comercial,ALIBABA GROUP,,54450.0,"https://www.lamoncloa.gob.es/serviciosdeprensa/cpci/Documents/INFORME_2025_COMERCIALES.pdf#page=101 (Anexo III, Inversión por grupos, pág. 101 del PDF)",
2025,comercial,"AGENCIA EFE, S.A.U.",,51912.0,"https://www.lamoncloa.gob.es/serviciosdeprensa/cpci/Documents/INFORME_2025_COMERCIALES.pdf#page=101 (Anexo III, Inversión por grupos, pág. 101 del PDF)",medio público (o entidad pública)
2025,comercial,"EDITORIAL ECOPRENSA, SA",,49398.0,"https://www.lamoncloa.gob.es/serviciosdeprensa/cpci/Documents/INFORME_2025_COMERCIALES.pdf#page=101 (Anexo III, Inversión por grupos, pág. 101 del PDF)",
2025,comercial,GRUPO SUPER 8,,48188.0,"https://www.lamoncloa.gob.es/serviciosdeprensa/cpci/Documents/INFORME_2025_COMERCIALES.pdf#page=101 (Anexo III, Inversión por grupos, pág. 101 del PDF)",
2025,comercial,GRUPO FARO,,47939.0,"https://www.lamoncloa.gob.es/serviciosdeprensa/cpci/Documents/INFORME_2025_COMERCIALES.pdf#page=101 (Anexo III, Inversión por grupos, pág. 101 del PDF)",
2025,comercial,GRUPO METALIA,,47565.0,"https://www.lamoncloa.gob.es/serviciosdeprensa/cpci/Documents/INFORME_2025_COMERCIALES.pdf#page=101 (Anexo III, Inversión por grupos, pág. 101 del PDF)",
2025,comercial,GRUPO LA INFORMACION,,46117.0,"https://www.lamoncloa.gob.es/serviciosdeprensa/cpci/Documents/INFORME_2025_COMERCIALES.pdf#page=101 (Anexo III, Inversión por grupos, pág. 101 del PDF)",
2025,comercial,GRUPO FRISA,,44647.0,"https://www.lamoncloa.gob.es/serviciosdeprensa/cpci/Documents/INFORME_2025_COMERCIALES.pdf#page=101 (Anexo III, Inversión por grupos, pág. 101 del PDF)",
2025,comercial,"RED EDITORIAL DE TEATRO, S.L.",,44281.0,"https://www.lamoncloa.gob.es/serviciosdeprensa/cpci/Documents/INFORME_2025_COMERCIALES.pdf#page=101 (Anexo III, Inversión por grupos, pág. 101 del PDF)",
2025,comercial,PUBLICACIÓN INTERNA DE ASOCIACIÓN (FENAMIX),,43560.0,"https://www.lamoncloa.gob.es/serviciosdeprensa/cpci/Documents/INFORME_2025_COMERCIALES.pdf#page=101 (Anexo III, Inversión por grupos, pág. 101 del PDF)",
2025,comercial,CORPORACION EXTREMEÑA DE MEDIOS AUDIOVISUALES,,42945.0,"https://www.lamoncloa.gob.es/serviciosdeprensa/cpci/Documents/INFORME_2025_COMERCIALES.pdf#page=101 (Anexo III, Inversión por grupos, pág. 101 del PDF)",medio público (o entidad pública)
2025,comercial,OGURY LIMITED,,41739.0,"https://www.lamoncloa.gob.es/serviciosdeprensa/cpci/Documents/INFORME_2025_COMERCIALES.pdf#page=102 (Anexo III, Inversión por grupos, pág. 102 del PDF)",
2025,comercial,RBA,,41660.0,"https://www.lamoncloa.gob.es/serviciosdeprensa/cpci/Documents/INFORME_2025_COMERCIALES.pdf#page=102 (Anexo III, Inversión por grupos, pág. 102 del PDF)",
2025,comercial,RENFE,,39567.0,"https://www.lamoncloa.gob.es/serviciosdeprensa/cpci/Documents/INFORME_2025_COMERCIALES.pdf#page=102 (Anexo III, Inversión por grupos, pág. 102 del PDF)",
2025,comercial,GDT EDICIONES S.L.,,39471.0,"https://www.lamoncloa.gob.es/serviciosdeprensa/cpci/Documents/INFORME_2025_COMERCIALES.pdf#page=102 (Anexo III, Inversión por grupos, pág. 102 del PDF)",
2025,comercial,EURONEXT AMSTERDAM,,38660.0,"https://www.lamoncloa.gob.es/serviciosdeprensa/cpci/Documents/INFORME_2025_COMERCIALES.pdf#page=102 (Anexo III, Inversión por grupos, pág. 102 del PDF)",
2025,comercial,FORTER UNICORP SPAIN S.L.,,38619.0,"https://www.lamoncloa.gob.es/serviciosdeprensa/cpci/Documents/INFORME_2025_COMERCIALES.pdf#page=102 (Anexo III, Inversión por grupos, pág. 102 del PDF)",
2025,comercial,GRUPO MADRIDIARIO,,36639.0,"https://www.lamoncloa.gob.es/serviciosdeprensa/cpci/Documents/INFORME_2025_COMERCIALES.pdf#page=102 (Anexo III, Inversión por grupos, pág. 102 del PDF)",
2025,comercial,"GRUPO EDEFA, S.A.",,36494.0,"https://www.lamoncloa.gob.es/serviciosdeprensa/cpci/Documents/INFORME_2025_COMERCIALES.pdf#page=102 (Anexo III, Inversión por grupos, pág. 102 del PDF)",
2025,comercial,CEPYME,,36300.0,"https://www.lamoncloa.gob.es/serviciosdeprensa/cpci/Documents/INFORME_2025_COMERCIALES.pdf#page=102 (Anexo III, Inversión por grupos, pág. 102 del PDF)",
2025,comercial,65YMAS,,36300.0,"https://www.lamoncloa.gob.es/serviciosdeprensa/cpci/Documents/INFORME_2025_COMERCIALES.pdf#page=102 (Anexo III, Inversión por grupos, pág. 102 del PDF)",
2025,comercial,GRUPO SERRA,,36191.0,"https://www.lamoncloa.gob.es/serviciosdeprensa/cpci/Documents/INFORME_2025_COMERCIALES.pdf#page=102 (Anexo III, Inversión por grupos, pág. 102 del PDF)",
2025,comercial,WINKREATIVE LTD.,,36113.0,"https://www.lamoncloa.gob.es/serviciosdeprensa/cpci/Documents/INFORME_2025_COMERCIALES.pdf#page=102 (Anexo III, Inversión por grupos, pág. 102 del PDF)",
2025,comercial,DERIVIA INTELLIGENCE,,34939.0,"https://www.lamoncloa.gob.es/serviciosdeprensa/cpci/Documents/INFORME_2025_COMERCIALES.pdf#page=102 (Anexo III, Inversión por grupos, pág. 102 del PDF)",
2025,comercial,GRUPO MUNDO,,34524.0,"https://www.lamoncloa.gob.es/serviciosdeprensa/cpci/Documents/INFORME_2025_COMERCIALES.pdf#page=102 (Anexo III, Inversión por grupos, pág. 102 del PDF)",
2025,comercial,"INPUBLI, S.A.",,34485.0,"https://www.lamoncloa.gob.es/serviciosdeprensa/cpci/Documents/INFORME_2025_COMERCIALES.pdf#page=102 (Anexo III, Inversión por grupos, pág. 102 del PDF)",
2025,comercial,RADIOTELEVISION DE LA REGION DE MURCIA,,34040.0,"https://www.lamoncloa.gob.es/serviciosdeprensa/cpci/Documents/INFORME_2025_COMERCIALES.pdf#page=102 (Anexo III, Inversión por grupos, pág. 102 del PDF)",medio público (o entidad pública)
2025,comercial,HERMES,,33788.0,"https://www.lamoncloa.gob.es/serviciosdeprensa/cpci/Documents/INFORME_2025_COMERCIALES.pdf#page=102 (Anexo III, Inversión por grupos, pág. 102 del PDF)",
2025,comercial,"REVISTA EMPRENDEDORES, S.L.",,33114.0,"https://www.lamoncloa.gob.es/serviciosdeprensa/cpci/Documents/INFORME_2025_COMERCIALES.pdf#page=102 (Anexo III, Inversión por grupos, pág. 102 del PDF)",
2025,comercial,MEDIOS PÚBLICOS AUDIOVISUALES AUTONÓMICOS,,32627.0,"https://www.lamoncloa.gob.es/serviciosdeprensa/cpci/Documents/INFORME_2025_COMERCIALES.pdf#page=102 (Anexo III, Inversión por grupos, pág. 102 del PDF)",
2025,comercial,"PLATEA MAGAZINE, S.L",,32368.0,"https://www.lamoncloa.gob.es/serviciosdeprensa/cpci/Documents/INFORME_2025_COMERCIALES.pdf#page=102 (Anexo III, Inversión por grupos, pág. 102 del PDF)",
2025,comercial,EDIGRUP MEDIA,,31727.0,"https://www.lamoncloa.gob.es/serviciosdeprensa/cpci/Documents/INFORME_2025_COMERCIALES.pdf#page=102 (Anexo III, Inversión por grupos, pág. 102 del PDF)",
2025,comercial,A ESCENA,,30366.0,"https://www.lamoncloa.gob.es/serviciosdeprensa/cpci/Documents/INFORME_2025_COMERCIALES.pdf#page=102 (Anexo III, Inversión por grupos, pág. 102 del PDF)",
2025,comercial,EL ORDEN MUNDIAL,,29645.0,"https://www.lamoncloa.gob.es/serviciosdeprensa/cpci/Documents/INFORME_2025_COMERCIALES.pdf#page=102 (Anexo III, Inversión por grupos, pág. 102 del PDF)",
2025,comercial,"INTERNETIZADDOOR, S.L.",,28490.0,"https://www.lamoncloa.gob.es/serviciosdeprensa/cpci/Documents/INFORME_2025_COMERCIALES.pdf#page=102 (Anexo III, Inversión por grupos, pág. 102 del PDF)",
2025,comercial,GRUPO PLATÓ DEL ATLÁNTICO,,28272.0,"https://www.lamoncloa.gob.es/serviciosdeprensa/cpci/Documents/INFORME_2025_COMERCIALES.pdf#page=102 (Anexo III, Inversión por grupos, pág. 102 del PDF)",
2025,comercial,SCHERZO EDITORIAL S.L.,,27558.0,"https://www.lamoncloa.gob.es/serviciosdeprensa/cpci/Documents/INFORME_2025_COMERCIALES.pdf#page=102 (Anexo III, Inversión por grupos, pág. 102 del PDF)",
2025,comercial,BELL MEDIA,,27377.0,"https://www.lamoncloa.gob.es/serviciosdeprensa/cpci/Documents/INFORME_2025_COMERCIALES.pdf#page=102 (Anexo III, Inversión por grupos, pág. 102 del PDF)",
2025,comercial,"POLO DIGITAL MULTIMEDIA, S.L.",,27054.0,"https://www.lamoncloa.gob.es/serviciosdeprensa/cpci/Documents/INFORME_2025_COMERCIALES.pdf#page=102 (Anexo III, Inversión por grupos, pág. 102 del PDF)",
2025,comercial,SYNERGISTIC PUBLICATIONS,,26700.0,"https://www.lamoncloa.gob.es/serviciosdeprensa/cpci/Documents/INFORME_2025_COMERCIALES.pdf#page=102 (Anexo III, Inversión por grupos, pág. 102 del PDF)",
2025,comercial,"SQUIRREL MEDIA, SA",,26560.0,"https://www.lamoncloa.gob.es/serviciosdeprensa/cpci/Documents/INFORME_2025_COMERCIALES.pdf#page=102 (Anexo III, Inversión por grupos, pág. 102 del PDF)",
2025,comercial,"RIAS BAIXAS COMUNICACION, S.A.",,26068.0,"https://www.lamoncloa.gob.es/serviciosdeprensa/cpci/Documents/INFORME_2025_COMERCIALES.pdf#page=102 (Anexo III, Inversión por grupos, pág. 102 del PDF)",
2025,comercial,"PUBLICACIONES CONFIDENCIALES, SL",,25639.0,"https://www.lamoncloa.gob.es/serviciosdeprensa/cpci/Documents/INFORME_2025_COMERCIALES.pdf#page=102 (Anexo III, Inversión por grupos, pág. 102 del PDF)",
2025,comercial,PROMICSA,,24929.0,"https://www.lamoncloa.gob.es/serviciosdeprensa/cpci/Documents/INFORME_2025_COMERCIALES.pdf#page=102 (Anexo III, Inversión por grupos, pág. 102 del PDF)",
2025,comercial,"UBER TECHNOLOGIES, INC",,24793.0,"https://www.lamoncloa.gob.es/serviciosdeprensa/cpci/Documents/INFORME_2025_COMERCIALES.pdf#page=102 (Anexo III, Inversión por grupos, pág. 102 del PDF)",
2025,comercial,NEWS CORP.,,24568.0,"https://www.lamoncloa.gob.es/serviciosdeprensa/cpci/Documents/INFORME_2025_COMERCIALES.pdf#page=102 (Anexo III, Inversión por grupos, pág. 102 del PDF)",
2025,comercial,THE ECONOMIST GROUP,,24279.0,"https://www.lamoncloa.gob.es/serviciosdeprensa/cpci/Documents/INFORME_2025_COMERCIALES.pdf#page=102 (Anexo III, Inversión por grupos, pág. 102 del PDF)",
2025,comercial,"EDITORIAL ECOPRENSA, S.A.",,24200.0,"https://www.lamoncloa.gob.es/serviciosdeprensa/cpci/Documents/INFORME_2025_COMERCIALES.pdf#page=102 (Anexo III, Inversión por grupos, pág. 102 del PDF)",
2025,comercial,"VIDOOMY MEDIA, S.L.",,24156.0,"https://www.lamoncloa.gob.es/serviciosdeprensa/cpci/Documents/INFORME_2025_COMERCIALES.pdf#page=102 (Anexo III, Inversión por grupos, pág. 102 del PDF)",
2025,comercial,MEMORIAS MEDIA S.L.,,23958.0,"https://www.lamoncloa.gob.es/serviciosdeprensa/cpci/Documents/INFORME_2025_COMERCIALES.pdf#page=102 (Anexo III, Inversión por grupos, pág. 102 del PDF)",
2025,comercial,"TAMEDIAXA, SA",,23227.0,"https://www.lamoncloa.gob.es/serviciosdeprensa/cpci/Documents/INFORME_2025_COMERCIALES.pdf#page=103 (Anexo III, Inversión por grupos, pág. 103 del PDF)",
2025,comercial,INDUHOLD PARTICIPACIONES,,23029.0,"https://www.lamoncloa.gob.es/serviciosdeprensa/cpci/Documents/INFORME_2025_COMERCIALES.pdf#page=103 (Anexo III, Inversión por grupos, pág. 103 del PDF)",
2025,comercial,"CRITEO, S.A.",,22876.0,"https://www.lamoncloa.gob.es/serviciosdeprensa/cpci/Documents/INFORME_2025_COMERCIALES.pdf#page=103 (Anexo III, Inversión por grupos, pág. 103 del PDF)",
2025,comercial,TIMES MEDIA,,22869.0,"https://www.lamoncloa.gob.es/serviciosdeprensa/cpci/Documents/INFORME_2025_COMERCIALES.pdf#page=103 (Anexo III, Inversión por grupos, pág. 103 del PDF)",
2025,comercial,GRUP EDICIONS DE PREMSA LOCAL,,22711.0,"https://www.lamoncloa.gob.es/serviciosdeprensa/cpci/Documents/INFORME_2025_COMERCIALES.pdf#page=103 (Anexo III, Inversión por grupos, pág. 103 del PDF)",
2025,comercial,PRENSA EUROPEA DEL SIGLO XXI,,22246.0,"https://www.lamoncloa.gob.es/serviciosdeprensa/cpci/Documents/INFORME_2025_COMERCIALES.pdf#page=103 (Anexo III, Inversión por grupos, pág. 103 del PDF)",
2025,comercial,GRUPO DE COMUNICACIÓN CATALUNYAPRESS,,22032.0,"https://www.lamoncloa.gob.es/serviciosdeprensa/cpci/Documents/INFORME_2025_COMERCIALES.pdf#page=103 (Anexo III, Inversión por grupos, pág. 103 del PDF)",
2025,comercial,FUNDACIÓN HISPANIA MÚSICA,,21815.0,"https://www.lamoncloa.gob.es/serviciosdeprensa/cpci/Documents/INFORME_2025_COMERCIALES.pdf#page=103 (Anexo III, Inversión por grupos, pág. 103 del PDF)",
2025,comercial,DT MEDYA,,21500.0,"https://www.lamoncloa.gob.es/serviciosdeprensa/cpci/Documents/INFORME_2025_COMERCIALES.pdf#page=103 (Anexo III, Inversión por grupos, pág. 103 del PDF)",
2025,comercial,"GLOBAL FINANCE MEDIA, INC.",,20725.0,"https://www.lamoncloa.gob.es/serviciosdeprensa/cpci/Documents/INFORME_2025_COMERCIALES.pdf#page=103 (Anexo III, Inversión por grupos, pág. 103 del PDF)",
2025,comercial,"GRUPO LA REGIÓN, S.A.",,20497.0,"https://www.lamoncloa.gob.es/serviciosdeprensa/cpci/Documents/INFORME_2025_COMERCIALES.pdf#page=103 (Anexo III, Inversión por grupos, pág. 103 del PDF)",
2025,comercial,"IMPULSA EVENTOS E INSTALACIONES., S.A.",,20328.0,"https://www.lamoncloa.gob.es/serviciosdeprensa/cpci/Documents/INFORME_2025_COMERCIALES.pdf#page=103 (Anexo III, Inversión por grupos, pág. 103 del PDF)",
2025,comercial,"CEALFE, S.L.",,19762.0,"https://www.lamoncloa.gob.es/serviciosdeprensa/cpci/Documents/INFORME_2025_COMERCIALES.pdf#page=103 (Anexo III, Inversión por grupos, pág. 103 del PDF)",
2025,comercial,"ESCENES I PÚBLICS, S.L.",,19741.0,"https://www.lamoncloa.gob.es/serviciosdeprensa/cpci/Documents/INFORME_2025_COMERCIALES.pdf#page=103 (Anexo III, Inversión por grupos, pág. 103 del PDF)",
2025,comercial,"ARS REVISTA DE ARTE Y COLECCIONISMO, S.L.",,19487.0,"https://www.lamoncloa.gob.es/serviciosdeprensa/cpci/Documents/INFORME_2025_COMERCIALES.pdf#page=103 (Anexo III, Inversión por grupos, pág. 103 del PDF)",
2025,comercial,EXTE,,19441.0,"https://www.lamoncloa.gob.es/serviciosdeprensa/cpci/Documents/INFORME_2025_COMERCIALES.pdf#page=103 (Anexo III, Inversión por grupos, pág. 103 del PDF)",
2025,comercial,SOLUCIONES PERIODÍSTICAS S.L.,,19360.0,"https://www.lamoncloa.gob.es/serviciosdeprensa/cpci/Documents/INFORME_2025_COMERCIALES.pdf#page=103 (Anexo III, Inversión por grupos, pág. 103 del PDF)",
2025,comercial,CODALARIO,,19184.0,"https://www.lamoncloa.gob.es/serviciosdeprensa/cpci/Documents/INFORME_2025_COMERCIALES.pdf#page=103 (Anexo III, Inversión por grupos, pág. 103 del PDF)",
2025,comercial,JULIO DÍEZ,,19103.0,"https://www.lamoncloa.gob.es/serviciosdeprensa/cpci/Documents/INFORME_2025_COMERCIALES.pdf#page=103 (Anexo III, Inversión por grupos, pág. 103 del PDF)",
2025,comercial,BLACK TYPE,,19103.0,"https://www.lamoncloa.gob.es/serviciosdeprensa/cpci/Documents/INFORME_2025_COMERCIALES.pdf#page=103 (Anexo III, Inversión por grupos, pág. 103 del PDF)",
2025,comercial,"BINTER CANARIAS, S.A.",,18979.0,"https://www.lamoncloa.gob.es/serviciosdeprensa/cpci/Documents/INFORME_2025_COMERCIALES.pdf#page=103 (Anexo III, Inversión por grupos, pág. 103 del PDF)",
2025,comercial,INFORMACIONES CANARIAS S.A.,,18323.0,"https://www.lamoncloa.gob.es/serviciosdeprensa/cpci/Documents/INFORME_2025_COMERCIALES.pdf#page=103 (Anexo III, Inversión por grupos, pág. 103 del PDF)",
2025,comercial,"OPERA ACTUAL, S.L.",,18181.0,"https://www.lamoncloa.gob.es/serviciosdeprensa/cpci/Documents/INFORME_2025_COMERCIALES.pdf#page=103 (Anexo III, Inversión por grupos, pág. 103 del PDF)",
2025,comercial,RIVIERA MARITIME MEDIA,,17960.0,"https://www.lamoncloa.gob.es/serviciosdeprensa/cpci/Documents/INFORME_2025_COMERCIALES.pdf#page=103 (Anexo III, Inversión por grupos, pág. 103 del PDF)",
2025,comercial,BECKMESSER,,17097.0,"https://www.lamoncloa.gob.es/serviciosdeprensa/cpci/Documents/INFORME_2025_COMERCIALES.pdf#page=103 (Anexo III, Inversión por grupos, pág. 103 del PDF)",
2025,comercial,"EDITORIAL LEONCIO RODRÍGUEZ, SA",,16851.0,"https://www.lamoncloa.gob.es/serviciosdeprensa/cpci/Documents/INFORME_2025_COMERCIALES.pdf#page=103 (Anexo III, Inversión por grupos, pág. 103 del PDF)",
2025,comercial,EL PERIÓDICO DE LA ENERGÍA S.L.,,16781.0,"https://www.lamoncloa.gob.es/serviciosdeprensa/cpci/Documents/INFORME_2025_COMERCIALES.pdf#page=103 (Anexo III, Inversión por grupos, pág. 103 del PDF)",
2025,comercial,"ALSA GRUPO, S.L.U.",,16698.0,"https://www.lamoncloa.gob.es/serviciosdeprensa/cpci/Documents/INFORME_2025_COMERCIALES.pdf#page=103 (Anexo III, Inversión por grupos, pág. 103 del PDF)",
2025,comercial,FIELD GIBSON MEDIA,,16580.0,"https://www.lamoncloa.gob.es/serviciosdeprensa/cpci/Documents/INFORME_2025_COMERCIALES.pdf#page=103 (Anexo III, Inversión por grupos, pág. 103 del PDF)",
2025,comercial,INICIATIVAS EDITORIALES SISTEMA S.A.,,16517.0,"https://www.lamoncloa.gob.es/serviciosdeprensa/cpci/Documents/INFORME_2025_COMERCIALES.pdf#page=103 (Anexo III, Inversión por grupos, pág. 103 del PDF)",
2025,comercial,VANGUARD,,15500.0,"https://www.lamoncloa.gob.es/serviciosdeprensa/cpci/Documents/INFORME_2025_COMERCIALES.pdf#page=103 (Anexo III, Inversión por grupos, pág. 103 del PDF)",
2025,comercial,PRENSA DE MELILLA S.L.,,15467.0,"https://www.lamoncloa.gob.es/serviciosdeprensa/cpci/Documents/INFORME_2025_COMERCIALES.pdf#page=103 (Anexo III, Inversión por grupos, pág. 103 del PDF)",
2025,comercial,"IMPULSA EVENTOS E INST., S.A.",,15428.0,"https://www.lamoncloa.gob.es/serviciosdeprensa/cpci/Documents/INFORME_2025_COMERCIALES.pdf#page=103 (Anexo III, Inversión por grupos, pág. 103 del PDF)",
2025,comercial,INDEPENDIENTE,,15293.0,"https://www.lamoncloa.gob.es/serviciosdeprensa/cpci/Documents/INFORME_2025_COMERCIALES.pdf#page=103 (Anexo III, Inversión por grupos, pág. 103 del PDF)",
2025,comercial,GRUPO XXI,,15266.0,"https://www.lamoncloa.gob.es/serviciosdeprensa/cpci/Documents/INFORME_2025_COMERCIALES.pdf#page=103 (Anexo III, Inversión por grupos, pág. 103 del PDF)",aparece varias veces en la tabla del informe con importes distintos (se conservan todas las filas)
2025,comercial,IPE INTERNATIONAL PUBLISHERS LTD.,,15246.0,"https://www.lamoncloa.gob.es/serviciosdeprensa/cpci/Documents/INFORME_2025_COMERCIALES.pdf#page=103 (Anexo III, Inversión por grupos, pág. 103 del PDF)",
2025,comercial,CANTÁBRICO DE PRENSA S.A.,,15109.0,"https://www.lamoncloa.gob.es/serviciosdeprensa/cpci/Documents/INFORME_2025_COMERCIALES.pdf#page=103 (Anexo III, Inversión por grupos, pág. 103 del PDF)",
2025,comercial,"SYNERGIA ADS MEDIA, S.L.",,15051.0,"https://www.lamoncloa.gob.es/serviciosdeprensa/cpci/Documents/INFORME_2025_COMERCIALES.pdf#page=103 (Anexo III, Inversión por grupos, pág. 103 del PDF)",
2025,comercial,"GRUPO PROMOTOR SALMANTINO, S.A.",,14741.0,"https://www.lamoncloa.gob.es/serviciosdeprensa/cpci/Documents/INFORME_2025_COMERCIALES.pdf#page=103 (Anexo III, Inversión por grupos, pág. 103 del PDF)",
2025,comercial,ACADEMIA DE LAS ARTES ESCÉNICAS,,14668.0,"https://www.lamoncloa.gob.es/serviciosdeprensa/cpci/Documents/INFORME_2025_COMERCIALES.pdf#page=104 (Anexo III, Inversión por grupos, pág. 104 del PDF)",
2025,comercial,GRUPO CONEQTIA,,14520.0,"https://www.lamoncloa.gob.es/serviciosdeprensa/cpci/Documents/INFORME_2025_COMERCIALES.pdf#page=104 (Anexo III, Inversión por grupos, pág. 104 del PDF)",
2025,comercial,GRUPO EL TRIANGLE,,14483.0,"https://www.lamoncloa.gob.es/serviciosdeprensa/cpci/Documents/INFORME_2025_COMERCIALES.pdf#page=104 (Anexo III, Inversión por grupos, pág. 104 del PDF)",
2025,comercial,NOVOTECNICA,,14351.0,"https://www.lamoncloa.gob.es/serviciosdeprensa/cpci/Documents/INFORME_2025_COMERCIALES.pdf#page=104 (Anexo III, Inversión por grupos, pág. 104 del PDF)",
2025,comercial,GRUPO DIARIOCRÍTICO,,14060.0,"https://www.lamoncloa.gob.es/serviciosdeprensa/cpci/Documents/INFORME_2025_COMERCIALES.pdf#page=104 (Anexo III, Inversión por grupos, pág. 104 del PDF)",
2025,comercial,PRENSA IBÉRICA,,13757.0,"https://www.lamoncloa.gob.es/serviciosdeprensa/cpci/Documents/INFORME_2025_COMERCIALES.pdf#page=104 (Anexo III, Inversión por grupos, pág. 104 del PDF)",
2025,comercial,ASOCIACIÓN DE MEDIOS DE INFORMACIÓN (AMI),,13302.0,"https://www.lamoncloa.gob.es/serviciosdeprensa/cpci/Documents/INFORME_2025_COMERCIALES.pdf#page=104 (Anexo III, Inversión por grupos, pág. 104 del PDF)",
2025,comercial,GRUPO MADRIDPRESS,,13165.0,"https://www.lamoncloa.gob.es/serviciosdeprensa/cpci/Documents/INFORME_2025_COMERCIALES.pdf#page=104 (Anexo III, Inversión por grupos, pág. 104 del PDF)",
2025,comercial,EDITORIAL GLORIA COLLADO GUEVARA,,13068.0,"https://www.lamoncloa.gob.es/serviciosdeprensa/cpci/Documents/INFORME_2025_COMERCIALES.pdf#page=104 (Anexo III, Inversión por grupos, pág. 104 del PDF)",
2025,comercial,GRUPO OQS MEDIA,,12705.0,"https://www.lamoncloa.gob.es/serviciosdeprensa/cpci/Documents/INFORME_2025_COMERCIALES.pdf#page=104 (Anexo III, Inversión por grupos, pág. 104 del PDF)",
2025,comercial,FORBES MEDIA LLC,,12705.0,"https://www.lamoncloa.gob.es/serviciosdeprensa/cpci/Documents/INFORME_2025_COMERCIALES.pdf#page=104 (Anexo III, Inversión por grupos, pág. 104 del PDF)",
2025,comercial,"VOZPOPULI DIGITAL, SA",,12584.0,"https://www.lamoncloa.gob.es/serviciosdeprensa/cpci/Documents/INFORME_2025_COMERCIALES.pdf#page=104 (Anexo III, Inversión por grupos, pág. 104 del PDF)",
2025,comercial,ASOCIACIÓN DE LA PRENSA DE MADRID,,12100.0,"https://www.lamoncloa.gob.es/serviciosdeprensa/cpci/Documents/INFORME_2025_COMERCIALES.pdf#page=104 (Anexo III, Inversión por grupos, pág. 104 del PDF)",
2025,comercial,GRUPO MÖNCH,,11880.0,"https://www.lamoncloa.gob.es/serviciosdeprensa/cpci/Documents/INFORME_2025_COMERCIALES.pdf#page=104 (Anexo III, Inversión por grupos, pág. 104 del PDF)",
2025,comercial,"EDICIONES PLAZA, S.L.",,11858.0,"https://www.lamoncloa.gob.es/serviciosdeprensa/cpci/Documents/INFORME_2025_COMERCIALES.pdf#page=104 (Anexo III, Inversión por grupos, pág. 104 del PDF)",
2025,comercial,GRUPO PUNTO MICE,,11677.0,"https://www.lamoncloa.gob.es/serviciosdeprensa/cpci/Documents/INFORME_2025_COMERCIALES.pdf#page=104 (Anexo III, Inversión por grupos, pág. 104 del PDF)",
2025,comercial,FORO DE MARCAS RENOMBRADAS ESPAÑOLAS (FMRE),,11504.0,"https://www.lamoncloa.gob.es/serviciosdeprensa/cpci/Documents/INFORME_2025_COMERCIALES.pdf#page=104 (Anexo III, Inversión por grupos, pág. 104 del PDF)",
2025,comercial,MUST MEDIA GROUP,,11495.0,"https://www.lamoncloa.gob.es/serviciosdeprensa/cpci/Documents/INFORME_2025_COMERCIALES.pdf#page=104 (Anexo III, Inversión por grupos, pág. 104 del PDF)",
2025,comercial,IFR GROUP,,11435.0,"https://www.lamoncloa.gob.es/serviciosdeprensa/cpci/Documents/INFORME_2025_COMERCIALES.pdf#page=104 (Anexo III, Inversión por grupos, pág. 104 del PDF)",
2025,comercial,ASOCIACIÓN CATÓLICA DE PROPAGANDISTAS,,11211.0,"https://www.lamoncloa.gob.es/serviciosdeprensa/cpci/Documents/INFORME_2025_COMERCIALES.pdf#page=104 (Anexo III, Inversión por grupos, pág. 104 del PDF)",
2025,comercial,GRUPO TRIBUNA,,11133.0,"https://www.lamoncloa.gob.es/serviciosdeprensa/cpci/Documents/INFORME_2025_COMERCIALES.pdf#page=104 (Anexo III, Inversión por grupos, pág. 104 del PDF)",
2025,comercial,GRUPO EPASSI,,11103.0,"https://www.lamoncloa.gob.es/serviciosdeprensa/cpci/Documents/INFORME_2025_COMERCIALES.pdf#page=104 (Anexo III, Inversión por grupos, pág. 104 del PDF)",
2025,comercial,GRUPO INTERECONOMIA,,11005.0,"https://www.lamoncloa.gob.es/serviciosdeprensa/cpci/Documents/INFORME_2025_COMERCIALES.pdf#page=104 (Anexo III, Inversión por grupos, pág. 104 del PDF)",
2025,comercial,GRUPO FORMAZION,,10930.0,"https://www.lamoncloa.gob.es/serviciosdeprensa/cpci/Documents/INFORME_2025_COMERCIALES.pdf#page=104 (Anexo III, Inversión por grupos, pág. 104 del PDF)",
2025,comercial,"MEDIARESPONSABLE, S.L.",,10890.0,"https://www.lamoncloa.gob.es/serviciosdeprensa/cpci/Documents/INFORME_2025_COMERCIALES.pdf#page=104 (Anexo III, Inversión por grupos, pág. 104 del PDF)",
2025,comercial,B2B DELINIAN LIMITED,,10825.0,"https://www.lamoncloa.gob.es/serviciosdeprensa/cpci/Documents/INFORME_2025_COMERCIALES.pdf#page=104 (Anexo III, Inversión por grupos, pág. 104 del PDF)",
2025,comercial,"J.F. EXTERIOR, S.L.",,10793.0,"https://www.lamoncloa.gob.es/serviciosdeprensa/cpci/Documents/INFORME_2025_COMERCIALES.pdf#page=104 (Anexo III, Inversión por grupos, pág. 104 del PDF)",
2025,comercial,LIBERTY MEDIA,,10485.0,"https://www.lamoncloa.gob.es/serviciosdeprensa/cpci/Documents/INFORME_2025_COMERCIALES.pdf#page=104 (Anexo III, Inversión por grupos, pág. 104 del PDF)",
2025,comercial,COLEGIO OFICIAL DE INGENIEROS INDUSTRIALES DE MADRID (COIIM),,10456.0,"https://www.lamoncloa.gob.es/serviciosdeprensa/cpci/Documents/INFORME_2025_COMERCIALES.pdf#page=104 (Anexo III, Inversión por grupos, pág. 104 del PDF)",
2025,comercial,"FINANCIAL COMUNICACIÓN, S.L.",,10285.0,"https://www.lamoncloa.gob.es/serviciosdeprensa/cpci/Documents/INFORME_2025_COMERCIALES.pdf#page=104 (Anexo III, Inversión por grupos, pág. 104 del PDF)",
2025,comercial,IBERIA,,10261.0,"https://www.lamoncloa.gob.es/serviciosdeprensa/cpci/Documents/INFORME_2025_COMERCIALES.pdf#page=104 (Anexo III, Inversión por grupos, pág. 104 del PDF)",
2025,comercial,"GRUPO DIARIO EDITORIAL, S.L.",,10067.0,"https://www.lamoncloa.gob.es/serviciosdeprensa/cpci/Documents/INFORME_2025_COMERCIALES.pdf#page=104 (Anexo III, Inversión por grupos, pág. 104 del PDF)",
2025,comercial,HOJAS DE ARTE E INVERSIÓN S.L.,,9996.0,"https://www.lamoncloa.gob.es/serviciosdeprensa/cpci/Documents/INFORME_2025_COMERCIALES.pdf#page=104 (Anexo III, Inversión por grupos, pág. 104 del PDF)",
2025,comercial,IKONOS PRESS,,9983.0,"https://www.lamoncloa.gob.es/serviciosdeprensa/cpci/Documents/INFORME_2025_COMERCIALES.pdf#page=104 (Anexo III, Inversión por grupos, pág. 104 del PDF)",
2025,comercial,GRUPO DUENDE,,9978.0,"https://www.lamoncloa.gob.es/serviciosdeprensa/cpci/Documents/INFORME_2025_COMERCIALES.pdf#page=104 (Anexo III, Inversión por grupos, pág. 104 del PDF)",
2025,comercial,GRUPO AON,,9850.0,"https://www.lamoncloa.gob.es/serviciosdeprensa/cpci/Documents/INFORME_2025_COMERCIALES.pdf#page=104 (Anexo III, Inversión por grupos, pág. 104 del PDF)",
2025,comercial,"CNBC, INC.",,9719.0,"https://www.lamoncloa.gob.es/serviciosdeprensa/cpci/Documents/INFORME_2025_COMERCIALES.pdf#page=104 (Anexo III, Inversión por grupos, pág. 104 del PDF)",
2025,comercial,UNIÓN DE PEQUEÑOS AGRICULTORES Y GANADEROS (UPA),,9680.0,"https://www.lamoncloa.gob.es/serviciosdeprensa/cpci/Documents/INFORME_2025_COMERCIALES.pdf#page=104 (Anexo III, Inversión por grupos, pág. 104 del PDF)",
2025,comercial,EDICIONES EJÉRCITOS,,9680.0,"https://www.lamoncloa.gob.es/serviciosdeprensa/cpci/Documents/INFORME_2025_COMERCIALES.pdf#page=104 (Anexo III, Inversión por grupos, pág. 104 del PDF)",
2025,comercial,"ARTICULOCATORCE EDICIONES, S.L.",,9680.0,"https://www.lamoncloa.gob.es/serviciosdeprensa/cpci/Documents/INFORME_2025_COMERCIALES.pdf#page=105 (Anexo III, Inversión por grupos, pág. 105 del PDF)",
2025,comercial,MSI,,9450.0,"https://www.lamoncloa.gob.es/serviciosdeprensa/cpci/Documents/INFORME_2025_COMERCIALES.pdf#page=105 (Anexo III, Inversión por grupos, pág. 105 del PDF)",
2025,comercial,ASOCIACIÓN DE DANZA TORRE TOLANCA,,9378.0,"https://www.lamoncloa.gob.es/serviciosdeprensa/cpci/Documents/INFORME_2025_COMERCIALES.pdf#page=105 (Anexo III, Inversión por grupos, pág. 105 del PDF)",
2025,comercial,"IKREATE ONLINE SOLUTIONS, S.L.",,9317.0,"https://www.lamoncloa.gob.es/serviciosdeprensa/cpci/Documents/INFORME_2025_COMERCIALES.pdf#page=105 (Anexo III, Inversión por grupos, pág. 105 del PDF)",
2025,comercial,EL REFERENTE,,9166.0,"https://www.lamoncloa.gob.es/serviciosdeprensa/cpci/Documents/INFORME_2025_COMERCIALES.pdf#page=105 (Anexo III, Inversión por grupos, pág. 105 del PDF)",
2025,comercial,MAYOR GAURAV ARYA (RETD.),,9100.0,"https://www.lamoncloa.gob.es/serviciosdeprensa/cpci/Documents/INFORME_2025_COMERCIALES.pdf#page=105 (Anexo III, Inversión por grupos, pág. 105 del PDF)",
2025,comercial,"ESTRATEGIAS DE INVERSIÓN PUBLICACIONES Y MEDIOS, S.L.",,9075.0,"https://www.lamoncloa.gob.es/serviciosdeprensa/cpci/Documents/INFORME_2025_COMERCIALES.pdf#page=105 (Anexo III, Inversión por grupos, pág. 105 del PDF)",
2025,comercial,GRUPO NOVOTÉCNICA,,9075.0,"https://www.lamoncloa.gob.es/serviciosdeprensa/cpci/Documents/INFORME_2025_COMERCIALES.pdf#page=105 (Anexo III, Inversión por grupos, pág. 105 del PDF)",
2025,comercial,"ADVIA MEDIA SOLUTIONS, S.L.",,9060.0,"https://www.lamoncloa.gob.es/serviciosdeprensa/cpci/Documents/INFORME_2025_COMERCIALES.pdf#page=105 (Anexo III, Inversión por grupos, pág. 105 del PDF)",
2025,comercial,SP GUIDE PUBLICATIONS,,9000.0,"https://www.lamoncloa.gob.es/serviciosdeprensa/cpci/Documents/INFORME_2025_COMERCIALES.pdf#page=105 (Anexo III, Inversión por grupos, pág. 105 del PDF)",
2025,comercial,"EDITORIAL PRENSARIO, SRL",,9000.0,"https://www.lamoncloa.gob.es/serviciosdeprensa/cpci/Documents/INFORME_2025_COMERCIALES.pdf#page=105 (Anexo III, Inversión por grupos, pág. 105 del PDF)",
2025,comercial,GLOBALDATA PLC,,8820.0,"https://www.lamoncloa.gob.es/serviciosdeprensa/cpci/Documents/INFORME_2025_COMERCIALES.pdf#page=105 (Anexo III, Inversión por grupos, pág. 105 del PDF)",
2025,comercial,"EXT GOWALK 14, S.L.",,8712.0,"https://www.lamoncloa.gob.es/serviciosdeprensa/cpci/Documents/INFORME_2025_COMERCIALES.pdf#page=105 (Anexo III, Inversión por grupos, pág. 105 del PDF)",
2025,comercial,CDN PUBLISHING LLC,,8588.0,"https://www.lamoncloa.gob.es/serviciosdeprensa/cpci/Documents/INFORME_2025_COMERCIALES.pdf#page=105 (Anexo III, Inversión por grupos, pág. 105 del PDF)",
2025,comercial,MARINE IRELAND INDUSTRY NETWORK,,8500.0,"https://www.lamoncloa.gob.es/serviciosdeprensa/cpci/Documents/INFORME_2025_COMERCIALES.pdf#page=105 (Anexo III, Inversión por grupos, pág. 105 del PDF)",
2025,comercial,"EL SUPLEMENTO, S.L.",,8491.0,"https://www.lamoncloa.gob.es/serviciosdeprensa/cpci/Documents/INFORME_2025_COMERCIALES.pdf#page=105 (Anexo III, Inversión por grupos, pág. 105 del PDF)",
2025,comercial,SOMOS LITERA S.L.,,8470.0,"https://www.lamoncloa.gob.es/serviciosdeprensa/cpci/Documents/INFORME_2025_COMERCIALES.pdf#page=105 (Anexo III, Inversión por grupos, pág. 105 del PDF)",
2025,comercial,"FLY PRESS, S.L.L.",,8470.0,"https://www.lamoncloa.gob.es/serviciosdeprensa/cpci/Documents/INFORME_2025_COMERCIALES.pdf#page=105 (Anexo III, Inversión por grupos, pág. 105 del PDF)",
2025,comercial,"EDICIONES CATÓLICOS Y VIDA PÚBLICA, SLU",,8470.0,"https://www.lamoncloa.gob.es/serviciosdeprensa/cpci/Documents/INFORME_2025_COMERCIALES.pdf#page=105 (Anexo III, Inversión por grupos, pág. 105 del PDF)",
2025,comercial,COL.LEGI PERIODISTES CATALUNYA,,8470.0,"https://www.lamoncloa.gob.es/serviciosdeprensa/cpci/Documents/INFORME_2025_COMERCIALES.pdf#page=105 (Anexo III, Inversión por grupos, pág. 105 del PDF)",
2025,comercial,INFORMA PLC,,8387.0,"https://www.lamoncloa.gob.es/serviciosdeprensa/cpci/Documents/INFORME_2025_COMERCIALES.pdf#page=105 (Anexo III, Inversión por grupos, pág. 105 del PDF)",
2025,comercial,"MASDEARTE CONTENIDOS DIGITALES, S.L.",,8175.0,"https://www.lamoncloa.gob.es/serviciosdeprensa/cpci/Documents/INFORME_2025_COMERCIALES.pdf#page=105 (Anexo III, Inversión por grupos, pág. 105 del PDF)",
2025,comercial,EL CANAL MARÍTIMO Y LOGÍSTICO S.L.,,7879.0,"https://www.lamoncloa.gob.es/serviciosdeprensa/cpci/Documents/INFORME_2025_COMERCIALES.pdf#page=105 (Anexo III, Inversión por grupos, pág. 105 del PDF)",
2025,comercial,WISDOM DIGITAL MEDIA PUBLISHING,,7863.0,"https://www.lamoncloa.gob.es/serviciosdeprensa/cpci/Documents/INFORME_2025_COMERCIALES.pdf#page=105 (Anexo III, Inversión por grupos, pág. 105 del PDF)",
2025,comercial,"PUBLIALBOR, S.L.",,7502.0,"https://www.lamoncloa.gob.es/serviciosdeprensa/cpci/Documents/INFORME_2025_COMERCIALES.pdf#page=105 (Anexo III, Inversión por grupos, pág. 105 del PDF)",
2025,comercial,"EDIFIL, S.A.",,7478.0,"https://www.lamoncloa.gob.es/serviciosdeprensa/cpci/Documents/INFORME_2025_COMERCIALES.pdf#page=105 (Anexo III, Inversión por grupos, pág. 105 del PDF)",
2025,comercial,ENJOY ZARAGOZA,,7411.0,"https://www.lamoncloa.gob.es/serviciosdeprensa/cpci/Documents/INFORME_2025_COMERCIALES.pdf#page=105 (Anexo III, Inversión por grupos, pág. 105 del PDF)",
2025,comercial,DVV MEDIA GROUP,,7395.0,"https://www.lamoncloa.gob.es/serviciosdeprensa/cpci/Documents/INFORME_2025_COMERCIALES.pdf#page=105 (Anexo III, Inversión por grupos, pág. 105 del PDF)",
2025,comercial,SOCIETÀ EDITRICE ALLEMANDI A R.L.,,7381.0,"https://www.lamoncloa.gob.es/serviciosdeprensa/cpci/Documents/INFORME_2025_COMERCIALES.pdf#page=105 (Anexo III, Inversión por grupos, pág. 105 del PDF)",
2025,comercial,LEWIS BUSINESS MEDIA,,7350.0,"https://www.lamoncloa.gob.es/serviciosdeprensa/cpci/Documents/INFORME_2025_COMERCIALES.pdf#page=105 (Anexo III, Inversión por grupos, pág. 105 del PDF)",
2025,comercial,TODALAMUSICA,,7322.0,"https://www.lamoncloa.gob.es/serviciosdeprensa/cpci/Documents/INFORME_2025_COMERCIALES.pdf#page=105 (Anexo III, Inversión por grupos, pág. 105 del PDF)",
2025,comercial,COLEGIO OFICIAL DE INGENIEROS DE MONTES (COIMM),,7296.0,"https://www.lamoncloa.gob.es/serviciosdeprensa/cpci/Documents/INFORME_2025_COMERCIALES.pdf#page=105 (Anexo III, Inversión por grupos, pág. 105 del PDF)",
2025,comercial,OBSERVATORIO DEL EMPRENDIMIENTO EN ESPAÑA,,7278.0,"https://www.lamoncloa.gob.es/serviciosdeprensa/cpci/Documents/INFORME_2025_COMERCIALES.pdf#page=105 (Anexo III, Inversión por grupos, pág. 105 del PDF)",
2025,comercial,RUIZ CALLEJA OÜ,,7260.0,"https://www.lamoncloa.gob.es/serviciosdeprensa/cpci/Documents/INFORME_2025_COMERCIALES.pdf#page=105 (Anexo III, Inversión por grupos, pág. 105 del PDF)",
2025,comercial,LA FÁBRICA,,7260.0,"https://www.lamoncloa.gob.es/serviciosdeprensa/cpci/Documents/INFORME_2025_COMERCIALES.pdf#page=105 (Anexo III, Inversión por grupos, pág. 105 del PDF)",
2025,comercial,"UNIVERSITAS NEBRISSENSIS, S.A.",,7260.0,"https://www.lamoncloa.gob.es/serviciosdeprensa/cpci/Documents/INFORME_2025_COMERCIALES.pdf#page=105 (Anexo III, Inversión por grupos, pág. 105 del PDF)",
2025,comercial,THE OBJECTIVE MEDIA S.L.,,7260.0,"https://www.lamoncloa.gob.es/serviciosdeprensa/cpci/Documents/INFORME_2025_COMERCIALES.pdf#page=105 (Anexo III, Inversión por grupos, pág. 105 del PDF)",
2025,comercial,AYUNTAMIENTO DE MÁLAGA,,7260.0,"https://www.lamoncloa.gob.es/serviciosdeprensa/cpci/Documents/INFORME_2025_COMERCIALES.pdf#page=105 (Anexo III, Inversión por grupos, pág. 105 del PDF)",medio público (o entidad pública)
2025,comercial,GRUPO INFOBAE S.A.,,7139.0,"https://www.lamoncloa.gob.es/serviciosdeprensa/cpci/Documents/INFORME_2025_COMERCIALES.pdf#page=105 (Anexo III, Inversión por grupos, pág. 105 del PDF)",
2025,comercial,GRUPO INTEREMPRESAS MEDIA,,7018.0,"https://www.lamoncloa.gob.es/serviciosdeprensa/cpci/Documents/INFORME_2025_COMERCIALES.pdf#page=106 (Anexo III, Inversión por grupos, pág. 106 del PDF)",
2025,comercial,TUDOR ROSE,,6860.0,"https://www.lamoncloa.gob.es/serviciosdeprensa/cpci/Documents/INFORME_2025_COMERCIALES.pdf#page=106 (Anexo III, Inversión por grupos, pág. 106 del PDF)",
2025,comercial,PROGRESSIVE MEDIA INTERNATIONAL,,6860.0,"https://www.lamoncloa.gob.es/serviciosdeprensa/cpci/Documents/INFORME_2025_COMERCIALES.pdf#page=106 (Anexo III, Inversión por grupos, pág. 106 del PDF)",
2025,comercial,ASOCIACIÓN ESPAÑOLA DE ANUNCIANTES,,6752.0,"https://www.lamoncloa.gob.es/serviciosdeprensa/cpci/Documents/INFORME_2025_COMERCIALES.pdf#page=106 (Anexo III, Inversión por grupos, pág. 106 del PDF)",
2025,comercial,MARIUSZ DASIEWICZ,,6600.0,"https://www.lamoncloa.gob.es/serviciosdeprensa/cpci/Documents/INFORME_2025_COMERCIALES.pdf#page=106 (Anexo III, Inversión por grupos, pág. 106 del PDF)",
2025,comercial,"ANDALUCÍA ECONÓMICA, S.A.",,6550.0,"https://www.lamoncloa.gob.es/serviciosdeprensa/cpci/Documents/INFORME_2025_COMERCIALES.pdf#page=106 (Anexo III, Inversión por grupos, pág. 106 del PDF)",
2025,comercial,"EGEOMAPPING, S.L.",,6500.0,"https://www.lamoncloa.gob.es/serviciosdeprensa/cpci/Documents/INFORME_2025_COMERCIALES.pdf#page=106 (Anexo III, Inversión por grupos, pág. 106 del PDF)",
2025,comercial,PEI GROUP,,6353.0,"https://www.lamoncloa.gob.es/serviciosdeprensa/cpci/Documents/INFORME_2025_COMERCIALES.pdf#page=106 (Anexo III, Inversión por grupos, pág. 106 del PDF)",
2025,comercial,BEKANE MEDIA,,6292.0,"https://www.lamoncloa.gob.es/serviciosdeprensa/cpci/Documents/INFORME_2025_COMERCIALES.pdf#page=106 (Anexo III, Inversión por grupos, pág. 106 del PDF)",
2025,comercial,"EVENTOS Y DIGITALES VALENCIANOS, S.L.",,6278.0,"https://www.lamoncloa.gob.es/serviciosdeprensa/cpci/Documents/INFORME_2025_COMERCIALES.pdf#page=106 (Anexo III, Inversión por grupos, pág. 106 del PDF)",
2025,comercial,TOT MEDIA,,6243.0,"https://www.lamoncloa.gob.es/serviciosdeprensa/cpci/Documents/INFORME_2025_COMERCIALES.pdf#page=106 (Anexo III, Inversión por grupos, pág. 106 del PDF)",
2025,comercial,SCOTT TAYLOR,,6200.0,"https://www.lamoncloa.gob.es/serviciosdeprensa/cpci/Documents/INFORME_2025_COMERCIALES.pdf#page=106 (Anexo III, Inversión por grupos, pág. 106 del PDF)",
2025,comercial,ASOCIACIÓN ESPAÑOLA DE NUMISMÁTICOS PROFESIONALES,,6098.0,"https://www.lamoncloa.gob.es/serviciosdeprensa/cpci/Documents/INFORME_2025_COMERCIALES.pdf#page=106 (Anexo III, Inversión por grupos, pág. 106 del PDF)",
2025,comercial,"MEDIAGROUP, S.L.",,6050.0,"https://www.lamoncloa.gob.es/serviciosdeprensa/cpci/Documents/INFORME_2025_COMERCIALES.pdf#page=106 (Anexo III, Inversión por grupos, pág. 106 del PDF)",
2025,comercial,TRES MULTIMEDIA CONSULTING S.L.,,6050.0,"https://www.lamoncloa.gob.es/serviciosdeprensa/cpci/Documents/INFORME_2025_COMERCIALES.pdf#page=106 (Anexo III, Inversión por grupos, pág. 106 del PDF)",
2025,comercial,GRUPO MORERA & VALLEJO,,6050.0,"https://www.lamoncloa.gob.es/serviciosdeprensa/cpci/Documents/INFORME_2025_COMERCIALES.pdf#page=106 (Anexo III, Inversión por grupos, pág. 106 del PDF)",
2025,comercial,GRUPO EIG MULTIMEDIA S.L.,,6050.0,"https://www.lamoncloa.gob.es/serviciosdeprensa/cpci/Documents/INFORME_2025_COMERCIALES.pdf#page=106 (Anexo III, Inversión por grupos, pág. 106 del PDF)",
2025,comercial,"D7 PUBLICIDAD, S.L.U.",,6044.0,"https://www.lamoncloa.gob.es/serviciosdeprensa/cpci/Documents/INFORME_2025_COMERCIALES.pdf#page=106 (Anexo III, Inversión por grupos, pág. 106 del PDF)",
2025,comercial,CRUISETIMES,,6000.0,"https://www.lamoncloa.gob.es/serviciosdeprensa/cpci/Documents/INFORME_2025_COMERCIALES.pdf#page=106 (Anexo III, Inversión por grupos, pág. 106 del PDF)",
2025,comercial,"CAPITAL RADIO ECONOMÍA, S.L.",,5868.0,"https://www.lamoncloa.gob.es/serviciosdeprensa/cpci/Documents/INFORME_2025_COMERCIALES.pdf#page=106 (Anexo III, Inversión por grupos, pág. 106 del PDF)",
2025,comercial,ASOCIACIÓN PARA LA AUTORREGULACIÓN DE LA COMUNICACIÓN COMERCIAL,,5741.0,"https://www.lamoncloa.gob.es/serviciosdeprensa/cpci/Documents/INFORME_2025_COMERCIALES.pdf#page=106 (Anexo III, Inversión por grupos, pág. 106 del PDF)",
2025,comercial,HOY ES ARTE,,5694.0,"https://www.lamoncloa.gob.es/serviciosdeprensa/cpci/Documents/INFORME_2025_COMERCIALES.pdf#page=106 (Anexo III, Inversión por grupos, pág. 106 del PDF)",
2025,comercial,EDITORIAL BUEN CAMINO,,5663.0,"https://www.lamoncloa.gob.es/serviciosdeprensa/cpci/Documents/INFORME_2025_COMERCIALES.pdf#page=106 (Anexo III, Inversión por grupos, pág. 106 del PDF)",
2025,comercial,"VALENMAR, S.L.",,5590.0,"https://www.lamoncloa.gob.es/serviciosdeprensa/cpci/Documents/INFORME_2025_COMERCIALES.pdf#page=106 (Anexo III, Inversión por grupos, pág. 106 del PDF)",
2025,comercial,"DIARIO DE SALAMANCA, S.L.",,5499.0,"https://www.lamoncloa.gob.es/serviciosdeprensa/cpci/Documents/INFORME_2025_COMERCIALES.pdf#page=106 (Anexo III, Inversión por grupos, pág. 106 del PDF)",
2025,comercial,WOMEN IN TECH,,5472.0,"https://www.lamoncloa.gob.es/serviciosdeprensa/cpci/Documents/INFORME_2025_COMERCIALES.pdf#page=106 (Anexo III, Inversión por grupos, pág. 106 del PDF)",
2025,comercial,GRUPO EDITORIAL OMNIMEDIA,,5463.0,"https://www.lamoncloa.gob.es/serviciosdeprensa/cpci/Documents/INFORME_2025_COMERCIALES.pdf#page=106 (Anexo III, Inversión por grupos, pág. 106 del PDF)",
2025,comercial,INTERCITY PUBLICIDAD EN RUTA S.L.U.,,5451.0,"https://www.lamoncloa.gob.es/serviciosdeprensa/cpci/Documents/INFORME_2025_COMERCIALES.pdf#page=106 (Anexo III, Inversión por grupos, pág. 106 del PDF)",
2025,comercial,OGGI CORPORATION,,5450.0,"https://www.lamoncloa.gob.es/serviciosdeprensa/cpci/Documents/INFORME_2025_COMERCIALES.pdf#page=106 (Anexo III, Inversión por grupos, pág. 106 del PDF)",
2025,comercial,GRUPO RAYET,,5445.0,"https://www.lamoncloa.gob.es/serviciosdeprensa/cpci/Documents/INFORME_2025_COMERCIALES.pdf#page=106 (Anexo III, Inversión por grupos, pág. 106 del PDF)",
2025,comercial,"ROLDÁN & ASOCIADOS, S.A.",,5445.0,"https://www.lamoncloa.gob.es/serviciosdeprensa/cpci/Documents/INFORME_2025_COMERCIALES.pdf#page=106 (Anexo III, Inversión por grupos, pág. 106 del PDF)",
2025,comercial,CUSTOMMEDIA,,5445.0,"https://www.lamoncloa.gob.es/serviciosdeprensa/cpci/Documents/INFORME_2025_COMERCIALES.pdf#page=106 (Anexo III, Inversión por grupos, pág. 106 del PDF)",
2025,comercial,THE BURLINGTON MAGAZINE FOUNDATION,,5412.0,"https://www.lamoncloa.gob.es/serviciosdeprensa/cpci/Documents/INFORME_2025_COMERCIALES.pdf#page=106 (Anexo III, Inversión por grupos, pág. 106 del PDF)",
2025,comercial,"EDITORIAL LA CAPITAL, S.L.",,5392.0,"https://www.lamoncloa.gob.es/serviciosdeprensa/cpci/Documents/INFORME_2025_COMERCIALES.pdf#page=106 (Anexo III, Inversión por grupos, pág. 106 del PDF)",
2025,comercial,PREMSA D'OSONA SA,,5265.0,"https://www.lamoncloa.gob.es/serviciosdeprensa/cpci/Documents/INFORME_2025_COMERCIALES.pdf#page=106 (Anexo III, Inversión por grupos, pág. 106 del PDF)",
2025,comercial,THE DAILY TELEVISION LLC.,,5229.0,"https://www.lamoncloa.gob.es/serviciosdeprensa/cpci/Documents/INFORME_2025_COMERCIALES.pdf#page=106 (Anexo III, Inversión por grupos, pág. 106 del PDF)",
2025,comercial,ZOCO FLAMENCO (JUAN JOSÉ LEONOR GONZÁLEZ),,5227.0,"https://www.lamoncloa.gob.es/serviciosdeprensa/cpci/Documents/INFORME_2025_COMERCIALES.pdf#page=106 (Anexo III, Inversión por grupos, pág. 106 del PDF)",
2025,comercial,AFAMMER,,5227.0,"https://www.lamoncloa.gob.es/serviciosdeprensa/cpci/Documents/INFORME_2025_COMERCIALES.pdf#page=106 (Anexo III, Inversión por grupos, pág. 106 del PDF)",
2025,comercial,GRUPO PRENSA PITIUSA,,5209.0,"https://www.lamoncloa.gob.es/serviciosdeprensa/cpci/Documents/INFORME_2025_COMERCIALES.pdf#page=106 (Anexo III, Inversión por grupos, pág. 106 del PDF)",
2025,comercial,"NEXO EDITORES, S.L.",,5203.0,"https://www.lamoncloa.gob.es/serviciosdeprensa/cpci/Documents/INFORME_2025_COMERCIALES.pdf#page=107 (Anexo III, Inversión por grupos, pág. 107 del PDF)",
2025,comercial,"ALTERNATIVAS ECONÓMICAS, SCCL",,5086.0,"https://www.lamoncloa.gob.es/serviciosdeprensa/cpci/Documents/INFORME_2025_COMERCIALES.pdf#page=107 (Anexo III, Inversión por grupos, pág. 107 del PDF)",
2025,comercial,GO! LEÓN S.L.,,5082.0,"https://www.lamoncloa.gob.es/serviciosdeprensa/cpci/Documents/INFORME_2025_COMERCIALES.pdf#page=107 (Anexo III, Inversión por grupos, pág. 107 del PDF)",
2025,comercial,MAINKORE,,5059.0,"https://www.lamoncloa.gob.es/serviciosdeprensa/cpci/Documents/INFORME_2025_COMERCIALES.pdf#page=107 (Anexo III, Inversión por grupos, pág. 107 del PDF)",
2025,comercial,"PARVUS MEDIA, S.L.",,4840.0,"https://www.lamoncloa.gob.es/serviciosdeprensa/cpci/Documents/INFORME_2025_COMERCIALES.pdf#page=107 (Anexo III, Inversión por grupos, pág. 107 del PDF)",
2025,comercial,GRUPO EROSKI,,4840.0,"https://www.lamoncloa.gob.es/serviciosdeprensa/cpci/Documents/INFORME_2025_COMERCIALES.pdf#page=107 (Anexo III, Inversión por grupos, pág. 107 del PDF)",
2025,comercial,ADG MEDIA GROUP,,4840.0,"https://www.lamoncloa.gob.es/serviciosdeprensa/cpci/Documents/INFORME_2025_COMERCIALES.pdf#page=107 (Anexo III, Inversión por grupos, pág. 107 del PDF)",
2025,comercial,GRUPO ARVIA,,4749.0,"https://www.lamoncloa.gob.es/serviciosdeprensa/cpci/Documents/INFORME_2025_COMERCIALES.pdf#page=107 (Anexo III, Inversión por grupos, pág. 107 del PDF)",
2025,comercial,"PILLOW DREAMS, S.L.",,4719.0,"https://www.lamoncloa.gob.es/serviciosdeprensa/cpci/Documents/INFORME_2025_COMERCIALES.pdf#page=107 (Anexo III, Inversión por grupos, pág. 107 del PDF)",
2025,comercial,TIME OUT GROUP PLC,,4703.0,"https://www.lamoncloa.gob.es/serviciosdeprensa/cpci/Documents/INFORME_2025_COMERCIALES.pdf#page=107 (Anexo III, Inversión por grupos, pág. 107 del PDF)",
2025,comercial,AEROSUN MEDIA GROUP,,4700.0,"https://www.lamoncloa.gob.es/serviciosdeprensa/cpci/Documents/INFORME_2025_COMERCIALES.pdf#page=107 (Anexo III, Inversión por grupos, pág. 107 del PDF)",
2025,comercial,"ORNA COMUNICACIÓN, SL",,4679.0,"https://www.lamoncloa.gob.es/serviciosdeprensa/cpci/Documents/INFORME_2025_COMERCIALES.pdf#page=107 (Anexo III, Inversión por grupos, pág. 107 del PDF)",
2025,comercial,CAPITAL GESTIÓN EDITORIAL S.L.,,4659.0,"https://www.lamoncloa.gob.es/serviciosdeprensa/cpci/Documents/INFORME_2025_COMERCIALES.pdf#page=107 (Anexo III, Inversión por grupos, pág. 107 del PDF)",
2025,comercial,MDPI,,4575.0,"https://www.lamoncloa.gob.es/serviciosdeprensa/cpci/Documents/INFORME_2025_COMERCIALES.pdf#page=107 (Anexo III, Inversión por grupos, pág. 107 del PDF)",
2025,comercial,ROSS DICKSON Y JIM CRESKEY,,4550.0,"https://www.lamoncloa.gob.es/serviciosdeprensa/cpci/Documents/INFORME_2025_COMERCIALES.pdf#page=107 (Anexo III, Inversión por grupos, pág. 107 del PDF)",
2025,comercial,"EL MERCANTIL, S.L.",,4538.0,"https://www.lamoncloa.gob.es/serviciosdeprensa/cpci/Documents/INFORME_2025_COMERCIALES.pdf#page=107 (Anexo III, Inversión por grupos, pág. 107 del PDF)",
2025,comercial,"EDIPRESS DIGITAL, SL",,4477.0,"https://www.lamoncloa.gob.es/serviciosdeprensa/cpci/Documents/INFORME_2025_COMERCIALES.pdf#page=107 (Anexo III, Inversión por grupos, pág. 107 del PDF)",
2025,comercial,"HAYA COMUNICACIÓN, S.L.",,4438.0,"https://www.lamoncloa.gob.es/serviciosdeprensa/cpci/Documents/INFORME_2025_COMERCIALES.pdf#page=107 (Anexo III, Inversión por grupos, pág. 107 del PDF)",
2025,comercial,PREMSA COMARCAL VALENCIANA,,4235.0,"https://www.lamoncloa.gob.es/serviciosdeprensa/cpci/Documents/INFORME_2025_COMERCIALES.pdf#page=107 (Anexo III, Inversión por grupos, pág. 107 del PDF)",
2025,comercial,AINE (ASOCIACIÓN DE INGENIEROS NAVALES Y OCEÁNICOS DE ESPAÑA),,4235.0,"https://www.lamoncloa.gob.es/serviciosdeprensa/cpci/Documents/INFORME_2025_COMERCIALES.pdf#page=107 (Anexo III, Inversión por grupos, pág. 107 del PDF)",
2025,comercial,TOTMEDIA COMUNICACIO SL.,,4183.0,"https://www.lamoncloa.gob.es/serviciosdeprensa/cpci/Documents/INFORME_2025_COMERCIALES.pdf#page=107 (Anexo III, Inversión por grupos, pág. 107 del PDF)",
2025,comercial,KEY PUBLISHING,,4054.0,"https://www.lamoncloa.gob.es/serviciosdeprensa/cpci/Documents/INFORME_2025_COMERCIALES.pdf#page=107 (Anexo III, Inversión por grupos, pág. 107 del PDF)",
2025,comercial,"LOGOPRESS COMUNICACIÓN, S.L.",,4000.0,"https://www.lamoncloa.gob.es/serviciosdeprensa/cpci/Documents/INFORME_2025_COMERCIALES.pdf#page=107 (Anexo III, Inversión por grupos, pág. 107 del PDF)",
2025,comercial,NOROESTE EN RED,,3872.0,"https://www.lamoncloa.gob.es/serviciosdeprensa/cpci/Documents/INFORME_2025_COMERCIALES.pdf#page=107 (Anexo III, Inversión por grupos, pág. 107 del PDF)",
2025,comercial,"EXPO GALERÍA, S.L.",,3872.0,"https://www.lamoncloa.gob.es/serviciosdeprensa/cpci/Documents/INFORME_2025_COMERCIALES.pdf#page=107 (Anexo III, Inversión por grupos, pág. 107 del PDF)",
2025,comercial,"ENERGY NEWS EVENTS, S.L.",,3751.0,"https://www.lamoncloa.gob.es/serviciosdeprensa/cpci/Documents/INFORME_2025_COMERCIALES.pdf#page=107 (Anexo III, Inversión por grupos, pág. 107 del PDF)",
2025,comercial,INDESIGN MEDIA GROUP,,3678.0,"https://www.lamoncloa.gob.es/serviciosdeprensa/cpci/Documents/INFORME_2025_COMERCIALES.pdf#page=107 (Anexo III, Inversión por grupos, pág. 107 del PDF)",
2025,comercial,"LIRAFIZ COMUNICACIONES, S.L.",,3630.0,"https://www.lamoncloa.gob.es/serviciosdeprensa/cpci/Documents/INFORME_2025_COMERCIALES.pdf#page=107 (Anexo III, Inversión por grupos, pág. 107 del PDF)",
2025,comercial,GRUPO SERVEO,,3630.0,"https://www.lamoncloa.gob.es/serviciosdeprensa/cpci/Documents/INFORME_2025_COMERCIALES.pdf#page=107 (Anexo III, Inversión por grupos, pág. 107 del PDF)",
2025,comercial,"VIAJES IN OUT TRAVEL, S.L.",,3630.0,"https://www.lamoncloa.gob.es/serviciosdeprensa/cpci/Documents/INFORME_2025_COMERCIALES.pdf#page=107 (Anexo III, Inversión por grupos, pág. 107 del PDF)",
2025,comercial,GRUPO MOSAYCO,,3630.0,"https://www.lamoncloa.gob.es/serviciosdeprensa/cpci/Documents/INFORME_2025_COMERCIALES.pdf#page=107 (Anexo III, Inversión por grupos, pág. 107 del PDF)",
2025,comercial,NAUCHER GLOBAL,,3630.0,"https://www.lamoncloa.gob.es/serviciosdeprensa/cpci/Documents/INFORME_2025_COMERCIALES.pdf#page=107 (Anexo III, Inversión por grupos, pág. 107 del PDF)",
2025,comercial,BRANDS & ROSES S.L.,,3630.0,"https://www.lamoncloa.gob.es/serviciosdeprensa/cpci/Documents/INFORME_2025_COMERCIALES.pdf#page=107 (Anexo III, Inversión por grupos, pág. 107 del PDF)",
2025,comercial,GRUPO DIARIO 16,,3630.0,"https://www.lamoncloa.gob.es/serviciosdeprensa/cpci/Documents/INFORME_2025_COMERCIALES.pdf#page=107 (Anexo III, Inversión por grupos, pág. 107 del PDF)",
2025,comercial,DOTDASH MEREDITH,,3630.0,"https://www.lamoncloa.gob.es/serviciosdeprensa/cpci/Documents/INFORME_2025_COMERCIALES.pdf#page=107 (Anexo III, Inversión por grupos, pág. 107 del PDF)",
2025,comercial,FUNDACIÓN SISTEMA,,3630.0,"https://www.lamoncloa.gob.es/serviciosdeprensa/cpci/Documents/INFORME_2025_COMERCIALES.pdf#page=107 (Anexo III, Inversión por grupos, pág. 107 del PDF)",
2025,comercial,GRUPO NOVA ÁGORA,,3624.0,"https://www.lamoncloa.gob.es/serviciosdeprensa/cpci/Documents/INFORME_2025_COMERCIALES.pdf#page=107 (Anexo III, Inversión por grupos, pág. 107 del PDF)",
2025,comercial,NUMISMATISCHES TEAM KAMPMANN FAMA GMBH,,3612.0,"https://www.lamoncloa.gob.es/serviciosdeprensa/cpci/Documents/INFORME_2025_COMERCIALES.pdf#page=107 (Anexo III, Inversión por grupos, pág. 107 del PDF)",
2025,comercial,"EDICIONES LA MESETA, S.L.",,3572.0,"https://www.lamoncloa.gob.es/serviciosdeprensa/cpci/Documents/INFORME_2025_COMERCIALES.pdf#page=107 (Anexo III, Inversión por grupos, pág. 107 del PDF)",
2025,comercial,CORRESPONSABLES,,3570.0,"https://www.lamoncloa.gob.es/serviciosdeprensa/cpci/Documents/INFORME_2025_COMERCIALES.pdf#page=108 (Anexo III, Inversión por grupos, pág. 108 del PDF)",
2025,comercial,FAKOY CORPORATION,,3467.0,"https://www.lamoncloa.gob.es/serviciosdeprensa/cpci/Documents/INFORME_2025_COMERCIALES.pdf#page=108 (Anexo III, Inversión por grupos, pág. 108 del PDF)",
2025,comercial,"FAXMEDIA, S.L.",,3453.0,"https://www.lamoncloa.gob.es/serviciosdeprensa/cpci/Documents/INFORME_2025_COMERCIALES.pdf#page=108 (Anexo III, Inversión por grupos, pág. 108 del PDF)",
2025,comercial,ZIMMERPRESS,,3449.0,"https://www.lamoncloa.gob.es/serviciosdeprensa/cpci/Documents/INFORME_2025_COMERCIALES.pdf#page=108 (Anexo III, Inversión por grupos, pág. 108 del PDF)",
2025,comercial,"MANUEL ALVAREZ LLANA, S.L.",,3436.0,"https://www.lamoncloa.gob.es/serviciosdeprensa/cpci/Documents/INFORME_2025_COMERCIALES.pdf#page=108 (Anexo III, Inversión por grupos, pág. 108 del PDF)",
2025,comercial,"CULTURA INQUIETA, S.L.",,3418.0,"https://www.lamoncloa.gob.es/serviciosdeprensa/cpci/Documents/INFORME_2025_COMERCIALES.pdf#page=108 (Anexo III, Inversión por grupos, pág. 108 del PDF)",
2025,comercial,NOVUS INNOVACIÓN DIGITAL,,3405.0,"https://www.lamoncloa.gob.es/serviciosdeprensa/cpci/Documents/INFORME_2025_COMERCIALES.pdf#page=108 (Anexo III, Inversión por grupos, pág. 108 del PDF)",
2025,comercial,GRUPO EVENTOPLUS,,3388.0,"https://www.lamoncloa.gob.es/serviciosdeprensa/cpci/Documents/INFORME_2025_COMERCIALES.pdf#page=108 (Anexo III, Inversión por grupos, pág. 108 del PDF)",
2025,comercial,"DOS MIL PALABRAS, SL",,3388.0,"https://www.lamoncloa.gob.es/serviciosdeprensa/cpci/Documents/INFORME_2025_COMERCIALES.pdf#page=108 (Anexo III, Inversión por grupos, pág. 108 del PDF)",
2025,comercial,SOCIEDAD NUCLEAR ESPAÑOLA,,3352.0,"https://www.lamoncloa.gob.es/serviciosdeprensa/cpci/Documents/INFORME_2025_COMERCIALES.pdf#page=108 (Anexo III, Inversión por grupos, pág. 108 del PDF)",
2025,comercial,"EDITORES DEL ESTRECHO, S.L.",,3267.0,"https://www.lamoncloa.gob.es/serviciosdeprensa/cpci/Documents/INFORME_2025_COMERCIALES.pdf#page=108 (Anexo III, Inversión por grupos, pág. 108 del PDF)",
2025,comercial,BACHTRACK LTD,,3267.0,"https://www.lamoncloa.gob.es/serviciosdeprensa/cpci/Documents/INFORME_2025_COMERCIALES.pdf#page=108 (Anexo III, Inversión por grupos, pág. 108 del PDF)",
2025,comercial,GRUPO CANAL DE ISABEL II,,3267.0,"https://www.lamoncloa.gob.es/serviciosdeprensa/cpci/Documents/INFORME_2025_COMERCIALES.pdf#page=108 (Anexo III, Inversión por grupos, pág. 108 del PDF)",
2025,comercial,"ART DUOMO GLOBAL, S.L.",,3263.0,"https://www.lamoncloa.gob.es/serviciosdeprensa/cpci/Documents/INFORME_2025_COMERCIALES.pdf#page=108 (Anexo III, Inversión por grupos, pág. 108 del PDF)",
2025,comercial,GRUPO NERVION,,3228.0,"https://www.lamoncloa.gob.es/serviciosdeprensa/cpci/Documents/INFORME_2025_COMERCIALES.pdf#page=108 (Anexo III, Inversión por grupos, pág. 108 del PDF)",
2025,comercial,COMUNIDAD DE MADRID,,3205.0,"https://www.lamoncloa.gob.es/serviciosdeprensa/cpci/Documents/INFORME_2025_COMERCIALES.pdf#page=108 (Anexo III, Inversión por grupos, pág. 108 del PDF)",
2025,comercial,LA CUENCA IMAGEN Y COMUNICACIÓN,,3127.0,"https://www.lamoncloa.gob.es/serviciosdeprensa/cpci/Documents/INFORME_2025_COMERCIALES.pdf#page=108 (Anexo III, Inversión por grupos, pág. 108 del PDF)",
2025,comercial,EDITIONS LE FIL D'ARIANE,,3076.0,"https://www.lamoncloa.gob.es/serviciosdeprensa/cpci/Documents/INFORME_2025_COMERCIALES.pdf#page=108 (Anexo III, Inversión por grupos, pág. 108 del PDF)",
2025,comercial,TTVMEDIA,,3000.0,"https://www.lamoncloa.gob.es/serviciosdeprensa/cpci/Documents/INFORME_2025_COMERCIALES.pdf#page=108 (Anexo III, Inversión por grupos, pág. 108 del PDF)",
2025,comercial,PRIMER-ACTO,,2936.0,"https://www.lamoncloa.gob.es/serviciosdeprensa/cpci/Documents/INFORME_2025_COMERCIALES.pdf#page=108 (Anexo III, Inversión por grupos, pág. 108 del PDF)",
2025,comercial,"KAIJI PRESS CO., LTD",,2900.0,"https://www.lamoncloa.gob.es/serviciosdeprensa/cpci/Documents/INFORME_2025_COMERCIALES.pdf#page=108 (Anexo III, Inversión por grupos, pág. 108 del PDF)",
2025,comercial,WILMINGTON BUSINESS PUBLISHING,,2874.0,"https://www.lamoncloa.gob.es/serviciosdeprensa/cpci/Documents/INFORME_2025_COMERCIALES.pdf#page=108 (Anexo III, Inversión por grupos, pág. 108 del PDF)",
2025,comercial,EDICIONES DE TRANSPORTES Y LOGÍSTICA S.L.,,2844.0,"https://www.lamoncloa.gob.es/serviciosdeprensa/cpci/Documents/INFORME_2025_COMERCIALES.pdf#page=108 (Anexo III, Inversión por grupos, pág. 108 del PDF)",
2025,comercial,ASOCIACIÓN SUSYQ,,2807.0,"https://www.lamoncloa.gob.es/serviciosdeprensa/cpci/Documents/INFORME_2025_COMERCIALES.pdf#page=108 (Anexo III, Inversión por grupos, pág. 108 del PDF)",
2025,comercial,"ACTUALIDAD MEDIA, SL",,2723.0,"https://www.lamoncloa.gob.es/serviciosdeprensa/cpci/Documents/INFORME_2025_COMERCIALES.pdf#page=108 (Anexo III, Inversión por grupos, pág. 108 del PDF)",
2025,comercial,ASOCIACIÓN NUEVAS AUDIENCIAS,,2710.0,"https://www.lamoncloa.gob.es/serviciosdeprensa/cpci/Documents/INFORME_2025_COMERCIALES.pdf#page=108 (Anexo III, Inversión por grupos, pág. 108 del PDF)",
2025,comercial,ASOCIACIÓN DE DIRECTIVOS DE COMUNICACIÓN,,2708.0,"https://www.lamoncloa.gob.es/serviciosdeprensa/cpci/Documents/INFORME_2025_COMERCIALES.pdf#page=108 (Anexo III, Inversión por grupos, pág. 108 del PDF)",
2025,comercial,SOCIALPUBLI S.L.,,2675.0,"https://www.lamoncloa.gob.es/serviciosdeprensa/cpci/Documents/INFORME_2025_COMERCIALES.pdf#page=108 (Anexo III, Inversión por grupos, pág. 108 del PDF)",
2025,comercial,RTVM,,2662.0,"https://www.lamoncloa.gob.es/serviciosdeprensa/cpci/Documents/INFORME_2025_COMERCIALES.pdf#page=108 (Anexo III, Inversión por grupos, pág. 108 del PDF)",
2025,comercial,SEN.TV LLC,,2642.0,"https://www.lamoncloa.gob.es/serviciosdeprensa/cpci/Documents/INFORME_2025_COMERCIALES.pdf#page=108 (Anexo III, Inversión por grupos, pág. 108 del PDF)",
2025,comercial,PRODUCCIÓN & DISTRIBUCIÓN CORP.,,2585.0,"https://www.lamoncloa.gob.es/serviciosdeprensa/cpci/Documents/INFORME_2025_COMERCIALES.pdf#page=108 (Anexo III, Inversión por grupos, pág. 108 del PDF)",
2025,comercial,DEFENSEHERE,,2560.0,"https://www.lamoncloa.gob.es/serviciosdeprensa/cpci/Documents/INFORME_2025_COMERCIALES.pdf#page=108 (Anexo III, Inversión por grupos, pág. 108 del PDF)",
2025,comercial,SOCIAL MEDIA LOCAL S.L.U.,,2541.0,"https://www.lamoncloa.gob.es/serviciosdeprensa/cpci/Documents/INFORME_2025_COMERCIALES.pdf#page=108 (Anexo III, Inversión por grupos, pág. 108 del PDF)",
2025,comercial,"ANAPAL, S.L.",,2516.0,"https://www.lamoncloa.gob.es/serviciosdeprensa/cpci/Documents/INFORME_2025_COMERCIALES.pdf#page=108 (Anexo III, Inversión por grupos, pág. 108 del PDF)",
2025,comercial,"IPSUM PLANET, S.L.",,2471.0,"https://www.lamoncloa.gob.es/serviciosdeprensa/cpci/Documents/INFORME_2025_COMERCIALES.pdf#page=108 (Anexo III, Inversión por grupos, pág. 108 del PDF)",
2025,comercial,DANZA BALLET,,2468.0,"https://www.lamoncloa.gob.es/serviciosdeprensa/cpci/Documents/INFORME_2025_COMERCIALES.pdf#page=108 (Anexo III, Inversión por grupos, pág. 108 del PDF)",
2025,comercial,AVIATION WEEK NETWORK,,2450.0,"https://www.lamoncloa.gob.es/serviciosdeprensa/cpci/Documents/INFORME_2025_COMERCIALES.pdf#page=108 (Anexo III, Inversión por grupos, pág. 108 del PDF)",
2025,comercial,LOGAN,,2432.0,"https://www.lamoncloa.gob.es/serviciosdeprensa/cpci/Documents/INFORME_2025_COMERCIALES.pdf#page=108 (Anexo III, Inversión por grupos, pág. 108 del PDF)",
2025,comercial,TPNET,,2432.0,"https://www.lamoncloa.gob.es/serviciosdeprensa/cpci/Documents/INFORME_2025_COMERCIALES.pdf#page=108 (Anexo III, Inversión por grupos, pág. 108 del PDF)",
2025,comercial,MAFEX ASOCIACION ESPAÑOLA DE FABRICANTES EXPORTADORES DE MATERIAL EQUIPOS Y SERVICIOS FERROVIARIOS ASOCIACIÓN,,2420.0,"https://www.lamoncloa.gob.es/serviciosdeprensa/cpci/Documents/INFORME_2025_COMERCIALES.pdf#page=109 (Anexo III, Inversión por grupos, pág. 109 del PDF)",
2025,comercial,LABOR GRUPO COMUNICACION S.L.,,2420.0,"https://www.lamoncloa.gob.es/serviciosdeprensa/cpci/Documents/INFORME_2025_COMERCIALES.pdf#page=109 (Anexo III, Inversión por grupos, pág. 109 del PDF)",
2025,comercial,SPIRE GLOBAL ADVISERS AG,,2420.0,"https://www.lamoncloa.gob.es/serviciosdeprensa/cpci/Documents/INFORME_2025_COMERCIALES.pdf#page=109 (Anexo III, Inversión por grupos, pág. 109 del PDF)",
2025,comercial,ASOCIACION MARKETING DE ESPAÑA,,2420.0,"https://www.lamoncloa.gob.es/serviciosdeprensa/cpci/Documents/INFORME_2025_COMERCIALES.pdf#page=109 (Anexo III, Inversión por grupos, pág. 109 del PDF)",
2025,comercial,GRUPO EDITORIAL GO!,,2420.0,"https://www.lamoncloa.gob.es/serviciosdeprensa/cpci/Documents/INFORME_2025_COMERCIALES.pdf#page=109 (Anexo III, Inversión por grupos, pág. 109 del PDF)",
2025,comercial,"EDITORA DE PUBLICACIONES ESPECIALIZADAS, SLL",,2420.0,"https://www.lamoncloa.gob.es/serviciosdeprensa/cpci/Documents/INFORME_2025_COMERCIALES.pdf#page=109 (Anexo III, Inversión por grupos, pág. 109 del PDF)",
2025,comercial,DAVID RECIO GIL,,2420.0,"https://www.lamoncloa.gob.es/serviciosdeprensa/cpci/Documents/INFORME_2025_COMERCIALES.pdf#page=109 (Anexo III, Inversión por grupos, pág. 109 del PDF)",
2025,comercial,TAISEI COINS CORPORATION,,2381.0,"https://www.lamoncloa.gob.es/serviciosdeprensa/cpci/Documents/INFORME_2025_COMERCIALES.pdf#page=109 (Anexo III, Inversión por grupos, pág. 109 del PDF)",
2025,comercial,"MEDIA CONSULTING Y ASESORÍA, S.L.",,2360.0,"https://www.lamoncloa.gob.es/serviciosdeprensa/cpci/Documents/INFORME_2025_COMERCIALES.pdf#page=109 (Anexo III, Inversión por grupos, pág. 109 del PDF)",
2025,comercial,EDICIONES IPARRAGUIRRE,,2360.0,"https://www.lamoncloa.gob.es/serviciosdeprensa/cpci/Documents/INFORME_2025_COMERCIALES.pdf#page=109 (Anexo III, Inversión por grupos, pág. 109 del PDF)",
2025,comercial,EDITORIAL BALLENA BLANCA,,2299.0,"https://www.lamoncloa.gob.es/serviciosdeprensa/cpci/Documents/INFORME_2025_COMERCIALES.pdf#page=109 (Anexo III, Inversión por grupos, pág. 109 del PDF)",
2025,comercial,MARITIME CONTENT LTD.,,2175.0,"https://www.lamoncloa.gob.es/serviciosdeprensa/cpci/Documents/INFORME_2025_COMERCIALES.pdf#page=109 (Anexo III, Inversión por grupos, pág. 109 del PDF)",
2025,comercial,"CADESUM DIGITAL, S.L.",,2118.0,"https://www.lamoncloa.gob.es/serviciosdeprensa/cpci/Documents/INFORME_2025_COMERCIALES.pdf#page=109 (Anexo III, Inversión por grupos, pág. 109 del PDF)",
2025,comercial,VIDA ECONÓMICA S.A.,,2057.0,"https://www.lamoncloa.gob.es/serviciosdeprensa/cpci/Documents/INFORME_2025_COMERCIALES.pdf#page=109 (Anexo III, Inversión por grupos, pág. 109 del PDF)",
2025,comercial,JEROJA6,,2057.0,"https://www.lamoncloa.gob.es/serviciosdeprensa/cpci/Documents/INFORME_2025_COMERCIALES.pdf#page=109 (Anexo III, Inversión por grupos, pág. 109 del PDF)",
2025,comercial,"CAXIER EDICIONS, S.L.",,2050.0,"https://www.lamoncloa.gob.es/serviciosdeprensa/cpci/Documents/INFORME_2025_COMERCIALES.pdf#page=109 (Anexo III, Inversión por grupos, pág. 109 del PDF)",
2025,comercial,DEFENCE24 LTD,,2000.0,"https://www.lamoncloa.gob.es/serviciosdeprensa/cpci/Documents/INFORME_2025_COMERCIALES.pdf#page=109 (Anexo III, Inversión por grupos, pág. 109 del PDF)",
2025,comercial,PLANETA-ATRESMEDIA,,1972.0,"https://www.lamoncloa.gob.es/serviciosdeprensa/cpci/Documents/INFORME_2025_COMERCIALES.pdf#page=109 (Anexo III, Inversión por grupos, pág. 109 del PDF)",
2025,comercial,GRUPO RUTAS,,1960.0,"https://www.lamoncloa.gob.es/serviciosdeprensa/cpci/Documents/INFORME_2025_COMERCIALES.pdf#page=109 (Anexo III, Inversión por grupos, pág. 109 del PDF)",
2025,comercial,MERCASA,,1960.0,"https://www.lamoncloa.gob.es/serviciosdeprensa/cpci/Documents/INFORME_2025_COMERCIALES.pdf#page=109 (Anexo III, Inversión por grupos, pág. 109 del PDF)",
2025,comercial,"DIARIO DE PRENSA DIGITAL, S.L.",,1936.0,"https://www.lamoncloa.gob.es/serviciosdeprensa/cpci/Documents/INFORME_2025_COMERCIALES.pdf#page=109 (Anexo III, Inversión por grupos, pág. 109 del PDF)",aparece varias veces en la tabla del informe con importes distintos (se conservan todas las filas)
2025,comercial,GRUP DE DIARIS DIGITALS DE CATALUNYA,,1936.0,"https://www.lamoncloa.gob.es/serviciosdeprensa/cpci/Documents/INFORME_2025_COMERCIALES.pdf#page=109 (Anexo III, Inversión por grupos, pág. 109 del PDF)",
2025,comercial,BATTENBERG BAYERLAND VERLAG,,1936.0,"https://www.lamoncloa.gob.es/serviciosdeprensa/cpci/Documents/INFORME_2025_COMERCIALES.pdf#page=109 (Anexo III, Inversión por grupos, pág. 109 del PDF)",
2025,comercial,"EDICIONES DEL NORTE, S.L.",,1876.0,"https://www.lamoncloa.gob.es/serviciosdeprensa/cpci/Documents/INFORME_2025_COMERCIALES.pdf#page=109 (Anexo III, Inversión por grupos, pág. 109 del PDF)",
2025,comercial,EXPANSIÓN SERVICIOS DE PUBLICIDAD EXTERIOR S.L.,,1839.0,"https://www.lamoncloa.gob.es/serviciosdeprensa/cpci/Documents/INFORME_2025_COMERCIALES.pdf#page=109 (Anexo III, Inversión por grupos, pág. 109 del PDF)",
2025,comercial,INK,,1831.0,"https://www.lamoncloa.gob.es/serviciosdeprensa/cpci/Documents/INFORME_2025_COMERCIALES.pdf#page=109 (Anexo III, Inversión por grupos, pág. 109 del PDF)",
2025,comercial,"ECOS C-LM, S.L.",,1824.0,"https://www.lamoncloa.gob.es/serviciosdeprensa/cpci/Documents/INFORME_2025_COMERCIALES.pdf#page=109 (Anexo III, Inversión por grupos, pág. 109 del PDF)",
2025,comercial,RINUSVALY ESPORT,,1815.0,"https://www.lamoncloa.gob.es/serviciosdeprensa/cpci/Documents/INFORME_2025_COMERCIALES.pdf#page=109 (Anexo III, Inversión por grupos, pág. 109 del PDF)",
2025,comercial,"MULTIMEDIA EDICIONES GLOBALES, S.L.",,1815.0,"https://www.lamoncloa.gob.es/serviciosdeprensa/cpci/Documents/INFORME_2025_COMERCIALES.pdf#page=109 (Anexo III, Inversión por grupos, pág. 109 del PDF)",
2025,comercial,FUNDACIÓN VÍCTIMAS DEL TERRORISMO,,1815.0,"https://www.lamoncloa.gob.es/serviciosdeprensa/cpci/Documents/INFORME_2025_COMERCIALES.pdf#page=109 (Anexo III, Inversión por grupos, pág. 109 del PDF)",
2025,comercial,"EDICIONES JAGUAR, S.A.U.",,1755.0,"https://www.lamoncloa.gob.es/serviciosdeprensa/cpci/Documents/INFORME_2025_COMERCIALES.pdf#page=109 (Anexo III, Inversión por grupos, pág. 109 del PDF)",
2025,comercial,IMEDIACYL,,1743.0,"https://www.lamoncloa.gob.es/serviciosdeprensa/cpci/Documents/INFORME_2025_COMERCIALES.pdf#page=109 (Anexo III, Inversión por grupos, pág. 109 del PDF)",
2025,comercial,EPE DIARIO LANZA,,1742.0,"https://www.lamoncloa.gob.es/serviciosdeprensa/cpci/Documents/INFORME_2025_COMERCIALES.pdf#page=109 (Anexo III, Inversión por grupos, pág. 109 del PDF)",
2025,comercial,GRUP EL CARGOL,,1730.0,"https://www.lamoncloa.gob.es/serviciosdeprensa/cpci/Documents/INFORME_2025_COMERCIALES.pdf#page=109 (Anexo III, Inversión por grupos, pág. 109 del PDF)",
2025,comercial,AVANT GARDE EDICIONES S.A.,,1729.0,"https://www.lamoncloa.gob.es/serviciosdeprensa/cpci/Documents/INFORME_2025_COMERCIALES.pdf#page=109 (Anexo III, Inversión por grupos, pág. 109 del PDF)",
2025,comercial,"GUIDO OMNICHANNEL, S.L.",,1714.0,"https://www.lamoncloa.gob.es/serviciosdeprensa/cpci/Documents/INFORME_2025_COMERCIALES.pdf#page=109 (Anexo III, Inversión por grupos, pág. 109 del PDF)",
2025,comercial,"EVILUX, S.L.",,1694.0,"https://www.lamoncloa.gob.es/serviciosdeprensa/cpci/Documents/INFORME_2025_COMERCIALES.pdf#page=109 (Anexo III, Inversión por grupos, pág. 109 del PDF)",
2025,comercial,"FEDERACIÓN ESPAÑOLA DE TRANSITARIOS, EXPEDIDORES INTERNACIONALES Y ASIMILADOS",,1694.0,"https://www.lamoncloa.gob.es/serviciosdeprensa/cpci/Documents/INFORME_2025_COMERCIALES.pdf#page=109 (Anexo III, Inversión por grupos, pág. 109 del PDF)",
2025,comercial,ASSOCIACIÓ DE MITJANS D´INFORMACIÓ Y COMUNICACIÓ,,1690.0,"https://www.lamoncloa.gob.es/serviciosdeprensa/cpci/Documents/INFORME_2025_COMERCIALES.pdf#page=109 (Anexo III, Inversión por grupos, pág. 109 del PDF)",
2025,comercial,"SERVICIOS GENERALES DE COMUNICACIÓN Y GESTIÓN, S.L.",,1634.0,"https://www.lamoncloa.gob.es/serviciosdeprensa/cpci/Documents/INFORME_2025_COMERCIALES.pdf#page=110 (Anexo III, Inversión por grupos, pág. 110 del PDF)",
2025,comercial,GROUP GMBH & CO. KG,,1613.0,"https://www.lamoncloa.gob.es/serviciosdeprensa/cpci/Documents/INFORME_2025_COMERCIALES.pdf#page=110 (Anexo III, Inversión por grupos, pág. 110 del PDF)",
2025,comercial,FLAMENCORED.COM,,1573.0,"https://www.lamoncloa.gob.es/serviciosdeprensa/cpci/Documents/INFORME_2025_COMERCIALES.pdf#page=110 (Anexo III, Inversión por grupos, pág. 110 del PDF)",
2025,comercial,"SERVICIOS INDUSTRIALES PESQUEROS, S.A. (SIPSA)",,1543.0,"https://www.lamoncloa.gob.es/serviciosdeprensa/cpci/Documents/INFORME_2025_COMERCIALES.pdf#page=110 (Anexo III, Inversión por grupos, pág. 110 del PDF)",
2025,comercial,CATECONÓMICA,,1513.0,"https://www.lamoncloa.gob.es/serviciosdeprensa/cpci/Documents/INFORME_2025_COMERCIALES.pdf#page=110 (Anexo III, Inversión por grupos, pág. 110 del PDF)",
2025,comercial,"IMPACTO CENTRAL DE MEDIOS CONCERTADOS, S.L.",,1503.0,"https://www.lamoncloa.gob.es/serviciosdeprensa/cpci/Documents/INFORME_2025_COMERCIALES.pdf#page=110 (Anexo III, Inversión por grupos, pág. 110 del PDF)",
2025,comercial,ASOCIACIÓN DE LA INDUSTRIA DE DEFENSA Y SEGURIDAD DE NORUEGA,,1490.0,"https://www.lamoncloa.gob.es/serviciosdeprensa/cpci/Documents/INFORME_2025_COMERCIALES.pdf#page=110 (Anexo III, Inversión por grupos, pág. 110 del PDF)",
2025,comercial,ILUNION,,1478.0,"https://www.lamoncloa.gob.es/serviciosdeprensa/cpci/Documents/INFORME_2025_COMERCIALES.pdf#page=110 (Anexo III, Inversión por grupos, pág. 110 del PDF)",
2025,comercial,FONDO ECONÓMICO Y ASISTENCIAL DE LA CONSTRUCCIÓN,,1474.0,"https://www.lamoncloa.gob.es/serviciosdeprensa/cpci/Documents/INFORME_2025_COMERCIALES.pdf#page=110 (Anexo III, Inversión por grupos, pág. 110 del PDF)",
2025,comercial,IMPRENSA NACIONAL-CASA DA MOEDA (INCM),,1452.0,"https://www.lamoncloa.gob.es/serviciosdeprensa/cpci/Documents/INFORME_2025_COMERCIALES.pdf#page=110 (Anexo III, Inversión por grupos, pág. 110 del PDF)",
2025,comercial,"EDICIONES DEL ESTRECHO, S.L.",,1452.0,"https://www.lamoncloa.gob.es/serviciosdeprensa/cpci/Documents/INFORME_2025_COMERCIALES.pdf#page=110 (Anexo III, Inversión por grupos, pág. 110 del PDF)",
2025,comercial,ESIC BUSINESS & MARKETING SCHOOL,,1452.0,"https://www.lamoncloa.gob.es/serviciosdeprensa/cpci/Documents/INFORME_2025_COMERCIALES.pdf#page=110 (Anexo III, Inversión por grupos, pág. 110 del PDF)",
2025,comercial,"BELIS-VICA, S.L.",,1452.0,"https://www.lamoncloa.gob.es/serviciosdeprensa/cpci/Documents/INFORME_2025_COMERCIALES.pdf#page=110 (Anexo III, Inversión por grupos, pág. 110 del PDF)",
2025,comercial,SCHOTT MUSIC GMBH & CO. KG,,1361.0,"https://www.lamoncloa.gob.es/serviciosdeprensa/cpci/Documents/INFORME_2025_COMERCIALES.pdf#page=110 (Anexo III, Inversión por grupos, pág. 110 del PDF)",
2025,comercial,CASTILLA Y LEÓN TV,,1325.0,"https://www.lamoncloa.gob.es/serviciosdeprensa/cpci/Documents/INFORME_2025_COMERCIALES.pdf#page=110 (Anexo III, Inversión por grupos, pág. 110 del PDF)",
2025,comercial,"ABACUS, SCCL.",,1307.0,"https://www.lamoncloa.gob.es/serviciosdeprensa/cpci/Documents/INFORME_2025_COMERCIALES.pdf#page=110 (Anexo III, Inversión por grupos, pág. 110 del PDF)",
2025,comercial,"ADC MEDIA EDICIONES TÉCNICAS, S.L.",,1296.0,"https://www.lamoncloa.gob.es/serviciosdeprensa/cpci/Documents/INFORME_2025_COMERCIALES.pdf#page=110 (Anexo III, Inversión por grupos, pág. 110 del PDF)",
2025,comercial,GRUPO XXI,,1211.0,"https://www.lamoncloa.gob.es/serviciosdeprensa/cpci/Documents/INFORME_2025_COMERCIALES.pdf#page=110 (Anexo III, Inversión por grupos, pág. 110 del PDF)",aparece varias veces en la tabla del informe con importes distintos (se conservan todas las filas)
2025,comercial,PLAZA 1,,1210.0,"https://www.lamoncloa.gob.es/serviciosdeprensa/cpci/Documents/INFORME_2025_COMERCIALES.pdf#page=110 (Anexo III, Inversión por grupos, pág. 110 del PDF)",
2025,comercial,COCEMFE ASTURIAS,,1210.0,"https://www.lamoncloa.gob.es/serviciosdeprensa/cpci/Documents/INFORME_2025_COMERCIALES.pdf#page=110 (Anexo III, Inversión por grupos, pág. 110 del PDF)",
2025,comercial,SGAN MEDIOS,,1198.0,"https://www.lamoncloa.gob.es/serviciosdeprensa/cpci/Documents/INFORME_2025_COMERCIALES.pdf#page=110 (Anexo III, Inversión por grupos, pág. 110 del PDF)",
2025,comercial,BARRADOS COMUNICACIÓN Y PUBLICIDAD,,1196.0,"https://www.lamoncloa.gob.es/serviciosdeprensa/cpci/Documents/INFORME_2025_COMERCIALES.pdf#page=110 (Anexo III, Inversión por grupos, pág. 110 del PDF)",
2025,comercial,LEADERS COMUNICACIÓN,,1186.0,"https://www.lamoncloa.gob.es/serviciosdeprensa/cpci/Documents/INFORME_2025_COMERCIALES.pdf#page=110 (Anexo III, Inversión por grupos, pág. 110 del PDF)",
2025,comercial,"JULIO BARRETO Y ASOCIADOS, S.A.U.",,1162.0,"https://www.lamoncloa.gob.es/serviciosdeprensa/cpci/Documents/INFORME_2025_COMERCIALES.pdf#page=110 (Anexo III, Inversión por grupos, pág. 110 del PDF)",
2025,comercial,PRODUCTOS Y SERVICIOS DIGITALES BIERZO S.L.,,1113.0,"https://www.lamoncloa.gob.es/serviciosdeprensa/cpci/Documents/INFORME_2025_COMERCIALES.pdf#page=110 (Anexo III, Inversión por grupos, pág. 110 del PDF)",
2025,comercial,INICIATIVES DE COMUNICACIO DEL CAMP DE TARRAGONA SL.,,1113.0,"https://www.lamoncloa.gob.es/serviciosdeprensa/cpci/Documents/INFORME_2025_COMERCIALES.pdf#page=110 (Anexo III, Inversión por grupos, pág. 110 del PDF)",
2025,comercial,MINISTERIO DE DEFENSA,,1094.0,"https://www.lamoncloa.gob.es/serviciosdeprensa/cpci/Documents/INFORME_2025_COMERCIALES.pdf#page=110 (Anexo III, Inversión por grupos, pág. 110 del PDF)",
2025,comercial,"PINTEREST, INC.",,1090.0,"https://www.lamoncloa.gob.es/serviciosdeprensa/cpci/Documents/INFORME_2025_COMERCIALES.pdf#page=110 (Anexo III, Inversión por grupos, pág. 110 del PDF)",
2025,comercial,"PERSONAS COMUNICACIÓN Y PUBLICIDAD, S.L.",,1089.0,"https://www.lamoncloa.gob.es/serviciosdeprensa/cpci/Documents/INFORME_2025_COMERCIALES.pdf#page=110 (Anexo III, Inversión por grupos, pág. 110 del PDF)",
2025,comercial,GRUPO CADENA MEDIA,,1089.0,"https://www.lamoncloa.gob.es/serviciosdeprensa/cpci/Documents/INFORME_2025_COMERCIALES.pdf#page=110 (Anexo III, Inversión por grupos, pág. 110 del PDF)",
2025,comercial,"EDICIONES DE NEGOCIOS, S.L.",,1089.0,"https://www.lamoncloa.gob.es/serviciosdeprensa/cpci/Documents/INFORME_2025_COMERCIALES.pdf#page=110 (Anexo III, Inversión por grupos, pág. 110 del PDF)",
2025,comercial,"DIRCOMFIDENCIAL MEDIOS, S.L.",,1088.0,"https://www.lamoncloa.gob.es/serviciosdeprensa/cpci/Documents/INFORME_2025_COMERCIALES.pdf#page=110 (Anexo III, Inversión por grupos, pág. 110 del PDF)",
2025,comercial,BIERZO DIARIO,,1059.0,"https://www.lamoncloa.gob.es/serviciosdeprensa/cpci/Documents/INFORME_2025_COMERCIALES.pdf#page=110 (Anexo III, Inversión por grupos, pág. 110 del PDF)",
2025,comercial,RADIO TELEVISION MADRID,,1046.0,"https://www.lamoncloa.gob.es/serviciosdeprensa/cpci/Documents/INFORME_2025_COMERCIALES.pdf#page=110 (Anexo III, Inversión por grupos, pág. 110 del PDF)",
2025,comercial,GRUPO MEDIASET,,1036.0,"https://www.lamoncloa.gob.es/serviciosdeprensa/cpci/Documents/INFORME_2025_COMERCIALES.pdf#page=110 (Anexo III, Inversión por grupos, pág. 110 del PDF)",
2025,comercial,ZBIAM,,1000.0,"https://www.lamoncloa.gob.es/serviciosdeprensa/cpci/Documents/INFORME_2025_COMERCIALES.pdf#page=110 (Anexo III, Inversión por grupos, pág. 110 del PDF)",
2025,comercial,MINISTERIO DE EDUCACIÓN FP Y DEPORTES,,978.0,"https://www.lamoncloa.gob.es/serviciosdeprensa/cpci/Documents/INFORME_2025_COMERCIALES.pdf#page=110 (Anexo III, Inversión por grupos, pág. 110 del PDF)",
2025,comercial,WPP,,908.0,"https://www.lamoncloa.gob.es/serviciosdeprensa/cpci/Documents/INFORME_2025_COMERCIALES.pdf#page=110 (Anexo III, Inversión por grupos, pág. 110 del PDF)",
2025,comercial,MUSICAL CHAIRS LIMITED,,908.0,"https://www.lamoncloa.gob.es/serviciosdeprensa/cpci/Documents/INFORME_2025_COMERCIALES.pdf#page=110 (Anexo III, Inversión por grupos, pág. 110 del PDF)",
2025,comercial,"PUBLICACIONS PENEDÈS, S.A.",,862.0,"https://www.lamoncloa.gob.es/serviciosdeprensa/cpci/Documents/INFORME_2025_COMERCIALES.pdf#page=111 (Anexo III, Inversión por grupos, pág. 111 del PDF)",
2025,comercial,"ARTEZBLAI, S.L.",,857.0,"https://www.lamoncloa.gob.es/serviciosdeprensa/cpci/Documents/INFORME_2025_COMERCIALES.pdf#page=111 (Anexo III, Inversión por grupos, pág. 111 del PDF)",
2025,comercial,ASOCIACIÓN DE PROPIETARIOS FORESTALES DE ASTURIAS (PROFOAS),,847.0,"https://www.lamoncloa.gob.es/serviciosdeprensa/cpci/Documents/INFORME_2025_COMERCIALES.pdf#page=111 (Anexo III, Inversión por grupos, pág. 111 del PDF)",
2025,comercial,CORPORACIO VALENCIANA DE MITJANS DE COMUNICACIO,,834.0,"https://www.lamoncloa.gob.es/serviciosdeprensa/cpci/Documents/INFORME_2025_COMERCIALES.pdf#page=111 (Anexo III, Inversión por grupos, pág. 111 del PDF)",
2025,comercial,IDEAS Y VENTAS S.L.,,823.0,"https://www.lamoncloa.gob.es/serviciosdeprensa/cpci/Documents/INFORME_2025_COMERCIALES.pdf#page=111 (Anexo III, Inversión por grupos, pág. 111 del PDF)",
2025,comercial,PRESSDIGITAL GROUP,,819.0,"https://www.lamoncloa.gob.es/serviciosdeprensa/cpci/Documents/INFORME_2025_COMERCIALES.pdf#page=111 (Anexo III, Inversión por grupos, pág. 111 del PDF)",
2025,comercial,DSP TECH GROUP,,817.0,"https://www.lamoncloa.gob.es/serviciosdeprensa/cpci/Documents/INFORME_2025_COMERCIALES.pdf#page=111 (Anexo III, Inversión por grupos, pág. 111 del PDF)",
2025,comercial,"JESÚS VICO, S.A.",,787.0,"https://www.lamoncloa.gob.es/serviciosdeprensa/cpci/Documents/INFORME_2025_COMERCIALES.pdf#page=111 (Anexo III, Inversión por grupos, pág. 111 del PDF)",
2025,comercial,RADIOTELEVISIÓN DEL PRINCIPADO DE ASTURIAS,,763.0,"https://www.lamoncloa.gob.es/serviciosdeprensa/cpci/Documents/INFORME_2025_COMERCIALES.pdf#page=111 (Anexo III, Inversión por grupos, pág. 111 del PDF)",medio público (o entidad pública)
2025,comercial,PULCHRA LEONINA,,726.0,"https://www.lamoncloa.gob.es/serviciosdeprensa/cpci/Documents/INFORME_2025_COMERCIALES.pdf#page=111 (Anexo III, Inversión por grupos, pág. 111 del PDF)",
2025,comercial,"NUEVO CIRCULO, S.L.",,726.0,"https://www.lamoncloa.gob.es/serviciosdeprensa/cpci/Documents/INFORME_2025_COMERCIALES.pdf#page=111 (Anexo III, Inversión por grupos, pág. 111 del PDF)",
2025,comercial,PAC (PLATAFORMA DE ARTE CONTEMPORÁNEO),,726.0,"https://www.lamoncloa.gob.es/serviciosdeprensa/cpci/Documents/INFORME_2025_COMERCIALES.pdf#page=111 (Anexo III, Inversión por grupos, pág. 111 del PDF)",
2025,comercial,GRUPO VAUBÁN,,726.0,"https://www.lamoncloa.gob.es/serviciosdeprensa/cpci/Documents/INFORME_2025_COMERCIALES.pdf#page=111 (Anexo III, Inversión por grupos, pág. 111 del PDF)",
2025,comercial,"BONART CULTURAL, S.L.",,726.0,"https://www.lamoncloa.gob.es/serviciosdeprensa/cpci/Documents/INFORME_2025_COMERCIALES.pdf#page=111 (Anexo III, Inversión por grupos, pág. 111 del PDF)",
2025,comercial,ASTURFORESTA,,726.0,"https://www.lamoncloa.gob.es/serviciosdeprensa/cpci/Documents/INFORME_2025_COMERCIALES.pdf#page=111 (Anexo III, Inversión por grupos, pág. 111 del PDF)",
2025,comercial,ASOCIACIÓN EMPRESARIAL EÓLICA,,726.0,"https://www.lamoncloa.gob.es/serviciosdeprensa/cpci/Documents/INFORME_2025_COMERCIALES.pdf#page=111 (Anexo III, Inversión por grupos, pág. 111 del PDF)",
2025,comercial,EL DIARIO DE ASTURIAS,,726.0,"https://www.lamoncloa.gob.es/serviciosdeprensa/cpci/Documents/INFORME_2025_COMERCIALES.pdf#page=111 (Anexo III, Inversión por grupos, pág. 111 del PDF)",
2025,comercial,FUNDACIÓN DE LOS FERROCARRILES ESPAÑOLES (FFE)REVISTA ANUARIO FERROCARRIL,,726.0,"https://www.lamoncloa.gob.es/serviciosdeprensa/cpci/Documents/INFORME_2025_COMERCIALES.pdf#page=111 (Anexo III, Inversión por grupos, pág. 111 del PDF)",
2025,comercial,"EL CORREO DE ANDALUCÍA, SL",,716.0,"https://www.lamoncloa.gob.es/serviciosdeprensa/cpci/Documents/INFORME_2025_COMERCIALES.pdf#page=111 (Anexo III, Inversión por grupos, pág. 111 del PDF)",
2025,comercial,INFOEDITA COMUNICACIÓN PROFESIONAL,,708.0,"https://www.lamoncloa.gob.es/serviciosdeprensa/cpci/Documents/INFORME_2025_COMERCIALES.pdf#page=111 (Anexo III, Inversión por grupos, pág. 111 del PDF)",
2025,comercial,FM BIERZO,,708.0,"https://www.lamoncloa.gob.es/serviciosdeprensa/cpci/Documents/INFORME_2025_COMERCIALES.pdf#page=111 (Anexo III, Inversión por grupos, pág. 111 del PDF)",
2025,comercial,EDUARDO ALBALADEJO MANZANARES,,700.0,"https://www.lamoncloa.gob.es/serviciosdeprensa/cpci/Documents/INFORME_2025_COMERCIALES.pdf#page=111 (Anexo III, Inversión por grupos, pág. 111 del PDF)",
2025,comercial,CORPORACIÓN ARAGONESA DE RADIO Y TELEVISION,,672.0,"https://www.lamoncloa.gob.es/serviciosdeprensa/cpci/Documents/INFORME_2025_COMERCIALES.pdf#page=111 (Anexo III, Inversión por grupos, pág. 111 del PDF)",medio público (o entidad pública)
2025,comercial,GRUP COMUNICACIÓ 21,,670.0,"https://www.lamoncloa.gob.es/serviciosdeprensa/cpci/Documents/INFORME_2025_COMERCIALES.pdf#page=111 (Anexo III, Inversión por grupos, pág. 111 del PDF)",
2025,comercial,"EDICIONES LUZ Y LETRAS, S.L.",,668.0,"https://www.lamoncloa.gob.es/serviciosdeprensa/cpci/Documents/INFORME_2025_COMERCIALES.pdf#page=111 (Anexo III, Inversión por grupos, pág. 111 del PDF)",
2025,comercial,GRUPO EL PROGRESO,,627.0,"https://www.lamoncloa.gob.es/serviciosdeprensa/cpci/Documents/INFORME_2025_COMERCIALES.pdf#page=111 (Anexo III, Inversión por grupos, pág. 111 del PDF)",
2025,comercial,CORISA MEDIA GRUP,,626.0,"https://www.lamoncloa.gob.es/serviciosdeprensa/cpci/Documents/INFORME_2025_COMERCIALES.pdf#page=111 (Anexo III, Inversión por grupos, pág. 111 del PDF)",
2025,comercial,OPERA WORLD S.L.,,605.0,"https://www.lamoncloa.gob.es/serviciosdeprensa/cpci/Documents/INFORME_2025_COMERCIALES.pdf#page=111 (Anexo III, Inversión por grupos, pág. 111 del PDF)",
2025,comercial,"EDITORIAL MIC, S.L.",,605.0,"https://www.lamoncloa.gob.es/serviciosdeprensa/cpci/Documents/INFORME_2025_COMERCIALES.pdf#page=111 (Anexo III, Inversión por grupos, pág. 111 del PDF)",
2025,comercial,"EXIBART SPAIN, S.L.U.",,605.0,"https://www.lamoncloa.gob.es/serviciosdeprensa/cpci/Documents/INFORME_2025_COMERCIALES.pdf#page=111 (Anexo III, Inversión por grupos, pág. 111 del PDF)",
2025,comercial,"EL GIRALDILLO COMUNICACIÓN CULTURAL, S.L.",,593.0,"https://www.lamoncloa.gob.es/serviciosdeprensa/cpci/Documents/INFORME_2025_COMERCIALES.pdf#page=111 (Anexo III, Inversión por grupos, pág. 111 del PDF)",
2025,comercial,ECO PUBLICIDAD Y CONTENIDOS,,545.0,"https://www.lamoncloa.gob.es/serviciosdeprensa/cpci/Documents/INFORME_2025_COMERCIALES.pdf#page=111 (Anexo III, Inversión por grupos, pág. 111 del PDF)",
2025,comercial,GRUPO 30 GRAUS,,540.0,"https://www.lamoncloa.gob.es/serviciosdeprensa/cpci/Documents/INFORME_2025_COMERCIALES.pdf#page=111 (Anexo III, Inversión por grupos, pág. 111 del PDF)",
2025,comercial,MARAVEDISMO S.L.,,515.0,"https://www.lamoncloa.gob.es/serviciosdeprensa/cpci/Documents/INFORME_2025_COMERCIALES.pdf#page=111 (Anexo III, Inversión por grupos, pág. 111 del PDF)",
2025,comercial,"EDICIONS EL TOT L'HOSPITALET, S.L.",,508.0,"https://www.lamoncloa.gob.es/serviciosdeprensa/cpci/Documents/INFORME_2025_COMERCIALES.pdf#page=111 (Anexo III, Inversión por grupos, pág. 111 del PDF)",
2025,comercial,FRANCISCO JOSÉ ÁLVAREZ MARÍN,,504.0,"https://www.lamoncloa.gob.es/serviciosdeprensa/cpci/Documents/INFORME_2025_COMERCIALES.pdf#page=111 (Anexo III, Inversión por grupos, pág. 111 del PDF)",
2025,comercial,COLEGIO OFICIAL DE GRADUADOS E INGENIEROS TÉCNICOS DE MINAS Y ENERGÍA DEL PRINCIPADO DE ASTURIAS,,500.0,"https://www.lamoncloa.gob.es/serviciosdeprensa/cpci/Documents/INFORME_2025_COMERCIALES.pdf#page=111 (Anexo III, Inversión por grupos, pág. 111 del PDF)",
2025,comercial,JUAN CARLOS HERVÁS HERNÁNDEZ,,484.0,"https://www.lamoncloa.gob.es/serviciosdeprensa/cpci/Documents/INFORME_2025_COMERCIALES.pdf#page=111 (Anexo III, Inversión por grupos, pág. 111 del PDF)",
2025,comercial,"CANTABRIA IMAGEN, S.L.",,484.0,"https://www.lamoncloa.gob.es/serviciosdeprensa/cpci/Documents/INFORME_2025_COMERCIALES.pdf#page=111 (Anexo III, Inversión por grupos, pág. 111 del PDF)",
2025,comercial,EDICIONES DESDE SORIA SC,,484.0,"https://www.lamoncloa.gob.es/serviciosdeprensa/cpci/Documents/INFORME_2025_COMERCIALES.pdf#page=112 (Anexo III, Inversión por grupos, pág. 112 del PDF)",
2025,comercial,REUS COMUNICACIÓ DIGITAL,,478.0,"https://www.lamoncloa.gob.es/serviciosdeprensa/cpci/Documents/INFORME_2025_COMERCIALES.pdf#page=112 (Anexo III, Inversión por grupos, pág. 112 del PDF)",
2025,comercial,"PATAPATO APP, S.L.",,476.0,"https://www.lamoncloa.gob.es/serviciosdeprensa/cpci/Documents/INFORME_2025_COMERCIALES.pdf#page=112 (Anexo III, Inversión por grupos, pág. 112 del PDF)",
2025,comercial,"SAPOS Y PRINCESAS, S.L.",,459.0,"https://www.lamoncloa.gob.es/serviciosdeprensa/cpci/Documents/INFORME_2025_COMERCIALES.pdf#page=112 (Anexo III, Inversión por grupos, pág. 112 del PDF)",
2025,comercial,EXGAUDIA,,454.0,"https://www.lamoncloa.gob.es/serviciosdeprensa/cpci/Documents/INFORME_2025_COMERCIALES.pdf#page=112 (Anexo III, Inversión por grupos, pág. 112 del PDF)",
2025,comercial,TOURISTCHECK 360,,424.0,"https://www.lamoncloa.gob.es/serviciosdeprensa/cpci/Documents/INFORME_2025_COMERCIALES.pdf#page=112 (Anexo III, Inversión por grupos, pág. 112 del PDF)",
2025,comercial,FUNDACIÓN PRINCESA DE ASTURIAS,,424.0,"https://www.lamoncloa.gob.es/serviciosdeprensa/cpci/Documents/INFORME_2025_COMERCIALES.pdf#page=112 (Anexo III, Inversión por grupos, pág. 112 del PDF)",
2025,comercial,"EL VALLENC, S.L.",,387.0,"https://www.lamoncloa.gob.es/serviciosdeprensa/cpci/Documents/INFORME_2025_COMERCIALES.pdf#page=112 (Anexo III, Inversión por grupos, pág. 112 del PDF)",
2025,comercial,PERIODICO EL MERIDIANO S.L.,,363.0,"https://www.lamoncloa.gob.es/serviciosdeprensa/cpci/Documents/INFORME_2025_COMERCIALES.pdf#page=112 (Anexo III, Inversión por grupos, pág. 112 del PDF)",
2025,comercial,AMEBA COMUNICACIÓN,,363.0,"https://www.lamoncloa.gob.es/serviciosdeprensa/cpci/Documents/INFORME_2025_COMERCIALES.pdf#page=112 (Anexo III, Inversión por grupos, pág. 112 del PDF)",
2025,comercial,EUSKAL IRRATI TELEBISTA,,351.0,"https://www.lamoncloa.gob.es/serviciosdeprensa/cpci/Documents/INFORME_2025_COMERCIALES.pdf#page=112 (Anexo III, Inversión por grupos, pág. 112 del PDF)",medio público (o entidad pública)
2025,comercial,LUNALCA S.L.,,182.0,"https://www.lamoncloa.gob.es/serviciosdeprensa/cpci/Documents/INFORME_2025_COMERCIALES.pdf#page=112 (Anexo III, Inversión por grupos, pág. 112 del PDF)",
2025,comercial,PUBLINET MAGAZINE S.L.,,182.0,"https://www.lamoncloa.gob.es/serviciosdeprensa/cpci/Documents/INFORME_2025_COMERCIALES.pdf#page=112 (Anexo III, Inversión por grupos, pág. 112 del PDF)",
2025,comercial,"GRUPO GO EDICIONES, S.L.",,182.0,"https://www.lamoncloa.gob.es/serviciosdeprensa/cpci/Documents/INFORME_2025_COMERCIALES.pdf#page=112 (Anexo III, Inversión por grupos, pág. 112 del PDF)",
2025,comercial,CASTILLA-LA MANCHA MEDIA,,170.0,"https://www.lamoncloa.gob.es/serviciosdeprensa/cpci/Documents/INFORME_2025_COMERCIALES.pdf#page=112 (Anexo III, Inversión por grupos, pág. 112 del PDF)",medio público (o entidad pública)
2025,comercial,ASSOCIACIÓ CULTURAL GARRIGUENCA DE COMUNICACIONS (ACGC),,162.0,"https://www.lamoncloa.gob.es/serviciosdeprensa/cpci/Documents/INFORME_2025_COMERCIALES.pdf#page=112 (Anexo III, Inversión por grupos, pág. 112 del PDF)",
2025,comercial,"INFORMACIÓ I COMUNICACIÓ DE BARCELONA, SA SPM (ICB)",,141.0,"https://www.lamoncloa.gob.es/serviciosdeprensa/cpci/Documents/INFORME_2025_COMERCIALES.pdf#page=112 (Anexo III, Inversión por grupos, pág. 112 del PDF)",
2025,comercial,GRUP BAIX MEDIA S.L.,,122.0,"https://www.lamoncloa.gob.es/serviciosdeprensa/cpci/Documents/INFORME_2025_COMERCIALES.pdf#page=112 (Anexo III, Inversión por grupos, pág. 112 del PDF)",
2025,comercial,RED NACIONAL DE EXPERIENCIAS ECUESTRES,,121.0,"https://www.lamoncloa.gob.es/serviciosdeprensa/cpci/Documents/INFORME_2025_COMERCIALES.pdf#page=112 (Anexo III, Inversión por grupos, pág. 112 del PDF)",
2025,comercial,ÜALÀ,,121.0,"https://www.lamoncloa.gob.es/serviciosdeprensa/cpci/Documents/INFORME_2025_COMERCIALES.pdf#page=112 (Anexo III, Inversión por grupos, pág. 112 del PDF)",
2025,comercial,"COMUNICACIÓN METROBCN, S.L.",,89.0,"https://www.lamoncloa.gob.es/serviciosdeprensa/cpci/Documents/INFORME_2025_COMERCIALES.pdf#page=112 (Anexo III, Inversión por grupos, pág. 112 del PDF)",
2025,comercial,"BADALONA COMUNICACIÓ, S.A.",,63.0,"https://www.lamoncloa.gob.es/serviciosdeprensa/cpci/Documents/INFORME_2025_COMERCIALES.pdf#page=112 (Anexo III, Inversión por grupos, pág. 112 del PDF)",
2025,comercial,AYUNTAMIENTO DE MALGRAT DE MAR,,63.0,"https://www.lamoncloa.gob.es/serviciosdeprensa/cpci/Documents/INFORME_2025_COMERCIALES.pdf#page=112 (Anexo III, Inversión por grupos, pág. 112 del PDF)",medio público (o entidad pública)
2025,comercial,GRUPO PREMIÀ MÈDIA,,56.0,"https://www.lamoncloa.gob.es/serviciosdeprensa/cpci/Documents/INFORME_2025_COMERCIALES.pdf#page=112 (Anexo III, Inversión por grupos, pág. 112 del PDF)",
2025,comercial,MATARÓ AUDIOVISUAL,,54.0,"https://www.lamoncloa.gob.es/serviciosdeprensa/cpci/Documents/INFORME_2025_COMERCIALES.pdf#page=112 (Anexo III, Inversión por grupos, pág. 112 del PDF)",
2025,comercial,EL PRAT COMUNICACIÓ S.L.,,40.0,"https://www.lamoncloa.gob.es/serviciosdeprensa/cpci/Documents/INFORME_2025_COMERCIALES.pdf#page=112 (Anexo III, Inversión por grupos, pág. 112 del PDF)",
2025,comercial,INFORMACIÓ I COMUNICACIÓ DE VILANOVA I LA GELTRÚ (ICVSAM),,34.0,"https://www.lamoncloa.gob.es/serviciosdeprensa/cpci/Documents/INFORME_2025_COMERCIALES.pdf#page=112 (Anexo III, Inversión por grupos, pág. 112 del PDF)",
2025,comercial,COMUNICACIÓN OSONA COMARCA DE MITJANS DE COMUNICACIÓ (OCMC),,33.0,"https://www.lamoncloa.gob.es/serviciosdeprensa/cpci/Documents/INFORME_2025_COMERCIALES.pdf#page=112 (Anexo III, Inversión por grupos, pág. 112 del PDF)",
2025,comercial,PATRONAT MUNICIPAL DE MITJANS DE COMUNICACIÓ D'ALTAFULLA,,32.0,"https://www.lamoncloa.gob.es/serviciosdeprensa/cpci/Documents/INFORME_2025_COMERCIALES.pdf#page=112 (Anexo III, Inversión por grupos, pág. 112 del PDF)",
2025,comercial,XARXA AUDIOVISUAL LOCAL (XAL),,29.0,"https://www.lamoncloa.gob.es/serviciosdeprensa/cpci/Documents/INFORME_2025_COMERCIALES.pdf#page=112 (Anexo III, Inversión por grupos, pág. 112 del PDF)",
2025,comercial,AYUNTAMIENTO DE GAVÀ,,22.0,"https://www.lamoncloa.gob.es/serviciosdeprensa/cpci/Documents/INFORME_2025_COMERCIALES.pdf#page=112 (Anexo III, Inversión por grupos, pág. 112 del PDF)",medio público (o entidad pública)
2025,comercial,AYUNTAMIENTO DE GRANOLLERS,,19.0,"https://www.lamoncloa.gob.es/serviciosdeprensa/cpci/Documents/INFORME_2025_COMERCIALES.pdf#page=112 (Anexo III, Inversión por grupos, pág. 112 del PDF)",medio público (o entidad pública)
2025,comercial,EMPRESA MUNICIPAL DE MITJANS DE COMUNICACIÓ DE TARRAGONA (EMMCT S.A.),,17.0,"https://www.lamoncloa.gob.es/serviciosdeprensa/cpci/Documents/INFORME_2025_COMERCIALES.pdf#page=112 (Anexo III, Inversión por grupos, pág. 112 del PDF)",
2025,comercial,MOLLET COMUNICACIÓ,,16.0,"https://www.lamoncloa.gob.es/serviciosdeprensa/cpci/Documents/INFORME_2025_COMERCIALES.pdf#page=112 (Anexo III, Inversión por grupos, pág. 112 del PDF)",
2025,comercial,AYUNTAMIENTO DE CASTELLDEFELS,,14.0,"https://www.lamoncloa.gob.es/serviciosdeprensa/cpci/Documents/INFORME_2025_COMERCIALES.pdf#page=112 (Anexo III, Inversión por grupos, pág. 112 del PDF)",medio público (o entidad pública)
2025,comercial,AJUNTAMENT DE PARETS DEL VALLÈS,,11.0,"https://www.lamoncloa.gob.es/serviciosdeprensa/cpci/Documents/INFORME_2025_COMERCIALES.pdf#page=112 (Anexo III, Inversión por grupos, pág. 112 del PDF)",
