anio,entidad,ministerio,tipo_entidad,importe_eur,fuente,nota
2015,SELAE (Loterías y Apuestas del Estado),Hacienda y administraciones públicas,empresa_publica,66801893.0,"https://www.lamoncloa.gob.es/serviciosdeprensa/cpci/Documents/Informe_2015.pdf#page=45 (Informe de Publicidad y Comunicación Institucional 2015, capítulo «Campañas comerciales no sujetas a la Ley 29/2005», pág. 45 del PDF)","Coste total de sus campañas comerciales (producción, compra de medios y evaluación), euros corrientes; el informe no dice si lleva IVA; Grupo Patrimonio; nombre en el informe: Sociedad Estatal de Loterías y Apuestas del Estado, S.A. (Grupo Patrimonio)"
2015,Renfe,Fomento,empresa_publica,15832468.0,"https://www.lamoncloa.gob.es/serviciosdeprensa/cpci/Documents/Informe_2015.pdf#page=46 (Informe de Publicidad y Comunicación Institucional 2015, capítulo «Campañas comerciales no sujetas a la Ley 29/2005», pág. 46 del PDF)","Coste total de sus campañas comerciales (producción, compra de medios y evaluación), euros corrientes; el informe no dice si lleva IVA; Renfe-Operadora y Renfe Viajeros; nombre en el informe: Renfe Operadora"
2015,Correos,Hacienda y administraciones públicas,empresa_publica,9342790.0,"https://www.lamoncloa.gob.es/serviciosdeprensa/cpci/Documents/Informe_2015.pdf#page=45 (Informe de Publicidad y Comunicación Institucional 2015, capítulo «Campañas comerciales no sujetas a la Ley 29/2005», pág. 45 del PDF)","Coste total de sus campañas comerciales (producción, compra de medios y evaluación), euros corrientes; el informe no dice si lleva IVA; Grupo SEPI; nombre en el informe: Sociedad Estatal Correos y Telégrafos, S.A. (SEPI)"
2015,Tesoro Público,Economía y competitividad,organismo,6572535.0,"https://www.lamoncloa.gob.es/serviciosdeprensa/cpci/Documents/Informe_2015.pdf#page=46 (Informe de Publicidad y Comunicación Institucional 2015, capítulo «Campañas comerciales no sujetas a la Ley 29/2005», pág. 46 del PDF)","Coste total de sus campañas comerciales (producción, compra de medios y evaluación), euros corrientes; el informe no dice si lleva IVA; Secretaría General del Tesoro"
2015,ENAIRE,Fomento,empresa_publica,4138168.0,"https://www.lamoncloa.gob.es/serviciosdeprensa/cpci/Documents/Informe_2015.pdf#page=45 (Informe de Publicidad y Comunicación Institucional 2015, capítulo «Campañas comerciales no sujetas a la Ley 29/2005», pág. 45 del PDF)","Coste total de sus campañas comerciales (producción, compra de medios y evaluación), euros corrientes; el informe no dice si lleva IVA; entidad pública empresarial"
2015,Turespaña,"Industria, energía y turismo",organismo,3007457.0,"https://www.lamoncloa.gob.es/serviciosdeprensa/cpci/Documents/Informe_2015.pdf#page=46 (Informe de Publicidad y Comunicación Institucional 2015, capítulo «Campañas comerciales no sujetas a la Ley 29/2005», pág. 46 del PDF)","Coste total de sus campañas comerciales (producción, compra de medios y evaluación), euros corrientes; el informe no dice si lleva IVA; organismo autónomo; nombre en el informe: Instituto de Turismo de España (TURESPAÑA)"
2015,AENA,Fomento,empresa_publica,2174122.0,"https://www.lamoncloa.gob.es/serviciosdeprensa/cpci/Documents/Informe_2015.pdf#page=45 (Informe de Publicidad y Comunicación Institucional 2015, capítulo «Campañas comerciales no sujetas a la Ley 29/2005», pág. 45 del PDF)","Coste total de sus campañas comerciales (producción, compra de medios y evaluación), euros corrientes; el informe no dice si lleva IVA; participada al 51 % por ENAIRE; cotiza en bolsa; nombre en el informe: AENA, S.A."
2015,Paradores,"Industria, energía y turismo",empresa_publica,2000644.0,"https://www.lamoncloa.gob.es/serviciosdeprensa/cpci/Documents/Informe_2015.pdf#page=46 (Informe de Publicidad y Comunicación Institucional 2015, capítulo «Campañas comerciales no sujetas a la Ley 29/2005», pág. 46 del PDF)","Coste total de sus campañas comerciales (producción, compra de medios y evaluación), euros corrientes; el informe no dice si lleva IVA; Grupo Patrimonio; nombre en el informe: Paradores de Turismo, S.A. (Grupo Patrimonio)"
2015,ICO (Instituto de Crédito Oficial),Economía y competitividad,empresa_publica,1644023.0,"https://www.lamoncloa.gob.es/serviciosdeprensa/cpci/Documents/Informe_2015.pdf#page=46 (Informe de Publicidad y Comunicación Institucional 2015, capítulo «Campañas comerciales no sujetas a la Ley 29/2005», pág. 46 del PDF)","Coste total de sus campañas comerciales (producción, compra de medios y evaluación), euros corrientes; el informe no dice si lleva IVA; entidad pública empresarial; nombre en el informe: Instituto de Crédito Oficial (ICO)"
2015,FNMT-RCM,Hacienda y administraciones públicas,empresa_publica,1419249.0,"https://www.lamoncloa.gob.es/serviciosdeprensa/cpci/Documents/Informe_2015.pdf#page=44 (Informe de Publicidad y Comunicación Institucional 2015, capítulo «Campañas comerciales no sujetas a la Ley 29/2005», pág. 44 del PDF)","Coste total de sus campañas comerciales (producción, compra de medios y evaluación), euros corrientes; el informe no dice si lleva IVA; entidad pública empresarial; nombre en el informe: Fábrica Nacional de Moneda y Timbre- Real Casa de la Moneda"
2015,INAEM,"Educación, cultura y deporte",organismo,1119436.0,"https://www.lamoncloa.gob.es/serviciosdeprensa/cpci/Documents/Informe_2015.pdf#page=46 (Informe de Publicidad y Comunicación Institucional 2015, capítulo «Campañas comerciales no sujetas a la Ley 29/2005», pág. 46 del PDF)","Coste total de sus campañas comerciales (producción, compra de medios y evaluación), euros corrientes; el informe no dice si lleva IVA; organismo autónomo; nombre en el informe: Instituto Nacional de las Artes Escénicas y de la Música (INAEM)"
2015,CDTI,Economía y competitividad,empresa_publica,1058714.0,"https://www.lamoncloa.gob.es/serviciosdeprensa/cpci/Documents/Informe_2015.pdf#page=46 (Informe de Publicidad y Comunicación Institucional 2015, capítulo «Campañas comerciales no sujetas a la Ley 29/2005», pág. 46 del PDF)","Coste total de sus campañas comerciales (producción, compra de medios y evaluación), euros corrientes; el informe no dice si lleva IVA; entidad pública empresarial; nombre en el informe: Centro para el Desarrollo Tecnológico Industrial (CDTI)"
2015,Corporación RTVE,Hacienda y administraciones públicas,rtve,968394.0,"https://www.lamoncloa.gob.es/serviciosdeprensa/cpci/Documents/Informe_2015.pdf#page=44 (Informe de Publicidad y Comunicación Institucional 2015, capítulo «Campañas comerciales no sujetas a la Ley 29/2005», pág. 44 del PDF)","Coste total de sus campañas comerciales (producción, compra de medios y evaluación), euros corrientes; el informe no dice si lleva IVA; Grupo SEPI; ya va en el bloque de televisión pública; nombre en el informe: RTVE (SEPI)"
2015,CESCE,Economía y competitividad,empresa_publica,301033.0,"https://www.lamoncloa.gob.es/serviciosdeprensa/cpci/Documents/Informe_2015.pdf#page=46 (Informe de Publicidad y Comunicación Institucional 2015, capítulo «Campañas comerciales no sujetas a la Ley 29/2005», pág. 46 del PDF)","Coste total de sus campañas comerciales (producción, compra de medios y evaluación), euros corrientes; el informe no dice si lleva IVA; Grupo Patrimonio; nombre en el informe: CESCE (Grupo Patrimonio)"
2015,ENESA,"Agricultura, alimentación y medio ambiente",organismo,285247.0,"https://www.lamoncloa.gob.es/serviciosdeprensa/cpci/Documents/Informe_2015.pdf#page=46 (Informe de Publicidad y Comunicación Institucional 2015, capítulo «Campañas comerciales no sujetas a la Ley 29/2005», pág. 46 del PDF)","Coste total de sus campañas comerciales (producción, compra de medios y evaluación), euros corrientes; el informe no dice si lleva IVA; organismo autónomo; nombre en el informe: Entidad Estatal de Seguros Agrarios (ENESA)"
2015,Tragsa,Hacienda y administraciones públicas,empresa_publica,128940.0,"https://www.lamoncloa.gob.es/serviciosdeprensa/cpci/Documents/Informe_2015.pdf#page=45 (Informe de Publicidad y Comunicación Institucional 2015, capítulo «Campañas comerciales no sujetas a la Ley 29/2005», pág. 45 del PDF)","Coste total de sus campañas comerciales (producción, compra de medios y evaluación), euros corrientes; el informe no dice si lleva IVA; Grupo SEPI; nombre en el informe: Tragsa (SEPI)"
2015,Navantia,Hacienda y administraciones públicas,empresa_publica,113573.0,"https://www.lamoncloa.gob.es/serviciosdeprensa/cpci/Documents/Informe_2015.pdf#page=44 (Informe de Publicidad y Comunicación Institucional 2015, capítulo «Campañas comerciales no sujetas a la Ley 29/2005», pág. 44 del PDF)","Coste total de sus campañas comerciales (producción, compra de medios y evaluación), euros corrientes; el informe no dice si lleva IVA; Grupo SEPI; nombre en el informe: NAVANTIA (SEPI)"
2015,Hipódromo de la Zarzuela,Hacienda y administraciones públicas,empresa_publica,104489.0,"https://www.lamoncloa.gob.es/serviciosdeprensa/cpci/Documents/Informe_2015.pdf#page=44 (Informe de Publicidad y Comunicación Institucional 2015, capítulo «Campañas comerciales no sujetas a la Ley 29/2005», pág. 44 del PDF)","Coste total de sus campañas comerciales (producción, compra de medios y evaluación), euros corrientes; el informe no dice si lleva IVA; Grupo SEPI; nombre en el informe: Hipódromo de la Zarzuela (SEPI)"
2015,ADIF,Fomento,empresa_publica,83635.0,"https://www.lamoncloa.gob.es/serviciosdeprensa/cpci/Documents/Informe_2015.pdf#page=45 (Informe de Publicidad y Comunicación Institucional 2015, capítulo «Campañas comerciales no sujetas a la Ley 29/2005», pág. 45 del PDF)","Coste total de sus campañas comerciales (producción, compra de medios y evaluación), euros corrientes; el informe no dice si lleva IVA; entidad pública empresarial; nombre en el informe: Administrador de Infraestructuras Ferroviarias (ADIF)"
2015,Puertos del Estado,Fomento,empresa_publica,81170.0,"https://www.lamoncloa.gob.es/serviciosdeprensa/cpci/Documents/Informe_2015.pdf#page=46 (Informe de Publicidad y Comunicación Institucional 2015, capítulo «Campañas comerciales no sujetas a la Ley 29/2005», pág. 46 del PDF)","Coste total de sus campañas comerciales (producción, compra de medios y evaluación), euros corrientes; el informe no dice si lleva IVA; organismo público portuario que actúa en el mercado"
2015,ENSA Equipos Nucleares,Hacienda y administraciones públicas,empresa_publica,49221.0,"https://www.lamoncloa.gob.es/serviciosdeprensa/cpci/Documents/Informe_2015.pdf#page=44 (Informe de Publicidad y Comunicación Institucional 2015, capítulo «Campañas comerciales no sujetas a la Ley 29/2005», pág. 44 del PDF)","Coste total de sus campañas comerciales (producción, compra de medios y evaluación), euros corrientes; el informe no dice si lleva IVA; Grupo SEPI; nombre en el informe: ENSA Equipos Nucleares, S.A. (SEPI)"
2015,ENUSA,Hacienda y administraciones públicas,empresa_publica,48180.0,"https://www.lamoncloa.gob.es/serviciosdeprensa/cpci/Documents/Informe_2015.pdf#page=44 (Informe de Publicidad y Comunicación Institucional 2015, capítulo «Campañas comerciales no sujetas a la Ley 29/2005», pág. 44 del PDF)","Coste total de sus campañas comerciales (producción, compra de medios y evaluación), euros corrientes; el informe no dice si lleva IVA; Grupo SEPI; nombre en el informe: ENUSA Industrias Avanzadas, S.A. (SEPI)"
2015,BOE (Agencia Estatal),Presidencia,organismo,29566.0,"https://www.lamoncloa.gob.es/serviciosdeprensa/cpci/Documents/Informe_2015.pdf#page=44 (Informe de Publicidad y Comunicación Institucional 2015, capítulo «Campañas comerciales no sujetas a la Ley 29/2005», pág. 44 del PDF)","Coste total de sus campañas comerciales (producción, compra de medios y evaluación), euros corrientes; el informe no dice si lleva IVA; agencia estatal; nombre en el informe: Boletín Oficial del Estado"
2015,INECO,Fomento,empresa_publica,29117.0,"https://www.lamoncloa.gob.es/serviciosdeprensa/cpci/Documents/Informe_2015.pdf#page=45 (Informe de Publicidad y Comunicación Institucional 2015, capítulo «Campañas comerciales no sujetas a la Ley 29/2005», pág. 45 del PDF)","Coste total de sus campañas comerciales (producción, compra de medios y evaluación), euros corrientes; el informe no dice si lleva IVA; sociedad mercantil estatal; nombre en el informe: Ingeniería y Economía del Transporte, S.A. (INECO)"
2015,Hunosa,Hacienda y administraciones públicas,empresa_publica,24504.0,"https://www.lamoncloa.gob.es/serviciosdeprensa/cpci/Documents/Informe_2015.pdf#page=44 (Informe de Publicidad y Comunicación Institucional 2015, capítulo «Campañas comerciales no sujetas a la Ley 29/2005», pág. 44 del PDF)","Coste total de sus campañas comerciales (producción, compra de medios y evaluación), euros corrientes; el informe no dice si lleva IVA; Grupo SEPI; nombre en el informe: Grupo HUNOSA (SEPI)"
2015,MAYASA (Minas de Almadén),Hacienda y administraciones públicas,empresa_publica,18412.0,"https://www.lamoncloa.gob.es/serviciosdeprensa/cpci/Documents/Informe_2015.pdf#page=44 (Informe de Publicidad y Comunicación Institucional 2015, capítulo «Campañas comerciales no sujetas a la Ley 29/2005», pág. 44 del PDF)","Coste total de sus campañas comerciales (producción, compra de medios y evaluación), euros corrientes; el informe no dice si lleva IVA; Grupo SEPI; nombre en el informe: Minas de Almadén y Arrayanes, S.A. (MAYASA - SEPI)"
2015,CNIG,Fomento,organismo,14182.0,"https://www.lamoncloa.gob.es/serviciosdeprensa/cpci/Documents/Informe_2015.pdf#page=45 (Informe de Publicidad y Comunicación Institucional 2015, capítulo «Campañas comerciales no sujetas a la Ley 29/2005», pág. 45 del PDF)","Coste total de sus campañas comerciales (producción, compra de medios y evaluación), euros corrientes; el informe no dice si lleva IVA; organismo autónomo; nombre en el informe: Centro Nacional de Información Geográfica (CNIG)"
2015,CIS,Presidencia,organismo,7169.0,"https://www.lamoncloa.gob.es/serviciosdeprensa/cpci/Documents/Informe_2015.pdf#page=44 (Informe de Publicidad y Comunicación Institucional 2015, capítulo «Campañas comerciales no sujetas a la Ley 29/2005», pág. 44 del PDF)","Coste total de sus campañas comerciales (producción, compra de medios y evaluación), euros corrientes; el informe no dice si lleva IVA; organismo autónomo; nombre en el informe: Centro de Investigaciones Sociológicas (CIS)"
2015,CEPC,Presidencia,organismo,4780.0,"https://www.lamoncloa.gob.es/serviciosdeprensa/cpci/Documents/Informe_2015.pdf#page=44 (Informe de Publicidad y Comunicación Institucional 2015, capítulo «Campañas comerciales no sujetas a la Ley 29/2005», pág. 44 del PDF)","Coste total de sus campañas comerciales (producción, compra de medios y evaluación), euros corrientes; el informe no dice si lleva IVA; organismo autónomo; nombre en el informe: Centro de Estudios Políticos y Constitucionales"
2015,Expasa,"Agricultura, alimentación y medio ambiente",empresa_publica,3882.0,"https://www.lamoncloa.gob.es/serviciosdeprensa/cpci/Documents/Informe_2015.pdf#page=46 (Informe de Publicidad y Comunicación Institucional 2015, capítulo «Campañas comerciales no sujetas a la Ley 29/2005», pág. 46 del PDF)","Coste total de sus campañas comerciales (producción, compra de medios y evaluación), euros corrientes; el informe no dice si lleva IVA; Grupo Patrimonio; nombre en el informe: Expasa Agricultura y Ganadería, S.A. (Grupo Patrimonio)"
2015,La Almoraima,"Agricultura, alimentación y medio ambiente",empresa_publica,3450.0,"https://www.lamoncloa.gob.es/serviciosdeprensa/cpci/Documents/Informe_2015.pdf#page=46 (Informe de Publicidad y Comunicación Institucional 2015, capítulo «Campañas comerciales no sujetas a la Ley 29/2005», pág. 46 del PDF)","Coste total de sus campañas comerciales (producción, compra de medios y evaluación), euros corrientes; el informe no dice si lleva IVA; sociedad mercantil estatal; nombre en el informe: La Almoraima, S.A. (Parques Nacionales)"
2015,SEPIDES,Hacienda y administraciones públicas,empresa_publica,3078.0,"https://www.lamoncloa.gob.es/serviciosdeprensa/cpci/Documents/Informe_2015.pdf#page=44 (Informe de Publicidad y Comunicación Institucional 2015, capítulo «Campañas comerciales no sujetas a la Ley 29/2005», pág. 44 del PDF)","Coste total de sus campañas comerciales (producción, compra de medios y evaluación), euros corrientes; el informe no dice si lleva IVA; Grupo SEPI; nombre en el informe: SEPI Desarrollo Empresarial, S.A. (SEPIDES)"
2015,SEPES,Fomento,empresa_publica,3025.0,"https://www.lamoncloa.gob.es/serviciosdeprensa/cpci/Documents/Informe_2015.pdf#page=45 (Informe de Publicidad y Comunicación Institucional 2015, capítulo «Campañas comerciales no sujetas a la Ley 29/2005», pág. 45 del PDF)","Coste total de sus campañas comerciales (producción, compra de medios y evaluación), euros corrientes; el informe no dice si lleva IVA; entidad pública empresarial; nombre en el informe: Entidad Pública Empresarial de Suelo (SEPES)"
2015,Fundación SEPI,Hacienda y administraciones públicas,organismo,0.0,"https://www.lamoncloa.gob.es/serviciosdeprensa/cpci/Documents/Informe_2015.pdf#page=44 (Informe de Publicidad y Comunicación Institucional 2015, capítulo «Campañas comerciales no sujetas a la Ley 29/2005», pág. 44 del PDF)","Coste total de sus campañas comerciales (producción, compra de medios y evaluación), euros corrientes; el informe no dice si lleva IVA; Grupo SEPI; fundación del sector público"
2016,SELAE (Loterías y Apuestas del Estado),Hacienda y administraciones públicas,empresa_publica,58163525.0,"https://www.lamoncloa.gob.es/serviciosdeprensa/cpci/Documents/Informe_2016.pdf#page=36 (Informe de Publicidad y Comunicación Institucional 2016, capítulo «Campañas comerciales no sujetas a la Ley 29/2005», pág. 36 del PDF)","Coste total de sus campañas comerciales (producción, compra de medios y evaluación), euros corrientes; el informe no dice si lleva IVA; Grupo Patrimonio; nombre en el informe: Sociedad Estatal de Loterías y Apuestas del Estado, S.A. (Grupo Patrimonio)"
2016,Renfe,Fomento,empresa_publica,15573046.0,"https://www.lamoncloa.gob.es/serviciosdeprensa/cpci/Documents/Informe_2016.pdf#page=37 (Informe de Publicidad y Comunicación Institucional 2016, capítulo «Campañas comerciales no sujetas a la Ley 29/2005», pág. 37 del PDF)","Coste total de sus campañas comerciales (producción, compra de medios y evaluación), euros corrientes; el informe no dice si lleva IVA; Renfe-Operadora y Renfe Viajeros; nombre en el informe: Renfe-Operadora"
2016,Correos,Hacienda y administraciones públicas,empresa_publica,8063144.0,"https://www.lamoncloa.gob.es/serviciosdeprensa/cpci/Documents/Informe_2016.pdf#page=35 (Informe de Publicidad y Comunicación Institucional 2016, capítulo «Campañas comerciales no sujetas a la Ley 29/2005», pág. 35 del PDF)","Coste total de sus campañas comerciales (producción, compra de medios y evaluación), euros corrientes; el informe no dice si lleva IVA; Grupo SEPI; nombre en el informe: Sociedad Estatal Correos y Telégrafos, S.A. (SEPI)"
2016,Turespaña,"Industria, energía y turismo",organismo,7583808.0,"https://www.lamoncloa.gob.es/serviciosdeprensa/cpci/Documents/Informe_2016.pdf#page=37 (Informe de Publicidad y Comunicación Institucional 2016, capítulo «Campañas comerciales no sujetas a la Ley 29/2005», pág. 37 del PDF)","Coste total de sus campañas comerciales (producción, compra de medios y evaluación), euros corrientes; el informe no dice si lleva IVA; organismo autónomo; nombre en el informe: Instituto de Turismo de España (TURESPAÑA)"
2016,AENA,Fomento,empresa_publica,2622522.0,"https://www.lamoncloa.gob.es/serviciosdeprensa/cpci/Documents/Informe_2016.pdf#page=36 (Informe de Publicidad y Comunicación Institucional 2016, capítulo «Campañas comerciales no sujetas a la Ley 29/2005», pág. 36 del PDF)","Coste total de sus campañas comerciales (producción, compra de medios y evaluación), euros corrientes; el informe no dice si lleva IVA; participada al 51 % por ENAIRE; cotiza en bolsa; nombre en el informe: AENA, S.A."
2016,Paradores,"Industria, energía y turismo",empresa_publica,1943677.0,"https://www.lamoncloa.gob.es/serviciosdeprensa/cpci/Documents/Informe_2016.pdf#page=37 (Informe de Publicidad y Comunicación Institucional 2016, capítulo «Campañas comerciales no sujetas a la Ley 29/2005», pág. 37 del PDF)","Coste total de sus campañas comerciales (producción, compra de medios y evaluación), euros corrientes; el informe no dice si lleva IVA; Grupo Patrimonio; nombre en el informe: Paradores de Turismo, S.A. (Grupo Patrimonio)"
2016,FNMT-RCM,Hacienda y administraciones públicas,empresa_publica,1215927.0,"https://www.lamoncloa.gob.es/serviciosdeprensa/cpci/Documents/Informe_2016.pdf#page=35 (Informe de Publicidad y Comunicación Institucional 2016, capítulo «Campañas comerciales no sujetas a la Ley 29/2005», pág. 35 del PDF)","Coste total de sus campañas comerciales (producción, compra de medios y evaluación), euros corrientes; el informe no dice si lleva IVA; entidad pública empresarial; nombre en el informe: Fábrica Nacional de Moneda y Timbre- Real Casa de la Moneda"
2016,INAEM,"Educación, cultura y deporte",organismo,875427.0,"https://www.lamoncloa.gob.es/serviciosdeprensa/cpci/Documents/Informe_2016.pdf#page=37 (Informe de Publicidad y Comunicación Institucional 2016, capítulo «Campañas comerciales no sujetas a la Ley 29/2005», pág. 37 del PDF)","Coste total de sus campañas comerciales (producción, compra de medios y evaluación), euros corrientes; el informe no dice si lleva IVA; organismo autónomo; nombre en el informe: Instituto Nacional de las Artes Escénicas y de la Música (INAEM)"
2016,ICO (Instituto de Crédito Oficial),Economía y competitividad,empresa_publica,793043.0,"https://www.lamoncloa.gob.es/serviciosdeprensa/cpci/Documents/Informe_2016.pdf#page=37 (Informe de Publicidad y Comunicación Institucional 2016, capítulo «Campañas comerciales no sujetas a la Ley 29/2005», pág. 37 del PDF)","Coste total de sus campañas comerciales (producción, compra de medios y evaluación), euros corrientes; el informe no dice si lleva IVA; entidad pública empresarial; nombre en el informe: Instituto de Crédito Oficial (ICO)"
2016,Corporación RTVE,Hacienda y administraciones públicas,rtve,791896.0,"https://www.lamoncloa.gob.es/serviciosdeprensa/cpci/Documents/Informe_2016.pdf#page=35 (Informe de Publicidad y Comunicación Institucional 2016, capítulo «Campañas comerciales no sujetas a la Ley 29/2005», pág. 35 del PDF)","Coste total de sus campañas comerciales (producción, compra de medios y evaluación), euros corrientes; el informe no dice si lleva IVA; Grupo SEPI; ya va en el bloque de televisión pública; nombre en el informe: RTVE (SEPI)"
2016,Museo del Prado,"Educación, cultura y deporte",organismo,623685.0,"https://www.lamoncloa.gob.es/serviciosdeprensa/cpci/Documents/Informe_2016.pdf#page=37 (Informe de Publicidad y Comunicación Institucional 2016, capítulo «Campañas comerciales no sujetas a la Ley 29/2005», pág. 37 del PDF)","Coste total de sus campañas comerciales (producción, compra de medios y evaluación), euros corrientes; el informe no dice si lleva IVA; organismo público; nombre en el informe: Museo Nacional del Prado"
2016,CESCE,Economía y competitividad,empresa_publica,559504.0,"https://www.lamoncloa.gob.es/serviciosdeprensa/cpci/Documents/Informe_2016.pdf#page=37 (Informe de Publicidad y Comunicación Institucional 2016, capítulo «Campañas comerciales no sujetas a la Ley 29/2005», pág. 37 del PDF)","Coste total de sus campañas comerciales (producción, compra de medios y evaluación), euros corrientes; el informe no dice si lleva IVA; Grupo Patrimonio; nombre en el informe: CESCE (Grupo Patrimonio)"
2016,Hipódromo de la Zarzuela,Hacienda y administraciones públicas,empresa_publica,369530.0,"https://www.lamoncloa.gob.es/serviciosdeprensa/cpci/Documents/Informe_2016.pdf#page=35 (Informe de Publicidad y Comunicación Institucional 2016, capítulo «Campañas comerciales no sujetas a la Ley 29/2005», pág. 35 del PDF)","Coste total de sus campañas comerciales (producción, compra de medios y evaluación), euros corrientes; el informe no dice si lleva IVA; Grupo SEPI; nombre en el informe: Hipódromo de La Zarzuela (SEPI)"
2016,UNED,"Educación, cultura y deporte",organismo,252097.0,"https://www.lamoncloa.gob.es/serviciosdeprensa/cpci/Documents/Informe_2016.pdf#page=37 (Informe de Publicidad y Comunicación Institucional 2016, capítulo «Campañas comerciales no sujetas a la Ley 29/2005», pág. 37 del PDF)","Coste total de sus campañas comerciales (producción, compra de medios y evaluación), euros corrientes; el informe no dice si lleva IVA; universidad pública; nombre en el informe: Universidad Nacional de Educación a Distancia (UNED)"
2016,Navantia,Hacienda y administraciones públicas,empresa_publica,169911.0,"https://www.lamoncloa.gob.es/serviciosdeprensa/cpci/Documents/Informe_2016.pdf#page=35 (Informe de Publicidad y Comunicación Institucional 2016, capítulo «Campañas comerciales no sujetas a la Ley 29/2005», pág. 35 del PDF)","Coste total de sus campañas comerciales (producción, compra de medios y evaluación), euros corrientes; el informe no dice si lleva IVA; Grupo SEPI; nombre en el informe: NAVANTIA (SEPI)"
2016,Puertos del Estado,Fomento,empresa_publica,111335.0,"https://www.lamoncloa.gob.es/serviciosdeprensa/cpci/Documents/Informe_2016.pdf#page=36 (Informe de Publicidad y Comunicación Institucional 2016, capítulo «Campañas comerciales no sujetas a la Ley 29/2005», pág. 36 del PDF)","Coste total de sus campañas comerciales (producción, compra de medios y evaluación), euros corrientes; el informe no dice si lleva IVA; organismo público portuario que actúa en el mercado"
2016,Tragsa,Hacienda y administraciones públicas,empresa_publica,103856.0,"https://www.lamoncloa.gob.es/serviciosdeprensa/cpci/Documents/Informe_2016.pdf#page=36 (Informe de Publicidad y Comunicación Institucional 2016, capítulo «Campañas comerciales no sujetas a la Ley 29/2005», pág. 36 del PDF)","Coste total de sus campañas comerciales (producción, compra de medios y evaluación), euros corrientes; el informe no dice si lleva IVA; Grupo SEPI; nombre en el informe: Tragsa (SEPI)"
2016,ADIF,Fomento,empresa_publica,78562.0,"https://www.lamoncloa.gob.es/serviciosdeprensa/cpci/Documents/Informe_2016.pdf#page=36 (Informe de Publicidad y Comunicación Institucional 2016, capítulo «Campañas comerciales no sujetas a la Ley 29/2005», pág. 36 del PDF)","Coste total de sus campañas comerciales (producción, compra de medios y evaluación), euros corrientes; el informe no dice si lleva IVA; entidad pública empresarial; nombre en el informe: Administrador de Infraestructuras Ferroviarias (ADIF)"
2016,Hunosa,Hacienda y administraciones públicas,empresa_publica,72146.0,"https://www.lamoncloa.gob.es/serviciosdeprensa/cpci/Documents/Informe_2016.pdf#page=35 (Informe de Publicidad y Comunicación Institucional 2016, capítulo «Campañas comerciales no sujetas a la Ley 29/2005», pág. 35 del PDF)","Coste total de sus campañas comerciales (producción, compra de medios y evaluación), euros corrientes; el informe no dice si lleva IVA; Grupo SEPI; nombre en el informe: Grupo HUNOSA (SEPI)"
2016,ENUSA,Hacienda y administraciones públicas,empresa_publica,50324.0,"https://www.lamoncloa.gob.es/serviciosdeprensa/cpci/Documents/Informe_2016.pdf#page=35 (Informe de Publicidad y Comunicación Institucional 2016, capítulo «Campañas comerciales no sujetas a la Ley 29/2005», pág. 35 del PDF)","Coste total de sus campañas comerciales (producción, compra de medios y evaluación), euros corrientes; el informe no dice si lleva IVA; Grupo SEPI; nombre en el informe: ENUSA Industrias Avanzadas, S.A. (SEPI)"
2016,ENAIRE,Fomento,empresa_publica,37557.0,"https://www.lamoncloa.gob.es/serviciosdeprensa/cpci/Documents/Informe_2016.pdf#page=36 (Informe de Publicidad y Comunicación Institucional 2016, capítulo «Campañas comerciales no sujetas a la Ley 29/2005», pág. 36 del PDF)","Coste total de sus campañas comerciales (producción, compra de medios y evaluación), euros corrientes; el informe no dice si lleva IVA; entidad pública empresarial"
2016,INCIBE,"Industria, energía y turismo",empresa_publica,34735.0,"https://www.lamoncloa.gob.es/serviciosdeprensa/cpci/Documents/Informe_2016.pdf#page=37 (Informe de Publicidad y Comunicación Institucional 2016, capítulo «Campañas comerciales no sujetas a la Ley 29/2005», pág. 37 del PDF)","Coste total de sus campañas comerciales (producción, compra de medios y evaluación), euros corrientes; el informe no dice si lleva IVA; sociedad mercantil estatal; nombre en el informe: Instituto Nacional de Ciberseguridad de España, S.A. (INCIBE)"
2016,ENSA Equipos Nucleares,Hacienda y administraciones públicas,empresa_publica,32811.0,"https://www.lamoncloa.gob.es/serviciosdeprensa/cpci/Documents/Informe_2016.pdf#page=35 (Informe de Publicidad y Comunicación Institucional 2016, capítulo «Campañas comerciales no sujetas a la Ley 29/2005», pág. 35 del PDF)","Coste total de sus campañas comerciales (producción, compra de medios y evaluación), euros corrientes; el informe no dice si lleva IVA; Grupo SEPI; nombre en el informe: ENSA Equipos Nucleares, S.A. (SEPI)"
2016,MAYASA (Minas de Almadén),Hacienda y administraciones públicas,empresa_publica,32062.0,"https://www.lamoncloa.gob.es/serviciosdeprensa/cpci/Documents/Informe_2016.pdf#page=35 (Informe de Publicidad y Comunicación Institucional 2016, capítulo «Campañas comerciales no sujetas a la Ley 29/2005», pág. 35 del PDF)","Coste total de sus campañas comerciales (producción, compra de medios y evaluación), euros corrientes; el informe no dice si lleva IVA; Grupo SEPI; nombre en el informe: Minas de Almadén y Arrayanes, S.A. (MAYASA - SEPI)"
2016,ENESA,"Agricultura, alimentación y medio ambiente",organismo,27271.0,"https://www.lamoncloa.gob.es/serviciosdeprensa/cpci/Documents/Informe_2016.pdf#page=37 (Informe de Publicidad y Comunicación Institucional 2016, capítulo «Campañas comerciales no sujetas a la Ley 29/2005», pág. 37 del PDF)","Coste total de sus campañas comerciales (producción, compra de medios y evaluación), euros corrientes; el informe no dice si lleva IVA; organismo autónomo; nombre en el informe: Entidad Estatal de Seguros Agrarios (ENESA)"
2016,INECO,Fomento,empresa_publica,26270.0,"https://www.lamoncloa.gob.es/serviciosdeprensa/cpci/Documents/Informe_2016.pdf#page=36 (Informe de Publicidad y Comunicación Institucional 2016, capítulo «Campañas comerciales no sujetas a la Ley 29/2005», pág. 36 del PDF)","Coste total de sus campañas comerciales (producción, compra de medios y evaluación), euros corrientes; el informe no dice si lleva IVA; sociedad mercantil estatal; nombre en el informe: Ingeniería y Economía del Transporte, S.A. (INECO)"
2016,CNIG,Fomento,organismo,21719.0,"https://www.lamoncloa.gob.es/serviciosdeprensa/cpci/Documents/Informe_2016.pdf#page=36 (Informe de Publicidad y Comunicación Institucional 2016, capítulo «Campañas comerciales no sujetas a la Ley 29/2005», pág. 36 del PDF)","Coste total de sus campañas comerciales (producción, compra de medios y evaluación), euros corrientes; el informe no dice si lleva IVA; organismo autónomo; nombre en el informe: Centro Nacional de Información Geográfica (CNIG)"
2016,SEPIDES,Hacienda y administraciones públicas,empresa_publica,8666.0,"https://www.lamoncloa.gob.es/serviciosdeprensa/cpci/Documents/Informe_2016.pdf#page=35 (Informe de Publicidad y Comunicación Institucional 2016, capítulo «Campañas comerciales no sujetas a la Ley 29/2005», pág. 35 del PDF)","Coste total de sus campañas comerciales (producción, compra de medios y evaluación), euros corrientes; el informe no dice si lleva IVA; Grupo SEPI; nombre en el informe: SEPI Desarrollo Empresarial, S.A. (SEPIDES)"
2016,CIS,Presidencia,organismo,7986.0,"https://www.lamoncloa.gob.es/serviciosdeprensa/cpci/Documents/Informe_2016.pdf#page=35 (Informe de Publicidad y Comunicación Institucional 2016, capítulo «Campañas comerciales no sujetas a la Ley 29/2005», pág. 35 del PDF)","Coste total de sus campañas comerciales (producción, compra de medios y evaluación), euros corrientes; el informe no dice si lleva IVA; organismo autónomo; nombre en el informe: Centro de Investigaciones Sociológicas (CIS)"
2016,CEPC,Presidencia,organismo,5324.0,"https://www.lamoncloa.gob.es/serviciosdeprensa/cpci/Documents/Informe_2016.pdf#page=35 (Informe de Publicidad y Comunicación Institucional 2016, capítulo «Campañas comerciales no sujetas a la Ley 29/2005», pág. 35 del PDF)","Coste total de sus campañas comerciales (producción, compra de medios y evaluación), euros corrientes; el informe no dice si lleva IVA; organismo autónomo; nombre en el informe: Centro de Estudios Políticos y Constitucionales"
2016,Expasa,"Agricultura, alimentación y medio ambiente",empresa_publica,5266.0,"https://www.lamoncloa.gob.es/serviciosdeprensa/cpci/Documents/Informe_2016.pdf#page=37 (Informe de Publicidad y Comunicación Institucional 2016, capítulo «Campañas comerciales no sujetas a la Ley 29/2005», pág. 37 del PDF)","Coste total de sus campañas comerciales (producción, compra de medios y evaluación), euros corrientes; el informe no dice si lleva IVA; Grupo Patrimonio; nombre en el informe: Expasa Agricultura y Ganadería, S.A. (Grupo Patrimonio)"
2016,BOE (Agencia Estatal),Presidencia,organismo,4931.0,"https://www.lamoncloa.gob.es/serviciosdeprensa/cpci/Documents/Informe_2016.pdf#page=35 (Informe de Publicidad y Comunicación Institucional 2016, capítulo «Campañas comerciales no sujetas a la Ley 29/2005», pág. 35 del PDF)","Coste total de sus campañas comerciales (producción, compra de medios y evaluación), euros corrientes; el informe no dice si lleva IVA; agencia estatal; nombre en el informe: Boletín Oficial del Estado"
2016,La Almoraima,"Agricultura, alimentación y medio ambiente",empresa_publica,3575.0,"https://www.lamoncloa.gob.es/serviciosdeprensa/cpci/Documents/Informe_2016.pdf#page=37 (Informe de Publicidad y Comunicación Institucional 2016, capítulo «Campañas comerciales no sujetas a la Ley 29/2005», pág. 37 del PDF)","Coste total de sus campañas comerciales (producción, compra de medios y evaluación), euros corrientes; el informe no dice si lleva IVA; sociedad mercantil estatal; nombre en el informe: La Almoraima, S.A. (Parques Nacionales)"
2017,SELAE (Loterías y Apuestas del Estado),Hacienda y función pública,empresa_publica,53856553.0,"https://www.lamoncloa.gob.es/serviciosdeprensa/cpci/Documents/Informe_2017.pdf#page=46 (Informe de Publicidad y Comunicación Institucional 2017, capítulo «Campañas comerciales no sujetas a la Ley 29/2005», pág. 46 del PDF)","Coste total de sus campañas comerciales (producción, compra de medios y evaluación), euros corrientes; el informe no dice si lleva IVA; Grupo Patrimonio; nombre en el informe: Sociedad Estatal Loterías y Apuestas del Estado, S.A. (Grupo Patrimonio)"
2017,Renfe,Fomento,empresa_publica,12615811.0,"https://www.lamoncloa.gob.es/serviciosdeprensa/cpci/Documents/Informe_2017.pdf#page=47 (Informe de Publicidad y Comunicación Institucional 2017, capítulo «Campañas comerciales no sujetas a la Ley 29/2005», pág. 47 del PDF)","Coste total de sus campañas comerciales (producción, compra de medios y evaluación), euros corrientes; el informe no dice si lleva IVA; Renfe-Operadora y Renfe Viajeros; nombre en el informe: Renfe-Operadora"
2017,Correos,Hacienda y función pública,empresa_publica,11190776.0,"https://www.lamoncloa.gob.es/serviciosdeprensa/cpci/Documents/Informe_2017.pdf#page=45 (Informe de Publicidad y Comunicación Institucional 2017, capítulo «Campañas comerciales no sujetas a la Ley 29/2005», pág. 45 del PDF)","Coste total de sus campañas comerciales (producción, compra de medios y evaluación), euros corrientes; el informe no dice si lleva IVA; Grupo SEPI; nombre en el informe: Sociedad Estatal Correos y Telégrafos, S.A. (SEPI)"
2017,Turespaña,"Energía, turismo y agenda digital",organismo,7685158.0,"https://www.lamoncloa.gob.es/serviciosdeprensa/cpci/Documents/Informe_2017.pdf#page=47 (Informe de Publicidad y Comunicación Institucional 2017, capítulo «Campañas comerciales no sujetas a la Ley 29/2005», pág. 47 del PDF)","Coste total de sus campañas comerciales (producción, compra de medios y evaluación), euros corrientes; el informe no dice si lleva IVA; organismo autónomo; nombre en el informe: Instituto de Turismo de España (TURESPAÑA)"
2017,AENA,Fomento,empresa_publica,2605828.0,"https://www.lamoncloa.gob.es/serviciosdeprensa/cpci/Documents/Informe_2017.pdf#page=46 (Informe de Publicidad y Comunicación Institucional 2017, capítulo «Campañas comerciales no sujetas a la Ley 29/2005», pág. 46 del PDF)","Coste total de sus campañas comerciales (producción, compra de medios y evaluación), euros corrientes; el informe no dice si lleva IVA; participada al 51 % por ENAIRE; cotiza en bolsa; nombre en el informe: AENA, S.A."
2017,Paradores,"Energía, turismo y agenda digital",empresa_publica,2315089.0,"https://www.lamoncloa.gob.es/serviciosdeprensa/cpci/Documents/Informe_2017.pdf#page=47 (Informe de Publicidad y Comunicación Institucional 2017, capítulo «Campañas comerciales no sujetas a la Ley 29/2005», pág. 47 del PDF)","Coste total de sus campañas comerciales (producción, compra de medios y evaluación), euros corrientes; el informe no dice si lleva IVA; Grupo Patrimonio; nombre en el informe: Paradores de Turismo, S.A. (Grupo Patrimonio)"
2017,FNMT-RCM,Hacienda y función pública,empresa_publica,1212059.0,"https://www.lamoncloa.gob.es/serviciosdeprensa/cpci/Documents/Informe_2017.pdf#page=45 (Informe de Publicidad y Comunicación Institucional 2017, capítulo «Campañas comerciales no sujetas a la Ley 29/2005», pág. 45 del PDF)","Coste total de sus campañas comerciales (producción, compra de medios y evaluación), euros corrientes; el informe no dice si lleva IVA; entidad pública empresarial; nombre en el informe: Fábrica Nacional de Moneda y Timbre- Real Casa de la Moneda"
2017,INAEM,"Educación, cultura y deporte",organismo,1118791.0,"https://www.lamoncloa.gob.es/serviciosdeprensa/cpci/Documents/Informe_2017.pdf#page=47 (Informe de Publicidad y Comunicación Institucional 2017, capítulo «Campañas comerciales no sujetas a la Ley 29/2005», pág. 47 del PDF)","Coste total de sus campañas comerciales (producción, compra de medios y evaluación), euros corrientes; el informe no dice si lleva IVA; organismo autónomo; nombre en el informe: Instituto Nacional de las Artes Escénicas y de la Música (INAEM)"
2017,ICO (Instituto de Crédito Oficial),"Economía, industria y competitividad",empresa_publica,890985.0,"https://www.lamoncloa.gob.es/serviciosdeprensa/cpci/Documents/Informe_2017.pdf#page=47 (Informe de Publicidad y Comunicación Institucional 2017, capítulo «Campañas comerciales no sujetas a la Ley 29/2005», pág. 47 del PDF)","Coste total de sus campañas comerciales (producción, compra de medios y evaluación), euros corrientes; el informe no dice si lleva IVA; entidad pública empresarial; nombre en el informe: Instituto de Crédito Oficial (ICO)"
2017,Corporación RTVE,Hacienda y función pública,rtve,766846.0,"https://www.lamoncloa.gob.es/serviciosdeprensa/cpci/Documents/Informe_2017.pdf#page=45 (Informe de Publicidad y Comunicación Institucional 2017, capítulo «Campañas comerciales no sujetas a la Ley 29/2005», pág. 45 del PDF)","Coste total de sus campañas comerciales (producción, compra de medios y evaluación), euros corrientes; el informe no dice si lleva IVA; Grupo SEPI; ya va en el bloque de televisión pública; nombre en el informe: RTVE (SEPI)"
2017,Museo del Prado,"Educación, cultura y deporte",organismo,632848.0,"https://www.lamoncloa.gob.es/serviciosdeprensa/cpci/Documents/Informe_2017.pdf#page=47 (Informe de Publicidad y Comunicación Institucional 2017, capítulo «Campañas comerciales no sujetas a la Ley 29/2005», pág. 47 del PDF)","Coste total de sus campañas comerciales (producción, compra de medios y evaluación), euros corrientes; el informe no dice si lleva IVA; organismo público; nombre en el informe: Museo Nacional del Prado"
2017,ENESA,"Agricultura y pesca, alimentación y medio ambiente",organismo,384710.0,"https://www.lamoncloa.gob.es/serviciosdeprensa/cpci/Documents/Informe_2017.pdf#page=47 (Informe de Publicidad y Comunicación Institucional 2017, capítulo «Campañas comerciales no sujetas a la Ley 29/2005», pág. 47 del PDF)","Coste total de sus campañas comerciales (producción, compra de medios y evaluación), euros corrientes; el informe no dice si lleva IVA; organismo autónomo; nombre en el informe: Entidad Estatal de Seguros Agrarios (ENESA)"
2017,Hipódromo de la Zarzuela,Hacienda y función pública,empresa_publica,356723.0,"https://www.lamoncloa.gob.es/serviciosdeprensa/cpci/Documents/Informe_2017.pdf#page=45 (Informe de Publicidad y Comunicación Institucional 2017, capítulo «Campañas comerciales no sujetas a la Ley 29/2005», pág. 45 del PDF)","Coste total de sus campañas comerciales (producción, compra de medios y evaluación), euros corrientes; el informe no dice si lleva IVA; Grupo SEPI; nombre en el informe: Hipódromo de La Zarzuela (SEPI)"
2017,UNED,"Educación, cultura y deporte",organismo,339795.0,"https://www.lamoncloa.gob.es/serviciosdeprensa/cpci/Documents/Informe_2017.pdf#page=47 (Informe de Publicidad y Comunicación Institucional 2017, capítulo «Campañas comerciales no sujetas a la Ley 29/2005», pág. 47 del PDF)","Coste total de sus campañas comerciales (producción, compra de medios y evaluación), euros corrientes; el informe no dice si lleva IVA; universidad pública; nombre en el informe: Universidad Nacional de Educación a Distancia (UNED)"
2017,CESCE,"Economía, industria y competitividad",empresa_publica,299349.0,"https://www.lamoncloa.gob.es/serviciosdeprensa/cpci/Documents/Informe_2017.pdf#page=47 (Informe de Publicidad y Comunicación Institucional 2017, capítulo «Campañas comerciales no sujetas a la Ley 29/2005», pág. 47 del PDF)","Coste total de sus campañas comerciales (producción, compra de medios y evaluación), euros corrientes; el informe no dice si lleva IVA; Grupo Patrimonio; nombre en el informe: CESCE (Grupo Patrimonio)"
2017,Tesoro Público,"Economía, industria y competitividad",organismo,265626.0,"https://www.lamoncloa.gob.es/serviciosdeprensa/cpci/Documents/Informe_2017.pdf#page=47 (Informe de Publicidad y Comunicación Institucional 2017, capítulo «Campañas comerciales no sujetas a la Ley 29/2005», pág. 47 del PDF)","Coste total de sus campañas comerciales (producción, compra de medios y evaluación), euros corrientes; el informe no dice si lleva IVA; Secretaría General del Tesoro"
2017,Navantia,Hacienda y función pública,empresa_publica,191320.0,"https://www.lamoncloa.gob.es/serviciosdeprensa/cpci/Documents/Informe_2017.pdf#page=45 (Informe de Publicidad y Comunicación Institucional 2017, capítulo «Campañas comerciales no sujetas a la Ley 29/2005», pág. 45 del PDF)","Coste total de sus campañas comerciales (producción, compra de medios y evaluación), euros corrientes; el informe no dice si lleva IVA; Grupo SEPI; nombre en el informe: NAVANTIA (SEPI)"
2017,Tragsa,Hacienda y función pública,empresa_publica,123142.0,"https://www.lamoncloa.gob.es/serviciosdeprensa/cpci/Documents/Informe_2017.pdf#page=46 (Informe de Publicidad y Comunicación Institucional 2017, capítulo «Campañas comerciales no sujetas a la Ley 29/2005», pág. 46 del PDF)","Coste total de sus campañas comerciales (producción, compra de medios y evaluación), euros corrientes; el informe no dice si lleva IVA; Grupo SEPI; nombre en el informe: Tragsa (SEPI)"
2017,Puertos del Estado,Fomento,empresa_publica,119018.0,"https://www.lamoncloa.gob.es/serviciosdeprensa/cpci/Documents/Informe_2017.pdf#page=46 (Informe de Publicidad y Comunicación Institucional 2017, capítulo «Campañas comerciales no sujetas a la Ley 29/2005», pág. 46 del PDF)","Coste total de sus campañas comerciales (producción, compra de medios y evaluación), euros corrientes; el informe no dice si lleva IVA; organismo público portuario que actúa en el mercado"
2017,ENAIRE,Fomento,empresa_publica,89615.0,"https://www.lamoncloa.gob.es/serviciosdeprensa/cpci/Documents/Informe_2017.pdf#page=46 (Informe de Publicidad y Comunicación Institucional 2017, capítulo «Campañas comerciales no sujetas a la Ley 29/2005», pág. 46 del PDF)","Coste total de sus campañas comerciales (producción, compra de medios y evaluación), euros corrientes; el informe no dice si lleva IVA; entidad pública empresarial"
2017,Hunosa,Hacienda y función pública,empresa_publica,75358.0,"https://www.lamoncloa.gob.es/serviciosdeprensa/cpci/Documents/Informe_2017.pdf#page=45 (Informe de Publicidad y Comunicación Institucional 2017, capítulo «Campañas comerciales no sujetas a la Ley 29/2005», pág. 45 del PDF)","Coste total de sus campañas comerciales (producción, compra de medios y evaluación), euros corrientes; el informe no dice si lleva IVA; Grupo SEPI; nombre en el informe: Grupo HUNOSA (SEPI)"
2017,ENUSA,Hacienda y función pública,empresa_publica,72193.0,"https://www.lamoncloa.gob.es/serviciosdeprensa/cpci/Documents/Informe_2017.pdf#page=45 (Informe de Publicidad y Comunicación Institucional 2017, capítulo «Campañas comerciales no sujetas a la Ley 29/2005», pág. 45 del PDF)","Coste total de sus campañas comerciales (producción, compra de medios y evaluación), euros corrientes; el informe no dice si lleva IVA; Grupo SEPI; nombre en el informe: ENUSA Industrias Avanzadas, S.A. (SEPI)"
2017,ENSA Equipos Nucleares,Hacienda y función pública,empresa_publica,54427.0,"https://www.lamoncloa.gob.es/serviciosdeprensa/cpci/Documents/Informe_2017.pdf#page=45 (Informe de Publicidad y Comunicación Institucional 2017, capítulo «Campañas comerciales no sujetas a la Ley 29/2005», pág. 45 del PDF)","Coste total de sus campañas comerciales (producción, compra de medios y evaluación), euros corrientes; el informe no dice si lleva IVA; Grupo SEPI; nombre en el informe: ENSA Equipos Nucleares, S.A. (SEPI)"
2017,MAYASA (Minas de Almadén),Hacienda y función pública,empresa_publica,26134.0,"https://www.lamoncloa.gob.es/serviciosdeprensa/cpci/Documents/Informe_2017.pdf#page=45 (Informe de Publicidad y Comunicación Institucional 2017, capítulo «Campañas comerciales no sujetas a la Ley 29/2005», pág. 45 del PDF)","Coste total de sus campañas comerciales (producción, compra de medios y evaluación), euros corrientes; el informe no dice si lleva IVA; Grupo SEPI; nombre en el informe: Minas de Almadén y Arrayanes, S.A. (MAYASA - SEPI)"
2017,SEPIDES,Hacienda y función pública,empresa_publica,25048.0,"https://www.lamoncloa.gob.es/serviciosdeprensa/cpci/Documents/Informe_2017.pdf#page=45 (Informe de Publicidad y Comunicación Institucional 2017, capítulo «Campañas comerciales no sujetas a la Ley 29/2005», pág. 45 del PDF)","Coste total de sus campañas comerciales (producción, compra de medios y evaluación), euros corrientes; el informe no dice si lleva IVA; Grupo SEPI; nombre en el informe: SEPI Desarrollo Empresarial, S.A. (SEPIDES)"
2017,INECO,Fomento,empresa_publica,20985.0,"https://www.lamoncloa.gob.es/serviciosdeprensa/cpci/Documents/Informe_2017.pdf#page=46 (Informe de Publicidad y Comunicación Institucional 2017, capítulo «Campañas comerciales no sujetas a la Ley 29/2005», pág. 46 del PDF)","Coste total de sus campañas comerciales (producción, compra de medios y evaluación), euros corrientes; el informe no dice si lleva IVA; sociedad mercantil estatal; nombre en el informe: Ingeniería y Economía del Transporte, S.A. (INECO)"
2017,CNIG,Fomento,organismo,16133.0,"https://www.lamoncloa.gob.es/serviciosdeprensa/cpci/Documents/Informe_2017.pdf#page=46 (Informe de Publicidad y Comunicación Institucional 2017, capítulo «Campañas comerciales no sujetas a la Ley 29/2005», pág. 46 del PDF)","Coste total de sus campañas comerciales (producción, compra de medios y evaluación), euros corrientes; el informe no dice si lleva IVA; organismo autónomo; nombre en el informe: Centro Nacional de Información Geográfica (CNIG)"
2017,Fundación SEPI,Hacienda y función pública,organismo,9973.0,"https://www.lamoncloa.gob.es/serviciosdeprensa/cpci/Documents/Informe_2017.pdf#page=45 (Informe de Publicidad y Comunicación Institucional 2017, capítulo «Campañas comerciales no sujetas a la Ley 29/2005», pág. 45 del PDF)","Coste total de sus campañas comerciales (producción, compra de medios y evaluación), euros corrientes; el informe no dice si lleva IVA; Grupo SEPI; fundación del sector público"
2017,CIS,Presidencia y para las administraciones territoriales,organismo,7986.0,"https://www.lamoncloa.gob.es/serviciosdeprensa/cpci/Documents/Informe_2017.pdf#page=45 (Informe de Publicidad y Comunicación Institucional 2017, capítulo «Campañas comerciales no sujetas a la Ley 29/2005», pág. 45 del PDF)","Coste total de sus campañas comerciales (producción, compra de medios y evaluación), euros corrientes; el informe no dice si lleva IVA; organismo autónomo; nombre en el informe: Centro de Investigaciones Sociológicas (CIS)"
2017,CEPC,Presidencia y para las administraciones territoriales,organismo,5324.0,"https://www.lamoncloa.gob.es/serviciosdeprensa/cpci/Documents/Informe_2017.pdf#page=45 (Informe de Publicidad y Comunicación Institucional 2017, capítulo «Campañas comerciales no sujetas a la Ley 29/2005», pág. 45 del PDF)","Coste total de sus campañas comerciales (producción, compra de medios y evaluación), euros corrientes; el informe no dice si lleva IVA; organismo autónomo; nombre en el informe: Centro de Estudios Políticos y Constitucionales (CEPC)"
2017,Expasa,"Agricultura y pesca, alimentación y medio ambiente",empresa_publica,4627.0,"https://www.lamoncloa.gob.es/serviciosdeprensa/cpci/Documents/Informe_2017.pdf#page=47 (Informe de Publicidad y Comunicación Institucional 2017, capítulo «Campañas comerciales no sujetas a la Ley 29/2005», pág. 47 del PDF)","Coste total de sus campañas comerciales (producción, compra de medios y evaluación), euros corrientes; el informe no dice si lleva IVA; Grupo Patrimonio; nombre en el informe: Expasa Agricultura y Ganadería, S.A. (Grupo Patrimonio)"
2017,BOE (Agencia Estatal),Presidencia y para las administraciones territoriales,organismo,4114.0,"https://www.lamoncloa.gob.es/serviciosdeprensa/cpci/Documents/Informe_2017.pdf#page=45 (Informe de Publicidad y Comunicación Institucional 2017, capítulo «Campañas comerciales no sujetas a la Ley 29/2005», pág. 45 del PDF)","Coste total de sus campañas comerciales (producción, compra de medios y evaluación), euros corrientes; el informe no dice si lleva IVA; agencia estatal; nombre en el informe: Boletín Oficial del Estado"
2017,La Almoraima,"Agricultura y pesca, alimentación y medio ambiente",empresa_publica,3625.0,"https://www.lamoncloa.gob.es/serviciosdeprensa/cpci/Documents/Informe_2017.pdf#page=47 (Informe de Publicidad y Comunicación Institucional 2017, capítulo «Campañas comerciales no sujetas a la Ley 29/2005», pág. 47 del PDF)","Coste total de sus campañas comerciales (producción, compra de medios y evaluación), euros corrientes; el informe no dice si lleva IVA; sociedad mercantil estatal; nombre en el informe: La Almoraima, S.A. (Parques Nacionales)"
2018,SELAE (Loterías y Apuestas del Estado),Hacienda,empresa_publica,61518633.0,"https://www.lamoncloa.gob.es/serviciosdeprensa/cpci/Documents/04072019Informe2018Publicidad.pdf#page=49 (Informe de Publicidad y Comunicación Institucional 2018, capítulo «Campañas comerciales no sujetas a la Ley 29/2005», pág. 49 del PDF)","Coste total de sus campañas comerciales (producción, compra de medios y evaluación), euros corrientes; el informe no dice si lleva IVA; Grupo Patrimonio; nombre en el informe: Sociedad Estatal de Loterías y Apuestas del Estado, S.A. (Grupo Patrimonio)"
2018,Renfe,Fomento,empresa_publica,17282750.0,"https://www.lamoncloa.gob.es/serviciosdeprensa/cpci/Documents/04072019Informe2018Publicidad.pdf#page=50 (Informe de Publicidad y Comunicación Institucional 2018, capítulo «Campañas comerciales no sujetas a la Ley 29/2005», pág. 50 del PDF)","Coste total de sus campañas comerciales (producción, compra de medios y evaluación), euros corrientes; el informe no dice si lleva IVA; Renfe-Operadora y Renfe Viajeros; nombre en el informe: Renfe-Operadora"
2018,Correos,Hacienda,empresa_publica,8465451.0,"https://www.lamoncloa.gob.es/serviciosdeprensa/cpci/Documents/04072019Informe2018Publicidad.pdf#page=49 (Informe de Publicidad y Comunicación Institucional 2018, capítulo «Campañas comerciales no sujetas a la Ley 29/2005», pág. 49 del PDF)","Coste total de sus campañas comerciales (producción, compra de medios y evaluación), euros corrientes; el informe no dice si lleva IVA; Grupo SEPI; nombre en el informe: Sociedad Estatal Correos y Telégrafos, S.A. (SEPI)"
2018,Turespaña,"Industria, comercio y turismo",organismo,7168199.0,"https://www.lamoncloa.gob.es/serviciosdeprensa/cpci/Documents/04072019Informe2018Publicidad.pdf#page=50 (Informe de Publicidad y Comunicación Institucional 2018, capítulo «Campañas comerciales no sujetas a la Ley 29/2005», pág. 50 del PDF)","Coste total de sus campañas comerciales (producción, compra de medios y evaluación), euros corrientes; el informe no dice si lleva IVA; organismo autónomo; nombre en el informe: Instituto de Turismo de España (TURESPAÑA)"
2018,Tesoro Público,Economía y empresa,organismo,6939088.0,"https://www.lamoncloa.gob.es/serviciosdeprensa/cpci/Documents/04072019Informe2018Publicidad.pdf#page=50 (Informe de Publicidad y Comunicación Institucional 2018, capítulo «Campañas comerciales no sujetas a la Ley 29/2005», pág. 50 del PDF)","Coste total de sus campañas comerciales (producción, compra de medios y evaluación), euros corrientes; el informe no dice si lleva IVA; Secretaría General del Tesoro"
2018,Paradores,"Industria, comercio y turismo",empresa_publica,2941424.0,"https://www.lamoncloa.gob.es/serviciosdeprensa/cpci/Documents/04072019Informe2018Publicidad.pdf#page=50 (Informe de Publicidad y Comunicación Institucional 2018, capítulo «Campañas comerciales no sujetas a la Ley 29/2005», pág. 50 del PDF)","Coste total de sus campañas comerciales (producción, compra de medios y evaluación), euros corrientes; el informe no dice si lleva IVA; Grupo Patrimonio; nombre en el informe: Paradores de Turismo de España (Grupo Patrimonio)"
2018,AENA,Fomento,empresa_publica,2936211.0,"https://www.lamoncloa.gob.es/serviciosdeprensa/cpci/Documents/04072019Informe2018Publicidad.pdf#page=49 (Informe de Publicidad y Comunicación Institucional 2018, capítulo «Campañas comerciales no sujetas a la Ley 29/2005», pág. 49 del PDF)","Coste total de sus campañas comerciales (producción, compra de medios y evaluación), euros corrientes; el informe no dice si lleva IVA; participada al 51 % por ENAIRE; cotiza en bolsa; nombre en el informe: AENA, S.A."
2018,INAEM,Cultura y deporte,organismo,1185422.0,"https://www.lamoncloa.gob.es/serviciosdeprensa/cpci/Documents/04072019Informe2018Publicidad.pdf#page=50 (Informe de Publicidad y Comunicación Institucional 2018, capítulo «Campañas comerciales no sujetas a la Ley 29/2005», pág. 50 del PDF)","Coste total de sus campañas comerciales (producción, compra de medios y evaluación), euros corrientes; el informe no dice si lleva IVA; organismo autónomo; nombre en el informe: Instituto Nacional de las Artes Escénicas y de la Música (INAEM)"
2018,FNMT-RCM,Hacienda,empresa_publica,1181551.0,"https://www.lamoncloa.gob.es/serviciosdeprensa/cpci/Documents/04072019Informe2018Publicidad.pdf#page=48 (Informe de Publicidad y Comunicación Institucional 2018, capítulo «Campañas comerciales no sujetas a la Ley 29/2005», pág. 48 del PDF)","Coste total de sus campañas comerciales (producción, compra de medios y evaluación), euros corrientes; el informe no dice si lleva IVA; entidad pública empresarial; nombre en el informe: Fábrica Nacional de Moneda y Timbre Real Casa de la Moneda"
2018,ICO (Instituto de Crédito Oficial),Economía y empresa,empresa_publica,1059399.0,"https://www.lamoncloa.gob.es/serviciosdeprensa/cpci/Documents/04072019Informe2018Publicidad.pdf#page=50 (Informe de Publicidad y Comunicación Institucional 2018, capítulo «Campañas comerciales no sujetas a la Ley 29/2005», pág. 50 del PDF)","Coste total de sus campañas comerciales (producción, compra de medios y evaluación), euros corrientes; el informe no dice si lleva IVA; entidad pública empresarial; nombre en el informe: Instituto de Crédito Oficial (ICO)"
2018,Museo del Prado,Cultura y deporte,organismo,762813.0,"https://www.lamoncloa.gob.es/serviciosdeprensa/cpci/Documents/04072019Informe2018Publicidad.pdf#page=50 (Informe de Publicidad y Comunicación Institucional 2018, capítulo «Campañas comerciales no sujetas a la Ley 29/2005», pág. 50 del PDF)","Coste total de sus campañas comerciales (producción, compra de medios y evaluación), euros corrientes; el informe no dice si lleva IVA; organismo público; nombre en el informe: Museo Nacional del Prado"
2018,Corporación RTVE,Hacienda,rtve,654335.0,"https://www.lamoncloa.gob.es/serviciosdeprensa/cpci/Documents/04072019Informe2018Publicidad.pdf#page=48 (Informe de Publicidad y Comunicación Institucional 2018, capítulo «Campañas comerciales no sujetas a la Ley 29/2005», pág. 48 del PDF)","Coste total de sus campañas comerciales (producción, compra de medios y evaluación), euros corrientes; el informe no dice si lleva IVA; Grupo SEPI; ya va en el bloque de televisión pública; nombre en el informe: Corporación RTVE (SEPI)"
2018,Hipódromo de la Zarzuela,Hacienda,empresa_publica,351486.0,"https://www.lamoncloa.gob.es/serviciosdeprensa/cpci/Documents/04072019Informe2018Publicidad.pdf#page=48 (Informe de Publicidad y Comunicación Institucional 2018, capítulo «Campañas comerciales no sujetas a la Ley 29/2005», pág. 48 del PDF)","Coste total de sus campañas comerciales (producción, compra de medios y evaluación), euros corrientes; el informe no dice si lleva IVA; Grupo SEPI; nombre en el informe: Hipódromo de La Zarzuela (SEPI)"
2018,CESCE,"Industria, comercio y turismo",empresa_publica,328927.0,"https://www.lamoncloa.gob.es/serviciosdeprensa/cpci/Documents/04072019Informe2018Publicidad.pdf#page=50 (Informe de Publicidad y Comunicación Institucional 2018, capítulo «Campañas comerciales no sujetas a la Ley 29/2005», pág. 50 del PDF)","Coste total de sus campañas comerciales (producción, compra de medios y evaluación), euros corrientes; el informe no dice si lleva IVA; Grupo Patrimonio; nombre en el informe: CESCE (Grupo Patrimonio)"
2018,Museo Reina Sofía,Cultura y deporte,organismo,244254.0,"https://www.lamoncloa.gob.es/serviciosdeprensa/cpci/Documents/04072019Informe2018Publicidad.pdf#page=50 (Informe de Publicidad y Comunicación Institucional 2018, capítulo «Campañas comerciales no sujetas a la Ley 29/2005», pág. 50 del PDF)","Coste total de sus campañas comerciales (producción, compra de medios y evaluación), euros corrientes; el informe no dice si lleva IVA; organismo público; nombre en el informe: Museo Nacional Centro de Arte Reina Sofía"
2018,Navantia,Hacienda,empresa_publica,228828.0,"https://www.lamoncloa.gob.es/serviciosdeprensa/cpci/Documents/04072019Informe2018Publicidad.pdf#page=48 (Informe de Publicidad y Comunicación Institucional 2018, capítulo «Campañas comerciales no sujetas a la Ley 29/2005», pág. 48 del PDF)","Coste total de sus campañas comerciales (producción, compra de medios y evaluación), euros corrientes; el informe no dice si lleva IVA; Grupo SEPI; nombre en el informe: NAVANTIA (SEPI)"
2018,Tragsa,Hacienda,empresa_publica,181588.0,"https://www.lamoncloa.gob.es/serviciosdeprensa/cpci/Documents/04072019Informe2018Publicidad.pdf#page=49 (Informe de Publicidad y Comunicación Institucional 2018, capítulo «Campañas comerciales no sujetas a la Ley 29/2005», pág. 49 del PDF)","Coste total de sus campañas comerciales (producción, compra de medios y evaluación), euros corrientes; el informe no dice si lleva IVA; Grupo SEPI; nombre en el informe: TRAGSA (SEPI)"
2018,UIMP,"Ciencia, innovación y universidades",organismo,147620.0,"https://www.lamoncloa.gob.es/serviciosdeprensa/cpci/Documents/04072019Informe2018Publicidad.pdf#page=50 (Informe de Publicidad y Comunicación Institucional 2018, capítulo «Campañas comerciales no sujetas a la Ley 29/2005», pág. 50 del PDF)","Coste total de sus campañas comerciales (producción, compra de medios y evaluación), euros corrientes; el informe no dice si lleva IVA; universidad pública; nombre en el informe: Universidad Internacional Menéndez-Pelayo (UIMP)"
2018,UNED,"Ciencia, innovación y universidades",organismo,124649.0,"https://www.lamoncloa.gob.es/serviciosdeprensa/cpci/Documents/04072019Informe2018Publicidad.pdf#page=50 (Informe de Publicidad y Comunicación Institucional 2018, capítulo «Campañas comerciales no sujetas a la Ley 29/2005», pág. 50 del PDF)","Coste total de sus campañas comerciales (producción, compra de medios y evaluación), euros corrientes; el informe no dice si lleva IVA; universidad pública; nombre en el informe: Universidad Nacional de Educación a Distancia (UNED)"
2018,Puertos del Estado,Fomento,empresa_publica,120554.0,"https://www.lamoncloa.gob.es/serviciosdeprensa/cpci/Documents/04072019Informe2018Publicidad.pdf#page=49 (Informe de Publicidad y Comunicación Institucional 2018, capítulo «Campañas comerciales no sujetas a la Ley 29/2005», pág. 49 del PDF)","Coste total de sus campañas comerciales (producción, compra de medios y evaluación), euros corrientes; el informe no dice si lleva IVA; organismo público portuario que actúa en el mercado"
2018,CDTI,"Ciencia, innovación y universidades",empresa_publica,72276.0,"https://www.lamoncloa.gob.es/serviciosdeprensa/cpci/Documents/04072019Informe2018Publicidad.pdf#page=50 (Informe de Publicidad y Comunicación Institucional 2018, capítulo «Campañas comerciales no sujetas a la Ley 29/2005», pág. 50 del PDF)","Coste total de sus campañas comerciales (producción, compra de medios y evaluación), euros corrientes; el informe no dice si lleva IVA; entidad pública empresarial; nombre en el informe: Centro para el Desarrollo Tecnológico Industrial (CDTI)"
2018,ENUSA,Hacienda,empresa_publica,62785.0,"https://www.lamoncloa.gob.es/serviciosdeprensa/cpci/Documents/04072019Informe2018Publicidad.pdf#page=48 (Informe de Publicidad y Comunicación Institucional 2018, capítulo «Campañas comerciales no sujetas a la Ley 29/2005», pág. 48 del PDF)","Coste total de sus campañas comerciales (producción, compra de medios y evaluación), euros corrientes; el informe no dice si lleva IVA; Grupo SEPI; nombre en el informe: ENUSA Industrias Avanzadas, S.A. (SEPI)"
2018,ENSA Equipos Nucleares,Hacienda,empresa_publica,58007.0,"https://www.lamoncloa.gob.es/serviciosdeprensa/cpci/Documents/04072019Informe2018Publicidad.pdf#page=48 (Informe de Publicidad y Comunicación Institucional 2018, capítulo «Campañas comerciales no sujetas a la Ley 29/2005», pág. 48 del PDF)","Coste total de sus campañas comerciales (producción, compra de medios y evaluación), euros corrientes; el informe no dice si lleva IVA; Grupo SEPI; nombre en el informe: ENSA Equipos Nucleares, S.A. (SEPI)"
2018,SEPIDES,Hacienda,empresa_publica,36156.0,"https://www.lamoncloa.gob.es/serviciosdeprensa/cpci/Documents/04072019Informe2018Publicidad.pdf#page=48 (Informe de Publicidad y Comunicación Institucional 2018, capítulo «Campañas comerciales no sujetas a la Ley 29/2005», pág. 48 del PDF)","Coste total de sus campañas comerciales (producción, compra de medios y evaluación), euros corrientes; el informe no dice si lleva IVA; Grupo SEPI; nombre en el informe: SEPI Desarrollo Empresarial, S.A. (SEPIDES)"
2018,MAYASA (Minas de Almadén),Hacienda,empresa_publica,31941.0,"https://www.lamoncloa.gob.es/serviciosdeprensa/cpci/Documents/04072019Informe2018Publicidad.pdf#page=48 (Informe de Publicidad y Comunicación Institucional 2018, capítulo «Campañas comerciales no sujetas a la Ley 29/2005», pág. 48 del PDF)","Coste total de sus campañas comerciales (producción, compra de medios y evaluación), euros corrientes; el informe no dice si lleva IVA; Grupo SEPI; nombre en el informe: Minas de Almadén y Arrayanes, S.A. (MAYASA - SEPI)"
2018,Hunosa,Hacienda,empresa_publica,28597.0,"https://www.lamoncloa.gob.es/serviciosdeprensa/cpci/Documents/04072019Informe2018Publicidad.pdf#page=48 (Informe de Publicidad y Comunicación Institucional 2018, capítulo «Campañas comerciales no sujetas a la Ley 29/2005», pág. 48 del PDF)","Coste total de sus campañas comerciales (producción, compra de medios y evaluación), euros corrientes; el informe no dice si lleva IVA; Grupo SEPI; nombre en el informe: Grupo Hunosa (SEPI)"
2018,INECO,Fomento,empresa_publica,20810.0,"https://www.lamoncloa.gob.es/serviciosdeprensa/cpci/Documents/04072019Informe2018Publicidad.pdf#page=49 (Informe de Publicidad y Comunicación Institucional 2018, capítulo «Campañas comerciales no sujetas a la Ley 29/2005», pág. 49 del PDF)","Coste total de sus campañas comerciales (producción, compra de medios y evaluación), euros corrientes; el informe no dice si lleva IVA; sociedad mercantil estatal; nombre en el informe: Ingeniería y Economía del Transporte, S.A. (INECO)"
2018,SAECA,Hacienda,empresa_publica,7664.0,"https://www.lamoncloa.gob.es/serviciosdeprensa/cpci/Documents/04072019Informe2018Publicidad.pdf#page=48 (Informe de Publicidad y Comunicación Institucional 2018, capítulo «Campañas comerciales no sujetas a la Ley 29/2005», pág. 48 del PDF)","Coste total de sus campañas comerciales (producción, compra de medios y evaluación), euros corrientes; el informe no dice si lleva IVA; Grupo SEPI; nombre en el informe: Sociedad Anónima Estatal de Caución Agraria (SAECA - SEPI)"
2018,Expasa,"Agricultura, pesca y alimentación",empresa_publica,6705.0,"https://www.lamoncloa.gob.es/serviciosdeprensa/cpci/Documents/04072019Informe2018Publicidad.pdf#page=50 (Informe de Publicidad y Comunicación Institucional 2018, capítulo «Campañas comerciales no sujetas a la Ley 29/2005», pág. 50 del PDF)","Coste total de sus campañas comerciales (producción, compra de medios y evaluación), euros corrientes; el informe no dice si lleva IVA; Grupo Patrimonio; nombre en el informe: Expasa Agricultura y Ganadería, S.A. (Grupo Patrimonio)"
2018,CNIG,Fomento,organismo,6543.0,"https://www.lamoncloa.gob.es/serviciosdeprensa/cpci/Documents/04072019Informe2018Publicidad.pdf#page=49 (Informe de Publicidad y Comunicación Institucional 2018, capítulo «Campañas comerciales no sujetas a la Ley 29/2005», pág. 49 del PDF)","Coste total de sus campañas comerciales (producción, compra de medios y evaluación), euros corrientes; el informe no dice si lleva IVA; organismo autónomo; nombre en el informe: Centro Nacional de Información Geográfica (CNIG)"
2018,BOE (Agencia Estatal),"Presidencia, relaciones con las cortes e igualdad",organismo,6500.0,"https://www.lamoncloa.gob.es/serviciosdeprensa/cpci/Documents/04072019Informe2018Publicidad.pdf#page=48 (Informe de Publicidad y Comunicación Institucional 2018, capítulo «Campañas comerciales no sujetas a la Ley 29/2005», pág. 48 del PDF)","Coste total de sus campañas comerciales (producción, compra de medios y evaluación), euros corrientes; el informe no dice si lleva IVA; agencia estatal; nombre en el informe: Boletín Oficial del Estado"
2018,CEPC,"Presidencia, relaciones con las cortes e igualdad",organismo,5264.0,"https://www.lamoncloa.gob.es/serviciosdeprensa/cpci/Documents/04072019Informe2018Publicidad.pdf#page=48 (Informe de Publicidad y Comunicación Institucional 2018, capítulo «Campañas comerciales no sujetas a la Ley 29/2005», pág. 48 del PDF)","Coste total de sus campañas comerciales (producción, compra de medios y evaluación), euros corrientes; el informe no dice si lleva IVA; organismo autónomo; nombre en el informe: Centro de Estudios Políticos y Constitucionales (CEPC)"
2018,CIS,"Presidencia, relaciones con las cortes e igualdad",organismo,5264.0,"https://www.lamoncloa.gob.es/serviciosdeprensa/cpci/Documents/04072019Informe2018Publicidad.pdf#page=48 (Informe de Publicidad y Comunicación Institucional 2018, capítulo «Campañas comerciales no sujetas a la Ley 29/2005», pág. 48 del PDF)","Coste total de sus campañas comerciales (producción, compra de medios y evaluación), euros corrientes; el informe no dice si lleva IVA; organismo autónomo; nombre en el informe: Centro de Investigaciones Sociológicas (CIS)"
2018,Parques Nacionales (OAPN),Transición ecológica,organismo,3150.0,"https://www.lamoncloa.gob.es/serviciosdeprensa/cpci/Documents/04072019Informe2018Publicidad.pdf#page=50 (Informe de Publicidad y Comunicación Institucional 2018, capítulo «Campañas comerciales no sujetas a la Ley 29/2005», pág. 50 del PDF)","Coste total de sus campañas comerciales (producción, compra de medios y evaluación), euros corrientes; el informe no dice si lleva IVA; organismo autónomo; nombre en el informe: Parques Nacionales"
2018,Fundación SEPI,Hacienda,organismo,1372.0,"https://www.lamoncloa.gob.es/serviciosdeprensa/cpci/Documents/04072019Informe2018Publicidad.pdf#page=48 (Informe de Publicidad y Comunicación Institucional 2018, capítulo «Campañas comerciales no sujetas a la Ley 29/2005», pág. 48 del PDF)","Coste total de sus campañas comerciales (producción, compra de medios y evaluación), euros corrientes; el informe no dice si lleva IVA; Grupo SEPI; fundación del sector público"
2019,SELAE (Loterías y Apuestas del Estado),Hacienda,empresa_publica,58616361.0,"https://www.lamoncloa.gob.es/serviciosdeprensa/cpci/Documents/Informe%202019.pdf#page=49 (Informe de Publicidad y Comunicación Institucional 2019, capítulo «Campañas comerciales no sujetas a la Ley 29/2005», pág. 49 del PDF)","Coste total de sus campañas comerciales (producción, compra de medios y evaluación), euros corrientes; el informe no dice si lleva IVA; Grupo Patrimonio; nombre en el informe: Sociedad Estatal de Loterías y Apuestas del Estado, S.A. (Grupo Patrimonio)"
2019,Renfe,Fomento,empresa_publica,18142299.0,"https://www.lamoncloa.gob.es/serviciosdeprensa/cpci/Documents/Informe%202019.pdf#page=50 (Informe de Publicidad y Comunicación Institucional 2019, capítulo «Campañas comerciales no sujetas a la Ley 29/2005», pág. 50 del PDF)","Coste total de sus campañas comerciales (producción, compra de medios y evaluación), euros corrientes; el informe no dice si lleva IVA; Renfe-Operadora y Renfe Viajeros; nombre en el informe: Renfe-Operadora"
2019,Correos,Hacienda,empresa_publica,11932300.0,"https://www.lamoncloa.gob.es/serviciosdeprensa/cpci/Documents/Informe%202019.pdf#page=49 (Informe de Publicidad y Comunicación Institucional 2019, capítulo «Campañas comerciales no sujetas a la Ley 29/2005», pág. 49 del PDF)","Coste total de sus campañas comerciales (producción, compra de medios y evaluación), euros corrientes; el informe no dice si lleva IVA; Grupo SEPI; nombre en el informe: Sociedad Estatal Correos y Telégrafos, S.A. (SEPI)"
2019,AENA,Fomento,empresa_publica,4165663.0,"https://www.lamoncloa.gob.es/serviciosdeprensa/cpci/Documents/Informe%202019.pdf#page=50 (Informe de Publicidad y Comunicación Institucional 2019, capítulo «Campañas comerciales no sujetas a la Ley 29/2005», pág. 50 del PDF)","Coste total de sus campañas comerciales (producción, compra de medios y evaluación), euros corrientes; el informe no dice si lleva IVA; participada al 51 % por ENAIRE; cotiza en bolsa; nombre en el informe: Aena, S.A."
2019,Paradores,"Industria, comercio y turismo",empresa_publica,2875727.0,"https://www.lamoncloa.gob.es/serviciosdeprensa/cpci/Documents/Informe%202019.pdf#page=50 (Informe de Publicidad y Comunicación Institucional 2019, capítulo «Campañas comerciales no sujetas a la Ley 29/2005», pág. 50 del PDF)","Coste total de sus campañas comerciales (producción, compra de medios y evaluación), euros corrientes; el informe no dice si lleva IVA; Grupo Patrimonio; nombre en el informe: Paradores de Turismo de España (Grupo Patrimonio)"
2019,Tesoro Público,Economía y empresa,organismo,2167094.0,"https://www.lamoncloa.gob.es/serviciosdeprensa/cpci/Documents/Informe%202019.pdf#page=50 (Informe de Publicidad y Comunicación Institucional 2019, capítulo «Campañas comerciales no sujetas a la Ley 29/2005», pág. 50 del PDF)","Coste total de sus campañas comerciales (producción, compra de medios y evaluación), euros corrientes; el informe no dice si lleva IVA; Secretaría General del Tesoro"
2019,ICO (Instituto de Crédito Oficial),Economía y empresa,empresa_publica,1160935.0,"https://www.lamoncloa.gob.es/serviciosdeprensa/cpci/Documents/Informe%202019.pdf#page=50 (Informe de Publicidad y Comunicación Institucional 2019, capítulo «Campañas comerciales no sujetas a la Ley 29/2005», pág. 50 del PDF)","Coste total de sus campañas comerciales (producción, compra de medios y evaluación), euros corrientes; el informe no dice si lleva IVA; entidad pública empresarial; nombre en el informe: Instituto de Crédito Oficial (ICO)"
2019,FNMT-RCM,Hacienda,empresa_publica,1153908.0,"https://www.lamoncloa.gob.es/serviciosdeprensa/cpci/Documents/Informe%202019.pdf#page=49 (Informe de Publicidad y Comunicación Institucional 2019, capítulo «Campañas comerciales no sujetas a la Ley 29/2005», pág. 49 del PDF)","Coste total de sus campañas comerciales (producción, compra de medios y evaluación), euros corrientes; el informe no dice si lleva IVA; entidad pública empresarial; nombre en el informe: Fábrica Nacional de Moneda y Timbre Real Casa de la Moneda"
2019,INAEM,Cultura y deporte,organismo,1150198.0,"https://www.lamoncloa.gob.es/serviciosdeprensa/cpci/Documents/Informe%202019.pdf#page=50 (Informe de Publicidad y Comunicación Institucional 2019, capítulo «Campañas comerciales no sujetas a la Ley 29/2005», pág. 50 del PDF)","Coste total de sus campañas comerciales (producción, compra de medios y evaluación), euros corrientes; el informe no dice si lleva IVA; organismo autónomo; nombre en el informe: Instituto Nacional de las Artes Escénicas y de la Música (INAEM)"
2019,Corporación RTVE,Hacienda,rtve,923657.0,"https://www.lamoncloa.gob.es/serviciosdeprensa/cpci/Documents/Informe%202019.pdf#page=49 (Informe de Publicidad y Comunicación Institucional 2019, capítulo «Campañas comerciales no sujetas a la Ley 29/2005», pág. 49 del PDF)","Coste total de sus campañas comerciales (producción, compra de medios y evaluación), euros corrientes; el informe no dice si lleva IVA; Grupo SEPI; ya va en el bloque de televisión pública; nombre en el informe: Corporación RTVE (SEPI)"
2019,Museo del Prado,Cultura y deporte,organismo,808248.0,"https://www.lamoncloa.gob.es/serviciosdeprensa/cpci/Documents/Informe%202019.pdf#page=50 (Informe de Publicidad y Comunicación Institucional 2019, capítulo «Campañas comerciales no sujetas a la Ley 29/2005», pág. 50 del PDF)","Coste total de sus campañas comerciales (producción, compra de medios y evaluación), euros corrientes; el informe no dice si lleva IVA; organismo público; nombre en el informe: Museo Nacional del Prado"
2019,CESCE,"Industria, comercio y turismo",empresa_publica,621542.0,"https://www.lamoncloa.gob.es/serviciosdeprensa/cpci/Documents/Informe%202019.pdf#page=50 (Informe de Publicidad y Comunicación Institucional 2019, capítulo «Campañas comerciales no sujetas a la Ley 29/2005», pág. 50 del PDF)","Coste total de sus campañas comerciales (producción, compra de medios y evaluación), euros corrientes; el informe no dice si lleva IVA; Grupo Patrimonio; nombre en el informe: CESCE (Grupo Patrimonio)"
2019,Hipódromo de la Zarzuela,Hacienda,empresa_publica,323494.0,"https://www.lamoncloa.gob.es/serviciosdeprensa/cpci/Documents/Informe%202019.pdf#page=49 (Informe de Publicidad y Comunicación Institucional 2019, capítulo «Campañas comerciales no sujetas a la Ley 29/2005», pág. 49 del PDF)","Coste total de sus campañas comerciales (producción, compra de medios y evaluación), euros corrientes; el informe no dice si lleva IVA; Grupo SEPI; nombre en el informe: Hipódromo de La Zarzuela (SEPI)"
2019,Navantia,Hacienda,empresa_publica,256127.0,"https://www.lamoncloa.gob.es/serviciosdeprensa/cpci/Documents/Informe%202019.pdf#page=49 (Informe de Publicidad y Comunicación Institucional 2019, capítulo «Campañas comerciales no sujetas a la Ley 29/2005», pág. 49 del PDF)","Coste total de sus campañas comerciales (producción, compra de medios y evaluación), euros corrientes; el informe no dice si lleva IVA; Grupo SEPI; nombre en el informe: NAVANTIA (SEPI)"
2019,Tragsa,Hacienda,empresa_publica,181432.0,"https://www.lamoncloa.gob.es/serviciosdeprensa/cpci/Documents/Informe%202019.pdf#page=49 (Informe de Publicidad y Comunicación Institucional 2019, capítulo «Campañas comerciales no sujetas a la Ley 29/2005», pág. 49 del PDF)","Coste total de sus campañas comerciales (producción, compra de medios y evaluación), euros corrientes; el informe no dice si lleva IVA; Grupo SEPI; nombre en el informe: TRAGSA (SEPI)"
2019,Museo Reina Sofía,Cultura y deporte,organismo,175826.0,"https://www.lamoncloa.gob.es/serviciosdeprensa/cpci/Documents/Informe%202019.pdf#page=50 (Informe de Publicidad y Comunicación Institucional 2019, capítulo «Campañas comerciales no sujetas a la Ley 29/2005», pág. 50 del PDF)","Coste total de sus campañas comerciales (producción, compra de medios y evaluación), euros corrientes; el informe no dice si lleva IVA; organismo público; nombre en el informe: Museo Nacional Centro de Arte Reina Sofía"
2019,Puertos del Estado,Fomento,empresa_publica,121182.0,"https://www.lamoncloa.gob.es/serviciosdeprensa/cpci/Documents/Informe%202019.pdf#page=50 (Informe de Publicidad y Comunicación Institucional 2019, capítulo «Campañas comerciales no sujetas a la Ley 29/2005», pág. 50 del PDF)","Coste total de sus campañas comerciales (producción, compra de medios y evaluación), euros corrientes; el informe no dice si lleva IVA; organismo público portuario que actúa en el mercado"
2019,UIMP,"Ciencia, innovación y universidades",organismo,113436.0,"https://www.lamoncloa.gob.es/serviciosdeprensa/cpci/Documents/Informe%202019.pdf#page=50 (Informe de Publicidad y Comunicación Institucional 2019, capítulo «Campañas comerciales no sujetas a la Ley 29/2005», pág. 50 del PDF)","Coste total de sus campañas comerciales (producción, compra de medios y evaluación), euros corrientes; el informe no dice si lleva IVA; universidad pública; nombre en el informe: Universidad Internacional Menéndez- Pelayo (UIMP)"
2019,Hunosa,Hacienda,empresa_publica,84187.0,"https://www.lamoncloa.gob.es/serviciosdeprensa/cpci/Documents/Informe%202019.pdf#page=49 (Informe de Publicidad y Comunicación Institucional 2019, capítulo «Campañas comerciales no sujetas a la Ley 29/2005», pág. 49 del PDF)","Coste total de sus campañas comerciales (producción, compra de medios y evaluación), euros corrientes; el informe no dice si lleva IVA; Grupo SEPI; nombre en el informe: Grupo Hunosa (SEPI)"
2019,ENUSA,Hacienda,empresa_publica,79059.0,"https://www.lamoncloa.gob.es/serviciosdeprensa/cpci/Documents/Informe%202019.pdf#page=49 (Informe de Publicidad y Comunicación Institucional 2019, capítulo «Campañas comerciales no sujetas a la Ley 29/2005», pág. 49 del PDF)","Coste total de sus campañas comerciales (producción, compra de medios y evaluación), euros corrientes; el informe no dice si lleva IVA; Grupo SEPI; nombre en el informe: ENUSA Industrias Avanzadas, S.A. (SEPI)"
2019,UNED,"Ciencia, innovación y universidades",organismo,58080.0,"https://www.lamoncloa.gob.es/serviciosdeprensa/cpci/Documents/Informe%202019.pdf#page=50 (Informe de Publicidad y Comunicación Institucional 2019, capítulo «Campañas comerciales no sujetas a la Ley 29/2005», pág. 50 del PDF)","Coste total de sus campañas comerciales (producción, compra de medios y evaluación), euros corrientes; el informe no dice si lleva IVA; universidad pública; nombre en el informe: Universidad Nacional de Educación a Distancia (UNED)"
2019,SEITT,Fomento,empresa_publica,54379.0,"https://www.lamoncloa.gob.es/serviciosdeprensa/cpci/Documents/Informe%202019.pdf#page=50 (Informe de Publicidad y Comunicación Institucional 2019, capítulo «Campañas comerciales no sujetas a la Ley 29/2005», pág. 50 del PDF)","Coste total de sus campañas comerciales (producción, compra de medios y evaluación), euros corrientes; el informe no dice si lleva IVA; Grupo Patrimonio; nombre en el informe: Sociedad Estatal de Infraestructuras del Transporte Terrestre, S.A. (SEITT - Grupo Patrimonio)"
2019,ENAIRE,Fomento,empresa_publica,33105.0,"https://www.lamoncloa.gob.es/serviciosdeprensa/cpci/Documents/Informe%202019.pdf#page=50 (Informe de Publicidad y Comunicación Institucional 2019, capítulo «Campañas comerciales no sujetas a la Ley 29/2005», pág. 50 del PDF)","Coste total de sus campañas comerciales (producción, compra de medios y evaluación), euros corrientes; el informe no dice si lleva IVA; entidad pública empresarial"
2019,ENSA Equipos Nucleares,Hacienda,empresa_publica,32302.0,"https://www.lamoncloa.gob.es/serviciosdeprensa/cpci/Documents/Informe%202019.pdf#page=49 (Informe de Publicidad y Comunicación Institucional 2019, capítulo «Campañas comerciales no sujetas a la Ley 29/2005», pág. 49 del PDF)","Coste total de sus campañas comerciales (producción, compra de medios y evaluación), euros corrientes; el informe no dice si lleva IVA; Grupo SEPI; nombre en el informe: ENSA Equipos Nucleares, S.A. (SEPI)"
2019,CNIG,Fomento,organismo,18392.0,"https://www.lamoncloa.gob.es/serviciosdeprensa/cpci/Documents/Informe%202019.pdf#page=50 (Informe de Publicidad y Comunicación Institucional 2019, capítulo «Campañas comerciales no sujetas a la Ley 29/2005», pág. 50 del PDF)","Coste total de sus campañas comerciales (producción, compra de medios y evaluación), euros corrientes; el informe no dice si lleva IVA; organismo autónomo; nombre en el informe: Centro Nacional de Información Geográfica (CNIG)"
2019,INECO,Fomento,empresa_publica,17424.0,"https://www.lamoncloa.gob.es/serviciosdeprensa/cpci/Documents/Informe%202019.pdf#page=50 (Informe de Publicidad y Comunicación Institucional 2019, capítulo «Campañas comerciales no sujetas a la Ley 29/2005», pág. 50 del PDF)","Coste total de sus campañas comerciales (producción, compra de medios y evaluación), euros corrientes; el informe no dice si lleva IVA; sociedad mercantil estatal; nombre en el informe: Ingeniería y Economía del Transporte, S.A. (INECO)"
2019,BOE (Agencia Estatal),"Presidencia, relaciones con las cortes e igualdad",organismo,13764.0,"https://www.lamoncloa.gob.es/serviciosdeprensa/cpci/Documents/Informe%202019.pdf#page=49 (Informe de Publicidad y Comunicación Institucional 2019, capítulo «Campañas comerciales no sujetas a la Ley 29/2005», pág. 49 del PDF)","Coste total de sus campañas comerciales (producción, compra de medios y evaluación), euros corrientes; el informe no dice si lleva IVA; agencia estatal; nombre en el informe: Boletín Oficial del Estado"
2019,MAYASA (Minas de Almadén),Hacienda,empresa_publica,8202.0,"https://www.lamoncloa.gob.es/serviciosdeprensa/cpci/Documents/Informe%202019.pdf#page=49 (Informe de Publicidad y Comunicación Institucional 2019, capítulo «Campañas comerciales no sujetas a la Ley 29/2005», pág. 49 del PDF)","Coste total de sus campañas comerciales (producción, compra de medios y evaluación), euros corrientes; el informe no dice si lleva IVA; Grupo SEPI; nombre en el informe: Minas de Almadén y Arrayanes, S.A. (MAYASA - SEPI)"
2019,CETARSA,Hacienda,empresa_publica,5445.0,"https://www.lamoncloa.gob.es/serviciosdeprensa/cpci/Documents/Informe%202019.pdf#page=49 (Informe de Publicidad y Comunicación Institucional 2019, capítulo «Campañas comerciales no sujetas a la Ley 29/2005», pág. 49 del PDF)","Coste total de sus campañas comerciales (producción, compra de medios y evaluación), euros corrientes; el informe no dice si lleva IVA; Grupo SEPI; nombre en el informe: Compañía Española de Tabaco en Rama, S.A. (CETARSA - SEPI)"
2019,CEPC,"Presidencia, relaciones con las cortes e igualdad",organismo,5264.0,"https://www.lamoncloa.gob.es/serviciosdeprensa/cpci/Documents/Informe%202019.pdf#page=49 (Informe de Publicidad y Comunicación Institucional 2019, capítulo «Campañas comerciales no sujetas a la Ley 29/2005», pág. 49 del PDF)","Coste total de sus campañas comerciales (producción, compra de medios y evaluación), euros corrientes; el informe no dice si lleva IVA; organismo autónomo; nombre en el informe: Centro de Estudios Políticos y Constitucionales (CEPC)"
2019,Expasa,"Agricultura, pesca y alimentación",empresa_publica,5124.0,"https://www.lamoncloa.gob.es/serviciosdeprensa/cpci/Documents/Informe%202019.pdf#page=50 (Informe de Publicidad y Comunicación Institucional 2019, capítulo «Campañas comerciales no sujetas a la Ley 29/2005», pág. 50 del PDF)","Coste total de sus campañas comerciales (producción, compra de medios y evaluación), euros corrientes; el informe no dice si lleva IVA; Grupo Patrimonio; nombre en el informe: Expasa Agricultura y Ganadería, S.A. (Grupo Patrimonio)"
2020,SELAE (Loterías y Apuestas del Estado),Hacienda,empresa_publica,43721463.0,"https://www.lamoncloa.gob.es/serviciosdeprensa/cpci/Documents/Informe_2020.pdf#page=49 (Informe de Publicidad y Comunicación Institucional 2020, capítulo «Campañas comerciales no sujetas a la Ley 29/2005», pág. 49 del PDF)","Coste total de sus campañas comerciales (producción, compra de medios y evaluación), euros corrientes; el informe no dice si lleva IVA; Grupo Patrimonio; PDF escaneado sin texto: transcrito a mano de la imagen; nombre en el informe: Sociedad Estatal de Loterías y Apuestas del Estado, S.A. (Grupo Patrimonio)"
2020,Correos,Hacienda,empresa_publica,14677074.0,"https://www.lamoncloa.gob.es/serviciosdeprensa/cpci/Documents/Informe_2020.pdf#page=49 (Informe de Publicidad y Comunicación Institucional 2020, capítulo «Campañas comerciales no sujetas a la Ley 29/2005», pág. 49 del PDF)","Coste total de sus campañas comerciales (producción, compra de medios y evaluación), euros corrientes; el informe no dice si lleva IVA; Grupo SEPI; PDF escaneado sin texto: transcrito a mano de la imagen; nombre en el informe: Sociedad Estatal Correos y Telégrafos, S.A. (SEPI)"
2020,Renfe,"Transportes, movilidad y agenda urbana",empresa_publica,10523867.0,"https://www.lamoncloa.gob.es/serviciosdeprensa/cpci/Documents/Informe_2020.pdf#page=50 (Informe de Publicidad y Comunicación Institucional 2020, capítulo «Campañas comerciales no sujetas a la Ley 29/2005», pág. 50 del PDF)","Coste total de sus campañas comerciales (producción, compra de medios y evaluación), euros corrientes; el informe no dice si lleva IVA; Renfe-Operadora y Renfe Viajeros; PDF escaneado sin texto: transcrito a mano de la imagen; nombre en el informe: Renfe-Operadora"
2020,Turespaña,"Industria, comercio y turismo",organismo,3453205.0,"https://www.lamoncloa.gob.es/serviciosdeprensa/cpci/Documents/Informe_2020.pdf#page=50 (Informe de Publicidad y Comunicación Institucional 2020, capítulo «Campañas comerciales no sujetas a la Ley 29/2005», pág. 50 del PDF)","Coste total de sus campañas comerciales (producción, compra de medios y evaluación), euros corrientes; el informe no dice si lleva IVA; organismo autónomo; PDF escaneado sin texto: transcrito a mano de la imagen; nombre en el informe: Instituto de Turismo de España (TURESPAÑA)"
2020,AENA,"Transportes, movilidad y agenda urbana",empresa_publica,2787938.0,"https://www.lamoncloa.gob.es/serviciosdeprensa/cpci/Documents/Informe_2020.pdf#page=50 (Informe de Publicidad y Comunicación Institucional 2020, capítulo «Campañas comerciales no sujetas a la Ley 29/2005», pág. 50 del PDF)","Coste total de sus campañas comerciales (producción, compra de medios y evaluación), euros corrientes; el informe no dice si lleva IVA; participada al 51 % por ENAIRE; cotiza en bolsa; PDF escaneado sin texto: transcrito a mano de la imagen; nombre en el informe: Aena, S.A."
2020,Paradores,"Industria, comercio y turismo",empresa_publica,2337586.0,"https://www.lamoncloa.gob.es/serviciosdeprensa/cpci/Documents/Informe_2020.pdf#page=50 (Informe de Publicidad y Comunicación Institucional 2020, capítulo «Campañas comerciales no sujetas a la Ley 29/2005», pág. 50 del PDF)","Coste total de sus campañas comerciales (producción, compra de medios y evaluación), euros corrientes; el informe no dice si lleva IVA; Grupo Patrimonio; PDF escaneado sin texto: transcrito a mano de la imagen; nombre en el informe: Paradores de Turismo de España (Grupo Patrimonio)"
2020,ICO (Instituto de Crédito Oficial),Asuntos económicos y transformación digital,empresa_publica,1246502.0,"https://www.lamoncloa.gob.es/serviciosdeprensa/cpci/Documents/Informe_2020.pdf#page=50 (Informe de Publicidad y Comunicación Institucional 2020, capítulo «Campañas comerciales no sujetas a la Ley 29/2005», pág. 50 del PDF)","Coste total de sus campañas comerciales (producción, compra de medios y evaluación), euros corrientes; el informe no dice si lleva IVA; entidad pública empresarial; PDF escaneado sin texto: transcrito a mano de la imagen; nombre en el informe: Instituto de Crédito Oficial (ICO)"
2020,Corporación RTVE,Hacienda,rtve,1075624.0,"https://www.lamoncloa.gob.es/serviciosdeprensa/cpci/Documents/Informe_2020.pdf#page=49 (Informe de Publicidad y Comunicación Institucional 2020, capítulo «Campañas comerciales no sujetas a la Ley 29/2005», pág. 49 del PDF)","Coste total de sus campañas comerciales (producción, compra de medios y evaluación), euros corrientes; el informe no dice si lleva IVA; Grupo SEPI; ya va en el bloque de televisión pública; PDF escaneado sin texto: transcrito a mano de la imagen; nombre en el informe: Corporación RTVE (SEPI)"
2020,FNMT-RCM,Hacienda,empresa_publica,1007966.0,"https://www.lamoncloa.gob.es/serviciosdeprensa/cpci/Documents/Informe_2020.pdf#page=49 (Informe de Publicidad y Comunicación Institucional 2020, capítulo «Campañas comerciales no sujetas a la Ley 29/2005», pág. 49 del PDF)","Coste total de sus campañas comerciales (producción, compra de medios y evaluación), euros corrientes; el informe no dice si lleva IVA; entidad pública empresarial; PDF escaneado sin texto: transcrito a mano de la imagen; nombre en el informe: Fábrica Nacional de Moneda y Timbre-Real Casa de la Moneda"
2020,Ministerio de Industria y Cámara de Comercio,"Industria, comercio y turismo",organismo,994077.0,"https://www.lamoncloa.gob.es/serviciosdeprensa/cpci/Documents/Informe_2020.pdf#page=50 (Informe de Publicidad y Comunicación Institucional 2020, capítulo «Campañas comerciales no sujetas a la Ley 29/2005», pág. 50 del PDF)","Coste total de sus campañas comerciales (producción, compra de medios y evaluación), euros corrientes; el informe no dice si lleva IVA; campaña COVID de apoyo al comercio; PDF escaneado sin texto: transcrito a mano de la imagen; nombre en el informe: Ministerio de Industria, Comercio y Turismo y la Cámara de Comercio de España"
2020,INAEM,Cultura y deporte,organismo,900869.0,"https://www.lamoncloa.gob.es/serviciosdeprensa/cpci/Documents/Informe_2020.pdf#page=50 (Informe de Publicidad y Comunicación Institucional 2020, capítulo «Campañas comerciales no sujetas a la Ley 29/2005», pág. 50 del PDF)","Coste total de sus campañas comerciales (producción, compra de medios y evaluación), euros corrientes; el informe no dice si lleva IVA; organismo autónomo; PDF escaneado sin texto: transcrito a mano de la imagen; nombre en el informe: Instituto Nacional de las Artes Escénicas y de la Música (INAEM)"
2020,CESCE,"Industria, comercio y turismo",empresa_publica,799986.0,"https://www.lamoncloa.gob.es/serviciosdeprensa/cpci/Documents/Informe_2020.pdf#page=50 (Informe de Publicidad y Comunicación Institucional 2020, capítulo «Campañas comerciales no sujetas a la Ley 29/2005», pág. 50 del PDF)","Coste total de sus campañas comerciales (producción, compra de medios y evaluación), euros corrientes; el informe no dice si lleva IVA; Grupo Patrimonio; PDF escaneado sin texto: transcrito a mano de la imagen; nombre en el informe: CESCE (Grupo Patrimonio)"
2020,Museo del Prado,Cultura y deporte,organismo,342956.0,"https://www.lamoncloa.gob.es/serviciosdeprensa/cpci/Documents/Informe_2020.pdf#page=50 (Informe de Publicidad y Comunicación Institucional 2020, capítulo «Campañas comerciales no sujetas a la Ley 29/2005», pág. 50 del PDF)","Coste total de sus campañas comerciales (producción, compra de medios y evaluación), euros corrientes; el informe no dice si lleva IVA; organismo público; PDF escaneado sin texto: transcrito a mano de la imagen; nombre en el informe: Museo Nacional del Prado"
2020,Navantia,Hacienda,empresa_publica,288093.0,"https://www.lamoncloa.gob.es/serviciosdeprensa/cpci/Documents/Informe_2020.pdf#page=49 (Informe de Publicidad y Comunicación Institucional 2020, capítulo «Campañas comerciales no sujetas a la Ley 29/2005», pág. 49 del PDF)","Coste total de sus campañas comerciales (producción, compra de medios y evaluación), euros corrientes; el informe no dice si lleva IVA; Grupo SEPI; PDF escaneado sin texto: transcrito a mano de la imagen; nombre en el informe: NAVANTIA (SEPI)"
2020,Hipódromo de la Zarzuela,Hacienda,empresa_publica,209799.0,"https://www.lamoncloa.gob.es/serviciosdeprensa/cpci/Documents/Informe_2020.pdf#page=49 (Informe de Publicidad y Comunicación Institucional 2020, capítulo «Campañas comerciales no sujetas a la Ley 29/2005», pág. 49 del PDF)","Coste total de sus campañas comerciales (producción, compra de medios y evaluación), euros corrientes; el informe no dice si lleva IVA; Grupo SEPI; PDF escaneado sin texto: transcrito a mano de la imagen; nombre en el informe: Hipódromo de La Zarzuela (SEPI)"
2020,Museo Reina Sofía,Cultura y deporte,organismo,192303.0,"https://www.lamoncloa.gob.es/serviciosdeprensa/cpci/Documents/Informe_2020.pdf#page=50 (Informe de Publicidad y Comunicación Institucional 2020, capítulo «Campañas comerciales no sujetas a la Ley 29/2005», pág. 50 del PDF)","Coste total de sus campañas comerciales (producción, compra de medios y evaluación), euros corrientes; el informe no dice si lleva IVA; organismo público; PDF escaneado sin texto: transcrito a mano de la imagen; nombre en el informe: Museo Nacional Centro de Arte Reina Sofía"
2020,Puertos del Estado,"Transportes, movilidad y agenda urbana",empresa_publica,119513.0,"https://www.lamoncloa.gob.es/serviciosdeprensa/cpci/Documents/Informe_2020.pdf#page=50 (Informe de Publicidad y Comunicación Institucional 2020, capítulo «Campañas comerciales no sujetas a la Ley 29/2005», pág. 50 del PDF)","Coste total de sus campañas comerciales (producción, compra de medios y evaluación), euros corrientes; el informe no dice si lleva IVA; organismo público portuario que actúa en el mercado; PDF escaneado sin texto: transcrito a mano de la imagen"
2020,Tragsa,Hacienda,empresa_publica,109079.0,"https://www.lamoncloa.gob.es/serviciosdeprensa/cpci/Documents/Informe_2020.pdf#page=49 (Informe de Publicidad y Comunicación Institucional 2020, capítulo «Campañas comerciales no sujetas a la Ley 29/2005», pág. 49 del PDF)","Coste total de sus campañas comerciales (producción, compra de medios y evaluación), euros corrientes; el informe no dice si lleva IVA; Grupo SEPI; PDF escaneado sin texto: transcrito a mano de la imagen; nombre en el informe: TRAGSA (SEPI)"
2020,UNED,Universidades,organismo,101715.0,"https://www.lamoncloa.gob.es/serviciosdeprensa/cpci/Documents/Informe_2020.pdf#page=50 (Informe de Publicidad y Comunicación Institucional 2020, capítulo «Campañas comerciales no sujetas a la Ley 29/2005», pág. 50 del PDF)","Coste total de sus campañas comerciales (producción, compra de medios y evaluación), euros corrientes; el informe no dice si lleva IVA; universidad pública; PDF escaneado sin texto: transcrito a mano de la imagen; nombre en el informe: Universidad Nacional de Educación a Distancia (UNED)"
2020,UIMP,Universidades,organismo,98508.0,"https://www.lamoncloa.gob.es/serviciosdeprensa/cpci/Documents/Informe_2020.pdf#page=50 (Informe de Publicidad y Comunicación Institucional 2020, capítulo «Campañas comerciales no sujetas a la Ley 29/2005», pág. 50 del PDF)","Coste total de sus campañas comerciales (producción, compra de medios y evaluación), euros corrientes; el informe no dice si lleva IVA; universidad pública; PDF escaneado sin texto: transcrito a mano de la imagen; nombre en el informe: Universidad Internacional Menéndez-Pelayo (UIMP)"
2020,Hunosa,Hacienda,empresa_publica,85288.0,"https://www.lamoncloa.gob.es/serviciosdeprensa/cpci/Documents/Informe_2020.pdf#page=49 (Informe de Publicidad y Comunicación Institucional 2020, capítulo «Campañas comerciales no sujetas a la Ley 29/2005», pág. 49 del PDF)","Coste total de sus campañas comerciales (producción, compra de medios y evaluación), euros corrientes; el informe no dice si lleva IVA; Grupo SEPI; PDF escaneado sin texto: transcrito a mano de la imagen; nombre en el informe: Grupo Hunosa (SEPI)"
2020,ENISA,"Industria, comercio y turismo",empresa_publica,81375.0,"https://www.lamoncloa.gob.es/serviciosdeprensa/cpci/Documents/Informe_2020.pdf#page=50 (Informe de Publicidad y Comunicación Institucional 2020, capítulo «Campañas comerciales no sujetas a la Ley 29/2005», pág. 50 del PDF)","Coste total de sus campañas comerciales (producción, compra de medios y evaluación), euros corrientes; el informe no dice si lleva IVA; Grupo Patrimonio; PDF escaneado sin texto: transcrito a mano de la imagen; nombre en el informe: Empresa Nacional de Innovación, S.A. (ENISA - Grupo Patrimonio)"
2020,ENUSA,Hacienda,empresa_publica,61871.0,"https://www.lamoncloa.gob.es/serviciosdeprensa/cpci/Documents/Informe_2020.pdf#page=49 (Informe de Publicidad y Comunicación Institucional 2020, capítulo «Campañas comerciales no sujetas a la Ley 29/2005», pág. 49 del PDF)","Coste total de sus campañas comerciales (producción, compra de medios y evaluación), euros corrientes; el informe no dice si lleva IVA; Grupo SEPI; PDF escaneado sin texto: transcrito a mano de la imagen; nombre en el informe: ENUSA Industrias Avanzadas, S.A. (SEPI)"
2020,CETARSA,Hacienda,empresa_publica,44040.0,"https://www.lamoncloa.gob.es/serviciosdeprensa/cpci/Documents/Informe_2020.pdf#page=49 (Informe de Publicidad y Comunicación Institucional 2020, capítulo «Campañas comerciales no sujetas a la Ley 29/2005», pág. 49 del PDF)","Coste total de sus campañas comerciales (producción, compra de medios y evaluación), euros corrientes; el informe no dice si lleva IVA; Grupo SEPI; PDF escaneado sin texto: transcrito a mano de la imagen; nombre en el informe: Compañía Española de Tabaco en Rama, S.A. (CETARSA - SEPI)"
2020,ENSA Equipos Nucleares,Hacienda,empresa_publica,28186.0,"https://www.lamoncloa.gob.es/serviciosdeprensa/cpci/Documents/Informe_2020.pdf#page=49 (Informe de Publicidad y Comunicación Institucional 2020, capítulo «Campañas comerciales no sujetas a la Ley 29/2005», pág. 49 del PDF)","Coste total de sus campañas comerciales (producción, compra de medios y evaluación), euros corrientes; el informe no dice si lleva IVA; Grupo SEPI; PDF escaneado sin texto: transcrito a mano de la imagen; nombre en el informe: ENSA Equipos Nucleares, S.A. (SEPI)"
2020,INECO,"Transportes, movilidad y agenda urbana",empresa_publica,26977.0,"https://www.lamoncloa.gob.es/serviciosdeprensa/cpci/Documents/Informe_2020.pdf#page=50 (Informe de Publicidad y Comunicación Institucional 2020, capítulo «Campañas comerciales no sujetas a la Ley 29/2005», pág. 50 del PDF)","Coste total de sus campañas comerciales (producción, compra de medios y evaluación), euros corrientes; el informe no dice si lleva IVA; sociedad mercantil estatal; PDF escaneado sin texto: transcrito a mano de la imagen; nombre en el informe: Ingeniería y Economía del Transporte, S.A. (INECO)"
2020,Mercasa,Hacienda,empresa_publica,26620.0,"https://www.lamoncloa.gob.es/serviciosdeprensa/cpci/Documents/Informe_2020.pdf#page=49 (Informe de Publicidad y Comunicación Institucional 2020, capítulo «Campañas comerciales no sujetas a la Ley 29/2005», pág. 49 del PDF)","Coste total de sus campañas comerciales (producción, compra de medios y evaluación), euros corrientes; el informe no dice si lleva IVA; Grupo SEPI; PDF escaneado sin texto: transcrito a mano de la imagen; nombre en el informe: MERCASA (SEPI)"
2020,CNIG,"Transportes, movilidad y agenda urbana",organismo,20224.0,"https://www.lamoncloa.gob.es/serviciosdeprensa/cpci/Documents/Informe_2020.pdf#page=50 (Informe de Publicidad y Comunicación Institucional 2020, capítulo «Campañas comerciales no sujetas a la Ley 29/2005», pág. 50 del PDF)","Coste total de sus campañas comerciales (producción, compra de medios y evaluación), euros corrientes; el informe no dice si lleva IVA; organismo autónomo; PDF escaneado sin texto: transcrito a mano de la imagen; nombre en el informe: Centro Nacional de Información Geográfica (CNIG)"
2020,SEITT,"Transportes, movilidad y agenda urbana",empresa_publica,18103.0,"https://www.lamoncloa.gob.es/serviciosdeprensa/cpci/Documents/Informe_2020.pdf#page=50 (Informe de Publicidad y Comunicación Institucional 2020, capítulo «Campañas comerciales no sujetas a la Ley 29/2005», pág. 50 del PDF)","Coste total de sus campañas comerciales (producción, compra de medios y evaluación), euros corrientes; el informe no dice si lleva IVA; Grupo Patrimonio; PDF escaneado sin texto: transcrito a mano de la imagen; nombre en el informe: Sociedad Estatal de Infraestructuras del Transporte Terrestre, S.A. (SEITT - Grupo Patrimonio)"
2020,SEPIDES,Hacienda,empresa_publica,14845.0,"https://www.lamoncloa.gob.es/serviciosdeprensa/cpci/Documents/Informe_2020.pdf#page=49 (Informe de Publicidad y Comunicación Institucional 2020, capítulo «Campañas comerciales no sujetas a la Ley 29/2005», pág. 49 del PDF)","Coste total de sus campañas comerciales (producción, compra de medios y evaluación), euros corrientes; el informe no dice si lleva IVA; Grupo SEPI; PDF escaneado sin texto: transcrito a mano de la imagen; nombre en el informe: SEPI Desarrollo Empresarial, S.A. (SEPIDES)"
2020,BOE (Agencia Estatal),"Presidencia, relaciones con las cortes y memoria democrática",organismo,7623.0,"https://www.lamoncloa.gob.es/serviciosdeprensa/cpci/Documents/Informe_2020.pdf#page=49 (Informe de Publicidad y Comunicación Institucional 2020, capítulo «Campañas comerciales no sujetas a la Ley 29/2005», pág. 49 del PDF)","Coste total de sus campañas comerciales (producción, compra de medios y evaluación), euros corrientes; el informe no dice si lleva IVA; agencia estatal; PDF escaneado sin texto: transcrito a mano de la imagen; nombre en el informe: Boletín Oficial del Estado"
2020,MAYASA (Minas de Almadén),Hacienda,empresa_publica,5725.0,"https://www.lamoncloa.gob.es/serviciosdeprensa/cpci/Documents/Informe_2020.pdf#page=49 (Informe de Publicidad y Comunicación Institucional 2020, capítulo «Campañas comerciales no sujetas a la Ley 29/2005», pág. 49 del PDF)","Coste total de sus campañas comerciales (producción, compra de medios y evaluación), euros corrientes; el informe no dice si lleva IVA; Grupo SEPI; PDF escaneado sin texto: transcrito a mano de la imagen; nombre en el informe: Minas de Almadén y Arrayanes, S.A. (MAYASA - SEPI)"
2020,Expasa,"Agricultura, pesca y alimentación",empresa_publica,1245.0,"https://www.lamoncloa.gob.es/serviciosdeprensa/cpci/Documents/Informe_2020.pdf#page=50 (Informe de Publicidad y Comunicación Institucional 2020, capítulo «Campañas comerciales no sujetas a la Ley 29/2005», pág. 50 del PDF)","Coste total de sus campañas comerciales (producción, compra de medios y evaluación), euros corrientes; el informe no dice si lleva IVA; Grupo Patrimonio; PDF escaneado sin texto: transcrito a mano de la imagen; nombre en el informe: Expasa Agricultura y Ganadería, S.A. (Grupo Patrimonio)"
2020,ENAIRE,"Transportes, movilidad y agenda urbana",empresa_publica,0.0,"https://www.lamoncloa.gob.es/serviciosdeprensa/cpci/Documents/Informe_2020.pdf#page=50 (Informe de Publicidad y Comunicación Institucional 2020, capítulo «Campañas comerciales no sujetas a la Ley 29/2005», pág. 50 del PDF)","Coste total de sus campañas comerciales (producción, compra de medios y evaluación), euros corrientes; el informe no dice si lleva IVA; entidad pública empresarial; PDF escaneado sin texto: transcrito a mano de la imagen"
2021,SELAE (Loterías y Apuestas del Estado),Hacienda y función pública,empresa_publica,45804608.0,"https://www.lamoncloa.gob.es/serviciosdeprensa/cpci/Documents/Informe_2021.pdf#page=55 (Informe de Publicidad y Comunicación Institucional 2021, capítulo «Campañas comerciales no sujetas a la Ley 29/2005», pág. 55 del PDF)","Coste total de sus campañas comerciales (producción, compra de medios y evaluación), euros corrientes; el informe no dice si lleva IVA; Grupo Patrimonio; nombre en el informe: Sociedad Estatal de Loterías y Apuestas del Estado, S.A. (Grupo Patrimonio)"
2021,Renfe,"Transportes, movilidad y agenda urbana",empresa_publica,17526854.0,"https://www.lamoncloa.gob.es/serviciosdeprensa/cpci/Documents/Informe_2021.pdf#page=56 (Informe de Publicidad y Comunicación Institucional 2021, capítulo «Campañas comerciales no sujetas a la Ley 29/2005», pág. 56 del PDF)","Coste total de sus campañas comerciales (producción, compra de medios y evaluación), euros corrientes; el informe no dice si lleva IVA; Renfe-Operadora y Renfe Viajeros; nombre en el informe: Renfe-Operadora"
2021,Correos,Hacienda y función pública,empresa_publica,14389562.0,"https://www.lamoncloa.gob.es/serviciosdeprensa/cpci/Documents/Informe_2021.pdf#page=55 (Informe de Publicidad y Comunicación Institucional 2021, capítulo «Campañas comerciales no sujetas a la Ley 29/2005», pág. 55 del PDF)","Coste total de sus campañas comerciales (producción, compra de medios y evaluación), euros corrientes; el informe no dice si lleva IVA; Grupo SEPI; nombre en el informe: Sociedad Estatal Correos y Telégrafos, S.A. (SEPI)"
2021,Turespaña,"Industria, comercio y turismo",organismo,10333039.0,"https://www.lamoncloa.gob.es/serviciosdeprensa/cpci/Documents/Informe_2021.pdf#page=56 (Informe de Publicidad y Comunicación Institucional 2021, capítulo «Campañas comerciales no sujetas a la Ley 29/2005», pág. 56 del PDF)","Coste total de sus campañas comerciales (producción, compra de medios y evaluación), euros corrientes; el informe no dice si lleva IVA; organismo autónomo; nombre en el informe: Instituto de Turismo de España (TURESPAÑA)"
2021,AENA,"Transportes, movilidad y agenda urbana",empresa_publica,6787443.0,"https://www.lamoncloa.gob.es/serviciosdeprensa/cpci/Documents/Informe_2021.pdf#page=56 (Informe de Publicidad y Comunicación Institucional 2021, capítulo «Campañas comerciales no sujetas a la Ley 29/2005», pág. 56 del PDF)","Coste total de sus campañas comerciales (producción, compra de medios y evaluación), euros corrientes; el informe no dice si lleva IVA; participada al 51 % por ENAIRE; cotiza en bolsa; nombre en el informe: Aena, S.A."
2021,Paradores,"Industria, comercio y turismo",empresa_publica,2834399.0,"https://www.lamoncloa.gob.es/serviciosdeprensa/cpci/Documents/Informe_2021.pdf#page=56 (Informe de Publicidad y Comunicación Institucional 2021, capítulo «Campañas comerciales no sujetas a la Ley 29/2005», pág. 56 del PDF)","Coste total de sus campañas comerciales (producción, compra de medios y evaluación), euros corrientes; el informe no dice si lleva IVA; Grupo Patrimonio; nombre en el informe: Paradores de Turismo de España (Grupo Patrimonio)"
2021,Corporación RTVE,Hacienda y función pública,rtve,1687441.0,"https://www.lamoncloa.gob.es/serviciosdeprensa/cpci/Documents/Informe_2021.pdf#page=55 (Informe de Publicidad y Comunicación Institucional 2021, capítulo «Campañas comerciales no sujetas a la Ley 29/2005», pág. 55 del PDF)","Coste total de sus campañas comerciales (producción, compra de medios y evaluación), euros corrientes; el informe no dice si lleva IVA; Grupo SEPI; ya va en el bloque de televisión pública; nombre en el informe: Corporación RTVE (SEPI)"
2021,INAEM,Cultura y deporte,organismo,1464491.0,"https://www.lamoncloa.gob.es/serviciosdeprensa/cpci/Documents/Informe_2021.pdf#page=56 (Informe de Publicidad y Comunicación Institucional 2021, capítulo «Campañas comerciales no sujetas a la Ley 29/2005», pág. 56 del PDF)","Coste total de sus campañas comerciales (producción, compra de medios y evaluación), euros corrientes; el informe no dice si lleva IVA; organismo autónomo; nombre en el informe: Instituto Nacional de las Artes Escénicas y de la Música (INAEM)"
2021,ICO (Instituto de Crédito Oficial),Asuntos económicos y transformación digital,empresa_publica,1246818.0,"https://www.lamoncloa.gob.es/serviciosdeprensa/cpci/Documents/Informe_2021.pdf#page=56 (Informe de Publicidad y Comunicación Institucional 2021, capítulo «Campañas comerciales no sujetas a la Ley 29/2005», pág. 56 del PDF)","Coste total de sus campañas comerciales (producción, compra de medios y evaluación), euros corrientes; el informe no dice si lleva IVA; entidad pública empresarial; nombre en el informe: Instituto de Crédito Oficial (ICO)"
2021,CESCE,"Industria, comercio y turismo",empresa_publica,1129471.0,"https://www.lamoncloa.gob.es/serviciosdeprensa/cpci/Documents/Informe_2021.pdf#page=56 (Informe de Publicidad y Comunicación Institucional 2021, capítulo «Campañas comerciales no sujetas a la Ley 29/2005», pág. 56 del PDF)","Coste total de sus campañas comerciales (producción, compra de medios y evaluación), euros corrientes; el informe no dice si lleva IVA; Grupo Patrimonio; nombre en el informe: CESCE (Grupo Patrimonio)"
2021,FNMT-RCM,Hacienda y función pública,empresa_publica,980480.0,"https://www.lamoncloa.gob.es/serviciosdeprensa/cpci/Documents/Informe_2021.pdf#page=55 (Informe de Publicidad y Comunicación Institucional 2021, capítulo «Campañas comerciales no sujetas a la Ley 29/2005», pág. 55 del PDF)","Coste total de sus campañas comerciales (producción, compra de medios y evaluación), euros corrientes; el informe no dice si lleva IVA; entidad pública empresarial; nombre en el informe: Fábrica Nacional de Moneda y Timbre-Real Casa de la Moneda"
2021,Museo del Prado,Cultura y deporte,organismo,493246.0,"https://www.lamoncloa.gob.es/serviciosdeprensa/cpci/Documents/Informe_2021.pdf#page=56 (Informe de Publicidad y Comunicación Institucional 2021, capítulo «Campañas comerciales no sujetas a la Ley 29/2005», pág. 56 del PDF)","Coste total de sus campañas comerciales (producción, compra de medios y evaluación), euros corrientes; el informe no dice si lleva IVA; organismo público; nombre en el informe: Museo Nacional del Prado"
2021,Navantia,Hacienda y función pública,empresa_publica,335527.0,"https://www.lamoncloa.gob.es/serviciosdeprensa/cpci/Documents/Informe_2021.pdf#page=55 (Informe de Publicidad y Comunicación Institucional 2021, capítulo «Campañas comerciales no sujetas a la Ley 29/2005», pág. 55 del PDF)","Coste total de sus campañas comerciales (producción, compra de medios y evaluación), euros corrientes; el informe no dice si lleva IVA; Grupo SEPI; nombre en el informe: NAVANTIA (SEPI)"
2021,ENISA,"Industria, comercio y turismo",empresa_publica,241999.0,"https://www.lamoncloa.gob.es/serviciosdeprensa/cpci/Documents/Informe_2021.pdf#page=56 (Informe de Publicidad y Comunicación Institucional 2021, capítulo «Campañas comerciales no sujetas a la Ley 29/2005», pág. 56 del PDF)","Coste total de sus campañas comerciales (producción, compra de medios y evaluación), euros corrientes; el informe no dice si lleva IVA; Grupo Patrimonio; nombre en el informe: Empresa Nacional de Innovación, S.A. (ENISA - Grupo Patrimonio)"
2021,Hipódromo de la Zarzuela,Hacienda y función pública,empresa_publica,207310.0,"https://www.lamoncloa.gob.es/serviciosdeprensa/cpci/Documents/Informe_2021.pdf#page=55 (Informe de Publicidad y Comunicación Institucional 2021, capítulo «Campañas comerciales no sujetas a la Ley 29/2005», pág. 55 del PDF)","Coste total de sus campañas comerciales (producción, compra de medios y evaluación), euros corrientes; el informe no dice si lleva IVA; Grupo SEPI; nombre en el informe: Hipódromo de La Zarzuela (SEPI)"
2021,UNED,Universidades,organismo,166425.0,"https://www.lamoncloa.gob.es/serviciosdeprensa/cpci/Documents/Informe_2021.pdf#page=56 (Informe de Publicidad y Comunicación Institucional 2021, capítulo «Campañas comerciales no sujetas a la Ley 29/2005», pág. 56 del PDF)","Coste total de sus campañas comerciales (producción, compra de medios y evaluación), euros corrientes; el informe no dice si lleva IVA; universidad pública; nombre en el informe: Universidad Nacional de Educación a Distancia (UNED)"
2021,Tragsa,Hacienda y función pública,empresa_publica,137294.0,"https://www.lamoncloa.gob.es/serviciosdeprensa/cpci/Documents/Informe_2021.pdf#page=55 (Informe de Publicidad y Comunicación Institucional 2021, capítulo «Campañas comerciales no sujetas a la Ley 29/2005», pág. 55 del PDF)","Coste total de sus campañas comerciales (producción, compra de medios y evaluación), euros corrientes; el informe no dice si lleva IVA; Grupo SEPI; nombre en el informe: TRAGSA (SEPI)"
2021,Museo Reina Sofía,Cultura y deporte,organismo,120850.0,"https://www.lamoncloa.gob.es/serviciosdeprensa/cpci/Documents/Informe_2021.pdf#page=56 (Informe de Publicidad y Comunicación Institucional 2021, capítulo «Campañas comerciales no sujetas a la Ley 29/2005», pág. 56 del PDF)","Coste total de sus campañas comerciales (producción, compra de medios y evaluación), euros corrientes; el informe no dice si lleva IVA; organismo público; nombre en el informe: Museo Nacional Centro de Arte Reina Sofía"
2021,Puertos del Estado,"Transportes, movilidad y agenda urbana",empresa_publica,111242.0,"https://www.lamoncloa.gob.es/serviciosdeprensa/cpci/Documents/Informe_2021.pdf#page=56 (Informe de Publicidad y Comunicación Institucional 2021, capítulo «Campañas comerciales no sujetas a la Ley 29/2005», pág. 56 del PDF)","Coste total de sus campañas comerciales (producción, compra de medios y evaluación), euros corrientes; el informe no dice si lleva IVA; organismo público portuario que actúa en el mercado"
2021,SEPIDES,Hacienda y función pública,empresa_publica,95590.0,"https://www.lamoncloa.gob.es/serviciosdeprensa/cpci/Documents/Informe_2021.pdf#page=55 (Informe de Publicidad y Comunicación Institucional 2021, capítulo «Campañas comerciales no sujetas a la Ley 29/2005», pág. 55 del PDF)","Coste total de sus campañas comerciales (producción, compra de medios y evaluación), euros corrientes; el informe no dice si lleva IVA; Grupo SEPI; nombre en el informe: SEPI Desarrollo Empresarial, S.A. (SEPIDES)"
2021,Hunosa,Hacienda y función pública,empresa_publica,87129.0,"https://www.lamoncloa.gob.es/serviciosdeprensa/cpci/Documents/Informe_2021.pdf#page=55 (Informe de Publicidad y Comunicación Institucional 2021, capítulo «Campañas comerciales no sujetas a la Ley 29/2005», pág. 55 del PDF)","Coste total de sus campañas comerciales (producción, compra de medios y evaluación), euros corrientes; el informe no dice si lleva IVA; Grupo SEPI; nombre en el informe: Grupo HUNOSA (SEPI)"
2021,INECO,"Transportes, movilidad y agenda urbana",empresa_publica,70449.0,"https://www.lamoncloa.gob.es/serviciosdeprensa/cpci/Documents/Informe_2021.pdf#page=56 (Informe de Publicidad y Comunicación Institucional 2021, capítulo «Campañas comerciales no sujetas a la Ley 29/2005», pág. 56 del PDF)","Coste total de sus campañas comerciales (producción, compra de medios y evaluación), euros corrientes; el informe no dice si lleva IVA; sociedad mercantil estatal; nombre en el informe: Ingeniería y Economía del Transporte, S.A. (INECO)"
2021,ENUSA,Hacienda y función pública,empresa_publica,50625.0,"https://www.lamoncloa.gob.es/serviciosdeprensa/cpci/Documents/Informe_2021.pdf#page=55 (Informe de Publicidad y Comunicación Institucional 2021, capítulo «Campañas comerciales no sujetas a la Ley 29/2005», pág. 55 del PDF)","Coste total de sus campañas comerciales (producción, compra de medios y evaluación), euros corrientes; el informe no dice si lleva IVA; Grupo SEPI; nombre en el informe: ENUSA Industrias Avanzadas, S.A. (SEPI)"
2021,CETARSA,Hacienda y función pública,empresa_publica,49485.0,"https://www.lamoncloa.gob.es/serviciosdeprensa/cpci/Documents/Informe_2021.pdf#page=55 (Informe de Publicidad y Comunicación Institucional 2021, capítulo «Campañas comerciales no sujetas a la Ley 29/2005», pág. 55 del PDF)","Coste total de sus campañas comerciales (producción, compra de medios y evaluación), euros corrientes; el informe no dice si lleva IVA; Grupo SEPI; nombre en el informe: Compañía Española de Tabaco en Rama, S.A. (CETARSA - SEPI)"
2021,UIMP,Universidades,organismo,33209.0,"https://www.lamoncloa.gob.es/serviciosdeprensa/cpci/Documents/Informe_2021.pdf#page=56 (Informe de Publicidad y Comunicación Institucional 2021, capítulo «Campañas comerciales no sujetas a la Ley 29/2005», pág. 56 del PDF)","Coste total de sus campañas comerciales (producción, compra de medios y evaluación), euros corrientes; el informe no dice si lleva IVA; universidad pública; nombre en el informe: Universidad Internacional Menéndez-Pelayo (UIMP)"
2021,CNIG,"Transportes, movilidad y agenda urbana",organismo,17769.0,"https://www.lamoncloa.gob.es/serviciosdeprensa/cpci/Documents/Informe_2021.pdf#page=56 (Informe de Publicidad y Comunicación Institucional 2021, capítulo «Campañas comerciales no sujetas a la Ley 29/2005», pág. 56 del PDF)","Coste total de sus campañas comerciales (producción, compra de medios y evaluación), euros corrientes; el informe no dice si lleva IVA; organismo autónomo; nombre en el informe: Centro Nacional de Información Geográfica (CNIG)"
2021,BOE (Agencia Estatal),"Presidencia, relaciones con las cortes y memoria democrática",organismo,13449.0,"https://www.lamoncloa.gob.es/serviciosdeprensa/cpci/Documents/Informe_2021.pdf#page=55 (Informe de Publicidad y Comunicación Institucional 2021, capítulo «Campañas comerciales no sujetas a la Ley 29/2005», pág. 55 del PDF)","Coste total de sus campañas comerciales (producción, compra de medios y evaluación), euros corrientes; el informe no dice si lleva IVA; agencia estatal; nombre en el informe: Boletín Oficial del Estado"
2021,ENAIRE,"Transportes, movilidad y agenda urbana",empresa_publica,12751.0,"https://www.lamoncloa.gob.es/serviciosdeprensa/cpci/Documents/Informe_2021.pdf#page=56 (Informe de Publicidad y Comunicación Institucional 2021, capítulo «Campañas comerciales no sujetas a la Ley 29/2005», pág. 56 del PDF)","Coste total de sus campañas comerciales (producción, compra de medios y evaluación), euros corrientes; el informe no dice si lleva IVA; entidad pública empresarial"
2021,Fundación CIUDEN,Transición ecológica y el reto demográfico,organismo,9719.0,"https://www.lamoncloa.gob.es/serviciosdeprensa/cpci/Documents/Informe_2021.pdf#page=56 (Informe de Publicidad y Comunicación Institucional 2021, capítulo «Campañas comerciales no sujetas a la Ley 29/2005», pág. 56 del PDF)","Coste total de sus campañas comerciales (producción, compra de medios y evaluación), euros corrientes; el informe no dice si lleva IVA; fundación del sector público; nombre en el informe: Fundación Ciudad de la Energía - CIUDEN, F.S.P."
2021,ENSA Equipos Nucleares,Hacienda y función pública,empresa_publica,8672.0,"https://www.lamoncloa.gob.es/serviciosdeprensa/cpci/Documents/Informe_2021.pdf#page=55 (Informe de Publicidad y Comunicación Institucional 2021, capítulo «Campañas comerciales no sujetas a la Ley 29/2005», pág. 55 del PDF)","Coste total de sus campañas comerciales (producción, compra de medios y evaluación), euros corrientes; el informe no dice si lleva IVA; Grupo SEPI; nombre en el informe: ENSA Equipos Nucleares, S.A. (SEPI)"
2021,Mercasa,Hacienda y función pública,empresa_publica,4840.0,"https://www.lamoncloa.gob.es/serviciosdeprensa/cpci/Documents/Informe_2021.pdf#page=55 (Informe de Publicidad y Comunicación Institucional 2021, capítulo «Campañas comerciales no sujetas a la Ley 29/2005», pág. 55 del PDF)","Coste total de sus campañas comerciales (producción, compra de medios y evaluación), euros corrientes; el informe no dice si lleva IVA; Grupo SEPI; nombre en el informe: MERCASA (SEPI)"
2021,MAYASA (Minas de Almadén),Hacienda y función pública,empresa_publica,3390.0,"https://www.lamoncloa.gob.es/serviciosdeprensa/cpci/Documents/Informe_2021.pdf#page=55 (Informe de Publicidad y Comunicación Institucional 2021, capítulo «Campañas comerciales no sujetas a la Ley 29/2005», pág. 55 del PDF)","Coste total de sus campañas comerciales (producción, compra de medios y evaluación), euros corrientes; el informe no dice si lleva IVA; Grupo SEPI; nombre en el informe: Minas de Almadén y Arrayanes, S.A. (MAYASA - SEPI)"
2021,Expasa,"Agricultura, pesca y alimentación",empresa_publica,653.0,"https://www.lamoncloa.gob.es/serviciosdeprensa/cpci/Documents/Informe_2021.pdf#page=56 (Informe de Publicidad y Comunicación Institucional 2021, capítulo «Campañas comerciales no sujetas a la Ley 29/2005», pág. 56 del PDF)","Coste total de sus campañas comerciales (producción, compra de medios y evaluación), euros corrientes; el informe no dice si lleva IVA; Grupo Patrimonio; nombre en el informe: Expasa Agricultura y Ganadería, S.A. (Grupo Patrimonio)"
2022,SELAE (Loterías y Apuestas del Estado),Hacienda y función pública,empresa_publica,43666808.0,"https://www.lamoncloa.gob.es/serviciosdeprensa/cpci/Documents/Informe_2022.pdf#page=52 (Informe de Publicidad y Comunicación Institucional 2022, capítulo «Campañas comerciales no sujetas a la Ley 29/2005», pág. 52 del PDF)","Coste total de sus campañas comerciales (producción, compra de medios y evaluación), euros corrientes; el informe no dice si lleva IVA; Grupo Patrimonio; nombre en el informe: Sociedad Estatal de Loterías y Apuestas del Estado, S.A. (Grupo Patrimonio)"
2022,Renfe,"Transportes, movilidad y agenda urbana",empresa_publica,27525345.0,"https://www.lamoncloa.gob.es/serviciosdeprensa/cpci/Documents/Informe_2022.pdf#page=53 (Informe de Publicidad y Comunicación Institucional 2022, capítulo «Campañas comerciales no sujetas a la Ley 29/2005», pág. 53 del PDF)","Coste total de sus campañas comerciales (producción, compra de medios y evaluación), euros corrientes; el informe no dice si lleva IVA; Renfe-Operadora y Renfe Viajeros; nombre en el informe: Renfe Viajeros"
2022,Correos,Hacienda y función pública,empresa_publica,15086471.0,"https://www.lamoncloa.gob.es/serviciosdeprensa/cpci/Documents/Informe_2022.pdf#page=52 (Informe de Publicidad y Comunicación Institucional 2022, capítulo «Campañas comerciales no sujetas a la Ley 29/2005», pág. 52 del PDF)","Coste total de sus campañas comerciales (producción, compra de medios y evaluación), euros corrientes; el informe no dice si lleva IVA; Grupo SEPI; nombre en el informe: Sociedad Estatal Correos y Telégrafos, S.A. (SEPI)"
2022,Turespaña,"Industria, comercio y turismo",organismo,10455000.0,"https://www.lamoncloa.gob.es/serviciosdeprensa/cpci/Documents/Informe_2022.pdf#page=53 (Informe de Publicidad y Comunicación Institucional 2022, capítulo «Campañas comerciales no sujetas a la Ley 29/2005», pág. 53 del PDF)","Coste total de sus campañas comerciales (producción, compra de medios y evaluación), euros corrientes; el informe no dice si lleva IVA; organismo autónomo; nombre en el informe: Instituto de Turismo de España (TURESPAÑA)"
2022,AENA,"Transportes, movilidad y agenda urbana",empresa_publica,7349627.0,"https://www.lamoncloa.gob.es/serviciosdeprensa/cpci/Documents/Informe_2022.pdf#page=53 (Informe de Publicidad y Comunicación Institucional 2022, capítulo «Campañas comerciales no sujetas a la Ley 29/2005», pág. 53 del PDF)","Coste total de sus campañas comerciales (producción, compra de medios y evaluación), euros corrientes; el informe no dice si lleva IVA; participada al 51 % por ENAIRE; cotiza en bolsa; nombre en el informe: Aena, S.A."
2022,Paradores,"Industria, comercio y turismo",empresa_publica,3220276.0,"https://www.lamoncloa.gob.es/serviciosdeprensa/cpci/Documents/Informe_2022.pdf#page=53 (Informe de Publicidad y Comunicación Institucional 2022, capítulo «Campañas comerciales no sujetas a la Ley 29/2005», pág. 53 del PDF)","Coste total de sus campañas comerciales (producción, compra de medios y evaluación), euros corrientes; el informe no dice si lleva IVA; Grupo Patrimonio; nombre en el informe: Paradores de Turismo de España (Grupo Patrimonio)"
2022,ICO (Instituto de Crédito Oficial),Asuntos económicos y transformación digital,empresa_publica,2479849.0,"https://www.lamoncloa.gob.es/serviciosdeprensa/cpci/Documents/Informe_2022.pdf#page=53 (Informe de Publicidad y Comunicación Institucional 2022, capítulo «Campañas comerciales no sujetas a la Ley 29/2005», pág. 53 del PDF)","Coste total de sus campañas comerciales (producción, compra de medios y evaluación), euros corrientes; el informe no dice si lleva IVA; entidad pública empresarial; nombre en el informe: Instituto de Crédito Oficial (ICO)"
2022,Corporación RTVE,Hacienda y función pública,rtve,1587969.0,"https://www.lamoncloa.gob.es/serviciosdeprensa/cpci/Documents/Informe_2022.pdf#page=52 (Informe de Publicidad y Comunicación Institucional 2022, capítulo «Campañas comerciales no sujetas a la Ley 29/2005», pág. 52 del PDF)","Coste total de sus campañas comerciales (producción, compra de medios y evaluación), euros corrientes; el informe no dice si lleva IVA; Grupo SEPI; ya va en el bloque de televisión pública; nombre en el informe: Corporación RTVE (SEPI)"
2022,INAEM,Cultura y deporte,organismo,1543240.0,"https://www.lamoncloa.gob.es/serviciosdeprensa/cpci/Documents/Informe_2022.pdf#page=53 (Informe de Publicidad y Comunicación Institucional 2022, capítulo «Campañas comerciales no sujetas a la Ley 29/2005», pág. 53 del PDF)","Coste total de sus campañas comerciales (producción, compra de medios y evaluación), euros corrientes; el informe no dice si lleva IVA; organismo autónomo; nombre en el informe: Instituto Nacional de las Artes Escénicas y de la Música (INAEM)"
2022,CESCE,"Industria, comercio y turismo",empresa_publica,1115512.0,"https://www.lamoncloa.gob.es/serviciosdeprensa/cpci/Documents/Informe_2022.pdf#page=53 (Informe de Publicidad y Comunicación Institucional 2022, capítulo «Campañas comerciales no sujetas a la Ley 29/2005», pág. 53 del PDF)","Coste total de sus campañas comerciales (producción, compra de medios y evaluación), euros corrientes; el informe no dice si lleva IVA; Grupo Patrimonio; nombre en el informe: Cesce (Grupo Patrimonio)"
2022,Museo del Prado,Cultura y deporte,organismo,448704.0,"https://www.lamoncloa.gob.es/serviciosdeprensa/cpci/Documents/Informe_2022.pdf#page=53 (Informe de Publicidad y Comunicación Institucional 2022, capítulo «Campañas comerciales no sujetas a la Ley 29/2005», pág. 53 del PDF)","Coste total de sus campañas comerciales (producción, compra de medios y evaluación), euros corrientes; el informe no dice si lleva IVA; organismo público; nombre en el informe: Museo Nacional del Prado"
2022,Navantia,Hacienda y función pública,empresa_publica,355799.0,"https://www.lamoncloa.gob.es/serviciosdeprensa/cpci/Documents/Informe_2022.pdf#page=52 (Informe de Publicidad y Comunicación Institucional 2022, capítulo «Campañas comerciales no sujetas a la Ley 29/2005», pág. 52 del PDF)","Coste total de sus campañas comerciales (producción, compra de medios y evaluación), euros corrientes; el informe no dice si lleva IVA; Grupo SEPI; nombre en el informe: NAVANTIA (SEPI)"
2022,UNED,Universidades,organismo,284175.0,"https://www.lamoncloa.gob.es/serviciosdeprensa/cpci/Documents/Informe_2022.pdf#page=53 (Informe de Publicidad y Comunicación Institucional 2022, capítulo «Campañas comerciales no sujetas a la Ley 29/2005», pág. 53 del PDF)","Coste total de sus campañas comerciales (producción, compra de medios y evaluación), euros corrientes; el informe no dice si lleva IVA; universidad pública; nombre en el informe: Universidad Nacional de Educación a Distancia (UNED)"
2022,Hipódromo de la Zarzuela,Hacienda y función pública,empresa_publica,241468.0,"https://www.lamoncloa.gob.es/serviciosdeprensa/cpci/Documents/Informe_2022.pdf#page=52 (Informe de Publicidad y Comunicación Institucional 2022, capítulo «Campañas comerciales no sujetas a la Ley 29/2005», pág. 52 del PDF)","Coste total de sus campañas comerciales (producción, compra de medios y evaluación), euros corrientes; el informe no dice si lleva IVA; Grupo SEPI; nombre en el informe: Hipódromo de La Zarzuela (SEPI)"
2022,ENISA,"Industria, comercio y turismo",empresa_publica,210858.0,"https://www.lamoncloa.gob.es/serviciosdeprensa/cpci/Documents/Informe_2022.pdf#page=53 (Informe de Publicidad y Comunicación Institucional 2022, capítulo «Campañas comerciales no sujetas a la Ley 29/2005», pág. 53 del PDF)","Coste total de sus campañas comerciales (producción, compra de medios y evaluación), euros corrientes; el informe no dice si lleva IVA; Grupo Patrimonio; nombre en el informe: Empresa Nacional de Innovación, S.A. (ENISA - Grupo Patrimonio)"
2022,Tragsa,Hacienda y función pública,empresa_publica,185053.0,"https://www.lamoncloa.gob.es/serviciosdeprensa/cpci/Documents/Informe_2022.pdf#page=52 (Informe de Publicidad y Comunicación Institucional 2022, capítulo «Campañas comerciales no sujetas a la Ley 29/2005», pág. 52 del PDF)","Coste total de sus campañas comerciales (producción, compra de medios y evaluación), euros corrientes; el informe no dice si lleva IVA; Grupo SEPI; nombre en el informe: TRAGSA (SEPI)"
2022,FNMT-RCM,Hacienda y función pública,empresa_publica,150024.0,"https://www.lamoncloa.gob.es/serviciosdeprensa/cpci/Documents/Informe_2022.pdf#page=52 (Informe de Publicidad y Comunicación Institucional 2022, capítulo «Campañas comerciales no sujetas a la Ley 29/2005», pág. 52 del PDF)","Coste total de sus campañas comerciales (producción, compra de medios y evaluación), euros corrientes; el informe no dice si lleva IVA; entidad pública empresarial; nombre en el informe: Fábrica Nacional de Moneda y Timbre- Real Casa de la Moneda"
2022,UIMP,Universidades,organismo,106174.0,"https://www.lamoncloa.gob.es/serviciosdeprensa/cpci/Documents/Informe_2022.pdf#page=53 (Informe de Publicidad y Comunicación Institucional 2022, capítulo «Campañas comerciales no sujetas a la Ley 29/2005», pág. 53 del PDF)","Coste total de sus campañas comerciales (producción, compra de medios y evaluación), euros corrientes; el informe no dice si lleva IVA; universidad pública; nombre en el informe: Universidad Internacional Menéndez- Pelayo (UIMP)"
2022,Puertos del Estado,"Transportes, movilidad y agenda urbana",empresa_publica,103497.0,"https://www.lamoncloa.gob.es/serviciosdeprensa/cpci/Documents/Informe_2022.pdf#page=53 (Informe de Publicidad y Comunicación Institucional 2022, capítulo «Campañas comerciales no sujetas a la Ley 29/2005», pág. 53 del PDF)","Coste total de sus campañas comerciales (producción, compra de medios y evaluación), euros corrientes; el informe no dice si lleva IVA; organismo público portuario que actúa en el mercado"
2022,Hunosa,Hacienda y función pública,empresa_publica,76981.0,"https://www.lamoncloa.gob.es/serviciosdeprensa/cpci/Documents/Informe_2022.pdf#page=52 (Informe de Publicidad y Comunicación Institucional 2022, capítulo «Campañas comerciales no sujetas a la Ley 29/2005», pág. 52 del PDF)","Coste total de sus campañas comerciales (producción, compra de medios y evaluación), euros corrientes; el informe no dice si lleva IVA; Grupo SEPI; nombre en el informe: Grupo Hunosa (SEPI)"
2022,ENUSA,Hacienda y función pública,empresa_publica,65345.0,"https://www.lamoncloa.gob.es/serviciosdeprensa/cpci/Documents/Informe_2022.pdf#page=52 (Informe de Publicidad y Comunicación Institucional 2022, capítulo «Campañas comerciales no sujetas a la Ley 29/2005», pág. 52 del PDF)","Coste total de sus campañas comerciales (producción, compra de medios y evaluación), euros corrientes; el informe no dice si lleva IVA; Grupo SEPI; nombre en el informe: ENUSA Industrias Avanzadas, S.A. (SEPI)"
2022,Museo Reina Sofía,Cultura y deporte,organismo,58416.0,"https://www.lamoncloa.gob.es/serviciosdeprensa/cpci/Documents/Informe_2022.pdf#page=53 (Informe de Publicidad y Comunicación Institucional 2022, capítulo «Campañas comerciales no sujetas a la Ley 29/2005», pág. 53 del PDF)","Coste total de sus campañas comerciales (producción, compra de medios y evaluación), euros corrientes; el informe no dice si lleva IVA; organismo público; nombre en el informe: Museo Nacional Centro de Arte Reina Sofía"
2022,ENAIRE,"Transportes, movilidad y agenda urbana",empresa_publica,40505.0,"https://www.lamoncloa.gob.es/serviciosdeprensa/cpci/Documents/Informe_2022.pdf#page=53 (Informe de Publicidad y Comunicación Institucional 2022, capítulo «Campañas comerciales no sujetas a la Ley 29/2005», pág. 53 del PDF)","Coste total de sus campañas comerciales (producción, compra de medios y evaluación), euros corrientes; el informe no dice si lleva IVA; entidad pública empresarial"
2022,Fundación CIUDEN,Transición ecológica y el reto demográfico,organismo,25555.0,"https://www.lamoncloa.gob.es/serviciosdeprensa/cpci/Documents/Informe_2022.pdf#page=53 (Informe de Publicidad y Comunicación Institucional 2022, capítulo «Campañas comerciales no sujetas a la Ley 29/2005», pág. 53 del PDF)","Coste total de sus campañas comerciales (producción, compra de medios y evaluación), euros corrientes; el informe no dice si lleva IVA; fundación del sector público; nombre en el informe: Fundación Ciudad de la Energía - CIUDEN, F.S.P."
2022,INECO,"Transportes, movilidad y agenda urbana",empresa_publica,22083.0,"https://www.lamoncloa.gob.es/serviciosdeprensa/cpci/Documents/Informe_2022.pdf#page=53 (Informe de Publicidad y Comunicación Institucional 2022, capítulo «Campañas comerciales no sujetas a la Ley 29/2005», pág. 53 del PDF)","Coste total de sus campañas comerciales (producción, compra de medios y evaluación), euros corrientes; el informe no dice si lleva IVA; sociedad mercantil estatal; nombre en el informe: Ingeniería y Economía del Transporte, S.A. (INECO)"
2022,CETARSA,Hacienda y función pública,empresa_publica,19600.0,"https://www.lamoncloa.gob.es/serviciosdeprensa/cpci/Documents/Informe_2022.pdf#page=52 (Informe de Publicidad y Comunicación Institucional 2022, capítulo «Campañas comerciales no sujetas a la Ley 29/2005», pág. 52 del PDF)","Coste total de sus campañas comerciales (producción, compra de medios y evaluación), euros corrientes; el informe no dice si lleva IVA; Grupo SEPI; nombre en el informe: Compañía Española de Tabaco en Rama, S.A. (CETARSA - SEPI)"
2022,MAYASA (Minas de Almadén),Hacienda y función pública,empresa_publica,12116.0,"https://www.lamoncloa.gob.es/serviciosdeprensa/cpci/Documents/Informe_2022.pdf#page=52 (Informe de Publicidad y Comunicación Institucional 2022, capítulo «Campañas comerciales no sujetas a la Ley 29/2005», pág. 52 del PDF)","Coste total de sus campañas comerciales (producción, compra de medios y evaluación), euros corrientes; el informe no dice si lleva IVA; Grupo SEPI; nombre en el informe: Minas de Almadén y Arrayanes, S.A. (MAYASA - SEPI)"
2022,CNIG,"Transportes, movilidad y agenda urbana",organismo,8728.0,"https://www.lamoncloa.gob.es/serviciosdeprensa/cpci/Documents/Informe_2022.pdf#page=53 (Informe de Publicidad y Comunicación Institucional 2022, capítulo «Campañas comerciales no sujetas a la Ley 29/2005», pág. 53 del PDF)","Coste total de sus campañas comerciales (producción, compra de medios y evaluación), euros corrientes; el informe no dice si lleva IVA; organismo autónomo; nombre en el informe: Centro Nacional de Información Geográfica (CNIG)"
2022,BOE (Agencia Estatal),"Presidencia, relaciones con las cortes y memoria democrática",organismo,5817.0,"https://www.lamoncloa.gob.es/serviciosdeprensa/cpci/Documents/Informe_2022.pdf#page=52 (Informe de Publicidad y Comunicación Institucional 2022, capítulo «Campañas comerciales no sujetas a la Ley 29/2005», pág. 52 del PDF)","Coste total de sus campañas comerciales (producción, compra de medios y evaluación), euros corrientes; el informe no dice si lleva IVA; agencia estatal; nombre en el informe: Boletín Oficial del Estado"
2022,ENSA Equipos Nucleares,Hacienda y función pública,empresa_publica,4610.0,"https://www.lamoncloa.gob.es/serviciosdeprensa/cpci/Documents/Informe_2022.pdf#page=52 (Informe de Publicidad y Comunicación Institucional 2022, capítulo «Campañas comerciales no sujetas a la Ley 29/2005», pág. 52 del PDF)","Coste total de sus campañas comerciales (producción, compra de medios y evaluación), euros corrientes; el informe no dice si lleva IVA; Grupo SEPI; nombre en el informe: ENSA Equipos Nucleares, S.A. (SEPI)"
2022,Expasa,"Agricultura, pesca y alimentación",empresa_publica,666.0,"https://www.lamoncloa.gob.es/serviciosdeprensa/cpci/Documents/Informe_2022.pdf#page=53 (Informe de Publicidad y Comunicación Institucional 2022, capítulo «Campañas comerciales no sujetas a la Ley 29/2005», pág. 53 del PDF)","Coste total de sus campañas comerciales (producción, compra de medios y evaluación), euros corrientes; el informe no dice si lleva IVA; Grupo Patrimonio; nombre en el informe: EXPASA Agricultura y Ganadería S.M.E., S.A. (Grupo Patrimonio)"
2023,SELAE (Loterías y Apuestas del Estado),Hacienda y función pública,empresa_publica,42789199.0,"https://www.lamoncloa.gob.es/serviciosdeprensa/cpci/Documents/Informe%202023.pdf#page=46 (Informe de Publicidad y Comunicación Institucional 2023, capítulo «Campañas comerciales no sujetas a la Ley 29/2005», pág. 46 del PDF)","Coste total de sus campañas comerciales (producción, compra de medios y evaluación), euros corrientes; el informe no dice si lleva IVA; Grupo Patrimonio; nombre en el informe: SOCIEDAD ESTATAL DE LOTERÍAS Y APUESTAS DEL ESTADO, S.A. (GRUPO PATRIMONIO)"
2023,Renfe,"Transportes, movilidad y agenda urbana",empresa_publica,18278430.0,"https://www.lamoncloa.gob.es/serviciosdeprensa/cpci/Documents/Informe%202023.pdf#page=47 (Informe de Publicidad y Comunicación Institucional 2023, capítulo «Campañas comerciales no sujetas a la Ley 29/2005», pág. 47 del PDF)","Coste total de sus campañas comerciales (producción, compra de medios y evaluación), euros corrientes; el informe no dice si lleva IVA; Renfe-Operadora y Renfe Viajeros; nombre en el informe: RENFE VIAJEROS / RENFE-OPERADORA"
2023,AENA,"Transportes, movilidad y agenda urbana",empresa_publica,14154678.0,"https://www.lamoncloa.gob.es/serviciosdeprensa/cpci/Documents/Informe%202023.pdf#page=47 (Informe de Publicidad y Comunicación Institucional 2023, capítulo «Campañas comerciales no sujetas a la Ley 29/2005», pág. 47 del PDF)","Coste total de sus campañas comerciales (producción, compra de medios y evaluación), euros corrientes; el informe no dice si lleva IVA; participada al 51 % por ENAIRE; cotiza en bolsa; nombre en el informe: AENA, S.A."
2023,Correos,Hacienda y función pública,empresa_publica,12843519.0,"https://www.lamoncloa.gob.es/serviciosdeprensa/cpci/Documents/Informe%202023.pdf#page=46 (Informe de Publicidad y Comunicación Institucional 2023, capítulo «Campañas comerciales no sujetas a la Ley 29/2005», pág. 46 del PDF)","Coste total de sus campañas comerciales (producción, compra de medios y evaluación), euros corrientes; el informe no dice si lleva IVA; Grupo SEPI; nombre en el informe: SOCIEDAD ESTATAL CORREOS Y TELÉGRAFOS, S.A. (SEPI)"
2023,Turespaña,"Industria, comercio y turismo",organismo,8882000.0,"https://www.lamoncloa.gob.es/serviciosdeprensa/cpci/Documents/Informe%202023.pdf#page=47 (Informe de Publicidad y Comunicación Institucional 2023, capítulo «Campañas comerciales no sujetas a la Ley 29/2005», pág. 47 del PDF)","Coste total de sus campañas comerciales (producción, compra de medios y evaluación), euros corrientes; el informe no dice si lleva IVA; organismo autónomo; nombre en el informe: INSTITUTO DE TURISMO DE ESPAÑA (TURESPAÑA)"
2023,Paradores,"Industria, comercio y turismo",empresa_publica,3185965.0,"https://www.lamoncloa.gob.es/serviciosdeprensa/cpci/Documents/Informe%202023.pdf#page=47 (Informe de Publicidad y Comunicación Institucional 2023, capítulo «Campañas comerciales no sujetas a la Ley 29/2005», pág. 47 del PDF)","Coste total de sus campañas comerciales (producción, compra de medios y evaluación), euros corrientes; el informe no dice si lleva IVA; Grupo Patrimonio; nombre en el informe: PARADORES DE TURISMO DE ESPAÑA (GRUPO PATRIMONIO)"
2023,Corporación RTVE,Hacienda y función pública,rtve,1874093.0,"https://www.lamoncloa.gob.es/serviciosdeprensa/cpci/Documents/Informe%202023.pdf#page=46 (Informe de Publicidad y Comunicación Institucional 2023, capítulo «Campañas comerciales no sujetas a la Ley 29/2005», pág. 46 del PDF)","Coste total de sus campañas comerciales (producción, compra de medios y evaluación), euros corrientes; el informe no dice si lleva IVA; Grupo SEPI; ya va en el bloque de televisión pública; nombre en el informe: CORPORACIÓN RTVE (SEPI)"
2023,INAEM,Cultura y deporte,organismo,1536234.0,"https://www.lamoncloa.gob.es/serviciosdeprensa/cpci/Documents/Informe%202023.pdf#page=47 (Informe de Publicidad y Comunicación Institucional 2023, capítulo «Campañas comerciales no sujetas a la Ley 29/2005», pág. 47 del PDF)","Coste total de sus campañas comerciales (producción, compra de medios y evaluación), euros corrientes; el informe no dice si lleva IVA; organismo autónomo; nombre en el informe: INSTITUTO NACIONAL DE LAS ARTES ESCÉNICAS Y DE LA MÚSICA (INAEM)"
2023,CESCE,"Industria, comercio y turismo",empresa_publica,1014722.0,"https://www.lamoncloa.gob.es/serviciosdeprensa/cpci/Documents/Informe%202023.pdf#page=47 (Informe de Publicidad y Comunicación Institucional 2023, capítulo «Campañas comerciales no sujetas a la Ley 29/2005», pág. 47 del PDF)","Coste total de sus campañas comerciales (producción, compra de medios y evaluación), euros corrientes; el informe no dice si lleva IVA; Grupo Patrimonio; nombre en el informe: CESCE (GRUPO PATRIMONIO)"
2023,FNMT-RCM,Hacienda y función pública,empresa_publica,973313.0,"https://www.lamoncloa.gob.es/serviciosdeprensa/cpci/Documents/Informe%202023.pdf#page=46 (Informe de Publicidad y Comunicación Institucional 2023, capítulo «Campañas comerciales no sujetas a la Ley 29/2005», pág. 46 del PDF)","Coste total de sus campañas comerciales (producción, compra de medios y evaluación), euros corrientes; el informe no dice si lleva IVA; entidad pública empresarial; nombre en el informe: FÁBRICA NACIONAL DE MONEDA Y TIMBRE-REAL CASA DE LA MONEDA"
2023,EOI (Escuela de Organización Industrial),"Industria, comercio y turismo",organismo,728652.0,"https://www.lamoncloa.gob.es/serviciosdeprensa/cpci/Documents/Informe%202023.pdf#page=47 (Informe de Publicidad y Comunicación Institucional 2023, capítulo «Campañas comerciales no sujetas a la Ley 29/2005», pág. 47 del PDF)","Coste total de sus campañas comerciales (producción, compra de medios y evaluación), euros corrientes; el informe no dice si lleva IVA; fundación del sector público; nombre en el informe: ESCUELA DE ORGANIZACIÓN INDUSTRIAL (EOI)"
2023,Museo del Prado,Cultura y deporte,organismo,537084.0,"https://www.lamoncloa.gob.es/serviciosdeprensa/cpci/Documents/Informe%202023.pdf#page=47 (Informe de Publicidad y Comunicación Institucional 2023, capítulo «Campañas comerciales no sujetas a la Ley 29/2005», pág. 47 del PDF)","Coste total de sus campañas comerciales (producción, compra de medios y evaluación), euros corrientes; el informe no dice si lleva IVA; organismo público; nombre en el informe: MUSEO NACIONAL DEL PRADO"
2023,Navantia,Hacienda y función pública,empresa_publica,380962.0,"https://www.lamoncloa.gob.es/serviciosdeprensa/cpci/Documents/Informe%202023.pdf#page=46 (Informe de Publicidad y Comunicación Institucional 2023, capítulo «Campañas comerciales no sujetas a la Ley 29/2005», pág. 46 del PDF)","Coste total de sus campañas comerciales (producción, compra de medios y evaluación), euros corrientes; el informe no dice si lleva IVA; Grupo SEPI; nombre en el informe: NAVANTIA (SEPI)"
2023,Hipódromo de la Zarzuela,Hacienda y función pública,empresa_publica,265657.0,"https://www.lamoncloa.gob.es/serviciosdeprensa/cpci/Documents/Informe%202023.pdf#page=46 (Informe de Publicidad y Comunicación Institucional 2023, capítulo «Campañas comerciales no sujetas a la Ley 29/2005», pág. 46 del PDF)","Coste total de sus campañas comerciales (producción, compra de medios y evaluación), euros corrientes; el informe no dice si lleva IVA; Grupo SEPI; nombre en el informe: HIPÓDROMO DE LA ZARZUELA (SEPI)"
2023,ENISA,"Industria, comercio y turismo",empresa_publica,215656.0,"https://www.lamoncloa.gob.es/serviciosdeprensa/cpci/Documents/Informe%202023.pdf#page=47 (Informe de Publicidad y Comunicación Institucional 2023, capítulo «Campañas comerciales no sujetas a la Ley 29/2005», pág. 47 del PDF)","Coste total de sus campañas comerciales (producción, compra de medios y evaluación), euros corrientes; el informe no dice si lleva IVA; Grupo Patrimonio; nombre en el informe: EMPRESA NACIONAL DE INNOVACIÓN, S.A. (ENISA - GRUPO PATRIMONIO)"
2023,ICO (Instituto de Crédito Oficial),Asuntos económicos y transformación digital,empresa_publica,212817.0,"https://www.lamoncloa.gob.es/serviciosdeprensa/cpci/Documents/Informe%202023.pdf#page=47 (Informe de Publicidad y Comunicación Institucional 2023, capítulo «Campañas comerciales no sujetas a la Ley 29/2005», pág. 47 del PDF)","Coste total de sus campañas comerciales (producción, compra de medios y evaluación), euros corrientes; el informe no dice si lleva IVA; entidad pública empresarial; nombre en el informe: INSTITUTO DE CRÉDITO OFICIAL (ICO)"
2023,Tragsa,Hacienda y función pública,empresa_publica,188206.0,"https://www.lamoncloa.gob.es/serviciosdeprensa/cpci/Documents/Informe%202023.pdf#page=46 (Informe de Publicidad y Comunicación Institucional 2023, capítulo «Campañas comerciales no sujetas a la Ley 29/2005», pág. 46 del PDF)","Coste total de sus campañas comerciales (producción, compra de medios y evaluación), euros corrientes; el informe no dice si lleva IVA; Grupo SEPI; nombre en el informe: TRAGSA (SEPI)"
2023,UNED,Universidades,organismo,169806.0,"https://www.lamoncloa.gob.es/serviciosdeprensa/cpci/Documents/Informe%202023.pdf#page=47 (Informe de Publicidad y Comunicación Institucional 2023, capítulo «Campañas comerciales no sujetas a la Ley 29/2005», pág. 47 del PDF)","Coste total de sus campañas comerciales (producción, compra de medios y evaluación), euros corrientes; el informe no dice si lleva IVA; universidad pública; nombre en el informe: UNIVERSIDAD NACIONAL DE EDUCACIÓN A DISTANCIA (UNED)"
2023,ENAIRE,"Transportes, movilidad y agenda urbana",empresa_publica,112213.0,"https://www.lamoncloa.gob.es/serviciosdeprensa/cpci/Documents/Informe%202023.pdf#page=47 (Informe de Publicidad y Comunicación Institucional 2023, capítulo «Campañas comerciales no sujetas a la Ley 29/2005», pág. 47 del PDF)","Coste total de sus campañas comerciales (producción, compra de medios y evaluación), euros corrientes; el informe no dice si lleva IVA; entidad pública empresarial"
2023,Museo Reina Sofía,Cultura y deporte,organismo,105432.0,"https://www.lamoncloa.gob.es/serviciosdeprensa/cpci/Documents/Informe%202023.pdf#page=47 (Informe de Publicidad y Comunicación Institucional 2023, capítulo «Campañas comerciales no sujetas a la Ley 29/2005», pág. 47 del PDF)","Coste total de sus campañas comerciales (producción, compra de medios y evaluación), euros corrientes; el informe no dice si lleva IVA; organismo público; nombre en el informe: MUSEO NACIONAL CENTRO DE ARTE REINA SOFÍA"
2023,Hunosa,Hacienda y función pública,empresa_publica,105106.0,"https://www.lamoncloa.gob.es/serviciosdeprensa/cpci/Documents/Informe%202023.pdf#page=46 (Informe de Publicidad y Comunicación Institucional 2023, capítulo «Campañas comerciales no sujetas a la Ley 29/2005», pág. 46 del PDF)","Coste total de sus campañas comerciales (producción, compra de medios y evaluación), euros corrientes; el informe no dice si lleva IVA; Grupo SEPI; nombre en el informe: GRUPO HUNOSA (SEPI)"
2023,Puertos del Estado,"Transportes, movilidad y agenda urbana",empresa_publica,92206.0,"https://www.lamoncloa.gob.es/serviciosdeprensa/cpci/Documents/Informe%202023.pdf#page=47 (Informe de Publicidad y Comunicación Institucional 2023, capítulo «Campañas comerciales no sujetas a la Ley 29/2005», pág. 47 del PDF)","Coste total de sus campañas comerciales (producción, compra de medios y evaluación), euros corrientes; el informe no dice si lleva IVA; organismo público portuario que actúa en el mercado"
2023,ENUSA,Hacienda y función pública,empresa_publica,64982.0,"https://www.lamoncloa.gob.es/serviciosdeprensa/cpci/Documents/Informe%202023.pdf#page=46 (Informe de Publicidad y Comunicación Institucional 2023, capítulo «Campañas comerciales no sujetas a la Ley 29/2005», pág. 46 del PDF)","Coste total de sus campañas comerciales (producción, compra de medios y evaluación), euros corrientes; el informe no dice si lleva IVA; Grupo SEPI; nombre en el informe: ENUSA INDUSTRIAS AVANZADAS, S.A. (SEPI)"
2023,INECO,"Transportes, movilidad y agenda urbana",empresa_publica,60379.0,"https://www.lamoncloa.gob.es/serviciosdeprensa/cpci/Documents/Informe%202023.pdf#page=47 (Informe de Publicidad y Comunicación Institucional 2023, capítulo «Campañas comerciales no sujetas a la Ley 29/2005», pág. 47 del PDF)","Coste total de sus campañas comerciales (producción, compra de medios y evaluación), euros corrientes; el informe no dice si lleva IVA; sociedad mercantil estatal; nombre en el informe: INGENIERÍA Y ECONOMÍA DEL TRANSPORTE, S.A. (INECO)"
2023,DG de Patrimonio Cultural y Bellas Artes,Cultura y deporte,organismo,29809.0,"https://www.lamoncloa.gob.es/serviciosdeprensa/cpci/Documents/Informe%202023.pdf#page=47 (Informe de Publicidad y Comunicación Institucional 2023, capítulo «Campañas comerciales no sujetas a la Ley 29/2005», pág. 47 del PDF)","Coste total de sus campañas comerciales (producción, compra de medios y evaluación), euros corrientes; el informe no dice si lleva IVA; ministerio; nombre en el informe: DIRECCIÓN GENERAL DE PATRIMONIO CULTURAL Y BELLAS ARTES"
2023,CETARSA,Hacienda y función pública,empresa_publica,26257.0,"https://www.lamoncloa.gob.es/serviciosdeprensa/cpci/Documents/Informe%202023.pdf#page=46 (Informe de Publicidad y Comunicación Institucional 2023, capítulo «Campañas comerciales no sujetas a la Ley 29/2005», pág. 46 del PDF)","Coste total de sus campañas comerciales (producción, compra de medios y evaluación), euros corrientes; el informe no dice si lleva IVA; Grupo SEPI; nombre en el informe: COMPAÑÍA ESPAÑOLA DE TABACO EN RAMA, S.A. (CETARSA - SEPI)"
2023,Fundación CIUDEN,Transición ecológica y el reto demográfico,organismo,13523.0,"https://www.lamoncloa.gob.es/serviciosdeprensa/cpci/Documents/Informe%202023.pdf#page=47 (Informe de Publicidad y Comunicación Institucional 2023, capítulo «Campañas comerciales no sujetas a la Ley 29/2005», pág. 47 del PDF)","Coste total de sus campañas comerciales (producción, compra de medios y evaluación), euros corrientes; el informe no dice si lleva IVA; fundación del sector público; nombre en el informe: FUNDACIÓN CIUDAD DE LA ENERGÍA - CIUDEN, F.S.P."
2023,SEPIDES,Hacienda y función pública,empresa_publica,12841.0,"https://www.lamoncloa.gob.es/serviciosdeprensa/cpci/Documents/Informe%202023.pdf#page=46 (Informe de Publicidad y Comunicación Institucional 2023, capítulo «Campañas comerciales no sujetas a la Ley 29/2005», pág. 46 del PDF)","Coste total de sus campañas comerciales (producción, compra de medios y evaluación), euros corrientes; el informe no dice si lleva IVA; Grupo SEPI; nombre en el informe: SEPI DESARROLLO EMPRESARIAL, S.A. (SEPIDES)"
2023,UIMP,Universidades,organismo,9084.0,"https://www.lamoncloa.gob.es/serviciosdeprensa/cpci/Documents/Informe%202023.pdf#page=47 (Informe de Publicidad y Comunicación Institucional 2023, capítulo «Campañas comerciales no sujetas a la Ley 29/2005», pág. 47 del PDF)","Coste total de sus campañas comerciales (producción, compra de medios y evaluación), euros corrientes; el informe no dice si lleva IVA; universidad pública; nombre en el informe: UNIVERSIDAD INTERNACIONAL MENÉNDEZ- PELAYO (UIMP)"
2023,CNIG,"Transportes, movilidad y agenda urbana",organismo,8628.0,"https://www.lamoncloa.gob.es/serviciosdeprensa/cpci/Documents/Informe%202023.pdf#page=47 (Informe de Publicidad y Comunicación Institucional 2023, capítulo «Campañas comerciales no sujetas a la Ley 29/2005», pág. 47 del PDF)","Coste total de sus campañas comerciales (producción, compra de medios y evaluación), euros corrientes; el informe no dice si lleva IVA; organismo autónomo; nombre en el informe: CENTRO NACIONAL DE INFORMACIÓN GEOGRÁFICA (CNIG)"
2023,MAYASA (Minas de Almadén),Hacienda y función pública,empresa_publica,6028.0,"https://www.lamoncloa.gob.es/serviciosdeprensa/cpci/Documents/Informe%202023.pdf#page=46 (Informe de Publicidad y Comunicación Institucional 2023, capítulo «Campañas comerciales no sujetas a la Ley 29/2005», pág. 46 del PDF)","Coste total de sus campañas comerciales (producción, compra de medios y evaluación), euros corrientes; el informe no dice si lleva IVA; Grupo SEPI; nombre en el informe: MINAS DE ALMADÉN Y ARRAYANES, S.A. (MAYASA - SEPI)"
2023,BOE (Agencia Estatal),"Presidencia, relaciones con las cortes y memoria democrática",organismo,5244.0,"https://www.lamoncloa.gob.es/serviciosdeprensa/cpci/Documents/Informe%202023.pdf#page=46 (Informe de Publicidad y Comunicación Institucional 2023, capítulo «Campañas comerciales no sujetas a la Ley 29/2005», pág. 46 del PDF)","Coste total de sus campañas comerciales (producción, compra de medios y evaluación), euros corrientes; el informe no dice si lleva IVA; agencia estatal; nombre en el informe: BOLETÍN OFICIAL DEL ESTADO"
2023,Fundación SEPI,Hacienda y función pública,organismo,3630.0,"https://www.lamoncloa.gob.es/serviciosdeprensa/cpci/Documents/Informe%202023.pdf#page=46 (Informe de Publicidad y Comunicación Institucional 2023, capítulo «Campañas comerciales no sujetas a la Ley 29/2005», pág. 46 del PDF)","Coste total de sus campañas comerciales (producción, compra de medios y evaluación), euros corrientes; el informe no dice si lleva IVA; Grupo SEPI; fundación del sector público"
2023,SAECA,Hacienda y función pública,empresa_publica,3328.0,"https://www.lamoncloa.gob.es/serviciosdeprensa/cpci/Documents/Informe%202023.pdf#page=46 (Informe de Publicidad y Comunicación Institucional 2023, capítulo «Campañas comerciales no sujetas a la Ley 29/2005», pág. 46 del PDF)","Coste total de sus campañas comerciales (producción, compra de medios y evaluación), euros corrientes; el informe no dice si lleva IVA; Grupo SEPI; nombre en el informe: SOCIEDAD ANÓNIMA ESTATAL DE CAUCIÓN AGRARIA (SAECA - SEPI)"
2023,Expasa,"Agricultura, pesca y alimentación",empresa_publica,3001.0,"https://www.lamoncloa.gob.es/serviciosdeprensa/cpci/Documents/Informe%202023.pdf#page=47 (Informe de Publicidad y Comunicación Institucional 2023, capítulo «Campañas comerciales no sujetas a la Ley 29/2005», pág. 47 del PDF)","Coste total de sus campañas comerciales (producción, compra de medios y evaluación), euros corrientes; el informe no dice si lleva IVA; Grupo Patrimonio; nombre en el informe: EXPASA AGRICULTURA Y GANADERÍA S.M.E., S.A. (GRUPO PATRIMONIO)"
2023,ENSA Equipos Nucleares,Hacienda y función pública,empresa_publica,2500.0,"https://www.lamoncloa.gob.es/serviciosdeprensa/cpci/Documents/Informe%202023.pdf#page=46 (Informe de Publicidad y Comunicación Institucional 2023, capítulo «Campañas comerciales no sujetas a la Ley 29/2005», pág. 46 del PDF)","Coste total de sus campañas comerciales (producción, compra de medios y evaluación), euros corrientes; el informe no dice si lleva IVA; Grupo SEPI; nombre en el informe: ENSA EQUIPOS NUCLEARES, S.A. (SEPI)"
2024,SELAE (Loterías y Apuestas del Estado),Hacienda,empresa_publica,38911483.0,"https://www.lamoncloa.gob.es/serviciosdeprensa/cpci/Documents/Informe-2024.pdf#page=40 (Informe de Publicidad y Comunicación Institucional 2024, capítulo «Campañas comerciales no sujetas a la Ley 29/2005», pág. 40 del PDF)","Coste total de sus campañas comerciales (producción, compra de medios y evaluación), euros corrientes; el informe no dice si lleva IVA; Grupo Patrimonio; nombre en el informe: SOCIEDAD ESTATAL DE LOTERÍAS Y APUESTAS DEL ESTADO, S.A. (GRUPO PATRIMONIO)"
2024,AENA,Transportes y movilidad sostenible,empresa_publica,15668684.0,"https://www.lamoncloa.gob.es/serviciosdeprensa/cpci/Documents/Informe-2024.pdf#page=41 (Informe de Publicidad y Comunicación Institucional 2024, capítulo «Campañas comerciales no sujetas a la Ley 29/2005», pág. 41 del PDF)","Coste total de sus campañas comerciales (producción, compra de medios y evaluación), euros corrientes; el informe no dice si lleva IVA; participada al 51 % por ENAIRE; cotiza en bolsa; nombre en el informe: AENA SME, S.A."
2024,Turespaña,Industria y turismo,organismo,7769322.0,"https://www.lamoncloa.gob.es/serviciosdeprensa/cpci/Documents/Informe-2024.pdf#page=41 (Informe de Publicidad y Comunicación Institucional 2024, capítulo «Campañas comerciales no sujetas a la Ley 29/2005», pág. 41 del PDF)","Coste total de sus campañas comerciales (producción, compra de medios y evaluación), euros corrientes; el informe no dice si lleva IVA; organismo autónomo; nombre en el informe: INSTITUTO DE TURISMO DE ESPAÑA (TURESPAÑA)"
2024,Correos,Hacienda,empresa_publica,6658874.0,"https://www.lamoncloa.gob.es/serviciosdeprensa/cpci/Documents/Informe-2024.pdf#page=40 (Informe de Publicidad y Comunicación Institucional 2024, capítulo «Campañas comerciales no sujetas a la Ley 29/2005», pág. 40 del PDF)","Coste total de sus campañas comerciales (producción, compra de medios y evaluación), euros corrientes; el informe no dice si lleva IVA; Grupo SEPI; nombre en el informe: SOCIEDAD ESTATAL CORREOS Y TELÉGRAFOS, S.A. (SEPI)"
2024,Renfe,Transportes y movilidad sostenible,empresa_publica,4786714.0,"https://www.lamoncloa.gob.es/serviciosdeprensa/cpci/Documents/Informe-2024.pdf#page=41 (Informe de Publicidad y Comunicación Institucional 2024, capítulo «Campañas comerciales no sujetas a la Ley 29/2005», pág. 41 del PDF)","Coste total de sus campañas comerciales (producción, compra de medios y evaluación), euros corrientes; el informe no dice si lleva IVA; Renfe-Operadora y Renfe Viajeros; caída verificada releyendo el PDF: desde 2024 el cuadro solo recoge campañas corporativas, de información por obras y algunas iniciativas comerciales de Renfe Operadora; ya no aparece la partida «Campañas comerciales y de imagen» de Renfe Viajeros (27,5 M€ en 2022); nombre en el informe: RENFE OPERADORA"
2024,Paradores,Industria y turismo,empresa_publica,3167674.0,"https://www.lamoncloa.gob.es/serviciosdeprensa/cpci/Documents/Informe-2024.pdf#page=41 (Informe de Publicidad y Comunicación Institucional 2024, capítulo «Campañas comerciales no sujetas a la Ley 29/2005», pág. 41 del PDF)","Coste total de sus campañas comerciales (producción, compra de medios y evaluación), euros corrientes; el informe no dice si lleva IVA; Grupo Patrimonio; nombre en el informe: PARADORES DE TURISMO DE ESPAÑA (GRUPO PATRIMONIO)"
2024,EOI (Escuela de Organización Industrial),Industria y turismo,organismo,2955915.0,"https://www.lamoncloa.gob.es/serviciosdeprensa/cpci/Documents/Informe-2024.pdf#page=41 (Informe de Publicidad y Comunicación Institucional 2024, capítulo «Campañas comerciales no sujetas a la Ley 29/2005», pág. 41 del PDF)","Coste total de sus campañas comerciales (producción, compra de medios y evaluación), euros corrientes; el informe no dice si lleva IVA; fundación del sector público; nombre en el informe: ESCUELA DE ORGANIZACIÓN INDUSTRIAL (EOI)"
2024,Corporación RTVE,Hacienda,rtve,2261004.0,"https://www.lamoncloa.gob.es/serviciosdeprensa/cpci/Documents/Informe-2024.pdf#page=40 (Informe de Publicidad y Comunicación Institucional 2024, capítulo «Campañas comerciales no sujetas a la Ley 29/2005», pág. 40 del PDF)","Coste total de sus campañas comerciales (producción, compra de medios y evaluación), euros corrientes; el informe no dice si lleva IVA; Grupo SEPI; ya va en el bloque de televisión pública; nombre en el informe: CORPORACIÓN RTVE (SEPI)"
2024,ICO (Instituto de Crédito Oficial),"Economía, comercio y empresa",empresa_publica,1918863.0,"https://www.lamoncloa.gob.es/serviciosdeprensa/cpci/Documents/Informe-2024.pdf#page=41 (Informe de Publicidad y Comunicación Institucional 2024, capítulo «Campañas comerciales no sujetas a la Ley 29/2005», pág. 41 del PDF)","Coste total de sus campañas comerciales (producción, compra de medios y evaluación), euros corrientes; el informe no dice si lleva IVA; entidad pública empresarial; nombre en el informe: INSTITUTO DE CRÉDITO OFICIAL (ICO)"
2024,INAEM,Cultura,organismo,1580504.0,"https://www.lamoncloa.gob.es/serviciosdeprensa/cpci/Documents/Informe-2024.pdf#page=41 (Informe de Publicidad y Comunicación Institucional 2024, capítulo «Campañas comerciales no sujetas a la Ley 29/2005», pág. 41 del PDF)","Coste total de sus campañas comerciales (producción, compra de medios y evaluación), euros corrientes; el informe no dice si lleva IVA; organismo autónomo; nombre en el informe: INSTITUTO NACIONAL DE LAS ARTES ESCÉNICAS Y DE LA MÚSICA (INAEM)"
2024,Museo del Prado,Cultura,organismo,619534.0,"https://www.lamoncloa.gob.es/serviciosdeprensa/cpci/Documents/Informe-2024.pdf#page=41 (Informe de Publicidad y Comunicación Institucional 2024, capítulo «Campañas comerciales no sujetas a la Ley 29/2005», pág. 41 del PDF)","Coste total de sus campañas comerciales (producción, compra de medios y evaluación), euros corrientes; el informe no dice si lleva IVA; organismo público; nombre en el informe: MUSEO NACIONAL DEL PRADO"
2024,Navantia,Hacienda,empresa_publica,468090.0,"https://www.lamoncloa.gob.es/serviciosdeprensa/cpci/Documents/Informe-2024.pdf#page=40 (Informe de Publicidad y Comunicación Institucional 2024, capítulo «Campañas comerciales no sujetas a la Ley 29/2005», pág. 40 del PDF)","Coste total de sus campañas comerciales (producción, compra de medios y evaluación), euros corrientes; el informe no dice si lleva IVA; Grupo SEPI; nombre en el informe: NAVANTIA (SEPI)"
2024,FNMT-RCM,Hacienda,empresa_publica,459709.0,"https://www.lamoncloa.gob.es/serviciosdeprensa/cpci/Documents/Informe-2024.pdf#page=40 (Informe de Publicidad y Comunicación Institucional 2024, capítulo «Campañas comerciales no sujetas a la Ley 29/2005», pág. 40 del PDF)","Coste total de sus campañas comerciales (producción, compra de medios y evaluación), euros corrientes; el informe no dice si lleva IVA; entidad pública empresarial; nombre en el informe: FÁBRICA NACIONAL DE MONEDA Y TIMBRE-REAL CASA DE LA MONEDA"
2024,UNED,"Ciencia, innovación y universidades",organismo,260150.0,"https://www.lamoncloa.gob.es/serviciosdeprensa/cpci/Documents/Informe-2024.pdf#page=42 (Informe de Publicidad y Comunicación Institucional 2024, capítulo «Campañas comerciales no sujetas a la Ley 29/2005», pág. 42 del PDF)","Coste total de sus campañas comerciales (producción, compra de medios y evaluación), euros corrientes; el informe no dice si lleva IVA; universidad pública; nombre en el informe: UNIVERSIDAD NACIONAL DE EDUCACIÓN A DISTANCIA (UNED)"
2024,Hipódromo de la Zarzuela,Hacienda,empresa_publica,173011.0,"https://www.lamoncloa.gob.es/serviciosdeprensa/cpci/Documents/Informe-2024.pdf#page=40 (Informe de Publicidad y Comunicación Institucional 2024, capítulo «Campañas comerciales no sujetas a la Ley 29/2005», pág. 40 del PDF)","Coste total de sus campañas comerciales (producción, compra de medios y evaluación), euros corrientes; el informe no dice si lleva IVA; Grupo SEPI; nombre en el informe: HIPÓDROMO DE LA ZARZUELA (SEPI)"
2024,Tragsa,Hacienda,empresa_publica,126138.0,"https://www.lamoncloa.gob.es/serviciosdeprensa/cpci/Documents/Informe-2024.pdf#page=40 (Informe de Publicidad y Comunicación Institucional 2024, capítulo «Campañas comerciales no sujetas a la Ley 29/2005», pág. 40 del PDF)","Coste total de sus campañas comerciales (producción, compra de medios y evaluación), euros corrientes; el informe no dice si lleva IVA; Grupo SEPI; nombre en el informe: TRAGSA (SEPI)"
2024,Hunosa,Hacienda,empresa_publica,110241.0,"https://www.lamoncloa.gob.es/serviciosdeprensa/cpci/Documents/Informe-2024.pdf#page=40 (Informe de Publicidad y Comunicación Institucional 2024, capítulo «Campañas comerciales no sujetas a la Ley 29/2005», pág. 40 del PDF)","Coste total de sus campañas comerciales (producción, compra de medios y evaluación), euros corrientes; el informe no dice si lleva IVA; Grupo SEPI; nombre en el informe: GRUPO HUNOSA (SEPI)"
2024,CESCE,"Economía, comercio y empresa",empresa_publica,101722.0,"https://www.lamoncloa.gob.es/serviciosdeprensa/cpci/Documents/Informe-2024.pdf#page=41 (Informe de Publicidad y Comunicación Institucional 2024, capítulo «Campañas comerciales no sujetas a la Ley 29/2005», pág. 41 del PDF)","Coste total de sus campañas comerciales (producción, compra de medios y evaluación), euros corrientes; el informe no dice si lleva IVA; Grupo Patrimonio; nombre en el informe: CESCE (GRUPO PATRIMONIO)"
2024,Puertos del Estado,Transportes y movilidad sostenible,empresa_publica,81361.0,"https://www.lamoncloa.gob.es/serviciosdeprensa/cpci/Documents/Informe-2024.pdf#page=41 (Informe de Publicidad y Comunicación Institucional 2024, capítulo «Campañas comerciales no sujetas a la Ley 29/2005», pág. 41 del PDF)","Coste total de sus campañas comerciales (producción, compra de medios y evaluación), euros corrientes; el informe no dice si lleva IVA; organismo público portuario que actúa en el mercado"
2024,Museo Reina Sofía,Cultura,organismo,74083.0,"https://www.lamoncloa.gob.es/serviciosdeprensa/cpci/Documents/Informe-2024.pdf#page=41 (Informe de Publicidad y Comunicación Institucional 2024, capítulo «Campañas comerciales no sujetas a la Ley 29/2005», pág. 41 del PDF)","Coste total de sus campañas comerciales (producción, compra de medios y evaluación), euros corrientes; el informe no dice si lleva IVA; organismo público; nombre en el informe: MUSEO NACIONAL CENTRO DE ARTE REINA SOFÍA"
2024,ENAIRE,Transportes y movilidad sostenible,empresa_publica,63089.0,"https://www.lamoncloa.gob.es/serviciosdeprensa/cpci/Documents/Informe-2024.pdf#page=41 (Informe de Publicidad y Comunicación Institucional 2024, capítulo «Campañas comerciales no sujetas a la Ley 29/2005», pág. 41 del PDF)","Coste total de sus campañas comerciales (producción, compra de medios y evaluación), euros corrientes; el informe no dice si lleva IVA; entidad pública empresarial"
2024,ENUSA,Hacienda,empresa_publica,62484.0,"https://www.lamoncloa.gob.es/serviciosdeprensa/cpci/Documents/Informe-2024.pdf#page=40 (Informe de Publicidad y Comunicación Institucional 2024, capítulo «Campañas comerciales no sujetas a la Ley 29/2005», pág. 40 del PDF)","Coste total de sus campañas comerciales (producción, compra de medios y evaluación), euros corrientes; el informe no dice si lleva IVA; Grupo SEPI; nombre en el informe: ENUSA INDUSTRIAS AVANZADAS, S.A. (SEPI)"
2024,UIMP,"Ciencia, innovación y universidades",organismo,55478.0,"https://www.lamoncloa.gob.es/serviciosdeprensa/cpci/Documents/Informe-2024.pdf#page=42 (Informe de Publicidad y Comunicación Institucional 2024, capítulo «Campañas comerciales no sujetas a la Ley 29/2005», pág. 42 del PDF)","Coste total de sus campañas comerciales (producción, compra de medios y evaluación), euros corrientes; el informe no dice si lleva IVA; universidad pública; nombre en el informe: UNIVERSIDAD INTERNACIONAL MENÉNDEZ-PELAYO (UIMP)"
2024,Fundación CIUDEN,Transición ecológica y el reto demográfico,organismo,55378.0,"https://www.lamoncloa.gob.es/serviciosdeprensa/cpci/Documents/Informe-2024.pdf#page=41 (Informe de Publicidad y Comunicación Institucional 2024, capítulo «Campañas comerciales no sujetas a la Ley 29/2005», pág. 41 del PDF)","Coste total de sus campañas comerciales (producción, compra de medios y evaluación), euros corrientes; el informe no dice si lleva IVA; fundación del sector público; nombre en el informe: FUNDACIÓN CIUDAD DE LA ENERGÍA - CIUDEN, F.S.P."
2024,INECO,Transportes y movilidad sostenible,empresa_publica,41860.0,"https://www.lamoncloa.gob.es/serviciosdeprensa/cpci/Documents/Informe-2024.pdf#page=41 (Informe de Publicidad y Comunicación Institucional 2024, capítulo «Campañas comerciales no sujetas a la Ley 29/2005», pág. 41 del PDF)","Coste total de sus campañas comerciales (producción, compra de medios y evaluación), euros corrientes; el informe no dice si lleva IVA; sociedad mercantil estatal; nombre en el informe: INGENIERÍA Y ECONOMÍA DEL TRANSPORTE, S.A. (INECO)"
2024,CETARSA,Hacienda,empresa_publica,38453.0,"https://www.lamoncloa.gob.es/serviciosdeprensa/cpci/Documents/Informe-2024.pdf#page=40 (Informe de Publicidad y Comunicación Institucional 2024, capítulo «Campañas comerciales no sujetas a la Ley 29/2005», pág. 40 del PDF)","Coste total de sus campañas comerciales (producción, compra de medios y evaluación), euros corrientes; el informe no dice si lleva IVA; Grupo SEPI; nombre en el informe: COMPAÑÍA ESPAÑOLA DE TABACO EN RAMA, S.A. (CETARSA - SEPI)"
2024,Expasa,"Agricultura, pesca y alimentación",empresa_publica,32455.0,"https://www.lamoncloa.gob.es/serviciosdeprensa/cpci/Documents/Informe-2024.pdf#page=41 (Informe de Publicidad y Comunicación Institucional 2024, capítulo «Campañas comerciales no sujetas a la Ley 29/2005», pág. 41 del PDF)","Coste total de sus campañas comerciales (producción, compra de medios y evaluación), euros corrientes; el informe no dice si lleva IVA; Grupo Patrimonio; nombre en el informe: EXPASA AGRICULTURA Y GANADERÍA S.M.E., S.A. (GRUPO PATRIMONIO)"
2024,Fundación SEPI,Hacienda,organismo,15536.0,"https://www.lamoncloa.gob.es/serviciosdeprensa/cpci/Documents/Informe-2024.pdf#page=40 (Informe de Publicidad y Comunicación Institucional 2024, capítulo «Campañas comerciales no sujetas a la Ley 29/2005», pág. 40 del PDF)","Coste total de sus campañas comerciales (producción, compra de medios y evaluación), euros corrientes; el informe no dice si lleva IVA; Grupo SEPI; fundación del sector público"
2024,MAYASA (Minas de Almadén),Hacienda,empresa_publica,10213.0,"https://www.lamoncloa.gob.es/serviciosdeprensa/cpci/Documents/Informe-2024.pdf#page=40 (Informe de Publicidad y Comunicación Institucional 2024, capítulo «Campañas comerciales no sujetas a la Ley 29/2005», pág. 40 del PDF)","Coste total de sus campañas comerciales (producción, compra de medios y evaluación), euros corrientes; el informe no dice si lleva IVA; Grupo SEPI; nombre en el informe: MINAS DE ALMADÉN Y ARRAYANES, S.A. (MAYASA - SEPI)"
2024,CNIG,Transportes y movilidad sostenible,organismo,8428.0,"https://www.lamoncloa.gob.es/serviciosdeprensa/cpci/Documents/Informe-2024.pdf#page=41 (Informe de Publicidad y Comunicación Institucional 2024, capítulo «Campañas comerciales no sujetas a la Ley 29/2005», pág. 41 del PDF)","Coste total de sus campañas comerciales (producción, compra de medios y evaluación), euros corrientes; el informe no dice si lleva IVA; organismo autónomo; nombre en el informe: CENTRO NACIONAL DE INFORMACIÓN GEOGRÁFICA (CNIG)"
2024,BOE (Agencia Estatal),"Presidencia, relaciones con las cortes y memoria democrática",organismo,4245.0,"https://www.lamoncloa.gob.es/serviciosdeprensa/cpci/Documents/Informe-2024.pdf#page=40 (Informe de Publicidad y Comunicación Institucional 2024, capítulo «Campañas comerciales no sujetas a la Ley 29/2005», pág. 40 del PDF)","Coste total de sus campañas comerciales (producción, compra de medios y evaluación), euros corrientes; el informe no dice si lleva IVA; agencia estatal; nombre en el informe: BOLETÍN OFICIAL DEL ESTADO"
2024,ENSA Equipos Nucleares,Hacienda,empresa_publica,3000.0,"https://www.lamoncloa.gob.es/serviciosdeprensa/cpci/Documents/Informe-2024.pdf#page=40 (Informe de Publicidad y Comunicación Institucional 2024, capítulo «Campañas comerciales no sujetas a la Ley 29/2005», pág. 40 del PDF)","Coste total de sus campañas comerciales (producción, compra de medios y evaluación), euros corrientes; el informe no dice si lleva IVA; Grupo SEPI; nombre en el informe: ENSA EQUIPOS NUCLEARES, S.A. (SEPI)"
2024,SAECA,Hacienda,empresa_publica,1597.0,"https://www.lamoncloa.gob.es/serviciosdeprensa/cpci/Documents/Informe-2024.pdf#page=40 (Informe de Publicidad y Comunicación Institucional 2024, capítulo «Campañas comerciales no sujetas a la Ley 29/2005», pág. 40 del PDF)","Coste total de sus campañas comerciales (producción, compra de medios y evaluación), euros corrientes; el informe no dice si lleva IVA; Grupo SEPI; nombre en el informe: SOCIEDAD ANÓNIMA ESTATAL DE CAUCIÓN AGRARIA (SAECA - SEPI)"
2025,SELAE (Loterías y Apuestas del Estado),Hacienda,empresa_publica,42052603.0,"https://www.lamoncloa.gob.es/serviciosdeprensa/cpci/Documents/Informe%202025.pdf#page=38 (Informe de Publicidad y Comunicación Institucional 2025, capítulo «Campañas comerciales no sujetas a la Ley 29/2005», pág. 38 del PDF)","Coste total de sus campañas comerciales (producción, compra de medios y evaluación), euros corrientes; el informe no dice si lleva IVA; Grupo Patrimonio; nombre en el informe: SOCIEDAD ESTATAL DE LOTERÍAS Y APUESTAS DEL ESTADO, S.A. (GRUPO PATRIMONIO)"
2025,AENA,Transportes y movilidad sostenible,empresa_publica,14152404.0,"https://www.lamoncloa.gob.es/serviciosdeprensa/cpci/Documents/Informe%202025.pdf#page=38 (Informe de Publicidad y Comunicación Institucional 2025, capítulo «Campañas comerciales no sujetas a la Ley 29/2005», pág. 38 del PDF)","Coste total de sus campañas comerciales (producción, compra de medios y evaluación), euros corrientes; el informe no dice si lleva IVA; participada al 51 % por ENAIRE; cotiza en bolsa; nombre en el informe: AENA SME, S.A."
2025,Correos,Hacienda,empresa_publica,7799837.0,"https://www.lamoncloa.gob.es/serviciosdeprensa/cpci/Documents/Informe%202025.pdf#page=38 (Informe de Publicidad y Comunicación Institucional 2025, capítulo «Campañas comerciales no sujetas a la Ley 29/2005», pág. 38 del PDF)","Coste total de sus campañas comerciales (producción, compra de medios y evaluación), euros corrientes; el informe no dice si lleva IVA; Grupo SEPI; nombre en el informe: SOCIEDAD ESTATAL CORREOS Y TELÉGRAFOS, S.A. (SEPI)"
2025,Paradores,Industria y turismo,empresa_publica,4061083.0,"https://www.lamoncloa.gob.es/serviciosdeprensa/cpci/Documents/Informe%202025.pdf#page=39 (Informe de Publicidad y Comunicación Institucional 2025, capítulo «Campañas comerciales no sujetas a la Ley 29/2005», pág. 39 del PDF)","Coste total de sus campañas comerciales (producción, compra de medios y evaluación), euros corrientes; el informe no dice si lleva IVA; Grupo Patrimonio; nombre en el informe: PARADORES DE TURISMO DE ESPAÑA (GRUPO PATRIMONIO)"
2025,Renfe,Transportes y movilidad sostenible,empresa_publica,2829705.0,"https://www.lamoncloa.gob.es/serviciosdeprensa/cpci/Documents/Informe%202025.pdf#page=38 (Informe de Publicidad y Comunicación Institucional 2025, capítulo «Campañas comerciales no sujetas a la Ley 29/2005», pág. 38 del PDF)","Coste total de sus campañas comerciales (producción, compra de medios y evaluación), euros corrientes; el informe no dice si lleva IVA; Renfe-Operadora y Renfe Viajeros; caída verificada releyendo el PDF: desde 2024 el cuadro solo recoge campañas corporativas, de información por obras y algunas iniciativas comerciales de Renfe Operadora; ya no aparece la partida «Campañas comerciales y de imagen» de Renfe Viajeros (27,5 M€ en 2022); nombre en el informe: RENFE OPERADORA"
2025,ICO (Instituto de Crédito Oficial),"Economía, comercio y empresa",empresa_publica,2746026.0,"https://www.lamoncloa.gob.es/serviciosdeprensa/cpci/Documents/Informe%202025.pdf#page=39 (Informe de Publicidad y Comunicación Institucional 2025, capítulo «Campañas comerciales no sujetas a la Ley 29/2005», pág. 39 del PDF)","Coste total de sus campañas comerciales (producción, compra de medios y evaluación), euros corrientes; el informe no dice si lleva IVA; entidad pública empresarial; nombre en el informe: INSTITUTO DE CRÉDITO OFICIAL (ICO)"
2025,Corporación RTVE,Hacienda,rtve,2446616.0,"https://www.lamoncloa.gob.es/serviciosdeprensa/cpci/Documents/Informe%202025.pdf#page=38 (Informe de Publicidad y Comunicación Institucional 2025, capítulo «Campañas comerciales no sujetas a la Ley 29/2005», pág. 38 del PDF)","Coste total de sus campañas comerciales (producción, compra de medios y evaluación), euros corrientes; el informe no dice si lleva IVA; Grupo SEPI; ya va en el bloque de televisión pública; nombre en el informe: CORPORACIÓN RTVE (SEPI)"
2025,Turespaña,Industria y turismo,organismo,1838600.0,"https://www.lamoncloa.gob.es/serviciosdeprensa/cpci/Documents/Informe%202025.pdf#page=39 (Informe de Publicidad y Comunicación Institucional 2025, capítulo «Campañas comerciales no sujetas a la Ley 29/2005», pág. 39 del PDF)","Coste total de sus campañas comerciales (producción, compra de medios y evaluación), euros corrientes; el informe no dice si lleva IVA; organismo autónomo; nombre en el informe: INSTITUTO DE TURISMO DE ESPAÑA (TURESPAÑA)"
2025,EOI (Escuela de Organización Industrial),Industria y turismo,organismo,1518676.0,"https://www.lamoncloa.gob.es/serviciosdeprensa/cpci/Documents/Informe%202025.pdf#page=39 (Informe de Publicidad y Comunicación Institucional 2025, capítulo «Campañas comerciales no sujetas a la Ley 29/2005», pág. 39 del PDF)","Coste total de sus campañas comerciales (producción, compra de medios y evaluación), euros corrientes; el informe no dice si lleva IVA; fundación del sector público; nombre en el informe: ESCUELA DE ORGANIZACIÓN INDUSTRIAL (EOI)"
2025,INAEM,Cultura,organismo,1517045.0,"https://www.lamoncloa.gob.es/serviciosdeprensa/cpci/Documents/Informe%202025.pdf#page=39 (Informe de Publicidad y Comunicación Institucional 2025, capítulo «Campañas comerciales no sujetas a la Ley 29/2005», pág. 39 del PDF)","Coste total de sus campañas comerciales (producción, compra de medios y evaluación), euros corrientes; el informe no dice si lleva IVA; organismo autónomo; nombre en el informe: INSTITUTO NACIONAL DE LAS ARTES ESCÉNICAS Y DE LA MÚSICA (INAEM)"
2025,Museo del Prado,Cultura,organismo,650962.0,"https://www.lamoncloa.gob.es/serviciosdeprensa/cpci/Documents/Informe%202025.pdf#page=39 (Informe de Publicidad y Comunicación Institucional 2025, capítulo «Campañas comerciales no sujetas a la Ley 29/2005», pág. 39 del PDF)","Coste total de sus campañas comerciales (producción, compra de medios y evaluación), euros corrientes; el informe no dice si lleva IVA; organismo público; nombre en el informe: MUSEO NACIONAL DEL PRADO"
2025,Navantia,Hacienda,empresa_publica,439783.0,"https://www.lamoncloa.gob.es/serviciosdeprensa/cpci/Documents/Informe%202025.pdf#page=38 (Informe de Publicidad y Comunicación Institucional 2025, capítulo «Campañas comerciales no sujetas a la Ley 29/2005», pág. 38 del PDF)","Coste total de sus campañas comerciales (producción, compra de medios y evaluación), euros corrientes; el informe no dice si lleva IVA; Grupo SEPI; nombre en el informe: NAVANTIA (SEPI)"
2025,FNMT-RCM,Hacienda,empresa_publica,328944.0,"https://www.lamoncloa.gob.es/serviciosdeprensa/cpci/Documents/Informe%202025.pdf#page=38 (Informe de Publicidad y Comunicación Institucional 2025, capítulo «Campañas comerciales no sujetas a la Ley 29/2005», pág. 38 del PDF)","Coste total de sus campañas comerciales (producción, compra de medios y evaluación), euros corrientes; el informe no dice si lleva IVA; entidad pública empresarial; nombre en el informe: FÁBRICA NACIONAL DE MONEDA Y TIMBRE- REAL CASA DE LA MONEDA"
2025,UNED,"Ciencia, innovación y universidades",organismo,242000.0,"https://www.lamoncloa.gob.es/serviciosdeprensa/cpci/Documents/Informe%202025.pdf#page=39 (Informe de Publicidad y Comunicación Institucional 2025, capítulo «Campañas comerciales no sujetas a la Ley 29/2005», pág. 39 del PDF)","Coste total de sus campañas comerciales (producción, compra de medios y evaluación), euros corrientes; el informe no dice si lleva IVA; universidad pública; nombre en el informe: UNIVERSIDAD NACIONAL DE EDUCACIÓN A DISTANCIA (UNED)"
2025,Tragsa,Hacienda,empresa_publica,211152.0,"https://www.lamoncloa.gob.es/serviciosdeprensa/cpci/Documents/Informe%202025.pdf#page=38 (Informe de Publicidad y Comunicación Institucional 2025, capítulo «Campañas comerciales no sujetas a la Ley 29/2005», pág. 38 del PDF)","Coste total de sus campañas comerciales (producción, compra de medios y evaluación), euros corrientes; el informe no dice si lleva IVA; Grupo SEPI; nombre en el informe: TRAGSA (SEPI)"
2025,ICEX,"Economía, comercio y empresa",empresa_publica,210944.0,"https://www.lamoncloa.gob.es/serviciosdeprensa/cpci/Documents/Informe%202025.pdf#page=39 (Informe de Publicidad y Comunicación Institucional 2025, capítulo «Campañas comerciales no sujetas a la Ley 29/2005», pág. 39 del PDF)","Coste total de sus campañas comerciales (producción, compra de medios y evaluación), euros corrientes; el informe no dice si lleva IVA; entidad pública empresarial"
2025,CESCE,"Economía, comercio y empresa",empresa_publica,165995.0,"https://www.lamoncloa.gob.es/serviciosdeprensa/cpci/Documents/Informe%202025.pdf#page=39 (Informe de Publicidad y Comunicación Institucional 2025, capítulo «Campañas comerciales no sujetas a la Ley 29/2005», pág. 39 del PDF)","Coste total de sus campañas comerciales (producción, compra de medios y evaluación), euros corrientes; el informe no dice si lleva IVA; Grupo Patrimonio; nombre en el informe: CESCE (GRUPO PATRIMONIO)"
2025,Fundación CIUDEN,Transición ecológica y el reto demográfico,organismo,145147.0,"https://www.lamoncloa.gob.es/serviciosdeprensa/cpci/Documents/Informe%202025.pdf#page=39 (Informe de Publicidad y Comunicación Institucional 2025, capítulo «Campañas comerciales no sujetas a la Ley 29/2005», pág. 39 del PDF)","Coste total de sus campañas comerciales (producción, compra de medios y evaluación), euros corrientes; el informe no dice si lleva IVA; fundación del sector público; nombre en el informe: FUNDACIÓN CIUDAD DE LA ENERGÍA - CIUDEN, F.S.P."
2025,Hipódromo de la Zarzuela,Hacienda,empresa_publica,130766.0,"https://www.lamoncloa.gob.es/serviciosdeprensa/cpci/Documents/Informe%202025.pdf#page=38 (Informe de Publicidad y Comunicación Institucional 2025, capítulo «Campañas comerciales no sujetas a la Ley 29/2005», pág. 38 del PDF)","Coste total de sus campañas comerciales (producción, compra de medios y evaluación), euros corrientes; el informe no dice si lleva IVA; Grupo SEPI; nombre en el informe: HIPÓDROMO DE LA ZARZUELA (SEPI)"
2025,Hunosa,Hacienda,empresa_publica,92177.0,"https://www.lamoncloa.gob.es/serviciosdeprensa/cpci/Documents/Informe%202025.pdf#page=38 (Informe de Publicidad y Comunicación Institucional 2025, capítulo «Campañas comerciales no sujetas a la Ley 29/2005», pág. 38 del PDF)","Coste total de sus campañas comerciales (producción, compra de medios y evaluación), euros corrientes; el informe no dice si lleva IVA; Grupo SEPI; nombre en el informe: GRUPO HUNOSA (SEPI)"
2025,ENUSA,Hacienda,empresa_publica,78990.0,"https://www.lamoncloa.gob.es/serviciosdeprensa/cpci/Documents/Informe%202025.pdf#page=38 (Informe de Publicidad y Comunicación Institucional 2025, capítulo «Campañas comerciales no sujetas a la Ley 29/2005», pág. 38 del PDF)","Coste total de sus campañas comerciales (producción, compra de medios y evaluación), euros corrientes; el informe no dice si lleva IVA; Grupo SEPI; nombre en el informe: ENUSA INDUSTRIAS AVANZADAS, S.A. (SEPI)"
2025,Puertos del Estado,Transportes y movilidad sostenible,empresa_publica,74999.0,"https://www.lamoncloa.gob.es/serviciosdeprensa/cpci/Documents/Informe%202025.pdf#page=38 (Informe de Publicidad y Comunicación Institucional 2025, capítulo «Campañas comerciales no sujetas a la Ley 29/2005», pág. 38 del PDF)","Coste total de sus campañas comerciales (producción, compra de medios y evaluación), euros corrientes; el informe no dice si lleva IVA; organismo público portuario que actúa en el mercado"
2025,Patrimonio Nacional,"Presidencia, relaciones con las cortes y memoria democrática",organismo,71985.0,"https://www.lamoncloa.gob.es/serviciosdeprensa/cpci/Documents/Informe%202025.pdf#page=38 (Informe de Publicidad y Comunicación Institucional 2025, capítulo «Campañas comerciales no sujetas a la Ley 29/2005», pág. 38 del PDF)","Coste total de sus campañas comerciales (producción, compra de medios y evaluación), euros corrientes; el informe no dice si lleva IVA; consejo de administración del Patrimonio Nacional"
2025,ENAIRE,Transportes y movilidad sostenible,empresa_publica,57415.0,"https://www.lamoncloa.gob.es/serviciosdeprensa/cpci/Documents/Informe%202025.pdf#page=38 (Informe de Publicidad y Comunicación Institucional 2025, capítulo «Campañas comerciales no sujetas a la Ley 29/2005», pág. 38 del PDF)","Coste total de sus campañas comerciales (producción, compra de medios y evaluación), euros corrientes; el informe no dice si lleva IVA; entidad pública empresarial"
2025,INECO,Transportes y movilidad sostenible,empresa_publica,51546.0,"https://www.lamoncloa.gob.es/serviciosdeprensa/cpci/Documents/Informe%202025.pdf#page=38 (Informe de Publicidad y Comunicación Institucional 2025, capítulo «Campañas comerciales no sujetas a la Ley 29/2005», pág. 38 del PDF)","Coste total de sus campañas comerciales (producción, compra de medios y evaluación), euros corrientes; el informe no dice si lleva IVA; sociedad mercantil estatal; nombre en el informe: INGENIERÍA Y ECONOMÍA DEL TRANSPORTE, S.A. (INECO)"
2025,UIMP,"Ciencia, innovación y universidades",organismo,39914.0,"https://www.lamoncloa.gob.es/serviciosdeprensa/cpci/Documents/Informe%202025.pdf#page=39 (Informe de Publicidad y Comunicación Institucional 2025, capítulo «Campañas comerciales no sujetas a la Ley 29/2005», pág. 39 del PDF)","Coste total de sus campañas comerciales (producción, compra de medios y evaluación), euros corrientes; el informe no dice si lleva IVA; universidad pública; nombre en el informe: UNIVERSIDAD INTERNACIONAL MENÉNDEZ- PELAYO (UIMP)"
2025,CETARSA,Hacienda,empresa_publica,30836.0,"https://www.lamoncloa.gob.es/serviciosdeprensa/cpci/Documents/Informe%202025.pdf#page=38 (Informe de Publicidad y Comunicación Institucional 2025, capítulo «Campañas comerciales no sujetas a la Ley 29/2005», pág. 38 del PDF)","Coste total de sus campañas comerciales (producción, compra de medios y evaluación), euros corrientes; el informe no dice si lleva IVA; Grupo SEPI; nombre en el informe: COMPAÑÍA ESPAÑOLA DE TABACO EN RAMA, S.A. (CETARSA - SEPI)"
2025,Museo Reina Sofía,Cultura,organismo,24894.0,"https://www.lamoncloa.gob.es/serviciosdeprensa/cpci/Documents/Informe%202025.pdf#page=39 (Informe de Publicidad y Comunicación Institucional 2025, capítulo «Campañas comerciales no sujetas a la Ley 29/2005», pág. 39 del PDF)","Coste total de sus campañas comerciales (producción, compra de medios y evaluación), euros corrientes; el informe no dice si lleva IVA; organismo público; nombre en el informe: MUSEO NACIONAL CENTRO DE ARTE REINA SOFÍA"
2025,Agencia EFE,Hacienda,empresa_publica,14560.0,"https://www.lamoncloa.gob.es/serviciosdeprensa/cpci/Documents/Informe%202025.pdf#page=38 (Informe de Publicidad y Comunicación Institucional 2025, capítulo «Campañas comerciales no sujetas a la Ley 29/2005», pág. 38 del PDF)","Coste total de sus campañas comerciales (producción, compra de medios y evaluación), euros corrientes; el informe no dice si lleva IVA; sociedad mercantil estatal; nombre en el informe: AGENCIA EFE, S.A., S.M.E."
2025,MAYASA (Minas de Almadén),Hacienda,empresa_publica,8279.0,"https://www.lamoncloa.gob.es/serviciosdeprensa/cpci/Documents/Informe%202025.pdf#page=38 (Informe de Publicidad y Comunicación Institucional 2025, capítulo «Campañas comerciales no sujetas a la Ley 29/2005», pág. 38 del PDF)","Coste total de sus campañas comerciales (producción, compra de medios y evaluación), euros corrientes; el informe no dice si lleva IVA; Grupo SEPI; nombre en el informe: MINAS DE ALMADÉN Y ARRAYANES, S.A. (MAYASA - SEPI)"
2025,Expasa,"Agricultura, pesca y alimentación",empresa_publica,7553.0,"https://www.lamoncloa.gob.es/serviciosdeprensa/cpci/Documents/Informe%202025.pdf#page=39 (Informe de Publicidad y Comunicación Institucional 2025, capítulo «Campañas comerciales no sujetas a la Ley 29/2005», pág. 39 del PDF)","Coste total de sus campañas comerciales (producción, compra de medios y evaluación), euros corrientes; el informe no dice si lleva IVA; Grupo Patrimonio; nombre en el informe: EXPASA AGRICULTURA Y GANADERÍA S.M.E., S.A. (GRUPO PATRIMONIO)"
2025,CNIG,Transportes y movilidad sostenible,organismo,6900.0,"https://www.lamoncloa.gob.es/serviciosdeprensa/cpci/Documents/Informe%202025.pdf#page=38 (Informe de Publicidad y Comunicación Institucional 2025, capítulo «Campañas comerciales no sujetas a la Ley 29/2005», pág. 38 del PDF)","Coste total de sus campañas comerciales (producción, compra de medios y evaluación), euros corrientes; el informe no dice si lleva IVA; organismo autónomo; nombre en el informe: CENTRO NACIONAL DE INFORMACIÓN GEOGRÁFICA (CNIG)"
2025,ENSA Equipos Nucleares,Hacienda,empresa_publica,5990.0,"https://www.lamoncloa.gob.es/serviciosdeprensa/cpci/Documents/Informe%202025.pdf#page=38 (Informe de Publicidad y Comunicación Institucional 2025, capítulo «Campañas comerciales no sujetas a la Ley 29/2005», pág. 38 del PDF)","Coste total de sus campañas comerciales (producción, compra de medios y evaluación), euros corrientes; el informe no dice si lleva IVA; Grupo SEPI; nombre en el informe: ENSA EQUIPOS NUCLEARES, S.A. (SEPI)"
2025,BOE (Agencia Estatal),"Presidencia, relaciones con las cortes y memoria democrática",organismo,4245.0,"https://www.lamoncloa.gob.es/serviciosdeprensa/cpci/Documents/Informe%202025.pdf#page=38 (Informe de Publicidad y Comunicación Institucional 2025, capítulo «Campañas comerciales no sujetas a la Ley 29/2005», pág. 38 del PDF)","Coste total de sus campañas comerciales (producción, compra de medios y evaluación), euros corrientes; el informe no dice si lleva IVA; agencia estatal; nombre en el informe: BOLETÍN OFICIAL DEL ESTADO"
2025,SAECA,Hacienda,empresa_publica,1815.0,"https://www.lamoncloa.gob.es/serviciosdeprensa/cpci/Documents/Informe%202025.pdf#page=38 (Informe de Publicidad y Comunicación Institucional 2025, capítulo «Campañas comerciales no sujetas a la Ley 29/2005», pág. 38 del PDF)","Coste total de sus campañas comerciales (producción, compra de medios y evaluación), euros corrientes; el informe no dice si lleva IVA; Grupo SEPI; nombre en el informe: SOCIEDAD ANÓNIMA ESTATAL DE CAUCIÓN AGRARIA (SAECA - SEPI)"
