nombre_fuente,grupo_normalizado,tipo_grupo,es_publico,nota
"AGENCIA EFE, S.A.U.",Agencia EFE,publico,true,regla automática (regex sobre el nombre)
Agencia EFE,Agencia EFE,publico,true,regla automática (regex sobre el nombre)
EFE,Agencia EFE,publico,true,regla automática (regex sobre el nombre)
efe.com,Agencia EFE,publico,true,regla automática (regex sobre el nombre)
Agencia ICAL,Agencia ICAL,privado,false,regla automática (regex sobre el nombre)
ICAL,Agencia ICAL,privado,false,regla automática (regex sobre el nombre)
ADWORDS,"Alphabet (Google, YouTube)",plataforma,false,regla automática (regex sobre el nombre)
ALPHABET INC.,"Alphabet (Google, YouTube)",plataforma,false,regla automática (regex sobre el nombre)
Adwords google,"Alphabet (Google, YouTube)",plataforma,false,regla automática (regex sobre el nombre)
DV360 (Display & Video 360),"Alphabet (Google, YouTube)",plataforma,false,regla automática (regex sobre el nombre)
Dv360,"Alphabet (Google, YouTube)",plataforma,false,regla automática (regex sobre el nombre)
"Facebook, Instagram y Youtube","Alphabet (Google, YouTube)",plataforma,false,regla automática (regex sobre el nombre)
"Facebook, Instagram, Linkedin y YouTube","Alphabet (Google, YouTube)",plataforma,false,regla automática (regex sobre el nombre)
"Facebook, Instagram, Spotify y Youtube","Alphabet (Google, YouTube)",plataforma,false,regla automática (regex sobre el nombre)
"Facebook, Instagram, TikTok y Youtube","Alphabet (Google, YouTube)",plataforma,false,regla automática (regex sobre el nombre)
"Facebook, Instagram, Tiktok, Youtube","Alphabet (Google, YouTube)",plataforma,false,regla automática (regex sobre el nombre)
Facebook/ Instagram/ Linkedin/ Youtube,"Alphabet (Google, YouTube)",plataforma,false,regla automática (regex sobre el nombre)
GDN,"Alphabet (Google, YouTube)",plataforma,false,regla automática (regex sobre el nombre)
GOOGLE ADS,"Alphabet (Google, YouTube)",plataforma,false,regla automática (regex sobre el nombre)
GOOGLE ADWARDS,"Alphabet (Google, YouTube)",plataforma,false,regla automática (regex sobre el nombre)
GOOGLE ADWORDS,"Alphabet (Google, YouTube)",plataforma,false,regla automática (regex sobre el nombre)
GOOGLE DISPLAY NETWORK,"Alphabet (Google, YouTube)",plataforma,false,regla automática (regex sobre el nombre)
"GOOGLE, SOCIALMEDIA ….","Alphabet (Google, YouTube)",plataforma,false,regla automática (regex sobre el nombre)
GOOGLE.COM,"Alphabet (Google, YouTube)",plataforma,false,regla automática (regex sobre el nombre)
GOOGLE.ES,"Alphabet (Google, YouTube)",plataforma,false,regla automática (regex sobre el nombre)
Google,"Alphabet (Google, YouTube)",plataforma,false,regla automática (regex sobre el nombre)
Google Display,"Alphabet (Google, YouTube)",plataforma,false,regla automática (regex sobre el nombre)
Google Display Network (GDN),"Alphabet (Google, YouTube)",plataforma,false,regla automática (regex sobre el nombre)
Google Marketing Platform DV360 (Display & Video 360) - YOUTUBE,"Alphabet (Google, YouTube)",plataforma,false,regla automática (regex sobre el nombre)
Google Marketing Platform DV360 (Display & Video 360) –,"Alphabet (Google, YouTube)",plataforma,false,regla automática (regex sobre el nombre)
Google Marketing Platform DV360 (Display & Video 360) – DSP,"Alphabet (Google, YouTube)",plataforma,false,regla automática (regex sobre el nombre)
Google Search,"Alphabet (Google, YouTube)",plataforma,false,regla automática (regex sobre el nombre)
Google marketing platform,"Alphabet (Google, YouTube)",plataforma,false,regla automática (regex sobre el nombre)
Google socials,"Alphabet (Google, YouTube)",plataforma,false,regla automática (regex sobre el nombre)
"Instagram, Spotify y Youtube","Alphabet (Google, YouTube)",plataforma,false,regla automática (regex sobre el nombre)
"Instagram, TikTok, Facebook, X y YouTube","Alphabet (Google, YouTube)",plataforma,false,regla automática (regex sobre el nombre)
"Instagram, TikTok, Spotify y Youtube","Alphabet (Google, YouTube)",plataforma,false,regla automática (regex sobre el nombre)
PM PRECISION DV360,"Alphabet (Google, YouTube)",plataforma,false,regla automática (regex sobre el nombre)
PM Precision Video - DV360 Youtube,"Alphabet (Google, YouTube)",plataforma,false,regla automática (regex sobre el nombre)
PM Precision Vídeo - DV360 DV360 - GDN,"Alphabet (Google, YouTube)",plataforma,false,regla automática (regex sobre el nombre)
Pm Precision Displaeta - Dv360,"Alphabet (Google, YouTube)",plataforma,false,regla automática (regex sobre el nombre)
Pm Precision Display - Dv360,"Alphabet (Google, YouTube)",plataforma,false,regla automática (regex sobre el nombre)
Pm Precision Video - Dv360,"Alphabet (Google, YouTube)",plataforma,false,regla automática (regex sobre el nombre)
Programática (DV360),"Alphabet (Google, YouTube)",plataforma,false,regla automática (regex sobre el nombre)
Publicidad programática - google,"Alphabet (Google, YouTube)",plataforma,false,regla automática (regex sobre el nombre)
REDES SOCIALES - YOUTUBE,"Alphabet (Google, YouTube)",plataforma,false,regla automática (regex sobre el nombre)
RUSIA GOOGLE ADWORDS,"Alphabet (Google, YouTube)",plataforma,false,regla automática (regex sobre el nombre)
Search (Google),"Alphabet (Google, YouTube)",plataforma,false,regla automática (regex sobre el nombre)
Spotify y Youtube. OTROS: RTB,"Alphabet (Google, YouTube)",plataforma,false,regla automática (regex sobre el nombre)
Visualizaciones Youtube,"Alphabet (Google, YouTube)",plataforma,false,regla automática (regex sobre el nombre)
YOUTUBE,"Alphabet (Google, YouTube)",plataforma,false,regla automática (regex sobre el nombre)
YOUTUBE ESP,"Alphabet (Google, YouTube)",plataforma,false,regla automática (regex sobre el nombre)
YOUTUBE PREMIUM,"Alphabet (Google, YouTube)",plataforma,false,regla automática (regex sobre el nombre)
YOUTUBE.COM,"Alphabet (Google, YouTube)",plataforma,false,regla automática (regex sobre el nombre)
Youtube NASCAR,"Alphabet (Google, YouTube)",plataforma,false,regla automática (regex sobre el nombre)
_RECÀRREC GOOGLE,"Alphabet (Google, YouTube)",plataforma,false,regla automática (regex sobre el nombre)
AMAZON PRIME,Amazon,plataforma,false,regla automática (regex sobre el nombre)
"AMAZON, INC",Amazon,plataforma,false,regla automática (regex sobre el nombre)
AMAZON.,Amazon,plataforma,false,regla automática (regex sobre el nombre)
AMAZON.ES,Amazon,plataforma,false,regla automática (regex sobre el nombre)
Amazon DSP,Amazon,plataforma,false,regla automática (regex sobre el nombre)
Amazon Online,Amazon,plataforma,false,regla automática (regex sobre el nombre)
Amazon advertising,Amazon,plataforma,false,regla automática (regex sobre el nombre)
TWITCH,Amazon,plataforma,false,regla automática (regex sobre el nombre)
TWITCH (MEJORAS),Amazon,plataforma,false,regla automática (regex sobre el nombre)
ANTENA 3,Atresmedia-Planeta,privado,false,regla automática (regex sobre el nombre)
ANTENA 3 TV,Atresmedia-Planeta,privado,false,regla automática (regex sobre el nombre)
ANTENA3.ES +,Atresmedia-Planeta,privado,false,regla automática (regex sobre el nombre)
ANTENA3.ES+,Atresmedia-Planeta,privado,false,regla automática (regex sobre el nombre)
ATRES,Atresmedia-Planeta,privado,false,regla automática (regex sobre el nombre)
ATRES ADVERTISING,Atresmedia-Planeta,privado,false,regla automática (regex sobre el nombre)
ATRESMEDIA,Atresmedia-Planeta,privado,false,regla automática (regex sobre el nombre)
ATRESMEDIA - TV INTERACTIVA,Atresmedia-Planeta,privado,false,regla automática (regex sobre el nombre)
"ATRESMEDIA CORPORACIÓN DE MEDIOS DE COMUNICACIÓN, S.A.",Atresmedia-Planeta,privado,false,regla automática (regex sobre el nombre)
ATRESMEDIA Online,Atresmedia-Planeta,privado,false,regla automática (regex sobre el nombre)
ATRESMEDIA TV,Atresmedia-Planeta,privado,false,regla automática (regex sobre el nombre)
ATRESPLAYER,Atresmedia-Planeta,privado,false,regla automática (regex sobre el nombre)
AUNIA (contenido digital Atresmedia),Atresmedia-Planeta,privado,false,regla automática (regex sobre el nombre)
Antena 3 series Mega y Nova,Atresmedia-Planeta,privado,false,regla automática (regex sobre el nombre)
Antena 3 y La Sexta,Atresmedia-Planeta,privado,false,regla automática (regex sobre el nombre)
Antena NEOX,Atresmedia-Planeta,privado,false,regla automática (regex sobre el nombre)
Antena NOVA,Atresmedia-Planeta,privado,false,regla automática (regex sobre el nombre)
Antena3,Atresmedia-Planeta,privado,false,regla automática (regex sobre el nombre)
Atres media web,Atresmedia-Planeta,privado,false,regla automática (regex sobre el nombre)
Atresmedia HBBTV,Atresmedia-Planeta,privado,false,regla automática (regex sobre el nombre)
Atresmedia TELEBISTA,Atresmedia-Planeta,privado,false,regla automática (regex sobre el nombre)
Atresmedia-Planeta,Atresmedia-Planeta,privado,false,regla automática (regex sobre el nombre)
Atresmedia-tv conect,Atresmedia-Planeta,privado,false,regla automática (regex sobre el nombre)
Atresmedia-tv online,Atresmedia-Planeta,privado,false,regla automática (regex sobre el nombre)
Atresplayer Connected telebista,Atresmedia-Planeta,privado,false,regla automática (regex sobre el nombre)
Atresplayer.com,Atresmedia-Planeta,privado,false,regla automática (regex sobre el nombre)
CADENA EUROPA FM,Atresmedia-Planeta,privado,false,regla automática (regex sobre el nombre)
CUÑAS PUBLICITARIAS EN ONDA CERO,Atresmedia-Planeta,privado,false,regla automática (regex sobre el nombre)
Ciutat Nova,Atresmedia-Planeta,privado,false,regla automática (regex sobre el nombre)
"Compra Programática TV online (Atresmedia,",Atresmedia-Planeta,privado,false,regla automática (regex sobre el nombre)
DIARIO LA RAZÓN,Atresmedia-Planeta,privado,false,regla automática (regex sobre el nombre)
EUROPA FM,Atresmedia-Planeta,privado,false,regla automática (regex sobre el nombre)
EUROPA FM ALCIRA/LA RIBERA.,Atresmedia-Planeta,privado,false,regla automática (regex sobre el nombre)
EUROPA FM ALCOY.,Atresmedia-Planeta,privado,false,regla automática (regex sobre el nombre)
EUROPA FM ALICANTE,Atresmedia-Planeta,privado,false,regla automática (regex sobre el nombre)
EUROPA FM ALICANTE.,Atresmedia-Planeta,privado,false,regla automática (regex sobre el nombre)
EUROPA FM ALZIRA,Atresmedia-Planeta,privado,false,regla automática (regex sobre el nombre)
EUROPA FM BENIDORM,Atresmedia-Planeta,privado,false,regla automática (regex sobre el nombre)
EUROPA FM BENIDORM/VILLAJOYOSA.,Atresmedia-Planeta,privado,false,regla automática (regex sobre el nombre)
EUROPA FM CASTELLON,Atresmedia-Planeta,privado,false,regla automática (regex sobre el nombre)
EUROPA FM CASTELLON.,Atresmedia-Planeta,privado,false,regla automática (regex sobre el nombre)
EUROPA FM CV,Atresmedia-Planeta,privado,false,regla automática (regex sobre el nombre)
EUROPA FM ELCHE.,Atresmedia-Planeta,privado,false,regla automática (regex sobre el nombre)
EUROPA FM HUESCA,Atresmedia-Planeta,privado,false,regla automática (regex sobre el nombre)
EUROPA FM JAVEA/MARINA ALTA.,Atresmedia-Planeta,privado,false,regla automática (regex sobre el nombre)
EUROPA FM JÁVEA,Atresmedia-Planeta,privado,false,regla automática (regex sobre el nombre)
EUROPA FM MADRID,Atresmedia-Planeta,privado,false,regla automática (regex sobre el nombre)
EUROPA FM MADRID.,Atresmedia-Planeta,privado,false,regla automática (regex sobre el nombre)
EUROPA FM NACIONAL,Atresmedia-Planeta,privado,false,regla automática (regex sobre el nombre)
EUROPA FM PRODUCCIÓ,Atresmedia-Planeta,privado,false,regla automática (regex sobre el nombre)
EUROPA FM TARAZONA,Atresmedia-Planeta,privado,false,regla automática (regex sobre el nombre)
EUROPA FM TERUEL,Atresmedia-Planeta,privado,false,regla automática (regex sobre el nombre)
EUROPA FM VALENCIA.,Atresmedia-Planeta,privado,false,regla automática (regex sobre el nombre)
EUROPA FM ZARAGOZA,Atresmedia-Planeta,privado,false,regla automática (regex sobre el nombre)
Europa FM (Campaña a jóvenes),Atresmedia-Planeta,privado,false,regla automática (regex sobre el nombre)
Europa FM - Onda Cero,Atresmedia-Planeta,privado,false,regla automática (regex sobre el nombre)
Europa FM Alcira,Atresmedia-Planeta,privado,false,regla automática (regex sobre el nombre)
Europa FM Alcoy,Atresmedia-Planeta,privado,false,regla automática (regex sobre el nombre)
Europa FM Benidorm/Villajoyosa,Atresmedia-Planeta,privado,false,regla automática (regex sobre el nombre)
Europa FM Castellón,Atresmedia-Planeta,privado,false,regla automática (regex sobre el nombre)
Europa FM Elche,Atresmedia-Planeta,privado,false,regla automática (regex sobre el nombre)
Europa FM Jávea/Marina Alta,Atresmedia-Planeta,privado,false,regla automática (regex sobre el nombre)
Europa FM Preroll,Atresmedia-Planeta,privado,false,regla automática (regex sobre el nombre)
Europa FM Valencia,Atresmedia-Planeta,privado,false,regla automática (regex sobre el nombre)
GRUPO NOVA ÁGORA,Atresmedia-Planeta,privado,false,regla automática (regex sobre el nombre)
GRUPO PLANETA,Atresmedia-Planeta,privado,false,regla automática (regex sobre el nombre)
GUÍA DE ESTUDIANTES - UNIVERSIDAD LA RAZÓN,Atresmedia-Planeta,privado,false,regla automática (regex sobre el nombre)
HBBTV CANALES ATRES,Atresmedia-Planeta,privado,false,regla automática (regex sobre el nombre)
HORA NOVA,Hora Nova,privado,false,corregido a mano (la regla automática lo asignaba a otro grupo)
LA MEGA MARINA ALTA-DENIA,Atresmedia-Planeta,privado,false,regla automática (regex sobre el nombre)
LA RAZON,Atresmedia-Planeta,privado,false,regla automática (regex sobre el nombre)
LA RAZON (ed CV),Atresmedia-Planeta,privado,false,regla automática (regex sobre el nombre)
LA RAZON ED.MADRID,Atresmedia-Planeta,privado,false,regla automática (regex sobre el nombre)
LA RAZÓN,Atresmedia-Planeta,privado,false,regla automática (regex sobre el nombre)
LA RAZÓN (IP COM VACIA),Atresmedia-Planeta,privado,false,regla automática (regex sobre el nombre)
LA RAZÓN (WEB),Atresmedia-Planeta,privado,false,regla automática (regex sobre el nombre)
LA RAZÓN CV,Atresmedia-Planeta,privado,false,regla automática (regex sobre el nombre)
LA RAZÓN ED.MADRID,Atresmedia-Planeta,privado,false,regla automática (regex sobre el nombre)
LA RAZÓN.ES,Atresmedia-Planeta,privado,false,regla automática (regex sobre el nombre)
LA SEXTA,Atresmedia-Planeta,privado,false,regla automática (regex sobre el nombre)
LA SEXTA NACIONAL,Atresmedia-Planeta,privado,false,regla automática (regex sobre el nombre)
LA SEXTA i Cinema,Atresmedia-Planeta,privado,false,regla automática (regex sobre el nombre)
LARAZON.,Atresmedia-Planeta,privado,false,regla automática (regex sobre el nombre)
LARAZON.ES,Atresmedia-Planeta,privado,false,regla automática (regex sobre el nombre)
LARAZON.ES Com.Valenciana,Atresmedia-Planeta,privado,false,regla automática (regex sobre el nombre)
LARAZÓN.ES,Atresmedia-Planeta,privado,false,regla automática (regex sobre el nombre)
La Razón (Edición Región de Murcia),Atresmedia-Planeta,privado,false,regla automática (regex sobre el nombre)
La Razón (Edición e IP Región de Murcia),Atresmedia-Planeta,privado,false,regla automática (regex sobre el nombre)
La Razón (IP Región de Murcia),Atresmedia-Planeta,privado,false,regla automática (regex sobre el nombre)
La Razón CyL,Atresmedia-Planeta,privado,false,regla automática (regex sobre el nombre)
La Razón Ed. Cat.,Atresmedia-Planeta,privado,false,regla automática (regex sobre el nombre)
La Razón Edición Nacional,Atresmedia-Planeta,privado,false,regla automática (regex sobre el nombre)
MELODIA FM,Atresmedia-Planeta,privado,false,regla automática (regex sobre el nombre)
MELODIA FM MADRID,Atresmedia-Planeta,privado,false,regla automática (regex sobre el nombre)
MONPLANETA.,Atresmedia-Planeta,privado,false,regla automática (regex sobre el nombre)
MULTI ATRES,Atresmedia-Planeta,privado,false,regla automática (regex sobre el nombre)
"MULTI NOVO, MEGA, A3SERIES",Atresmedia-Planeta,privado,false,regla automática (regex sobre el nombre)
NEOX,Atresmedia-Planeta,privado,false,regla automática (regex sobre el nombre)
NOVA,Atresmedia-Planeta,privado,false,regla automática (regex sobre el nombre)
NOVA CONCA,Nova Conca,privado,false,corregido a mano (la regla automática lo asignaba a otro grupo)
NOVA ERA PUBLICATIONS,Nova Era Publications,privado,false,corregido a mano (la regla automática lo asignaba a otro grupo)
NOVA TÀRREGA,Nova Tàrrega,privado,false,corregido a mano (la regla automática lo asignaba a otro grupo)
NOVA VERANDA PRODUCCION,Atresmedia-Planeta,privado,false,regla automática (regex sobre el nombre)
ONDA CERO (CAMPAÑA BONO),Atresmedia-Planeta,privado,false,regla automática (regex sobre el nombre)
ONDA CERO (RADIO Y PAPEL),Atresmedia-Planeta,privado,false,regla automática (regex sobre el nombre)
ONDA CERO (WEB),Atresmedia-Planeta,privado,false,regla automática (regex sobre el nombre)
ONDA CERO ALCIRA FM,Atresmedia-Planeta,privado,false,regla automática (regex sobre el nombre)
ONDA CERO ALCIRA FM.,Atresmedia-Planeta,privado,false,regla automática (regex sobre el nombre)
ONDA CERO ALCOY.,Atresmedia-Planeta,privado,false,regla automática (regex sobre el nombre)
ONDA CERO ALICANTE,Atresmedia-Planeta,privado,false,regla automática (regex sobre el nombre)
ONDA CERO ALICANTE (106.5 FM),Atresmedia-Planeta,privado,false,regla automática (regex sobre el nombre)
ONDA CERO ALICANTE FM,Atresmedia-Planeta,privado,false,regla automática (regex sobre el nombre)
ONDA CERO ALICANTE FM.,Atresmedia-Planeta,privado,false,regla automática (regex sobre el nombre)
ONDA CERO ALTEA/ VILLAJOYOSA CVII FM,Atresmedia-Planeta,privado,false,regla automática (regex sobre el nombre)
ONDA CERO ALTEA/VILLAJOYOSA CVII FM.,Atresmedia-Planeta,privado,false,regla automática (regex sobre el nombre)
ONDA CERO CASTELLON,Atresmedia-Planeta,privado,false,regla automática (regex sobre el nombre)
ONDA CERO CASTELLÓN,Atresmedia-Planeta,privado,false,regla automática (regex sobre el nombre)
ONDA CERO CASTELLÓN (88.7 FM) ONDA CERO CIRCUITO REGIONAL,Atresmedia-Planeta,privado,false,regla automática (regex sobre el nombre)
ONDA CERO CASTELLÓN+EUROPA CASTELLÓN,Atresmedia-Planeta,privado,false,regla automática (regex sobre el nombre)
ONDA CERO CASTELLÓN.,Atresmedia-Planeta,privado,false,regla automática (regex sobre el nombre)
ONDA CERO CC.AA. COMUNIDAD VALENCIA,Atresmedia-Planeta,privado,false,regla automática (regex sobre el nombre)
ONDA CERO CC.AA. COMUNIDAD VALENCIAN,Atresmedia-Planeta,privado,false,regla automática (regex sobre el nombre)
ONDA CERO CC.AA. COMUNIDAD VALENCIANA,Atresmedia-Planeta,privado,false,regla automática (regex sobre el nombre)
ONDA CERO CC.AA. COMUNIDAD VALENCIANA.,Atresmedia-Planeta,privado,false,regla automática (regex sobre el nombre)
ONDA CERO CC.AA. MADRID,Atresmedia-Planeta,privado,false,regla automática (regex sobre el nombre)
ONDA CERO CINCA,Atresmedia-Planeta,privado,false,regla automática (regex sobre el nombre)
ONDA CERO CINCA (WEB),Atresmedia-Planeta,privado,false,regla automática (regex sobre el nombre)
ONDA CERO CIR. REG. CV,Atresmedia-Planeta,privado,false,regla automática (regex sobre el nombre)
ONDA CERO CIRCUITO REGIONAL CATALUÑA (1655),Atresmedia-Planeta,privado,false,regla automática (regex sobre el nombre)
ONDA CERO CIRCUITO REGIONAL VALENCIA,Atresmedia-Planeta,privado,false,regla automática (regex sobre el nombre)
ONDA CERO CIUDAD REAL OM Y FM.,Atresmedia-Planeta,privado,false,regla automática (regex sobre el nombre)
ONDA CERO COMUNITAT VALENCIANA,Atresmedia-Planeta,privado,false,regla automática (regex sobre el nombre)
ONDA CERO CV,Atresmedia-Planeta,privado,false,regla automática (regex sobre el nombre)
ONDA CERO DENIA-JAVE MARINA ALTA.,Atresmedia-Planeta,privado,false,regla automática (regex sobre el nombre)
ONDA CERO DENIA-JAVEA M ARINA ALTA,Atresmedia-Planeta,privado,false,regla automática (regex sobre el nombre)
ONDA CERO ELCHE,Atresmedia-Planeta,privado,false,regla automática (regex sobre el nombre)
ONDA CERO ELCHE.,Atresmedia-Planeta,privado,false,regla automática (regex sobre el nombre)
ONDA CERO GANDIA,Atresmedia-Planeta,privado,false,regla automática (regex sobre el nombre)
ONDA CERO GANDIA.,Atresmedia-Planeta,privado,false,regla automática (regex sobre el nombre)
ONDA CERO HUESCA,Atresmedia-Planeta,privado,false,regla automática (regex sobre el nombre)
ONDA CERO HUESCA Y SABIÑANIGO,Atresmedia-Planeta,privado,false,regla automática (regex sobre el nombre)
ONDA CERO MADRID,Atresmedia-Planeta,privado,false,regla automática (regex sobre el nombre)
ONDA CERO MADRID FM,Atresmedia-Planeta,privado,false,regla automática (regex sobre el nombre)
ONDA CERO MADRID FM.,Atresmedia-Planeta,privado,false,regla automática (regex sobre el nombre)
ONDA CERO MADRID OM Y FM,Atresmedia-Planeta,privado,false,regla automática (regex sobre el nombre)
ONDA CERO MADRID OM Y FM.,Atresmedia-Planeta,privado,false,regla automática (regex sobre el nombre)
ONDA CERO MONZÓN,Atresmedia-Planeta,privado,false,regla automática (regex sobre el nombre)
ONDA CERO NACIONAL,Atresmedia-Planeta,privado,false,regla automática (regex sobre el nombre)
ONDA CERO NAVARRA,Atresmedia-Planeta,privado,false,regla automática (regex sobre el nombre)
ONDA CERO PAÍS VASCO,Atresmedia-Planeta,privado,false,regla automática (regex sobre el nombre)
ONDA CERO PRODUCCIÓ,Atresmedia-Planeta,privado,false,regla automática (regex sobre el nombre)
ONDA CERO RADIO,Atresmedia-Planeta,privado,false,regla automática (regex sobre el nombre)
ONDA CERO REG. COM VALENCIANA,Atresmedia-Planeta,privado,false,regla automática (regex sobre el nombre)
ONDA CERO REGIONAL,Atresmedia-Planeta,privado,false,regla automática (regex sobre el nombre)
ONDA CERO RIBAGORZA,Atresmedia-Planeta,privado,false,regla automática (regex sobre el nombre)
ONDA CERO SABIÑANIGO,Atresmedia-Planeta,privado,false,regla automática (regex sobre el nombre)
ONDA CERO SABIÑÁNIGO,Atresmedia-Planeta,privado,false,regla automática (regex sobre el nombre)
ONDA CERO SAGUNTO,Atresmedia-Planeta,privado,false,regla automática (regex sobre el nombre)
ONDA CERO SAGUNTO.,Atresmedia-Planeta,privado,false,regla automática (regex sobre el nombre)
ONDA CERO SEVILLA.,Atresmedia-Planeta,privado,false,regla automática (regex sobre el nombre)
ONDA CERO TERUEL,Atresmedia-Planeta,privado,false,regla automática (regex sobre el nombre)
ONDA CERO TOLEDO OM Y FM.,Atresmedia-Planeta,privado,false,regla automática (regex sobre el nombre)
ONDA CERO TORREVIEJA-V EGA BAJA,Atresmedia-Planeta,privado,false,regla automática (regex sobre el nombre)
ONDA CERO TORREVIEJA-VEGA BAJA.,Atresmedia-Planeta,privado,false,regla automática (regex sobre el nombre)
ONDA CERO VALENCIA,Atresmedia-Planeta,privado,false,regla automática (regex sobre el nombre)
ONDA CERO VALENCIA (101.2 FM),Atresmedia-Planeta,privado,false,regla automática (regex sobre el nombre)
ONDA CERO VALENCIA FM,Atresmedia-Planeta,privado,false,regla automática (regex sobre el nombre)
ONDA CERO VALENCIA.,Atresmedia-Planeta,privado,false,regla automática (regex sobre el nombre)
ONDA CERO VALLADOLID,Atresmedia-Planeta,privado,false,regla automática (regex sobre el nombre)
ONDA CERO VALLADOLID.,Atresmedia-Planeta,privado,false,regla automática (regex sobre el nombre)
ONDA CERO VILA-REAL,Atresmedia-Planeta,privado,false,regla automática (regex sobre el nombre)
ONDA CERO VILLAJOYOSA,Atresmedia-Planeta,privado,false,regla automática (regex sobre el nombre)
ONDA CERO VILLAJOYOSA.,Atresmedia-Planeta,privado,false,regla automática (regex sobre el nombre)
ONDA CERO VILLAREAL,Atresmedia-Planeta,privado,false,regla automática (regex sobre el nombre)
ONDA CERO VILLAREAL.,Atresmedia-Planeta,privado,false,regla automática (regex sobre el nombre)
ONDA CERO Y EUROPA FM,Atresmedia-Planeta,privado,false,regla automática (regex sobre el nombre)
ONDA CERO Y EUROPA FM (WEB),Atresmedia-Planeta,privado,false,regla automática (regex sobre el nombre)
ONDA CERO Y EUROPA FM NACIONAL,Atresmedia-Planeta,privado,false,regla automática (regex sobre el nombre)
ONDA CERO ZARAGOZA,Atresmedia-Planeta,privado,false,regla automática (regex sobre el nombre)
"ONDA CERO, EUROPA FM",Atresmedia-Planeta,privado,false,regla automática (regex sobre el nombre)
ONDA CERO- UNIPREX SAU,Atresmedia-Planeta,privado,false,regla automática (regex sobre el nombre)
Onda Cero,Atresmedia-Planeta,privado,false,regla automática (regex sobre el nombre)
Onda Cero (Campaña a padres),Atresmedia-Planeta,privado,false,regla automática (regex sobre el nombre)
Onda Cero (Comunidad de Madrid y Región de Murcia),Atresmedia-Planeta,privado,false,regla automática (regex sobre el nombre)
Onda Cero (Pre-roll),Atresmedia-Planeta,privado,false,regla automática (regex sobre el nombre)
Onda Cero (Reg.C.Valenciana),Atresmedia-Planeta,privado,false,regla automática (regex sobre el nombre)
Onda Cero Alcoy,Atresmedia-Planeta,privado,false,regla automática (regex sobre el nombre)
Onda Cero Altea,Atresmedia-Planeta,privado,false,regla automática (regex sobre el nombre)
Onda Cero Aragón,Atresmedia-Planeta,privado,false,regla automática (regex sobre el nombre)
Onda Cero Castelló,Atresmedia-Planeta,privado,false,regla automática (regex sobre el nombre)
Onda Cero Huesca y Zaragoza,Atresmedia-Planeta,privado,false,regla automática (regex sobre el nombre)
Onda Cero Jávea,Atresmedia-Planeta,privado,false,regla automática (regex sobre el nombre)
Onda Cero NASCAR,Atresmedia-Planeta,privado,false,regla automática (regex sobre el nombre)
Onda Cero Sagunt,Atresmedia-Planeta,privado,false,regla automática (regex sobre el nombre)
"Onda Cero. Uniprex, S.A.U.",Atresmedia-Planeta,privado,false,regla automática (regex sobre el nombre)
Onda cero Reg. Valenciana,Atresmedia-Planeta,privado,false,regla automática (regex sobre el nombre)
PLANETA MAGAZINE,Atresmedia-Planeta,privado,false,regla automática (regex sobre el nombre)
PLANETA VINO,Atresmedia-Planeta,privado,false,regla automática (regex sobre el nombre)
PLANETA-ATRESMEDIA,Atresmedia-Planeta,privado,false,regla automática (regex sobre el nombre)
Planeta Calleja - Zanskar Aventura,Planeta Calleja (Zanskar Aventura),privado,false,corregido a mano (la regla automática lo asignaba a otro grupo)
R. LA MEGA MARINA ALTA-DENIA,Atresmedia-Planeta,privado,false,regla automática (regex sobre el nombre)
R. LA MEGA MARINA BAJA - BENIDORM,Atresmedia-Planeta,privado,false,regla automática (regex sobre el nombre)
R.LA MEGA BENIDORM,Atresmedia-Planeta,privado,false,regla automática (regex sobre el nombre)
R.NOVA NORDIC-ROJALES,Atresmedia-Planeta,privado,false,regla automática (regex sobre el nombre)
RADIO NOVA (PORTUGAL),Atresmedia-Planeta,privado,false,regla automática (regex sobre el nombre)
"RAZON, LA (DIGITAL)",Atresmedia-Planeta,privado,false,regla automática (regex sobre el nombre)
"RAZON, LA COMUNIDAD VALENCIANA",Atresmedia-Planeta,privado,false,regla automática (regex sobre el nombre)
"RAZON, LA MADRID",Atresmedia-Planeta,privado,false,regla automática (regex sobre el nombre)
"RAZÓN, LA",Atresmedia-Planeta,privado,false,regla automática (regex sobre el nombre)
"RAZÓN, LA Edició Cat.",Atresmedia-Planeta,privado,false,regla automática (regex sobre el nombre)
"RAZÓN, LA Edició Catalunya",Atresmedia-Planeta,privado,false,regla automática (regex sobre el nombre)
Radio EUROPA FM,Atresmedia-Planeta,privado,false,regla automática (regex sobre el nombre)
Radio Onda Cero,Atresmedia-Planeta,privado,false,regla automática (regex sobre el nombre)
RÀDIO LA NOVA,Atresmedia-Planeta,privado,false,regla automática (regex sobre el nombre)
Smart TV - Apps Atresmedia,Atresmedia-Planeta,privado,false,regla automática (regex sobre el nombre)
TV Antena 3,Atresmedia-Planeta,privado,false,regla automática (regex sobre el nombre)
Televisión y cine LA SEXTA,Atresmedia-Planeta,privado,false,regla automática (regex sobre el nombre)
UNIPREX S.A.,Atresmedia-Planeta,privado,false,regla automática (regex sobre el nombre)
"Uniprex, S.A.U.",Atresmedia-Planeta,privado,false,regla automática (regex sobre el nombre)
antena3.com,Atresmedia-Planeta,privado,false,regla automática (regex sobre el nombre)
atresmedia.com,Atresmedia-Planeta,privado,false,regla automática (regex sobre el nombre)
i Cinema Atres Advertising,Atresmedia-Planeta,privado,false,regla automática (regex sobre el nombre)
i Cinema LA SEXTA,Atresmedia-Planeta,privado,false,regla automática (regex sobre el nombre)
i Cinema MULTI ATRES,Atresmedia-Planeta,privado,false,regla automática (regex sobre el nombre)
i Cinema NEOX (Atres Advertising),Atresmedia-Planeta,privado,false,regla automática (regex sobre el nombre)
GARA.,"Baigorri (Gara, Naiz)",privado,false,regla automática (regex sobre el nombre)
Gara,"Baigorri (Gara, Naiz)",privado,false,regla automática (regex sobre el nombre)
Gara.eus,"Baigorri (Gara, Naiz)",privado,false,regla automática (regex sobre el nombre)
Naiz Irratia,"Baigorri (Gara, Naiz)",privado,false,regla automática (regex sobre el nombre)
naiz.eus,"Baigorri (Gara, Naiz)",privado,false,regla automática (regex sobre el nombre)
Berria,Berria Taldea,privado,false,regla automática (regex sobre el nombre)
Berria (suplemento 20 aniversario),Berria Taldea,privado,false,regla automática (regex sobre el nombre)
Berria (urtekaria),Berria Taldea,privado,false,regla automática (regex sobre el nombre)
Berria - Hitza,Berria Taldea,privado,false,regla automática (regex sobre el nombre)
Bustialdeko Hitza (Grupo BERRIA),Berria Taldea,privado,false,regla automática (regex sobre el nombre)
Gipuzkoako Hitza (Grupo Berria Taldea),Berria Taldea,privado,false,regla automática (regex sobre el nombre)
Otros grupo Berria,Berria Taldea,privado,false,regla automática (regex sobre el nombre)
berria.eus,Berria Taldea,privado,false,regla automática (regex sobre el nombre)
ByteDance Ltd,ByteDance (TikTok),plataforma,false,regla automática (regex sobre el nombre)
TIK TOK,ByteDance (TikTok),plataforma,false,regla automática (regex sobre el nombre)
TIK TOK (MEJORAS),ByteDance (TikTok),plataforma,false,regla automática (regex sobre el nombre)
TIKTOK,ByteDance (TikTok),plataforma,false,regla automática (regex sobre el nombre)
Xarses Socials TIK TOK,ByteDance (TikTok),plataforma,false,regla automática (regex sobre el nombre)
ARAGÓN RADIO Y ARAGÓN TELEVISIÓN,CARTV (Aragón TV y Aragón Radio),publico,true,regla automática (regex sobre el nombre)
Aragón Radio,CARTV (Aragón TV y Aragón Radio),publico,true,regla automática (regex sobre el nombre)
Aragón TV,CARTV (Aragón TV y Aragón Radio),publico,true,regla automática (regex sobre el nombre)
BAJO ARAGÓN TV,CARTV (Aragón TV y Aragón Radio),publico,true,regla automática (regex sobre el nombre)
Corporación Aragonesa de Radio Televisión,CARTV (Aragón TV y Aragón Radio),publico,true,regla automática (regex sobre el nombre)
Corporación Aragonesa de Radio y Television,CARTV (Aragón TV y Aragón Radio),publico,true,regla automática (regex sobre el nombre)
3CAT,CCMA (Corporació Catalana de Mitjans Audiovisuals),publico,true,regla automática (regex sobre el nombre)
3CAT.,CCMA (Corporació Catalana de Mitjans Audiovisuals),publico,true,regla automática (regex sobre el nombre)
CATALUNYA INFORMACIÓ,CCMA (Corporació Catalana de Mitjans Audiovisuals),publico,true,regla automática (regex sobre el nombre)
CATALUNYA MÚSICA,CCMA (Corporació Catalana de Mitjans Audiovisuals),publico,true,regla automática (regex sobre el nombre)
CATALUNYA RADIO DESC. BARCELONA,CCMA (Corporació Catalana de Mitjans Audiovisuals),publico,true,regla automática (regex sobre el nombre)
CATALUNYA RADIO.,CCMA (Corporació Catalana de Mitjans Audiovisuals),publico,true,regla automática (regex sobre el nombre)
CATALUNYA RÀDIO,CCMA (Corporació Catalana de Mitjans Audiovisuals),publico,true,regla automática (regex sobre el nombre)
CATALUNYA RÀDIO PRODUCCIÓ,CCMA (Corporació Catalana de Mitjans Audiovisuals),publico,true,regla automática (regex sobre el nombre)
CCMA Online,CCMA (Corporació Catalana de Mitjans Audiovisuals),publico,true,regla automática (regex sobre el nombre)
CORPORACIÓ CATALANA DE MITJANS AUDIOVISUALS,CCMA (Corporació Catalana de Mitjans Audiovisuals),publico,true,regla automática (regex sobre el nombre)
DESCONEXIÓ CATALUNYA RADIO GIRONA.,CCMA (Corporació Catalana de Mitjans Audiovisuals),publico,true,regla automática (regex sobre el nombre)
ICAT FM,CCMA (Corporació Catalana de Mitjans Audiovisuals),publico,true,regla automática (regex sobre el nombre)
ICAT FM PRODUCCION,CCMA (Corporació Catalana de Mitjans Audiovisuals),publico,true,regla automática (regex sobre el nombre)
PRODUCCIÓ CATALUNYA RÀDIO,CCMA (Corporació Catalana de Mitjans Audiovisuals),publico,true,regla automática (regex sobre el nombre)
TV3,CCMA (Corporació Catalana de Mitjans Audiovisuals),publico,true,regla automática (regex sobre el nombre)
TV3 ON LINE,CCMA (Corporació Catalana de Mitjans Audiovisuals),publico,true,regla automática (regex sobre el nombre)
TV3 PRODUCCION,CCMA (Corporació Catalana de Mitjans Audiovisuals),publico,true,regla automática (regex sobre el nombre)
TV3 PRODUCCIÓ,CCMA (Corporació Catalana de Mitjans Audiovisuals),publico,true,regla automática (regex sobre el nombre)
TVC,CCMA (Corporació Catalana de Mitjans Audiovisuals),publico,true,regla automática (regex sobre el nombre)
TVC PRODUCCIÓ,CCMA (Corporació Catalana de Mitjans Audiovisuals),publico,true,regla automática (regex sobre el nombre)
TVC.CAT,CCMA (Corporació Catalana de Mitjans Audiovisuals),publico,true,regla automática (regex sobre el nombre)
iCAT.CAT,CCMA (Corporació Catalana de Mitjans Audiovisuals),publico,true,regla automática (regex sobre el nombre)
Castilla-La Mancha Media,CMM (Castilla-La Mancha Media),publico,true,regla automática (regex sobre el nombre)
13 TV,COPE-Ábside Media,privado,false,regla automática (regex sobre el nombre)
"13TV, S.A.",COPE-Ábside Media,privado,false,regla automática (regex sobre el nombre)
C 100,COPE-Ábside Media,privado,false,regla automática (regex sobre el nombre)
C 100 ALICANTE,COPE-Ábside Media,privado,false,regla automática (regex sobre el nombre)
C 100 ALICANTE.,COPE-Ábside Media,privado,false,regla automática (regex sobre el nombre)
C 100 BENIDORM,COPE-Ábside Media,privado,false,regla automática (regex sobre el nombre)
C 100 BENIDORM.,COPE-Ábside Media,privado,false,regla automática (regex sobre el nombre)
C 100 CASTELLÓN,COPE-Ábside Media,privado,false,regla automática (regex sobre el nombre)
C 100 CASTELLÓN.,COPE-Ábside Media,privado,false,regla automática (regex sobre el nombre)
C 100 ELCHE,COPE-Ábside Media,privado,false,regla automática (regex sobre el nombre)
C 100 ELCHE.,COPE-Ábside Media,privado,false,regla automática (regex sobre el nombre)
C 100 GANDIA (OLIVA),COPE-Ábside Media,privado,false,regla automática (regex sobre el nombre)
C 100 GANDIA (OLIVA).,COPE-Ábside Media,privado,false,regla automática (regex sobre el nombre)
C 100 GANDÍA,COPE-Ábside Media,privado,false,regla automática (regex sobre el nombre)
C 100 JATIVA,COPE-Ábside Media,privado,false,regla automática (regex sobre el nombre)
C 100 MADRID,COPE-Ábside Media,privado,false,regla automática (regex sobre el nombre)
C 100 MADRID.,COPE-Ábside Media,privado,false,regla automática (regex sobre el nombre)
C 100 VALENCIA,COPE-Ábside Media,privado,false,regla automática (regex sobre el nombre)
C 100 VALENCIA.,COPE-Ábside Media,privado,false,regla automática (regex sobre el nombre)
C 100 XATIVA,COPE-Ábside Media,privado,false,regla automática (regex sobre el nombre)
C 100 XATIVA.,COPE-Ábside Media,privado,false,regla automática (regex sobre el nombre)
C100,COPE-Ábside Media,privado,false,regla automática (regex sobre el nombre)
CADENA 100,COPE-Ábside Media,privado,false,regla automática (regex sobre el nombre)
CADENA 100 ALICANTE,COPE-Ábside Media,privado,false,regla automática (regex sobre el nombre)
CADENA 100 CASTELLON,COPE-Ábside Media,privado,false,regla automática (regex sobre el nombre)
CADENA 100 CASTELLÓN,COPE-Ábside Media,privado,false,regla automática (regex sobre el nombre)
CADENA 100 CV,COPE-Ábside Media,privado,false,regla automática (regex sobre el nombre)
CADENA 100 ELCHE,COPE-Ábside Media,privado,false,regla automática (regex sobre el nombre)
CADENA 100 GANDÍA,COPE-Ábside Media,privado,false,regla automática (regex sobre el nombre)
CADENA 100 HUESCA,COPE-Ábside Media,privado,false,regla automática (regex sobre el nombre)
CADENA 100 JACA,COPE-Ábside Media,privado,false,regla automática (regex sobre el nombre)
CADENA 100 NACIONAL,COPE-Ábside Media,privado,false,regla automática (regex sobre el nombre)
CADENA 100 SOBRARBE,COPE-Ábside Media,privado,false,regla automática (regex sobre el nombre)
CADENA 100 SOBRARBE Y HIT RADIO,COPE-Ábside Media,privado,false,regla automática (regex sobre el nombre)
CADENA 100 TERUEL,COPE-Ábside Media,privado,false,regla automática (regex sobre el nombre)
CADENA 100 VALENCIA,COPE-Ábside Media,privado,false,regla automática (regex sobre el nombre)
CADENA 100 ZARAGOZA,COPE-Ábside Media,privado,false,regla automática (regex sobre el nombre)
CADENA CIEN Y ROCK FM,COPE-Ábside Media,privado,false,regla automática (regex sobre el nombre)
CADENA COPE,COPE-Ábside Media,privado,false,regla automática (regex sobre el nombre)
CADENA COPE (RADIO Y WEB),COPE-Ábside Media,privado,false,regla automática (regex sobre el nombre)
CADENA COPE ARAGÓN,COPE-Ábside Media,privado,false,regla automática (regex sobre el nombre)
"CADENA COPE HUESCA Y JACA, CADENA CIEN HUESCA Y JACA",COPE-Ábside Media,privado,false,regla automática (regex sobre el nombre)
CADENA COPE NACIONAL,COPE-Ábside Media,privado,false,regla automática (regex sobre el nombre)
CADENA COPE TERUEL,COPE-Ábside Media,privado,false,regla automática (regex sobre el nombre)
CADENA COPE Y CADENA 100,COPE-Ábside Media,privado,false,regla automática (regex sobre el nombre)
CADENA COPE Y CADENA CIEN,COPE-Ábside Media,privado,false,regla automática (regex sobre el nombre)
CADENA COPE ZARAGOZA,COPE-Ábside Media,privado,false,regla automática (regex sobre el nombre)
"CADENA COPE, CADENA 100 Y ROCK FM",COPE-Ábside Media,privado,false,regla automática (regex sobre el nombre)
"CADENA COPE, ROCK FM Y CADENA 100",COPE-Ábside Media,privado,false,regla automática (regex sobre el nombre)
COPE,COPE-Ábside Media,privado,false,regla automática (regex sobre el nombre)
COPE (CAMPAÑA IA),COPE-Ábside Media,privado,false,regla automática (regex sobre el nombre)
COPE (Campaña a padres),COPE-Ábside Media,privado,false,regla automática (regex sobre el nombre)
COPE (Comunidad de Madrid y Región de Murcia),COPE-Ábside Media,privado,false,regla automática (regex sobre el nombre)
COPE (Rock FM Cien…),COPE-Ábside Media,privado,false,regla automática (regex sobre el nombre)
COPE (Zaragoza Radio Popular S.A.),COPE-Ábside Media,privado,false,regla automática (regex sobre el nombre)
COPE ALCOY,COPE-Ábside Media,privado,false,regla automática (regex sobre el nombre)
COPE ALCOY FM,COPE-Ábside Media,privado,false,regla automática (regex sobre el nombre)
COPE ALCOY FM.,COPE-Ábside Media,privado,false,regla automática (regex sobre el nombre)
COPE ALICANTE,COPE-Ábside Media,privado,false,regla automática (regex sobre el nombre)
COPE ALICANTE FM / NOVELDA Y ALICANTE OM,COPE-Ábside Media,privado,false,regla automática (regex sobre el nombre)
COPE ALICANTE FM+OM,COPE-Ábside Media,privado,false,regla automática (regex sobre el nombre)
COPE ALICANTE FM+OM.,COPE-Ábside Media,privado,false,regla automática (regex sobre el nombre)
COPE ALICANTE OM Y FM,COPE-Ábside Media,privado,false,regla automática (regex sobre el nombre)
COPE ALTOARAGÓN,COPE-Ábside Media,privado,false,regla automática (regex sobre el nombre)
COPE Alacant,COPE-Ábside Media,privado,false,regla automática (regex sobre el nombre)
COPE BENIDORM,COPE-Ábside Media,privado,false,regla automática (regex sobre el nombre)
COPE CALAMOCHA,COPE-Ábside Media,privado,false,regla automática (regex sobre el nombre)
COPE CALATAYUD,COPE-Ábside Media,privado,false,regla automática (regex sobre el nombre)
COPE CASTELLON,COPE-Ábside Media,privado,false,regla automática (regex sobre el nombre)
COPE CASTELLÓN,COPE-Ábside Media,privado,false,regla automática (regex sobre el nombre)
COPE CASTELLÓN FM Y OM,COPE-Ábside Media,privado,false,regla automática (regex sobre el nombre)
COPE CASTELLÓN FM+OM,COPE-Ábside Media,privado,false,regla automática (regex sobre el nombre)
COPE CASTELLÓN FM+OM.,COPE-Ábside Media,privado,false,regla automática (regex sobre el nombre)
COPE CASTELLÓN OM Y FM,COPE-Ábside Media,privado,false,regla automática (regex sobre el nombre)
"COPE CASTELLÓN, C100 CASTELLÓN",COPE-Ábside Media,privado,false,regla automática (regex sobre el nombre)
COPE CC.AA. VALENCIA,COPE-Ábside Media,privado,false,regla automática (regex sobre el nombre)
COPE CC.AA. VALENCIA.,COPE-Ábside Media,privado,false,regla automática (regex sobre el nombre)
COPE CIR. REG. CV,COPE-Ábside Media,privado,false,regla automática (regex sobre el nombre)
COPE CIUDAD REAL.,COPE-Ábside Media,privado,false,regla automática (regex sobre el nombre)
COPE CV,COPE-Ábside Media,privado,false,regla automática (regex sobre el nombre)
COPE CV (CAMPAÑA BONO),COPE-Ábside Media,privado,false,regla automática (regex sobre el nombre)
COPE DENIA,COPE-Ábside Media,privado,false,regla automática (regex sobre el nombre)
COPE DENIA FM,COPE-Ábside Media,privado,false,regla automática (regex sobre el nombre)
COPE ELCHE FM,COPE-Ábside Media,privado,false,regla automática (regex sobre el nombre)
COPE HUESCA,COPE-Ábside Media,privado,false,regla automática (regex sobre el nombre)
"COPE HUESCA, COPE JACA",COPE-Ábside Media,privado,false,regla automática (regex sobre el nombre)
"COPE HUESCA, JACA Y TERUEL",COPE-Ábside Media,privado,false,regla automática (regex sobre el nombre)
COPE JACA,COPE-Ábside Media,privado,false,regla automática (regex sobre el nombre)
COPE JILOCA,COPE-Ábside Media,privado,false,regla automática (regex sobre el nombre)
COPE MADRID FM+OM.,COPE-Ábside Media,privado,false,regla automática (regex sobre el nombre)
COPE MADRID OM Y FM,COPE-Ábside Media,privado,false,regla automática (regex sobre el nombre)
COPE MAS CASTELLON,COPE-Ábside Media,privado,false,regla automática (regex sobre el nombre)
COPE MAS VALENCIA,COPE-Ábside Media,privado,false,regla automática (regex sobre el nombre)
COPE NACIONAL,COPE-Ábside Media,privado,false,regla automática (regex sobre el nombre)
COPE OLIVA( ONDA NARANJA)FM,COPE-Ábside Media,privado,false,regla automática (regex sobre el nombre)
COPE OM VILLAREAL,COPE-Ábside Media,privado,false,regla automática (regex sobre el nombre)
COPE ORIHUELA VEGA BAJA,COPE-Ábside Media,privado,false,regla automática (regex sobre el nombre)
COPE PIRINEOS,COPE-Ábside Media,privado,false,regla automática (regex sobre el nombre)
COPE PIRINEOS BENASQUE,COPE-Ábside Media,privado,false,regla automática (regex sobre el nombre)
COPE RADIO POPULAR,COPE-Ábside Media,privado,false,regla automática (regex sobre el nombre)
COPE REG. COM. VALENCIANA,COPE-Ábside Media,privado,false,regla automática (regex sobre el nombre)
COPE REG. VALENCIANA,COPE-Ábside Media,privado,false,regla automática (regex sobre el nombre)
COPE REQUENA,COPE-Ábside Media,privado,false,regla automática (regex sobre el nombre)
COPE SEVILLA CONJUNTA (FM+OM+MAS).,COPE-Ábside Media,privado,false,regla automática (regex sobre el nombre)
COPE SIRENA ( BENIDORM) FM,COPE-Ábside Media,privado,false,regla automática (regex sobre el nombre)
COPE TERUEL,COPE-Ábside Media,privado,false,regla automática (regex sobre el nombre)
COPE TOLEDO FM.,COPE-Ábside Media,privado,false,regla automática (regex sobre el nombre)
COPE VALENCIA,COPE-Ábside Media,privado,false,regla automática (regex sobre el nombre)
COPE VALENCIA CONJUNTA (FM+OM+MAS).,COPE-Ábside Media,privado,false,regla automática (regex sobre el nombre)
COPE VALENCIA FM Y OM,COPE-Ábside Media,privado,false,regla automática (regex sobre el nombre)
COPE VALENCIA FM+OM,COPE-Ábside Media,privado,false,regla automática (regex sobre el nombre)
COPE VALENCIA FM+OM.,COPE-Ábside Media,privado,false,regla automática (regex sobre el nombre)
COPE VALENCIA OM Y FM,COPE-Ábside Media,privado,false,regla automática (regex sobre el nombre)
COPE VALLADOLID FM Y OM E ISCAR,COPE-Ábside Media,privado,false,regla automática (regex sobre el nombre)
COPE VALLADOLID FM Y OM E ISCAR.,COPE-Ábside Media,privado,false,regla automática (regex sobre el nombre)
COPE VALÈNCIA,COPE-Ábside Media,privado,false,regla automática (regex sobre el nombre)
COPE VILLENA - MQR FM,COPE-Ábside Media,privado,false,regla automática (regex sobre el nombre)
COPE VINAROZ,COPE-Ábside Media,privado,false,regla automática (regex sobre el nombre)
COPE VINAROZ FM,COPE-Ábside Media,privado,false,regla automática (regex sobre el nombre)
COPE VINAROZ FM.,COPE-Ábside Media,privado,false,regla automática (regex sobre el nombre)
COPE XATIVA,COPE-Ábside Media,privado,false,regla automática (regex sobre el nombre)
COPE Y Cadena 100,COPE-Ábside Media,privado,false,regla automática (regex sobre el nombre)
COPE ZARAGOZA,COPE-Ábside Media,privado,false,regla automática (regex sobre el nombre)
COPE ZARAGOZA CONJUNTA (FM+OM+MAS).,COPE-Ábside Media,privado,false,regla automática (regex sobre el nombre)
"COPE Zaragoza, Cadena 100 Zaragoza y Rock FM Zaragoza",COPE-Ábside Media,privado,false,regla automática (regex sobre el nombre)
"COPE, ROCK FM, CADENA CIEN",COPE-Ábside Media,privado,false,regla automática (regex sobre el nombre)
COPE.,COPE-Ábside Media,privado,false,regla automática (regex sobre el nombre)
CUÑAS PUBLICITARIAS EN CADENA COPE (RADIO POPULAR),COPE-Ábside Media,privado,false,regla automática (regex sobre el nombre)
Cadena 100 (Campaña a jóvenes),COPE-Ábside Media,privado,false,regla automática (regex sobre el nombre)
Cadena 100 - COPE,COPE-Ábside Media,privado,false,regla automática (regex sobre el nombre)
Cadena 100 Benidorm,COPE-Ábside Media,privado,false,regla automática (regex sobre el nombre)
Cadena 100 regional CV,COPE-Ábside Media,privado,false,regla automática (regex sobre el nombre)
Cadena Cope Alicante,COPE-Ábside Media,privado,false,regla automática (regex sobre el nombre)
Cadena Cope Castellón,COPE-Ábside Media,privado,false,regla automática (regex sobre el nombre)
Cadena Cope Reg Valenciana,COPE-Ábside Media,privado,false,regla automática (regex sobre el nombre)
Cadena Cope Valencia,COPE-Ábside Media,privado,false,regla automática (regex sobre el nombre)
Cope (Alcoy),COPE-Ábside Media,privado,false,regla automática (regex sobre el nombre)
Cope (Reg Valencia),COPE-Ábside Media,privado,false,regla automática (regex sobre el nombre)
"Cope Zaragoza (Radio Popular, S.A.)",COPE-Ábside Media,privado,false,regla automática (regex sobre el nombre)
"Cope Zaragoza Radio Popular, S.A.",COPE-Ábside Media,privado,false,regla automática (regex sobre el nombre)
GRUPO COPE-ÁBSIDE MEDIA,COPE-Ábside Media,privado,false,regla automática (regex sobre el nombre)
Grupo COPE,COPE-Ábside Media,privado,false,regla automática (regex sobre el nombre)
Grupo COPE-Abside Media,COPE-Ábside Media,privado,false,regla automática (regex sobre el nombre)
HIT RADIO Y CADENA 100 SOBRARBE,COPE-Ábside Media,privado,false,regla automática (regex sobre el nombre)
LA COPE,COPE-Ábside Media,privado,false,regla automática (regex sobre el nombre)
LA COPE COMUNITAT VALENCIANA,COPE-Ábside Media,privado,false,regla automática (regex sobre el nombre)
LA COPE MAS REGIONAL,COPE-Ábside Media,privado,false,regla automática (regex sobre el nombre)
LA COPE REGIONAL,COPE-Ábside Media,privado,false,regla automática (regex sobre el nombre)
MEGASTAR FM MADRID.,COPE-Ábside Media,privado,false,regla automática (regex sobre el nombre)
MEGASTAR MADRID,COPE-Ábside Media,privado,false,regla automática (regex sobre el nombre)
RADIO POPULAR S.A.-COPE ZARAGOZA,COPE-Ábside Media,privado,false,regla automática (regex sobre el nombre)
REVISTA ANUARIO COPE,COPE-Ábside Media,privado,false,regla automática (regex sobre el nombre)
REVISTA COPE,COPE-Ábside Media,privado,false,regla automática (regex sobre el nombre)
ROCK FM,COPE-Ábside Media,privado,false,regla automática (regex sobre el nombre)
ROCK FM ARAGÓN,COPE-Ábside Media,privado,false,regla automática (regex sobre el nombre)
ROCK FM HUESCA,COPE-Ábside Media,privado,false,regla automática (regex sobre el nombre)
ROCK FM MADRID.,COPE-Ábside Media,privado,false,regla automática (regex sobre el nombre)
ROCK FM TERUEL,COPE-Ábside Media,privado,false,regla automática (regex sobre el nombre)
ROCK FM Y CADENA 100,COPE-Ábside Media,privado,false,regla automática (regex sobre el nombre)
ROCK FM ZARAGOZA,COPE-Ábside Media,privado,false,regla automática (regex sobre el nombre)
ROCKFM MADRID,COPE-Ábside Media,privado,false,regla automática (regex sobre el nombre)
ROCKFM.COM,COPE-Ábside Media,privado,false,regla automática (regex sobre el nombre)
Radio COPE,COPE-Ábside Media,privado,false,regla automática (regex sobre el nombre)
Radio Popular de Bilbao – Bilbo Herri Irratia,COPE-Ábside Media,privado,false,regla automática (regex sobre el nombre)
"Radio Popular, S.A.",COPE-Ábside Media,privado,false,regla automática (regex sobre el nombre)
Rock FM Alicante,COPE-Ábside Media,privado,false,regla automática (regex sobre el nombre)
Rock FM Valencia,COPE-Ábside Media,privado,false,regla automática (regex sobre el nombre)
TRECE TV,COPE-Ábside Media,privado,false,regla automática (regex sobre el nombre)
WEGOW.COM/EUROPAFM.COM/MEGASTAR.FM,COPE-Ábside Media,privado,false,regla automática (regex sobre el nombre)
cope.es,COPE-Ábside Media,privado,false,regla automática (regex sobre el nombre)
Corporación Radio Television de Galicia,CRTVG,publico,true,regla automática (regex sobre el nombre)
CLEAR CHANNEL,Clear Channel,privado,false,regla automática (regex sobre el nombre)
CLEAR CHANNEL ESPAÑA S.L.U.,Clear Channel,privado,false,regla automática (regex sobre el nombre)
"CLEAR CHANNEL ESPAÑA, S.L.U.",Clear Channel,privado,false,regla automática (regex sobre el nombre)
CLEAR CHANNEL MOBIL URB PRODUC,Clear Channel,privado,false,regla automática (regex sobre el nombre)
CLEAR CHANNEL MOBILIARIO URBAN,Clear Channel,privado,false,regla automática (regex sobre el nombre)
CLEAR CHANNEL PRODUCCION (1236),Clear Channel,privado,false,regla automática (regex sobre el nombre)
CLEAR CHANNEL PRODUCCIÓ,Clear Channel,privado,false,regla automática (regex sobre el nombre)
DIARI DE TARRAGONA,Diari de Tarragona,privado,false,regla automática (regex sobre el nombre)
DIARI DE TARRAGONA (WEB),Diari de Tarragona,privado,false,regla automática (regex sobre el nombre)
LIBRO DIARIO DE TARRAGONA,Diari de Tarragona,privado,false,regla automática (regex sobre el nombre)
Baleuko (convenio Eitb),EITB,publico,true,regla automática (regex sobre el nombre)
ETB,EITB,publico,true,regla automática (regex sobre el nombre)
Eitb.eus y Nahieran,EITB,publico,true,regla automática (regex sobre el nombre)
Etb 2 (surfing 360),EITB,publico,true,regla automática (regex sobre el nombre)
Etb 3 (surfing 360),EITB,publico,true,regla automática (regex sobre el nombre)
Etb 4 (surfing 360),EITB,publico,true,regla automática (regex sobre el nombre)
Etb-1,EITB,publico,true,regla automática (regex sobre el nombre)
Etb1 (surfing 360),EITB,publico,true,regla automática (regex sobre el nombre)
Euskadi Irratia,EITB,publico,true,regla automática (regex sobre el nombre)
Euskadi Irratia (1-15 diciembre),EITB,publico,true,regla automática (regex sobre el nombre)
Euskadi Irratia – Surfing 360,EITB,publico,true,regla automática (regex sobre el nombre)
Gaztea,EITB,publico,true,regla automática (regex sobre el nombre)
Gaztea (1-15 diciembre),EITB,publico,true,regla automática (regex sobre el nombre)
Gaztea – Surfing 360,EITB,publico,true,regla automática (regex sobre el nombre)
Gm Precision Vídeo - Eitb,EITB,publico,true,regla automática (regex sobre el nombre)
Radio Euskadi,EITB,publico,true,regla automática (regex sobre el nombre)
Radio Euskadi (1-15 diciembre),EITB,publico,true,regla automática (regex sobre el nombre)
Radio Euskadi (Campaña 948 Merkatua),EITB,publico,true,regla automática (regex sobre el nombre)
Radio Euskadi – Surfing 360,EITB,publico,true,regla automática (regex sobre el nombre)
Radio Euskadi-Euskadi Irratia,EITB,publico,true,regla automática (regex sobre el nombre)
Radio Vitoria,EITB,publico,true,regla automática (regex sobre el nombre)
Radio Vitoria (1-15 diciembre),EITB,publico,true,regla automática (regex sobre el nombre)
Radio Vitoria – Surfing 360,EITB,publico,true,regla automática (regex sobre el nombre)
eitb.com,EITB,publico,true,regla automática (regex sobre el nombre)
eitb.eus (Surfing 360),EITB,publico,true,regla automática (regex sobre el nombre)
etb 1,EITB,publico,true,regla automática (regex sobre el nombre)
etb 2,EITB,publico,true,regla automática (regex sobre el nombre)
etb1,EITB,publico,true,regla automática (regex sobre el nombre)
etb2,EITB,publico,true,regla automática (regex sobre el nombre)
Digital: elEconomista.es,Ecoprensa (elEconomista),privado,false,regla automática (regex sobre el nombre)
"EDITORIAL ECOPRENSA, SA",Ecoprensa (elEconomista),privado,false,regla automática (regex sobre el nombre)
EL ECONOMISTA (PAPEL Y WEB),Ecoprensa (elEconomista),privado,false,regla automática (regex sobre el nombre)
EL ECONOMISTA (PAPEL),Ecoprensa (elEconomista),privado,false,regla automática (regex sobre el nombre)
EL ECONOMISTA (WEB),Ecoprensa (elEconomista),privado,false,regla automática (regex sobre el nombre)
EL ECONOMISTA.ES,Ecoprensa (elEconomista),privado,false,regla automática (regex sobre el nombre)
ELECONOMISTA (INTERNET),Ecoprensa (elEconomista),privado,false,regla automática (regex sobre el nombre)
ELECONOMISTA.,Ecoprensa (elEconomista),privado,false,regla automática (regex sobre el nombre)
ELECONOMISTA.ES,Ecoprensa (elEconomista),privado,false,regla automática (regex sobre el nombre)
ELECONOMISTA.ES Ed.Com.Valenciana,Ecoprensa (elEconomista),privado,false,regla automática (regex sobre el nombre)
Editorial EcoPrensa SL,Ecoprensa (elEconomista),privado,false,regla automática (regex sobre el nombre)
"Editorial Ecoprensa, S.A.",Ecoprensa (elEconomista),privado,false,regla automática (regex sobre el nombre)
El Economista,Ecoprensa (elEconomista),privado,false,regla automática (regex sobre el nombre)
El Economista Revista Euskadi,Ecoprensa (elEconomista),privado,false,regla automática (regex sobre el nombre)
"GRUPO EDITORIAL ECOPRENSA, S.A.",Ecoprensa (elEconomista),privado,false,regla automática (regex sobre el nombre)
Suplemento el economista,Ecoprensa (elEconomista),privado,false,regla automática (regex sobre el nombre)
eleconomista,Ecoprensa (elEconomista),privado,false,regla automática (regex sobre el nombre)
eleconomista.com,Ecoprensa (elEconomista),privado,false,regla automática (regex sobre el nombre)
eleconomista.es (diciembre),Ecoprensa (elEconomista),privado,false,regla automática (regex sobre el nombre)
eleconomista.es (enero),Ecoprensa (elEconomista),privado,false,regla automática (regex sobre el nombre)
eleconomista.es (febrero),Ecoprensa (elEconomista),privado,false,regla automática (regex sobre el nombre)
eleconomista.es (julio),Ecoprensa (elEconomista),privado,false,regla automática (regex sobre el nombre)
eleconomista.es (junio),Ecoprensa (elEconomista),privado,false,regla automática (regex sobre el nombre)
eleconomista.es (noviembre),Ecoprensa (elEconomista),privado,false,regla automática (regex sobre el nombre)
eleconomista.es (octubre),Ecoprensa (elEconomista),privado,false,regla automática (regex sobre el nombre)
eleconomista.es (septiembre),Ecoprensa (elEconomista),privado,false,regla automática (regex sobre el nombre)
eleconomista.es - transporte (julio),Ecoprensa (elEconomista),privado,false,regla automática (regex sobre el nombre)
eleconomista.es - transporte (junio),Ecoprensa (elEconomista),privado,false,regla automática (regex sobre el nombre)
El Adelantado de Segovia,El Adelantado de Segovia,privado,false,regla automática (regex sobre el nombre)
"El Adelantado de Segovia, S.L.",El Adelantado de Segovia,privado,false,regla automática (regex sobre el nombre)
DIRCONFIDENCIAL,El Confidencial,privado,false,regla automática (regex sobre el nombre)
EL CONFIDENCIAL CV,El Confidencial,privado,false,regla automática (regex sobre el nombre)
EL CONFIDENCIAL NACIONAL,El Confidencial,privado,false,regla automática (regex sobre el nombre)
EL CONFIDENCIAL.COM,El Confidencial,privado,false,regla automática (regex sobre el nombre)
EL CONFIDENCIAL.COM Ip Com.Vciana.,El Confidencial,privado,false,regla automática (regex sobre el nombre)
ELCONFIDENCIAL,El Confidencial,privado,false,regla automática (regex sobre el nombre)
ELCONFIDENCIAL.,El Confidencial,privado,false,regla automática (regex sobre el nombre)
ELCONFIDENCIAL.COM,El Confidencial,privado,false,regla automática (regex sobre el nombre)
ELCONFIDENCIAL.COM Ip Com.Vciana.,El Confidencial,privado,false,regla automática (regex sobre el nombre)
ELCONFIDENCIALDIGITAL,El Confidencial,privado,false,regla automática (regex sobre el nombre)
ELCONFIDENCIALDIGITAL.COM,El Confidencial,privado,false,regla automática (regex sobre el nombre)
El Confidencial,El Confidencial,privado,false,regla automática (regex sobre el nombre)
El Confidencial (IP Región de Murcia),El Confidencial,privado,false,regla automática (regex sobre el nombre)
"PUBLICACIONES CONFIDENCIALES, SL",El Confidencial,privado,false,regla automática (regex sobre el nombre)
SL El Confidencial-Titaina Compañía editorial,El Confidencial,privado,false,regla automática (regex sobre el nombre)
VANITATIS.ELCONFIDENCIAL.COM,El Confidencial,privado,false,regla automática (regex sobre el nombre)
EL ESPAÑOL,El Español,privado,false,regla automática (regex sobre el nombre)
EL ESPAÑOL Alicante,El Español,privado,false,regla automática (regex sobre el nombre)
EL ESPAÑOL CV,El Español,privado,false,regla automática (regex sobre el nombre)
EL ESPAÑOL DE ALICANTE,El Español,privado,false,regla automática (regex sobre el nombre)
EL ESPAÑOL NACIONAL,El Español,privado,false,regla automática (regex sobre el nombre)
"EL LEON DE EL ESPAÑOL PUBLICACIONES, SA",El Español,privado,false,regla automática (regex sobre el nombre)
ELESPANOL.,El Español,privado,false,regla automática (regex sobre el nombre)
ELESPAÑOL,El Español,privado,false,regla automática (regex sobre el nombre)
ELESPAÑOL.COM,El Español,privado,false,regla automática (regex sobre el nombre)
ELESPAÑOL.COM/INVERTIA,El Español,privado,false,regla automática (regex sobre el nombre)
El Español (IP Región de Murcia),El Español,privado,false,regla automática (regex sobre el nombre)
El Español - NoticiasCyL.com,El Español,privado,false,regla automática (regex sobre el nombre)
"El Leon de El Español Publicaciones, S.A.",El Español,privado,false,regla automática (regex sobre el nombre)
"El León de El Español Publicaciones, S.A.",El Español,privado,false,regla automática (regex sobre el nombre)
elespanol.com,El Español,privado,false,regla automática (regex sobre el nombre)
EL NACIONAL,El Nacional,privado,false,regla automática (regex sobre el nombre)
ELNACIONAL,El Nacional,privado,false,regla automática (regex sobre el nombre)
ELNACIONAL.,El Nacional,privado,false,regla automática (regex sobre el nombre)
ELNACIONAL.CAT,El Nacional,privado,false,regla automática (regex sobre el nombre)
"MUNDO, EL NACIONAL",El Nacional,privado,false,regla automática (regex sobre el nombre)
Agencia Europa Press,Europa Press,privado,false,regla automática (regex sobre el nombre)
EUROPA PRESS (WEB Y TV),Europa Press,privado,false,regla automática (regex sobre el nombre)
EUROPA PRESS (WEB),Europa Press,privado,false,regla automática (regex sobre el nombre)
EUROPA PRESS NOTICIAS,Europa Press,privado,false,regla automática (regex sobre el nombre)
EUROPA PRESS.ES,Europa Press,privado,false,regla automática (regex sobre el nombre)
Europa Press,Europa Press,privado,false,regla automática (regex sobre el nombre)
Europa Press.com,Europa Press,privado,false,regla automática (regex sobre el nombre)
INSERCIÓN DE BANNER EN EUROPA PRESS,Europa Press,privado,false,regla automática (regex sobre el nombre)
FORTA,FORTA (televisiones autonómicas),publico,true,regla automática (regex sobre el nombre)
FORTA CANAL SUR,FORTA (televisiones autonómicas),publico,true,regla automática (regex sobre el nombre)
FORTA TVG,FORTA (televisiones autonómicas),publico,true,regla automática (regex sobre el nombre)
FLAIX FM,Grup Flaix,privado,false,regla automática (regex sobre el nombre)
FLAIX FM DE BARCELONA,Grup Flaix,privado,false,regla automática (regex sobre el nombre)
FLAIX Online,Grup Flaix,privado,false,regla automática (regex sobre el nombre)
FLAIXBAC,Grup Flaix,privado,false,regla automática (regex sobre el nombre)
FLAIXBAC PRODUCCIÓ,Grup Flaix,privado,false,regla automática (regex sobre el nombre)
FLAIXFM.NET,Grup Flaix,privado,false,regla automática (regex sobre el nombre)
GRUPO FLAIX,Grup Flaix,privado,false,regla automática (regex sobre el nombre)
DIARISEGRE.COM,Grup Segre,privado,false,regla automática (regex sobre el nombre)
LLEIDA TV (desd 2024 imputat a 8. SEGRE),Grup Segre,privado,false,regla automática (regex sobre el nombre)
PORTAVEU DEL SEGRE MITJÀ,Grup Segre,privado,false,regla automática (regex sobre el nombre)
RÀDIO SEGRE,Grup Segre,privado,false,regla automática (regex sobre el nombre)
SEGRE,Grup Segre,privado,false,regla automática (regex sobre el nombre)
SEGRE.,Grup Segre,privado,false,regla automática (regex sobre el nombre)
SEGRE.CAT,Grup Segre,privado,false,regla automática (regex sobre el nombre)
RADIO TELETAXI,Grup TeleTaxi,privado,false,regla automática (regex sobre el nombre)
RÀDIO TELE-TAXI,Grup TeleTaxi,privado,false,regla automática (regex sobre el nombre)
TELE-TAXI TV,Grup TeleTaxi,privado,false,regla automática (regex sobre el nombre)
ARA,Grupo Ara,privado,false,regla automática (regex sobre el nombre)
ARA.,Grupo Ara,privado,false,regla automática (regex sobre el nombre)
ARA.CAT,Grupo Ara,privado,false,regla automática (regex sobre el nombre)
8 Tv,Grupo Godó,privado,false,regla automática (regex sobre el nombre)
8TV,Grupo Godó,privado,false,regla automática (regex sobre el nombre)
CULTURAS (LA VANGUARDIA),Grupo Godó,privado,false,regla automática (regex sobre el nombre)
CULTURAS LA VANGUARDIA,Grupo Godó,privado,false,regla automática (regex sobre el nombre)
EL MUNDO DEPORTIVO,Grupo Godó,privado,false,regla automática (regex sobre el nombre)
ELMUNDODEPORTIVO,Grupo Godó,privado,false,regla automática (regex sobre el nombre)
ELMUNDODEPORTIVO.,Grupo Godó,privado,false,regla automática (regex sobre el nombre)
ELMUNDODEPORTIVO.ES,Grupo Godó,privado,false,regla automática (regex sobre el nombre)
GODO,Grupo Godó,privado,false,regla automática (regex sobre el nombre)
GODO STRATEGIES,Grupo Godó,privado,false,regla automática (regex sobre el nombre)
GODÓ Online,Grupo Godó,privado,false,regla automática (regex sobre el nombre)
GRUPO GODO,Grupo Godó,privado,false,regla automática (regex sobre el nombre)
GRUPO GODÓ,Grupo Godó,privado,false,regla automática (regex sobre el nombre)
"Godo Strategies, SLU",Grupo Godó,privado,false,regla automática (regex sobre el nombre)
"Godo strategies, s.l.u.",Grupo Godó,privado,false,regla automática (regex sobre el nombre)
"Godó Strategies, S.L.",Grupo Godó,privado,false,regla automática (regex sobre el nombre)
LA VANGUARDIA,Grupo Godó,privado,false,regla automática (regex sobre el nombre)
LA VANGUARDIA (EDUCACIÓN),Grupo Godó,privado,false,regla automática (regex sobre el nombre)
LA VANGUARDIA (EMPLEO),Grupo Godó,privado,false,regla automática (regex sobre el nombre)
LA VANGUARDIA (FORMACIÓN),Grupo Godó,privado,false,regla automática (regex sobre el nombre)
LA VANGUARDIA (INNOVACIÓN-DEPORTE),Grupo Godó,privado,false,regla automática (regex sobre el nombre)
LA VANGUARDIA (LOGÍSTICA),Grupo Godó,privado,false,regla automática (regex sobre el nombre)
LA VANGUARDIA (MEDIO AMBIENTE),Grupo Godó,privado,false,regla automática (regex sobre el nombre)
LA VANGUARDIA (PAPEL Y WEB),Grupo Godó,privado,false,regla automática (regex sobre el nombre)
LA VANGUARDIA (PAPEL),Grupo Godó,privado,false,regla automática (regex sobre el nombre)
LA VANGUARDIA (UNIVERSAL),Grupo Godó,privado,false,regla automática (regex sobre el nombre)
LA VANGUARDIA (WEB),Grupo Godó,privado,false,regla automática (regex sobre el nombre)
LA VANGUARDIA CV,Grupo Godó,privado,false,regla automática (regex sobre el nombre)
LA VANGUARDIA NACIONAL,Grupo Godó,privado,false,regla automática (regex sobre el nombre)
LAVANGUARDIA.,Grupo Godó,privado,false,regla automática (regex sobre el nombre)
LAVANGUARDIA.COM,Grupo Godó,privado,false,regla automática (regex sobre el nombre)
LAVANGUARDIA.ES,Grupo Godó,privado,false,regla automática (regex sobre el nombre)
LAVANGUARDIA.ES +,Grupo Godó,privado,false,regla automática (regex sobre el nombre)
La Vanguardia (IP Región de Murcia),Grupo Godó,privado,false,regla automática (regex sobre el nombre)
La Vanguardia - Culturas,Grupo Godó,privado,false,regla automática (regex sobre el nombre)
La Vanguardia - Godó Strategies SLU,Grupo Godó,privado,false,regla automática (regex sobre el nombre)
La Vanguardia - Viajar,Grupo Godó,privado,false,regla automática (regex sobre el nombre)
MAGAZINE LA VANGUARDIA,Grupo Godó,privado,false,regla automática (regex sobre el nombre)
MUNDO DEPORTIVO,Grupo Godó,privado,false,regla automática (regex sobre el nombre)
"MUNDO DEPORTIVO, EL",Grupo Godó,privado,false,regla automática (regex sobre el nombre)
MUNDODEPORTIVO.,Grupo Godó,privado,false,regla automática (regex sobre el nombre)
PERIÓDICO LA VANGUARDIA,Grupo Godó,privado,false,regla automática (regex sobre el nombre)
"QUÈ FEM (VANGUARDIA, LA)",Grupo Godó,privado,false,regla automática (regex sobre el nombre)
RAC 1,Grupo Godó,privado,false,regla automática (regex sobre el nombre)
RAC 105,Grupo Godó,privado,false,regla automática (regex sobre el nombre)
RAC1,Grupo Godó,privado,false,regla automática (regex sobre el nombre)
RAC1 BARCELONA.,Grupo Godó,privado,false,regla automática (regex sobre el nombre)
RAC1 DESCONEXIÓN BARCELONA.,Grupo Godó,privado,false,regla automática (regex sobre el nombre)
RAC1 PRODUCCIÓ,Grupo Godó,privado,false,regla automática (regex sobre el nombre)
RAC1 PRODUCCIÓN.,Grupo Godó,privado,false,regla automática (regex sobre el nombre)
RAC1.,Grupo Godó,privado,false,regla automática (regex sobre el nombre)
RAC1.CAT,Grupo Godó,privado,false,regla automática (regex sobre el nombre)
RAC1.ORG,Grupo Godó,privado,false,regla automática (regex sobre el nombre)
RAC105.,Grupo Godó,privado,false,regla automática (regex sobre el nombre)
VANGUARDIA,Grupo Godó,privado,false,regla automática (regex sobre el nombre)
VANGUARDIA MAGAZINE,Grupo Godó,privado,false,regla automática (regex sobre el nombre)
"VANGUARDIA, LA",Grupo Godó,privado,false,regla automática (regex sobre el nombre)
"VANGUARDIA, LA COMUNIDAD VALENCIANA",Grupo Godó,privado,false,regla automática (regex sobre el nombre)
VIAJAR LA VANGUARDIA,Grupo Godó,privado,false,regla automática (regex sobre el nombre)
VIAJAR SUPLEMENTO VANGUARDIA,Grupo Godó,privado,false,regla automática (regex sobre el nombre)
WEMASS (GRUPOS PRISA+GODÓ+VOCENTO),Grupo Godó,privado,false,regla automática (regex sobre el nombre)
20 MINUTOS,Grupo Henneo,privado,false,regla automática (regex sobre el nombre)
20 MINUTOS (PAPEL Y WEB),Grupo Henneo,privado,false,regla automática (regex sobre el nombre)
20 MINUTOS (WEB),Grupo Henneo,privado,false,regla automática (regex sobre el nombre)
20 MINUTOS BCN,Grupo Henneo,privado,false,regla automática (regex sobre el nombre)
20 MINUTOS CV,Grupo Henneo,privado,false,regla automática (regex sobre el nombre)
20 MINUTOS ED.MADRID,Grupo Henneo,privado,false,regla automática (regex sobre el nombre)
20 MINUTOS MADRID,Grupo Henneo,privado,false,regla automática (regex sobre el nombre)
20 MINUTOS NACIONAL,Grupo Henneo,privado,false,regla automática (regex sobre el nombre)
20 MINUTOS VALENCIA,Grupo Henneo,privado,false,regla automática (regex sobre el nombre)
20 MINUTOS VCIA,Grupo Henneo,privado,false,regla automática (regex sobre el nombre)
20 MINUTOS.COM,Grupo Henneo,privado,false,regla automática (regex sobre el nombre)
20 MINUTOS.COM ASSOCIACIÓ PREMSA COMARCAL,Grupo Henneo,privado,false,regla automática (regex sobre el nombre)
20 MINUTOS.ES,Grupo Henneo,privado,false,regla automática (regex sobre el nombre)
20 minutos (IP Región de Murcia),Grupo Henneo,privado,false,regla automática (regex sobre el nombre)
20MINUTOS,Grupo Henneo,privado,false,regla automática (regex sobre el nombre)
20MINUTOS.,Grupo Henneo,privado,false,regla automática (regex sobre el nombre)
20MINUTOS.ES,Grupo Henneo,privado,false,regla automática (regex sobre el nombre)
Diario Soria / El Heraldo,Grupo Henneo,privado,false,regla automática (regex sobre el nombre)
Digital: 20 minutos,Grupo Henneo,privado,false,regla automática (regex sobre el nombre)
El Heraldo - Diario de Soria,Grupo Henneo,privado,false,regla automática (regex sobre el nombre)
El Heraldo de Soria,Grupo Henneo,privado,false,regla automática (regex sobre el nombre)
Grupo Henneo,Grupo Henneo,privado,false,regla automática (regex sobre el nombre)
HERALDO (DOMINGO) Y HERALDO.ES,Grupo Henneo,privado,false,regla automática (regex sobre el nombre)
HERALDO (SUPLEMENTO ESPECIAL DEL 700 ANIVERSARIO DEL ARCHIVO DE LA CORONA DE ARAGON),Grupo Henneo,privado,false,regla automática (regex sobre el nombre)
HERALDO DE ARAGON,Grupo Henneo,privado,false,regla automática (regex sobre el nombre)
HERALDO DE ARAGON EDITORA SLU,Grupo Henneo,privado,false,regla automática (regex sobre el nombre)
"HERALDO DE ARAGON EDITORA, S.L.U",Grupo Henneo,privado,false,regla automática (regex sobre el nombre)
HERALDO DE ARAGÓN,Grupo Henneo,privado,false,regla automática (regex sobre el nombre)
HERALDO DE ARAGÓN (PAPEL Y WEB),Grupo Henneo,privado,false,regla automática (regex sobre el nombre)
HERALDO DE ARAGÓN (PAPEL),Grupo Henneo,privado,false,regla automática (regex sobre el nombre)
"HERALDO DE ARAGÓN (PAPEL, WEB) Y 20 MINUTOS (WEB)",Grupo Henneo,privado,false,regla automática (regex sobre el nombre)
HERALDO DE ARAGÓN (WEB),Grupo Henneo,privado,false,regla automática (regex sobre el nombre)
HERALDO DE ARAGÓN (WEB) Y 20 MINUTOS (WEB),Grupo Henneo,privado,false,regla automática (regex sobre el nombre)
"HERALDO DE ARAGÓN EDITORA, S.L.U.",Grupo Henneo,privado,false,regla automática (regex sobre el nombre)
HERALDO DE ARAGÓN Y 20 MINUTOS (PAPEL Y WEB),Grupo Henneo,privado,false,regla automática (regex sobre el nombre)
HERALDO DE ARAGÓN Y HERALDO.ES,Grupo Henneo,privado,false,regla automática (regex sobre el nombre)
HERALDO DE ARAGÓN Y WEB,Grupo Henneo,privado,false,regla automática (regex sobre el nombre)
HERALDO DE ARAGÓN.ES,Grupo Henneo,privado,false,regla automática (regex sobre el nombre)
HERALDO Y DIARIO DEL ALTOARAGÓN,Grupo Henneo,privado,false,regla automática (regex sobre el nombre)
HERALDO.,Grupo Henneo,privado,false,regla automática (regex sobre el nombre)
HERALDO.COM,Grupo Henneo,privado,false,regla automática (regex sobre el nombre)
HERALDO.ES,Grupo Henneo,privado,false,regla automática (regex sobre el nombre)
Henneo,Grupo Henneo,privado,false,regla automática (regex sobre el nombre)
Heraldo,Grupo Henneo,privado,false,regla automática (regex sobre el nombre)
Heraldo Aragón Editora S.L.U.,Grupo Henneo,privado,false,regla automática (regex sobre el nombre)
"Heraldo Aragón Editora, S.L.U.",Grupo Henneo,privado,false,regla automática (regex sobre el nombre)
INSERCIÓN DE BANNER EN HERALDO.ES,Grupo Henneo,privado,false,regla automática (regex sobre el nombre)
OCI.CAT (20 MINUTOS),Grupo Henneo,privado,false,regla automática (regex sobre el nombre)
PERIÓDICO 20 MINUTOS,Grupo Henneo,privado,false,regla automática (regex sobre el nombre)
PERIÓDICO 20 MINUTOS (WEB),Grupo Henneo,privado,false,regla automática (regex sobre el nombre)
Prensa digital: el Heraldo y Diario del Alto Aragón,Grupo Henneo,privado,false,regla automática (regex sobre el nombre)
SUPLEMENTO CON MUCHO GUSTO DE HERALDO,Grupo Henneo,privado,false,regla automática (regex sobre el nombre)
WEB PERIÓDICO 20 MINUTOS,Grupo Henneo,privado,false,regla automática (regex sobre el nombre)
DIARIODENAVARRA.,Grupo La Información (Diario de Navarra),privado,false,regla automática (regex sobre el nombre)
Diario de Navarra,Grupo La Información (Diario de Navarra),privado,false,regla automática (regex sobre el nombre)
EL DIARIO DE NAVARRA,Grupo La Información (Diario de Navarra),privado,false,regla automática (regex sobre el nombre)
EL DIARIO DE NAVARRA (WEB),Grupo La Información (Diario de Navarra),privado,false,regla automática (regex sobre el nombre)
diariodenavarra.es,Grupo La Información (Diario de Navarra),privado,false,regla automática (regex sobre el nombre)
DEIA.,Grupo Noticias,privado,false,regla automática (regex sobre el nombre)
DIARIO DE NOTICIAS DE NAVARRA,Grupo Noticias,privado,false,regla automática (regex sobre el nombre)
DIARIO DE NOTICIAS DE NAVARRA (WEB),Grupo Noticias,privado,false,regla automática (regex sobre el nombre)
Deia,Grupo Noticias,privado,false,regla automática (regex sobre el nombre)
Diario de Noticias,Grupo Noticias,privado,false,regla automática (regex sobre el nombre)
Diario de Noticias de Álava,Grupo Noticias,privado,false,regla automática (regex sobre el nombre)
Diario de Noticias de Álava – Green Encounter,Grupo Noticias,privado,false,regla automática (regex sobre el nombre)
EDICIONES IPARRAGUIRRE,Grupo Noticias,privado,false,regla automática (regex sobre el nombre)
GRUPO NOTICIAS,Grupo Noticias,privado,false,regla automática (regex sobre el nombre)
NOTICIAS DE NAVARRA,Grupo Noticias,privado,false,regla automática (regex sobre el nombre)
NOTICIAS DE NAVARRA (WEB),Grupo Noticias,privado,false,regla automática (regex sobre el nombre)
NOTICIAS DE ÁLAVA,Grupo Noticias,privado,false,regla automática (regex sobre el nombre)
Noticias de Gipuzkoa,Grupo Noticias,privado,false,regla automática (regex sobre el nombre)
Onda Vasca,Grupo Noticias,privado,false,regla automática (regex sobre el nombre)
Onda Vasca (GRUPO NOTICIAS),Grupo Noticias,privado,false,regla automática (regex sobre el nombre)
musikakm0.eus (Grupo Noticias),Grupo Noticias,privado,false,regla automática (regex sobre el nombre)
noticiasdenavarra.com,Grupo Noticias,privado,false,regla automática (regex sobre el nombre)
"99,9 PLAZA RADIO",Grupo Plaza,privado,false,regla automática (regex sobre el nombre)
99.9 PLAZA RADIO,Grupo Plaza,privado,false,regla automática (regex sobre el nombre)
ALICANTE PLAZA,Grupo Plaza,privado,false,regla automática (regex sobre el nombre)
ALICANTE PLAZA (REVISTA),Grupo Plaza,privado,false,regla automática (regex sobre el nombre)
ALICANTE PLAZA S.L.,Grupo Plaza,privado,false,regla automática (regex sobre el nombre)
CASTELLON PLAZA,Grupo Plaza,privado,false,regla automática (regex sobre el nombre)
CASTELLON PLAZA.,Grupo Plaza,privado,false,regla automática (regex sobre el nombre)
CASTELLÓN PLAZA,Grupo Plaza,privado,false,regla automática (regex sobre el nombre)
CASTELLÓN PLAZA (REVISTA),Grupo Plaza,privado,false,regla automática (regex sobre el nombre)
Digital GRUPO PLAZA,Grupo Plaza,privado,false,regla automática (regex sobre el nombre)
"EDICIONES CASTELLÓN PLAZA 2018, S.L.",Grupo Plaza,privado,false,regla automática (regex sobre el nombre)
"EDICIONES CASTELLÓN PLAZA 2018, S.L.U.",Grupo Plaza,privado,false,regla automática (regex sobre el nombre)
Ediciones Valencia plaza,Grupo Plaza,privado,false,regla automática (regex sobre el nombre)
GRUPO PLAZA,Grupo Plaza,privado,false,regla automática (regex sobre el nombre)
GRUPO PLAZA (CAMPAÑA BALANCE),Grupo Plaza,privado,false,regla automática (regex sobre el nombre)
GRUPO PLAZA (CAMPAÑA BONO),Grupo Plaza,privado,false,regla automática (regex sobre el nombre)
VALENCIA PLAZA,Grupo Plaza,privado,false,regla automática (regex sobre el nombre)
VALENCIA PLAZA (REVISTA),Grupo Plaza,privado,false,regla automática (regex sobre el nombre)
VALENCIA PLAZA.COM,Grupo Plaza,privado,false,regla automática (regex sobre el nombre)
Valencia Plaza - Ediciones Plaza S.A,Grupo Plaza,privado,false,regla automática (regex sobre el nombre)
'Cinco Días' berezia,Grupo Prisa,privado,false,regla automática (regex sobre el nombre)
40 Principales - SER,Grupo Prisa,privado,false,regla automática (regex sobre el nombre)
"97,7 RADIO VALENCIA",Grupo Prisa,privado,false,regla automática (regex sobre el nombre)
APP ELPAIS,Grupo Prisa,privado,false,regla automática (regex sobre el nombre)
AS,Grupo Prisa,privado,false,regla automática (regex sobre el nombre)
AS.COM,Grupo Prisa,privado,false,regla automática (regex sobre el nombre)
BABELIA EL PAIS,Grupo Prisa,privado,false,regla automática (regex sobre el nombre)
BABELIA EL PAÍS,Grupo Prisa,privado,false,regla automática (regex sobre el nombre)
CADENA 40,Grupo Prisa,privado,false,regla automática (regex sobre el nombre)
CADENA 40 ALICANTE,Grupo Prisa,privado,false,regla automática (regex sobre el nombre)
CADENA 40 CASTELLON,Grupo Prisa,privado,false,regla automática (regex sobre el nombre)
CADENA 40 CASTELLÓN,Grupo Prisa,privado,false,regla automática (regex sobre el nombre)
CADENA 40 CV,Grupo Prisa,privado,false,regla automática (regex sobre el nombre)
CADENA 40 NACIONAL,Grupo Prisa,privado,false,regla automática (regex sobre el nombre)
CADENA 40 PRINCIPALES,Grupo Prisa,privado,false,regla automática (regex sobre el nombre)
CADENA 40 VALENCIA,Grupo Prisa,privado,false,regla automática (regex sobre el nombre)
CADENA DIAL,Grupo Prisa,privado,false,regla automática (regex sobre el nombre)
CADENA DIAL ALCOY,Grupo Prisa,privado,false,regla automática (regex sobre el nombre)
CADENA DIAL ARAGÓN,Grupo Prisa,privado,false,regla automática (regex sobre el nombre)
CADENA DIAL BINÉFAR,Grupo Prisa,privado,false,regla automática (regex sobre el nombre)
CADENA DIAL CASTELLON,Grupo Prisa,privado,false,regla automática (regex sobre el nombre)
CADENA DIAL CV,Grupo Prisa,privado,false,regla automática (regex sobre el nombre)
CADENA DIAL GANDÍA,Grupo Prisa,privado,false,regla automática (regex sobre el nombre)
CADENA DIAL NACIONAL,Grupo Prisa,privado,false,regla automática (regex sobre el nombre)
CADENA LOS40 PRINCIPALES,Grupo Prisa,privado,false,regla automática (regex sobre el nombre)
CADENA REGIONAL SER VALENCIANA,Grupo Prisa,privado,false,regla automática (regex sobre el nombre)
CADENA REGIONAL SER VALENCIANA.,Grupo Prisa,privado,false,regla automática (regex sobre el nombre)
CADENA SER (CAMPAÑA BONO),Grupo Prisa,privado,false,regla automática (regex sobre el nombre)
CADENA SER ALCOY OM Y FM,Grupo Prisa,privado,false,regla automática (regex sobre el nombre)
CADENA SER ALICANTE,Grupo Prisa,privado,false,regla automática (regex sobre el nombre)
CADENA SER ARAGON,Grupo Prisa,privado,false,regla automática (regex sobre el nombre)
CADENA SER ARAGÓN,Grupo Prisa,privado,false,regla automática (regex sobre el nombre)
CADENA SER ARAGÓN (RADIO Y WEB),Grupo Prisa,privado,false,regla automática (regex sobre el nombre)
CADENA SER ARAGÓN (WEB),Grupo Prisa,privado,false,regla automática (regex sobre el nombre)
CADENA SER CASTELLÓN,Grupo Prisa,privado,false,regla automática (regex sobre el nombre)
CADENA SER CASTELON,Grupo Prisa,privado,false,regla automática (regex sobre el nombre)
CADENA SER CIR. REG. CV,Grupo Prisa,privado,false,regla automática (regex sobre el nombre)
CADENA SER COMUNITAT VALENCIANA,Grupo Prisa,privado,false,regla automática (regex sobre el nombre)
CADENA SER CV,Grupo Prisa,privado,false,regla automática (regex sobre el nombre)
CADENA SER ESPAÑA,Grupo Prisa,privado,false,regla automática (regex sobre el nombre)
CADENA SER FM/OM,Grupo Prisa,privado,false,regla automática (regex sobre el nombre)
CADENA SER NACIONAL,Grupo Prisa,privado,false,regla automática (regex sobre el nombre)
CADENA SER REGIONAL,Grupo Prisa,privado,false,regla automática (regex sobre el nombre)
CADENA SER/ PBS,Grupo Prisa,privado,false,regla automática (regex sobre el nombre)
CAPITAL RADIO MADRID,Capital Radio,privado,false,corregido a mano (la regla automática lo asignaba a otro grupo)
CAPITAL RADIO MADRID.,Capital Radio,privado,false,corregido a mano (la regla automática lo asignaba a otro grupo)
CAPITAL RADIO VALENCIA,Grupo Prisa,privado,false,regla automática (regex sobre el nombre)
CINCO DIAS (WEB),Grupo Prisa,privado,false,regla automática (regex sobre el nombre)
CINCO DIAS NACIONAL,Grupo Prisa,privado,false,regla automática (regex sobre el nombre)
CINCO DÍAS Edició Cat.,Grupo Prisa,privado,false,regla automática (regex sobre el nombre)
CINCO DÍAS Edició Catalunya,Grupo Prisa,privado,false,regla automática (regex sobre el nombre)
CINCO DÍAS Edició Esp.,Grupo Prisa,privado,false,regla automática (regex sobre el nombre)
"COPE, SER y Onda Cero",Grupo Prisa,privado,false,regla automática (regex sobre el nombre)
CUÑAS PUBLICITARIAS EN RADIO HUESCA,Grupo Prisa,privado,false,regla automática (regex sobre el nombre)
CUÑAS PUBLICITARIAS EN RADIO ZARAGOZA,Grupo Prisa,privado,false,regla automática (regex sobre el nombre)
Cadena 40 PPLE,Grupo Prisa,privado,false,regla automática (regex sobre el nombre)
Cadena Dial - SER,Grupo Prisa,privado,false,regla automática (regex sobre el nombre)
Cadena Dial Alicante,Grupo Prisa,privado,false,regla automática (regex sobre el nombre)
Cadena Dial Castellón,Grupo Prisa,privado,false,regla automática (regex sobre el nombre)
Cadena Dial Valencia,Grupo Prisa,privado,false,regla automática (regex sobre el nombre)
Cadena SER,Grupo Prisa,privado,false,regla automática (regex sobre el nombre)
Cadena SER (SER Alicante),Grupo Prisa,privado,false,regla automática (regex sobre el nombre)
Cadena SER (SER Castellón),Grupo Prisa,privado,false,regla automática (regex sobre el nombre)
Cadena SER -SOCIEDAD ESPAÑOLA DE RADIODIFUSIÓN SLU,Grupo Prisa,privado,false,regla automática (regex sobre el nombre)
Cadena Ser (Pre-roll),Grupo Prisa,privado,false,regla automática (regex sobre el nombre)
Cadena Ser Castelló,Grupo Prisa,privado,false,regla automática (regex sobre el nombre)
Cadena Ser Els Ports,Grupo Prisa,privado,false,regla automática (regex sobre el nombre)
Cadena Ser Fm Valencia,Grupo Prisa,privado,false,regla automática (regex sobre el nombre)
Cadena Ser Fm/Om (Alcoy),Grupo Prisa,privado,false,regla automática (regex sobre el nombre)
Cadena Ser Orihuela,Grupo Prisa,privado,false,regla automática (regex sobre el nombre)
Cadena Ser Radio,Grupo Prisa,privado,false,regla automática (regex sobre el nombre)
Cadena Ser Reg. Valenciana,Grupo Prisa,privado,false,regla automática (regex sobre el nombre)
Cadena Ser San Sebastián,Grupo Prisa,privado,false,regla automática (regex sobre el nombre)
Cadena Ser Teruel,Grupo Prisa,privado,false,regla automática (regex sobre el nombre)
Cadena Ser Valencia,Grupo Prisa,privado,false,regla automática (regex sobre el nombre)
Cadena Ser.,Grupo Prisa,privado,false,regla automática (regex sobre el nombre)
Cinco Días,Grupo Prisa,privado,false,regla automática (regex sobre el nombre)
Cinco Días (40 Aniversario),Grupo Prisa,privado,false,regla automática (regex sobre el nombre)
Cinco Días (USA),Grupo Prisa,privado,false,regla automática (regex sobre el nombre)
DIAL,Grupo Prisa,privado,false,regla automática (regex sobre el nombre)
DIAL ALCOY,Grupo Prisa,privado,false,regla automática (regex sobre el nombre)
DIAL ALICANTE,Grupo Prisa,privado,false,regla automática (regex sobre el nombre)
DIAL ALICANTE.,Grupo Prisa,privado,false,regla automática (regex sobre el nombre)
DIAL BENIDORM,Grupo Prisa,privado,false,regla automática (regex sobre el nombre)
DIAL BENIDORM.,Grupo Prisa,privado,false,regla automática (regex sobre el nombre)
DIAL BINEFAR,Grupo Prisa,privado,false,regla automática (regex sobre el nombre)
DIAL BINÉFAR,Grupo Prisa,privado,false,regla automática (regex sobre el nombre)
DIAL CASTELLÓN,Grupo Prisa,privado,false,regla automática (regex sobre el nombre)
DIAL CASTELLÓN.,Grupo Prisa,privado,false,regla automática (regex sobre el nombre)
DIAL EJEA DE LOS CABALLEROS,Grupo Prisa,privado,false,regla automática (regex sobre el nombre)
DIAL GANDIA.,Grupo Prisa,privado,false,regla automática (regex sobre el nombre)
DIAL GANDÍA,Grupo Prisa,privado,false,regla automática (regex sobre el nombre)
DIAL HUESCA,Grupo Prisa,privado,false,regla automática (regex sobre el nombre)
DIAL MADRID,Grupo Prisa,privado,false,regla automática (regex sobre el nombre)
DIAL MADRID.,Grupo Prisa,privado,false,regla automática (regex sobre el nombre)
DIAL OSONA-BAGES-CAT.CENTRAL,Grupo Prisa,privado,false,regla automática (regex sobre el nombre)
DIAL ROTOVA,Grupo Prisa,privado,false,regla automática (regex sobre el nombre)
DIAL ROTOVA.,Grupo Prisa,privado,false,regla automática (regex sobre el nombre)
DIAL TERUEL,Grupo Prisa,privado,false,regla automática (regex sobre el nombre)
DIAL VALENCIA,Grupo Prisa,privado,false,regla automática (regex sobre el nombre)
DIAL VALENCIA.,Grupo Prisa,privado,false,regla automática (regex sobre el nombre)
DIAL ZARAGOZA,Grupo Prisa,privado,false,regla automática (regex sobre el nombre)
DIARIO AS,Grupo Prisa,privado,false,regla automática (regex sobre el nombre)
DIARIO AS (WEB),Grupo Prisa,privado,false,regla automática (regex sobre el nombre)
Dial Alacant,Grupo Prisa,privado,false,regla automática (regex sobre el nombre)
Digital: El Pais con IP Aragón,Grupo Prisa,privado,false,regla automática (regex sobre el nombre)
EL PAIS,Grupo Prisa,privado,false,regla automática (regex sobre el nombre)
EL PAIS (CAMPAÑA IA),Grupo Prisa,privado,false,regla automática (regex sobre el nombre)
EL PAIS (PAPEL Y WEB),Grupo Prisa,privado,false,regla automática (regex sobre el nombre)
"EL PAIS (PAPEL Y WEB), REVISTA GUÍA DEL VIAJERO",Grupo Prisa,privado,false,regla automática (regex sobre el nombre)
EL PAIS (PAPEL),Grupo Prisa,privado,false,regla automática (regex sobre el nombre)
EL PAIS (WEB),Grupo Prisa,privado,false,regla automática (regex sobre el nombre)
EL PAIS BABELIA,Grupo Prisa,privado,false,regla automática (regex sobre el nombre)
EL PAIS CV,Grupo Prisa,privado,false,regla automática (regex sobre el nombre)
EL PAIS ED.MADRID,Grupo Prisa,privado,false,regla automática (regex sobre el nombre)
EL PAIS NACIONAL,Grupo Prisa,privado,false,regla automática (regex sobre el nombre)
EL PAIS SEMANAL,Grupo Prisa,privado,false,regla automática (regex sobre el nombre)
EL PAIS SEMANAL (EPS),Grupo Prisa,privado,false,regla automática (regex sobre el nombre)
EL PAIS Y AS (PAPEL Y WEB),Grupo Prisa,privado,false,regla automática (regex sobre el nombre)
EL PAIS Y CINCO DIAS,Grupo Prisa,privado,false,regla automática (regex sobre el nombre)
EL PAIS Y CINCO DIAS (WEB),Grupo Prisa,privado,false,regla automática (regex sobre el nombre)
EL PAIS.COM,Grupo Prisa,privado,false,regla automática (regex sobre el nombre)
EL PAÍS (IP COM VCIA),Grupo Prisa,privado,false,regla automática (regex sobre el nombre)
EL PAÍS (WEB),Grupo Prisa,privado,false,regla automática (regex sobre el nombre)
EL PAÍS (WEB) Y CINCO DÍAS (WEB),Grupo Prisa,privado,false,regla automática (regex sobre el nombre)
EL PAÍS DIGITAL,Grupo Prisa,privado,false,regla automática (regex sobre el nombre)
EL PAÍS ED.MADRID,Grupo Prisa,privado,false,regla automática (regex sobre el nombre)
EL PAÍS SEMANAL (EPS),Grupo Prisa,privado,false,regla automática (regex sobre el nombre)
EL PAÍS Y CINCO DIAS,Grupo Prisa,privado,false,regla automática (regex sobre el nombre)
EL VIAJERO (EL PAIS),Grupo Prisa,privado,false,regla automática (regex sobre el nombre)
EL VIAJERO (SUPLEMENTO DE EL PAIS),Grupo Prisa,privado,false,regla automática (regex sobre el nombre)
ELPAIS,Grupo Prisa,privado,false,regla automática (regex sobre el nombre)
ELPAIS.,Grupo Prisa,privado,false,regla automática (regex sobre el nombre)
ELPAIS.CAT,Grupo Prisa,privado,false,regla automática (regex sobre el nombre)
ELPAIS.COM,Grupo Prisa,privado,false,regla automática (regex sobre el nombre)
ELPAIS.COM +,Grupo Prisa,privado,false,regla automática (regex sobre el nombre)
ELPAIS.COM/BABELIA,Grupo Prisa,privado,false,regla automática (regex sobre el nombre)
ELPAIS.COM/ICON,Grupo Prisa,privado,false,regla automática (regex sobre el nombre)
ELPAIS.COM/TENTACIONES,Grupo Prisa,privado,false,regla automática (regex sobre el nombre)
ELPAIS.ES ip Com.Valenciana,Grupo Prisa,privado,false,regla automática (regex sobre el nombre)
ELPAÍS.COM,Grupo Prisa,privado,false,regla automática (regex sobre el nombre)
ELVIAJERO.ELPAIS.COM,Grupo Prisa,privado,false,regla automática (regex sobre el nombre)
Ediciones El Pais SL,Grupo Prisa,privado,false,regla automática (regex sobre el nombre)
Ediciones El País SL,Grupo Prisa,privado,false,regla automática (regex sobre el nombre)
"Ediciones El pais, s.l.",Grupo Prisa,privado,false,regla automática (regex sobre el nombre)
Edicions del Pais Valencia SA,Grupo Prisa,privado,false,regla automática (regex sobre el nombre)
El Pais - elviajero.com,Grupo Prisa,privado,false,regla automática (regex sobre el nombre)
El País,Grupo Prisa,privado,false,regla automática (regex sobre el nombre)
El País (IP Región de Murcia),Grupo Prisa,privado,false,regla automática (regex sobre el nombre)
El País - Babelia,Grupo Prisa,privado,false,regla automática (regex sobre el nombre)
El País - El viajero,Grupo Prisa,privado,false,regla automática (regex sobre el nombre)
El País -Elviajero.com,Grupo Prisa,privado,false,regla automática (regex sobre el nombre)
El País CV,Grupo Prisa,privado,false,regla automática (regex sobre el nombre)
El País Ed. Cat.,Grupo Prisa,privado,false,regla automática (regex sobre el nombre)
El País Semanal,Grupo Prisa,privado,false,regla automática (regex sobre el nombre)
El país viajero,Grupo Prisa,privado,false,regla automática (regex sobre el nombre)
GESTIONA RADIO MADRID,Grupo Prisa,privado,false,regla automática (regex sobre el nombre)
Grupo Estudios Económicos SA (Cinco Días),Grupo Prisa,privado,false,regla automática (regex sobre el nombre)
Grupo Prisa,Grupo Prisa,privado,false,regla automática (regex sobre el nombre)
HIT RADIO HUESCA,Grupo Prisa,privado,false,regla automática (regex sobre el nombre)
INFORMA RADIO MADRID.,Grupo Prisa,privado,false,regla automática (regex sobre el nombre)
INTER RADIO MADRID,Grupo Prisa,privado,false,regla automática (regex sobre el nombre)
Jornada Cinco Días (40 Aniversario),Grupo Prisa,privado,false,regla automática (regex sobre el nombre)
LA VEU DEL PAIS VALENCIA,Grupo Prisa,privado,false,regla automática (regex sobre el nombre)
LOS 40 ARAGÓN,Grupo Prisa,privado,false,regla automática (regex sobre el nombre)
LOS 40 BAJO ARAGÓN,Grupo Prisa,privado,false,regla automática (regex sobre el nombre)
LOS 40 CLASSIC,Grupo Prisa,privado,false,regla automática (regex sobre el nombre)
LOS 40 CLASSIC BAJO ARAGÓN,Grupo Prisa,privado,false,regla automática (regex sobre el nombre)
LOS 40 CLASSIC CASTELLÓN,Grupo Prisa,privado,false,regla automática (regex sobre el nombre)
LOS 40 CLASSIC HUESCA,Grupo Prisa,privado,false,regla automática (regex sobre el nombre)
LOS 40 CLASSIC OSONA-BAGES-CAT.CENTRAL,Grupo Prisa,privado,false,regla automática (regex sobre el nombre)
LOS 40 CLASSIC VALENCIA,Grupo Prisa,privado,false,regla automática (regex sobre el nombre)
LOS 40 CLASSIC ZARAGOZA,Grupo Prisa,privado,false,regla automática (regex sobre el nombre)
LOS 40 CV,Grupo Prisa,privado,false,regla automática (regex sobre el nombre)
LOS 40 DANCE,Grupo Prisa,privado,false,regla automática (regex sobre el nombre)
LOS 40 EJEA DE LOS CABALLEROS,Grupo Prisa,privado,false,regla automática (regex sobre el nombre)
LOS 40 HUESCA,Grupo Prisa,privado,false,regla automática (regex sobre el nombre)
LOS 40 LA LITERA,Grupo Prisa,privado,false,regla automática (regex sobre el nombre)
LOS 40 OSONA-BAGES-CAT.CENTRAL,Grupo Prisa,privado,false,regla automática (regex sobre el nombre)
LOS 40 PIRINEUS,Grupo Prisa,privado,false,regla automática (regex sobre el nombre)
LOS 40 PRINCIPALES,Grupo Prisa,privado,false,regla automática (regex sobre el nombre)
LOS 40 PRINCIPALES ALCOY,Grupo Prisa,privado,false,regla automática (regex sobre el nombre)
LOS 40 PRINCIPALES ALICANTE,Grupo Prisa,privado,false,regla automática (regex sobre el nombre)
LOS 40 PRINCIPALES BENIDORM,Grupo Prisa,privado,false,regla automática (regex sobre el nombre)
LOS 40 PRINCIPALES CASTELLÓN,Grupo Prisa,privado,false,regla automática (regex sobre el nombre)
LOS 40 PRINCIPALES ELCHE,Grupo Prisa,privado,false,regla automática (regex sobre el nombre)
LOS 40 PRINCIPALES GANDÍA,Grupo Prisa,privado,false,regla automática (regex sobre el nombre)
LOS 40 PRINCIPALES ONTENIENTE,Grupo Prisa,privado,false,regla automática (regex sobre el nombre)
LOS 40 PRINCIPALES VALENCIA,Grupo Prisa,privado,false,regla automática (regex sobre el nombre)
LOS 40 RIPOLLÈS-GARROTXA,Grupo Prisa,privado,false,regla automática (regex sobre el nombre)
LOS 40 TAMARITE,Grupo Prisa,privado,false,regla automática (regex sobre el nombre)
LOS 40 TERUEL,Grupo Prisa,privado,false,regla automática (regex sobre el nombre)
LOS 40 URBAN,Grupo Prisa,privado,false,regla automática (regex sobre el nombre)
LOS 40 URBAN ARAGÓN,Grupo Prisa,privado,false,regla automática (regex sobre el nombre)
LOS 40 URBAN ZARAGOZA,Grupo Prisa,privado,false,regla automática (regex sobre el nombre)
LOS 40 VALDEJALÓN,Grupo Prisa,privado,false,regla automática (regex sobre el nombre)
LOS 40 VALLE DEL JALÓN,Grupo Prisa,privado,false,regla automática (regex sobre el nombre)
LOS 40 Y CADENA DIAL,Grupo Prisa,privado,false,regla automática (regex sobre el nombre)
LOS 40 ZARAGOZA,Grupo Prisa,privado,false,regla automática (regex sobre el nombre)
LOS40,Grupo Prisa,privado,false,regla automática (regex sobre el nombre)
LOS40 ALCOY,Grupo Prisa,privado,false,regla automática (regex sobre el nombre)
LOS40 ALCOY.,Grupo Prisa,privado,false,regla automática (regex sobre el nombre)
LOS40 ALICANTE,Grupo Prisa,privado,false,regla automática (regex sobre el nombre)
LOS40 ALICANTE.,Grupo Prisa,privado,false,regla automática (regex sobre el nombre)
LOS40 BENIDORM,Grupo Prisa,privado,false,regla automática (regex sobre el nombre)
LOS40 BENIDORM.,Grupo Prisa,privado,false,regla automática (regex sobre el nombre)
LOS40 CASTELLÓN,Grupo Prisa,privado,false,regla automática (regex sobre el nombre)
LOS40 CASTELLÓN.,Grupo Prisa,privado,false,regla automática (regex sobre el nombre)
LOS40 CLASSIC MADRID.,Grupo Prisa,privado,false,regla automática (regex sobre el nombre)
LOS40 DANCE MADRID.,Grupo Prisa,privado,false,regla automática (regex sobre el nombre)
LOS40 ELCHE,Grupo Prisa,privado,false,regla automática (regex sobre el nombre)
LOS40 ELCHE.,Grupo Prisa,privado,false,regla automática (regex sobre el nombre)
LOS40 GANDÍA,Grupo Prisa,privado,false,regla automática (regex sobre el nombre)
LOS40 GANDÍA.,Grupo Prisa,privado,false,regla automática (regex sobre el nombre)
LOS40 MADRID,Grupo Prisa,privado,false,regla automática (regex sobre el nombre)
LOS40 MADRID.,Grupo Prisa,privado,false,regla automática (regex sobre el nombre)
LOS40 MEDITERRÁNEO.,Grupo Prisa,privado,false,regla automática (regex sobre el nombre)
LOS40 ONTENIENTE,Grupo Prisa,privado,false,regla automática (regex sobre el nombre)
LOS40 ONTENIENTE.,Grupo Prisa,privado,false,regla automática (regex sobre el nombre)
LOS40 URBAN MADRID,Grupo Prisa,privado,false,regla automática (regex sobre el nombre)
LOS40 URBAN MADRID.,Grupo Prisa,privado,false,regla automática (regex sobre el nombre)
LOS40 VALENCIA,Grupo Prisa,privado,false,regla automática (regex sobre el nombre)
LOS40 VALENCIA.,Grupo Prisa,privado,false,regla automática (regex sobre el nombre)
LOS40 VALLE (ELDA),Grupo Prisa,privado,false,regla automática (regex sobre el nombre)
LOS40 VALLE ELDA,Grupo Prisa,privado,false,regla automática (regex sobre el nombre)
LOS40 VALLE ELDA.,Grupo Prisa,privado,false,regla automática (regex sobre el nombre)
LOS40 VINAROZ,Grupo Prisa,privado,false,regla automática (regex sobre el nombre)
LOS40 VINAROZ.,Grupo Prisa,privado,false,regla automática (regex sobre el nombre)
LOS40.,Grupo Prisa,privado,false,regla automática (regex sobre el nombre)
LOS40.COM,Grupo Prisa,privado,false,regla automática (regex sobre el nombre)
La Ser,Grupo Prisa,privado,false,regla automática (regex sobre el nombre)
Los 40,Grupo Prisa,privado,false,regla automática (regex sobre el nombre)
Los 40 (Campaña a jóvenes),Grupo Prisa,privado,false,regla automática (regex sobre el nombre)
Los 40 Alacant,Grupo Prisa,privado,false,regla automática (regex sobre el nombre)
Los 40 Alcoy,Grupo Prisa,privado,false,regla automática (regex sobre el nombre)
Los 40 Alicante,Grupo Prisa,privado,false,regla automática (regex sobre el nombre)
Los 40 Benidorm,Grupo Prisa,privado,false,regla automática (regex sobre el nombre)
Los 40 Castellón,Grupo Prisa,privado,false,regla automática (regex sobre el nombre)
Los 40 Dénia,Grupo Prisa,privado,false,regla automática (regex sobre el nombre)
Los 40 Elche,Grupo Prisa,privado,false,regla automática (regex sobre el nombre)
Los 40 Elda,Grupo Prisa,privado,false,regla automática (regex sobre el nombre)
Los 40 Gandia,Grupo Prisa,privado,false,regla automática (regex sobre el nombre)
Los 40 Onteniente,Grupo Prisa,privado,false,regla automática (regex sobre el nombre)
Los 40 Valencia,Grupo Prisa,privado,false,regla automática (regex sobre el nombre)
Los 40 Vinaroz,Grupo Prisa,privado,false,regla automática (regex sobre el nombre)
M80,Grupo Prisa,privado,false,regla automática (regex sobre el nombre)
MAXIRADIO VALENCIA,Grupo Prisa,privado,false,regla automática (regex sobre el nombre)
MÁS QUE RADIO VALENCIA,Grupo Prisa,privado,false,regla automática (regex sobre el nombre)
"Onda Cero, Cope y Cadena Ser",Grupo Prisa,privado,false,regla automática (regex sobre el nombre)
"PAIS, EL BABELIA",Grupo Prisa,privado,false,regla automática (regex sobre el nombre)
"PAIS, EL C.VALENCIA",Grupo Prisa,privado,false,regla automática (regex sobre el nombre)
"PAIS, EL MADRID",Grupo Prisa,privado,false,regla automática (regex sobre el nombre)
"PAIS, EL SEMANAL",Grupo Prisa,privado,false,regla automática (regex sobre el nombre)
"PAIS, EL VALENCIA",Grupo Prisa,privado,false,regla automática (regex sobre el nombre)
"PAIS, EL VIAJERO",Grupo Prisa,privado,false,regla automática (regex sobre el nombre)
"PAÍS, EL",Grupo Prisa,privado,false,regla automática (regex sobre el nombre)
"PAÍS, EL Edició Cat.",Grupo Prisa,privado,false,regla automática (regex sobre el nombre)
"PAÍS, EL Edició Catalunya",Grupo Prisa,privado,false,regla automática (regex sobre el nombre)
"PAÍS, EL Edició Madrid",Grupo Prisa,privado,false,regla automática (regex sobre el nombre)
PEPE RADIO MADRID.,Grupo Prisa,privado,false,regla automática (regex sobre el nombre)
PRISA,Grupo Prisa,privado,false,regla automática (regex sobre el nombre)
PRISA BRAND SOLUTIONS,Grupo Prisa,privado,false,regla automática (regex sobre el nombre)
PRISA MEDIA,Grupo Prisa,privado,false,regla automática (regex sobre el nombre)
"PRISA MEDIA (CADENA SER, EL PAIS, AS)",Grupo Prisa,privado,false,regla automática (regex sobre el nombre)
PRISA Online,Grupo Prisa,privado,false,regla automática (regex sobre el nombre)
PRISA PRODUCCIÓ,Grupo Prisa,privado,false,regla automática (regex sobre el nombre)
PRODUCCIÓ PRISA,Grupo Prisa,privado,false,regla automática (regex sobre el nombre)
"Prisa Brand Solutions, S.L.",Grupo Prisa,privado,false,regla automática (regex sobre el nombre)
Prisa Media S.L.U El Cultural- Prensa Europa del Siglo XXI,Grupo Prisa,privado,false,regla automática (regex sobre el nombre)
"Prisa Media, S.A.",Grupo Prisa,privado,false,regla automática (regex sobre el nombre)
"Prisa Media, S.A.U.",Grupo Prisa,privado,false,regla automática (regex sobre el nombre)
"Prisa Media, S.L.U.",Grupo Prisa,privado,false,regla automática (regex sobre el nombre)
QUE! RADIO MADRID,Grupo Prisa,privado,false,regla automática (regex sobre el nombre)
R. MAXIRADIO VALENCIA,Grupo Prisa,privado,false,regla automática (regex sobre el nombre)
R. PLUS RADIO MADRID,Grupo Prisa,privado,false,regla automática (regex sobre el nombre)
R.CV RADIO VALENCIA,Grupo Prisa,privado,false,regla automática (regex sobre el nombre)
R.INTERECONOMIA RADIO VALENCIA,Grupo Prisa,privado,false,regla automática (regex sobre el nombre)
R.PEQUERADIO CASTELLON,Grupo Prisa,privado,false,regla automática (regex sobre el nombre)
R.PLAY RADIO VALENCIA,Grupo Prisa,privado,false,regla automática (regex sobre el nombre)
RADIO ALICANTE FM-OM,Grupo Prisa,privado,false,regla automática (regex sobre el nombre)
RADIO ALICANTE OM Y FM,Grupo Prisa,privado,false,regla automática (regex sobre el nombre)
RADIO ALICANTE OM Y FM.,Grupo Prisa,privado,false,regla automática (regex sobre el nombre)
RADIO ALICANTE REVISTA SEMANAL DE ECONOMIA DEL,Grupo Prisa,privado,false,regla automática (regex sobre el nombre)
RADIO BARCELONA OM Y FM.,Grupo Prisa,privado,false,regla automática (regex sobre el nombre)
RADIO CASTELLÓN (SER),Grupo Prisa,privado,false,regla automática (regex sobre el nombre)
RADIO CASTELLÓN FM-OM,Grupo Prisa,privado,false,regla automática (regex sobre el nombre)
RADIO CASTELLÓN OM Y FM,Grupo Prisa,privado,false,regla automática (regex sobre el nombre)
RADIO CASTELLÓN OM Y FM.,Grupo Prisa,privado,false,regla automática (regex sobre el nombre)
"RADIO EBRE SER, LOS 40 EBRE Y DIAL EBRE",Grupo Prisa,privado,false,regla automática (regex sobre el nombre)
"RADIO EBRE SER, LOS 40 EBRE, DIAL EBRE",Grupo Prisa,privado,false,regla automática (regex sobre el nombre)
RADIO ELCHE OM Y FM,Grupo Prisa,privado,false,regla automática (regex sobre el nombre)
RADIO ELCHE OM Y FM.,Grupo Prisa,privado,false,regla automática (regex sobre el nombre)
RADIO HUESCA,Grupo Prisa,privado,false,regla automática (regex sobre el nombre)
"RADIO HUESCA, S.A.U.",Grupo Prisa,privado,false,regla automática (regex sobre el nombre)
RADIO HUESCA.COM,Grupo Prisa,privado,false,regla automática (regex sobre el nombre)
RADIO MADRID OM Y FM,Grupo Prisa,privado,false,regla automática (regex sobre el nombre)
RADIO MADRID OM Y FM.,Grupo Prisa,privado,false,regla automática (regex sobre el nombre)
RADIO PEQUERADIO CASTELLON,Grupo Prisa,privado,false,regla automática (regex sobre el nombre)
RADIO PEQUERADIO VALENCIA,Grupo Prisa,privado,false,regla automática (regex sobre el nombre)
RADIO VALENCIA,Grupo Prisa,privado,false,regla automática (regex sobre el nombre)
RADIO VALENCIA FM-OM,Grupo Prisa,privado,false,regla automática (regex sobre el nombre)
RADIO VALENCIA OM Y FM.,Grupo Prisa,privado,false,regla automática (regex sobre el nombre)
RADIO VALLADOLID OM Y SER DUERO FM,Grupo Prisa,privado,false,regla automática (regex sobre el nombre)
RADIO VALLADOLID OM Y SER DUERO FM.,Grupo Prisa,privado,false,regla automática (regex sobre el nombre)
RADIO ZARAGOZA,Grupo Prisa,privado,false,regla automática (regex sobre el nombre)
RADIO ZARAGOZA OM Y FM.,Grupo Prisa,privado,false,regla automática (regex sobre el nombre)
RADIO ZARAGOZA S.A.,Grupo Prisa,privado,false,regla automática (regex sobre el nombre)
RADIO ZARAGOZA SA,Grupo Prisa,privado,false,regla automática (regex sobre el nombre)
RADIO ZARAGOZA Y SER TERUEL,Grupo Prisa,privado,false,regla automática (regex sobre el nombre)
"RADIO ZARAGOZA, SA",Grupo Prisa,privado,false,regla automática (regex sobre el nombre)
REC RADIO MADRID,Grupo Prisa,privado,false,regla automática (regex sobre el nombre)
RED PRISA,Grupo Prisa,privado,false,regla automática (regex sobre el nombre)
RED PRISA NEWS,Grupo Prisa,privado,false,regla automática (regex sobre el nombre)
RETINA (EL PAIS),Grupo Prisa,privado,false,regla automática (regex sobre el nombre)
"Radio Ebre (Tortosa, Amposta, Gandesa) todas asociadas a cadena SER, los 40 Ebre y Dial Ebre cadenas musicales del Grupo Prisa",Grupo Prisa,privado,false,regla automática (regex sobre el nombre)
Radio Huesca S.A.U.,Grupo Prisa,privado,false,regla automática (regex sobre el nombre)
"Radio Huesca, Radio Jaca, Radio Sabiñanigo, Radio Barbastro, Radio Monzón y TV Huesca",Grupo Prisa,privado,false,regla automática (regex sobre el nombre)
Radio León,Grupo Prisa,privado,false,regla automática (regex sobre el nombre)
"Radio Murcia, S.A.",Grupo Prisa,privado,false,regla automática (regex sobre el nombre)
Radio Valencia OM y FM,Grupo Prisa,privado,false,regla automática (regex sobre el nombre)
Radio Valencia.es,Grupo Prisa,privado,false,regla automática (regex sobre el nombre)
Radio Zaragoza S.L. (SER),Grupo Prisa,privado,false,regla automática (regex sobre el nombre)
"Radio Zaragoza, S.A.",Grupo Prisa,privado,false,regla automática (regex sobre el nombre)
RÀDIO GIRONA,Grupo Prisa,privado,false,regla automática (regex sobre el nombre)
RÀDIO LOS40 PIRINEUS,Grupo Prisa,privado,false,regla automática (regex sobre el nombre)
RÀDIO TARRAGONA,Grupo Prisa,privado,false,regla automática (regex sobre el nombre)
SER,Grupo Prisa,privado,false,regla automática (regex sobre el nombre)
"SER (40, Dial, Radio Valencia)",Grupo Prisa,privado,false,regla automática (regex sobre el nombre)
SER (CAMPAÑA BALANCE),Grupo Prisa,privado,false,regla automática (regex sobre el nombre)
SER (Campaña a padres),Grupo Prisa,privado,false,regla automática (regex sobre el nombre)
SER (Comunidad de Madrid y Región de Murcia),Grupo Prisa,privado,false,regla automática (regex sobre el nombre)
SER AINSA,Grupo Prisa,privado,false,regla automática (regex sobre el nombre)
SER ALACANT,Grupo Prisa,privado,false,regla automática (regex sobre el nombre)
SER ALCOI,Grupo Prisa,privado,false,regla automática (regex sobre el nombre)
SER ALCOY,Grupo Prisa,privado,false,regla automática (regex sobre el nombre)
SER ALICANTE,Grupo Prisa,privado,false,regla automática (regex sobre el nombre)
SER ALICANTE 1,Grupo Prisa,privado,false,regla automática (regex sobre el nombre)
SER ALTOARAGÓN,Grupo Prisa,privado,false,regla automática (regex sobre el nombre)
SER Aragón,Grupo Prisa,privado,false,regla automática (regex sobre el nombre)
SER AÍNSA,Grupo Prisa,privado,false,regla automática (regex sobre el nombre)
SER BARBASTRO,Grupo Prisa,privado,false,regla automática (regex sobre el nombre)
SER BENASQUE,Grupo Prisa,privado,false,regla automática (regex sobre el nombre)
SER BENIDORM,Grupo Prisa,privado,false,regla automática (regex sobre el nombre)
SER BENIDORM.,Grupo Prisa,privado,false,regla automática (regex sobre el nombre)
SER BINÉFAR,Grupo Prisa,privado,false,regla automática (regex sobre el nombre)
SER C.REG. COMUNIDAD VALENCIANA,Grupo Prisa,privado,false,regla automática (regex sobre el nombre)
SER C.VALENCIANA,Grupo Prisa,privado,false,regla automática (regex sobre el nombre)
SER CADENA REGIONAL DE CATALUÑA,Grupo Prisa,privado,false,regla automática (regex sobre el nombre)
SER CADENA REGIONAL DE CATALUÑA (1947),Grupo Prisa,privado,false,regla automática (regex sobre el nombre)
SER CALATAYUD,Grupo Prisa,privado,false,regla automática (regex sobre el nombre)
SER CALATAYUD Y LOS 40 VALDEJALÓN,Grupo Prisa,privado,false,regla automática (regex sobre el nombre)
"SER CALATAYUD, SER CINCO VILLAS Y SER TARAZONA",Grupo Prisa,privado,false,regla automática (regex sobre el nombre)
SER CASTELLÓ,Grupo Prisa,privado,false,regla automática (regex sobre el nombre)
"SER CASTELLÓN (SER, FM40, DIAL, FM40 CLASSIC)",Grupo Prisa,privado,false,regla automática (regex sobre el nombre)
SER CATALUNYA,Grupo Prisa,privado,false,regla automática (regex sobre el nombre)
SER CINCO VILLAS,Grupo Prisa,privado,false,regla automática (regex sobre el nombre)
SER CIUDAD REAL FM.,Grupo Prisa,privado,false,regla automática (regex sobre el nombre)
SER CV,Grupo Prisa,privado,false,regla automática (regex sobre el nombre)
SER DENIA,Grupo Prisa,privado,false,regla automática (regex sobre el nombre)
SER ELCHE,Grupo Prisa,privado,false,regla automática (regex sobre el nombre)
SER ELS PORTS,Grupo Prisa,privado,false,regla automática (regex sobre el nombre)
SER ELX,Grupo Prisa,privado,false,regla automática (regex sobre el nombre)
SER GRAUS,Grupo Prisa,privado,false,regla automática (regex sobre el nombre)
SER HUESCA,Grupo Prisa,privado,false,regla automática (regex sobre el nombre)
SER JACA,Grupo Prisa,privado,false,regla automática (regex sobre el nombre)
SER LA VALL,Grupo Prisa,privado,false,regla automática (regex sobre el nombre)
SER LA VALL D'UIXÓ,Grupo Prisa,privado,false,regla automática (regex sobre el nombre)
SER MAESTRAT,Grupo Prisa,privado,false,regla automática (regex sobre el nombre)
SER MAESTRAT (BENICARLO) FM,Grupo Prisa,privado,false,regla automática (regex sobre el nombre)
SER MAESTRAT (BENICARLO) FM.,Grupo Prisa,privado,false,regla automática (regex sobre el nombre)
SER NACIONAL,Grupo Prisa,privado,false,regla automática (regex sobre el nombre)
SER OSONA-BAGES-CAT.CENTRAL,Grupo Prisa,privado,false,regla automática (regex sobre el nombre)
SER Online,Grupo Prisa,privado,false,regla automática (regex sobre el nombre)
SER PIRINEOS,Grupo Prisa,privado,false,regla automática (regex sobre el nombre)
SER RADIO HUESCA,Grupo Prisa,privado,false,regla automática (regex sobre el nombre)
SER RADIO JACA,Grupo Prisa,privado,false,regla automática (regex sobre el nombre)
SER REG. COM. VALENCIANA,Grupo Prisa,privado,false,regla automática (regex sobre el nombre)
SER REGIONAL ALCOY,Grupo Prisa,privado,false,regla automática (regex sobre el nombre)
SER REGIONAL VALENCIA,Grupo Prisa,privado,false,regla automática (regex sobre el nombre)
SER SABIÑANIGO,Grupo Prisa,privado,false,regla automática (regex sobre el nombre)
SER SABIÑÁNIGO,Grupo Prisa,privado,false,regla automática (regex sobre el nombre)
SER SARIÑENA,Grupo Prisa,privado,false,regla automática (regex sobre el nombre)
SER TARAZONA,Grupo Prisa,privado,false,regla automática (regex sobre el nombre)
SER TERUEL,Grupo Prisa,privado,false,regla automática (regex sobre el nombre)
"SER TERUEL, SER CALATAYUD, CINCO VILLAS BINEFAR Y TARAZONA",Grupo Prisa,privado,false,regla automática (regex sobre el nombre)
"SER TERUEL, SER CALATAYUD, SER CINCO VILLAS Y SER TARAZONA",Grupo Prisa,privado,false,regla automática (regex sobre el nombre)
"SER TERUEL, SER TARAZONA, SER CALATAYUD Y SER CINCO VILLAS",Grupo Prisa,privado,false,regla automática (regex sobre el nombre)
SER TOLEDO FM.,Grupo Prisa,privado,false,regla automática (regex sobre el nombre)
SER ZARAGOZA,Grupo Prisa,privado,false,regla automática (regex sobre el nombre)
SER ZARAGOZA (EMISORAS MUSICALES),Grupo Prisa,privado,false,regla automática (regex sobre el nombre)
"SER ZARAGOZA, SER CALATAYUD, SER CINCO VILLAS Y SER TARAZONA",Grupo Prisa,privado,false,regla automática (regex sobre el nombre)
"SER Zaragoza, S.L.",Grupo Prisa,privado,false,regla automática (regex sobre el nombre)
SER y Los 40,Grupo Prisa,privado,false,regla automática (regex sobre el nombre)
"SER, Los 40 y Cadena Dial",Grupo Prisa,privado,false,regla automática (regex sobre el nombre)
"SER, Los40, DIAL",Grupo Prisa,privado,false,regla automática (regex sobre el nombre)
SER/LOS 40 TARAZONA,Grupo Prisa,privado,false,regla automática (regex sobre el nombre)
SMODA.ELPAIS.COM,Grupo Prisa,privado,false,regla automática (regex sobre el nombre)
Ser Castellón,Grupo Prisa,privado,false,regla automática (regex sobre el nombre)
Ser Valencia,Grupo Prisa,privado,false,regla automática (regex sobre el nombre)
Ser València,Grupo Prisa,privado,false,regla automática (regex sobre el nombre)
Ser Vitoria,Grupo Prisa,privado,false,regla automática (regex sobre el nombre)
TOP RADIO MADRID.,Grupo Prisa,privado,false,regla automática (regex sobre el nombre)
WEB DE RADIO ZARAGOZA,Grupo Prisa,privado,false,regla automática (regex sobre el nombre)
Diario Palentino,Grupo Promecal,privado,false,regla automática (regex sobre el nombre)
Diario de Burgos,Grupo Promecal,privado,false,regla automática (regex sobre el nombre)
Diario de Ávila,Grupo Promecal,privado,false,regla automática (regex sobre el nombre)
El Día de Valladolid,Grupo Promecal,privado,false,regla automática (regex sobre el nombre)
Grupo Promecal,Grupo Promecal,privado,false,regla automática (regex sobre el nombre)
LA TRIBUNA DE CUENCA,Grupo Promecal,privado,false,regla automática (regex sobre el nombre)
LA TRIBUNA DE SALAMANCA,Grupo Promecal,privado,false,regla automática (regex sobre el nombre)
La Tribuna dde Talavera,Grupo Promecal,privado,false,regla automática (regex sobre el nombre)
La Tribuna de Albacete,Grupo Promecal,privado,false,regla automática (regex sobre el nombre)
La Tribuna de Ciudad Real,Grupo Promecal,privado,false,regla automática (regex sobre el nombre)
La Tribuna de Guadalajara,Grupo Promecal,privado,false,regla automática (regex sobre el nombre)
La Tribuna de Talavera,Grupo Promecal,privado,false,regla automática (regex sobre el nombre)
La Tribuna de Toledo,Grupo Promecal,privado,false,regla automática (regex sobre el nombre)
"La Tribuna del Noroeste, S.L.",Grupo Promecal,privado,false,regla automática (regex sobre el nombre)
Promecal Digitales,Grupo Promecal,privado,false,regla automática (regex sobre el nombre)
Grupo Telefónica,Grupo Telefónica,privado,false,regla automática (regex sobre el nombre)
MOVISTAR,Grupo Telefónica,privado,false,regla automática (regex sobre el nombre)
MOVISTAR +,Grupo Telefónica,privado,false,regla automática (regex sobre el nombre)
MOVISTAR TV,Grupo Telefónica,privado,false,regla automática (regex sobre el nombre)
MOVISTAR+,Grupo Telefónica,privado,false,regla automática (regex sobre el nombre)
MOVISTAR+.,Grupo Telefónica,privado,false,regla automática (regex sobre el nombre)
Movistar Arena,Grupo Telefónica,privado,false,regla automática (regex sobre el nombre)
Movistar Plus,Grupo Telefónica,privado,false,regla automática (regex sobre el nombre)
Páginas blancas-amarillas Telefónica,Grupo Telefónica,privado,false,regla automática (regex sobre el nombre)
TELEFÓNICA,Grupo Telefónica,privado,false,regla automática (regex sobre el nombre)
i Cinema Movistar +,Grupo Telefónica,privado,false,regla automática (regex sobre el nombre)
ABC,Grupo Vocento,privado,false,regla automática (regex sobre el nombre)
ABC (IP COM VCIA),Grupo Vocento,privado,false,regla automática (regex sobre el nombre)
ABC (IP Región de Murcia),Grupo Vocento,privado,false,regla automática (regex sobre el nombre)
ABC (PAPEL Y WEB),Grupo Vocento,privado,false,regla automática (regex sobre el nombre)
ABC (VOCENTO),Grupo Vocento,privado,false,regla automática (regex sobre el nombre)
ABC (WEB),Grupo Vocento,privado,false,regla automática (regex sobre el nombre)
ABC - CULTURA,Grupo Vocento,privado,false,regla automática (regex sobre el nombre)
ABC - VIAJAR,Grupo Vocento,privado,false,regla automática (regex sobre el nombre)
ABC COMUNIDAD VALENCIANA,Grupo Vocento,privado,false,regla automática (regex sobre el nombre)
ABC CULTURAL,Grupo Vocento,privado,false,regla automática (regex sobre el nombre)
ABC CV,Grupo Vocento,privado,false,regla automática (regex sobre el nombre)
ABC CyL,Grupo Vocento,privado,false,regla automática (regex sobre el nombre)
ABC DEL OCIO ED.MADRID,Grupo Vocento,privado,false,regla automática (regex sobre el nombre)
ABC DIGITAL,Grupo Vocento,privado,false,regla automática (regex sobre el nombre)
ABC ED.MADRID,Grupo Vocento,privado,false,regla automática (regex sobre el nombre)
ABC Ed. Cat.,Grupo Vocento,privado,false,regla automática (regex sobre el nombre)
ABC Edició Cat.,Grupo Vocento,privado,false,regla automática (regex sobre el nombre)
ABC Edició Catalunya,Grupo Vocento,privado,false,regla automática (regex sobre el nombre)
ABC Guía de Vinos,Grupo Vocento,privado,false,regla automática (regex sobre el nombre)
ABC MADRID,Grupo Vocento,privado,false,regla automática (regex sobre el nombre)
ABC NACIONAL,Grupo Vocento,privado,false,regla automática (regex sobre el nombre)
ABC NAUTICA,Grupo Vocento,privado,false,regla automática (regex sobre el nombre)
ABC SL,Grupo Vocento,privado,false,regla automática (regex sobre el nombre)
ABC SUPLEMENTOS,Grupo Vocento,privado,false,regla automática (regex sobre el nombre)
ABC VIAJAR Y NÁUTICA,Grupo Vocento,privado,false,regla automática (regex sobre el nombre)
ABC Viajar,Grupo Vocento,privado,false,regla automática (regex sobre el nombre)
ABC edición nacional,Grupo Vocento,privado,false,regla automática (regex sobre el nombre)
"ABC, DIARIO DE LA RIOJA, DIARIO VASCO, EL CORREO Y LAS PROVINCIAS Y XL SEMANAL",Grupo Vocento,privado,false,regla automática (regex sobre el nombre)
"ABC, DIARIO DE LA RIOJA, DIARIO VASCO, EL CORREO Y LAS PROVINCIAS, XL SEMANAL Y VOCENTO NEWS",Grupo Vocento,privado,false,regla automática (regex sobre el nombre)
ABC.,Grupo Vocento,privado,false,regla automática (regex sobre el nombre)
ABC.ES,Grupo Vocento,privado,false,regla automática (regex sobre el nombre)
"ABC.ES, VOCENTO NEWS, MUJERHOY.COM, XLSEMANAL.COM",Grupo Vocento,privado,false,regla automática (regex sobre el nombre)
ABC.ES/PLANB,Grupo Vocento,privado,false,regla automática (regex sobre el nombre)
ABC.es Viajes,Grupo Vocento,privado,false,regla automática (regex sobre el nombre)
ACUERDO VOCENTO,Grupo Vocento,privado,false,regla automática (regex sobre el nombre)
BurgosConecta,Grupo Vocento,privado,false,regla automática (regex sobre el nombre)
CABECERAS VOCENTO,Grupo Vocento,privado,false,regla automática (regex sobre el nombre)
CM Vocento,Grupo Vocento,privado,false,regla automática (regex sobre el nombre)
CMVOCENTO,Grupo Vocento,privado,false,regla automática (regex sobre el nombre)
Comercial Multimedia Vocento,Grupo Vocento,privado,false,regla automática (regex sobre el nombre)
"Comercial Multimedia Vocento, S.A.U.",Grupo Vocento,privado,false,regla automática (regex sobre el nombre)
ComiKD-El Diario Vasco,Grupo Vocento,privado,false,regla automática (regex sobre el nombre)
DESTINOS (VOCENTO),Grupo Vocento,privado,false,regla automática (regex sobre el nombre)
DESTINOS VOCENTO,Grupo Vocento,privado,false,regla automática (regex sobre el nombre)
DIARIO ABC Y ABC.ES,Grupo Vocento,privado,false,regla automática (regex sobre el nombre)
DIARIO ABC.ES,Grupo Vocento,privado,false,regla automática (regex sobre el nombre)
DIARIO LA RIOJA,Grupo Vocento,privado,false,regla automática (regex sobre el nombre)
DIARIO VASCO,Grupo Vocento,privado,false,regla automática (regex sobre el nombre)
"DIARIO VASCO, EL",Grupo Vocento,privado,false,regla automática (regex sobre el nombre)
DIARIOVASCO.,Grupo Vocento,privado,false,regla automática (regex sobre el nombre)
Diario Vasco (Supl. 'Empresas Nº 1'),Grupo Vocento,privado,false,regla automática (regex sobre el nombre)
Digital: ABC.es,Grupo Vocento,privado,false,regla automática (regex sobre el nombre)
EL CORREO (WEB),Grupo Vocento,privado,false,regla automática (regex sobre el nombre)
"EL CORREO DE ANDALUCÍA, SL",Grupo Vocento,privado,false,regla automática (regex sobre el nombre)
"ELCORREO.COM, ABC.ES DIARIOVASCO.COM",Grupo Vocento,privado,false,regla automática (regex sobre el nombre)
ELCORREOGALLEGO.,Grupo Vocento,privado,false,regla automática (regex sobre el nombre)
El Correo,Grupo Vocento,privado,false,regla automática (regex sobre el nombre)
El Correo de Burgos,Grupo Vocento,privado,false,regla automática (regex sobre el nombre)
El Correo edic. Bizkaia,Grupo Vocento,privado,false,regla automática (regex sobre el nombre)
El Correo edic. Álava,Grupo Vocento,privado,false,regla automática (regex sobre el nombre)
"El Correo Álava (Supl. 'Más Álava, Más Futuro')",Grupo Vocento,privado,false,regla automática (regex sobre el nombre)
"El Correo, El Diario Vasco, El Comercio, El Diario Montañes, El Norte de Castilla, Hoy, Las Provincias, La Verdad, Sur e Ideal de Granada",Grupo Vocento,privado,false,regla automática (regex sobre el nombre)
El Dia de la Rioja,Grupo Vocento,privado,false,regla automática (regex sobre el nombre)
El Diario Vasco,Grupo Vocento,privado,false,regla automática (regex sobre el nombre)
El Día de La Rioja,Grupo Vocento,privado,false,regla automática (regex sobre el nombre)
El Norte de Castilla,Grupo Vocento,privado,false,regla automática (regex sobre el nombre)
El Norte de Castilla Digital,Grupo Vocento,privado,false,regla automática (regex sobre el nombre)
FEDERICO DOMENECH (LAS PROVINCIAS),Grupo Vocento,privado,false,regla automática (regex sobre el nombre)
FEDERICO DOMENECH SA (LAS PROVINCIAS),Grupo Vocento,privado,false,regla automática (regex sobre el nombre)
GPS - LAS PROVINCIAS,Grupo Vocento,privado,false,regla automática (regex sobre el nombre)
Grupo Vocento,Grupo Vocento,privado,false,regla automática (regex sobre el nombre)
LA RIOJA,Grupo Vocento,privado,false,regla automática (regex sobre el nombre)
LAS PROVINCIAS,Grupo Vocento,privado,false,regla automática (regex sobre el nombre)
LAS PROVINCIAS (CAMPAÑA BALANCE),Grupo Vocento,privado,false,regla automática (regex sobre el nombre)
LAS PROVINCIAS (CAMPAÑA BONO),Grupo Vocento,privado,false,regla automática (regex sobre el nombre)
LAS PROVINCIAS (WEB),Grupo Vocento,privado,false,regla automática (regex sobre el nombre)
LAS PROVINCIAS DIGITAL,Grupo Vocento,privado,false,regla automática (regex sobre el nombre)
LAS PROVINCIAS ED. GENERAL,Grupo Vocento,privado,false,regla automática (regex sobre el nombre)
LAS PROVÍNCIAS,Grupo Vocento,privado,false,regla automática (regex sobre el nombre)
La Rioja TV,Grupo Vocento,privado,false,regla automática (regex sobre el nombre)
La Verdad,Grupo Vocento,privado,false,regla automática (regex sobre el nombre)
La Verdad Multimedia,Grupo Vocento,privado,false,regla automática (regex sobre el nombre)
"La Verdad Multimedia, S.A.",Grupo Vocento,privado,false,regla automática (regex sobre el nombre)
La Verdad y La Opinión de Murcia,Grupo Vocento,privado,false,regla automática (regex sobre el nombre)
Las Provincias (intercanvi Racing Legends),Grupo Vocento,privado,false,regla automática (regex sobre el nombre)
Las Provincias (intercanvi),Grupo Vocento,privado,false,regla automática (regex sobre el nombre)
LeonNoticias,Grupo Vocento,privado,false,regla automática (regex sobre el nombre)
MUJER HOY,Grupo Vocento,privado,false,regla automática (regex sobre el nombre)
PRENSA REGIONAL VOCENTO,Grupo Vocento,privado,false,regla automática (regex sobre el nombre)
REVISTA MUJER HOY,Grupo Vocento,privado,false,regla automática (regex sobre el nombre)
REVISTA XL SEMANAL,Grupo Vocento,privado,false,regla automática (regex sobre el nombre)
SUR,Grupo Vocento,privado,false,regla automática (regex sobre el nombre)
Suplemento Euskadi Avanza (El Correo),Grupo Vocento,privado,false,regla automática (regex sobre el nombre)
Suplementos Vocento,Grupo Vocento,privado,false,regla automática (regex sobre el nombre)
VOCENTO,Grupo Vocento,privado,false,regla automática (regex sobre el nombre)
VOCENTO NEWS,Grupo Vocento,privado,false,regla automática (regex sobre el nombre)
VOCENTO NEWS+MUJERHOY.COM,Grupo Vocento,privado,false,regla automática (regex sobre el nombre)
VOCENTO Online,Grupo Vocento,privado,false,regla automática (regex sobre el nombre)
VOCENTO Regionales más ABC,Grupo Vocento,privado,false,regla automática (regex sobre el nombre)
Vocento Destino,Grupo Vocento,privado,false,regla automática (regex sobre el nombre)
"Vocento Medios, S.A.U",Grupo Vocento,privado,false,regla automática (regex sobre el nombre)
"Vocento Medios, S.A.U.",Grupo Vocento,privado,false,regla automática (regex sobre el nombre)
"Vocento, S.A.",Grupo Vocento,privado,false,regla automática (regex sobre el nombre)
XL SEMANAL,Grupo Vocento,privado,false,regla automática (regex sobre el nombre)
XL SEMANAL +DOMINICAL,Grupo Vocento,privado,false,regla automática (regex sobre el nombre)
XL SEMANAL Y MUJER HOY (PAPEL Y WEB),Grupo Vocento,privado,false,regla automática (regex sobre el nombre)
XL SEMANAL+MAGAZINE,Grupo Vocento,privado,false,regla automática (regex sobre el nombre)
XLSEMANAL,Grupo Vocento,privado,false,regla automática (regex sobre el nombre)
diariovasco.com,Grupo Vocento,privado,false,regla automática (regex sobre el nombre)
elcorreo.com,Grupo Vocento,privado,false,regla automática (regex sobre el nombre)
Cines El Punt SA,Hermes Comunicacions (El Punt Avui),privado,false,regla automática (regex sobre el nombre)
EL PUNT AVUI TV,Hermes Comunicacions (El Punt Avui),privado,false,regla automática (regex sobre el nombre)
ELPUNTAVUI,Hermes Comunicacions (El Punt Avui),privado,false,regla automática (regex sobre el nombre)
ELPUNTAVUI.,Hermes Comunicacions (El Punt Avui),privado,false,regla automática (regex sobre el nombre)
ELPUNTAVUI.+,Hermes Comunicacions (El Punt Avui),privado,false,regla automática (regex sobre el nombre)
ELPUNTAVUI.CAT,Hermes Comunicacions (El Punt Avui),privado,false,regla automática (regex sobre el nombre)
ELPUNTAVUI.CAT+,Hermes Comunicacions (El Punt Avui),privado,false,regla automática (regex sobre el nombre)
PUNT AVUI,Hermes Comunicacions (El Punt Avui),privado,false,regla automática (regex sobre el nombre)
PUNT AVUI TV,Hermes Comunicacions (El Punt Avui),privado,false,regla automática (regex sobre el nombre)
"PUNT AVUI TV, EL",Hermes Comunicacions (El Punt Avui),privado,false,regla automática (regex sobre el nombre)
"PUNT AVUI, EL",Hermes Comunicacions (El Punt Avui),privado,false,regla automática (regex sobre el nombre)
JC DECAUX,JCDecaux,privado,false,regla automática (regex sobre el nombre)
JC DECAUX (METRO DE MADRID) PRODUCCION,JCDecaux,privado,false,regla automática (regex sobre el nombre)
JC DECAUX CANAL METRO MADRID,JCDecaux,privado,false,regla automática (regex sobre el nombre)
"JC DECAUX ESPAÑA, SLU",JCDecaux,privado,false,regla automática (regex sobre el nombre)
JC DECAUX METRO BCN.PRODUCCION,JCDecaux,privado,false,regla automática (regex sobre el nombre)
JC DECAUX METRO MADRID,JCDecaux,privado,false,regla automática (regex sobre el nombre)
JC DECAUX TRANSPPORT,JCDecaux,privado,false,regla automática (regex sobre el nombre)
"JC DECAUX, S.L.",JCDecaux,privado,false,regla automática (regex sobre el nombre)
"JC DECAUX, SL",JCDecaux,privado,false,regla automática (regex sobre el nombre)
JC Decaux (exteriores Euskotren y Metro Bilbao),JCDecaux,privado,false,regla automática (regex sobre el nombre)
JCDECAUX,JCDecaux,privado,false,regla automática (regex sobre el nombre)
JCDECAUX - MUPIS VALENCIA,JCDecaux,privado,false,regla automática (regex sobre el nombre)
JCDECAUX ESPAÑA,JCDecaux,privado,false,regla automática (regex sobre el nombre)
"JCDECAUX ESPAÑA, S.L.U.",JCDecaux,privado,false,regla automática (regex sobre el nombre)
JCDECAUX PRODUCCIÓ,JCDecaux,privado,false,regla automática (regex sobre el nombre)
JcDECAUX PROMEDIOS,JCDecaux,privado,false,regla automática (regex sobre el nombre)
MOBILIARI URBÀ VALÈNCIA (JCDECAUX),JCDecaux,privado,false,regla automática (regex sobre el nombre)
MOBILIARIA URBÀ ALACANT (JCDECAUX),JCDecaux,privado,false,regla automática (regex sobre el nombre)
MUPIS DIGITALES JC DECAUX : COLÓN XÁTIVA,JCDecaux,privado,false,regla automática (regex sobre el nombre)
MUPIS DIGITALES JC DECAUX: COLÓN XÀTIVA,JCDecaux,privado,false,regla automática (regex sobre el nombre)
MUPIS JC DECAUX,JCDecaux,privado,false,regla automática (regex sobre el nombre)
VALLAS Y MUPPIES JCDECAUX,JCDecaux,privado,false,regla automática (regex sobre el nombre)
VALLAS Y MUPPIES JCDECAUX VALLAS PUBLICITARIAS EXTERION MEDIA,JCDecaux,privado,false,regla automática (regex sobre el nombre)
GLOBAL,Kiss Media / Global,privado,false,regla automática (regex sobre el nombre)
GLOBAL MEDIA,Kiss Media / Global,privado,false,regla automática (regex sobre el nombre)
"GLOBAL MEDIA & ENTERTAIMENT, S.A.U.",Kiss Media / Global,privado,false,regla automática (regex sobre el nombre)
GLOBAL MEDIA & ENTERTAINMENT,Kiss Media / Global,privado,false,regla automática (regex sobre el nombre)
GLOBAL MEDIA & ENTERTAINMENT S.A.U.,Kiss Media / Global,privado,false,regla automática (regex sobre el nombre)
GLOBAL MEDIA AND ENTERTAINMENT,Kiss Media / Global,privado,false,regla automática (regex sobre el nombre)
GLOBAL MEDIA PRODUCCION,Kiss Media / Global,privado,false,regla automática (regex sobre el nombre)
"Global Media and Entertainment, S.A.U.",Kiss Media / Global,privado,false,regla automática (regex sobre el nombre)
HIT FM,Kiss Media / Global,privado,false,regla automática (regex sobre el nombre)
HIT FM HUESCA,Kiss Media / Global,privado,false,regla automática (regex sobre el nombre)
HIT FM MADRID,Kiss Media / Global,privado,false,regla automática (regex sobre el nombre)
HIT FM MADRID.,Kiss Media / Global,privado,false,regla automática (regex sobre el nombre)
HIT FM VALENCIA.,Kiss Media / Global,privado,false,regla automática (regex sobre el nombre)
HIT FM Valencia,Kiss Media / Global,privado,false,regla automática (regex sobre el nombre)
HIT FM ZARAGOZA,Kiss Media / Global,privado,false,regla automática (regex sobre el nombre)
KISS FM,Kiss Media / Global,privado,false,regla automática (regex sobre el nombre)
KISS FM ALICANTE.,Kiss Media / Global,privado,false,regla automática (regex sobre el nombre)
KISS FM BARBASTRO,Kiss Media / Global,privado,false,regla automática (regex sobre el nombre)
KISS FM CASTELLÓN.,Kiss Media / Global,privado,false,regla automática (regex sobre el nombre)
KISS FM CV,Kiss Media / Global,privado,false,regla automática (regex sobre el nombre)
KISS FM Castellón,Kiss Media / Global,privado,false,regla automática (regex sobre el nombre)
KISS FM HUESCA,Kiss Media / Global,privado,false,regla automática (regex sobre el nombre)
KISS FM MADRID,Kiss Media / Global,privado,false,regla automática (regex sobre el nombre)
KISS FM MADRID.,Kiss Media / Global,privado,false,regla automática (regex sobre el nombre)
KISS FM NACIONAL,Kiss Media / Global,privado,false,regla automática (regex sobre el nombre)
KISS FM NORTE,Kiss Media / Global,privado,false,regla automática (regex sobre el nombre)
KISS FM Orihuela,Kiss Media / Global,privado,false,regla automática (regex sobre el nombre)
KISS FM PRODUCCIÓ,Kiss Media / Global,privado,false,regla automática (regex sobre el nombre)
KISS FM REGIONAL C. VALENCIANA.,Kiss Media / Global,privado,false,regla automática (regex sobre el nombre)
KISS FM VALENCIA.,Kiss Media / Global,privado,false,regla automática (regex sobre el nombre)
KISS FM ZARAGOZA,Kiss Media / Global,privado,false,regla automática (regex sobre el nombre)
KISS MEDIA,Kiss Media / Global,privado,false,regla automática (regex sobre el nombre)
Kiss FM Alicante,Kiss Media / Global,privado,false,regla automática (regex sobre el nombre)
Kiss FM Valencia,Kiss Media / Global,privado,false,regla automática (regex sobre el nombre)
Radio Blanca - Kiss Fm,Kiss Media / Global,privado,false,regla automática (regex sobre el nombre)
"Radio Blanca, S.A.",Kiss Media / Global,privado,false,regla automática (regex sobre el nombre)
"exterior cristalera - GLOBAL MEDIA & ENTERTAINMENT, S.A.U.",Kiss Media / Global,privado,false,regla automática (regex sobre el nombre)
Aragón Comunicación Audiovisual S.A. (esRadio),Libertad Digital,privado,false,regla automática (regex sobre el nombre)
CUÑAS PUBLICITARIAS EN ES RADIO,Libertad Digital,privado,false,regla automática (regex sobre el nombre)
Castilla y León ES Radio,Libertad Digital,privado,false,regla automática (regex sobre el nombre)
Castilla y León EsRadio,Libertad Digital,privado,false,regla automática (regex sobre el nombre)
ES RADIO,Libertad Digital,privado,false,regla automática (regex sobre el nombre)
ES RADIO ARAGÓN,Libertad Digital,privado,false,regla automática (regex sobre el nombre)
ES RADIO EL FORCAT,Libertad Digital,privado,false,regla automática (regex sobre el nombre)
ES RADIO GRAÑEN,Libertad Digital,privado,false,regla automática (regex sobre el nombre)
ES RADIO HUESCA,Libertad Digital,privado,false,regla automática (regex sobre el nombre)
ES RADIO HUESCA NORTE,Libertad Digital,privado,false,regla automática (regex sobre el nombre)
ES RADIO HUESCA ORIENTAL,Libertad Digital,privado,false,regla automática (regex sobre el nombre)
ES RADIO HUESCA Y ALTOARAGON TV,Libertad Digital,privado,false,regla automática (regex sobre el nombre)
ES RADIO HUESCA Y ALTOARAGÓN TV,Libertad Digital,privado,false,regla automática (regex sobre el nombre)
ES RADIO ORIHUELA DEL TREMEDAL,Libertad Digital,privado,false,regla automática (regex sobre el nombre)
ES RADIO ORIHUELA TREMEDAL,Libertad Digital,privado,false,regla automática (regex sobre el nombre)
ES RADIO ZARAGOZA,Libertad Digital,privado,false,regla automática (regex sobre el nombre)
ES TRENDING ES RADIO ARAGÓN,Libertad Digital,privado,false,regla automática (regex sobre el nombre)
ESRADIO,Libertad Digital,privado,false,regla automática (regex sobre el nombre)
ESRADIO ARAGÓN,Libertad Digital,privado,false,regla automática (regex sobre el nombre)
ESRADIO HUESCA,Libertad Digital,privado,false,regla automática (regex sobre el nombre)
ESRADIO MADRID,Libertad Digital,privado,false,regla automática (regex sobre el nombre)
ESRADIO MADRID.,Libertad Digital,privado,false,regla automática (regex sobre el nombre)
ESRADIO ONDA REQUENA,Libertad Digital,privado,false,regla automática (regex sobre el nombre)
ESRADIO RIBERA BAIXA,Libertad Digital,privado,false,regla automática (regex sobre el nombre)
ESRADIO VALENCIA,Libertad Digital,privado,false,regla automática (regex sobre el nombre)
Es Radio - Libertad Digital,Libertad Digital,privado,false,regla automática (regex sobre el nombre)
"LIBERTAD DIGITAL, SA",Libertad Digital,privado,false,regla automática (regex sobre el nombre)
Libertad Digital,Libertad Digital,privado,false,regla automática (regex sobre el nombre)
Libertad Digital (IP Región de Murcia),Libertad Digital,privado,false,regla automática (regex sobre el nombre)
"Libertad Digital, S.A.",Libertad Digital,privado,false,regla automática (regex sobre el nombre)
Proyecto Dada. Producciones S.L. (EsRadio Zgz),Libertad Digital,privado,false,regla automática (regex sobre el nombre)
R. ESRADIO VALENCIA,Libertad Digital,privado,false,regla automática (regex sobre el nombre)
AUNIA (contenido digital Mediaset),Mediaset España,privado,false,regla automática (regex sobre el nombre)
BOING,Mediaset España,privado,false,regla automática (regex sobre el nombre)
CUATRO,Mediaset España,privado,false,regla automática (regex sobre el nombre)
"ENERGY NEWS EVENTS, S.L.",Mediaset España,privado,false,regla automática (regex sobre el nombre)
"GRUPO AUDIOVISUAL MEDIASET ESPAÑA COMUNICACIÓN, S.A.U.",Mediaset España,privado,false,regla automática (regex sobre el nombre)
GRUPO MEDIASET,Mediaset España,privado,false,regla automática (regex sobre el nombre)
HBBTV CANALES MEDIASET,Mediaset España,privado,false,regla automática (regex sobre el nombre)
MEDIASET Online,Mediaset España,privado,false,regla automática (regex sobre el nombre)
MEDIASET TV,Mediaset España,privado,false,regla automática (regex sobre el nombre)
MITELE-BOING (Publiespaña),Mediaset España,privado,false,regla automática (regex sobre el nombre)
Mediaset,Mediaset España,privado,false,regla automática (regex sobre el nombre)
Mediaset Connected telebista,Mediaset España,privado,false,regla automática (regex sobre el nombre)
Mediaset España,Mediaset España,privado,false,regla automática (regex sobre el nombre)
Mediaset TELEBISTA,Mediaset España,privado,false,regla automática (regex sobre el nombre)
Mediaset-tv conect,Mediaset España,privado,false,regla automática (regex sobre el nombre)
Mediaset-tv online,Mediaset España,privado,false,regla automática (regex sobre el nombre)
Mediaset.com,Mediaset España,privado,false,regla automática (regex sobre el nombre)
Mediaset/A3Media,Mediaset España,privado,false,regla automática (regex sobre el nombre)
PUBLIESPAÑA.,Mediaset España,privado,false,regla automática (regex sobre el nombre)
"Publiespaña, S.A.",Mediaset España,privado,false,regla automática (regex sobre el nombre)
REVISTA BOING,Mediaset España,privado,false,regla automática (regex sobre el nombre)
Smart TV - Apps Mediaset,Mediaset España,privado,false,regla automática (regex sobre el nombre)
T5 / CUATRO / DIVINITY,Mediaset España,privado,false,regla automática (regex sobre el nombre)
TELECINCO,Mediaset España,privado,false,regla automática (regex sobre el nombre)
TELECINCO NACIONAL,Mediaset España,privado,false,regla automática (regex sobre el nombre)
TELECINCO.ES,Mediaset España,privado,false,regla automática (regex sobre el nombre)
TELECINCO.ES+,Mediaset España,privado,false,regla automática (regex sobre el nombre)
"Telecinco y Cuatro,",Mediaset España,privado,false,regla automática (regex sobre el nombre)
mediaset.es,Mediaset España,privado,false,regla automática (regex sobre el nombre)
ADGLOW FACEBOOK,"Meta (Facebook, Instagram)",plataforma,false,regla automática (regex sobre el nombre)
"Diversos Web EUA (META, KPLUS, Sunmedia,YT, NYTimes)","Meta (Facebook, Instagram)",plataforma,false,regla automática (regex sobre el nombre)
"Diversos Web França (META, KPLUS, Leparisien, ogury, seedtag, sunmedia,)","Meta (Facebook, Instagram)",plataforma,false,regla automática (regex sobre el nombre)
"Diversos Web França i Regne Unit (The Times, Leparisien, Meta, Kplus, Ogury, Seedtag, Sunmedia, Vidoomy)","Meta (Facebook, Instagram)",plataforma,false,regla automática (regex sobre el nombre)
"Diversos Web Internacional (Active Traveler, The Guardian, Kplus, Showheroes, Meta)","Meta (Facebook, Instagram)",plataforma,false,regla automática (regex sobre el nombre)
"Diversos Web Internacional (De Morgen, Kplus, Showheroes, Meta)","Meta (Facebook, Instagram)",plataforma,false,regla automática (regex sobre el nombre)
"Diversos Web Internacional (Expedia, Sojern, Invibes, Sunmedia, Meta, Kplus, YT)","Meta (Facebook, Instagram)",plataforma,false,regla automática (regex sobre el nombre)
Diversos Web Internacional (META i KPLUS),"Meta (Facebook, Instagram)",plataforma,false,regla automática (regex sobre el nombre)
"Diversos Web Internacional (Meta, Kplus, Tap Tap, Inbives, Sunmedia)","Meta (Facebook, Instagram)",plataforma,false,regla automática (regex sobre el nombre)
"Diversos Web Internacional (Showheroes, Kplus, Meta, Tripadvisor)","Meta (Facebook, Instagram)",plataforma,false,regla automática (regex sobre el nombre)
"Diversos Web Internacional (SüddeutscheZeitung, Travelzoo, Kplus, Showheroes, Meta)","Meta (Facebook, Instagram)",plataforma,false,regla automática (regex sobre el nombre)
"Diversos Web Internacional (TripAdvisor, Kplus, Showheroes, Meta)","Meta (Facebook, Instagram)",plataforma,false,regla automática (regex sobre el nombre)
FACEBOOK,"Meta (Facebook, Instagram)",plataforma,false,regla automática (regex sobre el nombre)
FACEBOOK & INSTAGRAM,"Meta (Facebook, Instagram)",plataforma,false,regla automática (regex sobre el nombre)
FACEBOOK (EEUU),"Meta (Facebook, Instagram)",plataforma,false,regla automática (regex sobre el nombre)
FACEBOOK + INSTAGRAM,"Meta (Facebook, Instagram)",plataforma,false,regla automática (regex sobre el nombre)
FACEBOOK ADS,"Meta (Facebook, Instagram)",plataforma,false,regla automática (regex sobre el nombre)
FACEBOOK E INSTAGRAM,"Meta (Facebook, Instagram)",plataforma,false,regla automática (regex sobre el nombre)
FACEBOOK E INSTAGRAM Xarses Socials,"Meta (Facebook, Instagram)",plataforma,false,regla automática (regex sobre el nombre)
FACEBOOK IRELAND LTD + INSTAGRAM,"Meta (Facebook, Instagram)",plataforma,false,regla automática (regex sobre el nombre)
FACEBOOK VIVIR,"Meta (Facebook, Instagram)",plataforma,false,regla automática (regex sobre el nombre)
FACEBOOK Xarxes cocials,"Meta (Facebook, Instagram)",plataforma,false,regla automática (regex sobre el nombre)
FACEBOOK – IG,"Meta (Facebook, Instagram)",plataforma,false,regla automática (regex sobre el nombre)
FACEBOOK.COM,"Meta (Facebook, Instagram)",plataforma,false,regla automática (regex sobre el nombre)
FACEBOOK.ES,"Meta (Facebook, Instagram)",plataforma,false,regla automática (regex sobre el nombre)
FACEBOOK.INSTAGRAM,"Meta (Facebook, Instagram)",plataforma,false,regla automática (regex sobre el nombre)
FACEBOOK/INSTAGRAM/TW,"Meta (Facebook, Instagram)",plataforma,false,regla automática (regex sobre el nombre)
FB,"Meta (Facebook, Instagram)",plataforma,false,regla automática (regex sobre el nombre)
FB+IG ADS DISPLAY,"Meta (Facebook, Instagram)",plataforma,false,regla automática (regex sobre el nombre)
FB/IG,"Meta (Facebook, Instagram)",plataforma,false,regla automática (regex sobre el nombre)
Facebook e Instagram. OTROS: Folletos,"Meta (Facebook, Instagram)",plataforma,false,regla automática (regex sobre el nombre)
Facebook+ Instagram,"Meta (Facebook, Instagram)",plataforma,false,regla automática (regex sobre el nombre)
Facebook+Instagram,"Meta (Facebook, Instagram)",plataforma,false,regla automática (regex sobre el nombre)
"Facebook, Instagram y Tik Tok","Meta (Facebook, Instagram)",plataforma,false,regla automática (regex sobre el nombre)
"Facebook, Instagram y Twitter","Meta (Facebook, Instagram)",plataforma,false,regla automática (regex sobre el nombre)
"Facebook, Instagram, Spotify y TikTok","Meta (Facebook, Instagram)",plataforma,false,regla automática (regex sobre el nombre)
"Facebook, Twitter i Instagram","Meta (Facebook, Instagram)",plataforma,false,regla automática (regex sobre el nombre)
Facebook/ Instagram,"Meta (Facebook, Instagram)",plataforma,false,regla automática (regex sobre el nombre)
Facebook/Instagram,"Meta (Facebook, Instagram)",plataforma,false,regla automática (regex sobre el nombre)
INSTAGRAM,"Meta (Facebook, Instagram)",plataforma,false,regla automática (regex sobre el nombre)
INSTAGRAM Xarxes socials,"Meta (Facebook, Instagram)",plataforma,false,regla automática (regex sobre el nombre)
Instagram y Tik Tok,"Meta (Facebook, Instagram)",plataforma,false,regla automática (regex sobre el nombre)
META,"Meta (Facebook, Instagram)",plataforma,false,regla automática (regex sobre el nombre)
META (FACEBOOK/INSTAGRAM),"Meta (Facebook, Instagram)",plataforma,false,regla automática (regex sobre el nombre)
META (facebook - instagram),"Meta (Facebook, Instagram)",plataforma,false,regla automática (regex sobre el nombre)
"META -PLATAFORMAS DIGITALES (BUSCADORES, RRSS Y PROGRAMÁTICA)","Meta (Facebook, Instagram)",plataforma,false,regla automática (regex sobre el nombre)
META ADS,"Meta (Facebook, Instagram)",plataforma,false,regla automática (regex sobre el nombre)
META ADS (Fb+IG),"Meta (Facebook, Instagram)",plataforma,false,regla automática (regex sobre el nombre)
META PLATFORMS INC.,"Meta (Facebook, Instagram)",plataforma,false,regla automática (regex sobre el nombre)
"Medio digital: Web,Facebook, Instagram e Instagram Stories","Meta (Facebook, Instagram)",plataforma,false,regla automática (regex sobre el nombre)
Meta Ads Manager - Facebook,"Meta (Facebook, Instagram)",plataforma,false,regla automática (regex sobre el nombre)
Meta Ads Manager - Instagram,"Meta (Facebook, Instagram)",plataforma,false,regla automática (regex sobre el nombre)
Meta FB & Insta NASCAR,"Meta (Facebook, Instagram)",plataforma,false,regla automática (regex sobre el nombre)
"Meta Group Spain, S.L.","Meta (Facebook, Instagram)",plataforma,false,regla automática (regex sobre el nombre)
Meta Plaforms Inc.,"Meta (Facebook, Instagram)",plataforma,false,regla automática (regex sobre el nombre)
REDES SOCIALES (FB E INSTAGRAM),"Meta (Facebook, Instagram)",plataforma,false,regla automática (regex sobre el nombre)
REDES SOCIALES - FACEBOOK,"Meta (Facebook, Instagram)",plataforma,false,regla automática (regex sobre el nombre)
REDES SOCIALES - INSTAGRAM,"Meta (Facebook, Instagram)",plataforma,false,regla automática (regex sobre el nombre)
RTG FB + IG ADS,"Meta (Facebook, Instagram)",plataforma,false,regla automática (regex sobre el nombre)
Televisión Murciana. REDES SOCIALES: Instagram. EXTERIOR: Mupis,"Meta (Facebook, Instagram)",plataforma,false,regla automática (regex sobre el nombre)
Twiter/Facebook,"Meta (Facebook, Instagram)",plataforma,false,regla automática (regex sobre el nombre)
Xarxes socials FACEBOOK + INSTAGRAM,"Meta (Facebook, Instagram)",plataforma,false,regla automática (regex sobre el nombre)
Xarxes socials FACEBOOK IRELAND LTD,"Meta (Facebook, Instagram)",plataforma,false,regla automática (regex sobre el nombre)
Xarxes socials Facebook,"Meta (Facebook, Instagram)",plataforma,false,regla automática (regex sobre el nombre)
Xarxes socials Instagram,"Meta (Facebook, Instagram)",plataforma,false,regla automática (regex sobre el nombre)
BUSCADOR BING,"Microsoft (LinkedIn, Bing)",plataforma,false,regla automática (regex sobre el nombre)
"Diversos Web Internacional (Mission (Italia), Business Traveller (Asia), Kplus, YT, Linkedin)","Microsoft (LinkedIn, Bing)",plataforma,false,regla automática (regex sobre el nombre)
LINKEDIN,"Microsoft (LinkedIn, Bing)",plataforma,false,regla automática (regex sobre el nombre)
LINKEDIN INT.,"Microsoft (LinkedIn, Bing)",plataforma,false,regla automática (regex sobre el nombre)
LINKEDIN.COM,"Microsoft (LinkedIn, Bing)",plataforma,false,regla automática (regex sobre el nombre)
LINKEDIN.COM ESP,"Microsoft (LinkedIn, Bing)",plataforma,false,regla automática (regex sobre el nombre)
MICROSOFT,"Microsoft (LinkedIn, Bing)",plataforma,false,regla automática (regex sobre el nombre)
Xarxes socials LINKEDIN,"Microsoft (LinkedIn, Bing)",plataforma,false,regla automática (regex sobre el nombre)
NACIODIGITAL PRODUCCIÓ,Nació Digital,privado,false,regla automática (regex sobre el nombre)
NACIODIGITAL.,Nació Digital,privado,false,regla automática (regex sobre el nombre)
NACIODIGITAL.CAT,Nació Digital,privado,false,regla automática (regex sobre el nombre)
NACIÓ DIGITAL,Nació Digital,privado,false,regla automática (regex sobre el nombre)
Navarra TV,Navarra TV,privado,false,regla automática (regex sobre el nombre)
Gm Precision Vídeo - Netflix,Netflix,plataforma,false,regla automática (regex sobre el nombre)
NETFLIX,Netflix,plataforma,false,regla automática (regex sobre el nombre)
"NETFLIX, INC.",Netflix,plataforma,false,regla automática (regex sobre el nombre)
netflix.com,Netflix,plataforma,false,regla automática (regex sobre el nombre)
OK DIARIO,OKDiario,privado,false,regla automática (regex sobre el nombre)
OK Diario (IP Región de Murcia),OKDiario,privado,false,regla automática (regex sobre el nombre)
OKDIARIO,OKDiario,privado,false,regla automática (regex sobre el nombre)
Podcast OK Diario,OKDiario,privado,false,regla automática (regex sobre el nombre)
"PINTEREST, INC.",Pinterest,plataforma,false,regla automática (regex sobre el nombre)
8 MEDITERRANEO,Prensa Ibérica,privado,false,regla automática (regex sobre el nombre)
8 MEDITERRANEO TV,Prensa Ibérica,privado,false,regla automática (regex sobre el nombre)
8 MEDITERRÁNEO,Prensa Ibérica,privado,false,regla automática (regex sobre el nombre)
8 MEDITERRÁNEO TV,Prensa Ibérica,privado,false,regla automática (regex sobre el nombre)
8 TV MEDITERRANEO,Prensa Ibérica,privado,false,regla automática (regex sobre el nombre)
8 TV MEDITERRÁNEO,Prensa Ibérica,privado,false,regla automática (regex sobre el nombre)
8TV MEDITERRANEO,Prensa Ibérica,privado,false,regla automática (regex sobre el nombre)
8TV MEDITERRÁNEO,Prensa Ibérica,privado,false,regla automática (regex sobre el nombre)
CASTELLON INFORMACION,Prensa Ibérica,privado,false,regla automática (regex sobre el nombre)
CASTELLONINFORMACION,Prensa Ibérica,privado,false,regla automática (regex sobre el nombre)
CASTELLONINFORMACIÓN,Prensa Ibérica,privado,false,regla automática (regex sobre el nombre)
CASTELLÓN INFORMACIÓN,Prensa Ibérica,privado,false,regla automática (regex sobre el nombre)
CASTELLÓN MEDITERRÁNEO,Prensa Ibérica,privado,false,regla automática (regex sobre el nombre)
CLUB MARKETING MEDITERRÁNEO,Prensa Ibérica,privado,false,regla automática (regex sobre el nombre)
CLUBMARKETINGMEDITERRANEO.COM,Prensa Ibérica,privado,false,regla automática (regex sobre el nombre)
CRAE revista Alt Empordà,Prensa Ibérica,privado,false,regla automática (regex sobre el nombre)
"CRAE, REVISTA DE L'ALT EMPORDÀ",Prensa Ibérica,privado,false,regla automática (regex sobre el nombre)
CSTV MEDITERRÁNEO CASTELLÓN,Prensa Ibérica,privado,false,regla automática (regex sobre el nombre)
Castelló Mediterráneo i Cinema,Prensa Ibérica,privado,false,regla automática (regex sobre el nombre)
Cines Mediterráneo SL,Prensa Ibérica,privado,false,regla automática (regex sobre el nombre)
Club mk mediterráneo,Prensa Ibérica,privado,false,regla automática (regex sobre el nombre)
Corporacion Cinematografica Del Mediterraneo (Alucine),Prensa Ibérica,privado,false,regla automática (regex sobre el nombre)
DESTINOS (EL PERIODICO),Prensa Ibérica,privado,false,regla automática (regex sobre el nombre)
DESTINOS (SUPL. DE EL PERIODICO DE CAT.),Prensa Ibérica,privado,false,regla automática (regex sobre el nombre)
DIARI DE GIRONA,Prensa Ibérica,privado,false,regla automática (regex sobre el nombre)
DIARIO DE IBIZA,Prensa Ibérica,privado,false,regla automática (regex sobre el nombre)
DIARIO DE MALLORCA,Prensa Ibérica,privado,false,regla automática (regex sobre el nombre)
DIARIO INFORMACION,Prensa Ibérica,privado,false,regla automática (regex sobre el nombre)
DIARIO INFORMACIÓN,Prensa Ibérica,privado,false,regla automática (regex sobre el nombre)
DIARIOINFORMACION,Prensa Ibérica,privado,false,regla automática (regex sobre el nombre)
Diario Mediterráneo,Prensa Ibérica,privado,false,regla automática (regex sobre el nombre)
EL PERIODICO,Prensa Ibérica,privado,false,regla automática (regex sobre el nombre)
EL PERIODICO AQUI,Prensa Ibérica,privado,false,regla automática (regex sobre el nombre)
EL PERIODICO CATALUÑA,Prensa Ibérica,privado,false,regla automática (regex sobre el nombre)
EL PERIODICO DE ESPAÑA,Prensa Ibérica,privado,false,regla automática (regex sobre el nombre)
EL PERIODICO DE HORTALEZA,Prensa Ibérica,privado,false,regla automática (regex sobre el nombre)
EL PERIODICO DE LAVAPIES LATINA Y EMBAJADORES,Prensa Ibérica,privado,false,regla automática (regex sobre el nombre)
EL PERIODICO DE VILLENA,Prensa Ibérica,privado,false,regla automática (regex sobre el nombre)
EL PERIODICO MEDITERRANEO,Prensa Ibérica,privado,false,regla automática (regex sobre el nombre)
EL PERIODICO MEDITERRANEO.COM,Prensa Ibérica,privado,false,regla automática (regex sobre el nombre)
EL PERIODICO MEDITERRÁNEO,Prensa Ibérica,privado,false,regla automática (regex sobre el nombre)
EL PERIÓDICO DE ARAGÓN,Prensa Ibérica,privado,false,regla automática (regex sobre el nombre)
EL PERIÓDICO DE ARAGÓN (PAPEL Y WEB),Prensa Ibérica,privado,false,regla automática (regex sobre el nombre)
EL PERIÓDICO DE ARAGÓN (PAPEL),Prensa Ibérica,privado,false,regla automática (regex sobre el nombre)
EL PERIÓDICO DE ARAGÓN (WEB),Prensa Ibérica,privado,false,regla automática (regex sobre el nombre)
EL PERIÓDICO DE ARAGÓN Y EL PERIÓDICO DE CATALUÑA,Prensa Ibérica,privado,false,regla automática (regex sobre el nombre)
EL PERIÓDICO DE ARAGÓN.COM,Prensa Ibérica,privado,false,regla automática (regex sobre el nombre)
EL PERIÓDICO DE CATALUÑA,Prensa Ibérica,privado,false,regla automática (regex sobre el nombre)
EL PERIÓDICO DE CATALUÑA (WEB),Prensa Ibérica,privado,false,regla automática (regex sobre el nombre)
EL PERIÓDICO DE ESPAÑA,Prensa Ibérica,privado,false,regla automática (regex sobre el nombre)
EL PERIÓDICO DE ESPAÑA (WEB),Prensa Ibérica,privado,false,regla automática (regex sobre el nombre)
EL PERIÓDICO DE HORTALEZA,Prensa Ibérica,privado,false,regla automática (regex sobre el nombre)
EL PERIÓDICO DE LA PUBLICIDAD,Prensa Ibérica,privado,false,regla automática (regex sobre el nombre)
EL PERIÓDICO DE LAVAPIÉS LATINA Y EMBAJADORES,Prensa Ibérica,privado,false,regla automática (regex sobre el nombre)
EL PERIÓDICO DE VILLENA,Prensa Ibérica,privado,false,regla automática (regex sobre el nombre)
EL PERIÓDICO MEDITERRANEO,Prensa Ibérica,privado,false,regla automática (regex sobre el nombre)
EL PERIÓDICO MEDITERRÁNEO,Prensa Ibérica,privado,false,regla automática (regex sobre el nombre)
EL PERIÓDICO.COM,Prensa Ibérica,privado,false,regla automática (regex sobre el nombre)
ELPERIODICO,Prensa Ibérica,privado,false,regla automática (regex sobre el nombre)
ELPERIODICO.,Prensa Ibérica,privado,false,regla automática (regex sobre el nombre)
ELPERIODICO.+,Prensa Ibérica,privado,false,regla automática (regex sobre el nombre)
ELPERIODICO.COM+,Prensa Ibérica,privado,false,regla automática (regex sobre el nombre)
ELPERIODICODEARAGON.,Prensa Ibérica,privado,false,regla automática (regex sobre el nombre)
ELPERIODICODEARAGON.COM,Prensa Ibérica,privado,false,regla automática (regex sobre el nombre)
ELPERIODICODEESPANA.,Prensa Ibérica,privado,false,regla automática (regex sobre el nombre)
ELPERIODICODELAENERGIA.,Prensa Ibérica,privado,false,regla automática (regex sobre el nombre)
ELPERIODICODEVILLENA,Prensa Ibérica,privado,false,regla automática (regex sobre el nombre)
ELPERIODICOMEDITERRANEO,Prensa Ibérica,privado,false,regla automática (regex sobre el nombre)
ELPERIODICOMEDITERRANEO.COM,Prensa Ibérica,privado,false,regla automática (regex sobre el nombre)
ELPERIÓDICO DE AQUI,Prensa Ibérica,privado,false,regla automática (regex sobre el nombre)
ELPERIÓDICOMEDITERRANEO.COM,Prensa Ibérica,privado,false,regla automática (regex sobre el nombre)
ELPERIÓDICOMEDITERRÁNEO,Prensa Ibérica,privado,false,regla automática (regex sobre el nombre)
ELPERIÓDICOMEDITERRÁNEO.COM,Prensa Ibérica,privado,false,regla automática (regex sobre el nombre)
EMPORDA.,Prensa Ibérica,privado,false,regla automática (regex sobre el nombre)
EMPORDÀ,Prensa Ibérica,privado,false,regla automática (regex sobre el nombre)
ES MEDITERRANEO,Prensa Ibérica,privado,false,regla automática (regex sobre el nombre)
ES MEDITERRÁNEO,Prensa Ibérica,privado,false,regla automática (regex sobre el nombre)
El Nou de l'Empordà,Prensa Ibérica,privado,false,regla automática (regex sobre el nombre)
El Periodico - Ediciones Z,Prensa Ibérica,privado,false,regla automática (regex sobre el nombre)
El Periodico de Aragón,Prensa Ibérica,privado,false,regla automática (regex sobre el nombre)
El Periódico,Prensa Ibérica,privado,false,regla automática (regex sobre el nombre)
El Periódico (IP Región de Murcia),Prensa Ibérica,privado,false,regla automática (regex sobre el nombre)
El Periódico Mediterráneo.com,Prensa Ibérica,privado,false,regla automática (regex sobre el nombre)
"El Periódico de Aragón (Prensa Diaria Aragonesa, S.A.)",Prensa Ibérica,privado,false,regla automática (regex sobre el nombre)
"El Periódico de Catalunya, S.L.",Prensa Ibérica,privado,false,regla automática (regex sobre el nombre)
El Periódico de España (IP Región de Murcia),Prensa Ibérica,privado,false,regla automática (regex sobre el nombre)
El Periódico de la Energía S.L.,Prensa Ibérica,privado,false,regla automática (regex sobre el nombre)
El Periódico del Estudiante,Prensa Ibérica,privado,false,regla automática (regex sobre el nombre)
El Períodico - Destinos,Prensa Ibérica,privado,false,regla automática (regex sobre el nombre)
El Períodico de España,Prensa Ibérica,privado,false,regla automática (regex sobre el nombre)
Elperiodico de aquí,Prensa Ibérica,privado,false,regla automática (regex sobre el nombre)
Elperiodico.com,Prensa Ibérica,privado,false,regla automática (regex sobre el nombre)
Escrita INFORMACION,Prensa Ibérica,privado,false,regla automática (regex sobre el nombre)
FARO DE VIGO,Prensa Ibérica,privado,false,regla automática (regex sobre el nombre)
GRUPO LA INFORMACION,Prensa Ibérica,privado,false,regla automática (regex sobre el nombre)
Grupo Prensa Ibérica,Prensa Ibérica,privado,false,regla automática (regex sobre el nombre)
INFORMACION,Prensa Ibérica,privado,false,regla automática (regex sobre el nombre)
INFORMACION ALICANTE,Prensa Ibérica,privado,false,regla automática (regex sobre el nombre)
INFORMACION TV,Prensa Ibérica,privado,false,regla automática (regex sobre el nombre)
INFORMACION TV i Cinema,Prensa Ibérica,privado,false,regla automática (regex sobre el nombre)
INFORMACION.COM,Prensa Ibérica,privado,false,regla automática (regex sobre el nombre)
INFORMACIONES CANARIAS S.A.,Prensa Ibérica,privado,false,regla automática (regex sobre el nombre)
INFORMACIONTV,Prensa Ibérica,privado,false,regla automática (regex sobre el nombre)
INFORMACIÓN,Prensa Ibérica,privado,false,regla automática (regex sobre el nombre)
INFORMACIÓN (CAMPAÑA BALANCE),Prensa Ibérica,privado,false,regla automática (regex sobre el nombre)
INFORMACIÓN (CAMPAÑA BONO),Prensa Ibérica,privado,false,regla automática (regex sobre el nombre)
INFORMACIÓN (WEB),Prensa Ibérica,privado,false,regla automática (regex sobre el nombre)
INFORMACIÓN ALICANTE,Prensa Ibérica,privado,false,regla automática (regex sobre el nombre)
INFORMACIÓN ALICANTE (CAMPAÑA BONO),Prensa Ibérica,privado,false,regla automática (regex sobre el nombre)
INFORMACIÓN DIGITAL,Prensa Ibérica,privado,false,regla automática (regex sobre el nombre)
INFORMACIÓN Premsa Escrita+,Prensa Ibérica,privado,false,regla automática (regex sobre el nombre)
INFORMACIÓN TV,Prensa Ibérica,privado,false,regla automática (regex sobre el nombre)
INFORMACIÓN TV ( Alicante/Elche/Benidorm),Prensa Ibérica,privado,false,regla automática (regex sobre el nombre)
INFORMACIÓN TV (3 DEMARCACIONES),Prensa Ibérica,privado,false,regla automática (regex sobre el nombre)
INFORMACIÓN TV (CAMPAÑA BONO) TV,Prensa Ibérica,privado,false,regla automática (regex sobre el nombre)
INFORMACIÓN TV ALICANTE,Prensa Ibérica,privado,false,regla automática (regex sobre el nombre)
INFORMACIÓN TV i Cinema ( Alicante/Elche/Benidorm),Prensa Ibérica,privado,false,regla automática (regex sobre el nombre)
INFORMACIÓN-ESCAPATE,Prensa Ibérica,privado,false,regla automática (regex sobre el nombre)
INFORMACIÓN.ES,Prensa Ibérica,privado,false,regla automática (regex sobre el nombre)
"Informaciones Canarias, S.A.",Prensa Ibérica,privado,false,regla automática (regex sobre el nombre)
Información TV i cinema,Prensa Ibérica,privado,false,regla automática (regex sobre el nombre)
LA 8 MEDITERRANEO,Prensa Ibérica,privado,false,regla automática (regex sobre el nombre)
LA 8 MEDITERRÁNEO,Prensa Ibérica,privado,false,regla automática (regex sobre el nombre)
LA 8 MEDITERRÁNEO i Cinema,Prensa Ibérica,privado,false,regla automática (regex sobre el nombre)
LA OPINIÓN TORRENT,Prensa Ibérica,privado,false,regla automática (regex sobre el nombre)
LEVANTE,Prensa Ibérica,privado,false,regla automática (regex sobre el nombre)
LEVANTE (CAMPAÑA BALANCE),Prensa Ibérica,privado,false,regla automática (regex sobre el nombre)
LEVANTE (CAMPAÑA BONO),Prensa Ibérica,privado,false,regla automática (regex sobre el nombre)
LEVANTE (PRENSA IBERICA),Prensa Ibérica,privado,false,regla automática (regex sobre el nombre)
LEVANTE (WEB),Prensa Ibérica,privado,false,regla automática (regex sobre el nombre)
LEVANTE CASTELLON,Prensa Ibérica,privado,false,regla automática (regex sobre el nombre)
LEVANTE DIGITAL,Prensa Ibérica,privado,false,regla automática (regex sobre el nombre)
LEVANTE EMV,Prensa Ibérica,privado,false,regla automática (regex sobre el nombre)
LEVANTE L' HORTA,Prensa Ibérica,privado,false,regla automática (regex sobre el nombre)
LEVANTE ON LINE,Prensa Ibérica,privado,false,regla automática (regex sobre el nombre)
LEVANTE TV,Prensa Ibérica,privado,false,regla automática (regex sobre el nombre)
LEVANTE TV ( 2 DEMARCACIONES),Prensa Ibérica,privado,false,regla automática (regex sobre el nombre)
LEVANTE TV (2 DEMARCACIONES),Prensa Ibérica,privado,false,regla automática (regex sobre el nombre)
LEVANTE TV (2 demarcaciones) i cinema,Prensa Ibérica,privado,false,regla automática (regex sobre el nombre)
LEVANTE TV (Valencia/Torrent),Prensa Ibérica,privado,false,regla automática (regex sobre el nombre)
LEVANTE TV i Cinema,Prensa Ibérica,privado,false,regla automática (regex sobre el nombre)
LEVANTE UD,Prensa Ibérica,privado,false,regla automática (regex sobre el nombre)
LEVANTE – EMV (2),Prensa Ibérica,privado,false,regla automática (regex sobre el nombre)
LEVANTE-EL MERCANTIL VALENCIANO,Prensa Ibérica,privado,false,regla automática (regex sobre el nombre)
LEVANTE-EMV.COM,Prensa Ibérica,privado,false,regla automática (regex sobre el nombre)
LEVANTE.COM,Prensa Ibérica,privado,false,regla automática (regex sobre el nombre)
LEVANTETV,Prensa Ibérica,privado,false,regla automática (regex sobre el nombre)
La Información,Prensa Ibérica,privado,false,regla automática (regex sobre el nombre)
La Opinión,Prensa Ibérica,privado,false,regla automática (regex sobre el nombre)
La Opinión Correo Zamora,Prensa Ibérica,privado,false,regla automática (regex sobre el nombre)
La Opinión de Murcia,Prensa Ibérica,privado,false,regla automática (regex sobre el nombre)
"La Opinión de Murcia, S.A.U.",Prensa Ibérica,privado,false,regla automática (regex sobre el nombre)
Levante - EMV,Prensa Ibérica,privado,false,regla automática (regex sobre el nombre)
Levante Catellón,Prensa Ibérica,privado,false,regla automática (regex sobre el nombre)
Levante-EMV,Prensa Ibérica,privado,false,regla automática (regex sobre el nombre)
Levante-EMV.es,Prensa Ibérica,privado,false,regla automática (regex sobre el nombre)
MEDITERRANEO,Prensa Ibérica,privado,false,regla automática (regex sobre el nombre)
MEDITERRANEO (CAMPAÑA BALANCE),Prensa Ibérica,privado,false,regla automática (regex sobre el nombre)
MEDITERRANEO (CAMPAÑA BONO),Prensa Ibérica,privado,false,regla automática (regex sobre el nombre)
MEDITERRANEO (WEB),Prensa Ibérica,privado,false,regla automática (regex sobre el nombre)
MEDITERRANEO PRESS,Prensa Ibérica,privado,false,regla automática (regex sobre el nombre)
MEDITERRANEO.COM,Prensa Ibérica,privado,false,regla automática (regex sobre el nombre)
MEDITERRANEOPRESS,Prensa Ibérica,privado,false,regla automática (regex sobre el nombre)
MEDITERRÁNEO,Prensa Ibérica,privado,false,regla automática (regex sobre el nombre)
MEDITERRÁNEO DE CASTELLÓN,Prensa Ibérica,privado,false,regla automática (regex sobre el nombre)
MEDITERRÁNEO DIGITAL,Prensa Ibérica,privado,false,regla automática (regex sobre el nombre)
MEDITERRÁNEO TV,Prensa Ibérica,privado,false,regla automática (regex sobre el nombre)
MEDITERRÁNEO TV - LA OCHO,Prensa Ibérica,privado,false,regla automática (regex sobre el nombre)
MEDITERRÁNEOPRESS.COM,Prensa Ibérica,privado,false,regla automática (regex sobre el nombre)
MEDITERRÁNEOTV,Prensa Ibérica,privado,false,regla automática (regex sobre el nombre)
MUNICIPALISMO INFORMACIÓN,Prensa Ibérica,privado,false,regla automática (regex sobre el nombre)
Mediterraneo (Prensa Iberica),Prensa Ibérica,privado,false,regla automática (regex sobre el nombre)
Mupi Diario Información,Prensa Ibérica,privado,false,regla automática (regex sobre el nombre)
"NOU, EL (GUIA DEL BAIX EMPORDÀ)",Prensa Ibérica,privado,false,regla automática (regex sobre el nombre)
OCIO - MEDITERRANEO,Prensa Ibérica,privado,false,regla automática (regex sobre el nombre)
"ON BARCELONA (PERIÓDICO, EL)",Prensa Ibérica,privado,false,regla automática (regex sobre el nombre)
PERIODICO MEDITERRANEO,Prensa Ibérica,privado,false,regla automática (regex sobre el nombre)
"PERIODICO MEDITERRANEO, EL",Prensa Ibérica,privado,false,regla automática (regex sobre el nombre)
PERIÓDICO DE ARAGÓN,Prensa Ibérica,privado,false,regla automática (regex sobre el nombre)
"PERIÓDICO DE ARAGÓN, EL",Prensa Ibérica,privado,false,regla automática (regex sobre el nombre)
"PERIÓDICO DE CATALUÑA, LEVANTE, EL PERIODICO DE ESPAÑA Y LA OPINIÓN DE MALAGA (WEB)",Prensa Ibérica,privado,false,regla automática (regex sobre el nombre)
"PERIÓDICO DEL MEDITERRÁNEO, EL",Prensa Ibérica,privado,false,regla automática (regex sobre el nombre)
PERIÓDICO INFORMACIÓN,Prensa Ibérica,privado,false,regla automática (regex sobre el nombre)
PERIÓDICO MEDITERRANEO (WEB),Prensa Ibérica,privado,false,regla automática (regex sobre el nombre)
"PERIÓDICO, EL",Prensa Ibérica,privado,false,regla automática (regex sobre el nombre)
POPULAR TV MEDITERRANEO,Popular TV Mediterráneo,privado,false,corregido a mano (la regla automática lo asignaba a otro grupo)
PRENSA IBÉRICA,Prensa Ibérica,privado,false,regla automática (regex sobre el nombre)
PRENSA IBÉRICA Online,Prensa Ibérica,privado,false,regla automática (regex sobre el nombre)
PROGRAMÁTICA INFORMACIÓN,Prensa Ibérica,privado,false,regla automática (regex sobre el nombre)
PUBLICIDAD EN EL PERIODICO DE ARAGÓN,Prensa Ibérica,privado,false,regla automática (regex sobre el nombre)
Periódico Mediterráneo,Prensa Ibérica,privado,false,regla automática (regex sobre el nombre)
Populat tv Mediterraneo,Prensa Ibérica,privado,false,regla automática (regex sobre el nombre)
"Prensa Ibérica 360, S.L.",Prensa Ibérica,privado,false,regla automática (regex sobre el nombre)
"Prensa Ibérica Management, S.L.",Prensa Ibérica,privado,false,regla automática (regex sobre el nombre)
Prensa digital Elperiodicodearagon.com,Prensa Ibérica,privado,false,regla automática (regex sobre el nombre)
REGIO7,Prensa Ibérica,privado,false,regla automática (regex sobre el nombre)
REGIO7.,Prensa Ibérica,privado,false,regla automática (regex sobre el nombre)
REGIO7.CAT,Prensa Ibérica,privado,false,regla automática (regex sobre el nombre)
REGIÓ 7,Prensa Ibérica,privado,false,regla automática (regex sobre el nombre)
REVISTA DEL BAIX EMPORDÀ,Prensa Ibérica,privado,false,regla automática (regex sobre el nombre)
REVISTA ESCÁPATE CERCA Y VIAJAR PRENSA IBÉRICA (PRENSA Y WEB),Prensa Ibérica,privado,false,regla automática (regex sobre el nombre)
REVISTADELBAIXEMPORDA.,Prensa Ibérica,privado,false,regla automática (regex sobre el nombre)
Revista Agroinformación,Prensa Ibérica,privado,false,regla automática (regex sobre el nombre)
RÀDIO CAPITAL DE L'EMPORDÀ,Prensa Ibérica,privado,false,regla automática (regex sobre el nombre)
SETMANARI DE L'ALT EMPORDÀ,Prensa Ibérica,privado,false,regla automática (regex sobre el nombre)
SPORT,Prensa Ibérica,privado,false,regla automática (regex sobre el nombre)
SPORT 9,Prensa Ibérica,privado,false,regla automática (regex sobre el nombre)
SPORT ARAGON,Prensa Ibérica,privado,false,regla automática (regex sobre el nombre)
SPORT ARAGON.COM,Prensa Ibérica,privado,false,regla automática (regex sobre el nombre)
SPORT ARAGÓN,Prensa Ibérica,privado,false,regla automática (regex sobre el nombre)
SPORT ARAGÓN.COM,Prensa Ibérica,privado,false,regla automática (regex sobre el nombre)
SPORT ARAGÓN.ES,Prensa Ibérica,privado,false,regla automática (regex sobre el nombre)
SPORT HUESCA.COM,Prensa Ibérica,privado,false,regla automática (regex sobre el nombre)
SPORT LIFE,Prensa Ibérica,privado,false,regla automática (regex sobre el nombre)
SPORT.,Prensa Ibérica,privado,false,regla automática (regex sobre el nombre)
SPORT.ES,Prensa Ibérica,privado,false,regla automática (regex sobre el nombre)
SUPERDEPORTE,Prensa Ibérica,privado,false,regla automática (regex sobre el nombre)
SUPERDEPORTE.,Prensa Ibérica,privado,false,regla automática (regex sobre el nombre)
SUPERDEPORTE.ES,Prensa Ibérica,privado,false,regla automática (regex sobre el nombre)
Sport Life Iberica Sites,Prensa Ibérica,privado,false,regla automática (regex sobre el nombre)
Sport Life Ibérica,Prensa Ibérica,privado,false,regla automática (regex sobre el nombre)
TENDENCIAS - INFORMACIÓN,Prensa Ibérica,privado,false,regla automática (regex sobre el nombre)
TV CASTELLON MEDITERRÁNEO,Prensa Ibérica,privado,false,regla automática (regex sobre el nombre)
TV CASTELLÓN (MEDITERRÁNEO),Prensa Ibérica,privado,false,regla automática (regex sobre el nombre)
TV CASTELLÓN MEDITERRANEO,Prensa Ibérica,privado,false,regla automática (regex sobre el nombre)
TV CASTELLÓN MEDITERRÁNEO,Prensa Ibérica,privado,false,regla automática (regex sobre el nombre)
TV MEDITERRÁNEO,Prensa Ibérica,privado,false,regla automática (regex sobre el nombre)
TV Mediterráneo Castellón i Cinema,Prensa Ibérica,privado,false,regla automática (regex sobre el nombre)
"UT, ESSENCIAL EMPORDÀ GUIA",Prensa Ibérica,privado,false,regla automática (regex sobre el nombre)
UTEMPORDA.,Prensa Ibérica,privado,false,regla automática (regex sobre el nombre)
"VIAJAR (PERIÓDICO, EL)",Prensa Ibérica,privado,false,regla automática (regex sobre el nombre)
VILA-REALINFORMACION,Prensa Ibérica,privado,false,regla automática (regex sobre el nombre)
Vila-real Información,Prensa Ibérica,privado,false,regla automática (regex sobre el nombre)
elpereriodicomediterraneo.com,Prensa Ibérica,privado,false,regla automática (regex sobre el nombre)
i Cinema 8 MEDITERRANEO,Prensa Ibérica,privado,false,regla automática (regex sobre el nombre)
"i Cinema 8 MEDITERRANEO - TELEVISIÓN POPULAR DEL MEDITERRÁNEO, S.A.",Prensa Ibérica,privado,false,regla automática (regex sobre el nombre)
i Cinema INFORMACION TV,Prensa Ibérica,privado,false,regla automática (regex sobre el nombre)
i Cinema INFORMACIÓN,Prensa Ibérica,privado,false,regla automática (regex sobre el nombre)
i Cinema Información TV,Prensa Ibérica,privado,false,regla automática (regex sobre el nombre)
i Cinema Información TV General,Prensa Ibérica,privado,false,regla automática (regex sobre el nombre)
informacion.es,Prensa Ibérica,privado,false,regla automática (regex sobre el nombre)
periodicomediterraneo.com Display RTB RED PREMIUM (programática),Prensa Ibérica,privado,false,regla automática (regex sobre el nombre)
PUBLICO.,Público,privado,false,regla automática (regex sobre el nombre)
PUBLICO.ES,Público,privado,false,regla automática (regex sobre el nombre)
PUBLICO.ES Ip Com.Vciana.,Público,privado,false,regla automática (regex sobre el nombre)
Publico,Público,privado,false,regla automática (regex sobre el nombre)
PÚBLICO,Público,privado,false,regla automática (regex sobre el nombre)
PÚBLICO / QUINZE,Público,privado,false,regla automática (regex sobre el nombre)
PÚBLICO: 8M ESPECIAL,Público,privado,false,regla automática (regex sobre el nombre)
Público (IP Región de Murcia),Público,privado,false,regla automática (regex sobre el nombre)
elasombrario.publico.es,Público,privado,false,regla automática (regex sobre el nombre)
Radiotelevisión del Principado de Asturias,RTPA,publico,true,regla automática (regex sobre el nombre)
7 Región de Murcia,RTRM (La 7 y Onda Regional),publico,true,regla automática (regex sobre el nombre)
RADIOTELEVISION DE LA REGION DE MURCIA,RTRM (La 7 y Onda Regional),publico,true,regla automática (regex sobre el nombre)
Canal sur,RTVA (Canal Sur),publico,true,regla automática (regex sobre el nombre)
"Cooporación de Radio y Televisión Española, S.A. (RTVE)",RTVE,publico,true,regla automática (regex sobre el nombre)
RADIO 3,RTVE,publico,true,regla automática (regex sobre el nombre)
RNE,RTVE,publico,true,regla automática (regex sobre el nombre)
RTVE,RTVE,publico,true,regla automática (regex sobre el nombre)
TVE,RTVE,publico,true,regla automática (regex sobre el nombre)
i Cinema RTVE DÍAS DE CINE,RTVE,publico,true,regla automática (regex sobre el nombre)
AOL (Spotify),Spotify,plataforma,false,regla automática (regex sobre el nombre)
"Programática audio (Spotify, Ivoox, radio digital)",Spotify,plataforma,false,regla automática (regex sobre el nombre)
SPOTIFY,Spotify,plataforma,false,regla automática (regex sobre el nombre)
SPOTIFY ADSTUDIO,Spotify,plataforma,false,regla automática (regex sobre el nombre)
SPOTIFY.COM,Spotify,plataforma,false,regla automática (regex sobre el nombre)
Spotify - AUDIO Plataforma,Spotify,plataforma,false,regla automática (regex sobre el nombre)
Spotify Technology S.A.,Spotify,plataforma,false,regla automática (regex sobre el nombre)
Spotify/Ivoox/Audio,Spotify,plataforma,false,regla automática (regex sobre el nombre)
Spotify/Ivoox/Irratia,Spotify,plataforma,false,regla automática (regex sobre el nombre)
Spotify/Voox/Audio,Spotify,plataforma,false,regla automática (regex sobre el nombre)
ONDA MADRID (TELEMADRID RADIO),Telemadrid (Radio Televisión Madrid),publico,true,regla automática (regex sobre el nombre)
ONDA MADRID (TELEMADRID RADIO).,Telemadrid (Radio Televisión Madrid),publico,true,regla automática (regex sobre el nombre)
RADIO TELEVISION MADRID,Telemadrid (Radio Televisión Madrid),publico,true,regla automática (regex sobre el nombre)
Radio Televisión Madrid,Telemadrid (Radio Televisión Madrid),publico,true,regla automática (regex sobre el nombre)
TELEMADRID,Telemadrid (Radio Televisión Madrid),publico,true,regla automática (regex sobre el nombre)
TELEMADRID.,Telemadrid (Radio Televisión Madrid),publico,true,regla automática (regex sobre el nombre)
TELEMADRID.ES,Telemadrid (Radio Televisión Madrid),publico,true,regla automática (regex sobre el nombre)
Castilla y León en el Mundo,Unidad Editorial,privado,false,regla automática (regex sobre el nombre)
Diario de Soria (El Mundo),Unidad Editorial,privado,false,regla automática (regex sobre el nombre)
EL CULTURAL EL MUNDO,Unidad Editorial,privado,false,regla automática (regex sobre el nombre)
EL MUNDO,Unidad Editorial,privado,false,regla automática (regex sobre el nombre)
EL MUNDO (CAMPAÑA IA),Unidad Editorial,privado,false,regla automática (regex sobre el nombre)
EL MUNDO (PAPEL Y WEB),Unidad Editorial,privado,false,regla automática (regex sobre el nombre)
"EL MUNDO (PAPEL Y WEB), TELVA (WEB)",Unidad Editorial,privado,false,regla automática (regex sobre el nombre)
EL MUNDO (PAPEL),Unidad Editorial,privado,false,regla automática (regex sobre el nombre)
EL MUNDO (WEB),Unidad Editorial,privado,false,regla automática (regex sobre el nombre)
EL MUNDO (ed CS),Unidad Editorial,privado,false,regla automática (regex sobre el nombre)
EL MUNDO CASTELLÓN,Unidad Editorial,privado,false,regla automática (regex sobre el nombre)
EL MUNDO CASTELLÓN AL DÍA,Unidad Editorial,privado,false,regla automática (regex sobre el nombre)
EL MUNDO CS,Unidad Editorial,privado,false,regla automática (regex sobre el nombre)
EL MUNDO CULTURAL,Unidad Editorial,privado,false,regla automática (regex sobre el nombre)
EL MUNDO CV,Unidad Editorial,privado,false,regla automática (regex sobre el nombre)
EL MUNDO DEL S. VEINTIUNO ED.MADRID,Unidad Editorial,privado,false,regla automática (regex sobre el nombre)
EL MUNDO ED COMUNIDAD VALENCIANA,Unidad Editorial,privado,false,regla automática (regex sobre el nombre)
EL MUNDO NACIONAL,Unidad Editorial,privado,false,regla automática (regex sobre el nombre)
EL MUNDO Y EXPANSION (WEB),Unidad Editorial,privado,false,regla automática (regex sobre el nombre)
EL MUNDO Y EXPANSIÓN (PAPEL Y WEB),Unidad Editorial,privado,false,regla automática (regex sobre el nombre)
EL MUNDO Y MARCA,Unidad Editorial,privado,false,regla automática (regex sobre el nombre)
EL MUNDO Y MARCA (PAPEL Y WEB),Unidad Editorial,privado,false,regla automática (regex sobre el nombre)
"EL MUNDO, MARCA Y EXPANSIÓN (WEB)",Unidad Editorial,privado,false,regla automática (regex sobre el nombre)
"EL MUNDO, MARCA, TELVA (WEB)",Unidad Editorial,privado,false,regla automática (regex sobre el nombre)
"EL MUNDO, TELVA Y EXPANSIÓN (PAPEL Y WEB)",Unidad Editorial,privado,false,regla automática (regex sobre el nombre)
EL MUNDO-CASTELLON AL DIA,Unidad Editorial,privado,false,regla automática (regex sobre el nombre)
EL MUNDO.ES,Unidad Editorial,privado,false,regla automática (regex sobre el nombre)
EL MUNDO.ES Y MARCA.COM,Unidad Editorial,privado,false,regla automática (regex sobre el nombre)
ELMUNDO,Unidad Editorial,privado,false,regla automática (regex sobre el nombre)
ELMUNDO.,Unidad Editorial,privado,false,regla automática (regex sobre el nombre)
ELMUNDO.ES,Unidad Editorial,privado,false,regla automática (regex sobre el nombre)
ELMUNDO.ES + METROPOLI.COM,Unidad Editorial,privado,false,regla automática (regex sobre el nombre)
ELMUNDO.ES / EL MUNDO CV,Unidad Editorial,privado,false,regla automática (regex sobre el nombre)
ELMUNDO.ES CV/ CASTELLÓN,Unidad Editorial,privado,false,regla automática (regex sobre el nombre)
ELMUNDO.ES Com.Valenciana,Unidad Editorial,privado,false,regla automática (regex sobre el nombre)
ELMUNDO.ES/LAOTRACRÓNICA,Unidad Editorial,privado,false,regla automática (regex sobre el nombre)
ELMUNDO.ES/METROPOLI.COM,Unidad Editorial,privado,false,regla automática (regex sobre el nombre)
ELMUNDOCASTELLÓN.ES,Unidad Editorial,privado,false,regla automática (regex sobre el nombre)
EXPANSION,Unidad Editorial,privado,false,regla automática (regex sobre el nombre)
EXPANSION (WEB),Unidad Editorial,privado,false,regla automática (regex sobre el nombre)
EXPANSION CV,Unidad Editorial,privado,false,regla automática (regex sobre el nombre)
EXPANSION ED.NACIONAL,Unidad Editorial,privado,false,regla automática (regex sobre el nombre)
EXPANSION NACIONAL,Unidad Editorial,privado,false,regla automática (regex sobre el nombre)
EXPANSION.,Unidad Editorial,privado,false,regla automática (regex sobre el nombre)
EXPANSION.COM,Unidad Editorial,privado,false,regla automática (regex sobre el nombre)
EXPANSIÓN (PAPEL),Unidad Editorial,privado,false,regla automática (regex sobre el nombre)
EXPANSIÓN (WEB),Unidad Editorial,privado,false,regla automática (regex sobre el nombre)
EXPANSIÓN (ed CV),Unidad Editorial,privado,false,regla automática (regex sobre el nombre)
EXPANSIÓN C VALENCIANA,Unidad Editorial,privado,false,regla automática (regex sobre el nombre)
EXPANSIÓN Edició Cat.,Unidad Editorial,privado,false,regla automática (regex sobre el nombre)
EXPANSIÓN Edició Catalunya,Unidad Editorial,privado,false,regla automática (regex sobre el nombre)
EXPANSIÓN SERVICIOS DE PUBLICIDAD EXTERIOR S.L.,Unidad Editorial,privado,false,regla automática (regex sobre el nombre)
EXPANSIÓN Y EL MUNDO (WEB),Unidad Editorial,privado,false,regla automática (regex sobre el nombre)
EXPANSIÓN.COM,Unidad Editorial,privado,false,regla automática (regex sobre el nombre)
Edición digital de marca. edición digital del elmundo.es y radio marca,Unidad Editorial,privado,false,regla automática (regex sobre el nombre)
El Mundo (IP Región de Murcia),Unidad Editorial,privado,false,regla automática (regex sobre el nombre)
El Mundo (suplemento-Metrópoli),Unidad Editorial,privado,false,regla automática (regex sobre el nombre)
El Mundo - La Lectura,Unidad Editorial,privado,false,regla automática (regex sobre el nombre)
El Mundo - Viajes,Unidad Editorial,privado,false,regla automática (regex sobre el nombre)
El Mundo Castellon,Unidad Editorial,privado,false,regla automática (regex sobre el nombre)
El Mundo Digital,Unidad Editorial,privado,false,regla automática (regex sobre el nombre)
El Mundo Ed. Cat.,Unidad Editorial,privado,false,regla automática (regex sobre el nombre)
El Mundo de CyL,Unidad Editorial,privado,false,regla automática (regex sobre el nombre)
El Mundo de los Pirineos,Unidad Editorial,privado,false,regla automática (regex sobre el nombre)
El Mundo de los Pirineos (mayo y junio),Unidad Editorial,privado,false,regla automática (regex sobre el nombre)
El Mundo edición nacional,Unidad Editorial,privado,false,regla automática (regex sobre el nombre)
El mundo Alicante,Unidad Editorial,privado,false,regla automática (regex sobre el nombre)
El mundo Premsa escrita,Unidad Editorial,privado,false,regla automática (regex sobre el nombre)
Expansión,Unidad Editorial,privado,false,regla automática (regex sobre el nombre)
FUERADESERIE.EXPANSION.COM,Unidad Editorial,privado,false,regla automática (regex sobre el nombre)
Grupo Unidad Editorial,Unidad Editorial,privado,false,regla automática (regex sobre el nombre)
"JFT Comunicación y Expansión de Redes, S.L.N.E.",Unidad Editorial,privado,false,regla automática (regex sobre el nombre)
LA LECTURA (EL MUNDO),Unidad Editorial,privado,false,regla automática (regex sobre el nombre)
LA LECTURA EL MUNDO,Unidad Editorial,privado,false,regla automática (regex sobre el nombre)
La Lectura (El Mundo) Unidad Editorial S.A,Unidad Editorial,privado,false,regla automática (regex sobre el nombre)
Lugares del Mundo,Unidad Editorial,privado,false,regla automática (regex sobre el nombre)
MARCA,Unidad Editorial,privado,false,regla automática (regex sobre el nombre)
MARCA (PAPEL),Unidad Editorial,privado,false,regla automática (regex sobre el nombre)
MARCA (WEB),Unidad Editorial,privado,false,regla automática (regex sobre el nombre)
"MARCA (WEB), EL MUNDO, TELVA, METRÓPOLI, FUERA DE SERIE",Unidad Editorial,privado,false,regla automática (regex sobre el nombre)
MARCA Edició Cat.,Unidad Editorial,privado,false,regla automática (regex sobre el nombre)
MARCA Edició Catalunya,Unidad Editorial,privado,false,regla automática (regex sobre el nombre)
MARCA Y EL MUNDO (WEB),Unidad Editorial,privado,false,regla automática (regex sobre el nombre)
MARCA.,Unidad Editorial,privado,false,regla automática (regex sobre el nombre)
MARCA.ES C VALENCIANA,Unidad Editorial,privado,false,regla automática (regex sobre el nombre)
Marca.com,Unidad Editorial,privado,false,regla automática (regex sobre el nombre)
PERIÓDICO EL MUNDO,Unidad Editorial,privado,false,regla automática (regex sobre el nombre)
RADIO MARCA (RADIO Y WEB),Unidad Editorial,privado,false,regla automática (regex sobre el nombre)
RADIO MARCA GANDÍA,Unidad Editorial,privado,false,regla automática (regex sobre el nombre)
RADIO MARCA MADRID,Unidad Editorial,privado,false,regla automática (regex sobre el nombre)
"RADIO MARCA Y EL MUNDO (PAPEL, RADIO, INTERNET)",Unidad Editorial,privado,false,regla automática (regex sobre el nombre)
RADIO MARCA ZARAGOZA,Unidad Editorial,privado,false,regla automática (regex sobre el nombre)
REVISTA TELVA,Unidad Editorial,privado,false,regla automática (regex sobre el nombre)
Radio Marca,Unidad Editorial,privado,false,regla automática (regex sobre el nombre)
RÀDIO MARCA,Unidad Editorial,privado,false,regla automática (regex sobre el nombre)
TELVA (WEB),Unidad Editorial,privado,false,regla automática (regex sobre el nombre)
TELVA.,Unidad Editorial,privado,false,regla automática (regex sobre el nombre)
TELVA.COM,Unidad Editorial,privado,false,regla automática (regex sobre el nombre)
TUCOMARCA.COM,Unidad Editorial,privado,false,regla automática (regex sobre el nombre)
Telva,Unidad Editorial,privado,false,regla automática (regex sobre el nombre)
UNIDAD EDITORIAL,Unidad Editorial,privado,false,regla automática (regex sobre el nombre)
UNIDAD EDITORIAL Online,Unidad Editorial,privado,false,regla automática (regex sobre el nombre)
"Unidad Editorial Información Deportiva, S.L.",Unidad Editorial,privado,false,regla automática (regex sobre el nombre)
Unidad Editorial SA,Unidad Editorial,privado,false,regla automática (regex sobre el nombre)
"Unidad Editorial, S.A.",Unidad Editorial,privado,false,regla automática (regex sobre el nombre)
VIAJAR EL MUNDO,Unidad Editorial,privado,false,regla automática (regex sobre el nombre)
VIAJES (EL MUNDO),Unidad Editorial,privado,false,regla automática (regex sobre el nombre)
expansion.es,Unidad Editorial,privado,false,regla automática (regex sobre el nombre)
expansión.es,Unidad Editorial,privado,false,regla automática (regex sobre el nombre)
marca euskadi,Unidad Editorial,privado,false,regla automática (regex sobre el nombre)
marca.com (Apertura Milán),Unidad Editorial,privado,false,regla automática (regex sobre el nombre)
marca.es,Unidad Editorial,privado,false,regla automática (regex sobre el nombre)
CADENA SER (CAMPAÑA IA) ONDA CERO (CAMPAÑA IA)- Campaña,Varios grupos (contrato conjunto),varios,false,regla automática (regex sobre el nombre)
COPE CIRCUITO REGIONAL C.VALENCIANA ONDA CERO CIRCUITO REGIONAL,Varios grupos (contrato conjunto),varios,false,regla automática (regex sobre el nombre)
"COPE y SER. PRENSA DIGITAL: La Verdad, La Opinión de Murcia y MurciaPlaza. REDES SOCIALES: Twitter, Facebook, Instagram y TikTok",Varios grupos (contrato conjunto),varios,false,regla automática (regex sobre el nombre)
"COPE, Onda Cero y SER. TELEVISIÓN: TeleCaravaca, Comarcal TV Lorca. PRENSA DIGITAL: La Verdad, La Opinión de Murcia y MurciaPlaza",Varios grupos (contrato conjunto),varios,false,regla automática (regex sobre el nombre)
"COPE, SER y EsRadio. PRENSA IMPRESA: La Verdad y La Opinión de Murcia. EXTERIOR: Vallas OTROS: Google Adwords",Varios grupos (contrato conjunto),varios,false,regla automática (regex sobre el nombre)
"COPE, SER y Onda Cero. PRENSA DIGITAL: La Verdad, La Opinión de Murcia, MurciaPlaza, MurciaEconomía, ElNoroeste, CartagenaDiario, SieteDíasYecla, SieteDíasJumilla y NoticieroMarMenor",Varios grupos (contrato conjunto),varios,false,regla automática (regex sobre el nombre)
"COPE, SER y Onda Cero. PRENSA IMPRESA: La Verdad y La Opinión de Murcia",Varios grupos (contrato conjunto),varios,false,regla automática (regex sobre el nombre)
"COPE, SER y Onda Cero. PRENSA IMPRESA: La Verdad y La Opinión de Murcia. REDES SOCIALES: Facebook e Instagram. OTROS: RTB",Varios grupos (contrato conjunto),varios,false,regla automática (regex sobre el nombre)
"COPE, SER y Onda Cero. PRENSA IMPRESA: La Verdad y La Opinión de Murcia. REDES SOCIALES: Twitter, Facebook e Instagram",Varios grupos (contrato conjunto),varios,false,regla automática (regex sobre el nombre)
"COPE, SER y Onda Cero. PRENSA IMPRESA: La Verdad y La Razón (Edición Región de Murcia)",Varios grupos (contrato conjunto),varios,false,regla automática (regex sobre el nombre)
"COPE, SER, Onda Cero y Cadena 100. REDES SOCIALES: Facebook e Instagram. OTROS: Google Adwords",Varios grupos (contrato conjunto),varios,false,regla automática (regex sobre el nombre)
"COPE, SER, Onda Cero y EsRadio. PRENSA IMPRESA: La Verdad y La Opinión de Murcia. PRENSA DIGITAL: ElDiario.es/murcia y Agrodiario.com. EXTERIOR: Vallas",Varios grupos (contrato conjunto),varios,false,regla automática (regex sobre el nombre)
"COPE, SER, Onda Cero y Radio Intereconomía. PRENSA IMPRESA: La Verdad y La Opinión de Murcia",Varios grupos (contrato conjunto),varios,false,regla automática (regex sobre el nombre)
"COPE, SER, Onda Cero y Radio Marca (Región de Murcia). PRENSA IMPRESA: La Verdad y La Opinión de Murcia. PRENSA DIGITAL: ElDiario.es/murcia, DiarioSi y MurciaEconomía",Varios grupos (contrato conjunto),varios,false,regla automática (regex sobre el nombre)
"COPE, SER, Onda Cero, Los 40, Cadena Dial, Cadena 100, Rock FM, Radio Intereconomía y Radio Marca. PRENSA IMPRESA: La Verdad y La Opinión de Murcia. PRENSA DIGITAL: La Opinión de Murcia, Murcia.com y MurciaEconomía. REDES SOCIALES: Youtube. OTROS: RTB y Remarketing",Varios grupos (contrato conjunto),varios,false,regla automática (regex sobre el nombre)
"COPE, SER, Onda Cero, Onda Regional PRENSA DIGITAL: La Verdad, Laopinióndemurcia.es , Murcia Plaza, Murcia Diario, Nuevo Digital, Murcia.com, La Actualidad",Varios grupos (contrato conjunto),varios,false,regla automática (regex sobre el nombre)
"COPE, SER, Onda Cero, Radio Águilas, Radio Costa Cálida Mazarrón y EsRadio. PRENSA DIGITAL: La Verdad y La Opinión de Murcia. REDES SOCIALES: Facebook",Varios grupos (contrato conjunto),varios,false,regla automática (regex sobre el nombre)
COPE. PRENSA IMPRESA: La Razón (Edición Región de Murcia),Varios grupos (contrato conjunto),varios,false,regla automática (regex sobre el nombre)
"COPE. SER, Onda Cero, Radio Abarán, Onda Bullas, Radio Municipal de Calasparra, Radio Antena Ciudad Fuente Álamo y Radio Pinatar. PRENSA DIGITAL: La Verdad, La Opinión de Murcia, MurciaEconomía y MurciaPlaza. REDES SOCIALES: Twitter y Facebook",Varios grupos (contrato conjunto),varios,false,regla automática (regex sobre el nombre)
"Cadena 100, SER (Alicante, Albacete y Madrid), Los 40 (Alicante), Europa FM (Albacete) y Onda Cero (Madrid). PRENSA IMPRESA: ABC, El País, El Mundo, La Razón y XL Semanal. PRENSA DIGITAL: El País, Minube, Información de Alicante y El Digital De Albacete. REDES SOCIALES: Facebook, Twitter y Youtube. OTROS: RTB",Varios grupos (contrato conjunto),varios,false,regla automática (regex sobre el nombre)
"Canal 1 Mar Menor - Torre Pacheco y Comarcal TV Lorca. RADIO: COPE, SER y Onda Cero. PRENSA IMPRESA: Salud 21. PRENSA DIGITAL: La Verdad, La Opinión de Murcia, CartagenaDiario, ElDiario.es/murcia, ElNoroeste, MurciaPlaza, y Salud21",Varios grupos (contrato conjunto),varios,false,regla automática (regex sobre el nombre)
"Canal 1 Mar Menor - Torre Pacheco y TeleCartagena. RADIO: COPE, SER y Onda Cero. EXTERIOR: Autobuses Mar Menor",Varios grupos (contrato conjunto),varios,false,regla automática (regex sobre el nombre)
"Canal 1 Mar Menor - Torre Pacheco, Comarcal TV Lorca, TeleCartagena, TeleArchena y TeleJumilla. RADIO: COPE, SER, Radio Sintonia, Antena Joven Jumilla, Radio Archena, Radio Compañía, Caravaca Radio, Radio Pinatar y Thader Radio. PRENSA DIGITAL: La Verdad, La Opinión de Murcia, MurciaPlaza, cartagenadiario.es, elecodejumilla.es, ElDiario.es/murcia, murciaregion.com, MurciaDiario MurciaEconomía y DiarioSi",Varios grupos (contrato conjunto),varios,false,regla automática (regex sobre el nombre)
"Canal 1 Mar Menor - Torre Pacheco, Comarcal TV Lorca, TeleCartagena, TeleJumilla, TeleYecla y TeleMazarrón. RADIO: COPE, SER y Onda Cero. PRENSA IMPRESA: La Verdad y La Opinión de Murcia. REDES SOCIALES: Facebook, Instagram y Youtube",Varios grupos (contrato conjunto),varios,false,regla automática (regex sobre el nombre)
"Canal 1 Mar Menor - Torre Pacheco, Tele Cartagena RADIO: Los 40, Cadena Dial y Cadena 100. PRENSA DIGITAL: La Verdad, La Opinión de Murcia , Murcia Plaza, Cartagena Actualidad, Noticiero Mar Menor, Info Águilas, La Actualidad y Cartagena Diario. PRENSA IMPRESA: La Verdad y La Opinión de Murcia",Varios grupos (contrato conjunto),varios,false,regla automática (regex sobre el nombre)
"Canal 1 Mar Menor - Torre Pacheco. RADIO: COPE, SER y Onda Cero. PRENSA DIGITAL: La Verdad, La Opinión de Murcia y MurciaPlaza. REDES SOCIALES: Facebook, Instagram y Twitter",Varios grupos (contrato conjunto),varios,false,regla automática (regex sobre el nombre)
"Canal 1 Mar Menor - Torre Pacheco. RADIO: SER, Onda Cero y Cadena 100. PRENSA DIGITAL: La Verdad, La Opinión de Murcia y MurciaPlaza",Varios grupos (contrato conjunto),varios,false,regla automática (regex sobre el nombre)
"Canal 1 Mar Menor – Torre Pacheco, TeleCartagena y TeleCaravaca. RADIO: SER, COPE, Cadena 100 y Los 40. PRENSA IMPRESA: La Verdad, La Opinión de Murcia y El Noroeste",Varios grupos (contrato conjunto),varios,false,regla automática (regex sobre el nombre)
"Canal 1 Mar Menor – Torre Pacheco. RADIO: SER, COPE y Onda Cero. PRENSA DIGITAL: La Verdad y La Opinión de Murcia",Varios grupos (contrato conjunto),varios,false,regla automática (regex sobre el nombre)
"Canal 1 Mar Menor, Comarcal TV Lorca, TeleCartagena, TeleYecla, TeleCaravaca. RADIO: SER, COPE, Onda Cero, Kiss FM. PRENSA IMPRESA: La Verdad, La Opinión. PRENSA DIGITAL: La Verdad, La Opinión, El Diario.es/murcia, MurciaDiario, MurciaEconomía, MurciaPlaza, MurciaNoticias, Libertad Digital/murcia. REDES SOCIALES: Facebook, Spotify, YouTube",Varios grupos (contrato conjunto),varios,false,regla automática (regex sobre el nombre)
"Canal 1 Mar Menor, Comarcal TV Lorca, TeleCartagena. RADIO: SER, Los 40, Dial, COPE, Cadena 100, Onda Cero. PRENSA DIGITAL: La Verdad, La Opinión, MurciaPlaza, Actualidad Águilas, Noticiero del Mar Menor, CartagenaActualidad y CartagenaDiario",Varios grupos (contrato conjunto),varios,false,regla automática (regex sobre el nombre)
"Canal 1 Mar Menor-Torre Pacheco, TeleYecla y Tele Cable Jumilla. RADIO: SER. PRENSA IMPRESA: La Verdad",Varios grupos (contrato conjunto),varios,false,regla automática (regex sobre el nombre)
"Canal de YouTube ‘Cocina con Segarra.Facebook, Instagram, Twitter.Emisión en Canal 56 TV. 2 intervenciones semanales en emisoras de radio (Cadena Cope, Cadena SER, Onda Cero y Aragón Radio). 1 intervención semanal en Aragón TV.",Varios grupos (contrato conjunto),varios,false,regla automática (regex sobre el nombre)
"Comarcal TV Lorca y TeleCartagena. RADIO: COPE, SER y Onda Cero. PRENSA DIGITAL: MurciaPlaza, ElDiario.es/murcia y Salud21. REDES SOCIALES: Youtube e Instagram",Varios grupos (contrato conjunto),varios,false,regla automática (regex sobre el nombre)
"Comarcal TV Lorca y TeleCartagena. RADIO: COPE, SER y Onda Cero. PRENSA IMPRESA: La Verdad y La Opinión de Murcia. PRENSA DIGITAL: MurciaDiario, MurciaEconomía y NoticieroMarMenor",Varios grupos (contrato conjunto),varios,false,regla automática (regex sobre el nombre)
"Comarcal TV Lorca, TeleYecla y TeleCaravaca. RADIO: SER, COPE y Onda Cero. PRENSA IMPRESA: Salud 21, Siete Días Yecla y La Actualidad de Águilas y Lorca. PRENSA DIGITAL: La Verdad y La Opinión de Murcia. REDES SOCIALES: Facebook, Instagram y Youtube. EXTERIOR: Vallas y Mupis",Varios grupos (contrato conjunto),varios,false,regla automática (regex sobre el nombre)
"Comarcal TV Lorca, TeleYecla, TeleCaravaca. RADIO: SER, Cadena Dial, COPE, Cadena 100 y Onda Cero. PRENSA IMPRESA Y DIGITAL: La Verdad, La Opinión de Murcia, MurciaPlaza, Siete Días Jumilla, Siete Días Yecla y El Noroeste",Varios grupos (contrato conjunto),varios,false,regla automática (regex sobre el nombre)
"Comarcal TV Lorca. REDES SOCIALES: Facebook, Instagram, Youtube y Twitter",Varios grupos (contrato conjunto),varios,false,regla automática (regex sobre el nombre)
"Diversos Web Internacional (Expedia, Sojern, Invibes, Sunmedia, Meta, Kplus, Google)",Varios grupos (contrato conjunto),varios,false,regla automática (regex sobre el nombre)
"Diversos Web Internacional (França: L'Evenementiel, Youtube, Linkedin, Kplus), (Alemanya: TW MEDIA, Youtube, Linkedin, Kplus), (Regne Unit: IBTM, M&IT + AMI + Northstar, SKIFT MEETINGS, Youtube, Linkedin, Kplus), (Benelux: T, Linkedin, Kplus)",Varios grupos (contrato conjunto),varios,false,regla automática (regex sobre el nombre)
"Diversos Web Internacional (Linkedin, Youtube, Kplus, MEP (alemanya), Panrotas (LATAM))",Varios grupos (contrato conjunto),varios,false,regla automática (regex sobre el nombre)
"Diversos Web Internacional (META, Spotify, Sunmedia i Youtube)",Varios grupos (contrato conjunto),varios,false,regla automática (regex sobre el nombre)
"Diversos Web Internacional (Meta, Kplus i Youtube)",Varios grupos (contrato conjunto),varios,false,regla automática (regex sobre el nombre)
"Diversos Web Internacional (Taptap, Vidoomy, Kplus, Meta, Google)",Varios grupos (contrato conjunto),varios,false,regla automática (regex sobre el nombre)
"ElDiario.es/murcia, MurciaDiario, MurciaEconomía, Murcia.com, InfoAguilas y ElEconomista REDES SOCIALES: Facebook e Instagram. EXTERIOR: Vallas. OTROS: Cartelería",Varios grupos (contrato conjunto),varios,false,regla automática (regex sobre el nombre)
"Facebook, Instagram y Youtube. OTROS: Compra Programática",Varios grupos (contrato conjunto),varios,false,regla automática (regex sobre el nombre)
"Facebook, Instagram, Linkedin, TikTok, Twitter y Youtube",Varios grupos (contrato conjunto),varios,false,regla automática (regex sobre el nombre)
"Facebook, Instagram, Linkedin, Tiktok, Spotify y Youtube",Varios grupos (contrato conjunto),varios,false,regla automática (regex sobre el nombre)
"Facebook, Instagram, Spotify, TikTok y Youtube",Varios grupos (contrato conjunto),varios,false,regla automática (regex sobre el nombre)
"Facebook, Instagram, Tik Tok, Spotify y Linkedln",Varios grupos (contrato conjunto),varios,false,regla automática (regex sobre el nombre)
"Facebook, Instagram, TikTok y Youtube. EXTERIOR: Vallas. OTROS: Cartelería",Varios grupos (contrato conjunto),varios,false,regla automática (regex sobre el nombre)
"Facebook, Instagram, TikTok y Youtube. OTROS: RTB",Varios grupos (contrato conjunto),varios,false,regla automática (regex sobre el nombre)
"Facebook, Instagram, TikTok, Spotify y Youtube",Varios grupos (contrato conjunto),varios,false,regla automática (regex sobre el nombre)
"Facebook, Instagram, TikTok, Spotify y Youtube. OTROS: Compra Programatica",Varios grupos (contrato conjunto),varios,false,regla automática (regex sobre el nombre)
"Facebook, Instagram, TikTok, Twitter y Youtube",Varios grupos (contrato conjunto),varios,false,regla automática (regex sobre el nombre)
"Facebook, Instagram, Tiktok, Youtube y Spotify",Varios grupos (contrato conjunto),varios,false,regla automática (regex sobre el nombre)
"Facebook, Instagram,TikTok y Youtube OTROS: RTB",Varios grupos (contrato conjunto),varios,false,regla automática (regex sobre el nombre)
Facebook/ Instagram/ Linkedin/ Youtube/Twitter/Youtube/Tik Tok,Varios grupos (contrato conjunto),varios,false,regla automática (regex sobre el nombre)
Facebook/ Instagram/ Twiter/ Youtube/TikTok,Varios grupos (contrato conjunto),varios,false,regla automática (regex sobre el nombre)
"HBBTV Connected TV (Atresmedia, Mediaset,",Varios grupos (contrato conjunto),varios,false,regla automática (regex sobre el nombre)
La Verdad y La Opinión de Murcia. PRENSA DIGITAL: La Verdad y La Opinión de Murcia. REDES SOCIALES: Facebook e Instagram,Varios grupos (contrato conjunto),varios,false,regla automática (regex sobre el nombre)
"La Verdad, La Opinión de Murcia, ElDiario.es/murcia, MurciaDiario y MurciaEconomía. EXTERIOR: Mupis",Varios grupos (contrato conjunto),varios,false,regla automática (regex sobre el nombre)
"La Verdad, La Opinión de Murcia, La Razón (Edición Región de Murcia), El Noroeste, Siete Días Jumilla, Siete Días Yecla y Salud 21. PRENSA DIGITAL: La Verdad y La Opinión de Murcia",Varios grupos (contrato conjunto),varios,false,regla automática (regex sobre el nombre)
"La Verdad, La Opinión de Murcia, La Razón (Edición Región de Murcia), El Noroeste, Siete Días Jumilla, Siete Días Yecla y Salud 21. PRENSA DIGITAL: La Verdad y La Opinión de Murcia. EXTERIOR: Vallas",Varios grupos (contrato conjunto),varios,false,regla automática (regex sobre el nombre)
La Verdad. REDES SOCIALES: Facebook. EXTERIOR: Mupis y autobuses urbanos. OTROS: Revista Colegio Oficial de Periodistas de la Región de Murcia,Varios grupos (contrato conjunto),varios,false,regla automática (regex sobre el nombre)
"Los 40, Cadena 100 y Europa FM. PRENSA DIGITAL: MurciaRegión y MurciaNoticias. REDES SOCIALES: Facebook, Instagram y YouTube",Varios grupos (contrato conjunto),varios,false,regla automática (regex sobre el nombre)
"Los 40, Cadena 100 y Europa FM. REDES SOCIALES: Facebook, Instagram, TikTok y YouTube",Varios grupos (contrato conjunto),varios,false,regla automática (regex sobre el nombre)
"Los 40, Cadena 100, Cadena Dial. TELEVISIÓN: Canal 1 Mar Menor, TeleCartagena. PRENSA DIGITAL: La Verdad, La Opinión, MurciaPlaza, Noticiero Mar Menor, CartagenaDiario, CartagenaActualidad, La Actualidad de Águilas",Varios grupos (contrato conjunto),varios,false,regla automática (regex sobre el nombre)
"Los 40, Cadena 100, Europa FM. TELEVISIÓN: Popular TV, Comarcal TV Lorca. PRENSA IMPRESA: La Verdad, La Opinión. REDES SOCIALES: Facebook, Instagram, Youtube",Varios grupos (contrato conjunto),varios,false,regla automática (regex sobre el nombre)
"Los 40, Cadena 100, Onda Cero, SER y COPE. PRENSA DIGITAL: La Verdad y Laopinióndemurcia.es . REDES SOCIALES: Instagram y Tik Tok",Varios grupos (contrato conjunto),varios,false,regla automática (regex sobre el nombre)
"Los 40, Cadena Dial y Caravaca Radio. PRENSA DIGITAL: La Opinión de Murcia. REDES SOCIALES: Facebook e Instagram",Varios grupos (contrato conjunto),varios,false,regla automática (regex sobre el nombre)
"Los 40, Cadena Dial, Cadena 100, SER, COPE, Onda Cero. PRENSA DIGITAL: La Verdad, Laopinióndemurcia.es . REDES SOCIALES: Facebook, Instagram, Spotify, Youtube, Tiktok",Varios grupos (contrato conjunto),varios,false,regla automática (regex sobre el nombre)
"Mix campaña online via Havas (YouTube, Spotify, prensa digital…)",Varios grupos (contrato conjunto),varios,false,regla automática (regex sobre el nombre)
"Onda Cero, Cadena 100 y Radio Intereconomía. PRENSA DIGITAL: La Verdad, La Opinión de Murcia, Murcia.com y MurciaEconomía",Varios grupos (contrato conjunto),varios,false,regla automática (regex sobre el nombre)
"Popular TV Región de Murcia, Canal 1 Mar Menor - Torre Pacheco, Comarcal TV Lorca, TeleCaravaca y TeleCartagena. RADIO: SER, COPE y Onda Cero. PRENSA DIGITAL: La Verdad y La Opinión de Murcia",Varios grupos (contrato conjunto),varios,false,regla automática (regex sobre el nombre)
"Popular TV, Canal 1 Mar Menor - Torre Pacheco y Comarcal TV Lorca. RADIO: SER, COPE y Onda Cero. PRENSA DIGITAL: La Verdad y La Opinión de Murcia",Varios grupos (contrato conjunto),varios,false,regla automática (regex sobre el nombre)
"Popular TV, Canal 1 Mar Menor - Torre Pacheco, Comarcal TV Lorca y TeleCartagena RADIO: SER, COPE y Onda Cero. PRENSA DIGITAL: La Verdad y La Opinión de Murcia",Varios grupos (contrato conjunto),varios,false,regla automática (regex sobre el nombre)
"Popular TV, Canal 1 Mar Menor - Torre Pacheco, Comarcal TV Lorca y TeleCartagena. RADIO: SER, COPE y Onda Cero. PRENSA IMPRESA Y DIGITAL: La Verdad, La Opinión de Murcia y Salud 21",Varios grupos (contrato conjunto),varios,false,regla automática (regex sobre el nombre)
"Popular TV, Canal 1 Mar Menor - Torre Pacheco, Comarcal TV Lorca y TeleCartagena. RADIO: SER, COPE y Onda Cero. REDES SOCIALES: Facebook e Instagram",Varios grupos (contrato conjunto),varios,false,regla automática (regex sobre el nombre)
"Popular TV, Canal 1 Mar Menor - Torre Pacheco, Comarcal TV Lorca, TeleCartagena y TeleCaravaca. RADIO: COPE, SER y Onda Cero",Varios grupos (contrato conjunto),varios,false,regla automática (regex sobre el nombre)
"Popular TV, Canal 1 Mar Menor - Torre Pacheco, Comarcal TV Lorca, TeleCartagena, TeleYecla y TeleCaravaca. RADIO: SER, Cope, Onda Cero. PRENSA DIGITAL: La Verdad, La Opinión de Murcia , ElDiario.es/murcia y MurciaPlaza",Varios grupos (contrato conjunto),varios,false,regla automática (regex sobre el nombre)
"Popular TV, Canal 1 Mar Menor, Comarcal TV Lorca y TeleCartagena. RADIO: COPE, SER, Onda Cero. PRENSA DIGITAL: La Verdad, La Opinión de Murcia y MurciaPlaza. REDES SOCIALES: Instagram, Tiktok y Youtube",Varios grupos (contrato conjunto),varios,false,regla automática (regex sobre el nombre)
"Popular TV, Canal 1 Mar Menor, Comarcal TV Lorca y TeleCartagena. RADIO: SER, COPE y Onda Cero. PRENSA DIGITAL: La Verdad, La Opinión, MurciaPlaza, Murcia Economía, Murcia Diario, Murcia.com y Nuevo Digital",Varios grupos (contrato conjunto),varios,false,regla automática (regex sobre el nombre)
"Popular TV, Canal 1 Mar Menor, Comarcal TV Lorca, TeleCartagena y TeleCaravaca. RADIO: SER, COPE y Onda Cero. PRENSA DIGITAL: La Verdad, La Opinión de Murcia, MurciaPlaza, MurciaEconomía, MurciaDiario, El Nuevo Digital y ROMMurcia",Varios grupos (contrato conjunto),varios,false,regla automática (regex sobre el nombre)
"Popular TV, Comarcal TV Lorca, Canal 1 Mar Menor - Torre Pacheco y TeleCartagena. RADIO: SER y COPE. PRENSA DIGITAL: La Verdad, La Opinión de Murcia y MurciaPlaza. PRENSA IMPRESA: Salud 21",Varios grupos (contrato conjunto),varios,false,regla automática (regex sobre el nombre)
"Popular TV, Comarcal TV Lorca, Canal 1 Mar Menor - Torre Pacheco y TeleCartagena. RADIO: SER, COPE y Onda Cero. PRENSA DIGITAL: La Verdad y La Opinión de Murcia",Varios grupos (contrato conjunto),varios,false,regla automática (regex sobre el nombre)
"Popular TV, TV Murciana, Canal 1 Mar Menor, Comarcal TV Lorca, TeleCartagena, TeleYecla, TeleCaravaca. RADIO: SER, COPE, Onda Cero. PRENSA IMPRESA: La Verdad, La Opinión PRENSA DIGITAL: LaVerdad, LaOpinión, MurciaDiario, MurciaEconomía, MurciaPlaza, MurciaNoticias, LibertadDigital/murcia. REDES SOCIALES: Youtube, Facebook, Instagram",Varios grupos (contrato conjunto),varios,false,regla automática (regex sobre el nombre)
"Popular TV, Televisión Murciana, Canal 1 Mar Menor - Torre Pacheco, Comarcal TV Lorca, TeleCartagena, TeleYecla y TeleCaravaca. PRENSA DIGITAL: La Verdad, Laopinióndemurcia.es , MurciaPlaza, MurciaEconomía, MurciaDiario, MurciaNoticias, El Español/murcia, ElDiario.es/murcia, La Razón/murcia, Libertad Digital/murcia",Varios grupos (contrato conjunto),varios,false,regla automática (regex sobre el nombre)
"Popular TV, Televisión Murciana, Canal 1 Mar Menor – Torre Pacheco, TeleCartagena, TV Satélite Mazarrón y Tele Unión. RADIO: SER, COPE, Onda Cero, Onda Regional de Murcia y Solo Radio. PRENSA IMPRESA: La Verdad y La Opinión de Murcia. PRENSA DIGITAL: La Verdad y La Opinión de Murcia",Varios grupos (contrato conjunto),varios,false,regla automática (regex sobre el nombre)
"Popular TV, Televisión Murciana, Canal 1 Mar Menor, Comarcal TV Lorca, TeleCartagena, TeleYecla y TeleCaravaca. RADIO: SER, COPE y Onda Cero. PRENSA IMPRESA: La Verdad y La Opinión. PRENSA DIGITAL: La Verdad, La Opinión, MurciaPlaza y LibertadDigital/murcia. REDES SOCIALES: Youtube, Spotify, Facebook e Instagram",Varios grupos (contrato conjunto),varios,false,regla automática (regex sobre el nombre)
"Popular TV, Televisión Murciana, Canal 1 Mar Menor, Comarcal TV Lorca, TeleCartagena, TeleYecla, TeleCaravaca. RADIO: SER, COPE, Onda Cero. PRENSA DIGITAL: La Verdad, La Opinión, ElDiario.es/murcia, MurciaDiario, MurciaEconomía, MurciaPlaza, MurciaNoticias. REDES SOCIALES: Youtube",Varios grupos (contrato conjunto),varios,false,regla automática (regex sobre el nombre)
Popular TV. PRENSA DIGITAL: La Opinión de Murcia y Salud21. REDES SOCIALES: Facebook e Instagram,Varios grupos (contrato conjunto),varios,false,regla automática (regex sobre el nombre)
"Popular TV. PRENSA DIGITAL: La Verdad y La Opinión de Murcia. REDES SOCIALES: Facebook, Instagram y YouTube",Varios grupos (contrato conjunto),varios,false,regla automática (regex sobre el nombre)
Popular TV. RADIO: COPE y Onda Cero. PRENSA DIGITAL: La Verdad y La Opinión de Murcia,Varios grupos (contrato conjunto),varios,false,regla automática (regex sobre el nombre)
"Popular TV. RADIO: COPE, SER y Onda Cero. PRENSA DIGITAL: La Verdad, La Opinión de Murcia, Murcia Plaza, MurciaEconomía y MurciaDiario. REDES SOCIALES: Facebook, Instagram y Twitter",Varios grupos (contrato conjunto),varios,false,regla automática (regex sobre el nombre)
"Popular TV. RADIO: SER, COPE y Onda Cero. PRENSA DIGITAL: La Verdad, La Opinión, El MurciaDiario, MurciaEconomía, MurciaPlaza, MurciaNoticias, Nuevo Digital",Varios grupos (contrato conjunto),varios,false,regla automática (regex sobre el nombre)
"R7P-RAC1, EUROPA FM ANDORRA, RAC105, RADIO VALIRA ONDA CERO",Varios grupos (contrato conjunto),varios,false,regla automática (regex sobre el nombre)
"Radio: Las tres emisoras del Grupo La Comarca asociadas a Cadena Ser (Alcañiz, Caspe y Utrillas). Web: megabanner de 990 x90 px y robapáginas de 300 x 250 px para formatos móviles en la portada del periódico digital www.lacomarca.net.",Varios grupos (contrato conjunto),varios,false,regla automática (regex sobre el nombre)
"SER Madrid, SER Albacete y SER Alicante. PRENSA IMPRESA: El País, El Mundo, La Tribuna de Albacete, Información de Alicante, ABC y La Razón. PRENSA DIGITAL: Webs de Madrid, Valencia, Toledo, Barcelona, Albacete y Alicante, ABC, El País, Murcia Today, Spain Today, Valencia Today, Información de Alicante Digital, Digital de Albacete, La Voz de Almeria y Las Provincias",Varios grupos (contrato conjunto),varios,false,regla automática (regex sobre el nombre)
"SER y COPE. PRENSA DIGITAL: La Verdad, Laopinióndemurcia.es , Murcia Plaza, Totana.com y El Noroeste",Varios grupos (contrato conjunto),varios,false,regla automática (regex sobre el nombre)
"SER, COPE y Onda Cero. PRENSA IMPRESA: La Verdad y La Opinión de Murcia",Varios grupos (contrato conjunto),varios,false,regla automática (regex sobre el nombre)
"SER, COPE y Onda Cero. PRENSA IMPRESA: La Verdad y La Opinión de Murcia. REDES SOCIALES: Facebook, Instagram y Linkedin",Varios grupos (contrato conjunto),varios,false,regla automática (regex sobre el nombre)
"SER, COPE y Onda Cero. PRENSA IMPRESA: La Verdad, La Opinión de Murcia y La Razón (Edición Región de Murcia). PRENSA DIGITAL: La Verdad y La Opinión de Murcia",Varios grupos (contrato conjunto),varios,false,regla automática (regex sobre el nombre)
"SER, COPE y Onda Cero. TELEVISIÓN: Popular Televisión, TeleCartagena y Comarcal TV Lorca. PRENSA DIGITAL: La Verdad, La Opinión de Murcia, MurciaPlaza, MurciaNoticias, MurciaDiario y El Nuevo Digital",Varios grupos (contrato conjunto),varios,false,regla automática (regex sobre el nombre)
"SER, COPE y OndaCero. PRENSA IMPRESA: La Verdad y La Opinión de Murcia. PRENSA DIGITAL: La Verdad y La Opinión de Murcia",Varios grupos (contrato conjunto),varios,false,regla automática (regex sobre el nombre)
"SER, COPE, Onda Cero, Kiss FM. TELEVISIÓN: Popular Televisión, Televisión Murciana, Canal 1 Mar Menor - Torre Pacheco, Comarcal TV Lorca. PRENSA IMPRESA: La Verdad, La Opinión. PRENSA DIGITAL: La Verdad, La Opinión",Varios grupos (contrato conjunto),varios,false,regla automática (regex sobre el nombre)
"SER, COPE, Onda Cero, Los 40, Cadena Dial, Cadena 100 y Kiss FM. PRENSA DIGITAL: La Verdad y La Opinión de Murcia, MurciaEconomía, MurciaPlaza y MurciaNoticias. REDES SOCIALES: Twitter, Instagram, Facebook",Varios grupos (contrato conjunto),varios,false,regla automática (regex sobre el nombre)
"SER, COPE, Onda Cero, Los 40, Cadena Dial, Cadena 100 y Kiss FM. PRENSA IMPRESA: La Verdad y La Opinión de Murcia. PRENSA DIGITAL: La Verdad, La Opinión de Murcia, MurciaNoticias, Murcia.com, MurciaEconomía y MurciaDiario",Varios grupos (contrato conjunto),varios,false,regla automática (regex sobre el nombre)
"SER, COPE, Onda Cero. PRENSA DIGITAL: La Verdad, La Opinión, El MurciaDiario, MurciaEconomía, MurciaPlaza, MurciaNoticias, Nuevo Digital, Extra Digital",Varios grupos (contrato conjunto),varios,false,regla automática (regex sobre el nombre)
"SER, COPE, Onda Cero. TELEVISIÓN: Canal 1 Mar Menor, Comarcal TV Lorca, TeleCartagena, TeleYecla, TeleCaravaca. PRENSA: La Verdad, La Opinión, Siete Días Yecla, La Actualidad, El Español/murcia, La Razón/murcia, El Diario.es/murcia, Libertad Digital/murcia",Varios grupos (contrato conjunto),varios,false,regla automática (regex sobre el nombre)
"SER, COPE, Onda Cero. TELEVISIÓN: Popular TV, Televisión Murciana, Canal 1 Mar Menor - Torre Pacheco, Comarcal TV Lorca, TeleCartagena, TeleYecla, TeleCaravaca. PRENSA DIGITAL: La Verdad, La Opinión, El Diario.es, MurciaDiario, MurciaEconomía, LibertadDigital/murcia, MurciaNoticias. REDES SOCIALES: Facebook, Instagram, Spotify, Youtube",Varios grupos (contrato conjunto),varios,false,regla automática (regex sobre el nombre)
"SER, COPE, Onda Cero. TELEVISIÓN: Popular Televisión, Televisión Murciana, Canal 1 Mar Menor - Torre Pacheco, Comarcal TV Lorca, TeleCartagena, TeleYecla, TeleCarvaca. PRENSA DIGITAL: La Verdad, La Opinión, El Diario.es/murcia, MurciaDiario, MurciaEconomía, MurciaPlaza, LibertadDigital/murcia, MurciaNoticias. REDES SOCIALES: Facebook, Instagram, Spotify, Youtube",Varios grupos (contrato conjunto),varios,false,regla automática (regex sobre el nombre)
"SER, COPE, OndaCero, Cadena Dial, Cadena 100. Televisión: Popular TV, Televisión Murciana, Comarcal TV Lorca, Canal 1 Mar Menor, TeleCartagena, TeleYecla, TeleCaravaca. PRENSA IMPRESA: La Verdad, La Opinión",Varios grupos (contrato conjunto),varios,false,regla automática (regex sobre el nombre)
"SER, Los 40, COPE, Cadena 100, Onda Cero. PRENSA DIGITAL: La Verdad, La Opinión, ElDiario.es, Murcia Diario, Murcia Plaza, Murcia Economía, Murcia Noticias. REDES SOCIALES: Facebbok, Instagram",Varios grupos (contrato conjunto),varios,false,regla automática (regex sobre el nombre)
"SER, Los 40, Cadena Dial, COPE, Cadena 100, Onda Cero, Radio Abarán, Radio Sintonia, Radio Compañía. PRENSA DIGITAL: LaVerdad, LaOpinión, ElDiario.es/murcia, MurciaDiario, MurciaPlaza, MurciaEconomía, MurciaNoticias. REDES SOCIALES: Facebook, Instagram",Varios grupos (contrato conjunto),varios,false,regla automática (regex sobre el nombre)
"SER, Onda Cero y Cadena 100. PRENSA IMPRESA: ABC, El País, El Mundo y La Razón. REDES SOCIALES: Facebook y Youtube. EXTERIOR: Marquesinas y mupis (Granada, Albacete y Valladolid). Metro (Bilbao). OTROS: RTB",Varios grupos (contrato conjunto),varios,false,regla automática (regex sobre el nombre)
"SER, Onda Cero, COPE Jumilla, Radio Abarán, Radio Mula, Onda Sureste, Radio Mula, Onda Bullas y Onda Regional. PRENSA DIGITAL: La Verdad",Varios grupos (contrato conjunto),varios,false,regla automática (regex sobre el nombre)
"TeleCaravaca y TeleYecla. RADIO: Los 40, Cadena Dial, Cadena 100, Kiss FM y Rock FM. PRENSA DIGITAL: La Opinión y La Verdad. REDES SOCIALES: Facebook, Instagram, Spotify, TikTok y Youtube",Varios grupos (contrato conjunto),varios,false,regla automática (regex sobre el nombre)
"TeleCaravaca. RADIO: SER, COPE y Onda Cero. PRENSA DIGITAL: La Verdad y La Opinión de Murcia",Varios grupos (contrato conjunto),varios,false,regla automática (regex sobre el nombre)
"TeleCartagena, TeleCaravaca y Comarcal TV Lorca. RADIO: Cadena 100, Los 40 y Onda Cero. PRENSA IMPRESA: La Verdad y El Noroeste. PRENSA DIGITAL: La Opinión de Murcia y La Verdad. REDES SOCIALES: Youtube e Instagram",Varios grupos (contrato conjunto),varios,false,regla automática (regex sobre el nombre)
"Televisión Murciana y Popular TV. RADIO: COPE, Cadena 100, SER, Cadena Dial y Onda Cero. PRENSA IMPRESA: La Verdad y La Opinión de Murcia",Varios grupos (contrato conjunto),varios,false,regla automática (regex sobre el nombre)
"Televisión Murciana y Popular TV. RADIO: SER, COPE y Onda Cero. PRENSA IMPRESA: La Verdad y La Opinión de Murcia",Varios grupos (contrato conjunto),varios,false,regla automática (regex sobre el nombre)
"Televisión Murciana y Popular TV. RADIO: SER, COPE y Onda Cero. PRENSA IMPRESA: La Verdad y La Opinión de Murcia. EXTERIOR: Vallas publicitarias",Varios grupos (contrato conjunto),varios,false,regla automática (regex sobre el nombre)
"Televisión Murciana y Popular TV. RADIO: SER, COPE y Onda Cero. PRENSA IMPRESA: La Verdad y La Opinión de Murcia. PRENSA DIGITAL: La Opinión de Murcia",Varios grupos (contrato conjunto),varios,false,regla automática (regex sobre el nombre)
"Televisión Murciana y Popular TV. RADIO: SER, COPE y Onda Cero. PRENSA IMPRESA: La Verdad y La Opinión de Murcia. REDES SOCIALES: Twitter, Instagram y Youtube",Varios grupos (contrato conjunto),varios,false,regla automática (regex sobre el nombre)
"Televisión Murciana y Popular TV. RADIO: SER, Los 40, Cadena Dial, COPE, Cadena 100 y Onda Cero. PRENSA DIGITAL: La Verdad, La Opinión de Murcia, MurciaEconomía, MurciaPlaza y MurciaDiario. REDES SOCIALES: Twitter, Facebook, Instagram y Youtube",Varios grupos (contrato conjunto),varios,false,regla automática (regex sobre el nombre)
"Televisión Murciana y Popular TV. RADIO: SER, Los 40, Cadena Dial, COPE, Cadena 100 y Onda Cero. PRENSA DIGITAL: La Verdad, La Opinión de Murcia, MurciaNoticias y Murcia.com",Varios grupos (contrato conjunto),varios,false,regla automática (regex sobre el nombre)
"Televisión Murciana, Canal 1 Mar Menor - Torre Pacheco, Comarcal TV Lorca y TeleCartagena. RADIO: SER, COPE y Onda Cero. REDES SOCIALES: Facebook y Twitter",Varios grupos (contrato conjunto),varios,false,regla automática (regex sobre el nombre)
"Televisión Murciana, Popular TV y Canal 8. RADIO: COPE, SER, Onda Cero y Radio Marca. PRENSA IMPRESA: La Verdad y La Opinión de Murcia. PRENSA DIGITAL: DiarioSi y MurciaEconomía CINE: Circuito Neocine. OTROS: Materiales impresos",Varios grupos (contrato conjunto),varios,false,regla automática (regex sobre el nombre)
"Televisión Murciana, Popular TV, Canal 1 Mar Menor - Torre Pacheco y Comarcal TV Lorca. PRENSA DIGITAL: La Verdad, La Opinión de Murcia, ElNoroeste y Salud21. REDES SOCIALES: Instagram, Facebook y Youtube",Varios grupos (contrato conjunto),varios,false,regla automática (regex sobre el nombre)
"Televisión Murciana, Popular TV, Canal 1 Mar Menor - Torre Pacheco y Comarcal TV Lorca. RADIO: COPE, SER y Onda Cero. PRENSA DIGITAL: MurciaPlaza y ElNoroeste",Varios grupos (contrato conjunto),varios,false,regla automática (regex sobre el nombre)
"Televisión Murciana, Popular TV, Canal 1 Mar Menor - Torre Pacheco y Comarcal TV Lorca. RADIO: COPE, SER, Onda Cero y EsRadio. PRENSA DIGITAL: La Verdad y La Opinión de Murcia. REDES SOCIALES: Facebook e Instagram",Varios grupos (contrato conjunto),varios,false,regla automática (regex sobre el nombre)
"Televisión Murciana, Popular TV, Canal 1 Mar Menor - Torre Pacheco y Comarcal TV Lorca. RADIO: Los 40, Cadena 100, Europa FM, COPE, SER y Onda Cero. REDES SOCIALES: Facebook, Instagram y Youtube",Varios grupos (contrato conjunto),varios,false,regla automática (regex sobre el nombre)
"Televisión Murciana, Popular TV, Canal 1 Mar Menor - Torre Pacheco y Comarcal TV Lorca. RADIO: SER, COPE y Onda Cero. PRENSA IMPRESA: La Verdad y La Opinión de Murcia. PRENSA DIGITAL: La Verdad, La Opinión de Murcia, MurciaNoticias, MurciaDiario y MurciaEconomía",Varios grupos (contrato conjunto),varios,false,regla automática (regex sobre el nombre)
"Televisión Murciana, Popular TV, Canal 1 Mar Menor - Torre Pacheco y Comarcal TV Lorca. RADIO: SER, COPE y Onda Cero. PRENSA IMPRESA: La Verdad y La Opinión de Murcia. PRENSA DIGITAL: La Verdad, La Opinión de Murcia, MurciaNoticias, MurciaDiario, MurciaEconomía, DiarioSi y MurciaRegión",Varios grupos (contrato conjunto),varios,false,regla automática (regex sobre el nombre)
"Televisión Murciana, Popular TV, Canal 1 Mar Menor - Torre Pacheco y Comarcal TV Lorca. RADIO: SER, COPE y Onda Cero. PRENSA IMPRESA: La Verdad y La Opinión de Murcia. REDES SOCIALES: Facebook, Instagram, Youtube y Twitter",Varios grupos (contrato conjunto),varios,false,regla automática (regex sobre el nombre)
"Televisión Murciana, Popular TV, Canal 1 Mar Menor - Torre Pacheco, Comarcal TV Lorca y TeleCartagena. PRENSA DIGITAL: DiarioSi, ElDiario.es/murcia, La Verdad, La Opinión de Murcia, Murcia.com, MurciaDiario, MurciaEconomía y MurciaPlaza",Varios grupos (contrato conjunto),varios,false,regla automática (regex sobre el nombre)
"Televisión Murciana, Popular TV, Canal 1 Mar Menor - Torre Pacheco, Comarcal TV Lorca y TeleCartagena. RADIO: COPE, SER, Onda Cero y EsRadio. PRENSA DIGITAL: La Verdad, La Opinión de Murcia, ElDiario.es/murcia, MurciaDiario, MurciaEconomía, Murcia.com, DiarioSi y MurciaPlaza. REDES SOCIALES: Facebook e Instagram",Varios grupos (contrato conjunto),varios,false,regla automática (regex sobre el nombre)
"Televisión Murciana, Popular TV, Canal 1 Mar Menor - Torre Pacheco, Comarcal TV Lorca y TeleCartagena. RADIO: Los40, Cadena 100, Europa FM y Kiss FM. PRENSA DIGITAL: La Verdad, La Opinión de Murcia, ElDiario.es/murcia, MurciaPlaza, MurciaDiario, MurciaEconomía, Murcia.com, DiarioSi, ElNoroeste, NoticieroMarMenor, CartagenaDiario y SieteDíasYecla. EXTERIOR: Vallas",Varios grupos (contrato conjunto),varios,false,regla automática (regex sobre el nombre)
"Televisión Murciana, Popular TV, Canal 1 Mar Menor - Torre Pacheco, Comarcal TV Lorca y TeleCartagena. RADIO: SER, COPE y Onda Cero. PRENSA IMPRESA: La Verdad y La Opinión de Murcia. REDES SOCIALES: Youtube",Varios grupos (contrato conjunto),varios,false,regla automática (regex sobre el nombre)
"Televisión Murciana, Popular TV, Canal 1 Mar Menor - Torre Pacheco, Comarcal TV Lorca, TeleCartagena y Gaceta TV Cartagena. RADIO: SER, COPE y Onda Cero. PRENSA IMPRESA: La Verdad y La Opinión de Murcia. PRENSA DIGITAL: La Verdad, La Opinión de Murcia, ElDiario.es/murcia, MurciaDiario, MurciaEconomía, Murcia.com, DiarioSi y MurciaNoticias. REDES SOCIALES: YouTube",Varios grupos (contrato conjunto),varios,false,regla automática (regex sobre el nombre)
"Televisión Murciana, Popular TV, Canal 1 Mar Menor - Torre Pacheco, Comarcal TV Lorca, TeleCartagena y TeleYecla. PRENSA DIGITAL: La Verdad y La Opinión de Murcia. REDES SOCIALES: Facebook, Instagram y Youtube",Varios grupos (contrato conjunto),varios,false,regla automática (regex sobre el nombre)
"Televisión Murciana, Popular TV, Canal 1 Mar Menor - Torre Pacheco, Comarcal TV Lorca, TeleCartagena, TeleAlhama, TeleBullas, Tele Canal 2 Blanca, TeleCaravaca, TeleJumilla, Tele Satélite Mazarrón, Thader TV, TeleMoratalla, TeleMula, Tele Totana Visión, TeleYecla y Canal 8 Intereconomía. RADIO: COPE, SER, Onda Cero, Cadena 100, EsRadio, ROM Radio Digital, Radio Abarán, Radio Sintonía, Radio Compañía, Caravaca Radio, Radio Municipal de Calasparra, Más FM, Radio Begastri, Onda Color Ceutí, Onda 92, Radio Pinatar y Radio Torre Pacheco. PRENSA IMPRESA: Siete Días Jumilla, Siete Días Yecla y El Noroeste. PRENSA DIGITAL: La Verdad, La Opinión de Murcia, MurciaEconomía, Murcia.com, DiarioSi, ElDiario.es/murcia, MurciaDiario, MurciaPlaza e InfoAguilas. REDES SOCIALES: Facebook e Instagram. EXTERIOR: Vallas",Varios grupos (contrato conjunto),varios,false,regla automática (regex sobre el nombre)
"Televisión Murciana, Popular TV, Canal 1 Mar Menor - Torre Pacheco, Comarcal TV Lorca, TeleCartagena, TeleAlhama, TeleBullas, Tele Canal 2, TeleCaravaca, Canal 8 Televisión, Tele Cable Jumilla, Tele Satélite Mazarrón, Moratalla TV, TeleTotana y TeleYecla. RADIO: COPE, SER, Onda Cero, EsRadio, Radio Abarán, Radio Sintonia, Radio Compañía, Caravaca Radio, Radio Calasparra, Más FM, Onda Color, Onda 92, Radio Pinatar, Radio Torre Pacheco, Cadena Azul, Radio Inter y ROM Radio",Varios grupos (contrato conjunto),varios,false,regla automática (regex sobre el nombre)
"Televisión Murciana, Popular TV, Canal 1 Mar Menor – Torre Pacheco, Comarcal TV Lorca, TeleAlhama, TeleBullas, Tele Canal 2, TeleCaravaca, TeleCartagena, TeleJumilla, Tele Satélite Mazarrón, TV Moratalla, Canal 8 Intereconomía, Tele Totana Visión y TeleYecla. RADIO: COPE, SER, Onda Cero, EsRadio, Radio Abarán, Radio Sintonía, Radio Compañía, Caravaca Radio, Radio Inter, Europa FM Águilas, Onda Azul, Radio Municipal de Calasparra, Más FM Begastri , Onda Color Ceutí, Onda 92, Radio Pinatar, Radio Torre Pacheco y ROM Radio. PRENSA DIGITAL: ElDiario.es/murcia, MurciaDiario, MurciaEconomía, Murcia.com, CronicasMurcianas, InfoAguilas, NovaCiencia, DiarioSi y MurciaPlaza",Varios grupos (contrato conjunto),varios,false,regla automática (regex sobre el nombre)
"Televisión Murciana, Popular TV, Canal 1 Mar Menor – Torre Pacheco, Comarcal TV Lorca, TeleCartagena, TeleCaravaca, Canal 8 Intereconomía, TeleJumilla, Tele Satélite Mazarrón, TeleYecla, TeleArchena y Gaceta Radio Televisión. PRENSA DIGITAL: La Verdad, La Opinión de Murcia, ElDiario.es/murcia, MurciaDiario, MurciaEconomía , MurciaPlaza, CartagenaDiario, ElEcoDeJumilla, MuchaCartagena y EuropaPress",Varios grupos (contrato conjunto),varios,false,regla automática (regex sobre el nombre)
"Televisión Murciana, Popular TV, Canal 1 Mar Menor – Torre Pacheco, Comarcal TV Lorca, TeleCartagena, TeleJumilla y TeleYecla. RADIO: SER, COPE, Onda Cero y Solo Radio. PRENSA IMPRESA: La Verdad, La Opinión de Murcia y La Razón (Edición Región de Murcia). PRENSA DIGITAL: La Verdad,La Opinión de Murcia, ElDiario.es/murcia, MurciaDiario, MurciaEconomía, NovaCiencia, CartagenadDeHoy, CartagenaActualidad, SieteDías Jumilla y SieteDíasYecla. CINE: Circuito Neocine. EXTERIOR: Mupis y Vallas",Varios grupos (contrato conjunto),varios,false,regla automática (regex sobre el nombre)
"Televisión Murciana, Popular TV, Canal 1 Mar Menor – Torre Pacheco, TeleCartagena, TV Satélite Mazarrón, TeleUnión, TV Moratalla, TeleTotana, Tele Alhama, TeleCaravaca y TeleJumilla. RADIO: SER, COPE, Onda Cero, Kiss FM, Caravaca Radio y Radio Compañía. PRENSA DIGITAL: La Verdad y La Opinión de Murcia",Varios grupos (contrato conjunto),varios,false,regla automática (regex sobre el nombre)
"Televisión Murciana, Popular TV, Canal 1 Mar Menor – Torre Pacheco, TeleCartagena, TV Satélite Mazarrón. TeleUnión, TeleTotana, TeleAlhama, TeleCaravaca, TeleJumilla y TeleYecla. RADIO: SER, COPE, Onda Cero, Radio Municipal Torre Pacheco, Caravaca Radio, Radio Compañía y Radio Calasparra. PRENSA IMPRESA: La Verdad y La Opinión de Murcia. PRENSA DIGITAL: La Verdad y La Opinión de Murcia",Varios grupos (contrato conjunto),varios,false,regla automática (regex sobre el nombre)
"Televisión Murciana, Popular TV, Comarcal TV Lorca y TeleCartagena. RADIO: COPE, SER y Onda Cero. PRENSA IMPRESA: La Verdad. La Opinión de Murcia y La Razón (Edición Región de Murcia)",Varios grupos (contrato conjunto),varios,false,regla automática (regex sobre el nombre)
"Televisión Murciana, Popular TV, Comarcal TV Lorca, TeleCartagena y TeleYecla. RADIO: COPE, SER y Onda Cero. PRENSA IMPRESA: La Verdad y La Opinión de Murcia. PRENSA DIGITAL: La Verdad y La Opinión de Murcia CINE: Circuito Neocine",Varios grupos (contrato conjunto),varios,false,regla automática (regex sobre el nombre)
"Televisión Murciana, Popular TV, Comarcal TV Lorca, TeleCartagena y TeleYecla. RADIO: Cadena Dial y Los 40. REDES SOCIALES: Facebook, Instagram y Youtube",Varios grupos (contrato conjunto),varios,false,regla automática (regex sobre el nombre)
"Televisión Murciana, Popular TV, TV Moratalla, TeleTotana, TeleAlhama, TeleCalasparra, TeleCaravaca TeleJumilla y TeleYecla. RADIO: SER, COPE, Onda Cero, Caravaca Radio, Radio Compañía y Radio Calasparra. PRENSA IMPRESA: La Verdad y La Opinión de Murcia. PRENSA DIGITAL: La Verdad y La Opinión de Murcia",Varios grupos (contrato conjunto),varios,false,regla automática (regex sobre el nombre)
"Televisión Murciana. RADIO: COPE y SER. OTROS: Revista El Capote, Revista A Porta Gayola, Club Taurino Murcia y Colegio Periodistas",Varios grupos (contrato conjunto),varios,false,regla automática (regex sobre el nombre)
"Televisión Murciana. RADIO: SER, COPE y Onda Cero. PRENSA IMPRESA: La Verdad, La Opinión de Murcia y Salud 21. PRENSA DIGITAL: MurciaPlaza y MurciaDiario. REDES SOCIALES: Facebook, Instagram y YouTube",Varios grupos (contrato conjunto),varios,false,regla automática (regex sobre el nombre)
"Televisión Murciana. RADIO: SER, COPE y Onda Cero. REDES SOCIALES: Facebook, Instagram y Twitter. EXTERIOR: Marquesinas y Tótems Tranvía",Varios grupos (contrato conjunto),varios,false,regla automática (regex sobre el nombre)
"Televisión Murciana. RADIO: SER, Onda Cero, COPE, Radio Abarán, Radio Calasparra, Radio Caravaca, Radio Antena Ciudad Fuente Álamo y Radio Siete Días Jumilla. REDES SOCIALES: Twitter y Facebook",Varios grupos (contrato conjunto),varios,false,regla automática (regex sobre el nombre)
"lavanguardia.com, 20minutos.es, abc.es, elespanol.es, elconfidencial.com, lasprovincias.es, elpais.es, levante-emv.es,",Varios grupos (contrato conjunto),varios,false,regla automática (regex sobre el nombre)
"por EL FORCAT MULTIMEDIA, SLU Facebook y Twitter, mediante material elaborado",Varios grupos (contrato conjunto),varios,false,regla automática (regex sobre el nombre)
TWITTER,X (Twitter),plataforma,false,regla automática (regex sobre el nombre)
TWITTER INTERNATIONAL COMPANY,X (Twitter),plataforma,false,regla automática (regex sobre el nombre)
"TWITTER, LINKEDIN, EVENTBRITE",X (Twitter),plataforma,false,regla automática (regex sobre el nombre)
Twitter (X),X (Twitter),plataforma,false,regla automática (regex sobre el nombre)
X,X (Twitter),plataforma,false,regla automática (regex sobre el nombre)
X (TW),X (Twitter),plataforma,false,regla automática (regex sobre el nombre)
X (TWITTER),X (Twitter),plataforma,false,regla automática (regex sobre el nombre)
X CORP,X (Twitter),plataforma,false,regla automática (regex sobre el nombre)
BLOG ELDIARIOCV.ES,eldiario.es,privado,false,regla automática (regex sobre el nombre)
Digital: eldiario.es,eldiario.es,privado,false,regla automática (regex sobre el nombre)
EL DIARIO.ES,eldiario.es,privado,false,regla automática (regex sobre el nombre)
EL DIARIO.ES(CAMPAÑA BONO),eldiario.es,privado,false,regla automática (regex sobre el nombre)
ELDIARIO,eldiario.es,privado,false,regla automática (regex sobre el nombre)
ELDIARIO CV,eldiario.es,privado,false,regla automática (regex sobre el nombre)
ELDIARIO CV.ES,eldiario.es,privado,false,regla automática (regex sobre el nombre)
ELDIARIO.,eldiario.es,privado,false,regla automática (regex sobre el nombre)
ELDIARIO.ES / DIARIO CV,eldiario.es,privado,false,regla automática (regex sobre el nombre)
ELDIARIO.ES/CV,eldiario.es,privado,false,regla automática (regex sobre el nombre)
ELDIARIOCV,eldiario.es,privado,false,regla automática (regex sobre el nombre)
"ELDIARIOCV,S.L.",eldiario.es,privado,false,regla automática (regex sobre el nombre)
ElDiario.es (IP Región de Murcia),eldiario.es,privado,false,regla automática (regex sobre el nombre)
ElDiario.es/murcia,eldiario.es,privado,false,regla automática (regex sobre el nombre)
ElDiarioCyL.es,ElDiarioCyL.es,privado,false,corregido a mano (la regla automática lo asignaba a otro grupo)
ElDiarioCyLes,ElDiarioCyL.es,privado,false,corregido a mano (la regla automática lo asignaba a otro grupo)
REVISTA ELDIARIO.ES,eldiario.es,privado,false,regla automática (regex sobre el nombre)
eldiario.es,eldiario.es,privado,false,regla automática (regex sobre el nombre)
eldiario.eus,eldiario.es,privado,false,regla automática (regex sobre el nombre)
eldiariocv.es,eldiario.es,privado,false,regla automática (regex sobre el nombre)
eldiariomontanes.es,eldiario.es,privado,false,regla automática (regex sobre el nombre)
A PUNT,À Punt (CVMC),publico,true,regla automática (regex sobre el nombre)
A PUNT (CAMPAÑA BALANCE),À Punt (CVMC),publico,true,regla automática (regex sobre el nombre)
A PUNT (CAMPAÑA BONO),À Punt (CVMC),publico,true,regla automática (regex sobre el nombre)
A PUNT (CAMPAÑA IA),À Punt (CVMC),publico,true,regla automática (regex sobre el nombre)
A PUNT (NO NEWIX),À Punt (CVMC),publico,true,regla automática (regex sobre el nombre)
A PUNT FORTA,À Punt (CVMC),publico,true,regla automática (regex sobre el nombre)
A PUNT RADIO,À Punt (CVMC),publico,true,regla automática (regex sobre el nombre)
A PUNT RADIO CV,À Punt (CVMC),publico,true,regla automática (regex sobre el nombre)
A PUNT TV,À Punt (CVMC),publico,true,regla automática (regex sobre el nombre)
A PUNT i Cinema,À Punt (CVMC),publico,true,regla automática (regex sobre el nombre)
APUNT,À Punt (CVMC),publico,true,regla automática (regex sobre el nombre)
APUNT RADIO,À Punt (CVMC),publico,true,regla automática (regex sobre el nombre)
APUNT RÀDIO,À Punt (CVMC),publico,true,regla automática (regex sobre el nombre)
APUNT TV i Cinema,À Punt (CVMC),publico,true,regla automática (regex sobre el nombre)
Apunt (Campaña a padres),À Punt (CVMC),publico,true,regla automática (regex sobre el nombre)
Apunt Media,À Punt (CVMC),publico,true,regla automática (regex sobre el nombre)
Apunt media digital,À Punt (CVMC),publico,true,regla automática (regex sobre el nombre)
Apunt media radio,À Punt (CVMC),publico,true,regla automática (regex sobre el nombre)
CONTRAPUNT,À Punt (CVMC),publico,true,regla automática (regex sobre el nombre)
CORPORACIO VALENCIANA DE MITJANS DE COMUNICACIO,À Punt (CVMC),publico,true,regla automática (regex sobre el nombre)
Corporació Valenciana de Mitjans de Comunicacio,À Punt (CVMC),publico,true,regla automática (regex sobre el nombre)
Web+Ràdio+TV À PUNT MEDIA,À Punt (CVMC),publico,true,regla automática (regex sobre el nombre)
apuntmedia.es,À Punt (CVMC),publico,true,regla automática (regex sobre el nombre)
i Cinema A PUNT,À Punt (CVMC),publico,true,regla automática (regex sobre el nombre)
i Cinema A PUNT TV,À Punt (CVMC),publico,true,regla automática (regex sobre el nombre)
i Cinema APUNT,À Punt (CVMC),publico,true,regla automática (regex sobre el nombre)
À PUNT DIGITAL,À Punt (CVMC),publico,true,regla automática (regex sobre el nombre)
À PUNT MEDIA i Cinema,À Punt (CVMC),publico,true,regla automática (regex sobre el nombre)
À PUNT RADIO,À Punt (CVMC),publico,true,regla automática (regex sobre el nombre)
À PUNT TV,À Punt (CVMC),publico,true,regla automática (regex sobre el nombre)
À Punt,À Punt (CVMC),publico,true,regla automática (regex sobre el nombre)
À Punt ràdio,À Punt (CVMC),publico,true,regla automática (regex sobre el nombre)
ÀPUNT,À Punt (CVMC),publico,true,regla automática (regex sobre el nombre)
ÀPUNT TV,À Punt (CVMC),publico,true,regla automática (regex sobre el nombre)
Á PUNT TV,À Punt (CVMC),publico,true,regla automática (regex sobre el nombre)
