anio,cabecera,penetracion_pct,fuente
2009,Total Lectores Prensa,39.8,"AIMC, Marco General de los Medios en España 2026, pág. 50 «Evolución de la audiencia de diarios (papel+visor digital) por título 2009-2025» (EGM): https://www.aimc.es/a1mc-c0nt3nt/uploads/2026/02/Marco_General_Medios_2026.pdf"
2010,Total Lectores Prensa,38.0,"AIMC, Marco General de los Medios en España 2026, pág. 50 «Evolución de la audiencia de diarios (papel+visor digital) por título 2009-2025» (EGM): https://www.aimc.es/a1mc-c0nt3nt/uploads/2026/02/Marco_General_Medios_2026.pdf"
2011,Total Lectores Prensa,37.4,"AIMC, Marco General de los Medios en España 2026, pág. 50 «Evolución de la audiencia de diarios (papel+visor digital) por título 2009-2025» (EGM): https://www.aimc.es/a1mc-c0nt3nt/uploads/2026/02/Marco_General_Medios_2026.pdf"
2012,Total Lectores Prensa,36.1,"AIMC, Marco General de los Medios en España 2026, pág. 50 «Evolución de la audiencia de diarios (papel+visor digital) por título 2009-2025» (EGM): https://www.aimc.es/a1mc-c0nt3nt/uploads/2026/02/Marco_General_Medios_2026.pdf"
2013,Total Lectores Prensa,32.4,"AIMC, Marco General de los Medios en España 2026, pág. 50 «Evolución de la audiencia de diarios (papel+visor digital) por título 2009-2025» (EGM): https://www.aimc.es/a1mc-c0nt3nt/uploads/2026/02/Marco_General_Medios_2026.pdf"
2014,Total Lectores Prensa,29.8,"AIMC, Marco General de los Medios en España 2026, pág. 50 «Evolución de la audiencia de diarios (papel+visor digital) por título 2009-2025» (EGM): https://www.aimc.es/a1mc-c0nt3nt/uploads/2026/02/Marco_General_Medios_2026.pdf"
2015,Total Lectores Prensa,28.5,"AIMC, Marco General de los Medios en España 2026, pág. 50 «Evolución de la audiencia de diarios (papel+visor digital) por título 2009-2025» (EGM): https://www.aimc.es/a1mc-c0nt3nt/uploads/2026/02/Marco_General_Medios_2026.pdf"
2016,Total Lectores Prensa,26.5,"AIMC, Marco General de los Medios en España 2026, pág. 50 «Evolución de la audiencia de diarios (papel+visor digital) por título 2009-2025» (EGM): https://www.aimc.es/a1mc-c0nt3nt/uploads/2026/02/Marco_General_Medios_2026.pdf"
2017,Total Lectores Prensa,24.3,"AIMC, Marco General de los Medios en España 2026, pág. 50 «Evolución de la audiencia de diarios (papel+visor digital) por título 2009-2025» (EGM): https://www.aimc.es/a1mc-c0nt3nt/uploads/2026/02/Marco_General_Medios_2026.pdf"
2018,Total Lectores Prensa,22.8,"AIMC, Marco General de los Medios en España 2026, pág. 50 «Evolución de la audiencia de diarios (papel+visor digital) por título 2009-2025» (EGM): https://www.aimc.es/a1mc-c0nt3nt/uploads/2026/02/Marco_General_Medios_2026.pdf"
2019,Total Lectores Prensa,21.7,"AIMC, Marco General de los Medios en España 2026, pág. 50 «Evolución de la audiencia de diarios (papel+visor digital) por título 2009-2025» (EGM): https://www.aimc.es/a1mc-c0nt3nt/uploads/2026/02/Marco_General_Medios_2026.pdf"
2020,Total Lectores Prensa,18.4,"AIMC, Marco General de los Medios en España 2026, pág. 50 «Evolución de la audiencia de diarios (papel+visor digital) por título 2009-2025» (EGM): https://www.aimc.es/a1mc-c0nt3nt/uploads/2026/02/Marco_General_Medios_2026.pdf"
2021,Total Lectores Prensa,13.7,"AIMC, Marco General de los Medios en España 2026, pág. 50 «Evolución de la audiencia de diarios (papel+visor digital) por título 2009-2025» (EGM): https://www.aimc.es/a1mc-c0nt3nt/uploads/2026/02/Marco_General_Medios_2026.pdf"
2022,Total Lectores Prensa,13.7,"AIMC, Marco General de los Medios en España 2026, pág. 50 «Evolución de la audiencia de diarios (papel+visor digital) por título 2009-2025» (EGM): https://www.aimc.es/a1mc-c0nt3nt/uploads/2026/02/Marco_General_Medios_2026.pdf"
2023,Total Lectores Prensa,13.7,"AIMC, Marco General de los Medios en España 2026, pág. 50 «Evolución de la audiencia de diarios (papel+visor digital) por título 2009-2025» (EGM): https://www.aimc.es/a1mc-c0nt3nt/uploads/2026/02/Marco_General_Medios_2026.pdf"
2024,Total Lectores Prensa,13.3,"AIMC, Marco General de los Medios en España 2026, pág. 50 «Evolución de la audiencia de diarios (papel+visor digital) por título 2009-2025» (EGM): https://www.aimc.es/a1mc-c0nt3nt/uploads/2026/02/Marco_General_Medios_2026.pdf"
2025,Total Lectores Prensa,12.5,"AIMC, Marco General de los Medios en España 2026, pág. 50 «Evolución de la audiencia de diarios (papel+visor digital) por título 2009-2025» (EGM): https://www.aimc.es/a1mc-c0nt3nt/uploads/2026/02/Marco_General_Medios_2026.pdf"
2009,Marca,7.1,"AIMC, Marco General de los Medios en España 2026, pág. 50 «Evolución de la audiencia de diarios (papel+visor digital) por título 2009-2025» (EGM): https://www.aimc.es/a1mc-c0nt3nt/uploads/2026/02/Marco_General_Medios_2026.pdf"
2010,Marca,7.3,"AIMC, Marco General de los Medios en España 2026, pág. 50 «Evolución de la audiencia de diarios (papel+visor digital) por título 2009-2025» (EGM): https://www.aimc.es/a1mc-c0nt3nt/uploads/2026/02/Marco_General_Medios_2026.pdf"
2011,Marca,7.5,"AIMC, Marco General de los Medios en España 2026, pág. 50 «Evolución de la audiencia de diarios (papel+visor digital) por título 2009-2025» (EGM): https://www.aimc.es/a1mc-c0nt3nt/uploads/2026/02/Marco_General_Medios_2026.pdf"
2012,Marca,7.6,"AIMC, Marco General de los Medios en España 2026, pág. 50 «Evolución de la audiencia de diarios (papel+visor digital) por título 2009-2025» (EGM): https://www.aimc.es/a1mc-c0nt3nt/uploads/2026/02/Marco_General_Medios_2026.pdf"
2013,Marca,7.1,"AIMC, Marco General de los Medios en España 2026, pág. 50 «Evolución de la audiencia de diarios (papel+visor digital) por título 2009-2025» (EGM): https://www.aimc.es/a1mc-c0nt3nt/uploads/2026/02/Marco_General_Medios_2026.pdf"
2014,Marca,6.3,"AIMC, Marco General de los Medios en España 2026, pág. 50 «Evolución de la audiencia de diarios (papel+visor digital) por título 2009-2025» (EGM): https://www.aimc.es/a1mc-c0nt3nt/uploads/2026/02/Marco_General_Medios_2026.pdf"
2015,Marca,5.9,"AIMC, Marco General de los Medios en España 2026, pág. 50 «Evolución de la audiencia de diarios (papel+visor digital) por título 2009-2025» (EGM): https://www.aimc.es/a1mc-c0nt3nt/uploads/2026/02/Marco_General_Medios_2026.pdf"
2016,Marca,5.5,"AIMC, Marco General de los Medios en España 2026, pág. 50 «Evolución de la audiencia de diarios (papel+visor digital) por título 2009-2025» (EGM): https://www.aimc.es/a1mc-c0nt3nt/uploads/2026/02/Marco_General_Medios_2026.pdf"
2017,Marca,4.8,"AIMC, Marco General de los Medios en España 2026, pág. 50 «Evolución de la audiencia de diarios (papel+visor digital) por título 2009-2025» (EGM): https://www.aimc.es/a1mc-c0nt3nt/uploads/2026/02/Marco_General_Medios_2026.pdf"
2018,Marca,4.3,"AIMC, Marco General de los Medios en España 2026, pág. 50 «Evolución de la audiencia de diarios (papel+visor digital) por título 2009-2025» (EGM): https://www.aimc.es/a1mc-c0nt3nt/uploads/2026/02/Marco_General_Medios_2026.pdf"
2019,Marca,4.1,"AIMC, Marco General de los Medios en España 2026, pág. 50 «Evolución de la audiencia de diarios (papel+visor digital) por título 2009-2025» (EGM): https://www.aimc.es/a1mc-c0nt3nt/uploads/2026/02/Marco_General_Medios_2026.pdf"
2020,Marca,3.3,"AIMC, Marco General de los Medios en España 2026, pág. 50 «Evolución de la audiencia de diarios (papel+visor digital) por título 2009-2025» (EGM): https://www.aimc.es/a1mc-c0nt3nt/uploads/2026/02/Marco_General_Medios_2026.pdf"
2021,Marca,2.0,"AIMC, Marco General de los Medios en España 2026, pág. 50 «Evolución de la audiencia de diarios (papel+visor digital) por título 2009-2025» (EGM): https://www.aimc.es/a1mc-c0nt3nt/uploads/2026/02/Marco_General_Medios_2026.pdf"
2022,Marca,2.2,"AIMC, Marco General de los Medios en España 2026, pág. 50 «Evolución de la audiencia de diarios (papel+visor digital) por título 2009-2025» (EGM): https://www.aimc.es/a1mc-c0nt3nt/uploads/2026/02/Marco_General_Medios_2026.pdf"
2023,Marca,2.3,"AIMC, Marco General de los Medios en España 2026, pág. 50 «Evolución de la audiencia de diarios (papel+visor digital) por título 2009-2025» (EGM): https://www.aimc.es/a1mc-c0nt3nt/uploads/2026/02/Marco_General_Medios_2026.pdf"
2024,Marca,2.3,"AIMC, Marco General de los Medios en España 2026, pág. 50 «Evolución de la audiencia de diarios (papel+visor digital) por título 2009-2025» (EGM): https://www.aimc.es/a1mc-c0nt3nt/uploads/2026/02/Marco_General_Medios_2026.pdf"
2025,Marca,2.2,"AIMC, Marco General de los Medios en España 2026, pág. 50 «Evolución de la audiencia de diarios (papel+visor digital) por título 2009-2025» (EGM): https://www.aimc.es/a1mc-c0nt3nt/uploads/2026/02/Marco_General_Medios_2026.pdf"
2009,El País,5.3,"AIMC, Marco General de los Medios en España 2026, pág. 50 «Evolución de la audiencia de diarios (papel+visor digital) por título 2009-2025» (EGM): https://www.aimc.es/a1mc-c0nt3nt/uploads/2026/02/Marco_General_Medios_2026.pdf"
2010,El País,4.9,"AIMC, Marco General de los Medios en España 2026, pág. 50 «Evolución de la audiencia de diarios (papel+visor digital) por título 2009-2025» (EGM): https://www.aimc.es/a1mc-c0nt3nt/uploads/2026/02/Marco_General_Medios_2026.pdf"
2011,El País,4.9,"AIMC, Marco General de los Medios en España 2026, pág. 50 «Evolución de la audiencia de diarios (papel+visor digital) por título 2009-2025» (EGM): https://www.aimc.es/a1mc-c0nt3nt/uploads/2026/02/Marco_General_Medios_2026.pdf"
2012,El País,4.9,"AIMC, Marco General de los Medios en España 2026, pág. 50 «Evolución de la audiencia de diarios (papel+visor digital) por título 2009-2025» (EGM): https://www.aimc.es/a1mc-c0nt3nt/uploads/2026/02/Marco_General_Medios_2026.pdf"
2013,El País,4.6,"AIMC, Marco General de los Medios en España 2026, pág. 50 «Evolución de la audiencia de diarios (papel+visor digital) por título 2009-2025» (EGM): https://www.aimc.es/a1mc-c0nt3nt/uploads/2026/02/Marco_General_Medios_2026.pdf"
2014,El País,4.1,"AIMC, Marco General de los Medios en España 2026, pág. 50 «Evolución de la audiencia de diarios (papel+visor digital) por título 2009-2025» (EGM): https://www.aimc.es/a1mc-c0nt3nt/uploads/2026/02/Marco_General_Medios_2026.pdf"
2015,El País,3.7,"AIMC, Marco General de los Medios en España 2026, pág. 50 «Evolución de la audiencia de diarios (papel+visor digital) por título 2009-2025» (EGM): https://www.aimc.es/a1mc-c0nt3nt/uploads/2026/02/Marco_General_Medios_2026.pdf"
2016,El País,3.1,"AIMC, Marco General de los Medios en España 2026, pág. 50 «Evolución de la audiencia de diarios (papel+visor digital) por título 2009-2025» (EGM): https://www.aimc.es/a1mc-c0nt3nt/uploads/2026/02/Marco_General_Medios_2026.pdf"
2017,El País,2.7,"AIMC, Marco General de los Medios en España 2026, pág. 50 «Evolución de la audiencia de diarios (papel+visor digital) por título 2009-2025» (EGM): https://www.aimc.es/a1mc-c0nt3nt/uploads/2026/02/Marco_General_Medios_2026.pdf"
2018,El País,2.6,"AIMC, Marco General de los Medios en España 2026, pág. 50 «Evolución de la audiencia de diarios (papel+visor digital) por título 2009-2025» (EGM): https://www.aimc.es/a1mc-c0nt3nt/uploads/2026/02/Marco_General_Medios_2026.pdf"
2019,El País,2.5,"AIMC, Marco General de los Medios en España 2026, pág. 50 «Evolución de la audiencia de diarios (papel+visor digital) por título 2009-2025» (EGM): https://www.aimc.es/a1mc-c0nt3nt/uploads/2026/02/Marco_General_Medios_2026.pdf"
2020,El País,2.3,"AIMC, Marco General de los Medios en España 2026, pág. 50 «Evolución de la audiencia de diarios (papel+visor digital) por título 2009-2025» (EGM): https://www.aimc.es/a1mc-c0nt3nt/uploads/2026/02/Marco_General_Medios_2026.pdf"
2021,El País,1.8,"AIMC, Marco General de los Medios en España 2026, pág. 50 «Evolución de la audiencia de diarios (papel+visor digital) por título 2009-2025» (EGM): https://www.aimc.es/a1mc-c0nt3nt/uploads/2026/02/Marco_General_Medios_2026.pdf"
2022,El País,1.8,"AIMC, Marco General de los Medios en España 2026, pág. 50 «Evolución de la audiencia de diarios (papel+visor digital) por título 2009-2025» (EGM): https://www.aimc.es/a1mc-c0nt3nt/uploads/2026/02/Marco_General_Medios_2026.pdf"
2023,El País,1.9,"AIMC, Marco General de los Medios en España 2026, pág. 50 «Evolución de la audiencia de diarios (papel+visor digital) por título 2009-2025» (EGM): https://www.aimc.es/a1mc-c0nt3nt/uploads/2026/02/Marco_General_Medios_2026.pdf"
2024,El País,1.7,"AIMC, Marco General de los Medios en España 2026, pág. 50 «Evolución de la audiencia de diarios (papel+visor digital) por título 2009-2025» (EGM): https://www.aimc.es/a1mc-c0nt3nt/uploads/2026/02/Marco_General_Medios_2026.pdf"
2025,El País,2.0,"AIMC, Marco General de los Medios en España 2026, pág. 50 «Evolución de la audiencia de diarios (papel+visor digital) por título 2009-2025» (EGM): https://www.aimc.es/a1mc-c0nt3nt/uploads/2026/02/Marco_General_Medios_2026.pdf"
2009,El Mundo,3.3,"AIMC, Marco General de los Medios en España 2026, pág. 50 «Evolución de la audiencia de diarios (papel+visor digital) por título 2009-2025» (EGM): https://www.aimc.es/a1mc-c0nt3nt/uploads/2026/02/Marco_General_Medios_2026.pdf"
2010,El Mundo,3.3,"AIMC, Marco General de los Medios en España 2026, pág. 50 «Evolución de la audiencia de diarios (papel+visor digital) por título 2009-2025» (EGM): https://www.aimc.es/a1mc-c0nt3nt/uploads/2026/02/Marco_General_Medios_2026.pdf"
2011,El Mundo,3.1,"AIMC, Marco General de los Medios en España 2026, pág. 50 «Evolución de la audiencia de diarios (papel+visor digital) por título 2009-2025» (EGM): https://www.aimc.es/a1mc-c0nt3nt/uploads/2026/02/Marco_General_Medios_2026.pdf"
2012,El Mundo,3.0,"AIMC, Marco General de los Medios en España 2026, pág. 50 «Evolución de la audiencia de diarios (papel+visor digital) por título 2009-2025» (EGM): https://www.aimc.es/a1mc-c0nt3nt/uploads/2026/02/Marco_General_Medios_2026.pdf"
2013,El Mundo,2.8,"AIMC, Marco General de los Medios en España 2026, pág. 50 «Evolución de la audiencia de diarios (papel+visor digital) por título 2009-2025» (EGM): https://www.aimc.es/a1mc-c0nt3nt/uploads/2026/02/Marco_General_Medios_2026.pdf"
2014,El Mundo,2.5,"AIMC, Marco General de los Medios en España 2026, pág. 50 «Evolución de la audiencia de diarios (papel+visor digital) por título 2009-2025» (EGM): https://www.aimc.es/a1mc-c0nt3nt/uploads/2026/02/Marco_General_Medios_2026.pdf"
2015,El Mundo,2.3,"AIMC, Marco General de los Medios en España 2026, pág. 50 «Evolución de la audiencia de diarios (papel+visor digital) por título 2009-2025» (EGM): https://www.aimc.es/a1mc-c0nt3nt/uploads/2026/02/Marco_General_Medios_2026.pdf"
2016,El Mundo,1.9,"AIMC, Marco General de los Medios en España 2026, pág. 50 «Evolución de la audiencia de diarios (papel+visor digital) por título 2009-2025» (EGM): https://www.aimc.es/a1mc-c0nt3nt/uploads/2026/02/Marco_General_Medios_2026.pdf"
2017,El Mundo,1.7,"AIMC, Marco General de los Medios en España 2026, pág. 50 «Evolución de la audiencia de diarios (papel+visor digital) por título 2009-2025» (EGM): https://www.aimc.es/a1mc-c0nt3nt/uploads/2026/02/Marco_General_Medios_2026.pdf"
2018,El Mundo,1.8,"AIMC, Marco General de los Medios en España 2026, pág. 50 «Evolución de la audiencia de diarios (papel+visor digital) por título 2009-2025» (EGM): https://www.aimc.es/a1mc-c0nt3nt/uploads/2026/02/Marco_General_Medios_2026.pdf"
2019,El Mundo,1.7,"AIMC, Marco General de los Medios en España 2026, pág. 50 «Evolución de la audiencia de diarios (papel+visor digital) por título 2009-2025» (EGM): https://www.aimc.es/a1mc-c0nt3nt/uploads/2026/02/Marco_General_Medios_2026.pdf"
2020,El Mundo,1.5,"AIMC, Marco General de los Medios en España 2026, pág. 50 «Evolución de la audiencia de diarios (papel+visor digital) por título 2009-2025» (EGM): https://www.aimc.es/a1mc-c0nt3nt/uploads/2026/02/Marco_General_Medios_2026.pdf"
2021,El Mundo,1.1,"AIMC, Marco General de los Medios en España 2026, pág. 50 «Evolución de la audiencia de diarios (papel+visor digital) por título 2009-2025» (EGM): https://www.aimc.es/a1mc-c0nt3nt/uploads/2026/02/Marco_General_Medios_2026.pdf"
2022,El Mundo,1.1,"AIMC, Marco General de los Medios en España 2026, pág. 50 «Evolución de la audiencia de diarios (papel+visor digital) por título 2009-2025» (EGM): https://www.aimc.es/a1mc-c0nt3nt/uploads/2026/02/Marco_General_Medios_2026.pdf"
2023,El Mundo,1.1,"AIMC, Marco General de los Medios en España 2026, pág. 50 «Evolución de la audiencia de diarios (papel+visor digital) por título 2009-2025» (EGM): https://www.aimc.es/a1mc-c0nt3nt/uploads/2026/02/Marco_General_Medios_2026.pdf"
2024,El Mundo,1.2,"AIMC, Marco General de los Medios en España 2026, pág. 50 «Evolución de la audiencia de diarios (papel+visor digital) por título 2009-2025» (EGM): https://www.aimc.es/a1mc-c0nt3nt/uploads/2026/02/Marco_General_Medios_2026.pdf"
2025,El Mundo,1.1,"AIMC, Marco General de los Medios en España 2026, pág. 50 «Evolución de la audiencia de diarios (papel+visor digital) por título 2009-2025» (EGM): https://www.aimc.es/a1mc-c0nt3nt/uploads/2026/02/Marco_General_Medios_2026.pdf"
2009,As,3.3,"AIMC, Marco General de los Medios en España 2026, pág. 50 «Evolución de la audiencia de diarios (papel+visor digital) por título 2009-2025» (EGM): https://www.aimc.es/a1mc-c0nt3nt/uploads/2026/02/Marco_General_Medios_2026.pdf"
2010,As,3.5,"AIMC, Marco General de los Medios en España 2026, pág. 50 «Evolución de la audiencia de diarios (papel+visor digital) por título 2009-2025» (EGM): https://www.aimc.es/a1mc-c0nt3nt/uploads/2026/02/Marco_General_Medios_2026.pdf"
2011,As,3.7,"AIMC, Marco General de los Medios en España 2026, pág. 50 «Evolución de la audiencia de diarios (papel+visor digital) por título 2009-2025» (EGM): https://www.aimc.es/a1mc-c0nt3nt/uploads/2026/02/Marco_General_Medios_2026.pdf"
2012,As,3.8,"AIMC, Marco General de los Medios en España 2026, pág. 50 «Evolución de la audiencia de diarios (papel+visor digital) por título 2009-2025» (EGM): https://www.aimc.es/a1mc-c0nt3nt/uploads/2026/02/Marco_General_Medios_2026.pdf"
2013,As,3.4,"AIMC, Marco General de los Medios en España 2026, pág. 50 «Evolución de la audiencia de diarios (papel+visor digital) por título 2009-2025» (EGM): https://www.aimc.es/a1mc-c0nt3nt/uploads/2026/02/Marco_General_Medios_2026.pdf"
2014,As,3.3,"AIMC, Marco General de los Medios en España 2026, pág. 50 «Evolución de la audiencia de diarios (papel+visor digital) por título 2009-2025» (EGM): https://www.aimc.es/a1mc-c0nt3nt/uploads/2026/02/Marco_General_Medios_2026.pdf"
2015,As,3.0,"AIMC, Marco General de los Medios en España 2026, pág. 50 «Evolución de la audiencia de diarios (papel+visor digital) por título 2009-2025» (EGM): https://www.aimc.es/a1mc-c0nt3nt/uploads/2026/02/Marco_General_Medios_2026.pdf"
2016,As,2.9,"AIMC, Marco General de los Medios en España 2026, pág. 50 «Evolución de la audiencia de diarios (papel+visor digital) por título 2009-2025» (EGM): https://www.aimc.es/a1mc-c0nt3nt/uploads/2026/02/Marco_General_Medios_2026.pdf"
2017,As,2.6,"AIMC, Marco General de los Medios en España 2026, pág. 50 «Evolución de la audiencia de diarios (papel+visor digital) por título 2009-2025» (EGM): https://www.aimc.es/a1mc-c0nt3nt/uploads/2026/02/Marco_General_Medios_2026.pdf"
2018,As,2.1,"AIMC, Marco General de los Medios en España 2026, pág. 50 «Evolución de la audiencia de diarios (papel+visor digital) por título 2009-2025» (EGM): https://www.aimc.es/a1mc-c0nt3nt/uploads/2026/02/Marco_General_Medios_2026.pdf"
2019,As,1.9,"AIMC, Marco General de los Medios en España 2026, pág. 50 «Evolución de la audiencia de diarios (papel+visor digital) por título 2009-2025» (EGM): https://www.aimc.es/a1mc-c0nt3nt/uploads/2026/02/Marco_General_Medios_2026.pdf"
2020,As,1.6,"AIMC, Marco General de los Medios en España 2026, pág. 50 «Evolución de la audiencia de diarios (papel+visor digital) por título 2009-2025» (EGM): https://www.aimc.es/a1mc-c0nt3nt/uploads/2026/02/Marco_General_Medios_2026.pdf"
2021,As,0.9,"AIMC, Marco General de los Medios en España 2026, pág. 50 «Evolución de la audiencia de diarios (papel+visor digital) por título 2009-2025» (EGM): https://www.aimc.es/a1mc-c0nt3nt/uploads/2026/02/Marco_General_Medios_2026.pdf"
2022,As,1.0,"AIMC, Marco General de los Medios en España 2026, pág. 50 «Evolución de la audiencia de diarios (papel+visor digital) por título 2009-2025» (EGM): https://www.aimc.es/a1mc-c0nt3nt/uploads/2026/02/Marco_General_Medios_2026.pdf"
2023,As,1.0,"AIMC, Marco General de los Medios en España 2026, pág. 50 «Evolución de la audiencia de diarios (papel+visor digital) por título 2009-2025» (EGM): https://www.aimc.es/a1mc-c0nt3nt/uploads/2026/02/Marco_General_Medios_2026.pdf"
2024,As,1.1,"AIMC, Marco General de los Medios en España 2026, pág. 50 «Evolución de la audiencia de diarios (papel+visor digital) por título 2009-2025» (EGM): https://www.aimc.es/a1mc-c0nt3nt/uploads/2026/02/Marco_General_Medios_2026.pdf"
2025,As,0.9,"AIMC, Marco General de los Medios en España 2026, pág. 50 «Evolución de la audiencia de diarios (papel+visor digital) por título 2009-2025» (EGM): https://www.aimc.es/a1mc-c0nt3nt/uploads/2026/02/Marco_General_Medios_2026.pdf"
2009,La Vanguardia,1.9,"AIMC, Marco General de los Medios en España 2026, pág. 50 «Evolución de la audiencia de diarios (papel+visor digital) por título 2009-2025» (EGM): https://www.aimc.es/a1mc-c0nt3nt/uploads/2026/02/Marco_General_Medios_2026.pdf"
2010,La Vanguardia,1.9,"AIMC, Marco General de los Medios en España 2026, pág. 50 «Evolución de la audiencia de diarios (papel+visor digital) por título 2009-2025» (EGM): https://www.aimc.es/a1mc-c0nt3nt/uploads/2026/02/Marco_General_Medios_2026.pdf"
2011,La Vanguardia,2.1,"AIMC, Marco General de los Medios en España 2026, pág. 50 «Evolución de la audiencia de diarios (papel+visor digital) por título 2009-2025» (EGM): https://www.aimc.es/a1mc-c0nt3nt/uploads/2026/02/Marco_General_Medios_2026.pdf"
2012,La Vanguardia,2.1,"AIMC, Marco General de los Medios en España 2026, pág. 50 «Evolución de la audiencia de diarios (papel+visor digital) por título 2009-2025» (EGM): https://www.aimc.es/a1mc-c0nt3nt/uploads/2026/02/Marco_General_Medios_2026.pdf"
2013,La Vanguardia,1.9,"AIMC, Marco General de los Medios en España 2026, pág. 50 «Evolución de la audiencia de diarios (papel+visor digital) por título 2009-2025» (EGM): https://www.aimc.es/a1mc-c0nt3nt/uploads/2026/02/Marco_General_Medios_2026.pdf"
2014,La Vanguardia,1.7,"AIMC, Marco General de los Medios en España 2026, pág. 50 «Evolución de la audiencia de diarios (papel+visor digital) por título 2009-2025» (EGM): https://www.aimc.es/a1mc-c0nt3nt/uploads/2026/02/Marco_General_Medios_2026.pdf"
2015,La Vanguardia,1.7,"AIMC, Marco General de los Medios en España 2026, pág. 50 «Evolución de la audiencia de diarios (papel+visor digital) por título 2009-2025» (EGM): https://www.aimc.es/a1mc-c0nt3nt/uploads/2026/02/Marco_General_Medios_2026.pdf"
2016,La Vanguardia,1.5,"AIMC, Marco General de los Medios en España 2026, pág. 50 «Evolución de la audiencia de diarios (papel+visor digital) por título 2009-2025» (EGM): https://www.aimc.es/a1mc-c0nt3nt/uploads/2026/02/Marco_General_Medios_2026.pdf"
2017,La Vanguardia,1.5,"AIMC, Marco General de los Medios en España 2026, pág. 50 «Evolución de la audiencia de diarios (papel+visor digital) por título 2009-2025» (EGM): https://www.aimc.es/a1mc-c0nt3nt/uploads/2026/02/Marco_General_Medios_2026.pdf"
2018,La Vanguardia,1.4,"AIMC, Marco General de los Medios en España 2026, pág. 50 «Evolución de la audiencia de diarios (papel+visor digital) por título 2009-2025» (EGM): https://www.aimc.es/a1mc-c0nt3nt/uploads/2026/02/Marco_General_Medios_2026.pdf"
2019,La Vanguardia,1.4,"AIMC, Marco General de los Medios en España 2026, pág. 50 «Evolución de la audiencia de diarios (papel+visor digital) por título 2009-2025» (EGM): https://www.aimc.es/a1mc-c0nt3nt/uploads/2026/02/Marco_General_Medios_2026.pdf"
2020,La Vanguardia,1.2,"AIMC, Marco General de los Medios en España 2026, pág. 50 «Evolución de la audiencia de diarios (papel+visor digital) por título 2009-2025» (EGM): https://www.aimc.es/a1mc-c0nt3nt/uploads/2026/02/Marco_General_Medios_2026.pdf"
2021,La Vanguardia,1.0,"AIMC, Marco General de los Medios en España 2026, pág. 50 «Evolución de la audiencia de diarios (papel+visor digital) por título 2009-2025» (EGM): https://www.aimc.es/a1mc-c0nt3nt/uploads/2026/02/Marco_General_Medios_2026.pdf"
2022,La Vanguardia,0.9,"AIMC, Marco General de los Medios en España 2026, pág. 50 «Evolución de la audiencia de diarios (papel+visor digital) por título 2009-2025» (EGM): https://www.aimc.es/a1mc-c0nt3nt/uploads/2026/02/Marco_General_Medios_2026.pdf"
2023,La Vanguardia,0.9,"AIMC, Marco General de los Medios en España 2026, pág. 50 «Evolución de la audiencia de diarios (papel+visor digital) por título 2009-2025» (EGM): https://www.aimc.es/a1mc-c0nt3nt/uploads/2026/02/Marco_General_Medios_2026.pdf"
2024,La Vanguardia,0.8,"AIMC, Marco General de los Medios en España 2026, pág. 50 «Evolución de la audiencia de diarios (papel+visor digital) por título 2009-2025» (EGM): https://www.aimc.es/a1mc-c0nt3nt/uploads/2026/02/Marco_General_Medios_2026.pdf"
2025,La Vanguardia,0.9,"AIMC, Marco General de los Medios en España 2026, pág. 50 «Evolución de la audiencia de diarios (papel+visor digital) por título 2009-2025» (EGM): https://www.aimc.es/a1mc-c0nt3nt/uploads/2026/02/Marco_General_Medios_2026.pdf"
2009,ABC,1.8,"AIMC, Marco General de los Medios en España 2026, pág. 50 «Evolución de la audiencia de diarios (papel+visor digital) por título 2009-2025» (EGM): https://www.aimc.es/a1mc-c0nt3nt/uploads/2026/02/Marco_General_Medios_2026.pdf"
2010,ABC,1.9,"AIMC, Marco General de los Medios en España 2026, pág. 50 «Evolución de la audiencia de diarios (papel+visor digital) por título 2009-2025» (EGM): https://www.aimc.es/a1mc-c0nt3nt/uploads/2026/02/Marco_General_Medios_2026.pdf"
2011,ABC,1.7,"AIMC, Marco General de los Medios en España 2026, pág. 50 «Evolución de la audiencia de diarios (papel+visor digital) por título 2009-2025» (EGM): https://www.aimc.es/a1mc-c0nt3nt/uploads/2026/02/Marco_General_Medios_2026.pdf"
2012,ABC,1.6,"AIMC, Marco General de los Medios en España 2026, pág. 50 «Evolución de la audiencia de diarios (papel+visor digital) por título 2009-2025» (EGM): https://www.aimc.es/a1mc-c0nt3nt/uploads/2026/02/Marco_General_Medios_2026.pdf"
2013,ABC,1.4,"AIMC, Marco General de los Medios en España 2026, pág. 50 «Evolución de la audiencia de diarios (papel+visor digital) por título 2009-2025» (EGM): https://www.aimc.es/a1mc-c0nt3nt/uploads/2026/02/Marco_General_Medios_2026.pdf"
2014,ABC,1.3,"AIMC, Marco General de los Medios en España 2026, pág. 50 «Evolución de la audiencia de diarios (papel+visor digital) por título 2009-2025» (EGM): https://www.aimc.es/a1mc-c0nt3nt/uploads/2026/02/Marco_General_Medios_2026.pdf"
2015,ABC,1.3,"AIMC, Marco General de los Medios en España 2026, pág. 50 «Evolución de la audiencia de diarios (papel+visor digital) por título 2009-2025» (EGM): https://www.aimc.es/a1mc-c0nt3nt/uploads/2026/02/Marco_General_Medios_2026.pdf"
2016,ABC,1.1,"AIMC, Marco General de los Medios en España 2026, pág. 50 «Evolución de la audiencia de diarios (papel+visor digital) por título 2009-2025» (EGM): https://www.aimc.es/a1mc-c0nt3nt/uploads/2026/02/Marco_General_Medios_2026.pdf"
2017,ABC,1.0,"AIMC, Marco General de los Medios en España 2026, pág. 50 «Evolución de la audiencia de diarios (papel+visor digital) por título 2009-2025» (EGM): https://www.aimc.es/a1mc-c0nt3nt/uploads/2026/02/Marco_General_Medios_2026.pdf"
2018,ABC,1.0,"AIMC, Marco General de los Medios en España 2026, pág. 50 «Evolución de la audiencia de diarios (papel+visor digital) por título 2009-2025» (EGM): https://www.aimc.es/a1mc-c0nt3nt/uploads/2026/02/Marco_General_Medios_2026.pdf"
2019,ABC,1.1,"AIMC, Marco General de los Medios en España 2026, pág. 50 «Evolución de la audiencia de diarios (papel+visor digital) por título 2009-2025» (EGM): https://www.aimc.es/a1mc-c0nt3nt/uploads/2026/02/Marco_General_Medios_2026.pdf"
2020,ABC,1.1,"AIMC, Marco General de los Medios en España 2026, pág. 50 «Evolución de la audiencia de diarios (papel+visor digital) por título 2009-2025» (EGM): https://www.aimc.es/a1mc-c0nt3nt/uploads/2026/02/Marco_General_Medios_2026.pdf"
2021,ABC,0.9,"AIMC, Marco General de los Medios en España 2026, pág. 50 «Evolución de la audiencia de diarios (papel+visor digital) por título 2009-2025» (EGM): https://www.aimc.es/a1mc-c0nt3nt/uploads/2026/02/Marco_General_Medios_2026.pdf"
2022,ABC,0.9,"AIMC, Marco General de los Medios en España 2026, pág. 50 «Evolución de la audiencia de diarios (papel+visor digital) por título 2009-2025» (EGM): https://www.aimc.es/a1mc-c0nt3nt/uploads/2026/02/Marco_General_Medios_2026.pdf"
2023,ABC,0.7,"AIMC, Marco General de los Medios en España 2026, pág. 50 «Evolución de la audiencia de diarios (papel+visor digital) por título 2009-2025» (EGM): https://www.aimc.es/a1mc-c0nt3nt/uploads/2026/02/Marco_General_Medios_2026.pdf"
2024,ABC,0.8,"AIMC, Marco General de los Medios en España 2026, pág. 50 «Evolución de la audiencia de diarios (papel+visor digital) por título 2009-2025» (EGM): https://www.aimc.es/a1mc-c0nt3nt/uploads/2026/02/Marco_General_Medios_2026.pdf"
2025,ABC,0.8,"AIMC, Marco General de los Medios en España 2026, pág. 50 «Evolución de la audiencia de diarios (papel+visor digital) por título 2009-2025» (EGM): https://www.aimc.es/a1mc-c0nt3nt/uploads/2026/02/Marco_General_Medios_2026.pdf"
2009,La Voz de Galicia,1.5,"AIMC, Marco General de los Medios en España 2026, pág. 50 «Evolución de la audiencia de diarios (papel+visor digital) por título 2009-2025» (EGM): https://www.aimc.es/a1mc-c0nt3nt/uploads/2026/02/Marco_General_Medios_2026.pdf"
2010,La Voz de Galicia,1.5,"AIMC, Marco General de los Medios en España 2026, pág. 50 «Evolución de la audiencia de diarios (papel+visor digital) por título 2009-2025» (EGM): https://www.aimc.es/a1mc-c0nt3nt/uploads/2026/02/Marco_General_Medios_2026.pdf"
2011,La Voz de Galicia,1.6,"AIMC, Marco General de los Medios en España 2026, pág. 50 «Evolución de la audiencia de diarios (papel+visor digital) por título 2009-2025» (EGM): https://www.aimc.es/a1mc-c0nt3nt/uploads/2026/02/Marco_General_Medios_2026.pdf"
2012,La Voz de Galicia,1.6,"AIMC, Marco General de los Medios en España 2026, pág. 50 «Evolución de la audiencia de diarios (papel+visor digital) por título 2009-2025» (EGM): https://www.aimc.es/a1mc-c0nt3nt/uploads/2026/02/Marco_General_Medios_2026.pdf"
2013,La Voz de Galicia,1.5,"AIMC, Marco General de los Medios en España 2026, pág. 50 «Evolución de la audiencia de diarios (papel+visor digital) por título 2009-2025» (EGM): https://www.aimc.es/a1mc-c0nt3nt/uploads/2026/02/Marco_General_Medios_2026.pdf"
2014,La Voz de Galicia,1.5,"AIMC, Marco General de los Medios en España 2026, pág. 50 «Evolución de la audiencia de diarios (papel+visor digital) por título 2009-2025» (EGM): https://www.aimc.es/a1mc-c0nt3nt/uploads/2026/02/Marco_General_Medios_2026.pdf"
2015,La Voz de Galicia,1.4,"AIMC, Marco General de los Medios en España 2026, pág. 50 «Evolución de la audiencia de diarios (papel+visor digital) por título 2009-2025» (EGM): https://www.aimc.es/a1mc-c0nt3nt/uploads/2026/02/Marco_General_Medios_2026.pdf"
2016,La Voz de Galicia,1.4,"AIMC, Marco General de los Medios en España 2026, pág. 50 «Evolución de la audiencia de diarios (papel+visor digital) por título 2009-2025» (EGM): https://www.aimc.es/a1mc-c0nt3nt/uploads/2026/02/Marco_General_Medios_2026.pdf"
2017,La Voz de Galicia,1.4,"AIMC, Marco General de los Medios en España 2026, pág. 50 «Evolución de la audiencia de diarios (papel+visor digital) por título 2009-2025» (EGM): https://www.aimc.es/a1mc-c0nt3nt/uploads/2026/02/Marco_General_Medios_2026.pdf"
2018,La Voz de Galicia,1.3,"AIMC, Marco General de los Medios en España 2026, pág. 50 «Evolución de la audiencia de diarios (papel+visor digital) por título 2009-2025» (EGM): https://www.aimc.es/a1mc-c0nt3nt/uploads/2026/02/Marco_General_Medios_2026.pdf"
2019,La Voz de Galicia,1.3,"AIMC, Marco General de los Medios en España 2026, pág. 50 «Evolución de la audiencia de diarios (papel+visor digital) por título 2009-2025» (EGM): https://www.aimc.es/a1mc-c0nt3nt/uploads/2026/02/Marco_General_Medios_2026.pdf"
2020,La Voz de Galicia,1.0,"AIMC, Marco General de los Medios en España 2026, pág. 50 «Evolución de la audiencia de diarios (papel+visor digital) por título 2009-2025» (EGM): https://www.aimc.es/a1mc-c0nt3nt/uploads/2026/02/Marco_General_Medios_2026.pdf"
2021,La Voz de Galicia,0.8,"AIMC, Marco General de los Medios en España 2026, pág. 50 «Evolución de la audiencia de diarios (papel+visor digital) por título 2009-2025» (EGM): https://www.aimc.es/a1mc-c0nt3nt/uploads/2026/02/Marco_General_Medios_2026.pdf"
2022,La Voz de Galicia,0.8,"AIMC, Marco General de los Medios en España 2026, pág. 50 «Evolución de la audiencia de diarios (papel+visor digital) por título 2009-2025» (EGM): https://www.aimc.es/a1mc-c0nt3nt/uploads/2026/02/Marco_General_Medios_2026.pdf"
2023,La Voz de Galicia,1.0,"AIMC, Marco General de los Medios en España 2026, pág. 50 «Evolución de la audiencia de diarios (papel+visor digital) por título 2009-2025» (EGM): https://www.aimc.es/a1mc-c0nt3nt/uploads/2026/02/Marco_General_Medios_2026.pdf"
2024,La Voz de Galicia,0.9,"AIMC, Marco General de los Medios en España 2026, pág. 50 «Evolución de la audiencia de diarios (papel+visor digital) por título 2009-2025» (EGM): https://www.aimc.es/a1mc-c0nt3nt/uploads/2026/02/Marco_General_Medios_2026.pdf"
2025,La Voz de Galicia,0.8,"AIMC, Marco General de los Medios en España 2026, pág. 50 «Evolución de la audiencia de diarios (papel+visor digital) por título 2009-2025» (EGM): https://www.aimc.es/a1mc-c0nt3nt/uploads/2026/02/Marco_General_Medios_2026.pdf"
2009,Mundo Deportivo,1.6,"AIMC, Marco General de los Medios en España 2026, pág. 50 «Evolución de la audiencia de diarios (papel+visor digital) por título 2009-2025» (EGM): https://www.aimc.es/a1mc-c0nt3nt/uploads/2026/02/Marco_General_Medios_2026.pdf"
2010,Mundo Deportivo,1.7,"AIMC, Marco General de los Medios en España 2026, pág. 50 «Evolución de la audiencia de diarios (papel+visor digital) por título 2009-2025» (EGM): https://www.aimc.es/a1mc-c0nt3nt/uploads/2026/02/Marco_General_Medios_2026.pdf"
2011,Mundo Deportivo,1.8,"AIMC, Marco General de los Medios en España 2026, pág. 50 «Evolución de la audiencia de diarios (papel+visor digital) por título 2009-2025» (EGM): https://www.aimc.es/a1mc-c0nt3nt/uploads/2026/02/Marco_General_Medios_2026.pdf"
2012,Mundo Deportivo,1.8,"AIMC, Marco General de los Medios en España 2026, pág. 50 «Evolución de la audiencia de diarios (papel+visor digital) por título 2009-2025» (EGM): https://www.aimc.es/a1mc-c0nt3nt/uploads/2026/02/Marco_General_Medios_2026.pdf"
2013,Mundo Deportivo,1.5,"AIMC, Marco General de los Medios en España 2026, pág. 50 «Evolución de la audiencia de diarios (papel+visor digital) por título 2009-2025» (EGM): https://www.aimc.es/a1mc-c0nt3nt/uploads/2026/02/Marco_General_Medios_2026.pdf"
2014,Mundo Deportivo,1.5,"AIMC, Marco General de los Medios en España 2026, pág. 50 «Evolución de la audiencia de diarios (papel+visor digital) por título 2009-2025» (EGM): https://www.aimc.es/a1mc-c0nt3nt/uploads/2026/02/Marco_General_Medios_2026.pdf"
2015,Mundo Deportivo,1.4,"AIMC, Marco General de los Medios en España 2026, pág. 50 «Evolución de la audiencia de diarios (papel+visor digital) por título 2009-2025» (EGM): https://www.aimc.es/a1mc-c0nt3nt/uploads/2026/02/Marco_General_Medios_2026.pdf"
2016,Mundo Deportivo,1.2,"AIMC, Marco General de los Medios en España 2026, pág. 50 «Evolución de la audiencia de diarios (papel+visor digital) por título 2009-2025» (EGM): https://www.aimc.es/a1mc-c0nt3nt/uploads/2026/02/Marco_General_Medios_2026.pdf"
2017,Mundo Deportivo,1.1,"AIMC, Marco General de los Medios en España 2026, pág. 50 «Evolución de la audiencia de diarios (papel+visor digital) por título 2009-2025» (EGM): https://www.aimc.es/a1mc-c0nt3nt/uploads/2026/02/Marco_General_Medios_2026.pdf"
2018,Mundo Deportivo,1.0,"AIMC, Marco General de los Medios en España 2026, pág. 50 «Evolución de la audiencia de diarios (papel+visor digital) por título 2009-2025» (EGM): https://www.aimc.es/a1mc-c0nt3nt/uploads/2026/02/Marco_General_Medios_2026.pdf"
2019,Mundo Deportivo,1.0,"AIMC, Marco General de los Medios en España 2026, pág. 50 «Evolución de la audiencia de diarios (papel+visor digital) por título 2009-2025» (EGM): https://www.aimc.es/a1mc-c0nt3nt/uploads/2026/02/Marco_General_Medios_2026.pdf"
2020,Mundo Deportivo,0.7,"AIMC, Marco General de los Medios en España 2026, pág. 50 «Evolución de la audiencia de diarios (papel+visor digital) por título 2009-2025» (EGM): https://www.aimc.es/a1mc-c0nt3nt/uploads/2026/02/Marco_General_Medios_2026.pdf"
2021,Mundo Deportivo,0.6,"AIMC, Marco General de los Medios en España 2026, pág. 50 «Evolución de la audiencia de diarios (papel+visor digital) por título 2009-2025» (EGM): https://www.aimc.es/a1mc-c0nt3nt/uploads/2026/02/Marco_General_Medios_2026.pdf"
2022,Mundo Deportivo,0.5,"AIMC, Marco General de los Medios en España 2026, pág. 50 «Evolución de la audiencia de diarios (papel+visor digital) por título 2009-2025» (EGM): https://www.aimc.es/a1mc-c0nt3nt/uploads/2026/02/Marco_General_Medios_2026.pdf"
2023,Mundo Deportivo,0.6,"AIMC, Marco General de los Medios en España 2026, pág. 50 «Evolución de la audiencia de diarios (papel+visor digital) por título 2009-2025» (EGM): https://www.aimc.es/a1mc-c0nt3nt/uploads/2026/02/Marco_General_Medios_2026.pdf"
2024,Mundo Deportivo,0.6,"AIMC, Marco General de los Medios en España 2026, pág. 50 «Evolución de la audiencia de diarios (papel+visor digital) por título 2009-2025» (EGM): https://www.aimc.es/a1mc-c0nt3nt/uploads/2026/02/Marco_General_Medios_2026.pdf"
2025,Mundo Deportivo,0.6,"AIMC, Marco General de los Medios en España 2026, pág. 50 «Evolución de la audiencia de diarios (papel+visor digital) por título 2009-2025» (EGM): https://www.aimc.es/a1mc-c0nt3nt/uploads/2026/02/Marco_General_Medios_2026.pdf"
2009,El Correo,1.3,"AIMC, Marco General de los Medios en España 2026, pág. 50 «Evolución de la audiencia de diarios (papel+visor digital) por título 2009-2025» (EGM): https://www.aimc.es/a1mc-c0nt3nt/uploads/2026/02/Marco_General_Medios_2026.pdf"
2010,El Correo,1.2,"AIMC, Marco General de los Medios en España 2026, pág. 50 «Evolución de la audiencia de diarios (papel+visor digital) por título 2009-2025» (EGM): https://www.aimc.es/a1mc-c0nt3nt/uploads/2026/02/Marco_General_Medios_2026.pdf"
2011,El Correo,1.1,"AIMC, Marco General de los Medios en España 2026, pág. 50 «Evolución de la audiencia de diarios (papel+visor digital) por título 2009-2025» (EGM): https://www.aimc.es/a1mc-c0nt3nt/uploads/2026/02/Marco_General_Medios_2026.pdf"
2012,El Correo,1.2,"AIMC, Marco General de los Medios en España 2026, pág. 50 «Evolución de la audiencia de diarios (papel+visor digital) por título 2009-2025» (EGM): https://www.aimc.es/a1mc-c0nt3nt/uploads/2026/02/Marco_General_Medios_2026.pdf"
2013,El Correo,1.1,"AIMC, Marco General de los Medios en España 2026, pág. 50 «Evolución de la audiencia de diarios (papel+visor digital) por título 2009-2025» (EGM): https://www.aimc.es/a1mc-c0nt3nt/uploads/2026/02/Marco_General_Medios_2026.pdf"
2014,El Correo,1.0,"AIMC, Marco General de los Medios en España 2026, pág. 50 «Evolución de la audiencia de diarios (papel+visor digital) por título 2009-2025» (EGM): https://www.aimc.es/a1mc-c0nt3nt/uploads/2026/02/Marco_General_Medios_2026.pdf"
2015,El Correo,1.1,"AIMC, Marco General de los Medios en España 2026, pág. 50 «Evolución de la audiencia de diarios (papel+visor digital) por título 2009-2025» (EGM): https://www.aimc.es/a1mc-c0nt3nt/uploads/2026/02/Marco_General_Medios_2026.pdf"
2016,El Correo,1.0,"AIMC, Marco General de los Medios en España 2026, pág. 50 «Evolución de la audiencia de diarios (papel+visor digital) por título 2009-2025» (EGM): https://www.aimc.es/a1mc-c0nt3nt/uploads/2026/02/Marco_General_Medios_2026.pdf"
2017,El Correo,0.9,"AIMC, Marco General de los Medios en España 2026, pág. 50 «Evolución de la audiencia de diarios (papel+visor digital) por título 2009-2025» (EGM): https://www.aimc.es/a1mc-c0nt3nt/uploads/2026/02/Marco_General_Medios_2026.pdf"
2018,El Correo,0.8,"AIMC, Marco General de los Medios en España 2026, pág. 50 «Evolución de la audiencia de diarios (papel+visor digital) por título 2009-2025» (EGM): https://www.aimc.es/a1mc-c0nt3nt/uploads/2026/02/Marco_General_Medios_2026.pdf"
2019,El Correo,0.7,"AIMC, Marco General de los Medios en España 2026, pág. 50 «Evolución de la audiencia de diarios (papel+visor digital) por título 2009-2025» (EGM): https://www.aimc.es/a1mc-c0nt3nt/uploads/2026/02/Marco_General_Medios_2026.pdf"
2020,El Correo,0.7,"AIMC, Marco General de los Medios en España 2026, pág. 50 «Evolución de la audiencia de diarios (papel+visor digital) por título 2009-2025» (EGM): https://www.aimc.es/a1mc-c0nt3nt/uploads/2026/02/Marco_General_Medios_2026.pdf"
2021,El Correo,0.6,"AIMC, Marco General de los Medios en España 2026, pág. 50 «Evolución de la audiencia de diarios (papel+visor digital) por título 2009-2025» (EGM): https://www.aimc.es/a1mc-c0nt3nt/uploads/2026/02/Marco_General_Medios_2026.pdf"
2022,El Correo,0.7,"AIMC, Marco General de los Medios en España 2026, pág. 50 «Evolución de la audiencia de diarios (papel+visor digital) por título 2009-2025» (EGM): https://www.aimc.es/a1mc-c0nt3nt/uploads/2026/02/Marco_General_Medios_2026.pdf"
2023,El Correo,0.6,"AIMC, Marco General de los Medios en España 2026, pág. 50 «Evolución de la audiencia de diarios (papel+visor digital) por título 2009-2025» (EGM): https://www.aimc.es/a1mc-c0nt3nt/uploads/2026/02/Marco_General_Medios_2026.pdf"
2024,El Correo,0.5,"AIMC, Marco General de los Medios en España 2026, pág. 50 «Evolución de la audiencia de diarios (papel+visor digital) por título 2009-2025» (EGM): https://www.aimc.es/a1mc-c0nt3nt/uploads/2026/02/Marco_General_Medios_2026.pdf"
2025,El Correo,0.5,"AIMC, Marco General de los Medios en España 2026, pág. 50 «Evolución de la audiencia de diarios (papel+visor digital) por título 2009-2025» (EGM): https://www.aimc.es/a1mc-c0nt3nt/uploads/2026/02/Marco_General_Medios_2026.pdf"
2009,Sport,1.7,"AIMC, Marco General de los Medios en España 2026, pág. 50 «Evolución de la audiencia de diarios (papel+visor digital) por título 2009-2025» (EGM): https://www.aimc.es/a1mc-c0nt3nt/uploads/2026/02/Marco_General_Medios_2026.pdf"
2010,Sport,1.9,"AIMC, Marco General de los Medios en España 2026, pág. 50 «Evolución de la audiencia de diarios (papel+visor digital) por título 2009-2025» (EGM): https://www.aimc.es/a1mc-c0nt3nt/uploads/2026/02/Marco_General_Medios_2026.pdf"
2011,Sport,1.8,"AIMC, Marco General de los Medios en España 2026, pág. 50 «Evolución de la audiencia de diarios (papel+visor digital) por título 2009-2025» (EGM): https://www.aimc.es/a1mc-c0nt3nt/uploads/2026/02/Marco_General_Medios_2026.pdf"
2012,Sport,1.8,"AIMC, Marco General de los Medios en España 2026, pág. 50 «Evolución de la audiencia de diarios (papel+visor digital) por título 2009-2025» (EGM): https://www.aimc.es/a1mc-c0nt3nt/uploads/2026/02/Marco_General_Medios_2026.pdf"
2013,Sport,1.5,"AIMC, Marco General de los Medios en España 2026, pág. 50 «Evolución de la audiencia de diarios (papel+visor digital) por título 2009-2025» (EGM): https://www.aimc.es/a1mc-c0nt3nt/uploads/2026/02/Marco_General_Medios_2026.pdf"
2014,Sport,1.3,"AIMC, Marco General de los Medios en España 2026, pág. 50 «Evolución de la audiencia de diarios (papel+visor digital) por título 2009-2025» (EGM): https://www.aimc.es/a1mc-c0nt3nt/uploads/2026/02/Marco_General_Medios_2026.pdf"
2015,Sport,1.2,"AIMC, Marco General de los Medios en España 2026, pág. 50 «Evolución de la audiencia de diarios (papel+visor digital) por título 2009-2025» (EGM): https://www.aimc.es/a1mc-c0nt3nt/uploads/2026/02/Marco_General_Medios_2026.pdf"
2016,Sport,1.1,"AIMC, Marco General de los Medios en España 2026, pág. 50 «Evolución de la audiencia de diarios (papel+visor digital) por título 2009-2025» (EGM): https://www.aimc.es/a1mc-c0nt3nt/uploads/2026/02/Marco_General_Medios_2026.pdf"
2017,Sport,1.0,"AIMC, Marco General de los Medios en España 2026, pág. 50 «Evolución de la audiencia de diarios (papel+visor digital) por título 2009-2025» (EGM): https://www.aimc.es/a1mc-c0nt3nt/uploads/2026/02/Marco_General_Medios_2026.pdf"
2018,Sport,0.9,"AIMC, Marco General de los Medios en España 2026, pág. 50 «Evolución de la audiencia de diarios (papel+visor digital) por título 2009-2025» (EGM): https://www.aimc.es/a1mc-c0nt3nt/uploads/2026/02/Marco_General_Medios_2026.pdf"
2019,Sport,0.9,"AIMC, Marco General de los Medios en España 2026, pág. 50 «Evolución de la audiencia de diarios (papel+visor digital) por título 2009-2025» (EGM): https://www.aimc.es/a1mc-c0nt3nt/uploads/2026/02/Marco_General_Medios_2026.pdf"
2020,Sport,0.7,"AIMC, Marco General de los Medios en España 2026, pág. 50 «Evolución de la audiencia de diarios (papel+visor digital) por título 2009-2025» (EGM): https://www.aimc.es/a1mc-c0nt3nt/uploads/2026/02/Marco_General_Medios_2026.pdf"
2021,Sport,0.4,"AIMC, Marco General de los Medios en España 2026, pág. 50 «Evolución de la audiencia de diarios (papel+visor digital) por título 2009-2025» (EGM): https://www.aimc.es/a1mc-c0nt3nt/uploads/2026/02/Marco_General_Medios_2026.pdf"
2022,Sport,0.4,"AIMC, Marco General de los Medios en España 2026, pág. 50 «Evolución de la audiencia de diarios (papel+visor digital) por título 2009-2025» (EGM): https://www.aimc.es/a1mc-c0nt3nt/uploads/2026/02/Marco_General_Medios_2026.pdf"
2023,Sport,0.5,"AIMC, Marco General de los Medios en España 2026, pág. 50 «Evolución de la audiencia de diarios (papel+visor digital) por título 2009-2025» (EGM): https://www.aimc.es/a1mc-c0nt3nt/uploads/2026/02/Marco_General_Medios_2026.pdf"
2024,Sport,0.5,"AIMC, Marco General de los Medios en España 2026, pág. 50 «Evolución de la audiencia de diarios (papel+visor digital) por título 2009-2025» (EGM): https://www.aimc.es/a1mc-c0nt3nt/uploads/2026/02/Marco_General_Medios_2026.pdf"
2025,Sport,0.5,"AIMC, Marco General de los Medios en España 2026, pág. 50 «Evolución de la audiencia de diarios (papel+visor digital) por título 2009-2025» (EGM): https://www.aimc.es/a1mc-c0nt3nt/uploads/2026/02/Marco_General_Medios_2026.pdf"
2009,La Nueva España,0.9,"AIMC, Marco General de los Medios en España 2026, pág. 50 «Evolución de la audiencia de diarios (papel+visor digital) por título 2009-2025» (EGM): https://www.aimc.es/a1mc-c0nt3nt/uploads/2026/02/Marco_General_Medios_2026.pdf"
2010,La Nueva España,0.9,"AIMC, Marco General de los Medios en España 2026, pág. 50 «Evolución de la audiencia de diarios (papel+visor digital) por título 2009-2025» (EGM): https://www.aimc.es/a1mc-c0nt3nt/uploads/2026/02/Marco_General_Medios_2026.pdf"
2011,La Nueva España,0.9,"AIMC, Marco General de los Medios en España 2026, pág. 50 «Evolución de la audiencia de diarios (papel+visor digital) por título 2009-2025» (EGM): https://www.aimc.es/a1mc-c0nt3nt/uploads/2026/02/Marco_General_Medios_2026.pdf"
2012,La Nueva España,0.9,"AIMC, Marco General de los Medios en España 2026, pág. 50 «Evolución de la audiencia de diarios (papel+visor digital) por título 2009-2025» (EGM): https://www.aimc.es/a1mc-c0nt3nt/uploads/2026/02/Marco_General_Medios_2026.pdf"
2013,La Nueva España,0.9,"AIMC, Marco General de los Medios en España 2026, pág. 50 «Evolución de la audiencia de diarios (papel+visor digital) por título 2009-2025» (EGM): https://www.aimc.es/a1mc-c0nt3nt/uploads/2026/02/Marco_General_Medios_2026.pdf"
2014,La Nueva España,0.8,"AIMC, Marco General de los Medios en España 2026, pág. 50 «Evolución de la audiencia de diarios (papel+visor digital) por título 2009-2025» (EGM): https://www.aimc.es/a1mc-c0nt3nt/uploads/2026/02/Marco_General_Medios_2026.pdf"
2015,La Nueva España,0.8,"AIMC, Marco General de los Medios en España 2026, pág. 50 «Evolución de la audiencia de diarios (papel+visor digital) por título 2009-2025» (EGM): https://www.aimc.es/a1mc-c0nt3nt/uploads/2026/02/Marco_General_Medios_2026.pdf"
2016,La Nueva España,0.8,"AIMC, Marco General de los Medios en España 2026, pág. 50 «Evolución de la audiencia de diarios (papel+visor digital) por título 2009-2025» (EGM): https://www.aimc.es/a1mc-c0nt3nt/uploads/2026/02/Marco_General_Medios_2026.pdf"
2017,La Nueva España,0.7,"AIMC, Marco General de los Medios en España 2026, pág. 50 «Evolución de la audiencia de diarios (papel+visor digital) por título 2009-2025» (EGM): https://www.aimc.es/a1mc-c0nt3nt/uploads/2026/02/Marco_General_Medios_2026.pdf"
2018,La Nueva España,0.7,"AIMC, Marco General de los Medios en España 2026, pág. 50 «Evolución de la audiencia de diarios (papel+visor digital) por título 2009-2025» (EGM): https://www.aimc.es/a1mc-c0nt3nt/uploads/2026/02/Marco_General_Medios_2026.pdf"
2019,La Nueva España,0.7,"AIMC, Marco General de los Medios en España 2026, pág. 50 «Evolución de la audiencia de diarios (papel+visor digital) por título 2009-2025» (EGM): https://www.aimc.es/a1mc-c0nt3nt/uploads/2026/02/Marco_General_Medios_2026.pdf"
2020,La Nueva España,0.6,"AIMC, Marco General de los Medios en España 2026, pág. 50 «Evolución de la audiencia de diarios (papel+visor digital) por título 2009-2025» (EGM): https://www.aimc.es/a1mc-c0nt3nt/uploads/2026/02/Marco_General_Medios_2026.pdf"
2021,La Nueva España,0.4,"AIMC, Marco General de los Medios en España 2026, pág. 50 «Evolución de la audiencia de diarios (papel+visor digital) por título 2009-2025» (EGM): https://www.aimc.es/a1mc-c0nt3nt/uploads/2026/02/Marco_General_Medios_2026.pdf"
2022,La Nueva España,0.4,"AIMC, Marco General de los Medios en España 2026, pág. 50 «Evolución de la audiencia de diarios (papel+visor digital) por título 2009-2025» (EGM): https://www.aimc.es/a1mc-c0nt3nt/uploads/2026/02/Marco_General_Medios_2026.pdf"
2023,La Nueva España,0.4,"AIMC, Marco General de los Medios en España 2026, pág. 50 «Evolución de la audiencia de diarios (papel+visor digital) por título 2009-2025» (EGM): https://www.aimc.es/a1mc-c0nt3nt/uploads/2026/02/Marco_General_Medios_2026.pdf"
2024,La Nueva España,0.4,"AIMC, Marco General de los Medios en España 2026, pág. 50 «Evolución de la audiencia de diarios (papel+visor digital) por título 2009-2025» (EGM): https://www.aimc.es/a1mc-c0nt3nt/uploads/2026/02/Marco_General_Medios_2026.pdf"
2025,La Nueva España,0.4,"AIMC, Marco General de los Medios en España 2026, pág. 50 «Evolución de la audiencia de diarios (papel+visor digital) por título 2009-2025» (EGM): https://www.aimc.es/a1mc-c0nt3nt/uploads/2026/02/Marco_General_Medios_2026.pdf"
2009,El Periódico,1.9,"AIMC, Marco General de los Medios en España 2026, pág. 50 «Evolución de la audiencia de diarios (papel+visor digital) por título 2009-2025» (EGM): https://www.aimc.es/a1mc-c0nt3nt/uploads/2026/02/Marco_General_Medios_2026.pdf"
2010,El Periódico,2.0,"AIMC, Marco General de los Medios en España 2026, pág. 50 «Evolución de la audiencia de diarios (papel+visor digital) por título 2009-2025» (EGM): https://www.aimc.es/a1mc-c0nt3nt/uploads/2026/02/Marco_General_Medios_2026.pdf"
2011,El Periódico,1.9,"AIMC, Marco General de los Medios en España 2026, pág. 50 «Evolución de la audiencia de diarios (papel+visor digital) por título 2009-2025» (EGM): https://www.aimc.es/a1mc-c0nt3nt/uploads/2026/02/Marco_General_Medios_2026.pdf"
2012,El Periódico,1.6,"AIMC, Marco General de los Medios en España 2026, pág. 50 «Evolución de la audiencia de diarios (papel+visor digital) por título 2009-2025» (EGM): https://www.aimc.es/a1mc-c0nt3nt/uploads/2026/02/Marco_General_Medios_2026.pdf"
2013,El Periódico,1.6,"AIMC, Marco General de los Medios en España 2026, pág. 50 «Evolución de la audiencia de diarios (papel+visor digital) por título 2009-2025» (EGM): https://www.aimc.es/a1mc-c0nt3nt/uploads/2026/02/Marco_General_Medios_2026.pdf"
2014,El Periódico,1.4,"AIMC, Marco General de los Medios en España 2026, pág. 50 «Evolución de la audiencia de diarios (papel+visor digital) por título 2009-2025» (EGM): https://www.aimc.es/a1mc-c0nt3nt/uploads/2026/02/Marco_General_Medios_2026.pdf"
2015,El Periódico,1.3,"AIMC, Marco General de los Medios en España 2026, pág. 50 «Evolución de la audiencia de diarios (papel+visor digital) por título 2009-2025» (EGM): https://www.aimc.es/a1mc-c0nt3nt/uploads/2026/02/Marco_General_Medios_2026.pdf"
2016,El Periódico,1.2,"AIMC, Marco General de los Medios en España 2026, pág. 50 «Evolución de la audiencia de diarios (papel+visor digital) por título 2009-2025» (EGM): https://www.aimc.es/a1mc-c0nt3nt/uploads/2026/02/Marco_General_Medios_2026.pdf"
2017,El Periódico,1.1,"AIMC, Marco General de los Medios en España 2026, pág. 50 «Evolución de la audiencia de diarios (papel+visor digital) por título 2009-2025» (EGM): https://www.aimc.es/a1mc-c0nt3nt/uploads/2026/02/Marco_General_Medios_2026.pdf"
2018,El Periódico,0.9,"AIMC, Marco General de los Medios en España 2026, pág. 50 «Evolución de la audiencia de diarios (papel+visor digital) por título 2009-2025» (EGM): https://www.aimc.es/a1mc-c0nt3nt/uploads/2026/02/Marco_General_Medios_2026.pdf"
2019,El Periódico,0.9,"AIMC, Marco General de los Medios en España 2026, pág. 50 «Evolución de la audiencia de diarios (papel+visor digital) por título 2009-2025» (EGM): https://www.aimc.es/a1mc-c0nt3nt/uploads/2026/02/Marco_General_Medios_2026.pdf"
2020,El Periódico,0.7,"AIMC, Marco General de los Medios en España 2026, pág. 50 «Evolución de la audiencia de diarios (papel+visor digital) por título 2009-2025» (EGM): https://www.aimc.es/a1mc-c0nt3nt/uploads/2026/02/Marco_General_Medios_2026.pdf"
2021,El Periódico,0.5,"AIMC, Marco General de los Medios en España 2026, pág. 50 «Evolución de la audiencia de diarios (papel+visor digital) por título 2009-2025» (EGM): https://www.aimc.es/a1mc-c0nt3nt/uploads/2026/02/Marco_General_Medios_2026.pdf"
2022,El Periódico,0.5,"AIMC, Marco General de los Medios en España 2026, pág. 50 «Evolución de la audiencia de diarios (papel+visor digital) por título 2009-2025» (EGM): https://www.aimc.es/a1mc-c0nt3nt/uploads/2026/02/Marco_General_Medios_2026.pdf"
2023,El Periódico,0.4,"AIMC, Marco General de los Medios en España 2026, pág. 50 «Evolución de la audiencia de diarios (papel+visor digital) por título 2009-2025» (EGM): https://www.aimc.es/a1mc-c0nt3nt/uploads/2026/02/Marco_General_Medios_2026.pdf"
2024,El Periódico,0.4,"AIMC, Marco General de los Medios en España 2026, pág. 50 «Evolución de la audiencia de diarios (papel+visor digital) por título 2009-2025» (EGM): https://www.aimc.es/a1mc-c0nt3nt/uploads/2026/02/Marco_General_Medios_2026.pdf"
2025,El Periódico,0.4,"AIMC, Marco General de los Medios en España 2026, pág. 50 «Evolución de la audiencia de diarios (papel+visor digital) por título 2009-2025» (EGM): https://www.aimc.es/a1mc-c0nt3nt/uploads/2026/02/Marco_General_Medios_2026.pdf"
2009,El Diario Vasco,0.8,"AIMC, Marco General de los Medios en España 2026, pág. 50 «Evolución de la audiencia de diarios (papel+visor digital) por título 2009-2025» (EGM): https://www.aimc.es/a1mc-c0nt3nt/uploads/2026/02/Marco_General_Medios_2026.pdf"
2010,El Diario Vasco,0.7,"AIMC, Marco General de los Medios en España 2026, pág. 50 «Evolución de la audiencia de diarios (papel+visor digital) por título 2009-2025» (EGM): https://www.aimc.es/a1mc-c0nt3nt/uploads/2026/02/Marco_General_Medios_2026.pdf"
2011,El Diario Vasco,0.6,"AIMC, Marco General de los Medios en España 2026, pág. 50 «Evolución de la audiencia de diarios (papel+visor digital) por título 2009-2025» (EGM): https://www.aimc.es/a1mc-c0nt3nt/uploads/2026/02/Marco_General_Medios_2026.pdf"
2012,El Diario Vasco,0.6,"AIMC, Marco General de los Medios en España 2026, pág. 50 «Evolución de la audiencia de diarios (papel+visor digital) por título 2009-2025» (EGM): https://www.aimc.es/a1mc-c0nt3nt/uploads/2026/02/Marco_General_Medios_2026.pdf"
2013,El Diario Vasco,0.6,"AIMC, Marco General de los Medios en España 2026, pág. 50 «Evolución de la audiencia de diarios (papel+visor digital) por título 2009-2025» (EGM): https://www.aimc.es/a1mc-c0nt3nt/uploads/2026/02/Marco_General_Medios_2026.pdf"
2014,El Diario Vasco,0.6,"AIMC, Marco General de los Medios en España 2026, pág. 50 «Evolución de la audiencia de diarios (papel+visor digital) por título 2009-2025» (EGM): https://www.aimc.es/a1mc-c0nt3nt/uploads/2026/02/Marco_General_Medios_2026.pdf"
2015,El Diario Vasco,0.6,"AIMC, Marco General de los Medios en España 2026, pág. 50 «Evolución de la audiencia de diarios (papel+visor digital) por título 2009-2025» (EGM): https://www.aimc.es/a1mc-c0nt3nt/uploads/2026/02/Marco_General_Medios_2026.pdf"
2016,El Diario Vasco,0.5,"AIMC, Marco General de los Medios en España 2026, pág. 50 «Evolución de la audiencia de diarios (papel+visor digital) por título 2009-2025» (EGM): https://www.aimc.es/a1mc-c0nt3nt/uploads/2026/02/Marco_General_Medios_2026.pdf"
2017,El Diario Vasco,0.5,"AIMC, Marco General de los Medios en España 2026, pág. 50 «Evolución de la audiencia de diarios (papel+visor digital) por título 2009-2025» (EGM): https://www.aimc.es/a1mc-c0nt3nt/uploads/2026/02/Marco_General_Medios_2026.pdf"
2018,El Diario Vasco,0.5,"AIMC, Marco General de los Medios en España 2026, pág. 50 «Evolución de la audiencia de diarios (papel+visor digital) por título 2009-2025» (EGM): https://www.aimc.es/a1mc-c0nt3nt/uploads/2026/02/Marco_General_Medios_2026.pdf"
2019,El Diario Vasco,0.5,"AIMC, Marco General de los Medios en España 2026, pág. 50 «Evolución de la audiencia de diarios (papel+visor digital) por título 2009-2025» (EGM): https://www.aimc.es/a1mc-c0nt3nt/uploads/2026/02/Marco_General_Medios_2026.pdf"
2020,El Diario Vasco,0.4,"AIMC, Marco General de los Medios en España 2026, pág. 50 «Evolución de la audiencia de diarios (papel+visor digital) por título 2009-2025» (EGM): https://www.aimc.es/a1mc-c0nt3nt/uploads/2026/02/Marco_General_Medios_2026.pdf"
2021,El Diario Vasco,0.3,"AIMC, Marco General de los Medios en España 2026, pág. 50 «Evolución de la audiencia de diarios (papel+visor digital) por título 2009-2025» (EGM): https://www.aimc.es/a1mc-c0nt3nt/uploads/2026/02/Marco_General_Medios_2026.pdf"
2022,El Diario Vasco,0.4,"AIMC, Marco General de los Medios en España 2026, pág. 50 «Evolución de la audiencia de diarios (papel+visor digital) por título 2009-2025» (EGM): https://www.aimc.es/a1mc-c0nt3nt/uploads/2026/02/Marco_General_Medios_2026.pdf"
2023,El Diario Vasco,0.4,"AIMC, Marco General de los Medios en España 2026, pág. 50 «Evolución de la audiencia de diarios (papel+visor digital) por título 2009-2025» (EGM): https://www.aimc.es/a1mc-c0nt3nt/uploads/2026/02/Marco_General_Medios_2026.pdf"
2024,El Diario Vasco,0.4,"AIMC, Marco General de los Medios en España 2026, pág. 50 «Evolución de la audiencia de diarios (papel+visor digital) por título 2009-2025» (EGM): https://www.aimc.es/a1mc-c0nt3nt/uploads/2026/02/Marco_General_Medios_2026.pdf"
2025,El Diario Vasco,0.3,"AIMC, Marco General de los Medios en España 2026, pág. 50 «Evolución de la audiencia de diarios (papel+visor digital) por título 2009-2025» (EGM): https://www.aimc.es/a1mc-c0nt3nt/uploads/2026/02/Marco_General_Medios_2026.pdf"
2009,Faro de Vigo,0.7,"AIMC, Marco General de los Medios en España 2026, pág. 50 «Evolución de la audiencia de diarios (papel+visor digital) por título 2009-2025» (EGM): https://www.aimc.es/a1mc-c0nt3nt/uploads/2026/02/Marco_General_Medios_2026.pdf"
2010,Faro de Vigo,0.7,"AIMC, Marco General de los Medios en España 2026, pág. 50 «Evolución de la audiencia de diarios (papel+visor digital) por título 2009-2025» (EGM): https://www.aimc.es/a1mc-c0nt3nt/uploads/2026/02/Marco_General_Medios_2026.pdf"
2011,Faro de Vigo,0.7,"AIMC, Marco General de los Medios en España 2026, pág. 50 «Evolución de la audiencia de diarios (papel+visor digital) por título 2009-2025» (EGM): https://www.aimc.es/a1mc-c0nt3nt/uploads/2026/02/Marco_General_Medios_2026.pdf"
2012,Faro de Vigo,0.7,"AIMC, Marco General de los Medios en España 2026, pág. 50 «Evolución de la audiencia de diarios (papel+visor digital) por título 2009-2025» (EGM): https://www.aimc.es/a1mc-c0nt3nt/uploads/2026/02/Marco_General_Medios_2026.pdf"
2013,Faro de Vigo,0.7,"AIMC, Marco General de los Medios en España 2026, pág. 50 «Evolución de la audiencia de diarios (papel+visor digital) por título 2009-2025» (EGM): https://www.aimc.es/a1mc-c0nt3nt/uploads/2026/02/Marco_General_Medios_2026.pdf"
2014,Faro de Vigo,0.7,"AIMC, Marco General de los Medios en España 2026, pág. 50 «Evolución de la audiencia de diarios (papel+visor digital) por título 2009-2025» (EGM): https://www.aimc.es/a1mc-c0nt3nt/uploads/2026/02/Marco_General_Medios_2026.pdf"
2015,Faro de Vigo,0.6,"AIMC, Marco General de los Medios en España 2026, pág. 50 «Evolución de la audiencia de diarios (papel+visor digital) por título 2009-2025» (EGM): https://www.aimc.es/a1mc-c0nt3nt/uploads/2026/02/Marco_General_Medios_2026.pdf"
2016,Faro de Vigo,0.7,"AIMC, Marco General de los Medios en España 2026, pág. 50 «Evolución de la audiencia de diarios (papel+visor digital) por título 2009-2025» (EGM): https://www.aimc.es/a1mc-c0nt3nt/uploads/2026/02/Marco_General_Medios_2026.pdf"
2017,Faro de Vigo,0.6,"AIMC, Marco General de los Medios en España 2026, pág. 50 «Evolución de la audiencia de diarios (papel+visor digital) por título 2009-2025» (EGM): https://www.aimc.es/a1mc-c0nt3nt/uploads/2026/02/Marco_General_Medios_2026.pdf"
2018,Faro de Vigo,0.6,"AIMC, Marco General de los Medios en España 2026, pág. 50 «Evolución de la audiencia de diarios (papel+visor digital) por título 2009-2025» (EGM): https://www.aimc.es/a1mc-c0nt3nt/uploads/2026/02/Marco_General_Medios_2026.pdf"
2019,Faro de Vigo,0.5,"AIMC, Marco General de los Medios en España 2026, pág. 50 «Evolución de la audiencia de diarios (papel+visor digital) por título 2009-2025» (EGM): https://www.aimc.es/a1mc-c0nt3nt/uploads/2026/02/Marco_General_Medios_2026.pdf"
2020,Faro de Vigo,0.4,"AIMC, Marco General de los Medios en España 2026, pág. 50 «Evolución de la audiencia de diarios (papel+visor digital) por título 2009-2025» (EGM): https://www.aimc.es/a1mc-c0nt3nt/uploads/2026/02/Marco_General_Medios_2026.pdf"
2021,Faro de Vigo,0.3,"AIMC, Marco General de los Medios en España 2026, pág. 50 «Evolución de la audiencia de diarios (papel+visor digital) por título 2009-2025» (EGM): https://www.aimc.es/a1mc-c0nt3nt/uploads/2026/02/Marco_General_Medios_2026.pdf"
2022,Faro de Vigo,0.3,"AIMC, Marco General de los Medios en España 2026, pág. 50 «Evolución de la audiencia de diarios (papel+visor digital) por título 2009-2025» (EGM): https://www.aimc.es/a1mc-c0nt3nt/uploads/2026/02/Marco_General_Medios_2026.pdf"
2023,Faro de Vigo,0.4,"AIMC, Marco General de los Medios en España 2026, pág. 50 «Evolución de la audiencia de diarios (papel+visor digital) por título 2009-2025» (EGM): https://www.aimc.es/a1mc-c0nt3nt/uploads/2026/02/Marco_General_Medios_2026.pdf"
2024,Faro de Vigo,0.4,"AIMC, Marco General de los Medios en España 2026, pág. 50 «Evolución de la audiencia de diarios (papel+visor digital) por título 2009-2025» (EGM): https://www.aimc.es/a1mc-c0nt3nt/uploads/2026/02/Marco_General_Medios_2026.pdf"
2025,Faro de Vigo,0.3,"AIMC, Marco General de los Medios en España 2026, pág. 50 «Evolución de la audiencia de diarios (papel+visor digital) por título 2009-2025» (EGM): https://www.aimc.es/a1mc-c0nt3nt/uploads/2026/02/Marco_General_Medios_2026.pdf"
2009,La Razón,0.9,"AIMC, Marco General de los Medios en España 2026, pág. 50 «Evolución de la audiencia de diarios (papel+visor digital) por título 2009-2025» (EGM): https://www.aimc.es/a1mc-c0nt3nt/uploads/2026/02/Marco_General_Medios_2026.pdf"
2010,La Razón,0.9,"AIMC, Marco General de los Medios en España 2026, pág. 50 «Evolución de la audiencia de diarios (papel+visor digital) por título 2009-2025» (EGM): https://www.aimc.es/a1mc-c0nt3nt/uploads/2026/02/Marco_General_Medios_2026.pdf"
2011,La Razón,0.8,"AIMC, Marco General de los Medios en España 2026, pág. 50 «Evolución de la audiencia de diarios (papel+visor digital) por título 2009-2025» (EGM): https://www.aimc.es/a1mc-c0nt3nt/uploads/2026/02/Marco_General_Medios_2026.pdf"
2012,La Razón,0.7,"AIMC, Marco General de los Medios en España 2026, pág. 50 «Evolución de la audiencia de diarios (papel+visor digital) por título 2009-2025» (EGM): https://www.aimc.es/a1mc-c0nt3nt/uploads/2026/02/Marco_General_Medios_2026.pdf"
2013,La Razón,0.7,"AIMC, Marco General de los Medios en España 2026, pág. 50 «Evolución de la audiencia de diarios (papel+visor digital) por título 2009-2025» (EGM): https://www.aimc.es/a1mc-c0nt3nt/uploads/2026/02/Marco_General_Medios_2026.pdf"
2014,La Razón,0.7,"AIMC, Marco General de los Medios en España 2026, pág. 50 «Evolución de la audiencia de diarios (papel+visor digital) por título 2009-2025» (EGM): https://www.aimc.es/a1mc-c0nt3nt/uploads/2026/02/Marco_General_Medios_2026.pdf"
2015,La Razón,0.6,"AIMC, Marco General de los Medios en España 2026, pág. 50 «Evolución de la audiencia de diarios (papel+visor digital) por título 2009-2025» (EGM): https://www.aimc.es/a1mc-c0nt3nt/uploads/2026/02/Marco_General_Medios_2026.pdf"
2016,La Razón,0.6,"AIMC, Marco General de los Medios en España 2026, pág. 50 «Evolución de la audiencia de diarios (papel+visor digital) por título 2009-2025» (EGM): https://www.aimc.es/a1mc-c0nt3nt/uploads/2026/02/Marco_General_Medios_2026.pdf"
2017,La Razón,0.5,"AIMC, Marco General de los Medios en España 2026, pág. 50 «Evolución de la audiencia de diarios (papel+visor digital) por título 2009-2025» (EGM): https://www.aimc.es/a1mc-c0nt3nt/uploads/2026/02/Marco_General_Medios_2026.pdf"
2018,La Razón,0.5,"AIMC, Marco General de los Medios en España 2026, pág. 50 «Evolución de la audiencia de diarios (papel+visor digital) por título 2009-2025» (EGM): https://www.aimc.es/a1mc-c0nt3nt/uploads/2026/02/Marco_General_Medios_2026.pdf"
2019,La Razón,0.5,"AIMC, Marco General de los Medios en España 2026, pág. 50 «Evolución de la audiencia de diarios (papel+visor digital) por título 2009-2025» (EGM): https://www.aimc.es/a1mc-c0nt3nt/uploads/2026/02/Marco_General_Medios_2026.pdf"
2020,La Razón,0.5,"AIMC, Marco General de los Medios en España 2026, pág. 50 «Evolución de la audiencia de diarios (papel+visor digital) por título 2009-2025» (EGM): https://www.aimc.es/a1mc-c0nt3nt/uploads/2026/02/Marco_General_Medios_2026.pdf"
2021,La Razón,0.3,"AIMC, Marco General de los Medios en España 2026, pág. 50 «Evolución de la audiencia de diarios (papel+visor digital) por título 2009-2025» (EGM): https://www.aimc.es/a1mc-c0nt3nt/uploads/2026/02/Marco_General_Medios_2026.pdf"
2022,La Razón,0.3,"AIMC, Marco General de los Medios en España 2026, pág. 50 «Evolución de la audiencia de diarios (papel+visor digital) por título 2009-2025» (EGM): https://www.aimc.es/a1mc-c0nt3nt/uploads/2026/02/Marco_General_Medios_2026.pdf"
2023,La Razón,0.4,"AIMC, Marco General de los Medios en España 2026, pág. 50 «Evolución de la audiencia de diarios (papel+visor digital) por título 2009-2025» (EGM): https://www.aimc.es/a1mc-c0nt3nt/uploads/2026/02/Marco_General_Medios_2026.pdf"
2024,La Razón,0.3,"AIMC, Marco General de los Medios en España 2026, pág. 50 «Evolución de la audiencia de diarios (papel+visor digital) por título 2009-2025» (EGM): https://www.aimc.es/a1mc-c0nt3nt/uploads/2026/02/Marco_General_Medios_2026.pdf"
2025,La Razón,0.3,"AIMC, Marco General de los Medios en España 2026, pág. 50 «Evolución de la audiencia de diarios (papel+visor digital) por título 2009-2025» (EGM): https://www.aimc.es/a1mc-c0nt3nt/uploads/2026/02/Marco_General_Medios_2026.pdf"
2009,Heraldo de Aragón,0.7,"AIMC, Marco General de los Medios en España 2026, pág. 50 «Evolución de la audiencia de diarios (papel+visor digital) por título 2009-2025» (EGM): https://www.aimc.es/a1mc-c0nt3nt/uploads/2026/02/Marco_General_Medios_2026.pdf"
2010,Heraldo de Aragón,0.7,"AIMC, Marco General de los Medios en España 2026, pág. 50 «Evolución de la audiencia de diarios (papel+visor digital) por título 2009-2025» (EGM): https://www.aimc.es/a1mc-c0nt3nt/uploads/2026/02/Marco_General_Medios_2026.pdf"
2011,Heraldo de Aragón,0.8,"AIMC, Marco General de los Medios en España 2026, pág. 50 «Evolución de la audiencia de diarios (papel+visor digital) por título 2009-2025» (EGM): https://www.aimc.es/a1mc-c0nt3nt/uploads/2026/02/Marco_General_Medios_2026.pdf"
2012,Heraldo de Aragón,0.8,"AIMC, Marco General de los Medios en España 2026, pág. 50 «Evolución de la audiencia de diarios (papel+visor digital) por título 2009-2025» (EGM): https://www.aimc.es/a1mc-c0nt3nt/uploads/2026/02/Marco_General_Medios_2026.pdf"
2013,Heraldo de Aragón,0.7,"AIMC, Marco General de los Medios en España 2026, pág. 50 «Evolución de la audiencia de diarios (papel+visor digital) por título 2009-2025» (EGM): https://www.aimc.es/a1mc-c0nt3nt/uploads/2026/02/Marco_General_Medios_2026.pdf"
2014,Heraldo de Aragón,0.6,"AIMC, Marco General de los Medios en España 2026, pág. 50 «Evolución de la audiencia de diarios (papel+visor digital) por título 2009-2025» (EGM): https://www.aimc.es/a1mc-c0nt3nt/uploads/2026/02/Marco_General_Medios_2026.pdf"
2015,Heraldo de Aragón,0.7,"AIMC, Marco General de los Medios en España 2026, pág. 50 «Evolución de la audiencia de diarios (papel+visor digital) por título 2009-2025» (EGM): https://www.aimc.es/a1mc-c0nt3nt/uploads/2026/02/Marco_General_Medios_2026.pdf"
2016,Heraldo de Aragón,0.6,"AIMC, Marco General de los Medios en España 2026, pág. 50 «Evolución de la audiencia de diarios (papel+visor digital) por título 2009-2025» (EGM): https://www.aimc.es/a1mc-c0nt3nt/uploads/2026/02/Marco_General_Medios_2026.pdf"
2017,Heraldo de Aragón,0.6,"AIMC, Marco General de los Medios en España 2026, pág. 50 «Evolución de la audiencia de diarios (papel+visor digital) por título 2009-2025» (EGM): https://www.aimc.es/a1mc-c0nt3nt/uploads/2026/02/Marco_General_Medios_2026.pdf"
2018,Heraldo de Aragón,0.5,"AIMC, Marco General de los Medios en España 2026, pág. 50 «Evolución de la audiencia de diarios (papel+visor digital) por título 2009-2025» (EGM): https://www.aimc.es/a1mc-c0nt3nt/uploads/2026/02/Marco_General_Medios_2026.pdf"
2019,Heraldo de Aragón,0.5,"AIMC, Marco General de los Medios en España 2026, pág. 50 «Evolución de la audiencia de diarios (papel+visor digital) por título 2009-2025» (EGM): https://www.aimc.es/a1mc-c0nt3nt/uploads/2026/02/Marco_General_Medios_2026.pdf"
2020,Heraldo de Aragón,0.5,"AIMC, Marco General de los Medios en España 2026, pág. 50 «Evolución de la audiencia de diarios (papel+visor digital) por título 2009-2025» (EGM): https://www.aimc.es/a1mc-c0nt3nt/uploads/2026/02/Marco_General_Medios_2026.pdf"
2021,Heraldo de Aragón,0.3,"AIMC, Marco General de los Medios en España 2026, pág. 50 «Evolución de la audiencia de diarios (papel+visor digital) por título 2009-2025» (EGM): https://www.aimc.es/a1mc-c0nt3nt/uploads/2026/02/Marco_General_Medios_2026.pdf"
2022,Heraldo de Aragón,0.3,"AIMC, Marco General de los Medios en España 2026, pág. 50 «Evolución de la audiencia de diarios (papel+visor digital) por título 2009-2025» (EGM): https://www.aimc.es/a1mc-c0nt3nt/uploads/2026/02/Marco_General_Medios_2026.pdf"
2023,Heraldo de Aragón,0.3,"AIMC, Marco General de los Medios en España 2026, pág. 50 «Evolución de la audiencia de diarios (papel+visor digital) por título 2009-2025» (EGM): https://www.aimc.es/a1mc-c0nt3nt/uploads/2026/02/Marco_General_Medios_2026.pdf"
2024,Heraldo de Aragón,0.3,"AIMC, Marco General de los Medios en España 2026, pág. 50 «Evolución de la audiencia de diarios (papel+visor digital) por título 2009-2025» (EGM): https://www.aimc.es/a1mc-c0nt3nt/uploads/2026/02/Marco_General_Medios_2026.pdf"
2025,Heraldo de Aragón,0.3,"AIMC, Marco General de los Medios en España 2026, pág. 50 «Evolución de la audiencia de diarios (papel+visor digital) por título 2009-2025» (EGM): https://www.aimc.es/a1mc-c0nt3nt/uploads/2026/02/Marco_General_Medios_2026.pdf"
2009,Diario de Navarra,0.5,"AIMC, Marco General de los Medios en España 2026, pág. 50 «Evolución de la audiencia de diarios (papel+visor digital) por título 2009-2025» (EGM): https://www.aimc.es/a1mc-c0nt3nt/uploads/2026/02/Marco_General_Medios_2026.pdf"
2010,Diario de Navarra,0.5,"AIMC, Marco General de los Medios en España 2026, pág. 50 «Evolución de la audiencia de diarios (papel+visor digital) por título 2009-2025» (EGM): https://www.aimc.es/a1mc-c0nt3nt/uploads/2026/02/Marco_General_Medios_2026.pdf"
2011,Diario de Navarra,0.6,"AIMC, Marco General de los Medios en España 2026, pág. 50 «Evolución de la audiencia de diarios (papel+visor digital) por título 2009-2025» (EGM): https://www.aimc.es/a1mc-c0nt3nt/uploads/2026/02/Marco_General_Medios_2026.pdf"
2012,Diario de Navarra,0.5,"AIMC, Marco General de los Medios en España 2026, pág. 50 «Evolución de la audiencia de diarios (papel+visor digital) por título 2009-2025» (EGM): https://www.aimc.es/a1mc-c0nt3nt/uploads/2026/02/Marco_General_Medios_2026.pdf"
2013,Diario de Navarra,0.5,"AIMC, Marco General de los Medios en España 2026, pág. 50 «Evolución de la audiencia de diarios (papel+visor digital) por título 2009-2025» (EGM): https://www.aimc.es/a1mc-c0nt3nt/uploads/2026/02/Marco_General_Medios_2026.pdf"
2014,Diario de Navarra,0.5,"AIMC, Marco General de los Medios en España 2026, pág. 50 «Evolución de la audiencia de diarios (papel+visor digital) por título 2009-2025» (EGM): https://www.aimc.es/a1mc-c0nt3nt/uploads/2026/02/Marco_General_Medios_2026.pdf"
2015,Diario de Navarra,0.4,"AIMC, Marco General de los Medios en España 2026, pág. 50 «Evolución de la audiencia de diarios (papel+visor digital) por título 2009-2025» (EGM): https://www.aimc.es/a1mc-c0nt3nt/uploads/2026/02/Marco_General_Medios_2026.pdf"
2016,Diario de Navarra,0.4,"AIMC, Marco General de los Medios en España 2026, pág. 50 «Evolución de la audiencia de diarios (papel+visor digital) por título 2009-2025» (EGM): https://www.aimc.es/a1mc-c0nt3nt/uploads/2026/02/Marco_General_Medios_2026.pdf"
2017,Diario de Navarra,0.4,"AIMC, Marco General de los Medios en España 2026, pág. 50 «Evolución de la audiencia de diarios (papel+visor digital) por título 2009-2025» (EGM): https://www.aimc.es/a1mc-c0nt3nt/uploads/2026/02/Marco_General_Medios_2026.pdf"
2018,Diario de Navarra,0.4,"AIMC, Marco General de los Medios en España 2026, pág. 50 «Evolución de la audiencia de diarios (papel+visor digital) por título 2009-2025» (EGM): https://www.aimc.es/a1mc-c0nt3nt/uploads/2026/02/Marco_General_Medios_2026.pdf"
2019,Diario de Navarra,0.4,"AIMC, Marco General de los Medios en España 2026, pág. 50 «Evolución de la audiencia de diarios (papel+visor digital) por título 2009-2025» (EGM): https://www.aimc.es/a1mc-c0nt3nt/uploads/2026/02/Marco_General_Medios_2026.pdf"
2020,Diario de Navarra,0.3,"AIMC, Marco General de los Medios en España 2026, pág. 50 «Evolución de la audiencia de diarios (papel+visor digital) por título 2009-2025» (EGM): https://www.aimc.es/a1mc-c0nt3nt/uploads/2026/02/Marco_General_Medios_2026.pdf"
2021,Diario de Navarra,0.3,"AIMC, Marco General de los Medios en España 2026, pág. 50 «Evolución de la audiencia de diarios (papel+visor digital) por título 2009-2025» (EGM): https://www.aimc.es/a1mc-c0nt3nt/uploads/2026/02/Marco_General_Medios_2026.pdf"
2022,Diario de Navarra,0.2,"AIMC, Marco General de los Medios en España 2026, pág. 50 «Evolución de la audiencia de diarios (papel+visor digital) por título 2009-2025» (EGM): https://www.aimc.es/a1mc-c0nt3nt/uploads/2026/02/Marco_General_Medios_2026.pdf"
2023,Diario de Navarra,0.3,"AIMC, Marco General de los Medios en España 2026, pág. 50 «Evolución de la audiencia de diarios (papel+visor digital) por título 2009-2025» (EGM): https://www.aimc.es/a1mc-c0nt3nt/uploads/2026/02/Marco_General_Medios_2026.pdf"
2024,Diario de Navarra,0.3,"AIMC, Marco General de los Medios en España 2026, pág. 50 «Evolución de la audiencia de diarios (papel+visor digital) por título 2009-2025» (EGM): https://www.aimc.es/a1mc-c0nt3nt/uploads/2026/02/Marco_General_Medios_2026.pdf"
2025,Diario de Navarra,0.3,"AIMC, Marco General de los Medios en España 2026, pág. 50 «Evolución de la audiencia de diarios (papel+visor digital) por título 2009-2025» (EGM): https://www.aimc.es/a1mc-c0nt3nt/uploads/2026/02/Marco_General_Medios_2026.pdf"
2009,Última Hora,0.6,"AIMC, Marco General de los Medios en España 2026, pág. 50 «Evolución de la audiencia de diarios (papel+visor digital) por título 2009-2025» (EGM): https://www.aimc.es/a1mc-c0nt3nt/uploads/2026/02/Marco_General_Medios_2026.pdf"
2010,Última Hora,0.6,"AIMC, Marco General de los Medios en España 2026, pág. 50 «Evolución de la audiencia de diarios (papel+visor digital) por título 2009-2025» (EGM): https://www.aimc.es/a1mc-c0nt3nt/uploads/2026/02/Marco_General_Medios_2026.pdf"
2011,Última Hora,0.5,"AIMC, Marco General de los Medios en España 2026, pág. 50 «Evolución de la audiencia de diarios (papel+visor digital) por título 2009-2025» (EGM): https://www.aimc.es/a1mc-c0nt3nt/uploads/2026/02/Marco_General_Medios_2026.pdf"
2012,Última Hora,0.6,"AIMC, Marco General de los Medios en España 2026, pág. 50 «Evolución de la audiencia de diarios (papel+visor digital) por título 2009-2025» (EGM): https://www.aimc.es/a1mc-c0nt3nt/uploads/2026/02/Marco_General_Medios_2026.pdf"
2013,Última Hora,0.5,"AIMC, Marco General de los Medios en España 2026, pág. 50 «Evolución de la audiencia de diarios (papel+visor digital) por título 2009-2025» (EGM): https://www.aimc.es/a1mc-c0nt3nt/uploads/2026/02/Marco_General_Medios_2026.pdf"
2014,Última Hora,0.5,"AIMC, Marco General de los Medios en España 2026, pág. 50 «Evolución de la audiencia de diarios (papel+visor digital) por título 2009-2025» (EGM): https://www.aimc.es/a1mc-c0nt3nt/uploads/2026/02/Marco_General_Medios_2026.pdf"
2015,Última Hora,0.5,"AIMC, Marco General de los Medios en España 2026, pág. 50 «Evolución de la audiencia de diarios (papel+visor digital) por título 2009-2025» (EGM): https://www.aimc.es/a1mc-c0nt3nt/uploads/2026/02/Marco_General_Medios_2026.pdf"
2016,Última Hora,0.4,"AIMC, Marco General de los Medios en España 2026, pág. 50 «Evolución de la audiencia de diarios (papel+visor digital) por título 2009-2025» (EGM): https://www.aimc.es/a1mc-c0nt3nt/uploads/2026/02/Marco_General_Medios_2026.pdf"
2017,Última Hora,0.4,"AIMC, Marco General de los Medios en España 2026, pág. 50 «Evolución de la audiencia de diarios (papel+visor digital) por título 2009-2025» (EGM): https://www.aimc.es/a1mc-c0nt3nt/uploads/2026/02/Marco_General_Medios_2026.pdf"
2018,Última Hora,0.4,"AIMC, Marco General de los Medios en España 2026, pág. 50 «Evolución de la audiencia de diarios (papel+visor digital) por título 2009-2025» (EGM): https://www.aimc.es/a1mc-c0nt3nt/uploads/2026/02/Marco_General_Medios_2026.pdf"
2019,Última Hora,0.3,"AIMC, Marco General de los Medios en España 2026, pág. 50 «Evolución de la audiencia de diarios (papel+visor digital) por título 2009-2025» (EGM): https://www.aimc.es/a1mc-c0nt3nt/uploads/2026/02/Marco_General_Medios_2026.pdf"
2020,Última Hora,0.3,"AIMC, Marco General de los Medios en España 2026, pág. 50 «Evolución de la audiencia de diarios (papel+visor digital) por título 2009-2025» (EGM): https://www.aimc.es/a1mc-c0nt3nt/uploads/2026/02/Marco_General_Medios_2026.pdf"
2021,Última Hora,0.3,"AIMC, Marco General de los Medios en España 2026, pág. 50 «Evolución de la audiencia de diarios (papel+visor digital) por título 2009-2025» (EGM): https://www.aimc.es/a1mc-c0nt3nt/uploads/2026/02/Marco_General_Medios_2026.pdf"
2022,Última Hora,0.3,"AIMC, Marco General de los Medios en España 2026, pág. 50 «Evolución de la audiencia de diarios (papel+visor digital) por título 2009-2025» (EGM): https://www.aimc.es/a1mc-c0nt3nt/uploads/2026/02/Marco_General_Medios_2026.pdf"
2023,Última Hora,0.3,"AIMC, Marco General de los Medios en España 2026, pág. 50 «Evolución de la audiencia de diarios (papel+visor digital) por título 2009-2025» (EGM): https://www.aimc.es/a1mc-c0nt3nt/uploads/2026/02/Marco_General_Medios_2026.pdf"
2024,Última Hora,0.3,"AIMC, Marco General de los Medios en España 2026, pág. 50 «Evolución de la audiencia de diarios (papel+visor digital) por título 2009-2025» (EGM): https://www.aimc.es/a1mc-c0nt3nt/uploads/2026/02/Marco_General_Medios_2026.pdf"
2025,Última Hora,0.3,"AIMC, Marco General de los Medios en España 2026, pág. 50 «Evolución de la audiencia de diarios (papel+visor digital) por título 2009-2025» (EGM): https://www.aimc.es/a1mc-c0nt3nt/uploads/2026/02/Marco_General_Medios_2026.pdf"
2009,Expansión,0.5,"AIMC, Marco General de los Medios en España 2026, pág. 50 «Evolución de la audiencia de diarios (papel+visor digital) por título 2009-2025» (EGM): https://www.aimc.es/a1mc-c0nt3nt/uploads/2026/02/Marco_General_Medios_2026.pdf"
2010,Expansión,0.5,"AIMC, Marco General de los Medios en España 2026, pág. 50 «Evolución de la audiencia de diarios (papel+visor digital) por título 2009-2025» (EGM): https://www.aimc.es/a1mc-c0nt3nt/uploads/2026/02/Marco_General_Medios_2026.pdf"
2011,Expansión,0.4,"AIMC, Marco General de los Medios en España 2026, pág. 50 «Evolución de la audiencia de diarios (papel+visor digital) por título 2009-2025» (EGM): https://www.aimc.es/a1mc-c0nt3nt/uploads/2026/02/Marco_General_Medios_2026.pdf"
2012,Expansión,0.5,"AIMC, Marco General de los Medios en España 2026, pág. 50 «Evolución de la audiencia de diarios (papel+visor digital) por título 2009-2025» (EGM): https://www.aimc.es/a1mc-c0nt3nt/uploads/2026/02/Marco_General_Medios_2026.pdf"
2013,Expansión,0.5,"AIMC, Marco General de los Medios en España 2026, pág. 50 «Evolución de la audiencia de diarios (papel+visor digital) por título 2009-2025» (EGM): https://www.aimc.es/a1mc-c0nt3nt/uploads/2026/02/Marco_General_Medios_2026.pdf"
2014,Expansión,0.4,"AIMC, Marco General de los Medios en España 2026, pág. 50 «Evolución de la audiencia de diarios (papel+visor digital) por título 2009-2025» (EGM): https://www.aimc.es/a1mc-c0nt3nt/uploads/2026/02/Marco_General_Medios_2026.pdf"
2015,Expansión,0.4,"AIMC, Marco General de los Medios en España 2026, pág. 50 «Evolución de la audiencia de diarios (papel+visor digital) por título 2009-2025» (EGM): https://www.aimc.es/a1mc-c0nt3nt/uploads/2026/02/Marco_General_Medios_2026.pdf"
2016,Expansión,0.3,"AIMC, Marco General de los Medios en España 2026, pág. 50 «Evolución de la audiencia de diarios (papel+visor digital) por título 2009-2025» (EGM): https://www.aimc.es/a1mc-c0nt3nt/uploads/2026/02/Marco_General_Medios_2026.pdf"
2017,Expansión,0.3,"AIMC, Marco General de los Medios en España 2026, pág. 50 «Evolución de la audiencia de diarios (papel+visor digital) por título 2009-2025» (EGM): https://www.aimc.es/a1mc-c0nt3nt/uploads/2026/02/Marco_General_Medios_2026.pdf"
2018,Expansión,0.3,"AIMC, Marco General de los Medios en España 2026, pág. 50 «Evolución de la audiencia de diarios (papel+visor digital) por título 2009-2025» (EGM): https://www.aimc.es/a1mc-c0nt3nt/uploads/2026/02/Marco_General_Medios_2026.pdf"
2019,Expansión,0.3,"AIMC, Marco General de los Medios en España 2026, pág. 50 «Evolución de la audiencia de diarios (papel+visor digital) por título 2009-2025» (EGM): https://www.aimc.es/a1mc-c0nt3nt/uploads/2026/02/Marco_General_Medios_2026.pdf"
2020,Expansión,0.3,"AIMC, Marco General de los Medios en España 2026, pág. 50 «Evolución de la audiencia de diarios (papel+visor digital) por título 2009-2025» (EGM): https://www.aimc.es/a1mc-c0nt3nt/uploads/2026/02/Marco_General_Medios_2026.pdf"
2021,Expansión,0.3,"AIMC, Marco General de los Medios en España 2026, pág. 50 «Evolución de la audiencia de diarios (papel+visor digital) por título 2009-2025» (EGM): https://www.aimc.es/a1mc-c0nt3nt/uploads/2026/02/Marco_General_Medios_2026.pdf"
2022,Expansión,0.3,"AIMC, Marco General de los Medios en España 2026, pág. 50 «Evolución de la audiencia de diarios (papel+visor digital) por título 2009-2025» (EGM): https://www.aimc.es/a1mc-c0nt3nt/uploads/2026/02/Marco_General_Medios_2026.pdf"
2023,Expansión,0.3,"AIMC, Marco General de los Medios en España 2026, pág. 50 «Evolución de la audiencia de diarios (papel+visor digital) por título 2009-2025» (EGM): https://www.aimc.es/a1mc-c0nt3nt/uploads/2026/02/Marco_General_Medios_2026.pdf"
2024,Expansión,0.3,"AIMC, Marco General de los Medios en España 2026, pág. 50 «Evolución de la audiencia de diarios (papel+visor digital) por título 2009-2025» (EGM): https://www.aimc.es/a1mc-c0nt3nt/uploads/2026/02/Marco_General_Medios_2026.pdf"
2025,Expansión,0.3,"AIMC, Marco General de los Medios en España 2026, pág. 50 «Evolución de la audiencia de diarios (papel+visor digital) por título 2009-2025» (EGM): https://www.aimc.es/a1mc-c0nt3nt/uploads/2026/02/Marco_General_Medios_2026.pdf"
2009,El Diario Montañés,0.5,"AIMC, Marco General de los Medios en España 2026, pág. 50 «Evolución de la audiencia de diarios (papel+visor digital) por título 2009-2025» (EGM): https://www.aimc.es/a1mc-c0nt3nt/uploads/2026/02/Marco_General_Medios_2026.pdf"
2010,El Diario Montañés,0.4,"AIMC, Marco General de los Medios en España 2026, pág. 50 «Evolución de la audiencia de diarios (papel+visor digital) por título 2009-2025» (EGM): https://www.aimc.es/a1mc-c0nt3nt/uploads/2026/02/Marco_General_Medios_2026.pdf"
2011,El Diario Montañés,0.4,"AIMC, Marco General de los Medios en España 2026, pág. 50 «Evolución de la audiencia de diarios (papel+visor digital) por título 2009-2025» (EGM): https://www.aimc.es/a1mc-c0nt3nt/uploads/2026/02/Marco_General_Medios_2026.pdf"
2012,El Diario Montañés,0.5,"AIMC, Marco General de los Medios en España 2026, pág. 50 «Evolución de la audiencia de diarios (papel+visor digital) por título 2009-2025» (EGM): https://www.aimc.es/a1mc-c0nt3nt/uploads/2026/02/Marco_General_Medios_2026.pdf"
2013,El Diario Montañés,0.5,"AIMC, Marco General de los Medios en España 2026, pág. 50 «Evolución de la audiencia de diarios (papel+visor digital) por título 2009-2025» (EGM): https://www.aimc.es/a1mc-c0nt3nt/uploads/2026/02/Marco_General_Medios_2026.pdf"
2014,El Diario Montañés,0.4,"AIMC, Marco General de los Medios en España 2026, pág. 50 «Evolución de la audiencia de diarios (papel+visor digital) por título 2009-2025» (EGM): https://www.aimc.es/a1mc-c0nt3nt/uploads/2026/02/Marco_General_Medios_2026.pdf"
2015,El Diario Montañés,0.4,"AIMC, Marco General de los Medios en España 2026, pág. 50 «Evolución de la audiencia de diarios (papel+visor digital) por título 2009-2025» (EGM): https://www.aimc.es/a1mc-c0nt3nt/uploads/2026/02/Marco_General_Medios_2026.pdf"
2016,El Diario Montañés,0.4,"AIMC, Marco General de los Medios en España 2026, pág. 50 «Evolución de la audiencia de diarios (papel+visor digital) por título 2009-2025» (EGM): https://www.aimc.es/a1mc-c0nt3nt/uploads/2026/02/Marco_General_Medios_2026.pdf"
2017,El Diario Montañés,0.4,"AIMC, Marco General de los Medios en España 2026, pág. 50 «Evolución de la audiencia de diarios (papel+visor digital) por título 2009-2025» (EGM): https://www.aimc.es/a1mc-c0nt3nt/uploads/2026/02/Marco_General_Medios_2026.pdf"
2018,El Diario Montañés,0.4,"AIMC, Marco General de los Medios en España 2026, pág. 50 «Evolución de la audiencia de diarios (papel+visor digital) por título 2009-2025» (EGM): https://www.aimc.es/a1mc-c0nt3nt/uploads/2026/02/Marco_General_Medios_2026.pdf"
2019,El Diario Montañés,0.3,"AIMC, Marco General de los Medios en España 2026, pág. 50 «Evolución de la audiencia de diarios (papel+visor digital) por título 2009-2025» (EGM): https://www.aimc.es/a1mc-c0nt3nt/uploads/2026/02/Marco_General_Medios_2026.pdf"
2020,El Diario Montañés,0.3,"AIMC, Marco General de los Medios en España 2026, pág. 50 «Evolución de la audiencia de diarios (papel+visor digital) por título 2009-2025» (EGM): https://www.aimc.es/a1mc-c0nt3nt/uploads/2026/02/Marco_General_Medios_2026.pdf"
2021,El Diario Montañés,0.2,"AIMC, Marco General de los Medios en España 2026, pág. 50 «Evolución de la audiencia de diarios (papel+visor digital) por título 2009-2025» (EGM): https://www.aimc.es/a1mc-c0nt3nt/uploads/2026/02/Marco_General_Medios_2026.pdf"
2022,El Diario Montañés,0.2,"AIMC, Marco General de los Medios en España 2026, pág. 50 «Evolución de la audiencia de diarios (papel+visor digital) por título 2009-2025» (EGM): https://www.aimc.es/a1mc-c0nt3nt/uploads/2026/02/Marco_General_Medios_2026.pdf"
2023,El Diario Montañés,0.3,"AIMC, Marco General de los Medios en España 2026, pág. 50 «Evolución de la audiencia de diarios (papel+visor digital) por título 2009-2025» (EGM): https://www.aimc.es/a1mc-c0nt3nt/uploads/2026/02/Marco_General_Medios_2026.pdf"
2024,El Diario Montañés,0.2,"AIMC, Marco General de los Medios en España 2026, pág. 50 «Evolución de la audiencia de diarios (papel+visor digital) por título 2009-2025» (EGM): https://www.aimc.es/a1mc-c0nt3nt/uploads/2026/02/Marco_General_Medios_2026.pdf"
2025,El Diario Montañés,0.2,"AIMC, Marco General de los Medios en España 2026, pág. 50 «Evolución de la audiencia de diarios (papel+visor digital) por título 2009-2025» (EGM): https://www.aimc.es/a1mc-c0nt3nt/uploads/2026/02/Marco_General_Medios_2026.pdf"
2009,El Comercio,0.4,"AIMC, Marco General de los Medios en España 2026, pág. 50 «Evolución de la audiencia de diarios (papel+visor digital) por título 2009-2025» (EGM): https://www.aimc.es/a1mc-c0nt3nt/uploads/2026/02/Marco_General_Medios_2026.pdf"
2010,El Comercio,0.4,"AIMC, Marco General de los Medios en España 2026, pág. 50 «Evolución de la audiencia de diarios (papel+visor digital) por título 2009-2025» (EGM): https://www.aimc.es/a1mc-c0nt3nt/uploads/2026/02/Marco_General_Medios_2026.pdf"
2011,El Comercio,0.4,"AIMC, Marco General de los Medios en España 2026, pág. 50 «Evolución de la audiencia de diarios (papel+visor digital) por título 2009-2025» (EGM): https://www.aimc.es/a1mc-c0nt3nt/uploads/2026/02/Marco_General_Medios_2026.pdf"
2012,El Comercio,0.4,"AIMC, Marco General de los Medios en España 2026, pág. 50 «Evolución de la audiencia de diarios (papel+visor digital) por título 2009-2025» (EGM): https://www.aimc.es/a1mc-c0nt3nt/uploads/2026/02/Marco_General_Medios_2026.pdf"
2013,El Comercio,0.4,"AIMC, Marco General de los Medios en España 2026, pág. 50 «Evolución de la audiencia de diarios (papel+visor digital) por título 2009-2025» (EGM): https://www.aimc.es/a1mc-c0nt3nt/uploads/2026/02/Marco_General_Medios_2026.pdf"
2014,El Comercio,0.4,"AIMC, Marco General de los Medios en España 2026, pág. 50 «Evolución de la audiencia de diarios (papel+visor digital) por título 2009-2025» (EGM): https://www.aimc.es/a1mc-c0nt3nt/uploads/2026/02/Marco_General_Medios_2026.pdf"
2015,El Comercio,0.4,"AIMC, Marco General de los Medios en España 2026, pág. 50 «Evolución de la audiencia de diarios (papel+visor digital) por título 2009-2025» (EGM): https://www.aimc.es/a1mc-c0nt3nt/uploads/2026/02/Marco_General_Medios_2026.pdf"
2016,El Comercio,0.4,"AIMC, Marco General de los Medios en España 2026, pág. 50 «Evolución de la audiencia de diarios (papel+visor digital) por título 2009-2025» (EGM): https://www.aimc.es/a1mc-c0nt3nt/uploads/2026/02/Marco_General_Medios_2026.pdf"
2017,El Comercio,0.4,"AIMC, Marco General de los Medios en España 2026, pág. 50 «Evolución de la audiencia de diarios (papel+visor digital) por título 2009-2025» (EGM): https://www.aimc.es/a1mc-c0nt3nt/uploads/2026/02/Marco_General_Medios_2026.pdf"
2018,El Comercio,0.4,"AIMC, Marco General de los Medios en España 2026, pág. 50 «Evolución de la audiencia de diarios (papel+visor digital) por título 2009-2025» (EGM): https://www.aimc.es/a1mc-c0nt3nt/uploads/2026/02/Marco_General_Medios_2026.pdf"
2019,El Comercio,0.4,"AIMC, Marco General de los Medios en España 2026, pág. 50 «Evolución de la audiencia de diarios (papel+visor digital) por título 2009-2025» (EGM): https://www.aimc.es/a1mc-c0nt3nt/uploads/2026/02/Marco_General_Medios_2026.pdf"
2020,El Comercio,0.3,"AIMC, Marco General de los Medios en España 2026, pág. 50 «Evolución de la audiencia de diarios (papel+visor digital) por título 2009-2025» (EGM): https://www.aimc.es/a1mc-c0nt3nt/uploads/2026/02/Marco_General_Medios_2026.pdf"
2021,El Comercio,0.2,"AIMC, Marco General de los Medios en España 2026, pág. 50 «Evolución de la audiencia de diarios (papel+visor digital) por título 2009-2025» (EGM): https://www.aimc.es/a1mc-c0nt3nt/uploads/2026/02/Marco_General_Medios_2026.pdf"
2022,El Comercio,0.2,"AIMC, Marco General de los Medios en España 2026, pág. 50 «Evolución de la audiencia de diarios (papel+visor digital) por título 2009-2025» (EGM): https://www.aimc.es/a1mc-c0nt3nt/uploads/2026/02/Marco_General_Medios_2026.pdf"
2023,El Comercio,0.2,"AIMC, Marco General de los Medios en España 2026, pág. 50 «Evolución de la audiencia de diarios (papel+visor digital) por título 2009-2025» (EGM): https://www.aimc.es/a1mc-c0nt3nt/uploads/2026/02/Marco_General_Medios_2026.pdf"
2024,El Comercio,0.2,"AIMC, Marco General de los Medios en España 2026, pág. 50 «Evolución de la audiencia de diarios (papel+visor digital) por título 2009-2025» (EGM): https://www.aimc.es/a1mc-c0nt3nt/uploads/2026/02/Marco_General_Medios_2026.pdf"
2025,El Comercio,0.2,"AIMC, Marco General de los Medios en España 2026, pág. 50 «Evolución de la audiencia de diarios (papel+visor digital) por título 2009-2025» (EGM): https://www.aimc.es/a1mc-c0nt3nt/uploads/2026/02/Marco_General_Medios_2026.pdf"
2009,Levante,0.7,"AIMC, Marco General de los Medios en España 2026, pág. 50 «Evolución de la audiencia de diarios (papel+visor digital) por título 2009-2025» (EGM): https://www.aimc.es/a1mc-c0nt3nt/uploads/2026/02/Marco_General_Medios_2026.pdf"
2010,Levante,0.7,"AIMC, Marco General de los Medios en España 2026, pág. 50 «Evolución de la audiencia de diarios (papel+visor digital) por título 2009-2025» (EGM): https://www.aimc.es/a1mc-c0nt3nt/uploads/2026/02/Marco_General_Medios_2026.pdf"
2011,Levante,0.7,"AIMC, Marco General de los Medios en España 2026, pág. 50 «Evolución de la audiencia de diarios (papel+visor digital) por título 2009-2025» (EGM): https://www.aimc.es/a1mc-c0nt3nt/uploads/2026/02/Marco_General_Medios_2026.pdf"
2012,Levante,0.7,"AIMC, Marco General de los Medios en España 2026, pág. 50 «Evolución de la audiencia de diarios (papel+visor digital) por título 2009-2025» (EGM): https://www.aimc.es/a1mc-c0nt3nt/uploads/2026/02/Marco_General_Medios_2026.pdf"
2013,Levante,0.8,"AIMC, Marco General de los Medios en España 2026, pág. 50 «Evolución de la audiencia de diarios (papel+visor digital) por título 2009-2025» (EGM): https://www.aimc.es/a1mc-c0nt3nt/uploads/2026/02/Marco_General_Medios_2026.pdf"
2014,Levante,0.7,"AIMC, Marco General de los Medios en España 2026, pág. 50 «Evolución de la audiencia de diarios (papel+visor digital) por título 2009-2025» (EGM): https://www.aimc.es/a1mc-c0nt3nt/uploads/2026/02/Marco_General_Medios_2026.pdf"
2015,Levante,0.7,"AIMC, Marco General de los Medios en España 2026, pág. 50 «Evolución de la audiencia de diarios (papel+visor digital) por título 2009-2025» (EGM): https://www.aimc.es/a1mc-c0nt3nt/uploads/2026/02/Marco_General_Medios_2026.pdf"
2016,Levante,0.7,"AIMC, Marco General de los Medios en España 2026, pág. 50 «Evolución de la audiencia de diarios (papel+visor digital) por título 2009-2025» (EGM): https://www.aimc.es/a1mc-c0nt3nt/uploads/2026/02/Marco_General_Medios_2026.pdf"
2017,Levante,0.6,"AIMC, Marco General de los Medios en España 2026, pág. 50 «Evolución de la audiencia de diarios (papel+visor digital) por título 2009-2025» (EGM): https://www.aimc.es/a1mc-c0nt3nt/uploads/2026/02/Marco_General_Medios_2026.pdf"
2018,Levante,0.5,"AIMC, Marco General de los Medios en España 2026, pág. 50 «Evolución de la audiencia de diarios (papel+visor digital) por título 2009-2025» (EGM): https://www.aimc.es/a1mc-c0nt3nt/uploads/2026/02/Marco_General_Medios_2026.pdf"
2019,Levante,0.5,"AIMC, Marco General de los Medios en España 2026, pág. 50 «Evolución de la audiencia de diarios (papel+visor digital) por título 2009-2025» (EGM): https://www.aimc.es/a1mc-c0nt3nt/uploads/2026/02/Marco_General_Medios_2026.pdf"
2020,Levante,0.4,"AIMC, Marco General de los Medios en España 2026, pág. 50 «Evolución de la audiencia de diarios (papel+visor digital) por título 2009-2025» (EGM): https://www.aimc.es/a1mc-c0nt3nt/uploads/2026/02/Marco_General_Medios_2026.pdf"
2021,Levante,0.3,"AIMC, Marco General de los Medios en España 2026, pág. 50 «Evolución de la audiencia de diarios (papel+visor digital) por título 2009-2025» (EGM): https://www.aimc.es/a1mc-c0nt3nt/uploads/2026/02/Marco_General_Medios_2026.pdf"
2022,Levante,0.2,"AIMC, Marco General de los Medios en España 2026, pág. 50 «Evolución de la audiencia de diarios (papel+visor digital) por título 2009-2025» (EGM): https://www.aimc.es/a1mc-c0nt3nt/uploads/2026/02/Marco_General_Medios_2026.pdf"
2023,Levante,0.2,"AIMC, Marco General de los Medios en España 2026, pág. 50 «Evolución de la audiencia de diarios (papel+visor digital) por título 2009-2025» (EGM): https://www.aimc.es/a1mc-c0nt3nt/uploads/2026/02/Marco_General_Medios_2026.pdf"
2024,Levante,0.2,"AIMC, Marco General de los Medios en España 2026, pág. 50 «Evolución de la audiencia de diarios (papel+visor digital) por título 2009-2025» (EGM): https://www.aimc.es/a1mc-c0nt3nt/uploads/2026/02/Marco_General_Medios_2026.pdf"
2025,Levante,0.2,"AIMC, Marco General de los Medios en España 2026, pág. 50 «Evolución de la audiencia de diarios (papel+visor digital) por título 2009-2025» (EGM): https://www.aimc.es/a1mc-c0nt3nt/uploads/2026/02/Marco_General_Medios_2026.pdf"
2009,Diario de Noticias,0.3,"AIMC, Marco General de los Medios en España 2026, pág. 50 «Evolución de la audiencia de diarios (papel+visor digital) por título 2009-2025» (EGM): https://www.aimc.es/a1mc-c0nt3nt/uploads/2026/02/Marco_General_Medios_2026.pdf"
2010,Diario de Noticias,0.2,"AIMC, Marco General de los Medios en España 2026, pág. 50 «Evolución de la audiencia de diarios (papel+visor digital) por título 2009-2025» (EGM): https://www.aimc.es/a1mc-c0nt3nt/uploads/2026/02/Marco_General_Medios_2026.pdf"
2011,Diario de Noticias,0.2,"AIMC, Marco General de los Medios en España 2026, pág. 50 «Evolución de la audiencia de diarios (papel+visor digital) por título 2009-2025» (EGM): https://www.aimc.es/a1mc-c0nt3nt/uploads/2026/02/Marco_General_Medios_2026.pdf"
2012,Diario de Noticias,0.2,"AIMC, Marco General de los Medios en España 2026, pág. 50 «Evolución de la audiencia de diarios (papel+visor digital) por título 2009-2025» (EGM): https://www.aimc.es/a1mc-c0nt3nt/uploads/2026/02/Marco_General_Medios_2026.pdf"
2013,Diario de Noticias,0.2,"AIMC, Marco General de los Medios en España 2026, pág. 50 «Evolución de la audiencia de diarios (papel+visor digital) por título 2009-2025» (EGM): https://www.aimc.es/a1mc-c0nt3nt/uploads/2026/02/Marco_General_Medios_2026.pdf"
2014,Diario de Noticias,0.2,"AIMC, Marco General de los Medios en España 2026, pág. 50 «Evolución de la audiencia de diarios (papel+visor digital) por título 2009-2025» (EGM): https://www.aimc.es/a1mc-c0nt3nt/uploads/2026/02/Marco_General_Medios_2026.pdf"
2015,Diario de Noticias,0.2,"AIMC, Marco General de los Medios en España 2026, pág. 50 «Evolución de la audiencia de diarios (papel+visor digital) por título 2009-2025» (EGM): https://www.aimc.es/a1mc-c0nt3nt/uploads/2026/02/Marco_General_Medios_2026.pdf"
2016,Diario de Noticias,0.2,"AIMC, Marco General de los Medios en España 2026, pág. 50 «Evolución de la audiencia de diarios (papel+visor digital) por título 2009-2025» (EGM): https://www.aimc.es/a1mc-c0nt3nt/uploads/2026/02/Marco_General_Medios_2026.pdf"
2017,Diario de Noticias,0.2,"AIMC, Marco General de los Medios en España 2026, pág. 50 «Evolución de la audiencia de diarios (papel+visor digital) por título 2009-2025» (EGM): https://www.aimc.es/a1mc-c0nt3nt/uploads/2026/02/Marco_General_Medios_2026.pdf"
2018,Diario de Noticias,0.2,"AIMC, Marco General de los Medios en España 2026, pág. 50 «Evolución de la audiencia de diarios (papel+visor digital) por título 2009-2025» (EGM): https://www.aimc.es/a1mc-c0nt3nt/uploads/2026/02/Marco_General_Medios_2026.pdf"
2019,Diario de Noticias,0.2,"AIMC, Marco General de los Medios en España 2026, pág. 50 «Evolución de la audiencia de diarios (papel+visor digital) por título 2009-2025» (EGM): https://www.aimc.es/a1mc-c0nt3nt/uploads/2026/02/Marco_General_Medios_2026.pdf"
2020,Diario de Noticias,0.1,"AIMC, Marco General de los Medios en España 2026, pág. 50 «Evolución de la audiencia de diarios (papel+visor digital) por título 2009-2025» (EGM): https://www.aimc.es/a1mc-c0nt3nt/uploads/2026/02/Marco_General_Medios_2026.pdf"
2021,Diario de Noticias,0.1,"AIMC, Marco General de los Medios en España 2026, pág. 50 «Evolución de la audiencia de diarios (papel+visor digital) por título 2009-2025» (EGM): https://www.aimc.es/a1mc-c0nt3nt/uploads/2026/02/Marco_General_Medios_2026.pdf"
2022,Diario de Noticias,0.1,"AIMC, Marco General de los Medios en España 2026, pág. 50 «Evolución de la audiencia de diarios (papel+visor digital) por título 2009-2025» (EGM): https://www.aimc.es/a1mc-c0nt3nt/uploads/2026/02/Marco_General_Medios_2026.pdf"
2023,Diario de Noticias,0.1,"AIMC, Marco General de los Medios en España 2026, pág. 50 «Evolución de la audiencia de diarios (papel+visor digital) por título 2009-2025» (EGM): https://www.aimc.es/a1mc-c0nt3nt/uploads/2026/02/Marco_General_Medios_2026.pdf"
2024,Diario de Noticias,0.2,"AIMC, Marco General de los Medios en España 2026, pág. 50 «Evolución de la audiencia de diarios (papel+visor digital) por título 2009-2025» (EGM): https://www.aimc.es/a1mc-c0nt3nt/uploads/2026/02/Marco_General_Medios_2026.pdf"
2025,Diario de Noticias,0.2,"AIMC, Marco General de los Medios en España 2026, pág. 50 «Evolución de la audiencia de diarios (papel+visor digital) por título 2009-2025» (EGM): https://www.aimc.es/a1mc-c0nt3nt/uploads/2026/02/Marco_General_Medios_2026.pdf"
2009,Diario de Mallorca,0.3,"AIMC, Marco General de los Medios en España 2026, pág. 50 «Evolución de la audiencia de diarios (papel+visor digital) por título 2009-2025» (EGM): https://www.aimc.es/a1mc-c0nt3nt/uploads/2026/02/Marco_General_Medios_2026.pdf"
2010,Diario de Mallorca,0.3,"AIMC, Marco General de los Medios en España 2026, pág. 50 «Evolución de la audiencia de diarios (papel+visor digital) por título 2009-2025» (EGM): https://www.aimc.es/a1mc-c0nt3nt/uploads/2026/02/Marco_General_Medios_2026.pdf"
2011,Diario de Mallorca,0.3,"AIMC, Marco General de los Medios en España 2026, pág. 50 «Evolución de la audiencia de diarios (papel+visor digital) por título 2009-2025» (EGM): https://www.aimc.es/a1mc-c0nt3nt/uploads/2026/02/Marco_General_Medios_2026.pdf"
2012,Diario de Mallorca,0.3,"AIMC, Marco General de los Medios en España 2026, pág. 50 «Evolución de la audiencia de diarios (papel+visor digital) por título 2009-2025» (EGM): https://www.aimc.es/a1mc-c0nt3nt/uploads/2026/02/Marco_General_Medios_2026.pdf"
2013,Diario de Mallorca,0.3,"AIMC, Marco General de los Medios en España 2026, pág. 50 «Evolución de la audiencia de diarios (papel+visor digital) por título 2009-2025» (EGM): https://www.aimc.es/a1mc-c0nt3nt/uploads/2026/02/Marco_General_Medios_2026.pdf"
2014,Diario de Mallorca,0.2,"AIMC, Marco General de los Medios en España 2026, pág. 50 «Evolución de la audiencia de diarios (papel+visor digital) por título 2009-2025» (EGM): https://www.aimc.es/a1mc-c0nt3nt/uploads/2026/02/Marco_General_Medios_2026.pdf"
2015,Diario de Mallorca,0.2,"AIMC, Marco General de los Medios en España 2026, pág. 50 «Evolución de la audiencia de diarios (papel+visor digital) por título 2009-2025» (EGM): https://www.aimc.es/a1mc-c0nt3nt/uploads/2026/02/Marco_General_Medios_2026.pdf"
2016,Diario de Mallorca,0.2,"AIMC, Marco General de los Medios en España 2026, pág. 50 «Evolución de la audiencia de diarios (papel+visor digital) por título 2009-2025» (EGM): https://www.aimc.es/a1mc-c0nt3nt/uploads/2026/02/Marco_General_Medios_2026.pdf"
2017,Diario de Mallorca,0.2,"AIMC, Marco General de los Medios en España 2026, pág. 50 «Evolución de la audiencia de diarios (papel+visor digital) por título 2009-2025» (EGM): https://www.aimc.es/a1mc-c0nt3nt/uploads/2026/02/Marco_General_Medios_2026.pdf"
2018,Diario de Mallorca,0.2,"AIMC, Marco General de los Medios en España 2026, pág. 50 «Evolución de la audiencia de diarios (papel+visor digital) por título 2009-2025» (EGM): https://www.aimc.es/a1mc-c0nt3nt/uploads/2026/02/Marco_General_Medios_2026.pdf"
2019,Diario de Mallorca,0.2,"AIMC, Marco General de los Medios en España 2026, pág. 50 «Evolución de la audiencia de diarios (papel+visor digital) por título 2009-2025» (EGM): https://www.aimc.es/a1mc-c0nt3nt/uploads/2026/02/Marco_General_Medios_2026.pdf"
2020,Diario de Mallorca,0.2,"AIMC, Marco General de los Medios en España 2026, pág. 50 «Evolución de la audiencia de diarios (papel+visor digital) por título 2009-2025» (EGM): https://www.aimc.es/a1mc-c0nt3nt/uploads/2026/02/Marco_General_Medios_2026.pdf"
2021,Diario de Mallorca,0.2,"AIMC, Marco General de los Medios en España 2026, pág. 50 «Evolución de la audiencia de diarios (papel+visor digital) por título 2009-2025» (EGM): https://www.aimc.es/a1mc-c0nt3nt/uploads/2026/02/Marco_General_Medios_2026.pdf"
2022,Diario de Mallorca,0.2,"AIMC, Marco General de los Medios en España 2026, pág. 50 «Evolución de la audiencia de diarios (papel+visor digital) por título 2009-2025» (EGM): https://www.aimc.es/a1mc-c0nt3nt/uploads/2026/02/Marco_General_Medios_2026.pdf"
2023,Diario de Mallorca,0.2,"AIMC, Marco General de los Medios en España 2026, pág. 50 «Evolución de la audiencia de diarios (papel+visor digital) por título 2009-2025» (EGM): https://www.aimc.es/a1mc-c0nt3nt/uploads/2026/02/Marco_General_Medios_2026.pdf"
2024,Diario de Mallorca,0.2,"AIMC, Marco General de los Medios en España 2026, pág. 50 «Evolución de la audiencia de diarios (papel+visor digital) por título 2009-2025» (EGM): https://www.aimc.es/a1mc-c0nt3nt/uploads/2026/02/Marco_General_Medios_2026.pdf"
2025,Diario de Mallorca,0.2,"AIMC, Marco General de los Medios en España 2026, pág. 50 «Evolución de la audiencia de diarios (papel+visor digital) por título 2009-2025» (EGM): https://www.aimc.es/a1mc-c0nt3nt/uploads/2026/02/Marco_General_Medios_2026.pdf"
2009,Diario de León,0.3,"AIMC, Marco General de los Medios en España 2026, pág. 50 «Evolución de la audiencia de diarios (papel+visor digital) por título 2009-2025» (EGM): https://www.aimc.es/a1mc-c0nt3nt/uploads/2026/02/Marco_General_Medios_2026.pdf"
2010,Diario de León,0.3,"AIMC, Marco General de los Medios en España 2026, pág. 50 «Evolución de la audiencia de diarios (papel+visor digital) por título 2009-2025» (EGM): https://www.aimc.es/a1mc-c0nt3nt/uploads/2026/02/Marco_General_Medios_2026.pdf"
2011,Diario de León,0.3,"AIMC, Marco General de los Medios en España 2026, pág. 50 «Evolución de la audiencia de diarios (papel+visor digital) por título 2009-2025» (EGM): https://www.aimc.es/a1mc-c0nt3nt/uploads/2026/02/Marco_General_Medios_2026.pdf"
2012,Diario de León,0.4,"AIMC, Marco General de los Medios en España 2026, pág. 50 «Evolución de la audiencia de diarios (papel+visor digital) por título 2009-2025» (EGM): https://www.aimc.es/a1mc-c0nt3nt/uploads/2026/02/Marco_General_Medios_2026.pdf"
2013,Diario de León,0.3,"AIMC, Marco General de los Medios en España 2026, pág. 50 «Evolución de la audiencia de diarios (papel+visor digital) por título 2009-2025» (EGM): https://www.aimc.es/a1mc-c0nt3nt/uploads/2026/02/Marco_General_Medios_2026.pdf"
2014,Diario de León,0.4,"AIMC, Marco General de los Medios en España 2026, pág. 50 «Evolución de la audiencia de diarios (papel+visor digital) por título 2009-2025» (EGM): https://www.aimc.es/a1mc-c0nt3nt/uploads/2026/02/Marco_General_Medios_2026.pdf"
2015,Diario de León,0.3,"AIMC, Marco General de los Medios en España 2026, pág. 50 «Evolución de la audiencia de diarios (papel+visor digital) por título 2009-2025» (EGM): https://www.aimc.es/a1mc-c0nt3nt/uploads/2026/02/Marco_General_Medios_2026.pdf"
2016,Diario de León,0.3,"AIMC, Marco General de los Medios en España 2026, pág. 50 «Evolución de la audiencia de diarios (papel+visor digital) por título 2009-2025» (EGM): https://www.aimc.es/a1mc-c0nt3nt/uploads/2026/02/Marco_General_Medios_2026.pdf"
2017,Diario de León,0.3,"AIMC, Marco General de los Medios en España 2026, pág. 50 «Evolución de la audiencia de diarios (papel+visor digital) por título 2009-2025» (EGM): https://www.aimc.es/a1mc-c0nt3nt/uploads/2026/02/Marco_General_Medios_2026.pdf"
2018,Diario de León,0.3,"AIMC, Marco General de los Medios en España 2026, pág. 50 «Evolución de la audiencia de diarios (papel+visor digital) por título 2009-2025» (EGM): https://www.aimc.es/a1mc-c0nt3nt/uploads/2026/02/Marco_General_Medios_2026.pdf"
2019,Diario de León,0.2,"AIMC, Marco General de los Medios en España 2026, pág. 50 «Evolución de la audiencia de diarios (papel+visor digital) por título 2009-2025» (EGM): https://www.aimc.es/a1mc-c0nt3nt/uploads/2026/02/Marco_General_Medios_2026.pdf"
2020,Diario de León,0.2,"AIMC, Marco General de los Medios en España 2026, pág. 50 «Evolución de la audiencia de diarios (papel+visor digital) por título 2009-2025» (EGM): https://www.aimc.es/a1mc-c0nt3nt/uploads/2026/02/Marco_General_Medios_2026.pdf"
2021,Diario de León,0.1,"AIMC, Marco General de los Medios en España 2026, pág. 50 «Evolución de la audiencia de diarios (papel+visor digital) por título 2009-2025» (EGM): https://www.aimc.es/a1mc-c0nt3nt/uploads/2026/02/Marco_General_Medios_2026.pdf"
2022,Diario de León,0.1,"AIMC, Marco General de los Medios en España 2026, pág. 50 «Evolución de la audiencia de diarios (papel+visor digital) por título 2009-2025» (EGM): https://www.aimc.es/a1mc-c0nt3nt/uploads/2026/02/Marco_General_Medios_2026.pdf"
2023,Diario de León,0.1,"AIMC, Marco General de los Medios en España 2026, pág. 50 «Evolución de la audiencia de diarios (papel+visor digital) por título 2009-2025» (EGM): https://www.aimc.es/a1mc-c0nt3nt/uploads/2026/02/Marco_General_Medios_2026.pdf"
2024,Diario de León,0.1,"AIMC, Marco General de los Medios en España 2026, pág. 50 «Evolución de la audiencia de diarios (papel+visor digital) por título 2009-2025» (EGM): https://www.aimc.es/a1mc-c0nt3nt/uploads/2026/02/Marco_General_Medios_2026.pdf"
2025,Diario de León,0.2,"AIMC, Marco General de los Medios en España 2026, pág. 50 «Evolución de la audiencia de diarios (papel+visor digital) por título 2009-2025» (EGM): https://www.aimc.es/a1mc-c0nt3nt/uploads/2026/02/Marco_General_Medios_2026.pdf"
2009,La Verdad,0.7,"AIMC, Marco General de los Medios en España 2026, pág. 50 «Evolución de la audiencia de diarios (papel+visor digital) por título 2009-2025» (EGM): https://www.aimc.es/a1mc-c0nt3nt/uploads/2026/02/Marco_General_Medios_2026.pdf"
2010,La Verdad,0.6,"AIMC, Marco General de los Medios en España 2026, pág. 50 «Evolución de la audiencia de diarios (papel+visor digital) por título 2009-2025» (EGM): https://www.aimc.es/a1mc-c0nt3nt/uploads/2026/02/Marco_General_Medios_2026.pdf"
2011,La Verdad,0.7,"AIMC, Marco General de los Medios en España 2026, pág. 50 «Evolución de la audiencia de diarios (papel+visor digital) por título 2009-2025» (EGM): https://www.aimc.es/a1mc-c0nt3nt/uploads/2026/02/Marco_General_Medios_2026.pdf"
2012,La Verdad,0.7,"AIMC, Marco General de los Medios en España 2026, pág. 50 «Evolución de la audiencia de diarios (papel+visor digital) por título 2009-2025» (EGM): https://www.aimc.es/a1mc-c0nt3nt/uploads/2026/02/Marco_General_Medios_2026.pdf"
2013,La Verdad,0.5,"AIMC, Marco General de los Medios en España 2026, pág. 50 «Evolución de la audiencia de diarios (papel+visor digital) por título 2009-2025» (EGM): https://www.aimc.es/a1mc-c0nt3nt/uploads/2026/02/Marco_General_Medios_2026.pdf"
2014,La Verdad,0.5,"AIMC, Marco General de los Medios en España 2026, pág. 50 «Evolución de la audiencia de diarios (papel+visor digital) por título 2009-2025» (EGM): https://www.aimc.es/a1mc-c0nt3nt/uploads/2026/02/Marco_General_Medios_2026.pdf"
2015,La Verdad,0.5,"AIMC, Marco General de los Medios en España 2026, pág. 50 «Evolución de la audiencia de diarios (papel+visor digital) por título 2009-2025» (EGM): https://www.aimc.es/a1mc-c0nt3nt/uploads/2026/02/Marco_General_Medios_2026.pdf"
2016,La Verdad,0.5,"AIMC, Marco General de los Medios en España 2026, pág. 50 «Evolución de la audiencia de diarios (papel+visor digital) por título 2009-2025» (EGM): https://www.aimc.es/a1mc-c0nt3nt/uploads/2026/02/Marco_General_Medios_2026.pdf"
2017,La Verdad,0.4,"AIMC, Marco General de los Medios en España 2026, pág. 50 «Evolución de la audiencia de diarios (papel+visor digital) por título 2009-2025» (EGM): https://www.aimc.es/a1mc-c0nt3nt/uploads/2026/02/Marco_General_Medios_2026.pdf"
2018,La Verdad,0.3,"AIMC, Marco General de los Medios en España 2026, pág. 50 «Evolución de la audiencia de diarios (papel+visor digital) por título 2009-2025» (EGM): https://www.aimc.es/a1mc-c0nt3nt/uploads/2026/02/Marco_General_Medios_2026.pdf"
2019,La Verdad,0.4,"AIMC, Marco General de los Medios en España 2026, pág. 50 «Evolución de la audiencia de diarios (papel+visor digital) por título 2009-2025» (EGM): https://www.aimc.es/a1mc-c0nt3nt/uploads/2026/02/Marco_General_Medios_2026.pdf"
2020,La Verdad,0.3,"AIMC, Marco General de los Medios en España 2026, pág. 50 «Evolución de la audiencia de diarios (papel+visor digital) por título 2009-2025» (EGM): https://www.aimc.es/a1mc-c0nt3nt/uploads/2026/02/Marco_General_Medios_2026.pdf"
2021,La Verdad,0.2,"AIMC, Marco General de los Medios en España 2026, pág. 50 «Evolución de la audiencia de diarios (papel+visor digital) por título 2009-2025» (EGM): https://www.aimc.es/a1mc-c0nt3nt/uploads/2026/02/Marco_General_Medios_2026.pdf"
2022,La Verdad,0.2,"AIMC, Marco General de los Medios en España 2026, pág. 50 «Evolución de la audiencia de diarios (papel+visor digital) por título 2009-2025» (EGM): https://www.aimc.es/a1mc-c0nt3nt/uploads/2026/02/Marco_General_Medios_2026.pdf"
2023,La Verdad,0.2,"AIMC, Marco General de los Medios en España 2026, pág. 50 «Evolución de la audiencia de diarios (papel+visor digital) por título 2009-2025» (EGM): https://www.aimc.es/a1mc-c0nt3nt/uploads/2026/02/Marco_General_Medios_2026.pdf"
2024,La Verdad,0.2,"AIMC, Marco General de los Medios en España 2026, pág. 50 «Evolución de la audiencia de diarios (papel+visor digital) por título 2009-2025» (EGM): https://www.aimc.es/a1mc-c0nt3nt/uploads/2026/02/Marco_General_Medios_2026.pdf"
2025,La Verdad,0.1,"AIMC, Marco General de los Medios en España 2026, pág. 50 «Evolución de la audiencia de diarios (papel+visor digital) por título 2009-2025» (EGM): https://www.aimc.es/a1mc-c0nt3nt/uploads/2026/02/Marco_General_Medios_2026.pdf"
2009,El Norte de Castilla,0.6,"AIMC, Marco General de los Medios en España 2026, pág. 50 «Evolución de la audiencia de diarios (papel+visor digital) por título 2009-2025» (EGM): https://www.aimc.es/a1mc-c0nt3nt/uploads/2026/02/Marco_General_Medios_2026.pdf"
2010,El Norte de Castilla,0.5,"AIMC, Marco General de los Medios en España 2026, pág. 50 «Evolución de la audiencia de diarios (papel+visor digital) por título 2009-2025» (EGM): https://www.aimc.es/a1mc-c0nt3nt/uploads/2026/02/Marco_General_Medios_2026.pdf"
2011,El Norte de Castilla,0.5,"AIMC, Marco General de los Medios en España 2026, pág. 50 «Evolución de la audiencia de diarios (papel+visor digital) por título 2009-2025» (EGM): https://www.aimc.es/a1mc-c0nt3nt/uploads/2026/02/Marco_General_Medios_2026.pdf"
2012,El Norte de Castilla,0.5,"AIMC, Marco General de los Medios en España 2026, pág. 50 «Evolución de la audiencia de diarios (papel+visor digital) por título 2009-2025» (EGM): https://www.aimc.es/a1mc-c0nt3nt/uploads/2026/02/Marco_General_Medios_2026.pdf"
2013,El Norte de Castilla,0.5,"AIMC, Marco General de los Medios en España 2026, pág. 50 «Evolución de la audiencia de diarios (papel+visor digital) por título 2009-2025» (EGM): https://www.aimc.es/a1mc-c0nt3nt/uploads/2026/02/Marco_General_Medios_2026.pdf"
2014,El Norte de Castilla,0.5,"AIMC, Marco General de los Medios en España 2026, pág. 50 «Evolución de la audiencia de diarios (papel+visor digital) por título 2009-2025» (EGM): https://www.aimc.es/a1mc-c0nt3nt/uploads/2026/02/Marco_General_Medios_2026.pdf"
2015,El Norte de Castilla,0.5,"AIMC, Marco General de los Medios en España 2026, pág. 50 «Evolución de la audiencia de diarios (papel+visor digital) por título 2009-2025» (EGM): https://www.aimc.es/a1mc-c0nt3nt/uploads/2026/02/Marco_General_Medios_2026.pdf"
2016,El Norte de Castilla,0.5,"AIMC, Marco General de los Medios en España 2026, pág. 50 «Evolución de la audiencia de diarios (papel+visor digital) por título 2009-2025» (EGM): https://www.aimc.es/a1mc-c0nt3nt/uploads/2026/02/Marco_General_Medios_2026.pdf"
2017,El Norte de Castilla,0.4,"AIMC, Marco General de los Medios en España 2026, pág. 50 «Evolución de la audiencia de diarios (papel+visor digital) por título 2009-2025» (EGM): https://www.aimc.es/a1mc-c0nt3nt/uploads/2026/02/Marco_General_Medios_2026.pdf"
2018,El Norte de Castilla,0.4,"AIMC, Marco General de los Medios en España 2026, pág. 50 «Evolución de la audiencia de diarios (papel+visor digital) por título 2009-2025» (EGM): https://www.aimc.es/a1mc-c0nt3nt/uploads/2026/02/Marco_General_Medios_2026.pdf"
2019,El Norte de Castilla,0.4,"AIMC, Marco General de los Medios en España 2026, pág. 50 «Evolución de la audiencia de diarios (papel+visor digital) por título 2009-2025» (EGM): https://www.aimc.es/a1mc-c0nt3nt/uploads/2026/02/Marco_General_Medios_2026.pdf"
2020,El Norte de Castilla,0.3,"AIMC, Marco General de los Medios en España 2026, pág. 50 «Evolución de la audiencia de diarios (papel+visor digital) por título 2009-2025» (EGM): https://www.aimc.es/a1mc-c0nt3nt/uploads/2026/02/Marco_General_Medios_2026.pdf"
2021,El Norte de Castilla,0.2,"AIMC, Marco General de los Medios en España 2026, pág. 50 «Evolución de la audiencia de diarios (papel+visor digital) por título 2009-2025» (EGM): https://www.aimc.es/a1mc-c0nt3nt/uploads/2026/02/Marco_General_Medios_2026.pdf"
2022,El Norte de Castilla,0.2,"AIMC, Marco General de los Medios en España 2026, pág. 50 «Evolución de la audiencia de diarios (papel+visor digital) por título 2009-2025» (EGM): https://www.aimc.es/a1mc-c0nt3nt/uploads/2026/02/Marco_General_Medios_2026.pdf"
2023,El Norte de Castilla,0.2,"AIMC, Marco General de los Medios en España 2026, pág. 50 «Evolución de la audiencia de diarios (papel+visor digital) por título 2009-2025» (EGM): https://www.aimc.es/a1mc-c0nt3nt/uploads/2026/02/Marco_General_Medios_2026.pdf"
2024,El Norte de Castilla,0.2,"AIMC, Marco General de los Medios en España 2026, pág. 50 «Evolución de la audiencia de diarios (papel+visor digital) por título 2009-2025» (EGM): https://www.aimc.es/a1mc-c0nt3nt/uploads/2026/02/Marco_General_Medios_2026.pdf"
2025,El Norte de Castilla,0.1,"AIMC, Marco General de los Medios en España 2026, pág. 50 «Evolución de la audiencia de diarios (papel+visor digital) por título 2009-2025» (EGM): https://www.aimc.es/a1mc-c0nt3nt/uploads/2026/02/Marco_General_Medios_2026.pdf"
2009,Cinco Días,0.2,"AIMC, Marco General de los Medios en España 2026, pág. 50 «Evolución de la audiencia de diarios (papel+visor digital) por título 2009-2025» (EGM): https://www.aimc.es/a1mc-c0nt3nt/uploads/2026/02/Marco_General_Medios_2026.pdf"
2010,Cinco Días,0.2,"AIMC, Marco General de los Medios en España 2026, pág. 50 «Evolución de la audiencia de diarios (papel+visor digital) por título 2009-2025» (EGM): https://www.aimc.es/a1mc-c0nt3nt/uploads/2026/02/Marco_General_Medios_2026.pdf"
2011,Cinco Días,0.2,"AIMC, Marco General de los Medios en España 2026, pág. 50 «Evolución de la audiencia de diarios (papel+visor digital) por título 2009-2025» (EGM): https://www.aimc.es/a1mc-c0nt3nt/uploads/2026/02/Marco_General_Medios_2026.pdf"
2012,Cinco Días,0.1,"AIMC, Marco General de los Medios en España 2026, pág. 50 «Evolución de la audiencia de diarios (papel+visor digital) por título 2009-2025» (EGM): https://www.aimc.es/a1mc-c0nt3nt/uploads/2026/02/Marco_General_Medios_2026.pdf"
2013,Cinco Días,0.2,"AIMC, Marco General de los Medios en España 2026, pág. 50 «Evolución de la audiencia de diarios (papel+visor digital) por título 2009-2025» (EGM): https://www.aimc.es/a1mc-c0nt3nt/uploads/2026/02/Marco_General_Medios_2026.pdf"
2014,Cinco Días,0.2,"AIMC, Marco General de los Medios en España 2026, pág. 50 «Evolución de la audiencia de diarios (papel+visor digital) por título 2009-2025» (EGM): https://www.aimc.es/a1mc-c0nt3nt/uploads/2026/02/Marco_General_Medios_2026.pdf"
2015,Cinco Días,0.2,"AIMC, Marco General de los Medios en España 2026, pág. 50 «Evolución de la audiencia de diarios (papel+visor digital) por título 2009-2025» (EGM): https://www.aimc.es/a1mc-c0nt3nt/uploads/2026/02/Marco_General_Medios_2026.pdf"
2016,Cinco Días,0.1,"AIMC, Marco General de los Medios en España 2026, pág. 50 «Evolución de la audiencia de diarios (papel+visor digital) por título 2009-2025» (EGM): https://www.aimc.es/a1mc-c0nt3nt/uploads/2026/02/Marco_General_Medios_2026.pdf"
2017,Cinco Días,0.1,"AIMC, Marco General de los Medios en España 2026, pág. 50 «Evolución de la audiencia de diarios (papel+visor digital) por título 2009-2025» (EGM): https://www.aimc.es/a1mc-c0nt3nt/uploads/2026/02/Marco_General_Medios_2026.pdf"
2018,Cinco Días,0.1,"AIMC, Marco General de los Medios en España 2026, pág. 50 «Evolución de la audiencia de diarios (papel+visor digital) por título 2009-2025» (EGM): https://www.aimc.es/a1mc-c0nt3nt/uploads/2026/02/Marco_General_Medios_2026.pdf"
2019,Cinco Días,0.1,"AIMC, Marco General de los Medios en España 2026, pág. 50 «Evolución de la audiencia de diarios (papel+visor digital) por título 2009-2025» (EGM): https://www.aimc.es/a1mc-c0nt3nt/uploads/2026/02/Marco_General_Medios_2026.pdf"
2020,Cinco Días,0.1,"AIMC, Marco General de los Medios en España 2026, pág. 50 «Evolución de la audiencia de diarios (papel+visor digital) por título 2009-2025» (EGM): https://www.aimc.es/a1mc-c0nt3nt/uploads/2026/02/Marco_General_Medios_2026.pdf"
2021,Cinco Días,0.1,"AIMC, Marco General de los Medios en España 2026, pág. 50 «Evolución de la audiencia de diarios (papel+visor digital) por título 2009-2025» (EGM): https://www.aimc.es/a1mc-c0nt3nt/uploads/2026/02/Marco_General_Medios_2026.pdf"
2022,Cinco Días,0.1,"AIMC, Marco General de los Medios en España 2026, pág. 50 «Evolución de la audiencia de diarios (papel+visor digital) por título 2009-2025» (EGM): https://www.aimc.es/a1mc-c0nt3nt/uploads/2026/02/Marco_General_Medios_2026.pdf"
2023,Cinco Días,0.1,"AIMC, Marco General de los Medios en España 2026, pág. 50 «Evolución de la audiencia de diarios (papel+visor digital) por título 2009-2025» (EGM): https://www.aimc.es/a1mc-c0nt3nt/uploads/2026/02/Marco_General_Medios_2026.pdf"
2024,Cinco Días,0.1,"AIMC, Marco General de los Medios en España 2026, pág. 50 «Evolución de la audiencia de diarios (papel+visor digital) por título 2009-2025» (EGM): https://www.aimc.es/a1mc-c0nt3nt/uploads/2026/02/Marco_General_Medios_2026.pdf"
2025,Cinco Días,0.1,"AIMC, Marco General de los Medios en España 2026, pág. 50 «Evolución de la audiencia de diarios (papel+visor digital) por título 2009-2025» (EGM): https://www.aimc.es/a1mc-c0nt3nt/uploads/2026/02/Marco_General_Medios_2026.pdf"
2009,Segre,0.2,"AIMC, Marco General de los Medios en España 2026, pág. 50 «Evolución de la audiencia de diarios (papel+visor digital) por título 2009-2025» (EGM): https://www.aimc.es/a1mc-c0nt3nt/uploads/2026/02/Marco_General_Medios_2026.pdf"
2010,Segre,0.2,"AIMC, Marco General de los Medios en España 2026, pág. 50 «Evolución de la audiencia de diarios (papel+visor digital) por título 2009-2025» (EGM): https://www.aimc.es/a1mc-c0nt3nt/uploads/2026/02/Marco_General_Medios_2026.pdf"
2011,Segre,0.2,"AIMC, Marco General de los Medios en España 2026, pág. 50 «Evolución de la audiencia de diarios (papel+visor digital) por título 2009-2025» (EGM): https://www.aimc.es/a1mc-c0nt3nt/uploads/2026/02/Marco_General_Medios_2026.pdf"
2012,Segre,0.3,"AIMC, Marco General de los Medios en España 2026, pág. 50 «Evolución de la audiencia de diarios (papel+visor digital) por título 2009-2025» (EGM): https://www.aimc.es/a1mc-c0nt3nt/uploads/2026/02/Marco_General_Medios_2026.pdf"
2013,Segre,0.3,"AIMC, Marco General de los Medios en España 2026, pág. 50 «Evolución de la audiencia de diarios (papel+visor digital) por título 2009-2025» (EGM): https://www.aimc.es/a1mc-c0nt3nt/uploads/2026/02/Marco_General_Medios_2026.pdf"
2014,Segre,0.3,"AIMC, Marco General de los Medios en España 2026, pág. 50 «Evolución de la audiencia de diarios (papel+visor digital) por título 2009-2025» (EGM): https://www.aimc.es/a1mc-c0nt3nt/uploads/2026/02/Marco_General_Medios_2026.pdf"
2015,Segre,0.2,"AIMC, Marco General de los Medios en España 2026, pág. 50 «Evolución de la audiencia de diarios (papel+visor digital) por título 2009-2025» (EGM): https://www.aimc.es/a1mc-c0nt3nt/uploads/2026/02/Marco_General_Medios_2026.pdf"
2016,Segre,0.2,"AIMC, Marco General de los Medios en España 2026, pág. 50 «Evolución de la audiencia de diarios (papel+visor digital) por título 2009-2025» (EGM): https://www.aimc.es/a1mc-c0nt3nt/uploads/2026/02/Marco_General_Medios_2026.pdf"
2017,Segre,0.2,"AIMC, Marco General de los Medios en España 2026, pág. 50 «Evolución de la audiencia de diarios (papel+visor digital) por título 2009-2025» (EGM): https://www.aimc.es/a1mc-c0nt3nt/uploads/2026/02/Marco_General_Medios_2026.pdf"
2018,Segre,0.2,"AIMC, Marco General de los Medios en España 2026, pág. 50 «Evolución de la audiencia de diarios (papel+visor digital) por título 2009-2025» (EGM): https://www.aimc.es/a1mc-c0nt3nt/uploads/2026/02/Marco_General_Medios_2026.pdf"
2019,Segre,0.2,"AIMC, Marco General de los Medios en España 2026, pág. 50 «Evolución de la audiencia de diarios (papel+visor digital) por título 2009-2025» (EGM): https://www.aimc.es/a1mc-c0nt3nt/uploads/2026/02/Marco_General_Medios_2026.pdf"
2020,Segre,0.2,"AIMC, Marco General de los Medios en España 2026, pág. 50 «Evolución de la audiencia de diarios (papel+visor digital) por título 2009-2025» (EGM): https://www.aimc.es/a1mc-c0nt3nt/uploads/2026/02/Marco_General_Medios_2026.pdf"
2021,Segre,0.1,"AIMC, Marco General de los Medios en España 2026, pág. 50 «Evolución de la audiencia de diarios (papel+visor digital) por título 2009-2025» (EGM): https://www.aimc.es/a1mc-c0nt3nt/uploads/2026/02/Marco_General_Medios_2026.pdf"
2022,Segre,0.1,"AIMC, Marco General de los Medios en España 2026, pág. 50 «Evolución de la audiencia de diarios (papel+visor digital) por título 2009-2025» (EGM): https://www.aimc.es/a1mc-c0nt3nt/uploads/2026/02/Marco_General_Medios_2026.pdf"
2023,Segre,0.1,"AIMC, Marco General de los Medios en España 2026, pág. 50 «Evolución de la audiencia de diarios (papel+visor digital) por título 2009-2025» (EGM): https://www.aimc.es/a1mc-c0nt3nt/uploads/2026/02/Marco_General_Medios_2026.pdf"
2024,Segre,0.1,"AIMC, Marco General de los Medios en España 2026, pág. 50 «Evolución de la audiencia de diarios (papel+visor digital) por título 2009-2025» (EGM): https://www.aimc.es/a1mc-c0nt3nt/uploads/2026/02/Marco_General_Medios_2026.pdf"
2025,Segre,0.1,"AIMC, Marco General de los Medios en España 2026, pág. 50 «Evolución de la audiencia de diarios (papel+visor digital) por título 2009-2025» (EGM): https://www.aimc.es/a1mc-c0nt3nt/uploads/2026/02/Marco_General_Medios_2026.pdf"
2009,El Día,0.6,"AIMC, Marco General de los Medios en España 2026, pág. 50 «Evolución de la audiencia de diarios (papel+visor digital) por título 2009-2025» (EGM): https://www.aimc.es/a1mc-c0nt3nt/uploads/2026/02/Marco_General_Medios_2026.pdf"
2010,El Día,0.5,"AIMC, Marco General de los Medios en España 2026, pág. 50 «Evolución de la audiencia de diarios (papel+visor digital) por título 2009-2025» (EGM): https://www.aimc.es/a1mc-c0nt3nt/uploads/2026/02/Marco_General_Medios_2026.pdf"
2011,El Día,0.6,"AIMC, Marco General de los Medios en España 2026, pág. 50 «Evolución de la audiencia de diarios (papel+visor digital) por título 2009-2025» (EGM): https://www.aimc.es/a1mc-c0nt3nt/uploads/2026/02/Marco_General_Medios_2026.pdf"
2012,El Día,0.5,"AIMC, Marco General de los Medios en España 2026, pág. 50 «Evolución de la audiencia de diarios (papel+visor digital) por título 2009-2025» (EGM): https://www.aimc.es/a1mc-c0nt3nt/uploads/2026/02/Marco_General_Medios_2026.pdf"
2013,El Día,0.5,"AIMC, Marco General de los Medios en España 2026, pág. 50 «Evolución de la audiencia de diarios (papel+visor digital) por título 2009-2025» (EGM): https://www.aimc.es/a1mc-c0nt3nt/uploads/2026/02/Marco_General_Medios_2026.pdf"
2014,El Día,0.4,"AIMC, Marco General de los Medios en España 2026, pág. 50 «Evolución de la audiencia de diarios (papel+visor digital) por título 2009-2025» (EGM): https://www.aimc.es/a1mc-c0nt3nt/uploads/2026/02/Marco_General_Medios_2026.pdf"
2015,El Día,0.4,"AIMC, Marco General de los Medios en España 2026, pág. 50 «Evolución de la audiencia de diarios (papel+visor digital) por título 2009-2025» (EGM): https://www.aimc.es/a1mc-c0nt3nt/uploads/2026/02/Marco_General_Medios_2026.pdf"
2016,El Día,0.4,"AIMC, Marco General de los Medios en España 2026, pág. 50 «Evolución de la audiencia de diarios (papel+visor digital) por título 2009-2025» (EGM): https://www.aimc.es/a1mc-c0nt3nt/uploads/2026/02/Marco_General_Medios_2026.pdf"
2017,El Día,0.4,"AIMC, Marco General de los Medios en España 2026, pág. 50 «Evolución de la audiencia de diarios (papel+visor digital) por título 2009-2025» (EGM): https://www.aimc.es/a1mc-c0nt3nt/uploads/2026/02/Marco_General_Medios_2026.pdf"
2018,El Día,0.3,"AIMC, Marco General de los Medios en España 2026, pág. 50 «Evolución de la audiencia de diarios (papel+visor digital) por título 2009-2025» (EGM): https://www.aimc.es/a1mc-c0nt3nt/uploads/2026/02/Marco_General_Medios_2026.pdf"
2019,El Día,0.3,"AIMC, Marco General de los Medios en España 2026, pág. 50 «Evolución de la audiencia de diarios (papel+visor digital) por título 2009-2025» (EGM): https://www.aimc.es/a1mc-c0nt3nt/uploads/2026/02/Marco_General_Medios_2026.pdf"
2020,El Día,0.3,"AIMC, Marco General de los Medios en España 2026, pág. 50 «Evolución de la audiencia de diarios (papel+visor digital) por título 2009-2025» (EGM): https://www.aimc.es/a1mc-c0nt3nt/uploads/2026/02/Marco_General_Medios_2026.pdf"
2021,El Día,0.1,"AIMC, Marco General de los Medios en España 2026, pág. 50 «Evolución de la audiencia de diarios (papel+visor digital) por título 2009-2025» (EGM): https://www.aimc.es/a1mc-c0nt3nt/uploads/2026/02/Marco_General_Medios_2026.pdf"
2022,El Día,0.1,"AIMC, Marco General de los Medios en España 2026, pág. 50 «Evolución de la audiencia de diarios (papel+visor digital) por título 2009-2025» (EGM): https://www.aimc.es/a1mc-c0nt3nt/uploads/2026/02/Marco_General_Medios_2026.pdf"
2023,El Día,0.1,"AIMC, Marco General de los Medios en España 2026, pág. 50 «Evolución de la audiencia de diarios (papel+visor digital) por título 2009-2025» (EGM): https://www.aimc.es/a1mc-c0nt3nt/uploads/2026/02/Marco_General_Medios_2026.pdf"
2024,El Día,0.1,"AIMC, Marco General de los Medios en España 2026, pág. 50 «Evolución de la audiencia de diarios (papel+visor digital) por título 2009-2025» (EGM): https://www.aimc.es/a1mc-c0nt3nt/uploads/2026/02/Marco_General_Medios_2026.pdf"
2025,El Día,0.1,"AIMC, Marco General de los Medios en España 2026, pág. 50 «Evolución de la audiencia de diarios (papel+visor digital) por título 2009-2025» (EGM): https://www.aimc.es/a1mc-c0nt3nt/uploads/2026/02/Marco_General_Medios_2026.pdf"
2009,Información Alicante,0.6,"AIMC, Marco General de los Medios en España 2026, pág. 50 «Evolución de la audiencia de diarios (papel+visor digital) por título 2009-2025» (EGM): https://www.aimc.es/a1mc-c0nt3nt/uploads/2026/02/Marco_General_Medios_2026.pdf"
2010,Información Alicante,0.6,"AIMC, Marco General de los Medios en España 2026, pág. 50 «Evolución de la audiencia de diarios (papel+visor digital) por título 2009-2025» (EGM): https://www.aimc.es/a1mc-c0nt3nt/uploads/2026/02/Marco_General_Medios_2026.pdf"
2011,Información Alicante,0.6,"AIMC, Marco General de los Medios en España 2026, pág. 50 «Evolución de la audiencia de diarios (papel+visor digital) por título 2009-2025» (EGM): https://www.aimc.es/a1mc-c0nt3nt/uploads/2026/02/Marco_General_Medios_2026.pdf"
2012,Información Alicante,0.6,"AIMC, Marco General de los Medios en España 2026, pág. 50 «Evolución de la audiencia de diarios (papel+visor digital) por título 2009-2025» (EGM): https://www.aimc.es/a1mc-c0nt3nt/uploads/2026/02/Marco_General_Medios_2026.pdf"
2013,Información Alicante,0.6,"AIMC, Marco General de los Medios en España 2026, pág. 50 «Evolución de la audiencia de diarios (papel+visor digital) por título 2009-2025» (EGM): https://www.aimc.es/a1mc-c0nt3nt/uploads/2026/02/Marco_General_Medios_2026.pdf"
2014,Información Alicante,0.6,"AIMC, Marco General de los Medios en España 2026, pág. 50 «Evolución de la audiencia de diarios (papel+visor digital) por título 2009-2025» (EGM): https://www.aimc.es/a1mc-c0nt3nt/uploads/2026/02/Marco_General_Medios_2026.pdf"
2015,Información Alicante,0.5,"AIMC, Marco General de los Medios en España 2026, pág. 50 «Evolución de la audiencia de diarios (papel+visor digital) por título 2009-2025» (EGM): https://www.aimc.es/a1mc-c0nt3nt/uploads/2026/02/Marco_General_Medios_2026.pdf"
2016,Información Alicante,0.5,"AIMC, Marco General de los Medios en España 2026, pág. 50 «Evolución de la audiencia de diarios (papel+visor digital) por título 2009-2025» (EGM): https://www.aimc.es/a1mc-c0nt3nt/uploads/2026/02/Marco_General_Medios_2026.pdf"
2017,Información Alicante,0.5,"AIMC, Marco General de los Medios en España 2026, pág. 50 «Evolución de la audiencia de diarios (papel+visor digital) por título 2009-2025» (EGM): https://www.aimc.es/a1mc-c0nt3nt/uploads/2026/02/Marco_General_Medios_2026.pdf"
2018,Información Alicante,0.4,"AIMC, Marco General de los Medios en España 2026, pág. 50 «Evolución de la audiencia de diarios (papel+visor digital) por título 2009-2025» (EGM): https://www.aimc.es/a1mc-c0nt3nt/uploads/2026/02/Marco_General_Medios_2026.pdf"
2019,Información Alicante,0.4,"AIMC, Marco General de los Medios en España 2026, pág. 50 «Evolución de la audiencia de diarios (papel+visor digital) por título 2009-2025» (EGM): https://www.aimc.es/a1mc-c0nt3nt/uploads/2026/02/Marco_General_Medios_2026.pdf"
2020,Información Alicante,0.3,"AIMC, Marco General de los Medios en España 2026, pág. 50 «Evolución de la audiencia de diarios (papel+visor digital) por título 2009-2025» (EGM): https://www.aimc.es/a1mc-c0nt3nt/uploads/2026/02/Marco_General_Medios_2026.pdf"
2021,Información Alicante,0.2,"AIMC, Marco General de los Medios en España 2026, pág. 50 «Evolución de la audiencia de diarios (papel+visor digital) por título 2009-2025» (EGM): https://www.aimc.es/a1mc-c0nt3nt/uploads/2026/02/Marco_General_Medios_2026.pdf"
2022,Información Alicante,0.2,"AIMC, Marco General de los Medios en España 2026, pág. 50 «Evolución de la audiencia de diarios (papel+visor digital) por título 2009-2025» (EGM): https://www.aimc.es/a1mc-c0nt3nt/uploads/2026/02/Marco_General_Medios_2026.pdf"
2023,Información Alicante,0.2,"AIMC, Marco General de los Medios en España 2026, pág. 50 «Evolución de la audiencia de diarios (papel+visor digital) por título 2009-2025» (EGM): https://www.aimc.es/a1mc-c0nt3nt/uploads/2026/02/Marco_General_Medios_2026.pdf"
2024,Información Alicante,0.1,"AIMC, Marco General de los Medios en España 2026, pág. 50 «Evolución de la audiencia de diarios (papel+visor digital) por título 2009-2025» (EGM): https://www.aimc.es/a1mc-c0nt3nt/uploads/2026/02/Marco_General_Medios_2026.pdf"
2025,Información Alicante,0.1,"AIMC, Marco General de los Medios en España 2026, pág. 50 «Evolución de la audiencia de diarios (papel+visor digital) por título 2009-2025» (EGM): https://www.aimc.es/a1mc-c0nt3nt/uploads/2026/02/Marco_General_Medios_2026.pdf"
2009,La Región,0.2,"AIMC, Marco General de los Medios en España 2026, pág. 50 «Evolución de la audiencia de diarios (papel+visor digital) por título 2009-2025» (EGM): https://www.aimc.es/a1mc-c0nt3nt/uploads/2026/02/Marco_General_Medios_2026.pdf"
2010,La Región,0.2,"AIMC, Marco General de los Medios en España 2026, pág. 50 «Evolución de la audiencia de diarios (papel+visor digital) por título 2009-2025» (EGM): https://www.aimc.es/a1mc-c0nt3nt/uploads/2026/02/Marco_General_Medios_2026.pdf"
2011,La Región,0.2,"AIMC, Marco General de los Medios en España 2026, pág. 50 «Evolución de la audiencia de diarios (papel+visor digital) por título 2009-2025» (EGM): https://www.aimc.es/a1mc-c0nt3nt/uploads/2026/02/Marco_General_Medios_2026.pdf"
2012,La Región,0.2,"AIMC, Marco General de los Medios en España 2026, pág. 50 «Evolución de la audiencia de diarios (papel+visor digital) por título 2009-2025» (EGM): https://www.aimc.es/a1mc-c0nt3nt/uploads/2026/02/Marco_General_Medios_2026.pdf"
2013,La Región,0.2,"AIMC, Marco General de los Medios en España 2026, pág. 50 «Evolución de la audiencia de diarios (papel+visor digital) por título 2009-2025» (EGM): https://www.aimc.es/a1mc-c0nt3nt/uploads/2026/02/Marco_General_Medios_2026.pdf"
2014,La Región,0.2,"AIMC, Marco General de los Medios en España 2026, pág. 50 «Evolución de la audiencia de diarios (papel+visor digital) por título 2009-2025» (EGM): https://www.aimc.es/a1mc-c0nt3nt/uploads/2026/02/Marco_General_Medios_2026.pdf"
2015,La Región,0.2,"AIMC, Marco General de los Medios en España 2026, pág. 50 «Evolución de la audiencia de diarios (papel+visor digital) por título 2009-2025» (EGM): https://www.aimc.es/a1mc-c0nt3nt/uploads/2026/02/Marco_General_Medios_2026.pdf"
2016,La Región,0.2,"AIMC, Marco General de los Medios en España 2026, pág. 50 «Evolución de la audiencia de diarios (papel+visor digital) por título 2009-2025» (EGM): https://www.aimc.es/a1mc-c0nt3nt/uploads/2026/02/Marco_General_Medios_2026.pdf"
2017,La Región,0.2,"AIMC, Marco General de los Medios en España 2026, pág. 50 «Evolución de la audiencia de diarios (papel+visor digital) por título 2009-2025» (EGM): https://www.aimc.es/a1mc-c0nt3nt/uploads/2026/02/Marco_General_Medios_2026.pdf"
2018,La Región,0.2,"AIMC, Marco General de los Medios en España 2026, pág. 50 «Evolución de la audiencia de diarios (papel+visor digital) por título 2009-2025» (EGM): https://www.aimc.es/a1mc-c0nt3nt/uploads/2026/02/Marco_General_Medios_2026.pdf"
2019,La Región,0.2,"AIMC, Marco General de los Medios en España 2026, pág. 50 «Evolución de la audiencia de diarios (papel+visor digital) por título 2009-2025» (EGM): https://www.aimc.es/a1mc-c0nt3nt/uploads/2026/02/Marco_General_Medios_2026.pdf"
2020,La Región,0.2,"AIMC, Marco General de los Medios en España 2026, pág. 50 «Evolución de la audiencia de diarios (papel+visor digital) por título 2009-2025» (EGM): https://www.aimc.es/a1mc-c0nt3nt/uploads/2026/02/Marco_General_Medios_2026.pdf"
2021,La Región,0.1,"AIMC, Marco General de los Medios en España 2026, pág. 50 «Evolución de la audiencia de diarios (papel+visor digital) por título 2009-2025» (EGM): https://www.aimc.es/a1mc-c0nt3nt/uploads/2026/02/Marco_General_Medios_2026.pdf"
2022,La Región,0.1,"AIMC, Marco General de los Medios en España 2026, pág. 50 «Evolución de la audiencia de diarios (papel+visor digital) por título 2009-2025» (EGM): https://www.aimc.es/a1mc-c0nt3nt/uploads/2026/02/Marco_General_Medios_2026.pdf"
2023,La Región,0.2,"AIMC, Marco General de los Medios en España 2026, pág. 50 «Evolución de la audiencia de diarios (papel+visor digital) por título 2009-2025» (EGM): https://www.aimc.es/a1mc-c0nt3nt/uploads/2026/02/Marco_General_Medios_2026.pdf"
2024,La Región,0.1,"AIMC, Marco General de los Medios en España 2026, pág. 50 «Evolución de la audiencia de diarios (papel+visor digital) por título 2009-2025» (EGM): https://www.aimc.es/a1mc-c0nt3nt/uploads/2026/02/Marco_General_Medios_2026.pdf"
2025,La Región,0.1,"AIMC, Marco General de los Medios en España 2026, pág. 50 «Evolución de la audiencia de diarios (papel+visor digital) por título 2009-2025» (EGM): https://www.aimc.es/a1mc-c0nt3nt/uploads/2026/02/Marco_General_Medios_2026.pdf"
2009,Diario de Sevilla,0.2,"AIMC, Marco General de los Medios en España 2026, pág. 50 «Evolución de la audiencia de diarios (papel+visor digital) por título 2009-2025» (EGM): https://www.aimc.es/a1mc-c0nt3nt/uploads/2026/02/Marco_General_Medios_2026.pdf"
2010,Diario de Sevilla,0.2,"AIMC, Marco General de los Medios en España 2026, pág. 50 «Evolución de la audiencia de diarios (papel+visor digital) por título 2009-2025» (EGM): https://www.aimc.es/a1mc-c0nt3nt/uploads/2026/02/Marco_General_Medios_2026.pdf"
2011,Diario de Sevilla,0.2,"AIMC, Marco General de los Medios en España 2026, pág. 50 «Evolución de la audiencia de diarios (papel+visor digital) por título 2009-2025» (EGM): https://www.aimc.es/a1mc-c0nt3nt/uploads/2026/02/Marco_General_Medios_2026.pdf"
2012,Diario de Sevilla,0.2,"AIMC, Marco General de los Medios en España 2026, pág. 50 «Evolución de la audiencia de diarios (papel+visor digital) por título 2009-2025» (EGM): https://www.aimc.es/a1mc-c0nt3nt/uploads/2026/02/Marco_General_Medios_2026.pdf"
2013,Diario de Sevilla,0.2,"AIMC, Marco General de los Medios en España 2026, pág. 50 «Evolución de la audiencia de diarios (papel+visor digital) por título 2009-2025» (EGM): https://www.aimc.es/a1mc-c0nt3nt/uploads/2026/02/Marco_General_Medios_2026.pdf"
2014,Diario de Sevilla,0.2,"AIMC, Marco General de los Medios en España 2026, pág. 50 «Evolución de la audiencia de diarios (papel+visor digital) por título 2009-2025» (EGM): https://www.aimc.es/a1mc-c0nt3nt/uploads/2026/02/Marco_General_Medios_2026.pdf"
2015,Diario de Sevilla,0.2,"AIMC, Marco General de los Medios en España 2026, pág. 50 «Evolución de la audiencia de diarios (papel+visor digital) por título 2009-2025» (EGM): https://www.aimc.es/a1mc-c0nt3nt/uploads/2026/02/Marco_General_Medios_2026.pdf"
2016,Diario de Sevilla,0.2,"AIMC, Marco General de los Medios en España 2026, pág. 50 «Evolución de la audiencia de diarios (papel+visor digital) por título 2009-2025» (EGM): https://www.aimc.es/a1mc-c0nt3nt/uploads/2026/02/Marco_General_Medios_2026.pdf"
2017,Diario de Sevilla,0.2,"AIMC, Marco General de los Medios en España 2026, pág. 50 «Evolución de la audiencia de diarios (papel+visor digital) por título 2009-2025» (EGM): https://www.aimc.es/a1mc-c0nt3nt/uploads/2026/02/Marco_General_Medios_2026.pdf"
2018,Diario de Sevilla,0.2,"AIMC, Marco General de los Medios en España 2026, pág. 50 «Evolución de la audiencia de diarios (papel+visor digital) por título 2009-2025» (EGM): https://www.aimc.es/a1mc-c0nt3nt/uploads/2026/02/Marco_General_Medios_2026.pdf"
2019,Diario de Sevilla,0.2,"AIMC, Marco General de los Medios en España 2026, pág. 50 «Evolución de la audiencia de diarios (papel+visor digital) por título 2009-2025» (EGM): https://www.aimc.es/a1mc-c0nt3nt/uploads/2026/02/Marco_General_Medios_2026.pdf"
2020,Diario de Sevilla,0.2,"AIMC, Marco General de los Medios en España 2026, pág. 50 «Evolución de la audiencia de diarios (papel+visor digital) por título 2009-2025» (EGM): https://www.aimc.es/a1mc-c0nt3nt/uploads/2026/02/Marco_General_Medios_2026.pdf"
2021,Diario de Sevilla,0.1,"AIMC, Marco General de los Medios en España 2026, pág. 50 «Evolución de la audiencia de diarios (papel+visor digital) por título 2009-2025» (EGM): https://www.aimc.es/a1mc-c0nt3nt/uploads/2026/02/Marco_General_Medios_2026.pdf"
2022,Diario de Sevilla,0.1,"AIMC, Marco General de los Medios en España 2026, pág. 50 «Evolución de la audiencia de diarios (papel+visor digital) por título 2009-2025» (EGM): https://www.aimc.es/a1mc-c0nt3nt/uploads/2026/02/Marco_General_Medios_2026.pdf"
2023,Diario de Sevilla,0.1,"AIMC, Marco General de los Medios en España 2026, pág. 50 «Evolución de la audiencia de diarios (papel+visor digital) por título 2009-2025» (EGM): https://www.aimc.es/a1mc-c0nt3nt/uploads/2026/02/Marco_General_Medios_2026.pdf"
2024,Diario de Sevilla,0.1,"AIMC, Marco General de los Medios en España 2026, pág. 50 «Evolución de la audiencia de diarios (papel+visor digital) por título 2009-2025» (EGM): https://www.aimc.es/a1mc-c0nt3nt/uploads/2026/02/Marco_General_Medios_2026.pdf"
2025,Diario de Sevilla,0.1,"AIMC, Marco General de los Medios en España 2026, pág. 50 «Evolución de la audiencia de diarios (papel+visor digital) por título 2009-2025» (EGM): https://www.aimc.es/a1mc-c0nt3nt/uploads/2026/02/Marco_General_Medios_2026.pdf"
2009,Diario de Burgos,0.2,"AIMC, Marco General de los Medios en España 2026, pág. 50 «Evolución de la audiencia de diarios (papel+visor digital) por título 2009-2025» (EGM): https://www.aimc.es/a1mc-c0nt3nt/uploads/2026/02/Marco_General_Medios_2026.pdf"
2010,Diario de Burgos,0.2,"AIMC, Marco General de los Medios en España 2026, pág. 50 «Evolución de la audiencia de diarios (papel+visor digital) por título 2009-2025» (EGM): https://www.aimc.es/a1mc-c0nt3nt/uploads/2026/02/Marco_General_Medios_2026.pdf"
2011,Diario de Burgos,0.2,"AIMC, Marco General de los Medios en España 2026, pág. 50 «Evolución de la audiencia de diarios (papel+visor digital) por título 2009-2025» (EGM): https://www.aimc.es/a1mc-c0nt3nt/uploads/2026/02/Marco_General_Medios_2026.pdf"
2012,Diario de Burgos,0.3,"AIMC, Marco General de los Medios en España 2026, pág. 50 «Evolución de la audiencia de diarios (papel+visor digital) por título 2009-2025» (EGM): https://www.aimc.es/a1mc-c0nt3nt/uploads/2026/02/Marco_General_Medios_2026.pdf"
2013,Diario de Burgos,0.3,"AIMC, Marco General de los Medios en España 2026, pág. 50 «Evolución de la audiencia de diarios (papel+visor digital) por título 2009-2025» (EGM): https://www.aimc.es/a1mc-c0nt3nt/uploads/2026/02/Marco_General_Medios_2026.pdf"
2014,Diario de Burgos,0.2,"AIMC, Marco General de los Medios en España 2026, pág. 50 «Evolución de la audiencia de diarios (papel+visor digital) por título 2009-2025» (EGM): https://www.aimc.es/a1mc-c0nt3nt/uploads/2026/02/Marco_General_Medios_2026.pdf"
2015,Diario de Burgos,0.2,"AIMC, Marco General de los Medios en España 2026, pág. 50 «Evolución de la audiencia de diarios (papel+visor digital) por título 2009-2025» (EGM): https://www.aimc.es/a1mc-c0nt3nt/uploads/2026/02/Marco_General_Medios_2026.pdf"
2016,Diario de Burgos,0.2,"AIMC, Marco General de los Medios en España 2026, pág. 50 «Evolución de la audiencia de diarios (papel+visor digital) por título 2009-2025» (EGM): https://www.aimc.es/a1mc-c0nt3nt/uploads/2026/02/Marco_General_Medios_2026.pdf"
2017,Diario de Burgos,0.2,"AIMC, Marco General de los Medios en España 2026, pág. 50 «Evolución de la audiencia de diarios (papel+visor digital) por título 2009-2025» (EGM): https://www.aimc.es/a1mc-c0nt3nt/uploads/2026/02/Marco_General_Medios_2026.pdf"
2018,Diario de Burgos,0.2,"AIMC, Marco General de los Medios en España 2026, pág. 50 «Evolución de la audiencia de diarios (papel+visor digital) por título 2009-2025» (EGM): https://www.aimc.es/a1mc-c0nt3nt/uploads/2026/02/Marco_General_Medios_2026.pdf"
2019,Diario de Burgos,0.2,"AIMC, Marco General de los Medios en España 2026, pág. 50 «Evolución de la audiencia de diarios (papel+visor digital) por título 2009-2025» (EGM): https://www.aimc.es/a1mc-c0nt3nt/uploads/2026/02/Marco_General_Medios_2026.pdf"
2020,Diario de Burgos,0.2,"AIMC, Marco General de los Medios en España 2026, pág. 50 «Evolución de la audiencia de diarios (papel+visor digital) por título 2009-2025» (EGM): https://www.aimc.es/a1mc-c0nt3nt/uploads/2026/02/Marco_General_Medios_2026.pdf"
2021,Diario de Burgos,0.1,"AIMC, Marco General de los Medios en España 2026, pág. 50 «Evolución de la audiencia de diarios (papel+visor digital) por título 2009-2025» (EGM): https://www.aimc.es/a1mc-c0nt3nt/uploads/2026/02/Marco_General_Medios_2026.pdf"
2022,Diario de Burgos,0.2,"AIMC, Marco General de los Medios en España 2026, pág. 50 «Evolución de la audiencia de diarios (papel+visor digital) por título 2009-2025» (EGM): https://www.aimc.es/a1mc-c0nt3nt/uploads/2026/02/Marco_General_Medios_2026.pdf"
2023,Diario de Burgos,0.2,"AIMC, Marco General de los Medios en España 2026, pág. 50 «Evolución de la audiencia de diarios (papel+visor digital) por título 2009-2025» (EGM): https://www.aimc.es/a1mc-c0nt3nt/uploads/2026/02/Marco_General_Medios_2026.pdf"
2024,Diario de Burgos,0.1,"AIMC, Marco General de los Medios en España 2026, pág. 50 «Evolución de la audiencia de diarios (papel+visor digital) por título 2009-2025» (EGM): https://www.aimc.es/a1mc-c0nt3nt/uploads/2026/02/Marco_General_Medios_2026.pdf"
2025,Diario de Burgos,0.1,"AIMC, Marco General de los Medios en España 2026, pág. 50 «Evolución de la audiencia de diarios (papel+visor digital) por título 2009-2025» (EGM): https://www.aimc.es/a1mc-c0nt3nt/uploads/2026/02/Marco_General_Medios_2026.pdf"
2009,Ideal de Andalucía,0.4,"AIMC, Marco General de los Medios en España 2026, pág. 50 «Evolución de la audiencia de diarios (papel+visor digital) por título 2009-2025» (EGM): https://www.aimc.es/a1mc-c0nt3nt/uploads/2026/02/Marco_General_Medios_2026.pdf"
2010,Ideal de Andalucía,0.4,"AIMC, Marco General de los Medios en España 2026, pág. 50 «Evolución de la audiencia de diarios (papel+visor digital) por título 2009-2025» (EGM): https://www.aimc.es/a1mc-c0nt3nt/uploads/2026/02/Marco_General_Medios_2026.pdf"
2011,Ideal de Andalucía,0.4,"AIMC, Marco General de los Medios en España 2026, pág. 50 «Evolución de la audiencia de diarios (papel+visor digital) por título 2009-2025» (EGM): https://www.aimc.es/a1mc-c0nt3nt/uploads/2026/02/Marco_General_Medios_2026.pdf"
2012,Ideal de Andalucía,0.5,"AIMC, Marco General de los Medios en España 2026, pág. 50 «Evolución de la audiencia de diarios (papel+visor digital) por título 2009-2025» (EGM): https://www.aimc.es/a1mc-c0nt3nt/uploads/2026/02/Marco_General_Medios_2026.pdf"
2013,Ideal de Andalucía,0.5,"AIMC, Marco General de los Medios en España 2026, pág. 50 «Evolución de la audiencia de diarios (papel+visor digital) por título 2009-2025» (EGM): https://www.aimc.es/a1mc-c0nt3nt/uploads/2026/02/Marco_General_Medios_2026.pdf"
2014,Ideal de Andalucía,0.5,"AIMC, Marco General de los Medios en España 2026, pág. 50 «Evolución de la audiencia de diarios (papel+visor digital) por título 2009-2025» (EGM): https://www.aimc.es/a1mc-c0nt3nt/uploads/2026/02/Marco_General_Medios_2026.pdf"
2015,Ideal de Andalucía,0.5,"AIMC, Marco General de los Medios en España 2026, pág. 50 «Evolución de la audiencia de diarios (papel+visor digital) por título 2009-2025» (EGM): https://www.aimc.es/a1mc-c0nt3nt/uploads/2026/02/Marco_General_Medios_2026.pdf"
2016,Ideal de Andalucía,0.3,"AIMC, Marco General de los Medios en España 2026, pág. 50 «Evolución de la audiencia de diarios (papel+visor digital) por título 2009-2025» (EGM): https://www.aimc.es/a1mc-c0nt3nt/uploads/2026/02/Marco_General_Medios_2026.pdf"
2017,Ideal de Andalucía,0.4,"AIMC, Marco General de los Medios en España 2026, pág. 50 «Evolución de la audiencia de diarios (papel+visor digital) por título 2009-2025» (EGM): https://www.aimc.es/a1mc-c0nt3nt/uploads/2026/02/Marco_General_Medios_2026.pdf"
2018,Ideal de Andalucía,0.4,"AIMC, Marco General de los Medios en España 2026, pág. 50 «Evolución de la audiencia de diarios (papel+visor digital) por título 2009-2025» (EGM): https://www.aimc.es/a1mc-c0nt3nt/uploads/2026/02/Marco_General_Medios_2026.pdf"
2019,Ideal de Andalucía,0.4,"AIMC, Marco General de los Medios en España 2026, pág. 50 «Evolución de la audiencia de diarios (papel+visor digital) por título 2009-2025» (EGM): https://www.aimc.es/a1mc-c0nt3nt/uploads/2026/02/Marco_General_Medios_2026.pdf"
2020,Ideal de Andalucía,0.4,"AIMC, Marco General de los Medios en España 2026, pág. 50 «Evolución de la audiencia de diarios (papel+visor digital) por título 2009-2025» (EGM): https://www.aimc.es/a1mc-c0nt3nt/uploads/2026/02/Marco_General_Medios_2026.pdf"
2021,Ideal de Andalucía,0.3,"AIMC, Marco General de los Medios en España 2026, pág. 50 «Evolución de la audiencia de diarios (papel+visor digital) por título 2009-2025» (EGM): https://www.aimc.es/a1mc-c0nt3nt/uploads/2026/02/Marco_General_Medios_2026.pdf"
2022,Ideal de Andalucía,0.2,"AIMC, Marco General de los Medios en España 2026, pág. 50 «Evolución de la audiencia de diarios (papel+visor digital) por título 2009-2025» (EGM): https://www.aimc.es/a1mc-c0nt3nt/uploads/2026/02/Marco_General_Medios_2026.pdf"
2023,Ideal de Andalucía,0.2,"AIMC, Marco General de los Medios en España 2026, pág. 50 «Evolución de la audiencia de diarios (papel+visor digital) por título 2009-2025» (EGM): https://www.aimc.es/a1mc-c0nt3nt/uploads/2026/02/Marco_General_Medios_2026.pdf"
2024,Ideal de Andalucía,0.2,"AIMC, Marco General de los Medios en España 2026, pág. 50 «Evolución de la audiencia de diarios (papel+visor digital) por título 2009-2025» (EGM): https://www.aimc.es/a1mc-c0nt3nt/uploads/2026/02/Marco_General_Medios_2026.pdf"
2025,Ideal de Andalucía,0.1,"AIMC, Marco General de los Medios en España 2026, pág. 50 «Evolución de la audiencia de diarios (papel+visor digital) por título 2009-2025» (EGM): https://www.aimc.es/a1mc-c0nt3nt/uploads/2026/02/Marco_General_Medios_2026.pdf"
2009,Canarias 7,0.4,"AIMC, Marco General de los Medios en España 2026, pág. 50 «Evolución de la audiencia de diarios (papel+visor digital) por título 2009-2025» (EGM): https://www.aimc.es/a1mc-c0nt3nt/uploads/2026/02/Marco_General_Medios_2026.pdf"
2010,Canarias 7,0.4,"AIMC, Marco General de los Medios en España 2026, pág. 50 «Evolución de la audiencia de diarios (papel+visor digital) por título 2009-2025» (EGM): https://www.aimc.es/a1mc-c0nt3nt/uploads/2026/02/Marco_General_Medios_2026.pdf"
2011,Canarias 7,0.3,"AIMC, Marco General de los Medios en España 2026, pág. 50 «Evolución de la audiencia de diarios (papel+visor digital) por título 2009-2025» (EGM): https://www.aimc.es/a1mc-c0nt3nt/uploads/2026/02/Marco_General_Medios_2026.pdf"
2012,Canarias 7,0.4,"AIMC, Marco General de los Medios en España 2026, pág. 50 «Evolución de la audiencia de diarios (papel+visor digital) por título 2009-2025» (EGM): https://www.aimc.es/a1mc-c0nt3nt/uploads/2026/02/Marco_General_Medios_2026.pdf"
2013,Canarias 7,0.4,"AIMC, Marco General de los Medios en España 2026, pág. 50 «Evolución de la audiencia de diarios (papel+visor digital) por título 2009-2025» (EGM): https://www.aimc.es/a1mc-c0nt3nt/uploads/2026/02/Marco_General_Medios_2026.pdf"
2014,Canarias 7,0.3,"AIMC, Marco General de los Medios en España 2026, pág. 50 «Evolución de la audiencia de diarios (papel+visor digital) por título 2009-2025» (EGM): https://www.aimc.es/a1mc-c0nt3nt/uploads/2026/02/Marco_General_Medios_2026.pdf"
2015,Canarias 7,0.3,"AIMC, Marco General de los Medios en España 2026, pág. 50 «Evolución de la audiencia de diarios (papel+visor digital) por título 2009-2025» (EGM): https://www.aimc.es/a1mc-c0nt3nt/uploads/2026/02/Marco_General_Medios_2026.pdf"
2016,Canarias 7,0.3,"AIMC, Marco General de los Medios en España 2026, pág. 50 «Evolución de la audiencia de diarios (papel+visor digital) por título 2009-2025» (EGM): https://www.aimc.es/a1mc-c0nt3nt/uploads/2026/02/Marco_General_Medios_2026.pdf"
2017,Canarias 7,0.3,"AIMC, Marco General de los Medios en España 2026, pág. 50 «Evolución de la audiencia de diarios (papel+visor digital) por título 2009-2025» (EGM): https://www.aimc.es/a1mc-c0nt3nt/uploads/2026/02/Marco_General_Medios_2026.pdf"
2018,Canarias 7,0.2,"AIMC, Marco General de los Medios en España 2026, pág. 50 «Evolución de la audiencia de diarios (papel+visor digital) por título 2009-2025» (EGM): https://www.aimc.es/a1mc-c0nt3nt/uploads/2026/02/Marco_General_Medios_2026.pdf"
2019,Canarias 7,0.3,"AIMC, Marco General de los Medios en España 2026, pág. 50 «Evolución de la audiencia de diarios (papel+visor digital) por título 2009-2025» (EGM): https://www.aimc.es/a1mc-c0nt3nt/uploads/2026/02/Marco_General_Medios_2026.pdf"
2020,Canarias 7,0.2,"AIMC, Marco General de los Medios en España 2026, pág. 50 «Evolución de la audiencia de diarios (papel+visor digital) por título 2009-2025» (EGM): https://www.aimc.es/a1mc-c0nt3nt/uploads/2026/02/Marco_General_Medios_2026.pdf"
2021,Canarias 7,0.1,"AIMC, Marco General de los Medios en España 2026, pág. 50 «Evolución de la audiencia de diarios (papel+visor digital) por título 2009-2025» (EGM): https://www.aimc.es/a1mc-c0nt3nt/uploads/2026/02/Marco_General_Medios_2026.pdf"
2022,Canarias 7,0.1,"AIMC, Marco General de los Medios en España 2026, pág. 50 «Evolución de la audiencia de diarios (papel+visor digital) por título 2009-2025» (EGM): https://www.aimc.es/a1mc-c0nt3nt/uploads/2026/02/Marco_General_Medios_2026.pdf"
2023,Canarias 7,0.1,"AIMC, Marco General de los Medios en España 2026, pág. 50 «Evolución de la audiencia de diarios (papel+visor digital) por título 2009-2025» (EGM): https://www.aimc.es/a1mc-c0nt3nt/uploads/2026/02/Marco_General_Medios_2026.pdf"
2024,Canarias 7,0.1,"AIMC, Marco General de los Medios en España 2026, pág. 50 «Evolución de la audiencia de diarios (papel+visor digital) por título 2009-2025» (EGM): https://www.aimc.es/a1mc-c0nt3nt/uploads/2026/02/Marco_General_Medios_2026.pdf"
2025,Canarias 7,0.1,"AIMC, Marco General de los Medios en España 2026, pág. 50 «Evolución de la audiencia de diarios (papel+visor digital) por título 2009-2025» (EGM): https://www.aimc.es/a1mc-c0nt3nt/uploads/2026/02/Marco_General_Medios_2026.pdf"
2009,El Progreso,0.3,"AIMC, Marco General de los Medios en España 2026, pág. 50 «Evolución de la audiencia de diarios (papel+visor digital) por título 2009-2025» (EGM): https://www.aimc.es/a1mc-c0nt3nt/uploads/2026/02/Marco_General_Medios_2026.pdf"
2010,El Progreso,0.2,"AIMC, Marco General de los Medios en España 2026, pág. 50 «Evolución de la audiencia de diarios (papel+visor digital) por título 2009-2025» (EGM): https://www.aimc.es/a1mc-c0nt3nt/uploads/2026/02/Marco_General_Medios_2026.pdf"
2011,El Progreso,0.2,"AIMC, Marco General de los Medios en España 2026, pág. 50 «Evolución de la audiencia de diarios (papel+visor digital) por título 2009-2025» (EGM): https://www.aimc.es/a1mc-c0nt3nt/uploads/2026/02/Marco_General_Medios_2026.pdf"
2012,El Progreso,0.3,"AIMC, Marco General de los Medios en España 2026, pág. 50 «Evolución de la audiencia de diarios (papel+visor digital) por título 2009-2025» (EGM): https://www.aimc.es/a1mc-c0nt3nt/uploads/2026/02/Marco_General_Medios_2026.pdf"
2013,El Progreso,0.2,"AIMC, Marco General de los Medios en España 2026, pág. 50 «Evolución de la audiencia de diarios (papel+visor digital) por título 2009-2025» (EGM): https://www.aimc.es/a1mc-c0nt3nt/uploads/2026/02/Marco_General_Medios_2026.pdf"
2014,El Progreso,0.2,"AIMC, Marco General de los Medios en España 2026, pág. 50 «Evolución de la audiencia de diarios (papel+visor digital) por título 2009-2025» (EGM): https://www.aimc.es/a1mc-c0nt3nt/uploads/2026/02/Marco_General_Medios_2026.pdf"
2015,El Progreso,0.2,"AIMC, Marco General de los Medios en España 2026, pág. 50 «Evolución de la audiencia de diarios (papel+visor digital) por título 2009-2025» (EGM): https://www.aimc.es/a1mc-c0nt3nt/uploads/2026/02/Marco_General_Medios_2026.pdf"
2016,El Progreso,0.2,"AIMC, Marco General de los Medios en España 2026, pág. 50 «Evolución de la audiencia de diarios (papel+visor digital) por título 2009-2025» (EGM): https://www.aimc.es/a1mc-c0nt3nt/uploads/2026/02/Marco_General_Medios_2026.pdf"
2017,El Progreso,0.2,"AIMC, Marco General de los Medios en España 2026, pág. 50 «Evolución de la audiencia de diarios (papel+visor digital) por título 2009-2025» (EGM): https://www.aimc.es/a1mc-c0nt3nt/uploads/2026/02/Marco_General_Medios_2026.pdf"
2018,El Progreso,0.2,"AIMC, Marco General de los Medios en España 2026, pág. 50 «Evolución de la audiencia de diarios (papel+visor digital) por título 2009-2025» (EGM): https://www.aimc.es/a1mc-c0nt3nt/uploads/2026/02/Marco_General_Medios_2026.pdf"
2019,El Progreso,0.2,"AIMC, Marco General de los Medios en España 2026, pág. 50 «Evolución de la audiencia de diarios (papel+visor digital) por título 2009-2025» (EGM): https://www.aimc.es/a1mc-c0nt3nt/uploads/2026/02/Marco_General_Medios_2026.pdf"
2020,El Progreso,0.2,"AIMC, Marco General de los Medios en España 2026, pág. 50 «Evolución de la audiencia de diarios (papel+visor digital) por título 2009-2025» (EGM): https://www.aimc.es/a1mc-c0nt3nt/uploads/2026/02/Marco_General_Medios_2026.pdf"
2021,El Progreso,0.2,"AIMC, Marco General de los Medios en España 2026, pág. 50 «Evolución de la audiencia de diarios (papel+visor digital) por título 2009-2025» (EGM): https://www.aimc.es/a1mc-c0nt3nt/uploads/2026/02/Marco_General_Medios_2026.pdf"
2022,El Progreso,0.2,"AIMC, Marco General de los Medios en España 2026, pág. 50 «Evolución de la audiencia de diarios (papel+visor digital) por título 2009-2025» (EGM): https://www.aimc.es/a1mc-c0nt3nt/uploads/2026/02/Marco_General_Medios_2026.pdf"
2023,El Progreso,0.2,"AIMC, Marco General de los Medios en España 2026, pág. 50 «Evolución de la audiencia de diarios (papel+visor digital) por título 2009-2025» (EGM): https://www.aimc.es/a1mc-c0nt3nt/uploads/2026/02/Marco_General_Medios_2026.pdf"
2024,El Progreso,0.2,"AIMC, Marco General de los Medios en España 2026, pág. 50 «Evolución de la audiencia de diarios (papel+visor digital) por título 2009-2025» (EGM): https://www.aimc.es/a1mc-c0nt3nt/uploads/2026/02/Marco_General_Medios_2026.pdf"
2025,El Progreso,0.1,"AIMC, Marco General de los Medios en España 2026, pág. 50 «Evolución de la audiencia de diarios (papel+visor digital) por título 2009-2025» (EGM): https://www.aimc.es/a1mc-c0nt3nt/uploads/2026/02/Marco_General_Medios_2026.pdf"
2009,La Provincia,0.4,"AIMC, Marco General de los Medios en España 2026, pág. 50 «Evolución de la audiencia de diarios (papel+visor digital) por título 2009-2025» (EGM): https://www.aimc.es/a1mc-c0nt3nt/uploads/2026/02/Marco_General_Medios_2026.pdf"
2010,La Provincia,0.4,"AIMC, Marco General de los Medios en España 2026, pág. 50 «Evolución de la audiencia de diarios (papel+visor digital) por título 2009-2025» (EGM): https://www.aimc.es/a1mc-c0nt3nt/uploads/2026/02/Marco_General_Medios_2026.pdf"
2011,La Provincia,0.4,"AIMC, Marco General de los Medios en España 2026, pág. 50 «Evolución de la audiencia de diarios (papel+visor digital) por título 2009-2025» (EGM): https://www.aimc.es/a1mc-c0nt3nt/uploads/2026/02/Marco_General_Medios_2026.pdf"
2012,La Provincia,0.4,"AIMC, Marco General de los Medios en España 2026, pág. 50 «Evolución de la audiencia de diarios (papel+visor digital) por título 2009-2025» (EGM): https://www.aimc.es/a1mc-c0nt3nt/uploads/2026/02/Marco_General_Medios_2026.pdf"
2013,La Provincia,0.4,"AIMC, Marco General de los Medios en España 2026, pág. 50 «Evolución de la audiencia de diarios (papel+visor digital) por título 2009-2025» (EGM): https://www.aimc.es/a1mc-c0nt3nt/uploads/2026/02/Marco_General_Medios_2026.pdf"
2014,La Provincia,0.4,"AIMC, Marco General de los Medios en España 2026, pág. 50 «Evolución de la audiencia de diarios (papel+visor digital) por título 2009-2025» (EGM): https://www.aimc.es/a1mc-c0nt3nt/uploads/2026/02/Marco_General_Medios_2026.pdf"
2015,La Provincia,0.3,"AIMC, Marco General de los Medios en España 2026, pág. 50 «Evolución de la audiencia de diarios (papel+visor digital) por título 2009-2025» (EGM): https://www.aimc.es/a1mc-c0nt3nt/uploads/2026/02/Marco_General_Medios_2026.pdf"
2016,La Provincia,0.4,"AIMC, Marco General de los Medios en España 2026, pág. 50 «Evolución de la audiencia de diarios (papel+visor digital) por título 2009-2025» (EGM): https://www.aimc.es/a1mc-c0nt3nt/uploads/2026/02/Marco_General_Medios_2026.pdf"
2017,La Provincia,0.3,"AIMC, Marco General de los Medios en España 2026, pág. 50 «Evolución de la audiencia de diarios (papel+visor digital) por título 2009-2025» (EGM): https://www.aimc.es/a1mc-c0nt3nt/uploads/2026/02/Marco_General_Medios_2026.pdf"
2018,La Provincia,0.3,"AIMC, Marco General de los Medios en España 2026, pág. 50 «Evolución de la audiencia de diarios (papel+visor digital) por título 2009-2025» (EGM): https://www.aimc.es/a1mc-c0nt3nt/uploads/2026/02/Marco_General_Medios_2026.pdf"
2019,La Provincia,0.3,"AIMC, Marco General de los Medios en España 2026, pág. 50 «Evolución de la audiencia de diarios (papel+visor digital) por título 2009-2025» (EGM): https://www.aimc.es/a1mc-c0nt3nt/uploads/2026/02/Marco_General_Medios_2026.pdf"
2020,La Provincia,0.2,"AIMC, Marco General de los Medios en España 2026, pág. 50 «Evolución de la audiencia de diarios (papel+visor digital) por título 2009-2025» (EGM): https://www.aimc.es/a1mc-c0nt3nt/uploads/2026/02/Marco_General_Medios_2026.pdf"
2021,La Provincia,0.1,"AIMC, Marco General de los Medios en España 2026, pág. 50 «Evolución de la audiencia de diarios (papel+visor digital) por título 2009-2025» (EGM): https://www.aimc.es/a1mc-c0nt3nt/uploads/2026/02/Marco_General_Medios_2026.pdf"
2022,La Provincia,0.1,"AIMC, Marco General de los Medios en España 2026, pág. 50 «Evolución de la audiencia de diarios (papel+visor digital) por título 2009-2025» (EGM): https://www.aimc.es/a1mc-c0nt3nt/uploads/2026/02/Marco_General_Medios_2026.pdf"
2023,La Provincia,0.1,"AIMC, Marco General de los Medios en España 2026, pág. 50 «Evolución de la audiencia de diarios (papel+visor digital) por título 2009-2025» (EGM): https://www.aimc.es/a1mc-c0nt3nt/uploads/2026/02/Marco_General_Medios_2026.pdf"
2024,La Provincia,0.1,"AIMC, Marco General de los Medios en España 2026, pág. 50 «Evolución de la audiencia de diarios (papel+visor digital) por título 2009-2025» (EGM): https://www.aimc.es/a1mc-c0nt3nt/uploads/2026/02/Marco_General_Medios_2026.pdf"
2025,La Provincia,0.1,"AIMC, Marco General de los Medios en España 2026, pág. 50 «Evolución de la audiencia de diarios (papel+visor digital) por título 2009-2025» (EGM): https://www.aimc.es/a1mc-c0nt3nt/uploads/2026/02/Marco_General_Medios_2026.pdf"
2009,Mediterráneo,0.2,"AIMC, Marco General de los Medios en España 2026, pág. 50 «Evolución de la audiencia de diarios (papel+visor digital) por título 2009-2025» (EGM): https://www.aimc.es/a1mc-c0nt3nt/uploads/2026/02/Marco_General_Medios_2026.pdf"
2010,Mediterráneo,0.2,"AIMC, Marco General de los Medios en España 2026, pág. 50 «Evolución de la audiencia de diarios (papel+visor digital) por título 2009-2025» (EGM): https://www.aimc.es/a1mc-c0nt3nt/uploads/2026/02/Marco_General_Medios_2026.pdf"
2011,Mediterráneo,0.2,"AIMC, Marco General de los Medios en España 2026, pág. 50 «Evolución de la audiencia de diarios (papel+visor digital) por título 2009-2025» (EGM): https://www.aimc.es/a1mc-c0nt3nt/uploads/2026/02/Marco_General_Medios_2026.pdf"
2012,Mediterráneo,0.2,"AIMC, Marco General de los Medios en España 2026, pág. 50 «Evolución de la audiencia de diarios (papel+visor digital) por título 2009-2025» (EGM): https://www.aimc.es/a1mc-c0nt3nt/uploads/2026/02/Marco_General_Medios_2026.pdf"
2013,Mediterráneo,0.2,"AIMC, Marco General de los Medios en España 2026, pág. 50 «Evolución de la audiencia de diarios (papel+visor digital) por título 2009-2025» (EGM): https://www.aimc.es/a1mc-c0nt3nt/uploads/2026/02/Marco_General_Medios_2026.pdf"
2014,Mediterráneo,0.2,"AIMC, Marco General de los Medios en España 2026, pág. 50 «Evolución de la audiencia de diarios (papel+visor digital) por título 2009-2025» (EGM): https://www.aimc.es/a1mc-c0nt3nt/uploads/2026/02/Marco_General_Medios_2026.pdf"
2015,Mediterráneo,0.2,"AIMC, Marco General de los Medios en España 2026, pág. 50 «Evolución de la audiencia de diarios (papel+visor digital) por título 2009-2025» (EGM): https://www.aimc.es/a1mc-c0nt3nt/uploads/2026/02/Marco_General_Medios_2026.pdf"
2016,Mediterráneo,0.2,"AIMC, Marco General de los Medios en España 2026, pág. 50 «Evolución de la audiencia de diarios (papel+visor digital) por título 2009-2025» (EGM): https://www.aimc.es/a1mc-c0nt3nt/uploads/2026/02/Marco_General_Medios_2026.pdf"
2017,Mediterráneo,0.2,"AIMC, Marco General de los Medios en España 2026, pág. 50 «Evolución de la audiencia de diarios (papel+visor digital) por título 2009-2025» (EGM): https://www.aimc.es/a1mc-c0nt3nt/uploads/2026/02/Marco_General_Medios_2026.pdf"
2018,Mediterráneo,0.2,"AIMC, Marco General de los Medios en España 2026, pág. 50 «Evolución de la audiencia de diarios (papel+visor digital) por título 2009-2025» (EGM): https://www.aimc.es/a1mc-c0nt3nt/uploads/2026/02/Marco_General_Medios_2026.pdf"
2019,Mediterráneo,0.2,"AIMC, Marco General de los Medios en España 2026, pág. 50 «Evolución de la audiencia de diarios (papel+visor digital) por título 2009-2025» (EGM): https://www.aimc.es/a1mc-c0nt3nt/uploads/2026/02/Marco_General_Medios_2026.pdf"
2020,Mediterráneo,0.1,"AIMC, Marco General de los Medios en España 2026, pág. 50 «Evolución de la audiencia de diarios (papel+visor digital) por título 2009-2025» (EGM): https://www.aimc.es/a1mc-c0nt3nt/uploads/2026/02/Marco_General_Medios_2026.pdf"
2021,Mediterráneo,0.1,"AIMC, Marco General de los Medios en España 2026, pág. 50 «Evolución de la audiencia de diarios (papel+visor digital) por título 2009-2025» (EGM): https://www.aimc.es/a1mc-c0nt3nt/uploads/2026/02/Marco_General_Medios_2026.pdf"
2022,Mediterráneo,0.1,"AIMC, Marco General de los Medios en España 2026, pág. 50 «Evolución de la audiencia de diarios (papel+visor digital) por título 2009-2025» (EGM): https://www.aimc.es/a1mc-c0nt3nt/uploads/2026/02/Marco_General_Medios_2026.pdf"
2023,Mediterráneo,0.1,"AIMC, Marco General de los Medios en España 2026, pág. 50 «Evolución de la audiencia de diarios (papel+visor digital) por título 2009-2025» (EGM): https://www.aimc.es/a1mc-c0nt3nt/uploads/2026/02/Marco_General_Medios_2026.pdf"
2024,Mediterráneo,0.1,"AIMC, Marco General de los Medios en España 2026, pág. 50 «Evolución de la audiencia de diarios (papel+visor digital) por título 2009-2025» (EGM): https://www.aimc.es/a1mc-c0nt3nt/uploads/2026/02/Marco_General_Medios_2026.pdf"
2025,Mediterráneo,0.1,"AIMC, Marco General de los Medios en España 2026, pág. 50 «Evolución de la audiencia de diarios (papel+visor digital) por título 2009-2025» (EGM): https://www.aimc.es/a1mc-c0nt3nt/uploads/2026/02/Marco_General_Medios_2026.pdf"
2009,La Rioja,0.3,"AIMC, Marco General de los Medios en España 2026, pág. 50 «Evolución de la audiencia de diarios (papel+visor digital) por título 2009-2025» (EGM): https://www.aimc.es/a1mc-c0nt3nt/uploads/2026/02/Marco_General_Medios_2026.pdf"
2010,La Rioja,0.2,"AIMC, Marco General de los Medios en España 2026, pág. 50 «Evolución de la audiencia de diarios (papel+visor digital) por título 2009-2025» (EGM): https://www.aimc.es/a1mc-c0nt3nt/uploads/2026/02/Marco_General_Medios_2026.pdf"
2011,La Rioja,0.2,"AIMC, Marco General de los Medios en España 2026, pág. 50 «Evolución de la audiencia de diarios (papel+visor digital) por título 2009-2025» (EGM): https://www.aimc.es/a1mc-c0nt3nt/uploads/2026/02/Marco_General_Medios_2026.pdf"
2012,La Rioja,0.3,"AIMC, Marco General de los Medios en España 2026, pág. 50 «Evolución de la audiencia de diarios (papel+visor digital) por título 2009-2025» (EGM): https://www.aimc.es/a1mc-c0nt3nt/uploads/2026/02/Marco_General_Medios_2026.pdf"
2013,La Rioja,0.2,"AIMC, Marco General de los Medios en España 2026, pág. 50 «Evolución de la audiencia de diarios (papel+visor digital) por título 2009-2025» (EGM): https://www.aimc.es/a1mc-c0nt3nt/uploads/2026/02/Marco_General_Medios_2026.pdf"
2014,La Rioja,0.2,"AIMC, Marco General de los Medios en España 2026, pág. 50 «Evolución de la audiencia de diarios (papel+visor digital) por título 2009-2025» (EGM): https://www.aimc.es/a1mc-c0nt3nt/uploads/2026/02/Marco_General_Medios_2026.pdf"
2015,La Rioja,0.2,"AIMC, Marco General de los Medios en España 2026, pág. 50 «Evolución de la audiencia de diarios (papel+visor digital) por título 2009-2025» (EGM): https://www.aimc.es/a1mc-c0nt3nt/uploads/2026/02/Marco_General_Medios_2026.pdf"
2016,La Rioja,0.2,"AIMC, Marco General de los Medios en España 2026, pág. 50 «Evolución de la audiencia de diarios (papel+visor digital) por título 2009-2025» (EGM): https://www.aimc.es/a1mc-c0nt3nt/uploads/2026/02/Marco_General_Medios_2026.pdf"
2017,La Rioja,0.2,"AIMC, Marco General de los Medios en España 2026, pág. 50 «Evolución de la audiencia de diarios (papel+visor digital) por título 2009-2025» (EGM): https://www.aimc.es/a1mc-c0nt3nt/uploads/2026/02/Marco_General_Medios_2026.pdf"
2018,La Rioja,0.2,"AIMC, Marco General de los Medios en España 2026, pág. 50 «Evolución de la audiencia de diarios (papel+visor digital) por título 2009-2025» (EGM): https://www.aimc.es/a1mc-c0nt3nt/uploads/2026/02/Marco_General_Medios_2026.pdf"
2019,La Rioja,0.2,"AIMC, Marco General de los Medios en España 2026, pág. 50 «Evolución de la audiencia de diarios (papel+visor digital) por título 2009-2025» (EGM): https://www.aimc.es/a1mc-c0nt3nt/uploads/2026/02/Marco_General_Medios_2026.pdf"
2020,La Rioja,0.2,"AIMC, Marco General de los Medios en España 2026, pág. 50 «Evolución de la audiencia de diarios (papel+visor digital) por título 2009-2025» (EGM): https://www.aimc.es/a1mc-c0nt3nt/uploads/2026/02/Marco_General_Medios_2026.pdf"
2021,La Rioja,0.1,"AIMC, Marco General de los Medios en España 2026, pág. 50 «Evolución de la audiencia de diarios (papel+visor digital) por título 2009-2025» (EGM): https://www.aimc.es/a1mc-c0nt3nt/uploads/2026/02/Marco_General_Medios_2026.pdf"
2022,La Rioja,0.1,"AIMC, Marco General de los Medios en España 2026, pág. 50 «Evolución de la audiencia de diarios (papel+visor digital) por título 2009-2025» (EGM): https://www.aimc.es/a1mc-c0nt3nt/uploads/2026/02/Marco_General_Medios_2026.pdf"
2023,La Rioja,0.1,"AIMC, Marco General de los Medios en España 2026, pág. 50 «Evolución de la audiencia de diarios (papel+visor digital) por título 2009-2025» (EGM): https://www.aimc.es/a1mc-c0nt3nt/uploads/2026/02/Marco_General_Medios_2026.pdf"
2024,La Rioja,0.1,"AIMC, Marco General de los Medios en España 2026, pág. 50 «Evolución de la audiencia de diarios (papel+visor digital) por título 2009-2025» (EGM): https://www.aimc.es/a1mc-c0nt3nt/uploads/2026/02/Marco_General_Medios_2026.pdf"
2025,La Rioja,0.1,"AIMC, Marco General de los Medios en España 2026, pág. 50 «Evolución de la audiencia de diarios (papel+visor digital) por título 2009-2025» (EGM): https://www.aimc.es/a1mc-c0nt3nt/uploads/2026/02/Marco_General_Medios_2026.pdf"
2009,Sur,0.5,"AIMC, Marco General de los Medios en España 2026, pág. 50 «Evolución de la audiencia de diarios (papel+visor digital) por título 2009-2025» (EGM): https://www.aimc.es/a1mc-c0nt3nt/uploads/2026/02/Marco_General_Medios_2026.pdf"
2010,Sur,0.4,"AIMC, Marco General de los Medios en España 2026, pág. 50 «Evolución de la audiencia de diarios (papel+visor digital) por título 2009-2025» (EGM): https://www.aimc.es/a1mc-c0nt3nt/uploads/2026/02/Marco_General_Medios_2026.pdf"
2011,Sur,0.4,"AIMC, Marco General de los Medios en España 2026, pág. 50 «Evolución de la audiencia de diarios (papel+visor digital) por título 2009-2025» (EGM): https://www.aimc.es/a1mc-c0nt3nt/uploads/2026/02/Marco_General_Medios_2026.pdf"
2012,Sur,0.4,"AIMC, Marco General de los Medios en España 2026, pág. 50 «Evolución de la audiencia de diarios (papel+visor digital) por título 2009-2025» (EGM): https://www.aimc.es/a1mc-c0nt3nt/uploads/2026/02/Marco_General_Medios_2026.pdf"
2013,Sur,0.4,"AIMC, Marco General de los Medios en España 2026, pág. 50 «Evolución de la audiencia de diarios (papel+visor digital) por título 2009-2025» (EGM): https://www.aimc.es/a1mc-c0nt3nt/uploads/2026/02/Marco_General_Medios_2026.pdf"
2014,Sur,0.3,"AIMC, Marco General de los Medios en España 2026, pág. 50 «Evolución de la audiencia de diarios (papel+visor digital) por título 2009-2025» (EGM): https://www.aimc.es/a1mc-c0nt3nt/uploads/2026/02/Marco_General_Medios_2026.pdf"
2015,Sur,0.4,"AIMC, Marco General de los Medios en España 2026, pág. 50 «Evolución de la audiencia de diarios (papel+visor digital) por título 2009-2025» (EGM): https://www.aimc.es/a1mc-c0nt3nt/uploads/2026/02/Marco_General_Medios_2026.pdf"
2016,Sur,0.3,"AIMC, Marco General de los Medios en España 2026, pág. 50 «Evolución de la audiencia de diarios (papel+visor digital) por título 2009-2025» (EGM): https://www.aimc.es/a1mc-c0nt3nt/uploads/2026/02/Marco_General_Medios_2026.pdf"
2017,Sur,0.3,"AIMC, Marco General de los Medios en España 2026, pág. 50 «Evolución de la audiencia de diarios (papel+visor digital) por título 2009-2025» (EGM): https://www.aimc.es/a1mc-c0nt3nt/uploads/2026/02/Marco_General_Medios_2026.pdf"
2018,Sur,0.3,"AIMC, Marco General de los Medios en España 2026, pág. 50 «Evolución de la audiencia de diarios (papel+visor digital) por título 2009-2025» (EGM): https://www.aimc.es/a1mc-c0nt3nt/uploads/2026/02/Marco_General_Medios_2026.pdf"
2019,Sur,0.4,"AIMC, Marco General de los Medios en España 2026, pág. 50 «Evolución de la audiencia de diarios (papel+visor digital) por título 2009-2025» (EGM): https://www.aimc.es/a1mc-c0nt3nt/uploads/2026/02/Marco_General_Medios_2026.pdf"
2020,Sur,0.3,"AIMC, Marco General de los Medios en España 2026, pág. 50 «Evolución de la audiencia de diarios (papel+visor digital) por título 2009-2025» (EGM): https://www.aimc.es/a1mc-c0nt3nt/uploads/2026/02/Marco_General_Medios_2026.pdf"
2021,Sur,0.1,"AIMC, Marco General de los Medios en España 2026, pág. 50 «Evolución de la audiencia de diarios (papel+visor digital) por título 2009-2025» (EGM): https://www.aimc.es/a1mc-c0nt3nt/uploads/2026/02/Marco_General_Medios_2026.pdf"
2022,Sur,0.2,"AIMC, Marco General de los Medios en España 2026, pág. 50 «Evolución de la audiencia de diarios (papel+visor digital) por título 2009-2025» (EGM): https://www.aimc.es/a1mc-c0nt3nt/uploads/2026/02/Marco_General_Medios_2026.pdf"
2023,Sur,0.2,"AIMC, Marco General de los Medios en España 2026, pág. 50 «Evolución de la audiencia de diarios (papel+visor digital) por título 2009-2025» (EGM): https://www.aimc.es/a1mc-c0nt3nt/uploads/2026/02/Marco_General_Medios_2026.pdf"
2024,Sur,0.2,"AIMC, Marco General de los Medios en España 2026, pág. 50 «Evolución de la audiencia de diarios (papel+visor digital) por título 2009-2025» (EGM): https://www.aimc.es/a1mc-c0nt3nt/uploads/2026/02/Marco_General_Medios_2026.pdf"
2025,Sur,0.1,"AIMC, Marco General de los Medios en España 2026, pág. 50 «Evolución de la audiencia de diarios (papel+visor digital) por título 2009-2025» (EGM): https://www.aimc.es/a1mc-c0nt3nt/uploads/2026/02/Marco_General_Medios_2026.pdf"
2009,Diario de Avisos,0.2,"AIMC, Marco General de los Medios en España 2026, pág. 50 «Evolución de la audiencia de diarios (papel+visor digital) por título 2009-2025» (EGM): https://www.aimc.es/a1mc-c0nt3nt/uploads/2026/02/Marco_General_Medios_2026.pdf"
2010,Diario de Avisos,0.2,"AIMC, Marco General de los Medios en España 2026, pág. 50 «Evolución de la audiencia de diarios (papel+visor digital) por título 2009-2025» (EGM): https://www.aimc.es/a1mc-c0nt3nt/uploads/2026/02/Marco_General_Medios_2026.pdf"
2011,Diario de Avisos,0.2,"AIMC, Marco General de los Medios en España 2026, pág. 50 «Evolución de la audiencia de diarios (papel+visor digital) por título 2009-2025» (EGM): https://www.aimc.es/a1mc-c0nt3nt/uploads/2026/02/Marco_General_Medios_2026.pdf"
2012,Diario de Avisos,0.2,"AIMC, Marco General de los Medios en España 2026, pág. 50 «Evolución de la audiencia de diarios (papel+visor digital) por título 2009-2025» (EGM): https://www.aimc.es/a1mc-c0nt3nt/uploads/2026/02/Marco_General_Medios_2026.pdf"
2013,Diario de Avisos,0.2,"AIMC, Marco General de los Medios en España 2026, pág. 50 «Evolución de la audiencia de diarios (papel+visor digital) por título 2009-2025» (EGM): https://www.aimc.es/a1mc-c0nt3nt/uploads/2026/02/Marco_General_Medios_2026.pdf"
2014,Diario de Avisos,0.2,"AIMC, Marco General de los Medios en España 2026, pág. 50 «Evolución de la audiencia de diarios (papel+visor digital) por título 2009-2025» (EGM): https://www.aimc.es/a1mc-c0nt3nt/uploads/2026/02/Marco_General_Medios_2026.pdf"
2015,Diario de Avisos,0.2,"AIMC, Marco General de los Medios en España 2026, pág. 50 «Evolución de la audiencia de diarios (papel+visor digital) por título 2009-2025» (EGM): https://www.aimc.es/a1mc-c0nt3nt/uploads/2026/02/Marco_General_Medios_2026.pdf"
2016,Diario de Avisos,0.2,"AIMC, Marco General de los Medios en España 2026, pág. 50 «Evolución de la audiencia de diarios (papel+visor digital) por título 2009-2025» (EGM): https://www.aimc.es/a1mc-c0nt3nt/uploads/2026/02/Marco_General_Medios_2026.pdf"
2017,Diario de Avisos,0.2,"AIMC, Marco General de los Medios en España 2026, pág. 50 «Evolución de la audiencia de diarios (papel+visor digital) por título 2009-2025» (EGM): https://www.aimc.es/a1mc-c0nt3nt/uploads/2026/02/Marco_General_Medios_2026.pdf"
2018,Diario de Avisos,0.2,"AIMC, Marco General de los Medios en España 2026, pág. 50 «Evolución de la audiencia de diarios (papel+visor digital) por título 2009-2025» (EGM): https://www.aimc.es/a1mc-c0nt3nt/uploads/2026/02/Marco_General_Medios_2026.pdf"
2019,Diario de Avisos,0.2,"AIMC, Marco General de los Medios en España 2026, pág. 50 «Evolución de la audiencia de diarios (papel+visor digital) por título 2009-2025» (EGM): https://www.aimc.es/a1mc-c0nt3nt/uploads/2026/02/Marco_General_Medios_2026.pdf"
2020,Diario de Avisos,0.1,"AIMC, Marco General de los Medios en España 2026, pág. 50 «Evolución de la audiencia de diarios (papel+visor digital) por título 2009-2025» (EGM): https://www.aimc.es/a1mc-c0nt3nt/uploads/2026/02/Marco_General_Medios_2026.pdf"
2021,Diario de Avisos,0.1,"AIMC, Marco General de los Medios en España 2026, pág. 50 «Evolución de la audiencia de diarios (papel+visor digital) por título 2009-2025» (EGM): https://www.aimc.es/a1mc-c0nt3nt/uploads/2026/02/Marco_General_Medios_2026.pdf"
2022,Diario de Avisos,0.1,"AIMC, Marco General de los Medios en España 2026, pág. 50 «Evolución de la audiencia de diarios (papel+visor digital) por título 2009-2025» (EGM): https://www.aimc.es/a1mc-c0nt3nt/uploads/2026/02/Marco_General_Medios_2026.pdf"
2023,Diario de Avisos,0.1,"AIMC, Marco General de los Medios en España 2026, pág. 50 «Evolución de la audiencia de diarios (papel+visor digital) por título 2009-2025» (EGM): https://www.aimc.es/a1mc-c0nt3nt/uploads/2026/02/Marco_General_Medios_2026.pdf"
2024,Diario de Avisos,0.1,"AIMC, Marco General de los Medios en España 2026, pág. 50 «Evolución de la audiencia de diarios (papel+visor digital) por título 2009-2025» (EGM): https://www.aimc.es/a1mc-c0nt3nt/uploads/2026/02/Marco_General_Medios_2026.pdf"
2025,Diario de Avisos,0.1,"AIMC, Marco General de los Medios en España 2026, pág. 50 «Evolución de la audiencia de diarios (papel+visor digital) por título 2009-2025» (EGM): https://www.aimc.es/a1mc-c0nt3nt/uploads/2026/02/Marco_General_Medios_2026.pdf"
2009,Las Provincias,0.4,"AIMC, Marco General de los Medios en España 2026, pág. 50 «Evolución de la audiencia de diarios (papel+visor digital) por título 2009-2025» (EGM): https://www.aimc.es/a1mc-c0nt3nt/uploads/2026/02/Marco_General_Medios_2026.pdf"
2010,Las Provincias,0.4,"AIMC, Marco General de los Medios en España 2026, pág. 50 «Evolución de la audiencia de diarios (papel+visor digital) por título 2009-2025» (EGM): https://www.aimc.es/a1mc-c0nt3nt/uploads/2026/02/Marco_General_Medios_2026.pdf"
2011,Las Provincias,0.4,"AIMC, Marco General de los Medios en España 2026, pág. 50 «Evolución de la audiencia de diarios (papel+visor digital) por título 2009-2025» (EGM): https://www.aimc.es/a1mc-c0nt3nt/uploads/2026/02/Marco_General_Medios_2026.pdf"
2012,Las Provincias,0.4,"AIMC, Marco General de los Medios en España 2026, pág. 50 «Evolución de la audiencia de diarios (papel+visor digital) por título 2009-2025» (EGM): https://www.aimc.es/a1mc-c0nt3nt/uploads/2026/02/Marco_General_Medios_2026.pdf"
2013,Las Provincias,0.4,"AIMC, Marco General de los Medios en España 2026, pág. 50 «Evolución de la audiencia de diarios (papel+visor digital) por título 2009-2025» (EGM): https://www.aimc.es/a1mc-c0nt3nt/uploads/2026/02/Marco_General_Medios_2026.pdf"
2014,Las Provincias,0.3,"AIMC, Marco General de los Medios en España 2026, pág. 50 «Evolución de la audiencia de diarios (papel+visor digital) por título 2009-2025» (EGM): https://www.aimc.es/a1mc-c0nt3nt/uploads/2026/02/Marco_General_Medios_2026.pdf"
2015,Las Provincias,0.3,"AIMC, Marco General de los Medios en España 2026, pág. 50 «Evolución de la audiencia de diarios (papel+visor digital) por título 2009-2025» (EGM): https://www.aimc.es/a1mc-c0nt3nt/uploads/2026/02/Marco_General_Medios_2026.pdf"
2016,Las Provincias,0.3,"AIMC, Marco General de los Medios en España 2026, pág. 50 «Evolución de la audiencia de diarios (papel+visor digital) por título 2009-2025» (EGM): https://www.aimc.es/a1mc-c0nt3nt/uploads/2026/02/Marco_General_Medios_2026.pdf"
2017,Las Provincias,0.3,"AIMC, Marco General de los Medios en España 2026, pág. 50 «Evolución de la audiencia de diarios (papel+visor digital) por título 2009-2025» (EGM): https://www.aimc.es/a1mc-c0nt3nt/uploads/2026/02/Marco_General_Medios_2026.pdf"
2018,Las Provincias,0.3,"AIMC, Marco General de los Medios en España 2026, pág. 50 «Evolución de la audiencia de diarios (papel+visor digital) por título 2009-2025» (EGM): https://www.aimc.es/a1mc-c0nt3nt/uploads/2026/02/Marco_General_Medios_2026.pdf"
2019,Las Provincias,0.2,"AIMC, Marco General de los Medios en España 2026, pág. 50 «Evolución de la audiencia de diarios (papel+visor digital) por título 2009-2025» (EGM): https://www.aimc.es/a1mc-c0nt3nt/uploads/2026/02/Marco_General_Medios_2026.pdf"
2020,Las Provincias,0.2,"AIMC, Marco General de los Medios en España 2026, pág. 50 «Evolución de la audiencia de diarios (papel+visor digital) por título 2009-2025» (EGM): https://www.aimc.es/a1mc-c0nt3nt/uploads/2026/02/Marco_General_Medios_2026.pdf"
2021,Las Provincias,0.2,"AIMC, Marco General de los Medios en España 2026, pág. 50 «Evolución de la audiencia de diarios (papel+visor digital) por título 2009-2025» (EGM): https://www.aimc.es/a1mc-c0nt3nt/uploads/2026/02/Marco_General_Medios_2026.pdf"
2022,Las Provincias,0.1,"AIMC, Marco General de los Medios en España 2026, pág. 50 «Evolución de la audiencia de diarios (papel+visor digital) por título 2009-2025» (EGM): https://www.aimc.es/a1mc-c0nt3nt/uploads/2026/02/Marco_General_Medios_2026.pdf"
2023,Las Provincias,0.1,"AIMC, Marco General de los Medios en España 2026, pág. 50 «Evolución de la audiencia de diarios (papel+visor digital) por título 2009-2025» (EGM): https://www.aimc.es/a1mc-c0nt3nt/uploads/2026/02/Marco_General_Medios_2026.pdf"
2024,Las Provincias,0.1,"AIMC, Marco General de los Medios en España 2026, pág. 50 «Evolución de la audiencia de diarios (papel+visor digital) por título 2009-2025» (EGM): https://www.aimc.es/a1mc-c0nt3nt/uploads/2026/02/Marco_General_Medios_2026.pdf"
2025,Las Provincias,0.1,"AIMC, Marco General de los Medios en España 2026, pág. 50 «Evolución de la audiencia de diarios (papel+visor digital) por título 2009-2025» (EGM): https://www.aimc.es/a1mc-c0nt3nt/uploads/2026/02/Marco_General_Medios_2026.pdf"
2009,Hoy Diario de Extremadura,0.4,"AIMC, Marco General de los Medios en España 2026, pág. 50 «Evolución de la audiencia de diarios (papel+visor digital) por título 2009-2025» (EGM): https://www.aimc.es/a1mc-c0nt3nt/uploads/2026/02/Marco_General_Medios_2026.pdf"
2010,Hoy Diario de Extremadura,0.4,"AIMC, Marco General de los Medios en España 2026, pág. 50 «Evolución de la audiencia de diarios (papel+visor digital) por título 2009-2025» (EGM): https://www.aimc.es/a1mc-c0nt3nt/uploads/2026/02/Marco_General_Medios_2026.pdf"
2011,Hoy Diario de Extremadura,0.3,"AIMC, Marco General de los Medios en España 2026, pág. 50 «Evolución de la audiencia de diarios (papel+visor digital) por título 2009-2025» (EGM): https://www.aimc.es/a1mc-c0nt3nt/uploads/2026/02/Marco_General_Medios_2026.pdf"
2012,Hoy Diario de Extremadura,0.4,"AIMC, Marco General de los Medios en España 2026, pág. 50 «Evolución de la audiencia de diarios (papel+visor digital) por título 2009-2025» (EGM): https://www.aimc.es/a1mc-c0nt3nt/uploads/2026/02/Marco_General_Medios_2026.pdf"
2013,Hoy Diario de Extremadura,0.3,"AIMC, Marco General de los Medios en España 2026, pág. 50 «Evolución de la audiencia de diarios (papel+visor digital) por título 2009-2025» (EGM): https://www.aimc.es/a1mc-c0nt3nt/uploads/2026/02/Marco_General_Medios_2026.pdf"
2014,Hoy Diario de Extremadura,0.4,"AIMC, Marco General de los Medios en España 2026, pág. 50 «Evolución de la audiencia de diarios (papel+visor digital) por título 2009-2025» (EGM): https://www.aimc.es/a1mc-c0nt3nt/uploads/2026/02/Marco_General_Medios_2026.pdf"
2015,Hoy Diario de Extremadura,0.3,"AIMC, Marco General de los Medios en España 2026, pág. 50 «Evolución de la audiencia de diarios (papel+visor digital) por título 2009-2025» (EGM): https://www.aimc.es/a1mc-c0nt3nt/uploads/2026/02/Marco_General_Medios_2026.pdf"
2016,Hoy Diario de Extremadura,0.3,"AIMC, Marco General de los Medios en España 2026, pág. 50 «Evolución de la audiencia de diarios (papel+visor digital) por título 2009-2025» (EGM): https://www.aimc.es/a1mc-c0nt3nt/uploads/2026/02/Marco_General_Medios_2026.pdf"
2017,Hoy Diario de Extremadura,0.3,"AIMC, Marco General de los Medios en España 2026, pág. 50 «Evolución de la audiencia de diarios (papel+visor digital) por título 2009-2025» (EGM): https://www.aimc.es/a1mc-c0nt3nt/uploads/2026/02/Marco_General_Medios_2026.pdf"
2018,Hoy Diario de Extremadura,0.3,"AIMC, Marco General de los Medios en España 2026, pág. 50 «Evolución de la audiencia de diarios (papel+visor digital) por título 2009-2025» (EGM): https://www.aimc.es/a1mc-c0nt3nt/uploads/2026/02/Marco_General_Medios_2026.pdf"
2019,Hoy Diario de Extremadura,0.2,"AIMC, Marco General de los Medios en España 2026, pág. 50 «Evolución de la audiencia de diarios (papel+visor digital) por título 2009-2025» (EGM): https://www.aimc.es/a1mc-c0nt3nt/uploads/2026/02/Marco_General_Medios_2026.pdf"
2020,Hoy Diario de Extremadura,0.2,"AIMC, Marco General de los Medios en España 2026, pág. 50 «Evolución de la audiencia de diarios (papel+visor digital) por título 2009-2025» (EGM): https://www.aimc.es/a1mc-c0nt3nt/uploads/2026/02/Marco_General_Medios_2026.pdf"
2021,Hoy Diario de Extremadura,0.1,"AIMC, Marco General de los Medios en España 2026, pág. 50 «Evolución de la audiencia de diarios (papel+visor digital) por título 2009-2025» (EGM): https://www.aimc.es/a1mc-c0nt3nt/uploads/2026/02/Marco_General_Medios_2026.pdf"
2022,Hoy Diario de Extremadura,0.1,"AIMC, Marco General de los Medios en España 2026, pág. 50 «Evolución de la audiencia de diarios (papel+visor digital) por título 2009-2025» (EGM): https://www.aimc.es/a1mc-c0nt3nt/uploads/2026/02/Marco_General_Medios_2026.pdf"
2023,Hoy Diario de Extremadura,0.1,"AIMC, Marco General de los Medios en España 2026, pág. 50 «Evolución de la audiencia de diarios (papel+visor digital) por título 2009-2025» (EGM): https://www.aimc.es/a1mc-c0nt3nt/uploads/2026/02/Marco_General_Medios_2026.pdf"
2024,Hoy Diario de Extremadura,0.1,"AIMC, Marco General de los Medios en España 2026, pág. 50 «Evolución de la audiencia de diarios (papel+visor digital) por título 2009-2025» (EGM): https://www.aimc.es/a1mc-c0nt3nt/uploads/2026/02/Marco_General_Medios_2026.pdf"
2025,Hoy Diario de Extremadura,0.1,"AIMC, Marco General de los Medios en España 2026, pág. 50 «Evolución de la audiencia de diarios (papel+visor digital) por título 2009-2025» (EGM): https://www.aimc.es/a1mc-c0nt3nt/uploads/2026/02/Marco_General_Medios_2026.pdf"
2009,Diario de Cádiz,0.4,"AIMC, Marco General de los Medios en España 2026, pág. 50 «Evolución de la audiencia de diarios (papel+visor digital) por título 2009-2025» (EGM): https://www.aimc.es/a1mc-c0nt3nt/uploads/2026/02/Marco_General_Medios_2026.pdf"
2010,Diario de Cádiz,0.3,"AIMC, Marco General de los Medios en España 2026, pág. 50 «Evolución de la audiencia de diarios (papel+visor digital) por título 2009-2025» (EGM): https://www.aimc.es/a1mc-c0nt3nt/uploads/2026/02/Marco_General_Medios_2026.pdf"
2011,Diario de Cádiz,0.3,"AIMC, Marco General de los Medios en España 2026, pág. 50 «Evolución de la audiencia de diarios (papel+visor digital) por título 2009-2025» (EGM): https://www.aimc.es/a1mc-c0nt3nt/uploads/2026/02/Marco_General_Medios_2026.pdf"
2012,Diario de Cádiz,0.3,"AIMC, Marco General de los Medios en España 2026, pág. 50 «Evolución de la audiencia de diarios (papel+visor digital) por título 2009-2025» (EGM): https://www.aimc.es/a1mc-c0nt3nt/uploads/2026/02/Marco_General_Medios_2026.pdf"
2013,Diario de Cádiz,0.3,"AIMC, Marco General de los Medios en España 2026, pág. 50 «Evolución de la audiencia de diarios (papel+visor digital) por título 2009-2025» (EGM): https://www.aimc.es/a1mc-c0nt3nt/uploads/2026/02/Marco_General_Medios_2026.pdf"
2014,Diario de Cádiz,0.2,"AIMC, Marco General de los Medios en España 2026, pág. 50 «Evolución de la audiencia de diarios (papel+visor digital) por título 2009-2025» (EGM): https://www.aimc.es/a1mc-c0nt3nt/uploads/2026/02/Marco_General_Medios_2026.pdf"
2015,Diario de Cádiz,0.2,"AIMC, Marco General de los Medios en España 2026, pág. 50 «Evolución de la audiencia de diarios (papel+visor digital) por título 2009-2025» (EGM): https://www.aimc.es/a1mc-c0nt3nt/uploads/2026/02/Marco_General_Medios_2026.pdf"
2016,Diario de Cádiz,0.2,"AIMC, Marco General de los Medios en España 2026, pág. 50 «Evolución de la audiencia de diarios (papel+visor digital) por título 2009-2025» (EGM): https://www.aimc.es/a1mc-c0nt3nt/uploads/2026/02/Marco_General_Medios_2026.pdf"
2017,Diario de Cádiz,0.2,"AIMC, Marco General de los Medios en España 2026, pág. 50 «Evolución de la audiencia de diarios (papel+visor digital) por título 2009-2025» (EGM): https://www.aimc.es/a1mc-c0nt3nt/uploads/2026/02/Marco_General_Medios_2026.pdf"
2018,Diario de Cádiz,0.2,"AIMC, Marco General de los Medios en España 2026, pág. 50 «Evolución de la audiencia de diarios (papel+visor digital) por título 2009-2025» (EGM): https://www.aimc.es/a1mc-c0nt3nt/uploads/2026/02/Marco_General_Medios_2026.pdf"
2019,Diario de Cádiz,0.2,"AIMC, Marco General de los Medios en España 2026, pág. 50 «Evolución de la audiencia de diarios (papel+visor digital) por título 2009-2025» (EGM): https://www.aimc.es/a1mc-c0nt3nt/uploads/2026/02/Marco_General_Medios_2026.pdf"
2020,Diario de Cádiz,0.2,"AIMC, Marco General de los Medios en España 2026, pág. 50 «Evolución de la audiencia de diarios (papel+visor digital) por título 2009-2025» (EGM): https://www.aimc.es/a1mc-c0nt3nt/uploads/2026/02/Marco_General_Medios_2026.pdf"
2021,Diario de Cádiz,0.1,"AIMC, Marco General de los Medios en España 2026, pág. 50 «Evolución de la audiencia de diarios (papel+visor digital) por título 2009-2025» (EGM): https://www.aimc.es/a1mc-c0nt3nt/uploads/2026/02/Marco_General_Medios_2026.pdf"
2022,Diario de Cádiz,0.1,"AIMC, Marco General de los Medios en España 2026, pág. 50 «Evolución de la audiencia de diarios (papel+visor digital) por título 2009-2025» (EGM): https://www.aimc.es/a1mc-c0nt3nt/uploads/2026/02/Marco_General_Medios_2026.pdf"
2023,Diario de Cádiz,0.1,"AIMC, Marco General de los Medios en España 2026, pág. 50 «Evolución de la audiencia de diarios (papel+visor digital) por título 2009-2025» (EGM): https://www.aimc.es/a1mc-c0nt3nt/uploads/2026/02/Marco_General_Medios_2026.pdf"
2024,Diario de Cádiz,0.1,"AIMC, Marco General de los Medios en España 2026, pág. 50 «Evolución de la audiencia de diarios (papel+visor digital) por título 2009-2025» (EGM): https://www.aimc.es/a1mc-c0nt3nt/uploads/2026/02/Marco_General_Medios_2026.pdf"
2025,Diario de Cádiz,0.1,"AIMC, Marco General de los Medios en España 2026, pág. 50 «Evolución de la audiencia de diarios (papel+visor digital) por título 2009-2025» (EGM): https://www.aimc.es/a1mc-c0nt3nt/uploads/2026/02/Marco_General_Medios_2026.pdf"
2009,El Correo Gallego,0.2,"AIMC, Marco General de los Medios en España 2026, pág. 50 «Evolución de la audiencia de diarios (papel+visor digital) por título 2009-2025» (EGM): https://www.aimc.es/a1mc-c0nt3nt/uploads/2026/02/Marco_General_Medios_2026.pdf"
2010,El Correo Gallego,0.2,"AIMC, Marco General de los Medios en España 2026, pág. 50 «Evolución de la audiencia de diarios (papel+visor digital) por título 2009-2025» (EGM): https://www.aimc.es/a1mc-c0nt3nt/uploads/2026/02/Marco_General_Medios_2026.pdf"
2011,El Correo Gallego,0.2,"AIMC, Marco General de los Medios en España 2026, pág. 50 «Evolución de la audiencia de diarios (papel+visor digital) por título 2009-2025» (EGM): https://www.aimc.es/a1mc-c0nt3nt/uploads/2026/02/Marco_General_Medios_2026.pdf"
2012,El Correo Gallego,0.2,"AIMC, Marco General de los Medios en España 2026, pág. 50 «Evolución de la audiencia de diarios (papel+visor digital) por título 2009-2025» (EGM): https://www.aimc.es/a1mc-c0nt3nt/uploads/2026/02/Marco_General_Medios_2026.pdf"
2013,El Correo Gallego,0.2,"AIMC, Marco General de los Medios en España 2026, pág. 50 «Evolución de la audiencia de diarios (papel+visor digital) por título 2009-2025» (EGM): https://www.aimc.es/a1mc-c0nt3nt/uploads/2026/02/Marco_General_Medios_2026.pdf"
2014,El Correo Gallego,0.2,"AIMC, Marco General de los Medios en España 2026, pág. 50 «Evolución de la audiencia de diarios (papel+visor digital) por título 2009-2025» (EGM): https://www.aimc.es/a1mc-c0nt3nt/uploads/2026/02/Marco_General_Medios_2026.pdf"
2015,El Correo Gallego,0.1,"AIMC, Marco General de los Medios en España 2026, pág. 50 «Evolución de la audiencia de diarios (papel+visor digital) por título 2009-2025» (EGM): https://www.aimc.es/a1mc-c0nt3nt/uploads/2026/02/Marco_General_Medios_2026.pdf"
2016,El Correo Gallego,0.2,"AIMC, Marco General de los Medios en España 2026, pág. 50 «Evolución de la audiencia de diarios (papel+visor digital) por título 2009-2025» (EGM): https://www.aimc.es/a1mc-c0nt3nt/uploads/2026/02/Marco_General_Medios_2026.pdf"
2017,El Correo Gallego,0.2,"AIMC, Marco General de los Medios en España 2026, pág. 50 «Evolución de la audiencia de diarios (papel+visor digital) por título 2009-2025» (EGM): https://www.aimc.es/a1mc-c0nt3nt/uploads/2026/02/Marco_General_Medios_2026.pdf"
2018,El Correo Gallego,0.1,"AIMC, Marco General de los Medios en España 2026, pág. 50 «Evolución de la audiencia de diarios (papel+visor digital) por título 2009-2025» (EGM): https://www.aimc.es/a1mc-c0nt3nt/uploads/2026/02/Marco_General_Medios_2026.pdf"
2019,El Correo Gallego,0.1,"AIMC, Marco General de los Medios en España 2026, pág. 50 «Evolución de la audiencia de diarios (papel+visor digital) por título 2009-2025» (EGM): https://www.aimc.es/a1mc-c0nt3nt/uploads/2026/02/Marco_General_Medios_2026.pdf"
2020,El Correo Gallego,0.1,"AIMC, Marco General de los Medios en España 2026, pág. 50 «Evolución de la audiencia de diarios (papel+visor digital) por título 2009-2025» (EGM): https://www.aimc.es/a1mc-c0nt3nt/uploads/2026/02/Marco_General_Medios_2026.pdf"
2021,El Correo Gallego,0.1,"AIMC, Marco General de los Medios en España 2026, pág. 50 «Evolución de la audiencia de diarios (papel+visor digital) por título 2009-2025» (EGM): https://www.aimc.es/a1mc-c0nt3nt/uploads/2026/02/Marco_General_Medios_2026.pdf"
2022,El Correo Gallego,0.1,"AIMC, Marco General de los Medios en España 2026, pág. 50 «Evolución de la audiencia de diarios (papel+visor digital) por título 2009-2025» (EGM): https://www.aimc.es/a1mc-c0nt3nt/uploads/2026/02/Marco_General_Medios_2026.pdf"
2023,El Correo Gallego,0.1,"AIMC, Marco General de los Medios en España 2026, pág. 50 «Evolución de la audiencia de diarios (papel+visor digital) por título 2009-2025» (EGM): https://www.aimc.es/a1mc-c0nt3nt/uploads/2026/02/Marco_General_Medios_2026.pdf"
2024,El Correo Gallego,0.1,"AIMC, Marco General de los Medios en España 2026, pág. 50 «Evolución de la audiencia de diarios (papel+visor digital) por título 2009-2025» (EGM): https://www.aimc.es/a1mc-c0nt3nt/uploads/2026/02/Marco_General_Medios_2026.pdf"
2025,El Correo Gallego,0.1,"AIMC, Marco General de los Medios en España 2026, pág. 50 «Evolución de la audiencia de diarios (papel+visor digital) por título 2009-2025» (EGM): https://www.aimc.es/a1mc-c0nt3nt/uploads/2026/02/Marco_General_Medios_2026.pdf"
2009,Deia,0.2,"AIMC, Marco General de los Medios en España 2026, pág. 50 «Evolución de la audiencia de diarios (papel+visor digital) por título 2009-2025» (EGM): https://www.aimc.es/a1mc-c0nt3nt/uploads/2026/02/Marco_General_Medios_2026.pdf"
2010,Deia,0.2,"AIMC, Marco General de los Medios en España 2026, pág. 50 «Evolución de la audiencia de diarios (papel+visor digital) por título 2009-2025» (EGM): https://www.aimc.es/a1mc-c0nt3nt/uploads/2026/02/Marco_General_Medios_2026.pdf"
2011,Deia,0.3,"AIMC, Marco General de los Medios en España 2026, pág. 50 «Evolución de la audiencia de diarios (papel+visor digital) por título 2009-2025» (EGM): https://www.aimc.es/a1mc-c0nt3nt/uploads/2026/02/Marco_General_Medios_2026.pdf"
2012,Deia,0.2,"AIMC, Marco General de los Medios en España 2026, pág. 50 «Evolución de la audiencia de diarios (papel+visor digital) por título 2009-2025» (EGM): https://www.aimc.es/a1mc-c0nt3nt/uploads/2026/02/Marco_General_Medios_2026.pdf"
2013,Deia,0.2,"AIMC, Marco General de los Medios en España 2026, pág. 50 «Evolución de la audiencia de diarios (papel+visor digital) por título 2009-2025» (EGM): https://www.aimc.es/a1mc-c0nt3nt/uploads/2026/02/Marco_General_Medios_2026.pdf"
2014,Deia,0.2,"AIMC, Marco General de los Medios en España 2026, pág. 50 «Evolución de la audiencia de diarios (papel+visor digital) por título 2009-2025» (EGM): https://www.aimc.es/a1mc-c0nt3nt/uploads/2026/02/Marco_General_Medios_2026.pdf"
2015,Deia,0.2,"AIMC, Marco General de los Medios en España 2026, pág. 50 «Evolución de la audiencia de diarios (papel+visor digital) por título 2009-2025» (EGM): https://www.aimc.es/a1mc-c0nt3nt/uploads/2026/02/Marco_General_Medios_2026.pdf"
2016,Deia,0.2,"AIMC, Marco General de los Medios en España 2026, pág. 50 «Evolución de la audiencia de diarios (papel+visor digital) por título 2009-2025» (EGM): https://www.aimc.es/a1mc-c0nt3nt/uploads/2026/02/Marco_General_Medios_2026.pdf"
2017,Deia,0.2,"AIMC, Marco General de los Medios en España 2026, pág. 50 «Evolución de la audiencia de diarios (papel+visor digital) por título 2009-2025» (EGM): https://www.aimc.es/a1mc-c0nt3nt/uploads/2026/02/Marco_General_Medios_2026.pdf"
2018,Deia,0.2,"AIMC, Marco General de los Medios en España 2026, pág. 50 «Evolución de la audiencia de diarios (papel+visor digital) por título 2009-2025» (EGM): https://www.aimc.es/a1mc-c0nt3nt/uploads/2026/02/Marco_General_Medios_2026.pdf"
2019,Deia,0.1,"AIMC, Marco General de los Medios en España 2026, pág. 50 «Evolución de la audiencia de diarios (papel+visor digital) por título 2009-2025» (EGM): https://www.aimc.es/a1mc-c0nt3nt/uploads/2026/02/Marco_General_Medios_2026.pdf"
2020,Deia,0.1,"AIMC, Marco General de los Medios en España 2026, pág. 50 «Evolución de la audiencia de diarios (papel+visor digital) por título 2009-2025» (EGM): https://www.aimc.es/a1mc-c0nt3nt/uploads/2026/02/Marco_General_Medios_2026.pdf"
2021,Deia,0.1,"AIMC, Marco General de los Medios en España 2026, pág. 50 «Evolución de la audiencia de diarios (papel+visor digital) por título 2009-2025» (EGM): https://www.aimc.es/a1mc-c0nt3nt/uploads/2026/02/Marco_General_Medios_2026.pdf"
2022,Deia,0.1,"AIMC, Marco General de los Medios en España 2026, pág. 50 «Evolución de la audiencia de diarios (papel+visor digital) por título 2009-2025» (EGM): https://www.aimc.es/a1mc-c0nt3nt/uploads/2026/02/Marco_General_Medios_2026.pdf"
2023,Deia,0.1,"AIMC, Marco General de los Medios en España 2026, pág. 50 «Evolución de la audiencia de diarios (papel+visor digital) por título 2009-2025» (EGM): https://www.aimc.es/a1mc-c0nt3nt/uploads/2026/02/Marco_General_Medios_2026.pdf"
2024,Deia,0.1,"AIMC, Marco General de los Medios en España 2026, pág. 50 «Evolución de la audiencia de diarios (papel+visor digital) por título 2009-2025» (EGM): https://www.aimc.es/a1mc-c0nt3nt/uploads/2026/02/Marco_General_Medios_2026.pdf"
2025,Deia,0.1,"AIMC, Marco General de los Medios en España 2026, pág. 50 «Evolución de la audiencia de diarios (papel+visor digital) por título 2009-2025» (EGM): https://www.aimc.es/a1mc-c0nt3nt/uploads/2026/02/Marco_General_Medios_2026.pdf"
2009,Córdoba,0.3,"AIMC, Marco General de los Medios en España 2026, pág. 50 «Evolución de la audiencia de diarios (papel+visor digital) por título 2009-2025» (EGM): https://www.aimc.es/a1mc-c0nt3nt/uploads/2026/02/Marco_General_Medios_2026.pdf"
2010,Córdoba,0.2,"AIMC, Marco General de los Medios en España 2026, pág. 50 «Evolución de la audiencia de diarios (papel+visor digital) por título 2009-2025» (EGM): https://www.aimc.es/a1mc-c0nt3nt/uploads/2026/02/Marco_General_Medios_2026.pdf"
2011,Córdoba,0.3,"AIMC, Marco General de los Medios en España 2026, pág. 50 «Evolución de la audiencia de diarios (papel+visor digital) por título 2009-2025» (EGM): https://www.aimc.es/a1mc-c0nt3nt/uploads/2026/02/Marco_General_Medios_2026.pdf"
2012,Córdoba,0.3,"AIMC, Marco General de los Medios en España 2026, pág. 50 «Evolución de la audiencia de diarios (papel+visor digital) por título 2009-2025» (EGM): https://www.aimc.es/a1mc-c0nt3nt/uploads/2026/02/Marco_General_Medios_2026.pdf"
2013,Córdoba,0.3,"AIMC, Marco General de los Medios en España 2026, pág. 50 «Evolución de la audiencia de diarios (papel+visor digital) por título 2009-2025» (EGM): https://www.aimc.es/a1mc-c0nt3nt/uploads/2026/02/Marco_General_Medios_2026.pdf"
2014,Córdoba,0.2,"AIMC, Marco General de los Medios en España 2026, pág. 50 «Evolución de la audiencia de diarios (papel+visor digital) por título 2009-2025» (EGM): https://www.aimc.es/a1mc-c0nt3nt/uploads/2026/02/Marco_General_Medios_2026.pdf"
2015,Córdoba,0.2,"AIMC, Marco General de los Medios en España 2026, pág. 50 «Evolución de la audiencia de diarios (papel+visor digital) por título 2009-2025» (EGM): https://www.aimc.es/a1mc-c0nt3nt/uploads/2026/02/Marco_General_Medios_2026.pdf"
2016,Córdoba,0.2,"AIMC, Marco General de los Medios en España 2026, pág. 50 «Evolución de la audiencia de diarios (papel+visor digital) por título 2009-2025» (EGM): https://www.aimc.es/a1mc-c0nt3nt/uploads/2026/02/Marco_General_Medios_2026.pdf"
2017,Córdoba,0.2,"AIMC, Marco General de los Medios en España 2026, pág. 50 «Evolución de la audiencia de diarios (papel+visor digital) por título 2009-2025» (EGM): https://www.aimc.es/a1mc-c0nt3nt/uploads/2026/02/Marco_General_Medios_2026.pdf"
2018,Córdoba,0.2,"AIMC, Marco General de los Medios en España 2026, pág. 50 «Evolución de la audiencia de diarios (papel+visor digital) por título 2009-2025» (EGM): https://www.aimc.es/a1mc-c0nt3nt/uploads/2026/02/Marco_General_Medios_2026.pdf"
2019,Córdoba,0.1,"AIMC, Marco General de los Medios en España 2026, pág. 50 «Evolución de la audiencia de diarios (papel+visor digital) por título 2009-2025» (EGM): https://www.aimc.es/a1mc-c0nt3nt/uploads/2026/02/Marco_General_Medios_2026.pdf"
2020,Córdoba,0.1,"AIMC, Marco General de los Medios en España 2026, pág. 50 «Evolución de la audiencia de diarios (papel+visor digital) por título 2009-2025» (EGM): https://www.aimc.es/a1mc-c0nt3nt/uploads/2026/02/Marco_General_Medios_2026.pdf"
2021,Córdoba,0.1,"AIMC, Marco General de los Medios en España 2026, pág. 50 «Evolución de la audiencia de diarios (papel+visor digital) por título 2009-2025» (EGM): https://www.aimc.es/a1mc-c0nt3nt/uploads/2026/02/Marco_General_Medios_2026.pdf"
2022,Córdoba,0.1,"AIMC, Marco General de los Medios en España 2026, pág. 50 «Evolución de la audiencia de diarios (papel+visor digital) por título 2009-2025» (EGM): https://www.aimc.es/a1mc-c0nt3nt/uploads/2026/02/Marco_General_Medios_2026.pdf"
2023,Córdoba,0.1,"AIMC, Marco General de los Medios en España 2026, pág. 50 «Evolución de la audiencia de diarios (papel+visor digital) por título 2009-2025» (EGM): https://www.aimc.es/a1mc-c0nt3nt/uploads/2026/02/Marco_General_Medios_2026.pdf"
2024,Córdoba,0.1,"AIMC, Marco General de los Medios en España 2026, pág. 50 «Evolución de la audiencia de diarios (papel+visor digital) por título 2009-2025» (EGM): https://www.aimc.es/a1mc-c0nt3nt/uploads/2026/02/Marco_General_Medios_2026.pdf"
2025,Córdoba,0.1,"AIMC, Marco General de los Medios en España 2026, pág. 50 «Evolución de la audiencia de diarios (papel+visor digital) por título 2009-2025» (EGM): https://www.aimc.es/a1mc-c0nt3nt/uploads/2026/02/Marco_General_Medios_2026.pdf"
